campaign,id,arm,event,row,family,vehicle,activity,rhs,start_activity,violation,repeat_submission,api_return,process_seconds
development01,F2,EVENT-STRUCT,2,0,B_EXACT,1,6,5,3,1,0,0,5.3154399000000003
development01,F2,EVENT-STRUCT,2,1,B_THRESHOLD,1,6,5,3,1,0,0,5.3155014999999999
development01,F2,EVENT-STRUCT,4,2,FULL,1,6.0000000000000098,5,1,1.0000000000000098,0,0,5.5979083000000003
development01,F2,EVENT-STRUCT,5,3,B_EXACT,0,6,5,0,1,0,0,9.0631391000000008
development01,F2,EVENT-STRUCT,5,4,B_THRESHOLD,0,6,5,1,1,0,0,9.0631699999999995
development01,F2,EVENT-STRUCT,6,5,B_EXACT,0,6,5,1,1,0,0,9.2634439999999998
development01,F2,EVENT-STRUCT,6,6,B_THRESHOLD,0,6,5,1,1,0,0,9.2634699000000005
development01,F2,EVENT-STRUCT,7,7,FULL,0,6,5,1,1,0,0,24.129284699999999
development01,F2,EVENT-STRUCT,8,8,B_EXACT,0,6,5,3,1,0,0,24.2265388
development01,F2,EVENT-STRUCT,8,9,B_THRESHOLD,0,6,5,3,1,0,0,24.226562600000001
development01,F2,EVENT-STRUCT,9,10,FULL,0,8,7,1,1,0,0,24.5684431
development01,F2,EVENT-STRUCT,10,11,FULL,0,8,7,1,1,0,0,24.751317100000001
development01,F2,EVENT-STRUCT,11,12,FULL,0,8,7,1,1,0,0,24.924106800000001
development01,F2,EVENT-STRUCT,12,13,FULL,0,8,7,1,1,0,0,25.117739499999999
development01,F2,EVENT-STRUCT,13,14,B_EXACT,1,6,5,2,1,0,0,28.8114326
development01,F2,EVENT-STRUCT,13,15,B_THRESHOLD,1,6,5,3,1,0,0,28.8114588
development01,F2,EVENT-STRUCT,14,16,B_EXACT,1,6,5,2,1,0,0,38.286886600000003
development01,F2,EVENT-STRUCT,14,17,B_THRESHOLD,1,6,5,3,1,0,0,38.286909700000002
development01,F2,EVENT-STRUCT,15,18,B_EXACT,1,6,5,3,1,0,0,60.926162300000001
development01,F2,EVENT-STRUCT,15,19,B_THRESHOLD,1,6,5,3,1,0,0,60.926185599999997
development01,F2,EVENT-STRUCT,16,20,FULL,0,10,9,-1,1,0,0,63.075206600000001
development01,F2,EVENT-STRUCT,17,21,FULL,0,10,9,-1,1,0,0,63.112325499999997
development01,F2,EVENT-STRUCT,18,22,B_EXACT,1,6,5,2,1,0,0,70.642904999999999
development01,F2,EVENT-STRUCT,18,23,B_THRESHOLD,1,6,5,3,1,0,0,70.642941399999998
development01,F2,EVENT-STRUCT,19,24,FULL,0,9.9999999999999982,9,-1,0.99999999999999822,0,0,77.861212499999993
development01,F2,EVENT-STRUCT,20,25,B_EXACT,1,6,5,2,1,0,0,78.803231100000005
development01,F2,EVENT-STRUCT,20,26,B_THRESHOLD,1,6,5,3,1,0,0,78.803256200000007
development01,F2,EVENT-STRUCT,21,27,FULL,1,6,5,1,1,0,0,79.103820099999993
development01,F2,EVENT-STRUCT,22,28,B_EXACT,1,6,5,2,1,0,0,80.840941599999994
development01,F2,EVENT-STRUCT,22,29,B_THRESHOLD,1,6,5,3,1,0,0,80.843996500000003
development01,F2,EVENT-STRUCT,23,30,FULL,1,7.9999999999999982,7,5,0.99999999999999822,0,0,83.459754099999998
development01,F2,EVENT-STRUCT,24,31,FULL,1,7.9999999999999982,7,5,0.99999999999999822,0,0,83.503439999999998
development01,F2,EVENT-STRUCT,25,32,FULL,1,8,7,6,1,0,0,83.545705400000003
development01,F2,EVENT-STRUCT,26,33,B_EXACT,0,6,5,2,1,0,0,83.832600799999994
development01,F2,EVENT-STRUCT,26,34,B_THRESHOLD,0,6,5,3,1,0,0,83.832620500000004
development01,F2,EVENT-STRUCT,27,35,FULL,0,6,5,0,1,0,0,109.4582542
development01,F2,EVENT-STRUCT,28,36,FULL,1,8.000000000000016,7,2,1.000000000000016,0,0,110.31443489999999
development01,F2,EVENT-STRUCT,29,37,FULL,1,8,7,3,1,0,0,110.3456312
development01,F2,EVENT-STRUCT,30,38,FULL,0,9.9999999999999964,9,1,0.99999999999999645,0,0,123.74354820000001
development01,F2,EVENT-STRUCT,31,39,FULL,0,10,9,1,1,0,0,123.77556730000001
development01,F2,EVENT-STRUCT,32,40,B_EXACT,1,5.9999999999999991,5,1,0.99999999999999911,0,0,125.0183519
development01,F2,EVENT-STRUCT,32,41,B_THRESHOLD,1,5.9999999999999991,5,1,0.99999999999999911,0,0,125.0183844
development01,F2,EVENT-STRUCT,33,42,FULL,0,10,9,0,1,0,0,178.32265190000001
development01,F2,EVENT-STRUCT,34,43,FULL,0,10,9,0,1,0,0,178.3742877
development01,F2,EVENT-STRUCT,35,44,FULL,0,8,7,0,1,0,0,190.58887429999999
development01,F2,EVENT-STRUCT,36,45,FULL,0,8,7,0,1,0,0,191.44145649999999
development01,F2,EVENT-STRUCT,37,46,FULL,0,8,7,0,1,0,0,191.73053379999999
development01,F2,EVENT-STRUCT,38,47,FULL,0,8,7,0,1,0,0,191.9188341
development01,F2,EVENT-STRUCT,39,48,B_EXACT,1,5.9999999999999929,5,2,0.99999999999999289,0,0,222.7077122
development01,F2,EVENT-STRUCT,39,49,B_THRESHOLD,1,5.9999999999999929,5,3,0.99999999999999289,0,0,222.7077357
development01,F2,EVENT-STRUCT,40,50,FULL,1,6,5,0,1,0,0,267.40455900000001
development01,F2,EVENT-STRUCT,41,51,FULL,0,10,9,-2,1,0,0,326.18700269999999
development01,F2,EVENT-STRUCT,42,52,FULL,0,9.9999999999999982,9,-1,0.99999999999999822,0,0,326.23133990000002
development01,F2,EVENT-STRUCT,43,53,FULL,0,10.000000000000002,9,-2,1.0000000000000018,0,0,326.26495770000002
development01,F2,EVENT-STRUCT,44,54,FULL,0,10,9,-2,1,0,0,326.29892039999999
development01,F2,EVENT-STRUCT,45,55,FULL,0,10,9,-2,1,0,0,326.33212939999999
development01,F2,EVENT-STRUCT,46,56,FULL,0,10,9,-2,1,0,0,326.36777840000002
development01,F2,EVENT-STRUCT,47,57,FULL,0,8,7,0,1,0,0,389.73879140000003
development01,F2,EVENT-STRUCT,48,58,FULL,0,7.9999999999999352,7,-3,0.99999999999993516,0,0,400.91489209999997
development01,F2,EVENT-STRUCT,49,59,B_EXACT,1,6,5,0,1,0,0,400.92899610000001
development01,F2,EVENT-STRUCT,49,60,B_THRESHOLD,1,6,5,0,1,0,0,400.92901699999999
development01,F2,EVENT-STRUCT,50,61,FULL,0,10,9,-2,1,0,0,404.13916460000002
development01,F2,EVENT-STRUCT,51,62,FULL,0,10,9,-2,1,0,0,404.17465829999998
development01,F2,EVENT-STRUCT,52,63,FULL,0,10,9,-2,1,0,0,404.20933769999999
development01,F2,EVENT-STRUCT,53,64,FULL,0,9.9999999999999947,9,-2,0.99999999999999467,0,0,404.24270610000002
development01,F2,EVENT-STRUCT,54,65,FULL,0,7.9999999999999947,7,-4,0.99999999999999467,0,0,458.10898150000003
development01,F2,EVENT-STRUCT,55,66,FULL,1,8,7,0,1,0,0,472.55308280000003
development01,F2,EVENT-STRUCT,56,67,FULL,1,8,7,0,1,0,0,472.63046159999999
development01,F2,EVENT-STRUCT,57,68,FULL,1,8,7,0,1,0,0,472.67013459999998
development01,F2,EVENT-STRUCT,58,69,FULL,1,8,7,0,1,0,0,472.70520119999998
development01,F2,EVENT-STRUCT,59,70,FULL,1,8,7,0,1,0,0,472.73643249999998
development01,F2,EVENT-STRUCT,60,71,FULL,0,9.9999999999999982,9,0,0.99999999999999822,0,0,478.82179830000001
development01,F2,EVENT-STRUCT,61,72,FULL,0,10,9,0,1,0,0,478.8677237
development01,F2,EVENT-STRUCT,62,73,FULL,0,10,9,0,1,0,0,478.91410109999998
development01,F2,EVENT-STRUCT,63,74,FULL,0,9.9999999999999982,9,1,0.99999999999999822,0,0,478.9595468
development01,F2,EVENT-STRUCT,64,75,FULL,0,9.9999999999999911,9,0,0.99999999999999112,0,0,479.00459510000002
development01,F2,EVENT-STRUCT,65,76,FULL,0,8,7,-3,1,0,0,487.4703624
development01,F2,EVENT-STRUCT,66,77,FULL,1,7.9999999999999858,7,2,0.99999999999998579,0,0,595.43472789999998
development01,F2,EVENT-STRUCT,67,78,FULL,1,8.0000000000000107,7,2,1.0000000000000107,0,0,595.46631290000005
development01,F2,EVENT-STRUCT,68,79,FULL,0,10,9,-4,1,0,0,613.07630029999996
development01,F2,EVENT-STRUCT,69,80,FULL,0,10,9,-4,1,0,0,613.11716879999994
development01,F2,EVENT-STRUCT,70,81,FULL,0,10,9,1,1,0,0,663.20233940000003
development01,F2,EVENT-STRUCT,71,82,FULL,0,10.000000000000002,9,1,1.0000000000000018,0,0,663.2363871
development01,F2,EVENT-STRUCT,72,83,FULL,0,10,9,0,1,0,0,676.29120369999998
development01,F2,EVENT-STRUCT,73,84,FULL,0,10,9,0,1,0,0,676.33305670000004
development01,F2,EVENT-STRUCT,74,85,FULL,0,10,9,0,1,0,0,676.379591
development01,F2,EVENT-STRUCT,75,86,FULL,0,10.000000000000004,9,0,1.0000000000000036,0,0,676.42293089999998
development01,F2,EVENT-STRUCT,76,87,FULL,0,10.000000000000002,9,0,1.0000000000000018,0,0,676.4569808
development01,F2,EVENT-STRUCT,77,88,FULL,0,10.000000000000002,9,0,1.0000000000000018,0,0,676.50242409999998
development01,F2,EVENT-STRUCT,78,89,FULL,0,10,9,0,1,0,0,676.54735640000001
development01,F2,EVENT-STRUCT,79,90,FULL,0,12.000000000000004,11,-4,1.0000000000000036,0,0,682.20910690000005
development01,F2,EVENT-STRUCT,80,91,FULL,0,12,11,-3,1,0,0,682.2426835
development01,F2,EVENT-STRUCT,81,92,B_EXACT,1,5.9999999999999982,5,2,0.99999999999999822,0,0,727.80322990000002
development01,F2,EVENT-STRUCT,81,93,B_THRESHOLD,1,5.9999999999999991,5,3,0.99999999999999911,0,0,727.80325379999999
development01,F2,EVENT-STRUCT,82,94,B_EXACT,1,5.9999999999999991,5,2,0.99999999999999911,0,0,727.80983649999996
development01,F2,EVENT-STRUCT,82,95,B_THRESHOLD,1,6,5,3,1,0,0,727.80986040000005
development01,F2,EVENT-STRUCT,83,96,FULL,0,10,9,-2,1,0,0,791.05731739999999
development01,F2,EVENT-STRUCT,84,97,FULL,0,10.000000000000002,9,-2,1.0000000000000018,0,0,791.09753360000002
development01,F2,EVENT-STRUCT,85,98,FULL,0,10,9,-2,1,0,0,791.13399230000005
development01,F2,EVENT-STRUCT,86,99,FULL,0,9.9999999999999964,9,-1,0.99999999999999645,0,0,821.18571880000002
development01,F2,EVENT-STRUCT,87,100,FULL,0,10,9,-2,1,0,0,886.16729610000004
development01,F2,EVENT-STRUCT,88,101,FULL,0,10,9,-2,1,0,0,886.22105239999996
development01,F2,EVENT-STRUCT,89,102,FULL,0,10,9,-2,1,0,0,886.27156379999997
development01,F2,EVENT-STRUCT,90,103,FULL,0,10,9,-2,1,0,0,886.32164639999996
development01,F2,EVENT-STRUCT,91,104,FULL,0,9.9999999999999929,9,-2,0.99999999999999289,0,0,886.37577959999999
development01,F2,EVENT-STRUCT,92,105,FULL,0,10,9,-2,1,0,0,886.42518600000005
development01,F2,EVENT-STRUCT,93,106,FULL,0,10,9,0,1,0,0,955.71815849999996
development01,F2,EVENT-STRUCT,94,107,FULL,0,10,9,0,1,0,0,955.76282990000004
development01,F2,EVENT-STRUCT,95,108,FULL,0,10,9,0,1,0,0,955.82524049999995
development01,F2,EVENT-STRUCT,97,109,FULL,1,6,5,0,1,0,0,1081.6306652999999
development01,F2,EVENT-STRUCT,98,110,FULL,1,5.9999999999999991,5,0,0.99999999999999911,0,0,1082.1980489
development01,F2,EVENT-STRUCT,99,111,FULL,0,8,7,0,1,0,0,1090.2195912
development01,F2,EVENT-STRUCT,100,112,FULL,0,9.9999999999999982,9,-1,0.99999999999999822,0,0,1128.2407571000001
development01,F2,EVENT-STRUCT,101,113,FULL,0,11.999999999999996,11,2,0.99999999999999645,0,0,1156.1782009999999
development01,F2,EVENT-STRUCT,102,114,FULL,0,12,11,2,1,0,0,1156.2389510999999
development01,F2,EVENT-STRUCT,103,115,FULL,0,12,11,3,1,0,0,1156.2805957999999
development01,F2,EVENT-STRUCT,104,116,FULL,0,12,11,2,1,0,0,1156.3114292
development01,R98-C2,EVENT-FULL,2,0,FULL,0,18,17,11,1,0,0,14.612583600000001
development01,R98-C2,EVENT-FULL,3,1,FULL,0,18,17,12,1,0,0,14.6968716
development01,R98-C2,EVENT-FULL,4,2,FULL,0,18,17,12,1,0,0,14.8325361
development01,R98-C2,EVENT-FULL,5,3,FULL,0,18,17,11,1,0,0,14.952928399999999
development01,R98-C2,EVENT-FULL,6,4,FULL,0,18,17,11,1,0,0,15.215802
development01,R98-C2,EVENT-FULL,7,5,FULL,0,18,17,11,1,0,0,15.282342099999999
development01,R98-C2,EVENT-FULL,8,6,FULL,0,18,17,11,1,0,0,15.657572399999999
development01,R98-C2,EVENT-FULL,9,7,FULL,0,18,17,11,1,0,0,20.765481000000001
development01,R98-C2,EVENT-FULL,10,8,FULL,0,22,21,17,1,0,0,21.053249900000001
development01,R98-C2,EVENT-FULL,11,9,FULL,0,20,19,11,1,0,0,21.481892500000001
development01,R98-C2,EVENT-FULL,12,10,FULL,0,24,23,18,1,0,0,25.863285099999999
development01,R98-C2,EVENT-FULL,13,11,FULL,0,24,23,17,1,0,0,25.929660299999998
development01,R98-C2,EVENT-FULL,14,12,FULL,1,16,15,14,1,0,0,26.4422338
development01,R98-C2,EVENT-FULL,15,13,FULL,0,20,19,10,1,0,0,28.93777
development01,R98-C2,EVENT-FULL,16,14,FULL,0,20,19,7,1,0,0,29.133980699999999
development01,R98-C2,EVENT-FULL,17,15,FULL,0,20,19,8,1,0,0,29.6254673
development01,R98-C2,EVENT-FULL,18,16,FULL,0,22,21,11,1,0,0,31.3069703
development01,R98-C2,EVENT-FULL,19,17,FULL,0,20,19,7,1,0,0,31.408832199999999
development01,R98-C2,EVENT-FULL,20,18,FULL,0,22,21,7,1,0,0,31.697734100000002
development01,R98-C2,EVENT-FULL,21,19,FULL,0,22,21,21,1,0,0,33.6062577
development01,R98-C2,EVENT-FULL,22,20,FULL,0,18,17,12,1,0,0,33.748603899999999
development01,R98-C2,EVENT-FULL,23,21,FULL,0,20,19,14,1,0,0,34.2893902
development01,R98-C2,EVENT-FULL,24,22,FULL,0,18,17,13,1,0,0,34.3674617
development01,R98-C2,EVENT-FULL,25,23,FULL,0,22,21,11,1,0,0,34.704245999999998
development01,R98-C2,EVENT-FULL,26,24,FULL,0,20,19,10,1,0,0,34.853760200000004
development01,R98-C2,EVENT-FULL,27,25,FULL,0,22,21,12,1,0,0,35.256467200000003
development01,R98-C2,EVENT-FULL,28,26,FULL,0,22,21,12,1,0,0,35.365391799999998
development01,R98-C2,EVENT-FULL,29,27,FULL,0,18,17,7,1,0,0,35.713090299999998
development01,R98-C2,EVENT-FULL,30,28,FULL,0,22,21,8,1,0,0,36.307600700000002
development01,R98-C2,EVENT-FULL,31,29,FULL,0,22,21,1,1,0,0,39.653938699999998
development01,R98-C2,EVENT-FULL,32,30,FULL,0,22.000000000000007,21,1,1.0000000000000071,0,0,39.740836600000002
development01,R98-C2,EVENT-FULL,33,31,FULL,0,22,21,0,1,0,0,39.7980965
development01,R98-C2,EVENT-FULL,34,32,FULL,0,22,21,-2,1,0,0,39.947740400000001
development01,R98-C2,EVENT-FULL,35,33,FULL,0,22,21,-1,1,0,0,40.021653700000002
development01,R98-C2,EVENT-FULL,36,34,FULL,0,20,19,13,1,0,0,42.856758800000001
development01,R98-C2,EVENT-FULL,37,35,FULL,0,20,19,13,1,0,0,42.919043500000001
development01,R98-C2,EVENT-FULL,38,36,FULL,0,20,19,11,1,0,0,43.071382900000003
development01,R98-C2,EVENT-FULL,39,37,FULL,0,20,19,9,1,0,0,43.540342000000003
development01,R98-C2,EVENT-FULL,40,38,FULL,0,18,17,4,1,0,0,43.817661399999999
development01,R98-C2,EVENT-FULL,41,39,FULL,0,24,23,22,1,0,0,47.108557099999999
development01,R98-C2,EVENT-FULL,42,40,FULL,0,26,25,21,1,0,0,47.507763199999999
development01,R98-C2,EVENT-FULL,43,41,FULL,0,20,19,9,1,0,0,47.681908700000001
development01,R98-C2,EVENT-FULL,44,42,FULL,0,22,21,12,1,0,0,48.619752099999999
development01,R98-C2,EVENT-FULL,45,43,FULL,0,20,19,10,1,0,0,48.846279299999999
development01,R98-C2,EVENT-FULL,46,44,FULL,0,20,19,8,1,0,0,50.608925499999998
development01,R98-C2,EVENT-FULL,47,45,FULL,0,22,21,20,1,0,0,54.7116732
development01,R98-C2,EVENT-FULL,48,46,FULL,0,16,15,7,1,0,0,54.904333999999999
development01,R98-C2,EVENT-FULL,49,47,FULL,0,18,17,9,1,0,0,55.113301800000002
development01,R98-C2,EVENT-FULL,50,48,FULL,0,20,19,12,1,0,0,55.236091000000002
development01,R98-C2,EVENT-FULL,51,49,FULL,0,20,19,9,1,0,0,55.379826399999999
development01,R98-C2,EVENT-FULL,52,50,FULL,0,16,15,3,1,0,0,60.11739
development01,R98-C2,EVENT-FULL,53,51,FULL,0,16,15,3,1,0,0,60.1831873
development01,R98-C2,EVENT-FULL,54,52,FULL,0,15.999999999999996,15,3,0.99999999999999645,0,0,60.246628800000003
development01,R98-C2,EVENT-FULL,55,53,FULL,0,15.999999999999998,15,3,0.99999999999999822,0,0,60.315490699999998
development01,R98-C2,EVENT-FULL,56,54,FULL,0,16,15,2,1,0,0,60.379043500000002
development01,R98-C2,EVENT-FULL,57,55,FULL,0,15.999999999999998,15,2,0.99999999999999822,0,0,60.446331600000001
development01,R98-C2,EVENT-FULL,58,56,FULL,0,15.999999999999998,15,3,0.99999999999999822,0,0,60.527518499999999
development01,R98-C2,EVENT-FULL,59,57,FULL,0,16,15,3,1,0,0,60.5945009
development01,R98-C2,EVENT-FULL,60,58,FULL,0,22,21,21,1,0,0,62.464193799999997
development01,R98-C2,EVENT-FULL,61,59,FULL,0,22,21,19,1,0,0,63.061975500000003
development01,R98-C2,EVENT-FULL,62,60,FULL,0,22,21,15,1,0,0,63.226171000000001
development01,R98-C2,EVENT-FULL,63,61,FULL,0,18,17,9,1,0,0,63.778169599999998
development01,R98-C2,EVENT-FULL,64,62,FULL,0,18,17,5,1,0,0,64.006791899999996
development01,R98-C2,EVENT-FULL,65,63,FULL,0,18,17,6,1,0,0,64.187622399999995
development01,R98-C2,EVENT-FULL,66,64,FULL,0,18,17,7,1,0,0,64.6815541
development01,R98-C2,EVENT-FULL,67,65,FULL,0,22,21,11,1,0,0,75.130118999999993
development01,R98-C2,EVENT-FULL,68,66,FULL,0,22,21,10,1,0,0,75.3543229
development01,R98-C2,EVENT-FULL,69,67,FULL,0,22,21,10,1,0,0,76.197759700000006
development01,R98-C2,EVENT-FULL,70,68,FULL,0,22,21,13,1,0,0,77.437168400000004
development01,R98-C2,EVENT-FULL,71,69,FULL,1,16,15,11,1,0,0,78.3963246
development01,R98-C2,EVENT-FULL,72,70,FULL,0,22,21,14,1,0,0,78.564883800000004
development01,R98-C2,EVENT-FULL,73,71,FULL,0,22,21,13,1,0,0,78.807123500000003
development01,R98-C2,EVENT-FULL,74,72,FULL,0,20,19,12,1,0,0,79.728639400000006
development01,R98-C2,EVENT-FULL,75,73,FULL,0,22,21,12,1,0,0,82.477833500000003
development01,R98-C2,EVENT-FULL,76,74,FULL,0,22,21,8,1,0,0,82.621696099999994
development01,R98-C2,EVENT-FULL,77,75,FULL,0,22,21,10,1,0,0,84.302954
development01,R98-C2,EVENT-FULL,78,76,FULL,0,20,19,11,1,0,0,84.511779200000007
development01,R98-C2,EVENT-FULL,79,77,FULL,0,22,21,13,1,0,0,84.646441699999997
development01,R98-C2,EVENT-FULL,80,78,FULL,0,22,21,11,1,0,0,85.157030800000001
development01,R98-C2,EVENT-FULL,81,79,FULL,1,18,17,10,1,0,0,85.647639400000003
development01,R98-C2,EVENT-FULL,82,80,FULL,0,22,21,19,1,0,0,87.781277799999998
development01,R98-C2,EVENT-FULL,83,81,FULL,0,22,21,17,1,0,0,88.547797500000001
development01,R98-C2,EVENT-FULL,84,82,FULL,0,22,21,15,1,0,0,89.561882699999998
development01,R98-C2,EVENT-FULL,85,83,FULL,0,20,19,11,1,0,0,90.322638299999994
development01,R98-C2,EVENT-FULL,86,84,FULL,0,20,19,10,1,0,0,90.434149500000004
development01,R98-C2,EVENT-FULL,87,85,FULL,0,24,23,23,1,0,0,93.117675000000006
development01,R98-C2,EVENT-FULL,88,86,FULL,0,20,19,10,1,0,0,93.464190799999997
development01,R98-C2,EVENT-FULL,89,87,FULL,0,22,21,9,1,0,0,93.570203899999996
development01,R98-C2,EVENT-FULL,90,88,FULL,0,22,21,10,1,0,0,93.662420299999994
development01,R98-C2,EVENT-FULL,91,89,FULL,0,18,17,6,1,0,0,93.806572700000004
development01,R98-C2,EVENT-FULL,92,90,FULL,0,18,17,8,1,0,0,94.3573983
development01,R98-C2,EVENT-FULL,93,91,FULL,0,24,23,12,1,0,0,96.208601999999999
development01,R98-C2,EVENT-FULL,94,92,FULL,0,21.999999999999996,21,9,0.99999999999999645,0,0,96.455697400000005
development01,R98-C2,EVENT-FULL,95,93,FULL,0,22,21,14,1,0,0,98.136666399999996
development01,R98-C2,EVENT-FULL,96,94,FULL,0,22,21,14,1,0,0,98.196799999999996
development01,R98-C2,EVENT-FULL,97,95,FULL,0,20,19,14,1,0,0,98.281262600000005
development01,R98-C2,EVENT-FULL,98,96,FULL,0,22,21,14,1,0,0,98.373437100000004
development01,R98-C2,EVENT-FULL,99,97,FULL,0,22,21,14,1,0,0,98.806203300000007
development01,R98-C2,EVENT-FULL,100,98,FULL,0,20,19,14,1,0,0,99.165403600000005
development01,R98-C2,EVENT-FULL,101,99,FULL,0,22,21,14,1,0,0,99.312578999999999
development01,R98-C2,EVENT-FULL,102,100,FULL,0,22,21,21,1,0,0,104.4669796
development01,R98-C2,EVENT-FULL,103,101,FULL,0,21.999999999999993,21,20,0.99999999999999289,0,0,104.55156599999999
development01,R98-C2,EVENT-FULL,104,102,FULL,0,22,21,21,1,0,0,113.04758649999999
development01,R98-C2,EVENT-FULL,105,103,FULL,0,22,21,14,1,0,0,113.61063350000001
development01,R98-C2,EVENT-FULL,106,104,FULL,0,20,19,11,1,0,0,114.11495669999999
development01,R98-C2,EVENT-FULL,107,105,FULL,0,22,21,11,1,0,0,114.2752713
development01,R98-C2,EVENT-FULL,108,106,FULL,1,18,17,3,1,0,0,134.1391567
development01,R98-C2,EVENT-FULL,109,107,FULL,0,24,23,6,1,0,0,134.31860349999999
development01,R98-C2,EVENT-FULL,110,108,FULL,0,22,21,0,1,0,0,136.30990399999999
development01,R98-C2,EVENT-FULL,111,109,FULL,0,22,21,-1,1,0,0,139.29305020000001
development01,R98-C2,EVENT-FULL,112,110,FULL,0,24,23,8,1,0,0,139.8823663
development01,R98-C2,EVENT-FULL,113,111,FULL,0,22,21,-5,1,0,0,159.30442830000001
development01,R98-C2,EVENT-FULL,114,112,FULL,0,22,21,21,1,0,0,160.78963479999999
development01,R98-C2,EVENT-FULL,115,113,FULL,0,26,25,19,1,0,0,161.11522049999999
development01,R98-C2,EVENT-FULL,116,114,FULL,0,26,25,20,1,0,0,161.22815869999999
development01,R98-C2,EVENT-FULL,117,115,FULL,0,25.999999999999986,25,20,0.99999999999998579,0,0,162.1083515
development01,R98-C2,EVENT-FULL,118,116,FULL,0,26,25,20,1,0,0,162.3263848
development01,R98-C2,EVENT-FULL,119,117,FULL,0,24,23,12,1,0,0,178.99579919999999
development01,R98-C2,EVENT-FULL,120,118,FULL,0,24,23,11,1,0,0,179.8643825
development01,R98-C2,EVENT-FULL,121,119,FULL,0,24,23,11,1,0,0,183.2385793
development01,R98-C2,EVENT-FULL,122,120,FULL,1,20,19,11,1,0,0,183.66150529999999
development01,R98-C2,EVENT-FULL,123,121,FULL,0,24,23,21,1,0,0,187.4082756
development01,R98-C2,EVENT-FULL,124,122,FULL,0,24,23,16,1,0,0,187.5584327
development01,R98-C2,EVENT-FULL,125,123,FULL,0,24,23,15,1,0,0,187.6907258
development01,R98-C2,EVENT-FULL,126,124,FULL,0,20,19,12,1,0,0,187.93516919999999
development01,R98-C2,EVENT-FULL,127,125,FULL,0,22,21,12,1,0,0,188.2432354
development01,R98-C2,EVENT-FULL,128,126,FULL,0,22,21,11,1,0,0,188.323115
development01,R98-C2,EVENT-FULL,129,127,FULL,0,24,23,12,1,0,0,190.56673459999999
development01,R98-C2,EVENT-FULL,130,128,FULL,0,24,23,12,1,0,0,190.65212550000001
development01,R98-C2,EVENT-FULL,131,129,FULL,0,22,21,10,1,0,0,190.99935830000001
development01,R98-C2,EVENT-FULL,132,130,FULL,0,24,23,7,1,0,0,198.5161774
development01,R98-C2,EVENT-FULL,133,131,FULL,0,22,21,10,1,0,0,200.16446640000001
development01,R98-C2,EVENT-FULL,134,132,FULL,0,22,21,11,1,0,0,200.43083150000001
development01,R98-C2,EVENT-FULL,135,133,FULL,0,24,23,1,1,0,0,203.1157997
development01,R98-C2,EVENT-FULL,136,134,FULL,0,20,19,5,1,0,0,211.75987219999999
development01,R98-C2,EVENT-FULL,137,135,FULL,0,20,19,9,1,0,0,211.9786124
development01,R98-C2,EVENT-FULL,138,136,FULL,0,22,21,10,1,0,0,214.35317309999999
development01,R98-C2,EVENT-FULL,139,137,FULL,0,20,19,7,1,0,0,217.4531077
development01,R98-C2,EVENT-FULL,140,138,FULL,0,20,19,8,1,0,0,217.7747358
development01,R98-C2,EVENT-FULL,141,139,FULL,0,20,19,16,1,0,0,237.5140304
development01,R98-C2,EVENT-FULL,142,140,FULL,0,20,19,12,1,0,0,237.9586458
development01,R98-C2,EVENT-FULL,143,141,FULL,0,20,19,12,1,0,0,238.14842239999999
development01,R98-C2,EVENT-FULL,144,142,FULL,0,20,19,13,1,0,0,238.45240190000001
development01,R98-C2,EVENT-FULL,145,143,FULL,1,20,19,4,1,0,0,242.55134530000001
development01,R98-C2,EVENT-FULL,146,144,FULL,1,20,19,4,1,0,0,242.73816980000001
development01,R98-C2,EVENT-FULL,147,145,FULL,0,18,17,4,1,0,0,242.9948598
development01,R98-C2,EVENT-FULL,148,146,FULL,1,18,17,6,1,0,0,243.81718860000001
development01,R98-C2,EVENT-FULL,149,147,FULL,0,20,19,4,1,0,0,250.6702832
development01,R98-C2,EVENT-FULL,150,148,FULL,0,22,21,16,1,0,0,258.42442169999998
development01,R98-C2,EVENT-FULL,151,149,FULL,0,22,21,15,1,0,0,258.92298729999999
development01,R98-C2,EVENT-FULL,152,150,FULL,0,22,21,16,1,0,0,259.59442710000002
development01,R98-C2,EVENT-FULL,153,151,FULL,0,22,21,3,1,0,0,273.94671959999999
development01,R98-C2,EVENT-FULL,154,152,FULL,0,22,21,3,1,0,0,274.01204910000001
development01,R98-C2,EVENT-FULL,155,153,FULL,0,22,21,3,1,0,0,274.30901349999999
development01,R98-C2,EVENT-FULL,156,154,FULL,0,22,21,4,1,0,0,274.37081929999999
development01,R98-C2,EVENT-FULL,157,155,FULL,0,22,21,3,1,0,0,274.42751509999999
development01,R98-C2,EVENT-FULL,158,156,FULL,0,22,21,4,1,0,0,274.50527110000002
development01,R98-C2,EVENT-FULL,159,157,FULL,0,22,21,3,1,0,0,274.57146519999998
development01,R98-C2,EVENT-FULL,160,158,FULL,0,21.999999999999993,21,3,0.99999999999999289,0,0,274.63885779999998
development01,R98-C2,EVENT-FULL,161,159,FULL,0,22,21,3,1,0,0,274.6983712
development01,R98-C2,EVENT-FULL,162,160,FULL,0,20,19,12,1,0,0,279.83598210000002
development01,R98-C2,EVENT-FULL,163,161,FULL,0,20,19,11,1,0,0,281.55373450000002
development01,R98-C2,EVENT-FULL,164,162,FULL,0,22,21,20,1,0,0,287.18373480000002
development01,R98-C2,EVENT-FULL,165,163,FULL,0,22,21,20,1,0,0,288.56347069999998
development01,R98-C2,EVENT-FULL,166,164,FULL,2,18,17,16,1,0,0,301.7690953
development01,R98-C2,EVENT-FULL,167,165,FULL,0,18,17,13,1,0,0,302.69575579999997
development01,R98-C2,EVENT-FULL,168,166,FULL,0,16,15,9,1,0,0,302.7529376
development01,R98-C2,EVENT-FULL,169,167,FULL,0,16,15,8,1,0,0,302.84030100000001
development01,R98-C2,EVENT-FULL,170,168,FULL,0,18,17,11,1,0,0,304.09649899999999
development01,R98-C2,EVENT-FULL,171,169,FULL,1,16,15,8,1,0,0,304.48336879999999
development01,R98-C2,EVENT-FULL,172,170,FULL,0,18,17,11,1,0,0,304.76428090000002
development01,R98-C2,EVENT-FULL,173,171,FULL,1,14,13,9,1,0,0,304.94822140000002
development01,R98-C2,EVENT-FULL,174,172,FULL,0,20,19,12,1,0,0,316.64474860000001
development01,R98-C2,EVENT-FULL,175,173,FULL,0,20,19,14,1,0,0,316.95386389999999
development01,R98-C2,EVENT-FULL,176,174,FULL,0,22,21,8,1,0,0,319.05368879999997
development01,R98-C2,EVENT-FULL,177,175,FULL,0,17.999999999999996,17,1,0.99999999999999645,0,0,326.06376130000001
development01,R98-C2,EVENT-FULL,178,176,FULL,0,16,15,0,1,0,0,326.55394430000001
development01,R98-C2,EVENT-FULL,179,177,FULL,0,16,15,1,1,0,0,326.76475249999999
development01,R98-C2,EVENT-FULL,180,178,FULL,0,18.000000000000004,17,2,1.0000000000000036,0,0,326.9810564
development01,R98-C2,EVENT-FULL,181,179,FULL,0,18,17,1,1,0,0,327.04634579999998
development01,R98-C2,EVENT-FULL,182,180,FULL,0,17.999999999999996,17,0,0.99999999999999645,0,0,327.11057620000003
development01,R98-C2,EVENT-FULL,183,181,FULL,0,18,17,-1,1,0,0,327.26625300000001
development01,R98-C2,EVENT-FULL,184,182,FULL,0,18,17,-1,1,0,0,327.35133070000001
development01,R98-C2,EVENT-FULL,185,183,FULL,0,18,17,-1,1,0,0,327.46495629999998
development01,R98-C2,EVENT-FULL,186,184,FULL,0,18,17,-1,1,0,0,327.53592950000001
development01,R98-C2,EVENT-FULL,187,185,FULL,0,18,17,-1,1,0,0,327.63637240000003
development01,R98-C2,EVENT-FULL,188,186,FULL,0,18,17,-1,1,0,0,327.71039359999997
development01,R98-C2,EVENT-FULL,189,187,FULL,0,18,17,-1,1,0,0,327.78311179999997
development01,R98-C2,EVENT-FULL,190,188,FULL,0,18,17,-1,1,0,0,327.86089959999998
development01,R98-C2,EVENT-FULL,191,189,FULL,0,18,17,-1,1,0,0,328.02524540000002
development01,R98-C2,EVENT-FULL,192,190,FULL,0,18,17,-1,1,0,0,328.11896760000002
development01,R98-C2,EVENT-FULL,193,191,FULL,0,18,17,10,1,0,0,330.76086029999999
development01,R98-C2,EVENT-FULL,194,192,FULL,1,16,15,13,1,0,0,330.92888920000001
development01,R98-C2,EVENT-FULL,195,193,FULL,0,22,21,16,1,0,0,331.70750650000002
development01,R98-C2,EVENT-FULL,196,194,FULL,0,22,21,15,1,0,0,332.25667779999998
development01,R98-C2,EVENT-FULL,197,195,FULL,0,22,21,13,1,0,0,332.44847540000001
development01,R98-C2,EVENT-FULL,198,196,FULL,0,22,21,12,1,0,0,332.53621340000001
development01,R98-C2,EVENT-FULL,199,197,FULL,0,18,17,10,1,0,0,334.11577670000003
development01,R98-C2,EVENT-FULL,200,198,FULL,0,18,17,7,1,0,0,334.68217179999999
development01,R98-C2,EVENT-FULL,201,199,FULL,0,19.999999999999979,19,6,0.99999999999997868,0,0,353.85009289999999
development01,R98-C2,EVENT-FULL,202,200,FULL,0,22,21,7,1,0,0,354.0503574
development01,R98-C2,EVENT-FULL,203,201,FULL,0,22,21,7,1,0,0,354.13180779999999
development01,R98-C2,EVENT-FULL,204,202,FULL,0,22,21,7,1,0,0,354.20549119999998
development01,R98-C2,EVENT-FULL,205,203,FULL,0,22,21,7,1,0,0,354.35614179999999
development01,R98-C2,EVENT-FULL,206,204,FULL,0,22,21,8,1,0,0,354.450669
development01,R98-C2,EVENT-FULL,207,205,FULL,0,22,21,7,1,0,0,354.51802199999997
development01,R98-C2,EVENT-FULL,208,206,FULL,0,20,19,9,1,0,0,355.82663710000003
development01,R98-C2,EVENT-FULL,209,207,FULL,0,22,21,11,1,0,0,356.0627551
development01,R98-C2,EVENT-FULL,210,208,FULL,0,22,21,13,1,0,0,357.65452349999998
development01,R98-C2,EVENT-FULL,211,209,FULL,0,22,21,1,1,0,0,366.45619379999999
development01,R98-C2,EVENT-FULL,212,210,FULL,0,20,19,0,1,0,0,367.64118120000001
development01,R98-C2,EVENT-FULL,213,211,FULL,0,20,19,0,1,0,0,367.89764750000001
development01,R98-C2,EVENT-FULL,214,212,FULL,0,20,19,0,1,0,0,368.04048640000002
development01,R98-C2,EVENT-FULL,215,213,FULL,0,20,19,-1,1,0,0,368.44379470000001
development01,R98-C2,EVENT-FULL,216,214,FULL,0,20,19,-2,1,0,0,368.54773340000003
development01,R98-C2,EVENT-FULL,217,215,FULL,0,20,19,-1,1,0,0,368.7735849
development01,R98-C2,EVENT-FULL,218,216,FULL,0,20,19,-1,1,0,0,368.91685810000001
development01,R98-C2,EVENT-FULL,219,217,FULL,0,20.000000000000004,19,-1,1.0000000000000036,0,0,369.07164990000001
development01,R98-C2,EVENT-FULL,220,218,FULL,0,20.000000000000007,19,-2,1.0000000000000071,0,0,369.24437560000001
development01,R98-C2,EVENT-FULL,221,219,FULL,0,20,19,-2,1,0,0,369.33498700000001
development01,R98-C2,EVENT-FULL,222,220,FULL,0,20,19,-2,1,0,0,369.43994290000001
development01,R98-C2,EVENT-FULL,223,221,FULL,0,20,19,-3,1,0,0,369.52508920000002
development01,R98-C2,EVENT-FULL,224,222,FULL,0,20.000000000000004,19,-2,1.0000000000000036,0,0,370.28494030000002
development01,R98-C2,EVENT-FULL,225,223,FULL,0,22,21,11,1,0,0,376.05258850000001
development01,R98-C2,EVENT-FULL,226,224,FULL,0,22,21,12,1,0,0,376.31542660000002
development01,R98-C2,EVENT-FULL,227,225,FULL,0,22,21,9,1,0,0,376.71553970000002
development01,R98-C2,EVENT-FULL,228,226,FULL,0,20,19,1,1,0,0,380.9078452
development01,R98-C2,EVENT-FULL,229,227,FULL,0,20.000000000000004,19,1,1.0000000000000036,0,0,381.01880740000001
development01,R98-C2,EVENT-FULL,230,228,FULL,0,20.000000000000004,19,1,1.0000000000000036,0,0,381.07834880000001
development01,R98-C2,EVENT-FULL,231,229,FULL,0,20.000000000000004,19,1,1.0000000000000036,0,0,381.14860449999998
development01,R98-C2,EVENT-FULL,232,230,FULL,0,20.000000000000004,19,1,1.0000000000000036,0,0,381.25132669999999
development01,R98-C2,EVENT-FULL,233,231,FULL,0,20.000000000000004,19,1,1.0000000000000036,0,0,381.32188910000002
development01,R98-C2,EVENT-FULL,234,232,FULL,0,22,21,20,1,0,0,390.04586280000001
development01,R98-C2,EVENT-FULL,235,233,FULL,0,19.999999999999996,19,9,0.99999999999999645,0,0,390.15617429999998
development01,R98-C2,EVENT-FULL,236,234,FULL,0,20,19,7,1,0,0,390.41537529999999
development01,R98-C2,EVENT-FULL,237,235,FULL,0,20,19,8,1,0,0,396.4233997
development01,R98-C2,EVENT-FULL,238,236,FULL,0,16,15,7,1,0,0,402.4239187
development01,R98-C2,EVENT-FULL,239,237,FULL,0,16,15,3,1,0,0,402.68639899999999
development01,R98-C2,EVENT-FULL,240,238,FULL,0,16,15,7,1,0,0,402.79109590000002
development01,R98-C2,EVENT-FULL,241,239,FULL,0,20,19,2,1,0,0,404.943646
development01,R98-C2,EVENT-FULL,242,240,FULL,0,20,19,0,1,0,0,405.33010030000003
development01,R98-C2,EVENT-FULL,243,241,FULL,0,20,19,0,1,0,0,405.46409069999999
development01,R98-C2,EVENT-FULL,244,242,FULL,0,20,19,0,1,0,0,405.53091289999998
development01,R98-C2,EVENT-FULL,245,243,FULL,0,20,19,-1,1,0,0,405.89367340000001
development01,R98-C2,EVENT-FULL,246,244,FULL,0,20,19,-1,1,0,0,405.96654310000002
development01,R98-C2,EVENT-FULL,247,245,FULL,0,20,19,0,1,0,0,406.03185400000001
development01,R98-C2,EVENT-FULL,248,246,FULL,0,20,19,-1,1,0,0,406.10722220000002
development01,R98-C2,EVENT-FULL,249,247,FULL,0,20,19,-1,1,0,0,406.16683289999997
development01,R98-C2,EVENT-FULL,250,248,FULL,0,20.000000000000007,19,-1,1.0000000000000071,0,0,406.45220949999998
development01,R98-C2,EVENT-FULL,251,249,FULL,0,20.000000000000007,19,-2,1.0000000000000071,0,0,406.74513139999999
development01,R98-C2,EVENT-FULL,252,250,FULL,0,20,19,-2,1,0,0,406.87717359999999
development01,R98-C2,EVENT-FULL,253,251,FULL,0,20.000000000000007,19,-2,1.0000000000000071,0,0,406.97381569999999
development01,R98-C2,EVENT-FULL,254,252,FULL,0,19.999999999999996,19,-2,0.99999999999999645,0,0,407.05019299999998
development01,R98-C2,EVENT-FULL,255,253,FULL,0,20.000000000000007,19,-3,1.0000000000000071,0,0,407.1252667
development01,R98-C2,EVENT-FULL,256,254,FULL,0,20,19,-3,1,0,0,407.21111289999999
development01,R98-C2,EVENT-FULL,257,255,FULL,0,19.999999999999993,19,-2,0.99999999999999289,0,0,407.29189830000001
development01,R98-C2,EVENT-FULL,258,256,FULL,0,20,19,-2,1,0,0,407.39462609999998
development01,R98-C2,EVENT-FULL,259,257,FULL,0,20,19,8,1,0,0,410.01633409999999
development01,R98-C2,EVENT-FULL,260,258,FULL,0,22,21,10,1,0,0,410.15921839999999
development01,R98-C2,EVENT-FULL,261,259,FULL,0,22,21,12,1,0,0,410.35172369999998
development01,R98-C2,EVENT-FULL,262,260,FULL,0,22,21,5,1,0,0,412.86476490000001
development01,R98-C2,EVENT-FULL,263,261,FULL,0,24,23,5,1,0,0,413.01353369999998
development01,R98-C2,EVENT-FULL,264,262,FULL,0,21.999999999999996,21,5,0.99999999999999645,0,0,423.57696529999998
development01,R98-C2,EVENT-FULL,265,263,FULL,0,21.999999999999989,21,4,0.99999999999998934,0,0,423.84879009999997
development01,R98-C2,EVENT-FULL,266,264,FULL,0,21.999999999999996,21,5,0.99999999999999645,0,0,424.10014760000001
development01,R98-C2,EVENT-FULL,267,265,FULL,0,21.999999999999996,21,4,0.99999999999999645,0,0,424.18728729999998
development01,R98-C2,EVENT-FULL,268,266,FULL,0,21.999999999999996,21,4,0.99999999999999645,0,0,424.26984049999999
development01,R98-C2,EVENT-FULL,269,267,FULL,0,21.999999999999996,21,5,0.99999999999999645,0,0,424.3580149
development01,R98-C2,EVENT-FULL,270,268,FULL,0,22,21,4,1,0,0,424.51475499999998
development01,R98-C2,EVENT-FULL,271,269,FULL,0,21.999999999999996,21,4,0.99999999999999645,0,0,424.58296089999999
development01,R98-C2,EVENT-FULL,272,270,FULL,0,21.999999999999996,21,4,0.99999999999999645,0,0,424.69756369999999
development01,R98-C2,EVENT-FULL,273,271,FULL,0,21.999999999999996,21,3,0.99999999999999645,0,0,424.83668560000001
development01,R98-C2,EVENT-FULL,274,272,FULL,0,21.999999999999989,21,4,0.99999999999998934,0,0,424.97133769999999
development01,R98-C2,EVENT-FULL,275,273,FULL,0,21.999999999999996,21,3,0.99999999999999645,0,0,425.04475780000001
development01,R98-C2,EVENT-FULL,276,274,FULL,0,22,21,3,1,0,0,425.11558209999998
development01,R98-C2,EVENT-FULL,277,275,FULL,0,21.999999999999996,21,4,0.99999999999999645,0,0,425.207222
development01,R98-C2,EVENT-FULL,278,276,FULL,0,21.999999999999996,21,3,0.99999999999999645,0,0,425.27647560000003
development01,R98-C2,EVENT-FULL,279,277,FULL,0,21.999999999999996,21,4,0.99999999999999645,0,0,425.3594094
development01,R98-C2,EVENT-FULL,280,278,FULL,0,21.999999999999989,21,4,0.99999999999998934,0,0,425.4219804
development01,R98-C2,EVENT-FULL,281,279,FULL,0,21.999999999999989,21,4,0.99999999999998934,0,0,425.48360989999998
development01,R98-C2,EVENT-FULL,282,280,FULL,0,20,19,1,1,0,0,428.90204180000001
development01,R98-C2,EVENT-FULL,283,281,FULL,0,24,23,21,1,0,0,429.97041369999999
development01,R98-C2,EVENT-FULL,284,282,FULL,0,22,21,13,1,0,0,430.23039219999998
development01,R98-C2,EVENT-FULL,285,283,FULL,0,22,21,14,1,0,0,430.8423593
development01,R98-C2,EVENT-FULL,286,284,FULL,0,20,19,11,1,0,0,431.00420389999999
development01,R98-C2,EVENT-FULL,287,285,FULL,0,22,21,10,1,0,0,433.2076017
development01,R98-C2,EVENT-FULL,288,286,FULL,0,20,19,4,1,0,0,434.16357950000003
development01,R98-C2,EVENT-FULL,289,287,FULL,0,17.999999999999986,17,4,0.99999999999998579,0,0,434.23477630000002
development01,R98-C2,EVENT-FULL,290,288,FULL,0,19.999999999999996,19,3,0.99999999999999645,0,0,434.44354190000001
development01,R98-C2,EVENT-FULL,291,289,FULL,0,19.999999999999993,19,3,0.99999999999999289,0,0,434.61790939999997
development01,R98-C2,EVENT-FULL,292,290,FULL,0,19.999999999999996,19,4,0.99999999999999645,0,0,434.7734979
development01,R98-C2,EVENT-FULL,293,291,FULL,0,20,19,3,1,0,0,435.02294590000002
development01,R98-C2,EVENT-FULL,294,292,FULL,0,20,19,4,1,0,0,435.20777679999998
development01,R98-C2,EVENT-FULL,295,293,FULL,0,22,21,2,1,0,0,444.60097300000001
development01,R98-C2,EVENT-FULL,296,294,FULL,0,22,21,1,1,0,0,444.9062136
development01,R98-C2,EVENT-FULL,297,295,FULL,0,22,21,2,1,0,0,444.96535940000001
development01,R98-C2,EVENT-FULL,298,296,FULL,0,22,21,2,1,0,0,445.11503549999998
development01,R98-C2,EVENT-FULL,299,297,FULL,0,22,21,2,1,0,0,445.17314649999997
development01,R98-C2,EVENT-FULL,300,298,FULL,0,22,21,6,1,0,0,449.28930170000001
development01,R98-C2,EVENT-FULL,301,299,FULL,0,22,21,6,1,0,0,450.26932640000001
development01,R98-C2,EVENT-FULL,302,300,FULL,0,22,21,5,1,0,0,450.36625459999999
development01,R98-C2,EVENT-FULL,303,301,FULL,0,22,21,6,1,0,0,450.45308139999997
development01,R98-C2,EVENT-FULL,304,302,FULL,0,21.999999999999996,21,6,0.99999999999999645,0,0,450.55800620000002
development01,R98-C2,EVENT-FULL,305,303,FULL,0,22,21,6,1,0,0,450.6959913
development01,R98-C2,EVENT-FULL,306,304,FULL,0,22,21,6,1,0,0,450.96102530000002
development01,R98-C2,EVENT-FULL,307,305,FULL,0,22,21,6,1,0,0,451.0753679
development01,R98-C2,EVENT-FULL,308,306,FULL,0,22,21,6,1,0,0,451.22150420000003
development01,R98-C2,EVENT-FULL,309,307,FULL,0,22,21,6,1,0,0,451.33318029999998
development01,R98-C2,EVENT-FULL,310,308,FULL,0,22,21,4,1,0,0,451.42938989999999
development01,R98-C2,EVENT-FULL,311,309,FULL,0,22,21,5,1,0,0,451.50463380000002
development01,R98-C2,EVENT-FULL,312,310,FULL,0,22,21,5,1,0,0,451.59293550000001
development01,R98-C2,EVENT-FULL,313,311,FULL,0,22,21,6,1,0,0,451.767673
development01,R98-C2,EVENT-FULL,314,312,FULL,0,22,21,6,1,0,0,451.88964770000001
development01,R98-C2,EVENT-FULL,315,313,FULL,0,22,21,5,1,0,0,451.9799898
development01,R98-C2,EVENT-FULL,316,314,FULL,0,22,21,6,1,0,0,452.11030410000001
development01,R98-C2,EVENT-FULL,317,315,FULL,0,20,19,3,1,0,0,472.31934430000001
development01,R98-C2,EVENT-FULL,318,316,FULL,0,24,23,4,1,0,0,472.9420614
development01,R98-C2,EVENT-FULL,319,317,FULL,0,24,23,3,1,0,0,473.25614059999998
development01,R98-C2,EVENT-FULL,320,318,FULL,0,24,23,0,1,0,0,473.51742719999999
development01,R98-C2,EVENT-FULL,321,319,FULL,0,24,23,0,1,0,0,473.66526959999999
development01,R98-C2,EVENT-FULL,322,320,FULL,0,24.000000000000007,23,0,1.0000000000000071,0,0,473.72776959999999
development01,R98-C2,EVENT-FULL,323,321,FULL,0,24,23,0,1,0,0,473.82564760000002
development01,R98-C2,EVENT-FULL,324,322,FULL,0,24,23,0,1,0,0,473.90429740000002
development01,R98-C2,EVENT-FULL,325,323,FULL,0,16,15,0,1,0,0,495.200356
development01,R98-C2,EVENT-FULL,326,324,FULL,0,16,15,1,1,0,0,495.47115150000002
development01,R98-C2,EVENT-FULL,327,325,FULL,0,16,15,0,1,0,0,495.5725286
development01,R98-C2,EVENT-FULL,328,326,FULL,0,15.999999999999998,15,1,0.99999999999999822,0,0,495.63859489999999
development01,R98-C2,EVENT-FULL,329,327,FULL,0,16,15,1,1,0,0,495.81363959999999
development01,R98-C2,EVENT-FULL,330,328,FULL,0,16.000000000000004,15,0,1.0000000000000036,0,0,495.9026422
development01,R98-C2,EVENT-FULL,331,329,FULL,0,15.999999999999998,15,1,0.99999999999999822,0,0,495.96652130000001
development01,R98-C2,EVENT-FULL,332,330,FULL,0,15.999999999999998,15,1,0.99999999999999822,0,0,496.08071560000002
development01,R98-C2,EVENT-FULL,333,331,FULL,0,16,15,0,1,0,0,496.19208300000003
development01,R98-C2,EVENT-FULL,334,332,FULL,0,16,15,0,1,0,0,496.30301839999998
development01,R98-C2,EVENT-FULL,335,333,FULL,0,16,15,0,1,0,0,496.39397730000002
development01,R98-C2,EVENT-FULL,336,334,FULL,0,16,15,0,1,0,0,496.53136899999998
development01,R98-C2,EVENT-FULL,337,335,FULL,0,16,15,0,1,0,0,496.6879993
development01,R98-C2,EVENT-FULL,338,336,FULL,0,16,15,0,1,0,0,496.77844090000002
development01,R98-C2,EVENT-FULL,339,337,FULL,0,16,15,0,1,0,0,496.87277940000001
development01,R98-C2,EVENT-FULL,340,338,FULL,0,16,15,0,1,0,0,496.9583781
development01,R98-C2,EVENT-FULL,341,339,FULL,0,18,17,0,1,0,0,503.77585649999997
development01,R98-C2,EVENT-FULL,342,340,FULL,0,17.999999999999993,17,1,0.99999999999999289,0,0,503.84444550000001
development01,R98-C2,EVENT-FULL,343,341,FULL,0,18.000000000000007,17,0,1.0000000000000071,0,0,503.90612299999998
development01,R98-C2,EVENT-FULL,344,342,FULL,0,18,17,0,1,0,0,503.96545930000002
development01,R98-C2,EVENT-FULL,345,343,FULL,0,18,17,0,1,0,0,504.05474650000002
development01,R98-C2,EVENT-FULL,346,344,FULL,0,20,19,4,1,0,0,504.13966620000002
development01,R98-C2,EVENT-FULL,347,345,FULL,0,17.999999999999996,17,0,0.99999999999999645,0,0,504.2273361
development01,R98-C2,EVENT-FULL,348,346,FULL,0,17.999999999999993,17,0,0.99999999999999289,0,0,504.30347339999997
development01,R98-C2,EVENT-FULL,349,347,FULL,0,18.000000000000004,17,0,1.0000000000000036,0,0,504.3619266
development01,R98-C2,EVENT-FULL,350,348,FULL,0,17.999999999999996,17,1,0.99999999999999645,0,0,504.42228949999998
development01,R98-C2,EVENT-FULL,351,349,FULL,0,16,15,-1,1,0,0,512.88795389999996
development01,R98-C2,EVENT-FULL,352,350,FULL,0,18,17,-1,1,0,0,516.51216369999997
development01,R98-C2,EVENT-FULL,353,351,FULL,0,18,17,0,1,0,0,516.95399359999999
development01,R98-C2,EVENT-FULL,354,352,FULL,0,18,17,-3,1,0,0,517.06645739999999
development01,R98-C2,EVENT-FULL,355,353,FULL,0,18.000000000000004,17,-2,1.0000000000000036,0,0,517.16626510000003
development01,R98-C2,EVENT-FULL,356,354,FULL,0,18,17,-2,1,0,0,517.27233779999995
development01,R98-C2,EVENT-FULL,357,355,FULL,0,18,17,-3,1,0,0,517.52173270000003
development01,R98-C2,EVENT-FULL,358,356,FULL,0,18,17,-3,1,0,0,517.68476229999999
development01,R98-C2,EVENT-FULL,359,357,FULL,0,17.999999999999986,17,-3,0.99999999999998579,0,0,517.82002650000004
development01,R98-C2,EVENT-FULL,360,358,FULL,0,17.999999999999986,17,-3,0.99999999999998579,0,0,517.95756200000005
development01,R98-C2,EVENT-FULL,361,359,FULL,0,17.999999999999979,17,-3,0.99999999999997868,0,0,518.06444450000004
development01,R98-C2,EVENT-FULL,362,360,FULL,0,17.999999999999961,17,-3,0.99999999999996092,0,0,518.17342129999997
development01,R98-C2,EVENT-FULL,363,361,FULL,0,18,17,-3,1,0,0,518.3814228
development01,R98-C2,EVENT-FULL,364,362,FULL,0,18,17,3,1,0,0,526.95067140000003
development01,R98-C2,EVENT-FULL,365,363,FULL,0,18,17,3,1,0,0,527.36425329999997
development01,R98-C2,EVENT-FULL,366,364,FULL,0,18.000000000000004,17,3,1.0000000000000036,0,0,527.52172240000004
development01,R98-C2,EVENT-FULL,367,365,FULL,0,18,17,2,1,0,0,527.65182900000002
development01,R98-C2,EVENT-FULL,368,366,FULL,0,18,17,2,1,0,0,527.88274960000001
development01,R98-C2,EVENT-FULL,369,367,FULL,0,18,17,2,1,0,0,528.03058610000005
development01,R98-C2,EVENT-FULL,370,368,FULL,0,18,17,2,1,0,0,528.10241929999995
development01,R98-C2,EVENT-FULL,371,369,FULL,0,20,19,14,1,0,0,531.86031390000005
development01,R98-C2,EVENT-FULL,372,370,FULL,0,20,19,13,1,0,0,532.06054440000003
development01,R98-C2,EVENT-FULL,373,371,FULL,0,20,19,10,1,0,0,532.25207420000004
development01,R98-C2,EVENT-FULL,374,372,FULL,0,22,21,12,1,0,0,532.69651160000001
development01,R98-C2,EVENT-FULL,375,373,FULL,0,22,21,15,1,0,0,533.73905319999994
development01,R98-C2,EVENT-FULL,376,374,FULL,0,26,25,14,1,0,0,533.85107700000003
development01,R98-C2,EVENT-FULL,377,375,FULL,0,22.000000000000004,21,14,1.0000000000000036,0,0,533.94705280000005
development01,R98-C2,EVENT-FULL,378,376,FULL,0,24,23,14,1,0,0,534.03131099999996
development01,R98-C2,EVENT-FULL,379,377,FULL,0,24,23,14,1,0,0,535.08628659999999
development01,R98-C2,EVENT-FULL,380,378,FULL,0,24,23,18,1,0,0,535.60609350000004
development01,R98-C2,EVENT-FULL,381,379,FULL,0,24,23,18,1,0,0,535.70690190000005
development01,R98-C2,EVENT-FULL,382,380,FULL,0,23.999999999999996,23,17,0.99999999999999645,0,0,535.84447980000004
development01,R98-C2,EVENT-FULL,383,381,FULL,0,24,23,15,1,0,0,536.20360760000005
development01,R98-C2,EVENT-FULL,384,382,FULL,0,24,23,15,1,0,0,536.32502439999996
development01,R98-C2,EVENT-FULL,385,383,FULL,0,24,23,15,1,0,0,536.39963299999999
development01,R98-C2,EVENT-FULL,386,384,FULL,0,24,23,15,1,0,0,536.46950360000005
development01,R98-C2,EVENT-FULL,387,385,FULL,0,24,23,19,1,0,0,536.88404219999995
development01,R98-C2,EVENT-FULL,388,386,FULL,0,24,23,19,1,0,0,536.94150509999997
development01,R98-C2,EVENT-FULL,389,387,FULL,0,24,23,14,1,0,0,537.10189430000003
development01,R98-C2,EVENT-FULL,390,388,FULL,0,18,17,5,1,0,0,544.19987449999996
development01,R98-C2,EVENT-FULL,391,389,FULL,0,20,19,10,1,0,0,544.28932239999995
development01,R98-C2,EVENT-FULL,392,390,FULL,0,22,21,10,1,0,0,545.01487320000001
development01,R98-C2,EVENT-FULL,393,391,FULL,0,22,21,10,1,0,0,546.33029799999997
development01,R98-C2,EVENT-FULL,394,392,FULL,0,22,21,9,1,0,0,546.73592789999998
development01,R98-C2,EVENT-FULL,395,393,FULL,0,22,21,9,1,0,0,547.66296
development01,R98-C2,EVENT-FULL,396,394,FULL,0,22,21,10,1,0,0,548.46271869999998
development01,R98-C2,EVENT-FULL,397,395,FULL,0,16,15,-1,1,0,0,553.37608990000001
development01,R98-C2,EVENT-FULL,398,396,FULL,1,20,19,4,1,0,0,553.80504670000005
development01,R98-C2,EVENT-FULL,399,397,FULL,1,22,21,5,1,0,0,554.48587620000001
development01,R98-C2,EVENT-FULL,400,398,FULL,0,16,15,-1,1,0,0,554.80972670000006
development01,R98-C2,EVENT-FULL,401,399,FULL,0,16.000000000000004,15,-2,1.0000000000000036,0,0,554.97528460000001
development01,R98-C2,EVENT-FULL,402,400,FULL,0,16.000000000000007,15,-1,1.0000000000000071,0,0,555.066824
development01,R98-C2,EVENT-FULL,403,401,FULL,0,15.999999999999998,15,-1,0.99999999999999822,0,0,555.13573829999996
development01,R98-C2,EVENT-FULL,404,402,FULL,0,16,15,-2,1,0,0,555.25015259999998
development01,R98-C2,EVENT-FULL,405,403,FULL,0,15.999999999999996,15,-2,0.99999999999999645,0,0,555.31490210000004
development01,R98-C2,EVENT-FULL,406,404,FULL,0,15.999999999999998,15,-2,0.99999999999999822,0,0,555.42823050000004
development01,R98-C2,EVENT-FULL,407,405,FULL,0,15.999999999999998,15,-2,0.99999999999999822,0,0,555.50478129999999
development01,R98-C2,EVENT-FULL,408,406,FULL,0,15.999999999999998,15,-2,0.99999999999999822,0,0,555.62204380000003
development01,R98-C2,EVENT-FULL,409,407,FULL,0,16,15,-2,1,0,0,555.6882756
development01,R98-C2,EVENT-FULL,410,408,FULL,0,15.999999999999998,15,-2,0.99999999999999822,0,0,555.79244289999997
development01,R98-C2,EVENT-FULL,411,409,FULL,0,16,15,9,1,0,0,558.35145299999999
development01,R98-C2,EVENT-FULL,412,410,FULL,0,20,19,12,1,0,0,558.47780999999998
development01,R98-C2,EVENT-FULL,413,411,FULL,0,20,19,11,1,0,0,560.80184039999995
development01,R98-C2,EVENT-FULL,414,412,FULL,0,20,19,11,1,0,0,561.95941319999997
development01,R98-C2,EVENT-FULL,415,413,FULL,0,20,19,9,1,0,0,562.22030289999998
development01,R98-C2,EVENT-FULL,416,414,FULL,0,20,19,9,1,0,0,562.61245069999995
development01,R98-C2,EVENT-FULL,417,415,FULL,1,22,21,4,1,0,0,562.76529649999998
development01,R98-C2,EVENT-FULL,418,416,FULL,1,22.000000000000004,21,3,1.0000000000000036,0,0,563.02850309999997
development01,R98-C2,EVENT-FULL,419,417,FULL,1,22.000000000000004,21,2,1.0000000000000036,0,0,563.11115040000004
development01,R98-C2,EVENT-FULL,420,418,FULL,1,22,21,2,1,0,0,563.20179840000003
development01,R98-C2,EVENT-FULL,421,419,FULL,1,21.999999999999982,21,3,0.99999999999998224,0,0,563.30420360000005
development01,R98-C2,EVENT-FULL,422,420,FULL,1,21.999999999999996,21,2,0.99999999999999645,0,0,563.39131710000004
development01,R98-C2,EVENT-FULL,423,421,FULL,1,22,21,1,1,0,0,563.50521349999997
development01,R98-C2,EVENT-FULL,424,422,FULL,1,22,21,2,1,0,0,563.60077160000003
development01,R98-C2,EVENT-FULL,425,423,FULL,1,21.999999999999982,21,2,0.99999999999998224,0,0,563.67220010000005
development01,R98-C2,EVENT-FULL,426,424,FULL,1,22,21,2,1,0,0,563.74249120000002
development01,R98-C2,EVENT-FULL,427,425,FULL,0,20,19,10,1,0,0,565.53258019999998
development01,R98-C2,EVENT-FULL,428,426,FULL,0,24,23,16,1,0,0,569.42230400000005
development01,R98-C2,EVENT-FULL,429,427,FULL,0,20,19,12,1,0,0,569.59449170000005
development01,R98-C2,EVENT-FULL,430,428,FULL,0,20,19,8,1,0,0,569.95675559999995
development01,R98-C2,EVENT-FULL,431,429,FULL,0,20,19,4,1,0,0,570.05876880000005
development01,R98-C2,EVENT-FULL,432,430,FULL,0,20,19,13,1,0,0,573.71722690000001
development01,R98-C2,EVENT-FULL,433,431,FULL,0,22,21,13,1,0,0,574.39972969999997
development01,R98-C2,EVENT-FULL,434,432,FULL,0,18,17,11,1,0,0,574.59874500000001
development01,R98-C2,EVENT-FULL,435,433,FULL,0,18,17,8,1,0,0,574.70942760000003
development01,R98-C2,EVENT-FULL,436,434,FULL,0,18,17,9,1,0,0,575.24837960000002
development01,R98-C2,EVENT-FULL,437,435,FULL,1,18,17,13,1,0,0,577.89516479999998
development01,R98-C2,EVENT-FULL,438,436,FULL,0,18,17,9,1,0,0,578.02930830000003
development01,R98-C2,EVENT-FULL,439,437,FULL,0,22,21,10,1,0,0,578.1866033
development01,R98-C2,EVENT-FULL,440,438,FULL,0,22,21,8,1,0,0,578.33339899999999
development01,R98-C2,EVENT-FULL,441,439,FULL,0,18,17,0,1,0,0,578.74246010000002
development01,R98-C2,EVENT-FULL,442,440,FULL,0,17.999999999999996,17,0,0.99999999999999645,0,0,578.90696960000002
development01,R98-C2,EVENT-FULL,443,441,FULL,0,18,17,-1,1,0,0,579.05340409999997
development01,R98-C2,EVENT-FULL,444,442,FULL,0,17.999999999999989,17,-1,0.99999999999998934,0,0,579.22390189999999
development01,R98-C2,EVENT-FULL,445,443,FULL,0,18,17,-1,1,0,0,579.5206829
development01,R98-C2,EVENT-FULL,446,444,FULL,0,18,17,-1,1,0,0,579.66489990000002
development01,R98-C2,EVENT-FULL,447,445,FULL,0,18,17,9,1,0,0,579.97358359999998
development01,R98-C2,EVENT-FULL,448,446,FULL,0,18,17,8,1,0,0,580.37879239999995
development01,R98-C2,EVENT-FULL,449,447,FULL,0,18,17,-1,1,0,0,581.59405019999997
development01,R98-C2,EVENT-FULL,450,448,FULL,1,16,15,13,1,0,0,586.49553019999996
development01,R98-C2,EVENT-FULL,451,449,FULL,0,24,23,16,1,0,0,586.62248750000003
development01,R98-C2,EVENT-FULL,452,450,FULL,0,24,23,18,1,0,0,587.18174320000003
development01,R98-C2,EVENT-FULL,453,451,FULL,0,22,21,12,1,0,0,587.64233690000003
development01,R98-C2,EVENT-FULL,454,452,FULL,0,22,21,15,1,0,0,588.00812559999997
development01,R98-C2,EVENT-FULL,455,453,FULL,0,20,19,5,1,0,0,590.05065320000006
development01,R98-C2,EVENT-FULL,456,454,FULL,0,20,19,5,1,0,0,590.35987580000005
development01,R98-C2,EVENT-FULL,457,455,FULL,0,20,19,4,1,0,0,590.57171210000001
development01,R98-C2,EVENT-FULL,458,456,FULL,0,22,21,20,1,0,0,590.90715769999997
development01,R98-C2,EVENT-FULL,459,457,FULL,0,18,17,11,1,0,0,591.1995551
development01,R98-C2,EVENT-FULL,460,458,FULL,0,21.999999999999996,21,8,0.99999999999999645,0,0,591.47404340000003
development01,R98-C2,EVENT-FULL,461,459,FULL,0,20,19,9,1,0,0,591.54603139999995
development01,R98-C2,EVENT-FULL,462,460,FULL,0,20,19,8,1,0,0,591.70891210000002
development01,R98-C2,EVENT-FULL,463,461,FULL,0,20,19,8,1,0,0,591.97075889999996
development01,R98-C2,EVENT-FULL,464,462,FULL,0,22,21,14,1,0,0,593.05985120000003
development01,R98-C2,EVENT-FULL,465,463,FULL,1,20,19,6,1,0,0,594.05665269999997
development01,R98-C2,EVENT-FULL,466,464,FULL,1,20,19,5,1,0,0,594.22222859999999
development01,R98-C2,EVENT-FULL,467,465,FULL,1,20.000000000000043,19,4,1.0000000000000426,0,0,594.40836730000001
development01,R98-C2,EVENT-FULL,468,466,FULL,1,20,19,3,1,0,0,594.52001099999995
development01,R98-C2,EVENT-FULL,469,467,FULL,1,19.999999999999982,19,4,0.99999999999998224,0,0,594.6101668
development01,R98-C2,EVENT-FULL,470,468,FULL,1,20.000000000000004,19,4,1.0000000000000036,0,0,594.85216660000003
development01,R98-C2,EVENT-FULL,471,469,FULL,1,19.999999999999996,19,3,0.99999999999999645,0,0,595.00301560000003
development01,R98-C2,EVENT-FULL,472,470,FULL,1,19.999999999999996,19,4,0.99999999999999645,0,0,595.13410069999998
development01,R98-C2,EVENT-FULL,473,471,FULL,1,19.999999999999986,19,3,0.99999999999998579,0,0,595.22784790000003
development01,R98-C2,EVENT-FULL,474,472,FULL,1,20.000000000000004,19,3,1.0000000000000036,0,0,595.31102320000002
development01,R98-C2,EVENT-FULL,475,473,FULL,1,19.999999999999993,19,2,0.99999999999999289,0,0,595.3965723
development01,R98-C2,EVENT-FULL,476,474,FULL,1,20.000000000000004,19,3,1.0000000000000036,0,0,595.51569400000005
development01,R98-C2,EVENT-FULL,477,475,FULL,1,20.000000000000004,19,3,1.0000000000000036,0,0,595.64180529999999
development01,R98-C2,EVENT-FULL,478,476,FULL,1,20,19,2,1,0,0,595.77463450000005
development01,R98-C2,EVENT-FULL,479,477,FULL,1,19.999999999999996,19,2,0.99999999999999645,0,0,595.97703990000002
development01,R98-C2,EVENT-FULL,480,478,FULL,1,18,17,14,1,0,0,605.72087469999997
development01,R98-C2,EVENT-FULL,481,479,FULL,0,18,17,11,1,0,0,605.90284810000003
development01,R98-C2,EVENT-FULL,482,480,FULL,0,18,17,6,1,0,0,606.18120020000003
development01,R98-C2,EVENT-FULL,483,481,FULL,0,18,17,8,1,0,0,606.41184539999995
development01,R98-C2,EVENT-FULL,484,482,FULL,0,24,23,13,1,0,0,609.77735910000001
development01,R98-C2,EVENT-FULL,485,483,FULL,0,24,23,13,1,0,0,610.21404099999995
development01,R98-C2,EVENT-FULL,486,484,FULL,0,22,21,12,1,0,0,610.94212460000006
development01,R98-C2,EVENT-FULL,487,485,FULL,0,22,21,13,1,0,0,611.08871820000002
development01,R98-C2,EVENT-FULL,488,486,FULL,0,22,21,13,1,0,0,611.45197770000004
development01,R98-C2,EVENT-FULL,489,487,FULL,1,22,21,-1,1,0,0,616.69854029999999
development01,R98-C2,EVENT-FULL,490,488,FULL,1,22,21,-1,1,0,0,616.82733740000003
development01,R98-C2,EVENT-FULL,491,489,FULL,1,22.000000000000004,21,-1,1.0000000000000036,0,0,616.93350380000004
development01,R98-C2,EVENT-FULL,492,490,FULL,1,22,21,-1,1,0,0,617.03556100000003
development01,R98-C2,EVENT-FULL,493,491,FULL,1,22.000000000000007,21,-2,1.0000000000000071,0,0,617.20481240000004
development01,R98-C2,EVENT-FULL,494,492,FULL,1,22.000000000000007,21,-2,1.0000000000000071,0,0,617.27028210000003
development01,R98-C2,EVENT-FULL,495,493,FULL,1,21.999999999999972,21,-1,0.99999999999997158,0,0,617.33848369999998
development01,R98-C2,EVENT-FULL,496,494,FULL,0,22,21,9,1,0,0,623.87468039999999
development01,R98-C2,EVENT-FULL,497,495,FULL,0,18,17,8,1,0,0,624.04268109999998
development01,R98-C2,EVENT-FULL,498,496,FULL,0,22,21,7,1,0,0,624.12503549999997
development01,R98-C2,EVENT-FULL,499,497,FULL,0,18,17,6,1,0,0,630.24405479999996
development01,R98-C2,EVENT-FULL,500,498,FULL,0,16,15,3,1,0,0,632.90399209999998
development01,R98-C2,EVENT-FULL,501,499,FULL,0,18,17,4,1,0,0,632.96276330000001
development01,R98-C2,EVENT-FULL,502,500,FULL,0,18,17,2,1,0,0,634.36560999999995
development01,R98-C2,EVENT-FULL,503,501,FULL,0,18,17,4,1,0,0,634.95618320000005
development01,R98-C2,EVENT-FULL,504,502,FULL,0,20,19,0,1,0,0,635.59278629999994
development01,R98-C2,EVENT-FULL,505,503,FULL,0,20,19,0,1,0,0,636.50424050000004
development01,R98-C2,EVENT-FULL,506,504,FULL,0,20,19,0,1,0,0,636.84499960000005
development01,R98-C2,EVENT-FULL,507,505,FULL,0,19.999999999999993,19,0,0.99999999999999289,0,0,636.94830939999997
development01,R98-C2,EVENT-FULL,508,506,FULL,0,20.000000000000004,19,0,1.0000000000000036,0,0,637.06029039999999
development01,R98-C2,EVENT-FULL,509,507,FULL,0,19.999999999999996,19,0,0.99999999999999645,0,0,637.13697730000001
development01,R98-C2,EVENT-FULL,510,508,FULL,0,20.000000000000004,19,0,1.0000000000000036,0,0,637.20305399999995
development01,R98-C2,EVENT-FULL,511,509,FULL,0,20.000000000000004,19,-1,1.0000000000000036,0,0,637.27963509999995
development01,R98-C2,EVENT-FULL,512,510,FULL,0,20.000000000000004,19,-1,1.0000000000000036,0,0,637.35462759999996
development01,R98-C2,EVENT-FULL,513,511,FULL,0,20.000000000000004,19,-1,1.0000000000000036,0,0,637.43474879999997
development01,R98-C2,EVENT-FULL,514,512,FULL,0,20.000000000000004,19,-1,1.0000000000000036,0,0,637.51785989999996
development01,R98-C2,EVENT-FULL,515,513,FULL,0,19.999999999999989,19,1,0.99999999999998934,0,0,637.59061529999997
development01,R98-C2,EVENT-FULL,516,514,FULL,0,20.000000000000004,19,-1,1.0000000000000036,0,0,637.65960010000003
development01,R98-C2,EVENT-FULL,517,515,FULL,1,18,17,7,1,0,0,642.41833440000005
development01,R98-C2,EVENT-FULL,518,516,FULL,0,20,19,10,1,0,0,642.75844389999997
development01,R98-C2,EVENT-FULL,519,517,FULL,0,18,17,3,1,0,0,645.00003200000003
development01,R98-C2,EVENT-FULL,520,518,FULL,0,18,17,9,1,0,0,657.29284489999998
development01,R98-C2,EVENT-FULL,521,519,FULL,0,18,17,8,1,0,0,658.01877400000001
development01,R98-C2,EVENT-FULL,522,520,FULL,0,20,19,8,1,0,0,658.45847530000003
development01,R98-C2,EVENT-FULL,523,521,FULL,0,20,19,9,1,0,0,658.58958989999996
development01,R98-C2,EVENT-FULL,524,522,FULL,0,20,19,9,1,0,0,659.51497199999994
development01,R98-C2,EVENT-FULL,525,523,FULL,0,22,21,13,1,0,0,662.22707679999996
development01,R98-C2,EVENT-FULL,526,524,FULL,0,22,21,9,1,0,0,662.45440819999999
development01,R98-C2,EVENT-FULL,527,525,FULL,0,22,21,10,1,0,0,662.85625949999996
development01,R98-C2,EVENT-FULL,528,526,FULL,0,20,19,9,1,0,0,663.12100620000001
development01,R98-C2,EVENT-FULL,529,527,FULL,1,20,19,8,1,0,0,663.53072629999997
development01,R98-C2,EVENT-FULL,530,528,FULL,1,22,21,10,1,0,0,663.91437940000003
development01,R98-C2,EVENT-FULL,531,529,FULL,1,24,23,13,1,0,0,664.74976779999997
development01,R98-C2,EVENT-FULL,532,530,FULL,1,24,23,13,1,0,0,664.82434869999997
development01,R98-C2,EVENT-FULL,533,531,FULL,0,20,19,16,1,0,0,667.46717639999997
development01,R98-C2,EVENT-FULL,534,532,FULL,0,18,17,4,1,0,0,667.5830363
development01,R98-C2,EVENT-FULL,535,533,FULL,0,18,17,4,1,0,0,668.30134650000002
development01,R98-C2,EVENT-FULL,536,534,FULL,0,18,17,4,1,0,0,669.44925179999996
development01,R98-C2,EVENT-FULL,537,535,FULL,0,18,17,3,1,0,0,670.28845439999998
development01,R98-C2,EVENT-FULL,538,536,FULL,0,18,17,8,1,0,0,677.69862980000005
development01,R98-C2,EVENT-FULL,539,537,FULL,0,20,19,9,1,0,0,678.52389659999994
development01,R98-C2,EVENT-FULL,540,538,FULL,0,20,19,11,1,0,0,679.15345170000001
development01,R98-C2,EVENT-FULL,541,539,FULL,0,20,19,11,1,0,0,680.00480319999997
development01,R98-C2,EVENT-FULL,542,540,FULL,0,20,19,10,1,0,0,680.36286359999997
development01,R98-C2,EVENT-FULL,543,541,FULL,0,16,15,0,1,0,0,681.50720049999995
development01,R98-C2,EVENT-FULL,544,542,FULL,0,16.000000000000004,15,0,1.0000000000000036,0,0,681.64139239999997
development01,R98-C2,EVENT-FULL,545,543,FULL,0,15.999999999999998,15,0,0.99999999999999822,0,0,681.7179817
development01,R98-C2,EVENT-FULL,546,544,FULL,0,16,15,-1,1,0,0,681.93261070000005
development01,R98-C2,EVENT-FULL,547,545,FULL,0,20,19,1,1,0,0,687.71537720000003
development01,R98-C2,EVENT-FULL,548,546,FULL,0,19.99999999999995,19,2,0.99999999999995026,0,0,687.82527430000005
development01,R98-C2,EVENT-FULL,549,547,FULL,0,20.000000000000025,19,1,1.0000000000000249,0,0,687.94773999999995
development01,R98-C2,EVENT-FULL,550,548,FULL,0,20,19,0,1,0,0,688.0582521
development01,R98-C2,EVENT-FULL,551,549,FULL,0,20,19,0,1,0,0,688.16973410000003
development01,R98-C2,EVENT-FULL,552,550,FULL,0,20,19,0,1,0,0,688.31171170000005
development01,R98-C2,EVENT-FULL,553,551,FULL,0,20,19,0,1,0,0,688.44514909999998
development01,R98-C2,EVENT-FULL,554,552,FULL,0,24,23,2,1,0,0,691.10750389999998
development01,R98-C2,EVENT-FULL,555,553,FULL,0,24.000000000000057,23,2,1.0000000000000568,0,0,691.21832700000004
development01,R98-C2,EVENT-FULL,556,554,FULL,0,24,23,2,1,0,0,691.39506019999999
development01,R98-C2,EVENT-FULL,557,555,FULL,0,24,23,2,1,0,0,691.45946609999999
development01,R98-C2,EVENT-FULL,558,556,FULL,0,23.999999999999996,23,1,0.99999999999999645,0,0,691.89187630000004
development01,R98-C2,EVENT-FULL,559,557,FULL,0,23.999999999999996,23,1,0.99999999999999645,0,0,691.97199439999997
development01,R98-C2,EVENT-FULL,560,558,FULL,0,23.999999999999996,23,1,0.99999999999999645,0,0,692.03701349999994
development01,R98-C2,EVENT-FULL,561,559,FULL,0,20,19,6,1,0,0,698.20254269999998
development01,R98-C2,EVENT-FULL,562,560,FULL,0,20,19,5,1,0,0,698.73276420000002
development01,R98-C2,EVENT-FULL,563,561,FULL,1,24,23,3,1,0,0,699.77538900000002
development01,R98-C2,EVENT-FULL,564,562,FULL,1,23.999999999999993,23,2,0.99999999999999289,0,0,699.93146820000004
development01,R98-C2,EVENT-FULL,565,563,FULL,1,23.999999999999993,23,2,0.99999999999999289,0,0,700.00519569999994
development01,R98-C2,EVENT-FULL,566,564,FULL,1,23.999999999999993,23,3,0.99999999999999289,0,0,700.11116100000004
development01,R98-C2,EVENT-FULL,567,565,FULL,1,23.999999999999993,23,3,0.99999999999999289,0,0,700.19089340000005
development01,R98-C2,EVENT-FULL,568,566,FULL,1,23.999999999999993,23,2,0.99999999999999289,0,0,700.36582710000005
development01,R98-C2,EVENT-FULL,569,567,FULL,1,23.999999999999993,23,2,0.99999999999999289,0,0,700.45338709999999
development01,R98-C2,EVENT-FULL,570,568,FULL,1,23.999999999999993,23,2,0.99999999999999289,0,0,700.53248680000002
development01,R98-C2,EVENT-FULL,571,569,FULL,1,23.999999999999993,23,2,0.99999999999999289,0,0,700.62424050000004
development01,R98-C2,EVENT-FULL,572,570,FULL,0,18,17,0,1,0,0,704.31293010000002
development01,R98-C2,EVENT-FULL,573,571,FULL,0,18,17,-1,1,0,0,704.40118440000003
development01,R98-C2,EVENT-FULL,574,572,FULL,0,18,17,-1,1,0,0,704.46189719999995
development01,R98-C2,EVENT-FULL,575,573,FULL,0,18,17,-1,1,0,0,704.55292650000001
development01,R98-C2,EVENT-FULL,576,574,FULL,0,18.000000000000004,17,-1,1.0000000000000036,0,0,704.63072409999995
development01,R98-C2,EVENT-FULL,577,575,FULL,0,18,17,-2,1,0,0,704.70854350000002
development01,R98-C2,EVENT-FULL,578,576,FULL,0,18,17,-1,1,0,0,704.7723105
development01,R98-C2,EVENT-FULL,579,577,FULL,0,20,19,0,1,0,0,706.3958556
development01,R98-C2,EVENT-FULL,580,578,FULL,0,18,17,0,1,0,0,706.515401
development01,R98-C2,EVENT-FULL,581,579,FULL,0,18,17,0,1,0,0,706.64523489999999
development01,R98-C2,EVENT-FULL,582,580,FULL,0,17.999999999999993,17,-1,0.99999999999999289,0,0,706.75830059999998
development01,R98-C2,EVENT-FULL,583,581,FULL,0,17.999999999999996,17,-1,0.99999999999999645,0,0,706.82963689999997
development01,R98-C2,EVENT-FULL,584,582,FULL,0,17.999999999999986,17,0,0.99999999999998579,0,0,706.91157669999996
development01,R98-C2,EVENT-FULL,585,583,FULL,0,17.999999999999996,17,0,0.99999999999999645,0,0,706.9736977
development01,R98-C2,EVENT-FULL,586,584,FULL,0,17.999999999999996,17,-1,0.99999999999999645,0,0,707.03595759999996
development01,R98-C2,EVENT-FULL,587,585,FULL,0,18,17,-1,1,0,0,707.13522160000002
development01,R98-C2,EVENT-FULL,588,586,FULL,0,17.999999999999996,17,-1,0.99999999999999645,0,0,707.20501360000003
development01,R98-C2,EVENT-FULL,589,587,FULL,0,17.999999999999989,17,-1,0.99999999999998934,0,0,707.28143699999998
development01,R98-C2,EVENT-FULL,590,588,FULL,0,17.999999999999996,17,-1,0.99999999999999645,0,0,707.34647059999998
development01,R98-C2,EVENT-FULL,591,589,FULL,0,18.000000000000032,17,1,1.000000000000032,0,0,707.42119879999996
development01,R98-C2,EVENT-FULL,592,590,FULL,0,18,17,0,1,0,0,707.49194290000003
development01,R98-C2,EVENT-FULL,593,591,FULL,0,17.999999999999993,17,-1,0.99999999999999289,0,0,707.5581889
development01,R98-C2,EVENT-FULL,594,592,FULL,0,18,17,0,1,0,0,707.62757690000001
development01,R98-C2,EVENT-FULL,595,593,FULL,1,18,17,12,1,0,0,710.49658999999997
development01,R98-C2,EVENT-FULL,596,594,FULL,1,18,17,13,1,0,0,711.00803440000004
development01,R98-C2,EVENT-FULL,597,595,FULL,0,18,17,7,1,0,0,711.20687610000004
development01,R98-C2,EVENT-FULL,598,596,FULL,1,18,17,13,1,0,0,711.53124279999997
development01,R98-C2,EVENT-FULL,599,597,FULL,1,18,17,13,1,0,0,712.14257329999998
development01,R98-C2,EVENT-FULL,600,598,FULL,1,22,21,10,1,0,0,713.36540769999999
development01,R98-C2,EVENT-FULL,601,599,FULL,0,18,17,0,1,0,0,716.65493579999998
development01,R98-C2,EVENT-FULL,602,600,FULL,0,17.999999999999996,17,0,0.99999999999999645,0,0,716.76500439999995
development01,R98-C2,EVENT-FULL,603,601,FULL,0,17.999999999999996,17,0,0.99999999999999645,0,0,716.86726590000001
development01,R98-C2,EVENT-FULL,604,602,FULL,0,17.999999999999996,17,0,0.99999999999999645,0,0,716.95839869999998
development01,R98-C2,EVENT-FULL,605,603,FULL,0,18,17,-1,1,0,0,717.08795610000004
development01,R98-C2,EVENT-FULL,606,604,FULL,0,18,17,-1,1,0,0,717.3005842
development01,R98-C2,EVENT-FULL,607,605,FULL,0,18,17,-1,1,0,0,717.38034210000001
development01,R98-C2,EVENT-FULL,608,606,FULL,1,24,23,12,1,0,0,719.09725649999996
development01,R98-C2,EVENT-FULL,609,607,FULL,0,20,19,8,1,0,0,719.48077750000004
development01,R98-C2,EVENT-FULL,610,608,FULL,0,19.999999999999996,19,8,0.99999999999999645,0,0,719.55381590000002
development01,R98-C2,EVENT-FULL,611,609,FULL,0,20,19,6,1,0,0,721.06977700000004
development01,R98-C2,EVENT-FULL,612,610,FULL,0,18,17,-2,1,0,0,723.39005880000002
development01,R98-C2,EVENT-FULL,613,611,FULL,0,18,17,-3,1,0,0,723.49775360000001
development01,R98-C2,EVENT-FULL,614,612,FULL,0,18,17,-3,1,0,0,723.55736130000003
development01,R98-C2,EVENT-FULL,615,613,FULL,0,18,17,-2,1,0,0,723.61740629999997
development01,R98-C2,EVENT-FULL,616,614,FULL,0,20,19,2,1,0,0,734.81547809999995
development01,R98-C2,EVENT-FULL,617,615,FULL,0,20.000000000000014,19,2,1.0000000000000142,0,0,735.01165400000002
development01,R98-C2,EVENT-FULL,618,616,FULL,0,20.000000000000004,19,2,1.0000000000000036,0,0,735.1294173
development01,R98-C2,EVENT-FULL,619,617,FULL,0,20.000000000000004,19,1,1.0000000000000036,0,0,735.21110480000004
development01,R98-C2,EVENT-FULL,620,618,FULL,0,20.000000000000004,19,1,1.0000000000000036,0,0,735.29096430000004
development01,R98-C2,EVENT-FULL,621,619,FULL,0,20,19,1,1,0,0,735.45371
development01,R98-C2,EVENT-FULL,622,620,FULL,0,20.000000000000004,19,0,1.0000000000000036,0,0,735.53849449999996
development01,R98-C2,EVENT-FULL,623,621,FULL,0,19.999999999999996,19,1,0.99999999999999645,0,0,735.61227699999995
development01,R98-C2,EVENT-FULL,624,622,FULL,0,20.000000000000004,19,1,1.0000000000000036,0,0,735.677323
development01,R98-C2,EVENT-FULL,625,623,FULL,0,20.000000000000007,19,1,1.0000000000000071,0,0,735.7468523
development01,R98-C2,EVENT-FULL,626,624,FULL,0,20.000000000000004,19,1,1.0000000000000036,0,0,735.81483860000003
development01,R98-C2,EVENT-FULL,627,625,FULL,0,20.000000000000004,19,0,1.0000000000000036,0,0,735.89135950000002
development01,R98-C2,EVENT-FULL,628,626,FULL,0,20.000000000000004,19,0,1.0000000000000036,0,0,735.95954640000002
development01,R98-C2,EVENT-FULL,629,627,FULL,0,20.000000000000004,19,1,1.0000000000000036,0,0,736.02937669999994
development01,R98-C2,EVENT-FULL,630,628,FULL,0,20.000000000000004,19,0,1.0000000000000036,0,0,736.16492770000002
development01,R98-C2,EVENT-FULL,631,629,FULL,0,20.000000000000004,19,0,1.0000000000000036,0,0,736.23046199999999
development01,R98-C2,EVENT-FULL,632,630,FULL,0,19.999999999999972,19,2,0.99999999999997158,0,0,736.30414629999996
development01,R98-C2,EVENT-FULL,633,631,FULL,0,20.000000000000004,19,0,1.0000000000000036,0,0,736.38746920000006
development01,R98-C2,EVENT-FULL,634,632,FULL,0,20,19,1,1,0,0,736.45458770000005
development01,R98-C2,EVENT-FULL,635,633,FULL,2,18,17,17,1,0,0,737.33800929999995
development01,R98-C2,EVENT-FULL,636,634,FULL,0,22,21,18,1,0,0,738.3701221
development01,R98-C2,EVENT-FULL,637,635,FULL,0,20,19,13,1,0,0,738.43822309999996
development01,R98-C2,EVENT-FULL,638,636,FULL,0,18,17,10,1,0,0,738.84662739999999
development01,R98-C2,EVENT-FULL,639,637,FULL,0,20,19,15,1,0,0,739.03955029999997
development01,R98-C2,EVENT-FULL,640,638,FULL,0,22,21,16,1,0,0,739.32592699999998
development01,R98-C2,EVENT-FULL,641,639,FULL,0,20,19,10,1,0,0,739.62398240000005
development01,R98-C2,EVENT-FULL,642,640,FULL,1,22,21,4,1,0,0,743.66754830000002
development01,R98-C2,EVENT-FULL,643,641,FULL,1,21.999999999999989,21,3,0.99999999999998934,0,0,743.81759580000005
development01,R98-C2,EVENT-FULL,644,642,FULL,1,22,21,3,1,0,0,743.90788669999995
development01,R98-C2,EVENT-FULL,645,643,FULL,1,22,21,2,1,0,0,743.98386740000001
development01,R98-C2,EVENT-FULL,646,644,FULL,1,22.000000000000004,21,3,1.0000000000000036,0,0,744.05252849999999
development01,R98-C2,EVENT-FULL,647,645,FULL,0,18,17,-1,1,0,0,748.76154050000002
development01,R98-C2,EVENT-FULL,648,646,FULL,1,20,19,6,1,0,0,749.06423610000002
development01,R98-C2,EVENT-FULL,649,647,FULL,1,19.999999999999996,19,6,0.99999999999999645,0,0,749.23839569999996
development01,R98-C2,EVENT-FULL,650,648,FULL,1,20.000000000000004,19,6,1.0000000000000036,0,0,749.38436379999996
development01,R98-C2,EVENT-FULL,651,649,FULL,1,20.000000000000004,19,5,1.0000000000000036,0,0,749.47824709999998
development01,R98-C2,EVENT-FULL,652,650,FULL,1,20.000000000000004,19,5,1.0000000000000036,0,0,749.58337849999998
development01,R98-C2,EVENT-FULL,653,651,FULL,1,20.000000000000004,19,5,1.0000000000000036,0,0,749.67027129999997
development01,R98-C2,EVENT-FULL,654,652,FULL,1,20.000000000000004,19,5,1.0000000000000036,0,0,749.77444660000003
development01,R98-C2,EVENT-FULL,655,653,FULL,1,20,19,5,1,0,0,750.02013580000005
development01,R98-C2,EVENT-FULL,656,654,FULL,1,20,19,4,1,0,0,750.14815309999994
development01,R98-C2,EVENT-FULL,657,655,FULL,1,20,19,4,1,0,0,750.2756789
development01,R98-C2,EVENT-FULL,658,656,FULL,1,20.000000000000004,19,3,1.0000000000000036,0,0,750.36648579999996
development01,R98-C2,EVENT-FULL,659,657,FULL,1,20.000000000000004,19,3,1.0000000000000036,0,0,750.44229949999999
development01,R98-C2,EVENT-FULL,660,658,FULL,1,20.000000000000004,19,4,1.0000000000000036,0,0,750.51832990000003
development01,R98-C2,EVENT-FULL,661,659,FULL,1,20.000000000000004,19,4,1.0000000000000036,0,0,750.59221879999996
development01,R98-C2,EVENT-FULL,662,660,FULL,1,20,19,4,1,0,0,750.67636819999996
development01,R98-C2,EVENT-FULL,663,661,FULL,1,20,19,4,1,0,0,750.76828290000003
development01,R98-C2,EVENT-FULL,664,662,FULL,1,20,19,4,1,0,0,750.84194409999998
development01,R98-C2,EVENT-FULL,665,663,FULL,1,20,19,4,1,0,0,750.92469129999995
development01,R98-C2,EVENT-FULL,666,664,FULL,1,20,19,4,1,0,0,751.03018139999995
development01,R98-C2,EVENT-FULL,667,665,FULL,1,20,19,3,1,0,0,751.18307540000001
development01,R98-C2,EVENT-FULL,668,666,FULL,1,20.000000000000004,19,3,1.0000000000000036,0,0,751.27565949999996
development01,R98-C2,EVENT-FULL,669,667,FULL,0,22,21,3,1,0,0,759.17672159999995
development01,R98-C2,EVENT-FULL,670,668,FULL,0,22,21,4,1,0,0,760.02706160000002
development01,R98-C2,EVENT-FULL,671,669,FULL,0,22,21,3,1,0,0,760.33149600000002
development01,R98-C2,EVENT-FULL,672,670,FULL,0,22.000000000000007,21,3,1.0000000000000071,0,0,760.50219389999995
development01,R98-C2,EVENT-FULL,673,671,FULL,0,22,21,3,1,0,0,760.66264479999995
development01,R98-C2,EVENT-FULL,674,672,FULL,0,22,21,2,1,0,0,760.76126999999997
development01,R98-C2,EVENT-FULL,675,673,FULL,0,22,21,2,1,0,0,760.91370070000005
development01,R98-C2,EVENT-FULL,676,674,FULL,0,22.000000000000007,21,1,1.0000000000000071,0,0,761.01163810000003
development01,R98-C2,EVENT-FULL,677,675,FULL,0,22,21,2,1,0,0,761.09704629999999
development01,R98-C2,EVENT-FULL,678,676,FULL,0,22.000000000000007,21,1,1.0000000000000071,0,0,761.18004680000001
development01,R98-C2,EVENT-FULL,679,677,FULL,0,22,21,1,1,0,0,761.24344069999995
development01,R98-C2,EVENT-FULL,680,678,FULL,0,20,19,8,1,0,0,762.24478139999997
development01,R98-C2,EVENT-FULL,681,679,FULL,1,16,15,7,1,0,0,762.39308989999995
development01,R98-C2,EVENT-FULL,682,680,FULL,1,18,17,10,1,0,0,762.72953140000004
development01,R98-C2,EVENT-FULL,683,681,FULL,0,20,19,10,1,0,0,762.84717060000003
development01,R98-C2,EVENT-FULL,684,682,FULL,1,18,17,2,1,0,0,763.11828000000003
development01,R98-C2,EVENT-FULL,685,683,FULL,0,22,21,0,1,0,0,763.36788790000003
development01,R98-C2,EVENT-FULL,686,684,FULL,0,22,21,0,1,0,0,763.43065060000004
development01,R98-C2,EVENT-FULL,687,685,FULL,0,22,21,0,1,0,0,763.5699171
development01,R98-C2,EVENT-FULL,688,686,FULL,0,22.000000000000007,21,0,1.0000000000000071,0,0,763.63019299999996
development01,R98-C2,EVENT-FULL,689,687,FULL,0,22,21,0,1,0,0,763.69224259999999
development01,R98-C2,EVENT-FULL,690,688,FULL,0,22,21,0,1,0,0,763.75233060000005
development01,R98-C2,EVENT-FULL,691,689,FULL,0,22.000000000000007,21,-1,1.0000000000000071,0,0,763.86038680000001
development01,R98-C2,EVENT-FULL,692,690,FULL,0,22.000000000000007,21,-1,1.0000000000000071,0,0,763.93122679999999
development01,R98-C2,EVENT-FULL,693,691,FULL,0,22,21,-1,1,0,0,764.0164876
development01,R98-C2,EVENT-FULL,694,692,FULL,0,21.999999999999982,21,-1,0.99999999999998224,0,0,764.11645559999999
development01,R98-C2,EVENT-FULL,695,693,FULL,0,22,21,1,1,0,0,764.2018534
development01,R98-C2,EVENT-FULL,696,694,FULL,0,22.000000000000007,21,-1,1.0000000000000071,0,0,764.34198200000003
development01,R98-C2,EVENT-FULL,697,695,FULL,0,21.999999999999979,21,0,0.99999999999997868,0,0,764.46116670000004
development01,R98-C2,EVENT-FULL,698,696,FULL,0,22,21,0,1,0,0,764.52459829999998
development01,R98-C2,EVENT-FULL,699,697,FULL,0,22,21,-1,1,0,0,764.60332200000005
development01,R98-C2,EVENT-FULL,700,698,FULL,1,28,27,2,1,0,0,766.13112120000005
development01,R98-C2,EVENT-FULL,701,699,FULL,1,28,27,2,1,0,0,766.24200589999998
development01,R98-C2,EVENT-FULL,702,700,FULL,1,28,27,1,1,0,0,766.31880799999999
development01,R98-C2,EVENT-FULL,703,701,FULL,1,28,27,1,1,0,0,766.39556700000003
development01,R98-C2,EVENT-FULL,704,702,FULL,1,28,27,2,1,0,0,766.47437439999999
development01,R98-C2,EVENT-FULL,705,703,FULL,1,20,19,13,1,0,0,768.65691819999995
development01,R98-C2,EVENT-FULL,706,704,FULL,1,18,17,12,1,0,0,768.94712800000002
development01,R98-C2,EVENT-FULL,707,705,FULL,0,18,17,11,1,0,0,769.57654639999998
development01,R98-C2,EVENT-FULL,708,706,FULL,0,24,23,0,1,0,0,772.20490619999998
development01,R98-C2,EVENT-FULL,709,707,FULL,0,24.000000000000011,23,-1,1.0000000000000107,0,0,772.30054089999999
development01,R98-C2,EVENT-FULL,710,708,FULL,0,24,23,-2,1,0,0,772.38334510000004
development01,R98-C2,EVENT-FULL,711,709,FULL,0,24,23,-2,1,0,0,772.44569739999997
development01,R98-C2,EVENT-FULL,712,710,FULL,0,23.999999999999993,23,-2,0.99999999999999289,0,0,772.50768070000004
development01,R98-C2,EVENT-FULL,713,711,FULL,0,24,23,-2,1,0,0,772.59790899999996
development01,R98-C2,EVENT-FULL,714,712,FULL,0,24,23,-2,1,0,0,772.66610749999995
development01,R98-C2,EVENT-FULL,715,713,FULL,0,23.999999999999993,23,-2,0.99999999999999289,0,0,772.7371157
development01,R98-C2,EVENT-FULL,716,714,FULL,0,18,17,7,1,0,0,774.45324149999999
development01,R98-C2,EVENT-FULL,717,715,FULL,0,16,15,6,1,0,0,774.58389810000006
development01,R98-C2,EVENT-FULL,718,716,FULL,0,18,17,1,1,0,0,776.66989079999996
development01,R98-C2,EVENT-FULL,719,717,FULL,0,24,23,23,1,0,0,777.58227369999997
development01,R98-C2,EVENT-FULL,720,718,FULL,0,20,19,12,1,0,0,777.70688610000002
development01,R98-C2,EVENT-FULL,721,719,FULL,0,22,21,9,1,0,0,777.84082430000001
development01,R98-C2,EVENT-FULL,722,720,FULL,0,21.999999999999993,21,7,0.99999999999999289,0,0,778.05484460000002
development01,R98-C2,EVENT-FULL,723,721,FULL,0,22,21,20,1,0,0,781.932771
development01,R98-C2,EVENT-FULL,724,722,FULL,0,20,19,10,1,0,0,782.49668110000005
development01,R98-C2,EVENT-FULL,725,723,FULL,0,22,21,12,1,0,0,783.56576589999997
development01,R98-C2,EVENT-FULL,726,724,FULL,0,18,17,-1,1,0,0,786.25122820000001
development01,R98-C2,EVENT-FULL,727,725,FULL,0,18,17,-1,1,0,0,786.40091749999999
development01,R98-C2,EVENT-FULL,728,726,FULL,0,18,17,-2,1,0,0,786.5763058
development01,R98-C2,EVENT-FULL,729,727,FULL,0,18,17,-2,1,0,0,786.65228500000001
development01,R98-C2,EVENT-FULL,730,728,FULL,0,18.000000000000004,17,-1,1.0000000000000036,0,0,786.73234500000001
development01,R98-C2,EVENT-FULL,731,729,FULL,0,17.999999999999996,17,-2,0.99999999999999645,0,0,786.83499259999996
development01,R98-C2,EVENT-FULL,732,730,FULL,0,18,17,-2,1,0,0,786.89880740000001
development01,R98-C2,EVENT-FULL,733,731,FULL,0,18,17,-2,1,0,0,786.97048010000003
development01,R98-C2,EVENT-FULL,734,732,FULL,1,20,19,2,1,0,0,791.31170480000003
development01,R98-C2,EVENT-FULL,735,733,FULL,1,20,19,1,1,0,0,791.38901659999999
development01,R98-C2,EVENT-FULL,736,734,FULL,1,20,19,1,1,0,0,791.4835683
development01,R98-C2,EVENT-FULL,737,735,FULL,1,20,19,2,1,0,0,791.55431680000004
development01,R98-C2,EVENT-FULL,738,736,FULL,1,20,19,1,1,0,0,791.62629030000005
development01,R98-C2,EVENT-FULL,739,737,FULL,1,20,19,1,1,0,0,791.69847479999999
development01,R98-C2,EVENT-FULL,740,738,FULL,0,18,17,8,1,0,0,795.76723019999997
development01,R98-C2,EVENT-FULL,741,739,FULL,0,20,19,10,1,0,0,796.6043674
development01,R98-C2,EVENT-FULL,742,740,FULL,0,22,21,17,1,0,0,800.55572930000005
development01,R98-C2,EVENT-FULL,743,741,FULL,0,22,21,16,1,0,0,800.89796869999998
development01,R98-C2,EVENT-FULL,744,742,FULL,0,22,21,13,1,0,0,801.35560950000001
development01,R98-C2,EVENT-FULL,745,743,FULL,0,22,21,10,1,0,0,809.04864050000003
development01,R98-C2,EVENT-FULL,746,744,FULL,0,20,19,13,1,0,0,816.99646689999997
development01,R98-C2,EVENT-FULL,747,745,FULL,0,20,19,12,1,0,0,817.26104529999998
development01,R98-C2,EVENT-FULL,748,746,FULL,0,18,17,10,1,0,0,818.06732780000004
development01,R98-C2,EVENT-FULL,749,747,FULL,0,22,21,16,1,0,0,818.98172869999996
development01,R98-C2,EVENT-FULL,750,748,FULL,0,22,21,16,1,0,0,819.72972219999997
development01,R98-C2,EVENT-FULL,751,749,FULL,0,22,21,7,1,0,0,821.47107830000004
development01,R98-C2,EVENT-FULL,752,750,FULL,0,22.000000000000011,21,7,1.0000000000000107,0,0,821.64239899999995
development01,R98-C2,EVENT-FULL,753,751,FULL,0,22.000000000000007,21,6,1.0000000000000071,0,0,821.75313770000002
development01,R98-C2,EVENT-FULL,754,752,FULL,0,22.000000000000007,21,6,1.0000000000000071,0,0,821.85274519999996
development01,R98-C2,EVENT-FULL,755,753,FULL,0,22.000000000000007,21,6,1.0000000000000071,0,0,822.00031130000002
development01,R98-C2,EVENT-FULL,756,754,FULL,0,21.999999999999993,21,8,0.99999999999999289,0,0,822.06143569999995
development01,R98-C2,EVENT-FULL,757,755,FULL,0,22.000000000000011,21,6,1.0000000000000107,0,0,822.16491919999999
development01,R98-C2,EVENT-FULL,758,756,FULL,0,22.000000000000014,21,6,1.0000000000000142,0,0,822.31318750000003
development01,R98-C2,EVENT-FULL,759,757,FULL,0,22,21,6,1,0,0,822.516796
development01,R98-C2,EVENT-FULL,760,758,FULL,0,22,21,6,1,0,0,822.577358
development01,R98-C2,EVENT-FULL,761,759,FULL,0,22,21,5,1,0,0,822.66666090000001
development01,R98-C2,EVENT-FULL,762,760,FULL,0,22,21,5,1,0,0,822.75013520000005
development01,R98-C2,EVENT-FULL,763,761,FULL,0,20,19,3,1,0,0,822.95387470000003
development01,R98-C2,EVENT-FULL,764,762,FULL,0,20,19,2,1,0,0,823.24490119999996
development01,R98-C2,EVENT-FULL,765,763,FULL,0,20,19,3,1,0,0,823.41533519999996
development01,R98-C2,EVENT-FULL,766,764,FULL,0,20,19,2,1,0,0,823.56820770000002
development01,R98-C2,EVENT-FULL,767,765,FULL,0,20,19,3,1,0,0,823.66691790000004
development01,R98-C2,EVENT-FULL,768,766,FULL,0,20,19,3,1,0,0,823.76632989999996
development01,R98-C2,EVENT-FULL,769,767,FULL,0,20,19,3,1,0,0,823.87158599999998
development01,R98-C2,EVENT-FULL,770,768,FULL,0,22,21,12,1,0,0,824.93758590000004
development01,R98-C2,EVENT-FULL,771,769,FULL,0,20,19,3,1,0,0,826.05644429999995
development01,R98-C2,EVENT-FULL,772,770,FULL,0,20,19,4,1,0,0,826.11844670000005
development01,R98-C2,EVENT-FULL,773,771,FULL,0,20,19,8,1,0,0,828.23014820000003
development01,R98-C2,EVENT-FULL,774,772,FULL,0,22,21,6,1,0,0,830.50067569999999
development01,R98-C2,EVENT-FULL,775,773,FULL,0,22.000000000000011,21,6,1.0000000000000107,0,0,830.6545893
development01,R98-C2,EVENT-FULL,776,774,FULL,0,22.000000000000007,21,6,1.0000000000000071,0,0,830.80119009999999
development01,R98-C2,EVENT-FULL,777,775,FULL,0,22,21,2,1,0,0,831.26106300000004
development01,R98-C2,EVENT-FULL,778,776,FULL,0,22,21,3,1,0,0,831.47312799999997
development01,R98-C2,EVENT-FULL,779,777,FULL,0,22,21,3,1,0,0,831.68145600000003
development01,R98-C2,EVENT-FULL,780,778,FULL,0,22,21,3,1,0,0,831.91481009999995
development01,R98-C2,EVENT-FULL,781,779,FULL,0,21.999999999999993,21,2,0.99999999999999289,0,0,832.06661499999996
development01,R98-C2,EVENT-FULL,782,780,FULL,0,22.000000000000004,21,2,1.0000000000000036,0,0,832.20901200000003
development01,R98-C2,EVENT-FULL,783,781,FULL,0,22,21,1,1,0,0,832.38812859999996
development01,R98-C2,EVENT-FULL,784,782,FULL,0,22,21,1,1,0,0,832.52375050000001
development01,R98-C2,EVENT-FULL,785,783,FULL,0,20,19,11,1,0,0,836.30431659999999
development01,R98-C2,EVENT-FULL,786,784,FULL,0,22,21,14,1,0,0,836.51955959999998
development01,R98-C2,EVENT-FULL,787,785,FULL,0,22,21,13,1,0,0,837.93193459999998
development01,R98-C2,EVENT-FULL,788,786,FULL,0,24,23,12,1,0,0,838.43312400000002
development01,R98-C2,EVENT-FULL,789,787,FULL,0,22,21,13,1,0,0,841.12936339999999
development01,R98-C2,EVENT-FULL,790,788,FULL,0,22,21,12,1,0,0,841.35816520000003
development01,R98-C2,EVENT-FULL,791,789,FULL,0,24,23,13,1,0,0,841.84981549999998
development01,R98-C2,EVENT-FULL,792,790,FULL,0,22,21,10,1,0,0,844.11797460000003
development01,R98-C2,EVENT-FULL,793,791,FULL,0,22,21,10,1,0,0,845.0303639
development01,R98-C2,EVENT-FULL,794,792,FULL,0,22,21,10,1,0,0,845.18031619999999
development01,R98-C2,EVENT-FULL,795,793,FULL,0,24,23,10,1,0,0,848.27617659999999
development01,R98-C2,EVENT-FULL,796,794,FULL,0,24,23,10,1,0,0,848.47176279999996
development01,R98-C2,EVENT-FULL,797,795,FULL,0,24,23,9,1,0,0,848.77134809999995
development01,R98-C2,EVENT-FULL,798,796,FULL,0,24,23,9,1,0,0,848.84610029999999
development01,R98-C2,EVENT-FULL,799,797,FULL,0,24,23,9,1,0,0,848.92587160000005
development01,R98-C2,EVENT-FULL,800,798,FULL,0,20,19,-2,1,0,0,850.73482579999995
development01,R98-C2,EVENT-FULL,801,799,FULL,0,20.000000000000004,19,-2,1.0000000000000036,0,0,850.8550358
development01,R98-C2,EVENT-FULL,802,800,FULL,0,20.000000000000004,19,-3,1.0000000000000036,0,0,850.95450989999995
development01,R98-C2,EVENT-FULL,803,801,FULL,0,20,19,-4,1,0,0,851.07550230000004
development01,R98-C2,EVENT-FULL,804,802,FULL,0,20.000000000000004,19,-2,1.0000000000000036,0,0,851.1605217
development01,R98-C2,EVENT-FULL,805,803,FULL,0,20,19,-2,1,0,0,851.25108569999998
development01,R98-C2,EVENT-FULL,806,804,FULL,0,20,19,-3,1,0,0,851.36871329999997
development01,R98-C2,EVENT-FULL,807,805,FULL,0,20,19,-3,1,0,0,851.43919400000004
development01,R98-C2,EVENT-FULL,808,806,FULL,0,22,21,2,1,0,0,852.83712390000005
development01,R98-C2,EVENT-FULL,809,807,FULL,0,22.000000000000011,21,1,1.0000000000000107,0,0,852.98534570000004
development01,R98-C2,EVENT-FULL,810,808,FULL,0,21.999999999999996,21,1,0.99999999999999645,0,0,853.0531039
development01,R98-C2,EVENT-FULL,811,809,FULL,0,21.999999999999996,21,1,0.99999999999999645,0,0,853.14055359999998
development01,R98-C2,EVENT-FULL,812,810,FULL,0,22,21,0,1,0,0,853.22669129999997
development01,R98-C2,EVENT-FULL,813,811,FULL,0,18,17,0,1,0,0,854.71493599999997
development01,R98-C2,EVENT-FULL,814,812,FULL,0,17.999999999999996,17,-1,0.99999999999999645,0,0,854.8955267
development01,R98-C2,EVENT-FULL,815,813,FULL,1,18,17,-1,1,0,0,855.05081870000004
development01,R98-C2,EVENT-FULL,816,814,FULL,1,18,17,-3,1,0,0,855.25435900000002
development01,R98-C2,EVENT-FULL,817,815,FULL,1,18.000000000000007,17,-3,1.0000000000000071,0,0,855.44289570000001
development01,R98-C2,EVENT-FULL,818,816,FULL,1,18,17,-3,1,0,0,855.57999819999998
development01,R98-C2,EVENT-FULL,819,817,FULL,1,18,17,-3,1,0,0,855.7190521
development01,R98-C2,EVENT-FULL,820,818,FULL,1,18,17,-3,1,0,0,855.82769050000002
development01,R98-C2,EVENT-FULL,821,819,FULL,1,17.999999999999996,17,-4,0.99999999999999645,0,0,856.06018949999998
development01,R98-C2,EVENT-FULL,822,820,FULL,0,17.999999999999996,17,2,0.99999999999999645,0,0,857.4420245
development01,R98-C2,EVENT-FULL,823,821,FULL,0,15.999999999999995,15,-1,0.99999999999999467,0,0,858.99154480000004
development01,R98-C2,EVENT-FULL,824,822,FULL,0,16.000000000000014,15,-1,1.0000000000000142,0,0,859.06710029999999
development01,R98-C2,EVENT-FULL,825,823,FULL,0,16,15,0,1,0,0,859.1713168
development01,R98-C2,EVENT-FULL,826,824,FULL,0,14,13,0,1,0,0,859.23518260000003
development01,R98-C2,EVENT-FULL,827,825,FULL,0,18,17,6,1,0,0,860.62075530000004
development01,R98-C2,EVENT-FULL,828,826,FULL,0,20,19,11,1,0,0,860.82273810000004
development01,R98-C2,EVENT-FULL,829,827,FULL,0,18,17,2,1,0,0,860.90809230000002
development01,R98-C2,EVENT-FULL,830,828,FULL,0,22,21,1,1,0,0,864.09986719999995
development01,R98-C2,EVENT-FULL,831,829,FULL,0,22,21,-2,1,0,0,864.34493010000006
development01,R98-C2,EVENT-FULL,832,830,FULL,0,22,21,-2,1,0,0,864.4112556
development01,R98-C2,EVENT-FULL,833,831,FULL,0,22,21,-2,1,0,0,864.47684419999996
development01,R98-C2,EVENT-FULL,834,832,FULL,0,22,21,-2,1,0,0,864.53656669999998
development01,R98-C2,EVENT-FULL,835,833,FULL,0,22,21,-2,1,0,0,864.60241440000004
development01,R98-C2,EVENT-FULL,836,834,FULL,0,22,21,-2,1,0,0,864.66709979999996
development01,R98-C2,EVENT-FULL,837,835,FULL,0,22,21,-2,1,0,0,864.90991559999998
development01,R98-C2,EVENT-FULL,838,836,FULL,0,22.000000000000632,21,-3,1.0000000000006324,0,0,865.00622290000001
development01,R98-C2,EVENT-FULL,839,837,FULL,0,22,21,-3,1,0,0,865.24465510000005
development01,R98-C2,EVENT-FULL,840,838,FULL,0,22,21,-4,1,0,0,865.59752170000002
development01,R98-C2,EVENT-FULL,841,839,FULL,0,22,21,-4,1,0,0,865.81383389999996
development01,R98-C2,EVENT-FULL,842,840,FULL,0,20,19,2,1,0,0,867.38921119999998
development01,R98-C2,EVENT-FULL,843,841,FULL,0,18,17,-1,1,0,0,868.5782792
development01,R98-C2,EVENT-FULL,844,842,FULL,0,17.999999999999996,17,-2,0.99999999999999645,0,0,868.85165959999995
development01,R98-C2,EVENT-FULL,845,843,FULL,0,17.999999999999996,17,0,0.99999999999999645,0,0,869.01977150000005
development01,R98-C2,EVENT-FULL,846,844,FULL,0,17.999999999999996,17,-1,0.99999999999999645,0,0,869.1261442
development01,R98-C2,EVENT-FULL,847,845,FULL,0,17.999999999999901,17,-1,0.99999999999990052,0,0,869.26249150000001
development01,R98-C2,EVENT-FULL,848,846,FULL,0,18.000000000000004,17,-2,1.0000000000000036,0,0,869.34846159999995
development01,R98-C2,EVENT-FULL,849,847,FULL,0,17.999999999999996,17,-2,0.99999999999999645,0,0,869.41938849999997
development01,R98-C2,EVENT-FULL,850,848,FULL,0,18,17,-2,1,0,0,869.56007279999994
development01,R98-C2,EVENT-FULL,851,849,FULL,0,16,15,-2,1,0,0,869.77229380000006
development01,R98-C2,EVENT-FULL,852,850,FULL,0,16,15,-2,1,0,0,869.88827209999999
development01,R98-C2,EVENT-FULL,853,851,FULL,0,16,15,-2,1,0,0,870.00858140000003
development01,R98-C2,EVENT-FULL,854,852,FULL,0,16,15,-2,1,0,0,870.16952879999997
development01,R98-C2,EVENT-FULL,855,853,FULL,0,15.999999999999989,15,-2,0.99999999999998934,0,0,870.3268352
development01,R98-C2,EVENT-FULL,856,854,FULL,0,15.999999999999995,15,-2,0.99999999999999467,0,0,870.45140379999998
development01,R98-C2,EVENT-FULL,857,855,FULL,0,16,15,-2,1,0,0,870.58925299999999
development01,R98-C2,EVENT-FULL,858,856,FULL,0,16,15,-2,1,0,0,870.71244330000002
development01,R98-C2,EVENT-FULL,859,857,FULL,0,15.999999999999998,15,-3,0.99999999999999822,0,0,870.89764000000002
development01,R98-C2,EVENT-FULL,860,858,FULL,0,16,15,-2,1,0,0,871.0039726
development01,R98-C2,EVENT-FULL,861,859,FULL,0,16,15,-3,1,0,0,871.11188140000002
development01,R98-C2,EVENT-FULL,862,860,FULL,0,16,15,-3,1,0,0,871.23578280000004
development01,R98-C2,EVENT-FULL,863,861,FULL,1,22,21,6,1,0,0,871.38670160000004
development01,R98-C2,EVENT-FULL,864,862,FULL,0,16,15,-3,1,0,0,871.59126879999997
development01,R98-C2,EVENT-FULL,865,863,FULL,0,16,15,-3,1,0,0,871.81831790000001
development01,R98-C2,EVENT-FULL,866,864,FULL,0,18.000000000000004,17,-3,1.0000000000000036,0,0,872.01396650000004
development01,R98-C2,EVENT-FULL,867,865,FULL,0,16,15,-4,1,0,0,872.11988229999997
development01,R98-C2,EVENT-FULL,868,866,FULL,0,16,15,-4,1,0,0,872.20293590000006
development01,R98-C2,EVENT-FULL,869,867,FULL,0,18.000000000000004,17,-4,1.0000000000000036,0,0,872.33398969999996
development01,R98-C2,EVENT-FULL,870,868,FULL,0,17.999999999999996,17,-4,0.99999999999999645,0,0,872.52988230000005
development01,R98-C2,EVENT-FULL,871,869,FULL,0,16,15,-4,1,0,0,872.72942069999999
development01,R98-C2,EVENT-FULL,872,870,FULL,0,16,15,-4,1,0,0,872.90413030000002
development01,R98-C2,EVENT-FULL,873,871,FULL,0,16,15,-4,1,0,0,873.00028339999994
development01,R98-C2,EVENT-FULL,874,872,FULL,0,16,15,-4,1,0,0,873.10719640000002
development01,R98-C2,EVENT-FULL,875,873,FULL,0,16,15,-4,1,0,0,873.21417259999998
development01,R98-C2,EVENT-FULL,876,874,FULL,0,22,21,16,1,0,0,875.21560360000001
development01,R98-C2,EVENT-FULL,877,875,FULL,1,20,19,0,1,0,0,878.66964480000001
development01,R98-C2,EVENT-FULL,878,876,FULL,0,18,17,10,1,0,0,879.87551470000005
development01,R98-C2,EVENT-FULL,879,877,FULL,0,22,21,18,1,0,0,880.60468470000001
development01,R98-C2,EVENT-FULL,880,878,FULL,0,20,19,12,1,0,0,880.77716940000005
development01,R98-C2,EVENT-FULL,881,879,FULL,0,20.000000000000025,19,3,1.0000000000000249,0,0,884.07644319999997
development01,R98-C2,EVENT-FULL,882,880,FULL,1,26,25,-1,1,0,0,884.26760620000005
development01,R98-C2,EVENT-FULL,883,881,FULL,1,26.000000000000032,25,-1,1.000000000000032,0,0,884.47994029999995
development01,R98-C2,EVENT-FULL,884,882,FULL,1,25.999999999999996,25,-1,0.99999999999999645,0,0,884.57103640000003
development01,R98-C2,EVENT-FULL,885,883,FULL,1,25.999999999999993,25,-2,0.99999999999999289,0,0,884.66427980000003
development01,R98-C2,EVENT-FULL,886,884,FULL,1,25.999999999999996,25,-1,0.99999999999999645,0,0,884.76756580000006
development01,R98-C2,EVENT-FULL,887,885,FULL,0,22,21,8,1,0,0,885.33188659999996
development01,R98-C2,EVENT-FULL,888,886,FULL,0,26,25,8,1,0,0,887.02990290000002
development01,R98-C2,EVENT-FULL,889,887,FULL,0,26,25,12,1,0,0,887.39791500000001
development01,R98-C2,EVENT-FULL,890,888,FULL,0,26,25,3,1,0,0,887.51893870000004
development01,R98-C2,EVENT-FULL,891,889,FULL,0,20,19,2,1,0,0,889.55437110000003
development01,R98-C2,EVENT-FULL,892,890,FULL,0,20,19,3,1,0,0,889.77719230000002
development01,R98-C2,EVENT-FULL,893,891,FULL,0,21.999999999999943,21,-1,0.99999999999994316,0,0,890.02696119999996
development01,R98-C2,EVENT-FULL,894,892,FULL,0,22,21,-1,1,0,0,890.09745120000002
development01,R98-C2,EVENT-FULL,895,893,FULL,0,21.999999999999861,21,-1,0.99999999999986144,0,0,890.16567529999998
development01,R98-C2,EVENT-FULL,896,894,FULL,0,21.999999999999996,21,-2,0.99999999999999645,0,0,890.27867260000005
development01,R98-C2,EVENT-FULL,897,895,FULL,0,21.999999999999996,21,-2,0.99999999999999645,0,0,890.38469450000002
development01,R98-C2,EVENT-FULL,898,896,FULL,0,22,21,-2,1,0,0,890.45760870000004
development01,R98-C2,EVENT-FULL,899,897,FULL,0,21.999999999999996,21,-1,0.99999999999999645,0,0,890.53777130000003
development01,R98-C2,EVENT-FULL,900,898,FULL,0,20,19,3,1,0,0,891.9102345
development01,R98-C2,EVENT-FULL,901,899,FULL,0,20,19,2,1,0,0,892.28955610000003
development01,R98-C2,EVENT-FULL,902,900,FULL,0,20.000000000000004,19,2,1.0000000000000036,0,0,892.48942120000004
development01,R98-C2,EVENT-FULL,903,901,FULL,0,19.999999999999996,19,3,0.99999999999999645,0,0,892.61703560000001
development01,R98-C2,EVENT-FULL,904,902,FULL,0,20.000000000000004,19,3,1.0000000000000036,0,0,892.87459360000003
development01,R98-C2,EVENT-FULL,905,903,FULL,0,20,19,2,1,0,0,893.05413499999997
development01,R98-C2,EVENT-FULL,906,904,FULL,0,19.999999999999986,19,3,0.99999999999998579,0,0,893.16452939999999
development01,R98-C2,EVENT-FULL,907,905,FULL,0,20.000000000000004,19,2,1.0000000000000036,0,0,893.36626039999999
development01,R98-C2,EVENT-FULL,908,906,FULL,0,18,17,2,1,0,0,893.50061970000002
development01,R98-C2,EVENT-FULL,909,907,FULL,0,20.000000000000004,19,1,1.0000000000000036,0,0,893.63967119999995
development01,R98-C2,EVENT-FULL,910,908,FULL,0,19.999999999999996,19,1,0.99999999999999645,0,0,893.79614719999995
development01,R98-C2,EVENT-FULL,911,909,FULL,0,20.000000000000004,19,1,1.0000000000000036,0,0,893.92162519999999
development01,R98-C2,EVENT-FULL,912,910,FULL,0,19.999999999999996,19,2,0.99999999999999645,0,0,894.05663770000001
development01,R98-C2,EVENT-FULL,913,911,FULL,0,20.000000000000004,19,2,1.0000000000000036,0,0,894.18447060000005
development01,R98-C2,EVENT-FULL,914,912,FULL,0,20,19,2,1,0,0,894.2842435
development01,R98-C2,EVENT-FULL,915,913,FULL,0,20.000000000000004,19,1,1.0000000000000036,0,0,894.46975699999996
development01,R98-C2,EVENT-FULL,916,914,FULL,0,20.000000000000004,19,1,1.0000000000000036,0,0,894.59194049999996
development01,R98-C2,EVENT-FULL,917,915,FULL,0,19.999999999999993,19,2,0.99999999999999289,0,0,894.81039850000002
development01,R98-C2,EVENT-FULL,918,916,FULL,0,19.999999999999979,19,2,0.99999999999997868,0,0,894.94165290000001
development01,R98-C2,EVENT-FULL,919,917,FULL,0,20.000000000000004,19,2,1.0000000000000036,0,0,895.07234310000001
development01,R98-C2,EVENT-FULL,920,918,FULL,0,20,19,2,1,0,0,895.15785400000004
development01,R98-C2,EVENT-FULL,921,919,FULL,0,20.000000000000004,19,2,1.0000000000000036,0,0,895.31154670000001
development01,R98-C2,EVENT-FULL,922,920,FULL,0,18,17,11,1,0,0,897.38937269999997
development01,R98-C2,EVENT-FULL,923,921,FULL,0,18,17,9,1,0,0,897.7758149
development01,R98-C2,EVENT-FULL,924,922,FULL,1,18,17,13,1,0,0,897.91423640000005
development01,R98-C2,EVENT-FULL,925,923,FULL,0,18,17,8,1,0,0,898.58573469999999
development01,R98-C2,EVENT-FULL,926,924,FULL,0,18,17,8,1,0,0,899.92813239999998
development01,R98-C2,EVENT-FULL,927,925,FULL,0,16,15,7,1,0,0,900.1465839
development01,R98-C2,EVENT-FULL,928,926,FULL,1,18,17,13,1,0,0,900.46409100000005
development01,R98-C2,EVENT-FULL,929,927,FULL,0,16.000000000000011,15,2,1.0000000000000107,0,0,901.55554889999996
development01,R98-C2,EVENT-FULL,930,928,FULL,1,24,23,4,1,0,0,901.95315660000006
development01,R98-C2,EVENT-FULL,931,929,FULL,1,24,23,3,1,0,0,902.26341060000004
development01,R98-C2,EVENT-FULL,932,930,FULL,1,21.999999999999932,21,7,0.9999999999999325,0,0,904.94002980000005
development01,R98-C2,EVENT-FULL,933,931,FULL,1,22,21,1,1,0,0,906.98003500000004
development01,R98-C2,EVENT-FULL,934,932,FULL,1,22,21,1,1,0,0,907.04566560000001
development01,R98-C2,EVENT-FULL,935,933,FULL,1,22.000000000000004,21,1,1.0000000000000036,0,0,907.11339980000002
development01,R98-C2,EVENT-FULL,936,934,FULL,1,22,21,1,1,0,0,907.18009840000002
development01,R98-C2,EVENT-FULL,937,935,FULL,1,22,21,1,1,0,0,907.2455281
development01,R98-C2,EVENT-FULL,938,936,FULL,1,18,17,3,1,0,0,909.00783209999997
development01,R98-C2,EVENT-FULL,939,937,FULL,1,17.999999999999996,17,2,0.99999999999999645,0,0,909.18108419999999
development01,R98-C2,EVENT-FULL,940,938,FULL,1,17.999999999999996,17,3,0.99999999999999645,0,0,909.29546900000003
development01,R98-C2,EVENT-FULL,941,939,FULL,1,17.999999999999996,17,2,0.99999999999999645,0,0,909.39845979999996
development01,R98-C2,EVENT-FULL,942,940,FULL,2,22,21,0,1,0,0,909.5938744
development01,R98-C2,EVENT-FULL,943,941,FULL,1,17.999999999999993,17,2,0.99999999999999289,0,0,909.73999519999995
development01,R98-C2,EVENT-FULL,944,942,FULL,1,18.000000000000004,17,2,1.0000000000000036,0,0,909.94292580000001
development01,R98-C2,EVENT-FULL,945,943,FULL,0,26,25,5,1,0,0,910.57727550000004
development01,R98-C2,EVENT-FULL,946,944,FULL,0,18,17,3,1,0,0,912.3056229
development01,R98-C2,EVENT-FULL,947,945,FULL,0,18.000000000000004,17,3,1.0000000000000036,0,0,912.45857439999997
development01,R98-C2,EVENT-FULL,948,946,FULL,0,17.999999999999996,17,4,0.99999999999999645,0,0,912.58552910000003
development01,R98-C2,EVENT-FULL,949,947,FULL,0,17.999999999999996,17,3,0.99999999999999645,0,0,912.67700409999998
development01,R98-C2,EVENT-FULL,950,948,FULL,0,17.999999999999993,17,2,0.99999999999999289,0,0,912.95086630000003
development01,R98-C2,EVENT-FULL,951,949,FULL,0,18,17,2,1,0,0,913.13321610000003
development01,R98-C2,EVENT-FULL,952,950,FULL,1,18,17,-1,1,0,0,916.07514700000002
development01,R98-C2,EVENT-FULL,953,951,FULL,0,20,19,3,1,0,0,916.6406872
development01,R98-C2,EVENT-FULL,954,952,FULL,0,20,19,3,1,0,0,916.74523199999999
development01,R98-C2,EVENT-FULL,955,953,FULL,0,20,19,3,1,0,0,916.89728639999998
development01,R98-C2,EVENT-FULL,956,954,FULL,0,20,19,2,1,0,0,917.0486181
development01,R98-C2,EVENT-FULL,957,955,FULL,0,20,19,2,1,0,0,917.16016539999998
development01,R98-C2,EVENT-FULL,958,956,FULL,0,20,19,2,1,0,0,917.44307849999996
development01,R98-C2,EVENT-FULL,959,957,FULL,0,20,19,1,1,0,0,917.58420379999995
development01,R98-C2,EVENT-FULL,960,958,FULL,0,20,19,1,1,0,0,917.71782619999999
development01,R98-C2,EVENT-FULL,961,959,FULL,0,20,19,1,1,0,0,917.85336010000003
development01,R98-C2,EVENT-FULL,962,960,FULL,0,20.000000000000004,19,0,1.0000000000000036,0,0,917.98330339999995
development01,R98-C2,EVENT-FULL,963,961,FULL,0,19.999999999999996,19,1,0.99999999999999645,0,0,918.11916380000002
development01,R98-C2,EVENT-FULL,964,962,FULL,0,20,19,0,1,0,0,918.20383819999995
development01,R98-C2,EVENT-FULL,965,963,FULL,0,20,19,0,1,0,0,918.42684670000006
development01,R98-C2,EVENT-FULL,966,964,FULL,0,20,19,0,1,0,0,918.58043999999995
development01,R98-C2,EVENT-FULL,967,965,FULL,0,18,17,0,1,0,0,918.65282649999995
development01,R98-C2,EVENT-FULL,968,966,FULL,0,20,19,0,1,0,0,918.72582160000002
development01,R98-C2,EVENT-FULL,969,967,FULL,0,20,19,0,1,0,0,918.84338649999995
development01,R98-C2,EVENT-FULL,970,968,FULL,0,19.999999999999989,19,1,0.99999999999998934,0,0,918.91289589999997
development01,R98-C2,EVENT-FULL,971,969,FULL,0,18,17,2,1,0,0,921.42605879999996
development01,R98-C2,EVENT-FULL,972,970,FULL,0,17.999999999999996,17,3,0.99999999999999645,0,0,921.63297920000002
development01,R98-C2,EVENT-FULL,973,971,FULL,0,18,17,1,1,0,0,921.73518739999997
development01,R98-C2,EVENT-FULL,974,972,FULL,0,20,19,11,1,0,0,923.57522830000005
development01,R98-C2,EVENT-FULL,975,973,FULL,1,22,21,17,1,0,0,924.15683330000002
development01,R98-C2,EVENT-FULL,976,974,FULL,2,20,19,14,1,0,0,925.04806250000001
development01,R98-C2,EVENT-FULL,977,975,FULL,0,18,17,2,1,0,0,925.31371109999998
development01,R98-C2,EVENT-FULL,978,976,FULL,0,18,17,2,1,0,0,925.47456030000001
development01,R98-C2,EVENT-FULL,979,977,FULL,0,17.999999999999996,17,2,0.99999999999999645,0,0,925.60915639999996
development01,R98-C2,EVENT-FULL,980,978,FULL,0,18,17,2,1,0,0,925.79281600000002
development01,R98-C2,EVENT-FULL,981,979,FULL,0,17.999999999999996,17,2,0.99999999999999645,0,0,925.9035093
development01,R98-C2,EVENT-FULL,982,980,FULL,0,17.999999999999986,17,1,0.99999999999998579,0,0,926.0664362
development01,R98-C2,EVENT-FULL,983,981,FULL,0,17.999999999999996,17,1,0.99999999999999645,0,0,926.18783670000005
development01,R98-C2,EVENT-FULL,984,982,FULL,0,17.999999999999993,17,1,0.99999999999999289,0,0,926.35900340000001
development01,R98-C2,EVENT-FULL,985,983,FULL,0,17.999999999999993,17,1,0.99999999999999289,0,0,926.50004249999995
development01,R98-C2,EVENT-FULL,986,984,FULL,0,17.999999999999996,17,2,0.99999999999999645,0,0,926.6173556
development01,R98-C2,EVENT-FULL,987,985,FULL,0,18,17,1,1,0,0,926.78163730000006
development01,R98-C2,EVENT-FULL,988,986,FULL,0,17.999999999999996,17,1,0.99999999999999645,0,0,926.88004690000002
development01,R98-C2,EVENT-FULL,989,987,FULL,0,18.000000000000004,17,2,1.0000000000000036,0,0,927.03824050000003
development01,R98-C2,EVENT-FULL,990,988,FULL,1,26,25,4,1,0,0,927.21344160000001
development01,R98-C2,EVENT-FULL,991,989,FULL,1,25.999999999999968,25,3,0.99999999999996803,0,0,927.45345499999996
development01,R98-C2,EVENT-FULL,992,990,FULL,1,26,25,3,1,0,0,927.60452780000003
development01,R98-C2,EVENT-FULL,993,991,FULL,1,26,25,4,1,0,0,927.80420419999996
development01,R98-C2,EVENT-FULL,994,992,FULL,1,26.000000000000007,25,3,1.0000000000000071,0,0,927.88628240000003
development01,R98-C2,EVENT-FULL,995,993,FULL,1,25.999999999999957,25,3,0.99999999999995737,0,0,928.05313660000002
development01,R98-C2,EVENT-FULL,996,994,FULL,1,20,19,2,1,0,0,930.99838650000004
development01,R98-C2,EVENT-FULL,997,995,FULL,1,18,17,2,1,0,0,931.26413179999997
development01,R98-C2,EVENT-FULL,998,996,FULL,1,18,17,2,1,0,0,931.43454750000001
development01,R98-C2,EVENT-FULL,999,997,FULL,1,18,17,1,1,0,0,931.73136599999998
development01,R98-C2,EVENT-FULL,1000,998,FULL,1,17.999999999999996,17,2,0.99999999999999645,0,0,931.81777169999998
development01,R98-C2,EVENT-FULL,1001,999,FULL,1,17.999999999999996,17,2,0.99999999999999645,0,0,931.89871100000005
development01,R98-C2,EVENT-FULL,1002,1000,FULL,1,17.999999999999996,17,1,0.99999999999999645,0,0,932.02965219999999
development01,R98-C2,EVENT-FULL,1003,1001,FULL,1,17.999999999999996,17,1,0.99999999999999645,0,0,932.15216550000002
development01,R98-C2,EVENT-FULL,1004,1002,FULL,1,17.999999999999996,17,1,0.99999999999999645,0,0,932.22827749999999
development01,R98-C2,EVENT-FULL,1005,1003,FULL,1,17.999999999999993,17,1,0.99999999999999289,0,0,932.32813920000001
development01,R98-C2,EVENT-FULL,1006,1004,FULL,1,17.999999999999993,17,0,0.99999999999999289,0,0,932.43044540000005
development01,R98-C2,EVENT-FULL,1007,1005,FULL,1,17.999999999999996,17,0,0.99999999999999645,0,0,932.50973820000002
development01,R98-C2,EVENT-FULL,1008,1006,FULL,1,17.999999999999993,17,0,0.99999999999999289,0,0,932.62778049999997
development01,R98-C2,EVENT-FULL,1009,1007,FULL,2,22,21,9,1,0,0,932.75584990000004
development01,R98-C2,EVENT-FULL,1010,1008,FULL,1,17.999999999999996,17,0,0.99999999999999645,0,0,933.15038649999997
development01,R98-C2,EVENT-FULL,1011,1009,FULL,1,17.999999999999996,17,0,0.99999999999999645,0,0,933.25027139999997
development01,R98-C2,EVENT-FULL,1012,1010,FULL,1,17.999999999999996,17,0,0.99999999999999645,0,0,933.38228570000001
development01,R98-C2,EVENT-FULL,1013,1011,FULL,1,17.999999999999996,17,0,0.99999999999999645,0,0,933.53857849999997
development01,R98-C2,EVENT-FULL,1014,1012,FULL,1,17.999999999999993,17,0,0.99999999999999289,0,0,933.73064729999999
development01,R98-C2,EVENT-FULL,1015,1013,FULL,1,25.999999999999996,25,7,0.99999999999999645,0,0,935.35535749999997
development01,R98-C2,EVENT-FULL,1016,1014,FULL,0,18,17,2,1,0,0,937.13265550000006
development01,R98-C2,EVENT-FULL,1017,1015,FULL,0,17.999999999999993,17,3,0.99999999999999289,0,0,937.3145743
development01,R98-C2,EVENT-FULL,1018,1016,FULL,0,17.999999999999989,17,1,0.99999999999998934,0,0,937.38926430000004
development01,R98-C2,EVENT-FULL,1019,1017,FULL,0,18,17,0,1,0,0,937.47889029999999
development01,R98-C2,EVENT-FULL,1020,1018,FULL,0,18,17,0,1,0,0,937.54273330000001
development01,R98-C2,EVENT-FULL,1021,1019,FULL,0,18,17,0,1,0,0,937.60123490000001
development01,R98-C2,EVENT-FULL,1022,1020,FULL,0,18,17,1,1,0,0,937.66021569999998
development01,R98-C2,EVENT-FULL,1023,1021,FULL,0,18,17,0,1,0,0,937.71974320000004
development01,R98-C2,EVENT-FULL,1024,1022,FULL,0,18,17,1,1,0,0,937.77944460000003
development01,R98-C2,EVENT-FULL,1025,1023,FULL,0,20,19,11,1,0,0,938.94315159999996
development01,R98-C2,EVENT-FULL,1026,1024,FULL,0,20,19,8,1,0,0,939.06383849999997
development01,R98-C2,EVENT-FULL,1027,1025,FULL,0,16,15,1,1,0,0,943.32041709999999
development01,R98-C2,EVENT-FULL,1028,1026,FULL,0,20,19,-1,1,0,0,944.91154870000003
development01,R98-C2,EVENT-FULL,1029,1027,FULL,0,20,19,0,1,0,0,945.24399749999998
development01,R98-C2,EVENT-FULL,1030,1028,FULL,0,20.000000000000004,19,-2,1.0000000000000036,0,0,946.59026659999995
development01,R98-C2,EVENT-FULL,1031,1029,FULL,0,20.000000000000004,19,-2,1.0000000000000036,0,0,946.70586160000005
development01,R98-C2,EVENT-FULL,1032,1030,FULL,0,20.000000000000004,19,-3,1.0000000000000036,0,0,946.84419790000004
development01,R98-C2,EVENT-FULL,1033,1031,FULL,0,20.000000000000004,19,-3,1.0000000000000036,0,0,946.93372280000006
development01,R98-C2,EVENT-FULL,1034,1032,FULL,0,20,19,-4,1,0,0,947.2797822
development01,R98-C2,EVENT-FULL,1035,1033,FULL,0,20,19,-5,1,0,0,947.34730209999998
development01,R98-C2,EVENT-FULL,1036,1034,FULL,0,20,19,-5,1,0,0,947.40686760000006
development01,R98-C2,EVENT-FULL,1037,1035,FULL,0,20,19,-4,1,0,0,947.5085186
development01,R98-C2,EVENT-FULL,1038,1036,FULL,0,20,19,-5,1,0,0,947.57913689999998
development01,R98-C2,EVENT-FULL,1039,1037,FULL,0,20,19,-5,1,0,0,947.64259949999996
development01,R98-C2,EVENT-FULL,1040,1038,FULL,0,20,19,-5,1,0,0,947.85455360000003
development01,R98-C2,EVENT-FULL,1041,1039,FULL,0,20,19,-6,1,0,0,947.96472819999997
development01,R98-C2,EVENT-FULL,1042,1040,FULL,0,20,19,-6,1,0,0,948.04071810000005
development01,R98-C2,EVENT-FULL,1043,1041,FULL,0,20,19,-6,1,0,0,948.11284839999996
development01,R98-C2,EVENT-FULL,1044,1042,FULL,0,20,19,-6,1,0,0,948.17983260000005
development01,R98-C2,EVENT-FULL,1045,1043,FULL,0,20,19,-6,1,0,0,948.27275899999995
development01,R98-C2,EVENT-FULL,1046,1044,FULL,0,20,19,-6,1,0,0,948.3457191
development01,R98-C2,EVENT-FULL,1047,1045,FULL,0,20,19,2,1,0,0,951.33786259999999
development01,R98-C2,EVENT-FULL,1048,1046,FULL,0,20.000000000000007,19,2,1.0000000000000071,0,0,951.4587014
development01,R98-C2,EVENT-FULL,1049,1047,FULL,0,20,19,2,1,0,0,951.57736120000004
development01,R98-C2,EVENT-FULL,1050,1048,FULL,0,19.999999999999996,19,2,0.99999999999999645,0,0,951.71114480000006
development01,R98-C2,EVENT-FULL,1051,1049,FULL,0,19.999999999999847,19,2,0.99999999999984723,0,0,951.80402619999995
development01,R98-C2,EVENT-FULL,1052,1050,FULL,0,20,19,1,1,0,0,951.8794623
development01,R98-C2,EVENT-FULL,1053,1051,FULL,0,18,17,-1,1,0,0,952.00592270000004
development01,R98-C2,EVENT-FULL,1054,1052,FULL,0,18,17,-2,1,0,0,952.10800619999998
development01,R98-C2,EVENT-FULL,1055,1053,FULL,0,18,17,-2,1,0,0,952.19396080000001
development01,R98-C2,EVENT-FULL,1056,1054,FULL,0,18,17,-2,1,0,0,952.26702890000001
development01,R98-C2,EVENT-FULL,1057,1055,FULL,0,18,17,-2,1,0,0,952.34060369999997
development01,R98-C2,EVENT-FULL,1058,1056,FULL,0,18,17,-2,1,0,0,952.46182569999996
development01,R98-C2,EVENT-FULL,1059,1057,FULL,0,24,23,12,1,0,0,954.92075420000003
development01,R98-C2,EVENT-FULL,1060,1058,FULL,0,22,21,12,1,0,0,955.09662690000005
development01,R98-C2,EVENT-FULL,1061,1059,FULL,0,22,21,10,1,0,0,955.26414469999997
development01,R98-C2,EVENT-FULL,1062,1060,FULL,0,20,19,4,1,0,0,956.88579540000001
development01,R98-C2,EVENT-FULL,1063,1061,FULL,0,19.999999999999996,19,3,0.99999999999999645,0,0,957.02383110000005
development01,R98-C2,EVENT-FULL,1064,1062,FULL,0,19.999999999999996,19,4,0.99999999999999645,0,0,957.15535299999999
development01,R98-C2,EVENT-FULL,1065,1063,FULL,0,20.000000000000004,19,3,1.0000000000000036,0,0,957.30137909999996
development01,R98-C2,EVENT-FULL,1066,1064,FULL,0,20.000000000000004,19,3,1.0000000000000036,0,0,957.48739450000005
development01,R98-C2,EVENT-FULL,1067,1065,FULL,0,20.000000000000004,19,3,1.0000000000000036,0,0,957.58144930000003
development01,R98-C2,EVENT-FULL,1068,1066,FULL,0,20.000000000000004,19,3,1.0000000000000036,0,0,957.6521937
development01,R98-C2,EVENT-FULL,1069,1067,FULL,0,20.000000000000004,19,2,1.0000000000000036,0,0,957.81387329999995
development01,R98-C2,EVENT-FULL,1070,1068,FULL,0,20.000000000000004,19,2,1.0000000000000036,0,0,957.88196579999999
development01,R98-C2,EVENT-FULL,1071,1069,FULL,0,19.999999999999996,19,3,0.99999999999999645,0,0,957.95098299999995
development01,R98-C2,EVENT-FULL,1072,1070,FULL,0,20.000000000000004,19,2,1.0000000000000036,0,0,958.02579349999996
development01,R98-C2,EVENT-FULL,1073,1071,FULL,0,20,19,3,1,0,0,958.09048559999997
development01,R98-C2,EVENT-FULL,1074,1072,FULL,0,20,19,6,1,0,0,959.40471639999998
development01,R98-C2,EVENT-FULL,1075,1073,FULL,0,20.000000000000004,19,7,1.0000000000000036,0,0,959.55285619999995
development01,R98-C2,EVENT-FULL,1076,1074,FULL,0,20.000000000000004,19,7,1.0000000000000036,0,0,959.90346499999998
development01,R98-C2,EVENT-FULL,1077,1075,FULL,0,20.000000000000004,19,7,1.0000000000000036,0,0,960.11975800000005
development01,R98-C2,EVENT-FULL,1078,1076,FULL,0,20.000000000000004,19,7,1.0000000000000036,0,0,960.21561150000002
development01,R98-C2,EVENT-FULL,1079,1077,FULL,0,20.000000000000004,19,7,1.0000000000000036,0,0,960.29050510000002
development01,R98-C2,EVENT-FULL,1080,1078,FULL,0,19.999999999999986,19,6,0.99999999999998579,0,0,960.36943810000002
development01,R98-C2,EVENT-FULL,1081,1079,FULL,0,20,19,6,1,0,0,960.43529469999999
development01,R98-C2,EVENT-FULL,1082,1080,FULL,0,20.000000000000004,19,6,1.0000000000000036,0,0,960.53770980000002
development01,R98-C2,EVENT-FULL,1083,1081,FULL,0,26,25,17,1,0,0,961.50478329999999
development01,R98-C2,EVENT-FULL,1084,1082,FULL,0,22,21,6,1,0,0,961.69341399999996
development01,R98-C2,EVENT-FULL,1085,1083,FULL,0,22,21,9,1,0,0,961.77438429999995
development01,R98-C2,EVENT-FULL,1086,1084,FULL,0,22,21,7,1,0,0,961.99454409999998
development01,R98-C2,EVENT-FULL,1087,1085,FULL,0,22,21,0,1,0,0,964.17659130000004
development01,R98-C2,EVENT-FULL,1088,1086,FULL,0,21.999999999999993,21,1,0.99999999999999289,0,0,964.35782870000003
development01,R98-C2,EVENT-FULL,1089,1087,FULL,0,21.999999999999986,21,-1,0.99999999999998579,0,0,964.55129959999999
development01,R98-C2,EVENT-FULL,1090,1088,FULL,0,22,21,0,1,0,0,964.62136750000002
development01,R98-C2,EVENT-FULL,1091,1089,FULL,0,22.000000000000007,21,0,1.0000000000000071,0,0,964.75118469999995
development01,R98-C2,EVENT-FULL,1092,1090,FULL,0,21.999999999999989,21,1,0.99999999999998934,0,0,964.81825460000005
development01,R98-C2,EVENT-FULL,1093,1091,FULL,0,22,21,-1,1,0,0,964.91314929999999
development01,R98-C2,EVENT-FULL,1094,1092,FULL,0,21.999999999999989,21,0,0.99999999999998934,0,0,964.98398750000001
development01,R98-C2,EVENT-FULL,1095,1093,FULL,0,22.000000000000032,21,0,1.000000000000032,0,0,965.07245939999996
development01,R98-C2,EVENT-FULL,1096,1094,FULL,0,22.000000000000007,21,-1,1.0000000000000071,0,0,965.18973240000003
development01,R98-C2,EVENT-FULL,1097,1095,FULL,0,22.000000000000007,21,-1,1.0000000000000071,0,0,965.28821849999997
development01,R98-C2,EVENT-FULL,1098,1096,FULL,0,22.000000000000007,21,-1,1.0000000000000071,0,0,965.42108240000005
development01,R98-C2,EVENT-FULL,1099,1097,FULL,0,21.999999999999989,21,0,0.99999999999998934,0,0,965.51123410000002
development01,R98-C2,EVENT-FULL,1100,1098,FULL,0,22,21,-2,1,0,0,965.6956146
development01,R98-C2,EVENT-FULL,1101,1099,FULL,0,22,21,-1,1,0,0,965.77184450000004
development01,R98-C2,EVENT-FULL,1102,1100,FULL,0,20,19,8,1,0,0,965.98561529999995
development01,R98-C2,EVENT-FULL,1103,1101,FULL,0,20,19,6,1,0,0,966.19259669999997
development01,R98-C2,EVENT-FULL,1104,1102,FULL,1,18,17,11,1,0,0,966.57233929999995
development01,R98-C2,EVENT-FULL,1105,1103,FULL,0,18,17,2,1,0,0,966.72758729999998
development01,R98-C2,EVENT-FULL,1106,1104,FULL,0,22.000000000000007,21,-2,1.0000000000000071,0,0,967.10325750000004
development01,R98-C2,EVENT-FULL,1107,1105,FULL,0,21.999999999999989,21,-1,0.99999999999998934,0,0,967.17957220000005
development01,R98-C2,EVENT-FULL,1108,1106,FULL,0,22.000000000000007,21,-2,1.0000000000000071,0,0,967.26571349999995
development01,R98-C2,EVENT-FULL,1109,1107,FULL,0,22,21,-1,1,0,0,967.3964727
development01,R98-C2,EVENT-FULL,1110,1108,FULL,0,21.999999999999993,21,-2,0.99999999999999289,0,0,967.47733140000003
development01,R98-C2,EVENT-FULL,1111,1109,FULL,0,21.999999999999993,21,-2,0.99999999999999289,0,0,967.550793
development01,R98-C2,EVENT-FULL,1112,1110,FULL,0,22,21,-1,1,0,0,967.6403517
development01,R98-C2,EVENT-FULL,1113,1111,FULL,0,21.999999999999993,21,-2,0.99999999999999289,0,0,967.72340799999995
development01,R98-C2,EVENT-FULL,1114,1112,FULL,0,18,17,-1,1,0,0,969.07302230000005
development01,R98-C2,EVENT-FULL,1115,1113,FULL,0,18,17,0,1,0,0,969.18062359999999
development01,R98-C2,EVENT-FULL,1116,1114,FULL,0,17.999999999999996,17,-1,0.99999999999999645,0,0,969.26456599999995
development01,R98-C2,EVENT-FULL,1117,1115,FULL,0,18,17,0,1,0,0,969.41263749999996
development01,R98-C2,EVENT-FULL,1118,1116,FULL,0,17.999999999999996,17,-1,0.99999999999999645,0,0,969.50779320000004
development01,R98-C2,EVENT-FULL,1119,1117,FULL,0,18,17,0,1,0,0,969.59768899999995
development01,R98-C2,EVENT-FULL,1120,1118,FULL,0,18,17,-1,1,0,0,969.67410529999995
development01,R98-C2,EVENT-FULL,1121,1119,FULL,0,18,17,0,1,0,0,969.73831410000003
development01,R98-C2,EVENT-FULL,1122,1120,FULL,0,18,17,-1,1,0,0,969.80699270000002
development01,R98-C2,EVENT-FULL,1123,1121,FULL,0,17.999999999999993,17,-2,0.99999999999999289,0,0,969.87501199999997
development01,R98-C2,EVENT-FULL,1124,1122,FULL,0,17.999999999999996,17,-2,0.99999999999999645,0,0,969.94331350000004
development01,R98-C2,EVENT-FULL,1125,1123,FULL,0,18,17,-1,1,0,0,970.01959190000002
development01,R98-C2,EVENT-FULL,1126,1124,FULL,0,18.000000000000007,17,-1,1.0000000000000071,0,0,970.09656840000002
development01,R98-C2,EVENT-FULL,1127,1125,FULL,0,22,21,8,1,0,0,972.0903591
development01,R98-C2,EVENT-FULL,1128,1126,FULL,0,21.999999999999993,21,3,0.99999999999999289,0,0,975.57137179999995
development01,R98-C2,EVENT-FULL,1129,1127,FULL,0,14,13,-1,1,0,0,977.05856940000001
development01,R98-C2,EVENT-FULL,1130,1128,FULL,0,14,13,-1,1,0,0,977.1445602
development01,R98-C2,EVENT-FULL,1131,1129,FULL,0,14.000000000000046,13,0,1.0000000000000462,0,0,977.25760660000003
development01,R98-C2,EVENT-FULL,1132,1130,FULL,0,14.000000000000004,13,-1,1.0000000000000036,0,0,977.32120850000001
development01,R98-C2,EVENT-FULL,1133,1131,FULL,0,14.000000000000004,13,-2,1.0000000000000036,0,0,977.41510840000001
development01,R98-C2,EVENT-FULL,1134,1132,FULL,0,14.000000000000004,13,-2,1.0000000000000036,0,0,977.48880859999997
development01,R98-C2,EVENT-FULL,1135,1133,FULL,0,14,13,-1,1,0,0,977.56755880000003
development01,R98-C2,EVENT-FULL,1136,1134,FULL,0,14.000000000000004,13,-2,1.0000000000000036,0,0,977.66348640000001
development01,R98-C2,EVENT-FULL,1137,1135,FULL,0,13.999999999999998,13,-1,0.99999999999999822,0,0,977.7560823
development01,R98-C2,EVENT-FULL,1138,1136,FULL,0,22,21,12,1,0,0,979.2054402
development01,R98-C2,EVENT-FULL,1139,1137,FULL,0,20,19,11,1,0,0,979.3147414
development01,R98-C2,EVENT-FULL,1140,1138,FULL,0,20,19,7,1,0,0,982.82971299999997
development01,R98-C2,EVENT-FULL,1141,1139,FULL,0,22,21,15,1,0,0,985.34543719999999
development01,R98-C2,EVENT-FULL,1142,1140,FULL,0,22,21,13,1,0,0,985.97237429999996
development01,R98-C2,EVENT-FULL,1143,1141,FULL,0,22,21,15,1,0,0,986.09186520000003
development01,R98-C2,EVENT-FULL,1144,1142,FULL,0,22,21,16,1,0,0,986.54719990000001
development01,R98-C2,EVENT-FULL,1145,1143,FULL,0,22,21,15,1,0,0,987.17922339999996
development01,R98-C2,EVENT-FULL,1146,1144,FULL,0,20,19,9,1,0,0,988.46455690000005
development01,R98-C2,EVENT-FULL,1147,1145,FULL,0,20,19,9,1,0,0,988.61563550000005
development01,R98-C2,EVENT-FULL,1148,1146,FULL,0,20,19,8,1,0,0,988.72577779999995
development01,R98-C2,EVENT-FULL,1149,1147,FULL,0,20,19,8,1,0,0,988.80439049999995
development01,R98-C2,EVENT-FULL,1150,1148,FULL,0,20,19,1,1,0,0,990.54170810000005
development01,R98-C2,EVENT-FULL,1151,1149,FULL,0,20,19,0,1,0,0,990.95107829999995
development01,R98-C2,EVENT-FULL,1152,1150,FULL,0,19.999999999999996,19,0,0.99999999999999645,0,0,991.05086940000001
development01,R98-C2,EVENT-FULL,1153,1151,FULL,0,20,19,-1,1,0,0,991.12267029999998
development01,R98-C2,EVENT-FULL,1154,1152,FULL,0,20,19,0,1,0,0,991.20643280000002
development01,R98-C2,EVENT-FULL,1155,1153,FULL,0,20,19,0,1,0,0,991.27074730000004
development01,R98-C2,EVENT-FULL,1156,1154,FULL,0,19.999999999999996,19,-3,0.99999999999999645,0,0,991.36597970000003
development01,R98-C2,EVENT-FULL,1157,1155,FULL,0,18,17,-3,1,0,0,991.43504740000003
development01,R98-C2,EVENT-FULL,1158,1156,FULL,0,20,19,-4,1,0,0,991.59910979999995
development01,R98-C2,EVENT-FULL,1159,1157,FULL,0,20,19,-3,1,0,0,991.71981940000001
development01,R98-C2,EVENT-FULL,1160,1158,FULL,0,19.999999999999989,19,-4,0.99999999999998934,0,0,991.79116850000003
development01,R98-C2,EVENT-FULL,1161,1159,FULL,0,20,19,-4,1,0,0,991.89444809999998
development01,R98-C2,EVENT-FULL,1162,1160,FULL,0,20,19,-5,1,0,0,991.98426719999998
development01,R98-C2,EVENT-FULL,1163,1161,FULL,0,20,19,-4,1,0,0,992.07495619999997
development01,R98-C2,EVENT-FULL,1164,1162,FULL,0,16,15,-6,1,0,0,994.51398529999994
development01,R98-C2,EVENT-FULL,1165,1163,FULL,0,15.999999999999998,15,-6,0.99999999999999822,0,0,994.67911089999996
development01,R98-C2,EVENT-FULL,1166,1164,FULL,0,15.999999999999998,15,-5,0.99999999999999822,0,0,994.87413630000003
development01,R98-C2,EVENT-FULL,1167,1165,FULL,0,20,19,3,1,0,0,997.01584749999995
development01,R98-C2,EVENT-FULL,1168,1166,FULL,0,19.999999999999996,19,0,0.99999999999999645,0,0,997.13391679999995
development01,R98-C2,EVENT-FULL,1169,1167,FULL,0,19.999999999999996,19,0,0.99999999999999645,0,0,997.20363729999997
development01,R98-C2,EVENT-FULL,1170,1168,FULL,0,20,19,-1,1,0,0,997.26744689999998
development01,R98-C2,EVENT-FULL,1171,1169,FULL,0,20,19,-1,1,0,0,997.32771630000002
development01,R98-C2,EVENT-FULL,1172,1170,FULL,0,16,15,5,1,0,0,999.69138569999996
development01,R98-C2,EVENT-FULL,1173,1171,FULL,0,20,19,-1,1,0,0,1000.3804483
development01,R98-C2,EVENT-FULL,1174,1172,FULL,0,20.000000000000004,19,-2,1.0000000000000036,0,0,1000.4721963
development01,R98-C2,EVENT-FULL,1175,1173,FULL,0,20.000000000000004,19,-2,1.0000000000000036,0,0,1000.5600087
development01,R98-C2,EVENT-FULL,1176,1174,FULL,0,19.999999999999996,19,-2,0.99999999999999645,0,0,1000.6349771
development01,R98-C2,EVENT-FULL,1177,1175,FULL,0,20.000000000000004,19,-2,1.0000000000000036,0,0,1000.7060652
development01,R98-C2,EVENT-FULL,1178,1176,FULL,0,20.000000000000004,19,-3,1.0000000000000036,0,0,1000.7739357
development01,R98-C2,EVENT-FULL,1179,1177,FULL,0,22,21,17,1,0,0,1002.5309308
development01,R98-C2,EVENT-FULL,1180,1178,FULL,0,20,19,13,1,0,0,1002.6488775
development01,R98-C2,EVENT-FULL,1181,1179,FULL,0,22,21,15,1,0,0,1002.7600846
development01,R98-C2,EVENT-FULL,1182,1180,FULL,0,22,21,9,1,0,0,1008.0424574
development01,R98-C2,EVENT-FULL,1183,1181,FULL,0,22,21,5,1,0,0,1009.1040938
development01,R98-C2,EVENT-FULL,1184,1182,FULL,0,22.000000000000004,21,5,1.0000000000000036,0,0,1009.2502265000001
development01,R98-C2,EVENT-FULL,1185,1183,FULL,0,22,21,5,1,0,0,1009.3118732
development01,R98-C2,EVENT-FULL,1186,1184,FULL,0,22,21,4,1,0,0,1009.3973171
development01,R98-C2,EVENT-FULL,1187,1185,FULL,0,22,21,4,1,0,0,1009.4929509999999
development01,R98-C2,EVENT-FULL,1188,1186,FULL,0,22,21,4,1,0,0,1009.5536912
development01,R98-C2,EVENT-FULL,1189,1187,FULL,0,22,21,4,1,0,0,1009.6149814
development01,R98-C2,EVENT-FULL,1190,1188,FULL,0,21.999999999999996,21,4,0.99999999999999645,0,0,1009.6856553
development01,R98-C2,EVENT-FULL,1191,1189,FULL,0,22,21,4,1,0,0,1009.7718429
development01,R98-C2,EVENT-FULL,1192,1190,FULL,0,20,19,13,1,0,0,1012.5113155
development01,R98-C2,EVENT-FULL,1193,1191,FULL,0,20,19,12,1,0,0,1013.3354617
development01,R98-C2,EVENT-FULL,1194,1192,FULL,0,20,19,12,1,0,0,1013.6415773
development01,R98-C2,EVENT-FULL,1195,1193,FULL,0,20,19,10,1,0,0,1014.3779508
development01,R98-C2,EVENT-FULL,1196,1194,FULL,1,20.000000000000011,19,5,1.0000000000000107,0,0,1015.8283305
development01,R98-C2,EVENT-FULL,1197,1195,FULL,1,20,19,5,1,0,0,1015.9143228
development01,R98-C2,EVENT-FULL,1198,1196,FULL,0,22,21,11,1,0,0,1016.186964
development01,R98-C2,EVENT-FULL,1199,1197,FULL,1,18,17,5,1,0,0,1016.3331725
development01,R98-C2,EVENT-FULL,1200,1198,FULL,1,18,17,5,1,0,0,1016.6808965
development01,R98-C2,EVENT-FULL,1201,1199,FULL,0,19.999999999999996,19,-2,0.99999999999999645,0,0,1017.8426548
development01,R98-C2,EVENT-FULL,1202,1200,FULL,0,19.999999999999996,19,-2,0.99999999999999645,0,0,1017.959603
development01,R98-C2,EVENT-FULL,1203,1201,FULL,0,20,19,-3,1,0,0,1018.0469708000001
development01,R98-C2,EVENT-FULL,1204,1202,FULL,0,18,17,-2,1,0,0,1021.6131284000001
development01,R98-C2,EVENT-FULL,1205,1203,FULL,0,17.999999999999986,17,-3,0.99999999999998579,0,0,1021.7499229
development01,R98-C2,EVENT-FULL,1206,1204,FULL,0,18,17,-3,1,0,0,1021.9166842
development01,R98-C2,EVENT-FULL,1207,1205,FULL,0,18.000000000000039,17,-3,1.0000000000000391,0,0,1022.1179464000001
development01,R98-C2,EVENT-FULL,1208,1206,FULL,0,18,17,-3,1,0,0,1022.3671782
development01,R98-C2,EVENT-FULL,1209,1207,FULL,0,18,17,-4,1,0,0,1022.4731725
development01,R98-C2,EVENT-FULL,1210,1208,FULL,0,18,17,-4,1,0,0,1022.5622216
development01,R98-C2,EVENT-FULL,1211,1209,FULL,0,18,17,-4,1,0,0,1022.6572861
development01,R98-C2,EVENT-FULL,1212,1210,FULL,0,17.999999999999993,17,-4,0.99999999999999289,0,0,1022.7266362
development01,R98-C2,EVENT-FULL,1213,1211,FULL,0,18,17,-4,1,0,0,1022.78883
development01,R98-C2,EVENT-FULL,1214,1212,FULL,0,18,17,-4,1,0,0,1022.8533699
development01,R98-C2,EVENT-FULL,1215,1213,FULL,0,20,19,1,1,0,0,1023.9900997
development01,R98-C2,EVENT-FULL,1216,1214,FULL,0,22,21,0,1,0,0,1025.9190745000001
development01,R98-C2,EVENT-FULL,1217,1215,FULL,0,22.000000000000007,21,1,1.0000000000000071,0,0,1026.1819384999999
development01,R98-C2,EVENT-FULL,1218,1216,FULL,0,22.000000000000007,21,0,1.0000000000000071,0,0,1026.2614877000001
development01,R98-C2,EVENT-FULL,1219,1217,FULL,0,21.999999999999986,21,0,0.99999999999998579,0,0,1026.3391254000001
development01,R98-C2,EVENT-FULL,1220,1218,FULL,0,22.000000000000007,21,0,1.0000000000000071,0,0,1026.3988065999999
development01,R98-C2,EVENT-FULL,1221,1219,FULL,0,22.000000000000004,21,0,1.0000000000000036,0,0,1026.4935811
development01,R98-C2,EVENT-FULL,1222,1220,FULL,0,22.000000000000007,21,0,1.0000000000000071,0,0,1026.5545201
development01,R98-C2,EVENT-FULL,1223,1221,FULL,0,22.000000000000007,21,-1,1.0000000000000071,0,0,1026.6183386
development01,R98-C2,EVENT-FULL,1224,1222,FULL,0,22.000000000000007,21,0,1.0000000000000071,0,0,1026.6977611
development01,R98-C2,EVENT-FULL,1225,1223,FULL,0,22,21,-1,1,0,0,1026.8019491
development01,R98-C2,EVENT-FULL,1226,1224,FULL,0,22.000000000000007,21,-1,1.0000000000000071,0,0,1026.8654853
development01,R98-C2,EVENT-FULL,1227,1225,FULL,0,22.000000000000007,21,0,1.0000000000000071,0,0,1026.9412503000001
development01,R98-C2,EVENT-FULL,1228,1226,FULL,1,18,17,6,1,0,0,1030.3940629000001
development01,R98-C2,EVENT-FULL,1229,1227,FULL,0,18,17,4,1,0,0,1030.5080535
development01,R98-C2,EVENT-FULL,1230,1228,FULL,0,18.000000000000004,17,2,1.0000000000000036,0,0,1035.5290029
development01,R98-C2,EVENT-FULL,1231,1229,FULL,0,18,17,1,1,0,0,1035.7006796000001
development01,R98-C2,EVENT-FULL,1232,1230,FULL,0,17.999999999999996,17,1,0.99999999999999645,0,0,1035.8310377
development01,R98-C2,EVENT-FULL,1233,1231,FULL,0,18.000000000000007,17,1,1.0000000000000071,0,0,1035.9585110999999
development01,R98-C2,EVENT-FULL,1234,1232,FULL,0,18,17,0,1,0,0,1036.1502800999999
development01,R98-C2,EVENT-FULL,1235,1233,FULL,0,18.000000000000007,17,0,1.0000000000000071,0,0,1036.3110452999999
development01,R98-C2,EVENT-FULL,1236,1234,FULL,0,17.999999999999996,17,0,0.99999999999999645,0,0,1036.4625324000001
development01,R98-C2,EVENT-FULL,1237,1235,FULL,0,17.999999999999996,17,0,0.99999999999999645,0,0,1036.5867883000001
development01,R98-C2,EVENT-FULL,1238,1236,FULL,0,18.000000000000004,17,-1,1.0000000000000036,0,0,1036.7423613000001
development01,R98-C2,EVENT-FULL,1239,1237,FULL,0,18.000000000000011,17,0,1.0000000000000107,0,0,1036.8673295000001
development01,R98-C2,EVENT-FULL,1240,1238,FULL,0,22,21,17,1,0,0,1041.1355185
development01,R98-C2,EVENT-FULL,1241,1239,FULL,0,20,19,14,1,0,0,1042.5436790000001
development01,R98-C2,EVENT-FULL,1242,1240,FULL,0,21.999999999999996,21,0,0.99999999999999645,0,0,1049.4580894999999
development01,R98-C2,EVENT-FULL,1243,1241,FULL,0,21.999999999999968,21,1,0.99999999999996803,0,0,1049.5307401
development01,R98-C2,EVENT-FULL,1244,1242,FULL,0,22.000000000000007,21,0,1.0000000000000071,0,0,1049.6098798999999
development01,R98-C2,EVENT-FULL,1245,1243,FULL,0,22.000000000000014,21,0,1.0000000000000142,0,0,1049.6852346000001
development01,R98-C2,EVENT-FULL,1246,1244,FULL,0,22.000000000000007,21,0,1.0000000000000071,0,0,1049.7510486000001
development01,R98-C2,EVENT-FULL,1247,1245,FULL,0,22.000000000000007,21,0,1.0000000000000071,0,0,1049.8135772999999
development01,R98-C2,EVENT-FULL,1248,1246,FULL,0,22.000000000000007,21,-1,1.0000000000000071,0,0,1049.8788359
development01,R98-C2,EVENT-FULL,1249,1247,FULL,0,21.999999999999996,21,-1,0.99999999999999645,0,0,1049.9510224000001
development01,R98-C2,EVENT-FULL,1250,1248,FULL,0,22.000000000000007,21,-1,1.0000000000000071,0,0,1050.0117826999999
development01,R98-C2,EVENT-FULL,1251,1249,FULL,0,22.000000000000007,21,0,1.0000000000000071,0,0,1050.0765902999999
development01,R98-C2,EVENT-FULL,1252,1250,FULL,0,21.999999999999996,21,-1,0.99999999999999645,0,0,1050.2424011000001
development01,R98-C2,EVENT-FULL,1253,1251,FULL,0,21.999999999999996,21,-1,0.99999999999999645,0,0,1050.3053914
development01,R98-C2,EVENT-FULL,1254,1252,FULL,0,21.999999999999996,21,-1,0.99999999999999645,0,0,1050.3704820999999
development01,R98-C2,EVENT-FULL,1255,1253,FULL,0,21.999999999999996,21,-1,0.99999999999999645,0,0,1050.4338958000001
development01,R98-C2,EVENT-FULL,1256,1254,FULL,0,21.999999999999996,21,-1,0.99999999999999645,0,0,1050.4973631
development01,R98-C2,EVENT-FULL,1257,1255,FULL,0,20,19,-2,1,0,0,1052.3811502999999
development01,R98-C2,EVENT-FULL,1258,1256,FULL,0,20,19,-1,1,0,0,1052.6148874
development01,R98-C2,EVENT-FULL,1259,1257,FULL,0,20.000000000000018,19,-2,1.0000000000000178,0,0,1052.7892641999999
development01,R98-C2,EVENT-FULL,1260,1258,FULL,0,20.000000000000004,19,-2,1.0000000000000036,0,0,1052.8641653
development01,R98-C2,EVENT-FULL,1261,1259,FULL,0,20.000000000000011,19,-2,1.0000000000000107,0,0,1052.9338551000001
development01,R98-C2,EVENT-FULL,1262,1260,FULL,0,19.999999999999982,19,-2,0.99999999999998224,0,0,1053.0591919000001
development01,R98-C2,EVENT-FULL,1263,1261,FULL,0,20.000000000000007,19,-2,1.0000000000000071,0,0,1053.1346553000001
development01,R98-C2,EVENT-FULL,1264,1262,FULL,0,20,19,0,1,0,0,1053.2192372
development01,R98-C2,EVENT-FULL,1265,1263,FULL,0,20,19,-1,1,0,0,1053.3265944
development01,R98-C2,EVENT-FULL,1266,1264,FULL,0,20,19,-2,1,0,0,1053.3919980999999
development01,R98-C2,EVENT-FULL,1267,1265,FULL,0,20,19,-2,1,0,0,1053.4566285999999
development01,R98-C2,EVENT-FULL,1268,1266,FULL,0,20,19,9,1,0,0,1058.0537334000001
development01,R98-C2,EVENT-FULL,1269,1267,FULL,0,20,19,-1,1,0,0,1058.2554246
development01,R98-C2,EVENT-FULL,1270,1268,FULL,0,19.999999999999996,19,-1,0.99999999999999645,0,0,1058.3552751
development01,R98-C2,EVENT-FULL,1271,1269,FULL,0,20.000000000000004,19,-1,1.0000000000000036,0,0,1058.4468531
development01,R98-C2,EVENT-FULL,1272,1270,FULL,0,20.000000000000004,19,-2,1.0000000000000036,0,0,1058.5705656
development01,R98-C2,EVENT-FULL,1273,1271,FULL,0,20,19,-2,1,0,0,1058.6350092
development01,R98-C2,EVENT-FULL,1274,1272,FULL,0,20.000000000000004,19,-2,1.0000000000000036,0,0,1058.7035536999999
development01,R98-C2,EVENT-FULL,1275,1273,FULL,0,20,19,-2,1,0,0,1058.7988355
development01,R98-C2,EVENT-FULL,1276,1274,FULL,0,19.999999999999996,19,-1,0.99999999999999645,0,0,1058.8645669
development01,R98-C2,EVENT-FULL,1277,1275,FULL,0,20.000000000000004,19,-1,1.0000000000000036,0,0,1058.9268472000001
development01,R98-C2,EVENT-FULL,1278,1276,FULL,0,20,19,-1,1,0,0,1059.0244983
development01,R98-C2,EVENT-FULL,1279,1277,FULL,0,19.999999999999996,19,-1,0.99999999999999645,0,0,1059.0886127000001
development01,R98-C2,EVENT-FULL,1280,1278,FULL,0,19.999999999999989,19,-1,0.99999999999998934,0,0,1059.1838150999999
development01,R98-C2,EVENT-FULL,1281,1279,FULL,0,19.999999999999982,19,-2,0.99999999999998224,0,0,1059.2469255999999
development01,R98-C2,EVENT-FULL,1282,1280,FULL,0,20,19,-2,1,0,0,1059.3179929
development01,R98-C2,EVENT-FULL,1283,1281,FULL,0,20,19,-2,1,0,0,1059.383423
development01,R98-C2,EVENT-FULL,1284,1282,FULL,0,20,19,14,1,0,0,1060.1731795000001
development01,R98-C2,EVENT-FULL,1285,1283,FULL,0,20,19,13,1,0,0,1060.7021723
development01,R98-C2,EVENT-FULL,1286,1284,FULL,0,20,19,14,1,0,0,1060.8337982999999
development01,R98-C2,EVENT-FULL,1287,1285,FULL,0,18,17,11,1,0,0,1063.3486594000001
development01,R98-C2,EVENT-FULL,1288,1286,FULL,0,20,19,9,1,0,0,1063.6876239000001
development01,R98-C2,EVENT-FULL,1289,1287,FULL,0,20,19,4,1,0,0,1063.8706748
development01,R98-C2,EVENT-FULL,1290,1288,FULL,0,20,19,5,1,0,0,1064.068444
development01,R98-C2,EVENT-FULL,1291,1289,FULL,0,24,23,12,1,0,0,1067.8075945000001
development01,R98-C2,EVENT-FULL,1292,1290,FULL,0,22,21,20,1,0,0,1070.9106013000001
development01,R98-C2,EVENT-FULL,1293,1291,FULL,0,24,23,19,1,0,0,1072.7353435
development01,R98-C2,EVENT-FULL,1294,1292,FULL,0,20,19,7,1,0,0,1072.9270589
development01,R98-C2,EVENT-FULL,1295,1293,FULL,0,22,21,7,1,0,0,1073.4564537000001
development01,R98-C2,EVENT-FULL,1296,1294,FULL,0,20,19,4,1,0,0,1075.1965264999999
development01,R98-C2,EVENT-FULL,1297,1295,FULL,0,22,21,1,1,0,0,1087.0034192999999
development01,R98-C2,EVENT-FULL,1298,1296,FULL,0,22,21,1,1,0,0,1087.4701680999999
development01,R98-C2,EVENT-FULL,1299,1297,FULL,0,21.999999999999989,21,1,0.99999999999998934,0,0,1087.5665380999999
development01,R98-C2,EVENT-FULL,1300,1298,FULL,0,16,15,-1,1,0,0,1091.2786197999999
development01,R98-C2,EVENT-FULL,1301,1299,FULL,0,15.999999999999998,15,-1,0.99999999999999822,0,0,1091.3580062000001
development01,R98-C2,EVENT-FULL,1302,1300,FULL,0,16,15,-2,1,0,0,1091.4837623999999
development01,R98-C2,EVENT-FULL,1303,1301,FULL,0,16,15,-2,1,0,0,1091.5527855
development01,R98-C2,EVENT-FULL,1304,1302,FULL,0,15.999999999999991,15,-2,0.99999999999999112,0,0,1091.6484931
development01,R98-C2,EVENT-FULL,1305,1303,FULL,1,20,19,-1,1,0,0,1094.4050453
development01,R98-C2,EVENT-FULL,1306,1304,FULL,1,20,19,-2,1,0,0,1094.530017
development01,R98-C2,EVENT-FULL,1307,1305,FULL,1,20,19,-2,1,0,0,1094.6370658000001
development01,R98-C2,EVENT-FULL,1308,1306,FULL,1,20,19,-2,1,0,0,1094.7220830000001
development01,R98-C2,EVENT-FULL,1309,1307,FULL,1,20.000000000000036,19,-3,1.0000000000000355,0,0,1094.8337392000001
development01,R98-C2,EVENT-FULL,1310,1308,FULL,1,19.999999999999996,19,-2,0.99999999999999645,0,0,1094.9110980999999
development01,R98-C2,EVENT-FULL,1311,1309,FULL,1,20,19,-3,1,0,0,1094.9901477999999
development01,R98-C2,EVENT-FULL,1312,1310,FULL,1,20,19,-3,1,0,0,1095.0669597999999
development01,R98-C2,EVENT-FULL,1313,1311,FULL,0,16,15,-2,1,0,0,1102.3867415
development01,R98-C2,EVENT-FULL,1314,1312,FULL,0,16.000000000000004,15,-1,1.0000000000000036,0,0,1102.4866357000001
development01,R98-C2,EVENT-FULL,1315,1313,FULL,0,16.000000000000004,15,-2,1.0000000000000036,0,0,1102.5705608000001
development01,R98-C2,EVENT-FULL,1316,1314,FULL,0,16,15,-2,1,0,0,1102.6812476
development01,R98-C2,EVENT-FULL,1317,1315,FULL,0,16,15,-3,1,0,0,1102.7755726
development01,R98-C2,EVENT-FULL,1318,1316,FULL,0,16,15,-2,1,0,0,1102.8520366
development01,R98-C2,EVENT-FULL,1319,1317,FULL,0,24.000000000000004,23,4,1.0000000000000036,0,0,1106.1156549
development01,R98-C2,EVENT-FULL,1320,1318,FULL,0,24,23,4,1,0,0,1106.2928373
development01,R98-C2,EVENT-FULL,1321,1319,FULL,0,24,23,3,1,0,0,1106.3621559999999
development01,R98-C2,EVENT-FULL,1322,1320,FULL,0,24,23,4,1,0,0,1106.4557774
development01,R98-C2,EVENT-FULL,1323,1321,FULL,0,24,23,11,1,0,0,1106.6128153
development01,R98-C2,EVENT-FULL,1324,1322,FULL,0,20,19,6,1,0,0,1106.7992128999999
development01,R98-C2,EVENT-FULL,1325,1323,FULL,0,24,23,3,1,0,0,1107.7839418000001
development01,R98-C2,EVENT-FULL,1326,1324,FULL,0,24,23,3,1,0,0,1107.8794854
development01,R98-C2,EVENT-FULL,1327,1325,FULL,0,24,23,3,1,0,0,1107.9639132
development01,R98-C2,EVENT-FULL,1328,1326,FULL,0,22,21,1,1,0,0,1110.6911634999999
development01,R98-C2,EVENT-FULL,1329,1327,FULL,0,22.000000000000007,21,1,1.0000000000000071,0,0,1110.8739961000001
development01,R98-C2,EVENT-FULL,1330,1328,FULL,0,20,19,11,1,0,0,1111.9129238
development01,R98-C2,EVENT-FULL,1331,1329,FULL,0,20,19,10,1,0,0,1112.5427892
development01,R98-C2,EVENT-FULL,1332,1330,FULL,0,18,17,7,1,0,0,1115.7500843
development01,R98-C2,EVENT-FULL,1333,1331,FULL,0,18,17,6,1,0,0,1115.8271781000001
development01,R98-C2,EVENT-FULL,1334,1332,FULL,0,16,15,-1,1,0,0,1116.8077470999999
development01,R98-C2,EVENT-FULL,1335,1333,FULL,0,16,15,-2,1,0,0,1117.7542917999999
development01,R98-C2,EVENT-FULL,1336,1334,FULL,0,16,15,-2,1,0,0,1117.8239681
development01,R98-C2,EVENT-FULL,1337,1335,FULL,0,16,15,-2,1,0,0,1117.9454804
development01,R98-C2,EVENT-FULL,1338,1336,FULL,0,20,19,6,1,0,0,1119.0833462000001
development01,R98-C2,EVENT-FULL,1339,1337,FULL,0,20,19,5,1,0,0,1119.1614537999999
development01,R98-C2,EVENT-FULL,1340,1338,FULL,0,20,19,-1,1,0,0,1120.6664589
development01,R98-C2,EVENT-FULL,1341,1339,FULL,0,19.999999999999996,19,0,0.99999999999999645,0,0,1120.7920422
development01,R98-C2,EVENT-FULL,1342,1340,FULL,0,19.999999999999996,19,-2,0.99999999999999645,0,0,1120.9674545
development01,R98-C2,EVENT-FULL,1343,1341,FULL,1,24,23,4,1,0,0,1122.1636255000001
development01,R98-C2,EVENT-FULL,1344,1342,FULL,1,24.000000000000121,23,3,1.0000000000001208,0,0,1122.5067583
development01,R98-C2,EVENT-FULL,1345,1343,FULL,1,24,23,3,1,0,0,1122.8448011
development01,R98-C2,EVENT-FULL,1346,1344,FULL,1,24,23,2,1,0,0,1122.9721832
development01,R98-C2,EVENT-FULL,1347,1345,FULL,1,24,23,1,1,0,0,1123.0847999
development01,R98-C2,EVENT-FULL,1348,1346,FULL,1,24,23,1,1,0,0,1123.2347356
development01,R98-C2,EVENT-FULL,1349,1347,FULL,1,24,23,0,1,0,0,1123.3420255000001
development01,R98-C2,EVENT-FULL,1350,1348,FULL,1,23.999999999999996,23,0,0.99999999999999645,0,0,1123.4234379
development01,R98-C2,EVENT-FULL,1351,1349,FULL,1,24,23,1,1,0,0,1123.5040942999999
development01,R98-C2,EVENT-FULL,1352,1350,FULL,0,18,17,1,1,0,0,1124.3703906999999
development01,R98-C2,EVENT-FULL,1353,1351,FULL,0,18,17,0,1,0,0,1124.4901130000001
development01,R98-C2,EVENT-FULL,1354,1352,FULL,0,17.999999999999993,17,1,0.99999999999999289,0,0,1124.5651373000001
development01,R98-C2,EVENT-FULL,1355,1353,FULL,0,17.999999999999996,17,2,0.99999999999999645,0,0,1124.6344099
development01,R98-C2,EVENT-FULL,1356,1354,FULL,0,17.999999999999996,17,1,0.99999999999999645,0,0,1124.701002
development01,R98-C2,EVENT-FULL,1357,1355,FULL,0,17.999999999999979,17,1,0.99999999999997868,0,0,1124.7792451
development01,R98-C2,EVENT-FULL,1358,1356,FULL,0,18,17,1,1,0,0,1124.8475682999999
development01,R98-C2,EVENT-FULL,1359,1357,FULL,0,17.999999999999989,17,1,0.99999999999998934,0,0,1124.9302170000001
development01,R98-C2,EVENT-FULL,1360,1358,FULL,0,17.999999999999996,17,1,0.99999999999999645,0,0,1125.0019229
development01,R98-C2,EVENT-FULL,1361,1359,FULL,0,17.999999999999975,17,0,0.99999999999997513,0,0,1125.0770557999999
development01,R98-C2,EVENT-FULL,1362,1360,FULL,0,17.99999999999994,17,0,0.9999999999999396,0,0,1125.1390805999999
development01,R98-C2,EVENT-FULL,1363,1361,FULL,0,20,19,1,1,0,0,1126.5625640999999
development01,R98-C2,EVENT-FULL,1364,1362,FULL,0,20.000000000000007,19,0,1.0000000000000071,0,0,1126.7290852000001
development01,R98-C2,EVENT-FULL,1365,1363,FULL,0,20,19,1,1,0,0,1126.7984449999999
development01,R98-C2,EVENT-FULL,1366,1364,FULL,0,19.999999999999968,19,0,0.99999999999996803,0,0,1126.9179306000001
development01,R98-C2,EVENT-FULL,1367,1365,FULL,0,20.000000000000004,19,0,1.0000000000000036,0,0,1127.0708046
development01,R98-C2,EVENT-FULL,1368,1366,FULL,0,20,19,-1,1,0,0,1127.2537491999999
development01,R98-C2,EVENT-FULL,1369,1367,FULL,0,20,19,-1,1,0,0,1127.3809444999999
development01,R98-C2,EVENT-FULL,1370,1368,FULL,0,19.999999999999996,19,-1,0.99999999999999645,0,0,1127.463168
development01,R98-C2,EVENT-FULL,1371,1369,FULL,0,19.999999999999996,19,0,0.99999999999999645,0,0,1127.5852076000001
development01,R98-C2,EVENT-FULL,1372,1370,FULL,0,22,21,7,1,0,0,1130.1743263000001
development01,R98-C2,EVENT-FULL,1373,1371,FULL,0,20,19,4,1,0,0,1131.8105476000001
development01,R98-C2,EVENT-FULL,1374,1372,FULL,0,19.999999999999996,19,3,0.99999999999999645,0,0,1131.8900146999999
development01,R98-C2,EVENT-FULL,1375,1373,FULL,0,20,19,3,1,0,0,1132.0282468
development01,R98-C2,EVENT-FULL,1376,1374,FULL,0,20.000000000000004,19,3,1.0000000000000036,0,0,1132.0997914
development01,R98-C2,EVENT-FULL,1377,1375,FULL,0,20.000000000000004,19,2,1.0000000000000036,0,0,1132.2156923
development01,R98-C2,EVENT-FULL,1378,1376,FULL,0,20.000000000000004,19,2,1.0000000000000036,0,0,1132.3797302
development01,R98-C2,EVENT-FULL,1379,1377,FULL,0,20,19,2,1,0,0,1132.5846859999999
development01,R98-C2,EVENT-FULL,1380,1378,FULL,0,20.000000000000014,19,2,1.0000000000000142,0,0,1132.6589188
development01,R98-C2,EVENT-FULL,1381,1379,FULL,0,20,19,2,1,0,0,1132.727674
development01,R98-C2,EVENT-FULL,1382,1380,FULL,0,20,19,2,1,0,0,1132.8352869
development01,R98-C2,EVENT-FULL,1383,1381,FULL,0,20,19,2,1,0,0,1132.9062017000001
development01,R98-C2,EVENT-FULL,1384,1382,FULL,0,22,21,0,1,0,0,1134.4198868999999
development01,R98-C2,EVENT-FULL,1385,1383,FULL,0,22.000000000000007,21,0,1.0000000000000071,0,0,1134.5059896
development01,R98-C2,EVENT-FULL,1386,1384,FULL,0,22.000000000000007,21,0,1.0000000000000071,0,0,1134.574715
development01,R98-C2,EVENT-FULL,1387,1385,FULL,0,21.999999999999996,21,0,0.99999999999999645,0,0,1134.7250726
development01,R98-C2,EVENT-FULL,1388,1386,FULL,0,22.000000000000007,21,0,1.0000000000000071,0,0,1134.7871161999999
development01,R98-C2,EVENT-FULL,1389,1387,FULL,0,22.000000000000007,21,0,1.0000000000000071,0,0,1134.8598282999999
development01,R98-C2,EVENT-FULL,1390,1388,FULL,0,22.000000000000007,21,0,1.0000000000000071,0,0,1134.9267887999999
development01,R98-C2,EVENT-FULL,1391,1389,FULL,0,22.000000000000007,21,-1,1.0000000000000071,0,0,1134.9941328
development01,R98-C2,EVENT-FULL,1392,1390,FULL,0,20,19,12,1,0,0,1136.8910642999999
development01,R98-C2,EVENT-FULL,1393,1391,FULL,1,24,23,14,1,0,0,1137.1430564
development01,R98-C2,EVENT-FULL,1394,1392,FULL,1,24,23,13,1,0,0,1137.4498661
development01,R98-C2,EVENT-FULL,1395,1393,FULL,0,18,17,12,1,0,0,1137.8688949
development01,R98-C2,EVENT-FULL,1396,1394,FULL,1,20,19,9,1,0,0,1140.4902027999999
development01,R98-C2,EVENT-FULL,1397,1395,FULL,0,14,13,-1,1,0,0,1140.6897332000001
development01,R98-C2,EVENT-FULL,1398,1396,FULL,0,20.000000000000014,19,-1,1.0000000000000142,0,0,1142.1170199000001
development01,R98-C2,EVENT-FULL,1399,1397,FULL,0,20,19,-2,1,0,0,1142.3698584000001
development01,R98-C2,EVENT-FULL,1400,1398,FULL,0,17.999999999999996,17,-5,0.99999999999999645,0,0,1142.5376037999999
development01,R98-C2,EVENT-FULL,1401,1399,FULL,0,20,19,-3,1,0,0,1142.6010607999999
development01,R98-C2,EVENT-FULL,1402,1400,FULL,0,19.999999999999986,19,-3,0.99999999999998579,0,0,1142.6623576
development01,R98-C2,EVENT-FULL,1403,1401,FULL,0,20,19,-2,1,0,0,1142.7247465
development01,R98-C2,EVENT-FULL,1404,1402,FULL,1,18,17,8,1,0,0,1146.9266138
development01,R98-C2,EVENT-FULL,1405,1403,FULL,1,18,17,8,1,0,0,1147.1653085999999
development01,R98-C2,EVENT-FULL,1406,1404,FULL,1,18,17,9,1,0,0,1147.5148988000001
development01,R98-C2,EVENT-FULL,1407,1405,FULL,1,18,17,8,1,0,0,1147.6880606
development01,R98-C2,EVENT-FULL,1408,1406,FULL,1,18,17,8,1,0,0,1147.8190571
development01,R98-C2,EVENT-FULL,1409,1407,FULL,1,18.000000000000007,17,8,1.0000000000000071,0,0,1147.9606687
development01,R98-C2,EVENT-FULL,1410,1408,FULL,0,22,21,5,1,0,0,1152.5220664999999
development01,R98-C2,EVENT-FULL,1411,1409,FULL,0,22.000000000000004,21,4,1.0000000000000036,0,0,1152.6033365000001
development01,R98-C2,EVENT-FULL,1412,1410,FULL,0,22.000000000000007,21,4,1.0000000000000071,0,0,1152.6661131999999
development01,R98-C2,EVENT-FULL,1413,1411,FULL,0,21.999999999999993,21,5,0.99999999999999289,0,0,1152.7290084000001
development01,R98-C2,EVENT-FULL,1414,1412,FULL,0,22.000000000000014,21,4,1.0000000000000142,0,0,1152.8027930999999
development01,R98-C2,EVENT-FULL,1415,1413,FULL,0,22,21,10,1,0,0,1156.2828958
development01,R98-C2,EVENT-FULL,1416,1414,FULL,0,22,21,8,1,0,0,1156.8620615
development01,R98-C2,EVENT-FULL,1417,1415,FULL,0,26,25,11,1,0,0,1157.0362623000001
development01,R98-C2,EVENT-FULL,1418,1416,FULL,0,24,23,6,1,0,0,1157.1124526999999
development01,R98-C2,EVENT-FULL,1419,1417,FULL,0,22.000000000000018,21,2,1.0000000000000178,0,0,1158.2850913
development01,R98-C2,EVENT-FULL,1420,1418,FULL,0,22,21,2,1,0,0,1158.4754746999999
development01,R98-C2,EVENT-FULL,1421,1419,FULL,0,22.000000000000011,21,2,1.0000000000000107,0,0,1158.7236241999999
development01,R98-C2,EVENT-FULL,1422,1420,FULL,0,22.000000000000011,21,2,1.0000000000000107,0,0,1158.8549290999999
development01,R98-C2,EVENT-FULL,1423,1421,FULL,0,22.000000000000011,21,2,1.0000000000000107,0,0,1158.982782
development01,R98-C2,EVENT-FULL,1424,1422,FULL,0,24,23,6,1,0,0,1162.1979203999999
development01,R98-C2,EVENT-FULL,1425,1423,FULL,0,22,21,8,1,0,0,1163.1484092000001
development01,R98-C2,EVENT-FULL,1426,1424,FULL,0,21.999999999999979,21,7,0.99999999999997868,0,0,1163.2942403
development01,R98-C2,EVENT-FULL,1427,1425,FULL,0,22,21,6,1,0,0,1163.3976885
development01,R98-C2,EVENT-FULL,1428,1426,FULL,0,22,21,5,1,0,0,1163.5352994
development01,R98-C2,EVENT-FULL,1429,1427,FULL,0,21.999999999999996,21,6,0.99999999999999645,0,0,1163.6014276000001
development01,R98-C2,EVENT-FULL,1430,1428,FULL,0,22.000000000000004,21,7,1.0000000000000036,0,0,1163.8735822000001
development01,R98-C2,EVENT-FULL,1431,1429,FULL,0,22.000000000000007,21,5,1.0000000000000071,0,0,1164.0203887
development01,R98-C2,EVENT-FULL,1432,1430,FULL,0,22,21,6,1,0,0,1164.0884404999999
development01,R98-C2,EVENT-FULL,1433,1431,FULL,0,22,21,6,1,0,0,1164.1974130000001
development01,R98-C2,EVENT-FULL,1434,1432,FULL,0,22.000000000000007,21,5,1.0000000000000071,0,0,1164.3058976
development01,R98-C2,EVENT-FULL,1435,1433,FULL,0,21.999999999999993,21,6,0.99999999999999289,0,0,1164.3937295000001
development01,R98-C2,EVENT-FULL,1436,1434,FULL,0,22.000000000000004,21,5,1.0000000000000036,0,0,1164.5888023
development01,R98-C2,EVENT-FULL,1437,1435,FULL,0,22,21,6,1,0,0,1164.7804054000001
development01,R98-C2,EVENT-FULL,1438,1436,FULL,0,22.000000000000007,21,5,1.0000000000000071,0,0,1165.1099909
development01,R98-C2,EVENT-FULL,1439,1437,FULL,0,22.000000000000004,21,5,1.0000000000000036,0,0,1165.3648209
development01,R98-C2,EVENT-FULL,1440,1438,FULL,0,22.000000000000007,21,5,1.0000000000000071,0,0,1165.5851474000001
development01,R98-C2,EVENT-FULL,1441,1439,FULL,0,22.000000000000007,21,5,1.0000000000000071,0,0,1165.7347291999999
development01,R98-C2,EVENT-FULL,1442,1440,FULL,0,22.000000000000011,21,5,1.0000000000000107,0,0,1165.8729575
development01,R98-C2,EVENT-FULL,1443,1441,FULL,0,22.000000000000007,21,4,1.0000000000000071,0,0,1166.0751734999999
development01,R98-C2,EVENT-FULL,1444,1442,FULL,0,22.000000000000007,21,4,1.0000000000000071,0,0,1166.2896151
development01,R98-C2,EVENT-FULL,1445,1443,FULL,0,22.000000000000007,21,4,1.0000000000000071,0,0,1166.4370647999999
development01,R98-C2,EVENT-FULL,1446,1444,FULL,0,22.000000000000007,21,4,1.0000000000000071,0,0,1166.5852158
development01,R98-C2,EVENT-FULL,1447,1445,FULL,0,21.999999999999993,21,4,0.99999999999999289,0,0,1166.7690846
development01,R98-C2,EVENT-FULL,1448,1446,FULL,0,22.000000000000007,21,4,1.0000000000000071,0,0,1166.8355759000001
development01,R98-C2,EVENT-FULL,1449,1447,FULL,0,22.000000000000007,21,5,1.0000000000000071,0,0,1167.027818
development01,R98-C2,EVENT-FULL,1450,1448,FULL,0,22.000000000000007,21,5,1.0000000000000071,0,0,1167.3466556000001
development01,R98-C2,EVENT-FULL,1451,1449,FULL,0,22.000000000000014,21,4,1.0000000000000142,0,0,1167.6859297000001
development01,R98-C2,EVENT-FULL,1452,1450,FULL,0,22.000000000000007,21,5,1.0000000000000071,0,0,1167.8186174
development01,R98-C2,EVENT-FULL,1453,1451,FULL,0,22.000000000000007,21,4,1.0000000000000071,0,0,1168.0255126
development01,R98-C2,EVENT-FULL,1454,1452,FULL,0,22.000000000000007,21,5,1.0000000000000071,0,0,1168.1002834999999
development01,R98-C2,EVENT-FULL,1455,1453,FULL,0,22.000000000000011,21,4,1.0000000000000107,0,0,1168.5571566000001
development01,R98-C2,EVENT-FULL,1456,1454,FULL,0,22.000000000000007,21,5,1.0000000000000071,0,0,1168.7418448999999
development01,R98-C2,EVENT-FULL,1457,1455,FULL,0,20,19,13,1,0,0,1169.6878614
development01,R98-C2,EVENT-FULL,1458,1456,FULL,0,20,19,13,1,0,0,1169.9416828000001
development01,R98-C2,EVENT-FULL,1459,1457,FULL,0,20,19,13,1,0,0,1170.1392526
development01,R98-C2,EVENT-FULL,1460,1458,FULL,0,22,21,13,1,0,0,1171.0917543999999
development01,R98-C2,EVENT-FULL,1461,1459,FULL,0,22,21,12,1,0,0,1171.2475297000001
development01,R98-C2,EVENT-FULL,1462,1460,FULL,0,20,19,14,1,0,0,1173.3260834
development01,R98-C2,EVENT-FULL,1463,1461,FULL,0,20,19,8,1,0,0,1178.0094317000001
development01,R98-C2,EVENT-FULL,1464,1462,FULL,0,18,17,1,1,0,0,1179.1503353999999
development01,R98-C2,EVENT-FULL,1465,1463,FULL,0,17.999999999999993,17,3,0.99999999999999289,0,0,1180.8447693000001
development01,R98-C2,EVENT-FULL,1466,1464,FULL,0,18,17,2,1,0,0,1181.1219407999999
development01,R98-C2,EVENT-FULL,1467,1465,FULL,0,17.999999999999996,17,1,0.99999999999999645,0,0,1181.4148834
development01,R98-C2,EVENT-FULL,1468,1466,FULL,0,17.999999999999993,17,0,0.99999999999999289,0,0,1181.6383559999999
development01,R98-C2,EVENT-FULL,1469,1467,FULL,0,17.999999999999993,17,0,0.99999999999999289,0,0,1181.8325786
development01,R98-C2,EVENT-FULL,1470,1468,FULL,0,18,17,-1,1,0,0,1181.9740779000001
development01,R98-C2,EVENT-FULL,1471,1469,FULL,0,18,17,0,1,0,0,1182.1211032000001
development01,R98-C2,EVENT-FULL,1472,1470,FULL,0,18,17,0,1,0,0,1182.3167427999999
development01,R98-C2,EVENT-FULL,1473,1471,FULL,0,18,17,0,1,0,0,1182.4299467000001
development01,R98-C2,EVENT-FULL,1474,1472,FULL,0,22,21,7,1,0,0,1184.9427338
development01,R98-C2,EVENT-FULL,1475,1473,FULL,0,21.999999999999925,21,7,0.99999999999992539,0,0,1185.0382365
development01,R98-C2,EVENT-FULL,1476,1474,FULL,0,22,21,6,1,0,0,1185.2638222999999
development01,R98-C2,EVENT-FULL,1477,1475,FULL,0,21.999999999999993,21,6,0.99999999999999289,0,0,1185.3407096000001
development01,R98-C2,EVENT-FULL,1478,1476,FULL,0,22,21,5,1,0,0,1185.4367565
development01,R98-C2,EVENT-FULL,1479,1477,FULL,0,22,21,5,1,0,0,1185.5082895
development01,R98-C2,EVENT-FULL,1480,1478,FULL,0,22,21,5,1,0,0,1185.5832473
development01,R98-C2,EVENT-FULL,1481,1479,FULL,0,22,21,5,1,0,0,1185.6468250999999
development01,R98-C2,EVENT-FULL,1482,1480,FULL,0,22,21,6,1,0,0,1185.7091071
development01,R98-C2,EVENT-FULL,1483,1481,FULL,0,20,19,13,1,0,0,1188.3976633
development01,R98-C2,EVENT-FULL,1484,1482,FULL,1,18,17,4,1,0,0,1188.61023
development01,R98-C2,EVENT-FULL,1485,1483,FULL,0,20,19,13,1,0,0,1188.7355841999999
development01,R98-C2,EVENT-FULL,1486,1484,FULL,0,19.999999999999989,19,14,0.99999999999998934,0,0,1188.8988741000001
development01,R98-C2,EVENT-FULL,1487,1485,FULL,1,24,23,6,1,0,0,1194.5897599
development01,R98-C2,EVENT-FULL,1488,1486,FULL,1,24,23,5,1,0,0,1194.7134715
development01,R98-C2,EVENT-FULL,1489,1487,FULL,1,23.999999999999996,23,5,0.99999999999999645,0,0,1194.8713799
development01,R98-C2,EVENT-FULL,1490,1488,FULL,0,20,19,13,1,0,0,1196.9686879999999
development01,R98-C2,EVENT-FULL,1491,1489,FULL,0,24,23,8,1,0,0,1200.0127848
development01,R98-C2,EVENT-FULL,1492,1490,FULL,0,23.999999999999975,23,7,0.99999999999997513,0,0,1200.2061861
development01,R98-C2,EVENT-FULL,1493,1491,FULL,0,23.999999999999996,23,7,0.99999999999999645,0,0,1200.2697679
development01,R98-C2,EVENT-FULL,1494,1492,FULL,0,23.999999999999996,23,7,0.99999999999999645,0,0,1200.3350372
development01,R98-C2,EVENT-FULL,1495,1493,FULL,0,24,23,6,1,0,0,1200.4255725
development01,R98-C2,EVENT-FULL,1496,1494,FULL,0,24,23,6,1,0,0,1200.4975758999999
development01,R98-C2,EVENT-FULL,1497,1495,FULL,0,18,17,7,1,0,0,1206.3696033000001
development01,R98-C2,EVENT-FULL,1498,1496,FULL,0,18,17,8,1,0,0,1207.8931032
development01,R98-C2,EVENT-FULL,1499,1497,FULL,0,22,21,9,1,0,0,1208.7537175
development01,R98-C2,EVENT-FULL,1500,1498,FULL,0,22,21,12,1,0,0,1208.9539460000001
development01,R98-C2,EVENT-FULL,1501,1499,FULL,0,16,15,4,1,0,0,1209.7508255
development01,R98-C2,EVENT-FULL,1502,1500,FULL,0,20,19,1,1,0,0,1210.0293283999999
development01,R98-C2,EVENT-FULL,1503,1501,FULL,0,18,17,-2,1,0,0,1210.6395064999999
development01,R98-C2,EVENT-FULL,1504,1502,FULL,0,18.000000000000004,17,-3,1.0000000000000036,0,0,1210.7053369
development01,R98-C2,EVENT-FULL,1505,1503,FULL,0,18.000000000000018,17,-3,1.0000000000000178,0,0,1210.7709812999999
development01,R98-C2,EVENT-FULL,1506,1504,FULL,0,20.000000000000004,19,4,1.0000000000000036,0,0,1214.9426651000001
development01,R98-C2,EVENT-FULL,1507,1505,FULL,0,19.999999999999993,19,2,0.99999999999999289,0,0,1215.0433591999999
development01,R98-C2,EVENT-FULL,1508,1506,FULL,0,20,19,3,1,0,0,1215.1115222999999
development01,R98-C2,EVENT-FULL,1509,1507,FULL,0,20,19,2,1,0,0,1215.2039998
development01,R98-C2,EVENT-FULL,1510,1508,FULL,0,20,19,2,1,0,0,1215.2980912999999
development01,R98-C2,EVENT-FULL,1511,1509,FULL,0,20,19,2,1,0,0,1215.3771716000001
development01,R98-C2,EVENT-FULL,1512,1510,FULL,0,20,19,2,1,0,0,1215.4375265000001
development01,R98-C2,EVENT-FULL,1513,1511,FULL,0,20,19,2,1,0,0,1215.4993234999999
development01,R98-C2,EVENT-FULL,1514,1512,FULL,0,20,19,2,1,0,0,1215.5607460000001
development01,R98-C2,EVENT-FULL,1516,1513,FULL,0,20,19,9,1,0,0,1219.7976286999999
development01,R98-C2,EVENT-FULL,1517,1514,FULL,0,24,23,8,1,0,0,1219.9250207
development01,R98-C2,EVENT-FULL,1518,1515,FULL,0,24,23,9,1,0,0,1220.514218
development01,R98-C2,EVENT-FULL,1519,1516,FULL,0,22,21,10,1,0,0,1221.2834722
development01,R98-C2,EVENT-FULL,1520,1517,FULL,0,22,21,10,1,0,0,1226.2876937000001
development01,R98-C2,EVENT-FULL,1521,1518,FULL,0,24,23,4,1,0,0,1229.9067398
development01,R98-C2,EVENT-FULL,1522,1519,FULL,0,24,23,3,1,0,0,1230.1352096000001
development01,R98-C2,EVENT-FULL,1523,1520,FULL,0,24,23,2,1,0,0,1230.2521585
development01,R98-C2,EVENT-FULL,1524,1521,FULL,0,24,23,1,1,0,0,1230.3247796999999
development01,R98-C2,EVENT-FULL,1525,1522,FULL,0,24,23,2,1,0,0,1230.4324674
development01,R98-C2,EVENT-FULL,1526,1523,FULL,0,24,23,2,1,0,0,1230.5128757
development01,R98-C2,EVENT-FULL,1527,1524,FULL,0,22,21,11,1,0,0,1237.7385918
development01,R98-C2,EVENT-FULL,1528,1525,FULL,0,20,19,11,1,0,0,1237.8903823999999
development01,R98-C2,EVENT-FULL,1529,1526,FULL,0,22,21,11,1,0,0,1238.5502297999999
development01,R98-C2,EVENT-FULL,1530,1527,FULL,0,20,19,7,1,0,0,1238.916031
development01,R98-C2,EVENT-FULL,1531,1528,FULL,0,20,19,-1,1,0,0,1241.2435074
development01,R98-C2,EVENT-FULL,1532,1529,FULL,0,20,19,-2,1,0,0,1241.3297934
development01,R98-C2,EVENT-FULL,1533,1530,FULL,0,18,17,2,1,0,0,1244.5214966000001
development01,R98-C2,EVENT-FULL,1534,1531,FULL,0,22,21,7,1,0,0,1245.7338890000001
development01,R98-C2,EVENT-FULL,1535,1532,FULL,0,20,19,-2,1,0,0,1246.3111325
development01,R98-C2,EVENT-FULL,1536,1533,FULL,0,20.000000000000004,19,-3,1.0000000000000036,0,0,1246.5452161999999
development01,R98-C2,EVENT-FULL,1537,1534,FULL,0,20,19,-2,1,0,0,1246.7023380999999
development01,R98-C2,EVENT-FULL,1538,1535,FULL,0,19.999999999999996,19,-3,0.99999999999999645,0,0,1246.914673
development01,R98-C2,EVENT-FULL,1539,1536,FULL,0,19.999999999999996,19,-3,0.99999999999999645,0,0,1246.9857075
development01,R98-C2,EVENT-FULL,1540,1537,FULL,0,24,23,6,1,0,0,1249.7478914999999
development01,R98-C2,EVENT-FULL,1541,1538,FULL,0,24,23,6,1,0,0,1249.8256891000001
development01,R98-C2,EVENT-FULL,1542,1539,FULL,0,24,23,6,1,0,0,1249.9163618
development01,R98-C2,EVENT-FULL,1543,1540,FULL,0,20,19,5,1,0,0,1252.4748368
development01,R98-C2,EVENT-FULL,1544,1541,FULL,0,20.000000000000004,19,6,1.0000000000000036,0,0,1252.581134
development01,R98-C2,EVENT-FULL,1545,1542,FULL,0,20.000000000000004,19,5,1.0000000000000036,0,0,1252.6680553000001
development01,R98-C2,EVENT-FULL,1546,1543,FULL,0,19.999999999999996,19,5,0.99999999999999645,0,0,1252.7623272000001
development01,R98-C2,EVENT-FULL,1547,1544,FULL,0,19.999999999999986,19,5,0.99999999999998579,0,0,1252.8491931000001
development01,R98-C2,EVENT-FULL,1548,1545,FULL,0,20.000000000000004,19,4,1.0000000000000036,0,0,1252.9246736
development01,R98-C2,EVENT-FULL,1549,1546,FULL,0,20,19,5,1,0,0,1253.0073416
development01,R98-C2,EVENT-FULL,1550,1547,FULL,0,20,19,4,1,0,0,1253.1086001000001
development01,R98-C2,EVENT-FULL,1551,1548,FULL,0,20.000000000000004,19,4,1.0000000000000036,0,0,1253.1727338000001
development01,R98-C2,EVENT-FULL,1552,1549,FULL,0,20.000000000000007,19,4,1.0000000000000071,0,0,1253.2402204
development01,R98-C2,EVENT-FULL,1553,1550,FULL,0,20.000000000000004,19,5,1.0000000000000036,0,0,1253.3765957000001
development01,R98-C2,EVENT-FULL,1554,1551,FULL,0,20.000000000000004,19,5,1.0000000000000036,0,0,1253.4442100000001
development01,R98-C2,EVENT-FULL,1555,1552,FULL,0,20,19,4,1,0,0,1253.6378614
development01,R98-C2,EVENT-FULL,1556,1553,FULL,0,20.000000000000004,19,4,1.0000000000000036,0,0,1253.7047573
development01,R98-C2,EVENT-FULL,1557,1554,FULL,0,20.000000000000004,19,4,1.0000000000000036,0,0,1253.8147584000001
development01,R98-C2,EVENT-FULL,1558,1555,FULL,0,20.000000000000004,19,4,1.0000000000000036,0,0,1253.9878398000001
development01,R98-C2,EVENT-FULL,1559,1556,FULL,0,20.000000000000004,19,4,1.0000000000000036,0,0,1254.1685485
development01,R98-C2,EVENT-FULL,1560,1557,FULL,0,20.000000000000004,19,4,1.0000000000000036,0,0,1254.3127910999999
development01,R98-C2,EVENT-FULL,1561,1558,FULL,0,19.999999999999993,19,5,0.99999999999999289,0,0,1254.3939777000001
development01,R98-C2,EVENT-FULL,1562,1559,FULL,0,20,19,5,1,0,0,1254.5341347999999
development01,R98-C2,EVENT-FULL,1563,1560,FULL,0,20,19,5,1,0,0,1254.6951590000001
development01,R98-C2,EVENT-FULL,1564,1561,FULL,0,20,19,5,1,0,0,1254.7718686000001
development01,R98-C2,EVENT-FULL,1565,1562,FULL,0,20,19,5,1,0,0,1254.9057525000001
development01,R98-C2,EVENT-FULL,1566,1563,FULL,0,20,19,5,1,0,0,1254.9920505
development01,R98-C2,EVENT-FULL,1567,1564,FULL,0,20,19,5,1,0,0,1255.0805359999999
development01,R98-C2,EVENT-FULL,1568,1565,FULL,0,22,21,20,1,0,0,1256.0012197000001
development01,R98-C2,EVENT-FULL,1569,1566,FULL,0,22,21,19,1,0,0,1256.6689375000001
development01,R98-C2,EVENT-FULL,1570,1567,FULL,0,22,21,19,1,0,0,1256.8079184000001
development01,R98-C2,EVENT-FULL,1571,1568,FULL,0,22,21,7,1,0,0,1258.4622939000001
development01,R98-C2,EVENT-FULL,1572,1569,FULL,0,22,21,7,1,0,0,1258.6406624000001
development01,R98-C2,EVENT-FULL,1573,1570,FULL,1,22,21,9,1,0,0,1262.2589511000001
development01,R98-C2,EVENT-FULL,1574,1571,FULL,1,22,21,9,1,0,0,1262.3701547000001
development01,R98-C2,EVENT-FULL,1575,1572,FULL,1,22,21,9,1,0,0,1262.4518880000001
development01,R98-C2,EVENT-FULL,1576,1573,FULL,1,22,21,9,1,0,0,1262.5312302
development01,R98-C2,EVENT-FULL,1577,1574,FULL,1,21.999999999999979,21,9,0.99999999999997868,0,0,1262.5963882000001
development01,R98-C2,EVENT-FULL,1578,1575,FULL,1,21.999999999999947,21,9,0.99999999999994671,0,0,1262.6726322
development01,R98-C2,EVENT-FULL,1579,1576,FULL,1,22,21,9,1,0,0,1262.7813186999999
development01,R98-C2,EVENT-FULL,1580,1577,FULL,1,22,21,8,1,0,0,1262.8611658
development01,R98-C2,EVENT-FULL,1581,1578,FULL,0,22,21,1,1,0,0,1266.631478
development01,R98-C2,EVENT-FULL,1582,1579,FULL,0,21.999999999999996,21,0,0.99999999999999645,0,0,1266.7111464
development01,R98-C2,EVENT-FULL,1583,1580,FULL,0,22,21,1,1,0,0,1266.8744565
development01,R98-C2,EVENT-FULL,1584,1581,FULL,0,22,21,1,1,0,0,1266.958239
development01,R98-C2,EVENT-FULL,1585,1582,FULL,0,22,21,1,1,0,0,1267.0275482
development01,R98-C2,EVENT-FULL,1586,1583,FULL,0,22,21,1,1,0,0,1267.1130177
development01,R98-C2,EVENT-FULL,1587,1584,FULL,0,22,21,0,1,0,0,1267.1871756
development01,R98-C2,EVENT-FULL,1588,1585,FULL,0,22,21,0,1,0,0,1267.2516587
development01,R98-C2,EVENT-FULL,1589,1586,FULL,0,22,21,0,1,0,0,1267.3140212000001
development01,R98-C2,EVENT-FULL,1590,1587,FULL,0,20,19,2,1,0,0,1267.546801
development01,R98-C2,EVENT-FULL,1591,1588,FULL,0,18,17,1,1,0,0,1270.4674164
development01,R98-C2,EVENT-FULL,1592,1589,FULL,0,17.999999999999996,17,1,0.99999999999999645,0,0,1270.7635015999999
development01,R98-C2,EVENT-FULL,1593,1590,FULL,1,20,19,2,1,0,0,1270.8951402
development01,R98-C2,EVENT-FULL,1594,1591,FULL,0,20,19,1,1,0,0,1273.6881553000001
development01,R98-C2,EVENT-FULL,1595,1592,FULL,0,19.999999999999989,19,1,0.99999999999998934,0,0,1273.9503348999999
development01,R98-C2,EVENT-FULL,1596,1593,FULL,0,20,19,1,1,0,0,1274.0816947000001
development01,R98-C2,EVENT-FULL,1597,1594,FULL,0,20,19,0,1,0,0,1274.2508879
development01,R98-C2,EVENT-FULL,1598,1595,FULL,0,19.999999999999989,19,-1,0.99999999999998934,0,0,1274.3303757000001
development01,R98-C2,EVENT-FULL,1599,1596,FULL,0,20,19,0,1,0,0,1274.4425240999999
development01,R98-C2,EVENT-FULL,1600,1597,FULL,0,20,19,-1,1,0,0,1274.5212337
development01,R98-C2,EVENT-FULL,1601,1598,FULL,0,20,19,0,1,0,0,1274.5905886999999
development01,R98-C2,EVENT-FULL,1602,1599,FULL,0,20,19,-1,1,0,0,1274.655692
development01,R98-C2,EVENT-FULL,1603,1600,FULL,0,20,19,6,1,0,0,1280.3692989000001
development01,R98-C2,EVENT-FULL,1604,1601,FULL,0,20,19,3,1,0,0,1283.8080070999999
development01,R98-C2,EVENT-FULL,1605,1602,FULL,0,20,19,2,1,0,0,1283.9040121
development01,R98-C2,EVENT-FULL,1606,1603,FULL,0,19.999999999999996,19,2,0.99999999999999645,0,0,1284.0495882
development01,R98-C2,EVENT-FULL,1607,1604,FULL,0,20,19,2,1,0,0,1284.1139295999999
development01,R98-C2,EVENT-FULL,1608,1605,FULL,0,20.000000000000025,19,1,1.0000000000000249,0,0,1284.2516421
development01,R98-C2,EVENT-FULL,1609,1606,FULL,0,20,19,1,1,0,0,1284.337747
development01,R98-C2,EVENT-FULL,1610,1607,FULL,0,20,19,2,1,0,0,1284.4296841
development01,R98-C2,EVENT-FULL,1611,1608,FULL,0,20,19,1,1,0,0,1284.5584755
development01,R98-C2,EVENT-FULL,1612,1609,FULL,0,20,19,1,1,0,0,1284.6422196000001
development01,R98-C2,EVENT-FULL,1613,1610,FULL,0,20,19,1,1,0,0,1284.7370877000001
development01,R98-C2,EVENT-FULL,1614,1611,FULL,0,19.999999999999996,19,1,0.99999999999999645,0,0,1284.8218568
development01,R98-C2,EVENT-FULL,1615,1612,FULL,0,24,23,7,1,0,0,1288.1945946999999
development01,R98-C2,EVENT-FULL,1616,1613,FULL,0,23.999999999999996,23,6,0.99999999999999645,0,0,1288.4778020000001
development01,R98-C2,EVENT-FULL,1617,1614,FULL,0,24,23,5,1,0,0,1288.5430807
development01,R98-C2,EVENT-FULL,1618,1615,FULL,0,24,23,5,1,0,0,1288.6120016
development01,R98-C2,EVENT-FULL,1619,1616,FULL,0,24,23,5,1,0,0,1288.6809043999999
development01,R98-C2,EVENT-FULL,1620,1617,FULL,0,22,21,12,1,0,0,1291.8742597999999
development01,R98-C2,EVENT-FULL,1621,1618,FULL,0,20,19,8,1,0,0,1297.8052875000001
development01,R98-C2,EVENT-FULL,1622,1619,FULL,0,20,19,8,1,0,0,1304.5647449999999
development01,R98-C2,EVENT-FULL,1623,1620,FULL,0,18,17,6,1,0,0,1307.3345578000001
development01,R98-C2,EVENT-FULL,1624,1621,FULL,0,22,21,9,1,0,0,1313.5825291000001
development01,R98-C2,EVENT-FULL,1625,1622,FULL,0,20,19,9,1,0,0,1314.6855556999999
development01,R98-C2,EVENT-FULL,1626,1623,FULL,0,20,19,11,1,0,0,1323.624339
development01,R98-C2,EVENT-FULL,1627,1624,FULL,0,22,21,13,1,0,0,1324.3639015000001
development01,R98-C2,EVENT-FULL,1628,1625,FULL,0,20,19,15,1,0,0,1327.0846458000001
development01,R98-C2,EVENT-FULL,1629,1626,FULL,0,20,19,14,1,0,0,1327.4298458000001
development01,R98-C2,EVENT-FULL,1630,1627,FULL,0,22,21,14,1,0,0,1327.51486
development01,R98-C2,EVENT-FULL,1631,1628,FULL,0,22,21,14,1,0,0,1327.5753662
development01,R98-C2,EVENT-FULL,1632,1629,FULL,0,22,21,13,1,0,0,1327.7871938999999
development01,R98-C2,EVENT-FULL,1633,1630,FULL,0,22,21,15,1,0,0,1327.9301129999999
development01,R98-C2,EVENT-FULL,1634,1631,FULL,0,22,21,14,1,0,0,1328.071782
development01,R98-C2,EVENT-FULL,1635,1632,FULL,0,22,21,13,1,0,0,1328.2030545
development01,R98-C2,EVENT-FULL,1636,1633,FULL,0,18,17,7,1,0,0,1328.8632204999999
development01,R98-C2,EVENT-FULL,1637,1634,FULL,0,22,21,5,1,0,0,1330.6251082000001
development01,R98-C2,EVENT-FULL,1638,1635,FULL,0,18,17,3,1,0,0,1331.1294135000001
development01,R98-C2,EVENT-FULL,1639,1636,FULL,0,24,23,10,1,0,0,1336.4650005999999
development01,R98-C2,EVENT-FULL,1640,1637,FULL,0,16,15,5,1,0,0,1340.0053806999999
development01,R98-C2,EVENT-FULL,1641,1638,FULL,0,14,13,-3,1,0,0,1341.0413513000001
development01,R98-C2,EVENT-FULL,1642,1639,FULL,0,13.999999999999996,13,-3,0.99999999999999645,0,0,1341.1121298
development01,R98-C2,EVENT-FULL,1643,1640,FULL,0,13.999999999999998,13,-3,0.99999999999999822,0,0,1341.1775090000001
development01,R98-C2,EVENT-FULL,1644,1641,FULL,0,14.000000000000007,13,-3,1.0000000000000071,0,0,1341.2440056
development01,R98-C2,EVENT-FULL,1645,1642,FULL,0,14.000000000000014,13,-3,1.0000000000000142,0,0,1341.3093796000001
development01,R98-C2,EVENT-FULL,1646,1643,FULL,0,22,21,-1,1,0,0,1342.3672590000001
development01,R98-C2,EVENT-FULL,1647,1644,FULL,2,22,21,18,1,0,0,1346.3503301999999
development01,R98-C2,EVENT-FULL,1648,1645,FULL,0,18,17,-1,1,0,0,1346.9073631000001
development01,R98-C2,EVENT-FULL,1649,1646,FULL,0,18.000000000000004,17,-1,1.0000000000000036,0,0,1346.9807409
development01,R98-C2,EVENT-FULL,1650,1647,FULL,0,18,17,-1,1,0,0,1347.0446763
development01,R98-C2,EVENT-FULL,1651,1648,FULL,0,18,17,-1,1,0,0,1347.1234664000001
development01,R98-C2,EVENT-FULL,1652,1649,FULL,0,18,17,-1,1,0,0,1347.1981691000001
development01,R98-C2,EVENT-FULL,1653,1650,FULL,0,17.999999999999996,17,-1,0.99999999999999645,0,0,1347.2687120000001
development01,R98-C2,EVENT-FULL,1654,1651,FULL,0,18,17,-2,1,0,0,1347.3410103000001
development01,R98-C2,EVENT-FULL,1655,1652,FULL,0,15.999999999999998,15,-4,0.99999999999999822,0,0,1347.4209416000001
development01,R98-C2,EVENT-FULL,1656,1653,FULL,0,18,17,-2,1,0,0,1347.4854585999999
development01,R98-C2,EVENT-FULL,1657,1654,FULL,0,20,19,8,1,0,0,1348.6503729000001
development01,R98-C2,EVENT-FULL,1658,1655,FULL,0,20,19,9,1,0,0,1348.7446668
development01,R98-C2,EVENT-FULL,1659,1656,FULL,0,22,21,7,1,0,0,1349.6125205000001
development01,R98-C2,EVENT-FULL,1660,1657,FULL,0,22,21,7,1,0,0,1350.2526782
development01,R98-C2,EVENT-FULL,1661,1658,FULL,0,20,19,3,1,0,0,1352.0109391000001
development01,R98-C2,EVENT-FULL,1662,1659,FULL,0,18,17,-2,1,0,0,1353.3450576
development01,R98-C2,EVENT-FULL,1663,1660,FULL,0,18.000000000000004,17,-2,1.0000000000000036,0,0,1353.4111538
development01,R98-C2,EVENT-FULL,1664,1661,FULL,0,22,21,5,1,0,0,1355.8827191
development01,R98-C2,EVENT-FULL,1665,1662,FULL,0,22.000000000000007,21,4,1.0000000000000071,0,0,1356.0058297999999
development01,R98-C2,EVENT-FULL,1666,1663,FULL,0,22.000000000000011,21,3,1.0000000000000107,0,0,1356.118972
development01,R98-C2,EVENT-FULL,1667,1664,FULL,0,22.000000000000007,21,2,1.0000000000000071,0,0,1356.2577776999999
development01,R98-C2,EVENT-FULL,1668,1665,FULL,0,21.999999999999996,21,1,0.99999999999999645,0,0,1356.3602926000001
development01,R98-C2,EVENT-FULL,1669,1666,FULL,0,21.999999999999982,21,2,0.99999999999998224,0,0,1356.4530219999999
development01,R98-C2,EVENT-FULL,1670,1667,FULL,0,22.000000000000018,21,2,1.0000000000000178,0,0,1356.5186919
development01,R98-C2,EVENT-FULL,1671,1668,FULL,0,20,19,1,1,0,0,1359.7499874
development01,R98-C2,EVENT-FULL,1672,1669,FULL,0,19.999999999999996,19,-1,0.99999999999999645,0,0,1359.9097769
development01,R98-C2,EVENT-FULL,1673,1670,FULL,0,18,17,-2,1,0,0,1362.6507615999999
development01,R98-C2,EVENT-FULL,1674,1671,FULL,0,17.999999999999993,17,-2,0.99999999999999289,0,0,1362.7452137
development01,R98-C2,EVENT-FULL,1675,1672,FULL,0,17.999999999999996,17,-2,0.99999999999999645,0,0,1362.8153477000001
development01,R98-C2,EVENT-FULL,1676,1673,FULL,0,17.999999999999996,17,-2,0.99999999999999645,0,0,1362.8776356000001
development01,R98-C2,EVENT-FULL,1677,1674,FULL,0,17.999999999999996,17,-2,0.99999999999999645,0,0,1362.9382009999999
development01,R98-C2,EVENT-FULL,1678,1675,FULL,0,17.999999999999993,17,-3,0.99999999999999289,0,0,1363.0010365000001
development01,R98-C2,EVENT-FULL,1679,1676,FULL,0,17.999999999999996,17,-3,0.99999999999999645,0,0,1363.0744706
development01,R98-C2,EVENT-FULL,1680,1677,FULL,0,17.999999999999996,17,-3,0.99999999999999645,0,0,1363.1359381
development01,R98-C2,EVENT-FULL,1681,1678,FULL,0,18,17,-2,1,0,0,1363.2018986999999
development01,R98-C2,EVENT-FULL,1682,1679,FULL,0,20,19,0,1,0,0,1369.4445536000001
development01,R98-C2,EVENT-FULL,1683,1680,FULL,0,20,19,1,1,0,0,1369.5470370999999
development01,R98-C2,EVENT-FULL,1684,1681,FULL,0,20.000000000000025,19,0,1.0000000000000249,0,0,1369.6412029999999
development01,R98-C2,EVENT-FULL,1685,1682,FULL,0,20,19,0,1,0,0,1369.7400134
development01,R98-C2,EVENT-FULL,1686,1683,FULL,0,20,19,-1,1,0,0,1369.8041765
development01,R98-C2,EVENT-FULL,1687,1684,FULL,0,19.999999999999982,19,0,0.99999999999998224,0,0,1369.8710361000001
development01,R98-C2,EVENT-FULL,1688,1685,FULL,0,20,19,0,1,0,0,1369.9514933999999
development01,R98-C2,EVENT-FULL,1689,1686,FULL,0,20,19,0,1,0,0,1370.0202426999999
development01,R98-C2,EVENT-FULL,1690,1687,FULL,0,20,19,-1,1,0,0,1370.0851113000001
development01,R98-C2,EVENT-FULL,1691,1688,FULL,0,20,19,-1,1,0,0,1370.1466398
development01,R98-C2,EVENT-FULL,1692,1689,FULL,0,22,21,2,1,0,0,1372.0904897999999
development01,R98-C2,EVENT-FULL,1693,1690,FULL,0,22,21,2,1,0,0,1372.3662455000001
development01,R98-C2,EVENT-FULL,1694,1691,FULL,0,22,21,5,1,0,0,1373.6425537
development01,R98-C2,EVENT-FULL,1695,1692,FULL,1,22,21,6,1,0,0,1374.9125852
development01,R98-C2,EVENT-FULL,1696,1693,FULL,1,22,21,5,1,0,0,1375.0045256999999
development01,R98-C2,EVENT-FULL,1697,1694,FULL,1,22,21,6,1,0,0,1375.1425202999999
development01,R98-C2,EVENT-FULL,1698,1695,FULL,1,22,21,5,1,0,0,1375.2192273000001
development01,R98-C2,EVENT-FULL,1699,1696,FULL,1,22,21,4,1,0,0,1375.2982096000001
development01,R98-C2,EVENT-FULL,1700,1697,FULL,1,22,21,5,1,0,0,1375.3761380000001
development01,R98-C2,EVENT-FULL,1701,1698,FULL,1,22,21,4,1,0,0,1375.4667073999999
development01,R98-C2,EVENT-FULL,1702,1699,FULL,1,22,21,4,1,0,0,1375.5361353999999
development01,R98-C2,EVENT-FULL,1703,1700,FULL,0,22,21,18,1,0,0,1377.1907048
development01,R98-C2,EVENT-FULL,1704,1701,FULL,0,22,21,12,1,0,0,1377.7365118
development01,R98-C2,EVENT-FULL,1705,1702,FULL,0,22,21,11,1,0,0,1377.8770159000001
development01,R98-C2,EVENT-FULL,1706,1703,FULL,0,24,23,13,1,0,0,1378.1629035000001
development01,R98-C2,EVENT-FULL,1707,1704,FULL,0,22,21,14,1,0,0,1378.3945675
development01,R98-C2,EVENT-FULL,1708,1705,FULL,0,22,21,13,1,0,0,1378.4538001999999
development01,R98-C2,EVENT-FULL,1709,1706,FULL,0,24,23,17,1,0,0,1378.9439124
development01,R98-C2,EVENT-FULL,1710,1707,FULL,0,20,19,12,1,0,0,1379.6811815000001
development01,R98-C2,EVENT-FULL,1711,1708,FULL,0,22,21,15,1,0,0,1380.3119051000001
development01,R98-C2,EVENT-FULL,1712,1709,FULL,1,16,15,-2,1,0,0,1387.0040933
development01,R98-C2,EVENT-FULL,1713,1710,FULL,1,16,15,-2,1,0,0,1387.2990735000001
development01,R98-C2,EVENT-FULL,1714,1711,FULL,1,15.999999999999998,15,-2,0.99999999999999822,0,0,1387.4179262
development01,R98-C2,EVENT-FULL,1715,1712,FULL,1,16,15,-2,1,0,0,1387.5964916
development01,R98-C2,EVENT-FULL,1716,1713,FULL,1,16,15,-3,1,0,0,1387.6874667
development01,R98-C2,EVENT-FULL,1717,1714,FULL,1,16,15,-3,1,0,0,1387.7754018000001
development01,R98-C2,EVENT-FULL,1718,1715,FULL,1,16,15,-3,1,0,0,1387.8768593
development01,R98-C2,EVENT-FULL,1719,1716,FULL,1,16,15,-3,1,0,0,1387.9687463
development01,R98-C2,EVENT-FULL,1720,1717,FULL,1,16,15,-3,1,0,0,1388.0489176999999
development01,R98-C2,EVENT-FULL,1721,1718,FULL,1,16,15,-3,1,0,0,1388.1317465
development01,R98-C2,EVENT-FULL,1722,1719,FULL,0,21.999999999999996,21,3,0.99999999999999645,0,0,1390.3253486999999
development01,R98-C2,EVENT-FULL,1723,1720,FULL,0,18,17,13,1,0,0,1394.0489471999999
development01,R98-C2,EVENT-FULL,1724,1721,FULL,0,18,17,14,1,0,0,1394.3631659
development01,R98-C2,EVENT-FULL,1725,1722,FULL,0,18,17,13,1,0,0,1394.4959802999999
development01,R98-C2,EVENT-FULL,1726,1723,FULL,0,18,17,13,1,0,0,1394.5794800000001
development01,R98-C2,EVENT-FULL,1727,1724,FULL,0,18,17,12,1,0,0,1394.7061963000001
development01,R98-C2,EVENT-FULL,1728,1725,FULL,0,18,17,12,1,0,0,1394.7748615
development01,R98-C2,EVENT-FULL,1729,1726,FULL,0,18,17,12,1,0,0,1394.8420689
development01,R98-C2,EVENT-FULL,1730,1727,FULL,0,18,17,12,1,0,0,1394.9191028
development01,R98-C2,EVENT-FULL,1731,1728,FULL,0,22,21,2,1,0,0,1396.9411688
development01,R98-C2,EVENT-FULL,1732,1729,FULL,0,23.999999999999993,23,1,0.99999999999999289,0,0,1397.9089101
development01,R98-C2,EVENT-FULL,1733,1730,FULL,0,24,23,1,1,0,0,1398.0285120000001
development01,R98-C2,EVENT-FULL,1734,1731,FULL,0,24,23,1,1,0,0,1398.1423830000001
development01,R98-C2,EVENT-FULL,1735,1732,FULL,0,16,15,0,1,0,0,1401.1351064999999
development01,R98-C2,EVENT-FULL,1736,1733,FULL,0,14,13,0,1,0,0,1401.328109
development01,R98-C2,EVENT-FULL,1737,1734,FULL,1,22,21,-2,1,0,0,1401.5814602999999
development01,R98-C2,EVENT-FULL,1738,1735,FULL,1,22,21,-3,1,0,0,1401.7360672
development01,R98-C2,EVENT-FULL,1739,1736,FULL,1,21.999999999999996,21,-5,0.99999999999999645,0,0,1401.8661351999999
development01,R98-C2,EVENT-FULL,1740,1737,FULL,1,21.999999999999996,21,-5,0.99999999999999645,0,0,1401.9564508000001
development01,R98-C2,EVENT-FULL,1741,1738,FULL,1,22,21,-4,1,0,0,1402.0213149000001
development01,R98-C2,EVENT-FULL,1742,1739,FULL,0,20,19,0,1,0,0,1404.9292694999999
development01,R98-C2,EVENT-FULL,1743,1740,FULL,0,18,17,7,1,0,0,1405.4903145000001
development01,R98-C2,EVENT-FULL,1744,1741,FULL,0,18,17,6,1,0,0,1406.0234469
development01,R98-C2,EVENT-FULL,1745,1742,FULL,0,22,21,9,1,0,0,1406.2924516999999
development01,R98-C2,EVENT-FULL,1746,1743,FULL,0,20,19,3,1,0,0,1408.4630406000001
development01,R98-C2,EVENT-FULL,1747,1744,FULL,0,19.999999999999982,19,2,0.99999999999998224,0,0,1408.5758315
development01,R98-C2,EVENT-FULL,1748,1745,FULL,0,20,19,2,1,0,0,1408.7316238000001
development01,R98-C2,EVENT-FULL,1749,1746,FULL,0,18,17,1,1,0,0,1408.8662303000001
development01,R98-C2,EVENT-FULL,1750,1747,FULL,0,18,17,2,1,0,0,1408.9999918999999
development01,R98-C2,EVENT-FULL,1751,1748,FULL,0,20,19,2,1,0,0,1409.1099093
development01,R98-C2,EVENT-FULL,1752,1749,FULL,0,20,19,1,1,0,0,1409.1918055000001
development01,R98-C2,EVENT-FULL,1753,1750,FULL,0,20.000000000000007,19,1,1.0000000000000071,0,0,1409.2624424999999
development01,R98-C2,EVENT-FULL,1754,1751,FULL,0,20,19,1,1,0,0,1409.3319996
development01,R98-C2,EVENT-FULL,1755,1752,FULL,0,20,19,0,1,0,0,1409.4067103
development01,R98-C2,EVENT-FULL,1756,1753,FULL,0,20,19,0,1,0,0,1409.5001514
development01,R98-C2,EVENT-FULL,1757,1754,FULL,0,20,19,0,1,0,0,1409.5646438000001
development01,R98-C2,EVENT-FULL,1758,1755,FULL,0,19.999999999999957,19,0,0.99999999999995737,0,0,1409.643585
development01,R98-C2,EVENT-FULL,1759,1756,FULL,0,24,23,15,1,0,0,1411.5074996999999
development01,R98-C2,EVENT-FULL,1760,1757,FULL,1,24,23,5,1,0,0,1413.8527294999999
development01,R98-C2,EVENT-FULL,1761,1758,FULL,1,24,23,5,1,0,0,1413.9848966
development01,R98-C2,EVENT-FULL,1762,1759,FULL,1,24,23,5,1,0,0,1414.0685871999999
development01,R98-C2,EVENT-FULL,1763,1760,FULL,1,24,23,5,1,0,0,1414.1588635999999
development01,R98-C2,EVENT-FULL,1764,1761,FULL,1,22,21,5,1,0,0,1414.5701117000001
development01,R98-C2,EVENT-FULL,1765,1762,FULL,0,18.000000000000011,17,0,1.0000000000000107,0,0,1414.7628734
development01,R98-C2,EVENT-FULL,1766,1763,FULL,0,18,17,0,1,0,0,1414.9185156999999
development01,R98-C2,EVENT-FULL,1767,1764,FULL,0,20,19,9,1,0,0,1415.4886044
development01,R98-C2,EVENT-FULL,1768,1765,FULL,0,18,17,7,1,0,0,1418.0020657
development01,R98-C2,EVENT-FULL,1769,1766,FULL,0,16,15,4,1,0,0,1419.9615884
development01,R98-C2,EVENT-FULL,1770,1767,FULL,0,20,19,9,1,0,0,1421.4374046999999
development01,R98-C2,EVENT-FULL,1771,1768,FULL,0,16,15,0,1,0,0,1421.5626892
development01,R98-C2,EVENT-FULL,1772,1769,FULL,0,15.999999999999995,15,0,0.99999999999999467,0,0,1421.6712110000001
development01,R98-C2,EVENT-FULL,1773,1770,FULL,0,16,15,0,1,0,0,1421.8062090000001
development01,R98-C2,EVENT-FULL,1774,1771,FULL,0,16.000000000000004,15,0,1.0000000000000036,0,0,1421.8833281
development01,R98-C2,EVENT-FULL,1775,1772,FULL,0,16,15,0,1,0,0,1422.0455124
development01,R98-C2,EVENT-FULL,1776,1773,FULL,0,15.999999999999996,15,-1,0.99999999999999645,0,0,1422.1531683000001
development01,R98-C2,EVENT-FULL,1777,1774,FULL,0,16.000000000000004,15,-1,1.0000000000000036,0,0,1422.2549107
development01,R98-C2,EVENT-FULL,1778,1775,FULL,0,16,15,-1,1,0,0,1422.3955804
development01,R98-C2,EVENT-FULL,1779,1776,FULL,0,16,15,-1,1,0,0,1422.5565081
development01,R98-C2,EVENT-FULL,1780,1777,FULL,0,16,15,-2,1,0,0,1422.6685222000001
development01,R98-C2,EVENT-FULL,1781,1778,FULL,0,16,15,-2,1,0,0,1422.7594563
development01,R98-C2,EVENT-FULL,1782,1779,FULL,1,26,25,3,1,0,0,1422.9392055000001
development01,R98-C2,EVENT-FULL,1783,1780,FULL,1,26,25,3,1,0,0,1423.1794912
development01,R98-C2,EVENT-FULL,1784,1781,FULL,1,26,25,3,1,0,0,1423.4471179
development01,R98-C2,EVENT-FULL,1785,1782,FULL,0,20,19,8,1,0,0,1426.5304437
development01,R98-C2,EVENT-FULL,1786,1783,FULL,0,20,19,2,1,0,0,1431.7606029999999
development01,R98-C2,EVENT-FULL,1787,1784,FULL,0,20,19,1,1,0,0,1432.0199001000001
development01,R98-C2,EVENT-FULL,1788,1785,FULL,0,20.000000000000178,19,2,1.0000000000001776,0,0,1432.1049453999999
development01,R98-C2,EVENT-FULL,1789,1786,FULL,1,20,19,-1,1,0,0,1432.3611781
development01,R98-C2,EVENT-FULL,1790,1787,FULL,1,20,19,-1,1,0,0,1432.8650032999999
development01,R98-C2,EVENT-FULL,1791,1788,FULL,1,20,19,-1,1,0,0,1433.0345735000001
development01,R98-C2,EVENT-FULL,1792,1789,FULL,0,20,19,1,1,0,0,1433.415923
development01,R98-C2,EVENT-FULL,1793,1790,FULL,0,20,19,1,1,0,0,1433.6764404
development01,R98-C2,EVENT-FULL,1794,1791,FULL,1,20.000000000000004,19,-1,1.0000000000000036,0,0,1433.9234053
development01,R98-C2,EVENT-FULL,1795,1792,FULL,1,19.999999999999993,19,-1,0.99999999999999289,0,0,1434.0950223
development01,R98-C2,EVENT-FULL,1796,1793,FULL,0,20,19,1,1,0,0,1434.3554412999999
development01,R98-C2,EVENT-FULL,1797,1794,FULL,0,20,19,1,1,0,0,1435.0878934
development01,R98-C2,EVENT-FULL,1798,1795,FULL,0,19.999999999999993,19,1,0.99999999999999289,0,0,1435.3190658999999
development01,R98-C2,EVENT-FULL,1799,1796,FULL,0,20,19,0,1,0,0,1435.7088345
development01,R98-C2,EVENT-FULL,1800,1797,FULL,0,18.000000000000018,17,0,1.0000000000000178,0,0,1438.5311916000001
development01,R98-C2,EVENT-FULL,1801,1798,FULL,0,18,17,1,1,0,0,1438.6676815999999
development01,R98-C2,EVENT-FULL,1802,1799,FULL,0,18,17,0,1,0,0,1438.813995
development01,R98-C2,EVENT-FULL,1803,1800,FULL,0,18,17,1,1,0,0,1438.9130826999999
development01,R98-C2,EVENT-FULL,1804,1801,FULL,0,18,17,0,1,0,0,1439.0387358
development01,R98-C2,EVENT-FULL,1805,1802,FULL,0,18,17,-1,1,0,0,1439.1489521000001
development01,R98-C2,EVENT-FULL,1806,1803,FULL,0,18,17,0,1,0,0,1439.2398642999999
development01,R98-C2,EVENT-FULL,1807,1804,FULL,0,16,15,-3,1,0,0,1441.7953507
development01,R98-C2,EVENT-FULL,1808,1805,FULL,0,16,15,-3,1,0,0,1441.8602857000001
development01,R98-C2,EVENT-FULL,1809,1806,FULL,0,16,15,-3,1,0,0,1441.9235464999999
development01,R98-C2,EVENT-FULL,1810,1807,FULL,1,25.999999999999996,25,2,0.99999999999999645,0,0,1442.103085
development01,R98-C2,EVENT-FULL,1811,1808,FULL,1,25.999999999999993,25,2,0.99999999999999289,0,0,1442.3563755
development01,R98-C2,EVENT-FULL,1812,1809,FULL,1,25.999999999999993,25,1,0.99999999999999289,0,0,1442.5254758000001
development01,R98-C2,EVENT-FULL,1813,1810,FULL,1,25.999999999999989,25,1,0.99999999999998934,0,0,1442.6455205
development01,R98-C2,EVENT-FULL,1814,1811,FULL,1,26.000000000000007,25,1,1.0000000000000071,0,0,1442.7237209
development01,R98-C2,EVENT-FULL,1815,1812,FULL,1,25.999999999999996,25,0,0.99999999999999645,0,0,1442.8203759999999
development01,R98-C2,EVENT-FULL,1816,1813,FULL,1,25.999999999999989,25,0,0.99999999999998934,0,0,1442.9056456999999
development01,R98-C2,EVENT-FULL,1817,1814,FULL,1,25.999999999999996,25,-1,0.99999999999999645,0,0,1443.0084529000001
development01,R98-C2,EVENT-FULL,1818,1815,FULL,1,25.999999999999996,25,-1,0.99999999999999645,0,0,1443.1041507
development01,R98-C2,EVENT-FULL,1819,1816,FULL,0,16,15,-2,1,0,0,1445.9372286
development01,R98-C2,EVENT-FULL,1820,1817,FULL,0,16,15,-2,1,0,0,1446.0051160999999
development01,R98-C2,EVENT-FULL,1821,1818,FULL,0,15.999999999999995,15,-2,0.99999999999999467,0,0,1446.0976278000001
development01,R98-C2,EVENT-FULL,1822,1819,FULL,0,16,15,-2,1,0,0,1446.1750774
development01,R98-C2,EVENT-FULL,1823,1820,FULL,0,24,23,12,1,0,0,1447.3545277999999
development01,R98-C2,EVENT-FULL,1824,1821,FULL,0,22,21,8,1,0,0,1447.7129442
development01,R98-C2,EVENT-FULL,1825,1822,FULL,0,22,21,9,1,0,0,1447.9190369999999
development01,R98-C2,EVENT-FULL,1826,1823,FULL,0,22,21,5,1,0,0,1450.7479000000001
development01,R98-C2,EVENT-FULL,1827,1824,FULL,0,22.000000000000021,21,4,1.0000000000000213,0,0,1450.8692596999999
development01,R98-C2,EVENT-FULL,1828,1825,FULL,0,21.999999999999947,21,4,0.99999999999994671,0,0,1450.9726971
development01,R98-C2,EVENT-FULL,1829,1826,FULL,0,21.999999999999993,21,4,0.99999999999999289,0,0,1451.0655457
development01,R98-C2,EVENT-FULL,1830,1827,FULL,0,22,21,4,1,0,0,1451.1359354000001
development01,R98-C2,EVENT-FULL,1831,1828,FULL,0,22,21,3,1,0,0,1451.2619500999999
development01,R98-C2,EVENT-FULL,1832,1829,FULL,0,22,21,3,1,0,0,1451.3383695
development01,R98-C2,EVENT-FULL,1833,1830,FULL,0,22,21,3,1,0,0,1451.4064338000001
development01,R98-C2,EVENT-FULL,1834,1831,FULL,0,22,21,3,1,0,0,1451.4700104999999
development01,R98-C2,EVENT-FULL,1835,1832,FULL,1,20,19,15,1,0,0,1454.6648831
development01,R98-C2,EVENT-FULL,1836,1833,FULL,0,20,19,17,1,0,0,1455.0247643
development01,R98-C2,EVENT-FULL,1837,1834,FULL,0,22,21,18,1,0,0,1455.1257791
development01,R98-C2,EVENT-FULL,1838,1835,FULL,1,20,19,12,1,0,0,1455.3898107
development01,R98-C2,EVENT-FULL,1839,1836,FULL,0,22,21,13,1,0,0,1459.1403898999999
development01,R98-C2,EVENT-FULL,1840,1837,FULL,0,24,23,11,1,0,0,1459.2659188
development01,R98-C2,EVENT-FULL,1841,1838,FULL,0,22,21,11,1,0,0,1459.3703499999999
development01,R98-C2,EVENT-FULL,1842,1839,FULL,0,20,19,10,1,0,0,1461.7460874999999
development01,R98-C2,EVENT-FULL,1843,1840,FULL,0,20.000000000000004,19,9,1.0000000000000036,0,0,1461.9649154000001
development01,R98-C2,EVENT-FULL,1844,1841,FULL,0,19.999999999999996,19,9,0.99999999999999645,0,0,1462.1180188000001
development01,R98-C2,EVENT-FULL,1845,1842,FULL,0,20,19,9,1,0,0,1462.2589278999999
development01,R98-C2,EVENT-FULL,1846,1843,FULL,0,24.000000000000004,23,1,1.0000000000000036,0,0,1465.1913961
development01,R98-C2,EVENT-FULL,1847,1844,FULL,1,18,17,10,1,0,0,1466.0768734000001
development01,R98-C2,EVENT-FULL,1848,1845,FULL,0,18,17,12,1,0,0,1466.2186313
development01,R98-C2,EVENT-FULL,1849,1846,FULL,0,20,19,12,1,0,0,1466.771311
development01,R98-C2,EVENT-FULL,1850,1847,FULL,0,22,21,14,1,0,0,1467.2173905
development01,R98-C2,EVENT-FULL,1851,1848,FULL,0,24,23,5,1,0,0,1469.4678415000001
development01,R98-C2,EVENT-FULL,1852,1849,FULL,0,24,23,5,1,0,0,1469.6576384
development01,R98-C2,EVENT-FULL,1853,1850,FULL,0,23.999999999999993,23,5,0.99999999999999289,0,0,1469.8405107999999
development01,R98-C2,EVENT-FULL,1854,1851,FULL,0,23.999999999999993,23,5,0.99999999999999289,0,0,1469.9254083999999
development01,R98-C2,EVENT-FULL,1855,1852,FULL,0,23.999999999999993,23,4,0.99999999999999289,0,0,1470.0188966000001
development01,R98-C2,EVENT-FULL,1856,1853,FULL,0,23.999999999999993,23,5,0.99999999999999289,0,0,1470.1037738
development01,R98-C2,EVENT-FULL,1857,1854,FULL,0,23.999999999999993,23,4,0.99999999999999289,0,0,1470.1955413999999
development01,R98-C2,EVENT-FULL,1858,1855,FULL,0,23.999999999999993,23,5,0.99999999999999289,0,0,1470.2654385000001
development01,R98-C2,EVENT-FULL,1859,1856,FULL,0,23.999999999999993,23,4,0.99999999999999289,0,0,1470.3642519
development01,R98-C2,EVENT-FULL,1860,1857,FULL,0,23.999999999999993,23,3,0.99999999999999289,0,0,1470.4360523
development01,R98-C2,EVENT-FULL,1861,1858,FULL,0,23.999999999999993,23,3,0.99999999999999289,0,0,1470.5030959999999
development01,R98-C2,EVENT-FULL,1862,1859,FULL,0,23.999999999999975,23,4,0.99999999999997513,0,0,1470.7139144
development01,R98-C2,EVENT-FULL,1863,1860,FULL,0,24.000000000000007,23,4,1.0000000000000071,0,0,1470.7868275999999
development01,R98-C2,EVENT-FULL,1864,1861,FULL,0,23.999999999999993,23,4,0.99999999999999289,0,0,1470.8561854
development01,R98-C2,EVENT-FULL,1865,1862,FULL,0,23.999999999999979,23,4,0.99999999999997868,0,0,1470.9598377
development01,R98-C2,EVENT-FULL,1866,1863,FULL,2,18,17,15,1,0,0,1472.860144
development01,R98-C2,EVENT-FULL,1867,1864,FULL,0,18,17,12,1,0,0,1473.0858141000001
development01,R98-C2,EVENT-FULL,1868,1865,FULL,0,22,21,13,1,0,0,1475.9234246999999
development01,R98-C2,EVENT-FULL,1869,1866,FULL,0,22.000000000000437,21,4,1.000000000000437,0,0,1476.4829480000001
development01,R98-C2,EVENT-FULL,1870,1867,FULL,0,20,19,1,1,0,0,1478.324934
development01,R98-C2,EVENT-FULL,1871,1868,FULL,0,19.999999999999968,19,0,0.99999999999996803,0,0,1478.4778260999999
development01,R98-C2,EVENT-FULL,1872,1869,FULL,0,20,19,0,1,0,0,1478.5412627000001
development01,R98-C2,EVENT-FULL,1873,1870,FULL,0,20,19,0,1,0,0,1478.603282
development01,R98-C2,EVENT-FULL,1874,1871,FULL,0,18,17,-2,1,0,0,1481.9078962000001
development01,R98-C2,EVENT-FULL,1875,1872,FULL,0,18,17,-2,1,0,0,1482.0746208
development01,R98-C2,EVENT-FULL,1876,1873,FULL,0,15.999999999999897,15,-2,0.99999999999989697,0,0,1482.2043639999999
development01,R98-C2,EVENT-FULL,1877,1874,FULL,0,16,15,-2,1,0,0,1482.3131969999999
development01,R98-C2,EVENT-FULL,1878,1875,FULL,0,16,15,-2,1,0,0,1482.4421563999999
development01,R98-C2,EVENT-FULL,1879,1876,FULL,0,16,15,-3,1,0,0,1482.5241157
development01,R98-C2,EVENT-FULL,1880,1877,FULL,0,15.999999999999961,15,-2,0.99999999999996092,0,0,1482.6542876000001
development01,R98-C2,EVENT-FULL,1881,1878,FULL,0,16,15,-3,1,0,0,1482.7349919999999
development01,R98-C2,EVENT-FULL,1882,1879,FULL,1,22,21,10,1,0,0,1485.3408299
development01,R98-C2,EVENT-FULL,1883,1880,FULL,0,18,17,8,1,0,0,1487.6973923
development01,R98-C2,EVENT-FULL,1884,1881,FULL,0,18,17,-1,1,0,0,1490.9656084999999
development01,R98-C2,EVENT-FULL,1885,1882,FULL,0,17.999999999999996,17,-2,0.99999999999999645,0,0,1491.0325963
development01,R98-C2,EVENT-FULL,1886,1883,FULL,0,16,15,-4,1,0,0,1491.0958711000001
development01,R98-C2,EVENT-FULL,1887,1884,FULL,0,15.999999999999998,15,-1,0.99999999999999822,0,0,1491.1635120000001
development01,R98-C2,EVENT-FULL,1888,1885,FULL,0,20,19,13,1,0,0,1494.1431232
development01,R98-C2,EVENT-FULL,1889,1886,FULL,0,20,19,13,1,0,0,1494.2713406
development01,R98-C2,EVENT-FULL,1890,1887,FULL,0,20,19,12,1,0,0,1494.3381033999999
development01,R98-C2,EVENT-FULL,1891,1888,FULL,0,20,19,12,1,0,0,1494.4211178
development01,R98-C2,EVENT-FULL,1892,1889,FULL,0,20,19,12,1,0,0,1494.5776499000001
development01,R98-C2,EVENT-FULL,1893,1890,FULL,0,20,19,12,1,0,0,1494.7155482000001
development01,R98-C2,EVENT-FULL,1894,1891,FULL,0,20,19,12,1,0,0,1494.8379124999999
development01,R98-C2,EVENT-FULL,1895,1892,FULL,0,16,15,0,1,0,0,1497.4701943
development01,R98-C2,EVENT-FULL,1896,1893,FULL,0,16,15,-1,1,0,0,1497.5550588000001
development01,R98-C2,EVENT-FULL,1897,1894,FULL,0,16,15,-1,1,0,0,1497.6257555
development01,R98-C2,EVENT-FULL,1898,1895,FULL,0,16,15,-1,1,0,0,1497.6917492
development01,R98-C2,EVENT-FULL,1899,1896,FULL,0,15.999999999999998,15,-1,0.99999999999999822,0,0,1497.7982579
development01,R98-C2,EVENT-FULL,1900,1897,FULL,0,15.999999999999988,15,-1,0.99999999999998757,0,0,1497.8864272999999
development01,R98-C2,EVENT-FULL,1901,1898,FULL,0,16,15,-1,1,0,0,1498.0059996
development01,R98-C2,EVENT-FULL,1902,1899,FULL,0,16,15,-2,1,0,0,1498.1535538999999
development01,R98-C2,EVENT-FULL,1903,1900,FULL,0,16,15,-2,1,0,0,1498.2156673
development01,R98-C2,EVENT-FULL,1904,1901,FULL,0,16,15,-1,1,0,0,1498.2848770000001
development01,R98-C2,EVENT-FULL,1905,1902,FULL,0,22,21,4,1,0,0,1500.3339920000001
development01,R98-C2,EVENT-FULL,1906,1903,FULL,0,22.000000000000004,21,1,1.0000000000000036,0,0,1500.5779725
development01,R98-C2,EVENT-FULL,1907,1904,FULL,0,22.000000000000004,21,1,1.0000000000000036,0,0,1500.6705602
development01,R98-C2,EVENT-FULL,1908,1905,FULL,0,22,21,20,1,0,0,1503.1993454000001
development01,R98-C2,EVENT-FULL,1909,1906,FULL,0,22,21,19,1,0,0,1503.555325
development01,R98-C2,EVENT-FULL,1910,1907,FULL,0,16,15,8,1,0,0,1503.7755396
development01,R98-C2,EVENT-FULL,1911,1908,FULL,0,18,17,12,1,0,0,1503.8580475000001
development01,R98-C2,EVENT-FULL,1912,1909,FULL,0,20,19,13,1,0,0,1504.5779768
development01,R98-C2,EVENT-FULL,1913,1910,FULL,1,26,25,3,1,0,0,1506.4732352999999
development01,R98-C2,EVENT-FULL,1914,1911,FULL,1,25.999999999999996,25,3,0.99999999999999645,0,0,1506.7816425000001
development01,R98-C2,EVENT-FULL,1915,1912,FULL,1,26,25,3,1,0,0,1506.9195532000001
development01,R98-C2,EVENT-FULL,1916,1913,FULL,1,26,25,3,1,0,0,1507.2033759000001
development01,R98-C2,EVENT-FULL,1917,1914,FULL,1,26,25,3,1,0,0,1507.3073025000001
development01,R98-C2,EVENT-FULL,1918,1915,FULL,1,26,25,3,1,0,0,1507.4506262
development01,R98-C2,EVENT-FULL,1919,1916,FULL,0,20,19,2,1,0,0,1513.5769465000001
development01,R98-C2,EVENT-FULL,1920,1917,FULL,0,20.000000000000032,19,1,1.000000000000032,0,0,1513.7959914999999
development01,R98-C2,EVENT-FULL,1921,1918,FULL,0,20.000000000000036,19,1,1.0000000000000355,0,0,1513.914894
development01,R98-C2,EVENT-FULL,1922,1919,FULL,0,20,19,1,1,0,0,1514.0482271999999
development01,R98-C2,EVENT-FULL,1923,1920,FULL,0,20,19,0,1,0,0,1514.1697658000001
development01,R98-C2,EVENT-FULL,1924,1921,FULL,0,19.999999999999996,19,0,0.99999999999999645,0,0,1514.2358240999999
development01,R98-C2,EVENT-FULL,1925,1922,FULL,0,20,19,0,1,0,0,1514.3704611000001
development01,R98-C2,EVENT-FULL,1926,1923,FULL,0,20,19,0,1,0,0,1514.5166549999999
development01,R98-C2,EVENT-FULL,1927,1924,FULL,0,20,19,0,1,0,0,1514.6773745999999
development01,R98-C2,EVENT-FULL,1928,1925,FULL,0,20,19,-1,1,0,0,1514.7991471
development01,R98-C2,EVENT-FULL,1929,1926,FULL,0,20,19,-1,1,0,0,1514.9759567999999
development01,R98-C2,EVENT-FULL,1930,1927,FULL,0,20,19,-1,1,0,0,1515.0964858
development01,R98-C2,EVENT-FULL,1931,1928,FULL,0,20.000000000000004,19,5,1.0000000000000036,0,0,1516.2498063
development01,R98-C2,EVENT-FULL,1932,1929,FULL,0,20,19,4,1,0,0,1516.502675
development01,R98-C2,EVENT-FULL,1933,1930,FULL,0,26,25,6,1,0,0,1518.0233449
development01,R98-C2,EVENT-FULL,1934,1931,FULL,0,26,25,6,1,0,0,1518.1501075000001
development01,R98-C2,EVENT-FULL,1935,1932,FULL,0,26,25,6,1,0,0,1518.2317559000001
development01,R98-C2,EVENT-FULL,1936,1933,FULL,0,26,25,5,1,0,0,1518.3157080000001
development01,R98-C2,EVENT-FULL,1937,1934,FULL,0,20,19,0,1,0,0,1519.6660953999999
development01,R98-C2,EVENT-FULL,1938,1935,FULL,0,20,19,0,1,0,0,1519.8682331
development01,R98-C2,EVENT-FULL,1939,1936,FULL,0,20.000000000000007,19,0,1.0000000000000071,0,0,1519.9450065000001
development01,R98-C2,EVENT-FULL,1940,1937,FULL,0,20,19,0,1,0,0,1520.0101983
development01,R98-C2,EVENT-FULL,1941,1938,FULL,0,14,13,-5,1,0,0,1521.8210994999999
development01,R98-C2,EVENT-FULL,1942,1939,FULL,0,14,13,-5,1,0,0,1522.0336030999999
development01,R98-C2,EVENT-FULL,1943,1940,FULL,0,14,13,-5,1,0,0,1522.1459574999999
development01,R98-C2,EVENT-FULL,1944,1941,FULL,1,22,21,13,1,0,0,1525.7112204
development01,R98-C2,EVENT-FULL,1945,1942,FULL,1,24,23,13,1,0,0,1526.4319223
development01,R98-C2,EVENT-FULL,1946,1943,FULL,0,16,15,7,1,0,0,1526.5283767999999
development01,R98-C2,EVENT-FULL,1947,1944,FULL,0,18,17,7,1,0,0,1526.5999514
development01,R98-C2,EVENT-FULL,1948,1945,FULL,0,18,17,12,1,0,0,1527.2654316999999
development01,R98-C2,EVENT-FULL,1949,1946,FULL,0,16,15,3,1,0,0,1532.1698947
development01,R98-C2,EVENT-FULL,1950,1947,FULL,0,15.999999999999998,15,2,0.99999999999999822,0,0,1532.4720692999999
development01,R98-C2,EVENT-FULL,1951,1948,FULL,0,15.999999999999998,15,2,0.99999999999999822,0,0,1532.5618162999999
development01,R98-C2,EVENT-FULL,1952,1949,FULL,0,16,15,1,1,0,0,1532.6512654000001
development01,R98-C2,EVENT-FULL,1953,1950,FULL,0,15.999999999999998,15,1,0.99999999999999822,0,0,1532.7405576000001
development01,R98-C2,EVENT-FULL,1954,1951,FULL,0,16.000000000000004,15,0,1.0000000000000036,0,0,1532.8106476
development01,R98-C2,EVENT-FULL,1955,1952,FULL,0,15.999999999999998,15,1,0.99999999999999822,0,0,1532.8770454999999
development01,R98-C2,EVENT-FULL,1956,1953,FULL,0,15.999999999999998,15,1,0.99999999999999822,0,0,1532.9529623000001
development01,R98-C2,EVENT-FULL,1957,1954,FULL,0,16,15,0,1,0,0,1533.0158879999999
development01,R98-C2,EVENT-FULL,1958,1955,FULL,0,15.999999999999998,15,1,0.99999999999999822,0,0,1533.1228598
development01,R98-C2,EVENT-FULL,1959,1956,FULL,0,16.000000000000007,15,1,1.0000000000000071,0,0,1533.1925481999999
development01,R98-C2,EVENT-FULL,1960,1957,FULL,0,15.999999999999998,15,1,0.99999999999999822,0,0,1533.2932378
development01,R98-C2,EVENT-FULL,1961,1958,FULL,0,15.999999999999996,15,1,0.99999999999999645,0,0,1533.3684470999999
development01,R98-C2,EVENT-FULL,1962,1959,FULL,0,15.999999999999998,15,1,0.99999999999999822,0,0,1533.4373972999999
development01,R98-C2,EVENT-FULL,1963,1960,FULL,0,16.000000000000004,15,1,1.0000000000000036,0,0,1533.5556615999999
development01,R98-C2,EVENT-FULL,1964,1961,FULL,0,15.999999999999998,15,1,0.99999999999999822,0,0,1533.7004707000001
development01,R98-C2,EVENT-FULL,1965,1962,FULL,0,18,17,2,1,0,0,1536.1255242
development01,R98-C2,EVENT-FULL,1966,1963,FULL,0,18,17,2,1,0,0,1536.2128935000001
development01,R98-C2,EVENT-FULL,1967,1964,FULL,0,18,17,2,1,0,0,1536.2843048
development01,R98-C2,EVENT-FULL,1968,1965,FULL,0,18,17,2,1,0,0,1536.3590035
development01,R98-C2,EVENT-FULL,1969,1966,FULL,0,17.999999999999996,17,2,0.99999999999999645,0,0,1536.4346317
development01,R98-C2,EVENT-FULL,1970,1967,FULL,0,18,17,3,1,0,0,1536.4976737
development01,R98-C2,EVENT-FULL,1971,1968,FULL,0,18,17,2,1,0,0,1536.5612940000001
development01,R98-C2,EVENT-FULL,1972,1969,FULL,0,22,21,14,1,0,0,1538.6651668
development01,R98-C2,EVENT-FULL,1973,1970,FULL,0,22,21,13,1,0,0,1538.740605
development01,R98-C2,EVENT-FULL,1974,1971,FULL,0,22,21,12,1,0,0,1538.8270374000001
development01,R98-C2,EVENT-FULL,1975,1972,FULL,0,22,21,12,1,0,0,1538.893452
development01,R98-C2,EVENT-FULL,1976,1973,FULL,0,22,21,12,1,0,0,1538.9595383000001
development01,R98-C2,EVENT-FULL,1977,1974,FULL,1,22,21,5,1,0,0,1540.3574348
development01,R98-C2,EVENT-FULL,1978,1975,FULL,1,22,21,4,1,0,0,1540.5066932
development01,R98-C2,EVENT-FULL,1979,1976,FULL,1,22,21,4,1,0,0,1540.6248083
development01,R98-C2,EVENT-FULL,1980,1977,FULL,1,20,19,2,1,0,0,1541.5660035000001
development01,R98-C2,EVENT-FULL,1981,1978,FULL,1,20,19,2,1,0,0,1541.7373067999999
development01,R98-C2,EVENT-FULL,1982,1979,FULL,1,20,19,3,1,0,0,1541.8841027000001
development01,R98-C2,EVENT-FULL,1983,1980,FULL,1,19.999999999999996,19,3,0.99999999999999645,0,0,1541.9668512999999
development01,R98-C2,EVENT-FULL,1984,1981,FULL,0,21.999999999999993,21,-3,0.99999999999999289,0,0,1544.1506566
development01,R98-C2,EVENT-FULL,1985,1982,FULL,0,22,21,-4,1,0,0,1544.2261564
development01,R98-C2,EVENT-FULL,1986,1983,FULL,0,22,21,-3,1,0,0,1544.2887880000001
development01,R98-C2,EVENT-FULL,1987,1984,FULL,0,22,21,-3,1,0,0,1544.3700464000001
development01,R98-C2,EVENT-FULL,1988,1985,FULL,0,22,21,-4,1,0,0,1544.4518048
development01,R98-C2,EVENT-FULL,1989,1986,FULL,0,22,21,-4,1,0,0,1544.5211850999999
development01,R98-C2,EVENT-FULL,1990,1987,FULL,0,18,17,3,1,0,0,1547.0210271000001
development01,R98-C2,EVENT-FULL,1991,1988,FULL,0,18,17,2,1,0,0,1547.0980393
development01,R98-C2,EVENT-FULL,1992,1989,FULL,0,18,17,2,1,0,0,1547.1799590000001
development01,R98-C2,EVENT-FULL,1993,1990,FULL,0,20,19,2,1,0,0,1550.0098759
development01,R98-C2,EVENT-FULL,1994,1991,FULL,0,20,19,3,1,0,0,1550.3898658999999
development01,R98-C2,EVENT-FULL,1995,1992,FULL,0,20,19,2,1,0,0,1550.4549947999999
development01,R98-C2,EVENT-FULL,1996,1993,FULL,0,20,19,2,1,0,0,1550.5574985999999
development01,R98-C2,EVENT-FULL,1997,1994,FULL,0,12,11,-1,1,0,0,1552.9862684
development01,R98-C2,EVENT-FULL,1998,1995,FULL,0,11.999999999999993,11,-2,0.99999999999999289,0,0,1553.1554039
development01,R98-C2,EVENT-FULL,1999,1996,FULL,0,12,11,-1,1,0,0,1553.2418163
development01,R98-C2,EVENT-FULL,2000,1997,FULL,0,12,11,-2,1,0,0,1553.3568662
development01,R98-C2,EVENT-FULL,2001,1998,FULL,0,12,11,-2,1,0,0,1553.5160628000001
development01,R98-C2,EVENT-FULL,2002,1999,FULL,0,20,19,11,1,0,0,1556.7073215999999
development01,R98-C2,EVENT-FULL,2003,2000,FULL,0,20,19,9,1,0,0,1556.7871626000001
development01,R98-C2,EVENT-FULL,2004,2001,FULL,0,20,19,10,1,0,0,1556.8512857000001
development01,R98-C2,EVENT-FULL,2005,2002,FULL,0,20,19,10,1,0,0,1556.9155926999999
development01,R98-C2,EVENT-FULL,2006,2003,FULL,0,20,19,10,1,0,0,1558.4314018
development01,R98-C2,EVENT-FULL,2007,2004,FULL,0,20,19,9,1,0,0,1558.8568436
development01,R98-C2,EVENT-FULL,2008,2005,FULL,0,22,21,1,1,0,0,1561.2628961
development01,R98-C2,EVENT-FULL,2009,2006,FULL,0,21.999999999999975,21,1,0.99999999999997513,0,0,1561.3654541999999
development01,R98-C2,EVENT-FULL,2010,2007,FULL,0,22,21,1,1,0,0,1561.5537241
development01,R98-C2,EVENT-FULL,2011,2008,FULL,0,21.999999999999932,21,1,0.9999999999999325,0,0,1561.6884393
development01,R98-C2,EVENT-FULL,2012,2009,FULL,0,21.999999999999996,21,0,0.99999999999999645,0,0,1561.7626587
development01,R98-C2,EVENT-FULL,2013,2010,FULL,0,21.999999999999996,21,0,0.99999999999999645,0,0,1561.835026
development01,R98-C2,EVENT-FULL,2014,2011,FULL,0,21.999999999999996,21,0,0.99999999999999645,0,0,1561.9053951000001
development01,R98-C2,EVENT-FULL,2015,2012,FULL,0,21.999999999999996,21,-1,0.99999999999999645,0,0,1561.9779109000001
development01,R98-C2,EVENT-FULL,2016,2013,FULL,0,21.999999999999996,21,-1,0.99999999999999645,0,0,1562.1508212000001
development01,R98-C2,EVENT-FULL,2017,2014,FULL,0,21.999999999999996,21,-1,0.99999999999999645,0,0,1562.2219058000001
development01,R98-C2,EVENT-FULL,2018,2015,FULL,0,18,17,6,1,0,0,1565.3516213
development01,R98-C2,EVENT-FULL,2019,2016,FULL,0,16,15,10,1,0,0,1565.5876258999999
development01,R98-C2,EVENT-FULL,2020,2017,FULL,0,22,21,14,1,0,0,1565.9706308
development01,R98-C2,EVENT-FULL,2021,2018,FULL,0,18,17,11,1,0,0,1567.3204851999999
development01,R98-C2,EVENT-FULL,2022,2019,FULL,0,16,15,8,1,0,0,1567.918028
development01,R98-C2,EVENT-FULL,2023,2020,FULL,0,20,19,0,1,0,0,1571.4899726000001
development01,R98-C2,EVENT-FULL,2024,2021,FULL,0,20,19,0,1,0,0,1571.6132313000001
development01,R98-C2,EVENT-FULL,2025,2022,FULL,0,20,19,0,1,0,0,1571.7935391000001
development01,R98-C2,EVENT-FULL,2026,2023,FULL,0,20,19,-1,1,0,0,1571.8952372000001
development01,R98-C2,EVENT-FULL,2027,2024,FULL,0,20,19,0,1,0,0,1572.1106497999999
development01,R98-C2,EVENT-FULL,2028,2025,FULL,0,20,19,0,1,0,0,1572.2003431999999
development01,R98-C2,EVENT-FULL,2029,2026,FULL,0,20,19,0,1,0,0,1572.3038291
development01,R98-C2,EVENT-FULL,2030,2027,FULL,0,21.999999999999996,21,-1,0.99999999999999645,0,0,1575.5325190000001
development01,R98-C2,EVENT-FULL,2031,2028,FULL,0,22.000000000000011,21,-1,1.0000000000000107,0,0,1575.7859688000001
development01,R98-C2,EVENT-FULL,2032,2029,FULL,0,22.000000000000007,21,-1,1.0000000000000071,0,0,1575.8715509000001
development01,R98-C2,EVENT-FULL,2033,2030,FULL,0,22,21,-2,1,0,0,1575.9397444000001
development01,R98-C2,EVENT-FULL,2034,2031,FULL,0,22.000000000000007,21,-2,1.0000000000000071,0,0,1576.0332641
development01,R98-C2,EVENT-FULL,2035,2032,FULL,0,22.000000000000007,21,-2,1.0000000000000071,0,0,1576.1027756000001
development01,R98-C2,EVENT-FULL,2036,2033,FULL,0,20,19,2,1,0,0,1578.4936525999999
development01,R98-C2,EVENT-FULL,2037,2034,FULL,0,20,19,2,1,0,0,1578.5895948
development01,R98-C2,EVENT-FULL,2038,2035,FULL,0,20,19,2,1,0,0,1578.6547834
development01,R98-C2,EVENT-FULL,2039,2036,FULL,0,20,19,2,1,0,0,1578.7204998
development01,R98-C2,EVENT-FULL,2040,2037,FULL,0,20,19,2,1,0,0,1578.7846215
development01,R98-C2,EVENT-FULL,2041,2038,FULL,0,20.000000000001453,19,2,1.0000000000014531,0,0,1578.8686422000001
development01,R98-C2,EVENT-FULL,2042,2039,FULL,0,20,19,1,1,0,0,1578.9408031999999
development01,R98-C2,EVENT-FULL,2043,2040,FULL,0,20,19,1,1,0,0,1579.0594584
development01,R98-C2,EVENT-FULL,2044,2041,FULL,0,20.000000000000004,19,0,1.0000000000000036,0,0,1579.1553057000001
development01,R98-C2,EVENT-FULL,2045,2042,FULL,0,19.999999999999996,19,1,0.99999999999999645,0,0,1579.2218146
development01,R98-C2,EVENT-FULL,2046,2043,FULL,0,20,19,-1,1,0,0,1579.4233882999999
development01,R98-C2,EVENT-FULL,2047,2044,FULL,0,20,19,-1,1,0,0,1579.4892659
development01,R98-C2,EVENT-FULL,2048,2045,FULL,0,20,19,-2,1,0,0,1579.5767394
development01,R98-C2,EVENT-FULL,2049,2046,FULL,0,20,19,-2,1,0,0,1579.6508699999999
development01,R98-C2,EVENT-FULL,2050,2047,FULL,0,20,19,-2,1,0,0,1579.7183809000001
development01,R98-C2,EVENT-FULL,2051,2048,FULL,0,20,19,-4,1,0,0,1581.4853937
development01,R98-C2,EVENT-FULL,2052,2049,FULL,0,20.000000000000099,19,-4,1.0000000000000995,0,0,1581.5815505
development01,R98-C2,EVENT-FULL,2053,2050,FULL,0,20,19,-3,1,0,0,1581.6544876999999
development01,R98-C2,EVENT-FULL,2054,2051,FULL,0,20,19,-5,1,0,0,1581.7323514
development01,R98-C2,EVENT-FULL,2055,2052,FULL,0,20,19,-4,1,0,0,1581.8884290999999
development01,R98-C2,EVENT-FULL,2056,2053,FULL,0,20,19,-1,1,0,0,1582.8559413999999
development01,R98-C2,EVENT-FULL,2057,2054,FULL,0,20,19,-1,1,0,0,1582.9718600000001
development01,R98-C2,EVENT-FULL,2058,2055,FULL,0,19.999999999999989,19,-1,0.99999999999998934,0,0,1583.1353279
development01,R98-C2,EVENT-FULL,2059,2056,FULL,0,19.999999999999954,19,-2,0.99999999999995381,0,0,1585.9872347
development01,R98-C2,EVENT-FULL,2060,2057,FULL,0,20.000000000000004,19,-2,1.0000000000000036,0,0,1586.0862870000001
development01,R98-C2,EVENT-FULL,2061,2058,FULL,0,20,19,-2,1,0,0,1586.2479518
development01,R98-C2,EVENT-FULL,2062,2059,FULL,0,20,19,-2,1,0,0,1586.3159903000001
development01,R98-C2,EVENT-FULL,2063,2060,FULL,0,19.999999999999996,19,-2,0.99999999999999645,0,0,1586.3929028
development01,R98-C2,EVENT-FULL,2064,2061,FULL,0,20,19,-2,1,0,0,1586.4717893
development01,R98-C2,EVENT-FULL,2065,2062,FULL,0,20,19,-2,1,0,0,1586.5536431999999
development01,R98-C2,EVENT-FULL,2066,2063,FULL,0,20,19,-3,1,0,0,1586.6484167000001
development01,R98-C2,EVENT-FULL,2067,2064,FULL,0,20.000000000000004,19,-2,1.0000000000000036,0,0,1586.7261066999999
development01,R98-C2,EVENT-FULL,2068,2065,FULL,0,20,19,-3,1,0,0,1586.8235324
development01,R98-C2,EVENT-FULL,2069,2066,FULL,0,16,15,8,1,0,0,1587.9791763999999
development01,R98-C2,EVENT-FULL,2070,2067,FULL,1,20,19,12,1,0,0,1589.1853559000001
development01,R98-C2,EVENT-FULL,2071,2068,FULL,0,20,19,14,1,0,0,1589.2583649999999
development01,R98-C2,EVENT-FULL,2072,2069,FULL,0,20,19,-1,1,0,0,1590.7938836999999
development01,R98-C2,EVENT-FULL,2073,2070,FULL,0,20,19,-1,1,0,0,1591.0661253000001
development01,R98-C2,EVENT-FULL,2074,2071,FULL,0,20,19,-1,1,0,0,1591.1758087000001
development01,R98-C2,EVENT-FULL,2075,2072,FULL,0,19.999999999999936,19,-1,0.99999999999993605,0,0,1591.2539566
development01,R98-C2,EVENT-FULL,2076,2073,FULL,0,19.999999999999996,19,-2,0.99999999999999645,0,0,1591.3172036000001
development01,R98-C2,EVENT-FULL,2077,2074,FULL,0,18,17,3,1,0,0,1592.6593571000001
development01,R98-C2,EVENT-FULL,2078,2075,FULL,0,17.999999999999996,17,2,0.99999999999999645,0,0,1592.7394366000001
development01,R98-C2,EVENT-FULL,2079,2076,FULL,0,18,17,1,1,0,0,1592.9007512000001
development01,R98-C2,EVENT-FULL,2080,2077,FULL,0,17.999999999999996,17,1,0.99999999999999645,0,0,1592.9874238
development01,R98-C2,EVENT-FULL,2081,2078,FULL,0,17.999999999999996,17,1,0.99999999999999645,0,0,1593.1132520000001
development01,R98-C2,EVENT-FULL,2082,2079,FULL,0,18,17,1,1,0,0,1593.1889211
development01,R98-C2,EVENT-FULL,2083,2080,FULL,0,18,17,2,1,0,0,1593.2809387
development01,R98-C2,EVENT-FULL,2084,2081,FULL,0,18,17,1,1,0,0,1593.3822585999999
development01,R98-C2,EVENT-FULL,2085,2082,FULL,0,22,21,10,1,0,0,1595.5019083
development01,R98-C2,EVENT-FULL,2086,2083,FULL,0,17.999999999999996,17,1,0.99999999999999645,0,0,1597.6713941
development01,R98-C2,EVENT-FULL,2087,2084,FULL,1,24,23,13,1,0,0,1599.9315326000001
development01,R98-C2,EVENT-FULL,2088,2085,FULL,0,14,13,5,1,0,0,1600.0166099999999
development01,R98-C2,EVENT-FULL,2089,2086,FULL,0,16,15,9,1,0,0,1600.1492854999999
development01,R98-C2,EVENT-FULL,2090,2087,FULL,0,16,15,8,1,0,0,1600.2716948
development01,R98-C2,EVENT-FULL,2091,2088,FULL,0,16,15,0,1,0,0,1602.1049811
development01,R98-C2,EVENT-FULL,2092,2089,FULL,0,16,15,0,1,0,0,1602.4219505000001
development01,R98-C2,EVENT-FULL,2093,2090,FULL,0,16,15,0,1,0,0,1602.6090554
development01,R98-C2,EVENT-FULL,2094,2091,FULL,0,16.000000000000028,15,0,1.0000000000000284,0,0,1602.7508742
development01,R98-C2,EVENT-FULL,2095,2092,FULL,0,15.999999999999998,15,-2,0.99999999999999822,0,0,1602.9126196
development01,R98-C2,EVENT-FULL,2096,2093,FULL,1,20,19,3,1,0,0,1603.1041416999999
development01,R98-C2,EVENT-FULL,2097,2094,FULL,1,20.000000000000007,19,2,1.0000000000000071,0,0,1603.2761336999999
development01,R98-C2,EVENT-FULL,2098,2095,FULL,1,20,19,2,1,0,0,1603.3711499999999
development01,R98-C2,EVENT-FULL,2099,2096,FULL,1,20,19,2,1,0,0,1603.4818571000001
development01,R98-C2,EVENT-FULL,2100,2097,FULL,1,20,19,2,1,0,0,1603.5713780000001
development01,R98-C2,EVENT-FULL,2101,2098,FULL,0,18,17,3,1,0,0,1604.583106
development01,R98-C2,EVENT-FULL,2102,2099,FULL,0,17.999999999999993,17,3,0.99999999999999289,0,0,1604.6586808
development01,R98-C2,EVENT-FULL,2103,2100,FULL,0,18,17,1,1,0,0,1604.7545224
development01,R98-C2,EVENT-FULL,2104,2101,FULL,0,18.000000000013241,17,0,1.000000000013241,0,0,1604.8827991999999
development01,R98-C2,EVENT-FULL,2105,2102,FULL,0,17.999999999999986,17,-2,0.99999999999998579,0,0,1605.0143355
development01,R98-C2,EVENT-FULL,2106,2103,FULL,0,18,17,-2,1,0,0,1605.1435750999999
development01,R98-C2,EVENT-FULL,2107,2104,FULL,0,18,17,-2,1,0,0,1605.2441759999999
development01,R98-C2,EVENT-FULL,2108,2105,FULL,0,18,17,3,1,0,0,1607.0821395
development01,R98-C2,EVENT-FULL,2109,2106,FULL,0,18.000000000000004,17,3,1.0000000000000036,0,0,1607.2117544
development01,R98-C2,EVENT-FULL,2110,2107,FULL,0,18,17,3,1,0,0,1607.2975586
development01,R98-C2,EVENT-FULL,2111,2108,FULL,0,18,17,2,1,0,0,1607.3989844
development01,R98-C2,EVENT-FULL,2112,2109,FULL,0,18,17,1,1,0,0,1607.7823072000001
development01,R98-C2,EVENT-FULL,2113,2110,FULL,0,18.000000000000021,17,1,1.0000000000000213,0,0,1607.9533174000001
development01,R98-C2,EVENT-FULL,2114,2111,FULL,0,17.999999999999996,17,1,0.99999999999999645,0,0,1608.2020322999999
development01,R98-C2,EVENT-FULL,2115,2112,FULL,0,17.999999999999996,17,0,0.99999999999999645,0,0,1608.3167473000001
development01,R98-C2,EVENT-FULL,2116,2113,FULL,0,17.999999999999996,17,1,0.99999999999999645,0,0,1608.4519422999999
development01,R98-C2,EVENT-FULL,2117,2114,FULL,0,17.999999999999996,17,1,0.99999999999999645,0,0,1608.5313824
development01,R98-C2,EVENT-FULL,2118,2115,FULL,0,18,17,0,1,0,0,1608.6019564999999
development01,R98-C2,EVENT-FULL,2119,2116,FULL,0,17.999999999999996,17,0,0.99999999999999645,0,0,1608.6783436000001
development01,R98-C2,EVENT-FULL,2120,2117,FULL,0,17.999999999999996,17,0,0.99999999999999645,0,0,1608.765263
development01,R98-C2,EVENT-FULL,2121,2118,FULL,0,18,17,0,1,0,0,1608.8418237000001
development01,R98-C2,EVENT-FULL,2122,2119,FULL,0,14,13,0,1,0,0,1610.2899407
development01,R98-C2,EVENT-FULL,2123,2120,FULL,0,14.000000000000002,13,-2,1.0000000000000018,0,0,1610.5143018000001
development01,R98-C2,EVENT-FULL,2124,2121,FULL,0,18,17,4,1,0,0,1611.7918792999999
development01,R98-C2,EVENT-FULL,2125,2122,FULL,0,17.999999999999993,17,3,0.99999999999999289,0,0,1611.9848142999999
development01,R98-C2,EVENT-FULL,2126,2123,FULL,0,17.999999999999996,17,2,0.99999999999999645,0,0,1612.1132751
development01,R98-C2,EVENT-FULL,2127,2124,FULL,0,17.999999999999993,17,3,0.99999999999999289,0,0,1612.196154
development01,R98-C2,EVENT-FULL,2128,2125,FULL,0,17.999999999999989,17,2,0.99999999999998934,0,0,1612.2796882
development01,R98-C2,EVENT-FULL,2129,2126,FULL,0,17.999999999999996,17,2,0.99999999999999645,0,0,1612.3465501999999
development01,R98-C2,EVENT-FULL,2130,2127,FULL,0,17.999999999999954,17,2,0.99999999999995381,0,0,1612.5094159
development01,R98-C2,EVENT-FULL,2131,2128,FULL,0,18,17,1,1,0,0,1612.5804479999999
development01,R98-C2,EVENT-FULL,2132,2129,FULL,0,16,15,6,1,0,0,1613.8970237999999
development01,R98-C2,EVENT-FULL,2133,2130,FULL,0,20,19,13,1,0,0,1614.5195686
development01,R98-C2,EVENT-FULL,2134,2131,FULL,1,24,23,6,1,0,0,1616.0425147000001
development01,R98-C2,EVENT-FULL,2135,2132,FULL,1,24.000000000000028,23,6,1.0000000000000284,0,0,1616.2787178000001
development01,R98-C2,EVENT-FULL,2136,2133,FULL,1,24,23,6,1,0,0,1616.3596031
development01,R98-C2,EVENT-FULL,2137,2134,FULL,1,24,23,6,1,0,0,1616.5594206999999
development01,R98-C2,EVENT-FULL,2138,2135,FULL,1,24,23,5,1,0,0,1616.6821660000001
development01,R98-C2,EVENT-FULL,2139,2136,FULL,1,24,23,5,1,0,0,1616.7693764000001
development01,R98-C2,EVENT-FULL,2140,2137,FULL,1,24,23,6,1,0,0,1616.879314
development01,R98-C2,EVENT-FULL,2141,2138,FULL,1,23.999999999999996,23,6,0.99999999999999645,0,0,1617.003455
development01,R98-C2,EVENT-FULL,2142,2139,FULL,1,23.999999999999996,23,5,0.99999999999999645,0,0,1617.1008979000001
development01,R98-C2,EVENT-FULL,2143,2140,FULL,1,23.999999999999996,23,5,0.99999999999999645,0,0,1617.1813258
development01,R98-C2,EVENT-FULL,2144,2141,FULL,1,26,25,2,1,0,0,1618.6049103
development01,R98-C2,EVENT-FULL,2145,2142,FULL,1,26.000000000000004,25,2,1.0000000000000036,0,0,1618.8519773999999
development01,R98-C2,EVENT-FULL,2146,2143,FULL,1,26.000000000000657,25,1,1.0000000000006573,0,0,1618.9456157
development01,R98-C2,EVENT-FULL,2147,2144,FULL,1,26.000000000000004,25,2,1.0000000000000036,0,0,1619.0411753999999
development01,R98-C2,EVENT-FULL,2148,2145,FULL,1,25.999999999999996,25,2,0.99999999999999645,0,0,1619.1241775000001
development01,R98-C2,EVENT-FULL,2149,2146,FULL,1,26.000000000100947,25,2,1.0000000001009468,0,0,1619.2568762999999
development01,R98-C2,EVENT-FULL,2150,2147,FULL,1,25.999999999999996,25,2,0.99999999999999645,0,0,1619.3373256
development01,R98-C2,EVENT-FULL,2151,2148,FULL,1,26,25,1,1,0,0,1619.4569713000001
development01,R98-C2,EVENT-FULL,2152,2149,FULL,1,25.999999999999986,25,1,0.99999999999998579,0,0,1619.5446227
development01,R98-C2,EVENT-FULL,2153,2150,FULL,1,26,25,1,1,0,0,1619.6527708000001
development01,R98-C2,EVENT-FULL,2154,2151,FULL,1,26,25,1,1,0,0,1619.7440895
development01,R98-C2,EVENT-FULL,2155,2152,FULL,1,26,25,1,1,0,0,1619.845329
development01,R98-C2,EVENT-FULL,2156,2153,FULL,1,25.999999999999993,25,1,0.99999999999999289,0,0,1619.9354751000001
development01,R98-C2,EVENT-FULL,2157,2154,FULL,1,26,25,2,1,0,0,1620.0362299999999
development01,R98-C2,EVENT-FULL,2158,2155,FULL,1,26,25,2,1,0,0,1620.1428785999999
development01,R98-C2,EVENT-FULL,2159,2156,FULL,1,26.000000000000004,25,2,1.0000000000000036,0,0,1620.2469842999999
development01,R98-C2,EVENT-FULL,2160,2157,FULL,1,26,25,2,1,0,0,1620.3629893
development01,R98-C2,EVENT-FULL,2161,2158,FULL,1,25.999999999999993,25,2,0.99999999999999289,0,0,1620.4490254
development01,R98-C2,EVENT-FULL,2162,2159,FULL,0,18,17,8,1,0,0,1623.9013382999999
development01,R98-C2,EVENT-FULL,2163,2160,FULL,0,20,19,15,1,0,0,1624.132891
development01,R98-C2,EVENT-FULL,2164,2161,FULL,0,20,19,16,1,0,0,1624.5849054
development01,R98-C2,EVENT-FULL,2165,2162,FULL,0,16,15,1,1,0,0,1626.5410139999999
development01,R98-C2,EVENT-FULL,2166,2163,FULL,0,16,15,1,1,0,0,1626.6855235
development01,R98-C2,EVENT-FULL,2167,2164,FULL,0,16,15,0,1,0,0,1626.8366368
development01,R98-C2,EVENT-FULL,2168,2165,FULL,0,16,15,0,1,0,0,1627.1214442
development01,R98-C2,EVENT-FULL,2169,2166,FULL,0,15.999999999999998,15,-1,0.99999999999999822,0,0,1627.2481831
development01,R98-C2,EVENT-FULL,2170,2167,FULL,0,16,15,-1,1,0,0,1627.4444120000001
development01,R98-C2,EVENT-FULL,2171,2168,FULL,0,16,15,-1,1,0,0,1627.6212082
development01,R98-C2,EVENT-FULL,2172,2169,FULL,0,16,15,-1,1,0,0,1627.7767444999999
development01,R98-C2,EVENT-FULL,2173,2170,FULL,0,16,15,-2,1,0,0,1627.8703065
development01,R98-C2,EVENT-FULL,2174,2171,FULL,0,16,15,-3,1,0,0,1628.0205269999999
development01,R98-C2,EVENT-FULL,2175,2172,FULL,0,16,15,-3,1,0,0,1628.2017384000001
development01,R98-C2,EVENT-FULL,2176,2173,FULL,0,18,17,6,1,0,0,1629.5889130999999
development01,R98-C2,EVENT-FULL,2177,2174,FULL,0,18,17,8,1,0,0,1629.7228519
development01,R98-C2,EVENT-FULL,2178,2175,FULL,0,18,17,6,1,0,0,1629.8761525
development01,R98-C2,EVENT-FULL,2179,2176,FULL,0,18.000000000000004,17,6,1.0000000000000036,0,0,1630.0359364999999
development01,R98-C2,EVENT-FULL,2180,2177,FULL,0,18,17,6,1,0,0,1630.2335201999999
development01,R98-C2,EVENT-FULL,2181,2178,FULL,0,18,17,6,1,0,0,1630.4393253000001
development01,R98-C2,EVENT-FULL,2182,2179,FULL,0,18,17,6,1,0,0,1630.6265751000001
development01,R98-C2,EVENT-FULL,2183,2180,FULL,0,18,17,1,1,0,0,1633.4420419
development01,R98-C2,EVENT-FULL,2184,2181,FULL,0,18,17,0,1,0,0,1633.5642620000001
development01,R98-C2,EVENT-FULL,2185,2182,FULL,0,17.999999999999996,17,0,0.99999999999999645,0,0,1633.6928081999999
development01,R98-C2,EVENT-FULL,2186,2183,FULL,0,17.999999999999993,17,-1,0.99999999999999289,0,0,1633.7691801999999
development01,R98-C2,EVENT-FULL,2187,2184,FULL,0,17.999999999999989,17,0,0.99999999999998934,0,0,1633.8715127999999
development01,R98-C2,EVENT-FULL,2188,2185,FULL,0,18,17,4,1,0,0,1635.4893414000001
development01,R98-C2,EVENT-FULL,2189,2186,FULL,0,17.999999999999996,17,3,0.99999999999999645,0,0,1635.5818535999999
development01,R98-C2,EVENT-FULL,2190,2187,FULL,0,18.000000000000007,17,3,1.0000000000000071,0,0,1635.6836940000001
development01,R98-C2,EVENT-FULL,2191,2188,FULL,0,18,17,3,1,0,0,1635.8080422999999
development01,R98-C2,EVENT-FULL,2192,2189,FULL,0,17.999999999999996,17,3,0.99999999999999645,0,0,1635.9012828
development01,R98-C2,EVENT-FULL,2193,2190,FULL,0,17.999999999999996,17,2,0.99999999999999645,0,0,1636.0262018999999
development01,R98-C2,EVENT-FULL,2194,2191,FULL,0,18.000000000000007,17,2,1.0000000000000071,0,0,1636.0944328
development01,R98-C2,EVENT-FULL,2195,2192,FULL,0,17.999999999999996,17,2,0.99999999999999645,0,0,1636.1686609999999
development01,R98-C2,EVENT-FULL,2196,2193,FULL,0,17.999999999999996,17,2,0.99999999999999645,0,0,1636.24109
development01,R98-C2,EVENT-FULL,2197,2194,FULL,0,18,17,2,1,0,0,1636.3082658000001
development01,R98-C2,EVENT-FULL,2198,2195,FULL,0,17.999999999999996,17,2,0.99999999999999645,0,0,1636.4084925
development01,R98-C2,EVENT-FULL,2199,2196,FULL,0,18.000000000000007,17,2,1.0000000000000071,0,0,1636.4768816000001
development01,R98-C2,EVENT-FULL,2200,2197,FULL,0,17.999999999999996,17,2,0.99999999999999645,0,0,1636.5451207999999
development01,R98-C2,EVENT-FULL,2201,2198,FULL,0,17.999999999999996,17,2,0.99999999999999645,0,0,1636.6344242
development01,R98-C2,EVENT-FULL,2202,2199,FULL,0,18,17,2,1,0,0,1636.6995055
development01,R98-C2,EVENT-FULL,2203,2200,FULL,0,17.999999999999989,17,2,0.99999999999998934,0,0,1636.7984899
development01,R98-C2,EVENT-FULL,2204,2201,FULL,0,18,17,2,1,0,0,1636.8627409000001
development01,R98-C2,EVENT-FULL,2205,2202,FULL,0,17.999999999999996,17,2,0.99999999999999645,0,0,1636.93343
development01,R98-C2,EVENT-FULL,2206,2203,FULL,0,18.000000000000007,17,2,1.0000000000000071,0,0,1637.0092488
development01,R98-C2,EVENT-FULL,2207,2204,FULL,0,17.999999999999996,17,2,0.99999999999999645,0,0,1637.0754009
development01,R98-C2,EVENT-FULL,2208,2205,FULL,0,17.999999999999996,17,3,0.99999999999999645,0,0,1637.2648352000001
development01,R98-C2,EVENT-FULL,2209,2206,FULL,0,22,21,19,1,0,0,1640.0148283000001
development01,R98-C2,EVENT-FULL,2210,2207,FULL,0,22,21,18,1,0,0,1640.3850397000001
development01,R98-C2,EVENT-FULL,2211,2208,FULL,0,22,21,16,1,0,0,1640.7602460000001
development01,R98-C2,EVENT-FULL,2212,2209,FULL,0,20,19,14,1,0,0,1640.9371177999999
development01,R98-C2,EVENT-FULL,2213,2210,FULL,0,22,21,15,1,0,0,1641.1787632
development01,R98-C2,EVENT-FULL,2214,2211,FULL,0,22,21,18,1,0,0,1641.5250883000001
development01,R98-C2,EVENT-FULL,2215,2212,FULL,0,20,19,11,1,0,0,1643.5775624
development01,R98-C2,EVENT-FULL,2216,2213,FULL,0,20.000000000000057,19,11,1.0000000000000568,0,0,1643.6862312000001
development01,R98-C2,EVENT-FULL,2217,2214,FULL,0,20,19,10,1,0,0,1643.8173518999999
development01,R98-C2,EVENT-FULL,2218,2215,FULL,0,18,17,4,1,0,0,1646.5193307
development01,R98-C2,EVENT-FULL,2219,2216,FULL,0,18,17,3,1,0,0,1646.6846648999999
development01,R98-C2,EVENT-FULL,2220,2217,FULL,0,17.999999999999996,17,2,0.99999999999999645,0,0,1646.8174615
development01,R98-C2,EVENT-FULL,2221,2218,FULL,0,17.999999999999996,17,2,0.99999999999999645,0,0,1646.917815
development01,R98-C2,EVENT-FULL,2222,2219,FULL,0,17.999999999999989,17,1,0.99999999999998934,0,0,1647.0048819000001
development01,R98-C2,EVENT-FULL,2223,2220,FULL,0,18,17,2,1,0,0,1647.1142837
development01,R98-C2,EVENT-FULL,2224,2221,FULL,0,18,17,1,1,0,0,1647.2458114000001
development01,R98-C2,EVENT-FULL,2225,2222,FULL,0,18,17,0,1,0,0,1647.4430914
development01,R98-C2,EVENT-FULL,2226,2223,FULL,0,18,17,0,1,0,0,1647.5168288
development01,R98-C2,EVENT-FULL,2227,2224,FULL,0,18,17,1,1,0,0,1647.6382166000001
development01,R98-C2,EVENT-FULL,2228,2225,FULL,0,16,15,-2,1,0,0,1647.7690531000001
development01,R98-C2,EVENT-FULL,2229,2226,FULL,0,16,15,-2,1,0,0,1647.8415299000001
development01,R98-C2,EVENT-FULL,2230,2227,FULL,0,18,17,-1,1,0,0,1647.9287879999999
development01,R98-C2,EVENT-FULL,2231,2228,FULL,0,18,17,-1,1,0,0,1648.0673515000001
development01,R98-C2,EVENT-FULL,2232,2229,FULL,0,18,17,-1,1,0,0,1648.1607991999999
development01,R98-C2,EVENT-FULL,2233,2230,FULL,0,17.999999999999996,17,-1,0.99999999999999645,0,0,1648.2662459999999
development01,R98-C2,EVENT-FULL,2234,2231,FULL,0,18,17,-1,1,0,0,1648.3381145000001
development01,R98-C2,EVENT-FULL,2235,2232,FULL,0,18,17,-1,1,0,0,1648.4614844
development01,R98-C2,EVENT-FULL,2236,2233,FULL,0,18,17,-1,1,0,0,1648.5330008000001
development01,R98-C2,EVENT-FULL,2237,2234,FULL,0,18.000000000000011,17,-1,1.0000000000000107,0,0,1650.2439276
development01,R98-C2,EVENT-FULL,2238,2235,FULL,0,18.000000000000011,17,-1,1.0000000000000107,0,0,1650.3304923000001
development01,R98-C2,EVENT-FULL,2239,2236,FULL,0,18,17,-1,1,0,0,1650.5018912
development01,R98-C2,EVENT-FULL,2240,2237,FULL,0,18,17,-1,1,0,0,1650.5986728
development01,R98-C2,EVENT-FULL,2241,2238,FULL,0,18,17,-1,1,0,0,1650.6867357000001
development01,R98-C2,EVENT-FULL,2242,2239,FULL,0,18,17,-1,1,0,0,1650.7947286000001
development01,R98-C2,EVENT-FULL,2243,2240,FULL,0,20,19,1,1,0,0,1651.8042198000001
development01,R98-C2,EVENT-FULL,2244,2241,FULL,0,20.000000000000004,19,0,1.0000000000000036,0,0,1651.8946169000001
development01,R98-C2,EVENT-FULL,2245,2242,FULL,0,20,19,-2,1,0,0,1651.9900095999999
development01,R98-C2,EVENT-FULL,2246,2243,FULL,0,20,19,-2,1,0,0,1652.1082388
development01,R98-C2,EVENT-FULL,2247,2244,FULL,0,20,19,-1,1,0,0,1652.1830084999999
development01,R98-C2,EVENT-FULL,2248,2245,FULL,0,18,17,6,1,0,0,1654.3670615000001
development01,R98-C2,EVENT-FULL,2249,2246,FULL,0,17.999999999999996,17,5,0.99999999999999645,0,0,1654.4775578000001
development01,R98-C2,EVENT-FULL,2250,2247,FULL,0,18,17,4,1,0,0,1654.6621637000001
development01,R98-C2,EVENT-FULL,2251,2248,FULL,0,17.999999999999996,17,4,0.99999999999999645,0,0,1654.7703704
development01,R98-C2,EVENT-FULL,2252,2249,FULL,0,18.000000000000007,17,3,1.0000000000000071,0,0,1654.8493109999999
development01,R98-C2,EVENT-FULL,2253,2250,FULL,0,17.999999999999996,17,3,0.99999999999999645,0,0,1654.9751432999999
development01,R98-C2,EVENT-FULL,2254,2251,FULL,0,17.999999999999996,17,3,0.99999999999999645,0,0,1655.0432404999999
development01,R98-C2,EVENT-FULL,2255,2252,FULL,0,17.999999999999993,17,4,0.99999999999999289,0,0,1655.1460969
development01,R98-C2,EVENT-FULL,2256,2253,FULL,0,17.999999999999989,17,3,0.99999999999998934,0,0,1655.2962843
development01,R98-C2,EVENT-FULL,2257,2254,FULL,0,18.000000000000011,17,3,1.0000000000000107,0,0,1655.3636357
development01,R98-C2,EVENT-FULL,2258,2255,FULL,0,17.999999999999993,17,3,0.99999999999999289,0,0,1655.4874537000001
development01,R98-C2,EVENT-FULL,2259,2256,FULL,0,18,17,3,1,0,0,1655.5594699999999
development01,R98-C2,EVENT-FULL,2260,2257,FULL,0,18,17,3,1,0,0,1655.6727456000001
development01,R98-C2,EVENT-FULL,2261,2258,FULL,0,20,19,5,1,0,0,1657.0491308000001
development01,R98-C2,EVENT-FULL,2262,2259,FULL,0,20.000000000000004,19,4,1.0000000000000036,0,0,1657.2103308000001
development01,R98-C2,EVENT-FULL,2263,2260,FULL,0,20,19,4,1,0,0,1657.3581492999999
development01,R98-C2,EVENT-FULL,2264,2261,FULL,0,19.999999999999996,19,3,0.99999999999999645,0,0,1657.4389226000001
development01,R98-C2,EVENT-FULL,2265,2262,FULL,0,20.000000000000007,19,3,1.0000000000000071,0,0,1657.5532771999999
development01,R98-C2,EVENT-FULL,2266,2263,FULL,0,20.000000000000004,19,3,1.0000000000000036,0,0,1657.620124
development01,R98-C2,EVENT-FULL,2267,2264,FULL,0,20.000000000000007,19,3,1.0000000000000071,0,0,1657.6981312
development01,R98-C2,EVENT-FULL,2268,2265,FULL,0,20.000000000000004,19,3,1.0000000000000036,0,0,1657.7877029000001
development01,R98-C2,EVENT-FULL,2269,2266,FULL,0,20.000000000000004,19,3,1.0000000000000036,0,0,1657.8635793000001
development01,R98-C2,EVENT-FULL,2270,2267,FULL,0,19.999999999999996,19,3,0.99999999999999645,0,0,1657.9482874
development01,R98-C2,EVENT-FULL,2271,2268,FULL,0,20.000000000000011,19,4,1.0000000000000107,0,0,1658.0205630999999
development01,R98-C2,EVENT-FULL,2272,2269,FULL,0,18,17,3,1,0,0,1659.3382154999999
development01,R98-C2,EVENT-FULL,2273,2270,FULL,0,17.999999999999989,17,3,0.99999999999998934,0,0,1659.5618919999999
development01,R98-C2,EVENT-FULL,2274,2271,FULL,0,18.000000000000046,17,2,1.0000000000000462,0,0,1659.6583791
development01,R98-C2,EVENT-FULL,2275,2272,FULL,0,17.999999999999986,17,2,0.99999999999998579,0,0,1659.7600017
development01,R98-C2,EVENT-FULL,2276,2273,FULL,0,18,17,2,1,0,0,1659.8460700000001
development01,R98-C2,EVENT-FULL,2277,2274,FULL,0,18,17,2,1,0,0,1659.9583164999999
development01,R98-C2,EVENT-FULL,2278,2275,FULL,0,18,17,12,1,0,0,1660.730926
development01,R98-C2,EVENT-FULL,2279,2276,FULL,0,18,17,9,1,0,0,1661.0092122999999
development01,R98-C2,EVENT-FULL,2280,2277,FULL,0,18,17,4,1,0,0,1661.8012145
development01,R98-C2,EVENT-FULL,2281,2278,FULL,0,18,17,1,1,0,0,1661.9296101
development01,R98-C2,EVENT-FULL,2282,2279,FULL,0,18,17,1,1,0,0,1662.0041111
development01,R98-C2,EVENT-FULL,2283,2280,FULL,0,18,17,0,1,0,0,1662.0999578000001
development01,R98-C2,EVENT-FULL,2284,2281,FULL,0,18,17,1,1,0,0,1662.1800886999999
development01,R98-C2,EVENT-FULL,2285,2282,FULL,0,18,17,0,1,0,0,1662.2764413
development01,R98-C2,EVENT-FULL,2286,2283,FULL,0,18,17,0,1,0,0,1662.4265780000001
development01,R98-C2,EVENT-FULL,2287,2284,FULL,0,18,17,0,1,0,0,1662.5428168000001
development01,R98-C2,EVENT-FULL,2288,2285,FULL,0,20,19,17,1,0,0,1663.9595532000001
development01,R98-C2,EVENT-FULL,2289,2286,FULL,0,20,19,17,1,0,0,1664.1521193999999
development01,R98-C2,EVENT-FULL,2290,2287,FULL,1,22,21,12,1,0,0,1664.9598321000001
development01,R98-C2,EVENT-FULL,2291,2288,FULL,1,22,21,11,1,0,0,1665.0411426000001
development01,R98-C2,EVENT-FULL,2292,2289,FULL,1,22,21,11,1,0,0,1665.11402
development01,R98-C2,EVENT-FULL,2293,2290,FULL,0,20,19,15,1,0,0,1665.3697033000001
development01,R98-C2,EVENT-FULL,2294,2291,FULL,0,22,21,18,1,0,0,1665.5219044999999
development01,R98-C2,EVENT-FULL,2295,2292,FULL,0,18,17,14,1,0,0,1667.1850314000001
development01,R98-C2,EVENT-FULL,2296,2293,FULL,0,20,19,14,1,0,0,1667.2704749
development01,R98-C2,EVENT-FULL,2297,2294,FULL,0,22,21,17,1,0,0,1668.2957263999999
development01,R98-C2,EVENT-FULL,2298,2295,FULL,0,18,17,10,1,0,0,1671.9349514
development01,R98-C2,EVENT-FULL,2299,2296,FULL,0,16,15,1,1,0,0,1673.6247461
development01,R98-C2,EVENT-FULL,2300,2297,FULL,0,18,17,8,1,0,0,1674.1277468000001
development01,R98-C2,EVENT-FULL,2301,2298,FULL,1,22,21,2,1,0,0,1675.1661606
development01,R98-C2,EVENT-FULL,2302,2299,FULL,1,21.999999999999954,21,2,0.99999999999995381,0,0,1675.3784188
development01,R98-C2,EVENT-FULL,2303,2300,FULL,0,16,15,3,1,0,0,1676.5235969
development01,R98-C2,EVENT-FULL,2304,2301,FULL,0,16,15,2,1,0,0,1677.2231859999999
development01,R98-C2,EVENT-FULL,2305,2302,FULL,0,15.999999999999996,15,1,0.99999999999999645,0,0,1677.4111233000001
development01,R98-C2,EVENT-FULL,2306,2303,FULL,0,16.000000000000004,15,1,1.0000000000000036,0,0,1677.4862095999999
development01,R98-C2,EVENT-FULL,2307,2304,FULL,0,15.999999999999998,15,2,0.99999999999999822,0,0,1677.6473487000001
development01,R98-C2,EVENT-FULL,2308,2305,FULL,0,16,15,1,1,0,0,1677.7130838999999
development01,R98-C2,EVENT-FULL,2309,2306,FULL,0,15.999999999999998,15,0,0.99999999999999822,0,0,1677.777051
development01,R98-C2,EVENT-FULL,2310,2307,FULL,0,16,15,1,1,0,0,1677.9145645000001
development01,R98-C2,EVENT-FULL,2311,2308,FULL,0,16,15,-1,1,0,0,1678.0137471999999
development01,R98-C2,EVENT-FULL,2312,2309,FULL,0,15.999999999999998,15,-1,0.99999999999999822,0,0,1678.0903257
development01,R98-C2,EVENT-FULL,2313,2310,FULL,0,15.999999999999998,15,-1,0.99999999999999822,0,0,1678.1784803
development01,R98-C2,EVENT-FULL,2314,2311,FULL,0,15.999999999999998,15,-1,0.99999999999999822,0,0,1678.2512690999999
development01,R98-C2,EVENT-FULL,2315,2312,FULL,0,15.999999999999998,15,-1,0.99999999999999822,0,0,1678.3239756
development01,R98-C2,EVENT-FULL,2316,2313,FULL,0,18,17,-1,1,0,0,1680.2461195000001
development01,R98-C2,EVENT-FULL,2317,2314,FULL,0,17.999999999999996,17,-2,0.99999999999999645,0,0,1680.3897021
development01,R98-C2,EVENT-FULL,2318,2315,FULL,0,18.000000000000004,17,-3,1.0000000000000036,0,0,1680.479936
development01,R98-C2,EVENT-FULL,2319,2316,FULL,0,22,21,15,1,0,0,1681.6571925000001
development01,R98-C2,EVENT-FULL,2320,2317,FULL,0,20,19,11,1,0,0,1681.7421059000001
development01,R98-C2,EVENT-FULL,2321,2318,FULL,0,20,19,10,1,0,0,1681.873102
development01,R98-C2,EVENT-FULL,2322,2319,FULL,0,18,17,4,1,0,0,1683.4338519999999
development01,R98-C2,EVENT-FULL,2323,2320,FULL,0,18,17,3,1,0,0,1683.6011392
development01,R98-C2,EVENT-FULL,2324,2321,FULL,0,18,17,2,1,0,0,1683.9702431000001
development01,R98-C2,EVENT-FULL,2325,2322,FULL,0,18.000000000000007,17,2,1.0000000000000071,0,0,1684.0627559
development01,R98-C2,EVENT-FULL,2326,2323,FULL,0,18,17,1,1,0,0,1684.1745487000001
development01,R98-C2,EVENT-FULL,2327,2324,FULL,0,18,17,1,1,0,0,1684.2551573999999
development01,R98-C2,EVENT-FULL,2328,2325,FULL,0,18,17,1,1,0,0,1684.3312218999999
development01,R98-C2,EVENT-FULL,2329,2326,FULL,0,18.000000000000007,17,1,1.0000000000000071,0,0,1684.4562286
development01,R98-C2,EVENT-FULL,2330,2327,FULL,0,18,17,1,1,0,0,1684.52621
development01,R98-C2,EVENT-FULL,2331,2328,FULL,0,18,17,2,1,0,0,1684.5922685999999
development01,R98-C2,EVENT-FULL,2332,2329,FULL,0,18,17,0,1,0,0,1685.9624647999999
development01,R98-C2,EVENT-FULL,2333,2330,FULL,0,17.999999999999996,17,0,0.99999999999999645,0,0,1686.0933359999999
development01,R98-C2,EVENT-FULL,2334,2331,FULL,0,17.999999999999996,17,0,0.99999999999999645,0,0,1686.1590942
development01,R98-C2,EVENT-FULL,2335,2332,FULL,0,18,17,-1,1,0,0,1686.2874867999999
development01,R98-C2,EVENT-FULL,2336,2333,FULL,0,17.999999999999993,17,-1,0.99999999999999289,0,0,1686.4300346
development01,R98-C2,EVENT-FULL,2337,2334,FULL,0,18,17,-2,1,0,0,1686.5753806
development01,R98-C2,EVENT-FULL,2338,2335,FULL,0,17.999999999999996,17,-1,0.99999999999999645,0,0,1686.6604236000001
development01,R98-C2,EVENT-FULL,2339,2336,FULL,0,17.999999999999996,17,-2,0.99999999999999645,0,0,1686.7354915999999
development01,R98-C2,EVENT-FULL,2340,2337,FULL,0,18,17,-2,1,0,0,1686.8084017000001
development01,R98-C2,EVENT-FULL,2341,2338,FULL,0,18,17,-2,1,0,0,1686.8722393
development01,R98-C2,EVENT-FULL,2342,2339,FULL,0,18,17,-2,1,0,0,1686.9381275999999
development01,R98-C2,EVENT-FULL,2343,2340,FULL,0,22,21,17,1,0,0,1688.0551453999999
development01,R98-C2,EVENT-FULL,2344,2341,FULL,0,22,21,14,1,0,0,1688.2439264
development01,R98-C2,EVENT-FULL,2345,2342,FULL,0,20,19,8,1,0,0,1689.3747759
development01,R98-C2,EVENT-FULL,2346,2343,FULL,0,20,19,8,1,0,0,1689.4662831999999
development01,R98-C2,EVENT-FULL,2347,2344,FULL,0,20,19,8,1,0,0,1689.5339838
development01,R98-C2,EVENT-FULL,2348,2345,FULL,0,20,19,14,1,0,0,1692.8223728
development01,R98-C2,EVENT-FULL,2349,2346,FULL,0,19.999999999999996,19,3,0.99999999999999645,0,0,1693.7748801
development01,R98-C2,EVENT-FULL,2350,2347,FULL,0,20.000000000000007,19,3,1.0000000000000071,0,0,1693.8915258
development01,R98-C2,EVENT-FULL,2351,2348,FULL,0,20,19,2,1,0,0,1694.0242545999999
development01,R98-C2,EVENT-FULL,2352,2349,FULL,0,20,19,0,1,0,0,1694.1562260999999
development01,R98-C2,EVENT-FULL,2353,2350,FULL,0,20,19,6,1,0,0,1695.237899
development01,R98-C2,EVENT-FULL,2354,2351,FULL,0,20,19,4,1,0,0,1695.4442342
development01,R98-C2,EVENT-FULL,2355,2352,FULL,0,20,19,-2,1,0,0,1695.7212972
development01,R98-C2,EVENT-FULL,2356,2353,FULL,0,20,19,-1,1,0,0,1695.8425431999999
development01,R98-C2,EVENT-FULL,2357,2354,FULL,0,20,19,-2,1,0,0,1695.9094322000001
development01,R98-C2,EVENT-FULL,2358,2355,FULL,0,18,17,3,1,0,0,1696.9819563000001
development01,R98-C2,EVENT-FULL,2359,2356,FULL,0,17.999999999999996,17,3,0.99999999999999645,0,0,1697.0876458
development01,R98-C2,EVENT-FULL,2360,2357,FULL,0,18,17,3,1,0,0,1697.1827208
development01,R98-C2,EVENT-FULL,2361,2358,FULL,0,18,17,3,1,0,0,1697.2673695000001
development01,R98-C2,EVENT-FULL,2362,2359,FULL,0,18,17,3,1,0,0,1697.3587639
development01,R98-C2,EVENT-FULL,2363,2360,FULL,0,17.999999999999996,17,3,0.99999999999999645,0,0,1697.4251485
development01,R98-C2,EVENT-FULL,2364,2361,FULL,0,18,17,4,1,0,0,1697.4891806000001
development01,R98-C2,EVENT-FULL,2365,2362,FULL,0,18,17,3,1,0,0,1697.5590783
development01,R98-C2,EVENT-FULL,2366,2363,FULL,0,18,17,3,1,0,0,1698.7220027999999
development01,R98-C2,EVENT-FULL,2367,2364,FULL,0,17.999999999999996,17,2,0.99999999999999645,0,0,1698.8738929000001
development01,R98-C2,EVENT-FULL,2368,2365,FULL,0,17.999999999999993,17,2,0.99999999999999289,0,0,1698.9785340000001
development01,R98-C2,EVENT-FULL,2369,2366,FULL,0,17.999999999999996,17,1,0.99999999999999645,0,0,1699.0588038999999
development01,R98-C2,EVENT-FULL,2370,2367,FULL,0,17.999999999999993,17,1,0.99999999999999289,0,0,1699.1470703
development01,R98-C2,EVENT-FULL,2371,2368,FULL,0,17.999999999999996,17,1,0.99999999999999645,0,0,1699.2230036000001
development01,R98-C2,EVENT-FULL,2372,2369,FULL,0,18.000000000000011,17,0,1.0000000000000107,0,0,1699.3082578999999
development01,R98-C2,EVENT-FULL,2373,2370,FULL,0,17.999999999999996,17,-1,0.99999999999999645,0,0,1699.4011055999999
development01,R98-C2,EVENT-FULL,2374,2371,FULL,0,18,17,0,1,0,0,1699.5052052999999
development01,R98-C2,EVENT-FULL,2375,2372,FULL,0,18,17,0,1,0,0,1699.5777275999999
development01,R98-C2,EVENT-FULL,2376,2373,FULL,0,18,17,-1,1,0,0,1699.6560073999999
development01,R98-C2,EVENT-FULL,2377,2374,FULL,0,16,15,-1,1,0,0,1700.7265468000001
development01,R98-C2,EVENT-FULL,2378,2375,FULL,0,15.999999999999998,15,-1,0.99999999999999822,0,0,1700.9571242
development01,R98-C2,EVENT-FULL,2379,2376,FULL,0,16,15,-1,1,0,0,1701.1264040000001
development01,R98-C2,EVENT-FULL,2380,2377,FULL,0,16,15,-2,1,0,0,1701.2465145000001
development01,R98-C2,EVENT-FULL,2381,2378,FULL,0,16,15,-2,1,0,0,1701.3702287000001
development01,R98-C2,EVENT-FULL,2382,2379,FULL,0,16,15,-2,1,0,0,1701.4800405999999
development01,R98-C2,EVENT-FULL,2383,2380,FULL,0,16,15,-1,1,0,0,1701.5865437
development01,R98-C2,EVENT-FULL,2384,2381,FULL,0,16,15,-2,1,0,0,1701.698549
development01,R98-C2,EVENT-FULL,2385,2382,FULL,1,18,17,13,1,0,0,1703.8759332
development01,R98-C2,EVENT-FULL,2386,2383,FULL,0,16,15,8,1,0,0,1704.0872389000001
development01,R98-C2,EVENT-FULL,2387,2384,FULL,0,22,21,16,1,0,0,1704.2256557999999
development01,R98-C2,EVENT-FULL,2388,2385,FULL,0,18,17,11,1,0,0,1704.9083929000001
development01,R98-C2,EVENT-FULL,2389,2386,FULL,0,18,17,5,1,0,0,1706.2522884
development01,R98-C2,EVENT-FULL,2390,2387,FULL,0,17.999999999999986,17,4,0.99999999999998579,0,0,1706.3361124
development01,R98-C2,EVENT-FULL,2391,2388,FULL,0,17.999999999999996,17,3,0.99999999999999645,0,0,1706.4177858
development01,R98-C2,EVENT-FULL,2392,2389,FULL,0,17.999999999999996,17,3,0.99999999999999645,0,0,1706.5203217999999
development01,R98-C2,EVENT-FULL,2393,2390,FULL,0,18,17,3,1,0,0,1706.6621136000001
development01,R98-C2,EVENT-FULL,2394,2391,FULL,0,17.999999999999975,17,2,0.99999999999997513,0,0,1706.7499479000001
development01,R98-C2,EVENT-FULL,2395,2392,FULL,0,18,17,3,1,0,0,1706.8167960999999
development01,R98-C2,EVENT-FULL,2396,2393,FULL,0,17.999999999999993,17,3,0.99999999999999289,0,0,1706.9576685
development01,R98-C2,EVENT-FULL,2397,2394,FULL,0,18,17,0,1,0,0,1709.5203300000001
development01,R98-C2,EVENT-FULL,2398,2395,FULL,0,17.999999999999996,17,-1,0.99999999999999645,0,0,1709.7952425000001
development01,R98-C2,EVENT-FULL,2399,2396,FULL,0,17.999999999999996,17,-1,0.99999999999999645,0,0,1710.0009716
development01,R98-C2,EVENT-FULL,2400,2397,FULL,0,17.999999999999996,17,-2,0.99999999999999645,0,0,1710.1778955
development01,R98-C2,EVENT-FULL,2401,2398,FULL,0,17.999999999999996,17,-2,0.99999999999999645,0,0,1710.2500746000001
development01,R98-C2,EVENT-FULL,2402,2399,FULL,0,20,19,1,1,0,0,1712.5212352000001
development01,R98-C2,EVENT-FULL,2403,2400,FULL,0,20,19,1,1,0,0,1712.7002083
development01,R98-C2,EVENT-FULL,2404,2401,FULL,0,20.000000000000004,19,1,1.0000000000000036,0,0,1712.8192194999999
development01,R98-C2,EVENT-FULL,2405,2402,FULL,0,20.000000000000032,19,0,1.000000000000032,0,0,1712.9065568000001
development01,R98-C2,EVENT-FULL,2406,2403,FULL,0,20.000000000000004,19,0,1.0000000000000036,0,0,1713.0757134999999
development01,R98-C2,EVENT-FULL,2407,2404,FULL,0,20,19,0,1,0,0,1713.1623426000001
development01,R98-C2,EVENT-FULL,2408,2405,FULL,0,20.000000000000004,19,1,1.0000000000000036,0,0,1713.2698296999999
development01,R98-C2,EVENT-FULL,2409,2406,FULL,0,19.999999999999996,19,0,0.99999999999999645,0,0,1713.3340003000001
development01,R98-C2,EVENT-FULL,2410,2407,FULL,0,20,19,1,1,0,0,1713.4354455
development01,R98-C2,EVENT-FULL,2411,2408,FULL,0,20.000000000000004,19,0,1.0000000000000036,0,0,1713.5220369000001
development01,R98-C2,EVENT-FULL,2412,2409,FULL,0,20.000000000000004,19,0,1.0000000000000036,0,0,1713.6092478999999
development01,R98-C2,EVENT-FULL,2413,2410,FULL,0,19.999999999999996,19,0,0.99999999999999645,0,0,1713.6731924000001
development01,R98-C2,EVENT-FULL,2414,2411,FULL,0,20,19,6,1,0,0,1714.7553298
development01,R98-C2,EVENT-FULL,2415,2412,FULL,0,20,19,5,1,0,0,1714.9153848000001
development01,R98-C2,EVENT-FULL,2416,2413,FULL,0,20,19,5,1,0,0,1715.0603088
development01,R98-C2,EVENT-FULL,2417,2414,FULL,0,20,19,5,1,0,0,1715.2906548999999
development01,R98-C2,EVENT-FULL,2418,2415,FULL,0,16,15,3,1,0,0,1716.6248618
development01,R98-C2,EVENT-FULL,2419,2416,FULL,0,16,15,0,1,0,0,1718.2959258000001
development01,R98-C2,EVENT-FULL,2420,2417,FULL,0,15.999999999999986,15,1,0.99999999999998579,0,0,1718.4221600999999
development01,R98-C2,EVENT-FULL,2421,2418,FULL,0,15.999999999999991,15,0,0.99999999999999112,0,0,1718.5289561
development01,R98-C2,EVENT-FULL,2422,2419,FULL,0,16.000000000000004,15,0,1.0000000000000036,0,0,1718.785762
development01,R98-C2,EVENT-FULL,2423,2420,FULL,1,22,21,1,1,0,0,1718.9649219
development01,R98-C2,EVENT-FULL,2424,2421,FULL,1,21.999999999999993,21,2,0.99999999999999289,0,0,1719.1169388000001
development01,R98-C2,EVENT-FULL,2425,2422,FULL,1,21.999999999999996,21,0,0.99999999999999645,0,0,1719.2243748000001
development01,R98-C2,EVENT-FULL,2426,2423,FULL,1,21.999999999999993,21,1,0.99999999999999289,0,0,1719.3017132
development01,R98-C2,EVENT-FULL,2427,2424,FULL,0,18,17,4,1,0,0,1719.6990039
development01,R98-C2,EVENT-FULL,2428,2425,FULL,1,20,19,2,1,0,0,1719.9492581
development01,R98-C2,EVENT-FULL,2429,2426,FULL,0,18,17,9,1,0,0,1720.4560822000001
development01,R98-C2,EVENT-FULL,2430,2427,FULL,0,18,17,11,1,0,0,1720.5709478000001
development01,R98-C2,EVENT-FULL,2431,2428,FULL,0,20,19,9,1,0,0,1721.0972442
development01,R98-C2,EVENT-FULL,2432,2429,FULL,1,19.999999999999996,19,-1,0.99999999999999645,0,0,1721.2523303999999
development01,R98-C2,EVENT-FULL,2433,2430,FULL,1,20,19,0,1,0,0,1721.3449723000001
development01,R98-C2,EVENT-FULL,2434,2431,FULL,1,20,19,-1,1,0,0,1721.4280753999999
development01,R98-C2,EVENT-FULL,2435,2432,FULL,1,20,19,0,1,0,0,1721.5240859
development01,R98-C2,EVENT-FULL,2436,2433,FULL,1,19.999999999999996,19,0,0.99999999999999645,0,0,1721.6060898999999
development01,R98-C2,EVENT-FULL,2437,2434,FULL,0,20,19,2,1,0,0,1723.3963001
development01,R98-C2,EVENT-FULL,2438,2435,FULL,0,19.999999999999996,19,2,0.99999999999999645,0,0,1723.4774095
development01,R98-C2,EVENT-FULL,2439,2436,FULL,0,19.999999999999993,19,1,0.99999999999999289,0,0,1723.5588634999999
development01,R98-C2,EVENT-FULL,2440,2437,FULL,0,19.999999999999979,19,1,0.99999999999997868,0,0,1723.6308162
development01,R98-C2,EVENT-FULL,2441,2438,FULL,0,20.000000000000004,19,1,1.0000000000000036,0,0,1723.7056843
development01,R98-C2,EVENT-FULL,2442,2439,FULL,0,20,19,1,1,0,0,1723.7743135999999
development01,R98-C2,EVENT-FULL,2443,2440,FULL,0,20,19,2,1,0,0,1723.8418173
development01,R98-C2,EVENT-FULL,2444,2441,FULL,1,22,21,5,1,0,0,1724.8501638
development01,R98-C2,EVENT-FULL,2445,2442,FULL,0,18.000000000000025,17,5,1.0000000000000249,0,0,1725.1096768
development01,R98-C2,EVENT-FULL,2446,2443,FULL,0,18,17,5,1,0,0,1725.2771144999999
development01,R98-C2,EVENT-FULL,2447,2444,FULL,0,18,17,0,1,0,0,1726.6362474
development01,R98-C2,EVENT-FULL,2448,2445,FULL,0,18,17,-1,1,0,0,1726.7666191000001
development01,R98-C2,EVENT-FULL,2449,2446,FULL,0,17.999999999999996,17,-2,0.99999999999999645,0,0,1726.8709113
development01,R98-C2,EVENT-FULL,2450,2447,FULL,0,18,17,-1,1,0,0,1726.9712769
development01,R98-C2,EVENT-FULL,2451,2448,FULL,0,18,17,-3,1,0,0,1727.0973145
development01,R98-C2,EVENT-FULL,2452,2449,FULL,0,18,17,6,1,0,0,1728.0908119999999
development01,R98-C2,EVENT-FULL,2453,2450,FULL,0,18,17,5,1,0,0,1728.2539228999999
development01,R98-C2,EVENT-FULL,2454,2451,FULL,0,18,17,5,1,0,0,1728.4417109999999
development01,R98-C2,EVENT-FULL,2455,2452,FULL,0,18,17,5,1,0,0,1728.6137063000001
development01,R98-C2,EVENT-FULL,2456,2453,FULL,0,18,17,5,1,0,0,1728.7703240999999
development01,R98-C2,EVENT-FULL,2457,2454,FULL,0,18.000000000000004,17,3,1.0000000000000036,0,0,1728.9591797999999
development01,R98-C2,EVENT-FULL,2458,2455,FULL,0,18,17,3,1,0,0,1729.1049877
development01,R98-C2,EVENT-FULL,2459,2456,FULL,0,18,17,3,1,0,0,1729.1730708
development01,R98-C2,EVENT-FULL,2460,2457,FULL,0,22,21,21,1,0,0,1733.7213182
development01,R98-C2,EVENT-FULL,2461,2458,FULL,1,18,17,11,1,0,0,1738.1096516
development01,R98-C2,EVENT-FULL,2462,2459,FULL,1,18,17,5,1,0,0,1739.2402407
development01,R98-C2,EVENT-FULL,2463,2460,FULL,0,20,19,11,1,0,0,1739.7378882999999
development01,R98-C2,EVENT-FULL,2464,2461,FULL,0,20,19,11,1,0,0,1744.2183735000001
development01,R98-C2,EVENT-FULL,2465,2462,FULL,0,20,19,15,1,0,0,1755.2556024999999
development01,R98-C2,EVENT-FULL,2466,2463,FULL,0,20,19,13,1,0,0,1755.3830845
development01,R98-C2,EVENT-FULL,2467,2464,FULL,0,14,13,-2,1,0,0,1756.3019019999999
development01,R98-C2,EVENT-FULL,2468,2465,FULL,0,14,13,-2,1,0,0,1756.4226454
development01,R98-C2,EVENT-FULL,2469,2466,FULL,0,14.000000000000004,13,-3,1.0000000000000036,0,0,1756.6563624
development01,R98-C2,EVENT-FULL,2470,2467,FULL,0,14.000000000000004,13,-3,1.0000000000000036,0,0,1756.7397900000001
development01,R98-C2,EVENT-FULL,2471,2468,FULL,0,13.999999999999996,13,-3,0.99999999999999645,0,0,1756.8141896
development01,R98-C2,EVENT-FULL,2472,2469,FULL,0,14,13,-3,1,0,0,1756.8973974999999
development01,R98-C2,EVENT-FULL,2473,2470,FULL,0,14,13,-4,1,0,0,1757.0678786000001
development01,R98-C2,EVENT-FULL,2474,2471,FULL,0,14.000000000000004,13,-3,1.0000000000000036,0,0,1757.2234572
development01,R98-C2,EVENT-FULL,2475,2472,FULL,0,14,13,-4,1,0,0,1757.328966
development01,R98-C2,EVENT-FULL,2476,2473,FULL,0,14,13,-4,1,0,0,1757.4508376000001
development01,R98-C2,EVENT-FULL,2477,2474,FULL,0,13.999999999999991,13,-3,0.99999999999999112,0,0,1757.5527560999999
development01,R98-C2,EVENT-FULL,2478,2475,FULL,0,20,19,3,1,0,0,1759.1860251000001
development01,R98-C2,EVENT-FULL,2479,2476,FULL,0,20,19,2,1,0,0,1759.4691431000001
development01,R98-C2,EVENT-FULL,2480,2477,FULL,0,18,17,4,1,0,0,1760.5547512000001
development01,R98-C2,EVENT-FULL,2481,2478,FULL,0,20,19,8,1,0,0,1760.7908588
development01,R98-C2,EVENT-FULL,2482,2479,FULL,0,18,17,2,1,0,0,1761.4122293999999
development01,R98-C2,EVENT-FULL,2483,2480,FULL,0,20,19,2,1,0,0,1761.5502552999999
development01,R98-C2,EVENT-FULL,2484,2481,FULL,0,20.000000000000004,19,1,1.0000000000000036,0,0,1761.7105709
development01,R98-C2,EVENT-FULL,2485,2482,FULL,0,20.000000000000004,19,1,1.0000000000000036,0,0,1761.8177412
development01,R98-C2,EVENT-FULL,2486,2483,FULL,0,20.000000000000004,19,1,1.0000000000000036,0,0,1761.8878399
development01,R98-C2,EVENT-FULL,2487,2484,FULL,0,20.000000000000004,19,0,1.0000000000000036,0,0,1762.2097996
development01,R98-C2,EVENT-FULL,2488,2485,FULL,0,20.000000000000004,19,0,1.0000000000000036,0,0,1762.3406090999999
development01,R98-C2,EVENT-FULL,2489,2486,FULL,0,20.000000000000004,19,0,1.0000000000000036,0,0,1762.4229051
development01,R98-C2,EVENT-FULL,2490,2487,FULL,0,20.000000000000004,19,1,1.0000000000000036,0,0,1762.4945594999999
development01,R98-C2,EVENT-FULL,2491,2488,FULL,0,19.999999999999954,19,1,0.99999999999995381,0,0,1762.5699348000001
development01,R98-C2,EVENT-FULL,2492,2489,FULL,0,20,19,-1,1,0,0,1762.7264608
development01,R98-C2,EVENT-FULL,2493,2490,FULL,0,20,19,3,1,0,0,1763.6730133000001
development01,R98-C2,EVENT-FULL,2494,2491,FULL,0,18,17,3,1,0,0,1763.7807837
development01,R98-C2,EVENT-FULL,2495,2492,FULL,0,20,19,1,1,0,0,1764.0326242000001
development01,R98-C2,EVENT-FULL,2496,2493,FULL,0,20,19,2,1,0,0,1764.1321456999999
development01,R98-C2,EVENT-FULL,2497,2494,FULL,0,19.999999999999989,19,0,0.99999999999998934,0,0,1764.3201113
development01,R98-C2,EVENT-FULL,2498,2495,FULL,0,20.000000000000004,19,1,1.0000000000000036,0,0,1764.4161704000001
development01,R98-C2,EVENT-FULL,2499,2496,FULL,0,20,19,4,1,0,0,1766.0738007
development01,R98-C2,EVENT-FULL,2500,2497,FULL,0,18,17,9,1,0,0,1767.3339848000001
development01,R98-C2,EVENT-FULL,2501,2498,FULL,0,18,17,5,1,0,0,1767.6065696000001
development01,R98-C2,EVENT-FULL,2502,2499,FULL,0,18,17,3,1,0,0,1768.4859917000001
development01,R98-C2,EVENT-FULL,2503,2500,FULL,0,17.999999999999996,17,4,0.99999999999999645,0,0,1768.9972507
development01,R98-C2,EVENT-FULL,2504,2501,FULL,0,17.999999999999993,17,2,0.99999999999999289,0,0,1769.070048
development01,R98-C2,EVENT-FULL,2505,2502,FULL,0,17.999999999999996,17,2,0.99999999999999645,0,0,1769.1344707999999
development01,R98-C2,EVENT-FULL,2506,2503,FULL,0,18,17,1,1,0,0,1769.6661256
development01,R98-C2,EVENT-FULL,2507,2504,FULL,0,18,17,2,1,0,0,1769.8712241999999
development01,R98-C2,EVENT-FULL,2508,2505,FULL,0,18.000000000000021,17,1,1.0000000000000213,0,0,1769.9775674
development01,R98-C2,EVENT-CORE,2,0,CORE,0,16,15,9,1,0,0,25.223582
development01,R98-C2,EVENT-CORE,3,1,CORE,0,18,17,12,1,0,0,35.0848327
development01,R98-C2,EVENT-CORE,4,2,CORE,0,16,15,12,1,0,0,38.726438999999999
development01,R98-C2,EVENT-CORE,5,3,CORE,0,12,11,9,1,0,0,40.587572000000002
development01,R98-C2,EVENT-CORE,6,4,CORE,0,18,17,11,1,0,0,54.613227000000002
development01,R98-C2,EVENT-CORE,7,5,CORE,0,18,17,12,1,0,0,58.435901399999999
development01,R98-C2,EVENT-CORE,8,6,CORE,0,16,15,9,1,0,0,71.363674399999994
development01,R98-C2,EVENT-CORE,9,7,CORE,0,22,21,21,1,0,0,85.261211099999997
development01,R98-C2,EVENT-CORE,10,8,CORE,0,18,17,12,1,0,0,101.51456140000001
development01,R98-C2,EVENT-CORE,11,9,CORE,0,20,19,17,1,0,0,109.3345412
development01,R98-C2,EVENT-CORE,12,10,CORE,0,18,17,12,1,0,0,111.62090600000001
development01,R98-C2,EVENT-CORE,13,11,CORE,0,22,21,18,1,0,0,142.08922580000001
development01,R98-C2,EVENT-CORE,14,12,CORE,1,18,17,15,1,0,0,149.38173159999999
development01,R98-C2,EVENT-CORE,15,13,CORE,0,16,15,4,1,0,0,156.78135030000001
development01,R98-C2,EVENT-CORE,16,14,CORE,0,20,19,18,1,0,0,187.64737909999999
development01,R98-C2,EVENT-CORE,17,15,CORE,0,20,19,14,1,0,0,194.61851150000001
development01,R98-C2,EVENT-CORE,18,16,CORE,0,22,21,17,1,0,0,201.7442671
development01,R98-C2,EVENT-CORE,19,17,CORE,0,20,19,13,1,0,0,209.53188929999999
development01,R98-C2,EVENT-CORE,20,18,CORE,0,20,19,11,1,0,0,222.89903039999999
development01,R98-C2,EVENT-CORE,21,19,CORE,0,16,15,6,1,0,0,235.85108460000001
development01,R98-C2,EVENT-CORE,22,20,CORE,0,17.999999999999996,17,6,0.99999999999999645,0,0,237.15937339999999
development01,R98-C2,EVENT-CORE,23,21,CORE,0,18,17,4,1,0,0,238.36223430000001
development01,R98-C2,EVENT-CORE,24,22,CORE,0,14.000000000000002,13,2,1.0000000000000018,0,0,240.35461860000001
development01,R98-C2,EVENT-CORE,25,23,CORE,0,20,19,14,1,0,0,246.1384626
development01,R98-C2,EVENT-CORE,26,24,CORE,0,22,21,13,1,0,0,252.25715589999999
development01,R98-C2,EVENT-CORE,27,25,CORE,0,20,19,9,1,0,0,263.1788871
development01,R98-C2,EVENT-CORE,28,26,CORE,0,18,17,8,1,0,0,270.93902639999999
development01,R98-C2,EVENT-CORE,29,27,CORE,0,18,17,9,1,0,0,283.43242040000001
development01,R98-C2,EVENT-CORE,30,28,CORE,0,20,19,12,1,0,0,302.69938880000001
development01,R98-C2,EVENT-CORE,31,29,CORE,0,16,15,8,1,0,0,309.39343129999997
development01,R98-C2,EVENT-CORE,32,30,CORE,0,16,15,11,1,0,0,311.91301950000002
development01,R98-C2,EVENT-CORE,33,31,CORE,1,16,15,14,1,0,0,331.92601810000002
development01,R98-C2,EVENT-CORE,34,32,CORE,0,16,15,7,1,0,0,336.53340680000002
development01,R98-C2,EVENT-CORE,35,33,CORE,0,16,15,8,1,0,0,340.7350333
development01,R98-C2,EVENT-CORE,36,34,CORE,0,20,19,6,1,0,0,360.93961580000001
development01,R98-C2,EVENT-CORE,37,35,CORE,0,18,17,7,1,0,0,382.16189070000001
development01,R98-C2,EVENT-CORE,38,36,CORE,0,16,15,10,1,0,0,396.92372239999997
development01,R98-C2,EVENT-CORE,39,37,CORE,0,20,19,11,1,0,0,410.7168752
development01,R98-C2,EVENT-CORE,40,38,CORE,0,16,15,11,1,0,0,416.09296669999998
development01,R98-C2,EVENT-CORE,41,39,CORE,0,18,17,13,1,0,0,421.37566409999999
development01,R98-C2,EVENT-CORE,42,40,CORE,0,22,21,20,1,0,0,432.6000153
development01,R98-C2,EVENT-CORE,43,41,CORE,0,14,13,9,1,0,0,437.91195549999998
development01,R98-C2,EVENT-CORE,44,42,CORE,0,20,19,10,1,0,0,457.97129330000001
development01,R98-C2,EVENT-CORE,45,43,CORE,0,18,17,12,1,0,0,469.31642829999998
development01,R98-C2,EVENT-CORE,46,44,CORE,0,22,21,16,1,0,0,473.28795000000002
development01,R98-C2,EVENT-CORE,47,45,CORE,1,16,15,13,1,0,0,488.8945574
development01,R98-C2,EVENT-CORE,48,46,CORE,0,14,13,10,1,0,0,493.76330339999998
development01,R98-C2,EVENT-CORE,49,47,CORE,0,18,17,14,1,0,0,501.312637
development01,R98-C2,EVENT-CORE,50,48,CORE,0,18,17,11,1,0,0,510.02224510000002
development01,R98-C2,EVENT-CORE,51,49,CORE,0,18,17,9,1,0,0,516.54937240000004
development01,R98-C2,EVENT-CORE,52,50,CORE,0,22,21,20,1,0,0,546.16788559999998
development01,R98-C2,EVENT-CORE,53,51,CORE,0,20,19,17,1,0,0,563.00504469999998
development01,R98-C2,EVENT-CORE,54,52,CORE,0,14,13,5,1,0,0,572.79494910000005
development01,R98-C2,EVENT-CORE,55,53,CORE,0,18,17,13,1,0,0,583.34118330000001
development01,R98-C2,EVENT-CORE,56,54,CORE,0,18,17,14,1,0,0,586.18546839999999
development01,R98-C2,EVENT-CORE,57,55,CORE,0,22,21,14,1,0,0,591.02401459999999
development01,R98-C2,EVENT-CORE,58,56,CORE,0,22,21,17,1,0,0,619.26388580000003
development01,R98-C2,EVENT-CORE,59,57,CORE,0,19.999999999999996,19,16,0.99999999999999645,0,0,621.33056090000002
development01,R98-C2,EVENT-CORE,60,58,CORE,0,20,19,16,1,0,0,627.52150989999996
development01,R98-C2,EVENT-CORE,61,59,CORE,0,22,21,14,1,0,0,631.04967069999998
development01,R98-C2,EVENT-CORE,62,60,CORE,0,22,21,14,1,0,0,634.60689009999999
development01,R98-C2,EVENT-CORE,63,61,CORE,0,18,17,14,1,0,0,638.98712750000004
development01,R98-C2,EVENT-CORE,64,62,CORE,0,22,21,16,1,0,0,658.79989790000002
development01,R98-C2,EVENT-CORE,65,63,CORE,0,22,21,16,1,0,0,682.51250259999995
development01,R98-C2,EVENT-CORE,66,64,CORE,0,16,15,13,1,0,0,684.02659779999999
development01,R98-C2,EVENT-CORE,67,65,CORE,0,20,19,14,1,0,0,685.97180719999994
development01,R98-C2,EVENT-CORE,68,66,CORE,0,18,17,13,1,0,0,687.72887960000003
development01,R98-C2,EVENT-CORE,69,67,CORE,0,22,21,16,1,0,0,693.47387979999996
development01,R98-C2,EVENT-CORE,70,68,CORE,0,20,19,12,1,0,0,702.48127580000005
development01,R98-C2,EVENT-CORE,71,69,CORE,0,20,19,14,1,0,0,706.79987900000003
development01,R98-C2,EVENT-CORE,72,70,CORE,0,22,21,14,1,0,0,715.74787079999999
development01,R98-C2,EVENT-CORE,73,71,CORE,0,24,23,20,1,0,0,735.66405569999995
development01,R98-C2,EVENT-CORE,74,72,CORE,0,22,21,18,1,0,0,745.75855650000005
development01,R98-C2,EVENT-CORE,75,73,CORE,0,22,21,16,1,0,0,763.64807929999995
development01,R98-C2,EVENT-CORE,76,74,CORE,0,24,23,17,1,0,0,772.41071509999995
development01,R98-C2,EVENT-CORE,77,75,CORE,0,22,21,16,1,0,0,780.74619080000002
development01,R98-C2,EVENT-CORE,78,76,CORE,0,20,19,14,1,0,0,784.34354480000002
development01,R98-C2,EVENT-CORE,79,77,CORE,0,18,17,14,1,0,0,786.38115679999999
development01,R98-C2,EVENT-CORE,80,78,CORE,0,20,19,15,1,0,0,829.85950190000005
development01,R98-C2,EVENT-CORE,81,79,CORE,0,22,21,14,1,0,0,854.03704730000004
development01,R98-C2,EVENT-CORE,82,80,CORE,0,22,21,15,1,0,0,866.29022310000005
development01,R98-C2,EVENT-CORE,83,81,CORE,0,20,19,15,1,0,0,878.41473199999996
development01,R98-C2,EVENT-CORE,84,82,CORE,0,20,19,13,1,0,0,929.14327839999999
development01,R98-C2,EVENT-CORE,85,83,CORE,0,18,17,16,1,0,0,932.88448900000003
development01,R98-C2,EVENT-CORE,86,84,CORE,0,24,23,20,1,0,0,944.64245749999998
development01,R98-C2,EVENT-CORE,87,85,CORE,0,22,21,17,1,0,0,955.25815460000001
development01,R98-C2,EVENT-CORE,88,86,CORE,0,22,21,18,1,0,0,968.06741169999998
development01,R98-C2,EVENT-CORE,89,87,CORE,0,22,21,15,1,0,0,977.08086830000002
development01,R98-C2,EVENT-CORE,90,88,CORE,0,18,17,12,1,0,0,988.57305180000003
development01,R98-C2,EVENT-CORE,91,89,CORE,0,20,19,12,1,0,0,997.24539890000005
development01,R98-C2,EVENT-CORE,92,90,CORE,0,22,21,17,1,0,0,1020.6995821
development01,R98-C2,EVENT-CORE,93,91,CORE,0,22,21,15,1,0,0,1029.1802855000001
development01,R98-C2,EVENT-CORE,96,92,CORE,0,18.000000000000004,17,7,1.0000000000000036,0,0,1062.8676155000001
development01,R98-C2,EVENT-CORE,97,93,CORE,0,16,15,0,1,0,0,1082.9776079000001
development01,R98-C2,EVENT-CORE,98,94,CORE,0,18,17,5,1,0,0,1116.1372921
development01,R98-C2,EVENT-CORE,99,95,CORE,0,16,15,4,1,0,0,1126.2218421
development01,R98-C2,EVENT-CORE,100,96,CORE,0,22,21,11,1,0,0,1169.6544042999999
development01,R98-C2,EVENT-CORE,101,97,CORE,0,18,17,9,1,0,0,1174.0523791000001
development01,R98-C2,EVENT-CORE,102,98,CORE,0,18,17,6,1,0,0,1179.2215997000001
development01,R98-C2,EVENT-CORE,103,99,CORE,0,22,21,18,1,0,0,1215.7455070000001
development01,R98-C2,EVENT-CORE,104,100,CORE,0,22,21,17,1,0,0,1220.757881
development01,R98-C2,EVENT-CORE,105,101,CORE,0,18,17,12,1,0,0,1234.3056362
development01,R98-C2,EVENT-CORE,106,102,CORE,0,16,15,8,1,0,0,1246.4996962
development01,R98-C2,EVENT-CORE,107,103,CORE,0,16,15,10,1,0,0,1253.3775535
development01,R98-C2,EVENT-CORE,108,104,CORE,0,20,19,12,1,0,0,1255.6341895999999
development01,R98-C2,EVENT-CORE,109,105,CORE,0,20,19,13,1,0,0,1260.9080332000001
development01,R98-C2,EVENT-CORE,110,106,CORE,0,20,19,9,1,0,0,1263.4294487
development01,R98-C2,EVENT-CORE,111,107,CORE,0,22,21,16,1,0,0,1272.2725962
development01,R98-C2,EVENT-CORE,112,108,CORE,0,18,17,13,1,0,0,1273.6398953999999
development01,R98-C2,EVENT-CORE,113,109,CORE,0,20,19,2,1,0,0,1284.5776980000001
development01,R98-C2,EVENT-CORE,114,110,CORE,0,20,19,3,1,0,0,1293.1010532
development01,R98-C2,EVENT-CORE,115,111,CORE,0,18,17,2,1,0,0,1301.5209047999999
development01,R98-C2,EVENT-CORE,116,112,CORE,0,20.000000000000007,19,2,1.0000000000000071,0,0,1308.5179654999999
development01,R98-C2,EVENT-CORE,117,113,CORE,0,20.000000000000007,19,-1,1.0000000000000071,0,0,1318.1978312000001
development01,R98-C2,EVENT-CORE,118,114,CORE,0,16.000000000000007,15,2,1.0000000000000071,0,0,1327.4240044000001
development01,R98-C2,EVENT-CORE,119,115,CORE,0,18.000000000000011,17,0,1.0000000000000107,0,0,1337.4522753000001
development01,R98-C2,EVENT-CORE,120,116,CORE,0,20,19,0,1,0,0,1345.7552479000001
development01,R98-C2,EVENT-CORE,121,117,CORE,0,24,23,21,1,0,0,1362.8059992000001
development01,R98-C2,EVENT-CORE,122,118,CORE,0,20,19,15,1,0,0,1366.8860187
development01,R98-C2,EVENT-CORE,123,119,CORE,0,20,19,15,1,0,0,1372.8074042999999
development01,R98-C2,EVENT-CORE,124,120,CORE,0,18,17,7,1,0,0,1390.7190359000001
development01,R98-C2,EVENT-CORE,125,121,CORE,0,22,21,20,1,0,0,1446.7692982999999
development01,R98-C2,EVENT-CORE,126,122,CORE,0,20,19,18,1,0,0,1455.5834129
development01,R98-C2,EVENT-CORE,127,123,CORE,0,14,13,6,1,0,0,1465.8044086
development01,R98-C2,EVENT-CORE,128,124,FULL,0,16,15,8,1,0,0,1471.3790567000001
development01,R98-C2,EVENT-CORE,129,125,CORE,0,16,15,9,1,0,0,1478.3700712
development01,R98-C2,EVENT-CORE,130,126,CORE,0,14,13,0,1,0,0,1486.3845087
development01,R98-C2,EVENT-CORE,131,127,CORE,0,14,13,-1,1,0,0,1494.1775897
development01,R98-C2,EVENT-CORE,132,128,CORE,0,22,21,21,1,0,0,1504.7776388
development01,R98-C2,EVENT-CORE,133,129,CORE,0,18,17,11,1,0,0,1528.1758517999999
development01,R98-C2,EVENT-CORE,134,130,CORE,1,16,15,12,1,0,0,1541.7143905
development01,R98-C2,EVENT-CORE,135,131,CORE,0,18,17,11,1,0,0,1545.4438755000001
development01,R98-C2,EVENT-CORE,136,132,CORE,0,22,21,20,1,0,0,1571.8489516
development01,R98-C2,EVENT-CORE,137,133,CORE,0,22,21,19,1,0,0,1582.0788717999999
development01,R98-C2,EVENT-CORE,138,134,CORE,0,20,19,15,1,0,0,1592.6309034999999
development01,R98-C2,EVENT-CORE,139,135,CORE,1,18,17,11,1,0,0,1597.9192783000001
development01,R98-C2,EVENT-CORE,140,136,CORE,0,18,17,10,1,0,0,1604.1864846000001
development01,R98-C2,EVENT-CORE,141,137,CORE,0,14,13,7,1,0,0,1613.743473
development01,R98-C2,EVENT-CORE,142,138,CORE,0,22,21,11,1,0,0,1641.4873302000001
development01,R98-C2,EVENT-CORE,143,139,CORE,0,18,17,11,1,0,0,1656.4665413
development01,R98-C2,EVENT-CORE,144,140,CORE,0,14,13,1,1,0,0,1664.9536899
development01,R98-C2,EVENT-CORE,145,141,CORE,1,16,15,13,1,0,0,1690.6165229999999
development01,R98-C2,EVENT-CORE,146,142,CORE,0,20,19,12,1,0,0,1701.5420145999999
development01,R98-C2,EVENT-CORE,147,143,CORE,0,20,19,14,1,0,0,1713.0101996999999
development01,R98-C2,EVENT-CORE,148,144,CORE,0,16,15,8,1,0,0,1717.8815927999999
development01,R98-C2,EVENT-CORE,149,145,CORE,0,16,15,7,1,0,0,1745.1218554
development01,R98-C2,EVENT-CORE,150,146,FULL,0,20,19,2,1,0,0,1770.0128314999999
development01,R98-C2,EVENT-STRUCT,2,0,FULL,0,18,17,11,1,0,0,14.753861799999999
development01,R98-C2,EVENT-STRUCT,3,1,FULL,0,18,17,12,1,0,0,14.837265
development01,R98-C2,EVENT-STRUCT,4,2,FULL,0,18,17,12,1,0,0,14.9770422
development01,R98-C2,EVENT-STRUCT,5,3,A_MST,2,16097.513999999999,15914.595000099998,10931.675999999999,182.91899990000093,0,0,15.052380299999999
development01,R98-C2,EVENT-STRUCT,6,6,FULL,0,18,17,11,1,0,0,15.3037697
development01,R98-C2,EVENT-STRUCT,7,7,FULL,0,18,17,11,1,0,0,15.3710165
development01,R98-C2,EVENT-STRUCT,8,8,FULL,0,18,17,11,1,0,0,15.743702600000001
development01,R98-C2,EVENT-STRUCT,9,9,FULL,0,22,21,21,1,0,0,20.8611541
development01,R98-C2,EVENT-STRUCT,10,10,FULL,0,18,17,11,1,0,0,20.970429200000002
development01,R98-C2,EVENT-STRUCT,11,11,FULL,0,22,21,17,1,0,0,21.2471438
development01,R98-C2,EVENT-STRUCT,12,12,FULL,0,20,19,11,1,0,0,21.730234299999999
development01,R98-C2,EVENT-STRUCT,13,13,FULL,0,24,23,22,1,0,0,25.597554200000001
development01,R98-C2,EVENT-STRUCT,14,14,FULL,0,20,19,9,1,0,0,25.860750599999999
development01,R98-C2,EVENT-STRUCT,15,15,FULL,0,18,17,6,1,0,0,25.940331400000002
development01,R98-C2,EVENT-STRUCT,16,16,FULL,0,20,19,9,1,0,0,26.069996400000001
development01,R98-C2,EVENT-STRUCT,17,17,FULL,0,22,21,8,1,0,0,26.1738912
development01,R98-C2,EVENT-STRUCT,18,18,FULL,1,18,17,2,1,0,0,27.779084300000001
development01,R98-C2,EVENT-STRUCT,19,19,FULL,0,16,15,5,1,0,0,28.361511199999999
development01,R98-C2,EVENT-STRUCT,20,20,FULL,0,20,19,10,1,0,0,28.5811469
development01,R98-C2,EVENT-STRUCT,21,21,FULL,0,22,21,20,1,0,0,29.146065400000001
development01,R98-C2,EVENT-STRUCT,22,22,FULL,0,22,21,14,1,0,0,29.245196499999999
development01,R98-C2,EVENT-STRUCT,23,23,FULL,0,22,21,15,1,0,0,29.563566699999999
development01,R98-C2,EVENT-STRUCT,24,24,FULL,0,20,19,12,1,0,0,29.850437700000001
development01,R98-C2,EVENT-STRUCT,25,25,FULL,0,22,21,15,1,0,0,30.6866971
development01,R98-C2,EVENT-STRUCT,26,26,FULL,0,22,21,13,1,0,0,30.929722900000002
development01,R98-C2,EVENT-STRUCT,27,27,FULL,0,22,21,13,1,0,0,31.126362799999999
development01,R98-C2,EVENT-STRUCT,28,28,FULL,0,22,21,8,1,0,0,33.632587899999997
development01,R98-C2,EVENT-STRUCT,29,29,FULL,0,22,21,6,1,0,0,33.690867799999999
development01,R98-C2,EVENT-STRUCT,30,30,FULL,0,18,17,2,1,0,0,33.797955799999997
development01,R98-C2,EVENT-STRUCT,31,31,FULL,0,22,21,6,1,0,0,35.712674700000001
development01,R98-C2,EVENT-STRUCT,32,32,FULL,1,22,21,13,1,0,0,35.963390400000002
development01,R98-C2,EVENT-STRUCT,33,33,FULL,0,22,21,5,1,0,0,36.219470299999998
development01,R98-C2,EVENT-STRUCT,34,34,FULL,0,20,19,-7,1,0,0,37.303139700000003
development01,R98-C2,EVENT-STRUCT,35,35,FULL,1,20,19,6,1,0,0,37.525883100000001
development01,R98-C2,EVENT-STRUCT,36,36,FULL,1,20,19,6,1,0,0,37.712812300000003
development01,R98-C2,EVENT-STRUCT,37,37,FULL,1,20,19,5,1,0,0,37.855555199999998
development01,R98-C2,EVENT-STRUCT,38,38,FULL,0,22,21,13,1,0,0,39.713262800000003
development01,R98-C2,EVENT-STRUCT,39,39,FULL,0,20,19,9,1,0,0,39.837989
development01,R98-C2,EVENT-STRUCT,40,40,FULL,0,20,19,11,1,0,0,39.981732600000001
development01,R98-C2,EVENT-STRUCT,41,41,FULL,1,16,15,13,1,0,0,43.823687300000003
development01,R98-C2,EVENT-STRUCT,42,42,FULL,0,22,21,15,1,0,0,44.130645700000002
development01,R98-C2,EVENT-STRUCT,43,43,FULL,0,16,15,10,1,0,0,44.309541500000002
development01,R98-C2,EVENT-STRUCT,44,44,FULL,1,16,15,14,1,0,0,47.2408097
development01,R98-C2,EVENT-STRUCT,45,45,FULL,0,22,21,19,1,0,0,47.392122200000003
development01,R98-C2,EVENT-STRUCT,46,46,FULL,0,22,21,19,1,0,0,47.647545000000001
development01,R98-C2,EVENT-STRUCT,47,47,FULL,0,20,19,16,1,0,0,49.1009089
development01,R98-C2,EVENT-STRUCT,48,48,FULL,0,20,19,9,1,0,0,50.539644699999997
development01,R98-C2,EVENT-STRUCT,49,49,FULL,0,20,19,11,1,0,0,51.515222600000001
development01,R98-C2,EVENT-STRUCT,50,50,FULL,0,19.999999999999996,19,13,0.99999999999999645,0,0,52.3465542
development01,R98-C2,EVENT-STRUCT,51,51,FULL,0,19.999999999999996,19,9,0.99999999999999645,0,0,54.0268807
development01,R98-C2,EVENT-STRUCT,52,52,FULL,0,20,19,9,1,0,0,56.530420999999997
development01,R98-C2,EVENT-STRUCT,53,53,FULL,0,17.999999999999993,17,3,0.99999999999999289,0,0,62.7569266
development01,R98-C2,EVENT-STRUCT,54,54,FULL,0,17.999999999999993,17,3,0.99999999999999289,0,0,62.9602492
development01,R98-C2,EVENT-STRUCT,55,55,FULL,0,17.999999999999993,17,2,0.99999999999999289,0,0,63.047145800000003
development01,R98-C2,EVENT-STRUCT,56,56,FULL,0,18.000000000000007,17,3,1.0000000000000071,0,0,63.116864800000002
development01,R98-C2,EVENT-STRUCT,57,57,FULL,0,18,17,11,1,0,0,64.992640699999995
development01,R98-C2,EVENT-STRUCT,58,58,FULL,0,22,21,12,1,0,0,65.367619500000004
development01,R98-C2,EVENT-STRUCT,59,59,FULL,0,20,19,13,1,0,0,65.520882999999998
development01,R98-C2,EVENT-STRUCT,60,60,FULL,0,20,19,13,1,0,0,66.163057300000006
development01,R98-C2,EVENT-STRUCT,61,61,FULL,0,22,21,21,1,0,0,71.656468700000005
development01,R98-C2,EVENT-STRUCT,62,62,FULL,0,18,17,9,1,0,0,72.793018799999999
development01,R98-C2,EVENT-STRUCT,63,63,FULL,0,18,17,5,1,0,0,72.996303499999996
development01,R98-C2,EVENT-STRUCT,64,64,FULL,0,18,17,6,1,0,0,73.1538161
development01,R98-C2,EVENT-STRUCT,65,65,FULL,0,18,17,7,1,0,0,73.721191599999997
development01,R98-C2,EVENT-STRUCT,66,66,FULL,0,22,21,21,1,0,0,78.864414499999995
development01,R98-C2,EVENT-STRUCT,67,67,FULL,2,18,17,14,1,0,0,86.347928199999998
development01,R98-C2,EVENT-STRUCT,68,68,FULL,0,22,21,14,1,0,0,86.545590399999995
development01,R98-C2,EVENT-STRUCT,69,69,FULL,0,22,21,15,1,0,0,86.685507900000005
development01,R98-C2,EVENT-STRUCT,70,70,FULL,0,22,21,15,1,0,0,86.813480299999995
development01,R98-C2,EVENT-STRUCT,71,71,FULL,0,22,21,21,1,0,0,91.078237400000006
development01,R98-C2,EVENT-STRUCT,72,72,FULL,0,22,21,21,1,0,0,91.199265999999994
development01,R98-C2,EVENT-STRUCT,73,73,FULL,0,22,21,20,1,0,0,91.618409400000004
development01,R98-C2,EVENT-STRUCT,74,74,FULL,0,20,19,18,1,0,0,91.766521900000001
development01,R98-C2,EVENT-STRUCT,75,75,FULL,0,20,19,18,1,0,0,91.914315400000007
development01,R98-C2,EVENT-STRUCT,76,76,FULL,0,20,19,17,1,0,0,92.080051299999994
development01,R98-C2,EVENT-STRUCT,77,77,FULL,0,22.000000000000064,21,21,1.0000000000000639,0,0,93.564746099999994
development01,R98-C2,EVENT-STRUCT,78,78,FULL,0,24,23,21,1,0,0,93.657678899999993
development01,R98-C2,EVENT-STRUCT,79,79,FULL,0,24,23,21,1,0,0,93.747934299999997
development01,R98-C2,EVENT-STRUCT,80,80,FULL,0,24,23,21,1,0,0,93.976329800000002
development01,R98-C2,EVENT-STRUCT,81,81,FULL,0,20,19,14,1,0,0,94.041804099999993
development01,R98-C2,EVENT-STRUCT,82,82,FULL,0,22,21,15,1,0,0,94.217221600000002
development01,R98-C2,EVENT-STRUCT,83,83,FULL,0,22,21,15,1,0,0,94.336148100000003
development01,R98-C2,EVENT-STRUCT,84,84,FULL,0,22,21,15,1,0,0,94.525654200000005
development01,R98-C2,EVENT-STRUCT,85,85,FULL,0,22,21,17,1,0,0,94.6658233
development01,R98-C2,EVENT-STRUCT,86,86,FULL,0,22,21,15,1,0,0,95.646385199999997
development01,R98-C2,EVENT-STRUCT,87,87,FULL,0,22,21,20,1,0,0,107.2910395
development01,R98-C2,EVENT-STRUCT,88,88,FULL,0,22,21,20,1,0,0,107.3831405
development01,R98-C2,EVENT-STRUCT,89,89,FULL,2,20,19,17,1,0,0,107.5444093
development01,R98-C2,EVENT-STRUCT,90,90,A_MST,1,20772.419999999998,20210.350000099999,13768.279999999999,562.06999989999895,0,0,108.75177619999999
development01,R98-C2,EVENT-STRUCT,91,93,FULL,2,18,17,15,1,0,0,110.2227597
development01,R98-C2,EVENT-STRUCT,92,94,FULL,0,22,21,21,1,0,0,110.3574405
development01,R98-C2,EVENT-STRUCT,93,95,FULL,0,22,21,20,1,0,0,110.52097860000001
development01,R98-C2,EVENT-STRUCT,94,96,FULL,0,19.999999999999993,19,13,0.99999999999999289,0,0,110.72411289999999
development01,R98-C2,EVENT-STRUCT,95,97,FULL,0,20,19,12,1,0,0,111.0494356
development01,R98-C2,EVENT-STRUCT,96,98,FULL,0,18,17,10,1,0,0,111.3070245
development01,R98-C2,EVENT-STRUCT,97,99,FULL,1,20,19,13,1,0,0,111.9669174
development01,R98-C2,EVENT-STRUCT,98,100,A_MST,1,13751.854999999998,13593.484000099999,7435.1129999999994,158.37099989999842,0,0,115.4914832
development01,R98-C2,EVENT-STRUCT,99,103,FULL,0,18,17,5,1,0,0,115.8059882
development01,R98-C2,EVENT-STRUCT,100,104,FULL,0,22,21,11,1,0,0,116.2558264
development01,R98-C2,EVENT-STRUCT,101,105,FULL,0,18,17,9,1,0,0,121.14810369999999
development01,R98-C2,EVENT-STRUCT,102,106,FULL,0,18,17,5,1,0,0,121.49489939999999
development01,R98-C2,EVENT-STRUCT,103,107,FULL,0,22,21,3,1,0,0,125.7141824
development01,R98-C2,EVENT-STRUCT,104,108,FULL,0,18,17,6,1,0,0,126.8732962
development01,R98-C2,EVENT-STRUCT,105,109,FULL,0,18,17,6,1,0,0,126.9846795
development01,R98-C2,EVENT-STRUCT,106,110,FULL,0,20,19,7,1,0,0,128.03429919999999
development01,R98-C2,EVENT-STRUCT,107,111,A_MST,1,14319.079999999998,14239.2640001,5079.6319999999996,79.815999899998133,0,0,131.03632930000001
development01,R98-C2,EVENT-STRUCT,108,114,FULL,0,20,19,2,1,0,0,131.4826166
development01,R98-C2,EVENT-STRUCT,109,115,FULL,0,20,19,-1,1,0,0,131.57601700000001
development01,R98-C2,EVENT-STRUCT,110,116,FULL,0,22,21,2,1,0,0,131.6315779
development01,R98-C2,EVENT-STRUCT,114,117,FULL,0,18,17,-2,1,0,0,143.3074609
development01,R98-C2,EVENT-STRUCT,115,118,FULL,0,20,19,6,1,0,0,149.81193730000001
development01,R98-C2,EVENT-STRUCT,116,119,FULL,0,18,17,5,1,0,0,149.93958889999999
development01,R98-C2,EVENT-STRUCT,117,120,FULL,0,18,17,6,1,0,0,150.11845729999999
development01,R98-C2,EVENT-STRUCT,118,121,A_MST,2,15367.089999999998,15365.672000099999,9244.253999999999,1.4179998999989039,0,0,159.68249689999999
development01,R98-C2,EVENT-STRUCT,119,124,A_MST,2,15547.699999999997,15414.160000099997,6507.079999999999,133.53999990000011,0,0,159.72734460000001
development01,R98-C2,EVENT-STRUCT,120,127,FULL,0,18,17,8,1,0,0,162.6687981
development01,R98-C2,EVENT-STRUCT,121,128,FULL,0,18,17,9,1,0,0,162.75114260000001
development01,R98-C2,EVENT-STRUCT,122,129,FULL,0,22,21,15,1,0,0,163.63396499999999
development01,R98-C2,EVENT-STRUCT,123,130,FULL,0,24,23,21,1,0,0,171.89797530000001
development01,R98-C2,EVENT-STRUCT,124,131,FULL,0,24,23,18,1,0,0,172.03753399999999
development01,R98-C2,EVENT-STRUCT,125,132,FULL,0,22,21,17,1,0,0,172.21539859999999
development01,R98-C2,EVENT-STRUCT,126,133,FULL,0,22,21,17,1,0,0,177.6623798
development01,R98-C2,EVENT-STRUCT,127,134,FULL,0,18,17,11,1,0,0,177.9750468
development01,R98-C2,EVENT-STRUCT,128,135,FULL,0,18,17,10,1,0,0,178.1423255
development01,R98-C2,EVENT-STRUCT,129,136,FULL,0,18,17,5,1,0,0,178.61697559999999
development01,R98-C2,EVENT-STRUCT,130,137,FULL,0,20,19,8,1,0,0,178.75695350000001
development01,R98-C2,EVENT-STRUCT,131,138,FULL,0,20,19,12,1,0,0,188.17634419999999
development01,R98-C2,EVENT-STRUCT,132,139,FULL,0,20,19,12,1,0,0,188.2369856
development01,R98-C2,EVENT-STRUCT,133,140,FULL,0,20,19,6,1,0,0,188.33143190000001
development01,R98-C2,EVENT-STRUCT,134,141,FULL,0,22,21,11,1,0,0,189.356607
development01,R98-C2,EVENT-STRUCT,135,142,FULL,0,16,15,-3,1,0,0,195.40019989999999
development01,R98-C2,EVENT-STRUCT,136,143,FULL,0,17.999999999999996,17,-1,0.99999999999999645,0,0,195.68876090000001
development01,R98-C2,EVENT-STRUCT,137,144,FULL,0,18,17,-1,1,0,0,195.74566590000001
development01,R98-C2,EVENT-STRUCT,138,145,FULL,0,18,17,-1,1,0,0,195.81237100000001
development01,R98-C2,EVENT-STRUCT,139,146,FULL,0,18,17,-1,1,0,0,195.90400349999999
development01,R98-C2,EVENT-STRUCT,140,147,FULL,0,18,17,-2,1,0,0,195.99558329999999
development01,R98-C2,EVENT-STRUCT,141,148,FULL,0,18,17,-2,1,0,0,196.06096249999999
development01,R98-C2,EVENT-STRUCT,142,149,FULL,0,18,17,-2,1,0,0,196.15400059999999
development01,R98-C2,EVENT-STRUCT,143,150,FULL,0,18,17,-2,1,0,0,196.2199033
development01,R98-C2,EVENT-STRUCT,144,151,FULL,0,18,17,-2,1,0,0,196.28748229999999
development01,R98-C2,EVENT-STRUCT,145,152,FULL,0,18,17,-2,1,0,0,196.38083789999999
development01,R98-C2,EVENT-STRUCT,146,153,FULL,0,18,17,-2,1,0,0,196.44774949999999
development01,R98-C2,EVENT-STRUCT,147,154,FULL,0,18,17,-2,1,0,0,196.5164599
development01,R98-C2,EVENT-STRUCT,148,155,FULL,0,18,17,-2,1,0,0,196.58718540000001
development01,R98-C2,EVENT-STRUCT,149,156,FULL,0,18,17,-2,1,0,0,196.6553404
development01,R98-C2,EVENT-STRUCT,150,157,FULL,0,18,17,-2,1,0,0,196.7329034
development01,R98-C2,EVENT-STRUCT,153,158,FULL,0,22,21,17,1,0,0,199.3737342
development01,R98-C2,EVENT-STRUCT,154,159,FULL,0,22,21,20,1,0,0,199.64192120000001
development01,R98-C2,EVENT-STRUCT,155,160,FULL,2,20,19,13,1,0,0,199.87008309999999
development01,R98-C2,EVENT-STRUCT,156,161,FULL,2,18,17,14,1,0,0,199.9764682
development01,R98-C2,EVENT-STRUCT,157,162,FULL,0,24.000000000000007,23,19,1.0000000000000071,0,0,200.79641580000001
development01,R98-C2,EVENT-STRUCT,158,163,FULL,0,22,21,15,1,0,0,204.0526721
development01,R98-C2,EVENT-STRUCT,159,164,FULL,1,20,19,13,1,0,0,204.4083263
development01,R98-C2,EVENT-STRUCT,160,165,FULL,0,22,21,13,1,0,0,205.08120170000001
development01,R98-C2,EVENT-STRUCT,161,166,FULL,0,20,19,10,1,0,0,215.00731239999999
development01,R98-C2,EVENT-STRUCT,162,167,FULL,0,18,17,11,1,0,0,215.59647440000001
development01,R98-C2,EVENT-STRUCT,163,168,FULL,0,20,19,9,1,0,0,215.77227569999999
development01,R98-C2,EVENT-STRUCT,164,169,FULL,0,20,19,10,1,0,0,215.8829404
development01,R98-C2,EVENT-STRUCT,165,170,FULL,1,18,17,5,1,0,0,216.00402270000001
development01,R98-C2,EVENT-STRUCT,166,171,A_MST,2,12115.029999999999,12092.024000099998,6669.0179999999991,23.005999900000461,0,0,226.3543703
development01,R98-C2,EVENT-STRUCT,167,174,FULL,1,14,13,7,1,0,0,226.6670168
development01,R98-C2,EVENT-STRUCT,168,175,FULL,0,21.999999999999996,21,12,0.99999999999999645,0,0,228.15589249999999
development01,R98-C2,EVENT-STRUCT,169,176,FULL,0,22,21,12,1,0,0,228.3200842
development01,R98-C2,EVENT-STRUCT,170,177,FULL,1,20,19,1,1,0,0,236.50789850000001
development01,R98-C2,EVENT-STRUCT,171,178,A_MST,2,14807.729999999998,14726.184000099998,5563.0919999999996,81.545999899999515,0,0,236.64995519999999
development01,R98-C2,EVENT-STRUCT,172,181,FULL,0,20,19,16,1,0,0,244.51653189999999
development01,R98-C2,EVENT-STRUCT,173,182,FULL,0,20,19,3,1,0,0,244.8793484
development01,R98-C2,EVENT-STRUCT,174,183,FULL,0,22,21,6,1,0,0,245.06150400000001
development01,R98-C2,EVENT-STRUCT,175,184,FULL,0,22,21,8,1,0,0,246.0202109
development01,R98-C2,EVENT-STRUCT,176,185,FULL,0,20,19,2,1,0,0,247.50912199999999
development01,R98-C2,EVENT-STRUCT,177,186,FULL,0,22,21,3,1,0,0,247.7888375
development01,R98-C2,EVENT-STRUCT,178,187,FULL,1,18,17,12,1,0,0,254.4595937
development01,R98-C2,EVENT-STRUCT,179,188,FULL,1,18,17,11,1,0,0,254.59324789999999
development01,R98-C2,EVENT-STRUCT,180,189,FULL,0,16,15,9,1,0,0,254.73580079999999
development01,R98-C2,EVENT-STRUCT,181,190,FULL,0,20,19,13,1,0,0,254.8193981
development01,R98-C2,EVENT-STRUCT,182,191,FULL,0,20,19,13,1,0,0,256.0752038
development01,R98-C2,EVENT-STRUCT,183,192,FULL,0,22,21,16,1,0,0,256.14094890000001
development01,R98-C2,EVENT-STRUCT,184,193,FULL,0,18,17,1,1,0,0,263.25696859999999
development01,R98-C2,EVENT-STRUCT,185,194,FULL,0,20,19,3,1,0,0,263.44719700000002
development01,R98-C2,EVENT-STRUCT,186,195,FULL,0,20.000000000000004,19,3,1.0000000000000036,0,0,263.6318278
development01,R98-C2,EVENT-STRUCT,187,196,FULL,0,20.000000000000004,19,3,1.0000000000000036,0,0,263.69849269999997
development01,R98-C2,EVENT-STRUCT,188,197,FULL,0,20,19,3,1,0,0,263.83044150000001
development01,R98-C2,EVENT-STRUCT,189,198,FULL,0,20,19,1,1,0,0,263.94841919999999
development01,R98-C2,EVENT-STRUCT,190,199,FULL,0,20,19,1,1,0,0,264.05627140000001
development01,R98-C2,EVENT-STRUCT,191,200,FULL,0,20,19,2,1,0,0,264.1598219
development01,R98-C2,EVENT-STRUCT,192,201,FULL,0,20,19,1,1,0,0,264.22123570000002
development01,R98-C2,EVENT-STRUCT,193,202,FULL,0,20,19,1,1,0,0,264.28003080000002
development01,R98-C2,EVENT-STRUCT,194,203,FULL,0,20,19,2,1,0,0,264.38741010000001
development01,R98-C2,EVENT-STRUCT,195,204,FULL,0,20,19,1,1,0,0,264.44953079999999
development01,R98-C2,EVENT-STRUCT,196,205,FULL,0,20,19,1,1,0,0,264.5134281
development01,R98-C2,EVENT-STRUCT,197,206,FULL,0,20,19,1,1,0,0,264.61927919999999
development01,R98-C2,EVENT-STRUCT,198,207,FULL,0,20,19,1,1,0,0,264.69186619999999
development01,R98-C2,EVENT-STRUCT,199,208,FULL,0,19.999999999999993,19,1,0.99999999999999289,0,0,264.76094899999998
development01,R98-C2,EVENT-STRUCT,200,209,FULL,0,20,19,2,1,0,0,264.86518109999997
development01,R98-C2,EVENT-STRUCT,201,210,FULL,0,20,19,7,1,0,0,268.94479039999999
development01,R98-C2,EVENT-STRUCT,202,211,FULL,0,18,17,5,1,0,0,269.55617669999998
development01,R98-C2,EVENT-STRUCT,203,212,FULL,0,20,19,13,1,0,0,273.44135390000002
development01,R98-C2,EVENT-STRUCT,204,213,FULL,0,20,19,12,1,0,0,273.57550409999999
development01,R98-C2,EVENT-STRUCT,205,214,FULL,0,22,21,15,1,0,0,273.71363300000002
development01,R98-C2,EVENT-STRUCT,206,215,FULL,0,20,19,12,1,0,0,274.5929453
development01,R98-C2,EVENT-STRUCT,207,216,FULL,0,16,15,-1,1,0,0,282.53725730000002
development01,R98-C2,EVENT-STRUCT,208,217,FULL,2,20,19,15,1,0,0,286.42818060000002
development01,R98-C2,EVENT-STRUCT,209,218,FULL,2,20,19,15,1,0,0,286.60705890000003
development01,R98-C2,EVENT-STRUCT,210,219,FULL,0,20,19,12,1,0,0,287.01139990000001
development01,R98-C2,EVENT-STRUCT,211,220,FULL,0,22,21,16,1,0,0,287.1506435
development01,R98-C2,EVENT-STRUCT,212,221,FULL,0,24,23,16,1,0,0,287.29052389999998
development01,R98-C2,EVENT-STRUCT,213,222,FULL,0,22,21,18,1,0,0,289.20539389999999
development01,R98-C2,EVENT-STRUCT,214,223,FULL,0,22,21,-2,1,0,0,304.5360652
development01,R98-C2,EVENT-STRUCT,215,224,FULL,0,22,21,-3,1,0,0,304.97228569999999
development01,R98-C2,EVENT-STRUCT,216,225,FULL,0,22.000000000000004,21,-2,1.0000000000000036,0,0,305.03282999999999
development01,R98-C2,EVENT-STRUCT,217,226,FULL,0,22,21,-3,1,0,0,305.1307286
development01,R98-C2,EVENT-STRUCT,218,227,FULL,0,22.000000000000007,21,-3,1.0000000000000071,0,0,305.21293450000002
development01,R98-C2,EVENT-STRUCT,219,228,FULL,0,20,19,-3,1,0,0,305.29109529999999
development01,R98-C2,EVENT-STRUCT,220,229,FULL,0,22.000000000000007,21,-3,1.0000000000000071,0,0,305.3696635
development01,R98-C2,EVENT-STRUCT,221,230,FULL,0,22.000000000000007,21,-3,1.0000000000000071,0,0,305.44710730000003
development01,R98-C2,EVENT-STRUCT,222,231,FULL,0,18,17,8,1,0,0,308.74824510000002
development01,R98-C2,EVENT-STRUCT,223,232,FULL,0,18,17,12,1,0,0,309.71138330000002
development01,R98-C2,EVENT-STRUCT,224,233,FULL,1,18,17,11,1,0,0,309.97261529999997
development01,R98-C2,EVENT-STRUCT,225,234,FULL,1,18,17,14,1,0,0,310.43024830000002
development01,R98-C2,EVENT-STRUCT,226,235,FULL,0,18,17,9,1,0,0,310.81540819999998
development01,R98-C2,EVENT-STRUCT,227,236,FULL,0,18,17,10,1,0,0,311.3083924
development01,R98-C2,EVENT-STRUCT,228,237,FULL,0,18,17,8,1,0,0,312.19976309999998
development01,R98-C2,EVENT-STRUCT,229,238,FULL,0,22,21,20,1,0,0,316.45356390000001
development01,R98-C2,EVENT-STRUCT,230,239,FULL,0,26,25,18,1,0,0,316.68090669999998
development01,R98-C2,EVENT-STRUCT,231,240,FULL,0,24,23,14,1,0,0,318.1346034
development01,R98-C2,EVENT-STRUCT,232,241,FULL,0,24,23,15,1,0,0,318.6421618
development01,R98-C2,EVENT-STRUCT,233,242,FULL,0,22,21,9,1,0,0,319.2361128
development01,R98-C2,EVENT-STRUCT,234,243,FULL,0,22,21,9,1,0,0,319.46124529999997
development01,R98-C2,EVENT-STRUCT,235,244,FULL,0,16,15,3,1,0,0,332.40609920000003
development01,R98-C2,EVENT-STRUCT,236,245,FULL,0,18,17,7,1,0,0,334.9287109
development01,R98-C2,EVENT-STRUCT,237,246,FULL,0,18,17,6,1,0,0,335.07717839999998
development01,R98-C2,EVENT-STRUCT,238,247,FULL,0,18,17,8,1,0,0,335.20084000000003
development01,R98-C2,EVENT-STRUCT,239,248,FULL,0,18,17,6,1,0,0,335.26793500000002
development01,R98-C2,EVENT-STRUCT,240,249,FULL,0,18,17,6,1,0,0,335.51740239999998
development01,R98-C2,EVENT-STRUCT,241,250,FULL,0,18,17,5,1,0,0,335.65800610000002
development01,R98-C2,EVENT-STRUCT,242,251,FULL,0,18,17,6,1,0,0,336.14874830000002
development01,R98-C2,EVENT-STRUCT,243,252,FULL,0,18,17,2,1,0,0,338.82349970000001
development01,R98-C2,EVENT-STRUCT,244,253,FULL,0,18,17,1,1,0,0,338.92457510000003
development01,R98-C2,EVENT-STRUCT,245,254,FULL,0,18,17,1,1,0,0,339.01821280000001
development01,R98-C2,EVENT-STRUCT,246,255,A_MST,0,13481.579999999998,13473.2640001,5056.6319999999996,8.3159998999981326,0,0,339.05067480000002
development01,R98-C2,EVENT-STRUCT,247,258,FULL,0,18,17,2,1,0,0,339.13308540000003
development01,R98-C2,EVENT-STRUCT,248,259,FULL,0,19.999999999999996,19,2,0.99999999999999645,0,0,339.20225540000001
development01,R98-C2,EVENT-STRUCT,249,260,FULL,2,18,17,13,1,0,0,345.55671710000001
development01,R98-C2,EVENT-STRUCT,250,261,FULL,0,18,17,10,1,0,0,345.7318381
development01,R98-C2,EVENT-STRUCT,251,262,FULL,0,22,21,16,1,0,0,345.7872964
development01,R98-C2,EVENT-STRUCT,252,263,FULL,0,16,15,5,1,0,0,346.24586390000002
development01,R98-C2,EVENT-STRUCT,253,264,FULL,0,18,17,9,1,0,0,346.54021299999999
development01,R98-C2,EVENT-STRUCT,254,265,FULL,0,20,19,12,1,0,0,347.06606590000001
development01,R98-C2,EVENT-STRUCT,255,266,FULL,0,18,17,9,1,0,0,347.3452747
development01,R98-C2,EVENT-STRUCT,256,267,FULL,0,16,15,2,1,0,0,348.08616019999999
development01,R98-C2,EVENT-STRUCT,257,268,FULL,0,16,15,-2,1,0,0,352.39389269999998
development01,R98-C2,EVENT-STRUCT,258,269,FULL,0,16,15,-2,1,0,0,352.81687040000003
development01,R98-C2,EVENT-STRUCT,259,270,FULL,0,15.999999999999998,15,-3,0.99999999999999822,0,0,353.14812189999998
development01,R98-C2,EVENT-STRUCT,260,271,FULL,0,20,19,0,1,0,0,356.82386589999999
development01,R98-C2,EVENT-STRUCT,261,272,FULL,0,20,19,0,1,0,0,357.66110049999997
development01,R98-C2,EVENT-STRUCT,262,273,FULL,0,20.000000000000004,19,-1,1.0000000000000036,0,0,357.79582799999997
development01,R98-C2,EVENT-STRUCT,263,274,FULL,0,20,19,0,1,0,0,357.9108205
development01,R98-C2,EVENT-STRUCT,264,275,FULL,0,20.000000000000004,19,-2,1.0000000000000036,0,0,358.04215190000002
development01,R98-C2,EVENT-STRUCT,265,276,FULL,0,20,19,-1,1,0,0,358.13879009999999
development01,R98-C2,EVENT-STRUCT,266,277,FULL,0,20.000000000000004,19,-2,1.0000000000000036,0,0,358.27368389999998
development01,R98-C2,EVENT-STRUCT,267,278,FULL,0,20,19,-1,1,0,0,358.3638967
development01,R98-C2,EVENT-STRUCT,268,279,FULL,0,20.000000000000004,19,-2,1.0000000000000036,0,0,358.51031380000001
development01,R98-C2,EVENT-STRUCT,269,280,FULL,0,20,19,-2,1,0,0,358.57626950000002
development01,R98-C2,EVENT-STRUCT,270,281,FULL,0,20,19,-3,1,0,0,358.63934069999999
development01,R98-C2,EVENT-STRUCT,271,282,FULL,0,20,19,-2,1,0,0,358.76941579999999
development01,R98-C2,EVENT-STRUCT,272,283,FULL,0,20.000000000000007,19,-3,1.0000000000000071,0,0,358.839675
development01,R98-C2,EVENT-STRUCT,273,284,FULL,0,20.000000000000007,19,-3,1.0000000000000071,0,0,358.90349709999998
development01,R98-C2,EVENT-STRUCT,274,285,FULL,0,19.999999999999993,19,-2,0.99999999999999289,0,0,359.08253180000003
development01,R98-C2,EVENT-STRUCT,275,286,FULL,0,20.000000000000004,19,-2,1.0000000000000036,0,0,359.14379639999999
development01,R98-C2,EVENT-STRUCT,276,287,FULL,0,20.000000000000004,19,-3,1.0000000000000036,0,0,359.21999410000001
development01,R98-C2,EVENT-STRUCT,277,288,FULL,0,20,19,-2,1,0,0,359.52042390000003
development01,R98-C2,EVENT-STRUCT,278,289,FULL,0,20,19,-2,1,0,0,359.6095191
development01,R98-C2,EVENT-STRUCT,279,290,FULL,0,20,19,-3,1,0,0,359.67222090000001
development01,R98-C2,EVENT-STRUCT,280,291,FULL,0,20,19,-3,1,0,0,359.7425609
development01,R98-C2,EVENT-STRUCT,281,292,FULL,0,18,17,2,1,0,0,366.29897510000001
development01,R98-C2,EVENT-STRUCT,282,293,FULL,0,17.999999999999986,17,1,0.99999999999998579,0,0,367.02005659999998
development01,R98-C2,EVENT-STRUCT,283,294,FULL,0,17.999999999999996,17,1,0.99999999999999645,0,0,367.32084650000002
development01,R98-C2,EVENT-STRUCT,284,295,FULL,0,17.999999999999996,17,0,0.99999999999999645,0,0,367.71510460000002
development01,R98-C2,EVENT-STRUCT,285,296,FULL,0,17.999999999999996,17,0,0.99999999999999645,0,0,367.84454979999998
development01,R98-C2,EVENT-STRUCT,286,297,FULL,0,17.999999999999996,17,0,0.99999999999999645,0,0,368.0541973
development01,R98-C2,EVENT-STRUCT,287,298,FULL,0,21.999999999999993,21,11,0.99999999999999289,0,0,368.85245279999998
development01,R98-C2,EVENT-STRUCT,288,299,A_MST,0,18859.473999999998,18736.6920001,13453.909999999998,122.78199989999848,0,0,370.5521708
development01,R98-C2,EVENT-STRUCT,289,302,FULL,1,20,19,14,1,0,0,370.71542440000002
development01,R98-C2,EVENT-STRUCT,290,303,FULL,0,18,17,10,1,0,0,371.74821179999998
development01,R98-C2,EVENT-STRUCT,291,304,FULL,1,18,17,10,1,0,0,371.99290100000002
development01,R98-C2,EVENT-STRUCT,292,305,FULL,0,16,15,8,1,0,0,372.27119570000002
development01,R98-C2,EVENT-STRUCT,293,306,FULL,0,16,15,8,1,0,0,372.3521753
development01,R98-C2,EVENT-STRUCT,294,307,FULL,0,18,17,10,1,0,0,374.12262629999998
development01,R98-C2,EVENT-STRUCT,295,308,FULL,0,18,17,3,1,0,0,375.80058589999999
development01,R98-C2,EVENT-STRUCT,296,309,FULL,0,18,17,3,1,0,0,375.93709059999998
development01,R98-C2,EVENT-STRUCT,297,310,FULL,0,17.999999999999996,17,2,0.99999999999999645,0,0,376.19407799999999
development01,R98-C2,EVENT-STRUCT,298,311,FULL,0,18.000000000000007,17,2,1.0000000000000071,0,0,376.26330339999998
development01,R98-C2,EVENT-STRUCT,299,312,FULL,0,17.999999999999996,17,2,0.99999999999999645,0,0,376.34554059999999
development01,R98-C2,EVENT-STRUCT,300,313,FULL,0,18,17,1,1,0,0,376.41762990000001
development01,R98-C2,EVENT-STRUCT,301,314,FULL,0,18,17,1,1,0,0,376.47694039999999
development01,R98-C2,EVENT-STRUCT,302,315,FULL,0,18,17,2,1,0,0,376.56620090000001
development01,R98-C2,EVENT-STRUCT,303,316,FULL,0,18,17,1,1,0,0,376.6745631
development01,R98-C2,EVENT-STRUCT,304,317,FULL,0,18.000000000000007,17,1,1.0000000000000071,0,0,376.73332140000002
development01,R98-C2,EVENT-STRUCT,305,318,FULL,0,18,17,0,1,0,0,376.82535860000002
development01,R98-C2,EVENT-STRUCT,306,319,FULL,0,18,17,1,1,0,0,376.88778000000002
development01,R98-C2,EVENT-STRUCT,307,320,FULL,0,18,17,0,1,0,0,376.95581679999998
development01,R98-C2,EVENT-STRUCT,308,321,FULL,0,18,17,1,1,0,0,377.01560940000002
development01,R98-C2,EVENT-STRUCT,309,322,FULL,0,18,17,0,1,0,0,377.23071349999998
development01,R98-C2,EVENT-STRUCT,310,323,FULL,0,18.000000000000011,17,-1,1.0000000000000107,0,0,377.31046609999999
development01,R98-C2,EVENT-STRUCT,311,324,FULL,0,18,17,-2,1,0,0,377.39885559999999
development01,R98-C2,EVENT-STRUCT,312,325,FULL,0,18,17,0,1,0,0,377.4616494
development01,R98-C2,EVENT-STRUCT,313,326,FULL,0,18,17,-1,1,0,0,382.07215100000002
development01,R98-C2,EVENT-STRUCT,314,327,FULL,0,18,17,-1,1,0,0,382.45235300000002
development01,R98-C2,EVENT-STRUCT,315,328,FULL,0,17.999999999999993,17,-1,0.99999999999999289,0,0,382.53716530000003
development01,R98-C2,EVENT-STRUCT,316,329,FULL,0,18,17,-2,1,0,0,382.71060499999999
development01,R98-C2,EVENT-STRUCT,317,330,FULL,0,18.000000000000007,17,-2,1.0000000000000071,0,0,382.83055789999997
development01,R98-C2,EVENT-STRUCT,318,331,FULL,0,18,17,-2,1,0,0,382.89297800000003
development01,R98-C2,EVENT-STRUCT,319,332,FULL,0,18,17,-3,1,0,0,383.02363810000003
development01,R98-C2,EVENT-STRUCT,320,333,FULL,0,17.999999999999996,17,-3,0.99999999999999645,0,0,383.08782939999998
development01,R98-C2,EVENT-STRUCT,321,334,FULL,0,18,17,-3,1,0,0,383.15019539999997
development01,R98-C2,EVENT-STRUCT,322,335,FULL,0,18,17,-3,1,0,0,383.21748580000002
development01,R98-C2,EVENT-STRUCT,323,336,FULL,0,18,17,-3,1,0,0,383.27766150000002
development01,R98-C2,EVENT-STRUCT,324,337,FULL,0,18,17,-3,1,0,0,383.34264259999998
development01,R98-C2,EVENT-STRUCT,325,338,FULL,0,18,17,-3,1,0,0,383.43327210000001
development01,R98-C2,EVENT-STRUCT,326,339,FULL,0,18,17,-2,1,0,0,383.51471959999998
development01,R98-C2,EVENT-STRUCT,327,340,FULL,0,18,17,-3,1,0,0,383.57455440000001
development01,R98-C2,EVENT-STRUCT,328,341,FULL,0,20,19,0,1,0,0,383.87898259999997
development01,R98-C2,EVENT-STRUCT,329,342,FULL,0,20.000000000000007,19,-1,1.0000000000000071,0,0,383.94510530000002
development01,R98-C2,EVENT-STRUCT,330,343,FULL,0,19.999999999999993,19,-1,0.99999999999999289,0,0,384.01532250000002
development01,R98-C2,EVENT-STRUCT,331,344,FULL,0,19.999999999999996,19,-2,0.99999999999999645,0,0,384.07649659999998
development01,R98-C2,EVENT-STRUCT,332,345,FULL,0,20.000000000000007,19,0,1.0000000000000071,0,0,384.16835559999998
development01,R98-C2,EVENT-STRUCT,333,346,FULL,0,19.999999999999996,19,-1,0.99999999999999645,0,0,384.2282482
development01,R98-C2,EVENT-STRUCT,334,347,FULL,0,20.000000000000007,19,-1,1.0000000000000071,0,0,384.29127670000003
development01,R98-C2,EVENT-STRUCT,335,348,FULL,0,20.000000000000004,19,-1,1.0000000000000036,0,0,384.35278090000003
development01,R98-C2,EVENT-STRUCT,336,349,FULL,0,18,17,9,1,0,0,387.52869950000002
development01,R98-C2,EVENT-STRUCT,337,350,FULL,0,18,17,8,1,0,0,387.58637859999999
development01,R98-C2,EVENT-STRUCT,338,351,FULL,1,22,21,10,1,0,0,389.26021630000002
development01,R98-C2,EVENT-STRUCT,339,352,FULL,0,18,17,9,1,0,0,390.36304369999999
development01,R98-C2,EVENT-STRUCT,340,353,FULL,0,16,15,7,1,0,0,391.42575349999998
development01,R98-C2,EVENT-STRUCT,341,354,FULL,0,16,15,0,1,0,0,399.3681224
development01,R98-C2,EVENT-STRUCT,342,355,FULL,0,15.999999999999996,15,0,0.99999999999999645,0,0,399.6210471
development01,R98-C2,EVENT-STRUCT,343,356,FULL,0,16,15,-1,1,0,0,399.742028
development01,R98-C2,EVENT-STRUCT,344,357,FULL,0,16,15,-1,1,0,0,399.83851700000002
development01,R98-C2,EVENT-STRUCT,345,358,FULL,1,20,19,3,1,0,0,399.96431209999997
development01,R98-C2,EVENT-STRUCT,346,359,FULL,1,20.000000000000004,19,2,1.0000000000000036,0,0,400.20990219999999
development01,R98-C2,EVENT-STRUCT,347,360,FULL,1,20,19,2,1,0,0,400.34050280000002
development01,R98-C2,EVENT-STRUCT,348,361,FULL,1,20.000000000000004,19,2,1.0000000000000036,0,0,400.47502950000001
development01,R98-C2,EVENT-STRUCT,349,362,FULL,1,20.000000000000004,19,2,1.0000000000000036,0,0,400.62161229999998
development01,R98-C2,EVENT-STRUCT,350,363,FULL,1,19.999999999999996,19,1,0.99999999999999645,0,0,400.80142690000002
development01,R98-C2,EVENT-STRUCT,351,364,FULL,1,19.999999999999989,19,2,0.99999999999998934,0,0,400.8765191
development01,R98-C2,EVENT-STRUCT,352,365,FULL,1,20.000000000000004,19,2,1.0000000000000036,0,0,400.96712880000001
development01,R98-C2,EVENT-STRUCT,353,366,FULL,1,20,19,2,1,0,0,401.07581590000001
development01,R98-C2,EVENT-STRUCT,354,367,FULL,1,20,19,1,1,0,0,401.22222629999999
development01,R98-C2,EVENT-STRUCT,355,368,FULL,1,20,19,1,1,0,0,401.32912069999998
development01,R98-C2,EVENT-STRUCT,356,369,A_MST,1,21141.353999999999,20517.795000099999,3383.5589999999997,623.55899990000034,0,0,406.85114399999998
development01,R98-C2,EVENT-STRUCT,357,372,FULL,1,22,21,-1,1,0,0,407.50804909999999
development01,R98-C2,EVENT-STRUCT,358,373,FULL,1,22.000000000000004,21,-2,1.0000000000000036,0,0,407.60434190000001
development01,R98-C2,EVENT-STRUCT,359,374,FULL,1,22,21,-2,1,0,0,407.70327789999999
development01,R98-C2,EVENT-STRUCT,360,375,FULL,1,22,21,-2,1,0,0,407.86280340000002
development01,R98-C2,EVENT-STRUCT,361,376,FULL,1,22,21,-2,1,0,0,407.9954194
development01,R98-C2,EVENT-STRUCT,362,377,FULL,1,21.999999999999968,21,-2,0.99999999999996803,0,0,408.08933209999998
development01,R98-C2,EVENT-STRUCT,363,378,FULL,1,22.000000000000007,21,-3,1.0000000000000071,0,0,408.29242060000001
development01,R98-C2,EVENT-STRUCT,364,379,FULL,0,18,17,2,1,0,0,411.51933289999999
development01,R98-C2,EVENT-STRUCT,365,380,FULL,0,18,17,1,1,0,0,411.65135759999998
development01,R98-C2,EVENT-STRUCT,366,381,FULL,0,18.000000000000007,17,1,1.0000000000000071,0,0,411.71446700000001
development01,R98-C2,EVENT-STRUCT,367,382,FULL,0,18,17,1,1,0,0,411.78209459999999
development01,R98-C2,EVENT-STRUCT,368,383,FULL,0,18.000000000000011,17,1,1.0000000000000107,0,0,411.84328599999998
development01,R98-C2,EVENT-STRUCT,369,384,FULL,0,18,17,1,1,0,0,411.90816269999999
development01,R98-C2,EVENT-STRUCT,370,385,FULL,0,18,17,1,1,0,0,411.96920649999998
development01,R98-C2,EVENT-STRUCT,371,386,FULL,0,18,17,2,1,0,0,412.03370080000002
development01,R98-C2,EVENT-STRUCT,372,387,FULL,0,18,17,1,1,0,0,412.0907502
development01,R98-C2,EVENT-STRUCT,373,388,FULL,0,18,17,1,1,0,0,412.17344100000003
development01,R98-C2,EVENT-STRUCT,374,389,FULL,0,24,23,12,1,0,0,415.76962079999998
development01,R98-C2,EVENT-STRUCT,375,390,FULL,0,26,25,12,1,0,0,416.61949060000001
development01,R98-C2,EVENT-STRUCT,376,391,FULL,0,24,23,13,1,0,0,417.00898219999999
development01,R98-C2,EVENT-STRUCT,377,392,FULL,0,24,23,13,1,0,0,418.63039190000001
development01,R98-C2,EVENT-STRUCT,378,393,FULL,0,20,19,17,1,0,0,423.58760059999997
development01,R98-C2,EVENT-STRUCT,379,394,FULL,0,22,21,17,1,0,0,423.7687148
development01,R98-C2,EVENT-STRUCT,380,395,FULL,0,20,19,15,1,0,0,423.85744740000001
development01,R98-C2,EVENT-STRUCT,381,396,FULL,0,22,21,16,1,0,0,423.94229999999999
development01,R98-C2,EVENT-STRUCT,382,397,FULL,0,20,19,16,1,0,0,424.24744349999997
development01,R98-C2,EVENT-STRUCT,383,398,FULL,0,20,19,9,1,0,0,429.97386260000002
development01,R98-C2,EVENT-STRUCT,384,399,FULL,1,24,23,9,1,0,0,446.25433679999998
development01,R98-C2,EVENT-STRUCT,385,400,FULL,0,16,15,5,1,0,0,446.412891
development01,R98-C2,EVENT-STRUCT,386,401,FULL,0,16,15,5,1,0,0,446.47708490000002
development01,R98-C2,EVENT-STRUCT,387,402,FULL,0,15.999999999999977,15,4,0.99999999999997691,0,0,446.54506989999999
development01,R98-C2,EVENT-STRUCT,388,403,FULL,0,16,15,4,1,0,0,446.6137708
development01,R98-C2,EVENT-STRUCT,389,404,FULL,0,16,15,4,1,0,0,446.67962610000001
development01,R98-C2,EVENT-STRUCT,390,405,FULL,0,16.000000000000007,15,4,1.0000000000000071,0,0,446.74436589999999
development01,R98-C2,EVENT-STRUCT,391,406,FULL,0,16,15,4,1,0,0,446.81389389999998
development01,R98-C2,EVENT-STRUCT,392,407,FULL,0,16,15,4,1,0,0,446.88758610000002
development01,R98-C2,EVENT-STRUCT,393,408,FULL,0,15.999999999999973,15,4,0.99999999999997335,0,0,446.95820520000001
development01,R98-C2,EVENT-STRUCT,394,409,FULL,0,15.999999999999973,15,4,0.99999999999997335,0,0,447.0288572
development01,R98-C2,EVENT-STRUCT,395,410,FULL,0,16.000000000000021,15,4,1.0000000000000213,0,0,447.09997529999998
development01,R98-C2,EVENT-STRUCT,396,411,FULL,0,15.999999999999982,15,4,0.99999999999998224,0,0,447.17449829999998
development01,R98-C2,EVENT-STRUCT,397,412,FULL,0,16.000000000000018,15,4,1.0000000000000178,0,0,447.24663140000001
development01,R98-C2,EVENT-STRUCT,398,413,FULL,0,16,15,4,1,0,0,447.305859
development01,R98-C2,EVENT-STRUCT,399,414,FULL,0,16,15,4,1,0,0,447.43251529999998
development01,R98-C2,EVENT-STRUCT,400,415,FULL,0,16,15,4,1,0,0,447.49898589999998
development01,R98-C2,EVENT-STRUCT,401,416,FULL,0,16,15,4,1,0,0,447.5962012
development01,R98-C2,EVENT-STRUCT,402,417,FULL,0,16,15,4,1,0,0,447.65586109999998
development01,R98-C2,EVENT-STRUCT,403,418,FULL,0,16,15,4,1,0,0,447.71832410000002
development01,R98-C2,EVENT-STRUCT,404,419,FULL,0,16,15,3,1,0,0,447.82095980000003
development01,R98-C2,EVENT-STRUCT,405,420,FULL,0,16.000000000000011,15,3,1.0000000000000107,0,0,447.88299610000001
development01,R98-C2,EVENT-STRUCT,406,421,FULL,0,15.999999999999998,15,2,0.99999999999999822,0,0,448.00755320000002
development01,R98-C2,EVENT-STRUCT,407,422,FULL,0,15.999999999999996,15,3,0.99999999999999645,0,0,448.07004239999998
development01,R98-C2,EVENT-STRUCT,408,423,A_MST,2,19909.370999999996,19842.318000099996,5774.1059999999989,67.052999899999122,0,0,452.28374070000001
development01,R98-C2,EVENT-STRUCT,409,426,FULL,0,20,19,2,1,0,0,452.4730419
development01,R98-C2,EVENT-STRUCT,410,427,FULL,0,20,19,1,1,0,0,452.6442136
development01,R98-C2,EVENT-STRUCT,411,428,FULL,0,20.000000000000004,19,1,1.0000000000000036,0,0,452.75458200000003
development01,R98-C2,EVENT-STRUCT,412,429,FULL,0,22,21,5,1,0,0,454.95342649999998
development01,R98-C2,EVENT-STRUCT,413,430,FULL,0,20,19,-3,1,0,0,463.66464530000002
development01,R98-C2,EVENT-STRUCT,414,431,FULL,0,19.999999999999964,19,-3,0.99999999999996447,0,0,463.82390600000002
development01,R98-C2,EVENT-STRUCT,415,432,FULL,0,20,19,-3,1,0,0,463.96600569999998
development01,R98-C2,EVENT-STRUCT,416,433,FULL,0,20.000000000000007,19,-4,1.0000000000000071,0,0,464.08537669999998
development01,R98-C2,EVENT-STRUCT,417,434,FULL,0,20,19,-4,1,0,0,464.16394769999999
development01,R98-C2,EVENT-STRUCT,418,435,FULL,0,20,19,-5,1,0,0,464.26492259999998
development01,R98-C2,EVENT-STRUCT,419,436,FULL,0,20.000000000000004,19,-5,1.0000000000000036,0,0,464.32431339999999
development01,R98-C2,EVENT-STRUCT,420,437,FULL,0,20.000000000000007,19,-5,1.0000000000000071,0,0,464.38401219999997
development01,R98-C2,EVENT-STRUCT,421,438,FULL,0,20.000000000000004,19,-5,1.0000000000000036,0,0,464.4662409
development01,R98-C2,EVENT-STRUCT,422,439,FULL,0,20.000000000000004,19,-5,1.0000000000000036,0,0,464.52740999999997
development01,R98-C2,EVENT-STRUCT,423,440,FULL,0,20.000000000000004,19,-4,1.0000000000000036,0,0,464.5888812
development01,R98-C2,EVENT-STRUCT,424,441,FULL,0,20,19,-5,1,0,0,464.6579504
development01,R98-C2,EVENT-STRUCT,425,442,FULL,0,20.000000000000011,19,-5,1.0000000000000107,0,0,464.7254337
development01,R98-C2,EVENT-STRUCT,426,443,FULL,0,20.000000000000004,19,-4,1.0000000000000036,0,0,464.82119139999998
development01,R98-C2,EVENT-STRUCT,427,444,FULL,0,20,19,-3,1,0,0,464.90265219999998
development01,R98-C2,EVENT-STRUCT,428,445,FULL,0,20.000000000000004,19,-5,1.0000000000000036,0,0,464.99827809999999
development01,R98-C2,EVENT-STRUCT,429,446,FULL,0,20.000000000000004,19,-5,1.0000000000000036,0,0,465.06603050000001
development01,R98-C2,EVENT-STRUCT,430,447,FULL,0,20,19,-4,1,0,0,465.13630380000001
development01,R98-C2,EVENT-STRUCT,431,448,FULL,0,20,19,-5,1,0,0,465.24060789999999
development01,R98-C2,EVENT-STRUCT,432,449,FULL,0,20,19,2,1,0,0,477.76236560000001
development01,R98-C2,EVENT-STRUCT,433,450,FULL,0,20,19,2,1,0,0,477.82473370000002
development01,R98-C2,EVENT-STRUCT,434,451,FULL,0,20.000000000000004,19,1,1.0000000000000036,0,0,477.98123750000002
development01,R98-C2,EVENT-STRUCT,435,452,FULL,0,20,19,1,1,0,0,478.08501949999999
development01,R98-C2,EVENT-STRUCT,436,453,FULL,0,20,19,1,1,0,0,478.14598139999998
development01,R98-C2,EVENT-STRUCT,437,454,FULL,0,20.000000000000004,19,1,1.0000000000000036,0,0,478.20850860000002
development01,R98-C2,EVENT-STRUCT,438,455,FULL,0,19.999999999999996,19,1,0.99999999999999645,0,0,478.26758569999998
development01,R98-C2,EVENT-STRUCT,439,456,FULL,0,20,19,9,1,0,0,482.51178420000002
development01,R98-C2,EVENT-STRUCT,440,457,FULL,0,16,15,3,1,0,0,482.87383820000002
development01,R98-C2,EVENT-STRUCT,441,458,FULL,0,16,15,2,1,0,0,482.98018050000002
development01,R98-C2,EVENT-STRUCT,442,459,FULL,0,16.000000000000004,15,3,1.0000000000000036,0,0,483.14090179999999
development01,R98-C2,EVENT-STRUCT,443,460,FULL,0,16,15,3,1,0,0,483.29438920000001
development01,R98-C2,EVENT-STRUCT,444,461,FULL,0,20,19,14,1,0,0,500.21270379999999
development01,R98-C2,EVENT-STRUCT,445,462,FULL,0,18,17,10,1,0,0,500.92175400000002
development01,R98-C2,EVENT-STRUCT,446,463,FULL,1,18,17,15,1,0,0,501.121531
development01,R98-C2,EVENT-STRUCT,447,464,FULL,1,18,17,15,1,0,0,501.25628119999999
development01,R98-C2,EVENT-STRUCT,448,465,FULL,0,22,21,16,1,0,0,501.314683
development01,R98-C2,EVENT-STRUCT,449,466,FULL,1,20,19,14,1,0,0,501.66933060000002
development01,R98-C2,EVENT-STRUCT,450,467,FULL,1,20.000000000000004,19,13,1.0000000000000036,0,0,501.75241419999998
development01,R98-C2,EVENT-STRUCT,451,468,FULL,1,20,19,14,1,0,0,501.88332339999999
development01,R98-C2,EVENT-STRUCT,452,469,FULL,0,20,19,15,1,0,0,504.18936450000001
development01,R98-C2,EVENT-STRUCT,453,470,FULL,0,20,19,12,1,0,0,504.73630309999999
development01,R98-C2,EVENT-STRUCT,454,471,FULL,0,16,15,4,1,0,0,507.18334040000002
development01,R98-C2,EVENT-STRUCT,455,472,FULL,0,16,15,4,1,0,0,507.7543642
development01,R98-C2,EVENT-STRUCT,456,473,FULL,0,20,19,3,1,0,0,518.07594389999997
development01,R98-C2,EVENT-STRUCT,457,474,FULL,0,20,19,2,1,0,0,518.19487900000001
development01,R98-C2,EVENT-STRUCT,458,475,FULL,0,20,19,1,1,0,0,518.28837759999999
development01,R98-C2,EVENT-STRUCT,459,476,FULL,0,20,19,1,1,0,0,518.35030449999999
development01,R98-C2,EVENT-STRUCT,460,477,FULL,0,20,19,2,1,0,0,518.41791620000004
development01,R98-C2,EVENT-STRUCT,461,478,FULL,0,20,19,2,1,0,0,518.56019830000002
development01,R98-C2,EVENT-STRUCT,462,479,FULL,0,20,19,1,1,0,0,518.69070939999995
development01,R98-C2,EVENT-STRUCT,463,480,FULL,0,20,19,1,1,0,0,518.75075079999999
development01,R98-C2,EVENT-STRUCT,464,481,FULL,0,18,17,-1,1,0,0,519.43296829999997
development01,R98-C2,EVENT-STRUCT,465,482,FULL,0,14,13,-2,1,0,0,520.90294670000003
development01,R98-C2,EVENT-STRUCT,466,483,FULL,0,20,19,2,1,0,0,521.71820090000006
development01,R98-C2,EVENT-STRUCT,467,484,FULL,0,20.000000000000004,19,1,1.0000000000000036,0,0,521.86122139999998
development01,R98-C2,EVENT-STRUCT,468,485,FULL,0,20,19,0,1,0,0,522.07343930000002
development01,R98-C2,EVENT-STRUCT,469,486,FULL,0,18,17,5,1,0,0,522.4801023
development01,R98-C2,EVENT-STRUCT,470,487,FULL,0,18,17,3,1,0,0,524.39847510000004
development01,R98-C2,EVENT-STRUCT,471,488,FULL,0,18,17,3,1,0,0,524.45884260000003
development01,R98-C2,EVENT-STRUCT,472,489,FULL,0,20,19,1,1,0,0,524.61003489999996
development01,R98-C2,EVENT-STRUCT,473,490,FULL,0,19.999999999999993,19,0,0.99999999999999289,0,0,524.73762520000002
development01,R98-C2,EVENT-STRUCT,474,491,FULL,0,20.000000000000004,19,0,1.0000000000000036,0,0,524.80115320000004
development01,R98-C2,EVENT-STRUCT,475,492,FULL,0,20.000000000000004,19,1,1.0000000000000036,0,0,524.86717469999996
development01,R98-C2,EVENT-STRUCT,476,493,FULL,0,20,19,0,1,0,0,524.99342379999996
development01,R98-C2,EVENT-STRUCT,477,494,FULL,0,20,19,0,1,0,0,525.05716849999999
development01,R98-C2,EVENT-STRUCT,478,495,FULL,0,18,17,-2,1,0,0,525.12068399999998
development01,R98-C2,EVENT-STRUCT,479,496,FULL,0,20,19,0,1,0,0,525.18316540000001
development01,R98-C2,EVENT-STRUCT,480,497,FULL,0,20,19,0,1,0,0,525.24595429999999
development01,R98-C2,EVENT-STRUCT,481,498,FULL,0,20,19,0,1,0,0,525.30947449999996
development01,R98-C2,EVENT-STRUCT,482,499,FULL,0,20,19,0,1,0,0,525.37376340000003
development01,R98-C2,EVENT-STRUCT,483,500,FULL,0,16,15,2,1,0,0,527.43825159999994
development01,R98-C2,EVENT-STRUCT,484,501,FULL,1,20,19,5,1,0,0,528.70497060000002
development01,R98-C2,EVENT-STRUCT,485,502,FULL,1,20,19,8,1,0,0,529.00981049999996
development01,R98-C2,EVENT-STRUCT,486,503,FULL,1,20,19,5,1,0,0,529.1932693
development01,R98-C2,EVENT-STRUCT,487,504,FULL,1,20.000000000000004,19,4,1.0000000000000036,0,0,529.46321130000001
development01,R98-C2,EVENT-STRUCT,488,505,FULL,1,20,19,4,1,0,0,529.72166930000003
development01,R98-C2,EVENT-STRUCT,489,506,FULL,1,20,19,3,1,0,0,529.82828970000003
development01,R98-C2,EVENT-STRUCT,490,507,FULL,1,20,19,4,1,0,0,529.97438160000002
development01,R98-C2,EVENT-STRUCT,491,508,FULL,1,20.000000000000007,19,3,1.0000000000000071,0,0,530.08647489999998
development01,R98-C2,EVENT-STRUCT,492,509,FULL,1,20,19,2,1,0,0,530.21160310000005
development01,R98-C2,EVENT-STRUCT,493,510,FULL,1,20,19,2,1,0,0,530.29219599999999
development01,R98-C2,EVENT-STRUCT,494,511,FULL,0,22,21,17,1,0,0,530.58859640000003
development01,R98-C2,EVENT-STRUCT,495,512,FULL,1,19.999999999999996,19,4,0.99999999999999645,0,0,530.67057380000006
development01,R98-C2,EVENT-STRUCT,496,513,FULL,1,20.000000000000004,19,3,1.0000000000000036,0,0,530.75404030000004
development01,R98-C2,EVENT-STRUCT,497,514,FULL,1,20.000000000000316,19,3,1.0000000000003162,0,0,530.83530240000005
development01,R98-C2,EVENT-STRUCT,498,515,FULL,0,16,15,3,1,0,0,533.67569170000002
development01,R98-C2,EVENT-STRUCT,499,516,FULL,0,18,17,4,1,0,0,533.77011089999996
development01,R98-C2,EVENT-STRUCT,500,517,FULL,0,18,17,7,1,0,0,533.89898459999995
development01,R98-C2,EVENT-STRUCT,501,518,FULL,0,17.999999999999989,17,3,0.99999999999998934,0,0,534.08060920000003
development01,R98-C2,EVENT-STRUCT,502,519,FULL,0,18,17,3,1,0,0,534.16399360000003
development01,R98-C2,EVENT-STRUCT,503,520,FULL,0,17.999999999999996,17,2,0.99999999999999645,0,0,534.29730380000001
development01,R98-C2,EVENT-STRUCT,504,521,FULL,0,18.000000000000014,17,2,1.0000000000000142,0,0,534.41114089999996
development01,R98-C2,EVENT-STRUCT,505,522,FULL,0,18,17,2,1,0,0,534.47650009999995
development01,R98-C2,EVENT-STRUCT,506,523,FULL,0,18,17,6,1,0,0,534.60671769999999
development01,R98-C2,EVENT-STRUCT,507,524,FULL,0,18,17,5,1,0,0,534.67068900000004
development01,R98-C2,EVENT-STRUCT,508,525,FULL,0,17.999999999999996,17,1,0.99999999999999645,0,0,534.79843849999997
development01,R98-C2,EVENT-STRUCT,509,526,FULL,0,18,17,1,1,0,0,534.89511249999998
development01,R98-C2,EVENT-STRUCT,510,527,FULL,0,18,17,1,1,0,0,535.00022730000001
development01,R98-C2,EVENT-STRUCT,511,528,FULL,0,18,17,1,1,0,0,535.09797560000004
development01,R98-C2,EVENT-STRUCT,512,529,FULL,0,18,17,1,1,0,0,535.23244750000003
development01,R98-C2,EVENT-STRUCT,513,530,FULL,0,18,17,2,1,0,0,535.30854050000005
development01,R98-C2,EVENT-STRUCT,514,531,FULL,0,20,19,8,1,0,0,541.30344579999996
development01,R98-C2,EVENT-STRUCT,515,532,FULL,0,16,15,5,1,0,0,541.36794499999996
development01,R98-C2,EVENT-STRUCT,516,533,FULL,0,16,15,4,1,0,0,541.43595470000002
development01,R98-C2,EVENT-STRUCT,517,534,FULL,0,18,17,2,1,0,0,541.58943450000004
development01,R98-C2,EVENT-STRUCT,518,535,FULL,0,18,17,2,1,0,0,541.78016060000004
development01,R98-C2,EVENT-STRUCT,519,536,FULL,0,17.999999999999993,17,1,0.99999999999999289,0,0,541.95835060000002
development01,R98-C2,EVENT-STRUCT,520,537,FULL,0,17.999999999999996,17,1,0.99999999999999645,0,0,542.02310260000002
development01,R98-C2,EVENT-STRUCT,521,538,FULL,0,17.999999999999996,17,1,0.99999999999999645,0,0,542.09934969999995
development01,R98-C2,EVENT-STRUCT,522,539,FULL,0,17.999999999999993,17,2,0.99999999999999289,0,0,542.18188999999995
development01,R98-C2,EVENT-STRUCT,523,540,FULL,0,17.999999999999996,17,1,0.99999999999999645,0,0,542.27589330000001
development01,R98-C2,EVENT-STRUCT,524,541,FULL,0,17.999999999999993,17,2,0.99999999999999289,0,0,542.33879679999995
development01,R98-C2,EVENT-STRUCT,525,542,FULL,0,17.999999999989083,17,1,0.99999999998908251,0,0,542.40901629999996
development01,R98-C2,EVENT-STRUCT,526,543,FULL,0,22,21,2,1,0,0,545.43996790000006
development01,R98-C2,EVENT-STRUCT,527,544,FULL,0,22.000000000000007,21,2,1.0000000000000071,0,0,545.54427439999995
development01,R98-C2,EVENT-STRUCT,528,545,FULL,0,22.000000000000007,21,2,1.0000000000000071,0,0,545.60726899999997
development01,R98-C2,EVENT-STRUCT,529,546,FULL,0,20,19,3,1,0,0,545.7514122
development01,R98-C2,EVENT-STRUCT,530,547,FULL,0,20,19,2,1,0,0,545.84825550000005
development01,R98-C2,EVENT-STRUCT,531,548,FULL,0,22.000000000000007,21,1,1.0000000000000071,0,0,545.93304450000005
development01,R98-C2,EVENT-STRUCT,532,549,FULL,0,21.999999999999961,21,2,0.99999999999996092,0,0,546.0029442
development01,R98-C2,EVENT-STRUCT,533,550,FULL,0,22,21,0,1,0,0,546.13254389999997
development01,R98-C2,EVENT-STRUCT,534,551,FULL,0,22.000000000000004,21,0,1.0000000000000036,0,0,546.23688689999994
development01,R98-C2,EVENT-STRUCT,535,552,FULL,0,22,21,-1,1,0,0,546.30089359999999
development01,R98-C2,EVENT-STRUCT,536,553,FULL,0,22,21,-1,1,0,0,546.37277919999997
development01,R98-C2,EVENT-STRUCT,537,554,FULL,0,22,21,-1,1,0,0,546.51303029999997
development01,R98-C2,EVENT-STRUCT,538,555,FULL,0,22,21,-1,1,0,0,546.58963689999996
development01,R98-C2,EVENT-STRUCT,539,556,FULL,0,22,21,-1,1,0,0,546.6647911
development01,R98-C2,EVENT-STRUCT,540,557,FULL,0,20,19,16,1,0,0,548.48131420000004
development01,R98-C2,EVENT-STRUCT,541,558,FULL,0,18,17,11,1,0,0,548.67707740000003
development01,R98-C2,EVENT-STRUCT,542,559,FULL,0,18,17,9,1,0,0,548.82018049999999
development01,R98-C2,EVENT-STRUCT,543,560,FULL,0,18,17,9,1,0,0,549.01045739999995
development01,R98-C2,EVENT-STRUCT,544,561,FULL,0,18,17,10,1,0,0,549.1958697
development01,R98-C2,EVENT-STRUCT,545,562,FULL,0,22,21,19,1,0,0,551.82554649999997
development01,R98-C2,EVENT-STRUCT,546,563,FULL,0,20,19,15,1,0,0,552.03526799999997
development01,R98-C2,EVENT-STRUCT,547,564,FULL,0,20,19,17,1,0,0,552.16081929999996
development01,R98-C2,EVENT-STRUCT,548,565,FULL,1,18.000000000000021,17,15,1.0000000000000213,0,0,553.12657509999997
development01,R98-C2,EVENT-STRUCT,549,566,FULL,1,21.999999999999996,21,15,0.99999999999999645,0,0,554.29656539999996
development01,R98-C2,EVENT-STRUCT,550,567,FULL,0,20,19,9,1,0,0,558.3242553
development01,R98-C2,EVENT-STRUCT,551,568,FULL,0,16,15,5,1,0,0,559.98130609999998
development01,R98-C2,EVENT-STRUCT,552,569,FULL,0,16,15,4,1,0,0,560.27034730000003
development01,R98-C2,EVENT-STRUCT,553,570,FULL,0,18,17,4,1,0,0,560.44969830000002
development01,R98-C2,EVENT-STRUCT,554,571,FULL,0,21.999999999999982,21,0,0.99999999999998224,0,0,560.78674130000002
development01,R98-C2,EVENT-STRUCT,555,572,FULL,0,22.000000000000004,21,-3,1.0000000000000036,0,0,560.91613849999999
development01,R98-C2,EVENT-STRUCT,556,573,FULL,0,22,21,-3,1,0,0,561.0908766
development01,R98-C2,EVENT-STRUCT,557,574,FULL,0,22,21,-3,1,0,0,561.15377409999996
development01,R98-C2,EVENT-STRUCT,558,575,FULL,0,22,21,18,1,0,0,564.9040076
development01,R98-C2,EVENT-STRUCT,559,576,FULL,0,20,19,14,1,0,0,565.02405229999999
development01,R98-C2,EVENT-STRUCT,560,577,FULL,0,20,19,9,1,0,0,570.71359619999998
development01,R98-C2,EVENT-STRUCT,561,578,FULL,1,16,15,9,1,0,0,571.65839919999996
development01,R98-C2,EVENT-STRUCT,562,579,FULL,1,16,15,9,1,0,0,571.76732370000002
development01,R98-C2,EVENT-STRUCT,563,580,FULL,0,18,17,7,1,0,0,571.85219489999997
development01,R98-C2,EVENT-STRUCT,564,581,FULL,0,20,19,7,1,0,0,572.00483159999999
development01,R98-C2,EVENT-STRUCT,565,582,FULL,0,20,19,7,1,0,0,572.24298490000001
development01,R98-C2,EVENT-STRUCT,566,583,FULL,0,20.000000000000004,19,7,1.0000000000000036,0,0,572.50548579999997
development01,R98-C2,EVENT-STRUCT,567,584,FULL,0,20,19,7,1,0,0,572.63272700000005
development01,R98-C2,EVENT-STRUCT,568,585,FULL,0,20.000000000000014,19,6,1.0000000000000142,0,0,572.69937259999995
development01,R98-C2,EVENT-STRUCT,569,586,FULL,0,20.000000000000004,19,6,1.0000000000000036,0,0,572.79759109999998
development01,R98-C2,EVENT-STRUCT,570,587,FULL,0,20.000000000000004,19,6,1.0000000000000036,0,0,572.91764239999998
development01,R98-C2,EVENT-STRUCT,571,588,FULL,0,20.000000000000004,19,6,1.0000000000000036,0,0,572.98009360000003
development01,R98-C2,EVENT-STRUCT,572,589,FULL,0,18,17,8,1,0,0,573.22213569999997
development01,R98-C2,EVENT-STRUCT,573,590,FULL,0,18,17,7,1,0,0,573.53863190000004
development01,R98-C2,EVENT-STRUCT,574,591,FULL,0,20,19,5,1,0,0,573.83504149999999
development01,R98-C2,EVENT-STRUCT,575,592,FULL,0,20,19,6,1,0,0,573.8954549
development01,R98-C2,EVENT-STRUCT,576,593,FULL,0,20,19,5,1,0,0,573.95559979999996
development01,R98-C2,EVENT-STRUCT,577,594,FULL,0,20,19,5,1,0,0,574.04718990000003
development01,R98-C2,EVENT-STRUCT,578,595,FULL,0,20,19,5,1,0,0,574.11781470000005
development01,R98-C2,EVENT-STRUCT,579,596,FULL,0,20,19,5,1,0,0,574.18614869999999
development01,R98-C2,EVENT-STRUCT,580,597,FULL,0,20,19,6,1,0,0,574.24914890000002
development01,R98-C2,EVENT-STRUCT,581,598,FULL,0,22,21,15,1,0,0,580.49210089999997
development01,R98-C2,EVENT-STRUCT,582,599,FULL,0,18,17,9,1,0,0,582.8288202
development01,R98-C2,EVENT-STRUCT,583,600,FULL,0,18,17,11,1,0,0,582.93956030000004
development01,R98-C2,EVENT-STRUCT,584,601,FULL,0,18,17,11,1,0,0,582.99639079999997
development01,R98-C2,EVENT-STRUCT,585,602,FULL,0,18,17,12,1,0,0,583.11884840000005
development01,R98-C2,EVENT-STRUCT,586,603,FULL,0,18,17,13,1,0,0,583.19681149999997
development01,R98-C2,EVENT-STRUCT,587,604,FULL,0,20,19,6,1,0,0,587.20153300000004
development01,R98-C2,EVENT-STRUCT,588,605,FULL,0,20,19,3,1,0,0,587.39104169999996
development01,R98-C2,EVENT-STRUCT,589,606,FULL,0,20,19,10,1,0,0,588.01955350000003
development01,R98-C2,EVENT-STRUCT,590,607,FULL,0,20,19,7,1,0,0,588.12416350000001
development01,R98-C2,EVENT-STRUCT,591,608,FULL,0,22,21,13,1,0,0,588.21687859999997
development01,R98-C2,EVENT-STRUCT,592,609,FULL,0,22,21,10,1,0,0,588.28039899999999
development01,R98-C2,EVENT-STRUCT,593,610,FULL,0,22,21,2,1,0,0,588.87201189999996
development01,R98-C2,EVENT-STRUCT,594,611,FULL,0,22,21,8,1,0,0,589.03730640000003
development01,R98-C2,EVENT-STRUCT,595,612,FULL,1,18,17,4,1,0,0,589.22194279999997
development01,R98-C2,EVENT-STRUCT,596,613,FULL,0,22.000000000002142,21,1,1.0000000000021423,0,0,589.43962350000004
development01,R98-C2,EVENT-STRUCT,597,614,FULL,0,22,21,1,1,0,0,589.50896880000005
development01,R98-C2,EVENT-STRUCT,598,615,FULL,0,21.999999999999996,21,1,0.99999999999999645,0,0,589.57271820000005
development01,R98-C2,EVENT-STRUCT,599,616,FULL,0,21.999999999999993,21,0,0.99999999999999289,0,0,589.64517990000002
development01,R98-C2,EVENT-STRUCT,600,617,FULL,0,21.999999999999996,21,1,0.99999999999999645,0,0,589.70819700000004
development01,R98-C2,EVENT-STRUCT,601,618,FULL,0,20,19,9,1,0,0,598.73117809999997
development01,R98-C2,EVENT-STRUCT,602,619,FULL,0,20,19,10,1,0,0,598.86716260000003
development01,R98-C2,EVENT-STRUCT,603,620,FULL,0,20,19,8,1,0,0,598.93441180000002
development01,R98-C2,EVENT-STRUCT,604,621,FULL,0,20,19,9,1,0,0,599.136887
development01,R98-C2,EVENT-STRUCT,605,622,FULL,0,16,15,6,1,0,0,602.64113629999997
development01,R98-C2,EVENT-STRUCT,606,623,FULL,0,16,15,6,1,0,0,603.04738750000001
development01,R98-C2,EVENT-STRUCT,607,624,FULL,1,24,23,17,1,0,0,603.25130879999995
development01,R98-C2,EVENT-STRUCT,608,625,FULL,0,18,17,10,1,0,0,603.46433920000004
development01,R98-C2,EVENT-STRUCT,609,626,FULL,0,20,19,8,1,0,0,603.6158398
development01,R98-C2,EVENT-STRUCT,610,627,FULL,0,18,17,7,1,0,0,604.75128830000006
development01,R98-C2,EVENT-STRUCT,611,628,FULL,0,18,17,1,1,0,0,605.16475179999998
development01,R98-C2,EVENT-STRUCT,612,629,FULL,0,18.000000000000004,17,1,1.0000000000000036,0,0,605.23127399999998
development01,R98-C2,EVENT-STRUCT,613,630,FULL,0,18,17,0,1,0,0,605.3348469
development01,R98-C2,EVENT-STRUCT,614,631,FULL,0,18,17,1,1,0,0,605.42647239999997
development01,R98-C2,EVENT-STRUCT,615,632,FULL,0,18,17,0,1,0,0,605.50637389999997
development01,R98-C2,EVENT-STRUCT,616,633,FULL,0,18,17,0,1,0,0,605.56855080000003
development01,R98-C2,EVENT-STRUCT,617,634,FULL,0,18,17,1,1,0,0,605.64268249999998
development01,R98-C2,EVENT-STRUCT,618,635,FULL,0,16,15,8,1,0,0,607.59796589999996
development01,R98-C2,EVENT-STRUCT,619,636,FULL,1,20,19,12,1,0,0,607.73287830000004
development01,R98-C2,EVENT-STRUCT,620,637,FULL,0,20,19,17,1,0,0,607.89391450000005
development01,R98-C2,EVENT-STRUCT,621,638,FULL,0,20,19,16,1,0,0,607.97682090000001
development01,R98-C2,EVENT-STRUCT,622,639,FULL,1,18,17,13,1,0,0,608.13206119999995
development01,R98-C2,EVENT-STRUCT,623,640,FULL,1,18,17,14,1,0,0,611.91812159999995
development01,R98-C2,EVENT-STRUCT,624,641,FULL,1,18,17,12,1,0,0,612.04292710000004
development01,R98-C2,EVENT-STRUCT,625,642,FULL,0,20,19,17,1,0,0,612.18969059999995
development01,R98-C2,EVENT-STRUCT,626,643,FULL,0,20,19,5,1,0,0,612.55126989999997
development01,R98-C2,EVENT-STRUCT,627,644,FULL,0,20.000000000000011,19,5,1.0000000000000107,0,0,612.73440489999996
development01,R98-C2,EVENT-STRUCT,628,645,FULL,0,20.000000000000004,19,5,1.0000000000000036,0,0,612.79954090000001
development01,R98-C2,EVENT-STRUCT,629,646,A_MST,2,16255.451999999997,16246.2100001,7707.7259999999987,9.2419998999976087,0,0,613.41371300000003
development01,R98-C2,EVENT-STRUCT,630,649,FULL,0,24,23,14,1,0,0,613.72200199999997
development01,R98-C2,EVENT-STRUCT,631,650,FULL,1,20,19,10,1,0,0,613.96936670000002
development01,R98-C2,EVENT-STRUCT,632,651,FULL,0,20,19,11,1,0,0,614.43635649999999
development01,R98-C2,EVENT-STRUCT,633,652,FULL,0,20,19,11,1,0,0,614.87076730000001
development01,R98-C2,EVENT-STRUCT,634,653,FULL,0,20.000000000000004,19,4,1.0000000000000036,0,0,615.22779739999999
development01,R98-C2,EVENT-STRUCT,635,654,FULL,0,22,21,13,1,0,0,615.62700159999997
development01,R98-C2,EVENT-STRUCT,636,655,FULL,0,22,21,14,1,0,0,615.8666283
development01,R98-C2,EVENT-STRUCT,637,656,FULL,0,18,17,7,1,0,0,615.97276179999994
development01,R98-C2,EVENT-STRUCT,638,657,FULL,0,22,21,13,1,0,0,617.24670570000001
development01,R98-C2,EVENT-STRUCT,639,658,FULL,0,20,19,4,1,0,0,617.31250009999997
development01,R98-C2,EVENT-STRUCT,640,659,FULL,0,20.000000000000004,19,4,1.0000000000000036,0,0,617.4376565
development01,R98-C2,EVENT-STRUCT,641,660,FULL,0,20,19,4,1,0,0,617.52491940000004
development01,R98-C2,EVENT-STRUCT,642,661,FULL,0,20,19,3,1,0,0,617.85466220000001
development01,R98-C2,EVENT-STRUCT,643,662,FULL,0,20,19,3,1,0,0,618.00726220000001
development01,R98-C2,EVENT-STRUCT,644,663,FULL,0,20.000000000000004,19,2,1.0000000000000036,0,0,618.12613180000005
development01,R98-C2,EVENT-STRUCT,645,664,FULL,0,20.000000000000004,19,2,1.0000000000000036,0,0,618.21606450000002
development01,R98-C2,EVENT-STRUCT,646,665,FULL,0,20.000000000000004,19,2,1.0000000000000036,0,0,618.2754023
development01,R98-C2,EVENT-STRUCT,647,666,FULL,0,20.000000000000007,19,3,1.0000000000000071,0,0,618.34857060000002
development01,R98-C2,EVENT-STRUCT,648,667,FULL,0,20.000000000000004,19,3,1.0000000000000036,0,0,618.41360380000003
development01,R98-C2,EVENT-STRUCT,649,668,FULL,0,20,19,8,1,0,0,618.60311509999997
development01,R98-C2,EVENT-STRUCT,650,669,FULL,0,20,19,6,1,0,0,618.66128519999995
development01,R98-C2,EVENT-STRUCT,651,670,FULL,1,20,19,6,1,0,0,619.19326460000002
development01,R98-C2,EVENT-STRUCT,652,671,FULL,0,22,21,9,1,0,0,619.28276489999996
development01,R98-C2,EVENT-STRUCT,653,672,FULL,0,20.000000000000004,19,2,1.0000000000000036,0,0,619.38570830000003
development01,R98-C2,EVENT-STRUCT,654,673,FULL,0,20.000000000000004,19,2,1.0000000000000036,0,0,619.45034180000005
development01,R98-C2,EVENT-STRUCT,655,674,FULL,0,20.000000000000004,19,2,1.0000000000000036,0,0,619.53888949999998
development01,R98-C2,EVENT-STRUCT,656,675,FULL,0,20.000000000000004,19,2,1.0000000000000036,0,0,619.60443629999997
development01,R98-C2,EVENT-STRUCT,657,676,FULL,0,20.000000000000004,19,4,1.0000000000000036,0,0,619.70444629999997
development01,R98-C2,EVENT-STRUCT,658,677,FULL,0,20.000000000000004,19,2,1.0000000000000036,0,0,619.77997889999995
development01,R98-C2,EVENT-STRUCT,659,678,FULL,0,20.000000000000004,19,3,1.0000000000000036,0,0,619.86296389999995
development01,R98-C2,EVENT-STRUCT,660,679,FULL,0,20.000000000000004,19,3,1.0000000000000036,0,0,619.93010630000003
development01,R98-C2,EVENT-STRUCT,661,680,FULL,0,16,15,7,1,0,0,626.07643080000003
development01,R98-C2,EVENT-STRUCT,663,681,FULL,0,20,19,15,1,0,0,628.15320780000002
development01,R98-C2,EVENT-STRUCT,664,682,FULL,0,20,19,12,1,0,0,628.28713040000002
development01,R98-C2,EVENT-STRUCT,665,683,FULL,0,22,21,15,1,0,0,628.77126620000001
development01,R98-C2,EVENT-STRUCT,666,684,FULL,0,20,19,8,1,0,0,633.69662340000002
development01,R98-C2,EVENT-STRUCT,667,685,FULL,0,18,17,4,1,0,0,633.90466140000001
development01,R98-C2,EVENT-STRUCT,668,686,FULL,0,18,17,6,1,0,0,634.59835290000001
development01,R98-C2,EVENT-STRUCT,669,687,FULL,0,18,17,5,1,0,0,634.68376279999995
development01,R98-C2,EVENT-STRUCT,670,688,FULL,0,20,19,7,1,0,0,634.76926600000002
development01,R98-C2,EVENT-STRUCT,671,689,FULL,0,20,19,4,1,0,0,634.89911170000005
development01,R98-C2,EVENT-STRUCT,672,690,FULL,0,18,17,2,1,0,0,634.99086680000005
development01,R98-C2,EVENT-STRUCT,673,691,A_MST,1,23247.101999999995,23217.516000099997,3389.5859999999993,29.585999899998569,0,0,635.08923240000001
development01,R98-C2,EVENT-STRUCT,674,694,FULL,1,18,17,11,1,0,0,639.19977879999999
development01,R98-C2,EVENT-STRUCT,675,695,FULL,0,18,17,11,1,0,0,639.51526309999997
development01,R98-C2,EVENT-STRUCT,676,696,FULL,0,24,23,9,1,0,0,644.37846679999996
development01,R98-C2,EVENT-STRUCT,677,697,FULL,0,22,21,9,1,0,0,644.51160489999995
development01,R98-C2,EVENT-STRUCT,678,698,FULL,0,22,21,9,1,0,0,644.58115529999998
development01,R98-C2,EVENT-STRUCT,679,699,FULL,0,22,21,6,1,0,0,644.73541009999997
development01,R98-C2,EVENT-STRUCT,680,700,FULL,1,20,19,3,1,0,0,645.02267140000004
development01,R98-C2,EVENT-STRUCT,681,701,FULL,1,20,19,3,1,0,0,645.0968699
development01,R98-C2,EVENT-STRUCT,682,702,FULL,1,20,19,3,1,0,0,645.17681500000003
development01,R98-C2,EVENT-STRUCT,683,703,FULL,1,20.000000000000007,19,3,1.0000000000000071,0,0,645.25019369999995
development01,R98-C2,EVENT-STRUCT,684,704,FULL,1,20,19,4,1,0,0,645.46306509999999
development01,R98-C2,EVENT-STRUCT,685,705,FULL,0,24,23,16,1,0,0,645.70388820000005
development01,R98-C2,EVENT-STRUCT,686,706,FULL,1,20,19,3,1,0,0,645.94392389999996
development01,R98-C2,EVENT-STRUCT,687,707,FULL,1,20,19,2,1,0,0,646.02628079999999
development01,R98-C2,EVENT-STRUCT,688,708,FULL,1,20.000000000000004,19,1,1.0000000000000036,0,0,646.1094081
development01,R98-C2,EVENT-STRUCT,689,709,FULL,0,18,17,13,1,0,0,648.96747640000001
development01,R98-C2,EVENT-STRUCT,690,710,FULL,0,22,21,18,1,0,0,649.34080440000002
development01,R98-C2,EVENT-STRUCT,691,711,FULL,0,20,19,15,1,0,0,649.45361890000004
development01,R98-C2,EVENT-STRUCT,692,712,FULL,0,20,19,16,1,0,0,649.59140790000004
development01,R98-C2,EVENT-STRUCT,693,713,FULL,0,18,17,13,1,0,0,649.90536010000005
development01,R98-C2,EVENT-STRUCT,694,714,FULL,0,18,17,12,1,0,0,650.03232190000006
development01,R98-C2,EVENT-STRUCT,695,715,FULL,0,20,19,16,1,0,0,650.18271030000005
development01,R98-C2,EVENT-STRUCT,696,716,FULL,0,18,17,11,1,0,0,650.30927389999999
development01,R98-C2,EVENT-STRUCT,697,717,FULL,0,18.000000000000011,17,11,1.0000000000000107,0,0,651.13726010000005
development01,R98-C2,EVENT-STRUCT,698,718,FULL,0,18,17,10,1,0,0,651.28259300000002
development01,R98-C2,EVENT-STRUCT,699,719,FULL,0,20,19,8,1,0,0,651.73714319999999
development01,R98-C2,EVENT-STRUCT,700,720,FULL,0,22,21,2,1,0,0,654.68504080000002
development01,R98-C2,EVENT-STRUCT,701,721,FULL,0,22,21,-1,1,0,0,655.2201407
development01,R98-C2,EVENT-STRUCT,702,722,FULL,0,18,17,6,1,0,0,659.85546190000002
development01,R98-C2,EVENT-STRUCT,703,723,FULL,0,16,15,3,1,0,0,659.98213220000002
development01,R98-C2,EVENT-STRUCT,704,724,A_MST,1,25291.579999999998,25175.6400001,10787.819999999998,115.93999989999793,0,0,660.17646739999998
development01,R98-C2,EVENT-STRUCT,705,727,FULL,0,18,17,7,1,0,0,665.8096888
development01,R98-C2,EVENT-STRUCT,706,728,FULL,0,18,17,7,1,0,0,665.90930109999999
development01,R98-C2,EVENT-STRUCT,707,729,FULL,0,18,17,13,1,0,0,668.55817119999995
development01,R98-C2,EVENT-STRUCT,708,730,FULL,0,18,17,8,1,0,0,668.71078
development01,R98-C2,EVENT-STRUCT,709,731,FULL,0,16,15,6,1,0,0,668.79299049999997
development01,R98-C2,EVENT-STRUCT,710,732,FULL,0,16,15,9,1,0,0,668.85674280000001
development01,R98-C2,EVENT-STRUCT,711,733,FULL,0,15.999999999999998,15,3,0.99999999999999822,0,0,670.70923800000003
development01,R98-C2,EVENT-STRUCT,712,734,FULL,0,15.999999999999998,15,2,0.99999999999999822,0,0,670.83928800000001
development01,R98-C2,EVENT-STRUCT,713,735,FULL,0,18,17,10,1,0,0,672.78492589999996
development01,R98-C2,EVENT-STRUCT,714,736,FULL,0,18,17,10,1,0,0,672.90644369999995
development01,R98-C2,EVENT-STRUCT,715,737,FULL,0,18,17,8,1,0,0,673.16303259999995
development01,R98-C2,EVENT-STRUCT,716,738,FULL,0,20,19,5,1,0,0,674.99844599999994
development01,R98-C2,EVENT-STRUCT,717,739,FULL,0,18,17,2,1,0,0,675.16081689999999
development01,R98-C2,EVENT-STRUCT,718,740,FULL,0,20,19,5,1,0,0,675.64371519999997
development01,R98-C2,EVENT-STRUCT,719,741,FULL,0,14,13,1,1,0,0,676.3350216
development01,R98-C2,EVENT-STRUCT,720,742,FULL,1,20,19,8,1,0,0,676.65740410000001
development01,R98-C2,EVENT-STRUCT,721,743,FULL,1,20,19,8,1,0,0,676.83113330000003
development01,R98-C2,EVENT-STRUCT,722,744,FULL,1,19.999999999999996,19,8,0.99999999999999645,0,0,676.93713879999996
development01,R98-C2,EVENT-STRUCT,723,745,FULL,1,20,19,8,1,0,0,677.09391170000004
development01,R98-C2,EVENT-STRUCT,724,746,FULL,1,20,19,8,1,0,0,677.2599262
development01,R98-C2,EVENT-STRUCT,725,747,FULL,1,20,19,8,1,0,0,677.45390459999999
development01,R98-C2,EVENT-STRUCT,726,748,FULL,1,20,19,8,1,0,0,677.5374395
development01,R98-C2,EVENT-STRUCT,727,749,FULL,1,20,19,8,1,0,0,677.68743910000001
development01,R98-C2,EVENT-STRUCT,728,750,FULL,1,20,19,8,1,0,0,677.81084099999998
development01,R98-C2,EVENT-STRUCT,729,751,FULL,1,20,19,8,1,0,0,677.90177359999996
development01,R98-C2,EVENT-STRUCT,730,752,FULL,1,20,19,8,1,0,0,677.98310160000005
development01,R98-C2,EVENT-STRUCT,731,753,FULL,0,22,21,13,1,0,0,679.57359459999998
development01,R98-C2,EVENT-STRUCT,732,754,FULL,0,22,21,17,1,0,0,680.68712519999997
development01,R98-C2,EVENT-STRUCT,733,755,FULL,0,20,19,7,1,0,0,681.1317335
development01,R98-C2,EVENT-STRUCT,734,756,FULL,0,20,19,8,1,0,0,681.22708050000006
development01,R98-C2,EVENT-STRUCT,735,757,FULL,0,24,23,12,1,0,0,681.29868710000005
development01,R98-C2,EVENT-STRUCT,736,758,FULL,1,24,23,6,1,0,0,681.58743300000003
development01,R98-C2,EVENT-STRUCT,737,759,FULL,1,24,23,5,1,0,0,681.8287358
development01,R98-C2,EVENT-STRUCT,738,760,FULL,1,24,23,5,1,0,0,681.93497560000003
development01,R98-C2,EVENT-STRUCT,739,761,FULL,1,24,23,5,1,0,0,682.04066439999997
development01,R98-C2,EVENT-STRUCT,740,762,FULL,1,23.999999999999964,23,5,0.99999999999996447,0,0,682.11760879999997
development01,R98-C2,EVENT-STRUCT,741,763,FULL,0,20,19,7,1,0,0,682.37684650000006
development01,R98-C2,EVENT-STRUCT,742,764,FULL,0,20,19,6,1,0,0,682.52548709999996
development01,R98-C2,EVENT-STRUCT,743,765,FULL,0,20,19,6,1,0,0,682.68697680000002
development01,R98-C2,EVENT-STRUCT,744,766,FULL,1,22,21,3,1,0,0,682.89288599999998
development01,R98-C2,EVENT-STRUCT,745,767,FULL,1,22,21,3,1,0,0,682.98797520000005
development01,R98-C2,EVENT-STRUCT,746,768,FULL,1,22,21,2,1,0,0,683.13332909999997
development01,R98-C2,EVENT-STRUCT,747,769,FULL,1,22,21,2,1,0,0,683.38247309999997
development01,R98-C2,EVENT-STRUCT,748,770,FULL,1,22,21,2,1,0,0,683.46399429999997
development01,R98-C2,EVENT-STRUCT,749,771,FULL,1,22,21,2,1,0,0,683.54874770000004
development01,R98-C2,EVENT-STRUCT,750,772,FULL,0,18,17,10,1,0,0,685.07664439999996
development01,R98-C2,EVENT-STRUCT,751,773,FULL,0,18,17,14,1,0,0,685.79097409999997
development01,R98-C2,EVENT-STRUCT,752,774,FULL,0,20,19,17,1,0,0,685.86726350000004
development01,R98-C2,EVENT-STRUCT,753,775,FULL,0,20,19,13,1,0,0,686.15857900000003
development01,R98-C2,EVENT-STRUCT,754,776,FULL,0,22,21,11,1,0,0,688.59750529999997
development01,R98-C2,EVENT-STRUCT,755,777,FULL,0,18,17,10,1,0,0,688.78429659999995
development01,R98-C2,EVENT-STRUCT,756,778,FULL,0,18,17,11,1,0,0,689.20098529999996
development01,R98-C2,EVENT-STRUCT,757,779,FULL,0,18,17,10,1,0,0,689.79413709999994
development01,R98-C2,EVENT-STRUCT,758,780,FULL,1,24,23,14,1,0,0,689.93471160000001
development01,R98-C2,EVENT-STRUCT,759,781,FULL,0,22,21,10,1,0,0,690.13870259999999
development01,R98-C2,EVENT-STRUCT,760,782,FULL,0,22,21,10,1,0,0,690.23981600000002
development01,R98-C2,EVENT-STRUCT,761,783,FULL,0,22,21,9,1,0,0,690.31749139999999
development01,R98-C2,EVENT-STRUCT,762,784,FULL,0,22,21,20,1,0,0,691.58111340000005
development01,R98-C2,EVENT-STRUCT,763,785,FULL,2,20,19,12,1,0,0,693.21493029999999
development01,R98-C2,EVENT-STRUCT,764,786,FULL,0,22,21,15,1,0,0,693.90877539999997
development01,R98-C2,EVENT-STRUCT,765,787,FULL,0,20,19,14,1,0,0,695.39014550000002
development01,R98-C2,EVENT-STRUCT,766,788,FULL,0,22,21,9,1,0,0,699.52046959999996
development01,R98-C2,EVENT-STRUCT,767,789,FULL,0,22,21,9,1,0,0,699.58249569999998
development01,R98-C2,EVENT-STRUCT,768,790,FULL,0,22,21,9,1,0,0,699.67426290000003
development01,R98-C2,EVENT-STRUCT,769,791,FULL,0,22,21,9,1,0,0,699.76657539999997
development01,R98-C2,EVENT-STRUCT,770,792,FULL,0,22,21,9,1,0,0,699.83230979999996
development01,R98-C2,EVENT-STRUCT,771,793,FULL,0,21.999999999999996,21,9,0.99999999999999645,0,0,699.8912947
development01,R98-C2,EVENT-STRUCT,772,794,FULL,0,16,15,10,1,0,0,702.73243409999998
development01,R98-C2,EVENT-STRUCT,773,795,FULL,0,18,17,12,1,0,0,703.93620699999997
development01,R98-C2,EVENT-STRUCT,774,796,FULL,1,20,19,15,1,0,0,704.10127409999996
development01,R98-C2,EVENT-STRUCT,775,797,FULL,1,22,21,13,1,0,0,704.24739780000004
development01,R98-C2,EVENT-STRUCT,776,798,FULL,1,20,19,14,1,0,0,704.46973539999999
development01,R98-C2,EVENT-STRUCT,777,799,FULL,0,22,21,18,1,0,0,704.83484559999999
development01,R98-C2,EVENT-STRUCT,778,800,FULL,1,24.000000000000004,23,12,1.0000000000000036,0,0,705.06732299999999
development01,R98-C2,EVENT-STRUCT,779,801,FULL,0,16,15,6,1,0,0,708.40167410000004
development01,R98-C2,EVENT-STRUCT,780,802,FULL,0,14,13,3,1,0,0,708.48833430000002
development01,R98-C2,EVENT-STRUCT,781,803,FULL,0,16,15,6,1,0,0,708.57491700000003
development01,R98-C2,EVENT-STRUCT,782,804,FULL,0,12,11,0,1,0,0,709.45256619999998
development01,R98-C2,EVENT-STRUCT,783,805,FULL,0,20,19,12,1,0,0,710.13392690000001
development01,R98-C2,EVENT-STRUCT,784,806,FULL,0,16,15,4,1,0,0,710.35885180000002
development01,R98-C2,EVENT-STRUCT,785,807,FULL,0,16,15,6,1,0,0,710.54258249999998
development01,R98-C2,EVENT-STRUCT,786,808,FULL,0,14,13,0,1,0,0,710.66036819999999
development01,R98-C2,EVENT-STRUCT,787,809,FULL,0,13.999999999999998,13,-1,0.99999999999999822,0,0,710.75697170000001
development01,R98-C2,EVENT-STRUCT,788,810,FULL,0,16,15,-1,1,0,0,710.83167660000004
development01,R98-C2,EVENT-STRUCT,789,811,FULL,0,16,15,-1,1,0,0,710.90979990000005
development01,R98-C2,EVENT-STRUCT,790,812,FULL,0,15.999999999999968,15,-1,0.99999999999996803,0,0,710.98866840000005
development01,R98-C2,EVENT-STRUCT,791,813,FULL,0,13.999999999999998,13,-1,0.99999999999999822,0,0,711.08262009999999
development01,R98-C2,EVENT-STRUCT,792,814,FULL,0,14,13,-1,1,0,0,711.14797109999995
development01,R98-C2,EVENT-STRUCT,793,815,FULL,0,14,13,-1,1,0,0,711.29010100000005
development01,R98-C2,EVENT-STRUCT,794,816,FULL,0,14,13,-1,1,0,0,711.36686899999995
development01,R98-C2,EVENT-STRUCT,795,817,FULL,1,18,17,8,1,0,0,716.36650699999996
development01,R98-C2,EVENT-STRUCT,796,818,FULL,0,20,19,-3,1,0,0,716.63737900000001
development01,R98-C2,EVENT-STRUCT,797,819,FULL,0,20,19,2,1,0,0,717.01905399999998
development01,R98-C2,EVENT-STRUCT,798,820,FULL,0,20,19,0,1,0,0,717.10860679999996
development01,R98-C2,EVENT-STRUCT,799,821,FULL,0,20,19,-4,1,0,0,717.48558539999999
development01,R98-C2,EVENT-STRUCT,800,822,A_MST,2,17909.579999999994,17724.650000099999,6609.8599999999988,184.92999989999589,0,0,717.74670809999998
development01,R98-C2,EVENT-STRUCT,801,825,FULL,1,22,21,13,1,0,0,717.85875450000003
development01,R98-C2,EVENT-STRUCT,802,826,FULL,0,18,17,1,1,0,0,717.98384290000001
development01,R98-C2,EVENT-STRUCT,803,827,FULL,0,18,17,4,1,0,0,718.13887260000001
development01,R98-C2,EVENT-STRUCT,804,828,FULL,0,16,15,1,1,0,0,718.25869829999999
development01,R98-C2,EVENT-STRUCT,805,829,A_MST,2,18035.921999999999,18029.935000099998,6731.9739999999993,5.9869999000002281,0,0,718.35345570000004
development01,R98-C2,EVENT-STRUCT,806,832,FULL,0,16,15,-4,1,0,0,718.50711369999999
development01,R98-C2,EVENT-STRUCT,807,833,FULL,0,20,19,-5,1,0,0,718.75261560000001
development01,R98-C2,EVENT-STRUCT,808,834,FULL,0,20,19,-6,1,0,0,719.01770550000003
development01,R98-C2,EVENT-STRUCT,809,835,FULL,0,20.000000000000004,19,-5,1.0000000000000036,0,0,719.08432340000002
development01,R98-C2,EVENT-STRUCT,810,836,FULL,0,20.000000000000004,19,-5,1.0000000000000036,0,0,719.17509419999999
development01,R98-C2,EVENT-STRUCT,811,837,FULL,0,20,19,-6,1,0,0,719.24143790000005
development01,R98-C2,EVENT-STRUCT,812,838,FULL,2,26,25,16,1,0,0,723.37099179999996
development01,R98-C2,EVENT-STRUCT,813,839,FULL,1,20,19,13,1,0,0,723.51745430000005
development01,R98-C2,EVENT-STRUCT,814,840,FULL,1,20,19,11,1,0,0,724.23028099999999
development01,R98-C2,EVENT-STRUCT,815,841,FULL,1,20,19,10,1,0,0,724.69057150000003
development01,R98-C2,EVENT-STRUCT,816,842,FULL,1,19.999999999999947,19,8,0.99999999999994671,0,0,725.11399180000001
development01,R98-C2,EVENT-STRUCT,817,843,FULL,1,20.000000000000025,19,8,1.0000000000000249,0,0,725.20006799999999
development01,R98-C2,EVENT-STRUCT,818,844,FULL,1,19.999999999999996,19,8,0.99999999999999645,0,0,725.28485709999995
development01,R98-C2,EVENT-STRUCT,819,845,FULL,1,20,19,8,1,0,0,725.37064940000005
development01,R98-C2,EVENT-STRUCT,820,846,FULL,1,20,19,8,1,0,0,725.46201129999997
development01,R98-C2,EVENT-STRUCT,821,847,FULL,1,18,17,15,1,0,0,729.25120649999997
development01,R98-C2,EVENT-STRUCT,822,848,FULL,0,20,19,10,1,0,0,729.37121490000004
development01,R98-C2,EVENT-STRUCT,823,849,FULL,1,18,17,10,1,0,0,729.60426329999996
development01,R98-C2,EVENT-STRUCT,824,850,FULL,1,18,17,10,1,0,0,730.67817339999999
development01,R98-C2,EVENT-STRUCT,825,851,FULL,0,18,17,11,1,0,0,731.24230279999995
development01,R98-C2,EVENT-STRUCT,826,852,FULL,0,20,19,16,1,0,0,731.85271460000001
development01,R98-C2,EVENT-STRUCT,827,853,FULL,0,20,19,15,1,0,0,731.94773190000001
development01,R98-C2,EVENT-STRUCT,828,854,FULL,1,20,19,13,1,0,0,737.74028780000003
development01,R98-C2,EVENT-STRUCT,829,855,FULL,1,20,19,13,1,0,0,737.91272179999999
development01,R98-C2,EVENT-STRUCT,830,856,FULL,0,18,17,12,1,0,0,738.03841190000003
development01,R98-C2,EVENT-STRUCT,831,857,FULL,0,18,17,3,1,0,0,742.60072730000002
development01,R98-C2,EVENT-STRUCT,832,858,FULL,1,20,19,14,1,0,0,743.40544899999998
development01,R98-C2,EVENT-STRUCT,833,859,FULL,2,26,25,12,1,0,0,744.45413340000005
development01,R98-C2,EVENT-STRUCT,834,860,FULL,0,16,15,8,1,0,0,747.23589449999997
development01,R98-C2,EVENT-STRUCT,835,861,FULL,0,20,19,15,1,0,0,747.43558919999998
development01,R98-C2,EVENT-STRUCT,836,862,FULL,0,20,19,4,1,0,0,751.87678489999996
development01,R98-C2,EVENT-STRUCT,837,863,FULL,0,18,17,-1,1,0,0,752.21353150000004
development01,R98-C2,EVENT-STRUCT,838,864,FULL,0,20,19,1,1,0,0,752.47431010000003
development01,R98-C2,EVENT-STRUCT,839,865,FULL,0,17.999999999999996,17,-1,0.99999999999999645,0,0,752.57121540000003
development01,R98-C2,EVENT-STRUCT,840,866,FULL,0,18,17,-1,1,0,0,752.70406519999995
development01,R98-C2,EVENT-STRUCT,841,867,FULL,0,18,17,-1,1,0,0,752.81575090000001
development01,R98-C2,EVENT-STRUCT,842,868,FULL,0,17.999999999999996,17,-1,0.99999999999999645,0,0,752.91292910000004
development01,R98-C2,EVENT-STRUCT,843,869,FULL,0,18,17,-1,1,0,0,752.98215119999998
development01,R98-C2,EVENT-STRUCT,844,870,FULL,0,17.999999999999996,17,-1,0.99999999999999645,0,0,753.10274649999997
development01,R98-C2,EVENT-STRUCT,845,871,FULL,0,18,17,-1,1,0,0,753.18436569999994
development01,R98-C2,EVENT-STRUCT,846,872,FULL,0,17.999999999999996,17,-2,0.99999999999999645,0,0,753.28801050000004
development01,R98-C2,EVENT-STRUCT,847,873,FULL,0,18.000000000000181,17,-2,1.0000000000001812,0,0,753.36722980000002
development01,R98-C2,EVENT-STRUCT,848,874,FULL,0,17.999999999999996,17,-2,0.99999999999999645,0,0,753.42973110000003
development01,R98-C2,EVENT-STRUCT,849,875,FULL,0,18.000000000000021,17,-1,1.0000000000000213,0,0,753.51976569999999
development01,R98-C2,EVENT-STRUCT,850,876,FULL,0,17.999999999999996,17,-2,0.99999999999999645,0,0,753.59034140000006
development01,R98-C2,EVENT-STRUCT,851,877,FULL,0,18,17,-2,1,0,0,753.67111950000003
development01,R98-C2,EVENT-STRUCT,852,878,FULL,0,17.999999999999996,17,-2,0.99999999999999645,0,0,753.73360360000004
development01,R98-C2,EVENT-STRUCT,853,879,FULL,0,18,17,-1,1,0,0,753.80502579999995
development01,R98-C2,EVENT-STRUCT,854,880,FULL,0,18,17,-1,1,0,0,753.86572290000004
development01,R98-C2,EVENT-STRUCT,855,881,FULL,0,18,17,-1,1,0,0,753.92590710000002
development01,R98-C2,EVENT-STRUCT,856,882,FULL,0,18,17,-1,1,0,0,753.98899370000004
development01,R98-C2,EVENT-STRUCT,857,883,FULL,0,20,19,15,1,0,0,756.57253400000002
development01,R98-C2,EVENT-STRUCT,858,884,FULL,0,20,19,14,1,0,0,756.63102370000001
development01,R98-C2,EVENT-STRUCT,859,885,FULL,1,18,17,11,1,0,0,756.7647303
development01,R98-C2,EVENT-STRUCT,860,886,FULL,0,16,15,6,1,0,0,757.04601109999999
development01,R98-C2,EVENT-STRUCT,861,887,FULL,0,20,19,13,1,0,0,763.89200419999997
development01,R98-C2,EVENT-STRUCT,862,888,FULL,0,22,21,18,1,0,0,763.98622169999999
development01,R98-C2,EVENT-STRUCT,863,889,FULL,2,22,21,8,1,0,0,764.30443439999999
development01,R98-C2,EVENT-STRUCT,864,890,FULL,0,18,17,7,1,0,0,764.47640290000004
development01,R98-C2,EVENT-STRUCT,865,891,FULL,0,18,17,13,1,0,0,764.66387910000003
development01,R98-C2,EVENT-STRUCT,866,892,FULL,0,16,15,9,1,0,0,767.43871860000002
development01,R98-C2,EVENT-STRUCT,867,893,FULL,0,18,17,8,1,0,0,771.42008069999997
development01,R98-C2,EVENT-STRUCT,868,894,FULL,0,18,17,7,1,0,0,772.22300910000001
development01,R98-C2,EVENT-STRUCT,869,895,FULL,0,18,17,6,1,0,0,772.46582279999996
development01,R98-C2,EVENT-STRUCT,870,896,FULL,0,16,15,5,1,0,0,772.70971150000003
development01,R98-C2,EVENT-STRUCT,871,897,FULL,0,18,17,5,1,0,0,776.08683870000004
development01,R98-C2,EVENT-STRUCT,872,898,FULL,0,18,17,3,1,0,0,776.51438970000004
development01,R98-C2,EVENT-STRUCT,873,899,FULL,0,17.999999999999929,17,1,0.99999999999992895,0,0,776.61747060000005
development01,R98-C2,EVENT-STRUCT,874,900,FULL,0,17.999999999999996,17,0,0.99999999999999645,0,0,777.17189089999999
development01,R98-C2,EVENT-STRUCT,875,901,FULL,0,17.999999999999996,17,0,0.99999999999999645,0,0,777.36370820000002
development01,R98-C2,EVENT-STRUCT,876,902,FULL,0,18.000000000001439,17,0,1.0000000000014388,0,0,777.46316539999998
development01,R98-C2,EVENT-STRUCT,877,903,FULL,0,18,17,3,1,0,0,777.78206179999995
development01,R98-C2,EVENT-STRUCT,878,904,FULL,0,18,17,1,1,0,0,778.00829199999998
development01,R98-C2,EVENT-STRUCT,879,905,FULL,0,18,17,-1,1,0,0,778.13148149999995
development01,R98-C2,EVENT-STRUCT,880,906,FULL,0,16,15,10,1,0,0,779.3780385
development01,R98-C2,EVENT-STRUCT,881,907,FULL,0,16,15,9,1,0,0,779.49201370000003
development01,R98-C2,EVENT-STRUCT,882,908,FULL,0,18,17,9,1,0,0,779.76563369999997
development01,R98-C2,EVENT-STRUCT,883,909,FULL,1,20,19,13,1,0,0,780.12692319999996
development01,R98-C2,EVENT-STRUCT,884,910,FULL,0,18,17,9,1,0,0,780.86349419999999
development01,R98-C2,EVENT-STRUCT,885,911,FULL,0,18,17,8,1,0,0,781.08344030000001
development01,R98-C2,EVENT-STRUCT,886,912,FULL,0,20,19,12,1,0,0,781.41434130000005
development01,R98-C2,EVENT-STRUCT,887,913,FULL,0,16,15,8,1,0,0,785.49716809999995
development01,R98-C2,EVENT-STRUCT,888,914,FULL,0,18,17,-3,1,0,0,785.65495239999996
development01,R98-C2,EVENT-STRUCT,889,915,FULL,0,18,17,-3,1,0,0,785.80605170000001
development01,R98-C2,EVENT-STRUCT,890,916,FULL,1,18,17,5,1,0,0,786.00806290000003
development01,R98-C2,EVENT-STRUCT,891,917,FULL,1,17.999999999999993,17,5,0.99999999999999289,0,0,786.21733180000001
development01,R98-C2,EVENT-STRUCT,892,918,FULL,1,17.999999999999993,17,5,0.99999999999999289,0,0,786.30227879999995
development01,R98-C2,EVENT-STRUCT,893,919,FULL,1,18.000000000000007,17,4,1.0000000000000071,0,0,786.41832739999995
development01,R98-C2,EVENT-STRUCT,894,920,FULL,1,17.999999999999996,17,4,0.99999999999999645,0,0,786.50020629999995
development01,R98-C2,EVENT-STRUCT,895,921,FULL,1,18,17,5,1,0,0,786.58584089999999
development01,R98-C2,EVENT-STRUCT,896,922,FULL,0,18,17,7,1,0,0,788.62124300000005
development01,R98-C2,EVENT-STRUCT,897,923,FULL,0,18,17,8,1,0,0,790.35435540000003
development01,R98-C2,EVENT-STRUCT,898,924,FULL,0,20,19,9,1,0,0,790.73380039999995
development01,R98-C2,EVENT-STRUCT,899,925,FULL,0,14,13,-4,1,0,0,791.32812509999997
development01,R98-C2,EVENT-STRUCT,900,926,FULL,0,14,13,-4,1,0,0,791.43186279999998
development01,R98-C2,EVENT-STRUCT,901,927,FULL,0,13.999999999999998,13,-4,0.99999999999999822,0,0,791.50111709999999
development01,R98-C2,EVENT-STRUCT,902,928,FULL,0,14,13,-5,1,0,0,791.57016309999995
development01,R98-C2,EVENT-STRUCT,903,929,FULL,0,16,15,0,1,0,0,791.75206600000001
development01,R98-C2,EVENT-STRUCT,904,930,FULL,0,16,15,0,1,0,0,791.89738809999994
development01,R98-C2,EVENT-STRUCT,905,931,FULL,0,14,13,-6,1,0,0,794.02454360000002
development01,R98-C2,EVENT-STRUCT,906,932,FULL,0,14,13,-6,1,0,0,794.1054163
development01,R98-C2,EVENT-STRUCT,907,933,FULL,0,14,13,-5,1,0,0,794.16600519999997
development01,R98-C2,EVENT-STRUCT,908,934,FULL,0,14,13,-6,1,0,0,794.23038440000005
development01,R98-C2,EVENT-STRUCT,909,935,FULL,0,20,19,14,1,0,0,798.01354430000004
development01,R98-C2,EVENT-STRUCT,910,936,FULL,0,18,17,12,1,0,0,798.06640649999997
development01,R98-C2,EVENT-STRUCT,911,937,FULL,0,20,19,12,1,0,0,798.19764299999997
development01,R98-C2,EVENT-STRUCT,912,938,FULL,0,20,19,13,1,0,0,798.68118630000004
development01,R98-C2,EVENT-STRUCT,913,939,FULL,0,20,19,13,1,0,0,799.01496090000001
development01,R98-C2,EVENT-STRUCT,914,940,A_MST,2,21327.634999999995,21160.830000099995,3166.8049999999994,166.80499989999953,0,0,799.39580209999997
development01,R98-C2,EVENT-STRUCT,915,943,FULL,0,18,17,9,1,0,0,800.7132398
development01,R98-C2,EVENT-STRUCT,916,944,FULL,0,20,19,11,1,0,0,800.77063650000002
development01,R98-C2,EVENT-STRUCT,917,945,FULL,0,18,17,13,1,0,0,801.32273039999995
development01,R98-C2,EVENT-STRUCT,918,946,FULL,0,20,19,16,1,0,0,804.68439290000003
development01,R98-C2,EVENT-STRUCT,919,947,FULL,0,20,19,16,1,0,0,805.15406489999998
development01,R98-C2,EVENT-STRUCT,920,948,FULL,0,20,19,15,1,0,0,805.22944940000002
development01,R98-C2,EVENT-STRUCT,921,949,FULL,0,18,17,10,1,0,0,805.43623030000003
development01,R98-C2,EVENT-STRUCT,922,950,FULL,0,20,19,14,1,0,0,805.61578429999997
development01,R98-C2,EVENT-STRUCT,923,951,FULL,0,16,15,9,1,0,0,807.87177770000005
development01,R98-C2,EVENT-STRUCT,924,952,FULL,0,20,19,7,1,0,0,808.47405230000004
development01,R98-C2,EVENT-STRUCT,925,953,FULL,0,14,13,3,1,0,0,808.65608799999995
development01,R98-C2,EVENT-STRUCT,926,954,FULL,2,26,25,12,1,0,0,808.82887089999997
development01,R98-C2,EVENT-STRUCT,927,955,FULL,0,18,17,6,1,0,0,808.92823550000003
development01,R98-C2,EVENT-STRUCT,928,956,FULL,0,18,17,6,1,0,0,809.04430160000004
development01,R98-C2,EVENT-STRUCT,929,957,FULL,0,20,19,17,1,0,0,813.80209400000001
development01,R98-C2,EVENT-STRUCT,930,958,FULL,0,18,17,13,1,0,0,814.13335989999996
development01,R98-C2,EVENT-STRUCT,931,959,FULL,0,18,17,8,1,0,0,816.14372300000002
development01,R98-C2,EVENT-STRUCT,932,960,FULL,0,14,13,1,1,0,0,824.15106779999996
development01,R98-C2,EVENT-STRUCT,933,961,FULL,0,18,17,8,1,0,0,832.25083289999998
development01,R98-C2,EVENT-STRUCT,934,962,FULL,0,20,19,0,1,0,0,837.91985460000001
development01,R98-C2,EVENT-STRUCT,935,963,FULL,0,20.000000000000011,19,0,1.0000000000000107,0,0,838.08499540000003
development01,R98-C2,EVENT-STRUCT,936,964,FULL,0,20,19,6,1,0,0,838.52224090000004
development01,R98-C2,EVENT-STRUCT,937,965,FULL,0,20,19,-1,1,0,0,838.77232730000003
development01,R98-C2,EVENT-STRUCT,938,966,FULL,0,20.000000000000004,19,-1,1.0000000000000036,0,0,838.83506199999999
development01,R98-C2,EVENT-STRUCT,939,967,FULL,0,20.000000000000004,19,-1,1.0000000000000036,0,0,838.90009310000005
development01,R98-C2,EVENT-STRUCT,940,968,FULL,0,20,19,0,1,0,0,838.98480940000002
development01,R98-C2,EVENT-STRUCT,941,969,FULL,0,20.000000000000004,19,-1,1.0000000000000036,0,0,839.06413729999997
development01,R98-C2,EVENT-STRUCT,942,970,FULL,0,20,19,1,1,0,0,839.16252129999998
development01,R98-C2,EVENT-STRUCT,943,971,FULL,0,20,19,0,1,0,0,839.23123629999998
development01,R98-C2,EVENT-STRUCT,944,972,FULL,0,20.000000000000004,19,0,1.0000000000000036,0,0,839.32443230000001
development01,R98-C2,EVENT-STRUCT,945,973,FULL,0,20.000000000000007,19,0,1.0000000000000071,0,0,839.39127410000003
development01,R98-C2,EVENT-STRUCT,946,974,FULL,0,20,19,13,1,0,0,842.67033679999997
development01,R98-C2,EVENT-STRUCT,947,975,FULL,0,18,17,12,1,0,0,844.88795500000003
development01,R98-C2,EVENT-STRUCT,948,976,FULL,0,18,17,10,1,0,0,845.00717110000005
development01,R98-C2,EVENT-STRUCT,949,977,FULL,0,22,21,16,1,0,0,845.14476230000002
development01,R98-C2,EVENT-STRUCT,950,978,FULL,0,18,17,6,1,0,0,845.30919349999999
development01,R98-C2,EVENT-STRUCT,951,979,FULL,0,17.999999999999996,17,5,0.99999999999999645,0,0,845.44731539999998
development01,R98-C2,EVENT-STRUCT,952,980,FULL,0,20,19,12,1,0,0,850.02714319999995
development01,R98-C2,EVENT-STRUCT,953,981,FULL,0,20,19,11,1,0,0,850.34644170000001
development01,R98-C2,EVENT-STRUCT,954,982,FULL,1,20,19,11,1,0,0,850.4938353
development01,R98-C2,EVENT-STRUCT,955,983,FULL,1,22,21,12,1,0,0,850.72254869999995
development01,R98-C2,EVENT-STRUCT,956,984,FULL,0,22,21,13,1,0,0,850.93491289999997
development01,R98-C2,EVENT-STRUCT,957,985,FULL,0,20,19,6,1,0,0,851.08110729999999
development01,R98-C2,EVENT-STRUCT,958,986,FULL,1,26,25,8,1,0,0,852.01528410000003
development01,R98-C2,EVENT-STRUCT,959,987,FULL,0,16,15,8,1,0,0,852.32368150000002
development01,R98-C2,EVENT-STRUCT,960,988,FULL,1,22,21,11,1,0,0,852.57957320000003
development01,R98-C2,EVENT-STRUCT,961,989,FULL,1,24,23,11,1,0,0,852.67404729999998
development01,R98-C2,EVENT-STRUCT,962,990,FULL,0,18,17,2,1,0,0,852.8164233
development01,R98-C2,EVENT-STRUCT,963,991,FULL,1,25.999999999999993,25,9,0.99999999999999289,0,0,853.04190289999997
development01,R98-C2,EVENT-STRUCT,964,992,FULL,1,26,25,9,1,0,0,853.26643590000003
development01,R98-C2,EVENT-STRUCT,965,993,FULL,1,26,25,8,1,0,0,853.42930090000004
development01,R98-C2,EVENT-STRUCT,966,994,FULL,1,26,25,7,1,0,0,853.51100369999995
development01,R98-C2,EVENT-STRUCT,967,995,FULL,1,26,25,8,1,0,0,853.6063193
development01,R98-C2,EVENT-STRUCT,968,996,FULL,0,20,19,5,1,0,0,853.82518349999998
development01,R98-C2,EVENT-STRUCT,969,997,FULL,1,18,17,9,1,0,0,854.04238969999994
development01,R98-C2,EVENT-STRUCT,970,998,FULL,1,26,25,7,1,0,0,854.21235290000004
development01,R98-C2,EVENT-STRUCT,971,999,FULL,1,26,25,7,1,0,0,854.32510230000003
development01,R98-C2,EVENT-STRUCT,972,1000,FULL,1,26,25,7,1,0,0,854.42516669999998
development01,R98-C2,EVENT-STRUCT,973,1001,FULL,1,26,25,7,1,0,0,854.5043253
development01,R98-C2,EVENT-STRUCT,974,1002,FULL,0,18,17,1,1,0,0,858.62723540000002
development01,R98-C2,EVENT-STRUCT,975,1003,FULL,0,18,17,1,1,0,0,859.47836270000005
development01,R98-C2,EVENT-STRUCT,976,1004,A_MST,0,15830.063999999998,15591.720000099998,7315.0319999999992,238.3439999000002,0,0,861.38908679999997
development01,R98-C2,EVENT-STRUCT,977,1007,FULL,0,20,19,11,1,0,0,863.50518969999996
development01,R98-C2,EVENT-STRUCT,978,1008,FULL,0,24,23,21,1,0,0,864.73247849999996
development01,R98-C2,EVENT-STRUCT,979,1009,FULL,0,24,23,18,1,0,0,864.97000709999998
development01,R98-C2,EVENT-STRUCT,980,1010,FULL,0,20,19,18,1,0,0,865.0751156
development01,R98-C2,EVENT-STRUCT,981,1011,FULL,0,22,21,17,1,0,0,865.15625539999996
development01,R98-C2,EVENT-STRUCT,982,1012,FULL,0,22,21,18,1,0,0,865.31350190000001
development01,R98-C2,EVENT-STRUCT,983,1013,FULL,0,22,21,18,1,0,0,865.38066070000002
development01,R98-C2,EVENT-STRUCT,984,1014,FULL,0,22,21,16,1,0,0,865.72798539999997
development01,R98-C2,EVENT-STRUCT,985,1015,FULL,0,24,23,20,1,0,0,865.89700949999997
development01,R98-C2,EVENT-STRUCT,986,1016,FULL,0,20,19,4,1,0,0,866.28704389999996
development01,R98-C2,EVENT-STRUCT,987,1017,FULL,0,19.999999999999993,19,4,0.99999999999999289,0,0,866.45239279999998
development01,R98-C2,EVENT-STRUCT,988,1018,FULL,0,20.000000000000004,19,4,1.0000000000000036,0,0,866.58491479999998
development01,R98-C2,EVENT-STRUCT,989,1019,FULL,0,19.999999999999996,19,3,0.99999999999999645,0,0,866.66987210000002
development01,R98-C2,EVENT-STRUCT,990,1020,FULL,0,20.000000000000004,19,3,1.0000000000000036,0,0,866.74528829999997
development01,R98-C2,EVENT-STRUCT,991,1021,FULL,0,20.000000000000004,19,3,1.0000000000000036,0,0,866.81626570000003
development01,R98-C2,EVENT-STRUCT,992,1022,FULL,0,20.000000000000004,19,3,1.0000000000000036,0,0,866.88978980000002
development01,R98-C2,EVENT-STRUCT,993,1023,FULL,0,20.000000000000004,19,3,1.0000000000000036,0,0,866.95978230000003
development01,R98-C2,EVENT-STRUCT,994,1024,FULL,0,20.000000000000004,19,4,1.0000000000000036,0,0,867.04227600000002
development01,R98-C2,EVENT-STRUCT,995,1025,FULL,0,20.000000000000004,19,4,1.0000000000000036,0,0,867.12604810000005
development01,R98-C2,EVENT-STRUCT,996,1026,FULL,0,20.000000000000004,19,4,1.0000000000000036,0,0,867.22249669999997
development01,R98-C2,EVENT-STRUCT,997,1027,FULL,0,20.000000000000004,19,5,1.0000000000000036,0,0,867.30597920000002
development01,R98-C2,EVENT-STRUCT,998,1028,FULL,1,20,19,8,1,0,0,867.62597229999994
development01,R98-C2,EVENT-STRUCT,999,1029,FULL,0,20,19,8,1,0,0,867.73270190000005
development01,R98-C2,EVENT-STRUCT,1000,1030,FULL,0,20,19,11,1,0,0,867.80170929999997
development01,R98-C2,EVENT-STRUCT,1001,1031,FULL,0,18,17,7,1,0,0,867.92338010000003
development01,R98-C2,EVENT-STRUCT,1002,1032,FULL,0,18,17,11,1,0,0,868.04654240000002
development01,R98-C2,EVENT-STRUCT,1003,1033,FULL,0,18,17,2,1,0,0,868.24842479999995
development01,R98-C2,EVENT-STRUCT,1004,1034,FULL,0,20,19,8,1,0,0,871.22873540000001
development01,R98-C2,EVENT-STRUCT,1005,1035,FULL,0,20,19,6,1,0,0,871.29131180000002
development01,R98-C2,EVENT-STRUCT,1006,1036,FULL,0,18,17,3,1,0,0,871.3887052
development01,R98-C2,EVENT-STRUCT,1007,1037,FULL,0,22,21,7,1,0,0,871.47404770000003
development01,R98-C2,EVENT-STRUCT,1008,1038,FULL,0,18,17,4,1,0,0,872.02428459999999
development01,R98-C2,EVENT-STRUCT,1009,1039,FULL,1,18,17,13,1,0,0,872.1478204
development01,R98-C2,EVENT-STRUCT,1010,1040,FULL,0,18,17,4,1,0,0,872.2961626
development01,R98-C2,EVENT-STRUCT,1011,1041,FULL,0,19.999999999999993,19,1,0.99999999999999289,0,0,872.5547262
development01,R98-C2,EVENT-STRUCT,1012,1042,FULL,0,20,19,0,1,0,0,872.68576729999995
development01,R98-C2,EVENT-STRUCT,1013,1043,FULL,0,20,19,0,1,0,0,872.79876890000003
development01,R98-C2,EVENT-STRUCT,1014,1044,FULL,1,18,17,8,1,0,0,873.31495849999999
development01,R98-C2,EVENT-STRUCT,1015,1045,FULL,0,20,19,2,1,0,0,873.37978720000001
development01,R98-C2,EVENT-STRUCT,1016,1046,FULL,0,20.000000000000004,19,-1,1.0000000000000036,0,0,873.58795650000002
development01,R98-C2,EVENT-STRUCT,1017,1047,FULL,0,18,17,1,1,0,0,874.12631439999996
development01,R98-C2,EVENT-STRUCT,1018,1048,FULL,0,20,19,4,1,0,0,874.30290590000004
development01,R98-C2,EVENT-STRUCT,1019,1049,FULL,0,16,15,4,1,0,0,881.32660490000001
development01,R98-C2,EVENT-STRUCT,1020,1050,FULL,0,22,21,4,1,0,0,885.55247759999997
development01,R98-C2,EVENT-STRUCT,1021,1051,FULL,0,22,21,5,1,0,0,885.62782800000002
development01,R98-C2,EVENT-STRUCT,1022,1052,FULL,0,20,19,1,1,0,0,886.31217600000002
development01,R98-C2,EVENT-STRUCT,1023,1053,FULL,0,20.000000000000004,19,0,1.0000000000000036,0,0,886.42478029999995
development01,R98-C2,EVENT-STRUCT,1024,1054,FULL,0,20.000000000000004,19,1,1.0000000000000036,0,0,886.51573589999998
development01,R98-C2,EVENT-STRUCT,1025,1055,FULL,0,20.000000000000004,19,0,1.0000000000000036,0,0,886.59924850000004
development01,R98-C2,EVENT-STRUCT,1026,1056,FULL,0,20.000000000000007,19,0,1.0000000000000071,0,0,886.67741469999999
development01,R98-C2,EVENT-STRUCT,1027,1057,FULL,0,16,15,1,1,0,0,889.84685939999997
development01,R98-C2,EVENT-STRUCT,1028,1058,FULL,0,18,17,6,1,0,0,890.11559469999997
development01,R98-C2,EVENT-STRUCT,1029,1059,FULL,0,18,17,9,1,0,0,891.5490969
development01,R98-C2,EVENT-STRUCT,1030,1060,FULL,0,18,17,3,1,0,0,891.78464440000005
development01,R98-C2,EVENT-STRUCT,1031,1061,FULL,0,20,19,7,1,0,0,892.13158339999995
development01,R98-C2,EVENT-STRUCT,1032,1062,FULL,0,18,17,8,1,0,0,892.29717789999995
development01,R98-C2,EVENT-STRUCT,1033,1063,FULL,0,18,17,7,1,0,0,892.56339730000002
development01,R98-C2,EVENT-STRUCT,1034,1064,FULL,1,18,17,7,1,0,0,892.69172790000005
development01,R98-C2,EVENT-STRUCT,1035,1065,FULL,0,18,17,-1,1,0,0,892.84552959999996
development01,R98-C2,EVENT-STRUCT,1036,1066,FULL,0,18,17,-1,1,0,0,892.97443039999996
development01,R98-C2,EVENT-STRUCT,1037,1067,FULL,0,18,17,-1,1,0,0,893.05979920000004
development01,R98-C2,EVENT-STRUCT,1038,1068,FULL,0,22,21,8,1,0,0,896.91613380000001
development01,R98-C2,EVENT-STRUCT,1039,1069,FULL,0,20,19,8,1,0,0,897.02998990000003
development01,R98-C2,EVENT-STRUCT,1040,1070,FULL,0,24,23,6,1,0,0,897.7624012
development01,R98-C2,EVENT-STRUCT,1041,1071,A_MST,0,19414.973999999998,19179.145000099998,3355.8289999999997,235.82899990000078,0,0,897.86250399999994
development01,R98-C2,EVENT-STRUCT,1042,1074,FULL,2,24,23,13,1,0,0,900.87119789999997
development01,R98-C2,EVENT-STRUCT,1043,1075,FULL,0,20,19,7,1,0,0,901.99391960000003
development01,R98-C2,EVENT-STRUCT,1044,1076,FULL,0,16,15,4,1,0,0,902.07730079999999
development01,R98-C2,EVENT-STRUCT,1045,1077,FULL,0,20,19,3,1,0,0,902.35652760000005
development01,R98-C2,EVENT-STRUCT,1046,1078,FULL,0,14,13,2,1,0,0,904.53106409999998
development01,R98-C2,EVENT-STRUCT,1047,1079,FULL,0,18,17,3,1,0,0,904.65608259999999
development01,R98-C2,EVENT-STRUCT,1048,1080,FULL,1,16,15,14,1,0,0,912.6890214
development01,R98-C2,EVENT-STRUCT,1049,1081,FULL,0,20,19,14,1,0,0,912.83396270000003
development01,R98-C2,EVENT-STRUCT,1050,1082,FULL,1,18,17,15,1,0,0,912.94993939999995
development01,R98-C2,EVENT-STRUCT,1051,1083,FULL,1,20,19,15,1,0,0,913.29916109999999
development01,R98-C2,EVENT-STRUCT,1052,1084,FULL,0,14,13,3,1,0,0,917.79908929999999
development01,R98-C2,EVENT-STRUCT,1053,1085,FULL,0,14,13,5,1,0,0,917.91436750000003
development01,R98-C2,EVENT-STRUCT,1054,1086,FULL,0,16,15,7,1,0,0,918.00734990000001
development01,R98-C2,EVENT-STRUCT,1055,1087,FULL,0,20,19,-1,1,0,0,920.88133119999998
development01,R98-C2,EVENT-STRUCT,1056,1088,FULL,0,19.999999999999936,19,-1,0.99999999999993605,0,0,920.98421199999996
development01,R98-C2,EVENT-STRUCT,1057,1089,FULL,0,20,19,-1,1,0,0,921.06424330000004
development01,R98-C2,EVENT-STRUCT,1058,1090,FULL,0,20.000000000000004,19,-1,1.0000000000000036,0,0,921.23475599999995
development01,R98-C2,EVENT-STRUCT,1059,1091,FULL,0,18,17,3,1,0,0,921.43925709999996
development01,R98-C2,EVENT-STRUCT,1060,1092,FULL,0,18,17,2,1,0,0,921.69004610000002
development01,R98-C2,EVENT-STRUCT,1061,1093,FULL,0,18,17,7,1,0,0,921.90122199999996
development01,R98-C2,EVENT-STRUCT,1062,1094,FULL,0,18,17,4,1,0,0,922.52635480000004
development01,R98-C2,EVENT-STRUCT,1063,1095,FULL,0,20.000000000000004,19,-1,1.0000000000000036,0,0,922.69994729999996
development01,R98-C2,EVENT-STRUCT,1064,1096,FULL,0,20.000000000000004,19,-2,1.0000000000000036,0,0,922.78884840000001
development01,R98-C2,EVENT-STRUCT,1065,1097,FULL,0,20.000000000000004,19,-2,1.0000000000000036,0,0,922.85411820000002
development01,R98-C2,EVENT-STRUCT,1066,1098,FULL,0,20.000000000000004,19,-2,1.0000000000000036,0,0,922.97842219999995
development01,R98-C2,EVENT-STRUCT,1067,1099,FULL,0,20.000000000000004,19,-2,1.0000000000000036,0,0,923.04041810000001
development01,R98-C2,EVENT-STRUCT,1068,1100,FULL,0,19.999999999999996,19,-1,0.99999999999999645,0,0,923.11797820000004
development01,R98-C2,EVENT-STRUCT,1069,1101,FULL,0,20,19,-1,1,0,0,923.18256369999995
development01,R98-C2,EVENT-STRUCT,1070,1102,FULL,1,20,19,16,1,0,0,927.08398520000003
development01,R98-C2,EVENT-STRUCT,1071,1103,FULL,2,24,23,13,1,0,0,927.29510359999995
development01,R98-C2,EVENT-STRUCT,1072,1104,FULL,2,24,23,14,1,0,0,927.36641420000001
development01,R98-C2,EVENT-STRUCT,1073,1105,FULL,0,18,17,3,1,0,0,927.64651730000003
development01,R98-C2,EVENT-STRUCT,1074,1106,FULL,0,18,17,2,1,0,0,927.82670519999999
development01,R98-C2,EVENT-STRUCT,1075,1107,FULL,0,18.000000000000096,17,3,1.0000000000000959,0,0,927.99499679999997
development01,R98-C2,EVENT-STRUCT,1076,1108,FULL,0,20,19,14,1,0,0,928.23953789999996
development01,R98-C2,EVENT-STRUCT,1077,1109,FULL,1,18,17,13,1,0,0,928.41441850000001
development01,R98-C2,EVENT-STRUCT,1078,1110,FULL,0,18,17,3,1,0,0,928.48722420000001
development01,R98-C2,EVENT-STRUCT,1079,1111,FULL,0,18,17,2,1,0,0,928.56449320000002
development01,R98-C2,EVENT-STRUCT,1080,1112,FULL,0,18,17,1,1,0,0,928.73195829999997
development01,R98-C2,EVENT-STRUCT,1081,1113,FULL,0,18,17,1,1,0,0,928.80732780000005
development01,R98-C2,EVENT-STRUCT,1082,1114,FULL,0,18,17,1,1,0,0,928.96603319999997
development01,R98-C2,EVENT-STRUCT,1083,1115,FULL,0,18,17,1,1,0,0,929.03374340000005
development01,R98-C2,EVENT-STRUCT,1084,1116,FULL,0,18,17,1,1,0,0,929.09801900000002
development01,R98-C2,EVENT-STRUCT,1085,1117,FULL,0,18,17,2,1,0,0,929.15757770000005
development01,R98-C2,EVENT-STRUCT,1086,1118,A_MST,2,19509.617999999999,19058.015000099997,3211.6029999999996,451.60299990000203,0,0,932.87583810000001
development01,R98-C2,EVENT-STRUCT,1087,1121,FULL,1,22,21,7,1,0,0,934.60554290000005
development01,R98-C2,EVENT-STRUCT,1088,1122,FULL,1,18,17,5,1,0,0,934.8166579
development01,R98-C2,EVENT-STRUCT,1089,1123,FULL,0,20,19,5,1,0,0,934.97687050000002
development01,R98-C2,EVENT-STRUCT,1090,1124,A_MST,2,15521.679999999998,15009.344000099998,9097.007999999998,512.33599990000039,0,0,934.9976954
development01,R98-C2,EVENT-STRUCT,1091,1127,A_MST,2,19609.325999999997,19341.105000099997,6656.4419999999991,268.22099990000061,0,0,935.14471430000003
development01,R98-C2,EVENT-STRUCT,1092,1130,FULL,0,18,17,-5,1,0,0,935.58619409999994
development01,R98-C2,EVENT-STRUCT,1093,1131,FULL,0,20,19,-2,1,0,0,935.87777679999999
development01,R98-C2,EVENT-STRUCT,1094,1132,FULL,0,18,17,-5,1,0,0,936.03898800000002
development01,R98-C2,EVENT-STRUCT,1095,1133,FULL,0,18,17,-5,1,0,0,936.1798857
development01,R98-C2,EVENT-STRUCT,1096,1134,FULL,0,18,17,-5,1,0,0,936.25033919999998
development01,R98-C2,EVENT-STRUCT,1097,1135,FULL,0,18,17,-6,1,0,0,936.31524779999995
development01,R98-C2,EVENT-STRUCT,1098,1136,FULL,0,18,17,-5,1,0,0,936.38010940000004
development01,R98-C2,EVENT-STRUCT,1099,1137,FULL,0,18,17,9,1,0,0,939.79482110000004
development01,R98-C2,EVENT-STRUCT,1100,1138,FULL,0,22,21,13,1,0,0,939.9304545
development01,R98-C2,EVENT-STRUCT,1101,1139,FULL,0,18,17,8,1,0,0,940.0601643
development01,R98-C2,EVENT-STRUCT,1102,1140,FULL,0,16,15,1,1,0,0,941.09495219999997
development01,R98-C2,EVENT-STRUCT,1103,1141,FULL,0,20,19,7,1,0,0,941.15475330000004
development01,R98-C2,EVENT-STRUCT,1104,1142,FULL,0,16.000000000000004,15,0,1.0000000000000036,0,0,941.62345300000004
development01,R98-C2,EVENT-STRUCT,1105,1143,FULL,0,16.000000000000007,15,0,1.0000000000000071,0,0,941.71469290000005
development01,R98-C2,EVENT-STRUCT,1106,1144,FULL,0,16,15,0,1,0,0,941.80833440000004
development01,R98-C2,EVENT-STRUCT,1107,1145,FULL,0,16,15,0,1,0,0,941.93231600000001
development01,R98-C2,EVENT-STRUCT,1108,1146,FULL,0,16,15,0,1,0,0,942.05054299999995
development01,R98-C2,EVENT-STRUCT,1109,1147,FULL,0,22,21,13,1,0,0,946.59499340000002
development01,R98-C2,EVENT-STRUCT,1110,1148,FULL,0,20,19,11,1,0,0,946.77093760000002
development01,R98-C2,EVENT-STRUCT,1111,1149,FULL,0,22,21,10,1,0,0,947.28493409999999
development01,R98-C2,EVENT-STRUCT,1112,1150,FULL,0,22,21,12,1,0,0,947.56623460000003
development01,R98-C2,EVENT-STRUCT,1113,1151,FULL,0,22,21,13,1,0,0,947.62623059999999
development01,R98-C2,EVENT-STRUCT,1114,1152,FULL,0,23.999999999999986,23,6,0.99999999999998579,0,0,948.06025090000003
development01,R98-C2,EVENT-STRUCT,1115,1153,FULL,0,20,19,6,1,0,0,949.07134470000005
development01,R98-C2,EVENT-STRUCT,1116,1154,FULL,0,20,19,4,1,0,0,949.14586250000002
development01,R98-C2,EVENT-STRUCT,1117,1155,FULL,1,16,15,4,1,0,0,952.68684699999994
development01,R98-C2,EVENT-STRUCT,1118,1156,FULL,1,18,17,7,1,0,0,952.81610230000001
development01,R98-C2,EVENT-STRUCT,1119,1157,FULL,0,18,17,10,1,0,0,955.68418140000006
development01,R98-C2,EVENT-STRUCT,1120,1158,FULL,0,18,17,10,1,0,0,957.4789389
development01,R98-C2,EVENT-STRUCT,1121,1159,FULL,0,20,19,15,1,0,0,957.66537340000002
development01,R98-C2,EVENT-STRUCT,1122,1160,FULL,0,18,17,10,1,0,0,958.29133409999997
development01,R98-C2,EVENT-STRUCT,1123,1161,FULL,0,18,17,10,1,0,0,958.44574839999996
development01,R98-C2,EVENT-STRUCT,1124,1162,FULL,0,18,17,10,1,0,0,958.53061449999996
development01,R98-C2,EVENT-STRUCT,1125,1163,FULL,0,18,17,10,1,0,0,958.66389370000002
development01,R98-C2,EVENT-STRUCT,1126,1164,FULL,0,18,17,9,1,0,0,958.88436049999996
development01,R98-C2,EVENT-STRUCT,1127,1165,FULL,0,20,19,15,1,0,0,959.25311569999997
development01,R98-C2,EVENT-STRUCT,1128,1166,FULL,0,18,17,13,1,0,0,959.52537510000002
development01,R98-C2,EVENT-STRUCT,1129,1167,FULL,0,20,19,14,1,0,0,959.66345420000005
development01,R98-C2,EVENT-STRUCT,1130,1168,FULL,0,18,17,8,1,0,0,960.009593
development01,R98-C2,EVENT-STRUCT,1131,1169,FULL,0,18,17,4,1,0,0,962.82419219999997
development01,R98-C2,EVENT-STRUCT,1132,1170,FULL,0,22,21,8,1,0,0,962.92175350000002
development01,R98-C2,EVENT-STRUCT,1133,1171,A_MST,2,16706.591999999997,16622.160000100001,2724.4319999999998,84.431999899996299,0,0,963.43594989999997
development01,R98-C2,EVENT-STRUCT,1134,1174,FULL,0,16,15,2,1,0,0,963.62748759999999
development01,R98-C2,EVENT-STRUCT,1135,1175,A_MST,2,21357.578999999998,20980.782000099996,8450.3909999999978,376.79699990000154,0,0,964.07018470000003
development01,R98-C2,EVENT-STRUCT,1136,1178,A_MST,2,22143.761999999995,21551.796000099996,5623.9319999999989,591.96599989999959,0,0,964.10823470000003
development01,R98-C2,EVENT-STRUCT,1137,1181,FULL,0,18,17,-4,1,0,0,964.29350929999998
development01,R98-C2,EVENT-STRUCT,1138,1182,FULL,0,18.000000000000007,17,-5,1.0000000000000071,0,0,964.4042101
development01,R98-C2,EVENT-STRUCT,1139,1183,FULL,0,17.999999999999996,17,-5,0.99999999999999645,0,0,964.49973379999994
development01,R98-C2,EVENT-STRUCT,1140,1184,FULL,0,20,19,14,1,0,0,968.94341840000004
development01,R98-C2,EVENT-STRUCT,1141,1185,FULL,0,20,19,11,1,0,0,969.04766040000004
development01,R98-C2,EVENT-STRUCT,1142,1186,FULL,0,22,21,12,1,0,0,969.11415620000002
development01,R98-C2,EVENT-STRUCT,1143,1187,FULL,1,18,17,11,1,0,0,969.30390109999996
development01,R98-C2,EVENT-STRUCT,1144,1188,FULL,0,18,17,6,1,0,0,969.4463743
development01,R98-C2,EVENT-STRUCT,1145,1189,FULL,0,20,19,8,1,0,0,969.70719329999997
development01,R98-C2,EVENT-STRUCT,1146,1190,FULL,0,22,21,16,1,0,0,972.69855740000003
development01,R98-C2,EVENT-STRUCT,1147,1191,FULL,0,22,21,13,1,0,0,972.86667999999997
development01,R98-C2,EVENT-STRUCT,1148,1192,FULL,0,20,19,11,1,0,0,972.94878960000005
development01,R98-C2,EVENT-STRUCT,1149,1193,FULL,0,22,21,10,1,0,0,977.35866299999998
development01,R98-C2,EVENT-STRUCT,1150,1194,FULL,0,18,17,11,1,0,0,983.99509109999997
development01,R98-C2,EVENT-STRUCT,1151,1195,FULL,0,18,17,7,1,0,0,984.08416829999999
development01,R98-C2,EVENT-STRUCT,1152,1196,FULL,0,20,19,9,1,0,0,984.55254609999997
development01,R98-C2,EVENT-STRUCT,1153,1197,FULL,0,18,17,5,1,0,0,984.96772650000003
development01,R98-C2,EVENT-STRUCT,1154,1198,FULL,0,18,17,4,1,0,0,985.04595359999996
development01,R98-C2,EVENT-STRUCT,1155,1199,FULL,0,20,19,12,1,0,0,986.79896910000002
development01,R98-C2,EVENT-STRUCT,1156,1200,FULL,0,18,17,8,1,0,0,986.92201690000002
development01,R98-C2,EVENT-STRUCT,1157,1201,FULL,0,20,19,11,1,0,0,987.09275279999997
development01,R98-C2,EVENT-STRUCT,1158,1202,FULL,0,22,21,14,1,0,0,988.2126002
development01,R98-C2,EVENT-STRUCT,1159,1203,FULL,1,16,15,10,1,0,0,988.35484350000002
development01,R98-C2,EVENT-STRUCT,1160,1204,FULL,0,20,19,11,1,0,0,988.47496890000002
development01,R98-C2,EVENT-STRUCT,1161,1205,FULL,1,20,19,10,1,0,0,988.62584600000002
development01,R98-C2,EVENT-STRUCT,1162,1206,FULL,1,22,21,8,1,0,0,988.96350900000004
development01,R98-C2,EVENT-STRUCT,1163,1207,FULL,1,22.000000000000007,21,8,1.0000000000000071,0,0,989.10720619999995
development01,R98-C2,EVENT-STRUCT,1164,1208,FULL,0,20,19,8,1,0,0,989.48646810000002
development01,R98-C2,EVENT-STRUCT,1165,1209,FULL,0,20,19,7,1,0,0,989.57220689999997
development01,R98-C2,EVENT-STRUCT,1166,1210,FULL,0,20,19,9,1,0,0,990.04685989999996
development01,R98-C2,EVENT-STRUCT,1167,1211,A_MST,2,18323.963999999996,18069.970000099998,12655.975999999999,253.99399989999802,0,0,990.46106459999999
development01,R98-C2,EVENT-STRUCT,1168,1214,FULL,1,22.000000000000007,21,7,1.0000000000000071,0,0,990.53394600000001
development01,R98-C2,EVENT-STRUCT,1169,1215,FULL,1,22.000000000000004,21,7,1.0000000000000036,0,0,990.72253069999999
development01,R98-C2,EVENT-STRUCT,1170,1216,FULL,1,22.000000000000007,21,7,1.0000000000000071,0,0,990.84163960000001
development01,R98-C2,EVENT-STRUCT,1171,1217,FULL,1,22.000000000000011,21,7,1.0000000000000107,0,0,990.99002270000005
development01,R98-C2,EVENT-STRUCT,1172,1218,FULL,1,22.000000000000007,21,7,1.0000000000000071,0,0,991.08170759999996
development01,R98-C2,EVENT-STRUCT,1173,1219,FULL,1,22.000000000000007,21,7,1.0000000000000071,0,0,991.16500059999998
development01,R98-C2,EVENT-STRUCT,1174,1220,FULL,0,22,21,8,1,0,0,995.52599759999998
development01,R98-C2,EVENT-STRUCT,1175,1221,FULL,0,22,21,6,1,0,0,995.7578297
development01,R98-C2,EVENT-STRUCT,1176,1222,FULL,0,22,21,9,1,0,0,996.99318029999995
development01,R98-C2,EVENT-STRUCT,1177,1223,FULL,0,22,21,1,1,0,0,997.45596720000003
development01,R98-C2,EVENT-STRUCT,1178,1224,FULL,0,22,21,0,1,0,0,997.52108539999995
development01,R98-C2,EVENT-STRUCT,1179,1225,FULL,0,22,21,0,1,0,0,997.58533969999996
development01,R98-C2,EVENT-STRUCT,1180,1226,FULL,0,22,21,-1,1,0,0,997.67179220000003
development01,R98-C2,EVENT-STRUCT,1181,1227,FULL,0,22,21,7,1,0,0,997.96205580000003
development01,R98-C2,EVENT-STRUCT,1182,1228,FULL,0,18,17,0,1,0,0,998.08681869999998
development01,R98-C2,EVENT-STRUCT,1183,1229,FULL,0,18,17,1,1,0,0,998.16720510000005
development01,R98-C2,EVENT-STRUCT,1184,1230,FULL,0,20,19,1,1,0,0,998.28285440000002
development01,R98-C2,EVENT-STRUCT,1185,1231,A_MST,2,22013.929999999993,21851.940000099996,5723.9799999999987,161.9899998999972,0,0,998.32734819999996
development01,R98-C2,EVENT-STRUCT,1186,1234,FULL,0,20,19,4,1,0,0,998.63123399999995
development01,R98-C2,EVENT-STRUCT,1187,1235,FULL,0,22,21,-1,1,0,0,998.94880269999999
development01,R98-C2,EVENT-STRUCT,1188,1236,FULL,0,21.999999999999993,21,-2,0.99999999999999289,0,0,999.11497670000006
development01,R98-C2,EVENT-STRUCT,1189,1237,FULL,0,22.000000000000007,21,-1,1.0000000000000071,0,0,999.2138913
development01,R98-C2,EVENT-STRUCT,1190,1238,FULL,0,20,19,11,1,0,0,1006.231315
development01,R98-C2,EVENT-STRUCT,1191,1239,FULL,0,17.999999999999993,17,-1,0.99999999999999289,0,0,1008.0598156999999
development01,R98-C2,EVENT-STRUCT,1192,1240,FULL,0,22,21,11,1,0,0,1011.0330761
development01,R98-C2,EVENT-STRUCT,1193,1241,FULL,0,16,15,7,1,0,0,1011.9221366
development01,R98-C2,EVENT-STRUCT,1194,1242,FULL,0,22,21,15,1,0,0,1014.494474
development01,R98-C2,EVENT-STRUCT,1195,1243,FULL,0,22,21,15,1,0,0,1014.9831063
development01,R98-C2,EVENT-STRUCT,1196,1244,FULL,0,22,21,17,1,0,0,1015.757999
development01,R98-C2,EVENT-STRUCT,1197,1245,FULL,0,22,21,17,1,0,0,1015.8139077
development01,R98-C2,EVENT-STRUCT,1198,1246,FULL,0,22,21,13,1,0,0,1016.0005414
development01,R98-C2,EVENT-STRUCT,1199,1247,FULL,0,22.000000000000007,21,13,1.0000000000000071,0,0,1016.161735
development01,R98-C2,EVENT-STRUCT,1200,1248,FULL,0,22.000000000000007,21,12,1.0000000000000071,0,0,1016.236094
development01,R98-C2,EVENT-STRUCT,1201,1249,FULL,0,20,19,12,1,0,0,1021.0464576000001
development01,R98-C2,EVENT-STRUCT,1202,1250,FULL,0,22,21,14,1,0,0,1021.4049299
development01,R98-C2,EVENT-STRUCT,1203,1251,FULL,0,22,21,13,1,0,0,1021.6613697
development01,R98-C2,EVENT-STRUCT,1204,1252,FULL,2,22,21,13,1,0,0,1028.2403967
development01,R98-C2,EVENT-STRUCT,1205,1253,FULL,0,24,23,20,1,0,0,1028.5741072000001
development01,R98-C2,EVENT-STRUCT,1206,1254,FULL,0,18,17,6,1,0,0,1028.6765214
development01,R98-C2,EVENT-STRUCT,1207,1255,FULL,0,20,19,7,1,0,0,1029.1841022999999
development01,R98-C2,EVENT-STRUCT,1208,1256,FULL,0,20,19,8,1,0,0,1029.5036577000001
development01,R98-C2,EVENT-STRUCT,1209,1257,FULL,0,20,19,7,1,0,0,1029.6830485
development01,R98-C2,EVENT-STRUCT,1210,1258,FULL,0,22,21,15,1,0,0,1030.6590323999999
development01,R98-C2,EVENT-STRUCT,1211,1259,FULL,0,18,17,3,1,0,0,1030.8040919
development01,R98-C2,EVENT-STRUCT,1212,1260,FULL,0,18,17,9,1,0,0,1031.7788152999999
development01,R98-C2,EVENT-STRUCT,1213,1261,FULL,0,20,19,9,1,0,0,1031.9726327000001
development01,R98-C2,EVENT-STRUCT,1214,1262,FULL,0,18,17,1,1,0,0,1032.0787095999999
development01,R98-C2,EVENT-STRUCT,1215,1263,FULL,0,17.999999999999975,17,1,0.99999999999997513,0,0,1032.3322556000001
development01,R98-C2,EVENT-STRUCT,1216,1264,FULL,0,17.999999999999996,17,0,0.99999999999999645,0,0,1032.4210894
development01,R98-C2,EVENT-STRUCT,1217,1265,FULL,0,17.999999999999996,17,0,0.99999999999999645,0,0,1032.5290921999999
development01,R98-C2,EVENT-STRUCT,1218,1266,FULL,0,16,15,3,1,0,0,1033.3140254
development01,R98-C2,EVENT-STRUCT,1219,1267,FULL,0,20,19,6,1,0,0,1033.3734023
development01,R98-C2,EVENT-STRUCT,1220,1268,FULL,0,18,17,5,1,0,0,1034.2266038
development01,R98-C2,EVENT-STRUCT,1221,1269,FULL,0,18,17,11,1,0,0,1034.5750459999999
development01,R98-C2,EVENT-STRUCT,1222,1270,FULL,0,18,17,5,1,0,0,1034.9287288999999
development01,R98-C2,EVENT-STRUCT,1223,1271,FULL,0,18,17,0,1,0,0,1034.9869251
development01,R98-C2,EVENT-STRUCT,1224,1272,FULL,0,18,17,4,1,0,0,1035.5991196
development01,R98-C2,EVENT-STRUCT,1225,1273,FULL,0,17.999999999999993,17,0,0.99999999999999289,0,0,1037.3568184999999
development01,R98-C2,EVENT-STRUCT,1226,1274,FULL,0,17.999999999999996,17,0,0.99999999999999645,0,0,1037.4494725
development01,R98-C2,EVENT-STRUCT,1227,1275,FULL,0,18,17,0,1,0,0,1037.5202405
development01,R98-C2,EVENT-STRUCT,1228,1276,FULL,0,17.999999999999993,17,0,0.99999999999999289,0,0,1037.5833679
development01,R98-C2,EVENT-STRUCT,1229,1277,FULL,0,18.000000000000004,17,0,1.0000000000000036,0,0,1037.7314816000001
development01,R98-C2,EVENT-STRUCT,1230,1278,FULL,0,17.999999999999993,17,0,0.99999999999999289,0,0,1037.8018554
development01,R98-C2,EVENT-STRUCT,1231,1279,FULL,0,17.999999999999996,17,0,0.99999999999999645,0,0,1037.8957442999999
development01,R98-C2,EVENT-STRUCT,1232,1280,FULL,0,18,17,0,1,0,0,1038.0197779
development01,R98-C2,EVENT-STRUCT,1233,1281,FULL,0,17.999999999999996,17,0,0.99999999999999645,0,0,1038.0836707000001
development01,R98-C2,EVENT-STRUCT,1234,1282,FULL,0,17.999999999999996,17,-1,0.99999999999999645,0,0,1038.1598690000001
development01,R98-C2,EVENT-STRUCT,1235,1283,FULL,0,18,17,0,1,0,0,1038.2965062000001
development01,R98-C2,EVENT-STRUCT,1236,1284,FULL,0,17.999999999999996,17,-1,0.99999999999999645,0,0,1038.3947386
development01,R98-C2,EVENT-STRUCT,1237,1285,FULL,0,18,17,-1,1,0,0,1038.4757483000001
development01,R98-C2,EVENT-STRUCT,1238,1286,FULL,0,17.999999999999996,17,0,0.99999999999999645,0,0,1038.5901630999999
development01,R98-C2,EVENT-STRUCT,1239,1287,FULL,0,18,17,-1,1,0,0,1038.6544428
development01,R98-C2,EVENT-STRUCT,1240,1288,FULL,0,18,17,6,1,0,0,1038.9405509000001
development01,R98-C2,EVENT-STRUCT,1241,1289,FULL,0,18,17,0,1,0,0,1039.0044005
development01,R98-C2,EVENT-STRUCT,1242,1290,FULL,0,18,17,1,1,0,0,1039.0829343
development01,R98-C2,EVENT-STRUCT,1243,1291,FULL,0,18,17,-1,1,0,0,1039.1441313
development01,R98-C2,EVENT-STRUCT,1244,1292,FULL,0,18,17,1,1,0,0,1039.2280433999999
development01,R98-C2,EVENT-STRUCT,1245,1293,FULL,0,18,17,-1,1,0,0,1039.3167745000001
development01,R98-C2,EVENT-STRUCT,1246,1294,FULL,0,18,17,-1,1,0,0,1039.4229329
development01,R98-C2,EVENT-STRUCT,1247,1295,FULL,0,18,17,-1,1,0,0,1039.5056671
development01,R98-C2,EVENT-STRUCT,1248,1296,FULL,0,18,17,-1,1,0,0,1039.5733023
development01,R98-C2,EVENT-STRUCT,1249,1297,FULL,0,16.000000000000004,15,-1,1.0000000000000036,0,0,1039.7055324999999
development01,R98-C2,EVENT-STRUCT,1250,1298,FULL,0,16,15,-2,1,0,0,1039.7836053000001
development01,R98-C2,EVENT-STRUCT,1251,1299,FULL,0,16,15,-2,1,0,0,1039.8519443
development01,R98-C2,EVENT-STRUCT,1252,1300,FULL,0,16,15,-2,1,0,0,1039.9351994000001
development01,R98-C2,EVENT-STRUCT,1253,1301,FULL,0,20,19,7,1,0,0,1043.7559787
development01,R98-C2,EVENT-STRUCT,1254,1302,FULL,0,20,19,9,1,0,0,1044.6086043
development01,R98-C2,EVENT-STRUCT,1255,1303,FULL,0,18,17,8,1,0,0,1046.4152812
development01,R98-C2,EVENT-STRUCT,1256,1304,FULL,0,18,17,7,1,0,0,1046.6714462
development01,R98-C2,EVENT-STRUCT,1257,1305,FULL,0,20,19,12,1,0,0,1047.3065587999999
development01,R98-C2,EVENT-STRUCT,1258,1306,FULL,0,16,15,5,1,0,0,1048.1330793
development01,R98-C2,EVENT-STRUCT,1259,1307,A_MST,2,17614.892999999996,17464.1940001,5581.3979999999992,150.69899989999612,0,0,1053.7818471999999
development01,R98-C2,EVENT-STRUCT,1260,1310,FULL,1,20,19,8,1,0,0,1054.0695638
development01,R98-C2,EVENT-STRUCT,1261,1311,FULL,0,14,13,0,1,0,0,1054.2782563000001
development01,R98-C2,EVENT-STRUCT,1262,1312,FULL,0,18,17,5,1,0,0,1054.3964129999999
development01,R98-C2,EVENT-STRUCT,1263,1313,FULL,0,16,15,8,1,0,0,1054.7608413
development01,R98-C2,EVENT-STRUCT,1264,1314,FULL,0,14,13,-2,1,0,0,1055.1395619
development01,R98-C2,EVENT-STRUCT,1265,1315,FULL,0,14.000000000000004,13,-3,1.0000000000000036,0,0,1055.2665582
development01,R98-C2,EVENT-STRUCT,1266,1316,FULL,0,14.000000000000004,13,-3,1.0000000000000036,0,0,1055.3507904000001
development01,R98-C2,EVENT-STRUCT,1267,1317,FULL,0,13.999999999999998,13,-4,0.99999999999999822,0,0,1055.429054
development01,R98-C2,EVENT-STRUCT,1268,1318,FULL,0,14.000000000000005,13,-3,1.0000000000000053,0,0,1055.5157561000001
development01,R98-C2,EVENT-STRUCT,1269,1319,FULL,0,14.000000000000011,13,-3,1.0000000000000107,0,0,1055.5823131
development01,R98-C2,EVENT-STRUCT,1270,1320,FULL,0,14,13,-4,1,0,0,1055.6497939999999
development01,R98-C2,EVENT-STRUCT,1271,1321,FULL,1,20,19,3,1,0,0,1055.7887467
development01,R98-C2,EVENT-STRUCT,1272,1322,FULL,0,16,15,5,1,0,0,1056.8232763999999
development01,R98-C2,EVENT-STRUCT,1273,1323,FULL,0,18,17,7,1,0,0,1060.632865
development01,R98-C2,EVENT-STRUCT,1274,1324,FULL,0,18,17,7,1,0,0,1061.5103246000001
development01,R98-C2,EVENT-STRUCT,1275,1325,FULL,0,18,17,13,1,0,0,1064.3979474
development01,R98-C2,EVENT-STRUCT,1276,1326,FULL,1,20,19,16,1,0,0,1064.5695733
development01,R98-C2,EVENT-STRUCT,1277,1327,FULL,2,24,23,12,1,0,0,1064.9926184000001
development01,R98-C2,EVENT-STRUCT,1278,1328,FULL,0,16,15,1,1,0,0,1065.1439425000001
development01,R98-C2,EVENT-STRUCT,1279,1329,FULL,0,16,15,1,1,0,0,1065.2149988000001
development01,R98-C2,EVENT-STRUCT,1280,1330,FULL,0,13.999999999999988,13,-1,0.99999999999998757,0,0,1065.2836964999999
development01,R98-C2,EVENT-STRUCT,1281,1331,FULL,0,16,15,1,1,0,0,1065.3521593
development01,R98-C2,EVENT-STRUCT,1282,1332,FULL,0,16,15,1,1,0,0,1065.4151055
development01,R98-C2,EVENT-STRUCT,1283,1333,FULL,0,22,21,20,1,0,0,1069.7723186000001
development01,R98-C2,EVENT-STRUCT,1284,1334,FULL,0,18,17,10,1,0,0,1069.9445837000001
development01,R98-C2,EVENT-STRUCT,1285,1335,FULL,0,16,15,7,1,0,0,1070.1130338999999
development01,R98-C2,EVENT-STRUCT,1286,1336,FULL,0,16,15,4,1,0,0,1070.2051105
development01,R98-C2,EVENT-STRUCT,1287,1337,FULL,1,18,17,13,1,0,0,1070.5357936
development01,R98-C2,EVENT-STRUCT,1288,1338,FULL,1,18,17,12,1,0,0,1070.9912757
development01,R98-C2,EVENT-STRUCT,1289,1339,FULL,1,18,17,14,1,0,0,1074.0692658
development01,R98-C2,EVENT-STRUCT,1290,1340,FULL,0,14,13,-2,1,0,0,1074.3031394
development01,R98-C2,EVENT-STRUCT,1291,1341,FULL,0,14.000000000000004,13,-3,1.0000000000000036,0,0,1074.5545824999999
development01,R98-C2,EVENT-STRUCT,1292,1342,FULL,0,14.000000000000004,13,-3,1.0000000000000036,0,0,1074.6306065000001
development01,R98-C2,EVENT-STRUCT,1293,1343,FULL,0,16,15,9,1,0,0,1074.8757449
development01,R98-C2,EVENT-STRUCT,1294,1344,FULL,0,18,17,9,1,0,0,1074.9631156999999
development01,R98-C2,EVENT-STRUCT,1295,1345,FULL,0,20,19,13,1,0,0,1075.1353188999999
development01,R98-C2,EVENT-STRUCT,1296,1346,FULL,0,14.000000000000004,13,-4,1.0000000000000036,0,0,1075.3277872000001
development01,R98-C2,EVENT-STRUCT,1297,1347,FULL,0,14.000000000000005,13,-4,1.0000000000000053,0,0,1075.4100801
development01,R98-C2,EVENT-STRUCT,1298,1348,FULL,0,14.000000000000004,13,-3,1.0000000000000036,0,0,1075.5126511999999
development01,R98-C2,EVENT-STRUCT,1299,1349,FULL,0,14.000000000000004,13,-4,1.0000000000000036,0,0,1075.6318022
development01,R98-C2,EVENT-STRUCT,1300,1350,FULL,0,14.000000000000004,13,-3,1.0000000000000036,0,0,1075.739851
development01,R98-C2,EVENT-STRUCT,1301,1351,FULL,0,14.000000000000004,13,-4,1.0000000000000036,0,0,1075.8240295000001
development01,R98-C2,EVENT-STRUCT,1302,1352,FULL,0,14.000000000000004,13,-3,1.0000000000000036,0,0,1075.9326613999999
development01,R98-C2,EVENT-STRUCT,1303,1353,FULL,0,14,13,-3,1,0,0,1076.0228963
development01,R98-C2,EVENT-STRUCT,1304,1354,FULL,0,14.000000000000004,13,-4,1.0000000000000036,0,0,1076.1209555
development01,R98-C2,EVENT-STRUCT,1305,1355,FULL,0,14.000000000000004,13,-3,1.0000000000000036,0,0,1076.1935681
development01,R98-C2,EVENT-STRUCT,1306,1356,FULL,0,14.000000000000004,13,-3,1.0000000000000036,0,0,1076.2668725999999
development01,R98-C2,EVENT-STRUCT,1307,1357,FULL,0,18,17,13,1,0,0,1078.6038200999999
development01,R98-C2,EVENT-STRUCT,1308,1358,FULL,1,18,17,13,1,0,0,1078.8863128
development01,R98-C2,EVENT-STRUCT,1309,1359,FULL,0,20,19,16,1,0,0,1078.9936505000001
development01,R98-C2,EVENT-STRUCT,1310,1360,FULL,0,18,17,13,1,0,0,1079.3856244000001
development01,R98-C2,EVENT-STRUCT,1311,1361,FULL,2,20,19,10,1,0,0,1079.8794495
development01,R98-C2,EVENT-STRUCT,1312,1362,FULL,0,18,17,12,1,0,0,1080.5374661999999
development01,R98-C2,EVENT-STRUCT,1313,1363,FULL,0,20,19,15,1,0,0,1081.3210357999999
development01,R98-C2,EVENT-STRUCT,1314,1364,FULL,1,22,21,12,1,0,0,1082.2981425
development01,R98-C2,EVENT-STRUCT,1315,1365,A_MST,2,15196.289999999997,15163.575000099998,2432.7149999999997,32.714999899999384,0,0,1085.7476675
development01,R98-C2,EVENT-STRUCT,1316,1368,A_MST,2,13562.014999999998,13537.612000099998,2424.4029999999998,24.402999899999486,0,0,1085.9477076000001
development01,R98-C2,EVENT-STRUCT,1317,1371,FULL,0,18,17,2,1,0,0,1091.2874099999999
development01,R98-C2,EVENT-STRUCT,1318,1372,FULL,0,20,19,10,1,0,0,1091.4872485000001
development01,R98-C2,EVENT-STRUCT,1320,1373,FULL,2,20,19,12,1,0,0,1094.4622042999999
development01,R98-C2,EVENT-STRUCT,1321,1374,FULL,0,20,19,16,1,0,0,1096.0915215
development01,R98-C2,EVENT-STRUCT,1322,1375,FULL,1,16,15,3,1,0,0,1099.4855812999999
development01,R98-C2,EVENT-STRUCT,1323,1376,FULL,1,18,17,5,1,0,0,1100.0695221999999
development01,R98-C2,EVENT-STRUCT,1324,1377,FULL,1,18,17,5,1,0,0,1100.2227852000001
development01,R98-C2,EVENT-STRUCT,1325,1378,FULL,1,20,19,5,1,0,0,1100.744895
development01,R98-C2,EVENT-STRUCT,1326,1379,FULL,0,22,21,19,1,0,0,1101.3741891
development01,R98-C2,EVENT-STRUCT,1327,1380,A_MST,0,19314.873999999996,19229.892000099997,11379.927999999998,84.981999899999209,0,0,1110.4492508000001
development01,R98-C2,EVENT-STRUCT,1328,1383,FULL,0,20,19,6,1,0,0,1110.5340431
development01,R98-C2,EVENT-STRUCT,1329,1384,FULL,0,20,19,9,1,0,0,1110.6455456000001
development01,R98-C2,EVENT-STRUCT,1330,1385,FULL,0,18,17,9,1,0,0,1110.7698048
development01,R98-C2,EVENT-STRUCT,1331,1386,FULL,0,22,21,8,1,0,0,1110.8777760999999
development01,R98-C2,EVENT-STRUCT,1332,1387,FULL,0,23.999999999999996,23,4,0.99999999999999645,0,0,1111.1814878
development01,R98-C2,EVENT-STRUCT,1333,1388,FULL,0,23.999999999999996,23,4,0.99999999999999645,0,0,1111.3381777
development01,R98-C2,EVENT-STRUCT,1334,1389,FULL,0,23.999999999999996,23,3,0.99999999999999645,0,0,1111.4916768000001
development01,R98-C2,EVENT-STRUCT,1335,1390,FULL,0,22,21,9,1,0,0,1115.4386164
development01,R98-C2,EVENT-STRUCT,1336,1391,A_MST,0,17117.327999999998,16764.440000099999,7898.6639999999989,352.88799989999825,0,0,1115.4894131999999
development01,R98-C2,EVENT-STRUCT,1337,1394,A_MST,2,17054.897999999997,16912.415000099998,8347.4489999999987,142.48299989999941,0,0,1115.5968402000001
development01,R98-C2,EVENT-STRUCT,1338,1397,FULL,0,20,19,4,1,0,0,1117.8208767000001
development01,R98-C2,EVENT-STRUCT,1339,1398,FULL,0,20,19,1,1,0,0,1117.9495191000001
development01,R98-C2,EVENT-STRUCT,1340,1399,FULL,0,20,19,1,1,0,0,1118.030737
development01,R98-C2,EVENT-STRUCT,1341,1400,FULL,0,18,17,2,1,0,0,1118.1350748
development01,R98-C2,EVENT-STRUCT,1342,1401,FULL,0,22,21,4,1,0,0,1118.1946046999999
development01,R98-C2,EVENT-STRUCT,1343,1402,FULL,0,18,17,4,1,0,0,1118.3135668
development01,R98-C2,EVENT-STRUCT,1344,1403,FULL,0,22,21,1,1,0,0,1118.6859271999999
development01,R98-C2,EVENT-STRUCT,1345,1404,FULL,0,22,21,1,1,0,0,1118.7999766
development01,R98-C2,EVENT-STRUCT,1346,1405,A_MST,2,19362.513999999996,19065.0120001,9052.5059999999994,297.50199989999601,0,0,1119.0303074999999
development01,R98-C2,EVENT-STRUCT,1347,1408,FULL,0,18,17,1,1,0,0,1119.1117334999999
development01,R98-C2,EVENT-STRUCT,1348,1409,FULL,0,22,21,0,1,0,0,1119.2029597000001
development01,R98-C2,EVENT-STRUCT,1349,1410,A_MST,2,16156.499999999998,16093.200000099998,6846.5999999999995,63.29999990000033,0,0,1126.5426511000001
development01,R98-C2,EVENT-STRUCT,1350,1413,FULL,0,20,19,3,1,0,0,1126.8089273000001
development01,R98-C2,EVENT-STRUCT,1351,1414,FULL,0,18,17,6,1,0,0,1127.0689553
development01,R98-C2,EVENT-STRUCT,1352,1415,FULL,0,18,17,3,1,0,0,1128.6593471000001
development01,R98-C2,EVENT-STRUCT,1353,1416,FULL,0,18,17,4,1,0,0,1128.8716528
development01,R98-C2,EVENT-STRUCT,1354,1417,FULL,0,18,17,7,1,0,0,1129.1108687999999
development01,R98-C2,EVENT-STRUCT,1355,1418,FULL,0,16,15,3,1,0,0,1129.1814773999999
development01,R98-C2,EVENT-STRUCT,1356,1419,FULL,0,18,17,-2,1,0,0,1129.6615187
development01,R98-C2,EVENT-STRUCT,1357,1420,FULL,0,18.000000000000004,17,-2,1.0000000000000036,0,0,1129.7365605
development01,R98-C2,EVENT-STRUCT,1358,1421,FULL,0,17.999999999999996,17,-2,0.99999999999999645,0,0,1129.8024295
development01,R98-C2,EVENT-STRUCT,1359,1422,FULL,0,18,17,-2,1,0,0,1129.8709666
development01,R98-C2,EVENT-STRUCT,1360,1423,FULL,0,18,17,-2,1,0,0,1129.9595366000001
development01,R98-C2,EVENT-STRUCT,1361,1424,FULL,0,18,17,-3,1,0,0,1130.0643184
development01,R98-C2,EVENT-STRUCT,1362,1425,FULL,0,18,17,-3,1,0,0,1130.1295431000001
development01,R98-C2,EVENT-STRUCT,1363,1426,FULL,0,18.000000000000004,17,-2,1.0000000000000036,0,0,1130.1986148000001
development01,R98-C2,EVENT-STRUCT,1364,1427,FULL,0,18,17,-2,1,0,0,1130.2716736
development01,R98-C2,EVENT-STRUCT,1365,1428,FULL,0,18,17,-2,1,0,0,1130.3463704000001
development01,R98-C2,EVENT-STRUCT,1366,1429,FULL,0,18,17,-3,1,0,0,1130.4616163999999
development01,R98-C2,EVENT-STRUCT,1367,1430,FULL,0,18,17,-3,1,0,0,1130.5555485
development01,R98-C2,EVENT-STRUCT,1368,1431,FULL,2,22,21,13,1,0,0,1131.5311423000001
development01,R98-C2,EVENT-STRUCT,1369,1432,FULL,2,22,21,13,1,0,0,1131.9627406
development01,R98-C2,EVENT-STRUCT,1370,1433,FULL,0,18,17,10,1,0,0,1132.0411675
development01,R98-C2,EVENT-STRUCT,1371,1434,FULL,0,16,15,8,1,0,0,1132.1170625
development01,R98-C2,EVENT-STRUCT,1372,1435,FULL,0,16,15,7,1,0,0,1132.7236107000001
development01,R98-C2,EVENT-STRUCT,1373,1436,FULL,0,22,21,13,1,0,0,1135.4166791
development01,R98-C2,EVENT-STRUCT,1374,1437,FULL,0,24,23,13,1,0,0,1135.4753691999999
development01,R98-C2,EVENT-STRUCT,1375,1438,A_MST,2,18753.851999999995,18328.210000099996,8836.9259999999977,425.64199989999906,0,0,1135.8991013
development01,R98-C2,EVENT-STRUCT,1376,1441,FULL,0,20,19,16,1,0,0,1138.5201638000001
development01,R98-C2,EVENT-STRUCT,1377,1442,FULL,0,20,19,15,1,0,0,1138.7517289
development01,R98-C2,EVENT-STRUCT,1378,1443,FULL,0,16,15,9,1,0,0,1139.6714010000001
development01,R98-C2,EVENT-STRUCT,1379,1444,FULL,0,20,19,7,1,0,0,1144.9618662
development01,R98-C2,EVENT-STRUCT,1380,1445,A_MST,1,17687.369999999995,17639.475000099999,5975.7899999999991,47.894999899996037,0,0,1145.0996674999999
development01,R98-C2,EVENT-STRUCT,1381,1448,FULL,0,18,17,-1,1,0,0,1145.25217
development01,R98-C2,EVENT-STRUCT,1382,1449,FULL,0,20,19,-1,1,0,0,1151.7819179999999
development01,R98-C2,EVENT-STRUCT,1383,1450,FULL,0,19.999999999999822,19,-2,0.99999999999982236,0,0,1151.9313112
development01,R98-C2,EVENT-STRUCT,1384,1451,FULL,0,19.999999999999911,19,-2,0.99999999999991118,0,0,1152.0161186
development01,R98-C2,EVENT-STRUCT,1385,1452,FULL,0,19.999999999999908,19,-2,0.99999999999990763,0,0,1152.0884238000001
development01,R98-C2,EVENT-STRUCT,1386,1453,FULL,0,20,19,-2,1,0,0,1152.1676198
development01,R98-C2,EVENT-STRUCT,1387,1454,FULL,0,20.000000000000167,19,-2,1.000000000000167,0,0,1152.2420411000001
development01,R98-C2,EVENT-STRUCT,1388,1455,FULL,0,20,19,-2,1,0,0,1152.3563305
development01,R98-C2,EVENT-STRUCT,1389,1456,FULL,0,20,19,-2,1,0,0,1152.4188753999999
development01,R98-C2,EVENT-STRUCT,1390,1457,FULL,0,20,19,-2,1,0,0,1152.4800759
development01,R98-C2,EVENT-STRUCT,1391,1458,FULL,0,20,19,-2,1,0,0,1152.5707682
development01,R98-C2,EVENT-STRUCT,1392,1459,FULL,0,20,19,-2,1,0,0,1152.6766353
development01,R98-C2,EVENT-STRUCT,1393,1460,FULL,0,20,19,-2,1,0,0,1152.7538664000001
development01,R98-C2,EVENT-STRUCT,1394,1461,FULL,0,18,17,-4,1,0,0,1152.82503
development01,R98-C2,EVENT-STRUCT,1395,1462,FULL,0,20,19,-2,1,0,0,1152.8986209
development01,R98-C2,EVENT-STRUCT,1396,1463,FULL,0,20,19,-2,1,0,0,1152.9678670000001
development01,R98-C2,EVENT-STRUCT,1397,1464,A_MST,2,18147.509999999995,17922.925000099996,3584.5849999999991,224.58499989999837,0,0,1160.0181007000001
development01,R98-C2,EVENT-STRUCT,1398,1467,FULL,0,22,21,6,1,0,0,1160.0962970999999
development01,R98-C2,EVENT-STRUCT,1399,1468,FULL,0,24,23,3,1,0,0,1160.2496853
development01,R98-C2,EVENT-STRUCT,1400,1469,FULL,0,24,23,3,1,0,0,1160.4350119000001
development01,R98-C2,EVENT-STRUCT,1401,1470,FULL,0,23.999999999999993,23,3,0.99999999999999289,0,0,1160.5084558999999
development01,R98-C2,EVENT-STRUCT,1402,1471,FULL,0,24,23,2,1,0,0,1160.6651035
development01,R98-C2,EVENT-STRUCT,1403,1472,FULL,0,23.999999999999996,23,2,0.99999999999999645,0,0,1160.7297957000001
development01,R98-C2,EVENT-STRUCT,1404,1473,FULL,0,22,21,5,1,0,0,1165.3418790999999
development01,R98-C2,EVENT-STRUCT,1405,1474,FULL,0,18,17,5,1,0,0,1165.6202435
development01,R98-C2,EVENT-STRUCT,1406,1475,FULL,0,22,21,4,1,0,0,1167.3775131
development01,R98-C2,EVENT-STRUCT,1407,1476,FULL,0,22,21,8,1,0,0,1167.4692144999999
development01,R98-C2,EVENT-STRUCT,1408,1477,FULL,0,22,21,8,1,0,0,1167.526658
development01,R98-C2,EVENT-STRUCT,1409,1478,FULL,0,22,21,1,1,0,0,1167.6534959999999
development01,R98-C2,EVENT-STRUCT,1410,1479,FULL,0,18,17,1,1,0,0,1167.7759822
development01,R98-C2,EVENT-STRUCT,1411,1480,FULL,0,20,19,3,1,0,0,1167.8698947
development01,R98-C2,EVENT-STRUCT,1412,1481,FULL,0,18,17,2,1,0,0,1168.1632792
development01,R98-C2,EVENT-STRUCT,1413,1482,FULL,0,18,17,3,1,0,0,1168.4182304999999
development01,R98-C2,EVENT-STRUCT,1414,1483,FULL,0,20,19,17,1,0,0,1168.8690300000001
development01,R98-C2,EVENT-STRUCT,1415,1484,FULL,0,20.000000000000004,19,17,1.0000000000000036,0,0,1169.0480077
development01,R98-C2,EVENT-STRUCT,1416,1485,FULL,0,20,19,-1,1,0,0,1169.2472451000001
development01,R98-C2,EVENT-STRUCT,1417,1486,FULL,0,20,19,7,1,0,0,1175.5353179000001
development01,R98-C2,EVENT-STRUCT,1418,1487,FULL,0,22,21,-2,1,0,0,1187.2246665
development01,R98-C2,EVENT-STRUCT,1419,1488,FULL,0,22,21,-5,1,0,0,1187.3079465000001
development01,R98-C2,EVENT-STRUCT,1420,1489,FULL,0,22,21,-5,1,0,0,1187.5895754999999
development01,R98-C2,EVENT-STRUCT,1421,1490,FULL,0,22,21,-5,1,0,0,1187.6879349000001
development01,R98-C2,EVENT-STRUCT,1422,1491,FULL,0,22,21,-6,1,0,0,1187.8894275
development01,R98-C2,EVENT-STRUCT,1423,1492,FULL,0,20,19,-5,1,0,0,1187.9634732
development01,R98-C2,EVENT-STRUCT,1424,1493,FULL,0,20,19,-2,1,0,0,1188.0218573
development01,R98-C2,EVENT-STRUCT,1425,1494,FULL,0,21.999999999999996,21,-6,0.99999999999999645,0,0,1188.1563891000001
development01,R98-C2,EVENT-STRUCT,1426,1495,FULL,0,22,21,-5,1,0,0,1188.2245926000001
development01,R98-C2,EVENT-STRUCT,1427,1496,A_MST,2,15771.515999999998,15742.930000099997,12502.929999999998,28.585999900000388,0,0,1192.491354
development01,R98-C2,EVENT-STRUCT,1428,1499,A_MST,2,16941.767999999996,16918.1400001,10774.511999999999,23.627999899996212,0,0,1192.528546
development01,R98-C2,EVENT-STRUCT,1429,1502,FULL,0,22,21,17,1,0,0,1192.6337831999999
development01,R98-C2,EVENT-STRUCT,1430,1503,FULL,0,18,17,9,1,0,0,1192.7513031000001
development01,R98-C2,EVENT-STRUCT,1431,1504,FULL,0,18,17,11,1,0,0,1192.9494999000001
development01,R98-C2,EVENT-STRUCT,1432,1505,A_MST,2,20641.551999999996,20431.358000099997,5340.387999999999,210.19399989999874,0,0,1196.9303580000001
development01,R98-C2,EVENT-STRUCT,1433,1508,FULL,0,11.999999999999996,11,-5,0.99999999999999645,0,0,1197.5071833
development01,R98-C2,EVENT-STRUCT,1434,1509,FULL,0,12.000000000000002,11,-5,1.0000000000000018,0,0,1197.5924487
development01,R98-C2,EVENT-STRUCT,1435,1510,FULL,0,12,11,-5,1,0,0,1197.6794402999999
development01,R98-C2,EVENT-STRUCT,1436,1511,FULL,1,22,21,7,1,0,0,1197.8500836000001
development01,R98-C2,EVENT-STRUCT,1437,1512,FULL,0,16,15,0,1,0,0,1200.7693041
development01,R98-C2,EVENT-STRUCT,1438,1513,FULL,0,14,13,0,1,0,0,1200.8528963000001
development01,R98-C2,EVENT-STRUCT,1439,1514,FULL,0,17.999999999999993,17,-2,0.99999999999999289,0,0,1201.8784479000001
development01,R98-C2,EVENT-STRUCT,1440,1515,FULL,0,18,17,-3,1,0,0,1201.9680139
development01,R98-C2,EVENT-STRUCT,1441,1516,FULL,0,18,17,-2,1,0,0,1202.3249999
development01,R98-C2,EVENT-STRUCT,1442,1517,FULL,0,18,17,-3,1,0,0,1202.4284038999999
development01,R98-C2,EVENT-STRUCT,1443,1518,FULL,0,18,17,-3,1,0,0,1202.6036254000001
development01,R98-C2,EVENT-STRUCT,1444,1519,FULL,0,18,17,-3,1,0,0,1202.7476581999999
development01,R98-C2,EVENT-STRUCT,1445,1520,FULL,0,18,17,2,1,0,0,1203.3387189
development01,R98-C2,EVENT-STRUCT,1446,1521,FULL,0,20,19,2,1,0,0,1203.4225521999999
development01,R98-C2,EVENT-STRUCT,1447,1522,FULL,0,16,15,-2,1,0,0,1203.9154303
development01,R98-C2,EVENT-STRUCT,1448,1523,FULL,0,16,15,-3,1,0,0,1204.100612
development01,R98-C2,EVENT-STRUCT,1449,1524,FULL,0,16,15,0,1,0,0,1206.2573467
development01,R98-C2,EVENT-STRUCT,1450,1525,FULL,0,20,19,-1,1,0,0,1208.7937168000001
development01,R98-C2,EVENT-STRUCT,1451,1526,FULL,0,24,23,6,1,0,0,1209.0522423
development01,R98-C2,EVENT-STRUCT,1452,1527,FULL,0,20,19,4,1,0,0,1209.2384176999999
development01,R98-C2,EVENT-STRUCT,1453,1528,FULL,0,20.000000000000004,19,-1,1.0000000000000036,0,0,1209.5069493000001
development01,R98-C2,EVENT-STRUCT,1454,1529,FULL,0,20.000000000000004,19,-1,1.0000000000000036,0,0,1209.6716567000001
development01,R98-C2,EVENT-STRUCT,1455,1530,FULL,0,20,19,-2,1,0,0,1209.7852562
development01,R98-C2,EVENT-STRUCT,1456,1531,FULL,0,19.999999999999989,19,-2,0.99999999999998934,0,0,1209.8822402999999
development01,R98-C2,EVENT-STRUCT,1457,1532,FULL,0,20,19,-3,1,0,0,1209.9848727999999
development01,R98-C2,EVENT-STRUCT,1458,1533,FULL,0,19.999999999999989,19,-3,0.99999999999998934,0,0,1210.0675971000001
development01,R98-C2,EVENT-STRUCT,1459,1534,FULL,0,16,15,1,1,0,0,1213.9352345
development01,R98-C2,EVENT-STRUCT,1460,1535,FULL,0,16,15,2,1,0,0,1214.1431805
development01,R98-C2,EVENT-STRUCT,1461,1536,FULL,0,18,17,0,1,0,0,1214.5018525999999
development01,R98-C2,EVENT-STRUCT,1462,1537,FULL,0,18,17,0,1,0,0,1214.6387050999999
development01,R98-C2,EVENT-STRUCT,1463,1538,FULL,0,18,17,-1,1,0,0,1214.7250802999999
development01,R98-C2,EVENT-STRUCT,1464,1539,FULL,0,18,17,-2,1,0,0,1214.8380623
development01,R98-C2,EVENT-STRUCT,1465,1540,FULL,0,18,17,-2,1,0,0,1214.9508776
development01,R98-C2,EVENT-STRUCT,1466,1541,FULL,0,18,17,-1,1,0,0,1215.0632167000001
development01,R98-C2,EVENT-STRUCT,1467,1542,FULL,0,18,17,-2,1,0,0,1215.1284132000001
development01,R98-C2,EVENT-STRUCT,1468,1543,FULL,0,18,17,6,1,0,0,1218.5823098999999
development01,R98-C2,EVENT-STRUCT,1469,1544,FULL,1,16,15,6,1,0,0,1219.0871307
development01,R98-C2,EVENT-STRUCT,1470,1545,FULL,0,18,17,7,1,0,0,1219.4441411
development01,R98-C2,EVENT-STRUCT,1471,1546,FULL,0,18,17,8,1,0,0,1220.1160620999999
development01,R98-C2,EVENT-STRUCT,1472,1547,FULL,0,20,19,0,1,0,0,1221.4340322999999
development01,R98-C2,EVENT-STRUCT,1473,1548,FULL,0,20,19,2,1,0,0,1221.7098413000001
development01,R98-C2,EVENT-STRUCT,1474,1549,FULL,0,20,19,4,1,0,0,1221.7658865000001
development01,R98-C2,EVENT-STRUCT,1475,1550,FULL,0,22,21,7,1,0,0,1221.9065873
development01,R98-C2,EVENT-STRUCT,1476,1551,FULL,0,20,19,0,1,0,0,1222.0573327
development01,R98-C2,EVENT-STRUCT,1477,1552,FULL,0,20.000000000000004,19,-1,1.0000000000000036,0,0,1222.1436739000001
development01,R98-C2,EVENT-STRUCT,1478,1553,FULL,0,20.000000000000004,19,-1,1.0000000000000036,0,0,1222.2077747000001
development01,R98-C2,EVENT-STRUCT,1479,1554,FULL,0,20.000000000000004,19,-1,1.0000000000000036,0,0,1222.2729959000001
development01,R98-C2,EVENT-STRUCT,1480,1555,FULL,0,19.999999999999996,19,-1,0.99999999999999645,0,0,1222.3662139999999
development01,R98-C2,EVENT-STRUCT,1481,1556,FULL,0,20,19,-1,1,0,0,1222.4350586999999
development01,R98-C2,EVENT-STRUCT,1482,1557,FULL,0,20,19,-1,1,0,0,1222.6305173999999
development01,R98-C2,EVENT-STRUCT,1483,1558,FULL,0,19.999999999999996,19,-4,0.99999999999999645,0,0,1222.7902515999999
development01,R98-C2,EVENT-STRUCT,1484,1559,FULL,0,20,19,-3,1,0,0,1222.8566370000001
development01,R98-C2,EVENT-STRUCT,1485,1560,FULL,0,19.999999999999975,19,-2,0.99999999999997513,0,0,1222.9226303
development01,R98-C2,EVENT-STRUCT,1486,1561,FULL,0,20,19,-4,1,0,0,1222.9967105999999
development01,R98-C2,EVENT-STRUCT,1487,1562,FULL,1,22,21,11,1,0,0,1225.8847568000001
development01,R98-C2,EVENT-STRUCT,1488,1563,FULL,1,22,21,10,1,0,0,1226.0441641
development01,R98-C2,EVENT-STRUCT,1489,1564,FULL,1,22,21,11,1,0,0,1226.2451447000001
development01,R98-C2,EVENT-STRUCT,1490,1565,FULL,0,18,17,7,1,0,0,1230.8250444
development01,R98-C2,EVENT-STRUCT,1491,1566,FULL,1,24,23,-2,1,0,0,1231.1672246999999
development01,R98-C2,EVENT-STRUCT,1492,1567,FULL,0,20,19,13,1,0,0,1235.1426845000001
development01,R98-C2,EVENT-STRUCT,1493,1568,FULL,0,20,19,16,1,0,0,1238.3176192999999
development01,R98-C2,EVENT-STRUCT,1494,1569,FULL,0,20,19,15,1,0,0,1238.3742663999999
development01,R98-C2,EVENT-STRUCT,1495,1570,FULL,0,20,19,12,1,0,0,1238.4699591999999
development01,R98-C2,EVENT-STRUCT,1496,1571,FULL,1,18,17,4,1,0,0,1241.7566489000001
development01,R98-C2,EVENT-STRUCT,1497,1572,FULL,0,16,15,4,1,0,0,1242.1386462999999
development01,R98-C2,EVENT-STRUCT,1498,1573,FULL,1,22,21,5,1,0,0,1242.2679171
development01,R98-C2,EVENT-STRUCT,1499,1574,FULL,0,20,19,6,1,0,0,1242.4591519000001
development01,R98-C2,EVENT-STRUCT,1500,1575,A_MST,1,20917.727999999996,20631.440000099999,6932.5759999999991,286.28799989999607,0,0,1242.8148051000001
development01,R98-C2,EVENT-STRUCT,1501,1578,FULL,0,18,17,7,1,0,0,1244.423548
development01,R98-C2,EVENT-STRUCT,1502,1579,FULL,0,18,17,6,1,0,0,1244.4798538
development01,R98-C2,EVENT-STRUCT,1503,1580,FULL,1,22,21,7,1,0,0,1244.8558496000001
development01,R98-C2,EVENT-STRUCT,1504,1581,FULL,1,21.999999999999993,21,0,0.99999999999999289,0,0,1245.3327529000001
development01,R98-C2,EVENT-STRUCT,1505,1582,FULL,1,21.999999999999996,21,0,0.99999999999999645,0,0,1245.5992057000001
development01,R98-C2,EVENT-STRUCT,1506,1583,FULL,0,16,15,8,1,0,0,1248.8319495000001
development01,R98-C2,EVENT-STRUCT,1507,1584,FULL,0,18,17,8,1,0,0,1251.5539478999999
development01,R98-C2,EVENT-STRUCT,1508,1585,FULL,0,20,19,7,1,0,0,1251.6559024000001
development01,R98-C2,EVENT-STRUCT,1509,1586,FULL,0,20,19,10,1,0,0,1252.3386401
development01,R98-C2,EVENT-STRUCT,1510,1587,FULL,0,20,19,8,1,0,0,1255.3171909
development01,R98-C2,EVENT-STRUCT,1511,1588,FULL,1,20,19,16,1,0,0,1256.5259993
development01,R98-C2,EVENT-STRUCT,1512,1589,FULL,0,22,21,19,1,0,0,1270.1028157000001
development01,R98-C2,EVENT-STRUCT,1513,1590,FULL,0,22,21,18,1,0,0,1271.9593247
development01,R98-C2,EVENT-STRUCT,1514,1591,FULL,0,22,21,13,1,0,0,1279.1736232000001
development01,R98-C2,EVENT-STRUCT,1515,1592,FULL,0,18,17,5,1,0,0,1302.7020803
development01,R98-C2,EVENT-STRUCT,1516,1593,FULL,0,22,21,11,1,0,0,1302.946764
development01,R98-C2,EVENT-STRUCT,1517,1594,FULL,0,20,19,0,1,0,0,1303.2725458
development01,R98-C2,EVENT-STRUCT,1518,1595,FULL,0,20,19,0,1,0,0,1303.4313251999999
development01,R98-C2,EVENT-STRUCT,1519,1596,FULL,0,20,19,-1,1,0,0,1303.6621995999999
development01,R98-C2,EVENT-STRUCT,1520,1597,FULL,0,18,17,4,1,0,0,1303.9236601
development01,R98-C2,EVENT-STRUCT,1521,1598,FULL,0,18,17,2,1,0,0,1304.0704516000001
development01,R98-C2,EVENT-STRUCT,1522,1599,FULL,0,18,17,3,1,0,0,1304.4927263
development01,R98-C2,EVENT-STRUCT,1523,1600,FULL,0,20.000000000000004,19,0,1.0000000000000036,0,0,1304.7050847
development01,R98-C2,EVENT-STRUCT,1524,1601,FULL,0,20,19,-1,1,0,0,1304.8601097999999
development01,R98-C2,EVENT-STRUCT,1525,1602,FULL,0,20,19,-1,1,0,0,1304.9599332
development01,R98-C2,EVENT-STRUCT,1526,1603,FULL,0,20.000000000000004,19,-1,1.0000000000000036,0,0,1305.0270859
development01,R98-C2,EVENT-STRUCT,1527,1604,FULL,0,20,19,-2,1,0,0,1305.106882
development01,R98-C2,EVENT-STRUCT,1528,1605,FULL,0,20,19,-2,1,0,0,1305.1752173
development01,R98-C2,EVENT-STRUCT,1529,1606,FULL,0,20,19,-2,1,0,0,1305.2747004
development01,R98-C2,EVENT-STRUCT,1530,1607,FULL,0,20,19,-2,1,0,0,1305.3747728000001
development01,R98-C2,EVENT-STRUCT,1531,1608,FULL,0,20,19,-1,1,0,0,1305.4899201000001
development01,R98-C2,EVENT-STRUCT,1532,1609,FULL,0,20,19,-1,1,0,0,1305.5825006
development01,R98-C2,EVENT-STRUCT,1533,1610,FULL,0,20,19,-2,1,0,0,1305.6618135000001
development01,R98-C2,EVENT-STRUCT,1534,1611,FULL,0,20,19,-1,1,0,0,1305.7299293999999
development01,R98-C2,EVENT-STRUCT,1535,1612,FULL,0,18,17,3,1,0,0,1307.3996646999999
development01,R98-C2,EVENT-STRUCT,1536,1613,FULL,0,16,15,3,1,0,0,1307.4973292
development01,R98-C2,EVENT-STRUCT,1537,1614,FULL,0,18,17,5,1,0,0,1307.5656165
development01,R98-C2,EVENT-STRUCT,1538,1615,A_MST,2,17357.503999999997,17346.432000099998,4942.1439999999993,11.071999899999355,0,0,1309.6932173
development01,R98-C2,EVENT-STRUCT,1539,1618,A_MST,0,16455.905999999999,16213.255000099998,8047.9529999999995,242.6509999000009,0,0,1310.5396636999999
development01,R98-C2,EVENT-STRUCT,1540,1621,FULL,0,18,17,2,1,0,0,1310.9679987
development01,R98-C2,EVENT-STRUCT,1541,1622,FULL,0,17.999999999999993,17,2,0.99999999999999289,0,0,1311.1419478
development01,R98-C2,EVENT-STRUCT,1542,1623,FULL,0,17.999999999999996,17,1,0.99999999999999645,0,0,1311.2289651999999
development01,R98-C2,EVENT-STRUCT,1543,1624,FULL,0,18.000000000000007,17,2,1.0000000000000071,0,0,1311.3059226
development01,R98-C2,EVENT-STRUCT,1544,1625,FULL,0,18.000000000000018,17,1,1.0000000000000178,0,0,1311.4003904000001
development01,R98-C2,EVENT-STRUCT,1545,1626,FULL,1,16,15,7,1,0,0,1312.1658382999999
development01,R98-C2,EVENT-STRUCT,1546,1627,FULL,1,16,15,7,1,0,0,1312.4499355
development01,R98-C2,EVENT-STRUCT,1547,1628,FULL,0,16,15,2,1,0,0,1312.5790227
development01,R98-C2,EVENT-STRUCT,1548,1629,A_MST,0,16644.695999999996,16470.580000099999,8202.3479999999981,174.11599989999741,0,0,1312.8996689999999
development01,R98-C2,EVENT-STRUCT,1549,1632,FULL,0,18,17,4,1,0,0,1313.5492048000001
development01,R98-C2,EVENT-STRUCT,1550,1633,FULL,0,18,17,0,1,0,0,1314.7664560999999
development01,R98-C2,EVENT-STRUCT,1551,1634,FULL,0,18,17,0,1,0,0,1314.8286424
development01,R98-C2,EVENT-STRUCT,1552,1635,FULL,0,18,17,0,1,0,0,1314.9125825000001
development01,R98-C2,EVENT-STRUCT,1553,1636,FULL,0,18,17,0,1,0,0,1315.0179029000001
development01,R98-C2,EVENT-STRUCT,1554,1637,FULL,0,18,17,0,1,0,0,1315.1124248000001
development01,R98-C2,EVENT-STRUCT,1556,1638,FULL,0,22,21,15,1,0,0,1319.5712791000001
development01,R98-C2,EVENT-STRUCT,1557,1639,FULL,0,22,21,15,1,0,0,1319.6400401000001
development01,R98-C2,EVENT-STRUCT,1558,1640,FULL,0,20,19,13,1,0,0,1319.8111775
development01,R98-C2,EVENT-STRUCT,1560,1641,FULL,0,20,19,13,1,0,0,1320.9303791
development01,R98-C2,EVENT-STRUCT,1561,1642,FULL,0,20.000000000000025,19,15,1.0000000000000249,0,0,1321.1780833
development01,R98-C2,EVENT-STRUCT,1562,1643,FULL,0,20,19,14,1,0,0,1321.3889635
development01,R98-C2,EVENT-STRUCT,1563,1644,FULL,0,22,21,16,1,0,0,1321.6932254999999
development01,R98-C2,EVENT-STRUCT,1564,1645,FULL,0,20,19,13,1,0,0,1322.3061518
development01,R98-C2,EVENT-STRUCT,1565,1646,FULL,0,20,19,13,1,0,0,1322.4960868000001
development01,R98-C2,EVENT-STRUCT,1566,1647,FULL,0,22,21,7,1,0,0,1328.4973021999999
development01,R98-C2,EVENT-STRUCT,1567,1648,FULL,0,22,21,10,1,0,0,1328.5665618999999
development01,R98-C2,EVENT-STRUCT,1568,1649,FULL,1,18,17,9,1,0,0,1334.0734368999999
development01,R98-C2,EVENT-STRUCT,1569,1650,FULL,0,22,21,9,1,0,0,1334.2544968
development01,R98-C2,EVENT-STRUCT,1570,1651,FULL,0,22,21,10,1,0,0,1334.3233829000001
development01,R98-C2,EVENT-STRUCT,1571,1652,FULL,0,20,19,12,1,0,0,1334.4986993
development01,R98-C2,EVENT-STRUCT,1572,1653,FULL,0,22,21,0,1,0,0,1336.5606855000001
development01,R98-C2,EVENT-STRUCT,1573,1654,FULL,0,21.999999999999996,21,0,0.99999999999999645,0,0,1336.7243364000001
development01,R98-C2,EVENT-STRUCT,1574,1655,FULL,0,21.999999999999989,21,0,0.99999999999998934,0,0,1336.7853465999999
development01,R98-C2,EVENT-STRUCT,1575,1656,FULL,0,22,21,-1,1,0,0,1336.8710971999999
development01,R98-C2,EVENT-STRUCT,1576,1657,FULL,0,22,21,-1,1,0,0,1336.9424246000001
development01,R98-C2,EVENT-STRUCT,1577,1658,FULL,0,22,21,-1,1,0,0,1337.0157912
development01,R98-C2,EVENT-STRUCT,1578,1659,FULL,0,22,21,0,1,0,0,1337.0837893999999
development01,R98-C2,EVENT-STRUCT,1579,1660,FULL,0,22,21,12,1,0,0,1341.167109
development01,R98-C2,EVENT-STRUCT,1580,1661,FULL,0,20,19,5,1,0,0,1341.2461172000001
development01,R98-C2,EVENT-STRUCT,1581,1662,FULL,0,18,17,2,1,0,0,1341.4454929999999
development01,R98-C2,EVENT-STRUCT,1582,1663,A_MST,0,17832.887999999995,17753.904000099999,7796.9519999999984,78.983999899995979,0,0,1342.0398619
development01,R98-C2,EVENT-STRUCT,1583,1666,A_MST,0,19708.527999999998,19509.9620001,7795.6979999999994,198.56599989999813,0,0,1342.065137
development01,R98-C2,EVENT-STRUCT,1584,1669,FULL,0,22,21,16,1,0,0,1342.3135956000001
development01,R98-C2,EVENT-STRUCT,1585,1670,FULL,0,20,19,12,1,0,0,1342.4148262000001
development01,R98-C2,EVENT-STRUCT,1586,1671,FULL,0,26,25,3,1,0,0,1342.5553070000001
development01,R98-C2,EVENT-STRUCT,1587,1672,FULL,0,24,23,1,1,0,0,1342.6902224
development01,R98-C2,EVENT-STRUCT,1588,1673,FULL,0,26,25,2,1,0,0,1342.7700909
development01,R98-C2,EVENT-STRUCT,1589,1674,FULL,0,18,17,4,1,0,0,1348.3329108999999
development01,R98-C2,EVENT-STRUCT,1590,1675,FULL,2,24,23,11,1,0,0,1348.6850254000001
development01,R98-C2,EVENT-STRUCT,1591,1676,FULL,0,22,21,6,1,0,0,1350.3791269000001
development01,R98-C2,EVENT-STRUCT,1592,1677,FULL,0,24,23,8,1,0,0,1350.4897449
development01,R98-C2,EVENT-STRUCT,1593,1678,FULL,1,16,15,7,1,0,0,1350.6721583999999
development01,R98-C2,EVENT-STRUCT,1594,1679,FULL,0,22,21,10,1,0,0,1350.7452057999999
development01,R98-C2,EVENT-STRUCT,1595,1680,FULL,0,22,21,16,1,0,0,1362.8766691000001
development01,R98-C2,EVENT-STRUCT,1596,1681,FULL,1,18,17,16,1,0,0,1363.0668078000001
development01,R98-C2,EVENT-STRUCT,1597,1682,FULL,0,20,19,8,1,0,0,1363.2957644999999
development01,R98-C2,EVENT-STRUCT,1598,1683,FULL,0,22,21,20,1,0,0,1364.5494971000001
development01,R98-C2,EVENT-STRUCT,1599,1684,FULL,0,22,21,16,1,0,0,1364.6351423999999
development01,R98-C2,EVENT-STRUCT,1600,1685,FULL,0,20,19,10,1,0,0,1364.7352784
development01,R98-C2,EVENT-STRUCT,1601,1686,FULL,1,18,17,13,1,0,0,1364.9604084
development01,R98-C2,EVENT-STRUCT,1602,1687,FULL,0,19.999999999999996,19,3,0.99999999999999645,0,0,1366.7324232000001
development01,R98-C2,EVENT-STRUCT,1603,1688,FULL,0,20.000000000000004,19,2,1.0000000000000036,0,0,1366.842879
development01,R98-C2,EVENT-STRUCT,1604,1689,FULL,0,20.000000000000004,19,2,1.0000000000000036,0,0,1366.9224955
development01,R98-C2,EVENT-STRUCT,1605,1690,FULL,0,22,21,14,1,0,0,1370.2883715999999
development01,R98-C2,EVENT-STRUCT,1606,1691,FULL,0,22,21,12,1,0,0,1370.3718102
development01,R98-C2,EVENT-STRUCT,1607,1692,FULL,0,22,21,15,1,0,0,1370.6680836999999
development01,R98-C2,EVENT-STRUCT,1608,1693,FULL,0,22,21,13,1,0,0,1371.297296
development01,R98-C2,EVENT-STRUCT,1609,1694,FULL,0,22,21,14,1,0,0,1371.4658413
development01,R98-C2,EVENT-STRUCT,1610,1695,FULL,0,20,19,13,1,0,0,1373.3934285
development01,R98-C2,EVENT-STRUCT,1611,1696,FULL,0,20,19,14,1,0,0,1373.6179320000001
development01,R98-C2,EVENT-STRUCT,1612,1697,FULL,0,22,21,17,1,0,0,1373.7743662
development01,R98-C2,EVENT-STRUCT,1613,1698,FULL,0,22,21,17,1,0,0,1373.882981
development01,R98-C2,EVENT-STRUCT,1614,1699,FULL,0,20,19,16,1,0,0,1374.0221859000001
development01,R98-C2,EVENT-STRUCT,1615,1700,FULL,0,22,21,16,1,0,0,1374.3541241
development01,R98-C2,EVENT-STRUCT,1616,1701,FULL,0,22,21,16,1,0,0,1374.5592633000001
development01,R98-C2,EVENT-STRUCT,1617,1702,FULL,1,16,15,14,1,0,0,1374.8794794
development01,R98-C2,EVENT-STRUCT,1618,1703,FULL,1,15.999999999999998,15,15,0.99999999999999822,0,0,1375.0266635999999
development01,R98-C2,EVENT-STRUCT,1619,1704,FULL,1,15.999999999999998,15,14,0.99999999999999822,0,0,1375.5643147999999
development01,R98-C2,EVENT-STRUCT,1620,1705,FULL,1,15.999999999999998,15,14,0.99999999999999822,0,0,1375.6576986
development01,R98-C2,EVENT-STRUCT,1621,1706,FULL,1,15.999999999999998,15,14,0.99999999999999822,0,0,1375.7476558999999
development01,R98-C2,EVENT-STRUCT,1622,1707,FULL,0,18,17,6,1,0,0,1377.6086488000001
development01,R98-C2,EVENT-STRUCT,1623,1708,FULL,0,18,17,7,1,0,0,1377.7403773000001
development01,R98-C2,EVENT-STRUCT,1624,1709,FULL,0,20,19,14,1,0,0,1381.8864553999999
development01,R98-C2,EVENT-STRUCT,1625,1710,FULL,1,20,19,10,1,0,0,1386.6901740999999
development01,R98-C2,EVENT-STRUCT,1626,1711,FULL,0,18,17,4,1,0,0,1386.9607447000001
development01,R98-C2,EVENT-STRUCT,1627,1712,FULL,0,20,19,7,1,0,0,1387.0177073
development01,R98-C2,EVENT-STRUCT,1628,1713,FULL,0,18,17,6,1,0,0,1387.1302267000001
development01,R98-C2,EVENT-STRUCT,1629,1714,FULL,1,16,15,8,1,0,0,1387.2956909
development01,R98-C2,EVENT-STRUCT,1630,1715,FULL,1,19.999999999999993,19,9,0.99999999999999289,0,0,1387.5498272
development01,R98-C2,EVENT-STRUCT,1631,1716,FULL,1,19.999999999999989,19,7,0.99999999999998934,0,0,1387.6418017000001
development01,R98-C2,EVENT-STRUCT,1632,1717,FULL,1,20.000000000000004,19,6,1.0000000000000036,0,0,1387.7427646000001
development01,R98-C2,EVENT-STRUCT,1633,1718,FULL,1,20,19,5,1,0,0,1387.8361302000001
development01,R98-C2,EVENT-STRUCT,1634,1719,FULL,1,20.000000000000004,19,5,1.0000000000000036,0,0,1387.9225311
development01,R98-C2,EVENT-STRUCT,1635,1720,FULL,1,20,19,5,1,0,0,1388.0669852999999
development01,R98-C2,EVENT-STRUCT,1636,1721,FULL,0,22,21,5,1,0,0,1388.3149404000001
development01,R98-C2,EVENT-STRUCT,1637,1722,FULL,0,20,19,7,1,0,0,1388.4483321
development01,R98-C2,EVENT-STRUCT,1638,1723,FULL,0,22,21,8,1,0,0,1388.7431927
development01,R98-C2,EVENT-STRUCT,1639,1724,A_MST,2,17321.900999999998,17213.058000099998,7526.5289999999995,108.8429999,0,0,1389.2121198
development01,R98-C2,EVENT-STRUCT,1640,1727,FULL,1,19.99999999999995,19,4,0.99999999999995026,0,0,1389.3454945000001
development01,R98-C2,EVENT-STRUCT,1641,1728,FULL,1,20,19,4,1,0,0,1389.4221021999999
development01,R98-C2,EVENT-STRUCT,1642,1729,FULL,1,19.999999999999989,19,4,0.99999999999998934,0,0,1389.5753064999999
development01,R98-C2,EVENT-STRUCT,1643,1730,FULL,1,20,19,4,1,0,0,1389.6547796
development01,R98-C2,EVENT-STRUCT,1644,1731,FULL,1,20,19,4,1,0,0,1389.7413884
development01,R98-C2,EVENT-STRUCT,1645,1732,FULL,1,19.999999999999989,19,4,0.99999999999998934,0,0,1389.8301848000001
development01,R98-C2,EVENT-STRUCT,1646,1733,FULL,1,20,19,4,1,0,0,1389.9065496000001
development01,R98-C2,EVENT-STRUCT,1647,1734,FULL,0,22,21,15,1,0,0,1398.1308191999999
development01,R98-C2,EVENT-STRUCT,1648,1735,FULL,0,20,19,9,1,0,0,1398.2333983999999
development01,R98-C2,EVENT-STRUCT,1649,1736,FULL,0,20,19,11,1,0,0,1398.4778504000001
development01,R98-C2,EVENT-STRUCT,1650,1737,FULL,0,22,21,15,1,0,0,1398.7975165
development01,R98-C2,EVENT-STRUCT,1651,1738,FULL,1,18,17,13,1,0,0,1401.1473547999999
development01,R98-C2,EVENT-STRUCT,1652,1739,FULL,1,18,17,14,1,0,0,1401.2232497
development01,R98-C2,EVENT-STRUCT,1653,1740,FULL,0,20,19,12,1,0,0,1401.315292
development01,R98-C2,EVENT-STRUCT,1654,1741,FULL,2,22,21,10,1,0,0,1401.5080702
development01,R98-C2,EVENT-STRUCT,1655,1742,FULL,0,20,19,13,1,0,0,1401.5868668000001
development01,R98-C2,EVENT-STRUCT,1656,1743,FULL,1,21.999999999999996,21,8,0.99999999999999645,0,0,1401.8319412999999
development01,R98-C2,EVENT-STRUCT,1657,1744,FULL,1,22,21,9,1,0,0,1402.0600664999999
development01,R98-C2,EVENT-STRUCT,1658,1745,FULL,1,22.000000000000007,21,8,1.0000000000000071,0,0,1402.2703454
development01,R98-C2,EVENT-STRUCT,1659,1746,FULL,1,22,21,8,1,0,0,1402.3468127000001
development01,R98-C2,EVENT-STRUCT,1660,1747,FULL,1,22,21,7,1,0,0,1402.4203857
development01,R98-C2,EVENT-STRUCT,1661,1748,FULL,1,22,21,7,1,0,0,1402.4949770000001
development01,R98-C2,EVENT-STRUCT,1662,1749,FULL,1,22,21,7,1,0,0,1402.5681096000001
development01,R98-C2,EVENT-STRUCT,1663,1750,FULL,1,22,21,7,1,0,0,1402.6847404
development01,R98-C2,EVENT-STRUCT,1664,1751,FULL,2,26,25,11,1,0,0,1403.0655239
development01,R98-C2,EVENT-STRUCT,1665,1752,FULL,0,16,15,3,1,0,0,1403.2160191999999
development01,R98-C2,EVENT-STRUCT,1666,1753,FULL,1,22,21,7,1,0,0,1403.2908061999999
development01,R98-C2,EVENT-STRUCT,1667,1754,FULL,1,22,21,7,1,0,0,1403.3686475
development01,R98-C2,EVENT-STRUCT,1668,1755,FULL,1,22,21,7,1,0,0,1403.5282715999999
development01,R98-C2,EVENT-STRUCT,1669,1756,FULL,1,22,21,7,1,0,0,1403.6036308
development01,R98-C2,EVENT-STRUCT,1670,1757,FULL,0,20,19,10,1,0,0,1406.9846336999999
development01,R98-C2,EVENT-STRUCT,1671,1758,FULL,0,20,19,11,1,0,0,1407.7396630999999
development01,R98-C2,EVENT-STRUCT,1672,1759,FULL,0,22,21,9,1,0,0,1407.9247071
development01,R98-C2,EVENT-STRUCT,1673,1760,FULL,0,22,21,9,1,0,0,1408.2041767999999
development01,R98-C2,EVENT-STRUCT,1674,1761,FULL,0,22,21,12,1,0,0,1408.2590305000001
development01,R98-C2,EVENT-STRUCT,1675,1762,FULL,0,20,19,8,1,0,0,1408.4283253000001
development01,R98-C2,EVENT-STRUCT,1676,1763,FULL,0,20,19,8,1,0,0,1408.5078756
development01,R98-C2,EVENT-STRUCT,1677,1764,FULL,0,20,19,0,1,0,0,1408.7690012
development01,R98-C2,EVENT-STRUCT,1678,1765,FULL,0,20,19,-1,1,0,0,1408.9559833000001
development01,R98-C2,EVENT-STRUCT,1679,1766,FULL,0,20,19,-2,1,0,0,1409.0392701000001
development01,R98-C2,EVENT-STRUCT,1680,1767,FULL,0,20,19,-2,1,0,0,1409.1125233
development01,R98-C2,EVENT-STRUCT,1681,1768,FULL,0,16,15,8,1,0,0,1412.3547818
development01,R98-C2,EVENT-STRUCT,1682,1769,FULL,0,20,19,17,1,0,0,1413.9672211
development01,R98-C2,EVENT-STRUCT,1683,1770,FULL,2,24,23,10,1,0,0,1414.2764056999999
development01,R98-C2,EVENT-STRUCT,1684,1771,FULL,0,22,21,15,1,0,0,1414.3539575
development01,R98-C2,EVENT-STRUCT,1685,1772,FULL,0,22,21,-1,1,0,0,1414.6167866000001
development01,R98-C2,EVENT-STRUCT,1686,1773,FULL,0,18,17,1,1,0,0,1418.484942
development01,R98-C2,EVENT-STRUCT,1687,1774,FULL,0,20,19,5,1,0,0,1418.616176
development01,R98-C2,EVENT-STRUCT,1688,1775,FULL,0,24,23,1,1,0,0,1419.7661384999999
development01,R98-C2,EVENT-STRUCT,1689,1776,FULL,0,22,21,2,1,0,0,1420.1936390000001
development01,R98-C2,EVENT-STRUCT,1690,1777,FULL,0,18,17,2,1,0,0,1420.3057492
development01,R98-C2,EVENT-STRUCT,1691,1778,FULL,0,23.999999999999993,23,0,0.99999999999999289,0,0,1421.1400174
development01,R98-C2,EVENT-STRUCT,1692,1779,FULL,0,23.999999999999993,23,-1,0.99999999999999289,0,0,1421.337835
development01,R98-C2,EVENT-STRUCT,1693,1780,FULL,0,23.999999999999989,23,-1,0.99999999999998934,0,0,1421.4958801
development01,R98-C2,EVENT-STRUCT,1694,1781,FULL,0,20,19,3,1,0,0,1421.7529334000001
development01,R98-C2,EVENT-STRUCT,1695,1782,FULL,0,20,19,4,1,0,0,1421.8478011
development01,R98-C2,EVENT-STRUCT,1696,1783,FULL,0,22,21,7,1,0,0,1421.9333168999999
development01,R98-C2,EVENT-STRUCT,1697,1784,FULL,0,18,17,2,1,0,0,1422.1635398000001
development01,R98-C2,EVENT-STRUCT,1698,1785,FULL,0,24,23,-2,1,0,0,1422.3233852000001
development01,R98-C2,EVENT-STRUCT,1699,1786,FULL,0,24,23,-3,1,0,0,1422.4321970999999
development01,R98-C2,EVENT-STRUCT,1700,1787,FULL,0,24,23,-3,1,0,0,1422.5129684000001
development01,R98-C2,EVENT-STRUCT,1701,1788,FULL,0,24,23,-2,1,0,0,1422.5828108999999
development01,R98-C2,EVENT-STRUCT,1702,1789,FULL,0,22,21,16,1,0,0,1426.6117379
development01,R98-C2,EVENT-STRUCT,1703,1790,FULL,0,22,21,16,1,0,0,1426.8352222000001
development01,R98-C2,EVENT-STRUCT,1704,1791,FULL,0,22,21,15,1,0,0,1427.2716803999999
development01,R98-C2,EVENT-STRUCT,1705,1792,FULL,0,22,21,15,1,0,0,1429.2777493999999
development01,R98-C2,EVENT-STRUCT,1706,1793,FULL,0,22,21,16,1,0,0,1430.229695
development01,R98-C2,EVENT-STRUCT,1707,1794,FULL,0,22,21,16,1,0,0,1430.4304964
development01,R98-C2,EVENT-STRUCT,1708,1795,FULL,0,20,19,16,1,0,0,1430.5440533000001
development01,R98-C2,EVENT-STRUCT,1709,1796,FULL,0,20,19,16,1,0,0,1430.7250260999999
development01,R98-C2,EVENT-STRUCT,1710,1797,FULL,0,22,21,12,1,0,0,1431.5357303000001
development01,R98-C2,EVENT-STRUCT,1711,1798,FULL,0,22.000000000000007,21,13,1.0000000000000071,0,0,1431.7096859999999
development01,R98-C2,EVENT-STRUCT,1712,1799,FULL,0,20,19,13,1,0,0,1432.9793913999999
development01,R98-C2,EVENT-STRUCT,1713,1800,FULL,0,20,19,15,1,0,0,1433.1177069
development01,R98-C2,EVENT-STRUCT,1714,1801,FULL,1,18,17,15,1,0,0,1433.3092805000001
development01,R98-C2,EVENT-STRUCT,1715,1802,FULL,1,20,19,7,1,0,0,1436.1856548000001
development01,R98-C2,EVENT-STRUCT,1716,1803,FULL,0,18,17,2,1,0,0,1436.4660497
development01,R98-C2,EVENT-STRUCT,1717,1804,FULL,1,20,19,7,1,0,0,1436.860111
development01,R98-C2,EVENT-STRUCT,1718,1805,FULL,1,20.000000000000004,19,6,1.0000000000000036,0,0,1437.0197513999999
development01,R98-C2,EVENT-STRUCT,1719,1806,FULL,1,20,19,5,1,0,0,1437.1297110999999
development01,R98-C2,EVENT-STRUCT,1720,1807,FULL,1,20,19,5,1,0,0,1437.2260297
development01,R98-C2,EVENT-STRUCT,1721,1808,FULL,1,20,19,5,1,0,0,1437.3272013999999
development01,R98-C2,EVENT-STRUCT,1722,1809,FULL,1,20,19,5,1,0,0,1437.4494649000001
development01,R98-C2,EVENT-STRUCT,1723,1810,FULL,0,14,13,3,1,0,0,1440.0275525
development01,R98-C2,EVENT-STRUCT,1724,1811,FULL,0,20,19,9,1,0,0,1441.1404404
development01,R98-C2,EVENT-STRUCT,1725,1812,FULL,0,16.000000000000004,15,-2,1.0000000000000036,0,0,1441.3316855
development01,R98-C2,EVENT-STRUCT,1726,1813,FULL,0,16,15,-2,1,0,0,1441.4083043000001
development01,R98-C2,EVENT-STRUCT,1727,1814,FULL,0,16,15,-3,1,0,0,1441.477983
development01,R98-C2,EVENT-STRUCT,1728,1815,FULL,0,16,15,-3,1,0,0,1441.5458963999999
development01,R98-C2,EVENT-STRUCT,1729,1816,FULL,0,16,15,-2,1,0,0,1441.6329237
development01,R98-C2,EVENT-STRUCT,1730,1817,FULL,0,20,19,7,1,0,0,1445.1894333
development01,R98-C2,EVENT-STRUCT,1731,1818,FULL,0,20,19,5,1,0,0,1445.3386396999999
development01,R98-C2,EVENT-STRUCT,1732,1819,FULL,0,18,17,-2,1,0,0,1445.9533179
development01,R98-C2,EVENT-STRUCT,1733,1820,FULL,0,18,17,10,1,0,0,1446.2173306
development01,R98-C2,EVENT-STRUCT,1734,1821,FULL,0,22,21,17,1,0,0,1446.3876660999999
development01,R98-C2,EVENT-STRUCT,1735,1822,FULL,0,22,21,18,1,0,0,1446.4731770999999
development01,R98-C2,EVENT-STRUCT,1736,1823,FULL,0,22,21,14,1,0,0,1446.8129865000001
development01,R98-C2,EVENT-STRUCT,1737,1824,FULL,0,20,19,13,1,0,0,1447.1900043000001
development01,R98-C2,EVENT-STRUCT,1738,1825,FULL,0,18.000000000001204,17,-2,1.0000000000012044,0,0,1447.3603637000001
development01,R98-C2,EVENT-STRUCT,1739,1826,FULL,0,18,17,-1,1,0,0,1447.505805
development01,R98-C2,EVENT-STRUCT,1740,1827,FULL,0,18,17,-2,1,0,0,1447.6516746
development01,R98-C2,EVENT-STRUCT,1741,1828,FULL,0,18,17,-2,1,0,0,1447.7975570000001
development01,R98-C2,EVENT-STRUCT,1742,1829,FULL,0,18,17,-2,1,0,0,1447.9847328999999
development01,R98-C2,EVENT-STRUCT,1743,1830,FULL,0,18,17,-3,1,0,0,1448.1402472
development01,R98-C2,EVENT-STRUCT,1744,1831,FULL,0,18,17,-3,1,0,0,1448.2182422999999
development01,R98-C2,EVENT-STRUCT,1745,1832,FULL,1,22,21,8,1,0,0,1448.4311344
development01,R98-C2,EVENT-STRUCT,1746,1833,A_MST,2,18510.313999999998,18437.412000099997,3312.9019999999996,72.901999900001101,0,0,1451.1959621000001
development01,R98-C2,EVENT-STRUCT,1747,1836,FULL,0,18,17,-1,1,0,0,1451.4173883999999
development01,R98-C2,EVENT-STRUCT,1748,1837,FULL,0,18,17,0,1,0,0,1451.4972173000001
development01,R98-C2,EVENT-STRUCT,1749,1838,FULL,0,18,17,-1,1,0,0,1451.5968929000001
development01,R98-C2,EVENT-STRUCT,1750,1839,FULL,0,18,17,-1,1,0,0,1451.7652559000001
development01,R98-C2,EVENT-STRUCT,1751,1840,FULL,0,18,17,-1,1,0,0,1451.8805712999999
development01,R98-C2,EVENT-STRUCT,1752,1841,FULL,0,18,17,-1,1,0,0,1451.9617592
development01,R98-C2,EVENT-STRUCT,1753,1842,FULL,0,18,17,8,1,0,0,1455.8578892999999
development01,R98-C2,EVENT-STRUCT,1754,1843,FULL,0,14,13,4,1,0,0,1456.0297981000001
development01,R98-C2,EVENT-STRUCT,1755,1844,FULL,0,18,17,9,1,0,0,1456.2635244000001
development01,R98-C2,EVENT-STRUCT,1756,1845,FULL,0,16,15,6,1,0,0,1456.3904677
development01,R98-C2,EVENT-STRUCT,1757,1846,A_MST,2,15486.21000000001,15305.1750001,3061.0349999999999,181.03499990001001,0,0,1459.8309115
development01,R98-C2,EVENT-STRUCT,1758,1849,A_MST,2,17859.842999999997,17571.294000099999,3168.5489999999995,288.54899989999831,0,0,1460.0138460000001
development01,R98-C2,EVENT-STRUCT,1759,1852,FULL,0,22,21,10,1,0,0,1460.3164085000001
development01,R98-C2,EVENT-STRUCT,1760,1853,FULL,0,20,19,8,1,0,0,1460.4922334
development01,R98-C2,EVENT-STRUCT,1761,1854,FULL,0,18,17,7,1,0,0,1460.6573126999999
development01,R98-C2,EVENT-STRUCT,1762,1855,FULL,1,18,17,8,1,0,0,1460.9355552
development01,R98-C2,EVENT-STRUCT,1763,1856,FULL,1,17.999999999999996,17,8,0.99999999999999645,0,0,1461.3327887999999
development01,R98-C2,EVENT-STRUCT,1764,1857,FULL,1,18.000000000000004,17,8,1.0000000000000036,0,0,1461.4339238
development01,R98-C2,EVENT-STRUCT,1765,1858,A_MST,2,17116.596999999998,16934.2260001,4684.7419999999993,182.37099989999842,0,0,1461.5538071999999
development01,R98-C2,EVENT-STRUCT,1766,1861,FULL,1,17.999999999999996,17,7,0.99999999999999645,0,0,1461.6695572000001
development01,R98-C2,EVENT-STRUCT,1767,1862,FULL,1,18,17,7,1,0,0,1461.8047561000001
development01,R98-C2,EVENT-STRUCT,1768,1863,FULL,1,17.999999999999993,17,6,0.99999999999999289,0,0,1461.9101212
development01,R98-C2,EVENT-STRUCT,1769,1864,FULL,0,22,21,11,1,0,0,1462.3336743
development01,R98-C2,EVENT-STRUCT,1770,1865,FULL,0,22,21,10,1,0,0,1462.4639791
development01,R98-C2,EVENT-STRUCT,1771,1866,FULL,0,20,19,5,1,0,0,1462.6874057
development01,R98-C2,EVENT-STRUCT,1772,1867,FULL,0,18,17,2,1,0,0,1462.8422969999999
development01,R98-C2,EVENT-STRUCT,1773,1868,FULL,0,22,21,6,1,0,0,1462.9625576999999
development01,R98-C2,EVENT-STRUCT,1774,1869,FULL,1,18,17,6,1,0,0,1463.1269483000001
development01,R98-C2,EVENT-STRUCT,1775,1870,FULL,1,17.999999999999996,17,6,0.99999999999999645,0,0,1463.3101638999999
development01,R98-C2,EVENT-STRUCT,1776,1871,FULL,1,17.999999999999996,17,6,0.99999999999999645,0,0,1463.377933
development01,R98-C2,EVENT-STRUCT,1777,1872,FULL,1,17.999999999999996,17,6,0.99999999999999645,0,0,1463.5670405999999
development01,R98-C2,EVENT-STRUCT,1778,1873,FULL,1,17.999999999999996,17,5,0.99999999999999645,0,0,1463.6969577
development01,R98-C2,EVENT-STRUCT,1779,1874,FULL,1,17.999999999999993,17,5,0.99999999999999289,0,0,1463.9056098000001
development01,R98-C2,EVENT-STRUCT,1780,1875,FULL,1,18.000000000000021,17,5,1.0000000000000213,0,0,1463.9803999999999
development01,R98-C2,EVENT-STRUCT,1781,1876,FULL,1,17.999999999999996,17,4,0.99999999999999645,0,0,1464.0679585
development01,R98-C2,EVENT-STRUCT,1782,1877,FULL,1,17.999999999999996,17,4,0.99999999999999645,0,0,1464.2054006000001
development01,R98-C2,EVENT-STRUCT,1783,1878,FULL,2,24,23,2,1,0,0,1464.3536796000001
development01,R98-C2,EVENT-STRUCT,1784,1879,FULL,1,18,17,3,1,0,0,1464.4993572000001
development01,R98-C2,EVENT-STRUCT,1785,1880,FULL,1,16,15,2,1,0,0,1464.58619
development01,R98-C2,EVENT-STRUCT,1786,1881,FULL,1,18,17,3,1,0,0,1464.6832615000001
development01,R98-C2,EVENT-STRUCT,1787,1882,FULL,0,22,21,12,1,0,0,1465.6660575000001
development01,R98-C2,EVENT-STRUCT,1788,1883,FULL,0,22,21,12,1,0,0,1465.8320983000001
development01,R98-C2,EVENT-STRUCT,1789,1884,FULL,0,20,19,8,1,0,0,1465.9293811
development01,R98-C2,EVENT-STRUCT,1790,1885,FULL,0,18,17,-1,1,0,0,1470.3068203
development01,R98-C2,EVENT-STRUCT,1791,1886,FULL,0,18,17,-7,1,0,0,1470.7801088000001
development01,R98-C2,EVENT-STRUCT,1792,1887,FULL,0,18,17,-7,1,0,0,1470.860813
development01,R98-C2,EVENT-STRUCT,1793,1888,FULL,0,18,17,-7,1,0,0,1470.9237387999999
development01,R98-C2,EVENT-STRUCT,1794,1889,FULL,0,18,17,-8,1,0,0,1471.0937371
development01,R98-C2,EVENT-STRUCT,1795,1890,FULL,0,18,17,-8,1,0,0,1471.1645252999999
development01,R98-C2,EVENT-STRUCT,1796,1891,FULL,0,18,17,-8,1,0,0,1471.2271329
development01,R98-C2,EVENT-STRUCT,1797,1892,FULL,0,18,17,-9,1,0,0,1471.3131796
development01,R98-C2,EVENT-STRUCT,1798,1893,FULL,0,18,17,-8,1,0,0,1471.3781325
development01,R98-C2,EVENT-STRUCT,1799,1894,FULL,0,20,19,13,1,0,0,1472.1307863
development01,R98-C2,EVENT-STRUCT,1800,1895,FULL,0,18,17,10,1,0,0,1476.5197868
development01,R98-C2,EVENT-STRUCT,1801,1896,FULL,0,18,17,9,1,0,0,1476.814451
development01,R98-C2,EVENT-STRUCT,1802,1897,FULL,0,18,17,8,1,0,0,1476.8895602
development01,R98-C2,EVENT-STRUCT,1803,1898,FULL,0,20,19,10,1,0,0,1477.6241735000001
development01,R98-C2,EVENT-STRUCT,1804,1899,FULL,0,18,17,8,1,0,0,1478.2404165999999
development01,R98-C2,EVENT-STRUCT,1805,1900,FULL,0,18,17,5,1,0,0,1478.3347678
development01,R98-C2,EVENT-STRUCT,1806,1901,FULL,0,16,15,6,1,0,0,1478.6890341000001
development01,R98-C2,EVENT-STRUCT,1807,1902,FULL,0,16,15,0,1,0,0,1479.0184287
development01,R98-C2,EVENT-STRUCT,1808,1903,FULL,0,16,15,1,1,0,0,1479.4553128
development01,R98-C2,EVENT-STRUCT,1809,1904,FULL,0,16,15,1,1,0,0,1479.6488862000001
development01,R98-C2,EVENT-STRUCT,1810,1905,FULL,0,16,15,0,1,0,0,1479.7456236
development01,R98-C2,EVENT-STRUCT,1811,1906,FULL,0,15.999999999999998,15,1,0.99999999999999822,0,0,1480.2682829
development01,R98-C2,EVENT-STRUCT,1812,1907,FULL,0,15.999999999999998,15,0,0.99999999999999822,0,0,1480.3752331999999
development01,R98-C2,EVENT-STRUCT,1813,1908,FULL,0,16,15,-2,1,0,0,1480.5768298
development01,R98-C2,EVENT-STRUCT,1814,1909,FULL,0,15.999999999999972,15,-1,0.99999999999997158,0,0,1480.7558944
development01,R98-C2,EVENT-STRUCT,1815,1910,FULL,0,16,15,-2,1,0,0,1480.8718249999999
development01,R98-C2,EVENT-STRUCT,1816,1911,FULL,0,16.000000000000004,15,-2,1.0000000000000036,0,0,1480.9829021
development01,R98-C2,EVENT-STRUCT,1817,1912,FULL,1,18,17,14,1,0,0,1481.2023801
development01,R98-C2,EVENT-STRUCT,1818,1913,FULL,0,16,15,-2,1,0,0,1481.4277337999999
development01,R98-C2,EVENT-STRUCT,1819,1914,FULL,0,15.999999999999973,15,-3,0.99999999999997335,0,0,1481.4999021000001
development01,R98-C2,EVENT-STRUCT,1820,1915,FULL,0,15.999999999999998,15,-3,0.99999999999999822,0,0,1481.5937251
development01,R98-C2,EVENT-STRUCT,1821,1916,FULL,0,15.999999999999998,15,-3,0.99999999999999822,0,0,1481.6868039999999
development01,R98-C2,EVENT-STRUCT,1822,1917,FULL,0,15.999999999999998,15,-3,0.99999999999999822,0,0,1481.8529437
development01,R98-C2,EVENT-STRUCT,1823,1918,FULL,0,16,15,-3,1,0,0,1481.9588065
development01,R98-C2,EVENT-STRUCT,1824,1919,FULL,0,16,15,-4,1,0,0,1482.0781956999999
development01,R98-C2,EVENT-STRUCT,1825,1920,FULL,0,15.999999999999995,15,-4,0.99999999999999467,0,0,1482.1439793
development01,R98-C2,EVENT-STRUCT,1826,1921,FULL,0,16,15,-3,1,0,0,1482.2879657999999
development01,R98-C2,EVENT-STRUCT,1827,1922,FULL,0,15.999999999999998,15,-3,0.99999999999999822,0,0,1482.4217759999999
development01,R98-C2,EVENT-STRUCT,1828,1923,FULL,0,16,15,-3,1,0,0,1482.5957825
development01,R98-C2,EVENT-STRUCT,1829,1924,FULL,0,16,15,-3,1,0,0,1482.6698847
development01,R98-C2,EVENT-STRUCT,1830,1925,FULL,0,16,15,-4,1,0,0,1482.7771447
development01,R98-C2,EVENT-STRUCT,1831,1926,FULL,0,15.999999999999957,15,-4,0.99999999999995737,0,0,1482.8601775
development01,R98-C2,EVENT-STRUCT,1832,1927,FULL,0,16,15,-3,1,0,0,1482.9319399999999
development01,R98-C2,EVENT-STRUCT,1833,1928,FULL,0,16,15,-4,1,0,0,1483.0299307
development01,R98-C2,EVENT-STRUCT,1834,1929,FULL,0,16,15,-3,1,0,0,1483.1478735999999
development01,R98-C2,EVENT-STRUCT,1835,1930,FULL,0,20,19,11,1,0,0,1487.7724019
development01,R98-C2,EVENT-STRUCT,1836,1931,FULL,0,18,17,11,1,0,0,1487.9098388
development01,R98-C2,EVENT-STRUCT,1837,1932,FULL,0,18,17,7,1,0,0,1488.0392471
development01,R98-C2,EVENT-STRUCT,1838,1933,FULL,0,18,17,2,1,0,0,1488.6586766999999
development01,R98-C2,EVENT-STRUCT,1839,1934,FULL,0,22,21,14,1,0,0,1494.7229057
development01,R98-C2,EVENT-STRUCT,1840,1935,FULL,0,22,21,19,1,0,0,1499.4796884
development01,R98-C2,EVENT-STRUCT,1841,1936,FULL,0,24,23,19,1,0,0,1499.5397055000001
development01,R98-C2,EVENT-STRUCT,1842,1937,FULL,0,18,17,10,1,0,0,1499.6484577000001
development01,R98-C2,EVENT-STRUCT,1843,1938,FULL,0,16,15,6,1,0,0,1499.7754835000001
development01,R98-C2,EVENT-STRUCT,1844,1939,FULL,0,20,19,12,1,0,0,1499.8385811000001
development01,R98-C2,EVENT-STRUCT,1845,1940,FULL,0,20,19,14,1,0,0,1500.2183924000001
development01,R98-C2,EVENT-STRUCT,1846,1941,FULL,0,20,19,14,1,0,0,1500.3952396
development01,R98-C2,EVENT-STRUCT,1847,1942,FULL,0,20,19,11,1,0,0,1500.8696399
development01,R98-C2,EVENT-STRUCT,1848,1943,FULL,0,20,19,12,1,0,0,1501.9889254
development01,R98-C2,EVENT-STRUCT,1849,1944,FULL,0,18,17,9,1,0,0,1502.0680006
development01,R98-C2,EVENT-STRUCT,1850,1945,FULL,0,20,19,12,1,0,0,1502.2062435
development01,R98-C2,EVENT-STRUCT,1851,1946,FULL,0,20,19,13,1,0,0,1502.4650383000001
development01,R98-C2,EVENT-STRUCT,1852,1947,FULL,0,20,19,15,1,0,0,1502.5733883
development01,R98-C2,EVENT-STRUCT,1853,1948,FULL,0,20,19,11,1,0,0,1502.8198723999999
development01,R98-C2,EVENT-STRUCT,1854,1949,FULL,0,18,17,14,1,0,0,1503.6825068000001
development01,R98-C2,EVENT-STRUCT,1855,1950,FULL,0,20,19,14,1,0,0,1503.8672237000001
development01,R98-C2,EVENT-STRUCT,1856,1951,FULL,0,22,21,13,1,0,0,1504.0647816999999
development01,R98-C2,EVENT-STRUCT,1857,1952,FULL,0,20,19,10,1,0,0,1504.3122403
development01,R98-C2,EVENT-STRUCT,1858,1953,FULL,0,22,21,11,1,0,0,1504.4608768000001
development01,R98-C2,EVENT-STRUCT,1859,1954,FULL,0,20,19,13,1,0,0,1505.3460416
development01,R98-C2,EVENT-STRUCT,1860,1955,FULL,0,20,19,9,1,0,0,1505.4554962
development01,R98-C2,EVENT-STRUCT,1861,1956,FULL,0,16,15,-2,1,0,0,1506.0033834999999
development01,R98-C2,EVENT-STRUCT,1862,1957,FULL,0,16,15,-2,1,0,0,1506.1411022
development01,R98-C2,EVENT-STRUCT,1863,1958,FULL,0,16,15,-3,1,0,0,1506.2223131999999
development01,R98-C2,EVENT-STRUCT,1864,1959,FULL,0,18,17,4,1,0,0,1509.42959
development01,R98-C2,EVENT-STRUCT,1865,1960,FULL,0,20,19,4,1,0,0,1509.5755059000001
development01,R98-C2,EVENT-STRUCT,1866,1961,FULL,0,20,19,5,1,0,0,1513.5936615000001
development01,R98-C2,EVENT-STRUCT,1867,1962,A_MST,0,16459.685999999998,16316.4050001,8109.8429999999989,143.28099989999828,0,0,1513.7253495
development01,R98-C2,EVENT-STRUCT,1868,1965,FULL,0,18,17,6,1,0,0,1513.8375606
development01,R98-C2,EVENT-STRUCT,1869,1966,FULL,0,19.999999999999993,19,-3,0.99999999999999289,0,0,1514.0593979
development01,R98-C2,EVENT-STRUCT,1870,1967,FULL,0,20.000000000000004,19,-3,1.0000000000000036,0,0,1514.1476307
development01,R98-C2,EVENT-STRUCT,1871,1968,FULL,0,20,19,-4,1,0,0,1514.2746976999999
development01,R98-C2,EVENT-STRUCT,1872,1969,FULL,0,20.000000000000004,19,-4,1.0000000000000036,0,0,1514.3397136000001
development01,R98-C2,EVENT-STRUCT,1873,1970,FULL,0,20.000000000000004,19,-4,1.0000000000000036,0,0,1514.4047482000001
development01,R98-C2,EVENT-STRUCT,1874,1971,FULL,0,20.000000000000004,19,-4,1.0000000000000036,0,0,1514.4711655000001
development01,R98-C2,EVENT-STRUCT,1875,1972,FULL,0,20.000000000000004,19,-4,1.0000000000000036,0,0,1514.5362312
development01,R98-C2,EVENT-STRUCT,1876,1973,FULL,0,22,21,14,1,0,0,1516.54946
development01,R98-C2,EVENT-STRUCT,1877,1974,FULL,0,22,21,14,1,0,0,1516.7439861
development01,R98-C2,EVENT-STRUCT,1878,1975,A_MST,2,16077.269999999999,15997.725000099999,10998.179999999998,79.544999899999311,0,0,1516.7570802
development01,R98-C2,EVENT-STRUCT,1879,1978,FULL,0,18,17,6,1,0,0,1518.8747882
development01,R98-C2,EVENT-STRUCT,1880,1979,FULL,0,16,15,1,1,0,0,1518.9447436
development01,R98-C2,EVENT-STRUCT,1881,1980,A_MST,2,18884.779999999999,18861.240000099999,6047.079999999999,23.539999900000112,0,0,1519.0924801000001
development01,R98-C2,EVENT-STRUCT,1882,1983,FULL,0,22,21,16,1,0,0,1521.0885559000001
development01,R98-C2,EVENT-STRUCT,1883,1984,FULL,0,20,19,14,1,0,0,1521.3705090999999
development01,R98-C2,EVENT-STRUCT,1884,1985,FULL,0,26,25,20,1,0,0,1521.6084905
development01,R98-C2,EVENT-STRUCT,1885,1986,FULL,0,22,21,10,1,0,0,1525.0253585999999
development01,R98-C2,EVENT-STRUCT,1886,1987,FULL,1,18,17,6,1,0,0,1525.3727220000001
development01,R98-C2,EVENT-STRUCT,1887,1988,FULL,0,18,17,7,1,0,0,1525.8511434
development01,R98-C2,EVENT-STRUCT,1888,1989,FULL,0,16,15,3,1,0,0,1526.189732
development01,R98-C2,EVENT-STRUCT,1889,1990,FULL,1,18,17,9,1,0,0,1526.6044135
development01,R98-C2,EVENT-STRUCT,1890,1991,A_MST,0,18415.091999999997,18345.910000099997,8967.5459999999985,69.181999899999937,0,0,1527.1240479000001
development01,R98-C2,EVENT-STRUCT,1891,1994,A_MST,1,20186.591999999997,20022.160000099997,10333.295999999998,164.43199989999994,0,0,1527.8563961
development01,R98-C2,EVENT-STRUCT,1892,1997,FULL,0,18,17,-2,1,0,0,1535.7389487999999
development01,R98-C2,EVENT-STRUCT,1893,1998,FULL,0,18,17,-3,1,0,0,1536.0568694999999
development01,R98-C2,EVENT-STRUCT,1894,1999,FULL,0,18,17,-3,1,0,0,1536.1511489
development01,R98-C2,EVENT-STRUCT,1895,2000,FULL,0,14,13,3,1,0,0,1538.2084417999999
development01,R98-C2,EVENT-STRUCT,1896,2001,FULL,0,18,17,7,1,0,0,1538.3554939000001
development01,R98-C2,EVENT-STRUCT,1897,2002,FULL,0,18,17,10,1,0,0,1538.5871869
development01,R98-C2,EVENT-STRUCT,1898,2003,FULL,0,22,21,16,1,0,0,1538.6783684
development01,R98-C2,EVENT-STRUCT,1899,2004,FULL,0,18,17,10,1,0,0,1538.8293940999999
development01,R98-C2,EVENT-STRUCT,1900,2005,FULL,0,16,15,-1,1,0,0,1539.3003587000001
development01,R98-C2,EVENT-STRUCT,1901,2006,FULL,0,16,15,-1,1,0,0,1539.4661357
development01,R98-C2,EVENT-STRUCT,1902,2007,FULL,0,16,15,-1,1,0,0,1539.5966007
development01,R98-C2,EVENT-STRUCT,1903,2008,A_MST,0,12523.669999999998,12514.936000099999,6506.2019999999984,8.7339998999996169,0,0,1542.4344496000001
development01,R98-C2,EVENT-STRUCT,1904,2011,FULL,0,18,17,-1,1,0,0,1543.5199015000001
development01,R98-C2,EVENT-STRUCT,1905,2012,FULL,0,18,17,-2,1,0,0,1543.7227605
development01,R98-C2,EVENT-STRUCT,1906,2013,FULL,0,17.999999999999996,17,-2,0.99999999999999645,0,0,1543.8511834000001
development01,R98-C2,EVENT-STRUCT,1907,2014,FULL,0,17.999999999999996,17,-3,0.99999999999999645,0,0,1544.0039035
development01,R98-C2,EVENT-STRUCT,1908,2015,FULL,0,18,17,-3,1,0,0,1544.0812943999999
development01,R98-C2,EVENT-STRUCT,1909,2016,FULL,0,18,17,-3,1,0,0,1544.2253152000001
development01,R98-C2,EVENT-STRUCT,1910,2017,FULL,0,18,17,-4,1,0,0,1544.3062623999999
development01,R98-C2,EVENT-STRUCT,1911,2018,FULL,0,18,17,-4,1,0,0,1544.3742814
development01,R98-C2,EVENT-STRUCT,1912,2019,FULL,0,18,17,-3,1,0,0,1544.4412055
development01,R98-C2,EVENT-STRUCT,1913,2020,FULL,0,18,17,-3,1,0,0,1544.5176729
development01,R98-C2,EVENT-STRUCT,1914,2021,FULL,0,22,21,15,1,0,0,1545.0599737
development01,R98-C2,EVENT-STRUCT,1915,2022,FULL,0,20,19,13,1,0,0,1545.3616571
development01,R98-C2,EVENT-STRUCT,1916,2023,FULL,0,20,19,13,1,0,0,1545.7756240000001
development01,R98-C2,EVENT-STRUCT,1917,2024,FULL,1,20,19,11,1,0,0,1548.0983068999999
development01,R98-C2,EVENT-STRUCT,1918,2025,FULL,0,18,17,0,1,0,0,1548.3223977
development01,R98-C2,EVENT-STRUCT,1919,2026,FULL,0,18,17,0,1,0,0,1548.4080801
development01,R98-C2,EVENT-STRUCT,1920,2027,FULL,0,18,17,0,1,0,0,1548.5573764999999
development01,R98-C2,EVENT-STRUCT,1921,2028,FULL,0,18,17,0,1,0,0,1548.6493739
development01,R98-C2,EVENT-STRUCT,1922,2029,FULL,0,18,17,0,1,0,0,1548.7215047
development01,R98-C2,EVENT-STRUCT,1923,2030,FULL,0,18,17,0,1,0,0,1548.7904374
development01,R98-C2,EVENT-STRUCT,1924,2031,FULL,0,18,17,-2,1,0,0,1548.9156267999999
development01,R98-C2,EVENT-STRUCT,1925,2032,FULL,0,18,17,-2,1,0,0,1548.9951054999999
development01,R98-C2,EVENT-STRUCT,1926,2033,FULL,0,18,17,-1,1,0,0,1549.0702857000001
development01,R98-C2,EVENT-STRUCT,1927,2034,FULL,0,18,17,-1,1,0,0,1549.2248214000001
development01,R98-C2,EVENT-STRUCT,1928,2035,FULL,0,18,17,-2,1,0,0,1549.3527856999999
development01,R98-C2,EVENT-STRUCT,1929,2036,FULL,0,17.999999999999996,17,-2,0.99999999999999645,0,0,1549.4284124999999
development01,R98-C2,EVENT-STRUCT,1930,2037,FULL,0,20,19,7,1,0,0,1552.5664930999999
development01,R98-C2,EVENT-STRUCT,1931,2038,FULL,0,24,23,13,1,0,0,1552.7253458
development01,R98-C2,EVENT-STRUCT,1932,2039,FULL,0,20,19,10,1,0,0,1552.8812407999999
development01,R98-C2,EVENT-STRUCT,1933,2040,FULL,0,24,23,11,1,0,0,1553.1863820999999
development01,R98-C2,EVENT-STRUCT,1934,2041,FULL,0,19.999999999999943,19,-1,0.99999999999994316,0,0,1553.9159213999999
development01,R98-C2,EVENT-STRUCT,1935,2042,FULL,0,20,19,-1,1,0,0,1553.9904392999999
development01,R98-C2,EVENT-STRUCT,1936,2043,FULL,0,20,19,-2,1,0,0,1554.0779315
development01,R98-C2,EVENT-STRUCT,1937,2044,FULL,0,20,19,-2,1,0,0,1554.1705540999999
development01,R98-C2,EVENT-STRUCT,1938,2045,FULL,0,18.000000000000014,17,-2,1.0000000000000142,0,0,1556.5574400999999
development01,R98-C2,EVENT-STRUCT,1939,2046,FULL,0,22,21,15,1,0,0,1561.4104566000001
development01,R98-C2,EVENT-STRUCT,1940,2047,FULL,0,20,19,8,1,0,0,1562.0384922999999
development01,R98-C2,EVENT-STRUCT,1941,2048,FULL,0,18,17,5,1,0,0,1565.0416212
development01,R98-C2,EVENT-STRUCT,1942,2049,FULL,0,20,19,6,1,0,0,1565.1558665
development01,R98-C2,EVENT-STRUCT,1943,2050,FULL,0,18,17,5,1,0,0,1565.273637
development01,R98-C2,EVENT-STRUCT,1944,2051,A_MST,2,16632.863999999998,16560.720000099998,11448.575999999999,72.143999899999471,0,0,1568.3208368999999
development01,R98-C2,EVENT-STRUCT,1945,2054,FULL,0,20,19,6,1,0,0,1568.9468872
development01,R98-C2,EVENT-STRUCT,1946,2055,FULL,0,18,17,-2,1,0,0,1570.6875141
development01,R98-C2,EVENT-STRUCT,1947,2056,FULL,0,20,19,2,1,0,0,1573.8423315
development01,R98-C2,EVENT-STRUCT,1948,2057,FULL,0,19.999999999999996,19,2,0.99999999999999645,0,0,1573.9779516999999
development01,R98-C2,EVENT-STRUCT,1949,2058,FULL,0,19.999999999999993,19,2,0.99999999999999289,0,0,1574.0812039
development01,R98-C2,EVENT-STRUCT,1950,2059,FULL,0,20,19,1,1,0,0,1574.1551133
development01,R98-C2,EVENT-STRUCT,1951,2060,FULL,0,19.999999999999982,19,2,0.99999999999998224,0,0,1574.2386472999999
development01,R98-C2,EVENT-STRUCT,1952,2061,FULL,0,20,19,2,1,0,0,1574.3056311
development01,R98-C2,EVENT-STRUCT,1953,2062,FULL,0,20,19,2,1,0,0,1574.3728778
development01,R98-C2,EVENT-STRUCT,1954,2063,FULL,0,20,19,2,1,0,0,1574.4473843000001
development01,R98-C2,EVENT-STRUCT,1955,2064,FULL,0,20,19,1,1,0,0,1574.5845933999999
development01,R98-C2,EVENT-STRUCT,1956,2065,FULL,0,20,19,1,1,0,0,1574.6846393999999
development01,R98-C2,EVENT-STRUCT,1957,2066,FULL,0,20,19,2,1,0,0,1574.7868060999999
development01,R98-C2,EVENT-STRUCT,1958,2067,FULL,0,20,19,15,1,0,0,1576.9362312999999
development01,R98-C2,EVENT-STRUCT,1959,2068,FULL,0,22,21,18,1,0,0,1577.364139
development01,R98-C2,EVENT-STRUCT,1960,2069,FULL,0,16,15,9,1,0,0,1577.4478936999999
development01,R98-C2,EVENT-STRUCT,1961,2070,FULL,1,20,19,10,1,0,0,1577.9738305999999
development01,R98-C2,EVENT-STRUCT,1962,2071,FULL,0,16,15,7,1,0,0,1578.1459467
development01,R98-C2,EVENT-STRUCT,1963,2072,FULL,0,16,15,6,1,0,0,1578.2368515000001
development01,R98-C2,EVENT-STRUCT,1964,2073,FULL,0,16,15,7,1,0,0,1578.3813282000001
development01,R98-C2,EVENT-STRUCT,1965,2074,FULL,0,20,19,5,1,0,0,1583.6813821999999
development01,R98-C2,EVENT-STRUCT,1966,2075,FULL,0,20,19,5,1,0,0,1583.7593443000001
development01,R98-C2,EVENT-STRUCT,1967,2076,FULL,0,20.000000000000004,19,6,1.0000000000000036,0,0,1583.9647339000001
development01,R98-C2,EVENT-STRUCT,1968,2077,FULL,0,19.999999999999996,19,4,0.99999999999999645,0,0,1584.0345107000001
development01,R98-C2,EVENT-STRUCT,1969,2078,FULL,0,20.000000000000004,19,4,1.0000000000000036,0,0,1584.1058515
development01,R98-C2,EVENT-STRUCT,1970,2079,FULL,0,20.000000000000004,19,4,1.0000000000000036,0,0,1584.1735305
development01,R98-C2,EVENT-STRUCT,1971,2080,FULL,0,20.000000000000004,19,4,1.0000000000000036,0,0,1584.2437133000001
development01,R98-C2,EVENT-STRUCT,1972,2081,FULL,0,20.000000000000004,19,4,1.0000000000000036,0,0,1584.3140374
development01,R98-C2,EVENT-STRUCT,1973,2082,FULL,0,20,19,3,1,0,0,1584.3877431999999
development01,R98-C2,EVENT-STRUCT,1974,2083,FULL,0,20,19,3,1,0,0,1584.4961716
development01,R98-C2,EVENT-STRUCT,1975,2084,FULL,0,20,19,3,1,0,0,1584.5633519
development01,R98-C2,EVENT-STRUCT,1976,2085,FULL,0,20,19,1,1,0,0,1585.4161629
development01,R98-C2,EVENT-STRUCT,1977,2086,FULL,0,16,15,3,1,0,0,1586.8400443
development01,R98-C2,EVENT-STRUCT,1978,2087,FULL,0,20,19,6,1,0,0,1587.6990593999999
development01,R98-C2,EVENT-STRUCT,1979,2088,FULL,0,22,21,8,1,0,0,1588.1707974000001
development01,R98-C2,EVENT-STRUCT,1980,2089,FULL,0,22,21,1,1,0,0,1588.3151969
development01,R98-C2,EVENT-STRUCT,1981,2090,FULL,0,22,21,0,1,0,0,1588.5145387
development01,R98-C2,EVENT-STRUCT,1982,2091,FULL,0,22,21,-1,1,0,0,1588.6160419
development01,R98-C2,EVENT-STRUCT,1983,2092,FULL,0,22,21,8,1,0,0,1590.4809981999999
development01,R98-C2,EVENT-STRUCT,1984,2093,FULL,0,20,19,8,1,0,0,1590.5380213000001
development01,R98-C2,EVENT-STRUCT,1985,2094,FULL,0,20,19,5,1,0,0,1590.7055155999999
development01,R98-C2,EVENT-STRUCT,1986,2095,FULL,0,21.999999999999993,21,2,0.99999999999999289,0,0,1591.00558
development01,R98-C2,EVENT-STRUCT,1987,2096,FULL,0,22.000000000000004,21,2,1.0000000000000036,0,0,1591.0773488
development01,R98-C2,EVENT-STRUCT,1988,2097,FULL,0,22,21,1,1,0,0,1591.1500579000001
development01,R98-C2,EVENT-STRUCT,1989,2098,FULL,0,22,21,2,1,0,0,1591.2289701
development01,R98-C2,EVENT-STRUCT,1990,2099,FULL,0,22,21,1,1,0,0,1591.2991179000001
development01,R98-C2,EVENT-STRUCT,1991,2100,FULL,0,22,21,2,1,0,0,1591.3734059999999
development01,R98-C2,EVENT-STRUCT,1992,2101,FULL,1,18,17,16,1,0,0,1592.0666060000001
development01,R98-C2,EVENT-STRUCT,1993,2102,FULL,0,20,19,13,1,0,0,1592.2280969000001
development01,R98-C2,EVENT-STRUCT,1994,2103,FULL,0,16,15,9,1,0,0,1592.4367999000001
development01,R98-C2,EVENT-STRUCT,1995,2104,FULL,0,16,15,7,1,0,0,1592.6693866000001
development01,R98-C2,EVENT-STRUCT,1996,2105,FULL,2,20,19,11,1,0,0,1594.6481292999999
development01,R98-C2,EVENT-STRUCT,1997,2106,FULL,0,22,21,19,1,0,0,1594.8429025
development01,R98-C2,EVENT-STRUCT,1998,2107,FULL,0,22,21,19,1,0,0,1595.4123357999999
development01,R98-C2,EVENT-STRUCT,1999,2108,FULL,0,20,19,10,1,0,0,1600.0706112
development01,R98-C2,EVENT-STRUCT,2000,2109,FULL,1,12,11,7,1,0,0,1608.7154584
development01,R98-C2,EVENT-STRUCT,2001,2110,FULL,1,14,13,6,1,0,0,1608.8482567999999
development01,R98-C2,EVENT-STRUCT,2002,2111,FULL,1,18,17,5,1,0,0,1608.9564736
development01,R98-C2,EVENT-STRUCT,2003,2112,FULL,0,18,17,10,1,0,0,1609.0684409
development01,R98-C2,EVENT-STRUCT,2004,2113,FULL,1,22,21,4,1,0,0,1609.3967626000001
development01,R98-C2,EVENT-STRUCT,2005,2114,FULL,2,22,21,12,1,0,0,1613.3071898999999
development01,R98-C2,EVENT-STRUCT,2006,2115,FULL,2,22,21,12,1,0,0,1613.5310598000001
development01,R98-C2,EVENT-STRUCT,2007,2116,FULL,0,18,17,11,1,0,0,1613.6103226
development01,R98-C2,EVENT-STRUCT,2008,2117,FULL,0,18,17,10,1,0,0,1613.6755355
development01,R98-C2,EVENT-STRUCT,2009,2118,FULL,0,18,17,12,1,0,0,1613.9094448999999
development01,R98-C2,EVENT-STRUCT,2010,2119,FULL,0,20,19,14,1,0,0,1614.1234741999999
development01,R98-C2,EVENT-STRUCT,2011,2120,FULL,1,20,19,14,1,0,0,1614.3357781
development01,R98-C2,EVENT-STRUCT,2012,2121,FULL,0,18,17,10,1,0,0,1614.4422583999999
development01,R98-C2,EVENT-STRUCT,2013,2122,FULL,1,20,19,13,1,0,0,1614.8749666000001
development01,R98-C2,EVENT-STRUCT,2014,2123,FULL,0,18,17,8,1,0,0,1615.0234387999999
development01,R98-C2,EVENT-STRUCT,2015,2124,FULL,0,22.000000000000007,21,18,1.0000000000000071,0,0,1615.1702997
development01,R98-C2,EVENT-STRUCT,2016,2125,FULL,0,20,19,13,1,0,0,1615.4323818
development01,R98-C2,EVENT-STRUCT,2017,2126,FULL,0,18,17,10,1,0,0,1616.4875468
development01,R98-C2,EVENT-STRUCT,2018,2127,FULL,2,22,21,11,1,0,0,1616.7584368
development01,R98-C2,EVENT-STRUCT,2019,2128,FULL,0,20,19,14,1,0,0,1617.6971570999999
development01,R98-C2,EVENT-STRUCT,2020,2129,FULL,1,20,19,12,1,0,0,1618.2439993999999
development01,R98-C2,EVENT-STRUCT,2021,2130,FULL,1,20,19,11,1,0,0,1618.3329295000001
development01,R98-C2,EVENT-STRUCT,2022,2131,FULL,1,20,19,11,1,0,0,1618.5459851999999
development01,R98-C2,EVENT-STRUCT,2023,2132,FULL,1,20,19,12,1,0,0,1618.6924059
development01,R98-C2,EVENT-STRUCT,2024,2133,FULL,1,20,19,11,1,0,0,1618.8603375
development01,R98-C2,EVENT-STRUCT,2025,2134,FULL,1,20,19,12,1,0,0,1618.9513844000001
development01,R98-C2,EVENT-STRUCT,2026,2135,FULL,0,16,15,4,1,0,0,1620.7658844
development01,R98-C2,EVENT-STRUCT,2027,2136,FULL,0,20,19,13,1,0,0,1621.215794
development01,R98-C2,EVENT-STRUCT,2028,2137,FULL,1,20,19,3,1,0,0,1622.7817611
development01,R98-C2,EVENT-STRUCT,2029,2138,FULL,1,20,19,3,1,0,0,1622.8866318
development01,R98-C2,EVENT-STRUCT,2030,2139,FULL,1,20,19,3,1,0,0,1623.0226445000001
development01,R98-C2,EVENT-STRUCT,2031,2140,FULL,1,20,19,2,1,0,0,1623.1263336
development01,R98-C2,EVENT-STRUCT,2032,2141,FULL,1,20,19,2,1,0,0,1623.2054034
development01,R98-C2,EVENT-STRUCT,2033,2142,FULL,1,20,19,2,1,0,0,1623.2890640000001
development01,R98-C2,EVENT-STRUCT,2034,2143,FULL,1,20,19,3,1,0,0,1623.3693042
development01,R98-C2,EVENT-STRUCT,2035,2144,FULL,1,19.999999999999996,19,2,0.99999999999999645,0,0,1623.4845237
development01,R98-C2,EVENT-STRUCT,2036,2145,FULL,1,20,19,2,1,0,0,1623.5681732
development01,R98-C2,EVENT-STRUCT,2037,2146,FULL,1,20,19,2,1,0,0,1623.6476227999999
development01,R98-C2,EVENT-STRUCT,2038,2147,FULL,0,20,19,12,1,0,0,1624.5196553000001
development01,R98-C2,EVENT-STRUCT,2039,2148,FULL,0,16,15,4,1,0,0,1624.6715041
development01,R98-C2,EVENT-STRUCT,2040,2149,FULL,0,15.999999999999998,15,3,0.99999999999999822,0,0,1625.7748265
development01,R98-C2,EVENT-STRUCT,2041,2150,FULL,1,20,19,2,1,0,0,1626.0319047999999
development01,R98-C2,EVENT-STRUCT,2042,2151,FULL,1,20,19,0,1,0,0,1626.2471125
development01,R98-C2,EVENT-STRUCT,2043,2152,FULL,1,20,19,0,1,0,0,1626.3664335000001
development01,R98-C2,EVENT-STRUCT,2044,2153,FULL,0,18,17,7,1,0,0,1626.6104431000001
development01,R98-C2,EVENT-STRUCT,2045,2154,FULL,0,18,17,7,1,0,0,1626.7413939
development01,R98-C2,EVENT-STRUCT,2046,2155,FULL,0,18,17,7,1,0,0,1627.1017902999999
development01,R98-C2,EVENT-STRUCT,2047,2156,FULL,1,20,19,0,1,0,0,1627.2195615000001
development01,R98-C2,EVENT-STRUCT,2048,2157,FULL,1,20,19,0,1,0,0,1627.3362712999999
development01,R98-C2,EVENT-STRUCT,2049,2158,FULL,1,24,23,6,1,0,0,1628.4354800000001
development01,R98-C2,EVENT-STRUCT,2050,2159,FULL,1,23.999999999999993,23,6,0.99999999999999289,0,0,1628.6867453
development01,R98-C2,EVENT-STRUCT,2051,2160,FULL,1,23.999999999999993,23,6,0.99999999999999289,0,0,1628.8303954999999
development01,R98-C2,EVENT-STRUCT,2052,2161,FULL,1,23.999999999999993,23,6,0.99999999999999289,0,0,1628.9317071
development01,R98-C2,EVENT-STRUCT,2053,2162,FULL,1,23.999999999999993,23,6,0.99999999999999289,0,0,1629.0888190000001
development01,R98-C2,EVENT-STRUCT,2054,2163,FULL,1,23.999999999999993,23,6,0.99999999999999289,0,0,1629.2117719
development01,R98-C2,EVENT-STRUCT,2055,2164,FULL,1,23.999999999999993,23,6,0.99999999999999289,0,0,1629.3790378000001
development01,R98-C2,EVENT-STRUCT,2056,2165,FULL,1,23.999999999999982,23,5,0.99999999999998224,0,0,1629.5329982000001
development01,R98-C2,EVENT-STRUCT,2057,2166,FULL,1,24,23,4,1,0,0,1629.6789039
development01,R98-C2,EVENT-STRUCT,2058,2167,FULL,1,24,23,4,1,0,0,1629.7675302
development01,R98-C2,EVENT-STRUCT,2059,2168,FULL,0,18,17,11,1,0,0,1630.9330503000001
development01,R98-C2,EVENT-STRUCT,2060,2169,FULL,0,22,21,15,1,0,0,1631.0944469999999
development01,R98-C2,EVENT-STRUCT,2061,2170,FULL,0,20,19,13,1,0,0,1631.8510578
development01,R98-C2,EVENT-STRUCT,2062,2171,FULL,0,16,15,1,1,0,0,1634.2206653000001
development01,R98-C2,EVENT-STRUCT,2063,2172,FULL,0,15.999999999999998,15,1,0.99999999999999822,0,0,1634.3237509000001
development01,R98-C2,EVENT-STRUCT,2064,2173,FULL,0,15.999999999999998,15,1,0.99999999999999822,0,0,1634.4219578
development01,R98-C2,EVENT-STRUCT,2065,2174,FULL,1,20,19,4,1,0,0,1636.2065192
development01,R98-C2,EVENT-STRUCT,2066,2175,FULL,1,20,19,4,1,0,0,1636.2894543
development01,R98-C2,EVENT-STRUCT,2067,2176,FULL,1,20.000000000000004,19,4,1.0000000000000036,0,0,1636.4640932
development01,R98-C2,EVENT-STRUCT,2068,2177,FULL,1,20,19,4,1,0,0,1636.6529456000001
development01,R98-C2,EVENT-STRUCT,2069,2178,FULL,1,18.000000000000004,17,4,1.0000000000000036,0,0,1636.9052936999999
development01,R98-C2,EVENT-STRUCT,2070,2179,FULL,1,18,17,4,1,0,0,1637.0439922999999
development01,R98-C2,EVENT-STRUCT,2071,2180,FULL,1,17.999999999999996,17,4,0.99999999999999645,0,0,1637.2286118
development01,R98-C2,EVENT-STRUCT,2072,2181,FULL,1,17.999999999999996,17,4,0.99999999999999645,0,0,1637.4463275999999
development01,R98-C2,EVENT-STRUCT,2073,2182,FULL,1,18,17,4,1,0,0,1637.5480524
development01,R98-C2,EVENT-STRUCT,2074,2183,FULL,1,17.999999999999993,17,4,0.99999999999999289,0,0,1637.6375421
development01,R98-C2,EVENT-STRUCT,2075,2184,FULL,1,18,17,4,1,0,0,1637.7583574
development01,R98-C2,EVENT-STRUCT,2076,2185,FULL,1,24,23,6,1,0,0,1642.7670181999999
development01,R98-C2,EVENT-STRUCT,2077,2186,FULL,1,24,23,5,1,0,0,1642.9613194000001
development01,R98-C2,EVENT-STRUCT,2078,2187,FULL,1,24,23,5,1,0,0,1643.0602251
development01,R98-C2,EVENT-STRUCT,2079,2188,FULL,1,24,23,5,1,0,0,1643.1920694999999
development01,R98-C2,EVENT-STRUCT,2080,2189,FULL,1,24.000000000000014,23,5,1.0000000000000142,0,0,1643.270528
development01,R98-C2,EVENT-STRUCT,2081,2190,FULL,0,18,17,10,1,0,0,1644.5013864
development01,R98-C2,EVENT-STRUCT,2082,2191,FULL,0,16,15,3,1,0,0,1645.2005915
development01,R98-C2,EVENT-STRUCT,2083,2192,FULL,0,16,15,2,1,0,0,1645.3457707
development01,R98-C2,EVENT-STRUCT,2084,2193,FULL,1,21.999999999999996,21,4,0.99999999999999645,0,0,1645.5034106999999
development01,R98-C2,EVENT-STRUCT,2085,2194,FULL,0,16,15,2,1,0,0,1645.6398248
development01,R98-C2,EVENT-STRUCT,2086,2195,FULL,0,16,15,1,1,0,0,1645.7689316000001
development01,R98-C2,EVENT-STRUCT,2087,2196,FULL,1,22.000000000000007,21,4,1.0000000000000071,0,0,1645.9032371999999
development01,R98-C2,EVENT-STRUCT,2088,2197,FULL,1,21.999999999999996,21,3,0.99999999999999645,0,0,1646.0299239999999
development01,R98-C2,EVENT-STRUCT,2089,2198,FULL,0,16,15,2,1,0,0,1646.1353343999999
development01,R98-C2,EVENT-STRUCT,2090,2199,FULL,0,16.000000000000032,15,1,1.000000000000032,0,0,1646.2951128
development01,R98-C2,EVENT-STRUCT,2091,2200,FULL,0,15.999999999999812,15,1,0.99999999999981171,0,0,1646.4137714999999
development01,R98-C2,EVENT-STRUCT,2092,2201,FULL,0,16,15,0,1,0,0,1646.5196767
development01,R98-C2,EVENT-STRUCT,2093,2202,FULL,1,22.000000000000007,21,3,1.0000000000000071,0,0,1646.6627206000001
development01,R98-C2,EVENT-STRUCT,2094,2203,FULL,1,22.000000000000007,21,3,1.0000000000000071,0,0,1646.8698154000001
development01,R98-C2,EVENT-STRUCT,2095,2204,FULL,0,16,15,4,1,0,0,1648.8103051999999
development01,R98-C2,EVENT-STRUCT,2096,2205,FULL,1,20,19,11,1,0,0,1648.9453644
development01,R98-C2,EVENT-STRUCT,2097,2206,FULL,0,18,17,1,1,0,0,1649.2332652
development01,R98-C2,EVENT-STRUCT,2098,2207,FULL,0,18,17,1,1,0,0,1649.3671087
development01,R98-C2,EVENT-STRUCT,2099,2208,FULL,0,18,17,1,1,0,0,1649.4733862
development01,R98-C2,EVENT-STRUCT,2100,2209,FULL,0,18,17,1,1,0,0,1649.6770744999999
development01,R98-C2,EVENT-STRUCT,2101,2210,FULL,0,17.999999999999979,17,1,0.99999999999997868,0,0,1649.7923719
development01,R98-C2,EVENT-STRUCT,2102,2211,FULL,1,18,17,5,1,0,0,1650.0584329000001
development01,R98-C2,EVENT-STRUCT,2103,2212,A_MST,2,18302.511999999995,18259.296000099999,5966.4319999999989,43.21599989999595,0,0,1650.1014970000001
development01,R98-C2,EVENT-STRUCT,2104,2215,FULL,1,18,17,5,1,0,0,1650.2866366999999
development01,R98-C2,EVENT-STRUCT,2105,2216,FULL,0,20,19,9,1,0,0,1651.9311903
development01,R98-C2,EVENT-STRUCT,2106,2217,FULL,0,20,19,7,1,0,0,1652.1696608
development01,R98-C2,EVENT-STRUCT,2107,2218,FULL,0,18,17,3,1,0,0,1652.5206370999999
development01,R98-C2,EVENT-STRUCT,2108,2219,FULL,0,17.999999999999996,17,2,0.99999999999999645,0,0,1652.6415043
development01,R98-C2,EVENT-STRUCT,2109,2220,FULL,0,18,17,-2,1,0,0,1652.8484863000001
development01,R98-C2,EVENT-STRUCT,2110,2221,FULL,0,18,17,-3,1,0,0,1652.921951
development01,R98-C2,EVENT-STRUCT,2111,2222,FULL,0,18,17,11,1,0,0,1654.8427179
development01,R98-C2,EVENT-STRUCT,2112,2223,FULL,0,22,21,17,1,0,0,1654.9767182000001
development01,R98-C2,EVENT-STRUCT,2113,2224,FULL,0,22,21,14,1,0,0,1655.0389862
development01,R98-C2,EVENT-STRUCT,2114,2225,FULL,0,18,17,9,1,0,0,1655.2976811000001
development01,R98-C2,EVENT-STRUCT,2115,2226,FULL,0,18,17,8,1,0,0,1655.5294918
development01,R98-C2,EVENT-STRUCT,2116,2227,FULL,1,24,23,8,1,0,0,1658.7078077000001
development01,R98-C2,EVENT-STRUCT,2117,2228,FULL,1,24,23,8,1,0,0,1658.8050665000001
development01,R98-C2,EVENT-STRUCT,2118,2229,FULL,1,24,23,7,1,0,0,1658.9630316
development01,R98-C2,EVENT-STRUCT,2119,2230,FULL,0,22,21,12,1,0,0,1660.7711681999999
development01,R98-C2,EVENT-STRUCT,2120,2231,A_MST,2,22465.460000000036,22444.680000099997,9182.3399999999983,20.779999900038092,0,0,1660.9655674999999
development01,R98-C2,EVENT-STRUCT,2121,2234,A_MST,2,19677.353999999992,19597.795000099999,8998.6769999999997,79.558999899993069,0,0,1661.0992686
development01,R98-C2,EVENT-STRUCT,2122,2237,FULL,0,22,21,16,1,0,0,1662.0246609999999
development01,R98-C2,EVENT-STRUCT,2123,2238,FULL,0,22,21,17,1,0,0,1662.3493086000001
development01,R98-C2,EVENT-STRUCT,2124,2239,FULL,0,18,17,10,1,0,0,1662.4769314
development01,R98-C2,EVENT-STRUCT,2125,2240,FULL,1,20,19,12,1,0,0,1664.8783966000001
development01,R98-C2,EVENT-STRUCT,2126,2241,FULL,1,20,19,12,1,0,0,1665.0344815000001
development01,R98-C2,EVENT-STRUCT,2127,2242,FULL,1,20,19,11,1,0,0,1665.1896770999999
development01,R98-C2,EVENT-STRUCT,2128,2243,FULL,1,20.000000000000004,19,12,1.0000000000000036,0,0,1665.3082582
development01,R98-C2,EVENT-STRUCT,2129,2244,FULL,1,19.999999999999993,19,12,0.99999999999999289,0,0,1665.4014122000001
development01,R98-C2,EVENT-STRUCT,2130,2245,FULL,0,16,15,4,1,0,0,1668.3479110999999
development01,R98-C2,EVENT-STRUCT,2131,2246,FULL,0,15.999999999999998,15,3,0.99999999999999822,0,0,1668.7189089000001
development01,R98-C2,EVENT-STRUCT,2132,2247,FULL,0,15.999999999999998,15,2,0.99999999999999822,0,0,1668.8397837
development01,R98-C2,EVENT-STRUCT,2133,2248,FULL,0,15.999999999999998,15,2,0.99999999999999822,0,0,1668.9463968
development01,R98-C2,EVENT-STRUCT,2134,2249,FULL,0,15.999999999999998,15,1,0.99999999999999822,0,0,1669.0241799
development01,R98-C2,EVENT-STRUCT,2135,2250,FULL,0,15.999999999999998,15,2,0.99999999999999822,0,0,1669.1006436
development01,R98-C2,EVENT-STRUCT,2136,2251,FULL,0,15.999999999999998,15,2,0.99999999999999822,0,0,1669.1709139
development01,R98-C2,EVENT-STRUCT,2137,2252,FULL,1,21.999999999999989,21,5,0.99999999999998934,0,0,1672.5280269
development01,R98-C2,EVENT-STRUCT,2138,2253,FULL,1,22,21,5,1,0,0,1672.650232
development01,R98-C2,EVENT-STRUCT,2139,2254,FULL,1,22.000000000000007,21,5,1.0000000000000071,0,0,1672.7213753999999
development01,R98-C2,EVENT-STRUCT,2140,2255,FULL,1,22,21,4,1,0,0,1672.8875791999999
development01,R98-C2,EVENT-STRUCT,2141,2256,FULL,1,22,21,4,1,0,0,1672.9851186999999
development01,R98-C2,EVENT-STRUCT,2142,2257,FULL,0,22,21,14,1,0,0,1673.4846997
development01,R98-C2,EVENT-STRUCT,2143,2258,FULL,0,20,19,5,1,0,0,1675.2366864000001
development01,R98-C2,EVENT-STRUCT,2144,2259,FULL,0,20,19,4,1,0,0,1675.4692006
development01,R98-C2,EVENT-STRUCT,2145,2260,FULL,0,24,23,11,1,0,0,1675.5599992
development01,R98-C2,EVENT-STRUCT,2146,2261,FULL,0,16,15,7,1,0,0,1677.4454063999999
development01,R98-C2,EVENT-STRUCT,2147,2262,FULL,0,16,15,4,1,0,0,1677.5377816
development01,R98-C2,EVENT-STRUCT,2148,2263,FULL,0,20,19,11,1,0,0,1679.2541977000001
development01,R98-C2,EVENT-STRUCT,2149,2264,FULL,0,20,19,10,1,0,0,1679.4550893999999
development01,R98-C2,EVENT-STRUCT,2150,2265,FULL,0,22,21,12,1,0,0,1679.7294016000001
development01,R98-C2,EVENT-STRUCT,2151,2266,FULL,1,26,25,5,1,0,0,1680.9274596
development01,R98-C2,EVENT-STRUCT,2152,2267,FULL,1,26,25,5,1,0,0,1681.4269412000001
development01,R98-C2,EVENT-STRUCT,2153,2268,FULL,1,26,25,4,1,0,0,1681.7295011000001
development01,R98-C2,EVENT-STRUCT,2154,2269,A_MST,2,17224.475999999999,17053.7300001,11842.983999999999,170.74599989999842,0,0,1682.7315054000001
development01,R98-C2,EVENT-STRUCT,2155,2272,FULL,0,22,21,10,1,0,0,1685.1225022000001
development01,R98-C2,EVENT-STRUCT,2156,2273,FULL,0,22,21,9,1,0,0,1685.8212633999999
development01,R98-C2,EVENT-STRUCT,2157,2274,FULL,1,18,17,12,1,0,0,1685.9977604999999
development01,R98-C2,EVENT-STRUCT,2158,2275,FULL,0,18,17,4,1,0,0,1686.4807435
development01,R98-C2,EVENT-STRUCT,2159,2276,FULL,2,26,25,12,1,0,0,1686.8446517
development01,R98-C2,EVENT-STRUCT,2160,2277,FULL,0,22,21,2,1,0,0,1687.1084891999999
development01,R98-C2,EVENT-STRUCT,2161,2278,FULL,0,21.999999999999964,21,1,0.99999999999996447,0,0,1687.2047606000001
development01,R98-C2,EVENT-STRUCT,2162,2279,FULL,0,21.999999999999996,21,1,0.99999999999999645,0,0,1687.2695733
development01,R98-C2,EVENT-STRUCT,2163,2280,FULL,0,21.999999999999982,21,0,0.99999999999998224,0,0,1687.3635853999999
development01,R98-C2,EVENT-STRUCT,2164,2281,FULL,0,22.000000000000004,21,0,1.0000000000000036,0,0,1687.4424575999999
development01,R98-C2,EVENT-STRUCT,2165,2282,FULL,0,22.000000000000007,21,1,1.0000000000000071,0,0,1687.5147761000001
development01,R98-C2,EVENT-STRUCT,2166,2283,FULL,0,16,15,10,1,0,0,1689.962798
development01,R98-C2,EVENT-STRUCT,2167,2284,A_MST,1,18627.365999999998,18322.805000099997,9313.6829999999991,304.56099990000075,0,0,1691.1993838000001
development01,R98-C2,EVENT-STRUCT,2168,2287,FULL,1,24,23,13,1,0,0,1691.4115996
development01,R98-C2,EVENT-STRUCT,2169,2288,FULL,1,18,17,7,1,0,0,1691.6175745
development01,R98-C2,EVENT-STRUCT,2170,2289,FULL,1,18,17,11,1,0,0,1691.8712115000001
development01,R98-C2,EVENT-STRUCT,2171,2290,FULL,1,20,19,7,1,0,0,1692.0806007000001
development01,R98-C2,EVENT-STRUCT,2172,2291,FULL,1,20,19,5,1,0,0,1692.3404923000001
development01,R98-C2,EVENT-STRUCT,2173,2292,FULL,1,20.000000000000004,19,5,1.0000000000000036,0,0,1692.5141541
development01,R98-C2,EVENT-STRUCT,2174,2293,FULL,1,20.000000000000004,19,4,1.0000000000000036,0,0,1692.6552543
development01,R98-C2,EVENT-STRUCT,2175,2294,FULL,1,20,19,4,1,0,0,1692.8053829
development01,R98-C2,EVENT-STRUCT,2176,2295,FULL,1,20.000000000000007,19,4,1.0000000000000071,0,0,1692.9783327
development01,R98-C2,EVENT-STRUCT,2177,2296,FULL,1,19.999999999999993,19,3,0.99999999999999289,0,0,1693.0972838
development01,R98-C2,EVENT-STRUCT,2178,2297,FULL,1,24,23,14,1,0,0,1693.3371778000001
development01,R98-C2,EVENT-STRUCT,2179,2298,FULL,0,18,17,14,1,0,0,1693.5406682
development01,R98-C2,EVENT-STRUCT,2180,2299,FULL,0,18,17,12,1,0,0,1693.6820997
development01,R98-C2,EVENT-STRUCT,2181,2300,FULL,1,20.000000000000011,19,3,1.0000000000000107,0,0,1693.8828086999999
development01,R98-C2,EVENT-STRUCT,2182,2301,FULL,1,20.000000000000007,19,3,1.0000000000000071,0,0,1693.9802637
development01,R98-C2,EVENT-STRUCT,2183,2302,A_MST,1,16319.674999999996,16127.740000099999,6263.869999999999,191.93499989999691,0,0,1693.9991881999999
development01,R98-C2,EVENT-STRUCT,2184,2305,FULL,1,20,19,3,1,0,0,1694.1492268
development01,R98-C2,EVENT-STRUCT,2185,2306,FULL,1,20,19,3,1,0,0,1694.2379549
development01,R98-C2,EVENT-STRUCT,2186,2307,FULL,1,20,19,2,1,0,0,1694.4141367
development01,R98-C2,EVENT-STRUCT,2187,2308,FULL,1,20,19,1,1,0,0,1694.5032364000001
development01,R98-C2,EVENT-STRUCT,2188,2309,FULL,1,20,19,2,1,0,0,1694.5887117
development01,R98-C2,EVENT-STRUCT,2189,2310,FULL,1,20,19,2,1,0,0,1694.6851316
development01,R98-C2,EVENT-STRUCT,2190,2311,FULL,0,22,21,18,1,0,0,1696.2153787
development01,R98-C2,EVENT-STRUCT,2191,2312,FULL,1,18,17,16,1,0,0,1696.3865032000001
development01,R98-C2,EVENT-STRUCT,2192,2313,FULL,0,18,17,4,1,0,0,1696.6708292000001
development01,R98-C2,EVENT-STRUCT,2193,2314,FULL,0,18,17,4,1,0,0,1696.7578404999999
development01,R98-C2,EVENT-STRUCT,2194,2315,FULL,0,17.999999999999996,17,3,0.99999999999999645,0,0,1696.8984802
development01,R98-C2,EVENT-STRUCT,2195,2316,FULL,0,18.000000000000007,17,3,1.0000000000000071,0,0,1696.9976869
development01,R98-C2,EVENT-STRUCT,2196,2317,FULL,0,18.000000000000004,17,2,1.0000000000000036,0,0,1697.1952217999999
development01,R98-C2,EVENT-STRUCT,2197,2318,FULL,0,18,17,5,1,0,0,1698.0967946000001
development01,R98-C2,EVENT-STRUCT,2198,2319,FULL,0,18,17,5,1,0,0,1698.181554
development01,R98-C2,EVENT-STRUCT,2199,2320,FULL,1,20,19,10,1,0,0,1698.5622897999999
development01,R98-C2,EVENT-STRUCT,2200,2321,FULL,1,18,17,12,1,0,0,1698.6470005000001
development01,R98-C2,EVENT-STRUCT,2201,2322,FULL,0,20,19,7,1,0,0,1698.7724719
development01,R98-C2,EVENT-STRUCT,2202,2323,FULL,0,18,17,1,1,0,0,1699.0361193000001
development01,R98-C2,EVENT-STRUCT,2203,2324,FULL,0,18,17,1,1,0,0,1699.2162231
development01,R98-C2,EVENT-STRUCT,2204,2325,FULL,0,17.999999999999993,17,0,0.99999999999999289,0,0,1699.3129308
development01,R98-C2,EVENT-STRUCT,2205,2326,FULL,0,18,17,3,1,0,0,1701.935661
development01,R98-C2,EVENT-STRUCT,2206,2327,FULL,0,16,15,3,1,0,0,1703.2925620999999
development01,R98-C2,EVENT-STRUCT,2207,2328,FULL,0,15.999999999999996,15,3,0.99999999999999645,0,0,1703.4782926
development01,R98-C2,EVENT-STRUCT,2208,2329,FULL,0,15.999999999999998,15,3,0.99999999999999822,0,0,1703.5494007
development01,R98-C2,EVENT-STRUCT,2209,2330,FULL,0,20,19,12,1,0,0,1704.3519526
development01,R98-C2,EVENT-STRUCT,2210,2331,FULL,2,26,25,14,1,0,0,1704.7411526999999
development01,R98-C2,EVENT-STRUCT,2211,2332,FULL,1,21.999999999999993,21,9,0.99999999999999289,0,0,1705.7743991
development01,R98-C2,EVENT-STRUCT,2212,2333,FULL,1,18,17,10,1,0,0,1706.5724935000001
development01,R98-C2,EVENT-STRUCT,2213,2334,FULL,0,22,21,14,1,0,0,1706.6806604999999
development01,R98-C2,EVENT-STRUCT,2214,2335,A_MST,1,25632.953999999998,25262.5320001,7820.8439999999991,370.4219998999979,0,0,1708.4075645
development01,R98-C2,EVENT-STRUCT,2215,2338,FULL,1,22,21,6,1,0,0,1709.9463682000001
development01,R98-C2,EVENT-STRUCT,2216,2339,FULL,1,22,21,5,1,0,0,1710.2889307
development01,R98-C2,EVENT-STRUCT,2217,2340,FULL,0,18,17,8,1,0,0,1710.6101977999999
development01,R98-C2,EVENT-STRUCT,2218,2341,FULL,0,18,17,11,1,0,0,1710.7430052
development01,R98-C2,EVENT-STRUCT,2219,2342,FULL,0,20,19,11,1,0,0,1711.6907344000001
development01,R98-C2,EVENT-STRUCT,2220,2343,FULL,0,18,17,4,1,0,0,1711.8180526000001
development01,R98-C2,EVENT-STRUCT,2221,2344,FULL,0,22,21,15,1,0,0,1712.2192012999999
development01,R98-C2,EVENT-STRUCT,2222,2345,FULL,0,22,21,17,1,0,0,1712.3405235
development01,R98-C2,EVENT-STRUCT,2223,2346,FULL,0,20,19,11,1,0,0,1712.4171533000001
development01,R98-C2,EVENT-STRUCT,2224,2347,FULL,0,17.999999999999996,17,4,0.99999999999999645,0,0,1712.5263216000001
development01,R98-C2,EVENT-STRUCT,2225,2348,FULL,0,17.999999999999996,17,4,0.99999999999999645,0,0,1712.6961993
development01,R98-C2,EVENT-STRUCT,2226,2349,FULL,0,17.999999999999897,17,4,0.99999999999989697,0,0,1712.7584240000001
development01,R98-C2,EVENT-STRUCT,2227,2350,FULL,0,17.999999999999996,17,5,0.99999999999999645,0,0,1712.8221756
development01,R98-C2,EVENT-STRUCT,2228,2351,FULL,0,17.999999999999986,17,4,0.99999999999998579,0,0,1712.9121044999999
development01,R98-C2,EVENT-STRUCT,2229,2352,FULL,1,20,19,7,1,0,0,1713.8188665
development01,R98-C2,EVENT-STRUCT,2230,2353,FULL,0,16,15,7,1,0,0,1713.9450835
development01,R98-C2,EVENT-STRUCT,2231,2354,FULL,0,16,15,5,1,0,0,1714.1179098
development01,R98-C2,EVENT-STRUCT,2232,2355,FULL,0,15.999999999999996,15,4,0.99999999999999645,0,0,1714.2221192
development01,R98-C2,EVENT-STRUCT,2233,2356,FULL,0,16,15,4,1,0,0,1714.2921922
development01,R98-C2,EVENT-STRUCT,2234,2357,FULL,0,16,15,3,1,0,0,1714.3676876
development01,R98-C2,EVENT-STRUCT,2235,2358,FULL,0,16,15,3,1,0,0,1714.4440827999999
development01,R98-C2,EVENT-STRUCT,2236,2359,FULL,0,16,15,3,1,0,0,1714.5128173000001
development01,R98-C2,EVENT-STRUCT,2237,2360,FULL,0,16,15,3,1,0,0,1714.5894530999999
development01,R98-C2,EVENT-STRUCT,2238,2361,FULL,0,16,15,4,1,0,0,1714.6603098000001
development01,R98-C2,EVENT-STRUCT,2239,2362,FULL,0,16,15,3,1,0,0,1714.7290072000001
development01,R98-C2,EVENT-STRUCT,2240,2363,A_MST,2,20993.578999999998,20668.782000099996,8894.3909999999978,324.79699990000154,0,0,1718.6722671
development01,R98-C2,EVENT-STRUCT,2241,2366,FULL,1,18,17,2,1,0,0,1718.9210083
development01,R98-C2,EVENT-STRUCT,2242,2367,FULL,1,18,17,2,1,0,0,1719.0041937000001
development01,R98-C2,EVENT-STRUCT,2243,2368,FULL,1,18,17,1,1,0,0,1719.0825344
development01,R98-C2,EVENT-STRUCT,2244,2369,FULL,0,22,21,14,1,0,0,1721.0052366
development01,R98-C2,EVENT-STRUCT,2245,2370,FULL,0,20,19,6,1,0,0,1722.3143219999999
development01,R98-C2,EVENT-STRUCT,2246,2371,FULL,0,20,19,6,1,0,0,1722.4097776999999
development01,R98-C2,EVENT-STRUCT,2247,2372,FULL,0,22,21,8,1,0,0,1722.4702184
development01,R98-C2,EVENT-STRUCT,2248,2373,FULL,1,20,19,1,1,0,0,1722.6842935
development01,R98-C2,EVENT-STRUCT,2249,2374,FULL,1,20,19,0,1,0,0,1722.7833705
development01,R98-C2,EVENT-STRUCT,2250,2375,FULL,1,20,19,1,1,0,0,1722.8857704
development01,R98-C2,EVENT-STRUCT,2251,2376,FULL,1,20,19,0,1,0,0,1722.9903349000001
development01,R98-C2,EVENT-STRUCT,2252,2377,FULL,1,19.999999999999972,19,0,0.99999999999997158,0,0,1723.0921082
development01,R98-C2,EVENT-STRUCT,2253,2378,FULL,1,20,19,1,1,0,0,1723.1690461000001
development01,R98-C2,EVENT-STRUCT,2254,2379,FULL,0,18,17,11,1,0,0,1724.9364966000001
development01,R98-C2,EVENT-STRUCT,2255,2380,FULL,0,18,17,6,1,0,0,1725.0885513000001
development01,R98-C2,EVENT-STRUCT,2256,2381,FULL,0,20.000000000000004,19,6,1.0000000000000036,0,0,1725.3774745000001
development01,R98-C2,EVENT-STRUCT,2257,2382,FULL,0,22,21,10,1,0,0,1725.6010841
development01,R98-C2,EVENT-STRUCT,2258,2383,FULL,0,22,21,13,1,0,0,1725.7243563
development01,R98-C2,EVENT-STRUCT,2259,2384,FULL,0,20,19,6,1,0,0,1725.9630526999999
development01,R98-C2,EVENT-STRUCT,2260,2385,FULL,0,20.000000000000004,19,6,1.0000000000000036,0,0,1726.1126503999999
development01,R98-C2,EVENT-STRUCT,2261,2386,FULL,0,20.000000000000004,19,6,1.0000000000000036,0,0,1726.2297501999999
development01,R98-C2,EVENT-STRUCT,2262,2387,FULL,0,19.999999999999964,19,6,0.99999999999996447,0,0,1726.2998192
development01,R98-C2,EVENT-STRUCT,2263,2388,FULL,0,20,19,6,1,0,0,1726.3983470000001
development01,R98-C2,EVENT-STRUCT,2264,2389,FULL,0,20,19,5,1,0,0,1726.4996678
development01,R98-C2,EVENT-STRUCT,2265,2390,FULL,0,20.000000000000014,19,6,1.0000000000000142,0,0,1726.5727005000001
development01,R98-C2,EVENT-STRUCT,2266,2391,FULL,0,20,19,5,1,0,0,1726.6943773999999
development01,R98-C2,EVENT-STRUCT,2267,2392,FULL,0,20,19,6,1,0,0,1726.7582593
development01,R98-C2,EVENT-STRUCT,2268,2393,FULL,0,20,19,11,1,0,0,1727.7886434
development01,R98-C2,EVENT-STRUCT,2269,2394,FULL,0,18,17,8,1,0,0,1728.1807243000001
development01,R98-C2,EVENT-STRUCT,2270,2395,FULL,0,18,17,7,1,0,0,1728.2839961
development01,R98-C2,EVENT-STRUCT,2271,2396,FULL,0,18,17,5,1,0,0,1728.5553222999999
development01,R98-C2,EVENT-STRUCT,2272,2397,FULL,0,20,19,5,1,0,0,1728.7404549
development01,R98-C2,EVENT-STRUCT,2273,2398,FULL,0,20.000000000000004,19,3,1.0000000000000036,0,0,1729.0861904999999
development01,R98-C2,EVENT-STRUCT,2274,2399,FULL,0,20,19,2,1,0,0,1729.2629093
development01,R98-C2,EVENT-STRUCT,2275,2400,FULL,0,20.000000000000004,19,3,1.0000000000000036,0,0,1729.5532920999999
development01,R98-C2,EVENT-STRUCT,2276,2401,FULL,0,20,19,2,1,0,0,1729.8335001
development01,R98-C2,EVENT-STRUCT,2277,2402,FULL,0,20,19,3,1,0,0,1730.1218848999999
development01,R98-C2,EVENT-STRUCT,2278,2403,FULL,0,20,19,2,1,0,0,1730.5561812000001
development01,R98-C2,EVENT-STRUCT,2279,2404,FULL,0,20,19,2,1,0,0,1730.9112425000001
development01,R98-C2,EVENT-STRUCT,2280,2405,FULL,0,20,19,2,1,0,0,1731.0745723
development01,R98-C2,EVENT-STRUCT,2281,2406,FULL,0,20,19,1,1,0,0,1731.2937208000001
development01,R98-C2,EVENT-STRUCT,2282,2407,FULL,1,20,19,1,1,0,0,1733.0936592999999
development01,R98-C2,EVENT-STRUCT,2283,2408,FULL,1,20,19,1,1,0,0,1733.2355115
development01,R98-C2,EVENT-STRUCT,2284,2409,FULL,1,19.999999999999915,19,0,0.99999999999991473,0,0,1733.3695316999999
development01,R98-C2,EVENT-STRUCT,2285,2410,FULL,1,20,19,0,1,0,0,1733.4655888
development01,R98-C2,EVENT-STRUCT,2286,2411,FULL,1,20,19,1,1,0,0,1733.5735035
development01,R98-C2,EVENT-STRUCT,2287,2412,FULL,1,20,19,0,1,0,0,1733.6975030999999
development01,R98-C2,EVENT-STRUCT,2288,2413,FULL,1,20.000000000000004,19,0,1.0000000000000036,0,0,1733.7947352000001
development01,R98-C2,EVENT-STRUCT,2289,2414,FULL,1,19.999999999999989,19,1,0.99999999999998934,0,0,1733.8874619000001
development01,R98-C2,EVENT-STRUCT,2290,2415,FULL,1,19.999999999999993,19,1,0.99999999999999289,0,0,1733.9809958000001
development01,R98-C2,EVENT-STRUCT,2291,2416,FULL,0,18,17,10,1,0,0,1734.4152749
development01,R98-C2,EVENT-STRUCT,2292,2417,FULL,0,18,17,4,1,0,0,1736.5263574000001
development01,R98-C2,EVENT-STRUCT,2293,2418,FULL,0,17.999999999999805,17,4,0.9999999999998046,0,0,1736.6602155
development01,R98-C2,EVENT-STRUCT,2294,2419,FULL,0,18,17,4,1,0,0,1736.7509078999999
development01,R98-C2,EVENT-STRUCT,2295,2420,A_MST,1,22527.167999999994,22172.640000099997,7789.0559999999987,354.52799989999767,0,0,1737.7883515000001
development01,R98-C2,EVENT-STRUCT,2296,2423,FULL,0,18,17,6,1,0,0,1737.9121269
development01,R98-C2,EVENT-STRUCT,2297,2424,FULL,0,17.999999999999996,17,6,0.99999999999999645,0,0,1738.0168715
development01,R98-C2,EVENT-STRUCT,2298,2425,FULL,0,17.999999999999996,17,6,0.99999999999999645,0,0,1738.0874297
development01,R98-C2,EVENT-STRUCT,2299,2426,FULL,0,18,17,5,1,0,0,1738.1636198000001
development01,R98-C2,EVENT-STRUCT,2300,2427,FULL,0,17.999999999999996,17,5,0.99999999999999645,0,0,1738.2829706
development01,R98-C2,EVENT-STRUCT,2301,2428,FULL,0,18.000000000000004,17,6,1.0000000000000036,0,0,1738.3498156999999
development01,R98-C2,EVENT-STRUCT,2302,2429,FULL,0,20,19,16,1,0,0,1739.3289612000001
development01,R98-C2,EVENT-STRUCT,2303,2430,FULL,0,16,15,8,1,0,0,1739.5590436
development01,R98-C2,EVENT-STRUCT,2304,2431,FULL,0,16,15,9,1,0,0,1740.0095151999999
development01,R98-C2,EVENT-STRUCT,2305,2432,FULL,1,18,17,13,1,0,0,1740.3361864000001
development01,R98-C2,EVENT-STRUCT,2306,2433,FULL,1,20,19,4,1,0,0,1740.8635202
development01,R98-C2,EVENT-STRUCT,2307,2434,FULL,1,20.000000000000004,19,4,1.0000000000000036,0,0,1741.0330008000001
development01,R98-C2,EVENT-STRUCT,2308,2435,FULL,1,20,19,4,1,0,0,1741.2161811000001
development01,R98-C2,EVENT-STRUCT,2309,2436,FULL,0,20,19,4,1,0,0,1743.2640621999999
development01,R98-C2,EVENT-STRUCT,2310,2437,FULL,0,20.000000000000004,19,4,1.0000000000000036,0,0,1743.3766108
development01,R98-C2,EVENT-STRUCT,2311,2438,FULL,0,19.999999999999986,19,4,0.99999999999998579,0,0,1743.4519955999999
development01,R98-C2,EVENT-STRUCT,2312,2439,FULL,0,19.999999999999979,19,4,0.99999999999997868,0,0,1743.5319847000001
development01,R98-C2,EVENT-STRUCT,2313,2440,FULL,0,20.000000000000014,19,2,1.0000000000000142,0,0,1743.6750843
development01,R98-C2,EVENT-STRUCT,2314,2441,FULL,0,20.000000000000124,19,2,1.0000000000001243,0,0,1743.7628207
development01,R98-C2,EVENT-STRUCT,2315,2442,FULL,0,20,19,3,1,0,0,1743.839802
development01,R98-C2,EVENT-STRUCT,2316,2443,FULL,0,20,19,2,1,0,0,1743.988932
development01,R98-C2,EVENT-STRUCT,2317,2444,FULL,0,20,19,2,1,0,0,1744.0725302000001
development01,R98-C2,EVENT-STRUCT,2318,2445,FULL,0,20,19,3,1,0,0,1744.1765275
development01,R98-C2,EVENT-STRUCT,2319,2446,FULL,1,22,21,5,1,0,0,1745.0138152
development01,R98-C2,EVENT-STRUCT,2320,2447,FULL,1,21.999999999999968,21,2,0.99999999999996803,0,0,1745.4279417
development01,R98-C2,EVENT-STRUCT,2321,2448,FULL,1,22,21,2,1,0,0,1745.5874191
development01,R98-C2,EVENT-STRUCT,2322,2449,FULL,1,22,21,1,1,0,0,1745.7068138
development01,R98-C2,EVENT-STRUCT,2323,2450,FULL,1,22,21,1,1,0,0,1745.7739094000001
development01,R98-C2,EVENT-STRUCT,2324,2451,FULL,0,16,15,6,1,0,0,1747.1701493999999
development01,R98-C2,EVENT-STRUCT,2325,2452,FULL,0,16,15,6,1,0,0,1747.3423356000001
development01,R98-C2,EVENT-STRUCT,2326,2453,FULL,0,16,15,4,1,0,0,1747.7109928
development01,R98-C2,EVENT-STRUCT,2327,2454,FULL,1,19.999999999999968,19,1,0.99999999999996803,0,0,1748.1288857
development01,R98-C2,EVENT-STRUCT,2328,2455,FULL,1,20,19,1,1,0,0,1748.3919298999999
development01,R98-C2,EVENT-STRUCT,2329,2456,FULL,1,20,19,1,1,0,0,1748.6042213000001
development01,R98-C2,EVENT-STRUCT,2330,2457,FULL,1,20.000000000000007,19,1,1.0000000000000071,0,0,1748.7193328999999
development01,R98-C2,EVENT-STRUCT,2331,2458,FULL,1,20.000000000000004,19,1,1.0000000000000036,0,0,1748.8642428999999
development01,R98-C2,EVENT-STRUCT,2332,2459,FULL,1,20,19,1,1,0,0,1749.0932476
development01,R98-C2,EVENT-STRUCT,2333,2460,FULL,1,20,19,1,1,0,0,1749.3529205
development01,R98-C2,EVENT-STRUCT,2334,2461,FULL,1,20.000000000000004,19,1,1.0000000000000036,0,0,1749.4462189000001
development01,R98-C2,EVENT-STRUCT,2335,2462,FULL,1,20,19,0,1,0,0,1749.6313224
development01,R98-C2,EVENT-STRUCT,2336,2463,FULL,1,20,19,-1,1,0,0,1749.8031842
development01,R98-C2,EVENT-STRUCT,2337,2464,FULL,1,20,19,-2,1,0,0,1749.9082550000001
development01,R98-C2,EVENT-STRUCT,2338,2465,FULL,1,20,19,-2,1,0,0,1749.9999644
development01,R98-C2,EVENT-STRUCT,2339,2466,FULL,0,18,17,9,1,0,0,1751.990931
development01,R98-C2,EVENT-STRUCT,2340,2467,FULL,0,23.999999999999993,23,13,0.99999999999999289,0,0,1753.4301568999999
development01,R98-C2,EVENT-STRUCT,2341,2468,FULL,0,22,21,13,1,0,0,1753.5238992
development01,R98-C2,EVENT-STRUCT,2342,2469,FULL,0,20,19,7,1,0,0,1756.379322
development01,R98-C2,EVENT-STRUCT,2343,2470,FULL,0,20,19,6,1,0,0,1757.5535741000001
development01,R98-C2,EVENT-STRUCT,2344,2471,FULL,0,20,19,5,1,0,0,1757.6231135
development01,R98-C2,EVENT-STRUCT,2345,2472,FULL,0,20,19,5,1,0,0,1757.6899186000001
development01,R98-C2,EVENT-STRUCT,2346,2473,FULL,0,20,19,5,1,0,0,1757.7564993000001
development01,R98-C2,EVENT-STRUCT,2347,2474,FULL,0,20,19,5,1,0,0,1757.8271514999999
development01,R98-C2,EVENT-STRUCT,2348,2475,FULL,0,20,19,6,1,0,0,1757.9052644000001
development01,R98-C2,EVENT-STRUCT,2349,2476,FULL,0,20,19,6,1,0,0,1757.9977683
development01,R98-C2,EVENT-STRUCT,2350,2477,FULL,0,20,19,5,1,0,0,1758.0641329
development01,R98-C2,EVENT-STRUCT,2351,2478,FULL,0,18,17,3,1,0,0,1762.0232103999999
development01,R98-C2,EVENT-STRUCT,2352,2479,FULL,0,17.999999999999996,17,3,0.99999999999999645,0,0,1762.1715240000001
development01,R98-C2,EVENT-STRUCT,2353,2480,FULL,0,18,17,3,1,0,0,1762.2538858999999
development01,R98-C2,EVENT-STRUCT,2354,2481,A_MST,2,27543.535999999996,27415.594000099998,10223.825999999999,127.94199989999834,0,0,1768.3808913
development01,R98-C2,EVENT-STRUCT,2355,2484,A_MST,2,18295.287999999997,18253.1040001,5244.3679999999995,42.183999899996707,0,0,1769.7561733
development01,R98-C2,EVENT-STRUCT,2356,2487,FULL,0,18,17,3,1,0,0,1769.8241418
development01,R98-C2,EVENT-STRUCT,2357,2488,FULL,0,18,17,3,1,0,0,1770.0052937999999
