elapsed_time,native_global_LB,native_incumbent,verified_cutoff,native_gap,node_count,open_nodes,simplex_iterations,event_source
0.0066347999999999997,0,9.9999999999999993e+74,0.71850407075497091,9.9999999999999993e+74,0,1,0,global_progress
0.0067796000000000002,0,9.9999999999999993e+74,0.71850407075497091,9.9999999999999993e+74,0,1,0,global_progress
3.2323338000000001,0.37575188252373926,9.9999999999999993e+74,0.71850407075497091,9.9999999999999993e+74,0,1,3278,global_progress
238.15899450000001,0.71352842117853288,0.71850407075497102,0.71850407075497091,,22365,4217,1791730,native_candidate
238.16163409999999,0.71352842117853288,0.71850407075497102,0.71850407075497091,,22365,4217,1791730,native_candidate
279.59700370000002,0.71640027627158354,0.71850407075497102,0.71850407075497091,0.0021037944833874889,26729,1955,1951928,global_progress
279.59728510000002,0.71640027627158354,0.71850407075497102,0.71850407075497091,0.0021037944833874889,26729,1955,1951928,solver_final
