event_sequence,elapsed_runtime_seconds,work,incumbent_available,incumbent,best_bound_available,best_bound,processed_nodes,open_nodes,solution_count,callback_where,phase,context
0,0.030555800000000001,0.051750252562887837,false,1e+100,true,0.1225962,0,0,0,3,1,MIP
1,0.033359699999999999,0.054076276326388867,true,7.9343056431299885,true,0.1225962,0,0,4.9406564584124654e-324,3,1,MIP
2,0.049520799999999997,0.085389409669805849,true,7.9343056431299885,true,2.6002572681581184,0,0,4.9406564584124654e-324,3,1,MIP
3,0.060825400000000002,0.10014454529323477,true,7.9343056431299885,true,2.6025607364607981,0,0,4.9406564584124654e-324,3,1,MIP
4,0.095565999999999998,0.13494024803037083,true,7.8386413616580652,true,2.6025607364607981,0,0,9.8813129168249309e-324,3,1,MIP
5,0.120131,0.18437851731920776,true,7.8386413616580652,true,2.7856184280225436,0,0,9.8813129168249309e-324,3,1,MIP
6,0.12728739999999999,0.19119451172104551,true,7.6943804049989719,true,2.7856184280225436,0,0,1.4821969375237396e-323,3,1,MIP
7,0.13350090000000001,0.20210199471534582,true,7.6943804049989719,true,2.7933047106063813,0,0,1.4821969375237396e-323,3,1,MIP
8,0.14469009999999999,0.22267740557839527,true,7.6943804049989719,true,2.7964514483175917,0,0,1.4821969375237396e-323,3,1,MIP
9,0.15259909999999999,0.2360020792321251,true,7.6943804049989719,true,2.7966623325185007,0,0,1.4821969375237396e-323,3,1,MIP
10,0.15540680000000001,0.2387983388254675,true,7.6943804049989719,true,2.7966733002897053,0,0,1.4821969375237396e-323,3,1,MIP
11,0.21914020000000001,0.3456428917350361,true,7.6943804049989719,true,2.9180064302799766,0,0,1.4821969375237396e-323,3,1,MIP
12,0.22519539999999999,0.35106244141144105,true,7.6833324992412404,true,2.9181056379707861,0,0,1.9762625833649862e-323,3,1,MIP
13,0.24376239999999999,0.39011820674689612,true,7.6833324992412404,true,2.9270129425712734,0,0,1.9762625833649862e-323,3,1,MIP
14,0.25010110000000002,0.40090045327678664,true,7.6833324992412404,true,2.9270382787681122,0,0,1.9762625833649862e-323,3,1,MIP
15,0.33336779999999999,0.51554093847568039,true,7.6833324992412404,true,2.9315522579682134,0,0,1.9762625833649862e-323,3,1,MIP
16,0.36124919999999999,0.56618229229464412,true,7.6833324992412404,true,2.9345833675893167,0,0,1.9762625833649862e-323,3,1,MIP
17,0.37267830000000002,0.58970633293464358,true,7.6833324992412404,true,2.9348159740173503,0,0,1.9762625833649862e-323,3,1,MIP
18,0.37750820000000002,0.59766448329579036,true,7.6833324992412404,true,2.9348245327093592,0,0,1.9762625833649862e-323,3,1,MIP
19,0.45510850000000003,0.70319104372226182,true,7.6833324992412404,true,2.9353202073651392,0,0,1.9762625833649862e-323,3,1,MIP
20,0.46405449999999998,0.71055474494234427,true,7.6752755130343422,true,2.9354423744174936,0,0,2.4703282292062327e-323,3,1,MIP
21,0.5045963,0.79699976636365744,true,7.6752755130343422,true,2.9540846428091112,0,0,2.4703282292062327e-323,3,1,MIP
22,0.52906220000000004,0.84431961625472052,true,7.6752755130343422,true,2.9559599494302042,0,0,2.4703282292062327e-323,3,1,MIP
23,0.5369313,0.85808804222143276,true,7.6752755130343422,true,2.9561301274374725,0,0,2.4703282292062327e-323,3,1,MIP
24,0.60426170000000001,0.97640420127708583,true,7.6752755130343422,true,2.9599576062511077,0,0,2.4703282292062327e-323,3,1,MIP
25,0.61196589999999995,0.98382813430896265,true,7.4532122092900943,true,2.9599576062511077,0,0,2.9643938750474793e-323,3,1,MIP
26,0.63982749999999999,1.0434909366788581,true,7.4532122092900943,true,2.960101083780422,0,0,2.9643938750474793e-323,3,1,MIP
27,0.68616429999999995,1.1206046478658238,true,7.4532122092900943,true,2.9607049447083189,0,0,2.9643938750474793e-323,3,1,MIP
28,0.69619830000000005,1.1279782020231364,true,7.4481298064329513,true,2.9607049447083189,0,0,4.4465908125712189e-323,3,1,MIP
29,0.71293280000000003,1.163401278406476,true,7.4481298064329513,true,2.9607061279739155,0,0,4.4465908125712189e-323,3,1,MIP
30,0.74210860000000001,1.2036606156862577,true,7.4481298064329513,true,2.9607104998311065,0,0,4.4465908125712189e-323,3,1,MIP
31,0.80719929999999995,1.2891612541409903,true,3.4302380723014378,true,2.9607104998311065,0,0,5.9287877500949585e-323,3,1,MIP
32,1.0075966000000001,1.6846347033223348,true,3.4302380723014378,true,2.9607104998311065,1,3,5.9287877500949585e-323,3,1,MIP
33,1.1042727999999999,1.86157934281363,true,3.3609908140728924,true,2.9827070487615965,2,4,7.4109846876186982e-323,3,1,MIP
34,1.157294,1.9689950334434705,true,3.3609908140728924,true,2.9864874310312959,3,5,7.4109846876186982e-323,3,1,MIP
35,1.1870392999999999,2.007693777359945,true,3.3576023582290455,true,2.9864874310312959,4,6,7.9050503334599447e-323,3,1,MIP
36,1.3375570000000001,2.285192281006144,true,3.3576023582290455,true,2.9864874310312959,7,9,7.9050503334599447e-323,3,1,MIP
37,1.4997243,2.5722002512370725,true,3.3491409051307501,true,2.9864874310312959,9,11,9.3872472709836843e-323,3,1,MIP
38,1.6067838999999999,2.7623641891179425,true,3.3491409051307501,true,2.9864874310312959,11,13,9.3872472709836843e-323,3,1,MIP
39,1.6204940999999999,2.7831144345011012,true,3.3462635665653639,true,2.9864874310312959,12,14,9.8813129168249309e-323,3,1,MIP
40,1.7375472999999999,2.986927773633564,true,3.3462635665653639,true,2.9864874310312959,27,17,9.8813129168249309e-323,3,1,MIP
41,1.7536871000000001,3.0163803520746417,true,3.3462635665653639,true,2.9871881557030187,28,18,9.8813129168249309e-323,3,1,MIP
42,1.8241457999999999,3.1353378847102849,true,3.3455586851348711,true,2.9871881557030187,30,20,1.0375378562666177e-322,3,1,MIP
43,1.9488474,3.3414516358033293,true,3.3455586851348711,true,2.9871881557030187,39,29,1.0375378562666177e-322,3,1,MIP
44,2.0430868000000002,3.4663743923221255,true,3.3423516797186985,true,2.9871881557030187,52,32,1.1363509854348671e-322,3,1,MIP
45,2.0710608000000001,3.5158641343798149,true,3.3423516797186985,true,2.9879527478203887,53,33,1.1363509854348671e-322,3,1,MIP
46,2.1796153,3.6944978421403181,true,3.3423516797186985,true,2.9879527478203887,63,43,1.1363509854348671e-322,3,1,MIP
47,2.3198322999999998,3.9051053644118765,true,3.3423516797186985,true,2.9934295322063171,85,49,1.1363509854348671e-322,3,1,MIP
48,2.4655306000000001,4.1598222479033957,true,3.3423516797186985,true,2.9934295322063171,99,55,1.1363509854348671e-322,3,1,MIP
49,2.4815236999999999,4.1789959036291044,true,3.3423516797186985,true,2.9943119974880981,100,56,1.1363509854348671e-322,3,1,MIP
50,2.6519810000000001,4.4868569667688032,true,3.3423516797186985,true,2.9943119974880981,141,87,1.1363509854348671e-322,3,1,MIP
51,2.6777126999999998,4.514843813969474,true,3.3423516797186985,true,2.9989580727513245,142,88,1.1363509854348671e-322,3,1,MIP
52,2.7700301999999999,4.6653790599830645,true,3.2734775725170975,true,2.9989580727513245,144,88,1.2351641146031164e-322,3,1,MIP
53,2.8879630000000001,4.8378572875698653,true,3.2734775725170975,true,2.9989580727513245,191,121,1.2351641146031164e-322,3,1,MIP
54,3.0130683,4.9670613047604215,true,3.2577259712470594,true,3.0113184297430156,192,120,1.3339772437713657e-322,3,1,MIP
55,3.0585786000000001,5.0528577022661194,true,3.2577259712470594,true,3.0113510381922337,193,121,1.3339772437713657e-322,3,1,MIP
56,3.1586116,5.2028289547340485,true,3.2577259712470594,true,3.0113510381922337,216,144,1.3339772437713657e-322,3,1,MIP
57,3.2866110000000002,5.3891708565491099,true,3.2577259712470594,true,3.0287472062773917,276,164,1.3339772437713657e-322,3,1,MIP
58,3.4016142,5.5594483229648297,true,3.2577259712470594,true,3.0287472062773917,333,193,1.3339772437713657e-322,3,1,MIP
59,3.4169611999999998,5.5753115386318868,true,3.2577259712470594,true,3.0293744616148706,334,194,1.3339772437713657e-322,3,1,MIP
60,3.5303225,5.7339953554739012,true,3.2577259712470594,true,3.0293744616148706,372,216,1.3339772437713657e-322,3,1,MIP
61,3.5724727000000001,5.8031972181017482,true,3.2577259712470594,true,3.0327396309983858,385,219,1.3339772437713657e-322,3,1,MIP
62,3.6956291000000001,6.0192983241655664,true,3.2577259712470594,true,3.0327396309983858,422,242,1.3339772437713657e-322,3,1,MIP
63,3.9051309000000001,6.4138390516142847,true,3.2577259712470594,true,3.0327396309983858,440,250,1.3339772437713657e-322,3,1,MIP
64,3.9237801000000001,6.4297121359857412,true,3.2577259712470594,true,3.0381536072364388,441,251,1.3339772437713657e-322,3,1,MIP
65,4.0249588000000003,6.5989115301980537,true,3.2577259712470594,true,3.0381536072364388,462,272,1.3339772437713657e-322,3,1,MIP
66,4.1326042000000003,6.7872243779502757,true,3.2577259712470594,true,3.0381536072364388,514,299,1.3339772437713657e-322,3,1,MIP
67,4.1600358999999996,6.8255110128435641,true,3.2577259712470594,true,3.0461192183123789,515,300,1.3339772437713657e-322,3,1,MIP
68,4.2749926,6.9946378057474892,true,3.2577259712470594,true,3.0461192183123789,569,341,1.3339772437713657e-322,3,1,MIP
69,4.3050039,7.0358804658507808,true,3.2577259712470594,true,3.0461194408466707,570,342,1.3339772437713657e-322,3,1,MIP
70,4.4057164999999996,7.2109238595293483,true,3.2577259712470594,true,3.0461194408466707,585,357,1.3339772437713657e-322,3,1,MIP
71,4.5088128000000003,7.3610163005300633,true,3.2577259712470594,true,3.0461518939347871,643,399,1.3339772437713657e-322,3,1,MIP
72,4.6179800000000002,7.5477730863364343,true,3.2577259712470594,true,3.0461518939347871,663,409,1.3339772437713657e-322,3,1,MIP
73,4.7181300999999998,7.7097215468782396,true,3.2577259712470594,true,3.0461518939347871,670,414,1.3339772437713657e-322,3,1,MIP
74,5.0591903,8.3730989174393233,true,3.2577259712470594,true,3.0461518939347871,674,417,1.3339772437713657e-322,3,1,MIP
75,5.2831957999999997,8.6932277071455299,true,3.2577259712470594,true,3.0461518939347871,676,418,1.3339772437713657e-322,3,1,MIP
76,5.4017412,8.8861082634936785,true,3.2577259712470594,true,3.0461518939347871,679,420,1.3339772437713657e-322,3,1,MIP
77,5.5094700999999997,9.0527669380554912,true,3.2577259712470594,true,3.0541754840330317,679,420,1.3339772437713657e-322,3,1,MIP
78,5.5402262000000002,9.1032195710861874,true,3.2577259712470594,true,3.0543000699900449,680,421,1.3339772437713657e-322,3,1,MIP
79,5.6446804000000004,9.2437895579892402,true,3.2577259712470594,true,3.0553996295031207,681,422,1.3339772437713657e-322,3,1,MIP
80,5.6608418,9.2640643755486849,true,3.2577259712470594,true,3.0553996420067331,682,422,1.3339772437713657e-322,3,1,MIP
81,5.6790431000000003,9.3012396114144629,true,3.2577259712470594,true,3.0556102896404753,682,422,1.3339772437713657e-322,3,1,MIP
82,5.7914244000000004,9.4552196792750003,true,3.2577259712470594,true,3.0583357231396353,683,423,1.3339772437713657e-322,3,1,MIP
83,5.7995068999999999,9.4680299805869712,true,3.2577259712470594,true,3.0584336216129691,684,424,1.3339772437713657e-322,3,1,MIP
84,6.2565871,10.198566687933511,true,3.2577259712470594,true,3.0584336216129691,685,424,1.3339772437713657e-322,3,1,MIP
85,6.3665685999999999,10.374289757081295,true,3.2577259712470594,true,3.0584336216129691,688,428,1.3339772437713657e-322,3,1,MIP
86,6.5558331000000001,10.668737535732616,true,3.2577259712470594,true,3.0584336216129691,689,428,1.3339772437713657e-322,3,1,MIP
87,6.5914716999999996,10.729141070234562,true,3.2577259712470594,true,3.0627332206550966,690,429,1.3339772437713657e-322,3,1,MIP
88,6.6488012000000003,10.84309668687424,true,3.2577259712470594,true,3.0632820939038181,691,430,1.3339772437713657e-322,3,1,MIP
89,6.6524291,10.848336605537577,true,3.2577259712470594,true,3.0632823013246551,692,430,1.3339772437713657e-322,3,1,MIP
90,6.8462718000000002,11.173562420212482,true,3.2577259712470594,true,3.0648580184644425,693,431,1.3339772437713657e-322,3,1,MIP
91,6.9005983999999998,11.273344450735847,true,3.2577259712470594,true,3.0648834921422718,694,432,1.3339772437713657e-322,3,1,MIP
92,7.0233021000000004,11.442678657706644,true,3.2577259712470594,true,3.0654084926668874,695,432,1.3339772437713657e-322,3,1,MIP
93,7.0393809000000003,11.462979979487425,true,3.2577259712470594,true,3.0661389403601329,696,433,1.3339772437713657e-322,3,1,MIP
94,7.2006237999999998,11.725628264874249,true,3.2577259712470594,true,3.0661389403601329,697,434,1.3339772437713657e-322,3,1,MIP
95,7.7348635000000003,12.622278045710262,true,3.2577259712470594,true,3.0661389403601329,699,435,1.3339772437713657e-322,3,1,MIP
96,7.8305116000000003,12.748753495969725,true,3.250531583097314,true,3.0661389403601329,700,375,1.4821969375237396e-322,3,1,MIP
97,7.9044141999999997,12.850317368734794,true,3.249821156815881,true,3.0661389403601329,702,357,1.5316035021078643e-322,3,1,MIP
98,7.9684654999999998,12.914900774989405,true,3.2472886597338331,true,3.0661389403601329,704,307,1.6798231958602383e-322,3,1,MIP
99,8.1138806999999993,13.043828990914598,true,3.2472886597338331,true,3.0661389403601329,706,309,1.6798231958602383e-322,3,1,MIP
100,8.2475144999999994,13.182701564829811,true,3.2472886597338331,true,3.0661389403601329,708,310,1.6798231958602383e-322,3,1,MIP
101,8.4071104999999999,13.320292246954191,true,3.2472886597338331,true,3.0661389403601329,712,312,1.6798231958602383e-322,3,1,MIP
102,8.4618715000000009,13.367158121839402,true,3.2472886591130923,true,3.0661389403601329,713,296,1.7292297604443629e-322,3,1,MIP
103,8.5864547000000009,13.477190283036123,true,3.2472886591130923,true,3.0661389403601329,716,298,1.7292297604443629e-322,3,1,MIP
104,8.7083984999999995,13.595005230126263,true,3.2472886591130923,true,3.0661389403601329,720,301,1.7292297604443629e-322,3,1,MIP
105,8.8185178000000004,13.707156199216833,true,3.2472886591130923,true,3.0661389403601329,724,303,1.7292297604443629e-322,3,1,MIP
106,9.0230408000000004,14.031702061856697,true,3.2472886591130923,true,3.0661389403601329,732,300,1.7292297604443629e-322,3,1,MIP
107,9.1538737999999995,14.192565145731397,true,3.2472886591130923,true,3.0661389403601329,735,302,1.7292297604443629e-322,3,1,MIP
108,9.2632478999999996,14.34319480334274,true,3.2472886591130923,true,3.0661389403601329,740,305,1.7292297604443629e-322,3,1,MIP
109,9.3657649000000003,14.442138989286088,true,3.2472886591130923,true,3.0661389403601329,741,306,1.7292297604443629e-322,3,1,MIP
110,9.4938383000000002,14.599099907925334,true,3.2472886591130923,true,3.0661389403601329,744,308,1.7292297604443629e-322,3,1,MIP
111,9.5961914000000004,14.767325182696398,true,3.2472886591130923,true,3.0661389403601329,749,310,1.7292297604443629e-322,3,1,MIP
112,9.6997627000000008,14.899637712714064,true,3.2472886591130923,true,3.0661389403601329,759,315,1.7292297604443629e-322,3,1,MIP
113,9.8004472000000007,15.023987808509805,true,3.2472886591130923,true,3.0661389403601329,774,314,1.7292297604443629e-322,3,1,MIP
114,9.9099012000000002,15.207167646581604,true,3.2472886591130923,true,3.0662456432531169,777,314,1.7292297604443629e-322,3,1,MIP
115,10.3054781,15.687643037613659,true,3.2472886591130923,true,3.0662456432531169,780,316,1.7292297604443629e-322,3,1,MIP
116,10.428869300000001,15.806949239347897,true,3.2472886591130923,true,3.0662456432531169,784,319,1.7292297604443629e-322,3,1,MIP
117,10.5353151,15.956644999541441,true,3.2472886591130923,true,3.0662456432531169,791,321,1.7292297604443629e-322,3,1,MIP
118,10.6395774,16.091500249515526,true,3.2472886591130923,true,3.0662456432531169,803,327,1.7292297604443629e-322,3,1,MIP
119,10.750102500000001,16.22957629663939,true,3.2472886591130923,true,3.0662456432531169,813,324,1.7292297604443629e-322,3,1,MIP
120,10.7720308,16.268869185309633,true,3.2472886591130923,true,3.0662463035507517,814,325,1.7292297604443629e-322,3,1,MIP
121,10.8780546,16.395411431589647,true,3.2472886591130923,true,3.0662463035507517,821,329,1.7292297604443629e-322,3,1,MIP
122,10.978204,16.557942039892225,true,3.2472886591130923,true,3.0662463035507517,839,340,1.7292297604443629e-322,3,1,MIP
123,11.089003999999999,16.715559363846868,true,3.2472886591130923,true,3.0662463035507517,849,338,1.7292297604443629e-322,3,1,MIP
124,11.129424200000001,16.76299600390303,true,3.2472886591130923,true,3.0662479299655612,850,339,1.7292297604443629e-322,3,1,MIP
125,11.1977423,16.849555920445344,true,3.2472886563997569,true,3.0662479299655612,852,326,1.7786363250284876e-322,3,1,MIP
126,11.310567300000001,17.023006693842387,true,3.2472886563997569,true,3.0662479299655612,857,327,1.7786363250284876e-322,3,1,MIP
127,11.4123795,17.157365481265096,true,3.2472886563997569,true,3.0662479299655612,872,336,1.7786363250284876e-322,3,1,MIP
128,11.510683,17.28804609100624,true,3.2472886563997569,true,3.0662700198895227,884,336,1.7786363250284876e-322,3,1,MIP
129,11.6153985,17.409594775731051,true,3.2472886563997569,true,3.0662700198895227,889,340,1.7786363250284876e-322,3,1,MIP
130,11.718336799999999,17.580765017419413,true,3.2472886563997569,true,3.0662700198895227,907,350,1.7786363250284876e-322,3,1,MIP
131,11.8808978,17.809737305415553,true,3.2472886563997569,true,3.0662700198895227,925,351,1.7786363250284876e-322,3,1,MIP
132,11.891472500000001,17.827510757963044,true,3.2472886563997569,true,3.0671213196870895,926,351,1.7786363250284876e-322,3,1,MIP
133,12.013403800000001,18.038474503978513,true,3.2472886563997569,true,3.0671213196870895,931,353,1.7786363250284876e-322,3,1,MIP
134,12.1425184,18.238779591579686,true,3.2472886563997569,true,3.0671213196870895,937,357,1.7786363250284876e-322,3,1,MIP
135,12.249458799999999,18.366994645077273,true,3.2472886563997569,true,3.0671213196870895,946,363,1.7786363250284876e-322,3,1,MIP
136,12.363156200000001,18.492468015175039,true,3.2472886563997569,true,3.0671213196870895,961,361,1.7786363250284876e-322,3,1,MIP
137,12.4633141,18.625307766714727,true,3.2472886563997569,true,3.0671213196870895,977,357,1.7786363250284876e-322,3,1,MIP
138,12.561172900000001,18.773322661945887,true,3.2472886563997569,true,3.0671441317176344,983,353,1.7786363250284876e-322,3,1,MIP
139,12.673175799999999,18.905661451883997,true,3.2472886563997569,true,3.0671441317176344,989,355,1.7786363250284876e-322,3,1,MIP
140,12.773864,19.020848312836563,true,3.2472886563997569,true,3.0671441317176344,999,359,1.7786363250284876e-322,3,1,MIP
141,12.8721756,19.163822654830973,true,3.2472886563997569,true,3.0679433666043852,1014,357,1.7786363250284876e-322,3,1,MIP
142,12.976672300000001,19.324940855396278,true,3.2472886563997569,true,3.0679433666043852,1028,360,1.7786363250284876e-322,3,1,MIP
143,13.0454372,19.441824544162181,true,3.2472886563997569,true,3.0680041120695871,1034,356,1.7786363250284876e-322,3,1,MIP
144,13.146963599999999,19.606214877542381,true,3.2472886563997569,true,3.0680041120695871,1046,361,1.7786363250284876e-322,3,1,MIP
145,13.234924899999999,19.750402571873639,true,3.2472886563997569,true,3.0689026982982366,1064,362,1.7786363250284876e-322,3,1,MIP
146,13.3354587,19.914884788129992,true,3.2472886563997569,true,3.0689026982982366,1072,368,1.7786363250284876e-322,3,1,MIP
147,13.4655293,20.11549048931828,true,3.2472886563997569,true,3.0689026982982366,1087,368,1.7786363250284876e-322,3,1,MIP
148,13.481435100000001,20.142203396317573,true,3.2472886563997569,true,3.0698559486075201,1088,368,1.7786363250284876e-322,3,1,MIP
149,13.4880742,20.153590778410109,true,3.2472886563997569,true,3.0698563961013234,1089,369,1.7786363250284876e-322,3,1,MIP
150,13.590378400000001,20.319748129547282,true,3.2472886563997569,true,3.0698563961013234,1099,374,1.7786363250284876e-322,3,1,MIP
151,13.691665199999999,20.473575257879482,true,3.2472886563997569,true,3.0698563961013234,1106,373,1.7786363250284876e-322,3,1,MIP
152,13.771025699999999,20.59830342662368,true,3.2472886563997569,true,3.0735424131829863,1122,374,1.7786363250284876e-322,3,1,MIP
153,13.872540499999999,20.756561503379096,true,3.2472886563997569,true,3.0735424131829863,1145,385,1.7786363250284876e-322,3,1,MIP
154,13.9283787,20.84692132004659,true,3.2472886563997569,true,3.0745093912587671,1159,383,1.7786363250284876e-322,3,1,MIP
155,14.029515099999999,21.001135569646205,true,3.2472886563997569,true,3.0745093912587671,1177,391,1.7786363250284876e-322,3,1,MIP
156,14.129687499999999,21.157989586684963,true,3.2472886563997569,true,3.0745548405853245,1197,385,1.7786363250284876e-322,3,1,MIP
157,14.2200664,21.304416065451143,true,3.2472886563997569,true,3.0746474370358219,1210,384,1.7786363250284876e-322,3,1,MIP
158,14.307928799999999,21.443381539052318,true,3.2472886563997569,true,3.0746699995488451,1229,382,1.7786363250284876e-322,3,1,MIP
159,14.4136981,21.610569588688715,true,3.2472886563997569,true,3.0755808985497151,1261,390,1.7786363250284876e-322,3,1,MIP
160,14.426376899999999,21.6325822425963,true,3.2472886563997569,true,3.0756282980691538,1262,390,1.7786363250284876e-322,3,1,MIP
161,14.5263955,21.794668071671328,true,3.2472886563997569,true,3.0756282980691538,1282,398,1.7786363250284876e-322,3,1,MIP
162,14.554778199999999,21.842696098294578,true,3.2472886563997569,true,3.075732579813951,1284,399,1.7786363250284876e-322,3,1,MIP
163,14.665604,22.010707876313727,true,3.2472886563997569,true,3.075732579813951,1311,402,1.7786363250284876e-322,3,1,MIP
164,14.6790115,22.033544003926522,true,3.2472886563997569,true,3.076491937946193,1312,403,1.7786363250284876e-322,3,1,MIP
165,14.7788711,22.197476840960412,true,3.2472886563997569,true,3.0766060749972013,1327,406,1.7786363250284876e-322,3,1,MIP
166,14.8543284,22.322496972510766,true,3.2472886563997569,true,3.077904022919836,1339,403,1.7786363250284876e-322,3,1,MIP
167,14.9563025,22.485995028387862,true,3.2472886563997569,true,3.077904022919836,1349,407,1.7786363250284876e-322,3,1,MIP
168,15.067307899999999,22.662444696572006,true,3.2472886563997569,true,3.078164990588351,1372,406,1.7786363250284876e-322,3,1,MIP
169,15.1282686,22.75775632303845,true,3.2472886563997569,true,3.0787091672104507,1384,406,1.7786363250284876e-322,3,1,MIP
170,15.236858,22.927622090659806,true,3.2472886563997569,true,3.0787091672104507,1399,406,1.7786363250284876e-322,3,1,MIP
171,15.250124,22.948896448680664,true,3.2472886563997569,true,3.0793101396431366,1400,406,1.7786363250284876e-322,3,1,MIP
172,15.3005969,23.028729837543317,true,3.2472886563997569,true,3.0793600097063054,1418,401,1.7786363250284876e-322,3,1,MIP
173,15.431554500000001,23.252800976486245,true,3.2472886563997569,true,3.0796482129865552,1427,400,1.7786363250284876e-322,3,1,MIP
174,15.5321392,23.425741095283591,true,3.2472886563997569,true,3.0796482129865552,1436,406,1.7786363250284876e-322,3,1,MIP
175,15.5827583,23.508295970112446,true,3.2472886563997569,true,3.0806130888127496,1452,403,1.7786363250284876e-322,3,1,MIP
176,15.706213699999999,23.649077931802658,true,3.2472886563997569,true,3.0806130888127496,1468,407,1.7786363250284876e-322,3,1,MIP
177,15.8129106,23.794795666805342,true,3.2472886563997569,true,3.0813312848658092,1503,408,1.7786363250284876e-322,3,1,MIP
178,15.944250200000001,24.001115107218762,true,3.2472886563997569,true,3.0813312848658092,1542,414,1.7786363250284876e-322,3,1,MIP
179,16.0622486,24.202893815241914,true,3.2472886563997569,true,3.0815152165104669,1553,417,1.7786363250284876e-322,3,1,MIP
180,16.158921299999999,24.359303632115193,true,3.2472886563997569,true,3.0815814781399182,1581,436,1.7786363250284876e-322,3,1,MIP
181,16.283159399999999,24.57170636302644,true,3.2472886563997569,true,3.0815814781399182,1611,452,1.7786363250284876e-322,3,1,MIP
182,16.2887959,24.582063763296617,true,3.2472886563997569,true,3.0825015785690182,1612,453,1.7786363250284876e-322,3,1,MIP
183,16.371746399999999,24.715898860145462,true,3.2472886563997569,true,3.082584455593711,1634,466,1.7786363250284876e-322,3,1,MIP
184,16.421112600000001,24.799204724091865,true,3.2472886563997569,true,3.08390809844611,1642,467,1.7786363250284876e-322,3,1,MIP
185,16.5227115,24.962988838720534,true,3.2472886563997569,true,3.08390809844611,1649,472,1.7786363250284876e-322,3,1,MIP
186,16.606525000000001,25.087818999799779,true,3.2472886563997569,true,3.0839956133260609,1662,471,1.7786363250284876e-322,3,1,MIP
187,16.648956200000001,25.153971877451834,true,3.2472886563997569,true,3.0840671999118543,1674,473,1.7786363250284876e-322,3,1,MIP
188,16.7021944,25.240460293060771,true,3.2472886563997569,true,3.084935083954166,1685,476,1.7786363250284876e-322,3,1,MIP
189,16.7186424,25.264869358180242,true,3.2472886563997569,true,3.0869566383417091,1687,478,1.7786363250284876e-322,3,1,MIP
190,16.8278921,25.438887112806544,true,3.2472886563997569,true,3.0869566383417091,1717,495,1.7786363250284876e-322,3,1,MIP
191,16.8287212,25.440233860169094,true,3.2472886563997569,true,3.0879150737465348,1718,496,1.7786363250284876e-322,3,1,MIP
192,16.9422976,25.639849575442941,true,3.2472886563997569,true,3.0879150737465348,1736,504,1.7786363250284876e-322,3,1,MIP
193,17.007743699999999,25.742827885263221,true,3.2472886563997569,true,3.0890611496051328,1751,509,1.7786363250284876e-322,3,1,MIP
194,17.0658599,25.840393337266953,true,3.2472886563997569,true,3.0899226419815924,1761,511,1.7786363250284876e-322,3,1,MIP
195,17.1698843,26.007109936096995,true,3.2472886563997569,true,3.0899226419815924,1784,521,1.7786363250284876e-322,3,1,MIP
196,17.176949499999999,26.019844413809945,true,3.2472886563997569,true,3.0917175311588818,1785,522,1.7786363250284876e-322,3,1,MIP
197,17.283513800000001,26.199978470612805,true,3.2472886563997569,true,3.0941339726093466,1798,523,1.7786363250284876e-322,3,1,MIP
198,17.3874368,26.369850940541085,true,3.2472886563997569,true,3.0941339726093466,1818,533,1.7786363250284876e-322,3,1,MIP
199,17.402448499999998,26.393343540975717,true,3.2472886563997569,true,3.1001550802349005,1819,533,1.7786363250284876e-322,3,1,MIP
200,17.482021199999998,26.523974031072491,true,3.2472886563997569,true,3.1001551714017803,1840,540,1.7786363250284876e-322,3,1,MIP
201,17.514014700000001,26.574330665308008,true,3.2472886563997569,true,3.1002541294414074,1845,539,1.7786363250284876e-322,3,1,MIP
202,17.554390999999999,26.636890202870966,true,3.2472886563997569,true,3.1008230863995783,1850,536,1.7786363250284876e-322,3,1,MIP
203,17.5905667,26.698135731702312,true,3.2472886563997569,true,3.1008749156981392,1851,535,1.7786363250284876e-322,3,1,MIP
204,17.672180000000001,26.842037410661028,true,3.2472886563997569,true,3.1011067237125922,1854,534,1.7786363250284876e-322,3,1,MIP
205,17.706827000000001,26.89589843974116,true,3.2472886563997569,true,3.1013407794300272,1857,532,1.7786363250284876e-322,3,1,MIP
206,17.707799999999999,26.897236614604033,true,3.2472886563997569,true,3.1015844779652553,1858,533,1.7786363250284876e-322,3,1,MIP
207,17.740708099999999,26.951163291980532,true,3.2472886563997569,true,3.1015906703214648,1864,531,1.7786363250284876e-322,3,1,MIP
208,17.7851076,27.02369223088974,true,3.2472886563997569,true,3.1021951457456627,1869,532,1.7786363250284876e-322,3,1,MIP
209,17.820977200000002,27.082154343495461,true,3.2472886563997569,true,3.1023136176496702,1874,529,1.7786363250284876e-322,3,1,MIP
210,17.8210582,27.082219928495462,true,3.2472886563997569,true,3.102328111090372,1875,528,1.7786363250284876e-322,3,1,MIP
211,17.9028417,27.212945729111901,true,3.2472886563997569,true,3.1025739978210192,1889,528,1.7786363250284876e-322,3,1,MIP
212,17.914168199999999,27.232297517038266,true,3.2472886563997569,true,3.103087985840812,1890,527,1.7786363250284876e-322,3,1,MIP
213,17.955799800000001,27.297667523221662,true,3.2472886563997569,true,3.1043170164600853,1897,528,1.7786363250284876e-322,3,1,MIP
214,17.9875881,27.35212536293793,true,3.2472886563997569,true,3.1054648822815647,1905,530,1.7786363250284876e-322,3,1,MIP
215,18.0461046,27.450678922807633,true,3.2472886563997569,true,3.1072146432178429,1921,539,1.7786363250284876e-322,3,1,MIP
216,18.118312299999999,27.563703143705361,true,3.2472886563997569,true,3.1081085456280348,1945,552,1.7786363250284876e-322,3,1,MIP
217,18.125274900000001,27.575743902822907,true,3.2472886563997569,true,3.1090171730096721,1949,552,1.7786363250284876e-322,3,1,MIP
218,18.181923300000001,27.669902242756425,true,3.2472886563997569,true,3.109061569496073,1969,564,1.7786363250284876e-322,3,1,MIP
219,18.228030400000002,27.747187147322091,true,3.2472886563997569,true,3.1101623794841085,1988,570,1.7786363250284876e-322,3,1,MIP
220,18.2649832,27.805552451011419,true,3.2472886563997569,true,3.1101789055623628,2003,574,1.7786363250284876e-322,3,1,MIP
221,18.305799,27.867990445670745,true,3.2472886563997569,true,3.1103648342846988,2023,578,1.7786363250284876e-322,3,1,MIP
222,18.392079800000001,28.002975777903469,true,3.2472886563997569,true,3.1104392858213967,2038,580,1.7786363250284876e-322,3,1,MIP
223,18.396147800000001,28.008214879631002,true,3.2472886563997569,true,3.1108653815088783,2046,576,1.7786363250284876e-322,3,1,MIP
224,18.404789399999999,28.022698839997773,true,3.2472886563997569,true,3.1109119905260467,2047,577,1.7786363250284876e-322,3,1,MIP
225,18.4108959,28.031749178058817,true,3.2472886563997569,true,3.111272964460317,2048,576,1.7786363250284876e-322,3,1,MIP
226,18.447952600000001,28.094371319018894,true,3.2472886563997569,true,3.1114875418352641,2051,577,1.7786363250284876e-322,3,1,MIP
227,18.569764800000002,28.307962957532244,true,3.2472886563997569,true,3.1114875418352641,2069,584,1.7786363250284876e-322,3,1,MIP
228,18.593006299999999,28.346520276591452,true,3.2472886563997569,true,3.1117136961331711,2070,585,1.7786363250284876e-322,3,1,MIP
229,18.644584600000002,28.431311149405357,true,3.2472886563997569,true,3.1117185375227736,2080,587,1.7786363250284876e-322,3,1,MIP
230,18.713083699999999,28.546196484252011,true,3.2472886563997569,true,3.1117343128130894,2090,586,1.7786363250284876e-322,3,1,MIP
231,18.716541200000002,28.5519811810818,true,3.2472886563997569,true,3.1119311915453864,2091,587,1.7786363250284876e-322,3,1,MIP
232,18.8067882,28.691243188064512,true,3.2472886563997569,true,3.1138289304993911,2125,604,1.7786363250284876e-322,3,1,MIP
233,18.8272987,28.72576435610652,true,3.2472886563997569,true,3.1143586584168936,2136,605,1.7786363250284876e-322,3,1,MIP
234,18.921548900000001,28.871718285078096,true,3.2472886563997569,true,3.1146201270682745,2168,619,1.7786363250284876e-322,3,1,MIP
235,18.9457059,28.91098303601218,true,3.2472886563997569,true,3.1149087101388475,2173,618,1.7786363250284876e-322,3,1,MIP
236,19.044747600000001,29.058604175425103,true,3.2472886563997569,true,3.115294261501715,2211,636,1.7786363250284876e-322,3,1,MIP
237,19.1020346,29.157724344297353,true,3.2472886563997569,true,3.1161873486746652,2216,634,1.7786363250284876e-322,3,1,MIP
238,19.144670300000001,29.228022424306516,true,3.2472886563997569,true,3.1171157967166021,2221,634,1.7786363250284876e-322,3,1,MIP
239,19.2086516,29.326790217736434,true,3.2472886563997569,true,3.1181726400868901,2239,644,1.7786363250284876e-322,3,1,MIP
240,19.274691700000002,29.427177550116006,true,3.2472886563997569,true,3.118231810190415,2268,657,1.7786363250284876e-322,3,1,MIP
241,19.278483699999999,29.433641881176428,true,3.2472886563997569,true,3.118362549330794,2269,658,1.7786363250284876e-322,3,1,MIP
242,19.330626299999999,29.514174762785462,true,3.2472886563997569,true,3.1189128746489372,2283,658,1.7786363250284876e-322,3,1,MIP
243,19.4356419,29.680323447475651,true,3.2472886563997569,true,3.1189128746489372,2296,667,1.7786363250284876e-322,3,1,MIP
244,19.537476699999999,29.846310226614683,true,3.2472886563997569,true,3.1189128746489372,2311,676,1.7786363250284876e-322,3,1,MIP
245,19.554174499999998,29.872328124891503,true,3.2472886563997569,true,3.1189707275405421,2318,674,1.7786363250284876e-322,3,1,MIP
246,19.6152482,29.967087876293011,true,3.2472886563997569,true,3.1195244796330783,2337,676,1.7786363250284876e-322,3,1,MIP
247,19.7172427,30.13056048305446,true,3.2472886563997569,true,3.1195244796330783,2359,686,1.7786363250284876e-322,3,1,MIP
248,19.737271700000001,30.16104142019881,true,3.2472886563997569,true,3.119697022001235,2363,684,1.7786363250284876e-322,3,1,MIP
249,19.752768199999998,30.184166023878895,true,3.2472886563997569,true,3.120080000376356,2368,685,1.7786363250284876e-322,3,1,MIP
250,19.768466799999999,30.208847042120897,true,3.2472886563997569,true,3.1212967130138352,2373,682,1.7786363250284876e-322,3,1,MIP
251,19.785966699999999,30.236749891864555,true,3.2472886563997569,true,3.121427741325657,2376,683,1.7786363250284876e-322,3,1,MIP
252,19.803582899999999,30.264363569185722,true,3.2472886563997569,true,3.1214483141611624,2388,685,1.7786363250284876e-322,3,1,MIP
253,19.831137099999999,30.313068199744119,true,3.2472886563997569,true,3.1220796962930533,2392,684,1.7786363250284876e-322,3,1,MIP
254,19.855881100000001,30.356744712501264,true,3.2472886563997569,true,3.1225963735590212,2397,682,1.7786363250284876e-322,3,1,MIP
255,19.8771275,30.38935449460369,true,3.2472886563997569,true,3.1235630345536531,2400,681,1.7786363250284876e-322,3,1,MIP
256,19.937102500000002,30.484916042392108,true,3.2472886563997569,true,3.1236110704631876,2411,678,1.7786363250284876e-322,3,1,MIP
257,19.975027799999999,30.558005896802445,true,3.2472886563997569,true,3.1238778269642422,2412,679,1.7786363250284876e-322,3,1,MIP
258,20.077449999999999,30.724916239636226,true,3.2472886563997569,true,3.1238778269642422,2419,686,1.7786363250284876e-322,3,1,MIP
259,20.1745199,30.868569744261237,true,3.2472886563997569,true,3.1244137312818436,2439,688,1.7786363250284876e-322,3,1,MIP
260,20.2799853,31.040584726127609,true,3.2472886563997569,true,3.1248194439923829,2460,693,1.7786363250284876e-322,3,1,MIP
261,20.2910811,31.059105080739208,true,3.2472886563997569,true,3.1255014441108511,2461,694,1.7786363250284876e-322,3,1,MIP
262,20.394553899999998,31.223760453001081,true,3.2472886563997569,true,3.1255014441108511,2475,699,1.7786363250284876e-322,3,1,MIP
263,20.413436999999998,31.254981152473775,true,3.2472886563997569,true,3.1255620334792802,2480,696,1.7786363250284876e-322,3,1,MIP
264,20.4199181,31.264044899732355,true,3.2472886563997569,true,3.1256736068203264,2481,697,1.7786363250284876e-322,3,1,MIP
265,20.460606800000001,31.328729595542129,true,3.2472886563997569,true,3.1261592578335757,2496,696,1.7786363250284876e-322,3,1,MIP
266,20.5672292,31.495485524735983,true,3.2472886563997569,true,3.1261592578335757,2522,703,1.7786363250284876e-322,3,1,MIP
267,20.632072999999998,31.595673018139763,true,3.2472886563997569,true,3.1265335631685049,2544,714,1.7786363250284876e-322,3,1,MIP
268,20.7340947,31.764883225330774,true,3.2472886563997569,true,3.1265335631685049,2557,725,1.7786363250284876e-322,3,1,MIP
269,20.789076900000001,31.855636085984134,true,3.2472886563997569,true,3.1267611735975613,2567,725,1.7786363250284876e-322,3,1,MIP
270,20.844422099999999,31.937897359323227,true,3.2472886563997569,true,3.1268681735245414,2583,723,1.7786363250284876e-322,3,1,MIP
271,20.912331399999999,32.040524151264407,true,3.2472886563997569,true,3.1269591879086645,2599,723,1.7786363250284876e-322,3,1,MIP
272,20.9458004,32.089323932453965,true,3.2472886563997569,true,3.1270494034288547,2611,723,1.7786363250284876e-322,3,1,MIP
273,21.048285199999999,32.263199521247785,true,3.2472886563997569,true,3.1274893547187945,2627,722,1.7786363250284876e-322,3,1,MIP
274,21.080033100000001,32.310510383345793,true,3.2472886563997569,true,3.1276226555292421,2639,726,1.7786363250284876e-322,3,1,MIP
275,21.146927000000002,32.419382864505792,true,3.2472886563997569,true,3.1277991577837958,2658,729,1.7786363250284876e-322,3,1,MIP
276,21.249523799999999,32.579759734124835,true,3.2472886563997569,true,3.1277991577837958,2677,742,1.7786363250284876e-322,3,1,MIP
277,21.264534000000001,32.602855890657658,true,3.2472886563997569,true,3.1278454798978022,2680,743,1.7786363250284876e-322,3,1,MIP
278,21.303214700000002,32.667299503707021,true,3.2472886563997569,true,3.1289971209629348,2691,738,1.7786363250284876e-322,3,1,MIP
279,21.316159599999999,32.688009782724663,true,3.2472886563997569,true,3.1290159641287629,2692,738,1.7786363250284876e-322,3,1,MIP
280,21.317004699999998,32.689085992204383,true,3.2472886563997569,true,3.1293235730053772,2693,739,1.7786363250284876e-322,3,1,MIP
281,21.385628400000002,32.803428443982526,true,3.2472886563997569,true,3.1295838453737042,2702,739,1.7786363250284876e-322,3,1,MIP
282,21.4096601,32.840730032293592,true,3.2472886563997569,true,3.1303457518180497,2714,741,1.7786363250284876e-322,3,1,MIP
283,21.524782699999999,32.994415469932491,true,3.2472886563997569,true,3.1303457518180497,2741,756,1.7786363250284876e-322,3,1,MIP
284,21.5585138,33.04853140887046,true,3.2472886563997569,true,3.1305355413778688,2752,753,1.7786363250284876e-322,3,1,MIP
285,21.600710599999999,33.114776089096871,true,3.2472886563997569,true,3.1314631400574502,2769,752,1.7786363250284876e-322,3,1,MIP
286,21.6091704,33.127695289112033,true,3.2472886563997569,true,3.1316938164673922,2770,753,1.7786363250284876e-322,3,1,MIP
287,21.6697457,33.22392293180134,true,3.2472886563997569,true,3.1318309568882157,2796,767,1.7786363250284876e-322,3,1,MIP
288,21.741382000000002,33.336421268973005,true,3.2472886563997569,true,3.1318348361334554,2808,767,1.7786363250284876e-322,3,1,MIP
289,21.851060799999999,33.465413011506485,true,3.2472886563997569,true,3.1318348361334554,2813,770,1.7786363250284876e-322,3,1,MIP
290,21.927039499999999,33.582054466378366,true,3.2472886563997569,true,3.1323411200662208,2839,772,1.7786363250284876e-322,3,1,MIP
291,21.965704899999999,33.643372939714318,true,3.2472886563997569,true,3.1330585093580057,2848,772,1.7786363250284876e-322,3,1,MIP
292,22.0201551,33.728673295853135,true,3.2472886563997569,true,3.1333284940333992,2880,774,1.7786363250284876e-322,3,1,MIP
293,22.113315799999999,33.875351210839433,true,3.2472886563997569,true,3.1334097645457715,2905,776,1.7786363250284876e-322,3,1,MIP
294,22.175202500000001,33.971170667297962,true,3.2472886563997569,true,3.1338121541861148,2925,784,1.7786363250284876e-322,3,1,MIP
295,22.241057600000001,34.085347632154182,true,3.2472886563997569,true,3.1344322168794148,2936,787,1.7786363250284876e-322,3,1,MIP
296,22.342488800000002,34.246831008173046,true,3.2472886563997569,true,3.1344322168794148,2944,795,1.7786363250284876e-322,3,1,MIP
297,22.399643699999999,34.32925629665511,true,3.2472886563997569,true,3.1346091206410414,2960,794,1.7786363250284876e-322,3,1,MIP
298,22.527071200000002,34.517263725626627,true,3.2472886563997569,true,3.1346654881397957,2980,796,1.7786363250284876e-322,3,1,MIP
299,22.529090700000001,34.520442881975235,true,3.2472886563997569,true,3.1346674491153066,2981,797,1.7786363250284876e-322,3,1,MIP
300,22.6312012,34.674179522034564,true,3.2472886563997569,true,3.1346674491153066,2998,802,1.7786363250284876e-322,3,1,MIP
301,22.632576700000001,34.676627836783489,true,3.2472886563997569,true,3.1347010028936069,2999,803,1.7786363250284876e-322,3,1,MIP
302,22.664634599999999,34.720429300644597,true,3.2472886563997569,true,3.1351324319644553,3010,802,1.7786363250284876e-322,3,1,MIP
303,22.671007800000002,34.730665200608009,true,3.2472886563997569,true,3.1352653970710684,3013,803,1.7786363250284876e-322,3,1,MIP
304,22.683706600000001,34.751793295428136,true,3.2472886563997569,true,3.1352981205028958,3018,802,1.7786363250284876e-322,3,1,MIP
305,22.784202499999999,34.901919226518672,true,3.2472886563997569,true,3.1353578408586831,3043,805,1.7786363250284876e-322,3,1,MIP
306,22.895381700000002,35.042551803742427,true,3.2472886563997569,true,3.1353578408586831,3065,812,1.7786363250284876e-322,3,1,MIP
307,22.900030099999999,35.050619117254598,true,3.2472886563997569,true,3.1353881961268568,3066,813,1.7786363250284876e-322,3,1,MIP
308,22.945207400000001,35.117054894536523,true,3.2472886563997569,true,3.1355493780118229,3079,815,1.7786363250284876e-322,3,1,MIP
309,22.988985700000001,35.176164663015221,true,3.2472886563997569,true,3.1360221874979897,3095,821,1.7786363250284876e-322,3,1,MIP
310,22.993110399999999,35.181828098487323,true,3.2472886563997569,true,3.1368798811725958,3096,822,1.7786363250284876e-322,3,1,MIP
311,23.101421200000001,35.353119956357233,true,3.2472886563997569,true,3.1368798811725958,3122,832,1.7786363250284876e-322,3,1,MIP
312,23.101741700000002,35.353513355685493,true,3.2472886563997569,true,3.1369866797883454,3123,833,1.7786363250284876e-322,3,1,MIP
313,23.113081000000001,35.372975175980116,true,3.2472886563997569,true,3.1373487231734392,3128,832,1.7786363250284876e-322,3,1,MIP
314,23.154402999999999,35.43999573022765,true,3.2472886563997569,true,3.1378299341933653,3142,832,1.7786363250284876e-322,3,1,MIP
315,23.1686649,35.459069792915621,true,3.2472886563997569,true,3.1380033559807998,3145,833,1.7786363250284876e-322,3,1,MIP
316,23.224087600000001,35.544222876955764,true,3.2472886563997569,true,3.1380188662829078,3157,835,1.7786363250284876e-322,3,1,MIP
317,23.322114299999999,35.677290607514081,true,3.2472886563997569,true,3.1382257794135491,3190,854,1.7786363250284876e-322,3,1,MIP
318,23.323601,35.679745747366319,true,3.2472886563997569,true,3.1384430470718603,3191,855,1.7786363250284876e-322,3,1,MIP
319,23.393879299999998,35.782681738961585,true,3.2472886563997569,true,3.1385443686210226,3226,865,1.7786363250284876e-322,3,1,MIP
320,23.496905300000002,35.930587243831063,true,3.2472886563997569,true,3.1385443686210226,3257,877,1.7786363250284876e-322,3,1,MIP
321,23.515536000000001,35.964996266627772,true,3.2472886563997569,true,3.1390521468685844,3258,878,1.7786363250284876e-322,3,1,MIP
322,23.5189865,35.971112137208223,true,3.2472886563997569,true,3.139444552525275,3259,878,1.7786363250284876e-322,3,1,MIP
323,23.618989500000001,36.111685629812342,true,3.2472886563997569,true,3.139444552525275,3276,891,1.7786363250284876e-322,3,1,MIP
324,23.6776321,36.199967952410077,true,3.2472886563997569,true,3.1397018985781133,3289,888,1.7786363250284876e-322,3,1,MIP
325,23.681633000000001,36.206523164818329,true,3.2472886563997569,true,3.139702635618085,3290,889,1.7786363250284876e-322,3,1,MIP
326,23.713849799999998,36.260472349115645,true,3.2472886563997569,true,3.139836073706483,3300,889,1.7786363250284876e-322,3,1,MIP
327,23.728383600000001,36.286449587073577,true,3.2472886563997569,true,3.1406227979012629,3301,890,1.7786363250284876e-322,3,1,MIP
328,23.779108000000001,36.359533450263328,true,3.2472886563997569,true,3.1407441336677588,3320,895,1.7786363250284876e-322,3,1,MIP
329,23.793628099999999,36.384987432994805,true,3.2472886563997569,true,3.1408743194391535,3323,896,1.7786363250284876e-322,3,1,MIP
330,23.8943379,36.532998505421467,true,3.2472886563997569,true,3.1412016056909677,3352,900,1.7786363250284876e-322,3,1,MIP
331,23.918198,36.5667571804047,true,3.2472886563997569,true,3.1417816113693204,3356,900,1.7786363250284876e-322,3,1,MIP
332,23.971217899999999,36.645033371367745,true,3.2472886563997569,true,3.1419212848696807,3374,907,1.7786363250284876e-322,3,1,MIP
333,24.076751399999999,36.781187274249376,true,3.2472886563997569,true,3.1419212848696807,3388,911,1.7786363250284876e-322,3,1,MIP
334,24.1132651,36.835710432468915,true,3.2472886563997569,true,3.1429778550596268,3411,910,1.7786363250284876e-322,3,1,MIP
335,24.114470099999998,36.837550365990836,true,3.2472886563997569,true,3.1431803793640638,3412,911,1.7786363250284876e-322,3,1,MIP
336,24.131099800000001,36.862656942650531,true,3.2472886563997569,true,3.1433180677965447,3419,910,1.7786363250284876e-322,3,1,MIP
337,24.215215600000001,36.988029399478968,true,3.2472886563997569,true,3.1440300766551013,3446,914,1.7786363250284876e-322,3,1,MIP
338,24.587228,37.442074346968141,true,3.2472886563997569,true,3.1440300766551013,3451,913,1.7786363250284876e-322,3,1,MIP
339,24.7181924,37.578989791317071,true,3.2472886563997569,true,3.1440300766551013,3465,914,1.7786363250284876e-322,3,1,MIP
340,24.731864399999999,37.604702640435598,true,3.2472886563997569,true,3.1440942672440881,3466,915,1.7786363250284876e-322,3,1,MIP
341,24.806696800000001,37.722317329242856,true,3.2472886563997569,true,3.1441020370234405,3479,916,1.7786363250284876e-322,3,1,MIP
342,24.8304197,37.758288459639438,true,3.2472886563997569,true,3.1442724224025751,3487,916,1.7786363250284876e-322,3,1,MIP
343,24.882442099999999,37.837351329285887,true,3.2472886563997569,true,3.1443277312314493,3502,917,1.7786363250284876e-322,3,1,MIP
344,24.990722000000002,38.00380660993337,true,3.2472886563997569,true,3.1443277312314493,3518,929,1.7786363250284876e-322,3,1,MIP
345,25.025081799999999,38.056402484434408,true,3.2472886563997569,true,3.14447741695813,3532,931,1.7786363250284876e-322,3,1,MIP
346,25.084636700000001,38.146678409428866,true,3.2472886563997569,true,3.1446012347450352,3557,948,1.7786363250284876e-322,3,1,MIP
347,25.116895800000002,38.197300579003553,true,3.2472886563997569,true,3.1446929956409937,3564,944,1.7786363250284876e-322,3,1,MIP
348,25.140194300000001,38.220348919732771,true,3.2472886563997569,true,3.1447716520124103,3565,945,1.7786363250284876e-322,3,1,MIP
349,25.145247900000001,38.227099384998318,true,3.2472886563997569,true,3.1453627898928103,3566,946,1.7786363250284876e-322,3,1,MIP
350,25.187050599999999,38.289332225050735,true,3.2472886563997569,true,3.1454038512081635,3580,948,1.7786363250284876e-322,3,1,MIP
351,25.288821800000001,38.437260549393159,true,3.2472886563997569,true,3.1454038512081635,3593,954,1.7786363250284876e-322,3,1,MIP
352,25.317893000000002,38.48533337282862,true,3.2472886563997569,true,3.1454188730699149,3603,954,1.7786363250284876e-322,3,1,MIP
353,25.377800400000002,38.576116428896384,true,3.2472886563997569,true,3.1454232426954061,3614,957,1.7786363250284876e-322,3,1,MIP
354,25.4672193,38.712191227350047,true,3.2472886563997569,true,3.1454277495200387,3632,964,1.7786363250284876e-322,3,1,MIP
355,25.546799700000001,38.822546247303698,true,3.2472886563997569,true,3.1458323237949744,3654,978,1.7786363250284876e-322,3,1,MIP
356,25.585021999999999,38.883491297852395,true,3.2472886563997569,true,3.1459163285697413,3664,978,1.7786363250284876e-322,3,1,MIP
357,25.670005199999999,39.006115377558707,true,3.2472886563997569,true,3.1461458886468701,3685,984,1.7786363250284876e-322,3,1,MIP
358,25.7087626,39.061945890711193,true,3.2472886563997569,true,3.1462219998943404,3694,985,1.7786363250284876e-322,3,1,MIP
359,25.808849899999998,39.167405813379922,true,3.2472886563997569,true,3.1462219998943404,3701,988,1.7786363250284876e-322,3,1,MIP
360,25.865239299999999,39.254773616855992,true,3.2472886563997569,true,3.1465362464761415,3716,991,1.7786363250284876e-322,3,1,MIP
361,25.889048500000001,39.290702133180467,true,3.2472886563997569,true,3.1467243167058894,3725,989,1.7786363250284876e-322,3,1,MIP
362,25.927267199999999,39.350593316333679,true,3.2472886563997569,true,3.1468215501863575,3741,988,1.7786363250284876e-322,3,1,MIP
363,25.927767299999999,39.351217486530579,true,3.2472886563997569,true,3.1476418218875475,3742,987,1.7786363250284876e-322,3,1,MIP
364,25.966730999999999,39.416332814918277,true,3.2472886563997569,true,3.147880523434766,3749,988,1.7786363250284876e-322,3,1,MIP
365,26.063970600000001,39.567077306346555,true,3.2472886563997569,true,3.1478945618482852,3774,997,1.7786363250284876e-322,3,1,MIP
366,26.1181521,39.648422144293114,true,3.2472886563997569,true,3.1478948246071612,3793,999,1.7786363250284876e-322,3,1,MIP
367,26.175731299999999,39.737099438430128,true,3.2472886563997569,true,3.1480223130913658,3818,1012,1.7786363250284876e-322,3,1,MIP
368,26.201237899999999,39.775898336373203,true,3.2472886563997569,true,3.1482374878683617,3829,1010,1.7786363250284876e-322,3,1,MIP
369,26.2021102,39.777366725111548,true,3.2472886563997569,true,3.1482491827632058,3830,1011,1.7786363250284876e-322,3,1,MIP
370,26.244986699999998,39.846098773216013,true,3.2472886563997569,true,3.1483890333923799,3842,1013,1.7786363250284876e-322,3,1,MIP
371,26.299531099999999,39.933015378485685,true,3.2472886563997569,true,3.1484064245582259,3851,1014,1.7786363250284876e-322,3,1,MIP
372,26.352096199999998,40.019352108678561,true,3.2472886563997569,true,3.1484093955017749,3866,1013,1.7786363250284876e-322,3,1,MIP
373,26.4123634,40.112105517186819,true,3.2472886563997569,true,3.148668336635966,3890,1022,1.7786363250284876e-322,3,1,MIP
374,26.475729399999999,40.2105047302774,true,3.2472886563997569,true,3.1490050338670894,3906,1018,1.7786363250284876e-322,3,1,MIP
375,26.478215800000001,40.214218936382139,true,3.2472886563997569,true,3.1490538295355148,3907,1017,1.7786363250284876e-322,3,1,MIP
376,26.507546999999999,40.269160576158683,true,3.2472886563997569,true,3.149134103252067,3908,1018,1.7786363250284876e-322,3,1,MIP
377,26.524784,40.30213908143444,true,3.2472886563997569,true,3.1492502969009504,3909,1019,1.7786363250284876e-322,3,1,MIP
378,26.583516500000002,40.3875552497245,true,3.2472886563997569,true,3.1495730145787584,3934,1027,1.7786363250284876e-322,3,1,MIP
379,26.589597900000001,40.39658587327942,true,3.2472886563997569,true,3.1497188921914829,3935,1026,1.7786363250284876e-322,3,1,MIP
380,26.644645799999999,40.475735097682907,true,3.2472886563997569,true,3.1497812271686731,3960,1025,1.7786363250284876e-322,3,1,MIP
381,26.6846654,40.534098875198559,true,3.2472886563997569,true,3.1497994951860746,3980,1028,1.7786363250284876e-322,3,1,MIP
382,26.7216682,40.57546845513432,true,3.2472886563997569,true,3.1499257424624156,3991,1029,1.7786363250284876e-322,3,1,MIP
383,26.746909500000001,40.610661284429796,true,3.2472886563997569,true,3.1502938340334605,4001,1028,1.7786363250284876e-322,3,1,MIP
384,26.7731587,40.655495747862958,true,3.2472886563997569,true,3.1503701779376789,4004,1029,1.7786363250284876e-322,3,1,MIP
385,26.8168507,40.72068810230391,true,3.2472886563997569,true,3.1504588634064361,4028,1031,1.7786363250284876e-322,3,1,MIP
386,26.848255600000002,40.768687135178098,true,3.2472886563997569,true,3.1506632748574925,4046,1035,1.7786363250284876e-322,3,1,MIP
387,26.899386199999999,40.836803929997153,true,3.2472886563997569,true,3.1512641956536442,4064,1041,1.7786363250284876e-322,3,1,MIP
388,26.924454399999998,40.876892212030114,true,3.2472886563997569,true,3.1512815878119733,4068,1042,1.7786363250284876e-322,3,1,MIP
389,27.026297899999999,41.031253926349365,true,3.2472886563997569,true,3.1512815878119733,4086,1047,1.7786363250284876e-322,3,1,MIP
390,27.052836599999999,41.063019317747617,true,3.2472886563997569,true,3.151289007110067,4090,1047,1.7786363250284876e-322,3,1,MIP
391,27.099769200000001,41.135024846173948,true,3.2472886563997569,true,3.1512939368259949,4115,1049,1.7786363250284876e-322,3,1,MIP
392,27.136975899999999,41.189913698161376,true,3.2472886563997569,true,3.1515065520055154,4120,1048,1.7786363250284876e-322,3,1,MIP
393,27.142609799999999,41.199276693386352,true,3.2472886563997569,true,3.1516511631969362,4121,1049,1.7786363250284876e-322,3,1,MIP
394,27.2443426,41.351651696147073,true,3.2472886563997569,true,3.1516511631969362,4142,1058,1.7786363250284876e-322,3,1,MIP
395,27.385900700000001,41.57936452153006,true,3.2472886563997569,true,3.1516511631969362,4171,1065,1.7786363250284876e-322,3,1,MIP
396,27.397079300000001,41.595813274201177,true,3.2472886563997569,true,3.151656855955514,4172,1066,1.7786363250284876e-322,3,1,MIP
397,27.546577500000001,41.77274247476398,true,3.2472886563997569,true,3.1517022102298413,4203,1074,1.7786363250284876e-322,3,1,MIP
398,27.600663999999998,41.853726812243792,true,3.2472886563997569,true,3.1518028744885758,4224,1085,1.7786363250284876e-322,3,1,MIP
399,27.662585199999999,41.954411198740722,true,3.2472886563997569,true,3.1518339499002401,4238,1089,1.7786363250284876e-322,3,1,MIP
400,27.685198700000001,41.989795174345311,true,3.2472886563997569,true,3.1518386969625194,4241,1088,1.7786363250284876e-322,3,1,MIP
401,27.687976200000001,41.994250333270791,true,3.2472886563997569,true,3.1519623817182936,4242,1089,1.7786363250284876e-322,3,1,MIP
402,27.752527799999999,42.108621804821169,true,3.2472886563997569,true,3.1519645761003492,4254,1091,1.7786363250284876e-322,3,1,MIP
403,27.812658200000001,42.20264115507026,true,3.2472886563997569,true,3.1519812030340444,4269,1094,1.7786363250284876e-322,3,1,MIP
404,27.878476200000001,42.304027030290165,true,3.2472886563997569,true,3.1520996705459274,4293,1106,1.7786363250284876e-322,3,1,MIP
405,27.912492100000001,42.359427442367647,true,3.2472886563997569,true,3.152116394907178,4303,1104,1.7786363250284876e-322,3,1,MIP
406,27.912993799999999,42.360004584422789,true,3.2472886563997569,true,3.1521403515305391,4304,1105,1.7786363250284876e-322,3,1,MIP
407,28.014049400000001,42.521897888816603,true,3.2472886563997569,true,3.1521403515305391,4326,1111,1.7786363250284876e-322,3,1,MIP
408,28.0419594,42.569671024883,true,3.2472886563997569,true,3.1523030284308273,4328,1113,1.7786363250284876e-322,3,1,MIP
409,28.1625467,42.750835022706752,true,3.2472886563997569,true,3.1523030284308273,4347,1120,1.7786363250284876e-322,3,1,MIP
410,28.1757749,42.776760803708839,true,3.2472886563997569,true,3.1526060075615066,4348,1121,1.7786363250284876e-322,3,1,MIP
411,28.280796299999999,42.946025880670284,true,3.2472886563997569,true,3.1526060075615066,4362,1121,1.7786363250284876e-322,3,1,MIP
412,28.297240200000001,42.970403518291143,true,3.2472886563997569,true,3.1526338735295809,4364,1123,1.7786363250284876e-322,3,1,MIP
413,28.397296099999998,43.113514334437482,true,3.2472886563997569,true,3.1526338735295809,4375,1132,1.7786363250284876e-322,3,1,MIP
414,28.485677500000001,43.250079475032763,true,3.2472886563997569,true,3.1526517799794118,4411,1126,1.7786363250284876e-322,3,1,MIP
415,28.492665500000001,43.261585416500992,true,3.2472886563997569,true,3.1526659975965901,4412,1127,1.7786363250284876e-322,3,1,MIP
416,28.496903700000001,43.268646410202017,true,3.2472886563997569,true,3.1528302587410297,4413,1127,1.7786363250284876e-322,3,1,MIP
417,28.5469975,43.333654668169373,true,3.2472886563997569,true,3.1529488340397087,4421,1128,1.7786363250284876e-322,3,1,MIP
418,28.602713300000001,43.430396493884821,true,3.2472886563997569,true,3.1534199426443439,4437,1132,1.7786363250284876e-322,3,1,MIP
419,28.617883899999999,43.457199632280329,true,3.2472886563997569,true,3.1535299877786098,4438,1132,1.7786363250284876e-322,3,1,MIP
420,28.743897199999999,43.664350991150563,true,3.2472886563997569,true,3.1535299877786098,4454,1134,1.7786363250284876e-322,3,1,MIP
421,28.866511299999999,43.839310526741528,true,3.2472886563997569,true,3.1535299877786098,4493,1150,1.7786363250284876e-322,3,1,MIP
422,28.872143600000001,43.8484936911576,true,3.2472886563997569,true,3.1535328070148338,4494,1150,1.7786363250284876e-322,3,1,MIP
423,28.9293181,43.935228872689478,true,3.2472886563997569,true,3.1537242767285276,4519,1165,1.7786363250284876e-322,3,1,MIP
424,29.034730700000001,44.095968068523746,true,3.2472886563997569,true,3.1537242767285276,4528,1174,1.7786363250284876e-322,3,1,MIP
425,29.1453837,44.264298842110506,true,3.2472886563997569,true,3.1539142885685036,4541,1174,1.7786363250284876e-322,3,1,MIP
426,29.258522599999999,44.427911610707696,true,3.2472886563997569,true,3.1539142885685036,4567,1187,1.7786363250284876e-322,3,1,MIP
427,29.262982300000001,44.433877743357584,true,3.2472886563997569,true,3.153927378235176,4568,1188,1.7786363250284876e-322,3,1,MIP
428,29.3683291,44.583630839462678,true,3.2472886563997569,true,3.153927378235176,4582,1195,1.7786363250284876e-322,3,1,MIP
429,29.452771599999998,44.720349454442442,true,3.2472886563997569,true,3.1539838885311049,4598,1200,1.7786363250284876e-322,3,1,MIP
430,29.553191000000002,44.866831479645754,true,3.2472886563997569,true,3.1539838885311049,4615,1213,1.7786363250284876e-322,3,1,MIP
431,29.6327338,44.99731143912993,true,3.2472886563997569,true,3.1540568396186437,4633,1217,1.7786363250284876e-322,3,1,MIP
432,29.699298899999999,45.087310352902207,true,3.2467050044867278,true,3.1540568396186437,4665,1238,1.8280428896126122e-322,3,1,MIP
433,29.7528881,45.174295280539418,true,3.2467050044867278,true,3.1540577616646566,4669,1238,1.8280428896126122e-322,3,1,MIP
434,29.770400200000001,45.195030656607749,true,3.2436209421754922,true,3.1540577616646566,4670,1208,1.8774494541967369e-322,3,1,MIP
435,29.823945399999999,45.268764952672292,true,3.2436191200996278,true,3.1540577616646566,4687,1223,1.9268560187808615e-322,3,1,MIP
436,29.879462199999999,45.360108166155513,true,3.2436191200996278,true,3.1540578091810785,4714,1236,1.9268560187808615e-322,3,1,MIP
437,29.901808599999999,45.397860259573086,true,3.2435579208418872,true,3.1540578091810785,4715,1237,1.9762625833649862e-322,3,1,MIP
438,30.006964499999999,45.550446732618369,true,3.2435579208418872,true,3.1540661537000263,4731,1246,1.9762625833649862e-322,3,1,MIP
439,30.1113614,45.709425212838227,true,3.2435579208418872,true,3.1540661537000263,4747,1252,1.9762625833649862e-322,3,1,MIP
440,30.210825700000001,45.860997085340571,true,3.2435579208418872,true,3.1541108046639295,4755,1251,1.9762625833649862e-322,3,1,MIP
441,30.285043999999999,45.966758127495467,true,3.2435476225079691,true,3.1541108046639295,4770,1256,2.0256691479491108e-322,3,1,MIP
442,30.291119900000002,45.975992424958761,true,3.2435476225079691,true,3.1541252946024341,4771,1257,2.0256691479491108e-322,3,1,MIP
443,30.303705900000001,45.994481299731056,true,3.2435265209432274,true,3.1541252946024341,4773,1259,2.0750757125332355e-322,3,1,MIP
444,30.446679100000001,46.222273918179141,true,3.2435265209432274,true,3.1541252946024341,4792,1267,2.0750757125332355e-322,3,1,MIP
445,30.4674215,46.248730322551587,true,3.2435265209432274,true,3.1541777805508153,4793,1268,2.0750757125332355e-322,3,1,MIP
446,30.550089199999999,46.381106328360453,true,3.2435265209432274,true,3.1543431488598968,4805,1267,2.0750757125332355e-322,3,1,MIP
447,30.586691999999999,46.449645596330853,true,3.2435265209432274,true,3.154488058302761,4806,1268,2.0750757125332355e-322,3,1,MIP
448,30.690425699999999,46.61184650010393,true,3.2435265209432274,true,3.1544898139408923,4823,1267,2.0750757125332355e-322,3,1,MIP
449,30.728241000000001,46.675779188558735,true,3.2435265209432274,true,3.1547812193110909,4838,1273,2.0750757125332355e-322,3,1,MIP
450,30.787228500000001,46.75122581559426,true,3.2435265209432274,true,3.1548322706647527,4858,1277,2.0750757125332355e-322,3,1,MIP
451,30.8127034,46.790984417234995,true,3.2435265209432274,true,3.1548441872536879,4861,1278,2.0750757125332355e-322,3,1,MIP
452,30.882414600000001,46.891908884550524,true,3.2435265209432274,true,3.1549473727268706,4890,1291,2.0750757125332355e-322,3,1,MIP
453,30.972405200000001,47.02667353412118,true,3.2435265209432274,true,3.1549795823442341,4921,1300,2.0750757125332355e-322,3,1,MIP
454,31.066687600000002,47.166022895961405,true,3.2435265209432274,true,3.1549879146234874,4946,1301,2.0750757125332355e-322,3,1,MIP
455,31.069692,47.170205399188283,true,3.2435265209432274,true,3.155007178875068,4947,1301,2.0750757125332355e-322,3,1,MIP
456,31.0912629,47.196946114481484,true,3.2435265209432274,true,3.155022635596108,4955,1302,2.0750757125332355e-322,3,1,MIP
457,31.127894399999999,47.252049766453304,true,3.2435265209432274,true,3.1550563914532517,4969,1306,2.0750757125332355e-322,3,1,MIP
458,31.2010918,47.373938604245666,true,3.2435265209432274,true,3.1553428309709006,4985,1308,2.0750757125332355e-322,3,1,MIP
459,31.212108199999999,47.388030479616511,true,3.2435265209432274,true,3.1555801642890611,4986,1309,2.0750757125332355e-322,3,1,MIP
460,31.320782600000001,47.552784117371445,true,3.2435265209432274,true,3.1555801642890611,5000,1316,2.0750757125332355e-322,3,1,MIP
461,31.326208999999999,47.561954685512681,true,3.2435265209432274,true,3.1556181056114827,5001,1317,2.0750757125332355e-322,3,1,MIP
462,31.389450100000001,47.660150235770622,true,3.2435265209432274,true,3.1558275247321821,5020,1327,2.0750757125332355e-322,3,1,MIP
463,31.4627798,47.774591216593102,true,3.2435265209432274,true,3.1559172332524295,5043,1332,2.0750757125332355e-322,3,1,MIP
464,31.531412799999998,47.880790235575653,true,3.2435265209432274,true,3.1559271257461949,5061,1341,2.0750757125332355e-322,3,1,MIP
465,31.598724199999999,47.986049302890834,true,3.2435265209432274,true,3.1560614879553097,5073,1344,2.0750757125332355e-322,3,1,MIP
466,31.653704000000001,48.072580757045579,true,3.2435265209432274,true,3.1561074858987714,5084,1348,2.0750757125332355e-322,3,1,MIP
467,31.7668572,48.263751455328844,true,3.2435265209432274,true,3.1561074858987714,5105,1358,2.0750757125332355e-322,3,1,MIP
468,31.768983800000001,48.267105226354445,true,3.2435265209432274,true,3.1561194152382881,5106,1359,2.0750757125332355e-322,3,1,MIP
469,31.792663999999998,48.301579626429259,true,3.2435265209432274,true,3.156133533746734,5114,1358,2.0750757125332355e-322,3,1,MIP
470,31.793205400000002,48.302436781907069,true,3.2435265209432274,true,3.1561389108176368,5115,1359,2.0750757125332355e-322,3,1,MIP
471,31.810128299999999,48.327583106654771,true,3.2435265209432274,true,3.1561759634739808,5123,1357,2.0750757125332355e-322,3,1,MIP
472,31.8282521,48.352419585401194,true,3.2435265209432274,true,3.1563210882613992,5137,1356,2.0750757125332355e-322,3,1,MIP
473,31.8413185,48.374439278947705,true,3.2435265209432274,true,3.1563329504693289,5140,1357,2.0750757125332355e-322,3,1,MIP
474,31.8857301,48.44431129419435,true,3.2435265209432274,true,3.1563335972177455,5153,1360,2.0750757125332355e-322,3,1,MIP
475,31.9431349,48.532885301419185,true,3.2435265209432274,true,3.1563667515210305,5166,1360,2.0750757125332355e-322,3,1,MIP
476,32.016458800000002,48.652065415324685,true,3.2435265209432274,true,3.1563707327676283,5186,1364,2.0750757125332355e-322,3,1,MIP
477,32.0869505,48.760791089454848,true,3.2435265209432274,true,3.1564239639070308,5215,1373,2.0750757125332355e-322,3,1,MIP
478,32.163998900000003,48.876037139438651,true,3.2435265209432274,true,3.156433548639817,5244,1383,2.0750757125332355e-322,3,1,MIP
479,32.199080199999997,48.929558025368436,true,3.2435265209432274,true,3.1564729612404592,5265,1384,2.0750757125332355e-322,3,1,MIP
480,32.260733999999999,49.026753539143513,true,3.2435265209432274,true,3.1564803226370608,5298,1401,2.0750757125332355e-322,3,1,MIP
481,32.305319699999998,49.098862024979788,true,3.2435265209432274,true,3.1565230079580289,5308,1403,2.0750757125332355e-322,3,1,MIP
482,32.379276699999998,49.224463218369252,true,3.2435265209432274,true,3.1565843410829442,5324,1411,2.0750757125332355e-322,3,1,MIP
483,32.415485500000003,49.279968532645832,true,3.2435265209432274,true,3.1566685242995978,5337,1416,2.0750757125332355e-322,3,1,MIP
484,32.518287000000001,49.4412018880518,true,3.2435265209432274,true,3.1566685242995978,5365,1428,2.0750757125332355e-322,3,1,MIP
485,32.560724299999997,49.520926367022923,true,3.2435265209432274,true,3.1566787764235831,5367,1430,2.0750757125332355e-322,3,1,MIP
486,32.661069099999999,49.67321480752063,true,3.2435265209432274,true,3.1566787764235831,5417,1476,2.0750757125332355e-322,3,1,MIP
487,32.662029599999997,49.674434878267718,true,3.2329827179676913,true,3.1566787764235831,5420,1317,2.1244822771173601e-322,3,1,MIP
488,32.662441600000001,49.67474386151828,true,3.2196077909779777,true,3.1566787764235831,5421,1048,2.1738888417014848e-322,3,1,MIP
489,32.687244,49.716329505686055,true,3.2196077909779777,true,3.1567510995039605,5425,1048,2.1738888417014848e-322,3,1,MIP
490,32.733462699999997,49.785948649002044,true,3.2196077909779777,true,3.1568142572133668,5441,1054,2.1738888417014848e-322,3,1,MIP
491,32.806411500000003,49.901757815589505,true,3.2196077909779777,true,3.1570130150550955,5467,1056,2.1738888417014848e-322,3,1,MIP
492,32.832875100000003,49.942545269569841,true,3.2196077909779777,true,3.1570931252433923,5481,1059,2.1738888417014848e-322,3,1,MIP
493,32.943569799999999,50.127283645584249,true,3.2196077909779777,true,3.1570931252433923,5503,1060,2.1738888417014848e-322,3,1,MIP
494,33.028530199999999,50.255613857531003,true,3.2196077909779777,true,3.1571064951389576,5521,1064,2.1738888417014848e-322,3,1,MIP
495,33.078626300000003,50.326610537453782,true,3.2196077909779777,true,3.1571428412734752,5545,1071,2.1738888417014848e-322,3,1,MIP
496,33.107159500000002,50.376673952967927,true,3.2196077909779777,true,3.1571782498180188,5548,1070,2.1738888417014848e-322,3,1,MIP
497,33.1397166,50.436453856765958,true,3.2196077909779777,true,3.1572353919084,5551,1070,2.1738888417014848e-322,3,1,MIP
498,33.203468299999997,50.530537100822634,true,3.2196077909779777,true,3.1573161156686922,5595,1077,2.1738888417014848e-322,3,1,MIP
499,33.210658899999999,50.542052541250634,true,3.2196077909779777,true,3.157340113439977,5596,1078,2.1738888417014848e-322,3,1,MIP
500,33.294889699999999,50.678116648759918,true,3.2196077909779777,true,3.157346661565605,5613,1083,2.1738888417014848e-322,3,1,MIP
501,33.353983200000002,50.765591204280568,true,3.2196077909779777,true,3.1573741067937235,5635,1092,2.1738888417014848e-322,3,1,MIP
502,33.388976800000002,50.821918152663308,true,3.2196077909779777,true,3.1573807547670487,5654,1097,2.1738888417014848e-322,3,1,MIP
503,33.442228,50.90558113865093,true,3.2196077909779777,true,3.1574478726996866,5682,1111,2.1738888417014848e-322,3,1,MIP
504,33.452375699999997,50.921895533090776,true,3.2196077909779777,true,3.1575308760276504,5683,1112,2.1738888417014848e-322,3,1,MIP
505,33.503965600000001,51.006510420985208,true,3.2196077909779777,true,3.1575537183777609,5697,1112,2.1738888417014848e-322,3,1,MIP
506,33.5109092,51.017290391814306,true,3.2196077909779777,true,3.1577781173657073,5698,1113,2.1738888417014848e-322,3,1,MIP
507,33.520509699999998,51.03195089752618,true,3.2196077909779777,true,3.1579040373157374,5699,1114,2.1738888417014848e-322,3,1,MIP
508,33.5502228,51.083054592375838,true,3.2196077909779777,true,3.158092920746332,5709,1116,2.1738888417014848e-322,3,1,MIP
509,33.577233399999997,51.132914768393768,true,3.2196077909779777,true,3.1581981334676326,5719,1114,2.1738888417014848e-322,3,1,MIP
510,33.584353999999998,51.144808480369385,true,3.2196077909779777,true,3.1582209435442499,5720,1115,2.1738888417014848e-322,3,1,MIP
511,33.587774600000003,51.150478874960001,true,3.2196077909779777,true,3.1582534324034812,5721,1116,2.1738888417014848e-322,3,1,MIP
512,33.675811299999999,51.30645385206175,true,3.2196077909779777,true,3.1583917153755308,5732,1116,2.1738888417014848e-322,3,1,MIP
513,33.723867499999997,51.362074894729354,true,3.2196077909779777,true,3.1584180985709396,5739,1115,2.1738888417014848e-322,3,1,MIP
514,33.785511100000001,51.461193191878159,true,3.2196077909779777,true,3.1586596801731099,5755,1118,2.1738888417014848e-322,3,1,MIP
515,33.799782200000003,51.483750911642851,true,3.2196077909779777,true,3.1587911910906867,5761,1113,2.1738888417014848e-322,3,1,MIP
516,33.815728900000003,51.512788194648195,true,3.2196077909779777,true,3.1588210655432158,5762,1114,2.1738888417014848e-322,3,1,MIP
517,33.819613400000001,51.519481919675442,true,3.2196077909779777,true,3.1588375618501123,5763,1113,2.1738888417014848e-322,3,1,MIP
518,33.835845200000001,51.544172760485054,true,3.2196077909779777,true,3.1589137801290872,5768,1112,2.1738888417014848e-322,3,1,MIP
519,33.862000799999997,51.584589916829508,true,3.2196077909779777,true,3.1590693305239244,5788,1117,2.1738888417014848e-322,3,1,MIP
520,33.875022299999998,51.607337561622543,true,3.2196077909779777,true,3.1590926135631241,5795,1117,2.1738888417014848e-322,3,1,MIP
521,33.902999899999998,51.65571799319914,true,3.2196077909779777,true,3.1591080182733053,5802,1116,2.1738888417014848e-322,3,1,MIP
522,33.930339400000001,51.698427762769519,true,3.2196077909779777,true,3.1592492259715907,5818,1120,2.1738888417014848e-322,3,1,MIP
523,34.002668200000002,51.789947389257009,true,3.2164084138878986,true,3.1592952734970741,5832,1041,2.5197347937903574e-322,3,1,MIP
524,34.006982899999997,51.796532237081927,true,3.2164084138878986,true,3.1593735848989342,5833,1042,2.5197347937903574e-322,3,1,MIP
525,34.037472100000002,51.840525092949036,true,3.2164084138878986,true,3.1594477788408772,5846,1045,2.5197347937903574e-322,3,1,MIP
526,34.091666500000002,51.930232880782718,true,3.2164084138878986,true,3.1594905265025051,5856,1043,2.5197347937903574e-322,3,1,MIP
527,34.099800899999998,51.944537136274164,true,3.2164084138878986,true,3.1594973739194838,5857,1042,2.5197347937903574e-322,3,1,MIP
528,34.102321199999999,51.948147071018468,true,3.2164084138878986,true,3.1596029201230778,5858,1041,2.5197347937903574e-322,3,1,MIP
529,34.113669399999999,51.968391840834485,true,3.2164084138878986,true,3.1597470542249555,5859,1042,2.5197347937903574e-322,3,1,MIP
530,34.118145400000003,51.975225650434162,true,3.2164084138878986,true,3.1599992447388319,5860,1043,2.5197347937903574e-322,3,1,MIP
531,34.1491702,52.028232561246512,true,3.2164084138878986,true,3.160025846979039,5869,1044,2.5197347937903574e-322,3,1,MIP
532,34.183717000000001,52.077862095757851,true,3.2164084138878986,true,3.160110559954477,5880,1045,2.5197347937903574e-322,3,1,MIP
533,34.233310299999999,52.143968520562169,true,3.2164084138878986,true,3.160303994394237,5894,1049,2.5197347937903574e-322,3,1,MIP
534,34.3350109,52.316893286628989,true,3.2164084138878986,true,3.160303994394237,5908,1059,2.5197347937903574e-322,3,1,MIP
535,34.380722400000003,52.388043425561996,true,3.2164084138878986,true,3.1603059180523214,5923,1059,2.5197347937903574e-322,3,1,MIP
536,34.438968799999998,52.490897681873101,true,3.2164084138878986,true,3.1603338633218074,5934,1060,2.5197347937903574e-322,3,1,MIP
537,34.491165000000002,52.557229483936723,true,3.2160122583522792,true,3.1603338633218074,5940,1058,2.6185479229586067e-322,3,1,MIP
538,34.518819499999999,52.601832248952505,true,3.2160122583522792,true,3.1603338677182569,5947,1057,2.6185479229586067e-322,3,1,MIP
539,34.639538100000003,52.803392990829735,true,3.2160122583522792,true,3.1603338677182573,5982,1066,2.6185479229586067e-322,3,1,MIP
540,34.655700199999998,52.831890865413314,true,3.2160122583522792,true,3.1603495237681498,5983,1067,2.6185479229586067e-322,3,1,MIP
541,34.732569099999999,52.940728874798552,true,3.2160122583522792,true,3.1603699224258346,6004,1072,2.6185479229586067e-322,3,1,MIP
542,34.835534799999998,53.100104582523748,true,3.2160122583522792,true,3.1603699224258346,6041,1078,2.6185479229586067e-322,3,1,MIP
543,34.945296999999997,53.26749306324534,true,3.2160122583522792,true,3.1603699224258346,6071,1082,2.6185479229586067e-322,3,1,MIP
544,34.957138899999997,53.290035643181426,true,3.2160122583522792,true,3.1604195992027173,6072,1083,2.6185479229586067e-322,3,1,MIP
545,34.997619899999997,53.353626207624963,true,3.2160122583522792,true,3.1604355628469376,6093,1087,2.6185479229586067e-322,3,1,MIP
546,35.077159600000002,53.474188758221878,true,3.2160122583522792,true,3.1604570436201818,6113,1091,2.6185479229586067e-322,3,1,MIP
547,35.134511699999997,53.562797642583263,true,3.2160122583522792,true,3.1604589587429488,6131,1092,2.6185479229586067e-322,3,1,MIP
548,35.1878107,53.648433871224185,true,3.2160122583522792,true,3.1604712217748796,6152,1096,2.6185479229586067e-322,3,1,MIP
549,35.266188300000003,53.740159254247928,true,3.2160122583522792,true,3.1605175008911175,6162,1098,2.6185479229586067e-322,3,1,MIP
550,35.300495699999999,53.796119874634961,true,3.2160122583522792,true,3.1605655822110021,6170,1099,2.6185479229586067e-322,3,1,MIP
551,35.3221682,53.831848694193503,true,3.2160122583522792,true,3.1605780689856076,6182,1101,2.6185479229586067e-322,3,1,MIP
552,35.4191912,54.003960707444904,true,3.2160122583522792,true,3.1605787106480641,6194,1103,2.6185479229586067e-322,3,1,MIP
553,35.521601099999998,54.1772554616104,true,3.2160122583522792,true,3.1605787106480641,6201,1110,2.6185479229586067e-322,3,1,MIP
554,35.591746700000002,54.299312259106173,true,3.2160122583522792,true,3.1605800390884919,6223,1113,2.6185479229586067e-322,3,1,MIP
555,35.652190599999997,54.402962565784819,true,3.2160122583522792,true,3.1605801599753871,6241,1119,2.6185479229586067e-322,3,1,MIP
556,35.696080000000002,54.4728852133399,true,3.2160122583522792,true,3.1605855380770063,6244,1120,2.6185479229586067e-322,3,1,MIP
557,35.781748499999999,54.612240609907133,true,3.2160122583522792,true,3.1606435023707693,6267,1126,2.6185479229586067e-322,3,1,MIP
558,35.856560399999999,54.73358282829529,true,3.2160122583522792,true,3.1606658853362872,6294,1132,2.6185479229586067e-322,3,1,MIP
559,35.944649699999999,54.862382611247384,true,3.2160122583522792,true,3.1606972883638367,6306,1133,2.6185479229586067e-322,3,1,MIP
560,35.949647499999998,54.87014313402991,true,3.2160122583522792,true,3.1607039288897099,6307,1134,2.6185479229586067e-322,3,1,MIP
561,35.980961600000001,54.917000993022832,true,3.2160122583522792,true,3.1607185953596613,6322,1135,2.6185479229586067e-322,3,1,MIP
562,36.014763199999997,54.972630238636221,true,3.2160122583522792,true,3.1607186224067059,6325,1134,2.6185479229586067e-322,3,1,MIP
563,36.026667500000002,54.994972157069355,true,3.2160122583522792,true,3.1607456686177464,6326,1133,2.6185479229586067e-322,3,1,MIP
564,36.060394100000003,55.045130670467152,true,3.2160122583522792,true,3.160767827220516,6333,1134,2.6185479229586067e-322,3,1,MIP
565,36.137356400000002,55.168875315803199,true,3.2160122583522792,true,3.1608566687264466,6351,1137,2.6185479229586067e-322,3,1,MIP
566,36.224929099999997,55.296427718343708,true,3.2160122583522792,true,3.1609060570234018,6372,1141,2.6185479229586067e-322,3,1,MIP
567,36.296311500000002,55.411896727391479,true,3.2160122583522792,true,3.1609248202073208,6387,1144,2.6185479229586067e-322,3,1,MIP
568,36.316777100000003,55.444210110591584,true,3.2160122583522792,true,3.1610831055794746,6401,1145,2.6185479229586067e-322,3,1,MIP
569,36.3671279,55.507256270024534,true,3.2160122583522792,true,3.1611635471049846,6416,1150,2.6185479229586067e-322,3,1,MIP
570,36.383908099999999,55.532275678636651,true,3.2160122583522792,true,3.1611855893128524,6426,1151,2.6185479229586067e-322,3,1,MIP
571,36.433569499999997,55.601506895168619,true,3.2160122583522792,true,3.1612171906536393,6433,1150,2.6185479229586067e-322,3,1,MIP
572,36.460001599999998,55.641175853857384,true,3.2160122583522792,true,3.1612863660380404,6454,1150,2.6185479229586067e-322,3,1,MIP
573,36.524427299999999,55.742448585700885,true,3.2160122583522792,true,3.1612936684958659,6473,1151,2.6185479229586067e-322,3,1,MIP
574,36.585536900000001,55.829707602839498,true,3.2160122583522792,true,3.1614251103661735,6488,1157,2.6185479229586067e-322,3,1,MIP
575,36.598850200000001,55.851477061093114,true,3.2160122583522792,true,3.1614694016007365,6491,1158,2.6185479229586067e-322,3,1,MIP
576,36.648061900000002,55.932674331578525,true,3.2160122583522792,true,3.1614756412845555,6500,1156,2.6185479229586067e-322,3,1,MIP
577,36.659703200000003,55.950858436477873,true,3.2160122583522792,true,3.1617749950914162,6503,1157,2.6185479229586067e-322,3,1,MIP
578,36.693590700000001,56.004711667862658,true,3.2160122583522792,true,3.1618271689006696,6515,1161,2.6185479229586067e-322,3,1,MIP
579,36.710596600000002,56.030708569780693,true,3.2160122583522792,true,3.1619981830703896,6519,1159,2.6185479229586067e-322,3,1,MIP
580,36.715114999999997,56.037624651316619,true,3.2160122583522792,true,3.162171874011884,6520,1160,2.6185479229586067e-322,3,1,MIP
581,36.7540841,56.095109418435356,true,3.2160122583522792,true,3.1621804782926164,6537,1161,2.6185479229586067e-322,3,1,MIP
582,36.778095200000003,56.133773090794286,true,3.2160122583522792,true,3.1623412033436735,6547,1161,2.6185479229586067e-322,3,1,MIP
583,36.8648107,56.267568565156708,true,3.2160122583522792,true,3.1624323972032418,6563,1161,2.6185479229586067e-322,3,1,MIP
584,36.8716954,56.280444558331666,true,3.2160122583522792,true,3.1624899805011317,6564,1162,2.6185479229586067e-322,3,1,MIP
585,36.963267899999998,56.436857695785768,true,3.2160122583522792,true,3.1624907223700278,6578,1163,2.6185479229586067e-322,3,1,MIP
586,37.019873400000002,56.527733081198541,true,3.2160122583522792,true,3.1624943533804375,6596,1168,2.6185479229586067e-322,3,1,MIP
587,37.034242399999997,56.547013405123863,true,3.2160122583522792,true,3.1624944513943372,6601,1167,2.6185479229586067e-322,3,1,MIP
588,37.066194400000001,56.593618333151994,true,3.2160122583522792,true,3.1625014604110939,6619,1170,2.6185479229586067e-322,3,1,MIP
589,37.2547566,56.800335414447758,true,3.2160122583522792,true,3.1625014604110939,6627,1170,2.6185479229586067e-322,3,1,MIP
590,37.2632428,56.813656889454613,true,3.2160122583522792,true,3.1625063019404513,6628,1169,2.6185479229586067e-322,3,1,MIP
591,37.378485300000001,56.971593854707649,true,3.2160122583522792,true,3.1625063019404513,6651,1170,2.6185479229586067e-322,3,1,MIP
592,37.382075200000003,56.976180972722901,true,3.2160122583522792,true,3.1625210435911892,6652,1171,2.6185479229586067e-322,3,1,MIP
593,37.418425499999998,57.031037344982238,true,3.2160122583522792,true,3.162563287060141,6667,1170,2.6185479229586067e-322,3,1,MIP
594,37.4497231,57.081290559178512,true,3.2160122583522792,true,3.1625788848816665,6680,1170,2.6185479229586067e-322,3,1,MIP
595,37.504232000000002,57.175327439168704,true,3.2160122583522792,true,3.1626780078091246,6687,1168,2.6185479229586067e-322,3,1,MIP
596,37.565585300000002,57.272496583468879,true,3.2160122583522792,true,3.1627005160047443,6708,1170,2.6185479229586067e-322,3,1,MIP
597,37.589637699999997,57.311817556152832,true,3.2160122583522792,true,3.1627292259396858,6712,1170,2.6185479229586067e-322,3,1,MIP
598,37.615822100000003,57.352941332311943,true,3.2160122583522792,true,3.1628051131914416,6732,1171,2.6185479229586067e-322,3,1,MIP
599,37.629508299999998,57.376667086377097,true,3.2160122583522792,true,3.1628521517690262,6733,1171,2.6185479229586067e-322,3,1,MIP
600,37.632387199999997,57.381970578463545,true,3.2160122583522792,true,3.1628675120241869,6734,1172,2.6185479229586067e-322,3,1,MIP
601,37.669494,57.441252115714605,true,3.2160122583522792,true,3.1628916149350599,6749,1175,2.6185479229586067e-322,3,1,MIP
602,37.670759099999998,57.443013766099554,true,3.2160122583522792,true,3.1629910929187566,6750,1176,2.6185479229586067e-322,3,1,MIP
603,37.720788400000004,57.522933848397159,true,3.2160122583522792,true,3.1630227732877416,6776,1178,2.6185479229586067e-322,3,1,MIP
604,37.966788999999999,57.784139334787533,true,3.2160122583522792,true,3.1630227732877416,6783,1178,2.6185479229586067e-322,3,1,MIP
605,37.971847400000001,57.790705829695519,true,3.2160122583522792,true,3.1630294501202503,6784,1179,2.6185479229586067e-322,3,1,MIP
606,38.006761599999997,57.837543559479172,true,3.2160122583522792,true,3.1630603623686788,6798,1180,2.6185479229586067e-322,3,1,MIP
607,38.034450499999998,57.878716108716148,true,3.2160122583522792,true,3.1630692563420242,6811,1184,2.6185479229586067e-322,3,1,MIP
608,38.09646,57.97925302573281,true,3.2160122583522792,true,3.1631986119820885,6832,1189,2.6185479229586067e-322,3,1,MIP
609,38.107147300000001,57.995574021304492,true,3.2160122583522792,true,3.1632346081464497,6834,1191,2.6185479229586067e-322,3,1,MIP
610,38.187545900000003,58.127294165961217,true,3.2160122583522792,true,3.1632412615062195,6854,1191,2.6185479229586067e-322,3,1,MIP
611,38.203960100000003,58.152489426397089,true,3.2160122583522792,true,3.1633827081679415,6866,1191,2.6185479229586067e-322,3,1,MIP
612,38.250107900000003,58.22653290609523,true,3.2160122583522792,true,3.1634696271429936,6879,1188,2.6185479229586067e-322,3,1,MIP
613,38.2578247,58.238717810108994,true,3.2160122583522792,true,3.1634838534239647,6880,1189,2.6185479229586067e-322,3,1,MIP
614,38.261187700000001,58.244375032382884,true,3.2160122583522792,true,3.1635661674757953,6881,1190,2.6185479229586067e-322,3,1,MIP
615,38.298274300000003,58.296566094860857,true,3.2160122583522792,true,3.1637196983156297,6903,1190,2.6185479229586067e-322,3,1,MIP
616,38.320889100000002,58.337732325977598,true,3.2160122583522792,true,3.1638842373512084,6910,1188,2.6185479229586067e-322,3,1,MIP
617,38.358663700000001,58.400591517410405,true,3.2160122583522792,true,3.1638984374672274,6921,1186,2.6185479229586067e-322,3,1,MIP
618,38.360872000000001,58.403816875680654,true,3.2160122583522792,true,3.1639108332478987,6922,1187,2.6185479229586067e-322,3,1,MIP
619,38.413722499999999,58.48895193805518,true,3.2160122583522792,true,3.1639271590192424,6938,1185,2.6185479229586067e-322,3,1,MIP
620,38.4591706,58.551650612852775,true,3.2160122583522792,true,3.1639356054444105,6950,1187,2.6185479229586067e-322,3,1,MIP
621,38.467824899999997,58.564307777865544,true,3.2160122583522792,true,3.1639551544286397,6951,1188,2.6185479229586067e-322,3,1,MIP
622,38.516929699999999,58.638436736650078,true,3.2160122583522792,true,3.1639899722964158,6963,1186,2.6185479229586067e-322,3,1,MIP
623,38.522292899999997,58.646424303169923,true,3.2160122583522792,true,3.1639944833135845,6964,1187,2.6185479229586067e-322,3,1,MIP
624,38.570208600000001,58.720507432971672,true,3.2160122583522792,true,3.1640513478708621,6990,1198,2.6185479229586067e-322,3,1,MIP
625,38.581763299999999,58.73910954082028,true,3.2160122583522792,true,3.1640679184461211,6991,1199,2.6185479229586067e-322,3,1,MIP
626,38.598094199999998,58.763751967495537,true,3.2160122583522792,true,3.1641213494170515,6999,1198,2.6185479229586067e-322,3,1,MIP
627,38.617816400000002,58.794846648361066,true,3.2160122583522792,true,3.16416959466126,7007,1197,2.6185479229586067e-322,3,1,MIP
628,38.6201334,58.798159225739795,true,3.2160122583522792,true,3.1642159261149554,7008,1196,2.6185479229586067e-322,3,1,MIP
629,38.661231200000003,58.865583403322923,true,3.2160122583522792,true,3.1643315748868841,7022,1198,2.6185479229586067e-322,3,1,MIP
630,38.7107192,58.945110111238264,true,3.2160122583522792,true,3.1643441479571726,7037,1199,2.6185479229586067e-322,3,1,MIP
631,38.746688399999996,59.003025953899773,true,3.2160122583522792,true,3.1644795326337372,7046,1198,2.6185479229586067e-322,3,1,MIP
632,38.770465199999997,59.039333315346219,true,3.2160122583522792,true,3.1644811215272051,7059,1197,2.6185479229586067e-322,3,1,MIP
633,38.779403500000001,59.053793104252357,true,3.2160122583522792,true,3.1644859072209903,7060,1197,2.6185479229586067e-322,3,1,MIP
634,38.780557100000003,59.055464304739566,true,3.2160122583522792,true,3.1645284587697162,7061,1198,2.6185479229586067e-322,3,1,MIP
635,38.830970100000002,59.134016422082219,true,3.2160122583522792,true,3.1645845986313037,7087,1200,2.6185479229586067e-322,3,1,MIP
636,38.880701999999999,59.210091437089226,true,3.2160122583522792,true,3.1645864052742736,7122,1201,2.6185479229586067e-322,3,1,MIP
637,38.892530600000001,59.228946217521745,true,3.2160122583522792,true,3.1646359636890389,7128,1196,2.6185479229586067e-322,3,1,MIP
638,38.893179199999999,59.229895254179318,true,3.2160122583522792,true,3.1646861796291272,7129,1195,2.6185479229586067e-322,3,1,MIP
639,38.907587300000003,59.254350151872195,true,3.2160122583522792,true,3.1647640924532539,7130,1194,2.6185479229586067e-322,3,1,MIP
640,38.923566399999999,59.281465860747716,true,3.2160122583522792,true,3.164807495955992,7131,1195,2.6185479229586067e-322,3,1,MIP
641,38.927611599999999,59.288492800796,true,3.2160122583522792,true,3.1648759697823867,7132,1196,2.6185479229586067e-322,3,1,MIP
642,39.015678700000002,59.419514437414605,true,3.2160122583522792,true,3.1650241360095057,7152,1200,2.6185479229586067e-322,3,1,MIP
643,39.068820600000002,59.50268239709694,true,3.2160122583522792,true,3.1652097688014287,7173,1200,2.6185479229586067e-322,3,1,MIP
644,39.084963000000002,59.531615594193696,true,3.2160122583522792,true,3.1652311423243593,7177,1200,2.6185479229586067e-322,3,1,MIP
645,39.109497900000001,59.571515941152079,true,3.2160122583522792,true,3.1653631439763936,7184,1197,2.6185479229586067e-322,3,1,MIP
646,39.1105795,59.572641032139089,true,3.2160122583522792,true,3.1654478788768152,7185,1198,2.6185479229586067e-322,3,1,MIP
647,39.1321163,59.6046403120543,true,3.2160122583522792,true,3.1655081762640846,7195,1198,2.6185479229586067e-322,3,1,MIP
648,39.195488599999997,59.708623516453855,true,3.2160122583522792,true,3.1655338284572996,7208,1197,2.6185479229586067e-322,3,1,MIP
649,39.213840500000003,59.739816987987361,true,3.2160122583522792,true,3.1655518742450992,7217,1198,2.6185479229586067e-322,3,1,MIP
650,39.244219100000002,59.787808070372172,true,3.2160122583522792,true,3.165591188192673,7235,1202,2.6185479229586067e-322,3,1,MIP
651,39.251504500000003,59.798849721644622,true,3.2160122583522792,true,3.1656902353698939,7236,1203,2.6185479229586067e-322,3,1,MIP
652,39.357096400000003,59.962502295522391,true,3.2160122583522792,true,3.1656902353698939,7277,1207,2.6185479229586067e-322,3,1,MIP
653,39.458460500000001,60.121759611104714,true,3.2160122583522792,true,3.1656902353698939,7300,1212,2.6185479229586067e-322,3,1,MIP
654,39.570949400000003,60.287610757140662,true,3.2160122583522792,true,3.1656902353698939,7329,1212,2.6185479229586067e-322,3,1,MIP
655,39.577780699999998,60.298781652027735,true,3.2160122583522792,true,3.1657005495823123,7330,1211,2.6185479229586067e-322,3,1,MIP
656,39.633316600000001,60.385773230307635,true,3.2160122583522792,true,3.16570761464724,7356,1211,2.6185479229586067e-322,3,1,MIP
657,39.6919471,60.478884893557378,true,3.2160122583522792,true,3.165735396340402,7378,1216,2.6185479229586067e-322,3,1,MIP
658,39.7210222,60.52156219838416,true,3.2160122583522792,true,3.1657406456852168,7390,1215,2.6185479229586067e-322,3,1,MIP
659,39.756016299999999,60.575585103929868,true,3.2160122583522792,true,3.1657426168401708,7404,1220,2.6185479229586067e-322,3,1,MIP
660,39.794595100000002,60.632524346244828,true,3.2160122583522792,true,3.1657465139369734,7418,1220,2.6185479229586067e-322,3,1,MIP
661,39.8203502,60.672222558216085,true,3.2160122583522792,true,3.165751876122183,7428,1217,2.6185479229586067e-322,3,1,MIP
662,39.824152599999998,60.678653368008746,true,3.2160122583522792,true,3.1657981053221134,7429,1216,2.6185479229586067e-322,3,1,MIP
663,39.833840799999997,60.695349178846158,true,3.2160122583522792,true,3.1658673798634753,7431,1216,2.6185479229586067e-322,3,1,MIP
664,39.843463900000003,60.7131328548477,true,3.2160122583522792,true,3.165959283918486,7432,1217,2.6185479229586067e-322,3,1,MIP
665,39.883242899999999,60.77613030734809,true,3.2160122583522792,true,3.1659631590246642,7449,1214,2.6185479229586067e-322,3,1,MIP
666,39.9005109,60.803592541833247,true,3.2160122583522792,true,3.1659766407653236,7453,1213,2.6185479229586067e-322,3,1,MIP
667,39.904649399999997,60.812082239468381,true,3.2160122583522792,true,3.1660464554231025,7454,1214,2.6185479229586067e-322,3,1,MIP
668,39.9409007,60.859345785661432,true,3.2160122583522792,true,3.1661094790242772,7482,1219,2.6185479229586067e-322,3,1,MIP
669,39.942255000000003,60.861744027809408,true,3.2160122583522792,true,3.1661207971696723,7483,1220,2.6185479229586067e-322,3,1,MIP
670,39.974790300000002,60.906335362637591,true,3.2160122583522792,true,3.1661228431061632,7513,1218,2.6185479229586067e-322,3,1,MIP
671,39.9767054,60.909491112462263,true,3.2160122583522792,true,3.1661554322296386,7514,1219,2.6185479229586067e-322,3,1,MIP
672,39.989079599999997,60.928628857048288,true,3.2160122583522792,true,3.1662210543195277,7521,1216,2.6185479229586067e-322,3,1,MIP
673,39.999473000000002,60.943893036332135,true,3.2160122583522792,true,3.1662351807353155,7531,1214,2.6185479229586067e-322,3,1,MIP
674,40.0009637,60.946345222192079,true,3.2160122583522792,true,3.1662958373138039,7532,1213,2.6185479229586067e-322,3,1,MIP
675,40.001694999999998,60.947485487870715,true,3.2160122583522792,true,3.1663376631994407,7533,1212,2.6185479229586067e-322,3,1,MIP
676,40.019924199999998,60.981120437273376,true,3.2160122583522792,true,3.1663747200457424,7534,1211,2.6185479229586067e-322,3,1,MIP
677,40.027081699999997,60.992894622266881,true,3.2160122583522792,true,3.1663823080178455,7535,1210,2.6185479229586067e-322,3,1,MIP
678,40.031008499999999,60.99903993555332,true,3.2160122583522792,true,3.166454227171474,7536,1211,2.6185479229586067e-322,3,1,MIP
679,40.034309700000001,61.004174919174524,true,3.2160122583522792,true,3.1664673829166041,7537,1212,2.6185479229586067e-322,3,1,MIP
680,40.048279000000001,61.025998730626561,true,3.2160122583522792,true,3.1665223156924904,7546,1210,2.6185479229586067e-322,3,1,MIP
681,40.050499500000001,61.02991148074485,true,3.2160122583522792,true,3.1666494872820956,7547,1211,2.6185479229586067e-322,3,1,MIP
682,40.078590800000001,61.0733108731229,true,3.2160122583522792,true,3.1666514908099401,7565,1210,2.6185479229586067e-322,3,1,MIP
683,40.093932199999998,61.098191228379527,true,3.2160122583522792,true,3.166723587553852,7569,1209,2.6185479229586067e-322,3,1,MIP
684,40.098271199999999,61.105538309275666,true,3.2160122583522792,true,3.1667803400654653,7570,1208,2.6185479229586067e-322,3,1,MIP
685,40.126913000000002,61.148420263336348,true,3.2160122583522792,true,3.1669670353766781,7577,1209,2.6185479229586067e-322,3,1,MIP
686,40.148471499999999,61.181717176056168,true,3.2160122583522792,true,3.166967991235583,7588,1212,2.6185479229586067e-322,3,1,MIP
687,40.1611969,61.202709118824259,true,3.2160122583522792,true,3.1669793903967287,7596,1208,2.6185479229586067e-322,3,1,MIP
688,40.164264500000002,61.208274974542299,true,3.2160122583522792,true,3.1670870694017714,7597,1207,2.6185479229586067e-322,3,1,MIP
689,40.167821600000003,61.214607629693489,true,3.2160122583522792,true,3.1671615057248546,7598,1208,2.6185479229586067e-322,3,1,MIP
690,40.1773679,61.230070014083751,true,3.2160122583522792,true,3.1672098741417063,7599,1208,2.6185479229586067e-322,3,1,MIP
691,40.188163400000001,61.246563616968153,true,3.2160122583522792,true,3.1673279850956724,7603,1208,2.6185479229586067e-322,3,1,MIP
692,40.1995346,61.26449732336615,true,3.2160122583522792,true,3.1673479487267935,7612,1207,2.6185479229586067e-322,3,1,MIP
693,40.2082956,61.278976452835252,true,3.2160122583522792,true,3.1673503320185104,7613,1208,2.6185479229586067e-322,3,1,MIP
694,40.222789499999998,61.302707772275028,true,3.2160122583522792,true,3.1674072543708585,7621,1209,2.6185479229586067e-322,3,1,MIP
695,40.244994599999998,61.337574278833038,true,3.2160122583522792,true,3.1674096162105485,7626,1207,2.6185479229586067e-322,3,1,MIP
696,40.281229600000003,61.392918578010779,true,3.2160122583522792,true,3.167425256649568,7650,1212,2.6185479229586067e-322,3,1,MIP
697,40.290203699999999,61.407845271944652,true,3.2160122583522792,true,3.1674483637903745,7655,1208,2.6185479229586067e-322,3,1,MIP
698,40.298553099999999,61.422620156379466,true,3.2160122583522792,true,3.1674939143547376,7657,1210,2.6185479229586067e-322,3,1,MIP
699,40.332478899999998,61.479464758195107,true,3.2160122583522792,true,3.1675463817016434,7664,1209,2.6185479229586067e-322,3,1,MIP
700,40.342424800000003,61.495616207621765,true,3.2160122583522792,true,3.1676026289268915,7669,1206,2.6185479229586067e-322,3,1,MIP
701,40.370232700000003,61.539839850718849,true,3.2160122583522792,true,3.1676046159505451,7680,1206,2.6185479229586067e-322,3,1,MIP
702,40.374209299999997,61.546778528909876,true,3.2160122583522792,true,3.1677640676425058,7681,1207,2.6185479229586067e-322,3,1,MIP
703,40.402091900000002,61.592417445547319,true,3.2160122583522792,true,3.1677765056900777,7691,1204,2.6185479229586067e-322,3,1,MIP
704,40.403026799999999,61.593319596024081,true,3.2160122583522792,true,3.1677839283044484,7692,1204,2.6185479229586067e-322,3,1,MIP
705,40.418445699999999,61.617567382346841,true,3.2160122583522792,true,3.167808721693127,7705,1205,2.6185479229586067e-322,3,1,MIP
706,40.424193000000002,61.626606626391805,true,3.2160122583522792,true,3.1678151037030822,7706,1206,2.6185479229586067e-322,3,1,MIP
707,40.443535599999997,61.657289890386181,true,3.2160122583522792,true,3.1678797935676135,7713,1202,2.6185479229586067e-322,3,1,MIP
708,40.445467499999999,61.660287691598917,true,3.2160122583522792,true,3.1679094983987213,7714,1201,2.6185479229586067e-322,3,1,MIP
709,40.488710599999997,61.73755232993777,true,3.2160122583522792,true,3.1681041025179688,7716,1201,2.6185479229586067e-322,3,1,MIP
710,40.491936099999997,61.743120488718489,true,3.2160122583522792,true,3.168127394162132,7717,1202,2.6185479229586067e-322,3,1,MIP
711,40.520906799999999,61.790301825290612,true,3.2160122583522792,true,3.1682864636463064,7733,1200,2.6185479229586067e-322,3,1,MIP
712,40.532578600000001,61.812025136535183,true,3.2160122583522792,true,3.1683170829809537,7734,1201,2.6185479229586067e-322,3,1,MIP
713,40.550914499999998,61.840895901044419,true,3.2160122583522792,true,3.1683322143083075,7741,1202,2.6185479229586067e-322,3,1,MIP
714,40.573557999999998,61.875568161769458,true,3.2160122583522792,true,3.1683544860191151,7753,1204,2.6185479229586067e-322,3,1,MIP
715,40.5986975,61.916055070780004,true,3.2160122583522792,true,3.1683676308981199,7765,1204,2.6185479229586067e-322,3,1,MIP
716,40.598838100000002,61.916233130780007,true,3.2160122583522792,true,3.1684266730436521,7766,1203,2.6185479229586067e-322,3,1,MIP
717,40.6355158,61.973427536364412,true,3.2160122583522792,true,3.1684558853272251,7777,1206,2.6185479229586067e-322,3,1,MIP
718,40.659441100000002,62.015348014353698,true,3.2160122583522792,true,3.1686164334897291,7784,1204,2.6185479229586067e-322,3,1,MIP
719,40.687400400000001,62.058719080281037,true,3.2160122583522792,true,3.1687061453810941,7799,1201,2.6185479229586067e-322,3,1,MIP
720,40.697216900000001,62.074986789300517,true,3.2160122583522792,true,3.1687523538346802,7800,1202,2.6185479229586067e-322,3,1,MIP
721,40.697620000000001,62.075478239095602,true,3.2160122583522792,true,3.1688410012726758,7801,1201,2.6185479229586067e-322,3,1,MIP
722,40.7403561,62.138068509553598,true,3.2160122583522792,true,3.1688772921719872,7832,1202,2.6185479229586067e-322,3,1,MIP
723,40.792150100000001,62.224113378952026,true,3.2160122583522792,true,3.1690277765937647,7845,1205,2.6185479229586067e-322,3,1,MIP
724,40.797777600000003,62.231970744769988,true,3.2160122583522792,true,3.1690406001958462,7846,1206,2.6185479229586067e-322,3,1,MIP
725,40.899547099999999,62.389517424575693,true,3.2160122583522792,true,3.1690981088993304,7879,1204,2.6185479229586067e-322,3,1,MIP
726,40.902940000000001,62.395320581928608,true,3.2160122583522792,true,3.1691699334403016,7880,1205,2.6185479229586067e-322,3,1,MIP
727,40.929881799999997,62.438915446832056,true,3.2160122583522792,true,3.1691946380760556,7890,1205,2.6185479229586067e-322,3,1,MIP
728,40.949870400000002,62.471334917525937,true,3.2160122583522792,true,3.1693418876582942,7897,1203,2.6185479229586067e-322,3,1,MIP
729,40.959209899999998,62.487264993865736,true,3.2160122583522792,true,3.1693909973590202,7899,1205,2.6185479229586067e-322,3,1,MIP
730,40.9837609,62.527707620000221,true,3.2160122583522792,true,3.1694016220412919,7906,1200,2.6185479229586067e-322,3,1,MIP
731,40.996217199999997,62.547791505796788,true,3.2160122583522792,true,3.1694773116982855,7907,1201,2.6185479229586067e-322,3,1,MIP
732,40.999121899999999,62.552077701169871,true,3.2160122583522792,true,3.1696563038937908,7908,1201,2.6185479229586067e-322,3,1,MIP
733,41.009322599999997,62.566702298483641,true,3.2160122583522792,true,3.1696748707174067,7913,1201,2.6185479229586067e-322,3,1,MIP
734,41.191131200000001,62.749707617567623,true,3.2160122583522792,true,3.1696748707174067,7914,1202,2.6185479229586067e-322,3,1,MIP
735,41.258586899999997,62.855772397597654,true,3.2160122583522792,true,3.1701483516568025,7931,1202,2.6185479229586067e-322,3,1,MIP
736,41.261895799999998,62.860580679494504,true,3.2160122583522792,true,3.1701520216183083,7932,1203,2.6185479229586067e-322,3,1,MIP
737,41.284143,62.894507240798418,true,3.2160122583522792,true,3.1701642404775878,7944,1204,2.6185479229586067e-322,3,1,MIP
738,41.317938699999999,62.949507958980995,true,3.2160122583522792,true,3.170164251197745,7955,1204,2.6185479229586067e-322,3,1,MIP
739,41.411301199999997,63.094953015231674,true,3.2160122583522792,true,3.1702626698565792,7987,1207,2.6185479229586067e-322,3,1,MIP
740,41.6404912,63.333213450962241,true,3.2160122583522792,true,3.1702626698565792,7993,1208,2.6185479229586067e-322,3,1,MIP
741,41.676747800000001,63.393496040402717,true,3.2160122583522792,true,3.1703573899105351,8007,1203,2.6185479229586067e-322,3,1,MIP
742,41.699957599999998,63.430964803308655,true,3.2160122583522792,true,3.1703620503079692,8008,1204,2.6185479229586067e-322,3,1,MIP
743,41.703064500000004,63.43592518279651,true,3.2160122583522792,true,3.1703665836908916,8009,1205,2.6185479229586067e-322,3,1,MIP
744,41.7354731,63.485990736255921,true,3.2160122583522792,true,3.170366889155261,8018,1205,2.6185479229586067e-322,3,1,MIP
745,41.817892499999999,63.611149679231474,true,3.2160122583522792,true,3.1704067266092206,8051,1214,2.6185479229586067e-322,3,1,MIP
746,41.875424500000001,63.695945139061315,true,3.2160122583522792,true,3.1704155463532899,8087,1228,2.6185479229586067e-322,3,1,MIP
747,41.9767376,63.843906406993689,true,3.2160122583522792,true,3.1704155463532899,8164,1268,2.6185479229586067e-322,3,1,MIP
748,42.008566100000003,63.8919927385557,true,3.2160122583522792,true,3.1705793471418842,8188,1268,2.6185479229586067e-322,3,1,MIP
749,42.074272000000001,63.99561056240119,true,3.2160122583522792,true,3.1705822975326718,8198,1268,2.6185479229586067e-322,3,1,MIP
750,42.135117800000003,64.089023381205692,true,3.2160122583522792,true,3.1706872403030584,8225,1274,2.6185479229586067e-322,3,1,MIP
751,42.137871500000003,64.093915024359347,true,3.2160122583522792,true,3.1708428690571711,8226,1275,2.6185479229586067e-322,3,1,MIP
752,42.165582700000002,64.139115423648093,true,3.2160122583522792,true,3.1708519836953761,8231,1274,2.6185479229586067e-322,3,1,MIP
753,42.193710500000002,64.179310176866394,true,3.2160122583522792,true,3.1710310790896568,8250,1275,2.6185479229586067e-322,3,1,MIP
754,42.227736399999998,64.227513207407242,true,3.2160122583522792,true,3.1710907745133547,8268,1280,2.6185479229586067e-322,3,1,MIP
755,42.238824299999997,64.247418498074595,true,3.2160122583522792,true,3.1711554517388896,8269,1281,2.6185479229586067e-322,3,1,MIP
756,42.245226199999998,64.258150572132138,true,3.2160122583522792,true,3.1711984332261389,8270,1282,2.6185479229586067e-322,3,1,MIP
757,42.292676999999998,64.332401570889843,true,3.2160122583522792,true,3.1712721557640395,8281,1280,2.6185479229586067e-322,3,1,MIP
758,42.314456399999997,64.371422950128775,true,3.2160122583522792,true,3.1713458353385322,8286,1277,2.6185479229586067e-322,3,1,MIP
759,42.320674799999999,64.380710473831854,true,3.2160122583522792,true,3.1714019121544945,8287,1278,2.6185479229586067e-322,3,1,MIP
760,42.322671499999998,64.384219879477456,true,3.2160122583522792,true,3.1714628236927314,8288,1278,2.6185479229586067e-322,3,1,MIP
761,42.3395565,64.410507797617655,true,3.2160122583522792,true,3.171482405919761,8292,1278,2.6185479229586067e-322,3,1,MIP
762,42.354600300000001,64.431616484253539,true,3.2160122583522792,true,3.1715406516329563,8298,1279,2.6185479229586067e-322,3,1,MIP
763,42.392063299999997,64.491533124669147,true,3.2160122583522792,true,3.171607720374074,8309,1279,2.6185479229586067e-322,3,1,MIP
764,42.421589300000001,64.537635498013344,true,3.2160122583522792,true,3.1716145481093867,8320,1279,2.6185479229586067e-322,3,1,MIP
765,42.460756500000002,64.6010909819001,true,3.2160122583522792,true,3.17174831707695,8331,1279,2.6185479229586067e-322,3,1,MIP
766,42.511337900000001,64.678761249109087,true,3.2160122583522792,true,3.1717604178321537,8345,1283,2.6185479229586067e-322,3,1,MIP
767,42.531571599999999,64.708236644823231,true,3.2160122583522792,true,3.1717732594144126,8354,1281,2.6185479229586067e-322,3,1,MIP
768,42.589419999999997,64.799121862810466,true,3.2160122583522792,true,3.1718612572516065,8376,1285,2.6185479229586067e-322,3,1,MIP
769,42.5984044,64.8148268465971,true,3.2160122583522792,true,3.1718703563150159,8377,1286,2.6185479229586067e-322,3,1,MIP
770,42.633209200000003,64.866004280260441,true,3.2160122583522792,true,3.1718831494418089,8396,1295,2.6185479229586067e-322,3,1,MIP
771,42.633941900000003,64.867275722413666,true,3.2160122583522792,true,3.1718964114219563,8397,1296,2.6185479229586067e-322,3,1,MIP
772,42.6684749,64.923194964419139,true,3.2160122583522792,true,3.1719050539164142,8409,1293,2.6185479229586067e-322,3,1,MIP
773,42.687627800000001,64.95812301084662,true,3.2160122583522792,true,3.1719578246487483,8410,1292,2.6185479229586067e-322,3,1,MIP
774,42.712132500000003,64.995647837838959,true,3.2160122583522792,true,3.1719662813750702,8415,1293,2.6185479229586067e-322,3,1,MIP
775,42.747402800000003,65.052160877731112,true,3.2160122583522792,true,3.1719952716444459,8430,1297,2.6185479229586067e-322,3,1,MIP
776,42.822681500000002,65.165642942624345,true,3.2160122583522792,true,3.1720338764586646,8461,1298,2.6185479229586067e-322,3,1,MIP
777,42.850284199999997,65.206363657085973,true,3.2160122583522792,true,3.1720489531670792,8473,1295,2.6185479229586067e-322,3,1,MIP
778,42.898767300000003,65.280402578986255,true,3.2160122583522792,true,3.1722057911123334,8500,1300,2.6185479229586067e-322,3,1,MIP
779,42.903886200000002,65.287407612961672,true,3.2160122583522792,true,3.172282335199673,8501,1301,2.6185479229586067e-322,3,1,MIP
780,42.917458600000003,65.306213464516134,true,3.2160122583522792,true,3.1723335078378634,8512,1303,2.6185479229586067e-322,3,1,MIP
781,42.930461100000002,65.324984810441464,true,3.2160122583522792,true,3.1723558444040614,8521,1302,2.6185479229586067e-322,3,1,MIP
782,42.959345599999999,65.36982041938802,true,3.2160122583522792,true,3.172356037693397,8534,1305,2.6185479229586067e-322,3,1,MIP
783,42.984270799999997,65.405341532963917,true,3.2160122583522792,true,3.1724590731688265,8547,1305,2.6185479229586067e-322,3,1,MIP
784,43.0023743,65.433382371666866,true,3.2160122583522792,true,3.1725062774873978,8560,1306,2.6185479229586067e-322,3,1,MIP
785,43.0283576,65.476061263785155,true,3.2160122583522792,true,3.1725863046530596,8569,1307,2.6185479229586067e-322,3,1,MIP
786,43.072544100000002,65.540988261522585,true,3.2160122583522792,true,3.1725874551056692,8582,1307,2.6185479229586067e-322,3,1,MIP
787,43.090514499999998,65.564335848490103,true,3.2160122583522792,true,3.1726115585570893,8593,1304,2.6185479229586067e-322,3,1,MIP
788,43.131209300000002,65.628269761908825,true,3.2160122583522792,true,3.1726760109337748,8600,1305,2.6185479229586067e-322,3,1,MIP
789,43.1675933,65.689087063368305,true,3.2160122583522792,true,3.1727097400432589,8615,1305,2.6185479229586067e-322,3,1,MIP
790,43.205441,65.749255507099988,true,3.2160122583522792,true,3.1728154052696569,8627,1305,2.6185479229586067e-322,3,1,MIP
791,43.211676799999999,65.760265130630415,true,3.2160122583522792,true,3.1730139839284086,8628,1306,2.6185479229586067e-322,3,1,MIP
792,43.2275019,65.782928999381824,true,3.2160122583522792,true,3.1730401549537879,8637,1305,2.6185479229586067e-322,3,1,MIP
793,43.229250800000003,65.785830159590773,true,3.2160122583522792,true,3.1730483133194554,8638,1306,2.6185479229586067e-322,3,1,MIP
794,43.332457900000001,65.94780822859947,true,3.2160122583522792,true,3.1730483133194554,8681,1312,2.6185479229586067e-322,3,1,MIP
795,43.428764600000001,66.094531837972056,true,3.2160122583522792,true,3.1730645903768888,8739,1333,2.6185479229586067e-322,3,1,MIP
796,43.4354765,66.103667044816561,true,3.2160122583522792,true,3.1730841026169649,8747,1331,2.6185479229586067e-322,3,1,MIP
797,43.437562,66.106556870708147,true,3.2160122583522792,true,3.1731421012258929,8748,1332,2.6185479229586067e-322,3,1,MIP
798,43.437955600000002,66.107020906958326,true,3.2160122583522792,true,3.1731506103513123,8749,1333,2.6185479229586067e-322,3,1,MIP
799,43.464224100000003,66.150718382285191,true,3.2160122583522792,true,3.1731753300117997,8759,1333,2.6185479229586067e-322,3,1,MIP
800,43.571150699999997,66.275694139482397,true,3.2160122583522792,true,3.1731908906662651,8772,1331,2.6185479229586067e-322,3,1,MIP
801,43.670838199999999,66.430490453192505,true,3.2160122583522792,true,3.1731940507084384,8810,1333,2.6185479229586067e-322,3,1,MIP
802,43.700814100000002,66.478336133441516,true,3.2160122583522792,true,3.1732664967066961,8819,1335,2.6185479229586067e-322,3,1,MIP
803,43.723213899999998,66.512920974235456,true,3.2160122583522792,true,3.1732761550380104,8828,1333,2.6185479229586067e-322,3,1,MIP
804,43.736672400000003,66.538426915679011,true,3.2160122583522792,true,3.1733287062335331,8829,1332,2.6185479229586067e-322,3,1,MIP
805,43.7877656,66.614451916136076,true,3.2160122583522792,true,3.173351893980779,8848,1337,2.6185479229586067e-322,3,1,MIP
806,43.809103499999999,66.644899822439569,true,3.2160122583522792,true,3.1734189704647582,8857,1334,2.6185479229586067e-322,3,1,MIP
807,43.819436600000003,66.662593408249151,true,3.2160122583522792,true,3.1734531970730302,8858,1335,2.6185479229586067e-322,3,1,MIP
808,43.824505799999997,66.670308027650734,true,3.2160122583522792,true,3.173453324500199,8859,1336,2.6185479229586067e-322,3,1,MIP
809,43.854981600000002,66.719778678379754,true,3.2160122583522792,true,3.1734534321071246,8867,1335,2.6185479229586067e-322,3,1,MIP
810,43.879516700000003,66.759318446547979,true,3.2160122583522792,true,3.1735193167789766,8876,1332,2.6185479229586067e-322,3,1,MIP
811,43.880905300000002,66.761515200264455,true,3.2160122583522792,true,3.1735203464489867,8877,1333,2.6185479229586067e-322,3,1,MIP
812,43.893147999999997,66.778122718011375,true,3.2160122583522792,true,3.1735975906126113,8882,1330,2.6185479229586067e-322,3,1,MIP
813,43.934806999999999,66.838885765450925,true,3.2160122583522792,true,3.173598589562161,8909,1341,2.6185479229586067e-322,3,1,MIP
814,43.960847000000001,66.880118996300993,true,3.2160122583522792,true,3.1736064157244388,8921,1346,2.6185479229586067e-322,3,1,MIP
815,43.991836800000002,66.926480850292052,true,3.2160122583522792,true,3.1736880295113767,8939,1350,2.6185479229586067e-322,3,1,MIP
816,44.0134002,66.956969122936201,true,3.2160122583522792,true,3.1737383705103506,8950,1349,2.6185479229586067e-322,3,1,MIP
817,44.060706500000002,67.036685799945062,true,3.2160122583522792,true,3.1738725587393493,8957,1346,2.6185479229586067e-322,3,1,MIP
818,44.063847299999999,67.041637114391349,true,3.2160122583522792,true,3.1740728997369532,8958,1347,2.6185479229586067e-322,3,1,MIP
819,44.085842100000001,67.07276098726642,true,3.2160122583522792,true,3.1741593920770761,8970,1351,2.6185479229586067e-322,3,1,MIP
820,44.124606900000003,67.131343262216561,true,3.2160122583522792,true,3.1741829346416388,8977,1351,2.6185479229586067e-322,3,1,MIP
821,44.143173699999998,67.161920205818106,true,3.2160122583522792,true,3.1742136212546468,8985,1352,2.6185479229586067e-322,3,1,MIP
822,44.155895999999998,67.181327444280697,true,3.2160122583522792,true,3.1742238829103107,8994,1351,2.6185479229586067e-322,3,1,MIP
823,44.166798800000002,67.198707676635493,true,3.2160122583522792,true,3.1742449504846064,9003,1348,2.6185479229586067e-322,3,1,MIP
824,44.183957499999998,67.22863271362742,true,3.2160122583522792,true,3.1742640108960813,9006,1346,2.6185479229586067e-322,3,1,MIP
825,44.190634899999999,67.23949157878512,true,3.2160122583522792,true,3.1742829861885977,9008,1346,2.6185479229586067e-322,3,1,MIP
826,44.192225200000003,67.242009362663083,true,3.2160122583522792,true,3.1742895618453781,9009,1345,2.6185479229586067e-322,3,1,MIP
827,44.196093500000003,67.246233910818091,true,3.2160122583522792,true,3.1742904002429775,9012,1342,2.6185479229586067e-322,3,1,MIP
828,44.196815800000003,67.247091366465654,true,3.2160122583522792,true,3.1742948788200098,9013,1341,2.6185479229586067e-322,3,1,MIP
829,44.197599400000001,67.248121770343488,true,3.2160122583522792,true,3.1743083512139294,9014,1340,2.6185479229586067e-322,3,1,MIP
830,44.214616900000003,67.278987896126353,true,3.2160122583522792,true,3.1743423236156616,9015,1339,2.6185479229586067e-322,3,1,MIP
831,44.2207486,67.289316255467455,true,3.2160122583522792,true,3.1743551661860652,9016,1340,2.6185479229586067e-322,3,1,MIP
832,44.227580400000001,67.299271491125026,true,3.2160122583522792,true,3.1743640684283552,9017,1341,2.6185479229586067e-322,3,1,MIP
833,44.255291,67.340222899214496,true,3.2160122583522792,true,3.1743927895978614,9031,1341,2.6185479229586067e-322,3,1,MIP
834,44.267670699999996,67.360790102052761,true,3.2160122583522792,true,3.1744782068061141,9034,1342,2.6185479229586067e-322,3,1,MIP
835,44.292930300000002,67.39946078237719,true,3.2160122583522792,true,3.1744785143063519,9041,1341,2.6185479229586067e-322,3,1,MIP
836,44.312061200000002,67.430484276225002,true,3.2160122583522792,true,3.1745023430820103,9049,1341,2.6185479229586067e-322,3,1,MIP
837,44.326598199999999,67.452030715620609,true,3.2160122583522792,true,3.1745096593125606,9060,1340,2.6185479229586067e-322,3,1,MIP
838,44.331189600000002,67.459083508481754,true,3.2160122583522792,true,3.1745330892834946,9061,1339,2.6185479229586067e-322,3,1,MIP
839,44.343290000000003,67.479598354779498,true,3.2160122583522792,true,3.1745569161133709,9064,1338,2.6185479229586067e-322,3,1,MIP
840,44.3443215,67.481279955895786,true,3.2160122583522792,true,3.1746455945215151,9065,1339,2.6185479229586067e-322,3,1,MIP
841,44.355987200000001,67.496806633077412,true,3.2160122583522792,true,3.1746893848012023,9071,1336,2.6185479229586067e-322,3,1,MIP
842,44.362406100000001,67.506427624520441,true,3.2160122583522792,true,3.1747174818681629,9074,1333,2.6185479229586067e-322,3,1,MIP
843,44.366045900000003,67.511745518416134,true,3.2160122583522792,true,3.1747546482226019,9075,1332,2.6185479229586067e-322,3,1,MIP
844,44.366894899999998,67.512986424304515,true,3.2160122583522792,true,3.1748276282219381,9076,1331,2.6185479229586067e-322,3,1,MIP
845,44.391388200000002,67.557170363970698,true,3.2160122583522792,true,3.1748702831097551,9077,1330,2.6185479229586067e-322,3,1,MIP
846,44.396490300000004,67.564220213694057,true,3.2160122583522792,true,3.1748786764482801,9078,1331,2.6185479229586067e-322,3,1,MIP
847,44.4040246,67.576028008292099,true,3.2160122583522792,true,3.1749133904601106,9079,1332,2.6185479229586067e-322,3,1,MIP
848,44.448767799999999,67.648258694684841,true,3.2160122583522792,true,3.1749303555435744,9091,1332,2.6185479229586067e-322,3,1,MIP
849,44.485352399999996,67.707878932707914,true,3.2160122583522792,true,3.1750134715347578,9101,1329,2.6185479229586067e-322,3,1,MIP
850,44.488068300000002,67.712324849245277,true,3.2160122583522792,true,3.1751967354747128,9102,1330,2.6185479229586067e-322,3,1,MIP
851,44.525424000000001,67.76467072595814,true,3.2160122583522792,true,3.175209921043177,9122,1330,2.6185479229586067e-322,3,1,MIP
852,44.5416357,67.786713940084397,true,3.2160122583522792,true,3.1752145701310477,9131,1331,2.6185479229586067e-322,3,1,MIP
853,44.557724700000001,67.813432525718071,true,3.2160122583522792,true,3.1752255792118311,9138,1328,2.6185479229586067e-322,3,1,MIP
854,44.557746899999998,67.813454203718067,true,3.2160122583522792,true,3.175258994593317,9139,1327,2.6185479229586067e-322,3,1,MIP
855,44.603123600000004,67.872651822441711,true,3.2160122583522792,true,3.1752631992413325,9141,1328,2.6185479229586067e-322,3,1,MIP
856,44.622550799999999,67.902461267567674,true,3.2160122583522792,true,3.1752669810229257,9147,1328,2.6185479229586067e-322,3,1,MIP
857,44.657530100000002,67.956747946569052,true,3.2160122583522792,true,3.1752699829647768,9162,1332,2.6185479229586067e-322,3,1,MIP
858,44.694209600000001,68.013814908651526,true,3.2160122583522792,true,3.1756117117568641,9176,1333,2.6185479229586067e-322,3,1,MIP
859,44.707155999999998,68.03434567925963,true,3.2160122583522792,true,3.1756358020638573,9183,1333,2.6185479229586067e-322,3,1,MIP
860,44.793560300000003,68.196919598992324,true,3.2160122583522792,true,3.175643953945904,9198,1334,2.6185479229586067e-322,3,1,MIP
861,44.814671799999999,68.230272564325816,true,3.2160122583522792,true,3.1756537720260236,9203,1333,2.6185479229586067e-322,3,1,MIP
862,44.829844700000002,68.251314944608723,true,3.2160122583522792,true,3.1757752716586567,9217,1333,2.6185479229586067e-322,3,1,MIP
863,44.8505398,68.285598471736279,true,3.2160122583522792,true,3.1757964767371756,9220,1334,2.6185479229586067e-322,3,1,MIP
864,44.867528299999996,68.311988513013461,true,3.2160122583522792,true,3.1758065011804506,9229,1331,2.6185479229586067e-322,3,1,MIP
865,44.888713699999997,68.34682170730747,true,3.2160122583522792,true,3.1758386863563537,9232,1330,2.6185479229586067e-322,3,1,MIP
866,44.889679000000001,68.347964993185656,true,3.2160122583522792,true,3.1758389026646316,9233,1331,2.6185479229586067e-322,3,1,MIP
867,44.915050899999997,68.38647418290499,true,3.2160122583522792,true,3.1758418577364873,9243,1330,2.6185479229586067e-322,3,1,MIP
868,45.097911400000001,68.583915840578555,true,3.2160122583522792,true,3.1758418577364873,9250,1331,2.6185479229586067e-322,3,1,MIP
869,45.198451900000002,68.73600442468873,true,3.2160122583522792,true,3.1758418577364873,9293,1342,2.6185479229586067e-322,3,1,MIP
870,45.247998299999999,68.816808794764782,true,3.2160122583522792,true,3.1759763101690113,9317,1352,2.6185479229586067e-322,3,1,MIP
871,45.274197800000003,68.857010840745133,true,3.2160122583522792,true,3.1759786841381814,9324,1353,2.6185479229586067e-322,3,1,MIP
872,45.292426200000001,68.883588205008564,true,3.2160122583522792,true,3.1760246882083054,9335,1352,2.6185479229586067e-322,3,1,MIP
873,45.345677199999997,68.970587201064859,true,3.2160122583522792,true,3.1760306331116994,9364,1362,2.6185479229586067e-322,3,1,MIP
874,45.404534099999999,69.065242410563826,true,3.2160122583522792,true,3.176031784168087,9374,1364,2.6185479229586067e-322,3,1,MIP
875,45.421169499999998,69.09197727816526,true,3.2160122583522792,true,3.1760317865755008,9381,1359,2.6185479229586067e-322,3,1,MIP
876,45.4296845,69.105991605427761,true,3.2160122583522792,true,3.1760739866892487,9382,1360,2.6185479229586067e-322,3,1,MIP
877,45.434215600000002,69.11300938487102,true,3.2160122583522792,true,3.1760856372943786,9383,1361,2.6185479229586067e-322,3,1,MIP
878,45.479154700000002,69.19392523407457,true,3.2160122583522792,true,3.1761225937671078,9392,1362,2.6185479229586067e-322,3,1,MIP
879,45.5077626,69.240929985834299,true,3.2160122583522792,true,3.1761750045258323,9400,1360,2.6185479229586067e-322,3,1,MIP
880,45.510591499999997,69.246321722189819,true,3.2160122583522792,true,3.1761752780427202,9401,1361,2.6185479229586067e-322,3,1,MIP
881,45.534406199999999,69.284203658024126,true,3.2160122583522792,true,3.1761814456234516,9411,1361,2.6185479229586067e-322,3,1,MIP
882,45.534797599999997,69.284652722143662,true,3.2160122583522792,true,3.1762666466386524,9412,1362,2.6185479229586067e-322,3,1,MIP
883,45.559439699999999,69.323961771433829,true,3.2160122583522792,true,3.1763373178250753,9420,1361,2.6185479229586067e-322,3,1,MIP
884,45.5670413,69.335473833958133,true,3.2160122583522792,true,3.1763445467415332,9425,1357,2.6185479229586067e-322,3,1,MIP
885,45.571887699999998,69.343353425737277,true,3.2160122583522792,true,3.1763964700839087,9427,1357,2.6185479229586067e-322,3,1,MIP
886,45.5900307,69.372397601782382,true,3.2160122583522792,true,3.1764003962074594,9436,1358,2.6185479229586067e-322,3,1,MIP
887,45.604073,69.39383462108934,true,3.2160122583522792,true,3.1764014201252619,9448,1358,2.6185479229586067e-322,3,1,MIP
888,45.664786200000002,69.493775101282054,true,3.2160122583522792,true,3.1764142889972846,9458,1356,2.6185479229586067e-322,3,1,MIP
889,45.687994099999997,69.535156842557001,true,3.2160122583522792,true,3.1764269383614359,9461,1355,2.6185479229586067e-322,3,1,MIP
890,45.688292699999998,69.535612352537868,true,3.2160122583522792,true,3.1764342301682507,9462,1354,2.6185479229586067e-322,3,1,MIP
891,45.696803500000001,69.548895888739068,true,3.2160122583522792,true,3.1764836466314539,9465,1354,2.6185479229586067e-322,3,1,MIP
892,45.701988800000002,69.557080885341833,true,3.2160122583522792,true,3.1765718950072555,9470,1352,2.6185479229586067e-322,3,1,MIP
893,45.718442799999998,69.585441298293219,true,3.2160122583522792,true,3.1766214431451774,9473,1353,2.6185479229586067e-322,3,1,MIP
894,45.742058499999999,69.621827537877991,true,3.2160122583522792,true,3.1767514344731822,9480,1349,2.6185479229586067e-322,3,1,MIP
895,45.755405500000002,69.645615215753097,true,3.2160122583522792,true,3.1767988411683237,9481,1350,2.6185479229586067e-322,3,1,MIP
896,45.760068500000003,69.653894457650011,true,3.2160122583522792,true,3.1768231719622606,9482,1351,2.6185479229586067e-322,3,1,MIP
897,45.788226100000003,69.697509038857234,true,3.2160122583522792,true,3.1768334795297424,9492,1348,2.6185479229586067e-322,3,1,MIP
898,45.790802999999997,69.70199996002367,true,3.2160122583522792,true,3.1769060036458132,9493,1349,2.6185479229586067e-322,3,1,MIP
899,45.826659800000002,69.76286316388655,true,3.2160122583522792,true,3.1769912463521712,9509,1349,2.6185479229586067e-322,3,1,MIP
900,45.850893800000001,69.798029162050369,true,3.2160122583522792,true,3.1770360391358703,9523,1345,2.6185479229586067e-322,3,1,MIP
901,45.854371200000003,69.803991159628538,true,3.2160122583522792,true,3.1770578004570202,9524,1344,2.6185479229586067e-322,3,1,MIP
902,45.869962399999999,69.830659095409843,true,3.2160122583522792,true,3.1770876303761226,9525,1345,2.6185479229586067e-322,3,1,MIP
903,45.871218499999998,69.832481452171322,true,3.2160122583522792,true,3.1771008971416199,9526,1346,2.6185479229586067e-322,3,1,MIP
904,45.886137099999999,69.855349982135081,true,3.2160122583522792,true,3.1771010571586458,9536,1344,2.6185479229586067e-322,3,1,MIP
905,45.894554300000003,69.870613457710903,true,3.2160122583522792,true,3.177185282147899,9537,1345,2.6185479229586067e-322,3,1,MIP
906,45.950501000000003,69.965015321039843,true,3.2160122583522792,true,3.1772029366829879,9554,1344,2.6185479229586067e-322,3,1,MIP
907,45.9889546,70.022154938211628,true,3.2160122583522792,true,3.1772894581876718,9579,1355,2.6185479229586067e-322,3,1,MIP
908,45.993325800000001,70.030810652433672,true,3.2160122583522792,true,3.1773590648498833,9580,1356,2.6185479229586067e-322,3,1,MIP
909,46.0100579,70.057798482265142,true,3.2160122583522792,true,3.1773890186931331,9586,1354,2.6185479229586067e-322,3,1,MIP
910,46.016269899999998,70.067779953322358,true,3.2160122583522792,true,3.1774120010150031,9589,1355,2.6185479229586067e-322,3,1,MIP
911,46.035485199999997,70.097847782514364,true,3.2160122583522792,true,3.1774399485357163,9597,1356,2.6185479229586067e-322,3,1,MIP
912,46.056344199999998,70.128330820014753,true,3.2160122583522792,true,3.1774424034686839,9606,1353,2.6185479229586067e-322,3,1,MIP
913,46.109845,70.208945869170648,true,3.2160122583522792,true,3.1774640932284539,9628,1353,2.6185479229586067e-322,3,1,MIP
914,46.130034799999997,70.240062014272596,true,3.2160122583522792,true,3.177493570487957,9638,1352,2.6185479229586067e-322,3,1,MIP
915,46.183966300000002,70.317048419720535,true,3.2160122583522792,true,3.177505866264339,9656,1353,2.6185479229586067e-322,3,1,MIP
916,46.206160199999999,70.345382842308751,true,3.2160122583522792,true,3.1775076647423468,9671,1355,2.6185479229586067e-322,3,1,MIP
917,46.231165099999998,70.383052416345052,true,3.2160122583522792,true,3.1775243416237942,9684,1357,2.6185479229586067e-322,3,1,MIP
918,46.300411799999999,70.491683284230717,true,3.2160122583522792,true,3.1775610686018738,9715,1360,2.6185479229586067e-322,3,1,MIP
919,46.318266800000004,70.519913237111041,true,3.2160122583522792,true,3.1776486835390978,9725,1363,2.6185479229586067e-322,3,1,MIP
920,46.356225000000002,70.580570327271573,true,3.2160122583522792,true,3.1777065127103903,9735,1360,2.6185479229586067e-322,3,1,MIP
921,46.382168999999998,70.62098880896383,true,3.2160122583522792,true,3.1777748580124507,9747,1362,2.6185479229586067e-322,3,1,MIP
922,46.411060599999999,70.66495567325768,true,3.2160122583522792,true,3.1777999390202947,9756,1361,2.6185479229586067e-322,3,1,MIP
923,46.425788599999997,70.691073376827902,true,3.2160122583522792,true,3.1778020031493517,9759,1362,2.6185479229586067e-322,3,1,MIP
924,46.441235300000002,70.715827509210683,true,3.2160122583522792,true,3.177829670723896,9766,1359,2.6185479229586067e-322,3,1,MIP
925,46.444570499999998,70.721668941020667,true,3.2160122583522792,true,3.1778956581993381,9767,1360,2.6185479229586067e-322,3,1,MIP
926,46.509611399999997,70.823807067850694,true,3.2160122583522792,true,3.1779346597539737,9786,1363,2.6185479229586067e-322,3,1,MIP
927,46.540361300000001,70.872352168382633,true,3.2160122583522792,true,3.1779467290077079,9803,1366,2.6185479229586067e-322,3,1,MIP
928,46.555585100000002,70.895776693188154,true,3.2160122583522792,true,3.1779546118066793,9812,1364,2.6185479229586067e-322,3,1,MIP
929,46.557560100000003,70.899158860083546,true,3.2160122583522792,true,3.177963366065101,9813,1363,2.6185479229586067e-322,3,1,MIP
930,46.563645299999997,70.908974613867159,true,3.2160122583522792,true,3.1779747673217336,9814,1364,2.6185479229586067e-322,3,1,MIP
931,46.565666700000001,70.912720280940889,true,3.2160122583522792,true,3.178004103241773,9815,1365,2.6185479229586067e-322,3,1,MIP
932,46.587087599999997,70.948593957951303,true,3.2160122583522792,true,3.1780106094963583,9823,1365,2.6185479229586067e-322,3,1,MIP
933,46.609008299999999,70.981813607038802,true,3.2160122583522792,true,3.1780237348369775,9843,1378,2.6185479229586067e-322,3,1,MIP
934,46.633037399999999,71.021422073521677,true,3.2160122583522792,true,3.178028861897749,9855,1379,2.6185479229586067e-322,3,1,MIP
935,46.639295300000001,71.030939001118767,true,3.2160122583522792,true,3.1780660464527752,9857,1380,2.6185479229586067e-322,3,1,MIP
936,46.653790000000001,71.053279551425803,true,3.2160122583522792,true,3.1780702820902884,9867,1379,2.6185479229586067e-322,3,1,MIP
937,46.668186300000002,71.078657230378496,true,3.2160122583522792,true,3.1780767519839155,9869,1381,2.6185479229586067e-322,3,1,MIP
938,46.685347299999997,71.108291089984078,true,3.2160122583522792,true,3.1781561632836048,9874,1378,2.6185479229586067e-322,3,1,MIP
939,46.688856899999998,71.11539192227464,true,3.2160122583522792,true,3.1781601893710052,9875,1377,2.6185479229586067e-322,3,1,MIP
940,46.780890100000001,71.262342389422415,true,3.2160122583522792,true,3.1781726349579777,9892,1380,2.6185479229586067e-322,3,1,MIP
941,46.795631399999998,71.284621568037835,true,3.2160122583522792,true,3.1782438987695114,9900,1380,2.6185479229586067e-322,3,1,MIP
942,46.838028899999998,71.349732724521161,true,3.2160122583522792,true,3.1782585710056486,9927,1384,2.6185479229586067e-322,3,1,MIP
943,46.864434600000003,71.394720614040281,true,3.2160122583522792,true,3.1782652511808647,9930,1383,2.6185479229586067e-322,3,1,MIP
944,46.864655300000003,71.395117368407938,true,3.2160122583522792,true,3.1782678684479979,9931,1382,2.6185479229586067e-322,3,1,MIP
945,46.873717499999998,71.408573597768623,true,3.2160122583522792,true,3.1782740731475476,9934,1383,2.6185479229586067e-322,3,1,MIP
946,46.899411100000002,71.44971072905939,true,3.2160122583522792,true,3.178274721000955,9952,1387,2.6185479229586067e-322,3,1,MIP
947,46.935245199999997,71.50914453046056,true,3.2160122583522792,true,3.1782759961360521,9964,1392,2.6185479229586067e-322,3,1,MIP
948,46.951812799999999,71.532584681887471,true,3.2160122583522792,true,3.1783687063958155,9977,1393,2.6185479229586067e-322,3,1,MIP
949,46.958615600000002,71.543902424547696,true,3.2160122583522792,true,3.1784740090792889,9980,1394,2.6185479229586067e-322,3,1,MIP
950,46.990910100000001,71.594195339584687,true,3.2160122583522792,true,3.1784895601612035,9989,1391,2.6185479229586067e-322,3,1,MIP
951,46.999417000000001,71.606459280783056,true,3.2160122583522792,true,3.1784921154694104,9990,1392,2.6185479229586067e-322,3,1,MIP
952,47.047040799999998,71.682219912226913,true,3.2160122583522792,true,3.1785159808689798,10004,1392,2.6185479229586067e-322,3,1,MIP
953,47.051382599999997,71.689846255261486,true,3.2160122583522792,true,3.1785634500894666,10005,1392,2.6185479229586067e-322,3,1,MIP
954,47.090679100000003,71.752653663868017,true,3.2160122583522792,true,3.1785747887883415,10015,1394,2.6185479229586067e-322,3,1,MIP
955,47.119681499999999,71.799541645509038,true,3.2160122583522792,true,3.1785817946009374,10024,1393,2.6185479229586067e-322,3,1,MIP
956,47.194189600000001,71.918503107799282,true,3.2160122583522792,true,3.1786421452650639,10041,1395,2.6185479229586067e-322,3,1,MIP
957,47.223562100000002,71.969275419497052,true,3.2160122583522792,true,3.1786479837893733,10055,1397,2.6185479229586067e-322,3,1,MIP
958,47.2283708,71.977230463824071,true,3.2160122583522792,true,3.1786593450849692,10056,1396,2.6185479229586067e-322,3,1,MIP
959,47.248005599999999,72.010073571053809,true,3.2160122583522792,true,3.1786821614587781,10060,1395,2.6185479229586067e-322,3,1,MIP
960,47.251541500000002,72.015426088129928,true,3.2160122583522792,true,3.1786935795238422,10061,1396,2.6185479229586067e-322,3,1,MIP
961,47.2852417,72.065464341255421,true,3.2160122583522792,true,3.1787077253517402,10076,1396,2.6185479229586067e-322,3,1,MIP
962,47.296988800000001,72.083920595551646,true,3.2160122583522792,true,3.1787164282441482,10077,1397,2.6185479229586067e-322,3,1,MIP
963,47.309311600000001,72.101041318407965,true,3.2160122583522792,true,3.1787397910827053,10086,1398,2.6185479229586067e-322,3,1,MIP
964,47.328946299999998,72.127053172087642,true,3.2160122583522792,true,3.1787453295807815,10103,1399,2.6185479229586067e-322,3,1,MIP
965,47.333202,72.133722257584083,true,3.2160122583522792,true,3.1788712460156385,10104,1400,2.6185479229586067e-322,3,1,MIP
966,47.348519799999998,72.156688078180991,true,3.2160122583522792,true,3.1789002705076301,10113,1399,2.6185479229586067e-322,3,1,MIP
967,47.367767999999998,72.18883241219109,true,3.2160122583522792,true,3.1789662173549198,10118,1395,2.6185479229586067e-322,3,1,MIP
968,47.383771799999998,72.213349962995935,true,3.2160122583522792,true,3.1790643906930716,10120,1395,2.6185479229586067e-322,3,1,MIP
969,47.431726500000003,72.287867659128551,true,3.2160122583522792,true,3.1791201337548385,10142,1403,2.6185479229586067e-322,3,1,MIP
970,47.448239800000003,72.31252835378865,true,3.2160122583522792,true,3.1791812469709511,10151,1400,2.6185479229586067e-322,3,1,MIP
971,47.459615900000003,72.331854807134846,true,3.2160122583522792,true,3.1792772865447954,10154,1397,2.6185479229586067e-322,3,1,MIP
972,47.462564200000003,72.335912468170093,true,3.2160122583522792,true,3.1792847614823194,10155,1398,2.6185479229586067e-322,3,1,MIP
973,47.467209699999998,72.343574426550092,true,3.2160122583522792,true,3.1792942276737826,10156,1399,2.6185479229586067e-322,3,1,MIP
974,47.484270000000002,72.3704230407387,true,3.2160122583522792,true,3.1793024334456303,10165,1401,2.6185479229586067e-322,3,1,MIP
975,47.516621100000002,72.422902900742386,true,3.2160122583522792,true,3.1794177791433738,10176,1397,2.6185479229586067e-322,3,1,MIP
976,47.520578999999998,72.427941465816971,true,3.2160122583522792,true,3.1794991288934953,10177,1398,2.6185479229586067e-322,3,1,MIP
977,47.524484999999999,72.433453163342193,true,3.2160122583522792,true,3.1795354565090572,10178,1399,2.6185479229586067e-322,3,1,MIP
978,55.124372600000001,86.081495438315415,true,3.2160122583522792,true,3.1795495573846408,10202,1406,2.6185479229586067e-322,3,1,MIP
979,55.151943899999999,86.125335349490115,true,3.2160122583522792,true,3.1796114971734992,10213,1405,2.6185479229586067e-322,3,1,MIP
980,55.156002299999997,86.132837643504203,true,3.2160122583522792,true,3.1796592657496374,10214,1405,2.6185479229586067e-322,3,1,MIP
981,55.177432099999997,86.169925311543423,true,3.2160122583522792,true,3.1796962016775647,10220,1402,2.6185479229586067e-322,3,1,MIP
982,55.188482299999997,86.185408875335781,true,3.2160122583522792,true,3.1797043698806449,10222,1402,2.6185479229586067e-322,3,1,MIP
983,55.231253299999999,86.257576805206966,true,3.2160122583522792,true,3.1798012795248169,10234,1401,2.6185479229586067e-322,3,1,MIP
984,55.235240599999997,86.262584388211508,true,3.2160122583522792,true,3.1798022133696731,10235,1402,2.6185479229586067e-322,3,1,MIP
985,55.238093200000002,86.26781900736583,true,3.2160122583522792,true,3.1798634174274789,10236,1403,2.6185479229586067e-322,3,1,MIP
986,55.253327300000002,86.29106815700662,true,3.2160122583522792,true,3.179875898542444,10247,1402,2.6185479229586067e-322,3,1,MIP
987,55.261154400000002,86.303096126466727,true,3.2160122583522792,true,3.179904981916069,10248,1401,2.6185479229586067e-322,3,1,MIP
988,55.264150700000002,86.307785079664285,true,3.2160122583522792,true,3.1799470008414059,10249,1402,2.6185479229586067e-322,3,1,MIP
989,55.270786700000002,86.316708643440023,true,3.2160122583522792,true,3.1799597943375062,10253,1398,2.6185479229586067e-322,3,1,MIP
990,55.275980599999997,86.325013159097026,true,3.2160122583522792,true,3.1799642515882005,10254,1399,2.6185479229586067e-322,3,1,MIP
991,55.277748299999999,86.327646123902625,true,3.2160122583522792,true,3.1799992943040882,10255,1400,2.6185479229586067e-322,3,1,MIP
992,55.297811899999999,86.358249782257616,true,3.2160122583522792,true,3.1800173172227573,10262,1397,2.6185479229586067e-322,3,1,MIP
993,55.324731,86.401511907989331,true,3.2160122583522792,true,3.1800373624163027,10267,1398,2.6185479229586067e-322,3,1,MIP
994,55.336282500000003,86.418617122256862,true,3.2160122583522792,true,3.1801591804374891,10276,1395,2.6185479229586067e-322,3,1,MIP
995,55.337124600000003,86.419939713748974,true,3.2160122583522792,true,3.1802069260118353,10277,1396,2.6185479229586067e-322,3,1,MIP
996,55.352076199999999,86.441709466004667,true,3.2160122583522792,true,3.1802142800719135,10284,1395,2.6185479229586067e-322,3,1,MIP
997,55.398764100000001,86.51809914251524,true,3.2160122583522792,true,3.1802987369807134,10298,1392,2.6185479229586067e-322,3,1,MIP
998,55.3990923,86.518462391507128,true,3.2160122583522792,true,3.1802992954684308,10299,1393,2.6185479229586067e-322,3,1,MIP
999,55.439477400000001,86.592496307554669,true,3.2160122583522792,true,3.1803129654810411,10308,1390,2.6185479229586067e-322,3,1,MIP
1000,55.447681000000003,86.605634858373804,true,3.2160122583522792,true,3.180337434335756,10311,1390,2.6185479229586067e-322,3,1,MIP
1001,55.463283099999998,86.629779719834758,true,3.2160122583522792,true,3.180346114129629,10318,1391,2.6185479229586067e-322,3,1,MIP
1002,55.477047200000001,86.651115551598679,true,3.2160122583522792,true,3.1803520824671834,10323,1386,2.6185479229586067e-322,3,1,MIP
1003,55.479404600000002,86.654732330085011,true,3.2160122583522792,true,3.1803756792736424,10324,1385,2.6185479229586067e-322,3,1,MIP
1004,55.484239299999999,86.663332068121363,true,3.2160122583522792,true,3.1803874696887169,10325,1386,2.6185479229586067e-322,3,1,MIP
1005,55.503903800000003,86.694768775128651,true,3.2160122583522792,true,3.1804450260216335,10326,1387,2.6185479229586067e-322,3,1,MIP
1006,55.527497599999997,86.735381612028277,true,3.2160122583522792,true,3.1804583540107898,10331,1384,2.6185479229586067e-322,3,1,MIP
1007,55.537274500000002,86.751399594462882,true,3.2160122583522792,true,3.1804706247540175,10334,1385,2.6185479229586067e-322,3,1,MIP
1008,55.563261500000003,86.794313288949212,true,3.2160122583522792,true,3.1804939815959963,10340,1382,2.6185479229586067e-322,3,1,MIP
1009,55.570053199999997,86.806897573219587,true,3.2160122583522792,true,3.1805075708293389,10341,1383,2.6185479229586067e-322,3,1,MIP
1010,55.6442075,86.912295851729141,true,3.2160122583522792,true,3.1805208671449754,10348,1383,2.6185479229586067e-322,3,1,MIP
1011,55.674953000000002,86.960224495300139,true,3.2160122583522792,true,3.1806213322212189,10361,1389,2.6185479229586067e-322,3,1,MIP
1012,55.703612499999998,87.005254350259975,true,3.2160122583522792,true,3.1806221846269587,10378,1388,2.6185479229586067e-322,3,1,MIP
1013,55.725989900000002,87.039129296892369,true,3.2160122583522792,true,3.1806222140961093,10390,1392,2.6185479229586067e-322,3,1,MIP
1014,55.749541499999999,87.074591254761444,true,3.2160122583522792,true,3.1806241681372587,10407,1395,2.6185479229586067e-322,3,1,MIP
1015,55.811396199999997,87.171458780196701,true,3.2160122583522792,true,3.18062543184082,10435,1401,2.6185479229586067e-322,3,1,MIP
1016,55.826040800000001,87.195950959890808,true,3.2160122583522792,true,3.1806273582821989,10438,1400,2.6185479229586067e-322,3,1,MIP
1017,55.851132900000003,87.238799046452684,true,3.2160122583522792,true,3.1806482820554276,10455,1402,2.6185479229586067e-322,3,1,MIP
1018,55.9240566,87.352261940028669,true,3.2160122583522792,true,3.1806913183886381,10467,1404,2.6185479229586067e-322,3,1,MIP
1019,55.982868500000002,87.447349110598509,true,3.2160122583522792,true,3.1807014598654071,10488,1409,2.6185479229586067e-322,3,1,MIP
1020,55.983100299999997,87.447668100607004,true,3.2160122583522792,true,3.1807226592584761,10489,1408,2.6185479229586067e-322,3,1,MIP
1021,56.008301600000003,87.491640244405389,true,3.2160122583522792,true,3.1807383718926658,10492,1409,2.6185479229586067e-322,3,1,MIP
1022,56.035300399999997,87.534922397791874,true,3.2160122583522792,true,3.1807463614639842,10502,1410,2.6185479229586067e-322,3,1,MIP
1023,56.057741,87.572076731320422,true,3.2160122583522792,true,3.1808030867880852,10511,1409,2.6185479229586067e-322,3,1,MIP
1024,56.059060199999998,87.57422321077577,true,3.2160122583522792,true,3.1808070663791099,10512,1410,2.6185479229586067e-322,3,1,MIP
1025,56.1083316,87.655866654030234,true,3.2160122583522792,true,3.1808916239709233,10521,1409,2.6185479229586067e-322,3,1,MIP
1026,56.154866900000002,87.734427075905046,true,3.2160122583522792,true,3.1809868927143246,10537,1407,2.6185479229586067e-322,3,1,MIP
1027,56.161363100000003,87.746734473833115,true,3.2160122583522792,true,3.1809939858455367,10538,1408,2.6185479229586067e-322,3,1,MIP
1028,56.211028200000001,87.829823033852449,true,3.2160122583522792,true,3.1810072176276392,10545,1404,2.6185479229586067e-322,3,1,MIP
1029,56.214570999999999,87.834192397230836,true,3.2160122583522792,true,3.181022440978829,10546,1405,2.6185479229586067e-322,3,1,MIP
1030,56.2156612,87.835476454122244,true,3.2160122583522792,true,3.1810265836128053,10547,1406,2.6185479229586067e-322,3,1,MIP
1031,56.233795800000003,87.862375064875849,true,3.2160122583522792,true,3.1810538409218845,10565,1411,2.6185479229586067e-322,3,1,MIP
1032,56.279856600000002,87.928375498031087,true,3.2160122583522792,true,3.1810547063411514,10581,1414,2.6185479229586067e-322,3,1,MIP
1033,56.300859500000001,87.961550107076562,true,3.2160122583522792,true,3.1810751189299831,10598,1419,2.6185479229586067e-322,3,1,MIP
1034,56.316189000000001,87.984244617583983,true,3.2160122583522792,true,3.1810837811518065,10607,1420,2.6185479229586067e-322,3,1,MIP
1035,56.366293599999999,88.059652326494202,true,3.2160122583522792,true,3.1811387168246741,10643,1415,2.6185479229586067e-322,3,1,MIP
1036,56.370664699999999,88.067340703741991,true,3.2160122583522792,true,3.1811566886961966,10644,1416,2.6185479229586067e-322,3,1,MIP
1037,56.372674099999998,88.070432639800543,true,3.2160122583522792,true,3.1811636514187889,10645,1417,2.6185479229586067e-322,3,1,MIP
1038,56.393453399999999,88.102577098114551,true,3.2160122583522792,true,3.1811732285034742,10655,1415,2.6185479229586067e-322,3,1,MIP
1039,56.398531599999998,88.110822221673047,true,3.2160122583522792,true,3.1812063052803543,10656,1416,2.6185479229586067e-322,3,1,MIP
1040,56.428877999999997,88.160645274242327,true,3.2160122583522792,true,3.1812262638117792,10667,1419,2.6185479229586067e-322,3,1,MIP
1041,56.4496027,88.193388997791686,true,3.2160122583522792,true,3.1812306035022186,10676,1416,2.6185479229586067e-322,3,1,MIP
1042,56.4619061,88.215145797972212,true,3.2160122583522792,true,3.1812471087072862,10681,1415,2.6185479229586067e-322,3,1,MIP
1043,56.466046400000003,88.2217988753398,true,3.2160122583522792,true,3.1812571028340937,10684,1414,2.6185479229586067e-322,3,1,MIP
1044,56.468239099999998,88.225583299676103,true,3.2160122583522792,true,3.1812701059149808,10685,1415,2.6185479229586067e-322,3,1,MIP
1045,56.505158899999998,88.291036385127867,true,3.2160122583522792,true,3.1812777627610624,10690,1411,2.6185479229586067e-322,3,1,MIP
1046,56.509402299999998,88.298784452623565,true,3.2160122583522792,true,3.1812950487348783,10691,1410,2.6185479229586067e-322,3,1,MIP
1047,56.514490600000002,88.306720818949557,true,3.2160122583522792,true,3.1813233084992465,10693,1412,2.6185479229586067e-322,3,1,MIP
1048,56.537504300000002,88.343699608975925,true,3.2160122583522792,true,3.181353883296659,10707,1411,2.6185479229586067e-322,3,1,MIP
1049,56.565156899999998,88.385539198169951,true,3.2160122583522792,true,3.1813709996332427,10721,1412,2.6185479229586067e-322,3,1,MIP
1050,56.581452300000002,88.410139932500172,true,3.2160122583522792,true,3.1814043992850096,10741,1411,2.6185479229586067e-322,3,1,MIP
1051,56.582723100000003,88.412115131229186,true,3.2160122583522792,true,3.1814286738876465,10742,1410,2.6185479229586067e-322,3,1,MIP
1052,56.588154500000002,88.421766893344525,true,3.2160122583522792,true,3.1814761820057029,10743,1411,2.6185479229586067e-322,3,1,MIP
1053,56.594044500000003,88.431498150615823,true,3.2160122583522792,true,3.1815548490600669,10744,1412,2.6185479229586067e-322,3,1,MIP
1054,56.625139900000001,88.477973914203886,true,3.2160122583522792,true,3.1815759982551723,10769,1413,2.6185479229586067e-322,3,1,MIP
1055,56.6530311,88.5230770431438,true,3.2160122583522792,true,3.1816004776041407,10780,1414,2.6185479229586067e-322,3,1,MIP
1056,56.670488599999999,88.551050874689068,true,3.2160122583522792,true,3.1816312445709909,10791,1413,2.6185479229586067e-322,3,1,MIP
1057,56.673237399999998,88.55584004583902,true,3.2160122583522792,true,3.1816458993038763,10792,1414,2.6185479229586067e-322,3,1,MIP
1058,56.737191099999997,88.658072585663916,true,3.2160122583522792,true,3.1816796176127866,10832,1413,2.6185479229586067e-322,3,1,MIP
1059,56.754054400000001,88.685866855991605,true,3.2160122583522792,true,3.181701905207353,10835,1412,2.6185479229586067e-322,3,1,MIP
1060,56.766889399999997,88.707716182936878,true,3.2160122583522792,true,3.1817100520937438,10838,1413,2.6185479229586067e-322,3,1,MIP
1061,56.880571600000003,88.900813736719954,true,3.2160122583522792,true,3.1817100520937438,10864,1415,2.6185479229586067e-322,3,1,MIP
1062,56.8861749,88.908173424392018,true,3.2160122583522792,true,3.1817101744237322,10865,1414,2.6185479229586067e-322,3,1,MIP
1063,56.944193599999998,88.995828639655286,true,3.2160122583522792,true,3.1817279197459287,10878,1417,2.6185479229586067e-322,3,1,MIP
1064,56.967942000000001,89.035017028938924,true,3.2160122583522792,true,3.181790963482821,10890,1415,2.6185479229586067e-322,3,1,MIP
1065,56.969967599999997,89.038440494136466,true,3.2160122583522792,true,3.1818278639303168,10891,1416,2.6185479229586067e-322,3,1,MIP
1066,56.977709099999998,89.050889237357268,true,3.2160122583522792,true,3.1818308499003463,10898,1413,2.6185479229586067e-322,3,1,MIP
1067,56.979629799999998,89.053345802262783,true,3.2160122583522792,true,3.1818320786677132,10899,1414,2.6185479229586067e-322,3,1,MIP
1068,57.014129599999997,89.106481679401355,true,3.2160122583522792,true,3.1818333189041308,10912,1415,2.6185479229586067e-322,3,1,MIP
1069,57.032526599999997,89.137023177147654,true,3.2160122583522792,true,3.1818500314033864,10921,1414,2.6185479229586067e-322,3,1,MIP
1070,57.041393399999997,89.152249990159845,true,3.2160122583522792,true,3.1819813527892196,10924,1413,2.6185479229586067e-322,3,1,MIP
1071,57.0941203,89.240419785559894,true,3.2160122583522792,true,3.1819821024465584,10940,1416,2.6185479229586067e-322,3,1,MIP
1072,57.142180099999997,89.324180606200969,true,3.2160122583522792,true,3.181982124585951,10950,1417,2.6185479229586067e-322,3,1,MIP
1073,57.143972499999997,89.327125129840283,true,3.2160122583522792,true,3.182068081297337,10951,1416,2.6185479229586067e-322,3,1,MIP
1074,57.179258300000001,89.390485042077259,true,3.2160122583522792,true,3.1821109950030571,10958,1417,2.6185479229586067e-322,3,1,MIP
1075,57.200165800000001,89.422383171777938,true,3.2160122583522792,true,3.1821271010886045,10965,1417,2.6185479229586067e-322,3,1,MIP
1076,57.2191264,89.449252649531132,true,3.2160122583522792,true,3.1821431737276451,10975,1418,2.6185479229586067e-322,3,1,MIP
1077,57.243001700000001,89.488822765748594,true,3.2160122583522792,true,3.1821519240661371,10984,1415,2.6185479229586067e-322,3,1,MIP
1078,57.264804699999999,89.526820267902252,true,3.2160122583522792,true,3.1821911013039572,10985,1416,2.6185479229586067e-322,3,1,MIP
1079,57.2653958,89.527614520026731,true,3.2160122583522792,true,3.1821970248521505,10986,1415,2.6185479229586067e-322,3,1,MIP
1080,57.272382100000002,89.536979668118647,true,3.2160122583522792,true,3.1822340266758955,10989,1416,2.6185479229586067e-322,3,1,MIP
1081,57.3423795,89.647032764804038,true,3.2160122583522792,true,3.1822478554217439,11014,1415,2.6185479229586067e-322,3,1,MIP
1082,57.352165900000003,89.663052911283842,true,3.2160122583522792,true,3.1822729492209363,11015,1416,2.6185479229586067e-322,3,1,MIP
1083,57.403876799999999,89.739755004616839,true,3.2160122583522792,true,3.1822852786966811,11033,1414,2.6185479229586067e-322,3,1,MIP
1084,57.414611700000002,89.759036524672197,true,3.2160122583522792,true,3.1823000206068333,11034,1415,2.6185479229586067e-322,3,1,MIP
1085,57.430317799999997,89.789563535763335,true,3.2160122583522792,true,3.1823058672458227,11035,1416,2.6185479229586067e-322,3,1,MIP
1086,57.473358400000002,89.862121515166336,true,3.2160122583522792,true,3.1823273933595981,11043,1414,2.6185479229586067e-322,3,1,MIP
1087,57.473532400000003,89.86239855605362,true,3.2160122583522792,true,3.1823839859758984,11044,1413,2.6185479229586067e-322,3,1,MIP
1088,57.487498100000003,89.885611690756505,true,3.2160122583522792,true,3.1824061441163742,11049,1414,2.6185479229586067e-322,3,1,MIP
1089,57.711873500000003,90.122857539648052,true,3.2160122583522792,true,3.182452405366444,11056,1411,2.6185479229586067e-322,3,1,MIP
1090,57.716211199999996,90.130506062455751,true,3.2160122583522792,true,3.1824568102625195,11057,1412,2.6185479229586067e-322,3,1,MIP
1091,57.728955200000001,90.151449802780803,true,3.2160122583522792,true,3.1824585393337381,11064,1407,2.6185479229586067e-322,3,1,MIP
1092,57.733394500000003,90.158674592807898,true,3.2160122583522792,true,3.1824659938646414,11065,1408,2.6185479229586067e-322,3,1,MIP
1093,57.734220499999999,90.159978448586429,true,3.2160122583522792,true,3.1824719712596847,11066,1409,2.6185479229586067e-322,3,1,MIP
1094,57.740860499999997,90.168988150072479,true,3.2160122583522792,true,3.1824784770305152,11072,1406,2.6185479229586067e-322,3,1,MIP
1095,57.743218400000003,90.173028805697101,true,3.2160122583522792,true,3.1824952300772149,11073,1407,2.6185479229586067e-322,3,1,MIP
1096,57.782372000000002,90.237010193887457,true,3.2160122583522792,true,3.1825467998452597,11082,1404,2.6185479229586067e-322,3,1,MIP
1097,57.798817900000003,90.264992648312656,true,3.2160122583522792,true,3.1826121155041194,11085,1403,2.6185479229586067e-322,3,1,MIP
1098,57.832843199999999,90.325003433065959,true,3.2160122583522792,true,3.182645544352487,11088,1400,2.6185479229586067e-322,3,1,MIP
1099,57.833771800000001,90.326295971231843,true,3.2160122583522792,true,3.182649905998618,11089,1399,2.6185479229586067e-322,3,1,MIP
1100,57.841602199999997,90.338974945901768,true,3.2160122583522792,true,3.1826806428171119,11090,1400,2.6185479229586067e-322,3,1,MIP
1101,57.849626200000003,90.351678358136411,true,3.2160122583522792,true,3.1827151476157498,11091,1401,2.6185479229586067e-322,3,1,MIP
1102,57.870184000000002,90.384664356262149,true,3.2160122583522792,true,3.182732480812307,11098,1401,2.6185479229586067e-322,3,1,MIP
1103,57.886031799999998,90.41220940823456,true,3.2160122583522792,true,3.1827389541219402,11103,1396,2.6185479229586067e-322,3,1,MIP
1104,57.889373499999998,90.418182496790067,true,3.2160122583522792,true,3.1827640689999601,11104,1395,2.6185479229586067e-322,3,1,MIP
1105,57.896276200000003,90.427929711511752,true,3.2160122583522792,true,3.1827882270041199,11105,1396,2.6185479229586067e-322,3,1,MIP
1106,57.898755000000001,90.430883175088567,true,3.2160122583522792,true,3.1827989914095136,11106,1397,2.6185479229586067e-322,3,1,MIP
1107,57.927425100000001,90.473415152483611,true,3.2160122583522792,true,3.1828104070551482,11118,1402,2.6185479229586067e-322,3,1,MIP
1108,57.968570800000002,90.537034333792121,true,3.2160122583522792,true,3.1828193996710739,11146,1410,2.6185479229586067e-322,3,1,MIP
1109,57.971431500000001,90.541336228255048,true,3.2160122583522792,true,3.1828393120183951,11147,1411,2.6185479229586067e-322,3,1,MIP
1110,57.978653799999996,90.552433382088751,true,3.2160122583522792,true,3.1829345974335905,11148,1412,2.6185479229586067e-322,3,1,MIP
1111,58.016405399999996,90.619390035979407,true,3.2160122583522792,true,3.182947840852131,11155,1409,2.6185479229586067e-322,3,1,MIP
1112,58.040177999999997,90.655997417883526,true,3.2160122583522792,true,3.1829747858162616,11160,1407,2.6185479229586067e-322,3,1,MIP
1113,58.050827699999999,90.673642663244536,true,3.2160122583522792,true,3.1830776196990724,11162,1408,2.6185479229586067e-322,3,1,MIP
1114,58.066587800000001,90.698369162796894,true,3.2160122583522792,true,3.1830824735247862,11166,1406,2.6185479229586067e-322,3,1,MIP
1115,58.112969300000003,90.772584629759507,true,3.2160122583522792,true,3.1830840552183757,11176,1408,2.6185479229586067e-322,3,1,MIP
1116,58.143192900000003,90.818661300869849,true,3.2160122583522792,true,3.183136151540312,11192,1409,2.6185479229586067e-322,3,1,MIP
1117,58.186575599999998,90.894207786549856,true,3.2160122583522792,true,3.1831596960550081,11207,1415,2.6185479229586067e-322,3,1,MIP
1118,58.222954899999998,90.952164766376981,true,3.2160122583522792,true,3.1831725598891998,11219,1411,2.6185479229586067e-322,3,1,MIP
1119,58.231013900000001,90.967598407314412,true,3.2160122583522792,true,3.1832574445994832,11220,1410,2.6185479229586067e-322,3,1,MIP
1120,58.238581099999998,90.980331705787009,true,3.2160122583522792,true,3.1832603974651796,11221,1410,2.6185479229586067e-322,3,1,MIP
1121,58.238913799999999,90.980734334105165,true,3.2160122583522792,true,3.1832781928097829,11222,1409,2.6185479229586067e-322,3,1,MIP
1122,58.281667400000003,91.049144681123622,true,3.2160122583522792,true,3.1832930361953005,11227,1410,2.6185479229586067e-322,3,1,MIP
1123,58.3073634,91.090711319909644,true,3.2160122583522792,true,3.1833113797003718,11238,1411,2.6185479229586067e-322,3,1,MIP
1124,58.318954699999999,91.109401528028883,true,3.2160122583522792,true,3.1833318589103765,11239,1412,2.6185479229586067e-322,3,1,MIP
1125,58.346268100000003,91.152132959575255,true,3.2160122583522792,true,3.1833530324379784,11252,1413,2.6185479229586067e-322,3,1,MIP
1126,58.372331099999997,91.191368743955934,true,3.2160122583522792,true,3.1833763064383489,11259,1412,2.6185479229586067e-322,3,1,MIP
1127,58.4326194,91.299013340699972,true,3.2160122583522792,true,3.1834431263921883,11273,1410,2.6185479229586067e-322,3,1,MIP
1128,58.532847099999998,91.443193429159919,true,3.2160122583522792,true,3.1834431263921883,11293,1416,2.6185479229586067e-322,3,1,MIP
1129,58.538332500000003,91.451649730450484,true,3.2160122583522792,true,3.1834571944318406,11295,1416,2.6185479229586067e-322,3,1,MIP
1130,58.547554599999998,91.466165505266488,true,3.2160122583522792,true,3.1834696741078501,11302,1415,2.6185479229586067e-322,3,1,MIP
1131,58.565126800000002,91.497575705898882,true,3.2160122583522792,true,3.1834732290210095,11305,1414,2.6185479229586067e-322,3,1,MIP
1132,58.579889299999998,91.519669002271726,true,3.2160122583522792,true,3.1834903408273183,11306,1415,2.6185479229586067e-322,3,1,MIP
1133,58.621032,91.584235582380671,true,3.2160122583522792,true,3.1835570547895702,11327,1412,2.6185479229586067e-322,3,1,MIP
1134,58.622984500000001,91.587297955695291,true,3.2160122583522792,true,3.1835791319168067,11328,1411,2.6185479229586067e-322,3,1,MIP
1135,58.638390299999998,91.61253798808248,true,3.2160122583522792,true,3.1835929001224685,11340,1411,2.6185479229586067e-322,3,1,MIP
1136,58.642900300000001,91.618957384894614,true,3.2160122583522792,true,3.183599236101085,11341,1412,2.6185479229586067e-322,3,1,MIP
1137,58.648285899999998,91.628671528012802,true,3.2160122583522792,true,3.1836352067399671,11342,1413,2.6185479229586067e-322,3,1,MIP
1138,58.694299800000003,91.700694097890647,true,3.2160122583522792,true,3.1836702737634894,11358,1417,2.6185479229586067e-322,3,1,MIP
1139,58.717005,91.741641702675579,true,3.2160122583522792,true,3.1836765929088946,11361,1414,2.6185479229586067e-322,3,1,MIP
1140,58.7284918,91.759304774253721,true,3.2160122583522792,true,3.1836863604693235,11362,1415,2.6185479229586067e-322,3,1,MIP
1141,58.728890800000002,91.759790076686258,true,3.2160122583522792,true,3.1837175756770657,11363,1415,2.6185479229586067e-322,3,1,MIP
1142,58.775779,91.835241454433515,true,3.2160122583522792,true,3.1837457366818214,11377,1415,2.6185479229586067e-322,3,1,MIP
1143,58.817514299999999,91.901823792240535,true,3.2160122583522792,true,3.1837789045223643,11384,1410,2.6185479229586067e-322,3,1,MIP
1144,58.821188599999999,91.907530361487261,true,3.2160122583522792,true,3.1838469741206277,11385,1411,2.6185479229586067e-322,3,1,MIP
1145,58.821536199999997,91.907871769803251,true,3.2160122583522792,true,3.1839061141512,11386,1412,2.6185479229586067e-322,3,1,MIP
1146,58.831270199999999,91.921979773288712,true,3.2160122583522792,true,3.1839225300183016,11396,1414,2.6185479229586067e-322,3,1,MIP
1147,58.852380799999999,91.956255017938034,true,3.2160122583522792,true,3.1839242131653092,11410,1415,2.6185479229586067e-322,3,1,MIP
1148,58.862267799999998,91.974624984211061,true,3.2160122583522792,true,3.183943067013939,11411,1416,2.6185479229586067e-322,3,1,MIP
1149,58.941902499999998,92.10900108745868,true,3.2160122583522792,true,3.1839574691925558,11434,1413,2.6185479229586067e-322,3,1,MIP
1150,58.945498700000002,92.113576022211234,true,3.2160122583522792,true,3.1839771531467678,11435,1414,2.6185479229586067e-322,3,1,MIP
1151,58.947090000000003,92.116048236992896,true,3.2160122583522792,true,3.1840268638907658,11436,1415,2.6185479229586067e-322,3,1,MIP
1152,58.9739577,92.157042346505634,true,3.2160122583522792,true,3.1840518456674625,11451,1416,2.6185479229586067e-322,3,1,MIP
1153,59.0184444,92.226075154292943,true,3.2160122583522792,true,3.1840523553179128,11460,1417,2.6185479229586067e-322,3,1,MIP
1154,59.045248200000003,92.268077746530707,true,3.2160122583522792,true,3.1841013763096289,11470,1417,2.6185479229586067e-322,3,1,MIP
1155,59.083123999999998,92.329491136376205,true,3.2160122583522792,true,3.1841160061180491,11484,1419,2.6185479229586067e-322,3,1,MIP
1156,59.114229299999998,92.382496973750591,true,3.2160122583522792,true,3.1841274831594144,11491,1418,2.6185479229586067e-322,3,1,MIP
1157,59.149368299999999,92.440247949351942,true,3.2160122583522792,true,3.1841427747347653,11504,1415,2.6185479229586067e-322,3,1,MIP
1158,59.156995799999997,92.451480320515302,true,3.2160122583522792,true,3.1841589250202267,11506,1417,2.6185479229586067e-322,3,1,MIP
1159,59.189655299999998,92.504936131396704,true,3.2160122583522792,true,3.1841723313951729,11519,1418,2.6185479229586067e-322,3,1,MIP
1160,59.192567599999997,92.509792843960284,true,3.2160122583522792,true,3.1842236707831586,11520,1419,2.6185479229586067e-322,3,1,MIP
1161,59.244853900000003,92.604226631792685,true,3.2160122583522792,true,3.1842707266122878,11533,1420,2.6185479229586067e-322,3,1,MIP
1162,59.252664600000003,92.61820474189237,true,3.2160122583522792,true,3.1842820596523937,11534,1421,2.6185479229586067e-322,3,1,MIP
1163,59.253172200000002,92.618831125642103,true,3.2160122583522792,true,3.1842893744012875,11535,1422,2.6185479229586067e-322,3,1,MIP
1164,59.2821195,92.663344224866293,true,3.2160122583522792,true,3.1842943458152688,11546,1421,2.6185479229586067e-322,3,1,MIP
1165,59.330322000000002,92.733027323978931,true,3.2160122583522792,true,3.1843148939777297,11550,1418,2.6185479229586067e-322,3,1,MIP
1166,59.333603500000002,92.738593593986792,true,3.2160122583522792,true,3.184318995010365,11551,1419,2.6185479229586067e-322,3,1,MIP
1167,59.334814399999999,92.740517530555621,true,3.2160122583522792,true,3.18433236183105,11552,1420,2.6185479229586067e-322,3,1,MIP
1168,59.370513600000002,92.799154466970293,true,3.2160122583522792,true,3.1843551016632716,11559,1419,2.6185479229586067e-322,3,1,MIP
1169,59.380851399999997,92.815769603371521,true,3.2160122583522792,true,3.1843697736155594,11564,1416,2.6185479229586067e-322,3,1,MIP
1170,59.400609799999998,92.85162426891759,true,3.2160122583522792,true,3.1845030434621657,11569,1417,2.6185479229586067e-322,3,1,MIP
1171,59.415824800000003,92.876992610025297,true,3.2160122583522792,true,3.1845082023497109,11576,1417,2.6185479229586067e-322,3,1,MIP
1172,59.480554099999999,92.979101244381894,true,3.2160122583522792,true,3.1845542510437292,11594,1415,2.6185479229586067e-322,3,1,MIP
1173,59.487235499999997,92.989211922219567,true,3.2160122583522792,true,3.1845889995136014,11597,1414,2.6185479229586067e-322,3,1,MIP
1174,59.488415199999999,92.991237322690893,true,3.2160122583522792,true,3.1846130697898865,11598,1415,2.6185479229586067e-322,3,1,MIP
1175,59.5215891,93.044382801278573,true,3.2160122583522792,true,3.1846272831025146,11610,1417,2.6185479229586067e-322,3,1,MIP
1176,59.560536200000001,93.102403073527697,true,3.2160122583522792,true,3.1846813227423545,11635,1419,2.6185479229586067e-322,3,1,MIP
1177,59.570476599999999,93.11694960448169,true,3.2160122583522792,true,3.1846929686151308,11636,1420,2.6185479229586067e-322,3,1,MIP
1178,59.583519000000003,93.13657722643137,true,3.2160122583522792,true,3.18470739949605,11641,1417,2.6185479229586067e-322,3,1,MIP
1179,59.596604999999997,93.153666099619116,true,3.2160122583522792,true,3.1848069231142611,11644,1418,2.6185479229586067e-322,3,1,MIP
1180,59.607280699999997,93.168446304094175,true,3.2160122583522792,true,3.1848251865181285,11654,1416,2.6185479229586067e-322,3,1,MIP
1181,59.636094700000001,93.218983236274013,true,3.2160122583522792,true,3.1848682139282114,11659,1417,2.6185479229586067e-322,3,1,MIP
1182,59.664093999999999,93.265716833988108,true,3.2160122583522792,true,3.1848870375261926,11668,1419,2.6185479229586067e-322,3,1,MIP
1183,59.684778600000001,93.297811692134403,true,3.2160122583522792,true,3.1849059448154424,11675,1418,2.6185479229586067e-322,3,1,MIP
1184,59.703986399999998,93.325782930626985,true,3.2160122583522792,true,3.1849557691551245,11693,1419,2.6185479229586067e-322,3,1,MIP
1185,59.723865400000001,93.35573748258625,true,3.2160122583522792,true,3.1850013010276164,11706,1421,2.6185479229586067e-322,3,1,MIP
1186,59.731962000000003,93.36854723904429,true,3.2160122583522792,true,3.1850462225798783,11709,1422,2.6185479229586067e-322,3,1,MIP
1187,59.749341299999998,93.39461239031985,true,3.2160122583522792,true,3.1850483279687518,11722,1419,2.6185479229586067e-322,3,1,MIP
1188,59.749901299999998,93.395440843465877,true,3.2160122583522792,true,3.1850714088894154,11723,1420,2.6185479229586067e-322,3,1,MIP
1189,59.768409200000001,93.422496263176612,true,3.2160122583522792,true,3.1850934791752934,11738,1420,2.6185479229586067e-322,3,1,MIP
1190,59.777605100000002,93.437579247323825,true,3.2160122583522792,true,3.1851328839734485,11741,1419,2.6185479229586067e-322,3,1,MIP
1191,59.807132000000003,93.489537167724052,true,3.2160122583522792,true,3.1851412449764185,11746,1420,2.6185479229586067e-322,3,1,MIP
1192,59.826368899999999,93.517575518831208,true,3.2160122583522792,true,3.1851416833591286,11761,1419,2.6185479229586067e-322,3,1,MIP
1193,59.826898700000001,93.51831108424561,true,3.2160122583522792,true,3.1851499468503337,11762,1420,2.6185479229586067e-322,3,1,MIP
1194,59.848296599999998,93.552613918960347,true,3.2160122583522792,true,3.185152907727784,11770,1419,2.6185479229586067e-322,3,1,MIP
1195,59.849407300000003,93.554244324052931,true,3.2160122583522792,true,3.1852108436384174,11771,1420,2.6185479229586067e-322,3,1,MIP
1196,59.867121400000002,93.5794357687613,true,3.2160122583522792,true,3.1852294637061376,11778,1420,2.6185479229586067e-322,3,1,MIP
1197,59.886575399999998,93.610404745795279,true,3.2160122583522792,true,3.1852662513798764,11791,1425,2.6185479229586067e-322,3,1,MIP
1198,59.906977900000001,93.642040987485075,true,3.2160122583522792,true,3.1852698647171707,11801,1428,2.6185479229586067e-322,3,1,MIP
1199,59.9284015,93.677502638978169,true,3.2160122583522792,true,3.1852748722367905,11809,1425,2.6185479229586067e-322,3,1,MIP
1200,59.936589699999999,93.69295494148885,true,3.2160122583522792,true,3.1852897343483471,11810,1426,2.6185479229586067e-322,3,1,MIP
1201,59.963750099999999,93.736740858762928,true,3.2160122583522792,true,3.1852955162199224,11822,1421,2.6185479229586067e-322,3,1,MIP
1202,59.966257599999999,93.739835169389252,true,3.2160122583522792,true,3.1853180151555405,11823,1422,2.6185479229586067e-322,3,1,MIP
1203,59.967965100000001,93.742530660391253,true,3.2160122583522792,true,3.1853445689098132,11824,1423,2.6185479229586067e-322,3,1,MIP
1204,60.019382399999998,93.833139939384552,true,3.2160122583522792,true,3.1853544655678032,11836,1419,2.6185479229586067e-322,3,1,MIP
1205,60.0225796,93.837010023138859,true,3.2160122583522792,true,3.1853853873993767,11837,1420,2.6185479229586067e-322,3,1,MIP
1206,60.027582700000004,93.843048818638209,true,3.2160122583522792,true,3.1854268803384005,11838,1421,2.6185479229586067e-322,3,1,MIP
1207,60.040094199999999,93.8609111962501,true,3.2160122583522792,true,3.1854391476791353,11849,1424,2.6185479229586067e-322,3,1,MIP
1208,60.061313699999999,93.892958171821462,true,3.2160122583522792,true,3.1854667033734434,11859,1426,2.6185479229586067e-322,3,1,MIP
1209,60.095012699999998,93.945596667160501,true,3.2160122583522792,true,3.185505176882546,11870,1423,2.6185479229586067e-322,3,1,MIP
1210,60.107803500000003,93.965263296784542,true,3.2160122583522792,true,3.1855296489244425,11872,1423,2.6185479229586067e-322,3,1,MIP
1211,60.1110884,93.969874317494231,true,3.2160122583522792,true,3.1855771486986502,11873,1424,2.6185479229586067e-322,3,1,MIP
1212,60.161799600000002,94.044331770045403,true,3.2160122583522792,true,3.1855867158573186,11896,1428,2.6185479229586067e-322,3,1,MIP
1213,60.179388000000003,94.069074411042322,true,3.2160122583522792,true,3.185595411701196,11912,1429,2.6185479229586067e-322,3,1,MIP
1214,60.186960800000001,94.081326182704586,true,3.2160122583522792,true,3.1856331538770215,11915,1428,2.6185479229586067e-322,3,1,MIP
1215,60.196502600000002,94.098949406845165,true,3.2160122583522792,true,3.185661144677276,11916,1429,2.6185479229586067e-322,3,1,MIP
1216,60.220057099999998,94.133473485629153,true,3.2160122583522792,true,3.1856782503857883,11931,1430,2.6185479229586067e-322,3,1,MIP
1217,60.264435900000002,94.2043064992273,true,3.2160122583522792,true,3.1856851741838517,11951,1439,2.6185479229586067e-322,3,1,MIP
1218,60.282095699999999,94.231547655707686,true,3.2160122583522792,true,3.185700828941358,11960,1438,2.6185479229586067e-322,3,1,MIP
1219,60.321059300000002,94.295776813765627,true,3.2160122583522792,true,3.1857202352103227,11973,1435,2.6185479229586067e-322,3,1,MIP
1220,60.322524999999999,94.298033169164867,true,3.2160122583522792,true,3.1857257291706218,11974,1434,2.6185479229586067e-322,3,1,MIP
1221,60.334448000000002,94.318878880979682,true,3.2160122583522792,true,3.1857858446621554,11975,1435,2.6185479229586067e-322,3,1,MIP
1222,60.336252999999999,94.32200771796289,true,3.2160122583522792,true,3.1858232916941844,11976,1436,2.6185479229586067e-322,3,1,MIP
1223,60.357776700000002,94.355310190468032,true,3.2160122583522792,true,3.1858370226661754,11990,1433,2.6185479229586067e-322,3,1,MIP
1224,60.362148400000002,94.362533851554005,true,3.2160122583522792,true,3.1858414979364502,11991,1434,2.6185479229586067e-322,3,1,MIP
1225,60.362249800000001,94.362604189554006,true,3.2160122583522792,true,3.185932879461566,11992,1433,2.6185479229586067e-322,3,1,MIP
1226,60.371579599999997,94.376190796405169,true,3.2160122583522792,true,3.1859583294707301,11999,1432,2.6185479229586067e-322,3,1,MIP
1227,60.371905400000003,94.376558205101119,true,3.2160122583522792,true,3.185992490339923,12000,1433,2.6185479229586067e-322,3,1,MIP
1228,60.3846755,94.399031348870594,true,3.2160122583522792,true,3.1859980209156231,12005,1429,2.6185479229586067e-322,3,1,MIP
1229,60.398729299999999,94.424771083313829,true,3.2160122583522792,true,3.1860073946001588,12007,1429,2.6185479229586067e-322,3,1,MIP
1230,60.405203800000002,94.436914326280856,true,3.2160122583522792,true,3.1860103444531678,12008,1430,2.6185479229586067e-322,3,1,MIP
1231,60.446020099999998,94.505474317600147,true,3.2160122583522792,true,3.1860437819100289,12020,1430,2.6185479229586067e-322,3,1,MIP
1232,60.462560199999999,94.532389605724944,true,3.2160122583522792,true,3.1860685478541138,12023,1431,2.6185479229586067e-322,3,1,MIP
1233,60.476218000000003,94.551017972198622,true,3.2160122583522792,true,3.1860973236974215,12030,1426,2.6185479229586067e-322,3,1,MIP
1234,60.477050800000001,94.552153857137625,true,3.2160122583522792,true,3.1861011414790239,12031,1425,2.6185479229586067e-322,3,1,MIP
1235,60.478893100000001,94.554964315405513,true,3.2160122583522792,true,3.1861081990084288,12032,1424,2.6185479229586067e-322,3,1,MIP
1236,60.4837323,94.561794960136098,true,3.2160122583522792,true,3.1861205700132498,12033,1425,2.6185479229586067e-322,3,1,MIP
1237,60.4859486,94.564894949023497,true,3.2160122583522792,true,3.1861304286042151,12034,1426,2.6185479229586067e-322,3,1,MIP
1238,60.510738600000003,94.601034095052583,true,3.2160122583522792,true,3.1861696299974374,12053,1429,2.6185479229586067e-322,3,1,MIP
1239,60.539451300000003,94.651466091195744,true,3.2160122583522792,true,3.1862377422251846,12062,1428,2.6185479229586067e-322,3,1,MIP
1240,60.540147599999997,94.652458320844588,true,3.2160122583522792,true,3.186277210511272,12063,1429,2.6185479229586067e-322,3,1,MIP
1241,60.553460000000001,94.674504156547897,true,3.2160122583522792,true,3.1862854787409614,12070,1425,2.6185479229586067e-322,3,1,MIP
1242,60.561698,94.690024417772221,true,3.2160122583522792,true,3.1863741602650859,12071,1426,2.6185479229586067e-322,3,1,MIP
1243,60.562989600000002,94.691956861553507,true,3.2160122583522792,true,3.1863889922705755,12072,1427,2.6185479229586067e-322,3,1,MIP
1244,60.5859533,94.72795104491459,true,3.2160122583522792,true,3.1864603293503198,12084,1425,2.6185479229586067e-322,3,1,MIP
1245,60.590289400000003,94.73560995197748,true,3.2160122583522792,true,3.1864606014679926,12085,1426,2.6185479229586067e-322,3,1,MIP
1246,60.591154600000003,94.737000581197066,true,3.2160122583522792,true,3.1864925154993071,12086,1425,2.6185479229586067e-322,3,1,MIP
1247,60.603659499999999,94.757822788884155,true,3.2160122583522792,true,3.1864935880316123,12089,1426,2.6185479229586067e-322,3,1,MIP
1248,60.632625099999998,94.802216970329113,true,3.2160122583522792,true,3.1865174849631352,12116,1442,2.6185479229586067e-322,3,1,MIP
1249,60.655682800000001,94.838146916023518,true,3.2160122583522792,true,3.1865204704318226,12132,1445,2.6185479229586067e-322,3,1,MIP
1250,60.672434699999997,94.865785821059106,true,3.2160122583522792,true,3.1865246359230661,12135,1446,2.6185479229586067e-322,3,1,MIP
1251,60.685554400000001,94.886213546012968,true,3.2160122583522792,true,3.1866406404873682,12142,1443,2.6185479229586067e-322,3,1,MIP
1252,60.686250000000001,94.887344619292222,true,3.2160122583522792,true,3.1866677746464402,12143,1444,2.6185479229586067e-322,3,1,MIP
1253,60.694888200000001,94.900084896270101,true,3.2160122583522792,true,3.1866699697817982,12148,1441,2.6185479229586067e-322,3,1,MIP
1254,60.695423099999999,94.900771422399458,true,3.2160122583522792,true,3.1866938693882338,12149,1442,2.6185479229586067e-322,3,1,MIP
1255,60.708765300000003,94.920355863751382,true,3.2160122583522792,true,3.1866980301491559,12159,1441,2.6185479229586067e-322,3,1,MIP
1256,60.730832399999997,94.955887488362208,true,3.2160122583522792,true,3.1867020315579713,12166,1436,2.6185479229586067e-322,3,1,MIP
1257,60.732535499999997,94.958537040419202,true,3.2160122583522792,true,3.1867167636418872,12167,1435,2.6185479229586067e-322,3,1,MIP
1258,60.738410199999997,94.966862701382667,true,3.2160122583522792,true,3.1867303588029463,12168,1436,2.6185479229586067e-322,3,1,MIP
1259,60.739039099999999,94.967728992366673,true,3.2160122583522792,true,3.1867710527217681,12169,1437,2.6185479229586067e-322,3,1,MIP
1260,60.781492999999998,95.036906982611029,true,3.2160122583522792,true,3.1867822504774796,12186,1438,2.6185479229586067e-322,3,1,MIP
1261,60.785574599999997,95.043476984531779,true,3.2160122583522792,true,3.1867854263716628,12187,1437,2.6185479229586067e-322,3,1,MIP
1262,60.812703300000003,95.08590259497997,true,3.2160122583522792,true,3.1867879828925259,12194,1436,2.6185479229586067e-322,3,1,MIP
1263,60.8318838,95.118945183648364,true,3.2160122583522792,true,3.1868169318514958,12199,1435,2.6185479229586067e-322,3,1,MIP
1264,60.847050899999999,95.136332535563184,true,3.2160122583522792,true,3.1868233713612959,12204,1436,2.6185479229586067e-322,3,1,MIP
1265,60.8829615,95.1918421964521,true,3.2160122583522792,true,3.1868487527041034,12225,1441,2.6185479229586067e-322,3,1,MIP
1266,60.908326799999998,95.233626173756377,true,3.2160122583522792,true,3.1868561991509874,12233,1441,2.6185479229586067e-322,3,1,MIP
1267,60.939231900000003,95.281424970040447,true,3.2160122583522792,true,3.1868616482643501,12246,1438,2.6185479229586067e-322,3,1,MIP
1268,60.946467800000001,95.292147292381387,true,3.2160122583522792,true,3.1868629669829347,12247,1439,2.6185479229586067e-322,3,1,MIP
1269,60.959147799999997,95.313817641878231,true,3.2160122583522792,true,3.186949386837342,12256,1436,2.6185479229586067e-322,3,1,MIP
1270,60.968669800000001,95.329580773524782,true,3.2160122583522792,true,3.1870905771641027,12258,1436,2.6185479229586067e-322,3,1,MIP
1271,60.973847399999997,95.337716280600389,true,3.2160122583522792,true,3.1870993372233904,12259,1437,2.6185479229586067e-322,3,1,MIP
1272,60.988687300000002,95.356750277434458,true,3.2160122583522792,true,3.1871054855252758,12268,1436,2.6185479229586067e-322,3,1,MIP
1273,61.015450199999997,95.398454854952206,true,3.2160122583522792,true,3.1871295169394349,12284,1433,2.6185479229586067e-322,3,1,MIP
1274,61.048977499999999,95.459653105467837,true,3.2160122583522792,true,3.1871629088723239,12287,1432,2.6185479229586067e-322,3,1,MIP
1275,61.097481100000003,95.530826042143687,true,3.2160122583522792,true,3.187168028357342,12326,1445,2.6185479229586067e-322,3,1,MIP
1276,61.120144600000003,95.564663223771319,true,3.2160122583522792,true,3.1871747007942739,12358,1457,2.6185479229586067e-322,3,1,MIP
1277,61.127928699999998,95.578740094573604,true,3.2160122583522792,true,3.1872275597527664,12359,1458,2.6185479229586067e-322,3,1,MIP
1278,61.128670999999997,95.580003185835281,true,3.2160122583522792,true,3.1872335461211163,12360,1457,2.6185479229586067e-322,3,1,MIP
1279,61.144296599999997,95.60627110591615,true,3.2160122583522792,true,3.1872347013959095,12363,1456,2.6185479229586067e-322,3,1,MIP
1280,61.155159500000003,95.620858963071001,true,3.2160122583522792,true,3.1873004880206688,12366,1455,2.6185479229586067e-322,3,1,MIP
1281,61.183346800000002,95.660683293808432,true,3.2160122583522792,true,3.1873184687004859,12381,1458,2.6185479229586067e-322,3,1,MIP
1282,61.194078400000002,95.678339791958251,true,3.2160122583522792,true,3.1873219532693229,12384,1455,2.6185479229586067e-322,3,1,MIP
1283,61.203525200000001,95.694569001217047,true,3.2160122583522792,true,3.187338027657713,12385,1456,2.6185479229586067e-322,3,1,MIP
1284,61.204664700000002,95.696208761571398,true,3.2160122583522792,true,3.1873387192691247,12386,1457,2.6185479229586067e-322,3,1,MIP
1285,61.222394799999996,95.722771082510647,true,3.2160122583522792,true,3.1873417775901745,12392,1456,2.6185479229586067e-322,3,1,MIP
1286,61.242534200000001,95.75497457521422,true,3.2160122583522792,true,3.1873563311714443,12414,1468,2.6185479229586067e-322,3,1,MIP
1287,61.283553900000001,95.819572052555529,true,3.2160122583522792,true,3.1873887936989518,12429,1471,2.6185479229586067e-322,3,1,MIP
1288,61.2938385,95.836098752224117,true,3.2160122583522792,true,3.1874095578947439,12434,1472,2.6185479229586067e-322,3,1,MIP
1289,61.317623099999999,95.872358286922363,true,3.2160122583522792,true,3.187412570230832,12453,1479,2.6185479229586067e-322,3,1,MIP
1290,61.329935300000002,95.893214245842955,true,3.2160122583522792,true,3.1874245428106627,12456,1480,2.6185479229586067e-322,3,1,MIP
1291,61.356655099999998,95.933321048978499,true,3.2160122583522792,true,3.1874484718199327,12467,1477,2.6185479229586067e-322,3,1,MIP
1292,61.364238399999998,95.946037316713955,true,3.2160122583522792,true,3.1874562697020048,12469,1477,2.6185479229586067e-322,3,1,MIP
1293,61.372680000000003,95.960896664232592,true,3.2160122583522792,true,3.1875036648084705,12472,1478,2.6185479229586067e-322,3,1,MIP
1294,61.396442499999999,95.999082401157224,true,3.2160122583522792,true,3.1875575612343794,12486,1476,2.6185479229586067e-322,3,1,MIP
1295,61.402223300000003,96.008622702065949,true,3.2160122583522792,true,3.1875820545079194,12489,1477,2.6185479229586067e-322,3,1,MIP
1296,61.4193602,96.039058566318957,true,3.2160122583522792,true,3.1876039968936603,12500,1476,2.6185479229586067e-322,3,1,MIP
1297,61.487981099999999,96.159132882534138,true,3.2160122583522792,true,3.1876257151477487,12506,1475,2.6185479229586067e-322,3,1,MIP
1298,61.488486899999998,96.159856028178524,true,3.2160122583522792,true,3.1876521569180492,12507,1474,2.6185479229586067e-322,3,1,MIP
1299,61.505322,96.187634517058214,true,3.2160122583522792,true,3.1876525386842776,12510,1475,2.6185479229586067e-322,3,1,MIP
1300,61.5729106,96.291081713916327,true,3.2160122583522792,true,3.1876614020625604,12548,1477,2.6185479229586067e-322,3,1,MIP
1301,61.574584700000003,96.29339599033041,true,3.2160122583522792,true,3.1876660748121708,12549,1476,2.6185479229586067e-322,3,1,MIP
1302,61.580324300000001,96.302234888896365,true,3.2160122583522792,true,3.187673463517839,12552,1477,2.6185479229586067e-322,3,1,MIP
1303,61.599648899999998,96.332070493449294,true,3.2160122583522792,true,3.187715586788991,12569,1480,2.6185479229586067e-322,3,1,MIP
1304,61.605989399999999,96.343392413805006,true,3.2160122583522792,true,3.187730372979412,12570,1481,2.6185479229586067e-322,3,1,MIP
1305,61.606404099999999,96.343927656116037,true,3.2160122583522792,true,3.1877554948667797,12571,1482,2.6185479229586067e-322,3,1,MIP
1306,61.6184534,96.361126362840054,true,3.2160122583522792,true,3.187760167108264,12578,1479,2.6185479229586067e-322,3,1,MIP
1307,61.619382799999997,96.362070519307622,true,3.2160122583522792,true,3.1877664396803738,12579,1480,2.6185479229586067e-322,3,1,MIP
1308,61.637020800000002,96.39043006474904,true,3.2160122583522792,true,3.1878332278566428,12594,1482,2.6185479229586067e-322,3,1,MIP
1309,61.646115000000002,96.403660144501274,true,3.2160122583522792,true,3.1878771121959435,12600,1479,2.6185479229586067e-322,3,1,MIP
1310,61.648625299999999,96.407704202124449,true,3.2160122583522792,true,3.1879212460391191,12601,1478,2.6185479229586067e-322,3,1,MIP
1311,61.6743241,96.454599326507903,true,3.2160122583522792,true,3.1879500330478807,12605,1477,2.6185479229586067e-322,3,1,MIP
1312,61.683695499999999,96.469023274092365,true,3.2160122583522792,true,3.1879563917873117,12606,1478,2.6185479229586067e-322,3,1,MIP
1313,61.726642300000002,96.533754264231675,true,3.2160122583522792,true,3.1879822606200365,12620,1477,2.6185479229586067e-322,3,1,MIP
1314,61.727349599999997,96.534674521369936,true,3.2160122583522792,true,3.1879927572412599,12621,1478,2.6185479229586067e-322,3,1,MIP
1315,61.734914799999999,96.547119072173714,true,3.2160122583522792,true,3.1880000897672192,12626,1475,2.6185479229586067e-322,3,1,MIP
1316,61.736702600000001,96.550020121165559,true,3.2160122583522792,true,3.1880025526888875,12627,1475,2.6185479229586067e-322,3,1,MIP
1317,61.755617600000001,96.583813841881209,true,3.2160122583522792,true,3.188004785698646,12631,1473,2.6185479229586067e-322,3,1,MIP
1318,61.7669438,96.603040098215729,true,3.2160122583522792,true,3.1880163183947818,12634,1472,2.6185479229586067e-322,3,1,MIP
1319,61.768126199999998,96.604877751319165,true,3.2160122583522792,true,3.1880200433630166,12635,1472,2.6185479229586067e-322,3,1,MIP
1320,61.780430799999998,96.623855303706449,true,3.2160122583522792,true,3.1880230975723118,12639,1470,2.6185479229586067e-322,3,1,MIP
1321,61.780977800000002,96.624664356320451,true,3.2160122583522792,true,3.188034560862004,12640,1469,2.6185479229586067e-322,3,1,MIP
1322,61.792566700000002,96.643827685597429,true,3.2160122583522792,true,3.1880675732141275,12645,1470,2.6185479229586067e-322,3,1,MIP
1323,61.812089800000003,96.675882105813017,true,3.2160122583522792,true,3.1880736143591037,12661,1469,2.6185479229586067e-322,3,1,MIP
1324,61.8277407,96.701199159051015,true,3.2160122583522792,true,3.1880860885272013,12669,1469,2.6185479229586067e-322,3,1,MIP
1325,61.8378108,96.716682252076424,true,3.2160122583522792,true,3.1880896038708211,12673,1467,2.6185479229586067e-322,3,1,MIP
1326,61.8379884,96.716941708600828,true,3.2160122583522792,true,3.1881050884774904,12674,1466,2.6185479229586067e-322,3,1,MIP
1327,61.843581700000001,96.725919154037115,true,3.2160122583522792,true,3.1881103283479906,12677,1465,2.6185479229586067e-322,3,1,MIP
1328,61.852410599999999,96.739503606333557,true,3.2160122583522792,true,3.1881113240311389,12680,1462,2.6185479229586067e-322,3,1,MIP
1329,61.854838100000002,96.742994643990599,true,3.2160122583522792,true,3.188163992975459,12681,1461,2.6185479229586067e-322,3,1,MIP
1330,61.860801799999997,96.753922290299244,true,3.2160122583522792,true,3.1881665046974197,12682,1462,2.6185479229586067e-322,3,1,MIP
1331,61.959828899999998,96.931618451348115,true,3.2160122583522792,true,3.1882349173809246,12693,1458,2.6185479229586067e-322,3,1,MIP
1332,61.959951099999998,96.931745382348112,true,3.2160122583522792,true,3.1882385464033849,12694,1457,2.6185479229586067e-322,3,1,MIP
1333,61.963782899999998,96.935775598716418,true,3.2160122583522792,true,3.1882507321292071,12696,1457,2.6185479229586067e-322,3,1,MIP
1334,61.966940200000003,96.940527607202355,true,3.2160122583522792,true,3.1882550868359023,12697,1456,2.6185479229586067e-322,3,1,MIP
1335,61.979622499999998,96.958657852747976,true,3.2160122583522792,true,3.1882550961901526,12699,1458,2.6185479229586067e-322,3,1,MIP
1336,61.992099199999998,96.977228999531619,true,3.2160122583522792,true,3.1883385541703104,12710,1461,2.6185479229586067e-322,3,1,MIP
1337,62.023076400000001,97.021137374020753,true,3.2160122583522792,true,3.1883391306462912,12726,1468,2.6185479229586067e-322,3,1,MIP
1338,62.047361199999997,97.058440999761103,true,3.2160122583522792,true,3.188342386426775,12751,1479,2.6185479229586067e-322,3,1,MIP
1339,62.059381199999997,97.079301838163644,true,3.2160122583522792,true,3.1884242852220521,12754,1478,2.6185479229586067e-322,3,1,MIP
1340,62.072912100000003,97.101893918204112,true,3.2160122583522792,true,3.1884383867528197,12757,1479,2.6185479229586067e-322,3,1,MIP
1341,62.168018600000003,97.248070833371088,true,3.2160122583522792,true,3.1884432335232571,12795,1490,2.6185479229586067e-322,3,1,MIP
1342,62.230854999999998,97.345035282815473,true,3.2160122583522792,true,3.1884493678381847,12827,1505,2.6185479229586067e-322,3,1,MIP
1343,62.232581699999997,97.347760276532156,true,3.2160122583522792,true,3.1884691205594247,12828,1504,2.6185479229586067e-322,3,1,MIP
1344,62.278777699999999,97.431354380198385,true,3.2160122583522792,true,3.1885015972741586,12844,1504,2.6185479229586067e-322,3,1,MIP
1345,62.313209299999997,97.490020793691599,true,3.2160122583522792,true,3.188508252435085,12855,1501,2.6185479229586067e-322,3,1,MIP
1346,62.326864499999999,97.51103949550162,true,3.2160122583522792,true,3.1885558324683068,12856,1502,2.6185479229586067e-322,3,1,MIP
1347,62.335716300000001,97.524515150975233,true,3.2160122583522792,true,3.1885594885666304,12857,1503,2.6185479229586067e-322,3,1,MIP
1348,62.360763200000001,97.561176260795335,true,3.2160122583522792,true,3.1885634093500852,12874,1504,2.6185479229586067e-322,3,1,MIP
1349,62.365096399999999,97.568527126071885,true,3.2160122583522792,true,3.1886227308540551,12875,1503,2.6185479229586067e-322,3,1,MIP
1350,62.368388400000001,97.572571098687703,true,3.2160122583522792,true,3.1886388048039147,12877,1505,2.6185479229586067e-322,3,1,MIP
1351,62.373964800000003,97.581067890697824,true,3.2160122583522792,true,3.1887206570650255,12884,1501,2.6185479229586067e-322,3,1,MIP
1352,62.386647600000003,97.599213653435314,true,3.2160122583522792,true,3.1887340009631266,12886,1503,2.6185479229586067e-322,3,1,MIP
1353,62.435654,97.684513296995405,true,3.2160122583522792,true,3.1887467011739217,12896,1505,2.6185479229586067e-322,3,1,MIP
1354,62.460343899999998,97.727730700044845,true,3.2160122583522792,true,3.1887585005059051,12902,1500,2.6185479229586067e-322,3,1,MIP
1355,62.463152700000002,97.731626582736311,true,3.2160122583522792,true,3.188806669382104,12903,1501,2.6185479229586067e-322,3,1,MIP
1356,62.468181100000002,97.739118198770143,true,3.2160122583522792,true,3.1888095895223914,12904,1502,2.6185479229586067e-322,3,1,MIP
1357,62.5107651,97.805446563955613,true,3.2160122583522792,true,3.1888122955780909,12918,1502,2.6185479229586067e-322,3,1,MIP
1358,62.550690400000001,97.870871031297128,true,3.2160122583522792,true,3.1888235853138021,12931,1501,2.6185479229586067e-322,3,1,MIP
1359,62.552135700000001,97.873229487481595,true,3.2160122583522792,true,3.1888388059935391,12932,1502,2.6185479229586067e-322,3,1,MIP
1360,62.585605299999997,97.927872112450544,true,3.2160122583522792,true,3.1888842593902442,12949,1505,2.6185479229586067e-322,3,1,MIP
1361,62.599190499999999,97.950917069330799,true,3.2160122583522792,true,3.1889024711218839,12952,1504,2.6185479229586067e-322,3,1,MIP
1362,62.607694899999998,97.964704558299317,true,3.2160122583522792,true,3.1889034963043437,12955,1503,2.6185479229586067e-322,3,1,MIP
1363,62.613354299999997,97.974284698857005,true,3.2160122583522792,true,3.1889181014786452,12956,1504,2.6185479229586067e-322,3,1,MIP
1364,62.630335299999999,97.999015930186204,true,3.2160122583522792,true,3.1890131053932813,12961,1503,2.6185479229586067e-322,3,1,MIP
1365,62.646793700000003,98.021722262038807,true,3.2160122583522792,true,3.1890167737713266,12979,1508,2.6185479229586067e-322,3,1,MIP
1366,62.656872499999999,98.038248566271918,true,3.2160122583522792,true,3.1890280501751311,12984,1507,2.6185479229586067e-322,3,1,MIP
1367,62.6694867,98.059450850776159,true,3.2160122583522792,true,3.1890501174112265,12990,1504,2.6185479229586067e-322,3,1,MIP
1368,62.670190599999998,98.060620800137386,true,3.2160122583522792,true,3.1891155590092226,12991,1503,2.6185479229586067e-322,3,1,MIP
1369,62.7079314,98.119390560985536,true,3.2160122583522792,true,3.1891384863468879,12994,1502,2.6185479229586067e-322,3,1,MIP
1370,62.708238600000001,98.119786420549943,true,3.2160122583522792,true,3.1891850305675629,12995,1501,2.6185479229586067e-322,3,1,MIP
1371,62.7470365,98.182838230637344,true,3.2160122583522792,true,3.1892514775418843,13010,1502,2.6185479229586067e-322,3,1,MIP
1372,62.7504822,98.18797071849464,true,3.2160122583522792,true,3.1892573689285189,13013,1499,2.6185479229586067e-322,3,1,MIP
1373,62.755413300000001,98.198096897376928,true,3.2160122583522792,true,3.1892665122426682,13014,1498,2.6185479229586067e-322,3,1,MIP
1374,62.758775100000001,98.204543872523502,true,3.2160122583522792,true,3.1893016642460594,13015,1497,2.6185479229586067e-322,3,1,MIP
1375,62.764766399999999,98.213687243079889,true,3.2160122583522792,true,3.1893354036704689,13016,1498,2.6185479229586067e-322,3,1,MIP
1376,62.767087500000002,98.216455321571189,true,3.2160122583522792,true,3.1893694773549806,13017,1499,2.6185479229586067e-322,3,1,MIP
1377,62.792363899999998,98.263850751185487,true,3.2160122583522792,true,3.1893797376658553,13025,1497,2.6185479229586067e-322,3,1,MIP
1378,62.807068100000002,98.291025862368912,true,3.2160122583522792,true,3.1894032192864659,13026,1497,2.6185479229586067e-322,3,1,MIP
1379,62.832221699999998,98.33373370237112,true,3.2160122583522792,true,3.1894042817970756,13030,1496,2.6185479229586067e-322,3,1,MIP
1380,62.840777799999998,98.346879794896722,true,3.2160122583522792,true,3.1894062215168848,13036,1495,2.6185479229586067e-322,3,1,MIP
1381,62.841193799999999,98.347432422977917,true,3.2160122583522792,true,3.1894085588999754,13037,1496,2.6185479229586067e-322,3,1,MIP
1382,62.8704562,98.39601866106068,true,3.2160122583522792,true,3.1894176112091506,13047,1490,2.6185479229586067e-322,3,1,MIP
1383,62.874749399999999,98.403525728652099,true,3.2160122583522792,true,3.1894627988585365,13048,1491,2.6185479229586067e-322,3,1,MIP
1384,62.881259100000001,98.413795990969163,true,3.2160122583522792,true,3.1894890808213425,13049,1492,2.6185479229586067e-322,3,1,MIP
1385,62.9292309,98.499636564885222,true,3.2160122583522792,true,3.1895146623996435,13066,1490,2.6185479229586067e-322,3,1,MIP
1386,62.936915399999997,98.510356729336564,true,3.2160122583522792,true,3.1895843550352909,13068,1492,2.6185479229586067e-322,3,1,MIP
1387,62.952603799999999,98.534512797053409,true,3.2160122583522792,true,3.1895867767456303,13077,1492,2.6185479229586067e-322,3,1,MIP
1388,62.983418700000001,98.591743245933529,true,3.2160122583522792,true,3.1896258654413563,13082,1491,2.6185479229586067e-322,3,1,MIP
1389,62.996270500000001,98.6109511728217,true,3.2160122583522792,true,3.1896453377365406,13089,1490,2.6185479229586067e-322,3,1,MIP
1390,63.008063,98.629398797450818,true,3.2160122583522792,true,3.1896794025450048,13096,1489,2.6185479229586067e-322,3,1,MIP
1391,63.034634699999998,98.675546051145133,true,3.2160122583522792,true,3.1896815795646316,13099,1488,2.6185479229586067e-322,3,1,MIP
1392,63.036838099999997,98.678929761991881,true,3.2160122583522792,true,3.1896997040469888,13100,1489,2.6185479229586067e-322,3,1,MIP
1393,63.550079400000001,99.390761021984872,true,3.2160122583522792,true,3.1896997040469888,13105,1490,2.6185479229586067e-322,3,1,MIP
1394,63.584917300000001,99.446707142518406,true,3.2160122583522792,true,3.1896997836920464,13117,1487,2.6185479229586067e-322,3,1,MIP
1395,63.605068299999999,99.480954629840454,true,3.2160122583522792,true,3.1897161734986157,13122,1486,2.6185479229586067e-322,3,1,MIP
1396,63.607075500000001,99.48373257744781,true,3.2160122583522792,true,3.1897703243712709,13123,1487,2.6185479229586067e-322,3,1,MIP
1397,63.626365900000003,99.514362474031827,true,3.2160122583522792,true,3.1898045885969974,13133,1482,2.6185479229586067e-322,3,1,MIP
1398,63.633028600000003,99.524930597507534,true,3.2160122583522792,true,3.1898716265696843,13134,1483,2.6185479229586067e-322,3,1,MIP
1399,63.659485699999998,99.565420328277256,true,3.2160122583522792,true,3.1899087906722996,13149,1484,2.6185479229586067e-322,3,1,MIP
1400,63.675722999999998,99.588620984355757,true,3.2160122583522792,true,3.189929326839759,13158,1483,2.6185479229586067e-322,3,1,MIP
1401,63.690198600000002,99.615088008694983,true,3.2160122583522792,true,3.1899481133289962,13163,1478,2.6185479229586067e-322,3,1,MIP
1402,63.697117800000001,99.62763991116438,true,3.2160122583522792,true,3.1899589217681252,13164,1477,2.6185479229586067e-322,3,1,MIP
1403,63.7003889,99.632737052320252,true,3.2160122583522792,true,3.1899793057639916,13165,1478,2.6185479229586067e-322,3,1,MIP
1404,63.700870299999998,99.633297869493063,true,3.2160122583522792,true,3.1900249736598658,13166,1479,2.6185479229586067e-322,3,1,MIP
1405,63.709378399999999,99.646218635823473,true,3.2160122583522792,true,3.1900283518798469,13176,1479,2.6185479229586067e-322,3,1,MIP
1406,63.738357000000001,99.695365542535285,true,3.2160122583522792,true,3.1900553738111794,13187,1478,2.6185479229586067e-322,3,1,MIP
1407,63.751671299999998,99.717802901933254,true,3.2160122583522792,true,3.1900578597631757,13188,1479,2.6185479229586067e-322,3,1,MIP
1408,63.7869624,99.769181728003346,true,3.2160122583522792,true,3.1900585608358112,13200,1479,2.6185479229586067e-322,3,1,MIP
1409,63.8034915,99.79355639744459,true,3.2160122583522792,true,3.1900756078828572,13214,1480,2.6185479229586067e-322,3,1,MIP
1410,63.872472299999998,99.899314455453222,true,3.2160122583522792,true,3.190075630500397,13236,1479,2.6185479229586067e-322,3,1,MIP
1411,63.921863600000002,99.976429457250788,true,3.2160122583522792,true,3.1900962657955643,13247,1478,2.6185479229586067e-322,3,1,MIP
1412,63.945634499999997,100.01676946006442,true,3.2160122583522792,true,3.1900976087630428,13254,1477,2.6185479229586067e-322,3,1,MIP
1413,63.959085199999997,100.04081536235888,true,3.2160122583522792,true,3.1901003814533833,13259,1472,2.6185479229586067e-322,3,1,MIP
1414,63.965033300000002,100.05016352637783,true,3.2160122583522792,true,3.190143748384823,13260,1473,2.6185479229586067e-322,3,1,MIP
1415,63.965862999999999,100.0516763122753,true,3.2160122583522792,true,3.1901477867748831,13261,1474,2.6185479229586067e-322,3,1,MIP
1416,63.991735300000002,100.093070508705,true,3.2160122583522792,true,3.1902028212928291,13272,1473,2.6185479229586067e-322,3,1,MIP
1417,63.998068000000004,100.10253916866988,true,3.2160122583522792,true,3.1902722614580661,13273,1472,2.6185479229586067e-322,3,1,MIP
1418,64.028747999999993,100.15234656542449,true,3.2160122583522792,true,3.1903760429293984,13287,1472,2.6185479229586067e-322,3,1,MIP
1419,64.0302808,100.15513287309172,true,3.2160122583522792,true,3.1903841584907013,13288,1471,2.6185479229586067e-322,3,1,MIP
1420,64.039340499999994,100.16923440442362,true,3.2160122583522792,true,3.190393622580415,13291,1470,2.6185479229586067e-322,3,1,MIP
1421,64.039834200000001,100.16958723203659,true,3.2160122583522792,true,3.1903942020750105,13292,1471,2.6185479229586067e-322,3,1,MIP
1422,64.052130399999996,100.19159261443504,true,3.2160122583522792,true,3.1903949265833105,13297,1470,2.6185479229586067e-322,3,1,MIP
1423,64.098244199999996,100.26933400853218,true,3.2160122583522792,true,3.1904000262027838,13310,1465,2.6185479229586067e-322,3,1,MIP
1424,64.102858999999995,100.27631254074878,true,3.2160122583522792,true,3.1904436442615838,13311,1466,2.6185479229586067e-322,3,1,MIP
1425,64.104632499999994,100.27906586129146,true,3.2160122583522792,true,3.1904480712717147,13312,1467,2.6185479229586067e-322,3,1,MIP
1426,64.135163700000007,100.33387462825617,true,3.2160122583522792,true,3.1904801887643428,13321,1464,2.6185479229586067e-322,3,1,MIP
1427,64.136792,100.33626506700789,true,3.2160122583522792,true,3.1905125887560577,13322,1463,2.6185479229586067e-322,3,1,MIP
1428,64.137412299999994,100.3371248808301,true,3.2160122583522792,true,3.1905152732952917,13323,1462,2.6185479229586067e-322,3,1,MIP
1429,64.156077600000003,100.37192617343636,true,3.2160122583522792,true,3.1905760212622818,13324,1461,2.6185479229586067e-322,3,1,MIP
1430,64.158571199999997,100.37514281155434,true,3.2160122583522792,true,3.1905810844087865,13325,1462,2.6185479229586067e-322,3,1,MIP
1431,64.158983699999993,100.3756336385544,true,3.2160122583522792,true,3.1906005670528401,13326,1463,2.6185479229586067e-322,3,1,MIP
1432,64.175493099999997,100.3995890715963,true,3.2160122583522792,true,3.1906167953779141,13338,1461,2.6185479229586067e-322,3,1,MIP
1433,64.176556399999996,100.40124738806381,true,3.2160122583522792,true,3.1906539532128644,13339,1462,2.6185479229586067e-322,3,1,MIP
1434,64.194827099999998,100.42962542775123,true,3.2160122583522792,true,3.1906566518629602,13350,1461,2.6185479229586067e-322,3,1,MIP
1435,64.202201200000005,100.44148272705205,true,3.2160122583522792,true,3.1906788667155315,13355,1458,2.6185479229586067e-322,3,1,MIP
1436,64.202898500000003,100.44268083470297,true,3.2160122583522792,true,3.1907905628256397,13356,1459,2.6185479229586067e-322,3,1,MIP
1437,64.209391800000006,100.45280729915079,true,3.2160122583522792,true,3.1907935233553242,13361,1456,2.6185479229586067e-322,3,1,MIP
1438,64.210403200000002,100.45449699184506,true,3.2160122583522792,true,3.1907938963478566,13362,1457,2.6185479229586067e-322,3,1,MIP
1439,64.227476600000003,100.48023755423047,true,3.2160122583522792,true,3.1907959246734894,13372,1455,2.6185479229586067e-322,3,1,MIP
1440,64.232541699999999,100.48855604847131,true,3.2160122583522792,true,3.1908082430214018,13373,1455,2.6185479229586067e-322,3,1,MIP
1441,64.246888400000003,100.50959754418005,true,3.2160122583522792,true,3.1908114400661969,13386,1454,2.6185479229586067e-322,3,1,MIP
1442,64.257887600000004,100.52673815066792,true,3.2160122583522792,true,3.1908130097910847,13389,1455,2.6185479229586067e-322,3,1,MIP
1443,64.286379800000006,100.56949714391391,true,3.2160122583522792,true,3.1908490540850067,13400,1457,2.6185479229586067e-322,3,1,MIP
1444,64.291490400000001,100.57746849724354,true,3.2160122583522792,true,3.1908519113786418,13405,1452,2.6185479229586067e-322,3,1,MIP
1445,64.296803499999996,100.58663181466194,true,3.2160122583522792,true,3.1908754252302245,13406,1453,2.6185479229586067e-322,3,1,MIP
1446,64.297195500000001,100.58717363394246,true,3.2160122583522792,true,3.1908862150360204,13407,1454,2.6185479229586067e-322,3,1,MIP
1447,64.310553400000003,100.60852768622824,true,3.2160122583522792,true,3.190912828483913,13416,1455,2.6185479229586067e-322,3,1,MIP
1448,64.330321299999994,100.64236003892641,true,3.2160122583522792,true,3.1909754253345395,13423,1452,2.6185479229586067e-322,3,1,MIP
1449,64.332372399999997,100.64587031549992,true,3.2160122583522792,true,3.1909842603331042,13424,1453,2.6185479229586067e-322,3,1,MIP
1450,64.339860700000003,100.65779286933031,true,3.2160122583522792,true,3.1909894496261493,13429,1452,2.6185479229586067e-322,3,1,MIP
1451,64.353956199999999,100.67905669411306,true,3.2160122583522792,true,3.1910464706922563,13446,1455,2.6185479229586067e-322,3,1,MIP
1452,64.3647335,100.69620835596817,true,3.2160122583522792,true,3.1910641680520215,13447,1456,2.6185479229586067e-322,3,1,MIP
1453,64.379092600000007,100.71991924409141,true,3.2160122583522792,true,3.191079150029335,13448,1457,2.6185479229586067e-322,3,1,MIP
1454,64.394915400000002,100.74399824934203,true,3.2160122583522792,true,3.1911125387056147,13455,1456,2.6185479229586067e-322,3,1,MIP
1455,64.418778399999994,100.78769681043809,true,3.2160122583522792,true,3.1911132214824343,13460,1455,2.6185479229586067e-322,3,1,MIP
1456,64.490850499999993,100.90608964408673,true,3.2160122583522792,true,3.1911274181782421,13477,1456,2.6185479229586067e-322,3,1,MIP
1457,64.501342500000007,100.92272612807406,true,3.2160122583522792,true,3.1911386149214893,13484,1455,2.6185479229586067e-322,3,1,MIP
1458,64.534058700000003,100.97429639313856,true,3.2160122583522792,true,3.1911847952511789,13501,1454,2.6185479229586067e-322,3,1,MIP
1459,64.540114399999993,100.98386641112162,true,3.2160122583522792,true,3.1911877040759213,13502,1455,2.6185479229586067e-322,3,1,MIP
1460,64.5621048,101.01848294364601,true,3.2160122583522792,true,3.1912036587414097,13509,1455,2.6185479229586067e-322,3,1,MIP
1461,64.585594700000001,101.05573710835525,true,3.2160122583522792,true,3.1912294236750087,13529,1457,2.6185479229586067e-322,3,1,MIP
1462,64.588070599999995,101.05974451817217,true,3.2160122583522792,true,3.1912362305993716,13530,1458,2.6185479229586067e-322,3,1,MIP
1463,64.601569400000002,101.08014841545985,true,3.2160122583522792,true,3.1912411654172721,13539,1457,2.6185479229586067e-322,3,1,MIP
1464,64.608972399999999,101.09170343369138,true,3.2160122583522792,true,3.1912565552925787,13547,1453,2.6185479229586067e-322,3,1,MIP
1465,64.635355899999993,101.14093559721385,true,3.2160122583522792,true,3.19129480147192,13548,1454,2.6185479229586067e-322,3,1,MIP
1466,64.636752000000001,101.14324537839319,true,3.2160122583522792,true,3.1912955310899438,13549,1455,2.6185479229586067e-322,3,1,MIP
1467,64.6520206,101.1672524171057,true,3.2160122583522792,true,3.1913366982711135,13558,1456,2.6185479229586067e-322,3,1,MIP
1468,64.680850599999999,101.21159014854054,true,3.2160122583522792,true,3.191409982084255,13577,1454,2.6185479229586067e-322,3,1,MIP
1469,64.700804500000004,101.24079470535011,true,3.2160122583522792,true,3.191442911844764,13584,1455,2.6185479229586067e-322,3,1,MIP
1470,64.726983200000006,101.28106604505379,true,3.2160122583522792,true,3.191464861247804,13595,1457,2.6185479229586067e-322,3,1,MIP
1471,64.757744799999998,101.32830111128457,true,3.2160122583522792,true,3.1914829108134675,13600,1458,2.6185479229586067e-322,3,1,MIP
1472,64.774369699999994,101.35285333951487,true,3.2160122583522792,true,3.1914865420958773,13609,1457,2.6185479229586067e-322,3,1,MIP
1473,64.782094799999996,101.3649375830887,true,3.2160122583522792,true,3.1915001355349482,13618,1454,2.6185479229586067e-322,3,1,MIP
1474,64.785942300000002,101.37050764619659,true,3.2160122583522792,true,3.1915151709443825,13619,1455,2.6185479229586067e-322,3,1,MIP
1475,64.786663399999995,101.37155096601435,true,3.2160122583522792,true,3.191537852986134,13620,1456,2.6185479229586067e-322,3,1,MIP
1476,64.806210500000006,101.40785861415949,true,3.2160122583522792,true,3.1915446571232549,13627,1455,2.6185479229586067e-322,3,1,MIP
1477,64.858253000000005,101.50238498039526,true,3.2160122583522792,true,3.1915447116746432,13637,1453,2.6185479229586067e-322,3,1,MIP
1478,64.860070699999994,101.50516629114924,true,3.2160122583522792,true,3.1915638225367338,13638,1452,2.6185479229586067e-322,3,1,MIP
1479,64.866492899999997,101.51606860282837,true,3.2160122583522792,true,3.1915743783622923,13639,1453,2.6185479229586067e-322,3,1,MIP
1480,64.866963499999997,101.51669543033697,true,3.2160122583522792,true,3.1915859993891571,13640,1452,2.6185479229586067e-322,3,1,MIP
1481,64.872113999999996,101.52386611651572,true,3.2160122583522792,true,3.1915947056490013,13643,1453,2.6185479229586067e-322,3,1,MIP
1482,64.883378300000004,101.54080170803239,true,3.2160122583522792,true,3.1916055769620431,13659,1460,2.6185479229586067e-322,3,1,MIP
1483,64.897158200000007,101.55982775364052,true,3.2160122583522792,true,3.1917247971992468,13671,1460,2.6185479229586067e-322,3,1,MIP
1484,64.906307499999997,101.57352284088313,true,3.2160122583522792,true,3.1917261084442354,13679,1458,2.6185479229586067e-322,3,1,MIP
1485,64.926405799999998,101.61010887648669,true,3.2160122583522792,true,3.1917390682808966,13682,1457,2.6185479229586067e-322,3,1,MIP
1486,64.929599400000001,101.61493892647806,true,3.2160122583522792,true,3.1917495464644627,13683,1458,2.6185479229586067e-322,3,1,MIP
1487,64.979709600000007,101.69767425253389,true,3.2160122583522792,true,3.191751018664335,13699,1456,2.6185479229586067e-322,3,1,MIP
1488,64.980033300000002,101.69811542560147,true,3.2160122583522792,true,3.1917783879957091,13700,1457,2.6185479229586067e-322,3,1,MIP
1489,64.995299599999996,101.72148733893627,true,3.2160122583522792,true,3.1918129527100714,13709,1456,2.6185479229586067e-322,3,1,MIP
1490,65.021930999999995,101.76710460132983,true,3.2160122583522792,true,3.1918131687724096,13712,1453,2.6185479229586067e-322,3,1,MIP
1491,65.029006800000005,101.77891126170812,true,3.2160122583522792,true,3.1918179062765448,13713,1454,2.6185479229586067e-322,3,1,MIP
1492,65.030040700000001,101.78047282104735,true,3.2160122583522792,true,3.1918244281004498,13714,1453,2.6185479229586067e-322,3,1,MIP
1493,65.034980899999994,101.78624982391344,true,3.2160122583522792,true,3.1918402216602888,13717,1454,2.6185479229586067e-322,3,1,MIP
1494,65.041882200000003,101.7959709843571,true,3.2160122583522792,true,3.1918410946173084,13723,1453,2.6185479229586067e-322,3,1,MIP
1495,65.050779599999998,101.80841535326989,true,3.2160122583522792,true,3.1918734888709728,13733,1451,2.6185479229586067e-322,3,1,MIP
1496,65.054654999999997,101.81454859572619,true,3.2160122583522792,true,3.1918798635380541,13734,1452,2.6185479229586067e-322,3,1,MIP
1497,65.055274900000001,101.81547083233002,true,3.2160122583522792,true,3.1918811014145425,13735,1453,2.6185479229586067e-322,3,1,MIP
1498,65.079006300000003,101.8539900618286,true,3.2160122583522792,true,3.1918826672594967,13747,1453,2.6185479229586067e-322,3,1,MIP
1499,65.088338300000004,101.87054502340459,true,3.2160122583522792,true,3.1919032547746049,13750,1450,2.6185479229586067e-322,3,1,MIP
1500,65.093832500000005,101.87987698883225,true,3.2160122583522792,true,3.1919183659740638,13751,1451,2.6185479229586067e-322,3,1,MIP
1501,65.097063700000007,101.88507751646483,true,3.2160122583522792,true,3.1919453032777954,13752,1452,2.6185479229586067e-322,3,1,MIP
1502,65.125174099999995,101.92922278182354,true,3.2160122583522792,true,3.1919457038451577,13760,1449,2.6185479229586067e-322,3,1,MIP
1503,65.131197900000004,101.9381494710595,true,3.2160122583522792,true,3.1919503101600459,13761,1450,2.6185479229586067e-322,3,1,MIP
1504,65.173698200000004,102.00202842699329,true,3.2160122583522792,true,3.1920133041709664,13775,1454,2.6185479229586067e-322,3,1,MIP
1505,65.209411599999996,102.05666145160681,true,3.2160122583522792,true,3.1920360021006298,13792,1457,2.6185479229586067e-322,3,1,MIP
1506,65.234941899999995,102.1014769647456,true,3.2160122583522792,true,3.1920579291542461,13803,1456,2.6185479229586067e-322,3,1,MIP
1507,65.241489000000001,102.11197899642872,true,3.2160122583522792,true,3.1920649922240631,13805,1458,2.6185479229586067e-322,3,1,MIP
1508,65.262602700000002,102.14609084361952,true,3.2160122583522792,true,3.1920693501455837,13821,1456,2.6185479229586067e-322,3,1,MIP
1509,65.2645318,102.14929213143311,true,3.2160122583522792,true,3.1920889874274079,13822,1457,2.6185479229586067e-322,3,1,MIP
1510,65.293196300000005,102.19634442273374,true,3.2160122583522792,true,3.1921036275520565,13835,1456,2.6185479229586067e-322,3,1,MIP
1511,65.328766299999998,102.25107698622051,true,3.2160122583522792,true,3.1921349459137622,13851,1458,2.6185479229586067e-322,3,1,MIP
1512,65.348439299999995,102.28211480318194,true,3.2160122583522792,true,3.1921494573448719,13858,1455,2.6185479229586067e-322,3,1,MIP
1513,65.379754700000007,102.33272816402527,true,3.2160122583522792,true,3.1921658908413737,13861,1454,2.6185479229586067e-322,3,1,MIP
1514,65.380189900000005,102.33322508238676,true,3.2160122583522792,true,3.1922003286515137,13862,1455,2.6185479229586067e-322,3,1,MIP
1515,65.385814699999997,102.3420795895026,true,3.2160122583522792,true,3.1922015478090424,13868,1454,2.6185479229586067e-322,3,1,MIP
1516,65.400662199999999,102.36128622477591,true,3.2160122583522792,true,3.1922179817416847,13876,1453,2.6185479229586067e-322,3,1,MIP
1517,65.434075399999998,102.41803336238098,true,3.2160122583522792,true,3.1922407661508574,13896,1462,2.6185479229586067e-322,3,1,MIP
1518,65.452445299999994,102.44719518783009,true,3.2160122583522792,true,3.1922412975386796,13903,1461,2.6185479229586067e-322,3,1,MIP
1519,65.478759800000006,102.4893979323341,true,3.2160122583522792,true,3.1922953874007094,13920,1466,2.6185479229586067e-322,3,1,MIP
1520,65.483192900000006,102.49755670787273,true,3.2160122583522792,true,3.1923014530266705,13921,1465,2.6185479229586067e-322,3,1,MIP
1521,65.493473600000002,102.51314237624801,true,3.2160122583522792,true,3.1923133695939634,13924,1464,2.6185479229586067e-322,3,1,MIP
1522,65.530753300000001,102.58480077043916,true,3.2160122583522792,true,3.1924096291994921,13927,1463,2.6185479229586067e-322,3,1,MIP
1523,65.538940800000006,102.59745169330708,true,3.2160122583522792,true,3.1924302061259198,13930,1464,2.6185479229586067e-322,3,1,MIP
1524,65.556803500000001,102.6262386947365,true,3.2160122583522792,true,3.1924322540028762,13935,1461,2.6185479229586067e-322,3,1,MIP
1525,65.583451699999998,102.66532661131306,true,3.2160122583522792,true,3.1924357076798255,13946,1460,2.6185479229586067e-322,3,1,MIP
1526,65.601303099999996,102.69203228826152,true,3.2160122583522792,true,3.1924430503947101,13961,1461,2.6185479229586067e-322,3,1,MIP
1527,65.613357399999998,102.71406469216525,true,3.2160122583522792,true,3.1924486327599157,13962,1460,2.6185479229586067e-322,3,1,MIP
1528,65.618646600000005,102.7220691131697,true,3.2160122583522792,true,3.1924550521658643,13963,1461,2.6185479229586067e-322,3,1,MIP
1529,65.625486300000006,102.73226638994522,true,3.2160122583522792,true,3.1924676281891804,13964,1460,2.6185479229586067e-322,3,1,MIP
1530,65.719626099999999,102.87647261306098,true,3.2160122583522792,true,3.1924685120692926,14005,1462,2.6185479229586067e-322,3,1,MIP
1531,65.724908499999998,102.88506386812817,true,3.2160122583522792,true,3.1924760024322159,14008,1463,2.6185479229586067e-322,3,1,MIP
1532,65.733470299999993,102.89863279251036,true,3.2160122583522792,true,3.1924891955538488,14013,1462,2.6185479229586067e-322,3,1,MIP
1533,65.738525699999997,102.90635122603436,true,3.2160122583522792,true,3.1925334520935831,14018,1459,2.6185479229586067e-322,3,1,MIP
1534,65.740560500000001,102.90907186669128,true,3.2160122583522792,true,3.1925546120073589,14021,1456,2.6185479229586067e-322,3,1,MIP
1535,65.742193799999995,102.91195294252449,true,3.2160122583522792,true,3.1925593667307646,14022,1455,2.6185479229586067e-322,3,1,MIP
1536,65.746432799999994,102.91877585133278,true,3.2160122583522792,true,3.1925788302610356,14023,1456,2.6185479229586067e-322,3,1,MIP
1537,65.746786700000001,102.91924771344564,true,3.2160122583522792,true,3.1926113342396878,14024,1457,2.6185479229586067e-322,3,1,MIP
1538,65.780333900000002,102.97901615685373,true,3.2160122583522792,true,3.1926489305489216,14029,1452,2.6185479229586067e-322,3,1,MIP
1539,65.791837700000002,102.99980989930479,true,3.2160122583522792,true,3.1926713012313037,14030,1452,2.6185479229586067e-322,3,1,MIP
1540,65.792982600000002,103.00023571555423,true,3.2160122583522792,true,3.19267338397214,14031,1451,2.6185479229586067e-322,3,1,MIP
1541,65.801625299999998,103.01288204294455,true,3.2160122583522792,true,3.1926760771598941,14033,1451,2.6185479229586067e-322,3,1,MIP
1542,65.818523499999998,103.04063890437619,true,3.2160122583522792,true,3.1927018341968365,14037,1450,2.6185479229586067e-322,3,1,MIP
1543,65.832779900000006,103.06689944467718,true,3.2160122583522792,true,3.1927178563483918,14041,1446,2.6185479229586067e-322,3,1,MIP
1544,65.835194099999995,103.07058828197128,true,3.2160122583522792,true,3.1927409048191602,14042,1446,2.6185479229586067e-322,3,1,MIP
1545,65.835752299999996,103.07134287974215,true,3.2160122583522792,true,3.1927424392621524,14043,1447,2.6185479229586067e-322,3,1,MIP
1546,65.843715000000003,103.08334329446278,true,3.2160122583522792,true,3.1927733154843212,14048,1447,2.6185479229586067e-322,3,1,MIP
1547,65.905317199999999,103.17282756619417,true,3.2160122583522792,true,3.192782039659031,14088,1459,2.6185479229586067e-322,3,1,MIP
1548,65.941095000000004,103.23545454905435,true,3.2160122583522792,true,3.1927914046895198,14096,1457,2.6185479229586067e-322,3,1,MIP
1549,65.946277600000002,103.24394631532391,true,3.2160122583522792,true,3.1928089366099641,14097,1458,2.6185479229586067e-322,3,1,MIP
1550,65.9912791,103.32059500912602,true,3.2160122583522792,true,3.192811275235333,14109,1456,2.6185479229586067e-322,3,1,MIP
1551,65.994638899999998,103.32637677572507,true,3.2160122583522792,true,3.1928415693023764,14110,1457,2.6185479229586067e-322,3,1,MIP
1552,66.011185499999996,103.35192911918409,true,3.2160122583522792,true,3.192880284867333,14121,1452,2.6185479229586067e-322,3,1,MIP
1553,66.013825900000001,103.35618742546805,true,3.2160122583522792,true,3.1928818620671837,14122,1451,2.6185479229586067e-322,3,1,MIP
1554,66.0166751,103.36021612415162,true,3.2160122583522792,true,3.1928824766310124,14123,1450,2.6185479229586067e-322,3,1,MIP
1555,66.021052499999996,103.36681832913145,true,3.2160122583522792,true,3.1928866571471826,14124,1451,2.6185479229586067e-322,3,1,MIP
1556,66.022164700000005,103.36849138472348,true,3.2160122583522792,true,3.1928899808485869,14125,1452,2.6185479229586067e-322,3,1,MIP
1557,66.034075799999997,103.38276027183797,true,3.2160122583522792,true,3.1929079022127915,14136,1448,2.6185479229586067e-322,3,1,MIP
1558,66.052331899999999,103.41212456808542,true,3.2160122583522792,true,3.1929248416883063,14140,1447,2.6185479229586067e-322,3,1,MIP
1559,66.053605200000007,103.41392055943226,true,3.2160122583522792,true,3.1929335492689255,14141,1447,2.6185479229586067e-322,3,1,MIP
1560,66.076576500000002,103.45524490377539,true,3.2160122583522792,true,3.1929459200320531,14145,1447,2.6185479229586067e-322,3,1,MIP
1561,66.105666799999995,103.50172332664117,true,3.2160122583522792,true,3.1929675670834317,14155,1445,2.6185479229586067e-322,3,1,MIP
1562,66.113098100000002,103.51355834769358,true,3.2160122583522792,true,3.1929708977989102,14158,1446,2.6185479229586067e-322,3,1,MIP
1563,66.129841900000002,103.53848989002248,true,3.2160122583522792,true,3.1929712559125751,14168,1446,2.6185479229586067e-322,3,1,MIP
1564,66.140759599999996,103.55470694873198,true,3.2160122583522792,true,3.1930343419794225,14181,1449,2.6185479229586067e-322,3,1,MIP
1565,66.156326199999995,103.57733251091609,true,3.2160122583522792,true,3.193035348474039,14195,1444,2.6185479229586067e-322,3,1,MIP
1566,66.159777599999998,103.58234239702176,true,3.2160122583522792,true,3.1930365135400987,14196,1445,2.6185479229586067e-322,3,1,MIP
1567,66.161193600000004,103.58450092875314,true,3.2160122583522792,true,3.1930530725453865,14197,1446,2.6185479229586067e-322,3,1,MIP
1568,66.177081099999995,103.60944742941838,true,3.2160122583522792,true,3.1930750483201398,14208,1444,2.6185479229586067e-322,3,1,MIP
1569,66.178001100000003,103.61061277061923,true,3.2160122583522792,true,3.1930803331893483,14209,1443,2.6185479229586067e-322,3,1,MIP
1570,66.183858900000004,103.61905382086303,true,3.2160122583522792,true,3.193081902666755,14212,1442,2.6185479229586067e-322,3,1,MIP
1571,66.183932299999995,103.61910100786304,true,3.2160122583522792,true,3.1930874026102716,14213,1441,2.6185479229586067e-322,3,1,MIP
1572,66.190977200000006,103.6303788476968,true,3.2160122583522792,true,3.1931028454593564,14216,1442,2.6185479229586067e-322,3,1,MIP
1573,66.221793000000005,103.68339463459758,true,3.2160122583522792,true,3.1931541014801317,14223,1441,2.6185479229586067e-322,3,1,MIP
1574,66.253253599999994,103.73376155010131,true,3.2160122583522792,true,3.1931545796648653,14236,1446,2.6185479229586067e-322,3,1,MIP
1575,66.268010799999999,103.75657081440849,true,3.2160122583522792,true,3.1931784742041884,14243,1443,2.6185479229586067e-322,3,1,MIP
1576,66.276228500000002,103.76959005022152,true,3.2160122583522792,true,3.1931819150184797,14246,1444,2.6185479229586067e-322,3,1,MIP
1577,66.283215299999995,103.77865045130781,true,3.2160122583522792,true,3.1932148122100656,14256,1442,2.6185479229586067e-322,3,1,MIP
1578,66.283790499999995,103.77963500305235,true,3.2160122583522792,true,3.1932166066603402,14257,1443,2.6185479229586067e-322,3,1,MIP
1579,66.3072461,103.81305194925065,true,3.2160122583522792,true,3.1932189643781586,14270,1440,2.6185479229586067e-322,3,1,MIP
1580,66.3225056,103.83556104247448,true,3.2160122583522792,true,3.19323101983536,14278,1436,2.6185479229586067e-322,3,1,MIP
1581,66.330512900000002,103.84832931404218,true,3.2160122583522792,true,3.1932436139585003,14279,1437,2.6185479229586067e-322,3,1,MIP
1582,66.330787900000004,103.84873405566971,true,3.2160122583522792,true,3.1932563504063021,14280,1436,2.6185479229586067e-322,3,1,MIP
1583,66.338357200000004,103.86062442972029,true,3.2160122583522792,true,3.1932762820598692,14283,1437,2.6185479229586067e-322,3,1,MIP
1584,66.360713599999997,103.89576987126398,true,3.2160122583522792,true,3.1933244634355828,14296,1433,2.6185479229586067e-322,3,1,MIP
1585,66.3608045,103.89586942126398,true,3.2160122583522792,true,3.1933245659996179,14297,1432,2.6185479229586067e-322,3,1,MIP
1586,66.390991499999998,103.95166734444884,true,3.2160122583522792,true,3.1933316626941997,14298,1431,2.6185479229586067e-322,3,1,MIP
1587,66.394658100000001,103.95759925410097,true,3.2160122583522792,true,3.1933683476679509,14299,1430,2.6185479229586067e-322,3,1,MIP
1588,66.401259499999995,103.96777768161728,true,3.2160122583522792,true,3.1933942027171014,14300,1431,2.6185479229586067e-322,3,1,MIP
1589,66.404159000000007,103.97270659070513,true,3.2160122583522792,true,3.1934043314780709,14301,1432,2.6185479229586067e-322,3,1,MIP
1590,66.432369899999998,104.0200243939892,true,3.2160122583522792,true,3.1934702300162439,14311,1430,2.6185479229586067e-322,3,1,MIP
1591,66.443899000000002,104.03837296280072,true,3.2160122583522792,true,3.1934819056182513,14312,1431,2.6185479229586067e-322,3,1,MIP
1592,66.459188400000002,104.06206091366566,true,3.2160122583522792,true,3.1934925961772334,14321,1431,2.6185479229586067e-322,3,1,MIP
1593,66.483785100000006,104.09549525224311,true,3.2160122583522792,true,3.1935818311496007,14331,1431,2.6185479229586067e-322,3,1,MIP
1594,66.538399100000007,104.18039492065016,true,3.2160122583522792,true,3.1935925169257637,14355,1432,2.6185479229586067e-322,3,1,MIP
1595,66.550367699999995,104.19788378580392,true,3.2160122583522792,true,3.1936362307283348,14356,1433,2.6185479229586067e-322,3,1,MIP
1596,66.597024099999999,104.26983064210306,true,3.2160122583522792,true,3.1936407898477781,14368,1435,2.6185479229586067e-322,3,1,MIP
1597,66.603978400000003,104.28090073129511,true,3.2160122583522792,true,3.1936639502993063,14371,1434,2.6185479229586067e-322,3,1,MIP
1598,66.604687999999996,104.28194616756369,true,3.2160122583522792,true,3.1936858748670964,14372,1434,2.6185479229586067e-322,3,1,MIP
1599,66.613448899999995,104.29457551356813,true,3.2160122583522792,true,3.1936888303262156,14378,1434,2.6185479229586067e-322,3,1,MIP
1600,66.689769799999993,104.44239513583101,true,3.2160122583522792,true,3.1936928677129979,14388,1434,2.6185479229586067e-322,3,1,MIP
1601,66.709172300000006,104.47398179071324,true,3.2160122583522792,true,3.1937008219326861,14392,1430,2.6185479229586067e-322,3,1,MIP
1602,66.711510700000005,104.47712169739256,true,3.2160122583522792,true,3.1937032372983865,14393,1431,2.6185479229586067e-322,3,1,MIP
1603,66.712918500000001,104.47849029067319,true,3.2160122583522792,true,3.1937129229542975,14394,1432,2.6185479229586067e-322,3,1,MIP
1604,66.727259900000007,104.50162311240017,true,3.2160122583522792,true,3.1937136666903312,14405,1432,2.6185479229586067e-322,3,1,MIP
1605,66.771884099999994,104.57720613021887,true,3.2160122583522792,true,3.1937164079810865,14420,1433,2.6185479229586067e-322,3,1,MIP
1606,66.799777300000002,104.61952413308076,true,3.2160122583522792,true,3.1937198465297132,14428,1432,2.6185479229586067e-322,3,1,MIP
1607,66.823854400000002,104.65849457597827,true,3.2160122583522792,true,3.1937223090597779,14440,1430,2.6185479229586067e-322,3,1,MIP
1608,66.826382699999996,104.66244853377675,true,3.2160122583522792,true,3.1937230085838006,14441,1429,2.6185479229586067e-322,3,1,MIP
1609,66.827019100000001,104.66330020311167,true,3.2160122583522792,true,3.193773185824472,14442,1428,2.6185479229586067e-322,3,1,MIP
1610,66.827161200000006,104.66343713511168,true,3.2160122583522792,true,3.1938009371816385,14443,1427,2.6185479229586067e-322,3,1,MIP
1611,66.827340500000005,104.66366564511168,true,3.2160122583522792,true,3.1938028798664906,14444,1426,2.6185479229586067e-322,3,1,MIP
1612,66.831844099999998,104.67061336986417,true,3.2160122583522792,true,3.1938055339840119,14445,1427,2.6185479229586067e-322,3,1,MIP
1613,66.832880700000004,104.6721553298888,true,3.2160122583522792,true,3.1938065646436988,14446,1428,2.6185479229586067e-322,3,1,MIP
1614,66.863652400000007,104.72040677351588,true,3.2160122583522792,true,3.1938133022809847,14463,1436,2.6185479229586067e-322,3,1,MIP
1615,66.8850999,104.75342951538877,true,3.2160122583522792,true,3.1938481159193932,14472,1435,2.6185479229586067e-322,3,1,MIP
1616,66.918076299999996,104.80563165999679,true,3.2160122583522792,true,3.1938502576559076,14481,1434,2.6185479229586067e-322,3,1,MIP
1617,66.9214597,104.8119955344234,true,3.2160122583522792,true,3.1938782118015441,14482,1435,2.6185479229586067e-322,3,1,MIP
1618,66.952683800000003,104.86192625346938,true,3.2160122583522792,true,3.1938855356852636,14493,1436,2.6185479229586067e-322,3,1,MIP
1619,66.955062699999999,104.86620245542385,true,3.2160122583522792,true,3.1939531885799388,14494,1437,2.6185479229586067e-322,3,1,MIP
1620,66.966218299999994,104.88215422519946,true,3.2160122583522792,true,3.19396761876714,14501,1434,2.6185479229586067e-322,3,1,MIP
1621,66.972237800000002,104.89058716140697,true,3.2160122583522792,true,3.1939877047805401,14505,1433,2.6185479229586067e-322,3,1,MIP
1622,66.977515100000005,104.89769330044015,true,3.2160122583522792,true,3.1940126489939535,14512,1432,2.6185479229586067e-322,3,1,MIP
1623,66.991581999999994,104.92136454511869,true,3.2160122583522792,true,3.1940730069489724,14517,1430,2.6185479229586067e-322,3,1,MIP
1624,66.999915099999996,104.93411141011327,true,3.2160122583522792,true,3.1940768458198501,14519,1432,2.6185479229586067e-322,3,1,MIP
1625,67.029739000000006,104.9799520462541,true,3.2160122583522792,true,3.1940890401473712,14529,1431,2.6185479229586067e-322,3,1,MIP
1626,67.030474999999996,104.98096026263273,true,3.2160122583522792,true,3.1941018061614126,14530,1432,2.6185479229586067e-322,3,1,MIP
1627,67.048104199999997,105.01182576391477,true,3.2160122583522792,true,3.1941456917157467,14535,1430,2.6185479229586067e-322,3,1,MIP
1628,67.056396699999993,105.02433422581321,true,3.2160122583522792,true,3.1941929871532988,14539,1428,2.6185479229586067e-322,3,1,MIP
1629,67.057049000000006,105.0252553886575,true,3.2160122583522792,true,3.1942116088241663,14540,1429,2.6185479229586067e-322,3,1,MIP
1630,67.103049999999996,105.11157727824448,true,3.2160122583522792,true,3.194224396068214,14548,1428,2.6185479229586067e-322,3,1,MIP
1631,67.140211399999998,105.17265261012923,true,3.2160122583522792,true,3.1942309285325803,14555,1423,2.6185479229586067e-322,3,1,MIP
1632,67.142654500000006,105.17598085290606,true,3.2160122583522792,true,3.1942447236477824,14556,1424,2.6185479229586067e-322,3,1,MIP
1633,67.144231399999995,105.1781506063264,true,3.2160122583522792,true,3.1942917879983757,14557,1424,2.6185479229586067e-322,3,1,MIP
1634,67.151191900000001,105.18845596966729,true,3.2160122583522792,true,3.1942993593849991,14563,1421,2.6185479229586067e-322,3,1,MIP
1635,67.155866799999998,105.19577058040909,true,3.2160122583522792,true,3.1943004948666269,14565,1423,2.6185479229586067e-322,3,1,MIP
1636,67.183499100000006,105.24344147532325,true,3.2160122583522792,true,3.1943203964228566,14577,1423,2.6185479229586067e-322,3,1,MIP
1637,67.254910800000005,105.35103912050202,true,3.2160122583522792,true,3.1943218602673751,14610,1427,2.6185479229586067e-322,3,1,MIP
1638,67.295809599999998,105.41695172707246,true,3.2160122583522792,true,3.1943421255486317,14631,1434,2.6185479229586067e-322,3,1,MIP
1639,67.311529500000006,105.44212430340045,true,3.2160122583522792,true,3.1943528984431291,14634,1433,2.6185479229586067e-322,3,1,MIP
1640,67.328038000000006,105.46913029996624,true,3.2160122583522792,true,3.1943570831217465,14639,1432,2.6185479229586067e-322,3,1,MIP
1641,67.344140999999993,105.49416753563496,true,3.2160122583522792,true,3.1943667301692886,14642,1433,2.6185479229586067e-322,3,1,MIP
1642,67.359258299999993,105.51464632923557,true,3.2160122583522792,true,3.1944059254006771,14651,1432,2.6185479229586067e-322,3,1,MIP
1643,67.369532800000002,105.53003875993709,true,3.2160122583522792,true,3.1944176473661288,14663,1432,2.6185479229586067e-322,3,1,MIP
1644,67.389315699999997,105.55991475464199,true,3.2160122583522792,true,3.1944340810739691,14689,1440,2.6185479229586067e-322,3,1,MIP
1645,67.415304399999997,105.6043015194788,true,3.2160122583522792,true,3.1944342620367578,14694,1439,2.6185479229586067e-322,3,1,MIP
1646,67.419657099999995,105.61030490426204,true,3.2160122583522792,true,3.1944427438583904,14697,1438,2.6185479229586067e-322,3,1,MIP
1647,67.431175800000005,105.62899110518504,true,3.2160122583522792,true,3.194445869454269,14700,1437,2.6185479229586067e-322,3,1,MIP
1648,67.441902600000006,105.64917440403144,true,3.2160122583522792,true,3.1944833820012746,14703,1438,2.6185479229586067e-322,3,1,MIP
1649,67.450324899999998,105.66172222606795,true,3.2160122583522792,true,3.1944898676985933,14710,1435,2.6185479229586067e-322,3,1,MIP
1650,67.457717500000001,105.6739488170893,true,3.2160122583522792,true,3.1945230991820353,14713,1434,2.6185479229586067e-322,3,1,MIP
1651,67.478412899999995,105.70439371466604,true,3.2160122583522792,true,3.1945239046739924,14728,1432,2.6185479229586067e-322,3,1,MIP
1652,67.478886099999997,105.70503153113515,true,3.2160122583522792,true,3.1945747585180855,14729,1431,2.6185479229586067e-322,3,1,MIP
1653,67.517213499999997,105.7767848785813,true,3.2160122583522792,true,3.1945948325553042,14731,1431,2.6185479229586067e-322,3,1,MIP
1654,67.546630199999996,105.82476707623161,true,3.2160122583522792,true,3.1946740512935605,14734,1430,2.6185479229586067e-322,3,1,MIP
1655,67.548138699999996,105.82700934114045,true,3.2160122583522792,true,3.1947538359708108,14735,1429,2.6185479229586067e-322,3,1,MIP
1656,67.559044799999995,105.84442433281568,true,3.2160122583522792,true,3.1947565107960747,14738,1430,2.6185479229586067e-322,3,1,MIP
1657,67.565291599999995,105.85447372598776,true,3.2160122583522792,true,3.1947687291899882,14747,1427,2.6185479229586067e-322,3,1,MIP
1658,67.569926199999998,105.85980610928478,true,3.2160122583522792,true,3.1947717869929617,14748,1428,2.6185479229586067e-322,3,1,MIP
1659,67.570160000000001,105.86008291702784,true,3.2160122583522792,true,3.1947852153863661,14749,1427,2.6185479229586067e-322,3,1,MIP
1660,67.579849600000003,105.87452069771858,true,3.2160122583522792,true,3.1948162913423435,14758,1426,2.6185479229586067e-322,3,1,MIP
1661,67.592371,105.89697539266994,true,3.2160122583522792,true,3.1948520169346484,14761,1425,2.6185479229586067e-322,3,1,MIP
1662,67.593722900000003,105.89955032942865,true,3.2160122583522792,true,3.1948744187510618,14762,1426,2.6185479229586067e-322,3,1,MIP
1663,67.618381400000004,105.93848638734653,true,3.2160122583522792,true,3.1948885976901855,14783,1425,2.6185479229586067e-322,3,1,MIP
1664,67.619639000000006,105.94022537112849,true,3.2160122583522792,true,3.1948919414416368,14784,1424,2.6185479229586067e-322,3,1,MIP
1665,67.622416599999994,105.94455789522472,true,3.2160122583522792,true,3.1949026068036543,14785,1425,2.6185479229586067e-322,3,1,MIP
1666,67.6253083,105.94914012088869,true,3.2160122583522792,true,3.1949161476820449,14786,1426,2.6185479229586067e-322,3,1,MIP
1667,67.626764499999993,105.95103628737519,true,3.2160122583522792,true,3.1949186857394145,14791,1421,2.6185479229586067e-322,3,1,MIP
1668,67.626964299999997,105.95129540337518,true,3.2160122583522792,true,3.1949307137212095,14792,1420,2.6185479229586067e-322,3,1,MIP
1669,67.648157999999995,105.99163377686904,true,3.2160122583522792,true,3.1949835917300069,14793,1421,2.6185479229586067e-322,3,1,MIP
1670,67.656104099999993,106.00739020815206,true,3.2160122583522792,true,3.1950040641201944,14794,1420,2.6185479229586067e-322,3,1,MIP
1671,67.669230999999996,106.02911070416305,true,3.2160122583522792,true,3.1950048035583265,14801,1417,2.6185479229586067e-322,3,1,MIP
1672,67.670404099999999,106.03088246250066,true,3.2160122583522792,true,3.1950119201205718,14802,1416,2.6185479229586067e-322,3,1,MIP
1673,67.676991200000003,106.04307073423141,true,3.2160122583522792,true,3.1950366549751399,14803,1417,2.6185479229586067e-322,3,1,MIP
1674,67.677358600000005,106.04356929949417,true,3.2160122583522792,true,3.1950409672251747,14804,1418,2.6185479229586067e-322,3,1,MIP
1675,67.701027499999995,106.08013798428365,true,3.2160122583522792,true,3.1950500151382735,14819,1422,2.6185479229586067e-322,3,1,MIP
1676,67.723588100000001,106.11669817766548,true,3.2160122583522792,true,3.1950547941811838,14833,1421,2.6185479229586067e-322,3,1,MIP
1677,67.741055700000004,106.14512488943696,true,3.2160122583522792,true,3.1950669294705265,14845,1417,2.6185479229586067e-322,3,1,MIP
1678,67.744910500000003,106.1499610808424,true,3.2160122583522792,true,3.1950726632250683,14847,1419,2.6185479229586067e-322,3,1,MIP
1679,67.763836699999999,106.17746110374488,true,3.2160122583522792,true,3.19509685926496,14856,1418,2.6185479229586067e-322,3,1,MIP
1680,67.771319000000005,106.18857482148266,true,3.2160122583522792,true,3.1950971298044748,14866,1414,2.6185479229586067e-322,3,1,MIP
1681,67.779400800000005,106.20019749212869,true,3.2160122583522792,true,3.1951497048714406,14867,1415,2.6185479229586067e-322,3,1,MIP
1682,67.782593300000002,106.20492363884253,true,3.2160122583522792,true,3.1951514854396521,14868,1416,2.6185479229586067e-322,3,1,MIP
1683,67.846881699999997,106.31897152330262,true,3.2160122583522792,true,3.1951773314480931,14878,1416,2.6185479229586067e-322,3,1,MIP
1684,67.878307399999997,106.36546673998686,true,3.2160122583522792,true,3.1951864981636735,14883,1415,2.6185479229586067e-322,3,1,MIP
1685,67.916293899999999,106.4167688900452,true,3.2160122583522792,true,3.1952470731993325,14921,1427,2.6185479229586067e-322,3,1,MIP
1686,67.952481000000006,106.47047330259265,true,3.2160122583522792,true,3.1952488852361109,14953,1443,2.6185479229586067e-322,3,1,MIP
1687,67.9691799,106.49571564530237,true,3.2160122583522792,true,3.1952741062177861,14963,1441,2.6185479229586067e-322,3,1,MIP
1688,67.971112599999998,106.49836484926934,true,3.2160122583522792,true,3.195315810197827,14964,1442,2.6185479229586067e-322,3,1,MIP
1689,67.983769300000006,106.51518933935361,true,3.2160122583522792,true,3.1953489359765039,14972,1441,2.6185479229586067e-322,3,1,MIP
1690,67.984850899999998,106.5164372622084,true,3.2160122583522792,true,3.1953532906511759,14973,1442,2.6185479229586067e-322,3,1,MIP
1691,67.999656400000006,106.53738969829466,true,3.2160122583522792,true,3.1954060553223695,14983,1439,2.6185479229586067e-322,3,1,MIP
1692,68.004512899999995,106.54413925067949,true,3.2160122583522792,true,3.1954154878078658,14986,1438,2.6185479229586067e-322,3,1,MIP
1693,68.030721499999999,106.58271560319233,true,3.2160122583522792,true,3.1954164722969347,15009,1445,2.6185479229586067e-322,3,1,MIP
1694,68.046931099999995,106.60401231924919,true,3.2160122583522792,true,3.19543638654913,15024,1449,2.6185479229586067e-322,3,1,MIP
1695,68.050266500000006,106.60901738125725,true,3.2160122583522792,true,3.1954606290142697,15027,1450,2.6185479229586067e-322,3,1,MIP
1696,68.067347900000001,106.63310890527178,true,3.2160122583522792,true,3.1954677385726646,15035,1449,2.6185479229586067e-322,3,1,MIP
1697,68.075433099999998,106.64515763890158,true,3.2160122583522792,true,3.1954765214468304,15038,1446,2.6185479229586067e-322,3,1,MIP
1698,68.076670500000006,106.64688597937595,true,3.2160122583522792,true,3.1954794177548842,15039,1445,2.6185479229586067e-322,3,1,MIP
1699,68.078462599999995,106.64920895423798,true,3.2160122583522792,true,3.1954849604673226,15040,1446,2.6185479229586067e-322,3,1,MIP
1700,68.082515099999995,106.65541665275917,true,3.2160122583522792,true,3.1955041504510211,15041,1445,2.6185479229586067e-322,3,1,MIP
1701,68.090361200000004,106.66433687605284,true,3.2160122583522792,true,3.1955121570415215,15050,1444,2.6185479229586067e-322,3,1,MIP
1702,68.100541100000001,106.68101944748744,true,3.2160122583522792,true,3.1955164463404104,15053,1443,2.6185479229586067e-322,3,1,MIP
1703,68.103919399999995,106.68615783920824,true,3.2160122583522792,true,3.1955289042017658,15054,1442,2.6185479229586067e-322,3,1,MIP
1704,68.1139905,106.70063788786067,true,3.2160122583522792,true,3.1955659591672374,15057,1443,2.6185479229586067e-322,3,1,MIP
1705,68.122259400000004,106.71327083967888,true,3.2160122583522792,true,3.1955733570343021,15063,1443,2.6185479229586067e-322,3,1,MIP
1706,68.136886899999993,106.73820219887919,true,3.2160122583522792,true,3.1955932754659697,15072,1440,2.6185479229586067e-322,3,1,MIP
1707,68.147528300000005,106.75545716816231,true,3.2160122583522792,true,3.1956094004307256,15077,1437,2.6185479229586067e-322,3,1,MIP
1708,68.150373599999995,106.75997572830047,true,3.2160122583522792,true,3.1956271647402064,15078,1438,2.6185479229586067e-322,3,1,MIP
1709,68.152120699999998,106.76303900769726,true,3.2160122583522792,true,3.1956325013484292,15079,1439,2.6185479229586067e-322,3,1,MIP
1710,68.163679299999998,106.77943498132441,true,3.2160122583522792,true,3.1956444392534569,15091,1437,2.6185479229586067e-322,3,1,MIP
1711,68.173861200000005,106.79725120941283,true,3.2160122583522792,true,3.195665081434389,15094,1434,2.6185479229586067e-322,3,1,MIP
1712,68.175739100000001,106.79963253317889,true,3.2160122583522792,true,3.195678705825137,15095,1435,2.6185479229586067e-322,3,1,MIP
1713,68.177262499999998,106.80164213979272,true,3.2160122583522792,true,3.195682742801746,15096,1436,2.6185479229586067e-322,3,1,MIP
1714,68.183254700000006,106.8101146332926,true,3.2160122583522792,true,3.1956882597068574,15104,1434,2.6185479229586067e-322,3,1,MIP
1715,68.191424799999993,106.82106553277227,true,3.2160122583522792,true,3.1957005216244099,15107,1433,2.6185479229586067e-322,3,1,MIP
1716,68.194312400000001,106.82477221568472,true,3.2160122583522792,true,3.1957098828915567,15108,1434,2.6185479229586067e-322,3,1,MIP
1717,68.217056700000001,106.86064388103374,true,3.2160122583522792,true,3.1957289437246406,15116,1431,2.6185479229586067e-322,3,1,MIP
1718,68.219097000000005,106.86323447337412,true,3.2160122583522792,true,3.19576003548246,15119,1430,2.6185479229586067e-322,3,1,MIP
1719,68.228013700000005,106.87614026065462,true,3.2160122583522792,true,3.1957744984031082,15124,1431,2.6185479229586067e-322,3,1,MIP
1720,68.256358599999999,106.9220159883278,true,3.2160122583522792,true,3.1957920321446593,15135,1430,2.6185479229586067e-322,3,1,MIP
1721,68.2667979,106.93981772803581,true,3.2160122583522792,true,3.1958120897357265,15138,1427,2.6185479229586067e-322,3,1,MIP
1722,68.272314600000001,106.94638288234361,true,3.2160122583522792,true,3.195840720933413,15139,1428,2.6185479229586067e-322,3,1,MIP
1723,68.291144399999993,106.97394118867321,true,3.2160122583522792,true,3.1958548556579824,15149,1428,2.6185479229586067e-322,3,1,MIP
1724,68.310066800000001,107.00244988156034,true,3.2160122583522792,true,3.1958677798486637,15159,1429,2.6185479229586067e-322,3,1,MIP
1725,68.326219399999999,107.026709208711,true,3.2160122583522792,true,3.1958751971823878,15166,1428,2.6185479229586067e-322,3,1,MIP
1726,68.337173100000001,107.04339165506242,true,3.2160122583522792,true,3.1958860766603623,15172,1427,2.6185479229586067e-322,3,1,MIP
1727,68.337610900000001,107.0439954021126,true,3.2160122583522792,true,3.1958890177533372,15173,1428,2.6185479229586067e-322,3,1,MIP
1728,68.354572200000007,107.07286318543366,true,3.2160122583522792,true,3.1959158000420076,15183,1428,2.6185479229586067e-322,3,1,MIP
1729,68.377782800000006,107.10592375598917,true,3.2160122583522792,true,3.1959188568591141,15193,1428,2.6185479229586067e-322,3,1,MIP
1730,68.384837500000003,107.11638845579577,true,3.2160122583522792,true,3.1959258576066469,15194,1429,2.6185479229586067e-322,3,1,MIP
1731,68.433937200000003,107.18793229376628,true,3.2160122583522792,true,3.1959375287951888,15220,1439,2.6185479229586067e-322,3,1,MIP
1732,68.505751900000007,107.29655885487237,true,3.2160122583522792,true,3.1959744411414972,15240,1443,2.6185479229586067e-322,3,1,MIP
1733,68.536382200000006,107.34505428485996,true,3.2160122583522792,true,3.195978157103335,15250,1440,2.6185479229586067e-322,3,1,MIP
1734,68.539076300000005,107.34931583416198,true,3.2160122583522792,true,3.1959991249336182,15251,1441,2.6185479229586067e-322,3,1,MIP
1735,68.557930999999996,107.37783736228468,true,3.2160122583522792,true,3.1960111484449767,15262,1440,2.6185479229586067e-322,3,1,MIP
1736,68.561214100000001,107.38360807015759,true,3.2160122583522792,true,3.1960220434428162,15263,1441,2.6185479229586067e-322,3,1,MIP
1737,68.563329499999995,107.38699588212239,true,3.2160122583522792,true,3.1960428386323811,15264,1440,2.6185479229586067e-322,3,1,MIP
1738,68.570565500000001,107.39785002747088,true,3.2160122583522792,true,3.1960437222433002,15267,1439,2.6185479229586067e-322,3,1,MIP
1739,68.570595999999995,107.39787420647089,true,3.2160122583522792,true,3.1960487357430281,15268,1438,2.6185479229586067e-322,3,1,MIP
1740,68.5764803,107.40695940956557,true,3.2160122583522792,true,3.196067274200705,15271,1437,2.6185479229586067e-322,3,1,MIP
1741,68.589749800000007,107.42708271524572,true,3.2160122583522792,true,3.1960818772475204,15280,1434,2.6185479229586067e-322,3,1,MIP
1742,68.602861899999994,107.4505941791117,true,3.2160122583522792,true,3.1960922328736094,15281,1433,2.6185479229586067e-322,3,1,MIP
1743,68.610073099999994,107.46521093838685,true,3.2160122583522792,true,3.1961088219708569,15282,1432,2.6185479229586067e-322,3,1,MIP
1744,68.6139613,107.47118940053002,true,3.2160122583522792,true,3.1961097488432832,15283,1431,2.6185479229586067e-322,3,1,MIP
1745,68.619988699999993,107.48186765877954,true,3.2160122583522792,true,3.1961753309197536,15284,1431,2.6185479229586067e-322,3,1,MIP
1746,68.620032800000004,107.48190344877955,true,3.2160122583522792,true,3.1961853844247394,15285,1430,2.6185479229586067e-322,3,1,MIP
1747,68.6378895,107.51236668604169,true,3.2160122583522792,true,3.1961916300969406,15287,1430,2.6185479229586067e-322,3,1,MIP
1748,68.647833500000004,107.52732598038476,true,3.2160122583522792,true,3.1961943283957206,15290,1429,2.6185479229586067e-322,3,1,MIP
1749,68.652197700000002,107.53306355349014,true,3.2160122583522792,true,3.1961982117638725,15293,1430,2.6185479229586067e-322,3,1,MIP
1750,68.695433899999998,107.6069435777417,true,3.2160122583522792,true,3.1962385147629266,15309,1428,2.6185479229586067e-322,3,1,MIP
1751,68.795644899999999,107.76495710501872,true,3.2160122583522792,true,3.1962385147629266,15353,1444,2.6185479229586067e-322,3,1,MIP
1752,68.889394499999995,107.89953977920835,true,3.2160122583522792,true,3.1962522958852553,15444,1475,2.6185479229586067e-322,3,1,MIP
1753,68.925086699999994,107.95868111972713,true,3.2160122583522792,true,3.1963185849129454,15463,1477,2.6185479229586067e-322,3,1,MIP
1754,68.926157200000006,107.96044631299283,true,3.2160122583522792,true,3.1963206484709565,15464,1478,2.6185479229586067e-322,3,1,MIP
1755,68.936270699999994,107.97735278589806,true,3.2160122583522792,true,3.196324738823376,15469,1475,2.6185479229586067e-322,3,1,MIP
1756,68.954588900000005,108.00708270387108,true,3.2160122583522792,true,3.1963299969529722,15472,1476,2.6185479229586067e-322,3,1,MIP
1757,68.999799199999998,108.07540276543011,true,3.2160122583522792,true,3.1963385918143685,15493,1481,2.6185479229586067e-322,3,1,MIP
1758,69.000179000000003,108.07592070894523,true,3.2160122583522792,true,3.1963672015439668,15494,1482,2.6185479229586067e-322,3,1,MIP
1759,69.012500200000005,108.09526636808626,true,3.2160122583522792,true,3.1963827605620039,15499,1481,2.6185479229586067e-322,3,1,MIP
1760,69.022853699999999,108.10959036185226,true,3.2160122583522792,true,3.1964070159215909,15506,1478,2.6185479229586067e-322,3,1,MIP
1761,69.024172399999998,108.1114104614874,true,3.2160122583522792,true,3.1964179625375002,15507,1479,2.6185479229586067e-322,3,1,MIP
1762,69.038493799999998,108.12954216237721,true,3.2160122583522792,true,3.1964242154128866,15519,1477,2.6185479229586067e-322,3,1,MIP
1763,69.039963700000001,108.13175159666739,true,3.2160122583522792,true,3.1964421105867626,15520,1476,2.6185479229586067e-322,3,1,MIP
1764,69.052114000000003,108.15139913599471,true,3.2160122583522792,true,3.196450422078756,15525,1477,2.6185479229586067e-322,3,1,MIP
1765,69.0579915,108.1597999990023,true,3.2160122583522792,true,3.1964594080378079,15532,1474,2.6185479229586067e-322,3,1,MIP
1766,69.075834499999999,108.18911002269553,true,3.2160122583522792,true,3.1964614136231106,15535,1471,2.6185479229586067e-322,3,1,MIP
1767,69.078199600000005,108.1922187225085,true,3.2160122583522792,true,3.1964630422852558,15536,1471,2.6185479229586067e-322,3,1,MIP
1768,69.078538100000003,108.19250972935535,true,3.2160122583522792,true,3.1965329076324962,15537,1470,2.6185479229586067e-322,3,1,MIP
1769,69.090997400000006,108.21161001801251,true,3.2160122583522792,true,3.1965366868025145,15539,1470,2.6185479229586067e-322,3,1,MIP
1770,69.102305900000005,108.22899449621474,true,3.2160122583522792,true,3.1965492878882471,15542,1468,2.6185479229586067e-322,3,1,MIP
1771,69.104598499999994,108.23190222702041,true,3.2160122583522792,true,3.1965561139769414,15544,1470,2.6185479229586067e-322,3,1,MIP
1772,69.117594499999996,108.25174565630367,true,3.2160122583522792,true,3.1965924401187884,15552,1467,2.6185479229586067e-322,3,1,MIP
1773,69.119298499999999,108.25421270906267,true,3.2160122583522792,true,3.196608590030193,15553,1468,2.6185479229586067e-322,3,1,MIP
1774,69.119373800000005,108.25429480106267,true,3.2160122583522792,true,3.1966309514863593,15554,1467,2.6185479229586067e-322,3,1,MIP
1775,69.124323599999997,108.26178012761849,true,3.2160122583522792,true,3.1966423088232556,15557,1466,2.6185479229586067e-322,3,1,MIP
1776,69.131227699999997,108.274024323752,true,3.2160122583522792,true,3.1966844863122561,15560,1465,2.6185479229586067e-322,3,1,MIP
1777,69.135923500000004,108.28169030510136,true,3.2160122583522792,true,3.1966927546060844,15561,1466,2.6185479229586067e-322,3,1,MIP
1778,69.171328700000004,108.34106958723184,true,3.2160122583522792,true,3.1968348621416869,15574,1464,2.6185479229586067e-322,3,1,MIP
1779,69.176177699999997,108.35089985028833,true,3.2160122583522792,true,3.1968383134511797,15575,1463,2.6185479229586067e-322,3,1,MIP
1780,69.204331199999999,108.40033572943661,true,3.2160122583522792,true,3.1968520360499308,15582,1462,2.6185479229586067e-322,3,1,MIP
1781,69.215412299999997,108.41824952406841,true,3.2160122583522792,true,3.1968536162099257,15585,1463,2.6185479229586067e-322,3,1,MIP
1782,69.232471700000005,108.44469519392533,true,3.2160122583522792,true,3.196867502793824,15596,1462,2.6185479229586067e-322,3,1,MIP
1783,69.269306799999995,108.51041279272805,true,3.2160122583522792,true,3.1968745042613986,15604,1458,2.6185479229586067e-322,3,1,MIP
1784,69.270152999999993,108.51163038226947,true,3.2160122583522792,true,3.1969222075985324,15605,1457,2.6185479229586067e-322,3,1,MIP
1785,69.281859900000001,108.53001619156878,true,3.2160122583522792,true,3.1969465448344754,15608,1458,2.6185479229586067e-322,3,1,MIP
1786,69.318006400000002,108.59238400590117,true,3.2160122583522792,true,3.1969525925196933,15619,1457,2.6185479229586067e-322,3,1,MIP
1787,69.322931299999993,108.59994611707955,true,3.2160122583522792,true,3.1969696971758523,15622,1454,2.6185479229586067e-322,3,1,MIP
1788,69.342776799999996,108.63423700817968,true,3.2160122583522792,true,3.1969848601769648,15623,1453,2.6185479229586067e-322,3,1,MIP
1789,69.358720599999998,108.66343627243911,true,3.2160122583522792,true,3.1969936517548101,15624,1454,2.6185479229586067e-322,3,1,MIP
1790,69.365932900000004,108.6779898489002,true,3.2160122583522792,true,3.1970040601890979,15625,1455,2.6185479229586067e-322,3,1,MIP
1791,69.388590800000003,108.71274043821045,true,3.2160122583522792,true,3.1970136584137374,15635,1454,2.6185479229586067e-322,3,1,MIP
1792,69.400714500000007,108.73198476520169,true,3.2160122583522792,true,3.1970269090969325,15639,1454,2.6185479229586067e-322,3,1,MIP
1793,69.414739999999995,108.75149108575259,true,3.2160122583522792,true,3.197044263799441,15649,1457,2.6185479229586067e-322,3,1,MIP
1794,69.426130799999996,108.76688728208228,true,3.2160122583522792,true,3.1970478793778296,15656,1456,2.6185479229586067e-322,3,1,MIP
1795,69.437406600000003,108.78302400941388,true,3.2160122583522792,true,3.1970681071457929,15661,1453,2.6185479229586067e-322,3,1,MIP
1796,69.448838899999998,108.80001276524608,true,3.2160122583522792,true,3.1970729433056322,15670,1450,2.6185479229586067e-322,3,1,MIP
1797,69.452557299999995,108.8068003976465,true,3.2160122583522792,true,3.1970861991399326,15671,1451,2.6185479229586067e-322,3,1,MIP
1798,69.458361600000003,108.81673514977574,true,3.2160122583522792,true,3.1970903995808149,15672,1451,2.6185479229586067e-322,3,1,MIP
1799,69.479745600000001,108.8534667135964,true,3.2160122583522792,true,3.19710299208975,15684,1449,2.6185479229586067e-322,3,1,MIP
1800,69.500175100000007,108.88468861361488,true,3.2160122583522792,true,3.1971468071721914,15687,1448,2.6185479229586067e-322,3,1,MIP
1801,69.509284199999996,108.89991404486084,true,3.2160122583522792,true,3.1971485308065297,15690,1447,2.6185479229586067e-322,3,1,MIP
1802,69.509688499999996,108.90046762759586,true,3.2160122583522792,true,3.1971524653966918,15691,1446,2.6185479229586067e-322,3,1,MIP
1803,69.530116899999996,108.93163941115549,true,3.2160122583522792,true,3.1971545730052964,15694,1445,2.6185479229586067e-322,3,1,MIP
1804,69.531054900000001,108.9329576891503,true,3.2160122583522792,true,3.1971961429293856,15695,1446,2.6185479229586067e-322,3,1,MIP
1805,69.538726699999998,108.94318990312004,true,3.2160122583522792,true,3.1971963132219194,15700,1443,2.6185479229586067e-322,3,1,MIP
1806,69.545242099999996,108.95437904945858,true,3.2160122583522792,true,3.1972007611236672,15703,1440,2.6185479229586067e-322,3,1,MIP
1807,69.546108000000004,108.95573306362779,true,3.2160122583522792,true,3.1972800858841093,15704,1439,2.6185479229586067e-322,3,1,MIP
1808,69.547216399999996,108.95745706210616,true,3.2160122583522792,true,3.1972883686264315,15705,1438,2.6185479229586067e-322,3,1,MIP
1809,69.548021700000007,108.95865214013817,true,3.2160122583522792,true,3.1972944667996939,15706,1437,2.6185479229586067e-322,3,1,MIP
1810,69.548238799999993,108.95890815913816,true,3.2160122583522792,true,3.1973498520281183,15707,1436,2.6185479229586067e-322,3,1,MIP
1811,69.558499400000002,108.97665878535136,true,3.2160122583522792,true,3.1973502883245395,15708,1437,2.6185479229586067e-322,3,1,MIP
1812,69.560389599999993,108.97952020285113,true,3.2160122583522792,true,3.1973755523590315,15709,1438,2.6185479229586067e-322,3,1,MIP
1813,69.604557299999996,109.04137556862575,true,3.2160122583522792,true,3.197382024023411,15730,1439,2.6185479229586067e-322,3,1,MIP
1814,69.620958700000003,109.0668544829506,true,3.2160122583522792,true,3.1973870974955609,15738,1436,2.6185479229586067e-322,3,1,MIP
1815,69.630175600000001,109.08103932235777,true,3.2160122583522792,true,3.1974035923976079,15743,1433,2.6185479229586067e-322,3,1,MIP
1816,69.6308267,109.08218752945605,true,3.2160122583522792,true,3.1974060527641965,15744,1434,2.6185479229586067e-322,3,1,MIP
1817,69.647002499999999,109.10788984013983,true,3.2160122583522792,true,3.197426767337376,15756,1435,2.6185479229586067e-322,3,1,MIP
1818,69.657020700000004,109.12343270867423,true,3.2160122583522792,true,3.197428144996656,15761,1433,2.6185479229586067e-322,3,1,MIP
1819,69.657060200000004,109.12346166567423,true,3.2160122583522792,true,3.1974440287898878,15762,1432,2.6185479229586067e-322,3,1,MIP
1820,69.659755500000003,109.12722936030673,true,3.2160122583522792,true,3.1974949976097387,15764,1432,2.6185479229586067e-322,3,1,MIP
1821,69.660041699999994,109.1275866024708,true,3.2160122583522792,true,3.1975093364234022,15765,1433,2.6185479229586067e-322,3,1,MIP
1822,69.691422099999997,109.17767952886511,true,3.2160122583522792,true,3.1975095431073539,15770,1432,2.6185479229586067e-322,3,1,MIP
1823,69.708579299999997,109.20243708360435,true,3.2160122583522792,true,3.1975230688272607,15775,1429,2.6185479229586067e-322,3,1,MIP
1824,69.710675800000004,109.20551631690547,true,3.2160122583522792,true,3.1975363962247525,15776,1430,2.6185479229586067e-322,3,1,MIP
1825,69.730399500000004,109.23510018078403,true,3.2160122583522792,true,3.1975581881783337,15783,1429,2.6185479229586067e-322,3,1,MIP
1826,69.743277300000003,109.25411129645312,true,3.2160122583522792,true,3.1975639214338187,15794,1426,2.6185479229586067e-322,3,1,MIP
1827,69.7480197,109.26114599836751,true,3.2160122583522792,true,3.1976008421765405,15796,1426,2.6185479229586067e-322,3,1,MIP
1828,69.748435999999998,109.26168769597395,true,3.2160122583522792,true,3.1976131172386806,15797,1426,2.6185479229586067e-322,3,1,MIP
1829,69.773402300000001,109.30771012962921,true,3.2160122583522792,true,3.1976141598907919,15801,1424,2.6185479229586067e-322,3,1,MIP
1830,69.793409199999999,109.33497606444737,true,3.2160122583522792,true,3.1976494384831486,15812,1427,2.6185479229586067e-322,3,1,MIP
1831,69.807877300000001,109.35401062680121,true,3.2160122583522792,true,3.197672814777011,15824,1430,2.6185479229586067e-322,3,1,MIP
1832,69.843258899999995,109.40689378662756,true,3.2160122583522792,true,3.1976730837380969,15859,1455,2.6185479229586067e-322,3,1,MIP
1833,69.868848400000005,109.44656756354287,true,3.2160122583522792,true,3.1977518810494878,15871,1455,2.6185479229586067e-322,3,1,MIP
1834,69.870969500000001,109.45006611247715,true,3.2160122583522792,true,3.1977799502443585,15872,1454,2.6185479229586067e-322,3,1,MIP
1835,69.886971500000001,109.47827594647809,true,3.2160122583522792,true,3.197783988296925,15875,1453,2.6185479229586067e-322,3,1,MIP
1836,69.900649099999995,109.50075640683114,true,3.2160122583522792,true,3.197817380290406,15876,1454,2.6185479229586067e-322,3,1,MIP
1837,69.924654599999997,109.53802200254754,true,3.2160122583522792,true,3.1978195881001845,15883,1453,2.6185479229586067e-322,3,1,MIP
1838,69.942253500000007,109.56241949296562,true,3.2160122583522792,true,3.1978309120788841,15899,1454,2.6185479229586067e-322,3,1,MIP
1839,69.952710800000006,109.57844320921545,true,3.2160122583522792,true,3.1978468355416299,15902,1455,2.6185479229586067e-322,3,1,MIP
1840,69.975296700000001,109.61161021223188,true,3.2160122583522792,true,3.1978605188856473,15920,1461,2.6185479229586067e-322,3,1,MIP
1841,70.023304699999997,109.67208745697,true,3.2160122583522792,true,3.1978919801042025,15954,1467,2.6185479229586067e-322,3,1,MIP
1842,70.030346699999996,109.68102583880069,true,3.2160122583522792,true,3.1978953322008064,15961,1463,2.6185479229586067e-322,3,1,MIP
1843,70.057799500000002,109.72668671056181,true,3.2160122583522792,true,3.1979119550739918,15963,1463,2.6185479229586067e-322,3,1,MIP
1844,70.092396600000001,109.78603577858958,true,3.2160122583522792,true,3.1979253679008774,15973,1461,2.6185479229586067e-322,3,1,MIP
1845,70.127102899999997,109.84887774768936,true,3.2160122583522792,true,3.1979296316162573,15976,1462,2.6185479229586067e-322,3,1,MIP
1846,70.161433400000007,109.90039579901568,true,3.2160122583522792,true,3.1979381958699697,15989,1459,2.6185479229586067e-322,3,1,MIP
1847,70.164448699999994,109.90412220193448,true,3.2160122583522792,true,3.1979495610384596,15992,1458,2.6185479229586067e-322,3,1,MIP
1848,70.175486399999997,109.92331649905059,true,3.2160122583522792,true,3.1979617722128499,15997,1457,2.6185479229586067e-322,3,1,MIP
1849,70.176128000000006,109.92447541631635,true,3.2160122583522792,true,3.1979852051097737,15998,1458,2.6185479229586067e-322,3,1,MIP
1850,70.190151999999998,109.94592084319929,true,3.2160122583522792,true,3.1979954545255551,16006,1456,2.6185479229586067e-322,3,1,MIP
1851,70.192414799999995,109.94903357486129,true,3.2160122583522792,true,3.1980033880580083,16009,1454,2.6185479229586067e-322,3,1,MIP
1852,70.203674500000005,109.96770994160038,true,3.2160122583522792,true,3.1980130434800924,16011,1456,2.6185479229586067e-322,3,1,MIP
1853,70.217549700000006,109.98961318568354,true,3.2160122583522792,true,3.1980229813443266,16018,1455,2.6185479229586067e-322,3,1,MIP
1854,70.219328300000001,109.99258783623036,true,3.2160122583522792,true,3.1980274415998138,16019,1456,2.6185479229586067e-322,3,1,MIP
1855,70.222567299999994,109.99689851638549,true,3.2160122583522792,true,3.1980330361486673,16024,1452,2.6185479229586067e-322,3,1,MIP
1856,70.226671199999998,110.0024802772337,true,3.2160122583522792,true,3.1980534565465213,16026,1452,2.6185479229586067e-322,3,1,MIP
1857,70.227061000000006,110.00300311885508,true,3.2160122583522792,true,3.1980624016951236,16027,1453,2.6185479229586067e-322,3,1,MIP
1858,70.239764399999999,110.02098156539161,true,3.2160122583522792,true,3.1980657337861746,16038,1452,2.6185479229586067e-322,3,1,MIP
1859,70.245414699999998,110.02850450400639,true,3.2160122583522792,true,3.1980740811762871,16043,1451,2.6185479229586067e-322,3,1,MIP
1860,70.2563344,110.04401112664198,true,3.2160122583522792,true,3.1980839071670966,16051,1449,2.6185479229586067e-322,3,1,MIP
1861,70.258780900000005,110.04712750625373,true,3.2160122583522792,true,3.1980898669437794,16052,1450,2.6185479229586067e-322,3,1,MIP
1862,70.3131925,110.14362116796563,true,3.2160122583522792,true,3.1980950276692663,16066,1451,2.6185479229586067e-322,3,1,MIP
1863,70.314909900000004,110.14587800415909,true,3.2160122583522792,true,3.1981106906938987,16067,1452,2.6185479229586067e-322,3,1,MIP
1864,70.316235699999993,110.14779190154307,true,3.2160122583522792,true,3.1981142852111715,16068,1451,2.6185479229586067e-322,3,1,MIP
1865,70.328753699999993,110.17262653291746,true,3.2160122583522792,true,3.1981172366055461,16071,1448,2.6185479229586067e-322,3,1,MIP
1866,70.334529099999997,110.183156893049,true,3.2160122583522792,true,3.1981223281146245,16072,1449,2.6185479229586067e-322,3,1,MIP
1867,70.336518799999993,110.18568530712565,true,3.2160122583522792,true,3.1981226808427037,16073,1448,2.6185479229586067e-322,3,1,MIP
1868,70.341979899999998,110.19387826241639,true,3.2160122583522792,true,3.1981414914106887,16076,1447,2.6185479229586067e-322,3,1,MIP
1869,70.342921899999993,110.19538124059842,true,3.2160122583522792,true,3.1981477310110393,16077,1446,2.6185479229586067e-322,3,1,MIP
1870,70.347977099999994,110.20281472977121,true,3.2160122583522792,true,3.198176639261868,16080,1445,2.6185479229586067e-322,3,1,MIP
1871,70.356697800000006,110.21550479935119,true,3.2160122583522792,true,3.1981826325322724,16083,1446,2.6185479229586067e-322,3,1,MIP
1872,70.390899399999995,110.27172485165114,true,3.2160122583522792,true,3.1981967267524598,16095,1444,2.6185479229586067e-322,3,1,MIP
1873,70.394225000000006,110.27669657522222,true,3.2160122583522792,true,3.1982007484617521,16096,1444,2.6185479229586067e-322,3,1,MIP
1874,70.395133700000002,110.27819576720735,true,3.2160122583522792,true,3.1982020299872427,16097,1443,2.6185479229586067e-322,3,1,MIP
1875,70.406135800000001,110.29793852359465,true,3.2160122583522792,true,3.1982129507717376,16099,1445,2.6185479229586067e-322,3,1,MIP
1876,70.431268399999993,110.3324262743085,true,3.2160122583522792,true,3.1982161389219081,16115,1447,2.6185479229586067e-322,3,1,MIP
1877,70.483135599999997,110.42459291927997,true,3.2160122583522792,true,3.1982483543257585,16148,1462,2.6185479229586067e-322,3,1,MIP
1878,70.527251699999994,110.4906519442652,true,3.2160122583522792,true,3.1982589892865767,16173,1472,2.6185479229586067e-322,3,1,MIP
1879,70.554802600000002,110.53073247012078,true,3.2160122583522792,true,3.1982614554329549,16203,1490,2.6185479229586067e-322,3,1,MIP
1880,70.567361899999995,110.55174541982043,true,3.2160122583522792,true,3.1982621719453617,16210,1487,2.6185479229586067e-322,3,1,MIP
1881,70.583206300000001,110.57495776847047,true,3.2160122583522792,true,3.1982882418219032,16222,1491,2.6185479229586067e-322,3,1,MIP
1882,70.590004699999994,110.58481210525689,true,3.2160122583522792,true,3.1982912400769905,16230,1488,2.6185479229586067e-322,3,1,MIP
1883,70.599764300000004,110.59949172617227,true,3.2160122583522792,true,3.1983075185370442,16243,1487,2.6185479229586067e-322,3,1,MIP
1884,70.600097599999998,110.59988999524167,true,3.2160122583522792,true,3.1983121428632799,16244,1488,2.6185479229586067e-322,3,1,MIP
1885,70.608145699999994,110.61203658533246,true,3.2160122583522792,true,3.1983201490946107,16254,1488,2.6185479229586067e-322,3,1,MIP
1886,70.6126273,110.61870502743486,true,3.2160122583522792,true,3.1983222773582631,16263,1487,2.6185479229586067e-322,3,1,MIP
1887,70.618325900000002,110.62771007975981,true,3.2160122583522792,true,3.1983389235894957,16268,1486,2.6185479229586067e-322,3,1,MIP
1888,70.645464099999998,110.67830877838411,true,3.2160122583522792,true,3.19835055925908,16271,1483,2.6185479229586067e-322,3,1,MIP
1889,70.648548300000002,110.6825998791802,true,3.2160122583522792,true,3.1983949196012338,16272,1484,2.6185479229586067e-322,3,1,MIP
1890,70.649030300000007,110.68324700195659,true,3.2160122583522792,true,3.1983994175188561,16273,1485,2.6185479229586067e-322,3,1,MIP
1891,70.689668400000002,110.74903953009051,true,3.2160122583522792,true,3.1984006836106333,16284,1482,2.6185479229586067e-322,3,1,MIP
1892,70.695247899999998,110.75795705121961,true,3.2160122583522792,true,3.1984365819427043,16285,1481,2.6185479229586067e-322,3,1,MIP
1893,70.704649000000003,110.77287243868687,true,3.2160122583522792,true,3.1984678562119315,16292,1480,2.6185479229586067e-322,3,1,MIP
1894,70.713843100000005,110.78641247246212,true,3.2160122583522792,true,3.1984965556737359,16295,1477,2.6185479229586067e-322,3,1,MIP
1895,70.721985200000006,110.80053914560787,true,3.2160122583522792,true,3.1985305899084584,16296,1476,2.6185479229586067e-322,3,1,MIP
1896,70.723511599999995,110.80247958555096,true,3.2160122583522792,true,3.1985408966670303,16297,1477,2.6185479229586067e-322,3,1,MIP
1897,70.725059599999994,110.80475785337713,true,3.2160122583522792,true,3.1985482929260343,16298,1478,2.6185479229586067e-322,3,1,MIP
1898,70.754255700000002,110.84513018157509,true,3.2160122583522792,true,3.1985622500245214,16314,1484,2.6185479229586067e-322,3,1,MIP
1899,70.763126799999995,110.85700493888109,true,3.2160122583522792,true,3.1986223405604255,16323,1481,2.6185479229586067e-322,3,1,MIP
1900,70.764615899999995,110.85937253641696,true,3.2160122583522792,true,3.1986324670062216,16324,1480,2.6185479229586067e-322,3,1,MIP
1901,70.7760246,110.87782205120378,true,3.2160122583522792,true,3.1986679963616349,16327,1479,2.6185479229586067e-322,3,1,MIP
1902,70.7786799,110.8819536940089,true,3.2160122583522792,true,3.1986853389437462,16328,1479,2.6185479229586067e-322,3,1,MIP
1903,70.789680899999993,110.89863527782492,true,3.2160122583522792,true,3.1987191993444699,16337,1477,2.6185479229586067e-322,3,1,MIP
1904,70.793363999999997,110.90390026789218,true,3.2160122583522792,true,3.1987274618336947,16340,1478,2.6185479229586067e-322,3,1,MIP
1905,70.810411799999997,110.93656533009225,true,3.2160122583522792,true,3.1987496698467717,16345,1475,2.6185479229586067e-322,3,1,MIP
1906,70.817037600000006,110.94718735757543,true,3.2160122583522792,true,3.1987851569311614,16348,1476,2.6185479229586067e-322,3,1,MIP
1907,70.864936599999993,111.01559951625021,true,3.2160122583522792,true,3.1987930696375528,16393,1489,2.6185479229586067e-322,3,1,MIP
1908,70.878577100000001,111.03430009660978,true,3.2160122583522792,true,3.1988233685732523,16414,1492,2.6185479229586067e-322,3,1,MIP
1909,70.897711000000001,111.06365031889582,true,3.2159713705602351,true,3.1988233685732523,16438,1511,2.6679544875427313e-322,3,1,MIP
1910,70.902835800000005,111.06986716265364,true,3.2159713705602351,true,3.1988240735360449,16444,1511,2.6679544875427313e-322,3,1,MIP
1911,70.975198399999996,111.17167694224995,true,3.2159713705602351,true,3.198831728507193,16504,1528,2.6679544875427313e-322,3,1,MIP
1912,71.049610900000005,111.27788770268904,true,3.2159713705602351,true,3.1988550663979867,16558,1541,2.6679544875427313e-322,3,1,MIP
1913,71.075322799999995,111.31628777720839,true,3.2159713705602351,true,3.1988739834672941,16572,1542,2.6679544875427313e-322,3,1,MIP
1914,71.085984499999995,111.33253250513779,true,3.2159713705602351,true,3.1988745387653985,16573,1543,2.6679544875427313e-322,3,1,MIP
1915,71.1258105,111.39412431037294,true,3.2159713705602351,true,3.1988768108940713,16586,1546,2.6679544875427313e-322,3,1,MIP
1916,71.137288699999999,111.41098039250683,true,3.2159713705602351,true,3.1988795215690025,16591,1543,2.6679544875427313e-322,3,1,MIP
1917,71.139165399999996,111.41393110108972,true,3.2159713705602351,true,3.1988976756582876,16592,1542,2.6679544875427313e-322,3,1,MIP
1918,71.143036800000004,111.41900024422284,true,3.2159713705602351,true,3.1989072890493726,16599,1541,2.6679544875427313e-322,3,1,MIP
1919,71.143420399999997,111.41958513465383,true,3.2159713705602351,true,3.1989245722952253,16600,1540,2.6679544875427313e-322,3,1,MIP
1920,71.164322600000006,111.45592972509971,true,3.2159713705602351,true,3.198935400039173,16604,1539,2.6679544875427313e-322,3,1,MIP
1921,71.164632999999995,111.45633297203267,true,3.2159713705602351,true,3.1989575686083866,16605,1540,2.6679544875427313e-322,3,1,MIP
1922,71.175750199999996,111.47338123826363,true,3.2159713705602351,true,3.1989643489569208,16617,1545,2.6679544875427313e-322,3,1,MIP
1923,71.221681700000005,111.55009096316304,true,3.2159713705602351,true,3.1989864601859423,16628,1542,2.6679544875427313e-322,3,1,MIP
1924,71.225884800000003,111.55622577322987,true,3.2159713705602351,true,3.1989917765666984,16629,1543,2.6679544875427313e-322,3,1,MIP
1925,71.248605299999994,111.59074138406415,true,3.2159713705602351,true,3.1990062962036294,16647,1541,2.6679544875427313e-322,3,1,MIP
1926,71.256620499999997,111.60278890427406,true,3.2159713705602351,true,3.199010268539531,16656,1542,2.6679544875427313e-322,3,1,MIP
1927,71.260113799999999,111.60780869143871,true,3.2159713705602351,true,3.1990118546204998,16662,1541,2.6679544875427313e-322,3,1,MIP
1928,71.282923199999999,111.64102288617234,true,3.2159713705602351,true,3.1990542225640164,16677,1546,2.6679544875427313e-322,3,1,MIP
1929,71.284817599999997,111.64379694328957,true,3.2159713705602351,true,3.1990557783111448,16678,1547,2.6679544875427313e-322,3,1,MIP
1930,71.322081100000005,111.69846986215508,true,3.2159713705602351,true,3.1990684925671977,16718,1551,2.6679544875427313e-322,3,1,MIP
1931,71.331032699999994,111.71613159053958,true,3.2159713705602351,true,3.1990692172597694,16719,1552,2.6679544875427313e-322,3,1,MIP
1932,71.333020599999998,111.71888230242249,true,3.2159713705602351,true,3.1990774705696405,16720,1553,2.6679544875427313e-322,3,1,MIP
1933,71.364597399999994,111.76754569675806,true,3.2159713705602351,true,3.1990782022695381,16731,1550,2.6679544875427313e-322,3,1,MIP
1934,71.369491400000001,111.77537540220648,true,3.2159713705602351,true,3.1990919112939054,16732,1551,2.6679544875427313e-322,3,1,MIP
1935,71.409733599999996,111.83681709294487,true,3.2159713705602351,true,3.1991109834885192,16753,1552,2.6679544875427313e-322,3,1,MIP
1936,71.453475400000002,111.90599549722755,true,3.2159713705602351,true,3.1991529167476704,16774,1551,2.6679544875427313e-322,3,1,MIP
1937,71.456276500000001,111.90989573969978,true,3.2159713705602351,true,3.199166364365909,16775,1552,2.6679544875427313e-322,3,1,MIP
1938,71.478112999999993,111.94062304495091,true,3.2159713705602351,true,3.199197907376834,16798,1559,2.6679544875427313e-322,3,1,MIP
1939,71.518375899999995,112.00774394910023,true,3.2159713705602351,true,3.1992014532380564,16809,1558,2.6679544875427313e-322,3,1,MIP
1940,71.560911300000001,112.07188133167649,true,3.2159713705602351,true,3.1992103196475439,16820,1557,2.6679544875427313e-322,3,1,MIP
1941,71.591650400000006,112.12458553404184,true,3.2159713705602351,true,3.1992213092997321,16823,1558,2.6679544875427313e-322,3,1,MIP
1942,71.626077499999994,112.17703915595953,true,3.2159713705602351,true,3.199225295960697,16837,1557,2.6679544875427313e-322,3,1,MIP
1943,71.652074900000002,112.22021608763113,true,3.2159713705602351,true,3.1992268096667633,16846,1557,2.6679544875427313e-322,3,1,MIP
1944,71.658694499999996,112.22977253602278,true,3.2159713705602351,true,3.1992493816566943,16850,1557,2.6679544875427313e-322,3,1,MIP
1945,71.666063100000002,112.24075532611603,true,3.2159713705602351,true,3.1992682267944295,16858,1557,2.6679544875427313e-322,3,1,MIP
1946,71.683376600000003,112.26670560928952,true,3.2159713705602351,true,3.199294418566295,16875,1552,2.6679544875427313e-322,3,1,MIP
1947,71.693184000000002,112.28634959183421,true,3.2159713705602351,true,3.1992999668624411,16876,1553,2.6679544875427313e-322,3,1,MIP
1948,71.694146700000005,112.28837850014811,true,3.2159713705602351,true,3.1993226669831283,16877,1554,2.6679544875427313e-322,3,1,MIP
1949,71.702237100000005,112.30043776356888,true,3.2159713705602351,true,3.1993256284588476,16882,1551,2.6679544875427313e-322,3,1,MIP
1950,71.705031199999993,112.30445677034579,true,3.2159713705602351,true,3.1993385680219344,16884,1549,2.6679544875427313e-322,3,1,MIP
1951,71.708413300000004,112.30887027687659,true,3.2159713705602351,true,3.1993450514998329,16885,1550,2.6679544875427313e-322,3,1,MIP
1952,71.708963800000006,112.30973123037079,true,3.2159713705602351,true,3.1993815296442421,16886,1549,2.6679544875427313e-322,3,1,MIP
1953,71.715102799999997,112.31905440964118,true,3.2159713705602351,true,3.1993816293726791,16890,1548,2.6679544875427313e-322,3,1,MIP
1954,71.753437399999996,112.37698950130614,true,3.2159713705602351,true,3.1994093597226758,16925,1563,2.6679544875427313e-322,3,1,MIP
1955,71.774284399999999,112.41245856709131,true,3.2159713705602351,true,3.1994337524608012,16936,1562,2.6679544875427313e-322,3,1,MIP
1956,71.785541300000006,112.43090477047188,true,3.2159713705602351,true,3.1994468166716223,16939,1561,2.6679544875427313e-322,3,1,MIP
1957,71.787572900000001,112.43418876186807,true,3.2159713705602351,true,3.1994565344446286,16940,1560,2.6679544875427313e-322,3,1,MIP
1958,71.816767499999997,112.48039928698533,true,3.2159713705602351,true,3.1994687536624546,16949,1559,2.6679544875427313e-322,3,1,MIP
1959,71.8272561,112.49521613246824,true,3.2159713705602351,true,3.1994818873950321,16952,1560,2.6679544875427313e-322,3,1,MIP
1960,71.845566599999998,112.52385084533609,true,3.2159713705602351,true,3.1994823988585548,16963,1556,2.6679544875427313e-322,3,1,MIP
1961,71.879396600000007,112.58536301479788,true,3.2159713705602351,true,3.1995318239755854,16966,1553,2.6679544875427313e-322,3,1,MIP
1962,71.880342400000004,112.58682675639956,true,3.2159713705602351,true,3.1995559985135604,16967,1552,2.6679544875427313e-322,3,1,MIP
1963,71.883698999999993,112.59074055829187,true,3.2159713705602351,true,3.1995707875863761,16968,1553,2.6679544875427313e-322,3,1,MIP
1964,71.885892699999999,112.59371017186611,true,3.2159713705602351,true,3.1995982828199883,16969,1554,2.6679544875427313e-322,3,1,MIP
1965,71.922501199999999,112.66268356823227,true,3.2159713705602351,true,3.1996300281572672,16977,1551,2.6679544875427313e-322,3,1,MIP
1966,71.938582199999999,112.69108020832539,true,3.2159713705602351,true,3.1996334177248924,16978,1550,2.6679544875427313e-322,3,1,MIP
1967,71.971123800000001,112.7488834523715,true,3.2159713705602351,true,3.1996619231327146,16981,1549,2.6679544875427313e-322,3,1,MIP
1968,71.976303999999999,112.75706878652508,true,3.2159713705602351,true,3.199705939260622,16982,1550,2.6679544875427313e-322,3,1,MIP
1969,71.995471300000005,112.78714342591304,true,3.2159713705602351,true,3.1997065206308517,16991,1545,2.6679544875427313e-322,3,1,MIP
1970,71.996936399999996,112.78955938234834,true,3.2159713705602351,true,3.1997204603517089,16992,1544,2.6679544875427313e-322,3,1,MIP
1971,72.001461500000005,112.79581518971499,true,3.2159713705602351,true,3.1997209589549076,16993,1545,2.6679544875427313e-322,3,1,MIP
1972,72.004751200000001,112.80001769443778,true,3.2159713705602351,true,3.199759399603249,16994,1544,2.6679544875427313e-322,3,1,MIP
1973,72.023361100000002,112.82856225529872,true,3.2159713705602351,true,3.1997694242113623,17003,1542,2.6679544875427313e-322,3,1,MIP
1974,72.0271513,112.83368294821359,true,3.2159713705602351,true,3.1998069600853869,17005,1544,2.6679544875427313e-322,3,1,MIP
1975,72.042727799999994,112.85641778647323,true,3.2159713705602351,true,3.1998069761668093,17016,1543,2.6679544875427313e-322,3,1,MIP
1976,72.063822900000005,112.88745769415583,true,3.2159713705602351,true,3.1998144185122621,17037,1548,2.6679544875427313e-322,3,1,MIP
1977,72.076001000000005,112.90702404333028,true,3.2159713705602351,true,3.1998229818298212,17045,1546,2.6679544875427313e-322,3,1,MIP
1978,72.077926899999994,112.91052810213509,true,3.2159713705602351,true,3.1998251608477788,17046,1547,2.6679544875427313e-322,3,1,MIP
1979,72.091846399999994,112.92839179818567,true,3.2159713705602351,true,3.1998399650016367,17057,1544,2.6679544875427313e-322,3,1,MIP
1980,72.093152900000007,112.92985138967191,true,3.2159713705602351,true,3.1998403564689717,17058,1544,2.6679544875427313e-322,3,1,MIP
1981,72.093319199999996,112.93007329271489,true,3.2159713705602351,true,3.1998470684737477,17059,1543,2.6679544875427313e-322,3,1,MIP
1982,72.094337600000003,112.93130596552221,true,3.2159713705602351,true,3.1998718491258424,17061,1541,2.6679544875427313e-322,3,1,MIP
1983,72.0961353,112.93349703610843,true,3.2159713705602351,true,3.1999085043454185,17062,1540,2.6679544875427313e-322,3,1,MIP
1984,72.102632700000001,112.9441165277169,true,3.2159713705602351,true,3.199918035292951,17063,1541,2.6679544875427313e-322,3,1,MIP
1985,72.105371599999998,112.94934192737692,true,3.2159713705602351,true,3.199930184616651,17064,1542,2.6679544875427313e-322,3,1,MIP
1986,72.130154899999994,112.98886803112542,true,3.2159713705602351,true,3.1999340956735578,17078,1538,2.6679544875427313e-322,3,1,MIP
1987,72.136439300000006,112.99522875169455,true,3.2159713705602351,true,3.1999370024205493,17079,1539,2.6679544875427313e-322,3,1,MIP
1988,72.137682799999993,112.99700603687054,true,3.2159713705602351,true,3.1999436983887914,17080,1540,2.6679544875427313e-322,3,1,MIP
1989,72.158802199999997,113.03046542760509,true,3.2159713705602351,true,3.1999840028752939,17096,1542,2.6679544875427313e-322,3,1,MIP
1990,72.162375800000007,113.03613955515543,true,3.2159713705602351,true,3.2000289778902973,17097,1543,2.6679544875427313e-322,3,1,MIP
1991,72.165144900000001,113.0405668778365,true,3.2159713705602351,true,3.2000316914358331,17098,1542,2.6679544875427313e-322,3,1,MIP
1992,72.188405500000002,113.08187667447258,true,3.2159713705602351,true,3.2000714929570773,17101,1539,2.6679544875427313e-322,3,1,MIP
1993,72.190180799999993,113.08421139517814,true,3.2159713705602351,true,3.2000849902922019,17102,1538,2.6679544875427313e-322,3,1,MIP
1994,72.190351899999996,113.08435315017815,true,3.2159713705602351,true,3.2000937359980668,17103,1537,2.6679544875427313e-322,3,1,MIP
1995,72.196062900000001,113.09399327118193,true,3.2159713705602351,true,3.2001170938363424,17104,1536,2.6679544875427313e-322,3,1,MIP
1996,72.236020400000001,113.1656354812426,true,3.2159713705602351,true,3.2001247731702707,17105,1535,2.6679544875427313e-322,3,1,MIP
1997,72.240044600000004,113.17239540739129,true,3.2159713705602351,true,3.2001355098384803,17106,1534,2.6679544875427313e-322,3,1,MIP
1998,72.241556099999997,113.17473506024945,true,3.2159713705602351,true,3.200141766920511,17107,1533,2.6679544875427313e-322,3,1,MIP
1999,72.246217099999996,113.18283566439256,true,3.2159713705602351,true,3.2001451522083855,17108,1534,2.6679544875427313e-322,3,1,MIP
2000,72.2483024,113.18608771845351,true,3.2159713705602351,true,3.2001577393205882,17109,1533,2.6679544875427313e-322,3,1,MIP
2001,72.253802399999998,113.19303487711838,true,3.2159713705602351,true,3.2001590686418666,17112,1534,2.6679544875427313e-322,3,1,MIP
2002,72.268651599999998,113.21481885010927,true,3.2159713705602351,true,3.2001794687031024,17125,1533,2.6679544875427313e-322,3,1,MIP
2003,72.312436700000006,113.2769400332449,true,3.2159713705602351,true,3.2001819359637693,17156,1542,2.6679544875427313e-322,3,1,MIP
2004,72.320687699999993,113.28716233836802,true,3.2159713705602351,true,3.2001843386954887,17159,1541,2.6679544875427313e-322,3,1,MIP
2005,72.391001599999996,113.39068508368057,true,3.2159713705602351,true,3.200199460913824,17178,1545,2.6679544875427313e-322,3,1,MIP
2006,72.430714899999998,113.45256986457814,true,3.2159713705602351,true,3.2002212648093726,17190,1545,2.6679544875427313e-322,3,1,MIP
2007,72.435023599999994,113.45928173524497,true,3.2159713705602351,true,3.2002300428636943,17191,1544,2.6679544875427313e-322,3,1,MIP
2008,72.445183599999993,113.47767808458606,true,3.2159713705602351,true,3.2002509559559478,17192,1545,2.6679544875427313e-322,3,1,MIP
2009,72.448594999999997,113.48393913969628,true,3.2159713705602351,true,3.2002542229588431,17193,1546,2.6679544875427313e-322,3,1,MIP
2010,72.456468000000001,113.4947060770417,true,3.2159713705602351,true,3.2002595501179476,17200,1543,2.6679544875427313e-322,3,1,MIP
2011,72.479203600000005,113.53407958206448,true,3.2159713705602351,true,3.2002605449421986,17203,1544,2.6679544875427313e-322,3,1,MIP
2012,72.490693899999997,113.5498315032048,true,3.2159713705602351,true,3.2002707995383703,17212,1544,2.6679544875427313e-322,3,1,MIP
2013,72.529536300000004,113.60666384442676,true,3.2159713705602351,true,3.2002754630958807,17251,1558,2.6679544875427313e-322,3,1,MIP
2014,72.558656299999996,113.64812971043821,true,3.2159713705602351,true,3.2002756637376475,17278,1574,2.6679544875427313e-322,3,1,MIP
2015,72.5855581,113.68677421798465,true,3.2159713705602351,true,3.2002762185295861,17307,1592,2.6679544875427313e-322,3,1,MIP
2016,72.585862399999996,113.68717280677156,true,3.2159713705602351,true,3.2002766784122683,17308,1593,2.6679544875427313e-322,3,1,MIP
2017,72.619174599999994,113.73604237934832,true,3.2159713705602351,true,3.2002822439532919,17354,1598,2.6679544875427313e-322,3,1,MIP
2018,72.642521000000002,113.77035035972909,true,3.2159713705602351,true,3.2002834794519015,17383,1608,2.6679544875427313e-322,3,1,MIP
2019,72.651234700000003,113.78260682978311,true,3.2159713705602351,true,3.2002841125477266,17386,1609,2.6679544875427313e-322,3,1,MIP
2020,72.690902600000001,113.84212659383813,true,3.2159713705602351,true,3.2002875401311028,17424,1619,2.6679544875427313e-322,3,1,MIP
2021,72.695915600000006,113.84831237682039,true,3.2159713705602351,true,3.2003249578927253,17429,1620,2.6679544875427313e-322,3,1,MIP
2022,72.788788999999994,113.97156110115066,true,3.2159713705602351,true,3.2003255688724561,17489,1640,2.6679544875427313e-322,3,1,MIP
2023,72.811840500000002,114.00573040052861,true,3.2159713705602351,true,3.2003309522491694,17507,1644,2.6679544875427313e-322,3,1,MIP
2024,72.823192599999999,114.02072396824711,true,3.2159713705602351,true,3.2003387455996126,17519,1648,2.6679544875427313e-322,3,1,MIP
2025,72.834147599999994,114.03633174528727,true,3.2159713705602351,true,3.2003500980874842,17533,1648,2.6679544875427313e-322,3,1,MIP
2026,72.863902100000004,114.09408815290604,true,3.2159713705602351,true,3.2003696808065367,17536,1647,2.6679544875427313e-322,3,1,MIP
2027,72.872173900000007,114.10513972605115,true,3.2159713705602351,true,3.2003700792480791,17539,1648,2.6679544875427313e-322,3,1,MIP
2028,72.892875500000002,114.14160283682696,true,3.2159713705602351,true,3.2004095495509457,17544,1644,2.6679544875427313e-322,3,1,MIP
2029,72.895182599999998,114.14444892334105,true,3.2159713705602351,true,3.2004096532873114,17546,1646,2.6679544875427313e-322,3,1,MIP
2030,72.898154099999999,114.14844238309861,true,3.2159713705602351,true,3.2004181209456815,17551,1645,2.6679544875427313e-322,3,1,MIP
2031,72.922237300000006,114.18484184393262,true,3.2159713705602351,true,3.2004369020623229,17573,1651,2.6679544875427313e-322,3,1,MIP
2032,72.955093000000005,114.23827864556047,true,3.2159713705602351,true,3.2004768519557625,17590,1650,2.6679544875427313e-322,3,1,MIP
2033,72.996885399999996,114.30034299740491,true,3.2159713705602351,true,3.200479849021753,17609,1650,2.6679544875427313e-322,3,1,MIP
2034,73.018133599999999,114.33158593775165,true,3.2159713705602351,true,3.2004847519207145,17638,1656,2.6679544875427313e-322,3,1,MIP
2035,73.111031800000006,114.45430714970567,true,3.2159713705602351,true,3.2004898106999384,17717,1669,2.6679544875427313e-322,3,1,MIP
2036,73.131578700000006,114.48369207625949,true,3.2159713705602351,true,3.2004898354558895,17731,1669,2.6679544875427313e-322,3,1,MIP
2037,73.1429519,114.50378988241565,true,3.2159713705602351,true,3.2004918825298221,17736,1668,2.6679544875427313e-322,3,1,MIP
2038,73.165373200000005,114.53869283502527,true,3.2159713705602351,true,3.2005045519109365,17748,1667,2.6679544875427313e-322,3,1,MIP
2039,73.189929199999995,114.57435931122274,true,3.2159713705602351,true,3.2005062006555218,17784,1668,2.6679544875427313e-322,3,1,MIP
2040,73.195833500000006,114.58487239667544,true,3.2159713705602351,true,3.2005248975139109,17786,1669,2.6679544875427313e-322,3,1,MIP
2041,73.250450599999994,114.66322977057136,true,3.2159713705602351,true,3.2005502578840019,17853,1679,2.6679544875427313e-322,3,1,MIP
2042,73.253914399999999,114.66769816951515,true,3.2159713705602351,true,3.2005644320405722,17856,1678,2.6679544875427313e-322,3,1,MIP
2043,73.257322200000004,114.67258636188923,true,3.2159713705602351,true,3.2005983884235452,17857,1679,2.6679544875427313e-322,3,1,MIP
2044,73.284299899999993,114.7157131117151,true,3.2159713705602351,true,3.2006053072577867,17878,1676,2.6679544875427313e-322,3,1,MIP
2045,73.286177600000002,114.71909335260787,true,3.2159713705602351,true,3.2006278035498181,17879,1677,2.6679544875427313e-322,3,1,MIP
2046,73.299210700000003,114.73895323636896,true,3.2159713705602351,true,3.2006302819542767,17891,1675,2.6679544875427313e-322,3,1,MIP
2047,73.312287900000001,114.75698635138437,true,3.2159713705602351,true,3.2006375988266593,17892,1674,2.6679544875427313e-322,3,1,MIP
2048,73.320064500000001,114.76373222229424,true,3.2159713705602351,true,3.20068672187017,17893,1675,2.6679544875427313e-322,3,1,MIP
2049,73.385516699999997,114.84247398307258,true,3.2159713705602351,true,3.2006869196593497,17927,1679,2.6679544875427313e-322,3,1,MIP
2050,73.429489500000003,114.90651673957181,true,3.2159713705602351,true,3.2006988331125128,17968,1694,2.6679544875427313e-322,3,1,MIP
2051,73.445554900000005,114.92894623745394,true,3.2159713705602351,true,3.2007010487742664,17988,1697,2.6679544875427313e-322,3,1,MIP
2052,73.456323400000002,114.94481075682761,true,3.2159713705602351,true,3.2007017662438466,18000,1700,2.6679544875427313e-322,3,1,MIP
2053,73.456840999999997,114.94564166394592,true,3.2159713705602351,true,3.200704232059147,18001,1701,2.6679544875427313e-322,3,1,MIP
2054,73.474749799999998,114.97659545729925,true,3.2159713705602351,true,3.2007089845733563,18017,1700,2.6679544875427313e-322,3,1,MIP
2055,73.497959100000003,115.01624510235244,true,3.2159713705602351,true,3.2007092883269173,18023,1699,2.6679544875427313e-322,3,1,MIP
2056,73.516305900000006,115.05091405131387,true,3.2159713705602351,true,3.2007208438856134,18028,1698,2.6679544875427313e-322,3,1,MIP
2057,73.547257400000007,115.10009687518811,true,3.2159713705602351,true,3.2007351066653693,18044,1691,2.6679544875427313e-322,3,1,MIP
2058,73.547749899999999,115.10074140541998,true,3.2159713705602351,true,3.2007389249529679,18045,1690,2.6679544875427313e-322,3,1,MIP
2059,73.552704800000001,115.10971238264902,true,3.2159713705602351,true,3.200748737376089,18046,1689,2.6679544875427313e-322,3,1,MIP
2060,73.553299999999993,115.11057137566962,true,3.2159713705602351,true,3.2007558833155296,18047,1688,2.6679544875427313e-322,3,1,MIP
2061,73.555118699999994,115.11338782931017,true,3.2159713705602351,true,3.2007631026532359,18048,1689,2.6679544875427313e-322,3,1,MIP
2062,73.557197299999999,115.11509724490807,true,3.2159713705602351,true,3.2007653457407153,18049,1690,2.6679544875427313e-322,3,1,MIP
2063,73.586998199999996,115.16559987015094,true,3.2159713705602351,true,3.2007977141958186,18058,1692,2.6679544875427313e-322,3,1,MIP
2064,73.629921999999993,115.23119223143969,true,3.2159713705602351,true,3.2008336755162548,18088,1695,2.6679544875427313e-322,3,1,MIP
2065,73.636472100000006,115.2403903625611,true,3.2159713705602351,true,3.2008349099150468,18102,1697,2.6679544875427313e-322,3,1,MIP
2066,73.639803099999995,115.24484177610671,true,3.2159713705602351,true,3.2008434751809069,18103,1698,2.6679544875427313e-322,3,1,MIP
2067,73.641398699999996,115.2474478044569,true,3.2159713705602351,true,3.2008834055287991,18104,1699,2.6679544875427313e-322,3,1,MIP
2068,73.645154300000002,115.25301866322076,true,3.2159713705602351,true,3.2008842774803581,18111,1694,2.6679544875427313e-322,3,1,MIP
2069,73.6482867,115.25782849365618,true,3.2159713705602351,true,3.2009442343652648,18112,1695,2.6679544875427313e-322,3,1,MIP
2070,73.649537199999997,115.25976532473702,true,3.2159713705602351,true,3.2009806335803797,18113,1696,2.6679544875427313e-322,3,1,MIP
2071,73.662649500000001,115.27950174743548,true,3.2159713705602351,true,3.2010682433920228,18124,1697,2.6679544875427313e-322,3,1,MIP
2072,73.667666299999993,115.2866908632968,true,3.2159713705602351,true,3.2010726152457543,18129,1698,2.6679544875427313e-322,3,1,MIP
2073,73.688143199999999,115.3183774445199,true,3.2159713705602351,true,3.2010754389443719,18140,1697,2.6679544875427313e-322,3,1,MIP
2074,73.722308600000005,115.36909143510513,true,3.2159713705602351,true,3.2011036954668448,18162,1700,2.6679544875427313e-322,3,1,MIP
2075,73.743501100000003,115.40126888507686,true,3.2159713705602351,true,3.2011441616984309,18171,1701,2.6679544875427313e-322,3,1,MIP
2076,73.754783500000002,115.41981680971946,true,3.2159713705602351,true,3.201173922808553,18183,1700,2.6679544875427313e-322,3,1,MIP
2077,73.800117,115.48603742677278,true,3.2145104735707757,true,3.201173922808553,18234,1636,2.717361052126856e-322,3,1,MIP
2078,73.800954599999997,115.48710442503187,true,3.2143471919036744,true,3.201173922808553,18237,1604,2.7667676167109806e-322,3,1,MIP
2079,73.876430999999997,115.59308949018303,true,3.2143471919036744,true,3.2011924424235998,18306,1634,2.7667676167109806e-322,3,1,MIP
2080,73.893402399999999,115.6183270803639,true,3.2143471919036744,true,3.2012477040280096,18329,1643,2.7667676167109806e-322,3,1,MIP
2081,73.899529799999996,115.62957924593961,true,3.2143471919036744,true,3.2012592894959053,18330,1642,2.7667676167109806e-322,3,1,MIP
2082,73.902613500000001,115.6351690488945,true,3.2143471919036744,true,3.2012701343828334,18331,1641,2.7667676167109806e-322,3,1,MIP
2083,73.905453800000004,115.63920684211934,true,3.2143471919036744,true,3.2012798320347149,18332,1642,2.7667676167109806e-322,3,1,MIP
2084,74.005897500000003,115.78209165687612,true,3.2143471919036744,true,3.2012798320347153,18436,1660,2.7667676167109806e-322,3,1,MIP
2085,74.106384199999994,115.92285871334641,true,3.2143471919036744,true,3.2012798320347153,18537,1679,2.7667676167109806e-322,3,1,MIP
2086,74.173166600000002,116.01951570871496,true,3.2143471919036744,true,3.2012798817882597,18608,1702,2.7667676167109806e-322,3,1,MIP
2087,74.204919399999994,116.06387461728103,true,3.2140868285852573,true,3.2012798817882597,18640,1702,2.8161741812951053e-322,3,1,MIP
2088,74.205511599999994,116.0645613663939,true,3.2139098229866798,true,3.2012798817882597,18641,1688,2.86558074587923e-322,3,1,MIP
2089,74.305713499999996,116.20418060249624,true,3.2139098229866798,true,3.2012798817882597,18737,1711,2.86558074587923e-322,3,1,MIP
2090,74.380903399999994,116.30851021202406,true,3.2139098229866798,true,3.2012804170703246,18820,1728,2.86558074587923e-322,3,1,MIP
2091,74.481652999999994,116.45276349113385,true,3.2139098229866798,true,3.2012804170703246,18904,1764,2.86558074587923e-322,3,1,MIP
2092,74.532905,116.52414855728249,true,3.2139098229866798,true,3.2012806302388772,18939,1766,2.86558074587923e-322,3,1,MIP
2093,74.633644000000004,116.66073244747767,true,3.2139098229866798,true,3.2012806302388777,19030,1783,2.86558074587923e-322,3,1,MIP
2094,74.734103300000001,116.80426900552818,true,3.2139098229866798,true,3.2012806302388777,19147,1803,2.86558074587923e-322,3,1,MIP
2095,74.837464400000002,116.94715148709159,true,3.2139098229866798,true,3.2012806302388777,19252,1830,2.86558074587923e-322,3,1,MIP
2096,74.937579999999997,117.09047235609125,true,3.2139098229866798,true,3.2012806302388777,19343,1859,2.86558074587923e-322,3,1,MIP
2097,75.038961900000004,117.235615558563,true,3.2139098229866798,true,3.2012806302388777,19453,1865,2.86558074587923e-322,3,1,MIP
2098,75.139290299999999,117.37670945252275,true,3.2139098229866798,true,3.2012806302388777,19550,1900,2.86558074587923e-322,3,1,MIP
2099,75.242345900000004,117.51762261257699,true,3.2139098229866798,true,3.2012806302388777,19641,1919,2.86558074587923e-322,3,1,MIP
2100,75.271524999999997,117.55843276663411,true,3.2139098229866798,true,3.2012809474306714,19666,1932,2.86558074587923e-322,3,1,MIP
2101,75.324851100000004,117.63510831132307,true,3.2139098229866798,true,3.2012811307410916,19711,1939,2.86558074587923e-322,3,1,MIP
2102,75.346959600000005,117.66700169539493,true,3.2139098229866798,true,3.2012830220388162,19731,1943,2.86558074587923e-322,3,1,MIP
2103,75.356765100000004,117.68001293654903,true,3.2139098229866798,true,3.2012911447047951,19746,1945,2.86558074587923e-322,3,1,MIP
2104,75.372690700000007,117.70577949609302,true,3.2139098229866798,true,3.2012920226724799,19756,1943,2.86558074587923e-322,3,1,MIP
2105,75.374402000000003,117.708856408006,true,3.2139098229866798,true,3.2012926323640949,19757,1942,2.86558074587923e-322,3,1,MIP
2106,75.377464900000007,117.7119676740481,true,3.2139098229866798,true,3.2012969087802601,19758,1943,2.86558074587923e-322,3,1,MIP
2107,75.378110000000007,117.71275705418282,true,3.2139098229866798,true,3.2012971517246802,19759,1944,2.86558074587923e-322,3,1,MIP
2108,75.479139399999994,117.85157790238686,true,3.2139098229866798,true,3.2012971517246807,19861,1964,2.86558074587923e-322,3,1,MIP
2109,75.579553799999999,117.98827062364799,true,3.2139098229866798,true,3.2012971517246807,19949,1991,2.86558074587923e-322,3,1,MIP
2110,75.680009400000003,118.12876800038234,true,3.2139098229866798,true,3.2012971517246807,20064,2018,2.86558074587923e-322,3,1,MIP
2111,75.780140500000002,118.26489412521823,true,3.2139098229866798,true,3.2012971517246807,20158,2031,2.86558074587923e-322,3,1,MIP
2112,75.853463500000004,118.36460809516973,true,3.2139098229866798,true,3.2012974617126151,20226,2034,2.86558074587923e-322,3,1,MIP
2113,75.892010099999993,118.41774032071582,true,3.2139098229866798,true,3.2013019696516745,20271,2047,2.86558074587923e-322,3,1,MIP
2114,75.913317899999996,118.4469752202011,true,3.2139098229866798,true,3.2013027794859781,20295,2049,2.86558074587923e-322,3,1,MIP
2115,75.914355499999999,118.44819697458344,true,3.2139098229866798,true,3.2013052133401452,20296,2050,2.86558074587923e-322,3,1,MIP
2116,75.927429200000006,118.46641921193138,true,3.2139098229866798,true,3.201305339101495,20302,2046,2.86558074587923e-322,3,1,MIP
2117,75.928222000000005,118.46723271459226,true,3.2139098229866798,true,3.2013166930872332,20303,2047,2.86558074587923e-322,3,1,MIP
2118,75.940110899999993,118.48480331677692,true,3.2139098229866798,true,3.2013167429849489,20316,2051,2.86558074587923e-322,3,1,MIP
2119,75.946444299999996,118.49419608007379,true,3.2139098229866798,true,3.2013184823151395,20321,2048,2.86558074587923e-322,3,1,MIP
2120,75.963151300000007,118.51610799606989,true,3.2139098229866798,true,3.2013188093534479,20340,2049,2.86558074587923e-322,3,1,MIP
2121,75.976071000000005,118.53320469730241,true,3.2139098229866798,true,3.2013216293032252,20359,2050,2.86558074587923e-322,3,1,MIP
2122,75.986820300000005,118.5493443660167,true,3.2139098229866798,true,3.2013233036482536,20373,2058,2.86558074587923e-322,3,1,MIP
2123,76.072054399999999,118.68520285675463,true,3.2139098229866798,true,3.2013256402933195,20400,2054,2.86558074587923e-322,3,1,MIP
2124,76.074548500000006,118.68859760850467,true,3.2139098229866798,true,3.2013279008300866,20401,2055,2.86558074587923e-322,3,1,MIP
2125,76.090550199999996,118.71161843397265,true,3.2139098229866798,true,3.2013307133780398,20418,2057,2.86558074587923e-322,3,1,MIP
2126,76.103885899999995,118.72596745431835,true,3.2139098229866798,true,3.2013310223062597,20427,2055,2.86558074587923e-322,3,1,MIP
2127,76.104789800000006,118.72726735106561,true,3.2139098229866798,true,3.2013345198730727,20428,2056,2.86558074587923e-322,3,1,MIP
2128,76.109660300000002,118.73394437943956,true,3.2139098229866798,true,3.2013364746158537,20435,2056,2.86558074587923e-322,3,1,MIP
2129,76.210498599999994,118.8907723551835,true,3.2139098229866798,true,3.2013364746158537,20474,2058,2.86558074587923e-322,3,1,MIP
2130,76.219915599999993,118.90362246598885,true,3.2139098229866798,true,3.2013367993030455,20480,2056,2.86558074587923e-322,3,1,MIP
2131,76.235146599999993,118.92680765255619,true,3.2139098229866798,true,3.2013367999359641,20490,2056,2.86558074587923e-322,3,1,MIP
2132,76.258277399999997,118.96035035497344,true,3.2139098229866798,true,3.2013387345947253,20515,2059,2.86558074587923e-322,3,1,MIP
2133,76.346402800000007,119.08709635156347,true,3.2139098229866798,true,3.2013466246233828,20608,2065,2.86558074587923e-322,3,1,MIP
2134,76.362916299999995,119.10988110028134,true,3.2139098229866798,true,3.2013467199402825,20627,2066,2.86558074587923e-322,3,1,MIP
2135,76.378393599999995,119.1324850696238,true,3.2139098229866798,true,3.2013475773791065,20637,2064,2.86558074587923e-322,3,1,MIP
2136,76.3787217,119.13289758567622,true,3.2139098229866798,true,3.2013485632827519,20638,2065,2.86558074587923e-322,3,1,MIP
2137,76.393335800000003,119.15525840113469,true,3.2139098229866798,true,3.2013514322015606,20653,2069,2.86558074587923e-322,3,1,MIP
2138,76.399758000000006,119.16295499036367,true,3.2139098229866798,true,3.2013552719135263,20659,2069,2.86558074587923e-322,3,1,MIP
2139,76.502890699999995,119.3113211225547,true,3.2139098229866798,true,3.2013552719135263,20784,2081,2.86558074587923e-322,3,1,MIP
2140,76.537134300000005,119.36082483519932,true,3.2139098229866798,true,3.2013559754085854,20823,2084,2.86558074587923e-322,3,1,MIP
2141,76.547365299999996,119.37507717803825,true,3.2139098229866798,true,3.2013651015604712,20837,2087,2.86558074587923e-322,3,1,MIP
2142,76.5934168,119.43919969798486,true,3.2139098229866798,true,3.2013728801885204,20896,2093,2.86558074587923e-322,3,1,MIP
2143,76.607250899999997,119.45799043114314,true,3.2139098229866798,true,3.2013777774663472,20917,2091,2.86558074587923e-322,3,1,MIP
2144,76.612514300000001,119.4663242215406,true,3.2139098229866798,true,3.2013868581102751,20922,2088,2.86558074587923e-322,3,1,MIP
2145,76.619970899999998,119.47626563321006,true,3.2139098229866798,true,3.2013954693296078,20927,2089,2.86558074587923e-322,3,1,MIP
2146,76.638383399999995,119.49947833500435,true,3.2139098229866798,true,3.2014025827823751,20943,2097,2.86558074587923e-322,3,1,MIP
2147,76.6616195,119.53193124139968,true,3.2139098229866798,true,3.2014030121193446,20970,2106,2.86558074587923e-322,3,1,MIP
2148,76.679122399999997,119.5582977346683,true,3.2139098229866798,true,3.2014094492666296,20990,2112,2.86558074587923e-322,3,1,MIP
2149,76.679569499999999,119.55896358628735,true,3.2139098229866798,true,3.2014149443130657,20991,2113,2.86558074587923e-322,3,1,MIP
2150,76.689966699999999,119.57423251745556,true,3.2139098229866798,true,3.2014266681899999,21004,2114,2.86558074587923e-322,3,1,MIP
2151,76.702453500000004,119.59461210939722,true,3.2139098229866798,true,3.2014272653397953,21020,2115,2.86558074587923e-322,3,1,MIP
2152,76.729653900000002,119.63858854764872,true,3.2139098229866798,true,3.2014283027793535,21035,2114,2.86558074587923e-322,3,1,MIP
2153,76.733929399999994,119.64392989864609,true,3.2139098229866798,true,3.2014303951436136,21038,2115,2.86558074587923e-322,3,1,MIP
2154,76.7412037,119.65503815511053,true,3.2139098229866798,true,3.2014317606988429,21047,2114,2.86558074587923e-322,3,1,MIP
2155,76.745570900000004,119.66157325228232,true,3.2139098229866798,true,3.2014453897151496,21050,2115,2.86558074587923e-322,3,1,MIP
2156,76.756733400000002,119.67619015257075,true,3.2139098229866798,true,3.2014514363810096,21061,2115,2.86558074587923e-322,3,1,MIP
2157,76.762151200000005,119.68384544248946,true,3.2139098229866798,true,3.201463357238139,21068,2114,2.86558074587923e-322,3,1,MIP
2158,76.7715453,119.69568890216405,true,3.2139098229866798,true,3.2014635987204958,21075,2114,2.86558074587923e-322,3,1,MIP
2159,76.8000696,119.74397101972821,true,3.2139098229866798,true,3.2014693540382795,21086,2117,2.86558074587923e-322,3,1,MIP
2160,76.832700900000006,119.79611864345266,true,3.2139098229866798,true,3.2014767171177745,21101,2116,2.86558074587923e-322,3,1,MIP
2161,76.848437599999997,119.82205821726737,true,3.2139098229866798,true,3.2014795259171884,21106,2115,2.86558074587923e-322,3,1,MIP
2162,76.877532900000006,119.86233857766089,true,3.2139098229866798,true,3.2014795931089557,21136,2121,2.86558074587923e-322,3,1,MIP
2163,76.894980700000005,119.88849443573628,true,3.2139098229866798,true,3.2014940003387666,21157,2130,2.86558074587923e-322,3,1,MIP
2164,76.914865199999994,119.91766000651629,true,3.2139098229866798,true,3.2015084845541848,21176,2132,2.86558074587923e-322,3,1,MIP
2165,76.9247589,119.93258234202665,true,3.2139098229866798,true,3.2015117610331529,21181,2131,2.86558074587923e-322,3,1,MIP
2166,76.933852999999999,119.94671847841909,true,3.2139098229866798,true,3.2015183804447394,21190,2133,2.86558074587923e-322,3,1,MIP
2167,76.943742999999998,119.96175328092312,true,3.2139098229866798,true,3.2015232786011052,21195,2132,2.86558074587923e-322,3,1,MIP
2168,76.958734300000003,119.98306256510813,true,3.2139098229866798,true,3.2015311237886848,21209,2133,2.86558074587923e-322,3,1,MIP
2169,76.973658999999998,120.00690052105637,true,3.2139098229866798,true,3.2015493890667823,21217,2133,2.86558074587923e-322,3,1,MIP
2170,76.988795999999994,120.02887658470415,true,3.2139098229866798,true,3.2015587712925315,21239,2139,2.86558074587923e-322,3,1,MIP
2171,76.994912499999998,120.03873132338187,true,3.2139098229866798,true,3.2015864366076743,21242,2138,2.86558074587923e-322,3,1,MIP
2172,77.006610800000004,120.05539686173354,true,3.2139098229866798,true,3.2015905258810657,21249,2137,2.86558074587923e-322,3,1,MIP
2173,77.007854199999997,120.05668080963066,true,3.2139098229866798,true,3.2015983116096018,21250,2138,2.86558074587923e-322,3,1,MIP
2174,77.021514499999995,120.07594594487517,true,3.2139098229866798,true,3.2016051211510388,21257,2136,2.86558074587923e-322,3,1,MIP
2175,77.037712999999997,120.0992208012305,true,3.2139098229866798,true,3.2016061585971523,21262,2136,2.86558074587923e-322,3,1,MIP
2176,77.050852000000006,120.11782442609146,true,3.2139098229866798,true,3.2016168422326952,21271,2135,2.86558074587923e-322,3,1,MIP
2177,77.0686848,120.14526839829151,true,3.2139098229866798,true,3.2016181520876432,21281,2136,2.86558074587923e-322,3,1,MIP
2178,77.103696999999997,120.19559770268144,true,3.2139098229866798,true,3.2016189958633903,21300,2135,2.86558074587923e-322,3,1,MIP
2179,77.119553499999995,120.21923774387803,true,3.2139098229866798,true,3.2016193190511104,21321,2144,2.86558074587923e-322,3,1,MIP
2180,77.123865100000003,120.2252168673941,true,3.2139098229866798,true,3.2016278140491736,21329,2142,2.86558074587923e-322,3,1,MIP
2181,77.1269542,120.22974801850312,true,3.2139098229866798,true,3.2016348993529231,21331,2142,2.86558074587923e-322,3,1,MIP
2182,77.132619300000002,120.2373502782194,true,3.2139098229866798,true,3.2016350837323455,21336,2143,2.86558074587923e-322,3,1,MIP
2183,77.146446800000007,120.25517483408095,true,3.2139098229866798,true,3.201641690880682,21352,2149,2.86558074587923e-322,3,1,MIP
2184,77.158170699999999,120.26989012846049,true,3.2139098229866798,true,3.2016564793272613,21368,2157,2.86558074587923e-322,3,1,MIP
2185,77.169721300000006,120.28628235399736,true,3.2139098229866798,true,3.2016591282710443,21382,2158,2.86558074587923e-322,3,1,MIP
2186,77.170842800000003,120.28798935552064,true,3.2139098229866798,true,3.201662305230375,21383,2157,2.86558074587923e-322,3,1,MIP
2187,77.173006900000004,120.29164795170374,true,3.2139098229866798,true,3.2016660618089299,21384,2156,2.86558074587923e-322,3,1,MIP
2188,77.177871800000005,120.29985957477554,true,3.2139098229866798,true,3.2016731415765403,21385,2157,2.86558074587923e-322,3,1,MIP
2189,77.179355299999997,120.30225167505107,true,3.2139098229866798,true,3.2016969877136772,21386,2158,2.86558074587923e-322,3,1,MIP
2190,77.193158600000004,120.32375557074022,true,3.2139098229866798,true,3.201708718207259,21394,2157,2.86558074587923e-322,3,1,MIP
2191,77.204311700000005,120.34191035566667,true,3.2139098229866798,true,3.2017312941961782,21403,2156,2.86558074587923e-322,3,1,MIP
2192,77.231393600000004,120.38495900139762,true,3.2139098229866798,true,3.2017315886538382,21410,2155,2.86558074587923e-322,3,1,MIP
2193,77.251188799999994,120.4170599925698,true,3.2139098229866798,true,3.201731613352063,21417,2152,2.86558074587923e-322,3,1,MIP
2194,77.265548300000006,120.44151099865347,true,3.2139098229866798,true,3.2017467563707265,21421,2150,2.86558074587923e-322,3,1,MIP
2195,77.278622999999996,120.46235169415301,true,3.2139098229866798,true,3.2017510317517819,21424,2151,2.86558074587923e-322,3,1,MIP
2196,77.285574999999994,120.47218049328019,true,3.2139098229866798,true,3.2017526100307578,21432,2151,2.86558074587923e-322,3,1,MIP
2197,77.296502399999994,120.48746548636285,true,3.2139098229866798,true,3.2017527891522781,21445,2149,2.86558074587923e-322,3,1,MIP
2198,77.297241200000002,120.48856294384886,true,3.2139098229866798,true,3.2017588998125408,21446,2150,2.86558074587923e-322,3,1,MIP
2199,77.305606299999994,120.49917425317295,true,3.2139098229866798,true,3.201761405487745,21456,2153,2.86558074587923e-322,3,1,MIP
2200,77.312775599999995,120.50896510230447,true,3.2139098229866798,true,3.2017624220001588,21469,2153,2.86558074587923e-322,3,1,MIP
2201,77.313186000000002,120.50952471973949,true,3.2139098229866798,true,3.201785337922554,21470,2154,2.86558074587923e-322,3,1,MIP
2202,77.413281400000002,120.6573465285617,true,3.2139098229866798,true,3.201785337922554,21519,2160,2.86558074587923e-322,3,1,MIP
2203,77.481113500000006,120.75648525901197,true,3.2139098229866798,true,3.201785607545089,21546,2163,2.86558074587923e-322,3,1,MIP
2204,77.589173799999998,120.92333723693133,true,3.2139098229866798,true,3.201785607545089,21585,2160,2.86558074587923e-322,3,1,MIP
2205,77.591978600000004,120.92787477446102,true,3.2139098229866798,true,3.201785613084259,21586,2160,2.86558074587923e-322,3,1,MIP
2206,77.672193199999995,121.0515511599545,true,3.2139098229866798,true,3.2017860827789653,21606,2159,2.86558074587923e-322,3,1,MIP
2207,77.685830899999999,121.07206165232219,true,3.2139098229866798,true,3.2017861856631304,21615,2155,2.86558074587923e-322,3,1,MIP
2208,77.795037699999995,121.23729758879112,true,3.2139098229866798,true,3.2017861856631304,21647,2153,2.86558074587923e-322,3,1,MIP
2209,77.841006300000004,121.31203361377554,true,3.2139098229866798,true,3.2017861959696843,21663,2152,2.86558074587923e-322,3,1,MIP
2210,77.841353600000005,121.31243097831853,true,3.2139098229866798,true,3.2017864563670999,21664,2153,2.86558074587923e-322,3,1,MIP
2211,77.8851607,121.38081538362678,true,3.2139098229866798,true,3.2017890479569013,21679,2150,2.86558074587923e-322,3,1,MIP
2212,77.8919523,121.38966112243418,true,3.2139098229866798,true,3.201797870380604,21683,2151,2.86558074587923e-322,3,1,MIP
2213,77.911935400000004,121.42341404601456,true,3.2139098229866798,true,3.2017995441624389,21696,2152,2.86558074587923e-322,3,1,MIP
2214,77.915633700000001,121.42833955685613,true,3.2139098229866798,true,3.2018097494168076,21697,2153,2.86558074587923e-322,3,1,MIP
2215,77.916306700000007,121.42923346347845,true,3.2139098229866798,true,3.2018137051411162,21698,2154,2.86558074587923e-322,3,1,MIP
2216,77.924172799999994,121.44091610685976,true,3.2139098229866798,true,3.20181599608678,21703,2152,2.86558074587923e-322,3,1,MIP
2217,77.928704600000003,121.44672841197247,true,3.2139098229866798,true,3.2018176502808582,21708,2150,2.86558074587923e-322,3,1,MIP
2218,77.956940399999993,121.48718270570038,true,3.2139098229866798,true,3.2018195281040924,21733,2159,2.86558074587923e-322,3,1,MIP
2219,77.982981600000002,121.52647265317194,true,3.2139098229866798,true,3.2018223296856028,21753,2157,2.86558074587923e-322,3,1,MIP
2220,77.984368000000003,121.52819227097041,true,3.2139098229866798,true,3.2018275147862698,21754,2156,2.86558074587923e-322,3,1,MIP
2221,77.988115300000004,121.53365547144998,true,3.2139098229866798,true,3.2018380898778673,21759,2157,2.86558074587923e-322,3,1,MIP
2222,78.001484300000001,121.55361197087991,true,3.2139098229866798,true,3.2018455985054004,21777,2161,2.86558074587923e-322,3,1,MIP
2223,78.010296100000005,121.56887254666715,true,3.2139098229866798,true,3.2018546468141684,21782,2158,2.86558074587923e-322,3,1,MIP
2224,78.017039999999994,121.57818441492951,true,3.2139098229866798,true,3.2018622150544358,21788,2157,2.86558074587923e-322,3,1,MIP
2225,78.019187099999996,121.58101505098506,true,3.2139098229866798,true,3.2018708950027359,21791,2156,2.86558074587923e-322,3,1,MIP
2226,78.031276800000001,121.59814304866333,true,3.2139098229866798,true,3.2018729970330879,21805,2158,2.86558074587923e-322,3,1,MIP
2227,78.057541400000005,121.63556457300406,true,3.2139098229866798,true,3.2018943360064913,21839,2167,2.86558074587923e-322,3,1,MIP
2228,78.081047400000003,121.66790847281288,true,3.2139098229866798,true,3.2019049920970035,21874,2169,2.86558074587923e-322,3,1,MIP
2229,78.098383100000007,121.69285084853193,true,3.2139098229866798,true,3.201917730939682,21888,2173,2.86558074587923e-322,3,1,MIP
2230,78.100767700000006,121.69587789548741,true,3.2139098229866798,true,3.2019178467092253,21889,2174,2.86558074587923e-322,3,1,MIP
2231,78.128527800000001,121.73580391554229,true,3.2139098229866798,true,3.2019258024315311,21919,2180,2.86558074587923e-322,3,1,MIP
2232,78.145520300000001,121.75908734468881,true,3.2139098229866798,true,3.2019375769208791,21933,2180,2.86558074587923e-322,3,1,MIP
2233,78.161167199999994,121.78198844508704,true,3.2139098229866798,true,3.2019426232142698,21940,2179,2.86558074587923e-322,3,1,MIP
2234,78.184172399999994,121.81598153700851,true,3.2139098229866798,true,3.2019453244643516,21958,2180,2.86558074587923e-322,3,1,MIP
2235,78.210189099999994,121.85580008319765,true,3.2139098229866798,true,3.2019506408484397,21971,2182,2.86558074587923e-322,3,1,MIP
2236,78.236027800000002,121.89375032109373,true,3.2139098229866798,true,3.2019514608872752,21984,2183,2.86558074587923e-322,3,1,MIP
2237,78.246935800000003,121.9105520092279,true,3.2139098229866798,true,3.2019515072879172,21999,2181,2.86558074587923e-322,3,1,MIP
2238,78.248458600000006,121.91288824256981,true,3.2139098229866798,true,3.2019568077782545,22000,2180,2.86558074587923e-322,3,1,MIP
2239,78.249638599999997,121.91487086200628,true,3.2139098229866798,true,3.2019580088373565,22001,2179,2.86558074587923e-322,3,1,MIP
2240,78.250932899999995,121.91662294604571,true,3.2139098229866798,true,3.2019733357507683,22002,2180,2.86558074587923e-322,3,1,MIP
2241,78.251484899999994,121.91736868684946,true,3.2139098229866798,true,3.201975129647693,22003,2181,2.86558074587923e-322,3,1,MIP
2242,78.261044400000003,121.93171753122884,true,3.2139098229866798,true,3.201981887925073,22019,2183,2.86558074587923e-322,3,1,MIP
2243,78.270878800000006,121.94725382879668,true,3.2139098229866798,true,3.2019859347176496,22024,2181,2.86558074587923e-322,3,1,MIP
2244,78.271177600000001,121.94765810460132,true,3.2139098229866798,true,3.2019905718802786,22025,2181,2.86558074587923e-322,3,1,MIP
2245,78.282155099999997,121.9643062217346,true,3.2139098229866798,true,3.2019906610252882,22028,2180,2.86558074587923e-322,3,1,MIP
2246,78.284291899999999,121.96708410393946,true,3.2139098229866798,true,3.2019920562763939,22029,2180,2.86558074587923e-322,3,1,MIP
2247,78.298139000000006,121.98787165763349,true,3.2139098229866798,true,3.2020168789436259,22047,2184,2.86558074587923e-322,3,1,MIP
2248,78.298850999999999,121.98900643644164,true,3.2139098229866798,true,3.2020208722364085,22048,2183,2.86558074587923e-322,3,1,MIP
2249,78.305766800000001,121.99832758849507,true,3.2139098229866798,true,3.202028024927996,22053,2184,2.86558074587923e-322,3,1,MIP
2250,78.3178506,122.01573027613208,true,3.2139098229866798,true,3.2020359028051382,22064,2187,2.86558074587923e-322,3,1,MIP
2251,78.320236300000005,122.01921302478404,true,3.2139098229866798,true,3.2020510316944186,22069,2184,2.86558074587923e-322,3,1,MIP
2252,78.342873499999996,122.05527537516826,true,3.2139098229866798,true,3.2020516737320159,22104,2183,2.86558074587923e-322,3,1,MIP
2253,78.347088799999995,122.06054097240794,true,3.2139098229866798,true,3.2020560143754162,22105,2184,2.86558074587923e-322,3,1,MIP
2254,78.349198900000005,122.0633138831506,true,3.2139098229866798,true,3.2020587459675189,22108,2187,2.86558074587923e-322,3,1,MIP
2255,78.364431499999995,122.08309658702112,true,3.2139098229866798,true,3.2020603501627058,22120,2188,2.86558074587923e-322,3,1,MIP
2256,78.378512099999995,122.10138212862137,true,3.2139098229866798,true,3.2020617402927476,22128,2188,2.86558074587923e-322,3,1,MIP
2257,78.390951400000006,122.11855889550463,true,3.2139098229866798,true,3.2020710504164169,22140,2190,2.86558074587923e-322,3,1,MIP
2258,78.3979511,122.12885465137251,true,3.2139098229866798,true,3.2020769421516322,22150,2190,2.86558074587923e-322,3,1,MIP
2259,78.415723,122.15562426454044,true,3.2139098229866798,true,3.20208261019223,22161,2189,2.86558074587923e-322,3,1,MIP
2260,78.446068999999994,122.20188339676896,true,3.2139098229866798,true,3.2020834636094606,22172,2192,2.86558074587923e-322,3,1,MIP
2261,78.457381600000005,122.21923202377532,true,3.2139098229866798,true,3.2020841411323371,22179,2189,2.86558074587923e-322,3,1,MIP
2262,78.459066500000006,122.2220266466524,true,3.2139098229866798,true,3.202089672969922,22180,2189,2.86558074587923e-322,3,1,MIP
2263,78.473025100000001,122.2440224431611,true,3.2139098229866798,true,3.2020904903026808,22184,2189,2.86558074587923e-322,3,1,MIP
2264,78.503082800000001,122.29240160163384,true,3.2139098229866798,true,3.202094618680404,22195,2192,2.86558074587923e-322,3,1,MIP
2265,78.515174200000004,122.30988988627769,true,3.2139098229866798,true,3.2020966662444792,22207,2194,2.86558074587923e-322,3,1,MIP
2266,78.538615100000001,122.34485513990164,true,3.2139098229866798,true,3.2021184582962383,22219,2194,2.86558074587923e-322,3,1,MIP
2267,78.551499500000006,122.36482459783402,true,3.2139098229866798,true,3.2021240532947539,22227,2190,2.86558074587923e-322,3,1,MIP
2268,78.556359499999999,122.3716735675454,true,3.2139098229866798,true,3.2021274014681564,22228,2191,2.86558074587923e-322,3,1,MIP
2269,78.557420699999994,122.37297141029536,true,3.2139098229866798,true,3.202138225562718,22229,2192,2.86558074587923e-322,3,1,MIP
2270,78.574729199999993,122.39904104073283,true,3.2139098229866798,true,3.20214505158616,22251,2198,2.86558074587923e-322,3,1,MIP
2271,78.579843100000005,122.40654794747101,true,3.2139098229866798,true,3.2021521612404706,22259,2198,2.86558074587923e-322,3,1,MIP
2272,78.586624200000003,122.41690358476362,true,3.2139098229866798,true,3.2021538968436132,22274,2199,2.86558074587923e-322,3,1,MIP
2273,78.595066099999997,122.4264228464306,true,3.2139098229866798,true,3.2021620516123965,22287,2198,2.86558074587923e-322,3,1,MIP
2274,78.595097899999999,122.42644860143061,true,3.2139098229866798,true,3.2021687924253586,22288,2197,2.86558074587923e-322,3,1,MIP
2275,78.601043099999998,122.43482529928366,true,3.2139098229866798,true,3.2021697373291347,22291,2198,2.86558074587923e-322,3,1,MIP
2276,78.614539199999996,122.45500157380761,true,3.2139098229866798,true,3.2021805530183736,22306,2201,2.86558074587923e-322,3,1,MIP
2277,78.625389999999996,122.47463949858395,true,3.2139098229866798,true,3.2021857686701307,22307,2201,2.86558074587923e-322,3,1,MIP
2278,78.625451299999995,122.47469383058396,true,3.2139098229866798,true,3.2021887702418637,22308,2200,2.86558074587923e-322,3,1,MIP
2279,78.640077300000002,122.49688691478337,true,3.2139098229866798,true,3.2021937485196204,22310,2202,2.86558074587923e-322,3,1,MIP
2280,78.653430200000003,122.51783882937221,true,3.2139098229866798,true,3.2022006344121752,22317,2197,2.86558074587923e-322,3,1,MIP
2281,78.656660799999997,122.52309841361996,true,3.2139098229866798,true,3.2022098537014734,22318,2198,2.86558074587923e-322,3,1,MIP
2282,78.658158900000004,122.52572861413508,true,3.2139098229866798,true,3.2022255885601258,22319,2197,2.86558074587923e-322,3,1,MIP
2283,78.662156800000005,122.53131240445596,true,3.2139098229866798,true,3.2022345143669848,22326,2194,2.86558074587923e-322,3,1,MIP
2284,78.662837699999997,122.53237379917871,true,3.2139098229866798,true,3.2022538155822762,22327,2193,2.86558074587923e-322,3,1,MIP
2285,78.664343099999996,122.53438142220104,true,3.2139098229866798,true,3.2022588357557389,22328,2194,2.86558074587923e-322,3,1,MIP
2286,78.664659799999995,122.53479921150661,true,3.2139098229866798,true,3.2022803298926386,22329,2195,2.86558074587923e-322,3,1,MIP
2287,78.669910200000004,122.54150035491971,true,3.2139098229866798,true,3.2022819861055609,22337,2195,2.86558074587923e-322,3,1,MIP
2288,78.677439100000001,122.55330315701245,true,3.2139098229866798,true,3.2022867990188328,22349,2198,2.86558074587923e-322,3,1,MIP
2289,78.680490599999999,122.55753594997417,true,3.2139098229866798,true,3.2022889522619122,22354,2195,2.86558074587923e-322,3,1,MIP
2290,78.683712299999996,122.56178398513011,true,3.2139098229866798,true,3.2022892105702074,22360,2196,2.86558074587923e-322,3,1,MIP
2291,78.690438400000005,122.57189524913444,true,3.2139098229866798,true,3.2022910597285348,22371,2198,2.86558074587923e-322,3,1,MIP
2292,78.700364399999998,122.58572075444101,true,3.2139098229866798,true,3.2022946516140722,22383,2201,2.86558074587923e-322,3,1,MIP
2293,78.709754700000005,122.59904783380274,true,3.2139098229866798,true,3.2022951598095899,22391,2201,2.86558074587923e-322,3,1,MIP
2294,78.727498100000005,122.62449041788987,true,3.2139098229866798,true,3.2023090852079523,22407,2208,2.86558074587923e-322,3,1,MIP
2295,78.739370100000002,122.64388119612624,true,3.2139098229866798,true,3.2023150943420626,22414,2205,2.86558074587923e-322,3,1,MIP
2296,78.741073200000002,122.64731573942424,true,3.2139098229866798,true,3.2023173656506088,22415,2204,2.86558074587923e-322,3,1,MIP
2297,78.744525699999997,122.65242020614988,true,3.2139098229866798,true,3.2023292157292484,22418,2203,2.86558074587923e-322,3,1,MIP
2298,78.844552800000002,122.79765538886772,true,3.2139098229866798,true,3.2023292157292493,22523,2214,2.86558074587923e-322,3,1,MIP
2299,78.888647000000006,122.86146905394843,true,3.2139098229866798,true,3.2023338860457855,22560,2224,2.86558074587923e-322,3,1,MIP
2300,78.905696800000001,122.88991077440791,true,3.2139098229866798,true,3.2023343743538231,22572,2224,2.86558074587923e-322,3,1,MIP
2301,78.914599699999997,122.90272127586383,true,3.2139098229866798,true,3.2023407062764848,22582,2220,2.86558074587923e-322,3,1,MIP
2302,78.926113599999994,122.91721517595224,true,3.2139098229866798,true,3.2023438949745313,22597,2221,2.86558074587923e-322,3,1,MIP
2303,78.9412868,122.93813242616829,true,3.2139098229866798,true,3.2023443443563924,22611,2222,2.86558074587923e-322,3,1,MIP
2304,79.031392600000004,123.06964098425716,true,3.2139098229866798,true,3.2023507814474694,22694,2240,2.86558074587923e-322,3,1,MIP
2305,79.048286500000003,123.0917906759588,true,3.2139098229866798,true,3.2023576982901445,22707,2244,2.86558074587923e-322,3,1,MIP
2306,79.063557000000003,123.11432552663594,true,3.2139098229866798,true,3.2023633148279615,22720,2248,2.86558074587923e-322,3,1,MIP
2307,79.065354200000002,123.11671325145873,true,3.2139098229866798,true,3.202366793041115,22721,2249,2.86558074587923e-322,3,1,MIP
2308,79.092479400000002,123.15593747997622,true,3.2139098229866798,true,3.2023722225021718,22751,2258,2.86558074587923e-322,3,1,MIP
2309,79.108069999999998,123.17691819695685,true,3.2139098229866798,true,3.2023735398290558,22769,2260,2.86558074587923e-322,3,1,MIP
2310,79.112461300000007,123.18310737454304,true,3.2139098229866798,true,3.2023738603051406,22774,2259,2.86558074587923e-322,3,1,MIP
2311,79.120317999999997,123.19742940152531,true,3.2139098229866798,true,3.2023820593075429,22777,2258,2.86558074587923e-322,3,1,MIP
2312,79.126084700000007,123.2069608491728,true,3.2139098229866798,true,3.2023850755834813,22780,2255,2.86558074587923e-322,3,1,MIP
2313,79.127740399999993,123.20978231331227,true,3.2139098229866798,true,3.202388999587062,22781,2254,2.86558074587923e-322,3,1,MIP
2314,79.130455499999997,123.21362918533478,true,3.2139098229866798,true,3.2023890059437941,22783,2256,2.86558074587923e-322,3,1,MIP
2315,79.133467199999998,123.21785972712772,true,3.2139098229866798,true,3.2023894570129583,22788,2254,2.86558074587923e-322,3,1,MIP
2316,79.145216399999995,123.23711655479596,true,3.2139098229866798,true,3.2023950455879229,22794,2252,2.86558074587923e-322,3,1,MIP
2317,79.161971500000007,123.26064861187137,true,3.2139098229866798,true,3.2024019808499506,22799,2251,2.86558074587923e-322,3,1,MIP
2318,79.162781199999998,123.26190087035388,true,3.2139098229866798,true,3.2024024657368182,22800,2252,2.86558074587923e-322,3,1,MIP
2319,79.169823199999996,123.27084336744349,true,3.2139098229866798,true,3.2024110620825366,22805,2251,2.86558074587923e-322,3,1,MIP
2320,79.188962799999999,123.29901682878914,true,3.2139098229866798,true,3.2024129696524937,22830,2252,2.86558074587923e-322,3,1,MIP
2321,79.195888499999995,123.30869325880229,true,3.2139098229866798,true,3.2024181809129844,22837,2253,2.86558074587923e-322,3,1,MIP
2322,79.209470999999994,123.328628258225,true,3.2139098229866798,true,3.2024187069782815,22852,2256,2.86558074587923e-322,3,1,MIP
2323,79.2125001,123.33287071364107,true,3.2139098229866798,true,3.2024339778266433,22855,2257,2.86558074587923e-322,3,1,MIP
2324,79.227294000000001,123.35441445353331,true,3.2139098229866798,true,3.2024380441561791,22869,2262,2.86558074587923e-322,3,1,MIP
2325,79.235217800000001,123.36545995085334,true,3.2139098229866798,true,3.2024387842938546,22876,2259,2.86558074587923e-322,3,1,MIP
2326,79.235579900000005,123.36594653703067,true,3.2139098229866798,true,3.2024407069549499,22877,2260,2.86558074587923e-322,3,1,MIP
2327,79.245258300000003,123.3805984273373,true,3.2139098229866798,true,3.2024599711486021,22889,2261,2.86558074587923e-322,3,1,MIP
2328,79.247482099999999,123.38355648105068,true,3.2139098229866798,true,3.2024623277865971,22893,2257,2.86558074587923e-322,3,1,MIP
2329,79.252977099999995,123.39385694337815,true,3.2139098229866798,true,3.2024718552999931,22894,2258,2.86558074587923e-322,3,1,MIP
2330,79.2543601,123.39652833770847,true,3.2139098229866798,true,3.2024780871644052,22895,2259,2.86558074587923e-322,3,1,MIP
2331,79.291632300000003,123.45392581152423,true,3.2139098229866798,true,3.2024916406559281,22922,2264,2.86558074587923e-322,3,1,MIP
2332,79.305188999999999,123.47222472305759,true,3.2139098229866798,true,3.2024936631630245,22941,2269,2.86558074587923e-322,3,1,MIP
2333,79.310730599999999,123.48056912718592,true,3.2139098229866798,true,3.2024954090593551,22954,2271,2.86558074587923e-322,3,1,MIP
2334,79.313152299999999,123.48396369824479,true,3.2139098229866798,true,3.2025012335315348,22957,2271,2.86558074587923e-322,3,1,MIP
2335,79.318138899999994,123.49156196039837,true,3.2139098229866798,true,3.2025041283670181,22962,2271,2.86558074587923e-322,3,1,MIP
2336,79.334605499999995,123.51741756510449,true,3.2139098229866798,true,3.2025147760953043,22969,2268,2.86558074587923e-322,3,1,MIP
2337,79.434500799999995,123.65692533787109,true,3.2139098229866798,true,3.2025223439751267,23037,2278,2.86558074587923e-322,3,1,MIP
2338,79.446068299999993,123.67274011818874,true,3.2139098229866798,true,3.2025269611666909,23042,2277,2.86558074587923e-322,3,1,MIP
2339,79.510940000000005,123.77213132531507,true,3.2139098229866798,true,3.2025298130818891,23056,2275,2.86558074587923e-322,3,1,MIP
2340,79.521398399999995,123.78783712350177,true,3.2139098229866798,true,3.2025453174117446,23073,2272,2.86558074587923e-322,3,1,MIP
2341,79.523039100000005,123.79014303613687,true,3.2139098229866798,true,3.2025460431330082,23075,2272,2.86558074587923e-322,3,1,MIP
2342,79.528568300000003,123.79760702462718,true,3.2139098229866798,true,3.2025496323586515,23078,2273,2.86558074587923e-322,3,1,MIP
2343,79.541583799999998,123.81485714171274,true,3.2139098229866798,true,3.2025582654975064,23090,2277,2.86558074587923e-322,3,1,MIP
2344,79.560383299999998,123.84572168810327,true,3.2139098229866798,true,3.202570031555569,23105,2280,2.86558074587923e-322,3,1,MIP
2345,79.569324300000005,123.85809403906828,true,3.2139098229866798,true,3.2025714383379693,23110,2281,2.86558074587923e-322,3,1,MIP
2346,79.585537599999995,123.8799738628524,true,3.2139098229866798,true,3.2025728900348951,23128,2282,2.86558074587923e-322,3,1,MIP
2347,79.603439800000004,123.90639428986432,true,3.2139098229866798,true,3.2025836345077061,23150,2288,2.86558074587923e-322,3,1,MIP
2348,79.611798300000004,123.91825082853194,true,3.2139098229866798,true,3.2025837413158609,23164,2289,2.86558074587923e-322,3,1,MIP
2349,79.640921500000005,123.95841841696362,true,3.2139098229866798,true,3.2025868333744674,23189,2284,2.86558074587923e-322,3,1,MIP
2350,79.643177300000005,123.96028189481575,true,3.2139098229866798,true,3.2025963281218459,23190,2285,2.86558074587923e-322,3,1,MIP
2351,79.656319300000007,123.9790554944733,true,3.2139098229866798,true,3.2025975339261978,23204,2290,2.86558074587923e-322,3,1,MIP
2352,79.6654695,123.99309222701174,true,3.2139098229866798,true,3.20260132368887,23213,2289,2.86558074587923e-322,3,1,MIP
2353,79.673065500000007,124.00412758492958,true,3.2139098229866798,true,3.2026093162188145,23219,2286,2.86558074587923e-322,3,1,MIP
2354,79.676693499999999,124.00923204260062,true,3.2139098229866798,true,3.2026163997653621,23222,2286,2.86558074587923e-322,3,1,MIP
2355,79.688367400000004,124.02474911913399,true,3.2139098229866798,true,3.2026251905101315,23233,2286,2.86558074587923e-322,3,1,MIP
2356,79.702898700000006,124.04673786871157,true,3.2139098229866798,true,3.2026397176870756,23249,2290,2.86558074587923e-322,3,1,MIP
2357,79.712662499999993,124.06024222987463,true,3.2139098229866798,true,3.2026409043052189,23260,2287,2.86558074587923e-322,3,1,MIP
2358,79.717246700000004,124.06632924522869,true,3.2139098229866798,true,3.2026544043338827,23263,2287,2.86558074587923e-322,3,1,MIP
2359,79.726959699999995,124.08094228461054,true,3.2139098229866798,true,3.2026586666213483,23271,2285,2.86558074587923e-322,3,1,MIP
2360,79.7294579,124.08418354626605,true,3.2139098229866798,true,3.2026603609472253,23274,2286,2.86558074587923e-322,3,1,MIP
2361,79.735533899999993,124.09299464071115,true,3.2139098229866798,true,3.2026618180874862,23281,2287,2.86558074587923e-322,3,1,MIP
2362,79.745959600000006,124.1067923527559,true,3.2139098229866798,true,3.2026639384891977,23290,2286,2.86558074587923e-322,3,1,MIP
2363,79.746435599999998,124.1074375534042,true,3.2139098229866798,true,3.2026795774109962,23291,2287,2.86558074587923e-322,3,1,MIP
2364,79.753910000000005,124.11998851952183,true,3.2139098229866798,true,3.2026805033870929,23298,2284,2.86558074587923e-322,3,1,MIP
2365,79.754227599999993,124.12038712158402,true,3.2139098229866798,true,3.2026906490983205,23299,2285,2.86558074587923e-322,3,1,MIP
2366,79.757154299999996,124.12455811666372,true,3.2139098229866798,true,3.2026907168899981,23304,2280,2.86558074587923e-322,3,1,MIP
2367,79.759271699999999,124.12747675693099,true,3.2139098229866798,true,3.2026947282404836,23305,2280,2.86558074587923e-322,3,1,MIP
2368,79.759675999999999,124.12801788951113,true,3.2139098229866798,true,3.202703047828432,23306,2281,2.86558074587923e-322,3,1,MIP
2369,79.766707400000001,124.13782051724532,true,3.2139098229866798,true,3.202710265716501,23313,2279,2.86558074587923e-322,3,1,MIP
2370,79.769630599999999,124.14252146371952,true,3.2139098229866798,true,3.2027109202775521,23314,2280,2.86558074587923e-322,3,1,MIP
2371,79.784680499999993,124.16508684435132,true,3.2139098229866798,true,3.2027117936067935,23333,2282,2.86558074587923e-322,3,1,MIP
2372,79.791831299999998,124.17597229276703,true,3.2139098229866798,true,3.2027136126019888,23334,2283,2.86558074587923e-322,3,1,MIP
2373,79.818344999999994,124.21918617909829,true,3.2139098229866798,true,3.2027316531434087,23340,2283,2.86558074587923e-322,3,1,MIP
2374,79.835472499999995,124.24489131504343,true,3.2139098229866798,true,3.2027394299366962,23350,2280,2.86558074587923e-322,3,1,MIP
2375,79.850524300000004,124.27185809904702,true,3.2139098229866798,true,3.202741275142059,23353,2279,2.86558074587923e-322,3,1,MIP
2376,79.850705199999993,124.2721754460438,true,3.2139098229866798,true,3.2027419865150186,23354,2278,2.86558074587923e-322,3,1,MIP
2377,79.865525500000004,124.29860820587709,true,3.2139098229866798,true,3.2027477431930107,23359,2277,2.86558074587923e-322,3,1,MIP
2378,79.874253600000003,124.30971161803271,true,3.2139098229866798,true,3.2027499832945696,23362,2276,2.86558074587923e-322,3,1,MIP
2379,79.881385300000005,124.32028615873811,true,3.2139098229866798,true,3.2027573422056199,23368,2275,2.86558074587923e-322,3,1,MIP
2380,79.887811299999996,124.33058218595345,true,3.2139098229866798,true,3.2027577473204847,23371,2274,2.86558074587923e-322,3,1,MIP
2381,79.919087399999995,124.38705954608642,true,3.2139098229866798,true,3.2027659430907685,23375,2272,2.86558074587923e-322,3,1,MIP
2382,79.919433999999995,124.38755362879192,true,3.2139098229866798,true,3.2027660731320435,23376,2271,2.86558074587923e-322,3,1,MIP
2383,79.921096300000002,124.3896982535484,true,3.2139098229866798,true,3.2027675670982627,23379,2268,2.86558074587923e-322,3,1,MIP
2384,79.926208000000003,124.39860353010545,true,3.2139098229866798,true,3.2027754790513296,23380,2269,2.86558074587923e-322,3,1,MIP
2385,79.926507099999995,124.39909462935117,true,3.2139098229866798,true,3.2027854396494408,23381,2268,2.86558074587923e-322,3,1,MIP
2386,79.933562800000004,124.41011469233032,true,3.2139098229866798,true,3.202817007307257,23384,2269,2.86558074587923e-322,3,1,MIP
2387,79.940479100000005,124.41985448756434,true,3.2139098229866798,true,3.2028170913246057,23389,2266,2.86558074587923e-322,3,1,MIP
2388,79.950889000000004,124.43485711971681,true,3.2139098229866798,true,3.2028179856556513,23398,2267,2.86558074587923e-322,3,1,MIP
2389,79.965052,124.4555545602941,true,3.2139098229866798,true,3.2028216856921103,23405,2266,2.86558074587923e-322,3,1,MIP
2390,79.975263499999997,124.47110887447946,true,3.2139098229866798,true,3.2028273998962433,23413,2262,2.86558074587923e-322,3,1,MIP
2391,79.975631300000003,124.47164557678742,true,3.2139098229866798,true,3.202832398402252,23414,2261,2.86558074587923e-322,3,1,MIP
2392,79.981278099999997,124.48116335594015,true,3.2139098229866798,true,3.2028421071791513,23416,2261,2.86558074587923e-322,3,1,MIP
2393,79.987697600000004,124.49167085873817,true,3.2139098229866798,true,3.2028423331059264,23419,2258,2.86558074587923e-322,3,1,MIP
2394,79.990322000000006,124.49626797955666,true,3.2139098229866798,true,3.2028433640178049,23420,2259,2.86558074587923e-322,3,1,MIP
2395,79.993641600000004,124.50116642648952,true,3.2139098229866798,true,3.2028645230133992,23421,2258,2.86558074587923e-322,3,1,MIP
2396,79.998362,124.50801015607837,true,3.2139098229866798,true,3.2028689323402171,23426,2259,2.86558074587923e-322,3,1,MIP
2397,80.001904400000001,124.51254116237584,true,3.2139098229866798,true,3.2028766955224999,23433,2256,2.86558074587923e-322,3,1,MIP
2398,80.014935500000007,124.53539635488198,true,3.2139098229866798,true,3.2028801916877456,23438,2253,2.86558074587923e-322,3,1,MIP
2399,80.021238800000006,124.54690908375414,true,3.2139098229866798,true,3.202888483923966,23439,2252,2.86558074587923e-322,3,1,MIP
2400,80.027532600000001,124.55528495489681,true,3.2139098229866798,true,3.2029015774690466,23440,2253,2.86558074587923e-322,3,1,MIP
2401,80.027932199999995,124.55568826093952,true,3.2139098229866798,true,3.2029049222859403,23441,2252,2.86558074587923e-322,3,1,MIP
2402,80.043244599999994,124.57828524276553,true,3.2139098229866798,true,3.2029077560710131,23460,2259,2.86558074587923e-322,3,1,MIP
2403,80.046915799999994,124.58353352823964,true,3.2139098229866798,true,3.2029190860275603,23467,2256,2.86558074587923e-322,3,1,MIP
2404,80.049327199999993,124.58675847579512,true,3.2139098229866798,true,3.2029244538414527,23470,2257,2.86558074587923e-322,3,1,MIP
2405,80.066235599999999,124.60868452225438,true,3.2139098229866798,true,3.2029255571516444,23487,2256,2.86558074587923e-322,3,1,MIP
2406,80.066803399999998,124.60936646234858,true,3.2139098229866798,true,3.2029341276223198,23488,2257,2.86558074587923e-322,3,1,MIP
2407,80.109151400000002,124.66635428286212,true,3.2139098229866798,true,3.2029435342931962,23532,2263,2.86558074587923e-322,3,1,MIP
2408,80.114758800000004,124.67448731347494,true,3.2139098229866798,true,3.2029441451237757,23542,2263,2.86558074587923e-322,3,1,MIP
2409,80.139449900000002,124.71765181352859,true,3.2139098229866798,true,3.2029478527284052,23547,2260,2.86558074587923e-322,3,1,MIP
2410,80.139795100000001,124.71803515905414,true,3.2139098229866798,true,3.2029610957097967,23548,2261,2.86558074587923e-322,3,1,MIP
2411,80.145246999999998,124.72474915513955,true,3.2139098229866798,true,3.2029615900417623,23553,2260,2.86558074587923e-322,3,1,MIP
2412,80.162122600000004,124.75105766230598,true,3.2139098229866798,true,3.2029678461087618,23566,2261,2.86558074587923e-322,3,1,MIP
2413,80.164990099999997,124.75491420429951,true,3.2139098229866798,true,3.2029751689985413,23567,2260,2.86558074587923e-322,3,1,MIP
2414,80.1716914,124.7678704064367,true,3.2139098229866798,true,3.2029753720291803,23568,2259,2.86558074587923e-322,3,1,MIP
2415,80.173374800000005,124.76976256380298,true,3.2139098229866798,true,3.2029755344611619,23569,2260,2.86558074587923e-322,3,1,MIP
2416,80.173716499999998,124.77013675993685,true,3.2139098229866798,true,3.2029769993585568,23570,2261,2.86558074587923e-322,3,1,MIP
2417,80.180613300000005,124.77851403609822,true,3.2139098229866798,true,3.2029775072836921,23575,2260,2.86558074587923e-322,3,1,MIP
2418,80.190527799999998,124.79466458963431,true,3.2139098229866798,true,3.2029829936227241,23582,2257,2.86558074587923e-322,3,1,MIP
2419,80.191766000000001,124.79651800825303,true,3.2139098229866798,true,3.2029835559192184,23583,2258,2.86558074587923e-322,3,1,MIP
2420,80.214102800000006,124.82939048175135,true,3.2139098229866798,true,3.2029863533756524,23606,2265,2.86558074587923e-322,3,1,MIP
2421,80.226847899999996,124.84890952071494,true,3.2139098229866798,true,3.2029876782079754,23619,2268,2.86558074587923e-322,3,1,MIP
2422,80.233591500000003,124.85915183834688,true,3.2139098229866798,true,3.2029970524091551,23627,2268,2.86558074587923e-322,3,1,MIP
2423,80.242906599999998,124.8711686703965,true,3.2139098229866798,true,3.2029984213337972,23635,2267,2.86558074587923e-322,3,1,MIP
2424,80.290641899999997,124.9383546311831,true,3.2139098229866798,true,3.2030163114114893,23679,2271,2.86558074587923e-322,3,1,MIP
2425,80.296468700000005,124.94579593941421,true,3.2139098229866798,true,3.2030175932760261,23684,2270,2.86558074587923e-322,3,1,MIP
2426,80.321038799999997,124.99074787006366,true,3.2139098229866798,true,3.2030194074452876,23697,2270,2.86558074587923e-322,3,1,MIP
2427,80.322845799999996,124.99373296752808,true,3.2139098229866798,true,3.2030200812155041,23698,2269,2.86558074587923e-322,3,1,MIP
2428,80.327987199999995,125.00129140970287,true,3.2139098229866798,true,3.2030483968715027,23701,2269,2.86558074587923e-322,3,1,MIP
2429,80.332358799999994,125.00798813514629,true,3.2139098229866798,true,3.2030552159313403,23708,2266,2.86558074587923e-322,3,1,MIP
2430,80.332958399999995,125.00887646570992,true,3.2139098229866798,true,3.2030566455912015,23709,2265,2.86558074587923e-322,3,1,MIP
2431,80.344274299999995,125.02996050361934,true,3.2139098229866798,true,3.2030772615713161,23710,2264,2.86558074587923e-322,3,1,MIP
2432,80.349437100000003,125.03696037387498,true,3.2139098229866798,true,3.2030805877796391,23711,2265,2.86558074587923e-322,3,1,MIP
2433,80.350401899999994,125.03801935204712,true,3.2139098229866798,true,3.2030945883705693,23712,2264,2.86558074587923e-322,3,1,MIP
2434,80.358133499999994,125.04901170299021,true,3.2139098229866798,true,3.2030974856483367,23719,2265,2.86558074587923e-322,3,1,MIP
2435,80.363304200000002,125.05646520043696,true,3.2139098229866798,true,3.2030983740984507,23726,2264,2.86558074587923e-322,3,1,MIP
2436,80.363750800000005,125.05710289505255,true,3.2139098229866798,true,3.2031020130595147,23727,2265,2.86558074587923e-322,3,1,MIP
2437,80.376766599999996,125.07801563208999,true,3.2139098229866798,true,3.203103768010418,23737,2263,2.86558074587923e-322,3,1,MIP
2438,80.379766700000005,125.08260527665938,true,3.2139098229866798,true,3.2031131203345717,23738,2263,2.86558074587923e-322,3,1,MIP
2439,80.390275500000001,125.09834216006082,true,3.2139098229866798,true,3.2031408118072555,23752,2263,2.86558074587923e-322,3,1,MIP
2440,80.3909594,125.09928291171722,true,3.2139098229866798,true,3.2031533836882398,23753,2262,2.86558074587923e-322,3,1,MIP
2441,80.391148700000002,125.09953133971723,true,3.2139098229866798,true,3.2031604199055983,23754,2261,2.86558074587923e-322,3,1,MIP
2442,80.393894799999998,125.10357782397671,true,3.2139098229866798,true,3.2031815714874834,23755,2262,2.86558074587923e-322,3,1,MIP
2443,80.394238900000005,125.10399939690824,true,3.2139098229866798,true,3.2031989591052765,23756,2263,2.86558074587923e-322,3,1,MIP
2444,80.441486400000002,125.18057545796407,true,3.2139098229866798,true,3.2032016237386527,23773,2264,2.86558074587923e-322,3,1,MIP
2445,80.442456100000001,125.18226518919751,true,3.2139098229866798,true,3.2032055194776836,23774,2263,2.86558074587923e-322,3,1,MIP
2446,80.450609099999994,125.19494454825691,true,3.2139098229866798,true,3.2032214767224736,23778,2260,2.86558074587923e-322,3,1,MIP
2447,80.452626100000003,125.19783136858931,true,3.2139098229866798,true,3.2032229142200137,23779,2261,2.86558074587923e-322,3,1,MIP
2448,80.452985999999996,125.19833927774745,true,3.2139098229866798,true,3.2032268087908697,23780,2262,2.86558074587923e-322,3,1,MIP
2449,80.463817599999999,125.21808072569695,true,3.2139098229866798,true,3.2032296516863745,23785,2259,2.86558074587923e-322,3,1,MIP
2450,80.482295199999996,125.25263988652675,true,3.2139098229866798,true,3.2032303332073795,23788,2258,2.86558074587923e-322,3,1,MIP
2451,80.488463699999997,125.2613305629427,true,3.2139098229866798,true,3.2032319093016857,23791,2257,2.86558074587923e-322,3,1,MIP
2452,80.488954300000003,125.26195035337581,true,3.2139098229866798,true,3.2032319835106229,23792,2258,2.86558074587923e-322,3,1,MIP
2453,80.497714400000007,125.27456528456256,true,3.2139098229866798,true,3.2032333151259542,23804,2255,2.86558074587923e-322,3,1,MIP
2454,80.499790000000004,125.27768977623199,true,3.2139098229866798,true,3.2032588242528188,23805,2254,2.86558074587923e-322,3,1,MIP
2455,80.502088999999998,125.28126159573024,true,3.2139098229866798,true,3.2032727065885318,23806,2254,2.86558074587923e-322,3,1,MIP
2456,80.502395699999994,125.28174776757434,true,3.2139098229866798,true,3.2032838090534637,23807,2253,2.86558074587923e-322,3,1,MIP
2457,80.506529,125.28787047892618,true,3.2139098229866798,true,3.2032887164984007,23809,2251,2.86558074587923e-322,3,1,MIP
2458,80.525098799999995,125.3189836586799,true,3.2139098229866798,true,3.2032909549017936,23811,2253,2.86558074587923e-322,3,1,MIP
2459,80.535800600000002,125.33451564426306,true,3.2139098229866798,true,3.2033065898651403,23822,2248,2.86558074587923e-322,3,1,MIP
2460,80.5364814,125.33543152768935,true,3.2139098229866798,true,3.203311578569493,23823,2247,2.86558074587923e-322,3,1,MIP
2461,80.539270999999999,125.33994880055052,true,3.2139098229866798,true,3.2033217081001362,23824,2247,2.86558074587923e-322,3,1,MIP
2462,80.539548400000001,125.34038974817129,true,3.2139098229866798,true,3.2033262956702613,23825,2246,2.86558074587923e-322,3,1,MIP
2463,80.556627800000001,125.36890948294122,true,3.2139098229866798,true,3.2033264951668441,23827,2244,2.86558074587923e-322,3,1,MIP
2464,80.562954399999995,125.37906460481277,true,3.2139098229866798,true,3.2033309694268035,23829,2244,2.86558074587923e-322,3,1,MIP
2465,80.563393199999993,125.37969524307751,true,3.2139098229866798,true,3.2033350237691058,23830,2243,2.86558074587923e-322,3,1,MIP
2466,80.576734099999996,125.3994724476601,true,3.2139098229866798,true,3.2033361742840425,23833,2242,2.86558074587923e-322,3,1,MIP
2467,80.5886146,125.41839326436217,true,3.2139098229866798,true,3.2033459261527066,23836,2243,2.86558074587923e-322,3,1,MIP
2468,80.594993900000006,125.42831308682159,true,3.2139098229866798,true,3.2033464012401494,23841,2240,2.86558074587923e-322,3,1,MIP
2469,80.601315200000002,125.43957993228656,true,3.2139098229866798,true,3.2033581159361662,23844,2237,2.86558074587923e-322,3,1,MIP
2470,80.6032972,125.44259924845579,true,3.2139098229866798,true,3.2033581827181798,23845,2238,2.86558074587923e-322,3,1,MIP
2471,80.604104300000003,125.44380505363989,true,3.2139098229866798,true,3.2033597250408463,23846,2239,2.86558074587923e-322,3,1,MIP
2472,80.6131891,125.45679753643691,true,3.2139098229866798,true,3.2033608584636037,23859,2242,2.86558074587923e-322,3,1,MIP
2473,80.618123999999995,125.46375733085172,true,3.2139098229866798,true,3.2033621869358018,23862,2242,2.86558074587923e-322,3,1,MIP
2474,80.625241299999999,125.47404197282339,true,3.2139098229866798,true,3.2033642855168618,23872,2243,2.86558074587923e-322,3,1,MIP
2475,80.631055200000006,125.47978681748488,true,3.2139098229866798,true,3.2033711772321376,23879,2240,2.86558074587923e-322,3,1,MIP
2476,80.641235199999997,125.49461788832562,true,3.2139098229866798,true,3.2033796968869912,23891,2240,2.86558074587923e-322,3,1,MIP
2477,80.658623000000006,125.50999622265472,true,3.2139098229866798,true,3.2033829351714678,23905,2241,2.86558074587923e-322,3,1,MIP
2478,80.659136200000006,125.51066858557797,true,3.2139098229866798,true,3.2033893206346971,23906,2242,2.86558074587923e-322,3,1,MIP
2479,80.667997499999998,125.52157457096092,true,3.2139098229866798,true,3.2033979427435941,23913,2241,2.86558074587923e-322,3,1,MIP
2480,80.673395299999996,125.52936521951854,true,3.2139098229866798,true,3.203410501499758,23917,2239,2.86558074587923e-322,3,1,MIP
2481,80.685170299999996,125.54701088645147,true,3.2139098229866798,true,3.203413046486034,23921,2235,2.86558074587923e-322,3,1,MIP
2482,80.691078099999999,125.55522467401448,true,3.2139098229866798,true,3.2034185860409181,23922,2236,2.86558074587923e-322,3,1,MIP
2483,80.692534199999997,125.55732929021862,true,3.2139098229866798,true,3.2034301050205012,23923,2237,2.86558074587923e-322,3,1,MIP
2484,80.703290999999993,125.57203134544608,true,3.2139098229866798,true,3.2034490090187622,23928,2236,2.86558074587923e-322,3,1,MIP
2485,80.724942499999997,125.60853057766056,true,3.2139098229866798,true,3.2034660093101892,23935,2233,2.86558074587923e-322,3,1,MIP
2486,80.725017899999997,125.60856689666055,true,3.2139098229866798,true,3.2034920937092299,23936,2232,2.86558074587923e-322,3,1,MIP
2487,80.729401300000006,125.61472413409123,true,3.2139098229866798,true,3.2035098718031163,23939,2233,2.86558074587923e-322,3,1,MIP
2488,80.788610000000006,125.71902498274481,true,3.2139098229866798,true,3.2035106425166613,23950,2232,2.86558074587923e-322,3,1,MIP
2489,80.791304800000006,125.72331377649903,true,3.2139098229866798,true,3.2035156122775956,23951,2233,2.86558074587923e-322,3,1,MIP
2490,80.809294600000001,125.75145583595469,true,3.2139098229866798,true,3.2035199074894809,23956,2228,2.86558074587923e-322,3,1,MIP
2491,80.811472800000004,125.754522327613,true,3.2139098229866798,true,3.2035295703377127,23957,2229,2.86558074587923e-322,3,1,MIP
2492,80.819502400000005,125.76330093145926,true,3.2139098229866798,true,3.2035550311552656,23963,2229,2.86558074587923e-322,3,1,MIP
2493,80.822744299999997,125.76780220306722,true,3.2139098229866798,true,3.2035626709643683,23967,2227,2.86558074587923e-322,3,1,MIP
2494,80.823333099999999,125.76871699815354,true,3.2139098229866798,true,3.2035670058615007,23968,2228,2.86558074587923e-322,3,1,MIP
2495,80.825886100000005,125.77232273082834,true,3.2139098229866798,true,3.2035729265672948,23973,2225,2.86558074587923e-322,3,1,MIP
2496,80.829116400000004,125.77725451861076,true,3.2139098229866798,true,3.2035762227920852,23978,2222,2.86558074587923e-322,3,1,MIP
2497,80.831373499999998,125.78016244192699,true,3.2139098229866798,true,3.2035794875858659,23979,2223,2.86558074587923e-322,3,1,MIP
2498,80.832020200000002,125.78115725469401,true,3.2139098229866798,true,3.2035811236944349,23980,2224,2.86558074587923e-322,3,1,MIP
2499,80.8363406,125.78756957223968,true,3.2139098229866798,true,3.2035943959412601,23985,2219,2.86558074587923e-322,3,1,MIP
2500,80.839648499999996,125.79304366724384,true,3.2139098229866798,true,3.2035984808333717,23986,2220,2.86558074587923e-322,3,1,MIP
2501,80.839899599999995,125.7934230364105,true,3.2139098229866798,true,3.2036236491571741,23987,2219,2.86558074587923e-322,3,1,MIP
2502,80.844091300000002,125.79808176027521,true,3.2139098229866798,true,3.2036256991614511,23990,2218,2.86558074587923e-322,3,1,MIP
2503,80.860756199999997,125.82215728735581,true,3.2139098229866798,true,3.2036275946498911,23999,2219,2.86558074587923e-322,3,1,MIP
2504,80.882980599999996,125.8560899308667,true,3.2139098229866798,true,3.2036616318473432,24013,2220,2.86558074587923e-322,3,1,MIP
2505,80.902699999999996,125.89064853263571,true,3.2139098229866798,true,3.2036633948883253,24020,2219,2.86558074587923e-322,3,1,MIP
2506,80.937651200000005,125.95517757378788,true,3.2139098229866798,true,3.2036643406562426,24025,2218,2.86558074587923e-322,3,1,MIP
2507,80.949910099999997,125.97298914063894,true,3.2139098229866798,true,3.2036740628527696,24032,2214,2.86558074587923e-322,3,1,MIP
2508,80.950515999999993,125.97380188755348,true,3.2139098229866798,true,3.2036743989181748,24033,2213,2.86558074587923e-322,3,1,MIP
2509,80.9529122,125.97723162058995,true,3.2139098229866798,true,3.2036784961793359,24036,2210,2.86558074587923e-322,3,1,MIP
2510,80.9599008,125.98750960185502,true,3.2139098229866798,true,3.2036946234099144,24037,2211,2.86558074587923e-322,3,1,MIP
2511,80.960485500000004,125.98839947873908,true,3.2139098229866798,true,3.2037030264502979,24038,2212,2.86558074587923e-322,3,1,MIP
2512,80.967543300000003,125.99966353398209,true,3.2139098229866798,true,3.2037030393310295,24043,2209,2.86558074587923e-322,3,1,MIP
2513,80.973427099999995,126.0095080868211,true,3.2139098229866798,true,3.2037036320176351,24044,2210,2.86558074587923e-322,3,1,MIP
2514,80.9960521,126.04332122956647,true,3.2139098229866798,true,3.203704448288081,24053,2208,2.86558074587923e-322,3,1,MIP
2515,81.009163200000003,126.06196683418281,true,3.2139098229866798,true,3.20370722119022,24063,2209,2.86558074587923e-322,3,1,MIP
2516,81.016962599999999,126.07247977051604,true,3.2139098229866798,true,3.2037142037299873,24068,2208,2.86558074587923e-322,3,1,MIP
2517,81.026567,126.08824027454766,true,3.2139098229866798,true,3.2037269063222493,24074,2204,2.86558074587923e-322,3,1,MIP
2518,81.031396200000003,126.09385113542653,true,3.2139098229866798,true,3.2037269420597378,24076,2206,2.86558074587923e-322,3,1,MIP
2519,81.049763299999995,126.11937725063954,true,3.2139098229866798,true,3.2037269827191697,24097,2216,2.86558074587923e-322,3,1,MIP
2520,81.064580899999996,126.1432192135065,true,3.2139098229866798,true,3.2037384993371072,24107,2217,2.86558074587923e-322,3,1,MIP
2521,81.075769600000001,126.15948470446683,true,3.2139098229866798,true,3.203740251819712,24110,2218,2.86558074587923e-322,3,1,MIP
2522,81.126911800000002,126.24819320834378,true,3.2139098229866798,true,3.2037716656702417,24119,2215,2.86558074587923e-322,3,1,MIP
2523,81.127976500000003,126.24955238013261,true,3.2139098229866798,true,3.2037717022867476,24120,2216,2.86558074587923e-322,3,1,MIP
2524,81.132874900000004,126.25613115035054,true,3.2139098229866798,true,3.2037753359544454,24133,2213,2.86558074587923e-322,3,1,MIP
2525,81.135084899999995,126.25927291713646,true,3.2139098229866798,true,3.2037914615374254,24134,2212,2.86558074587923e-322,3,1,MIP
2526,81.135800000000003,126.26029867211818,true,3.2139098229866798,true,3.2038084226839745,24135,2211,2.86558074587923e-322,3,1,MIP
2527,81.136303499999997,126.26098577137728,true,3.2139098229866798,true,3.2038174148010028,24136,2210,2.86558074587923e-322,3,1,MIP
2528,81.136519800000002,126.26124380737727,true,3.2139098229866798,true,3.2038203491038617,24137,2209,2.86558074587923e-322,3,1,MIP
2529,81.165281800000002,126.31619433330076,true,3.2139098229866798,true,3.2038297061614633,24138,2210,2.86558074587923e-322,3,1,MIP
2530,81.244223199999993,126.46810459719489,true,3.2139098229866798,true,3.2038364974014644,24144,2208,2.86558074587923e-322,3,1,MIP
2531,81.269998900000004,126.51074029426826,true,3.2139098229866798,true,3.2038376721838051,24153,2205,2.86558074587923e-322,3,1,MIP
2532,81.270961700000001,126.51221881079226,true,3.2139098229866798,true,3.2038395910376627,24154,2204,2.86558074587923e-322,3,1,MIP
2533,81.272677900000005,126.5150587568987,true,3.2139098229866798,true,3.2038406515672526,24155,2203,2.86558074587923e-322,3,1,MIP
2534,81.315745800000002,126.57423821898307,true,3.2139098229866798,true,3.2038444883915056,24193,2206,2.86558074587923e-322,3,1,MIP
2535,81.417711800000006,126.72239344186181,true,3.2139098229866798,true,3.203844488391506,24290,2230,2.86558074587923e-322,3,1,MIP
2536,81.437904399999994,126.75278071833338,true,3.2139098229866798,true,3.2038448385632199,24312,2235,2.86558074587923e-322,3,1,MIP
2537,81.502851399999997,126.84129934441683,true,3.2139098229866798,true,3.2038464809566705,24370,2253,2.86558074587923e-322,3,1,MIP
2538,81.522586500000003,126.87160162907917,true,3.2139098229866798,true,3.2038501319863859,24386,2257,2.86558074587923e-322,3,1,MIP
2539,81.532941300000005,126.88684114829917,true,3.2139098229866798,true,3.2038582710589045,24391,2256,2.86558074587923e-322,3,1,MIP
2540,81.541361300000005,126.89920592485754,true,3.2139098229866798,true,3.2038670653130188,24403,2255,2.86558074587923e-322,3,1,MIP
2541,81.572601500000005,126.95742541601408,true,3.2139098229866798,true,3.2038751609240359,24407,2253,2.86558074587923e-322,3,1,MIP
2542,81.574103399999998,126.95971158914325,true,3.2139098229866798,true,3.2038805099541809,24408,2252,2.86558074587923e-322,3,1,MIP
2543,81.584470999999994,126.97751410345097,true,3.2139098229866798,true,3.2038881910513801,24411,2249,2.86558074587923e-322,3,1,MIP
2544,81.5850334,126.97828637021212,true,3.2139098229866798,true,3.2038932706450254,24412,2248,2.86558074587923e-322,3,1,MIP
2545,81.589178799999999,126.98442637801935,true,3.2139098229866798,true,3.2038988514408278,24413,2249,2.86558074587923e-322,3,1,MIP
2546,81.608879000000002,127.01340056012677,true,3.2139098229866798,true,3.203900752286887,24433,2249,2.86558074587923e-322,3,1,MIP
2547,81.626051000000004,127.03800296601601,true,3.2139098229866798,true,3.2039008598282619,24449,2249,2.86558074587923e-322,3,1,MIP
2548,81.629589699999997,127.04400283789882,true,3.2139098229866798,true,3.2039056812575133,24451,2247,2.86558074587923e-322,3,1,MIP
2549,81.631011400000006,127.04568056397426,true,3.2139098229866798,true,3.203909454714875,24452,2248,2.86558074587923e-322,3,1,MIP
2550,81.631370000000004,127.046114853527,true,3.2139098229866798,true,3.2039187566205141,24453,2249,2.86558074587923e-322,3,1,MIP
2551,81.640603999999996,127.05845523127104,true,3.2139098229866798,true,3.2039221416983956,24458,2246,2.86558074587923e-322,3,1,MIP
2552,81.641773400000005,127.05987196288001,true,3.2139098229866798,true,3.2039227009842604,24459,2247,2.86558074587923e-322,3,1,MIP
2553,81.675457300000005,127.10450296453739,true,3.2139098229866798,true,3.2039473238411746,24504,2250,2.86558074587923e-322,3,1,MIP
2554,81.708007600000002,127.16309944047222,true,3.2139098229866798,true,3.203949424551725,24509,2246,2.86558074587923e-322,3,1,MIP
2555,81.708346800000001,127.16351952688298,true,3.2139098229866798,true,3.2039548208512487,24510,2247,2.86558074587923e-322,3,1,MIP
2556,81.714971000000006,127.17373458665129,true,3.2139098229866798,true,3.2039578000287205,24514,2247,2.86558074587923e-322,3,1,MIP
2557,81.765734600000002,127.24047634909176,true,3.2139098229866798,true,3.2039673777596804,24567,2253,2.86558074587923e-322,3,1,MIP
2558,81.769603399999994,127.24594616497716,true,3.2139098229866798,true,3.2039733589529646,24576,2250,2.86558074587923e-322,3,1,MIP
2559,81.771107299999997,127.24786029572734,true,3.2139098229866798,true,3.2039774615183698,24577,2251,2.86558074587923e-322,3,1,MIP
2560,81.776020399999993,127.25462801089165,true,3.2139098229866798,true,3.2039830306502024,24583,2249,2.86558074587923e-322,3,1,MIP
2561,81.800639899999993,127.28945861544209,true,3.2139098229866798,true,3.203996905828439,24612,2259,2.86558074587923e-322,3,1,MIP
2562,81.819623699999994,127.31686330579771,true,3.2139098229866798,true,3.2039989798199864,24633,2262,2.86558074587923e-322,3,1,MIP
2563,81.829921100000007,127.33094367635154,true,3.2139098229866798,true,3.2040271063507748,24641,2259,2.86558074587923e-322,3,1,MIP
2564,81.833498800000001,127.33430911558213,true,3.2139098229866798,true,3.2040294431046998,24642,2260,2.86558074587923e-322,3,1,MIP
2565,81.866314099999997,127.38049810990738,true,3.2139098229866798,true,3.2040305733024601,24684,2267,2.86558074587923e-322,3,1,MIP
2566,81.880742999999995,127.40150070111973,true,3.2139098229866798,true,3.2040862354541702,24698,2265,2.86558074587923e-322,3,1,MIP
2567,81.887524600000006,127.41144042418779,true,3.2139098229866798,true,3.2041046537220401,24702,2261,2.86558074587923e-322,3,1,MIP
2568,81.888172499999996,127.41243115733143,true,3.2139098229866798,true,3.2041051338744211,24703,2260,2.86558074587923e-322,3,1,MIP
2569,81.889585600000004,127.41418192832133,true,3.2139098229866798,true,3.2041067842647619,24704,2261,2.86558074587923e-322,3,1,MIP
2570,81.915920499999999,127.45107236850887,true,3.2139098229866798,true,3.2041083307244334,24735,2261,2.86558074587923e-322,3,1,MIP
2571,81.928419000000005,127.4679383537712,true,3.2139098229866798,true,3.2041229635380519,24745,2263,2.86558074587923e-322,3,1,MIP
2572,81.934426700000003,127.47612382752347,true,3.2139098229866798,true,3.2041407818486252,24755,2265,2.86558074587923e-322,3,1,MIP
2573,81.954449699999998,127.50833383208764,true,3.2139098229866798,true,3.2041452828069916,24770,2268,2.86558074587923e-322,3,1,MIP
2574,81.9798811,127.54688191432366,true,3.2139098229866798,true,3.2041525186040003,24784,2267,2.86558074587923e-322,3,1,MIP
2575,81.999543399999993,127.57729186612178,true,3.2139098229866798,true,3.2041650144928076,24810,2272,2.86558074587923e-322,3,1,MIP
2576,82.007129599999999,127.587855554651,true,3.2139098229866798,true,3.2041658480269275,24811,2273,2.86558074587923e-322,3,1,MIP
2577,82.028976999999998,127.61786279208559,true,3.2139098229866798,true,3.2041730362869263,24829,2277,2.86558074587923e-322,3,1,MIP
2578,82.042816799999997,127.63599895344963,true,3.2139098229866798,true,3.2041826599524006,24841,2277,2.86558074587923e-322,3,1,MIP
2579,82.053915200000006,127.65072257608369,true,3.2139098229866798,true,3.2041837658336538,24850,2277,2.86558074587923e-322,3,1,MIP
2580,82.054351299999993,127.65136737418341,true,3.2139098229866798,true,3.2041837722645274,24851,2278,2.86558074587923e-322,3,1,MIP
2581,82.0590069,127.65834277749843,true,3.2139098229866798,true,3.2041947253204377,24858,2275,2.86558074587923e-322,3,1,MIP
2582,82.071147499999995,127.67900864994719,true,3.2139098229866798,true,3.2041947293452528,24869,2273,2.86558074587923e-322,3,1,MIP
2583,82.071327299999993,127.67927601738275,true,3.2139098229866798,true,3.2042100750714981,24870,2272,2.86558074587923e-322,3,1,MIP
2584,82.078564999999998,127.69098464773806,true,3.2139098229866798,true,3.2042204563034771,24872,2274,2.86558074587923e-322,3,1,MIP
2585,82.112454099999994,127.74687711515666,true,3.2139098229866798,true,3.2042238131783729,24882,2271,2.86558074587923e-322,3,1,MIP
2586,82.1129234,127.74739321820338,true,3.2139098229866798,true,3.2042325788460539,24883,2272,2.86558074587923e-322,3,1,MIP
2587,82.126192599999996,127.76574185539765,true,3.2139098229866798,true,3.2042354111064091,24893,2271,2.86558074587923e-322,3,1,MIP
2588,82.140971100000002,127.78864876037615,true,3.2139098229866798,true,3.2042853337558643,24904,2275,2.86558074587923e-322,3,1,MIP
2589,82.151166500000002,127.80205696909904,true,3.2139098229866798,true,3.2042896464885189,24913,2272,2.86558074587923e-322,3,1,MIP
2590,82.165669699999995,127.82444065988342,true,3.2139098229866798,true,3.2042928609953991,24924,2272,2.86558074587923e-322,3,1,MIP
2591,82.180985000000007,127.84498316559205,true,3.2139098229866798,true,3.2042939385051752,24937,2271,2.86558074587923e-322,3,1,MIP
2592,82.193628500000003,127.86476903565581,true,3.2139098229866798,true,3.2043109686090867,24948,2268,2.86558074587923e-322,3,1,MIP
2593,82.196508499999993,127.86960704438863,true,3.2139098229866798,true,3.2043299260174458,24949,2269,2.86558074587923e-322,3,1,MIP
2594,82.203077399999998,127.87997197347767,true,3.2139098229866798,true,3.2043374384896923,24954,2266,2.86558074587923e-322,3,1,MIP
2595,82.213293500000006,127.89696558965638,true,3.2139098229866798,true,3.2043374410639816,24958,2267,2.86558074587923e-322,3,1,MIP
2596,82.231160799999998,127.92387490867384,true,3.2139098229866798,true,3.2043462814151438,24968,2262,2.86558074587923e-322,3,1,MIP
2597,82.231664600000002,127.92459809146088,true,3.2139098229866798,true,3.2043498601913014,24969,2263,2.86558074587923e-322,3,1,MIP
2598,82.239461199999994,127.93604717170726,true,3.2139098229866798,true,3.2043564627103525,24976,2262,2.86558074587923e-322,3,1,MIP
2599,82.247409399999995,127.94726333583944,true,3.2139098229866798,true,3.2043570573445024,24982,2260,2.86558074587923e-322,3,1,MIP
2600,82.249369799999997,127.95041631944584,true,3.2139098229866798,true,3.2043571842423209,24983,2259,2.86558074587923e-322,3,1,MIP
2601,82.251061500000006,127.95263013200061,true,3.2139098229866798,true,3.204383015098947,24985,2261,2.86558074587923e-322,3,1,MIP
2602,82.258123100000006,127.96245862365203,true,3.2139098229866798,true,3.2043887102924251,24994,2260,2.86558074587923e-322,3,1,MIP
2603,82.272694900000005,127.98946794571413,true,3.2139098229866798,true,3.2044124742409257,25000,2256,2.86558074587923e-322,3,1,MIP
2604,82.2755461,127.99263850214838,true,3.2139098229866798,true,3.204417695302781,25001,2257,2.86558074587923e-322,3,1,MIP
2605,82.298461399999994,128.02439757861134,true,3.2139098229866798,true,3.2044181588939047,25029,2261,2.86558074587923e-322,3,1,MIP
2606,82.304827000000003,128.03287721878095,true,3.2139098229866798,true,3.2044237534312408,25040,2258,2.86558074587923e-322,3,1,MIP
2607,82.318024500000007,128.05319832492108,true,3.2139098229866798,true,3.2044335083510083,25056,2259,2.86558074587923e-322,3,1,MIP
2608,82.339325900000006,128.08478011096861,true,3.2139098229866798,true,3.2044696786019724,25084,2260,2.86558074587923e-322,3,1,MIP
2609,82.349052499999999,128.09913416300469,true,3.2139098229866798,true,3.2044740906634903,25092,2258,2.86558074587923e-322,3,1,MIP
2610,82.361588999999995,128.12064301548668,true,3.2139098229866798,true,3.2044765456219508,25095,2255,2.86558074587923e-322,3,1,MIP
2611,82.363297500000002,128.1231113569761,true,3.2139098229866798,true,3.204485442539442,25096,2256,2.86558074587923e-322,3,1,MIP
2612,82.364035000000001,128.12420443381393,true,3.2139098229866798,true,3.2045075724431267,25097,2255,2.86558074587923e-322,3,1,MIP
2613,82.383124300000006,128.16021432821321,true,3.2139098229866798,true,3.2045244229503966,25100,2252,2.86558074587923e-322,3,1,MIP
2614,82.384108900000001,128.16173624475994,true,3.2139098229866798,true,3.2045298527217452,25101,2251,2.86558074587923e-322,3,1,MIP
2615,82.420071100000001,128.22700895732598,true,3.2139098229866798,true,3.2045328223089133,25102,2252,2.86558074587923e-322,3,1,MIP
2616,82.424040199999993,128.23342248261397,true,3.2139098229866798,true,3.2045342536099488,25103,2253,2.86558074587923e-322,3,1,MIP
2617,82.439534499999993,128.25695487443201,true,3.2139098229866798,true,3.2045360517588888,25113,2251,2.86558074587923e-322,3,1,MIP
2618,82.466061999999994,128.29431560781114,true,3.2139098229866798,true,3.2045363085959191,25135,2255,2.86558074587923e-322,3,1,MIP
2619,82.466417699999994,128.29482393321689,true,3.2139098229866798,true,3.2045364731790702,25136,2256,2.86558074587923e-322,3,1,MIP
2620,82.473641499999999,128.30396893672284,true,3.2139098229866798,true,3.204547746886063,25142,2254,2.86558074587923e-322,3,1,MIP
2621,82.492807999999997,128.33192091401912,true,3.2139098229866798,true,3.2045535923606017,25167,2258,2.86558074587923e-322,3,1,MIP
2622,82.507348500000006,128.35372776522854,true,3.2139098229866798,true,3.2045549779335984,25186,2263,2.86558074587923e-322,3,1,MIP
2623,82.513035799999997,128.36173040041049,true,3.2139098229866798,true,3.2045604382962183,25194,2263,2.86558074587923e-322,3,1,MIP
2624,82.520154199999993,128.37089392123283,true,3.2139098229866798,true,3.2045747655785402,25202,2261,2.86558074587923e-322,3,1,MIP
2625,82.521069100000005,128.37213562802751,true,3.2139098229866798,true,3.2045931218665276,25203,2262,2.86558074587923e-322,3,1,MIP
2626,82.545753000000005,128.4086108289394,true,3.2139098229866798,true,3.2046173511393046,25223,2265,2.86558074587923e-322,3,1,MIP
2627,82.550707099999997,128.41385803773252,true,3.2139098229866798,true,3.2046242700718421,25224,2266,2.86558074587923e-322,3,1,MIP
2628,82.551374699999997,128.41451537629675,true,3.2139098229866798,true,3.2046248382312847,25225,2265,2.86558074587923e-322,3,1,MIP
2629,82.571013800000003,128.44126323626784,true,3.2139098229866798,true,3.204628245363891,25250,2264,2.86558074587923e-322,3,1,MIP
2630,82.581968799999999,128.45719197009086,true,3.2139098229866798,true,3.2046328851450605,25264,2271,2.86558074587923e-322,3,1,MIP
2631,82.599536599999993,128.48313189069361,true,3.2139098229866798,true,3.2046369439949665,25284,2273,2.86558074587923e-322,3,1,MIP
2632,82.602721900000006,128.48739224731406,true,3.2139098229866798,true,3.2046379787441137,25288,2273,2.86558074587923e-322,3,1,MIP
2633,82.619315,128.50744264623148,true,3.2139098229866798,true,3.2046435758903931,25308,2276,2.86558074587923e-322,3,1,MIP
2634,82.620287399999995,128.50820490828463,true,3.2139098229866798,true,3.2046487592955328,25309,2277,2.86558074587923e-322,3,1,MIP
2635,82.650817500000002,128.55097829779581,true,3.2139098229866798,true,3.2046519875958417,25316,2274,2.86558074587923e-322,3,1,MIP
2636,82.653018500000002,128.5542039874224,true,3.2139098229866798,true,3.2046535267052754,25319,2271,2.86558074587923e-322,3,1,MIP
2637,82.655483599999997,128.55735455743104,true,3.2139098229866798,true,3.2046598891205504,25320,2272,2.86558074587923e-322,3,1,MIP
2638,82.670150899999996,128.57555093874467,true,3.2139098229866798,true,3.2046631856050976,25334,2268,2.86558074587923e-322,3,1,MIP
2639,82.673129700000004,128.57913846749116,true,3.2139098229866798,true,3.2046634844458937,25338,2265,2.86558074587923e-322,3,1,MIP
2640,82.674086799999998,128.58055621746368,true,3.2139098229866798,true,3.2046721854885294,25339,2266,2.86558074587923e-322,3,1,MIP
2641,82.6868245,128.59828301896115,true,3.2139098229866798,true,3.2046756456612462,25355,2272,2.86558074587923e-322,3,1,MIP
2642,82.699252599999994,128.61839704538838,true,3.2139098229866798,true,3.204675994883273,25370,2270,2.86558074587923e-322,3,1,MIP
2643,82.712885600000007,128.63775589792837,true,3.2139098229866798,true,3.2046828015569817,25390,2270,2.86558074587923e-322,3,1,MIP
2644,82.815140400000004,128.78181713475496,true,3.2139098229866798,true,3.2046828015569817,25512,2288,2.86558074587923e-322,3,1,MIP
2645,82.901062499999995,128.91516703325951,true,3.2139098229866798,true,3.2046840220823487,25553,2283,2.86558074587923e-322,3,1,MIP
2646,82.918661299999997,128.94036933348832,true,3.2139098229866798,true,3.2046898114014448,25581,2291,2.86558074587923e-322,3,1,MIP
2647,82.950526400000001,128.99151772761581,true,3.2139098229866798,true,3.2046914561199089,25598,2294,2.86558074587923e-322,3,1,MIP
2648,82.952836599999998,128.99490666156231,true,3.2139098229866798,true,3.20469289130904,25599,2295,2.86558074587923e-322,3,1,MIP
2649,82.963008700000003,129.00938776518066,true,3.2139098229866798,true,3.2046935665090723,25612,2296,2.86558074587923e-322,3,1,MIP
2650,82.970027400000006,129.02137514583603,true,3.2139098229866798,true,3.2047027072754211,25616,2292,2.86558074587923e-322,3,1,MIP
2651,82.970611700000006,129.02221295826416,true,3.2139098229866798,true,3.2047043268605284,25617,2291,2.86558074587923e-322,3,1,MIP
2652,82.973467099999993,129.02550048893085,true,3.2139098229866798,true,3.2047052468669279,25618,2292,2.86558074587923e-322,3,1,MIP
2653,82.974013499999998,129.02616203127934,true,3.2139098229866798,true,3.2047068580443447,25619,2293,2.86558074587923e-322,3,1,MIP
2654,82.983925799999994,129.03966311731722,true,3.2139098229866798,true,3.2047075306540962,25633,2295,2.86558074587923e-322,3,1,MIP
2655,82.993908700000006,129.05432050963157,true,3.2139098229866798,true,3.204714462481697,25644,2298,2.86558074587923e-322,3,1,MIP
2656,83.010964000000001,129.07996537011084,true,3.2139098229866798,true,3.2047184333318617,25659,2304,2.86558074587923e-322,3,1,MIP
2657,83.020387700000001,129.09239313210986,true,3.2139098229866798,true,3.2047211446422894,25668,2301,2.86558074587923e-322,3,1,MIP
2658,83.024127500000006,129.09665038930973,true,3.2139098229866798,true,3.2047232086294155,25670,2301,2.86558074587923e-322,3,1,MIP
2659,83.028275100000002,129.1030317658572,true,3.2139098229866798,true,3.2047430733978182,25673,2300,2.86558074587923e-322,3,1,MIP
2660,83.032252600000007,129.10923195889401,true,3.2139098229866798,true,3.2047433807734147,25676,2299,2.86558074587923e-322,3,1,MIP
2661,83.035274099999995,129.11297879499497,true,3.2139098229866798,true,3.2047608903794433,25679,2300,2.86558074587923e-322,3,1,MIP
2662,83.076487499999999,129.17205175577294,true,3.2139098229866798,true,3.2047618136039819,25722,2300,2.86558074587923e-322,3,1,MIP
2663,83.078883300000001,129.17541917538989,true,3.2139098229866798,true,3.2047635634082381,25724,2301,2.86558074587923e-322,3,1,MIP
2664,83.084912700000004,129.18456303918862,true,3.2139098229866798,true,3.2047658392767806,25736,2301,2.86558074587923e-322,3,1,MIP
2665,83.139134999999996,129.26431982678906,true,3.2139098229866798,true,3.2047699314264135,25791,2304,2.86558074587923e-322,3,1,MIP
2666,83.142118600000003,129.26850614094326,true,3.2139098229866798,true,3.2047724454803457,25794,2305,2.86558074587923e-322,3,1,MIP
2667,83.148495800000006,129.27758223250126,true,3.2139098229866798,true,3.2047772244470569,25801,2305,2.86558074587923e-322,3,1,MIP
2668,83.163313900000006,129.2965281110319,true,3.2139098229866798,true,3.2047821796270686,25815,2307,2.86558074587923e-322,3,1,MIP
2669,83.163428400000001,129.29666640003191,true,3.2139098229866798,true,3.204785856663658,25816,2306,2.86558074587923e-322,3,1,MIP
2670,83.168760700000007,129.30397798694199,true,3.2139098229866798,true,3.2047926495463668,25823,2306,2.86558074587923e-322,3,1,MIP
2671,83.186889399999998,129.33765701937949,true,3.2139098229866798,true,3.2047940378374586,25827,2304,2.86558074587923e-322,3,1,MIP
2672,83.192747600000004,129.34520006474648,true,3.2139098229866798,true,3.2047946195429975,25835,2306,2.86558074587923e-322,3,1,MIP
2673,83.197339799999995,129.35154472315082,true,3.2139098229866798,true,3.2047955423602232,25842,2304,2.86558074587923e-322,3,1,MIP
2674,83.2291764,129.39335957511136,true,3.2139098229866798,true,3.2048134143647689,25887,2299,2.86558074587923e-322,3,1,MIP
2675,83.242305400000006,129.41369722494153,true,3.2139098229866798,true,3.2048196060714402,25902,2296,2.86558074587923e-322,3,1,MIP
2676,83.247856100000007,129.41999085205157,true,3.2139098229866798,true,3.2048196964397384,25903,2297,2.86558074587923e-322,3,1,MIP
2677,83.259251599999999,129.43671975017728,true,3.2139098229866798,true,3.2048272117889955,25909,2294,2.86558074587923e-322,3,1,MIP
2678,83.284929599999998,129.47111910186231,true,3.2139098229866798,true,3.2048276828655791,25931,2299,2.86558074587923e-322,3,1,MIP
2679,83.289799000000002,129.47816305413508,true,3.2139098229866798,true,3.204830956952549,25941,2299,2.86558074587923e-322,3,1,MIP
2680,83.291211000000004,129.48016313507674,true,3.2139098229866798,true,3.2048320130304679,25942,2300,2.86558074587923e-322,3,1,MIP
2681,83.292302399999997,129.48192343522004,true,3.2139098229866798,true,3.204834013470593,25943,2300,2.86558074587923e-322,3,1,MIP
2682,83.318346000000005,129.52252740237441,true,3.2139098229866798,true,3.2048354555949166,25970,2300,2.86558074587923e-322,3,1,MIP
2683,83.318846699999995,129.52325760432598,true,3.2139098229866798,true,3.2048393380763609,25971,2301,2.86558074587923e-322,3,1,MIP
2684,83.414394900000005,129.63757532200802,true,3.2139098229866798,true,3.2048453334600859,26062,2310,2.86558074587923e-322,3,1,MIP
2685,83.418697800000004,129.64195986044535,true,3.2139098229866798,true,3.2048469002255784,26065,2311,2.86558074587923e-322,3,1,MIP
2686,83.424030099999996,129.64963820573328,true,3.2139098229866798,true,3.2048489170405592,26072,2306,2.86558074587923e-322,3,1,MIP
2687,83.425479800000005,129.65123418260907,true,3.2139098229866798,true,3.2048579949706744,26073,2307,2.86558074587923e-322,3,1,MIP
2688,83.428816900000001,129.65668964389769,true,3.2139098229866798,true,3.2048598237166925,26074,2308,2.86558074587923e-322,3,1,MIP
2689,83.440991600000004,129.67467849154997,true,3.2139098229866798,true,3.2048603834114693,26087,2308,2.86558074587923e-322,3,1,MIP
2690,83.461091100000004,129.70916054176325,true,3.2139098229866798,true,3.2048705609501975,26096,2305,2.86558074587923e-322,3,1,MIP
2691,83.471768299999994,129.72156695440646,true,3.2139098229866798,true,3.2048734192405073,26099,2304,2.86558074587923e-322,3,1,MIP
2692,83.473506700000002,129.72407144468087,true,3.2139098229866798,true,3.2048759204439374,26100,2303,2.86558074587923e-322,3,1,MIP
2693,83.483861899999994,129.73718693569981,true,3.2139098229866798,true,3.2048824245601706,26107,2304,2.86558074587923e-322,3,1,MIP
2694,83.501534300000003,129.76337825899967,true,3.2139098229866798,true,3.2048839739198831,26134,2305,2.86558074587923e-322,3,1,MIP
2695,83.506354000000002,129.77021692617598,true,3.2139098229866798,true,3.2048858534829119,26141,2301,2.86558074587923e-322,3,1,MIP
2696,83.506668399999995,129.77065949462235,true,3.2139098229866798,true,3.204888229216869,26142,2301,2.86558074587923e-322,3,1,MIP
2697,83.5106605,129.77657211148716,true,3.2139098229866798,true,3.2048883535365489,26150,2298,2.86558074587923e-322,3,1,MIP
2698,83.515456499999999,129.78157199409114,true,3.2139098229866798,true,3.2048883645547965,26152,2300,2.86558074587923e-322,3,1,MIP
2699,83.537735600000005,129.81087448408127,true,3.2139098229866798,true,3.204889291064025,26185,2302,2.86558074587923e-322,3,1,MIP
2700,83.538145,129.81147406682783,true,3.2139098229866798,true,3.2048934785886853,26186,2302,2.86558074587923e-322,3,1,MIP
2701,83.547693600000002,129.82238575128349,true,3.2139098229866798,true,3.2048979146998042,26198,2302,2.86558074587923e-322,3,1,MIP
2702,83.556334699999994,129.83488010269394,true,3.2139098229866798,true,3.2048981811245025,26211,2300,2.86558074587923e-322,3,1,MIP
2703,83.558941799999999,129.83810170484458,true,3.2139098229866798,true,3.204898879070643,26214,2300,2.86558074587923e-322,3,1,MIP
2704,83.568034699999998,129.85097093392139,true,3.2139098229866798,true,3.2049014994431571,26218,2300,2.86558074587923e-322,3,1,MIP
2705,83.5849391,129.87355978673381,true,3.2139098229866798,true,3.2049027019041119,26228,2300,2.86558074587923e-322,3,1,MIP
2706,83.593131,129.88525402224835,true,3.2139098229866798,true,3.2049046474180001,26237,2301,2.86558074587923e-322,3,1,MIP
2707,83.605121100000005,129.90260576162865,true,3.2139098229866798,true,3.2049046781367472,26261,2303,2.86558074587923e-322,3,1,MIP
2708,83.610273599999999,129.91004386688698,true,3.2139098229866798,true,3.2049074113386284,26271,2303,2.86558074587923e-322,3,1,MIP
2709,83.610812100000004,129.91079554260239,true,3.2139098229866798,true,3.2049074362434089,26272,2304,2.86558074587923e-322,3,1,MIP
2710,83.680462899999995,130.00627754081972,true,3.2139098229866798,true,3.2049243397315799,26341,2304,2.86558074587923e-322,3,1,MIP
2711,83.681789800000004,130.00824255845066,true,3.2139098229866798,true,3.2049278110211148,26342,2305,2.86558074587923e-322,3,1,MIP
2712,83.6981696,130.02998384095199,true,3.2139098229866798,true,3.2049313268508675,26365,2309,2.86558074587923e-322,3,1,MIP
2713,83.701848100000007,130.03511622861529,true,3.2139098229866798,true,3.2049346032576205,26368,2310,2.86558074587923e-322,3,1,MIP
2714,83.710540499999993,130.04847464784297,true,3.2139098229866798,true,3.2049385138199726,26377,2309,2.86558074587923e-322,3,1,MIP
2715,83.716961299999994,130.05787575375095,true,3.2139098229866798,true,3.2049412947815972,26385,2309,2.86558074587923e-322,3,1,MIP
2716,83.730813600000005,130.0739375581642,true,3.2139098229866798,true,3.204941444952969,26395,2309,2.86558074587923e-322,3,1,MIP
2717,83.759512299999997,130.11810001105729,true,3.2139098229866798,true,3.2049419363318661,26413,2310,2.86558074587923e-322,3,1,MIP
2718,83.760187799999997,130.11912443227459,true,3.2139098229866798,true,3.2049484276217539,26414,2311,2.86558074587923e-322,3,1,MIP
2719,83.765291000000005,130.12593752499569,true,3.2139098229866798,true,3.2049543229741149,26425,2310,2.86558074587923e-322,3,1,MIP
2720,83.776166099999998,130.1422225511003,true,3.2139098229866798,true,3.2049617604076124,26440,2313,2.86558074587923e-322,3,1,MIP
2721,83.782484800000006,130.15140332153695,true,3.2139098229866798,true,3.2049679327717406,26445,2310,2.86558074587923e-322,3,1,MIP
2722,83.7871861,130.15750951653652,true,3.2139098229866798,true,3.2049684348833112,26449,2310,2.86558074587923e-322,3,1,MIP
2723,83.798547200000002,130.17420604041973,true,3.2139098229866798,true,3.2049752891441301,26458,2308,2.86558074587923e-322,3,1,MIP
2724,83.801058800000007,130.1783840794655,true,3.2139098229866798,true,3.2049835213904472,26459,2309,2.86558074587923e-322,3,1,MIP
2725,83.811157499999993,130.19468075789169,true,3.2139098229866798,true,3.2049906985490626,26469,2310,2.86558074587923e-322,3,1,MIP
2726,83.815004500000001,130.20008605928174,true,3.2139098229866798,true,3.2049931031637118,26475,2311,2.86558074587923e-322,3,1,MIP
2727,83.826469900000006,130.21754977726306,true,3.2139098229866798,true,3.2049969005150722,26486,2310,2.86558074587923e-322,3,1,MIP
2728,83.826872499999993,130.21808684444966,true,3.2139098229866798,true,3.2049977545156394,26487,2311,2.86558074587923e-322,3,1,MIP
2729,83.842800299999993,130.24172569108308,true,3.2139098229866798,true,3.2049987031184788,26498,2312,2.86558074587923e-322,3,1,MIP
2730,83.851728899999998,130.25558620284286,true,3.2139098229866798,true,3.2049998937647617,26514,2317,2.86558074587923e-322,3,1,MIP
2731,83.858068299999999,130.26426731045729,true,3.2139098229866798,true,3.2050004130756307,26522,2315,2.86558074587923e-322,3,1,MIP
2732,83.864909800000007,130.27397641696089,true,3.2139098229866798,true,3.2050115381970912,26535,2314,2.86558074587923e-322,3,1,MIP
2733,83.865218299999995,130.27442782897091,true,3.2139098229866798,true,3.2050360831778542,26536,2314,2.86558074587923e-322,3,1,MIP
2734,83.870956199999995,130.28229250498623,true,3.2139098229866798,true,3.2050382813393687,26543,2313,2.86558074587923e-322,3,1,MIP
2735,83.871474300000003,130.2828564301939,true,3.2139098229866798,true,3.2050416154790069,26544,2314,2.86558074587923e-322,3,1,MIP
2736,83.880147500000007,130.29459259655275,true,3.2139098229866798,true,3.2050547625626664,26554,2313,2.86558074587923e-322,3,1,MIP
2737,83.915290200000001,130.35642316469105,true,3.2139098229866798,true,3.2050654451259781,26562,2312,2.86558074587923e-322,3,1,MIP
2738,83.952585400000004,130.41190107891563,true,3.2139098229866798,true,3.2050687350421994,26579,2306,2.86558074587923e-322,3,1,MIP
2739,83.953021699999994,130.41250779341829,true,3.2139098229866798,true,3.2050748507424864,26580,2305,2.86558074587923e-322,3,1,MIP
2740,83.956893800000003,130.41671834641474,true,3.2139098229866798,true,3.205076536102474,26582,2307,2.86558074587923e-322,3,1,MIP
2741,83.960012500000005,130.42136391435793,true,3.2139098229866798,true,3.2050787301180463,26587,2304,2.86558074587923e-322,3,1,MIP
2742,83.963655000000003,130.42673213421298,true,3.2139098229866798,true,3.2050788454932255,26590,2304,2.86558074587923e-322,3,1,MIP
2743,83.978080399999996,130.44309707474133,true,3.2139098229866798,true,3.2050879871980475,26609,2302,2.86558074587923e-322,3,1,MIP
2744,83.9782644,130.44332472533659,true,3.2139098229866798,true,3.2050921720987793,26610,2301,2.86558074587923e-322,3,1,MIP
2745,83.986729999999994,130.45553837687697,true,3.2139098229866798,true,3.2050929750920059,26620,2300,2.86558074587923e-322,3,1,MIP
2746,83.987532200000004,130.45643356027253,true,3.2139098229866798,true,3.2050945879178907,26621,2300,2.86558074587923e-322,3,1,MIP
2747,83.995182600000007,130.46717345134124,true,3.2139098229866798,true,3.2050987504718473,26632,2298,2.86558074587923e-322,3,1,MIP
2748,83.999266800000001,130.47287606376156,true,3.2139098229866798,true,3.205099179350261,26636,2297,2.86558074587923e-322,3,1,MIP
2749,84.001630500000005,130.47615657204611,true,3.2139098229866798,true,3.205104833578281,26640,2296,2.86558074587923e-322,3,1,MIP
2750,84.004174300000003,130.47946293041051,true,3.2139098229866798,true,3.205105505295534,26643,2297,2.86558074587923e-322,3,1,MIP
2751,84.011561099999994,130.49094229898256,true,3.2139098229866798,true,3.2051129032369676,26653,2299,2.86558074587923e-322,3,1,MIP
2752,84.018694100000005,130.50108883869621,true,3.2139098229866798,true,3.2051151609249278,26661,2298,2.86558074587923e-322,3,1,MIP
2753,84.041606299999998,130.53362885128405,true,3.2139098229866798,true,3.2051156869290298,26682,2301,2.86558074587923e-322,3,1,MIP
2754,84.062504500000003,130.56328953445993,true,3.2139098229866798,true,3.2051158735026464,26709,2297,2.86558074587923e-322,3,1,MIP
2755,84.064481499999999,130.56607094882247,true,3.2139098229866798,true,3.2051205699312821,26712,2294,2.86558074587923e-322,3,1,MIP
2756,84.067110200000002,130.56984523934412,true,3.2139098229866798,true,3.2051208412779055,26713,2295,2.86558074587923e-322,3,1,MIP
2757,84.0675794,130.57049915833531,true,3.2139098229866798,true,3.2051210727929633,26714,2296,2.86558074587923e-322,3,1,MIP
2758,84.073212400000003,130.57820575621693,true,3.2139098229866798,true,3.2051217327145789,26720,2294,2.86558074587923e-322,3,1,MIP
2759,84.076464299999998,130.58271525345563,true,3.2139098229866798,true,3.2051220798235067,26724,2293,2.86558074587923e-322,3,1,MIP
2760,84.089124400000003,130.60430941496966,true,3.2139098229866798,true,3.2051241007509774,26728,2289,2.86558074587923e-322,3,1,MIP
2761,84.091328599999997,130.6072505101049,true,3.2139098229866798,true,3.2051259350143559,26730,2289,2.86558074587923e-322,3,1,MIP
2762,84.091681300000005,130.60768685336535,true,3.2139098229866798,true,3.2051545240351418,26731,2289,2.86558074587923e-322,3,1,MIP
2763,84.107785199999995,130.63761350163523,true,3.2139098229866798,true,3.2051568727411062,26735,2287,2.86558074587923e-322,3,1,MIP
2764,84.125081699999996,130.66863015579273,true,3.2139098229866798,true,3.2051572666345605,26738,2284,2.86558074587923e-322,3,1,MIP
2765,84.126370399999999,130.67020492086445,true,3.2139098229866798,true,3.2051710068371309,26739,2285,2.86558074587923e-322,3,1,MIP
2766,84.129996500000004,130.67526044564599,true,3.2139098229866798,true,3.205173277325696,26746,2285,2.86558074587923e-322,3,1,MIP
2767,84.133467999999993,130.68030564891876,true,3.2139098229866798,true,3.2051744091552119,26750,2285,2.86558074587923e-322,3,1,MIP
2768,84.139117200000001,130.68918818855684,true,3.2139098229866798,true,3.2051846468562006,26755,2282,2.86558074587923e-322,3,1,MIP
2769,84.139636800000005,130.6901685906009,true,3.2139098229866798,true,3.2051966435867261,26756,2281,2.86558074587923e-322,3,1,MIP
2770,84.147338700000006,130.70084808114657,true,3.2139098229866798,true,3.2051973124932518,26760,2282,2.86558074587923e-322,3,1,MIP
2771,84.154039299999994,130.70933781840009,true,3.2139098229866798,true,3.2052124030470077,26773,2283,2.86558074587923e-322,3,1,MIP
2772,84.154573799999994,130.71019774091397,true,3.2139098229866798,true,3.2052133016858653,26774,2284,2.86558074587923e-322,3,1,MIP
2773,84.163301300000001,130.7223735793026,true,3.2139098229866798,true,3.2052137767819673,26781,2284,2.86558074587923e-322,3,1,MIP
2774,84.188115699999997,130.75463173513131,true,3.2139098229866798,true,3.2052191132937762,26811,2286,2.86558074587923e-322,3,1,MIP
2775,84.2083832,130.7783570624361,true,3.2139098229866798,true,3.2052202363002342,26828,2281,2.86558074587923e-322,3,1,MIP
2776,84.211642499999996,130.78228249082878,true,3.2139098229866798,true,3.2052221459606609,26829,2282,2.86558074587923e-322,3,1,MIP
2777,84.213058099999998,130.7833680404587,true,3.2139098229866798,true,3.2052249519079994,26830,2283,2.86558074587923e-322,3,1,MIP
2778,84.218231900000006,130.79027048032933,true,3.2139098229866798,true,3.2052251425067171,26837,2281,2.86558074587923e-322,3,1,MIP
2779,84.218655799999993,130.79083884943762,true,3.2139098229866798,true,3.2052357529867215,26838,2282,2.86558074587923e-322,3,1,MIP
2780,84.222001300000002,130.79556989943396,true,3.2139098229866798,true,3.2052415640844476,26843,2281,2.86558074587923e-322,3,1,MIP
2781,84.234438100000006,130.81425213702107,true,3.2139098229866798,true,3.2052453404951016,26854,2281,2.86558074587923e-322,3,1,MIP
2782,84.235074999999995,130.8153243990655,true,3.2139098229866798,true,3.2052474049437105,26855,2280,2.86558074587923e-322,3,1,MIP
2783,84.264273599999996,130.86363497928608,true,3.2139098229866798,true,3.2052476375578696,26864,2277,2.86558074587923e-322,3,1,MIP
2784,84.274441600000003,130.8787914220093,true,3.2139098229866798,true,3.2052512288924757,26870,2276,2.86558074587923e-322,3,1,MIP
2785,84.275351900000004,130.88012967126224,true,3.2139098229866798,true,3.2052522680947551,26871,2277,2.86558074587923e-322,3,1,MIP
2786,84.280662500000005,130.88606297719434,true,3.2139098229866798,true,3.2052565992197728,26876,2274,2.86558074587923e-322,3,1,MIP
2787,84.281707600000004,130.88765932058357,true,3.2139098229866798,true,3.2052604332955617,26877,2275,2.86558074587923e-322,3,1,MIP
2788,84.288335500000002,130.89746071756164,true,3.2139098229866798,true,3.2052793526780539,26888,2278,2.86558074587923e-322,3,1,MIP
2789,84.292259900000005,130.90299040445316,true,3.2139098229866798,true,3.2052871971517352,26893,2274,2.86558074587923e-322,3,1,MIP
2790,84.292781300000001,130.90366692756231,true,3.2139098229866798,true,3.2052887715872425,26894,2275,2.86558074587923e-322,3,1,MIP
2791,84.310406599999993,130.93682390462965,true,3.2139098229866798,true,3.2052928056529417,26898,2275,2.86558074587923e-322,3,1,MIP
2792,84.324855999999997,130.96115509544387,true,3.2139098229866798,true,3.2052938398883404,26904,2269,2.86558074587923e-322,3,1,MIP
2793,84.3255731,130.96219598543803,true,3.2139098229866798,true,3.2053063489501952,26905,2268,2.86558074587923e-322,3,1,MIP
2794,84.326936599999996,130.964038465985,true,3.2139098229866798,true,3.2053084641789238,26906,2269,2.86558074587923e-322,3,1,MIP
2795,84.327076399999996,130.96426585606363,true,3.2139098229866798,true,3.2053352958782937,26907,2268,2.86558074587923e-322,3,1,MIP
2796,84.330338999999995,130.96895454184281,true,3.2139098229866798,true,3.2053386005766966,26911,2268,2.86558074587923e-322,3,1,MIP
2797,84.334071300000005,130.97442785740409,true,3.2139098229866798,true,3.2053392976845929,26916,2266,2.86558074587923e-322,3,1,MIP
2798,84.334391499999995,130.97486341310102,true,3.2139098229866798,true,3.2053421792278516,26917,2267,2.86558074587923e-322,3,1,MIP
2799,84.345057800000006,130.98999543056263,true,3.2139098229866798,true,3.2053451450693538,26923,2264,2.86558074587923e-322,3,1,MIP
2800,84.346031499999995,130.99155738524613,true,3.2139098229866798,true,3.2053637278207581,26924,2265,2.86558074587923e-322,3,1,MIP
2801,84.355279999999993,131.00270324088177,true,3.2139098229866798,true,3.2053658528335158,26936,2264,2.86558074587923e-322,3,1,MIP
2802,84.361232599999994,131.01120438752724,true,3.2139098229866798,true,3.2053678065545803,26946,2265,2.86558074587923e-322,3,1,MIP
2803,84.361332700000006,131.01130888952724,true,3.2139098229866798,true,3.2053698756506126,26947,2264,2.86558074587923e-322,3,1,MIP
2804,84.363288400000002,131.01415268366554,true,3.2139098229866798,true,3.2053733332227434,26950,2261,2.86558074587923e-322,3,1,MIP
2805,84.366174700000002,131.01827205594006,true,3.2139098229866798,true,3.205375273399576,26952,2261,2.86558074587923e-322,3,1,MIP
2806,84.377270100000004,131.03362203378518,true,3.2139098229866798,true,3.2053759121223604,26963,2262,2.86558074587923e-322,3,1,MIP
2807,84.382091299999999,131.04102161991497,true,3.2139098229866798,true,3.2053770453425416,26969,2262,2.86558074587923e-322,3,1,MIP
2808,84.413049400000006,131.10003562202647,true,3.2139098229866798,true,3.2053807094965903,26975,2256,2.86558074587923e-322,3,1,MIP
2809,84.415185500000007,131.10364466592611,true,3.2139098229866798,true,3.2054156302840831,26976,2255,2.86558074587923e-322,3,1,MIP
2810,84.416915900000006,131.10605158874208,true,3.2139098229866798,true,3.2054299249956761,26977,2256,2.86558074587923e-322,3,1,MIP
2811,84.417616699999996,131.10703119966087,true,3.2139098229866798,true,3.2054336608718543,26978,2257,2.86558074587923e-322,3,1,MIP
2812,84.433189999999996,131.13044443993283,true,3.2139098229866798,true,3.2054346050867517,26994,2257,2.86558074587923e-322,3,1,MIP
2813,84.439221599999996,131.13941188245056,true,3.2139098229866798,true,3.2054348592164317,27001,2255,2.86558074587923e-322,3,1,MIP
2814,84.448710199999994,131.15556623750001,true,3.2139098229866798,true,3.2054366324058092,27007,2253,2.86558074587923e-322,3,1,MIP
2815,84.4698767,131.19209779433001,true,3.2139098229866798,true,3.2054378698005221,27016,2252,2.86558074587923e-322,3,1,MIP
2816,84.483173800000003,131.21032709720913,true,3.2139098229866798,true,3.2054484642824743,27019,2252,2.86558074587923e-322,3,1,MIP
2817,84.500621800000005,131.23777040315554,true,3.2139098229866798,true,3.205454237729668,27030,2252,2.86558074587923e-322,3,1,MIP
2818,84.500840499999995,131.23814567958814,true,3.2139098229866798,true,3.2054579432729007,27031,2251,2.86558074587923e-322,3,1,MIP
2819,84.504373900000004,131.24293075653495,true,3.2139098229866798,true,3.2054606010281983,27034,2248,2.86558074587923e-322,3,1,MIP
2820,84.505036399999995,131.24383442097081,true,3.2139098229866798,true,3.2054646555404198,27035,2247,2.86558074587923e-322,3,1,MIP
2821,84.507122699999996,131.24681819974896,true,3.2139098229866798,true,3.2054824721902957,27036,2248,2.86558074587923e-322,3,1,MIP
2822,84.507465800000006,131.24726327640658,true,3.2139098229866798,true,3.2055000768899911,27037,2249,2.86558074587923e-322,3,1,MIP
2823,84.512683100000004,131.25464274119074,true,3.2139098229866798,true,3.205503744291184,27046,2250,2.86558074587923e-322,3,1,MIP
2824,84.517200099999997,131.2604145371368,true,3.2139098229866798,true,3.2055151749510697,27049,2249,2.86558074587923e-322,3,1,MIP
2825,84.5736639,131.33366591257499,true,3.2139098229866798,true,3.2055189282738503,27091,2249,2.86558074587923e-322,3,1,MIP
2826,84.576830900000004,131.33809868669275,true,3.2139098229866798,true,3.2055195202890983,27094,2250,2.86558074587923e-322,3,1,MIP
2827,84.584619399999994,131.35076128839043,true,3.2139098229866798,true,3.2055324304659454,27104,2249,2.86558074587923e-322,3,1,MIP
2828,84.585504499999999,131.35201017021885,true,3.2139098229866798,true,3.2055336713719038,27105,2250,2.86558074587923e-322,3,1,MIP
2829,84.593154400000003,131.36179027343735,true,3.2139098229866798,true,3.2055470510067763,27109,2250,2.86558074587923e-322,3,1,MIP
2830,84.6061792,131.38123530059673,true,3.2139098229866798,true,3.205550706117124,27126,2248,2.86558074587923e-322,3,1,MIP
2831,84.606581399999996,131.38179104842837,true,3.2139098229866798,true,3.2055524743450112,27127,2249,2.86558074587923e-322,3,1,MIP
2832,84.6222025,131.40956855779442,true,3.2139098229866798,true,3.2055568248529265,27132,2244,2.86558074587923e-322,3,1,MIP
2833,84.6401319,131.43958486458692,true,3.2139098229866798,true,3.2055603762686591,27134,2242,2.86558074587923e-322,3,1,MIP
2834,84.690196499999999,131.51348407374238,true,3.2139098229866798,true,3.2055618064366849,27159,2245,2.86558074587923e-322,3,1,MIP
2835,84.772348699999995,131.6266604555945,true,3.2139098229866798,true,3.2055692698481075,27239,2257,2.86558074587923e-322,3,1,MIP
2836,84.780454300000002,131.63860413553277,true,3.2139098229866798,true,3.205582515212329,27249,2254,2.86558074587923e-322,3,1,MIP
2837,84.784274199999999,131.64354324567083,true,3.2139098229866798,true,3.2055836924204266,27250,2255,2.86558074587923e-322,3,1,MIP
2838,84.797122400000006,131.66260713567002,true,3.2139098229866798,true,3.2055877847492145,27260,2254,2.86558074587923e-322,3,1,MIP
2839,84.809038999999999,131.6789034307759,true,3.2139098229866798,true,3.20558838237717,27261,2255,2.86558074587923e-322,3,1,MIP
2840,84.820941099999999,131.69542525812088,true,3.2139098229866798,true,3.2055934458591433,27271,2253,2.86558074587923e-322,3,1,MIP
2841,84.857050999999998,131.74501826163359,true,3.2139098229866798,true,3.2056106406108937,27296,2257,2.86558074587923e-322,3,1,MIP
2842,84.863984400000007,131.7545349906936,true,3.2139098229866798,true,3.2056148782935026,27306,2257,2.86558074587923e-322,3,1,MIP
2843,84.8697205,131.76211732675046,true,3.2139098229866798,true,3.2056156416112938,27314,2258,2.86558074587923e-322,3,1,MIP
2844,84.875963900000002,131.77037665911493,true,3.2139098229866798,true,3.2056229319417175,27319,2255,2.86558074587923e-322,3,1,MIP
2845,84.877139400000004,131.77190861295611,true,3.2139098229866798,true,3.2056256709560111,27320,2256,2.86558074587923e-322,3,1,MIP
2846,84.882722700000002,131.77947190987743,true,3.2139098229866798,true,3.2056275707902335,27329,2252,2.86558074587923e-322,3,1,MIP
2847,84.883323099999998,131.78033020059917,true,3.2139098229866798,true,3.2056299679597702,27330,2251,2.86558074587923e-322,3,1,MIP
2848,84.884061700000004,131.78149869529949,true,3.2139098229866798,true,3.2056307084733469,27331,2250,2.86558074587923e-322,3,1,MIP
2849,84.887008899999998,131.78496952120278,true,3.2139098229866798,true,3.2056331601416854,27332,2251,2.86558074587923e-322,3,1,MIP
2850,84.888206699999998,131.78665674904371,true,3.2139098229866798,true,3.2056365916319036,27333,2252,2.86558074587923e-322,3,1,MIP
2851,84.900547200000005,131.80339607241103,true,3.2139098229866798,true,3.2056379024856367,27351,2254,2.86558074587923e-322,3,1,MIP
2852,84.916754900000001,131.82556072934773,true,3.2139098229866798,true,3.2056382575440967,27369,2257,2.86558074587923e-322,3,1,MIP
2853,84.937742099999994,131.85267510139079,true,3.2139098229866798,true,3.2056398213274826,27392,2258,2.86558074587923e-322,3,1,MIP
2854,84.949523600000006,131.86817172693253,true,3.2139098229866798,true,3.2056494854919562,27409,2260,2.86558074587923e-322,3,1,MIP
2855,84.950240600000001,131.86918600460541,true,3.2139098229866798,true,3.2056545047674008,27410,2260,2.86558074587923e-322,3,1,MIP
2856,84.955667599999998,131.87721504286299,true,3.2139098229866798,true,3.2056586059453815,27421,2260,2.86558074587923e-322,3,1,MIP
2857,84.960776100000004,131.88373623046772,true,3.2139098229866798,true,3.2056594368635691,27429,2259,2.86558074587923e-322,3,1,MIP
2858,84.960869000000002,131.88383417046774,true,3.2139098229866798,true,3.2056670933605238,27430,2258,2.86558074587923e-322,3,1,MIP
2859,84.968481999999995,131.89416441875122,true,3.2139098229866798,true,3.2056710783549534,27450,2259,2.86558074587923e-322,3,1,MIP
2860,84.968724699999996,131.89446566575123,true,3.2139098229866798,true,3.2056738708537966,27451,2258,2.86558074587923e-322,3,1,MIP
2861,84.970113699999999,131.89618672022544,true,3.2139098229866798,true,3.2056769538967811,27452,2257,2.86558074587923e-322,3,1,MIP
2862,84.975297100000006,131.90189199667816,true,3.2139098229866798,true,3.205685230806044,27454,2257,2.86558074587923e-322,3,1,MIP
2863,84.989250299999995,131.91867216396193,true,3.2139098229866798,true,3.205685358686678,27462,2258,2.86558074587923e-322,3,1,MIP
2864,85.005552499999993,131.94023346165662,true,3.2139098229866798,true,3.2056863583480015,27476,2258,2.86558074587923e-322,3,1,MIP
2865,85.010318799999993,131.9466927224442,true,3.2139098229866798,true,3.2056959539229659,27483,2258,2.86558074587923e-322,3,1,MIP
2866,85.020299899999998,131.96153205967897,true,3.2139098229866798,true,3.2057259092554617,27491,2258,2.86558074587923e-322,3,1,MIP
2867,85.039655100000004,131.99090290227312,true,3.2139098229866798,true,3.2057341581423566,27507,2258,2.86558074587923e-322,3,1,MIP
2868,85.046556600000002,132.00006391225364,true,3.2139098229866798,true,3.2057342878408668,27512,2257,2.86558074587923e-322,3,1,MIP
2869,85.065804999999997,132.03015511385331,true,3.2139098229866798,true,3.2057352136529862,27523,2255,2.86558074587923e-322,3,1,MIP
2870,85.1161058,132.10034113290749,true,3.2139098229866798,true,3.2057381702646852,27579,2264,2.86558074587923e-322,3,1,MIP
2871,85.116470300000003,132.10088057469378,true,3.2139098229866798,true,3.2057395133015665,27580,2265,2.86558074587923e-322,3,1,MIP
2872,85.125394099999994,132.11505455578808,true,3.2139098229866798,true,3.2057440203591434,27595,2260,2.86558074587923e-322,3,1,MIP
2873,85.126026699999997,132.11602725777277,true,3.2139098229866798,true,3.2057470455684278,27596,2259,2.86558074587923e-322,3,1,MIP
2874,85.126978600000001,132.11721648677616,true,3.2139098229866798,true,3.2057517131690232,27597,2258,2.86558074587923e-322,3,1,MIP
2875,85.140400099999994,132.1421883702393,true,3.2139098229866798,true,3.2057519921053705,27598,2258,2.86558074587923e-322,3,1,MIP
2876,85.140477700000005,132.14225978523928,true,3.2139098229866798,true,3.2057577894813569,27599,2257,2.86558074587923e-322,3,1,MIP
2877,85.1442926,132.14662814968034,true,3.2139098229866798,true,3.2057667739317184,27601,2257,2.86558074587923e-322,3,1,MIP
2878,85.150518899999994,132.15514114995011,true,3.2139098229866798,true,3.205770268088266,27604,2258,2.86558074587923e-322,3,1,MIP
2879,85.175914300000002,132.1958134580693,true,3.2139098229866798,true,3.2057723413155994,27616,2256,2.86558074587923e-322,3,1,MIP
2880,85.181981500000006,132.20360777309227,true,3.2139098229866798,true,3.2057783286697186,27619,2255,2.86558074587923e-322,3,1,MIP
2881,85.201030500000002,132.23204055061987,true,3.2139098229866798,true,3.2057805580364578,27636,2262,2.86558074587923e-322,3,1,MIP
2882,85.208007699999996,132.24211998846886,true,3.2139098229866798,true,3.2057828255125056,27647,2263,2.86558074587923e-322,3,1,MIP
2883,85.214659100000006,132.25044900412072,true,3.2139098229866798,true,3.2057902658324533,27652,2262,2.86558074587923e-322,3,1,MIP
2884,85.214948100000001,132.25095992166331,true,3.2139098229866798,true,3.2058065052689053,27653,2261,2.86558074587923e-322,3,1,MIP
2885,85.217245500000004,132.25407244012413,true,3.2139098229866798,true,3.2058153959092746,27656,2260,2.86558074587923e-322,3,1,MIP
2886,85.2210307,132.25923389090255,true,3.2139098229866798,true,3.2058199005369179,27661,2261,2.86558074587923e-322,3,1,MIP
2887,85.227156300000004,132.26769839598848,true,3.2139098229866798,true,3.2058247794908081,27669,2261,2.86558074587923e-322,3,1,MIP
2888,85.235501400000004,132.28032190834367,true,3.2139098229866798,true,3.2058307624883802,27679,2263,2.86558074587923e-322,3,1,MIP
2889,85.237562999999994,132.28348137374522,true,3.2139098229866798,true,3.2058360094971787,27680,2262,2.86558074587923e-322,3,1,MIP
2890,85.239624500000005,132.28621100681781,true,3.2139098229866798,true,3.2058388307699071,27683,2259,2.86558074587923e-322,3,1,MIP
2891,85.245511399999998,132.29493229917952,true,3.2139098229866798,true,3.2058451420285881,27693,2259,2.86558074587923e-322,3,1,MIP
2892,85.246031200000004,132.29573482311341,true,3.2139098229866798,true,3.2058581977478946,27694,2258,2.86558074587923e-322,3,1,MIP
2893,85.252144599999994,132.30498304938811,true,3.2139098229866798,true,3.2058642281315994,27697,2257,2.86558074587923e-322,3,1,MIP
2894,85.255566999999999,132.30965280900679,true,3.2139098229866798,true,3.2058729971979956,27700,2255,2.86558074587923e-322,3,1,MIP
2895,85.259392300000002,132.31378866196084,true,3.2139098229866798,true,3.2058752490113989,27702,2257,2.86558074587923e-322,3,1,MIP
2896,85.284446000000003,132.36210531406857,true,3.2139098229866798,true,3.2058767676903188,27712,2256,2.86558074587923e-322,3,1,MIP
2897,85.288226100000003,132.36582889208984,true,3.2139098229866798,true,3.205877364557149,27713,2257,2.86558074587923e-322,3,1,MIP
2898,85.289103499999996,132.36682498805752,true,3.2139098229866798,true,3.2058776806416813,27714,2258,2.86558074587923e-322,3,1,MIP
2899,85.294358000000003,132.37437264485209,true,3.2139098229866798,true,3.2058815467377197,27722,2257,2.86558074587923e-322,3,1,MIP
2900,85.299281899999997,132.38056968968229,true,3.2139098229866798,true,3.2058984327039148,27727,2256,2.86558074587923e-322,3,1,MIP
2901,85.3000483,132.38162025875076,true,3.2139098229866798,true,3.2059042435748211,27728,2255,2.86558074587923e-322,3,1,MIP
2902,85.328020499999994,132.43054972149366,true,3.2139098229866798,true,3.2059045141378424,27739,2252,2.86558074587923e-322,3,1,MIP
2903,85.334497499999998,132.44130777394523,true,3.2139098229866798,true,3.2059046636602386,27740,2253,2.86558074587923e-322,3,1,MIP
2904,85.3350729,132.44206276074974,true,3.2139098229866798,true,3.2059070089539214,27741,2254,2.86558074587923e-322,3,1,MIP
2905,85.3483418,132.46158498239851,true,3.2139098229866798,true,3.2059121807107402,27753,2251,2.86558074587923e-322,3,1,MIP
2906,85.352619500000003,132.46763821655196,true,3.2139098229866798,true,3.2059128764138252,27755,2253,2.86558074587923e-322,3,1,MIP
2907,85.356011100000003,132.47213015135603,true,3.2139098229866798,true,3.2059190125478723,27761,2252,2.86558074587923e-322,3,1,MIP
2908,85.366164800000007,132.48554654108978,true,3.2139098229866798,true,3.205921899933589,27775,2256,2.86558074587923e-322,3,1,MIP
2909,85.382560699999999,132.5131218735574,true,3.2139098229866798,true,3.2059298129025811,27784,2256,2.86558074587923e-322,3,1,MIP
2910,85.395135199999999,132.53329376794886,true,3.2139098229866798,true,3.2059461732955485,27789,2254,2.86558074587923e-322,3,1,MIP
2911,85.397881999999996,132.53687871982063,true,3.2139098229866798,true,3.2059467993479451,27793,2253,2.86558074587923e-322,3,1,MIP
2912,85.401515900000007,132.54193780250759,true,3.2139098229866798,true,3.2059470109109718,27798,2253,2.86558074587923e-322,3,1,MIP
2913,85.413708099999994,132.55820541550864,true,3.2139098229866798,true,3.2059701612907294,27812,2252,2.86558074587923e-322,3,1,MIP
2914,85.423494000000005,132.57245601623185,true,3.2139098229866798,true,3.2059728483126544,27832,2252,2.86558074587923e-322,3,1,MIP
2915,85.424178400000002,132.57354870098789,true,3.2139098229866798,true,3.2059750096995967,27833,2251,2.86558074587923e-322,3,1,MIP
2916,85.425341700000004,132.57543425085487,true,3.2139098229866798,true,3.2059848365422066,27834,2250,2.86558074587923e-322,3,1,MIP
2917,85.426115100000004,132.5764557556866,true,3.2139098229866798,true,3.2059861128286471,27835,2249,2.86558074587923e-322,3,1,MIP
2918,85.431690500000002,132.5851954962379,true,3.2139098229866798,true,3.2059905127852031,27837,2251,2.86558074587923e-322,3,1,MIP
2919,85.445338100000001,132.6056407298567,true,3.2139098229866798,true,3.2059991128007996,27857,2253,2.86558074587923e-322,3,1,MIP
2920,85.454375099999993,132.61817639630652,true,3.2139098229866798,true,3.2060039091669603,27872,2254,2.86558074587923e-322,3,1,MIP
2921,85.457105400000003,132.62193151381527,true,3.2139098229866798,true,3.2060064251314166,27877,2252,2.86558074587923e-322,3,1,MIP
2922,85.462935200000004,132.62996618411361,true,3.2139098229866798,true,3.2060072277112015,27886,2248,2.86558074587923e-322,3,1,MIP
2923,85.469931700000004,132.64104318218904,true,3.2139098229866798,true,3.2060171770640218,27890,2245,2.86558074587923e-322,3,1,MIP
2924,85.470144300000001,132.64129403418903,true,3.2139098229866798,true,3.2060188437809813,27891,2244,2.86558074587923e-322,3,1,MIP
2925,85.472542599999997,132.64506781412354,true,3.2139098229866798,true,3.2060199708888306,27892,2245,2.86558074587923e-322,3,1,MIP
2926,85.472854299999995,132.64550225861367,true,3.2139098229866798,true,3.2060217479659894,27893,2246,2.86558074587923e-322,3,1,MIP
2927,85.479207500000001,132.65441402229467,true,3.2139098229866798,true,3.2060279164552221,27898,2244,2.86558074587923e-322,3,1,MIP
2928,85.489607399999997,132.66913184845259,true,3.2139098229866798,true,3.2060280067855591,27914,2243,2.86558074587923e-322,3,1,MIP
2929,85.490254800000002,132.67004406613233,true,3.2139098229866798,true,3.2060386752189487,27915,2242,2.86558074587923e-322,3,1,MIP
2930,85.498132799999993,132.68018339930143,true,3.2139098229866798,true,3.2060388088979388,27916,2243,2.86558074587923e-322,3,1,MIP
2931,85.498717400000004,132.68102539387593,true,3.2139098229866798,true,3.2060397984638302,27917,2242,2.86558074587923e-322,3,1,MIP
2932,85.516474099999996,132.70752942361207,true,3.2139098229866798,true,3.2060408453957447,27924,2241,2.86558074587923e-322,3,1,MIP
2933,85.516751900000003,132.70818378955235,true,3.2139098229866798,true,3.206043354142611,27925,2240,2.86558074587923e-322,3,1,MIP
2934,85.519113399999995,132.71139473341182,true,3.2139098229866798,true,3.2060437724593109,27928,2239,2.86558074587923e-322,3,1,MIP
2935,85.521459800000002,132.71459648937557,true,3.2139098229866798,true,3.2060510199676524,27931,2236,2.86558074587923e-322,3,1,MIP
2936,85.524886199999997,132.72001859671613,true,3.2139098229866798,true,3.2060532359486,27932,2235,2.86558074587923e-322,3,1,MIP
2937,85.528096599999998,132.72610500649336,true,3.2139098229866798,true,3.2060568560544551,27933,2234,2.86558074587923e-322,3,1,MIP
2938,85.529394400000001,132.72808024937973,true,3.2139098229866798,true,3.2060617051709168,27934,2233,2.86558074587923e-322,3,1,MIP
2939,85.531027800000004,132.73063182130559,true,3.2139098229866798,true,3.2060680343425574,27935,2232,2.86558074587923e-322,3,1,MIP
2940,85.535854700000002,132.73636274989582,true,3.2139098229866798,true,3.2060688462773079,27936,2233,2.86558074587923e-322,3,1,MIP
2941,85.546696800000007,132.75047541611227,true,3.2139098229866798,true,3.2060716073032558,27945,2233,2.86558074587923e-322,3,1,MIP
2942,85.547100499999999,132.75110631587626,true,3.2139098229866798,true,3.206083048967693,27946,2234,2.86558074587923e-322,3,1,MIP
2943,85.551496499999999,132.75727622158237,true,3.2139098229866798,true,3.2060840384827887,27951,2231,2.86558074587923e-322,3,1,MIP
2944,85.553765600000006,132.76037187249619,true,3.2139098229866798,true,3.2060852782266811,27954,2232,2.86558074587923e-322,3,1,MIP
2945,85.559482799999998,132.76965765850929,true,3.2139098229866798,true,3.2060853706851882,27964,2228,2.86558074587923e-322,3,1,MIP
2946,85.562209199999998,132.7735911947546,true,3.2139098229866798,true,3.2060869880022329,27965,2229,2.86558074587923e-322,3,1,MIP
2947,85.562495400000003,132.77399591553129,true,3.2139098229866798,true,3.2060880796500504,27966,2230,2.86558074587923e-322,3,1,MIP
2948,85.589734899999996,132.82142473490603,true,3.2139098229866798,true,3.2060881776854417,27976,2233,2.86558074587923e-322,3,1,MIP
2949,85.607641599999994,132.84666088540388,true,3.2139098229866798,true,3.2060895952067048,27990,2227,2.86558074587923e-322,3,1,MIP
2950,85.610519699999998,132.84999757803445,true,3.2139098229866798,true,3.2060942164250954,27991,2228,2.86558074587923e-322,3,1,MIP
2951,85.610913600000003,132.85049402000357,true,3.2139098229866798,true,3.2061089947032091,27992,2227,2.86558074587923e-322,3,1,MIP
2952,85.620826100000002,132.86362827107868,true,3.2139098229866798,true,3.2061097614164353,28005,2230,2.86558074587923e-322,3,1,MIP
2953,85.634705100000005,132.88402648897571,true,3.2139098229866798,true,3.2061108750365603,28025,2234,2.86558074587923e-322,3,1,MIP
2954,85.651736,132.90709179363958,true,3.2139098229866798,true,3.2061110393407946,28044,2241,2.86558074587923e-322,3,1,MIP
2955,85.658790199999999,132.91641448212823,true,3.2139098229866798,true,3.206111097491517,28053,2243,2.86558074587923e-322,3,1,MIP
2956,85.683434300000002,132.94897332362254,true,3.2139098229866798,true,3.2061160651527905,28072,2239,2.86558074587923e-322,3,1,MIP
2957,85.688950500000004,132.95737210059514,true,3.2139098229866798,true,3.2061248163592584,28074,2240,2.86558074587923e-322,3,1,MIP
2958,85.694054800000004,132.96530895127052,true,3.2139098229866798,true,3.2061483079488653,28080,2236,2.86558074587923e-322,3,1,MIP
2959,85.6969931,132.96895297970445,true,3.2139098229866798,true,3.2061537053744562,28081,2237,2.86558074587923e-322,3,1,MIP
2960,85.6977653,132.9701367468187,true,3.2139098229866798,true,3.2061542113082049,28082,2236,2.86558074587923e-322,3,1,MIP
2961,85.707737699999996,132.98592475699192,true,3.2139098229866798,true,3.2061566612996089,28092,2238,2.86558074587923e-322,3,1,MIP
2962,85.713236600000002,132.99536147966714,true,3.2139098229866798,true,3.2061593403204172,28095,2237,2.86558074587923e-322,3,1,MIP
2963,85.729722100000004,133.02262641479186,true,3.2139098229866798,true,3.2061736585847287,28098,2238,2.86558074587923e-322,3,1,MIP
2964,85.743278099999998,133.04395102387372,true,3.2139098229866798,true,3.2061777946356012,28107,2237,2.86558074587923e-322,3,1,MIP
2965,85.772770699999995,133.09332651838466,true,3.2139098229866798,true,3.2061778260799785,28116,2234,2.86558074587923e-322,3,1,MIP
2966,85.775029399999994,133.09653560356062,true,3.2139098229866798,true,3.2061837664714963,28117,2234,2.86558074587923e-322,3,1,MIP
2967,85.775156100000004,133.09669850769995,true,3.2139098229866798,true,3.2061850976191737,28118,2233,2.86558074587923e-322,3,1,MIP
2968,85.778297600000002,133.10129335080924,true,3.2139098229866798,true,3.2061912679974536,28120,2233,2.86558074587923e-322,3,1,MIP
2969,85.782647800000007,133.10789867085947,true,3.2139098229866798,true,3.2061953261270006,28128,2230,2.86558074587923e-322,3,1,MIP
2970,85.783991999999998,133.10987432863027,true,3.2139098229866798,true,3.2062006930233213,28130,2228,2.86558074587923e-322,3,1,MIP
2971,85.785894900000002,133.11265495100051,true,3.2139098229866798,true,3.2062041820520797,28131,2229,2.86558074587923e-322,3,1,MIP
2972,85.844206,133.1962277863976,true,3.2139098229866798,true,3.2062058954203083,28199,2224,2.86558074587923e-322,3,1,MIP
2973,85.859162100000006,133.21851454294401,true,3.2139098229866798,true,3.2062074734429586,28212,2223,2.86558074587923e-322,3,1,MIP
2974,85.864072100000001,133.22573322200134,true,3.2139098229866798,true,3.2062141123472223,28218,2220,2.86558074587923e-322,3,1,MIP
2975,85.865586300000004,133.22776849889362,true,3.2139098229866798,true,3.206214880427197,28219,2221,2.86558074587923e-322,3,1,MIP
2976,85.8657951,133.22807370525351,true,3.2139098229866798,true,3.2062273437662761,28220,2220,2.86558074587923e-322,3,1,MIP
2977,85.868406800000002,133.23176564119515,true,3.2139098229866798,true,3.2062300501292147,28223,2219,2.86558074587923e-322,3,1,MIP
2978,85.870892600000005,133.2353210742848,true,3.2139098229866798,true,3.2062307824449734,28226,2219,2.86558074587923e-322,3,1,MIP
2979,85.879584699999995,133.24697583251989,true,3.2139098229866798,true,3.2062339417800958,28235,2220,2.86558074587923e-322,3,1,MIP
2980,85.896858699999996,133.27026659178773,true,3.2139098229866798,true,3.2062353630391622,28254,2225,2.86558074587923e-322,3,1,MIP
2981,85.902613599999995,133.27762880755182,true,3.2139098229866798,true,3.2062431274375949,28265,2224,2.86558074587923e-322,3,1,MIP
2982,85.919819399999994,133.30294768234273,true,3.2139098229866798,true,3.206246703974251,28289,2221,2.86558074587923e-322,3,1,MIP
2983,85.926616800000005,133.31288305091499,true,3.2139098229866798,true,3.2062486732111211,28290,2222,2.86558074587923e-322,3,1,MIP
2984,85.940903500000005,133.33353185699673,true,3.2139098229866798,true,3.2062531723330219,28299,2224,2.86558074587923e-322,3,1,MIP
2985,85.956470400000001,133.35794592174631,true,3.2139098229866798,true,3.2062548376199049,28303,2224,2.86558074587923e-322,3,1,MIP
2986,85.967885899999999,133.37721518729529,true,3.2139098229866798,true,3.2062587568632219,28308,2221,2.86558074587923e-322,3,1,MIP
2987,85.985624000000001,133.40033577661455,true,3.2139098229866798,true,3.2062668889297656,28317,2220,2.86558074587923e-322,3,1,MIP
2988,85.9961859,133.41470411674254,true,3.2139098229866798,true,3.2062689629135885,28328,2222,2.86558074587923e-322,3,1,MIP
2989,86.003211800000003,133.42418627918991,true,3.2139098229866798,true,3.2062807602320702,28339,2220,2.86558074587923e-322,3,1,MIP
2990,86.005646499999997,133.42745813849245,true,3.2139098229866798,true,3.2062823140112209,28342,2218,2.86558074587923e-322,3,1,MIP
2991,86.007734400000004,133.43013647028269,true,3.2139098229866798,true,3.2062843403792209,28344,2217,2.86558074587923e-322,3,1,MIP
2992,86.009423900000002,133.4324497737513,true,3.2139098229866798,true,3.206299821453225,28346,2215,2.86558074587923e-322,3,1,MIP
2993,86.012332400000005,133.43680522206887,true,3.2139098229866798,true,3.2063044759989023,28347,2216,2.86558074587923e-322,3,1,MIP
2994,86.017314799999994,133.44463055582131,true,3.2139098229866798,true,3.206306888849062,28348,2215,2.86558074587923e-322,3,1,MIP
2995,86.030197200000003,133.46508185213625,true,3.2139098229866798,true,3.2063083285576068,28352,2214,2.86558074587923e-322,3,1,MIP
2996,86.033189500000006,133.46916776195206,true,3.2139098229866798,true,3.2063152814628668,28353,2215,2.86558074587923e-322,3,1,MIP
2997,86.049774299999996,133.49319233873868,true,3.2139098229866798,true,3.2063162623105792,28362,2216,2.86558074587923e-322,3,1,MIP
2998,86.057681599999995,133.50558862716119,true,3.2139098229866798,true,3.206329932313821,28367,2213,2.86558074587923e-322,3,1,MIP
2999,86.075326399999994,133.53213630993099,true,3.2139098229866798,true,3.2063330156798031,28378,2211,2.86558074587923e-322,3,1,MIP
3000,86.078654900000004,133.53713361592813,true,3.2139098229866798,true,3.2063331256149286,28381,2212,2.86558074587923e-322,3,1,MIP
3001,86.082442,133.54263130741418,true,3.2139098229866798,true,3.2063375663533478,28388,2210,2.86558074587923e-322,3,1,MIP
3002,86.082947399999995,133.54332011541203,true,3.2139098229866798,true,3.2063464836958033,28389,2210,2.86558074587923e-322,3,1,MIP
3003,86.106586399999998,133.57617082814403,true,3.2139098229866798,true,3.2063466345155263,28418,2211,2.86558074587923e-322,3,1,MIP
3004,86.116048399999997,133.58926081410993,true,3.2139098229866798,true,3.2063552775979201,28425,2209,2.86558074587923e-322,3,1,MIP
3005,86.121641699999998,133.59748852552246,true,3.2139098229866798,true,3.2063571082637163,28429,2205,2.86558074587923e-322,3,1,MIP
3006,86.123205400000003,133.5995681014364,true,3.2139098229866798,true,3.2063788835326577,28430,2205,2.86558074587923e-322,3,1,MIP
3007,86.123355099999998,133.59974642505344,true,3.2139098229866798,true,3.2063825300247188,28431,2204,2.86558074587923e-322,3,1,MIP
3008,86.154400800000005,133.64245676179979,true,3.2139098229866798,true,3.206382760836668,28471,2204,2.86558074587923e-322,3,1,MIP
3009,86.176617699999994,133.67868392799636,true,3.2139098229866798,true,3.2063851089804225,28487,2202,2.86558074587923e-322,3,1,MIP
3010,86.182663399999996,133.68778388622422,true,3.2139098229866798,true,3.2063903688615154,28491,2200,2.86558074587923e-322,3,1,MIP
3011,86.183279400000004,133.68822315284311,true,3.2139098229866798,true,3.2063972627404889,28492,2201,2.86558074587923e-322,3,1,MIP
3012,86.190738800000005,133.69835739372922,true,3.2139098229866798,true,3.2063972813947332,28502,2204,2.86558074587923e-322,3,1,MIP
3013,86.196271300000006,133.70649125242755,true,3.2139098229866798,true,3.2064047730726783,28512,2202,2.86558074587923e-322,3,1,MIP
3014,86.197447299999993,133.70804483209608,true,3.2139098229866798,true,3.2064111592156102,28513,2203,2.86558074587923e-322,3,1,MIP
3015,86.197860599999998,133.70871036879316,true,3.2139098229866798,true,3.2064131868538199,28514,2203,2.86558074587923e-322,3,1,MIP
3016,86.201354899999998,133.71382112171062,true,3.2139098229866798,true,3.206419528390398,28519,2203,2.86558074587923e-322,3,1,MIP
3017,86.240831299999996,133.77014261623168,true,3.2139098229866798,true,3.206426394615375,28568,2208,2.86558074587923e-322,3,1,MIP
3018,86.254076299999994,133.78987093624502,true,3.2139098229866798,true,3.206428027442533,28581,2205,2.86558074587923e-322,3,1,MIP
3019,86.256435199999999,133.79406331037541,true,3.2139098229866798,true,3.2064311439090507,28582,2204,2.86558074587923e-322,3,1,MIP
3020,86.258017699999996,133.79598124926233,true,3.2139098229866798,true,3.2064373056969933,28583,2205,2.86558074587923e-322,3,1,MIP
3021,86.258438299999995,133.79660187819721,true,3.2139098229866798,true,3.2064391018638041,28584,2206,2.86558074587923e-322,3,1,MIP
3022,86.263692199999994,133.80366903847641,true,3.2139098229866798,true,3.2064412894807282,28591,2204,2.86558074587923e-322,3,1,MIP
3023,86.267726499999995,133.80870607215164,true,3.2139098229866798,true,3.2064601748386297,28594,2203,2.86558074587923e-322,3,1,MIP
3024,86.268769500000005,133.80992009095544,true,3.2139098229866798,true,3.206465687623512,28595,2203,2.86558074587923e-322,3,1,MIP
3025,86.300834300000005,133.85524095533657,true,3.2139098229866798,true,3.2064707602885392,28623,2207,2.86558074587923e-322,3,1,MIP
3026,86.305996899999997,133.86218247282079,true,3.2139098229866798,true,3.2064757110031477,28633,2204,2.86558074587923e-322,3,1,MIP
3027,86.307234500000007,133.863899132744,true,3.2139098229866798,true,3.2064815893605405,28634,2205,2.86558074587923e-322,3,1,MIP
3028,86.307895599999995,133.86447566696614,true,3.2139098229866798,true,3.2064963312157806,28635,2206,2.86558074587923e-322,3,1,MIP
3029,86.313957400000007,133.87199976180187,true,3.2139098229866798,true,3.2065008273629858,28644,2203,2.86558074587923e-322,3,1,MIP
3030,86.314144799999994,133.87231963078534,true,3.2139098229866798,true,3.2065009777469742,28645,2202,2.86558074587923e-322,3,1,MIP
3031,86.321485499999994,133.88468741930313,true,3.2139098229866798,true,3.2065042770932592,28647,2204,2.86558074587923e-322,3,1,MIP
3032,86.345268099999998,133.91968301237395,true,3.2139098229866798,true,3.2065066573724397,28656,2205,2.86558074587923e-322,3,1,MIP
3033,86.352954699999998,133.93171287250073,true,3.2139098229866798,true,3.2065068919563631,28663,2202,2.86558074587923e-322,3,1,MIP
3034,86.354058199999997,133.93329379805354,true,3.2139098229866798,true,3.2065146187793649,28664,2203,2.86558074587923e-322,3,1,MIP
3035,86.361457799999997,133.94429718681309,true,3.2139098229866798,true,3.2065183326970468,28669,2198,2.86558074587923e-322,3,1,MIP
3036,86.362969500000005,133.94615449346833,true,3.2139098229866798,true,3.2065223663767948,28670,2199,2.86558074587923e-322,3,1,MIP
3037,86.363405,133.94677596460329,true,3.2139098229866798,true,3.2065328579343291,28671,2199,2.86558074587923e-322,3,1,MIP
3038,86.365689399999994,133.95008911741891,true,3.2139098229866798,true,3.2065361202876859,28675,2195,2.86558074587923e-322,3,1,MIP
3039,86.366660300000007,133.95163592558285,true,3.2139098229866798,true,3.2065417183904352,28676,2194,2.86558074587923e-322,3,1,MIP
3040,86.366845100000006,133.95186276258286,true,3.2139098229866798,true,3.206545938354139,28677,2193,2.86558074587923e-322,3,1,MIP
3041,86.369564600000004,133.9560971440475,true,3.2139098229866798,true,3.2065469973114045,28678,2194,2.86558074587923e-322,3,1,MIP
3042,86.370075700000001,133.95696669386044,true,3.2139098229866798,true,3.2065496697361056,28679,2195,2.86558074587923e-322,3,1,MIP
3043,86.385181000000003,133.97914200796038,true,3.2139098229866798,true,3.2065504947971002,28686,2194,2.86558074587923e-322,3,1,MIP
3044,86.393049000000005,133.98945446688867,true,3.2139098229866798,true,3.206551893585321,28696,2194,2.86558074587923e-322,3,1,MIP
3045,86.4024742,134.00237610688157,true,3.2139098229866798,true,3.206561634835372,28710,2198,2.86558074587923e-322,3,1,MIP
3046,86.414047699999998,134.01700404217462,true,3.2139098229866798,true,3.2065684433116948,28725,2204,2.86558074587923e-322,3,1,MIP
3047,86.419596499999997,134.02529906088768,true,3.2139098229866798,true,3.2065742448219248,28735,2203,2.86558074587923e-322,3,1,MIP
3048,86.420143999999993,134.02608096547479,true,3.2139098229866798,true,3.2065855760792727,28736,2202,2.86558074587923e-322,3,1,MIP
3049,86.422700800000001,134.03038939277701,true,3.2139098229866798,true,3.2065866989872487,28737,2202,2.86558074587923e-322,3,1,MIP
3050,86.422906499999996,134.03071159568137,true,3.2139098229866798,true,3.2065919067670592,28738,2201,2.86558074587923e-322,3,1,MIP
3051,86.425119199999997,134.0341250849755,true,3.2139098229866798,true,3.2066012403625077,28740,2199,2.86558074587923e-322,3,1,MIP
3052,86.429040499999999,134.04025021710098,true,3.2139098229866798,true,3.2066024639970303,28741,2199,2.86558074587923e-322,3,1,MIP
3053,86.429327700000002,134.04067473432752,true,3.2139098229866798,true,3.2066025796699962,28742,2200,2.86558074587923e-322,3,1,MIP
3054,86.438946799999997,134.05468752284881,true,3.2139098229866798,true,3.2066039240789466,28751,2198,2.86558074587923e-322,3,1,MIP
3055,86.439112199999997,134.05502539055374,true,3.2139098229866798,true,3.2066039360540546,28752,2197,2.86558074587923e-322,3,1,MIP
3056,86.441028099999997,134.05762003325191,true,3.2139098229866798,true,3.2066081203103822,28755,2196,2.86558074587923e-322,3,1,MIP
3057,86.442800399999996,134.06008223947083,true,3.2139098229866798,true,3.2066146696850133,28758,2195,2.86558074587923e-322,3,1,MIP
3058,86.447302199999996,134.06576790352358,true,3.2139098229866798,true,3.2066165754354086,28761,2196,2.86558074587923e-322,3,1,MIP
3059,86.456202500000003,134.07907565875414,true,3.2139098229866798,true,3.2066237531235968,28774,2195,2.86558074587923e-322,3,1,MIP
3060,86.467010900000005,134.09744580808314,true,3.2139098229866798,true,3.2066270230293394,28775,2194,2.86558074587923e-322,3,1,MIP
3061,86.469446599999998,134.10081277860837,true,3.2139098229866798,true,3.2066315984220211,28776,2195,2.86558074587923e-322,3,1,MIP
3062,86.469841200000005,134.10133756532591,true,3.2139098229866798,true,3.2066348106430964,28777,2196,2.86558074587923e-322,3,1,MIP
3063,86.473953300000005,134.10734336542288,true,3.2139098229866798,true,3.2066361214680716,28782,2191,2.86558074587923e-322,3,1,MIP
3064,86.4768507,134.11070339932323,true,3.2139098229866798,true,3.2066394056864684,28783,2192,2.86558074587923e-322,3,1,MIP
3065,86.512887500000005,134.15602230054648,true,3.2139098229866798,true,3.206639865343603,28829,2196,2.86558074587923e-322,3,1,MIP
3066,86.520650700000004,134.16786302541811,true,3.2139098229866798,true,3.2066407114888813,28841,2201,2.86558074587923e-322,3,1,MIP
3067,86.527625099999995,134.17730187751548,true,3.2139098229866798,true,3.2066474419888267,28857,2203,2.86558074587923e-322,3,1,MIP
3068,86.536100200000007,134.18789092303169,true,3.2139098229866798,true,3.2066486788387203,28873,2201,2.86558074587923e-322,3,1,MIP
3069,86.539321200000003,134.19217245581311,true,3.2139098229866798,true,3.2066510951921616,28877,2199,2.86558074587923e-322,3,1,MIP
3070,86.544942699999993,134.20040448506265,true,3.2139098229866798,true,3.2066556838082492,28880,2198,2.86558074587923e-322,3,1,MIP
3071,86.546241100000003,134.20240038319895,true,3.2139098229866798,true,3.2066739820160848,28881,2199,2.86558074587923e-322,3,1,MIP
3072,86.552409800000007,134.21197721568728,true,3.2139098229866798,true,3.2066798911214889,28890,2197,2.86558074587923e-322,3,1,MIP
3073,86.559733300000005,134.2238407557449,true,3.2139098229866798,true,3.2066896121524109,28893,2194,2.86558074587923e-322,3,1,MIP
3074,86.561701999999997,134.22653392432289,true,3.2139098229866798,true,3.2066950309044717,28894,2195,2.86558074587923e-322,3,1,MIP
3075,86.562233500000005,134.2273066229543,true,3.2139098229866798,true,3.2067022127278406,28895,2196,2.86558074587923e-322,3,1,MIP
3076,86.615758200000002,134.30244146252372,true,3.2139098229866798,true,3.2067070490816496,28933,2198,2.86558074587923e-322,3,1,MIP
3077,86.616718399999996,134.30374830307812,true,3.2139098229866798,true,3.2067078110642973,28934,2197,2.86558074587923e-322,3,1,MIP
3078,86.618492399999994,134.30630212259967,true,3.2139098229866798,true,3.2067081427460762,28935,2197,2.86558074587923e-322,3,1,MIP
3079,86.618805499999993,134.30676505906635,true,3.2139098229866798,true,3.2067083065291646,28936,2198,2.86558074587923e-322,3,1,MIP
3080,86.621315100000004,134.31032025990888,true,3.2139098229866798,true,3.2067111430466237,28940,2195,2.86558074587923e-322,3,1,MIP
3081,86.622803700000006,134.31222371326629,true,3.2139098229866798,true,3.2067157987670636,28942,2195,2.86558074587923e-322,3,1,MIP
3082,86.638541500000002,134.33923519482957,true,3.2139098229866798,true,3.2067186077986056,28945,2194,2.86558074587923e-322,3,1,MIP
3083,86.649299099999993,134.35515859189027,true,3.2139098229866798,true,3.206720572602177,28956,2192,2.86558074587923e-322,3,1,MIP
3084,86.665440399999994,134.37713307637293,true,3.2139098229866798,true,3.2067269748368843,28971,2192,2.86558074587923e-322,3,1,MIP
3085,86.685233299999993,134.40729738415232,true,3.2139098229866798,true,3.2067352391962407,28981,2193,2.86558074587923e-322,3,1,MIP
3086,86.704404499999995,134.4368906893238,true,3.2139098229866798,true,3.2067379177720974,28989,2189,2.86558074587923e-322,3,1,MIP
3087,86.706531299999995,134.44086316583684,true,3.2139098229866798,true,3.2067434450362504,28990,2188,2.86558074587923e-322,3,1,MIP
3088,86.728308600000005,134.48131517039403,true,3.2139098229866798,true,3.2067477904932638,28992,2188,2.86558074587923e-322,3,1,MIP
3089,86.728572900000003,134.48172345062079,true,3.2139098229866798,true,3.2067518128775183,28993,2187,2.86558074587923e-322,3,1,MIP
3090,86.731431599999993,134.48542474925841,true,3.2139098229866798,true,3.206761019774353,28996,2186,2.86558074587923e-322,3,1,MIP
3091,86.792818999999994,134.56616626188071,true,3.2139098229866798,true,3.2067682282803345,29034,2191,2.86558074587923e-322,3,1,MIP
3092,86.8396434,134.63176944834879,true,3.2139098229866798,true,3.2067760959900795,29066,2191,2.86558074587923e-322,3,1,MIP
3093,86.8471993,134.64170437480732,true,3.2139098229866798,true,3.2067772278766604,29076,2191,2.86558074587923e-322,3,1,MIP
3094,86.853116600000007,134.65022931281933,true,3.2139098229866798,true,3.2067828687353517,29087,2190,2.86558074587923e-322,3,1,MIP
3095,86.871639000000002,134.67613942783953,true,3.2139098229866798,true,3.2067975852086494,29107,2192,2.86558074587923e-322,3,1,MIP
3096,86.906044699999995,134.73575022313025,true,3.2139098229866798,true,3.2067983469766501,29122,2189,2.86558074587923e-322,3,1,MIP
3097,86.906660599999995,134.73660410840372,true,3.2139098229866798,true,3.2067993283012997,29123,2188,2.86558074587923e-322,3,1,MIP
3098,86.908129599999995,134.73847540263671,true,3.2139098229866798,true,3.2068053808583445,29124,2189,2.86558074587923e-322,3,1,MIP
3099,86.908572599999999,134.73900260091855,true,3.2139098229866798,true,3.2068057342638596,29125,2190,2.86558074587923e-322,3,1,MIP
3100,86.919166599999997,134.75364867675239,true,3.2139098229866798,true,3.2068079778435812,29140,2192,2.86558074587923e-322,3,1,MIP
3101,86.932372200000003,134.773373915533,true,3.2139098229866798,true,3.2068157734571607,29151,2193,2.86558074587923e-322,3,1,MIP
3102,86.932778299999995,134.77389986457985,true,3.2139098229866798,true,3.2068164481125132,29152,2194,2.86558074587923e-322,3,1,MIP
3103,86.950613000000004,134.79892522202672,true,3.2139098229866798,true,3.2068177853783935,29164,2196,2.86558074587923e-322,3,1,MIP
3104,86.957874000000004,134.80874786797577,true,3.2139098229866798,true,3.2068231237794351,29172,2197,2.86558074587923e-322,3,1,MIP
3105,86.9754018,134.83308267697259,true,3.2139098229866798,true,3.2068235339091138,29207,2197,2.86558074587923e-322,3,1,MIP
3106,86.993099900000004,134.85838735290545,true,3.2139098229866798,true,3.20682360044023,29231,2195,2.86558074587923e-322,3,1,MIP
3107,87.002845800000003,134.87097709500202,true,3.2139098229866798,true,3.206823653919388,29240,2195,2.86558074587923e-322,3,1,MIP
3108,87.012832599999996,134.88628091950645,true,3.2139098229866798,true,3.2068283711329117,29250,2193,2.86558074587923e-322,3,1,MIP
3109,87.017926799999998,134.89311910815002,true,3.2139098229866798,true,3.2068373679521835,29253,2194,2.86558074587923e-322,3,1,MIP
3110,87.024648299999996,134.90282296495866,true,3.2139098229866798,true,3.2068380303138388,29260,2191,2.86558074587923e-322,3,1,MIP
3111,87.025047400000005,134.90354127661047,true,3.2139098229866798,true,3.206844109185937,29261,2192,2.86558074587923e-322,3,1,MIP
3112,87.030562599999996,134.9106478782866,true,3.2139098229866798,true,3.2068561384862027,29268,2187,2.86558074587923e-322,3,1,MIP
3113,87.030910800000001,134.91110782478671,true,3.2139098229866798,true,3.2068597822157452,29269,2188,2.86558074587923e-322,3,1,MIP
3114,87.035445899999999,134.91754167933732,true,3.2139098229866798,true,3.2068604727910959,29277,2187,2.86558074587923e-322,3,1,MIP
3115,87.043999299999996,134.92867000186249,true,3.2139098229866798,true,3.2068604990502516,29286,2186,2.86558074587923e-322,3,1,MIP
3116,87.066000599999995,134.95981993375858,true,3.2139098229866798,true,3.2068620159428032,29306,2185,2.86558074587923e-322,3,1,MIP
3117,87.068220499999995,134.963345621569,true,3.2139098229866798,true,3.2068771003135415,29307,2184,2.86558074587923e-322,3,1,MIP
3118,87.071418399999999,134.96704231182005,true,3.2139098229866798,true,3.206884164748379,29308,2185,2.86558074587923e-322,3,1,MIP
3119,87.072097799999995,134.96784577786522,true,3.2139098229866798,true,3.2068846526820609,29309,2186,2.86558074587923e-322,3,1,MIP
3120,87.095198199999999,134.99940772747689,true,3.2139098229866798,true,3.2068847748620311,29336,2187,2.86558074587923e-322,3,1,MIP
3121,87.117934199999993,135.02931395796654,true,3.2139098229866798,true,3.2068960650532188,29360,2183,2.86558074587923e-322,3,1,MIP
3122,87.118813700000004,135.03061001776194,true,3.2139098229866798,true,3.2069015262586831,29361,2183,2.86558074587923e-322,3,1,MIP
3123,87.124876200000003,135.04005673728241,true,3.2139098229866798,true,3.2069044078512206,29367,2183,2.86558074587923e-322,3,1,MIP
3124,87.130993599999996,135.04939527231238,true,3.2139098229866798,true,3.2069127322945508,29375,2182,2.86558074587923e-322,3,1,MIP
3125,87.1428346,135.06916461608452,true,3.2139098229866798,true,3.2069141454579615,29383,2180,2.86558074587923e-322,3,1,MIP
3126,87.146294800000007,135.0736763427642,true,3.2139098229866798,true,3.2069172943200308,29388,2181,2.86558074587923e-322,3,1,MIP
3127,87.159251499999996,135.0965225910216,true,3.2139098229866798,true,3.2069174643492602,29399,2181,2.86558074587923e-322,3,1,MIP
3128,87.1600076,135.09763227101388,true,3.2139098229866798,true,3.2069205766017368,29400,2180,2.86558074587923e-322,3,1,MIP
3129,87.1606965,135.09865680712775,true,3.2139098229866798,true,3.2069280168969985,29401,2179,2.86558074587923e-322,3,1,MIP
3130,87.1623108,135.10076409337961,true,3.2139098229866798,true,3.2069326139775156,29402,2180,2.86558074587923e-322,3,1,MIP
3131,87.162743800000001,135.10132763391877,true,3.2139098229866798,true,3.2069386054006364,29403,2181,2.86558074587923e-322,3,1,MIP
3132,87.167890900000003,135.10754519070301,true,3.2139098229866798,true,3.2069422864751216,29408,2178,2.86558074587923e-322,3,1,MIP
3133,87.168879500000003,135.10885169219245,true,3.2139098229866798,true,3.206942766946967,29409,2179,2.86558074587923e-322,3,1,MIP
3134,87.172319299999998,135.11348468532967,true,3.2139098229866798,true,3.2069495052361034,29414,2176,2.86558074587923e-322,3,1,MIP
3135,87.1726448,135.11389546826103,true,3.2139098229866798,true,3.2069516463255439,29415,2176,2.86558074587923e-322,3,1,MIP
3136,87.175776400000004,135.1184098619307,true,3.2139098229866798,true,3.2069521772676506,29421,2172,2.86558074587923e-322,3,1,MIP
3137,87.192915299999996,135.1414054890966,true,3.2139098229866798,true,3.2069559891783084,29439,2175,2.86558074587923e-322,3,1,MIP
3138,87.198498400000005,135.14884487188249,true,3.2139098229866798,true,3.2069623246054286,29447,2176,2.86558074587923e-322,3,1,MIP
3139,87.203546700000004,135.15625536448755,true,3.2139098229866798,true,3.2069644451075754,29452,2173,2.86558074587923e-322,3,1,MIP
3140,87.2039434,135.15681160961407,true,3.2139098229866798,true,3.2069669949094983,29453,2174,2.86558074587923e-322,3,1,MIP
3141,87.214975100000004,135.17153491367671,true,3.2139098229866798,true,3.2069678379649655,29466,2171,2.86558074587923e-322,3,1,MIP
3142,87.226539099999997,135.18896460325189,true,3.2139098229866798,true,3.2069719303713811,29479,2175,2.86558074587923e-322,3,1,MIP
3143,87.232833099999993,135.19805757755293,true,3.2139098229866798,true,3.2069750965645349,29488,2172,2.86558074587923e-322,3,1,MIP
3144,87.235144500000004,135.2010863918436,true,3.2139098229866798,true,3.206975286315747,29489,2172,2.86558074587923e-322,3,1,MIP
3145,87.235485199999999,135.20152897429693,true,3.2139098229866798,true,3.2069753122387579,29490,2172,2.86558074587923e-322,3,1,MIP
3146,87.247987100000003,135.2150802147527,true,3.2139098229866798,true,3.2069876599434037,29493,2173,2.86558074587923e-322,3,1,MIP
3147,87.262767499999995,135.23694341136419,true,3.2139098229866798,true,3.2070044798907378,29508,2170,2.86558074587923e-322,3,1,MIP
3148,87.264335299999999,135.23896762697979,true,3.2139098229866798,true,3.2070120998582055,29509,2171,2.86558074587923e-322,3,1,MIP
3149,87.265348799999998,135.24058240811192,true,3.2139098229866798,true,3.207016376309733,29510,2172,2.86558074587923e-322,3,1,MIP
3150,87.2713064,135.24751189493469,true,3.2139098229866798,true,3.2070193324590024,29515,2171,2.86558074587923e-322,3,1,MIP
3151,87.279284799999999,135.25818750344828,true,3.2139098229866798,true,3.2070221019342178,29530,2172,2.86558074587923e-322,3,1,MIP
3152,87.292248200000003,135.28172988869679,true,3.2139098229866798,true,3.2070267191274882,29532,2170,2.86558074587923e-322,3,1,MIP
3153,87.294263000000001,135.28479738161636,true,3.2139098229866798,true,3.2070297615482497,29533,2170,2.86558074587923e-322,3,1,MIP
3154,87.294516799999997,135.28518716620957,true,3.2139098229866798,true,3.207044336520223,29534,2169,2.86558074587923e-322,3,1,MIP
3155,87.299033600000001,135.29187539581548,true,3.2139098229866798,true,3.2070467366258453,29536,2169,2.86558074587923e-322,3,1,MIP
3156,87.2994427,135.29243540212104,true,3.2139098229866798,true,3.2070472921331876,29537,2170,2.86558074587923e-322,3,1,MIP
3157,87.312335599999997,135.31128009129168,true,3.2139098229866798,true,3.2070485167024874,29550,2169,2.86558074587923e-322,3,1,MIP
3158,87.312972799999997,135.31219487133066,true,3.2139098229866798,true,3.2070548230931246,29551,2168,2.86558074587923e-322,3,1,MIP
3159,87.316087600000003,135.3169318164606,true,3.2139098229866798,true,3.2070635496487396,29552,2168,2.86558074587923e-322,3,1,MIP
3160,87.316293099999996,135.31710474422727,true,3.2139098229866798,true,3.2070731631381078,29553,2167,2.86558074587923e-322,3,1,MIP
3161,87.320538999999997,135.32247316660795,true,3.2139098229866798,true,3.2070836667728191,29555,2169,2.86558074587923e-322,3,1,MIP
3162,87.331592200000003,135.33894140711129,true,3.2139098229866798,true,3.2070859977410748,29569,2175,2.86558074587923e-322,3,1,MIP
3163,87.3366568,135.34739765189323,true,3.2139098229866798,true,3.2070880432977491,29574,2172,2.86558074587923e-322,3,1,MIP
3164,87.353387600000005,135.36951783738655,true,3.2139098229866798,true,3.2070911388474332,29582,2171,2.86558074587923e-322,3,1,MIP
3165,87.360409899999993,135.37935986430267,true,3.2139098229866798,true,3.207092929998514,29587,2169,2.86558074587923e-322,3,1,MIP
3166,87.365307000000001,135.3849824257116,true,3.2139098229866798,true,3.2070946195611674,29589,2169,2.86558074587923e-322,3,1,MIP
3167,87.366219900000004,135.38634869696321,true,3.2139098229866798,true,3.2070977482650393,29590,2168,2.86558074587923e-322,3,1,MIP
3168,87.370858900000002,135.39212078918254,true,3.2139098229866798,true,3.2071014283391972,29593,2166,2.86558074587923e-322,3,1,MIP
3169,87.374075700000006,135.39667306162011,true,3.2139098229866798,true,3.2071034157946334,29595,2166,2.86558074587923e-322,3,1,MIP
3170,87.374479199999996,135.39721163710024,true,3.2139098229866798,true,3.2071079680131604,29596,2166,2.86558074587923e-322,3,1,MIP
3171,87.378427900000005,135.40294780979056,true,3.2139098229866798,true,3.2071134159439452,29600,2164,2.86558074587923e-322,3,1,MIP
3172,87.384093500000006,135.41013716212495,true,3.2139098229866798,true,3.2071223008494902,29603,2165,2.86558074587923e-322,3,1,MIP
3173,87.391754199999994,135.42160478477894,true,3.2139098229866798,true,3.2071351913721555,29617,2166,2.86558074587923e-322,3,1,MIP
3174,87.395803099999995,135.42749247477659,true,3.2139098229866798,true,3.2071430976510733,29620,2167,2.86558074587923e-322,3,1,MIP
3175,87.446527399999994,135.51363744682232,true,3.2139098229866798,true,3.2071670182214969,29637,2171,2.86558074587923e-322,3,1,MIP
3176,87.4482438,135.51618769236956,true,3.2139098229866798,true,3.2071761697126333,29638,2172,2.86558074587923e-322,3,1,MIP
3177,87.456997400000006,135.53144648999944,true,3.2139098229866798,true,3.2071810510261449,29643,2169,2.86558074587923e-322,3,1,MIP
3178,87.460653199999996,135.53706110731645,true,3.2139098229866798,true,3.2071832684595094,29646,2168,2.86558074587923e-322,3,1,MIP
3179,87.465299299999998,135.54187477897153,true,3.2139098229866798,true,3.2071838796133094,29651,2167,2.86558074587923e-322,3,1,MIP
3180,87.467206899999994,135.54417733253698,true,3.2139098229866798,true,3.2071869930114945,29653,2167,2.86558074587923e-322,3,1,MIP
3181,87.468995500000005,135.54706820220059,true,3.2139098229866798,true,3.2071878112254169,29654,2168,2.86558074587923e-322,3,1,MIP
3182,87.480589199999997,135.56398067368463,true,3.2139098229866798,true,3.2071906862138624,29664,2166,2.86558074587923e-322,3,1,MIP
3183,87.480724499999994,135.5642441849235,true,3.2139098229866798,true,3.2071915665497475,29665,2165,2.86558074587923e-322,3,1,MIP
3184,87.483449699999994,135.5675672731131,true,3.2139098229866798,true,3.2071917882833576,29668,2164,2.86558074587923e-322,3,1,MIP
3185,87.483911199999994,135.56819192225493,true,3.2139098229866798,true,3.207192940365303,29669,2164,2.86558074587923e-322,3,1,MIP
3186,87.4876304,135.57344603026166,true,3.2139098229866798,true,3.2071983721941204,29673,2163,2.86558074587923e-322,3,1,MIP
3187,87.490376999999995,135.57728208934756,true,3.2139098229866798,true,3.2071984305961596,29677,2162,2.86558074587923e-322,3,1,MIP
3188,87.504219000000006,135.60283403539847,true,3.2139098229866798,true,3.2072101575417538,29681,2158,2.86558074587923e-322,3,1,MIP
3189,87.504960400000002,135.60381366253853,true,3.2139098229866798,true,3.2072194790642805,29682,2157,2.86558074587923e-322,3,1,MIP
3190,87.506614299999995,135.60589836564364,true,3.2139098229866798,true,3.2072195659363572,29683,2156,2.86558074587923e-322,3,1,MIP
3191,87.509590099999997,135.6095240423171,true,3.2139098229866798,true,3.2072241487586353,29685,2154,2.86558074587923e-322,3,1,MIP
3192,87.513323700000001,135.61339388224579,true,3.2139098229866798,true,3.2072293294460783,29686,2155,2.86558074587923e-322,3,1,MIP
3193,87.513879000000003,135.61418297015018,true,3.2139098229866798,true,3.2072327346169196,29687,2156,2.86558074587923e-322,3,1,MIP
3194,87.522557300000003,135.62777389986422,true,3.2139098229866798,true,3.2072331237694085,29695,2154,2.86558074587923e-322,3,1,MIP
3195,87.5232575,135.62888709271078,true,3.2139098229866798,true,3.2072444344793913,29696,2155,2.86558074587923e-322,3,1,MIP
3196,87.525665700000005,135.63195192132494,true,3.2139098229866798,true,3.2072472290198721,29701,2150,2.86558074587923e-322,3,1,MIP
3197,87.5270759,135.6339260518512,true,3.2139098229866798,true,3.207250376938783,29702,2151,2.86558074587923e-322,3,1,MIP
3198,87.527515500000007,135.63458727659474,true,3.2139098229866798,true,3.207250472190557,29703,2152,2.86558074587923e-322,3,1,MIP
3199,87.533145599999997,135.64368200948897,true,3.2139098229866798,true,3.2072516419349624,29713,2150,2.86558074587923e-322,3,1,MIP
3200,87.5333471,135.64392169248896,true,3.2139098229866798,true,3.2072562450764996,29714,2149,2.86558074587923e-322,3,1,MIP
3201,87.546221099999997,135.66096440715404,true,3.2139098229866798,true,3.2072629451108483,29722,2149,2.86558074587923e-322,3,1,MIP
3202,87.547723000000005,135.66333518673858,true,3.2139098229866798,true,3.2072885164062797,29723,2150,2.86558074587923e-322,3,1,MIP
3203,87.556783699999997,135.67648110352303,true,3.2139098229866798,true,3.2072886806542833,29731,2147,2.86558074587923e-322,3,1,MIP
3204,87.557212699999994,135.67699443487274,true,3.2139098229866798,true,3.2072975215567099,29732,2148,2.86558074587923e-322,3,1,MIP
3205,87.562845800000005,135.68559736795521,true,3.2139098229866798,true,3.2073129919975689,29738,2148,2.86558074587923e-322,3,1,MIP
3206,87.568216899999996,135.69348802479212,true,3.2139098229866798,true,3.2073307740468753,29744,2145,2.86558074587923e-322,3,1,MIP
3207,87.573348800000005,135.69966947781313,true,3.2139098229866798,true,3.2073340568002835,29751,2145,2.86558074587923e-322,3,1,MIP
3208,87.592445400000003,135.72922719276278,true,3.2139098229866798,true,3.2073355712370448,29766,2143,2.86558074587923e-322,3,1,MIP
3209,87.5929498,135.72994975345287,true,3.2139098229866798,true,3.207341263961494,29767,2142,2.86558074587923e-322,3,1,MIP
3210,87.597696299999996,135.73704009796242,true,3.2139098229866798,true,3.2073435803200354,29773,2143,2.86558074587923e-322,3,1,MIP
3211,87.611332099999998,135.75632048253794,true,3.2139098229866798,true,3.2073637898822311,29785,2142,2.86558074587923e-322,3,1,MIP
3212,87.617562000000007,135.76508216267339,true,3.2139098229866798,true,3.207364726582361,29793,2141,2.86558074587923e-322,3,1,MIP
3213,87.6231334,135.77390306184634,true,3.2139098229866798,true,3.2073796421213023,29800,2137,2.86558074587923e-322,3,1,MIP
3214,87.623225700000006,135.77407645503331,true,3.2139098229866798,true,3.2073857031696051,29801,2136,2.86558074587923e-322,3,1,MIP
3215,87.627375400000005,135.78034401175668,true,3.2139098229866798,true,3.2073898082028585,29803,2136,2.86558074587923e-322,3,1,MIP
3216,87.627564500000005,135.78059125079594,true,3.2139098229866798,true,3.2073960294122146,29804,2135,2.86558074587923e-322,3,1,MIP
3217,87.631023799999994,135.78549931552374,true,3.2139098229866798,true,3.2074080092001762,29811,2135,2.86558074587923e-322,3,1,MIP
3218,87.634873999999996,135.79029620022018,true,3.2139098229866798,true,3.2074159166260685,29815,2132,2.86558074587923e-322,3,1,MIP
3219,87.640536299999994,135.79983708852794,true,3.2139098229866798,true,3.2074200812920717,29817,2132,2.86558074587923e-322,3,1,MIP
3220,87.646776299999999,135.80955323423146,true,3.2139098229866798,true,3.2074217110755368,29825,2128,2.86558074587923e-322,3,1,MIP
3221,87.646955199999994,135.80974635923147,true,3.2139098229866798,true,3.2074272605720902,29826,2127,2.86558074587923e-322,3,1,MIP
3222,87.648294300000003,135.81152461718651,true,3.2139098229866798,true,3.2074335723016869,29827,2128,2.86558074587923e-322,3,1,MIP
3223,87.649171199999998,135.81249627204008,true,3.2139098229866798,true,3.2074367561325818,29828,2129,2.86558074587923e-322,3,1,MIP
3224,87.658364899999995,135.82537610032443,true,3.2139098229866798,true,3.2074405665203671,29840,2132,2.86558074587923e-322,3,1,MIP
3225,87.664859300000003,135.83356258686459,true,3.2139098229866798,true,3.207443753312277,29851,2133,2.86558074587923e-322,3,1,MIP
3226,87.669374700000006,135.83987093215848,true,3.2139098229866798,true,3.2074530955968106,29861,2133,2.86558074587923e-322,3,1,MIP
3227,87.676524299999997,135.85142012103222,true,3.2139098229866798,true,3.2074618945469053,29872,2131,2.86558074587923e-322,3,1,MIP
3228,87.679697399999995,135.85590340530004,true,3.2139098229866798,true,3.2074701742010356,29873,2132,2.86558074587923e-322,3,1,MIP
3229,87.680374700000002,135.85658579187785,true,3.2139098229866798,true,3.2074786286226691,29874,2133,2.86558074587923e-322,3,1,MIP
3230,87.688088100000002,135.86864483123696,true,3.2139098229866798,true,3.2074849143928557,29881,2128,2.86558074587923e-322,3,1,MIP
3231,87.688917799999999,135.87003572506183,true,3.2139098229866798,true,3.2074855890637903,29882,2127,2.86558074587923e-322,3,1,MIP
3232,87.692185699999996,135.8733937304489,true,3.2139098229866798,true,3.2074925595168997,29883,2128,2.86558074587923e-322,3,1,MIP
3233,87.692672099999996,135.87410991774473,true,3.2139098229866798,true,3.2074992458153315,29884,2129,2.86558074587923e-322,3,1,MIP
3234,87.698853099999994,135.87985422710045,true,3.2139098229866798,true,3.2075026731491469,29891,2130,2.86558074587923e-322,3,1,MIP
3235,87.724591099999998,135.91535901301839,true,3.2139098229866798,true,3.2075055949077127,29917,2130,2.86558074587923e-322,3,1,MIP
3236,87.734910299999996,135.93082207484326,true,3.2139098229866798,true,3.2075096339272147,29930,2127,2.86558074587923e-322,3,1,MIP
3237,87.736235500000006,135.9326400230922,true,3.2139098229866798,true,3.2075110817212829,29931,2128,2.86558074587923e-322,3,1,MIP
3238,87.736621700000001,135.93326573560853,true,3.2139098229866798,true,3.2075122776899181,29932,2128,2.86558074587923e-322,3,1,MIP
3239,87.743056699999997,135.94281340927978,true,3.2139098229866798,true,3.2075219977519245,29941,2125,2.86558074587923e-322,3,1,MIP
3240,87.746592100000001,135.94769520821936,true,3.2139098229866798,true,3.2075221028266325,29943,2123,2.86558074587923e-322,3,1,MIP
3241,87.747575100000006,135.94931960773607,true,3.2139098229866798,true,3.207522228215935,29944,2122,2.86558074587923e-322,3,1,MIP
3242,87.748227600000007,135.95031221246347,true,3.2139098229866798,true,3.2075265953921801,29945,2121,2.86558074587923e-322,3,1,MIP
3243,87.7488046,135.95114940697647,true,3.2139098229866798,true,3.2075270709577044,29946,2120,2.86558074587923e-322,3,1,MIP
3244,87.752261300000001,135.95574853025192,true,3.2139098229866798,true,3.2075283167213335,29947,2121,2.86558074587923e-322,3,1,MIP
3245,87.754058099999995,135.95886958048197,true,3.2139098229866798,true,3.2075283191114314,29948,2122,2.86558074587923e-322,3,1,MIP
3246,87.754099100000005,135.95891670148197,true,3.2139098229866798,true,3.2075379014648493,29949,2121,2.86558074587923e-322,3,1,MIP
3247,87.757528600000001,135.96394494081213,true,3.2139098229866798,true,3.2075449375864906,29953,2121,2.86558074587923e-322,3,1,MIP
3248,87.763204700000003,135.97144402925414,true,3.2139098229866798,true,3.2075520347924038,29965,2121,2.86558074587923e-322,3,1,MIP
3249,87.763566499999996,135.97202773029221,true,3.2139098229866798,true,3.2075551342917432,29966,2122,2.86558074587923e-322,3,1,MIP
3250,87.7677829,135.97654718758767,true,3.2139098229866798,true,3.2075622301224893,29970,2120,2.86558074587923e-322,3,1,MIP
3251,87.7686305,135.9776584905664,true,3.2139098229866798,true,3.2075772665933444,29971,2121,2.86558074587923e-322,3,1,MIP
3252,87.7797202,135.99166862916323,true,3.2139098229866798,true,3.2075788071749223,29990,2120,2.86558074587923e-322,3,1,MIP
3253,87.797446500000007,136.01868407259821,true,3.2139098229866798,true,3.2075799877767306,30001,2119,2.86558074587923e-322,3,1,MIP
3254,87.8340192,136.0711641540839,true,3.2139098229866798,true,3.2075876540770043,30043,2122,2.86558074587923e-322,3,1,MIP
3255,87.835708800000006,136.07310826729608,true,3.2139098229866798,true,3.207601343118919,30044,2123,2.86558074587923e-322,3,1,MIP
3256,87.840159400000005,136.07896331080642,true,3.2139098229866798,true,3.2076070019567617,30052,2125,2.86558074587923e-322,3,1,MIP
3257,87.849041400000004,136.09151555517983,true,3.2139098229866798,true,3.2076081650533239,30061,2122,2.86558074587923e-322,3,1,MIP
3258,87.849884500000002,136.09269512851409,true,3.2139098229866798,true,3.2076100245310983,30062,2121,2.86558074587923e-322,3,1,MIP
3259,87.851213200000004,136.09410145659155,true,3.2139098229866798,true,3.207619453904158,30063,2120,2.86558074587923e-322,3,1,MIP
3260,87.863255800000005,136.11442695908707,true,3.2139098229866798,true,3.2076243155275321,30064,2121,2.86558074587923e-322,3,1,MIP
3261,87.864359399999998,136.11619221404953,true,3.2139098229866798,true,3.2076272337649301,30065,2122,2.86558074587923e-322,3,1,MIP
3262,87.876271700000004,136.13343512632241,true,3.2139098229866798,true,3.2076286928769684,30072,2121,2.86558074587923e-322,3,1,MIP
3263,87.879003499999996,136.13756045014574,true,3.2139098229866798,true,3.2076313015825089,30077,2116,2.86558074587923e-322,3,1,MIP
3264,87.884515300000004,136.14632809387163,true,3.2139098229866798,true,3.2076355461103869,30078,2115,2.86558074587923e-322,3,1,MIP
3265,87.885490500000003,136.14788886856513,true,3.2139098229866798,true,3.2076497236210368,30079,2114,2.86558074587923e-322,3,1,MIP
3266,87.8869471,136.15030371394906,true,3.2139098229866798,true,3.2076588375615875,30080,2113,2.86558074587923e-322,3,1,MIP
3267,87.892066700000001,136.15738604105294,true,3.2139098229866798,true,3.2076672683061034,30081,2114,2.86558074587923e-322,3,1,MIP
3268,87.904608899999999,136.17448762886127,true,3.2139098229866798,true,3.2076720154106892,30096,2118,2.86558074587923e-322,3,1,MIP
3269,87.909721500000003,136.18186777590435,true,3.2139098229866798,true,3.2076751317802206,30108,2115,2.86558074587923e-322,3,1,MIP
3270,87.912974199999994,136.18509709187592,true,3.2139098229866798,true,3.2076759484693635,30109,2116,2.86558074587923e-322,3,1,MIP
3271,87.913883299999995,136.18593114174971,true,3.2139098229866798,true,3.2076831364472804,30110,2117,2.86558074587923e-322,3,1,MIP
3272,87.928366800000006,136.21084028185291,true,3.2139098229866798,true,3.2076859125349979,30115,2112,2.86558074587923e-322,3,1,MIP
3273,87.929919100000006,136.21331181884835,true,3.2139098229866798,true,3.2076860997801111,30116,2111,2.86558074587923e-322,3,1,MIP
3274,87.931217599999997,136.21493986402726,true,3.2139098229866798,true,3.207687855698814,30117,2112,2.86558074587923e-322,3,1,MIP
3275,87.931510900000006,136.21536081170851,true,3.2139098229866798,true,3.2076901529850823,30118,2112,2.86558074587923e-322,3,1,MIP
3276,87.937574999999995,136.22446210610738,true,3.2139098229866798,true,3.2077027375015112,30126,2111,2.86558074587923e-322,3,1,MIP
3277,87.946790800000002,136.23787757596739,true,3.2139098229866798,true,3.2077112964056727,30136,2110,2.86558074587923e-322,3,1,MIP
3278,87.948620599999998,136.24083805536679,true,3.2139098229866798,true,3.2077297532832683,30137,2111,2.86558074587923e-322,3,1,MIP
3279,87.954418799999999,136.24883577463169,true,3.2139098229866798,true,3.2077300107525639,30148,2106,2.86558074587923e-322,3,1,MIP
3280,87.954715800000002,136.24920237363168,true,3.2139098229866798,true,3.2077324575367028,30149,2105,2.86558074587923e-322,3,1,MIP
3281,87.955702900000006,136.25087441629955,true,3.2139098229866798,true,3.2077357623677472,30150,2104,2.86558074587923e-322,3,1,MIP
3282,87.956539199999995,136.25185100592546,true,3.2139098229866798,true,3.2077361070284955,30151,2103,2.86558074587923e-322,3,1,MIP
3283,87.958173500000001,136.25423021851324,true,3.2139098229866798,true,3.2077362509859499,30152,2102,2.86558074587923e-322,3,1,MIP
3284,87.9617468,136.25784138708099,true,3.2139098229866798,true,3.2077418162602758,30153,2103,2.86558074587923e-322,3,1,MIP
3285,87.96275,136.25916761508876,true,3.2139098229866798,true,3.2077419130636446,30154,2102,2.86558074587923e-322,3,1,MIP
3286,87.966968499999993,136.26580923101858,true,3.2139098229866798,true,3.2077554911570019,30157,2103,2.86558074587923e-322,3,1,MIP
3287,87.971517300000002,136.27231865087768,true,3.2139098229866798,true,3.207768737850742,30164,2102,2.86558074587923e-322,3,1,MIP
3288,87.973698200000001,136.27550896880129,true,3.2139098229866798,true,3.2077712945970651,30169,2097,2.86558074587923e-322,3,1,MIP
3289,87.975134299999993,136.27724884971283,true,3.2139098229866798,true,3.2077753897369221,30170,2097,2.86558074587923e-322,3,1,MIP
3290,87.975178499999998,136.27729290971286,true,3.2139098229866798,true,3.2077771151303476,30171,2096,2.86558074587923e-322,3,1,MIP
3291,87.992235100000002,136.29971155505294,true,3.2139098229866798,true,3.2077778881431973,30190,2095,2.86558074587923e-322,3,1,MIP
3292,87.996874599999998,136.30553190760554,true,3.2139098229866798,true,3.2077812052966959,30195,2094,2.86558074587923e-322,3,1,MIP
3293,87.997405900000004,136.30623334558476,true,3.2139098229866798,true,3.2077833101246873,30196,2094,2.86558074587923e-322,3,1,MIP
3294,88.002219600000004,136.31306763655132,true,3.2139098229866798,true,3.2077866931968013,30202,2094,2.86558074587923e-322,3,1,MIP
3295,88.008210099999999,136.32253474866192,true,3.2139098229866798,true,3.2077875550921449,30212,2089,2.86558074587923e-322,3,1,MIP
3296,88.008777899999998,136.32331057699227,true,3.2139098229866798,true,3.2077937785653248,30213,2088,2.86558074587923e-322,3,1,MIP
3297,88.009408500000006,136.32430163905545,true,3.2139098229866798,true,3.2077959448673932,30214,2087,2.86558074587923e-322,3,1,MIP
3298,88.010356599999994,136.32587437074639,true,3.2139098229866798,true,3.2077990498534552,30215,2086,2.86558074587923e-322,3,1,MIP
3299,88.0131777,136.32921070746622,true,3.2139098229866798,true,3.2078062102118432,30216,2087,2.86558074587923e-322,3,1,MIP
3300,88.015028799999996,136.33197877747781,true,3.2139098229866798,true,3.2078143053533132,30217,2088,2.86558074587923e-322,3,1,MIP
3301,88.024803899999995,136.34658520434991,true,3.2139098229866798,true,3.2078145161339569,30232,2089,2.86558074587923e-322,3,1,MIP
3302,88.026144200000005,136.34853690178724,true,3.2139098229866798,true,3.2078166107277277,30233,2088,2.86558074587923e-322,3,1,MIP
3303,88.029410400000003,136.35235931275488,true,3.2139098229866798,true,3.2078235887527131,30235,2090,2.86558074587923e-322,3,1,MIP
3304,88.043137400000006,136.3711574574663,true,3.2139098229866798,true,3.2078247247600347,30250,2095,2.86558074587923e-322,3,1,MIP
3305,88.047990499999997,136.37815659816266,true,3.2139098229866798,true,3.207825202830263,30253,2096,2.86558074587923e-322,3,1,MIP
3306,88.058421600000003,136.39279631966824,true,3.2139098229866798,true,3.2078275606990259,30262,2094,2.86558074587923e-322,3,1,MIP
3307,88.082568699999996,136.42399238318526,true,3.2139098229866798,true,3.2078334762754883,30283,2098,2.86558074587923e-322,3,1,MIP
3308,88.085029800000001,136.42741811509606,true,3.2139098229866798,true,3.2078335009773515,30288,2093,2.86558074587923e-322,3,1,MIP
3309,88.085668400000003,136.42831106227388,true,3.2139098229866798,true,3.2078387672840116,30289,2092,2.86558074587923e-322,3,1,MIP
3310,88.086348400000006,136.42932552134445,true,3.2139098229866798,true,3.2078425527008676,30290,2091,2.86558074587923e-322,3,1,MIP
3311,88.086896699999997,136.43010936969392,true,3.2139098229866798,true,3.2078428345906551,30291,2090,2.86558074587923e-322,3,1,MIP
3312,88.087437600000001,136.43094820706017,true,3.2139098229866798,true,3.2078471407990583,30292,2089,2.86558074587923e-322,3,1,MIP
3313,88.089983500000002,136.43563508624456,true,3.2139098229866798,true,3.207847746776932,30293,2088,2.86558074587923e-322,3,1,MIP
3314,88.091492500000001,136.43784719572781,true,3.2139098229866798,true,3.2078496618519043,30294,2089,2.86558074587923e-322,3,1,MIP
3315,88.092157700000001,136.43891011634014,true,3.2139098229866798,true,3.2078517214354392,30295,2088,2.86558074587923e-322,3,1,MIP
3316,88.093857099999994,136.4411557122103,true,3.2139098229866798,true,3.2078529149191208,30298,2085,2.86558074587923e-322,3,1,MIP
3317,88.102853999999994,136.45214526851285,true,3.2139098229866798,true,3.2078583245277983,30310,2083,2.86558074587923e-322,3,1,MIP
3318,88.104690199999993,136.45478074685184,true,3.2139098229866798,true,3.2078610645467096,30311,2082,2.86558074587923e-322,3,1,MIP
3319,88.107361800000007,136.45843462803973,true,3.2139098229866798,true,3.2078632496432551,30314,2081,2.86558074587923e-322,3,1,MIP
3320,88.107838799999996,136.45909660085371,true,3.2139098229866798,true,3.207868321684753,30315,2082,2.86558074587923e-322,3,1,MIP
3321,88.127923199999998,136.48724699080356,true,3.2139098229866798,true,3.2078734436005378,30338,2085,2.86558074587923e-322,3,1,MIP
3322,88.140013600000003,136.50527928693231,true,3.2139098229866798,true,3.2078773168038088,30356,2083,2.86558074587923e-322,3,1,MIP
3323,88.1416957,136.50834043581293,true,3.2139098229866798,true,3.2078788080834713,30357,2082,2.86558074587923e-322,3,1,MIP
3324,88.143074499999997,136.51019083069951,true,3.2139098229866798,true,3.2078815115222508,30358,2082,2.86558074587923e-322,3,1,MIP
3325,88.152956700000004,136.52251150738977,true,3.2139098229866798,true,3.2078832492673506,30365,2080,2.86558074587923e-322,3,1,MIP
3326,88.157113100000004,136.52712134142737,true,3.2139098229866798,true,3.2078872318774923,30368,2079,2.86558074587923e-322,3,1,MIP
3327,88.159807099999995,136.53125350433277,true,3.2139098229866798,true,3.2078885288815004,30371,2080,2.86558074587923e-322,3,1,MIP
3328,88.1864396,136.56760165839395,true,3.2139098229866798,true,3.2078913883888776,30400,2074,2.86558074587923e-322,3,1,MIP
3329,88.1926019,136.57606288508299,true,3.2139098229866798,true,3.2078939267157778,30404,2074,2.86558074587923e-322,3,1,MIP
3330,88.199889200000001,136.5859752158465,true,3.2139098229866798,true,3.2078942957335976,30415,2077,2.86558074587923e-322,3,1,MIP
3331,88.208669200000003,136.59897356452757,true,3.2139098229866798,true,3.207894478734445,30424,2078,2.86558074587923e-322,3,1,MIP
3332,88.216308400000003,136.61216700223306,true,3.2139098229866798,true,3.2078995496420042,30433,2073,2.86558074587923e-322,3,1,MIP
3333,88.217659900000001,136.61386526839806,true,3.2139098229866798,true,3.2079067067790716,30434,2073,2.86558074587923e-322,3,1,MIP
3334,88.217749400000002,136.61396228739807,true,3.2139098229866798,true,3.2079119047502664,30435,2072,2.86558074587923e-322,3,1,MIP
3335,88.2223422,136.61990938923387,true,3.2139098229866798,true,3.2079187028468672,30437,2072,2.86558074587923e-322,3,1,MIP
3336,88.278131900000005,136.69429772465119,true,3.2139098229866798,true,3.2079270430508706,30496,2070,2.86558074587923e-322,3,1,MIP
3337,88.279867100000004,136.6964832884907,true,3.2139098229866798,true,3.2079322149897909,30499,2067,2.86558074587923e-322,3,1,MIP
3338,88.285505599999993,136.70491973825014,true,3.2139098229866798,true,3.2079328120867623,30501,2067,2.86558074587923e-322,3,1,MIP
3339,88.291306300000002,136.71168113051513,true,3.2139098229866798,true,3.2079355461298107,30505,2065,2.86558074587923e-322,3,1,MIP
3340,88.302860999999993,136.7291341999711,true,3.2139098229866798,true,3.2079365961673263,30513,2066,2.86558074587923e-322,3,1,MIP
3341,88.312323199999994,136.7424116204985,true,3.2139098229866798,true,3.2079379989859707,30524,2062,2.86558074587923e-322,3,1,MIP
3342,88.312849400000005,136.74312717892008,true,3.2139098229866798,true,3.2079381429096068,30525,2062,2.86558074587923e-322,3,1,MIP
3343,88.318947100000003,136.75133738159042,true,3.2139098229866798,true,3.2079388399081843,30529,2062,2.86558074587923e-322,3,1,MIP
3344,88.385903999999996,136.84645704001633,true,3.2139098229866798,true,3.2079389912685503,30608,2067,2.86558074587923e-322,3,1,MIP
3345,88.386410400000003,136.84698345355847,true,3.2139098229866798,true,3.2079449028798264,30609,2068,2.86558074587923e-322,3,1,MIP
3346,88.393138899999997,136.85689265960863,true,3.2139098229866798,true,3.2079453902720192,30615,2064,2.86558074587923e-322,3,1,MIP
3347,88.394490000000005,136.85881034532423,true,3.2139098229866798,true,3.2079498525082206,30617,2062,2.86558074587923e-322,3,1,MIP
3348,88.397175399999995,136.86259335799588,true,3.2139098229866798,true,3.2079528724913478,30618,2063,2.86558074587923e-322,3,1,MIP
3349,88.397373099999996,136.86284331107152,true,3.2139098229866798,true,3.2079529395439765,30619,2062,2.86558074587923e-322,3,1,MIP
3350,88.402754400000006,136.87046773847064,true,3.2139098229866798,true,3.2079580302227013,30622,2059,2.86558074587923e-322,3,1,MIP
3351,88.405548600000003,136.87368260362027,true,3.2139098229866798,true,3.2079625106738572,30623,2060,2.86558074587923e-322,3,1,MIP
3352,88.419248499999995,136.8922823804005,true,3.2139098229866798,true,3.2079655662462438,30633,2058,2.86558074587923e-322,3,1,MIP
3353,88.437571599999998,136.91854122741779,true,3.2139098229866798,true,3.2079675056866455,30653,2062,2.86558074587923e-322,3,1,MIP
3354,88.439785499999999,136.92172335260889,true,3.2139098229866798,true,3.2079681317390403,30658,2057,2.86558074587923e-322,3,1,MIP
3355,88.440289500000006,136.92244272511084,true,3.2139098229866798,true,3.2079689650033805,30659,2056,2.86558074587923e-322,3,1,MIP
3356,88.442681899999997,136.9258292679302,true,3.2139098229866798,true,3.2079693128568616,30662,2057,2.86558074587923e-322,3,1,MIP
3357,88.450045000000003,136.93596011130319,true,3.2139098229866798,true,3.2079694741913269,30670,2056,2.86558074587923e-322,3,1,MIP
3358,88.451459999999997,136.9375912333557,true,3.2139098229866798,true,3.2079722050587973,30671,2057,2.86558074587923e-322,3,1,MIP
3359,88.457107199999996,136.94617525736916,true,3.2139098229866798,true,3.2079750644115888,30684,2054,2.86558074587923e-322,3,1,MIP
3360,88.462318600000003,136.95469258122449,true,3.2139098229866798,true,3.2079760017973338,30685,2055,2.86558074587923e-322,3,1,MIP
3361,88.463125899999994,136.95612123664202,true,3.2139098229866798,true,3.2079762920649921,30686,2054,2.86558074587923e-322,3,1,MIP
3362,88.467845800000006,136.96258063542911,true,3.2139098229866798,true,3.207979696033473,30689,2053,2.86558074587923e-322,3,1,MIP
3363,88.473815500000001,136.97083566154518,true,3.2139098229866798,true,3.2079802180422901,30700,2050,2.86558074587923e-322,3,1,MIP
3364,88.476064100000002,136.97401661906579,true,3.2139098229866798,true,3.2079822420840163,30701,2051,2.86558074587923e-322,3,1,MIP
3365,88.476116300000001,136.97407286606577,true,3.2139098229866798,true,3.2079842938608918,30702,2050,2.86558074587923e-322,3,1,MIP
3366,88.482261199999996,136.98368848252142,true,3.2139098229866798,true,3.2079851442403302,30705,2049,2.86558074587923e-322,3,1,MIP
3367,88.483513000000002,136.98577755342347,true,3.2139098229866798,true,3.2079873206632699,30706,2049,2.86558074587923e-322,3,1,MIP
3368,88.486948100000006,136.99055469201906,true,3.2139098229866798,true,3.2079876404412211,30710,2045,2.86558074587923e-322,3,1,MIP
3369,88.488368800000003,136.99249539593774,true,3.2139098229866798,true,3.2079887877686448,30711,2044,2.86558074587923e-322,3,1,MIP
3370,88.490460900000002,136.99533720748789,true,3.2139098229866798,true,3.2079890747137929,30712,2045,2.86558074587923e-322,3,1,MIP
3371,88.491125600000004,136.99602230958143,true,3.2139098229866798,true,3.2079930420527223,30713,2045,2.86558074587923e-322,3,1,MIP
3372,88.496828800000003,137.00444041780622,true,3.2139098229866798,true,3.2079933860454055,30719,2044,2.86558074587923e-322,3,1,MIP
3373,88.497236099999995,137.00499604130283,true,3.2139098229866798,true,3.2080004596082228,30720,2045,2.86558074587923e-322,3,1,MIP
3374,88.517136500000007,137.0319128333235,true,3.2139098229866798,true,3.2080033664634882,30743,2043,2.86558074587923e-322,3,1,MIP
3375,88.524947299999994,137.04373546345778,true,3.2139098229866798,true,3.208005109767416,30744,2044,2.86558074587923e-322,3,1,MIP
3376,88.527753599999997,137.0476501528785,true,3.2139098229866798,true,3.2080057420539654,30745,2043,2.86558074587923e-322,3,1,MIP
3377,88.530553699999999,137.05142124413973,true,3.2139098229866798,true,3.2080071997578141,30748,2044,2.86558074587923e-322,3,1,MIP
3378,88.5417743,137.06689163629906,true,3.2139098229866798,true,3.2080108537708556,30755,2042,2.86558074587923e-322,3,1,MIP
3379,88.545722499999997,137.07217347176766,true,3.2139098229866798,true,3.2080189638484322,30758,2039,2.86558074587923e-322,3,1,MIP
3380,88.549464700000001,137.07851878749591,true,3.2139098229866798,true,3.2080193790499756,30759,2038,2.86558074587923e-322,3,1,MIP
3381,88.551848699999994,137.0819596240315,true,3.2139098229866798,true,3.2080271232990034,30760,2039,2.86558074587923e-322,3,1,MIP
3382,88.551973500000003,137.08215148646525,true,3.2139098229866798,true,3.2080340170393908,30761,2038,2.86558074587923e-322,3,1,MIP
3383,88.553920300000001,137.08481420676148,true,3.2139098229866798,true,3.2080423783935714,30764,2037,2.86558074587923e-322,3,1,MIP
3384,88.557143300000007,137.08887614801264,true,3.2139098229866798,true,3.2080477393694391,30767,2038,2.86558074587923e-322,3,1,MIP
3385,88.621862100000001,137.17848359086435,true,3.2139098229866798,true,3.2080485912138546,30852,2037,2.86558074587923e-322,3,1,MIP
3386,88.625690300000002,137.18425299454796,true,3.2139098229866798,true,3.2080524718100172,30857,2033,2.86558074587923e-322,3,1,MIP
3387,88.6260482,137.1847765172154,true,3.2139098229866798,true,3.2080539248414186,30858,2033,2.86558074587923e-322,3,1,MIP
3388,88.628788400000005,137.18853300153256,true,3.2139098229866798,true,3.2080542447079994,30861,2034,2.86558074587923e-322,3,1,MIP
3389,88.633536199999995,137.19489831773595,true,3.2139098229866798,true,3.2080607711151785,30866,2031,2.86558074587923e-322,3,1,MIP
3390,88.636211799999998,137.19812322545377,true,3.2139098229866798,true,3.2080637177387312,30869,2030,2.86558074587923e-322,3,1,MIP
3391,88.638556300000005,137.20173084705903,true,3.2139098229866798,true,3.208065827105596,30872,2027,2.86558074587923e-322,3,1,MIP
3392,88.640491900000001,137.20473678335787,true,3.2139098229866798,true,3.2080720293638847,30873,2028,2.86558074587923e-322,3,1,MIP
3393,88.640919100000005,137.20532236410313,true,3.2139098229866798,true,3.2080805435679558,30874,2027,2.86558074587923e-322,3,1,MIP
3394,88.645159199999995,137.21057998838762,true,3.2139098229866798,true,3.2080838396163958,30877,2028,2.86558074587923e-322,3,1,MIP
3395,88.647052500000001,137.21307006909939,true,3.2139098229866798,true,3.2080892795801068,30882,2023,2.86558074587923e-322,3,1,MIP
3396,88.650686899999997,137.21776919772506,true,3.2139098229866798,true,3.2080895263743159,30883,2024,2.86558074587923e-322,3,1,MIP
3397,88.651242699999997,137.21850386477331,true,3.2139098229866798,true,3.2080901536543096,30884,2023,2.86558074587923e-322,3,1,MIP
3398,88.662857700000004,137.23648914745255,true,3.2139098229866798,true,3.2080909377222966,30901,2023,2.86558074587923e-322,3,1,MIP
3399,88.663325700000001,137.23709612633567,true,3.2139098229866798,true,3.2080918247824188,30902,2022,2.86558074587923e-322,3,1,MIP
3400,88.665812500000001,137.24029234841049,true,3.2139098229866798,true,3.2080950491418418,30905,2021,2.86558074587923e-322,3,1,MIP
3401,88.669417600000003,137.24536600116269,true,3.2139098229866798,true,3.2081017882895093,30909,2020,2.86558074587923e-322,3,1,MIP
3402,88.671092900000005,137.24663466792046,true,3.2139098229866798,true,3.2081025505197207,30910,2019,2.86558074587923e-322,3,1,MIP
3403,88.6740298,137.25108617806436,true,3.2139098229866798,true,3.2081049811134608,30913,2016,2.86558074587923e-322,3,1,MIP
3404,88.675356699999995,137.25286632829673,true,3.2139098229866798,true,3.2081068382348206,30914,2017,2.86558074587923e-322,3,1,MIP
3405,88.677402099999995,137.2558471966839,true,3.2139098229866798,true,3.2081100263176179,30915,2018,2.86558074587923e-322,3,1,MIP
3406,88.683210700000004,137.26419178572209,true,3.2139098229866798,true,3.2081111269666014,30930,2014,2.86558074587923e-322,3,1,MIP
3407,88.687179299999997,137.27072779630754,true,3.2139098229866798,true,3.2081186080224331,30932,2012,2.86558074587923e-322,3,1,MIP
3408,88.689969500000004,137.27405786181285,true,3.2139098229866798,true,3.2081188036146422,30933,2013,2.86558074587923e-322,3,1,MIP
3409,88.6987314,137.28667365861472,true,3.2139098229866798,true,3.2081208833321386,30947,2014,2.86558074587923e-322,3,1,MIP
3410,88.701752799999994,137.29084716941378,true,3.2139098229866798,true,3.2081214776326403,30952,2013,2.86558074587923e-322,3,1,MIP
3411,88.727000099999998,137.33563270261467,true,3.2139098229866798,true,3.2081310057172994,30958,2012,2.86558074587923e-322,3,1,MIP
3412,88.727569900000006,137.3364566098455,true,3.2139098229866798,true,3.2081376109201658,30959,2013,2.86558074587923e-322,3,1,MIP
3413,88.731893200000002,137.34272815501578,true,3.2139098229866798,true,3.2081446373632176,30968,2011,2.86558074587923e-322,3,1,MIP
3414,88.734100699999999,137.34583701854388,true,3.2139098229866798,true,3.2081595672526797,30971,2012,2.86558074587923e-322,3,1,MIP
3415,88.764285700000002,137.39450691021742,true,3.2139098229866798,true,3.2081645545498962,30983,2008,2.86558074587923e-322,3,1,MIP
3416,88.767213299999995,137.39856559846194,true,3.2139098229866798,true,3.2081647213999713,30986,2006,2.86558074587923e-322,3,1,MIP
3417,88.767358400000006,137.3987798659355,true,3.2139098229866798,true,3.2081666741415207,30987,2005,2.86558074587923e-322,3,1,MIP
3418,88.7711355,137.40426787801275,true,3.2139098229866798,true,3.208167463583218,30989,2005,2.86558074587923e-322,3,1,MIP
3419,88.771753799999999,137.40483228906686,true,3.2139098229866798,true,3.2081685198558398,30990,2006,2.86558074587923e-322,3,1,MIP
3420,88.778627900000004,137.41595776089363,true,3.2139098229866798,true,3.208170144365325,30995,2003,2.86558074587923e-322,3,1,MIP
3421,88.783260600000006,137.42283896253457,true,3.2139098229866798,true,3.2081788575135564,30998,2004,2.86558074587923e-322,3,1,MIP
3422,88.909313600000004,137.55458549761295,true,3.2139098229866798,true,3.2081788575135564,31001,2007,2.86558074587923e-322,3,1,MIP
3423,89.013705099999996,137.66555510841681,true,3.2139098229866798,true,3.2081788575135564,31006,2004,2.86558074587923e-322,3,1,MIP
3424,89.110911799999997,137.7718701771694,true,3.2139098229866798,true,3.2081797416896638,31007,2005,2.86558074587923e-322,3,1,MIP
3425,89.523701500000001,138.25070274565363,true,3.2139098229866798,true,3.2081797416896638,31011,2003,2.86558074587923e-322,3,1,MIP
3426,89.523945999999995,138.25097959107867,true,3.2139098229866798,true,3.2081798616913764,31012,2002,2.86558074587923e-322,3,1,MIP
3427,89.527230299999999,138.25492924909216,true,3.2139098229866798,true,3.2081817677105269,31016,2003,2.86558074587923e-322,3,1,MIP
3428,89.531868900000006,138.26164601564506,true,3.2139098229866798,true,3.2081820788291191,31025,1998,2.86558074587923e-322,3,1,MIP
3429,89.537280199999998,138.26974836560544,true,3.2139098229866798,true,3.2081840969440028,31026,1997,2.86558074587923e-322,3,1,MIP
3430,89.540397999999996,138.27295398407895,true,3.2139098229866798,true,3.2081863566612387,31027,1998,2.86558074587923e-322,3,1,MIP
3431,89.547409299999998,138.28343551177454,true,3.2139098229866798,true,3.2081866088797475,31041,2001,2.86558074587923e-322,3,1,MIP
3432,89.549040099999999,138.28584578160635,true,3.2139098229866798,true,3.2081886046804016,31042,2002,2.86558074587923e-322,3,1,MIP
3433,89.551525699999999,138.28955443734088,true,3.2139098229866798,true,3.2081902272791574,31043,2003,2.86558074587923e-322,3,1,MIP
3434,89.564262999999997,138.30550587682092,true,3.2139098229866798,true,3.2081921690910087,31057,2004,2.86558074587923e-322,3,1,MIP
3435,89.568357399999996,138.31013567572393,true,3.2139098229866798,true,3.2081970955170229,31058,2005,2.86558074587923e-322,3,1,MIP
3436,89.573052399999995,138.31611369297025,true,3.2139098229866798,true,3.2082041208774776,31066,2003,2.86558074587923e-322,3,1,MIP
3437,89.573445399999997,138.31663583219333,true,3.2139098229866798,true,3.2082045629989384,31067,2004,2.86558074587923e-322,3,1,MIP
3438,89.581822799999998,138.32834015902313,true,3.2139098229866798,true,3.2082072460033197,31082,2007,2.86558074587923e-322,3,1,MIP
3439,89.583161500000003,138.33041094132648,true,3.2139098229866798,true,3.2082183025086755,31084,2005,2.86558074587923e-322,3,1,MIP
3440,89.586718000000005,138.3347464024385,true,3.2139098229866798,true,3.2082237160848006,31086,2007,2.86558074587923e-322,3,1,MIP
3441,89.592408899999995,138.34342761434112,true,3.2139098229866798,true,3.2082242634754565,31098,2008,2.86558074587923e-322,3,1,MIP
3442,89.592742799999996,138.34391081967209,true,3.2139098229866798,true,3.2082262550251954,31099,2007,2.86558074587923e-322,3,1,MIP
3443,89.595425000000006,138.34786864521729,true,3.2139098229866798,true,3.2082267395134432,31102,2006,2.86558074587923e-322,3,1,MIP
3444,89.598531199999996,138.35268192951258,true,3.2139098229866798,true,3.2082296064901046,31103,2007,2.86558074587923e-322,3,1,MIP
3445,89.604504399999996,138.36194291774112,true,3.2139098229866798,true,3.2082330625718547,31111,2001,2.86558074587923e-322,3,1,MIP
3446,89.605830999999995,138.36381583555212,true,3.2139098229866798,true,3.2082340718462214,31112,2002,2.86558074587923e-322,3,1,MIP
3447,89.606145499999997,138.36429624919538,true,3.2139098229866798,true,3.2082417399359828,31113,2003,2.86558074587923e-322,3,1,MIP
3448,89.617077300000005,138.38337544676921,true,3.2139098229866798,true,3.2082484112425753,31120,2000,2.86558074587923e-322,3,1,MIP
3449,89.617169599999997,138.38346107876919,true,3.2139098229866798,true,3.2082545470764501,31121,1999,2.86558074587923e-322,3,1,MIP
3450,89.620228100000006,138.38767586564578,true,3.2139098229866798,true,3.2082595149546256,31124,1998,2.86558074587923e-322,3,1,MIP
3451,89.620258399999997,138.3877023546458,true,3.2139098229866798,true,3.2082688571982518,31125,1997,2.86558074587923e-322,3,1,MIP
3452,89.628210800000005,138.397869209319,true,3.2139098229866798,true,3.2082706389223805,31130,1996,2.86558074587923e-322,3,1,MIP
3453,89.632721599999996,138.40358229026828,true,3.2139098229866798,true,3.2082753060075024,31135,1994,2.86558074587923e-322,3,1,MIP
3454,89.632761599999995,138.40362544526829,true,3.2139098229866798,true,3.2082756187834169,31136,1993,2.86558074587923e-322,3,1,MIP
3455,89.649344400000004,138.42300201813896,true,3.2139098229866798,true,3.2082771901550928,31152,1994,2.86558074587923e-322,3,1,MIP
3456,89.655424400000001,138.43162778570468,true,3.2139098229866798,true,3.2082783370937369,31164,1991,2.86558074587923e-322,3,1,MIP
3457,89.656979100000001,138.43368020770302,true,3.2139098229866798,true,3.2082845317100204,31165,1992,2.86558074587923e-322,3,1,MIP
3458,89.657328800000002,138.43415045590012,true,3.2139098229866798,true,3.2082868707892773,31166,1991,2.86558074587923e-322,3,1,MIP
3459,89.6606551,138.43849295434921,true,3.2139098229866798,true,3.2082920176658161,31169,1990,2.86558074587923e-322,3,1,MIP
3460,89.661780199999995,138.44011198294425,true,3.2139098229866798,true,3.2082957658752269,31170,1989,2.86558074587923e-322,3,1,MIP
3461,89.669808000000003,138.45187737901526,true,3.2139098229866798,true,3.2082959399914053,31185,1993,2.86558074587923e-322,3,1,MIP
3462,89.670606100000001,138.45310625015091,true,3.2139098229866798,true,3.2082965966061652,31186,1992,2.86558074587923e-322,3,1,MIP
3463,89.670828599999993,138.45334895315091,true,3.2139098229866798,true,3.2082966636908021,31187,1991,2.86558074587923e-322,3,1,MIP
3464,89.672862699999996,138.4562288287905,true,3.2139098229866798,true,3.2082986097510404,31188,1991,2.86558074587923e-322,3,1,MIP
3465,89.673000700000003,138.45648101535676,true,3.2139098229866798,true,3.2082990123981006,31189,1990,2.86558074587923e-322,3,1,MIP
3466,89.677049400000001,138.46074952285863,true,3.2139098229866798,true,3.2082995355687847,31191,1992,2.86558074587923e-322,3,1,MIP
3467,89.682345900000001,138.46818250979987,true,3.2139098229866798,true,3.2083049822079288,31201,1990,2.86558074587923e-322,3,1,MIP
3468,89.682705799999994,138.46871486581611,true,3.2139098229866798,true,3.2083058490416327,31202,1991,2.86558074587923e-322,3,1,MIP
3469,89.686406099999999,138.47389445924645,true,3.2139098229866798,true,3.2083066161149403,31208,1990,2.86558074587923e-322,3,1,MIP
3470,89.701294899999994,138.49419966453056,true,3.2139098229866798,true,3.2083093567816574,31232,1983,2.86558074587923e-322,3,1,MIP
3471,89.701841299999998,138.49497772240221,true,3.2139098229866798,true,3.2083096579283756,31233,1982,2.86558074587923e-322,3,1,MIP
3472,89.711819399999996,138.51342400837973,true,3.2139098229866798,true,3.208310129042228,31234,1981,2.86558074587923e-322,3,1,MIP
3473,89.712353199999995,138.51415371096735,true,3.2139098229866798,true,3.2083103670309248,31235,1980,2.86558074587923e-322,3,1,MIP
3474,89.713664199999997,138.51644785453962,true,3.2139098229866798,true,3.2083116476019486,31236,1979,2.86558074587923e-322,3,1,MIP
3475,89.717224299999998,138.52152723069909,true,3.2139098229866798,true,3.2083152161270405,31237,1979,2.86558074587923e-322,3,1,MIP
3476,89.719659800000002,138.52380012384674,true,3.2139098229866798,true,3.2083166603941828,31238,1980,2.86558074587923e-322,3,1,MIP
3477,89.739903299999995,138.55255479088058,true,3.2139098229866798,true,3.2083167569492077,31256,1978,2.86558074587923e-322,3,1,MIP
3478,89.743974100000003,138.55731487502288,true,3.2139098229866798,true,3.2083170550146312,31259,1977,2.86558074587923e-322,3,1,MIP
3479,89.780445200000003,138.60514327632046,true,3.2139098229866798,true,3.2083227546415354,31290,1976,2.86558074587923e-322,3,1,MIP
3480,89.7866523,138.6143110419651,true,3.2139098229866798,true,3.2083268091053467,31294,1974,2.86558074587923e-322,3,1,MIP
3481,89.792952600000007,138.62328263401062,true,3.2139098229866798,true,3.2083288529479272,31298,1971,2.86558074587923e-322,3,1,MIP
3482,89.793158599999998,138.62358863177255,true,3.2139098229866798,true,3.2083296777144987,31299,1970,2.86558074587923e-322,3,1,MIP
3483,89.795644999999993,138.6267574347863,true,3.2139098229866798,true,3.2083330763137119,31301,1968,2.86558074587923e-322,3,1,MIP
3484,89.796987700000003,138.6284766720797,true,3.2139098229866798,true,3.2083374703757404,31302,1969,2.86558074587923e-322,3,1,MIP
3485,89.798845299999996,138.63138559170685,true,3.2139098229866798,true,3.2083395746736008,31303,1970,2.86558074587923e-322,3,1,MIP
3486,89.814974899999996,138.65467183163415,true,3.2139098229866798,true,3.2083417258604525,31313,1968,2.86558074587923e-322,3,1,MIP
3487,89.815804400000005,138.65580727127701,true,3.2139098229866798,true,3.2083418029900641,31314,1967,2.86558074587923e-322,3,1,MIP
3488,89.816332599999996,138.65655392353696,true,3.2139098229866798,true,3.2083443707053858,31315,1966,2.86558074587923e-322,3,1,MIP
3489,89.816861099999997,138.65733640460505,true,3.2139098229866798,true,3.2083455156400507,31316,1965,2.86558074587923e-322,3,1,MIP
3490,89.817428899999996,138.65817277432626,true,3.2139098229866798,true,3.208346052145393,31317,1964,2.86558074587923e-322,3,1,MIP
3491,89.818066099999996,138.65918136580441,true,3.2139098229866798,true,3.2083630046559231,31318,1963,2.86558074587923e-322,3,1,MIP
3492,89.819364399999998,138.66086865734201,true,3.2139098229866798,true,3.2083641325633967,31319,1964,2.86558074587923e-322,3,1,MIP
3493,89.819707800000003,138.66129820840482,true,3.2139098229866798,true,3.2083659174854287,31320,1963,2.86558074587923e-322,3,1,MIP
3494,89.823408000000001,138.66673652136876,true,3.2139098229866798,true,3.20837183837273,31323,1962,2.86558074587923e-322,3,1,MIP
3495,89.8268877,138.67252630157404,true,3.2139098229866798,true,3.208372368230207,31326,1959,2.86558074587923e-322,3,1,MIP
3496,89.827495799999994,138.67347714584704,true,3.2139098229866798,true,3.208374902049655,31327,1958,2.86558074587923e-322,3,1,MIP
3497,89.832271599999999,138.67736514718092,true,3.2139098229866798,true,3.2083755053596676,31328,1959,2.86558074587923e-322,3,1,MIP
3498,89.834987400000003,138.68070912364894,true,3.2139098229866798,true,3.2083759449431977,31329,1960,2.86558074587923e-322,3,1,MIP
3499,89.849669500000005,138.69909438997226,true,3.2139098229866798,true,3.2083836762692157,31345,1962,2.86558074587923e-322,3,1,MIP
3500,89.855679800000004,138.70762706735954,true,3.2139098229866798,true,3.2083844574469493,31358,1959,2.86558074587923e-322,3,1,MIP
3501,89.895391099999998,138.76469059913939,true,3.2139098229866798,true,3.2083954958875491,31405,1956,2.86558074587923e-322,3,1,MIP
3502,89.896033099999997,138.76566517725465,true,3.2139098229866798,true,3.2083991406207097,31406,1955,2.86558074587923e-322,3,1,MIP
3503,89.897105699999997,138.76740900644674,true,3.2139098229866798,true,3.2084034613046222,31407,1954,2.86558074587923e-322,3,1,MIP
3504,89.899359000000004,138.77074158193332,true,3.2139098229866798,true,3.2084184071331618,31408,1955,2.86558074587923e-322,3,1,MIP
3505,89.899888099999998,138.77125770698945,true,3.2139098229866798,true,3.2084258505916958,31409,1956,2.86558074587923e-322,3,1,MIP
3506,89.909569399999995,138.78495849682878,true,3.2139098229866798,true,3.2084313243969675,31420,1954,2.86558074587923e-322,3,1,MIP
3507,89.910447500000004,138.78626837430789,true,3.2139098229866798,true,3.208435863680315,31421,1955,2.86558074587923e-322,3,1,MIP
3508,89.916297499999999,138.79464631741672,true,3.2139098229866798,true,3.2084376076751231,31433,1958,2.86558074587923e-322,3,1,MIP
3509,89.917046799999994,138.79582339812004,true,3.2139098229866798,true,3.2084400180502248,31434,1958,2.86558074587923e-322,3,1,MIP
3510,89.923400700000002,138.80384475486525,true,3.2139098229866798,true,3.2084451555056992,31440,1956,2.86558074587923e-322,3,1,MIP
3511,89.941712699999997,138.8276700255243,true,3.2139098229866798,true,3.20844638934215,31462,1951,2.86558074587923e-322,3,1,MIP
3512,89.946409700000004,138.83289310469573,true,3.2139098229866798,true,3.2084480073263606,31465,1950,2.86558074587923e-322,3,1,MIP
3513,89.9484329,138.83550384096111,true,3.2139098229866798,true,3.2084488366394353,31468,1949,2.86558074587923e-322,3,1,MIP
3514,89.951949799999994,138.84032633954757,true,3.2139098229866798,true,3.2084553913331488,31473,1950,2.86558074587923e-322,3,1,MIP
3515,89.959559799999994,138.85152358522438,true,3.2139098229866798,true,3.2084580386773753,31483,1950,2.86558074587923e-322,3,1,MIP
3516,89.963081200000005,138.85655165530721,true,3.2139098229866798,true,3.208465985631455,31488,1945,2.86558074587923e-322,3,1,MIP
3517,89.964221899999998,138.85833276641517,true,3.2139098229866798,true,3.2084703619550936,31489,1944,2.86558074587923e-322,3,1,MIP
3518,89.966404400000002,138.86137083795865,true,3.2139098229866798,true,3.2084720922418453,31490,1945,2.86558074587923e-322,3,1,MIP
3519,89.973133000000004,138.87047730625108,true,3.2139098229866798,true,3.2084721123771809,31498,1945,2.86558074587923e-322,3,1,MIP
3520,89.986604600000007,138.8897027987525,true,3.2139098229866798,true,3.2084722523625313,31510,1947,2.86558074587923e-322,3,1,MIP
3521,89.992109400000004,138.89806207537174,true,3.2139098229866798,true,3.2084729483498884,31521,1949,2.86558074587923e-322,3,1,MIP
3522,89.999779500000002,138.90977526887616,true,3.2139098229866798,true,3.2084799830965149,31535,1947,2.86558074587923e-322,3,1,MIP
3523,90.000003599999999,138.91003806787617,true,3.2139098229866798,true,3.2084805584283513,31536,1946,2.86558074587923e-322,3,1,MIP
3524,90.008109500000003,138.91999959788259,true,3.2139098229866798,true,3.2084812596809313,31541,1945,2.86558074587923e-322,3,1,MIP
3525,90.009985999999998,138.9226033308592,true,3.2139098229866798,true,3.2084850866485803,31544,1942,2.86558074587923e-322,3,1,MIP
3526,90.010888499999993,138.92404545431165,true,3.2139098229866798,true,3.2084864724570821,31545,1941,2.86558074587923e-322,3,1,MIP
3527,90.012484999999998,138.92645942903562,true,3.2139098229866798,true,3.2084888669263001,31546,1942,2.86558074587923e-322,3,1,MIP
3528,90.013005800000002,138.92727183793039,true,3.2139098229866798,true,3.2084928862181714,31547,1943,2.86558074587923e-322,3,1,MIP
3529,90.022113200000007,138.93763482246729,true,3.2139098229866798,true,3.2084942883713934,31555,1942,2.86558074587923e-322,3,1,MIP
3530,90.030387000000005,138.94852452223972,true,3.2139098229866798,true,3.2084954843505815,31563,1942,2.86558074587923e-322,3,1,MIP
3531,90.037306200000003,138.95858727855293,true,3.2139098229866798,true,3.2085006387962829,31571,1939,2.86558074587923e-322,3,1,MIP
3532,90.037660799999998,138.95905354128777,true,3.2139098229866798,true,3.2085036669147922,31572,1938,2.86558074587923e-322,3,1,MIP
3533,90.040140300000004,138.96254929226205,true,3.2139098229866798,true,3.2085105755985035,31574,1939,2.86558074587923e-322,3,1,MIP
3534,90.045323499999995,138.96935008651141,true,3.2139098229866798,true,3.2085139571678409,31580,1937,2.86558074587923e-322,3,1,MIP
3535,90.048147700000001,138.97363279069722,true,3.2139098229866798,true,3.208515696741749,31586,1934,2.86558074587923e-322,3,1,MIP
3536,90.053619400000002,138.97912663185426,true,3.2139098229866798,true,3.2085318443164765,31587,1935,2.86558074587923e-322,3,1,MIP
3537,90.072481499999995,139.00432158483974,true,3.2139098229866798,true,3.2085348950066388,31604,1936,2.86558074587923e-322,3,1,MIP
3538,90.087635599999999,139.02563222924346,true,3.2139098229866798,true,3.2085362627764011,31622,1938,2.86558074587923e-322,3,1,MIP
3539,90.104435199999998,139.04912628379685,true,3.2139098229866798,true,3.2085379977769843,31635,1935,2.86558074587923e-322,3,1,MIP
3540,90.110120100000003,139.0562886656171,true,3.2139098229866798,true,3.2085539066230919,31638,1936,2.86558074587923e-322,3,1,MIP
3541,90.1131606,139.06054762962714,true,3.2139098229866798,true,3.2085614757680743,31646,1934,2.86558074587923e-322,3,1,MIP
3542,90.115266000000005,139.06359479933587,true,3.2139098229866798,true,3.2085672411446948,31647,1935,2.86558074587923e-322,3,1,MIP
3543,90.115612200000001,139.06410505071196,true,3.2139098229866798,true,3.2085683513414947,31648,1935,2.86558074587923e-322,3,1,MIP
3544,90.117543100000006,139.06691904734222,true,3.2139098229866798,true,3.2085730457814692,31652,1931,2.86558074587923e-322,3,1,MIP
3545,90.119436100000001,139.06943978677927,true,3.2139098229866798,true,3.2085812137494538,31653,1932,2.86558074587923e-322,3,1,MIP
3546,90.1204836,139.07092015752809,true,3.2139098229866798,true,3.2085849084166269,31654,1933,2.86558074587923e-322,3,1,MIP
3547,90.130694899999995,139.0850055446144,true,3.2139098229866798,true,3.2085850167656891,31670,1932,2.86558074587923e-322,3,1,MIP
3548,90.133859900000004,139.08986489831523,true,3.2139098229866798,true,3.2085954713867064,31673,1931,2.86558074587923e-322,3,1,MIP
3549,90.134167599999998,139.09028319010952,true,3.2139098229866798,true,3.2085967444165373,31674,1932,2.86558074587923e-322,3,1,MIP
3550,90.137007499999996,139.09422230399011,true,3.2139098229866798,true,3.208602105709045,31679,1930,2.86558074587923e-322,3,1,MIP
3551,90.1411157,139.10005561314028,true,3.2139098229866798,true,3.2086036634425001,31683,1928,2.86558074587923e-322,3,1,MIP
3552,90.1498943,139.11257110857403,true,3.2139098229866798,true,3.2086064295874008,31694,1926,2.86558074587923e-322,3,1,MIP
3553,90.174077400000002,139.15853541347676,true,3.2139098229866798,true,3.2086358327679836,31698,1924,2.86558074587923e-322,3,1,MIP
3554,90.175916900000004,139.16086728394041,true,3.2139098229866798,true,3.2086432265594116,31701,1923,2.86558074587923e-322,3,1,MIP
3555,90.180108099999998,139.16688779897106,true,3.2139098229866798,true,3.2086446081163444,31708,1922,2.86558074587923e-322,3,1,MIP
3556,90.186915600000006,139.17676611046858,true,3.2139098229866798,true,3.2086482347139826,31717,1923,2.86558074587923e-322,3,1,MIP
3557,90.194077100000001,139.18488114124347,true,3.2139098229866798,true,3.2086484338091807,31724,1922,2.86558074587923e-322,3,1,MIP
3558,90.200196500000004,139.192767400207,true,3.2139098229866798,true,3.2086496164255278,31733,1919,2.86558074587923e-322,3,1,MIP
3559,90.221691300000003,139.22299472774995,true,3.2139098229866798,true,3.208654319098299,31752,1918,2.86558074587923e-322,3,1,MIP
3560,90.222077499999997,139.22352930741394,true,3.2139098229866798,true,3.208666276119883,31753,1918,2.86558074587923e-322,3,1,MIP
3561,90.224340699999999,139.22674294873011,true,3.2139098229866798,true,3.2086679271925043,31758,1915,2.86558074587923e-322,3,1,MIP
3562,90.225563300000005,139.22832292704794,true,3.2139098229866798,true,3.2086732460899672,31759,1914,2.86558074587923e-322,3,1,MIP
3563,90.228523199999998,139.2319710794317,true,3.2139098229866798,true,3.208680762121257,31760,1915,2.86558074587923e-322,3,1,MIP
3564,90.228996699999996,139.23256580103052,true,3.2139098229866798,true,3.2086853302872758,31761,1916,2.86558074587923e-322,3,1,MIP
3565,90.238701599999999,139.2502794657901,true,3.2139098229866798,true,3.2086928528126859,31769,1911,2.86558074587923e-322,3,1,MIP
3566,90.239656800000006,139.25170264980704,true,3.2139098229866798,true,3.2086965341472289,31770,1910,2.86558074587923e-322,3,1,MIP
3567,90.240221599999998,139.25245181291183,true,3.2139098229866798,true,3.2086966998451993,31771,1909,2.86558074587923e-322,3,1,MIP
3568,90.244469100000003,139.25798884835282,true,3.2139098229866798,true,3.2087013758655245,31772,1910,2.86558074587923e-322,3,1,MIP
3569,90.245397499999996,139.259187139125,true,3.2139098229866798,true,3.2087038285798801,31773,1911,2.86558074587923e-322,3,1,MIP
3570,90.249686100000005,139.26507754530209,true,3.2139098229866798,true,3.2087040235455522,31778,1908,2.86558074587923e-322,3,1,MIP
3571,90.250051999999997,139.26557532274947,true,3.2139098229866798,true,3.2087058758019715,31779,1909,2.86558074587923e-322,3,1,MIP
3572,90.252070599999996,139.26854288481675,true,3.2139098229866798,true,3.2087072772264067,31785,1904,2.86558074587923e-322,3,1,MIP
3573,90.2538141,139.27109170897543,true,3.2139098229866798,true,3.208716494348522,31786,1904,2.86558074587923e-322,3,1,MIP
3574,90.253960000000006,139.27130557302593,true,3.2139098229866798,true,3.2087295824747946,31787,1903,2.86558074587923e-322,3,1,MIP
3575,90.257073399999996,139.27551813384156,true,3.2139098229866798,true,3.2087323661672551,31789,1904,2.86558074587923e-322,3,1,MIP
3576,90.2598828,139.27933866142337,true,3.2139098229866798,true,3.208736786283227,31793,1902,2.86558074587923e-322,3,1,MIP
3577,90.263919200000004,139.2853685102902,true,3.2139098229866798,true,3.2087396139399669,31796,1900,2.86558074587923e-322,3,1,MIP
3578,90.288938599999994,139.32174567622855,true,3.2139098229866798,true,3.2087396220054085,31815,1898,2.86558074587923e-322,3,1,MIP
3579,90.299365600000002,139.3362159777476,true,3.2139098229866798,true,3.2087442240119106,31825,1895,2.86558074587923e-322,3,1,MIP
3580,90.306207499999999,139.34646619135114,true,3.2139098229866798,true,3.2087443300412053,31828,1894,2.86558074587923e-322,3,1,MIP
3581,90.306842599999996,139.34729173776947,true,3.2139098229866798,true,3.2087495716990126,31829,1895,2.86558074587923e-322,3,1,MIP
3582,90.316793200000006,139.36218049918955,true,3.2139098229866798,true,3.2087607019878694,31848,1897,2.86558074587923e-322,3,1,MIP
3583,90.321239500000004,139.36878919020518,true,3.2139098229866798,true,3.2087662001126649,31857,1898,2.86558074587923e-322,3,1,MIP
3584,90.333283499999993,139.38566463882842,true,3.2139098229866798,true,3.2087695404015433,31869,1897,2.86558074587923e-322,3,1,MIP
3585,90.3592333,139.42271698081933,true,3.2139098229866798,true,3.2087695990533849,31891,1898,2.86558074587923e-322,3,1,MIP
3586,90.373807499999998,139.44194732998022,true,3.2139098229866798,true,3.2087706465747967,31904,1900,2.86558074587923e-322,3,1,MIP
3587,90.391318100000007,139.46233164106656,true,3.2139098229866798,true,3.2087764387576589,31922,1903,2.86558074587923e-322,3,1,MIP
3588,90.392291299999997,139.46375274536825,true,3.2139098229866798,true,3.208776477111619,31924,1905,2.86558074587923e-322,3,1,MIP
3589,90.397381800000005,139.47155703938617,true,3.2139098229866798,true,3.2087766866239513,31934,1906,2.86558074587923e-322,3,1,MIP
3590,90.400520400000005,139.47640218046894,true,3.2139098229866798,true,3.2087811937871473,31940,1902,2.86558074587923e-322,3,1,MIP
3591,90.401202100000006,139.47741767494787,true,3.2139098229866798,true,3.2087872684012688,31941,1901,2.86558074587923e-322,3,1,MIP
3592,90.401885100000001,139.47853049747593,true,3.2139098229866798,true,3.2087875313864158,31942,1900,2.86558074587923e-322,3,1,MIP
3593,90.404264900000001,139.4821450019021,true,3.2139098229866798,true,3.2087887531674877,31943,1901,2.86558074587923e-322,3,1,MIP
3594,90.404900600000005,139.4830549309149,true,3.2139098229866798,true,3.2087888873495443,31944,1901,2.86558074587923e-322,3,1,MIP
3595,90.413001699999995,139.4938678585309,true,3.2139098229866798,true,3.2087889799354068,31951,1901,2.86558074587923e-322,3,1,MIP
3596,90.424225899999996,139.51020575857257,true,3.2139098229866798,true,3.2087893664150675,31963,1899,2.86558074587923e-322,3,1,MIP
3597,90.428466900000004,139.51622099613354,true,3.2139098229866798,true,3.2087947633069556,31966,1897,2.86558074587923e-322,3,1,MIP
3598,90.432105399999998,139.5212181911119,true,3.2139098229866798,true,3.208794848446586,31969,1898,2.86558074587923e-322,3,1,MIP
3599,90.455449299999998,139.56371266903949,true,3.2139098229866798,true,3.208797751773167,31976,1895,2.86558074587923e-322,3,1,MIP
3600,90.473831799999999,139.59583576174924,true,3.2139098229866798,true,3.2087988200916402,31979,1892,2.86558074587923e-322,3,1,MIP
3601,90.474408199999999,139.59666136721765,true,3.2139098229866798,true,3.20879959554405,31980,1891,2.86558074587923e-322,3,1,MIP
3602,90.476957299999995,139.60040025845726,true,3.2139098229866798,true,3.2088021060098582,31983,1890,2.86558074587923e-322,3,1,MIP
3603,90.477957799999999,139.60199296231443,true,3.2139098229866798,true,3.2088044601861987,31984,1890,2.86558074587923e-322,3,1,MIP
3604,90.486704700000004,139.61482461029371,true,3.2139098229866798,true,3.2088069742923473,31995,1889,2.86558074587923e-322,3,1,MIP
3605,90.490503700000005,139.62049460916904,true,3.2139098229866798,true,3.2088087584022595,32002,1888,2.86558074587923e-322,3,1,MIP
3606,90.496868899999996,139.63174022830736,true,3.2139098229866798,true,3.2088105196864127,32007,1886,2.86558074587923e-322,3,1,MIP
3607,90.497048500000005,139.63204711335439,true,3.2139098229866798,true,3.2088123777612085,32008,1885,2.86558074587923e-322,3,1,MIP
3608,90.501562800000002,139.63832385109006,true,3.2139098229866798,true,3.2088129131332379,32011,1886,2.86558074587923e-322,3,1,MIP
3609,90.521349400000005,139.66594358112712,true,3.2139098229866798,true,3.2088175145068032,32021,1883,2.86558074587923e-322,3,1,MIP
3610,90.523416800000007,139.66961794128753,true,3.2139098229866798,true,3.2088267097294145,32022,1882,2.86558074587923e-322,3,1,MIP
3611,90.553080499999993,139.71163845517324,true,3.2139098229866798,true,3.2088306763000789,32054,1879,2.86558074587923e-322,3,1,MIP
3612,90.561494800000006,139.72468728872292,true,3.2139098229866798,true,3.208832107038905,32065,1876,2.86558074587923e-322,3,1,MIP
3613,90.5621352,139.72558479681959,true,3.2139098229866798,true,3.2088330946754104,32066,1875,2.86558074587923e-322,3,1,MIP
3614,90.562641600000006,139.72628886227594,true,3.2139098229866798,true,3.2088358027425183,32067,1874,2.86558074587923e-322,3,1,MIP
3615,90.563674199999994,139.72790287481308,true,3.2139098229866798,true,3.2088381362525222,32068,1873,2.86558074587923e-322,3,1,MIP
3616,90.605124200000006,139.78642801067116,true,3.2139098229866798,true,3.2088389391174701,32101,1875,2.86558074587923e-322,3,1,MIP
3617,90.608569900000006,139.79119939669437,true,3.2139098229866798,true,3.2088394186677154,32106,1873,2.86558074587923e-322,3,1,MIP
3618,90.621229499999998,139.80952760869633,true,3.2139098229866798,true,3.2088395396430021,32117,1875,2.86558074587923e-322,3,1,MIP
3619,90.630491300000003,139.8231420623828,true,3.2139098229866798,true,3.2088416185975071,32128,1876,2.86558074587923e-322,3,1,MIP
3620,90.637300100000004,139.83337307473167,true,3.2139098229866798,true,3.2088434227259133,32142,1871,2.86558074587923e-322,3,1,MIP
3621,90.638653199999993,139.83519957971271,true,3.2139098229866798,true,3.2088481875553518,32143,1872,2.86558074587923e-322,3,1,MIP
3622,90.639113399999999,139.83572842460191,true,3.2139098229866798,true,3.2088485171099479,32144,1871,2.86558074587923e-322,3,1,MIP
3623,90.643802399999998,139.84276211446544,true,3.2139098229866798,true,3.2088487030000659,32147,1868,2.86558074587923e-322,3,1,MIP
3624,90.645767000000006,139.84587214899929,true,3.2139098229866798,true,3.2088489490109877,32148,1867,2.86558074587923e-322,3,1,MIP
3625,90.648104200000006,139.84947261302855,true,3.2139098229866798,true,3.2088630270899245,32149,1868,2.86558074587923e-322,3,1,MIP
3626,90.651369399999993,139.85421240772786,true,3.2139098229866798,true,3.2088664427800211,32153,1867,2.86558074587923e-322,3,1,MIP
3627,90.653749399999995,139.857507789446,true,3.2139098229866798,true,3.2088686607204471,32157,1867,2.86558074587923e-322,3,1,MIP
3628,90.662633,139.870891096826,true,3.2139098229866798,true,3.2088708999924225,32172,1863,2.86558074587923e-322,3,1,MIP
3629,90.663447300000001,139.87230455468259,true,3.2139098229866798,true,3.2088716273517672,32173,1862,2.86558074587923e-322,3,1,MIP
3630,90.6655844,139.87543011429145,true,3.2139098229866798,true,3.2088735620535558,32174,1863,2.86558074587923e-322,3,1,MIP
3631,90.696045900000001,139.92060196332406,true,3.2139098229866798,true,3.208885201483036,32201,1864,2.86558074587923e-322,3,1,MIP
3632,90.704688700000005,139.93299524709764,true,3.2139098229866798,true,3.2088939850349147,32216,1861,2.86558074587923e-322,3,1,MIP
3633,90.709640800000003,139.93914314583199,true,3.2139098229866798,true,3.2088940835909208,32220,1860,2.86558074587923e-322,3,1,MIP
3634,90.717644199999995,139.95099301680733,true,3.2139098229866798,true,3.2089045685037272,32231,1862,2.86558074587923e-322,3,1,MIP
3635,90.720527200000006,139.95514557704607,true,3.2139098229866798,true,3.2089060030756933,32234,1861,2.86558074587923e-322,3,1,MIP
3636,90.721883099999999,139.95729572427956,true,3.2139098229866798,true,3.2089083285721491,32235,1862,2.86558074587923e-322,3,1,MIP
3637,90.727253399999995,139.96493475456495,true,3.2139098229866798,true,3.2089147020435509,32242,1862,2.86558074587923e-322,3,1,MIP
3638,90.732878499999998,139.97119882612338,true,3.2139098229866798,true,3.208925286187446,32247,1859,2.86558074587923e-322,3,1,MIP
3639,90.733745299999995,139.9724575820224,true,3.2139098229866798,true,3.2089290093946867,32248,1860,2.86558074587923e-322,3,1,MIP
3640,90.738641000000001,139.97949103137751,true,3.2139098229866798,true,3.2089318797204207,32255,1855,2.86558074587923e-322,3,1,MIP
3641,90.740009200000003,139.9816341296669,true,3.2139098229866798,true,3.2089323627290951,32256,1854,2.86558074587923e-322,3,1,MIP
3642,90.740806300000003,139.98283856338341,true,3.2139098229866798,true,3.2089368161896896,32257,1853,2.86558074587923e-322,3,1,MIP
3643,90.741314399999993,139.98356509465535,true,3.2139098229866798,true,3.208940155639505,32258,1852,2.86558074587923e-322,3,1,MIP
3644,90.741895400000004,139.98445469386334,true,3.2139098229866798,true,3.2089442549493126,32259,1851,2.86558074587923e-322,3,1,MIP
3645,90.742564000000002,139.9855338131762,true,3.2139098229866798,true,3.2089446420796479,32260,1850,2.86558074587923e-322,3,1,MIP
3646,90.743826400000003,139.98741003766958,true,3.2139098229866798,true,3.2089494697093039,32262,1848,2.86558074587923e-322,3,1,MIP
3647,90.745015199999997,139.98887010310659,true,3.2139098229866798,true,3.2089544216145263,32263,1849,2.86558074587923e-322,3,1,MIP
3648,90.745375899999999,139.98939290160232,true,3.2139098229866798,true,3.2089580461212002,32264,1849,2.86558074587923e-322,3,1,MIP
3649,90.749799400000001,139.99483694383497,true,3.2139098229866798,true,3.208958933141643,32269,1849,2.86558074587923e-322,3,1,MIP
3650,90.753809599999997,140.00070972597553,true,3.2139098229866798,true,3.2089593977862583,32278,1845,2.86558074587923e-322,3,1,MIP
3651,90.759457900000001,140.01018537484092,true,3.2139098229866798,true,3.2089664504247537,32280,1847,2.86558074587923e-322,3,1,MIP
3652,90.764413200000007,140.01732840161543,true,3.2139098229866798,true,3.2089674074525827,32285,1844,2.86558074587923e-322,3,1,MIP
3653,90.7704849,140.02656109753221,true,3.2139098229866798,true,3.2089717827175503,32298,1843,2.86558074587923e-322,3,1,MIP
3654,90.7720044,140.02858530092405,true,3.2139098229866798,true,3.2089719504366085,32301,1840,2.86558074587923e-322,3,1,MIP
3655,90.772554499999998,140.02936769134936,true,3.2139098229866798,true,3.2089797172699543,32302,1839,2.86558074587923e-322,3,1,MIP
3656,90.7733475,140.03048125324395,true,3.2139098229866798,true,3.2089831750803772,32303,1838,2.86558074587923e-322,3,1,MIP
3657,90.7756519,140.03399671755153,true,3.2139098229866798,true,3.2089845148754916,32304,1839,2.86558074587923e-322,3,1,MIP
3658,90.777994399999997,140.0362015524598,true,3.2139098229866798,true,3.2089877248099716,32305,1840,2.86558074587923e-322,3,1,MIP
3659,90.7878975,140.04951342993144,true,3.2139098229866798,true,3.2090108908587789,32316,1837,2.86558074587923e-322,3,1,MIP
3660,90.789244499999995,140.0513034150577,true,3.2139098229866798,true,3.2090132171061141,32317,1838,2.86558074587923e-322,3,1,MIP
3661,90.789998100000005,140.05253987428463,true,3.2139098229866798,true,3.209019229267259,32318,1837,2.86558074587923e-322,3,1,MIP
3662,90.792633699999996,140.05624038098401,true,3.2139098229866798,true,3.2090250466071044,32321,1837,2.86558074587923e-322,3,1,MIP
3663,90.797535699999997,140.06398545725762,true,3.2139098229866798,true,3.2090260116056251,32326,1833,2.86558074587923e-322,3,1,MIP
3664,90.799158000000006,140.06629526204313,true,3.2139098229866798,true,3.2090270728553816,32327,1833,2.86558074587923e-322,3,1,MIP
3665,90.799501399999997,140.06673073197769,true,3.2139098229866798,true,3.209035681292141,32328,1834,2.86558074587923e-322,3,1,MIP
3666,90.826569899999996,140.10613487661715,true,3.2139098229866798,true,3.2090369917863386,32354,1835,2.86558074587923e-322,3,1,MIP
3667,90.832451199999994,140.1138192088942,true,3.2139098229866798,true,3.2090408417909715,32358,1835,2.86558074587923e-322,3,1,MIP
3668,90.8382364,140.12260621097948,true,3.2139098229866798,true,3.2090410184958493,32368,1836,2.86558074587923e-322,3,1,MIP
3669,90.840303700000007,140.12528174485638,true,3.2139098229866798,true,3.2090452004567251,32371,1833,2.86558074587923e-322,3,1,MIP
3670,90.840873700000003,140.12607461729962,true,3.2139098229866798,true,3.2090481642124504,32372,1832,2.86558074587923e-322,3,1,MIP
3671,90.842560399999996,140.12820815767475,true,3.2139098229866798,true,3.2090486273326335,32373,1833,2.86558074587923e-322,3,1,MIP
3672,90.843045799999999,140.12899087796106,true,3.2139098229866798,true,3.2090515406870699,32374,1832,2.86558074587923e-322,3,1,MIP
3673,90.863454500000003,140.1627665610564,true,3.2139098229866798,true,3.2090542149014283,32380,1826,2.86558074587923e-322,3,1,MIP
3674,90.864049300000005,140.16368244352654,true,3.2139098229866798,true,3.2090578602684738,32381,1825,2.86558074587923e-322,3,1,MIP
3675,90.864719699999995,140.1645769271563,true,3.2139098229866798,true,3.2090586686027205,32382,1824,2.86558074587923e-322,3,1,MIP
3676,90.866309000000001,140.16658366309292,true,3.2139098229866798,true,3.2090603954979171,32383,1825,2.86558074587923e-322,3,1,MIP
3677,90.866844200000003,140.16732385391495,true,3.2139098229866798,true,3.209065112951957,32384,1826,2.86558074587923e-322,3,1,MIP
3678,90.871846399999995,140.1738111580604,true,3.2139098229866798,true,3.2090688167302717,32389,1825,2.86558074587923e-322,3,1,MIP
3679,90.876788099999999,140.18011732730795,true,3.2139098229866798,true,3.2090780496794946,32397,1823,2.86558074587923e-322,3,1,MIP
3680,90.880094900000003,140.18510072487348,true,3.2139098229866798,true,3.2090895891527329,32400,1822,2.86558074587923e-322,3,1,MIP
3681,90.884338200000002,140.19014868238284,true,3.2139098229866798,true,3.2090900675860405,32403,1821,2.86558074587923e-322,3,1,MIP
3682,90.888635199999996,140.19554218742491,true,3.2139098229866798,true,3.2090929467884157,32406,1820,2.86558074587923e-322,3,1,MIP
3683,90.891244299999997,140.19898841953051,true,3.2139098229866798,true,3.2090995483393341,32412,1816,2.86558074587923e-322,3,1,MIP
3684,90.8932097,140.20181699307565,true,3.2139098229866798,true,3.2091014950091465,32414,1816,2.86558074587923e-322,3,1,MIP
3685,90.893780399999997,140.20267010677671,true,3.2139098229866798,true,3.2091055072172034,32415,1816,2.86558074587923e-322,3,1,MIP
3686,90.901318399999994,140.21383953733041,true,3.2139098229866798,true,3.2091076276540194,32426,1812,2.86558074587923e-322,3,1,MIP
3687,90.908609799999994,140.22335826420573,true,3.2139098229866798,true,3.2091092322047814,32427,1813,2.86558074587923e-322,3,1,MIP
3688,90.917784100000006,140.23596728233801,true,3.2139098229866798,true,3.2091107014568387,32434,1811,2.86558074587923e-322,3,1,MIP
3689,90.925466799999995,140.24627720209142,true,3.2139098229866798,true,3.2091118792677276,32440,1810,2.86558074587923e-322,3,1,MIP
3690,90.925609600000001,140.24648147914843,true,3.2139098229866798,true,3.2091202763716469,32441,1809,2.86558074587923e-322,3,1,MIP
3691,90.942919799999999,140.27820310862307,true,3.2139098229866798,true,3.2091204269610669,32447,1808,2.86558074587923e-322,3,1,MIP
3692,90.946197499999997,140.28311172336979,true,3.2139098229866798,true,3.2091229250802429,32448,1807,2.86558074587923e-322,3,1,MIP
3693,90.948909499999999,140.28714754653316,true,3.2139098229866798,true,3.2091229880793537,32451,1806,2.86558074587923e-322,3,1,MIP
3694,90.949253400000003,140.28760989234138,true,3.2139098229866798,true,3.209127021149043,32452,1807,2.86558074587923e-322,3,1,MIP
3695,90.957180600000001,140.29808832131195,true,3.2139098229866798,true,3.2091285925124433,32463,1802,2.86558074587923e-322,3,1,MIP
3696,90.957403400000004,140.29836365431194,true,3.2139098229866798,true,3.2091366848220515,32464,1801,2.86558074587923e-322,3,1,MIP
3697,90.957975899999994,140.2991042005564,true,3.2139098229866798,true,3.2091369760915058,32465,1800,2.86558074587923e-322,3,1,MIP
3698,90.959954499999995,140.30215325165656,true,3.2139098229866798,true,3.2091402282297325,32466,1801,2.86558074587923e-322,3,1,MIP
3699,90.960265100000001,140.30257426737421,true,3.2139098229866798,true,3.2091424560478599,32467,1802,2.86558074587923e-322,3,1,MIP
3700,90.969717399999993,140.31521964208915,true,3.2139098229866798,true,3.2091469499232153,32474,1802,2.86558074587923e-322,3,1,MIP
3701,90.982779600000001,140.33321405730783,true,3.2139098229866798,true,3.2091527382296849,32483,1801,2.86558074587923e-322,3,1,MIP
3702,90.986844000000005,140.33864928000065,true,3.2139098229866798,true,3.209156445122177,32488,1799,2.86558074587923e-322,3,1,MIP
3703,91.005859299999997,140.36359750202209,true,3.2139098229866798,true,3.2091566865176766,32505,1799,2.86558074587923e-322,3,1,MIP
3704,91.011884699999996,140.37109789402729,true,3.2139098229866798,true,3.209159127459821,32510,1798,2.86558074587923e-322,3,1,MIP
3705,91.017135800000005,140.37664453371468,true,3.2139098229866798,true,3.2091612454780125,32518,1796,2.86558074587923e-322,3,1,MIP
3706,91.026151100000007,140.38846830408008,true,3.2139098229866798,true,3.2091615815204353,32523,1793,2.86558074587923e-322,3,1,MIP
3707,91.027882399999996,140.39097681364254,true,3.2139098229866798,true,3.2091617373156804,32524,1792,2.86558074587923e-322,3,1,MIP
3708,91.028696999999994,140.3920089516985,true,3.2139098229866798,true,3.2091683262435593,32525,1791,2.86558074587923e-322,3,1,MIP
3709,91.029722500000005,140.3930027352832,true,3.2139098229866798,true,3.209171073840082,32526,1790,2.86558074587923e-322,3,1,MIP
3710,91.030321299999997,140.39389210470776,true,3.2139098229866798,true,3.2091723795067679,32527,1789,2.86558074587923e-322,3,1,MIP
3711,91.031853400000003,140.39609820741964,true,3.2139098229866798,true,3.2091765938864345,32528,1789,2.86558074587923e-322,3,1,MIP
3712,91.032279299999999,140.39673987043435,true,3.2139098229866798,true,3.2091781163962558,32529,1788,2.86558074587923e-322,3,1,MIP
3713,91.053605300000001,140.42575260040957,true,3.2139098229866798,true,3.209182796762903,32554,1792,2.86558074587923e-322,3,1,MIP
3714,91.063667199999998,140.44056488263595,true,3.2139098229866798,true,3.2091880612278736,32563,1787,2.86558074587923e-322,3,1,MIP
3715,91.065487500000003,140.44281966731026,true,3.2139098229866798,true,3.209189676908168,32564,1788,2.86558074587923e-322,3,1,MIP
3716,91.065780099999998,140.44326223179661,true,3.2139098229866798,true,3.2091923574953811,32565,1788,2.86558074587923e-322,3,1,MIP
3717,91.069677900000002,140.44879063325189,true,3.2139098229866798,true,3.2091924388876145,32570,1788,2.86558074587923e-322,3,1,MIP
3718,91.078089899999995,140.4613130393098,true,3.2139098229866798,true,3.2091930057356874,32584,1786,2.86558074587923e-322,3,1,MIP
3719,91.078561399999998,140.46200377117944,true,3.2139098229866798,true,3.2091995238722371,32585,1786,2.86558074587923e-322,3,1,MIP
3720,91.098003700000007,140.48814424419228,true,3.2139098229866798,true,3.2092097260793677,32604,1786,2.86558074587923e-322,3,1,MIP
3721,91.105761299999998,140.49830512803635,true,3.2139098229866798,true,3.2092113049188318,32614,1788,2.86558074587923e-322,3,1,MIP
3722,91.109006899999997,140.50281329133654,true,3.2139098229866798,true,3.2092127720802495,32618,1788,2.86558074587923e-322,3,1,MIP
3723,91.112233000000003,140.50785004526361,true,3.2139098229866798,true,3.2092148524688593,32623,1783,2.86558074587923e-322,3,1,MIP
3724,91.112794899999997,140.50868728732544,true,3.2139098229866798,true,3.2092204013773666,32624,1782,2.86558074587923e-322,3,1,MIP
3725,91.113351100000003,140.50950271836126,true,3.2139098229866798,true,3.2092229473177523,32625,1781,2.86558074587923e-322,3,1,MIP
3726,91.113877900000006,140.51025628989018,true,3.2139098229866798,true,3.2092293169070443,32626,1780,2.86558074587923e-322,3,1,MIP
3727,91.1144453,140.51106763027585,true,3.2139098229866798,true,3.2092391339946786,32627,1779,2.86558074587923e-322,3,1,MIP
3728,91.116429999999994,140.51381564980315,true,3.2139098229866798,true,3.2092437653967774,32628,1780,2.86558074587923e-322,3,1,MIP
3729,91.141245799999993,140.54966435506643,true,3.2139098229866798,true,3.2092471532156774,32650,1774,2.86558074587923e-322,3,1,MIP
3730,91.143051999999997,140.55227671198355,true,3.2139098229866798,true,3.2092486867871788,32653,1771,2.86558074587923e-322,3,1,MIP
3731,91.144211900000002,140.55397835435221,true,3.2139098229866798,true,3.2092505912948095,32654,1770,2.86558074587923e-322,3,1,MIP
3732,91.144950499999993,140.5550494446903,true,3.2139098229866798,true,3.2092514052253511,32655,1769,2.86558074587923e-322,3,1,MIP
3733,91.146229300000002,140.55668151032901,true,3.2139098229866798,true,3.2092565248907783,32656,1769,2.86558074587923e-322,3,1,MIP
3734,91.146571800000004,140.55717504653697,true,3.2139098229866798,true,3.209258970233305,32657,1768,2.86558074587923e-322,3,1,MIP
3735,91.147577200000001,140.55866710550643,true,3.2139098229866798,true,3.209265764725425,32659,1766,2.86558074587923e-322,3,1,MIP
3736,91.152114600000004,140.56491184963096,true,3.2139098229866798,true,3.2092660588589066,32660,1767,2.86558074587923e-322,3,1,MIP
3737,91.160787799999994,140.57753012546425,true,3.2139098229866798,true,3.2092748936051585,32671,1766,2.86558074587923e-322,3,1,MIP
3738,91.161357499999994,140.5783573160426,true,3.2139098229866798,true,3.2092749252376982,32672,1765,2.86558074587923e-322,3,1,MIP
3739,91.162624600000001,140.58005363145531,true,3.2139098229866798,true,3.2092756729847238,32673,1766,2.86558074587923e-322,3,1,MIP
3740,91.168003400000003,140.58834017875026,true,3.2139098229866798,true,3.2092758598455626,32684,1766,2.86558074587923e-322,3,1,MIP
3741,91.1738462,140.5964318170721,true,3.2139098229866798,true,3.2092777265248511,32691,1764,2.86558074587923e-322,3,1,MIP
3742,91.176177199999998,140.59979235326895,true,3.2139098229866798,true,3.2092835450455008,32694,1761,2.86558074587923e-322,3,1,MIP
3743,91.177003200000001,140.60109139326389,true,3.2139098229866798,true,3.2092853486214663,32695,1760,2.86558074587923e-322,3,1,MIP
3744,91.177662400000003,140.60198982713129,true,3.2139098229866798,true,3.2092864519442448,32696,1759,2.86558074587923e-322,3,1,MIP
3745,91.178805100000005,140.60348469827764,true,3.2139098229866798,true,3.2092896343900899,32697,1760,2.86558074587923e-322,3,1,MIP
3746,91.179200300000005,140.60412186715376,true,3.2139098229866798,true,3.2092900230213934,32698,1760,2.86558074587923e-322,3,1,MIP
3747,91.1865758,140.61337199306803,true,3.2139098229866798,true,3.2093041854807325,32702,1760,2.86558074587923e-322,3,1,MIP
3748,91.195110400000004,140.62593181422778,true,3.2139098229866798,true,3.2093072569335783,32715,1756,2.86558074587923e-322,3,1,MIP
3749,91.196804200000003,140.62830995905034,true,3.2139098229866798,true,3.2093088552953173,32716,1757,2.86558074587923e-322,3,1,MIP
3750,91.197226900000004,140.62893890112625,true,3.2139098229866798,true,3.2093109805183047,32717,1758,2.86558074587923e-322,3,1,MIP
3751,91.202762000000007,140.63670272729962,true,3.2139098229866798,true,3.2093126545046644,32725,1757,2.86558074587923e-322,3,1,MIP
3752,91.205133200000006,140.64004652081533,true,3.2139098229866798,true,3.2093141526531461,32728,1758,2.86558074587923e-322,3,1,MIP
3753,91.209197700000004,140.64607329761319,true,3.2139098229866798,true,3.2093151259343968,32734,1755,2.86558074587923e-322,3,1,MIP
3754,91.212840200000002,140.65170344663971,true,3.2139098229866798,true,3.209316592299277,32736,1755,2.86558074587923e-322,3,1,MIP
3755,91.214781299999999,140.65477518015825,true,3.2139098229866798,true,3.2093200550113838,32737,1756,2.86558074587923e-322,3,1,MIP
3756,91.220862699999998,140.66251315560433,true,3.2139098229866798,true,3.209324729904834,32744,1753,2.86558074587923e-322,3,1,MIP
3757,91.221208300000001,140.66300458529491,true,3.2139098229866798,true,3.209330425448254,32745,1754,2.86558074587923e-322,3,1,MIP
3758,91.226247999999998,140.66984858312969,true,3.2139098229866798,true,3.2093305061731301,32750,1751,2.86558074587923e-322,3,1,MIP
3759,91.226570300000006,140.67027960377249,true,3.2139098229866798,true,3.2093309354607604,32751,1752,2.86558074587923e-322,3,1,MIP
3760,91.229267100000001,140.67435970724543,true,3.2139098229866798,true,3.2093328767002975,32756,1747,2.86558074587923e-322,3,1,MIP
3761,91.230695900000001,140.67620860512307,true,3.2139098229866798,true,3.2093376850400555,32757,1748,2.86558074587923e-322,3,1,MIP
3762,91.231071400000005,140.67669105324157,true,3.2139098229866798,true,3.2093400237514516,32758,1749,2.86558074587923e-322,3,1,MIP
3763,91.233277000000001,140.67997840245502,true,3.2139098229866798,true,3.2093423378990678,32764,1744,2.86558074587923e-322,3,1,MIP
3764,91.233883000000006,140.68081687316842,true,3.2139098229866798,true,3.209343415162266,32765,1743,2.86558074587923e-322,3,1,MIP
3765,91.235352899999995,140.68307077961862,true,3.2139098229866798,true,3.2093440096295978,32766,1744,2.86558074587923e-322,3,1,MIP
3766,91.235664400000005,140.68356601333514,true,3.2139098229866798,true,3.2093447449128765,32767,1745,2.86558074587923e-322,3,1,MIP
3767,91.252659300000005,140.71416403090439,true,3.2139098229866798,true,3.2093556892346342,32773,1741,2.86558074587923e-322,3,1,MIP
3768,91.2558303,140.71754794735085,true,3.2139098229866798,true,3.2093615909421866,32774,1742,2.86558074587923e-322,3,1,MIP
3769,91.256163200000003,140.71796319735822,true,3.2139098229866798,true,3.2093656145706801,32775,1741,2.86558074587923e-322,3,1,MIP
3770,91.263962800000002,140.72894732923734,true,3.2139098229866798,true,3.2093740316404427,32778,1740,2.86558074587923e-322,3,1,MIP
3771,91.285875700000005,140.75972029950341,true,3.2139098229866798,true,3.2093749516986874,32790,1742,2.86558074587923e-322,3,1,MIP
3772,91.3140413,140.80027494685905,true,3.2139098229866798,true,3.209375305548809,32811,1748,2.86558074587923e-322,3,1,MIP
3773,91.324212900000006,140.81470213366009,true,3.2139098229866798,true,3.2093753174020483,32820,1747,2.86558074587923e-322,3,1,MIP
3774,91.339966799999999,140.83738486626709,true,3.2139098229866798,true,3.2093757401078298,32827,1746,2.86558074587923e-322,3,1,MIP
3775,91.353792999999996,140.85742691745719,true,3.2139098229866798,true,3.2093763127336734,32840,1749,2.86558074587923e-322,3,1,MIP
3776,91.363214900000003,140.86781334070861,true,3.2139098229866798,true,3.2093766650020843,32851,1748,2.86558074587923e-322,3,1,MIP
3777,91.380219699999998,140.89144107450838,true,3.2139098229866798,true,3.2093786414603289,32867,1747,2.86558074587923e-322,3,1,MIP
3778,91.384554100000003,140.89764639736623,true,3.2139098229866798,true,3.2093791929458262,32872,1742,2.86558074587923e-322,3,1,MIP
3779,91.386967600000006,140.9013781047457,true,3.2139098229866798,true,3.2093811824798451,32873,1741,2.86558074587923e-322,3,1,MIP
3780,91.392436599999996,140.90920297342282,true,3.2139098229866798,true,3.2093834965328556,32874,1742,2.86558074587923e-322,3,1,MIP
3781,91.394151600000001,140.91146171847564,true,3.2139098229866798,true,3.209384772572812,32875,1742,2.86558074587923e-322,3,1,MIP
3782,91.4064221,140.92946160170143,true,3.2139098229866798,true,3.2093848110897816,32881,1740,2.86558074587923e-322,3,1,MIP
3783,91.426758500000005,140.95689661131721,true,3.2139098229866798,true,3.2093850194835429,32899,1743,2.86558074587923e-322,3,1,MIP
3784,91.434086600000001,140.96593735184845,true,3.2139098229866798,true,3.209389659151471,32906,1740,2.86558074587923e-322,3,1,MIP
3785,91.436440200000007,140.96832986871115,true,3.2139098229866798,true,3.2093902736735993,32907,1741,2.86558074587923e-322,3,1,MIP
3786,91.439938400000003,140.9732320088988,true,3.2139098229866798,true,3.2093935311456123,32913,1739,2.86558074587923e-322,3,1,MIP
3787,91.440247499999998,140.97364213842076,true,3.2139098229866798,true,3.2093937865474631,32914,1740,2.86558074587923e-322,3,1,MIP
3788,91.464066099999997,141.01231812445329,true,3.2139098229866798,true,3.2093999606544465,32930,1738,2.86558074587923e-322,3,1,MIP
3789,91.464528400000006,141.01277678609418,true,3.2139098229866798,true,3.2094023521622441,32931,1739,2.86558074587923e-322,3,1,MIP
3790,91.475911499999995,141.02907529361275,true,3.2139098229866798,true,3.2094082308341609,32938,1735,2.86558074587923e-322,3,1,MIP
3791,91.509289699999997,141.07550397077384,true,3.2139098229866798,true,3.2094100895688644,32958,1733,2.86558074587923e-322,3,1,MIP
3792,91.517783499999993,141.08777216594794,true,3.2139098229866798,true,3.2094116430960566,32971,1733,2.86558074587923e-322,3,1,MIP
3793,91.5204284,141.09167166972586,true,3.2139098229866798,true,3.2094120897743554,32973,1733,2.86558074587923e-322,3,1,MIP
3794,91.520725400000003,141.09211788566105,true,3.2139098229866798,true,3.209414637501637,32974,1733,2.86558074587923e-322,3,1,MIP
3795,91.522274499999995,141.0945277588358,true,3.2139098229866798,true,3.209415300880492,32979,1729,2.86558074587923e-322,3,1,MIP
3796,91.5235713,141.09664599250101,true,3.2139098229866798,true,3.2094171550065966,32980,1728,2.86558074587923e-322,3,1,MIP
3797,91.532509599999997,141.10973691326274,true,3.2139098229866798,true,3.2094180052336907,32981,1729,2.86558074587923e-322,3,1,MIP
3798,91.633960799999997,141.24861445730369,true,3.2139098229866798,true,3.2094180052336911,33081,1736,2.86558074587923e-322,3,1,MIP
3799,91.735437000000005,141.38402297192053,true,3.2139098229866798,true,3.2094180052336911,33169,1736,2.86558074587923e-322,3,1,MIP
3800,91.814391599999993,141.49554045019801,true,3.2139098229866798,true,3.2094182345646445,33233,1737,2.86558074587923e-322,3,1,MIP
3801,91.825085700000002,141.5108737436868,true,3.2139098229866798,true,3.2094183924088737,33245,1738,2.86558074587923e-322,3,1,MIP
3802,91.839378300000007,141.53089383371062,true,3.2139098229866798,true,3.2094186440437298,33255,1739,2.86558074587923e-322,3,1,MIP
3803,91.850127799999996,141.54619630856848,true,3.2139098229866798,true,3.2094196121245906,33268,1737,2.86558074587923e-322,3,1,MIP
3804,91.859746700000002,141.55878524110227,true,3.2139098229866798,true,3.2094210994796906,33275,1736,2.86558074587923e-322,3,1,MIP
3805,91.866318699999994,141.56790023507094,true,3.2139098229866798,true,3.2094291336988854,33281,1732,2.86558074587923e-322,3,1,MIP
3806,91.868412500000005,141.57092181677149,true,3.2139098229866798,true,3.2094307625811451,33282,1733,2.86558074587923e-322,3,1,MIP
3807,91.868965900000006,141.57158789015108,true,3.2139098229866798,true,3.2094323521109196,33283,1734,2.86558074587923e-322,3,1,MIP
3808,91.872428299999996,141.57609286174292,true,3.2139098229866798,true,3.2094343281044013,33288,1731,2.86558074587923e-322,3,1,MIP
3809,91.872867799999995,141.57670230839761,true,3.2139098229866798,true,3.2094353078401499,33289,1732,2.86558074587923e-322,3,1,MIP
3810,91.876394300000001,141.58166281022628,true,3.2139098229866798,true,3.2094456281537034,33296,1729,2.86558074587923e-322,3,1,MIP
3811,91.876863400000005,141.58235927851914,true,3.2139098229866798,true,3.2094460460200112,33297,1730,2.86558074587923e-322,3,1,MIP
3812,91.883191600000004,141.5928068280447,true,3.2139098229866798,true,3.209447207874764,33304,1730,2.86558074587923e-322,3,1,MIP
3813,91.895187100000001,141.61068969379858,true,3.2139098229866798,true,3.2094474304043743,33320,1731,2.86558074587923e-322,3,1,MIP
3814,91.9133657,141.63634340188398,true,3.2139098229866798,true,3.2094598214759316,33342,1734,2.86558074587923e-322,3,1,MIP
3815,91.961405099999993,141.72486837288145,true,3.2139098229866798,true,3.2094620403730265,33355,1731,2.86558074587923e-322,3,1,MIP
3816,91.961532599999998,141.72506897078625,true,3.2139098229866798,true,3.209462380198782,33356,1730,2.86558074587923e-322,3,1,MIP
3817,91.964726400000004,141.72945103172174,true,3.2139098229866798,true,3.2094626365904357,33359,1730,2.86558074587923e-322,3,1,MIP
3818,91.976987899999997,141.74784587763975,true,3.2139098229866798,true,3.2094643605979134,33368,1729,2.86558074587923e-322,3,1,MIP
3819,91.987019700000005,141.7617926557312,true,3.2139098229866798,true,3.2094664729194862,33381,1726,2.86558074587923e-322,3,1,MIP
3820,91.991289899999998,141.76798823280114,true,3.2139098229866798,true,3.20946768130253,33384,1725,2.86558074587923e-322,3,1,MIP
3821,91.991753299999999,141.76863670274386,true,3.2139098229866798,true,3.2094678305371356,33385,1726,2.86558074587923e-322,3,1,MIP
3822,92.041413000000006,141.84049616020408,true,3.2139098229866798,true,3.2094700633947788,33429,1720,2.86558074587923e-322,3,1,MIP
3823,92.043135100000001,141.84255246331205,true,3.2139098229866798,true,3.2094724412170583,33432,1717,2.86558074587923e-322,3,1,MIP
3824,92.045267300000006,141.84549566098949,true,3.2139098229866798,true,3.2094730392102604,33433,1718,2.86558074587923e-322,3,1,MIP
3825,92.045681500000001,141.84603464735847,true,3.2139098229866798,true,3.2094755894912583,33434,1718,2.86558074587923e-322,3,1,MIP
3826,92.048632999999995,141.8499595654275,true,3.2139098229866798,true,3.2094791019718047,33438,1715,2.86558074587923e-322,3,1,MIP
3827,92.064158300000003,141.87642299392363,true,3.2139098229866798,true,3.2094819083500048,33440,1717,2.86558074587923e-322,3,1,MIP
3828,92.0676761,141.88129284328289,true,3.2139098229866798,true,3.2094837067671196,33445,1716,2.86558074587923e-322,3,1,MIP
3829,92.075386300000005,141.89229892581008,true,3.2139098229866798,true,3.2094860217858185,33457,1713,2.86558074587923e-322,3,1,MIP
3830,92.0796469,141.89733911834404,true,3.2139098229866798,true,3.2094863192964476,33461,1711,2.86558074587923e-322,3,1,MIP
3831,92.101307700000007,141.93844197195648,true,3.2139098229866798,true,3.2094863262477666,33463,1709,2.86558074587923e-322,3,1,MIP
3832,92.103390000000005,141.94111772673435,true,3.2139098229866798,true,3.2094865103709864,33464,1710,2.86558074587923e-322,3,1,MIP
3833,92.105585399999995,141.94427861866507,true,3.2139098229866798,true,3.2094869933753634,33465,1711,2.86558074587923e-322,3,1,MIP
3834,92.111297500000006,141.95121147573499,true,3.2139098229866798,true,3.2094872343452026,33474,1712,2.86558074587923e-322,3,1,MIP
3835,92.117774900000001,141.96093919169343,true,3.2139098229866798,true,3.2094899852701397,33482,1712,2.86558074587923e-322,3,1,MIP
3836,92.124768799999998,141.97125694145893,true,3.2139098229866798,true,3.2094945791882812,33495,1710,2.86558074587923e-322,3,1,MIP
3837,92.125243900000001,141.97194753124964,true,3.2139098229866798,true,3.2094949108132047,33496,1711,2.86558074587923e-322,3,1,MIP
3838,92.133892200000005,141.98469994171376,true,3.2139098229866798,true,3.2095000801136155,33508,1707,2.86558074587923e-322,3,1,MIP
3839,92.142959000000005,141.99759766504962,true,3.2139098229866798,true,3.2095041894345782,33514,1703,2.86558074587923e-322,3,1,MIP
3840,92.144686899999996,142.00017762317742,true,3.2139098229866798,true,3.2095045194918166,33515,1704,2.86558074587923e-322,3,1,MIP
3841,92.152888000000004,142.01210302341738,true,3.2139098229866798,true,3.2095048244697102,33524,1700,2.86558074587923e-322,3,1,MIP
3842,92.155305200000001,142.01547575472659,true,3.2139098229866798,true,3.2095051240482881,33525,1700,2.86558074587923e-322,3,1,MIP
3843,92.157616700000005,142.01867214107449,true,3.2139098229866798,true,3.2095053466661572,33530,1697,2.86558074587923e-322,3,1,MIP
3844,92.158941799999994,142.02073618229818,true,3.2139098229866798,true,3.2095105430523843,33532,1695,2.86558074587923e-322,3,1,MIP
3845,92.160960000000003,142.02421939953641,true,3.2139098229866798,true,3.2095152142106986,33533,1694,2.86558074587923e-322,3,1,MIP
3846,92.161448699999994,142.02491671593484,true,3.2139098229866798,true,3.2095160184673999,33534,1693,2.86558074587923e-322,3,1,MIP
3847,92.163690000000003,142.02830590766638,true,3.2139098229866798,true,3.2095175665622455,33535,1694,2.86558074587923e-322,3,1,MIP
3848,92.163977799999998,142.02870431708627,true,3.2139098229866798,true,3.2095211780296951,33536,1695,2.86558074587923e-322,3,1,MIP
3849,92.166668700000002,142.0323659166344,true,3.2139098229866798,true,3.2095218304560271,33541,1690,2.86558074587923e-322,3,1,MIP
3850,92.1672327,142.03318887184426,true,3.2139098229866798,true,3.2095238234472339,33542,1689,2.86558074587923e-322,3,1,MIP
3851,92.167406900000003,142.03338408884426,true,3.2139098229866798,true,3.2095240513880263,33543,1688,2.86558074587923e-322,3,1,MIP
3852,92.167540000000002,142.03353735884426,true,3.2139098229866798,true,3.2095330582741375,33544,1687,2.86558074587923e-322,3,1,MIP
3853,92.169971500000003,142.03648115617261,true,3.2139098229866798,true,3.2095339004317256,33545,1688,2.86558074587923e-322,3,1,MIP
3854,92.175662500000001,142.04471568522786,true,3.2139098229866798,true,3.2095340622601922,33554,1685,2.86558074587923e-322,3,1,MIP
3855,92.177805599999999,142.04798207543661,true,3.2139098229866798,true,3.209539378608711,33556,1684,2.86558074587923e-322,3,1,MIP
3856,92.178135400000002,142.04851280839847,true,3.2139098229866798,true,3.2095396769476112,33557,1685,2.86558074587923e-322,3,1,MIP
3857,92.183684400000004,142.0558871263967,true,3.2139098229866798,true,3.2095417851219481,33564,1685,2.86558074587923e-322,3,1,MIP
3858,92.191434799999996,142.06541175543833,true,3.2139098229866798,true,3.2095491185012355,33574,1687,2.86558074587923e-322,3,1,MIP
3859,92.205391500000005,142.08280052252402,true,3.2139098229866798,true,3.2095514773414062,33592,1685,2.86558074587923e-322,3,1,MIP
3860,92.211246700000004,142.09075363921005,true,3.2139098229866798,true,3.2095564966599102,33598,1686,2.86558074587923e-322,3,1,MIP
3861,92.217314599999995,142.09905129100309,true,3.2139098229866798,true,3.2095610670685084,33606,1686,2.86558074587923e-322,3,1,MIP
3862,92.228955299999996,142.11547602239474,true,3.2139098229866798,true,3.20956118759646,33619,1685,2.86558074587923e-322,3,1,MIP
3863,92.236597599999996,142.12578495077963,true,3.2139098229866798,true,3.2095615313388182,33627,1682,2.86558074587923e-322,3,1,MIP
3864,92.249939400000002,142.14450261917389,true,3.2139098229866798,true,3.2095637655671125,33636,1684,2.86558074587923e-322,3,1,MIP
3865,92.253596299999998,142.14952437676754,true,3.2139098229866798,true,3.2095672724465754,33641,1682,2.86558074587923e-322,3,1,MIP
3866,92.2572282,142.15484037790281,true,3.2139098229866798,true,3.2095677738086903,33650,1681,2.86558074587923e-322,3,1,MIP
3867,92.260180399999996,142.15877545245053,true,3.2139098229866798,true,3.2095716378005288,33654,1677,2.86558074587923e-322,3,1,MIP
3868,92.262128000000004,142.16113694984404,true,3.2139098229866798,true,3.209572361290113,33655,1678,2.86558074587923e-322,3,1,MIP
3869,92.262488200000007,142.16162387332122,true,3.2139098229866798,true,3.2095726946573637,33656,1677,2.86558074587923e-322,3,1,MIP
3870,92.266549699999999,142.16726833611929,true,3.2139098229866798,true,3.2095741694007018,33661,1676,2.86558074587923e-322,3,1,MIP
3871,92.266842400000002,142.16769777719276,true,3.2139098229866798,true,3.2095757087518928,33662,1677,2.86558074587923e-322,3,1,MIP
3872,92.285477499999999,142.19212185317562,true,3.2139098229866798,true,3.209576473745007,33676,1674,2.86558074587923e-322,3,1,MIP
3873,92.286252200000007,142.19303124202526,true,3.2139098229866798,true,3.2095793609348493,33677,1675,2.86558074587923e-322,3,1,MIP
3874,92.289905000000005,142.19871990068239,true,3.2139098229866798,true,3.2095795819216475,33682,1670,2.86558074587923e-322,3,1,MIP
3875,92.294865299999998,142.2052885964371,true,3.2139098229866798,true,3.2095814460192282,33686,1670,2.86558074587923e-322,3,1,MIP
3876,92.298303200000007,142.21059719191572,true,3.2139098229866798,true,3.2095821363785264,33691,1666,2.86558074587923e-322,3,1,MIP
3877,92.302661999999998,142.21589584730771,true,3.2139098229866798,true,3.209582167173509,33693,1668,2.86558074587923e-322,3,1,MIP
3878,92.307621299999994,142.22306797813255,true,3.2139098229866798,true,3.2095822503915246,33703,1668,2.86558074587923e-322,3,1,MIP
3879,92.3286734,142.25140604086087,true,3.2139098229866798,true,3.2095823198848907,33720,1669,2.86558074587923e-322,3,1,MIP
3880,92.333860599999994,142.25878874882673,true,3.2139098229866798,true,3.2095863453698299,33728,1668,2.86558074587923e-322,3,1,MIP
3881,92.337238999999997,142.2637591562461,true,3.2139098229866798,true,3.2095882993987193,33735,1665,2.86558074587923e-322,3,1,MIP
3882,92.338792699999999,142.26601915867411,true,3.2139098229866798,true,3.2095913980204642,33737,1664,2.86558074587923e-322,3,1,MIP
3883,92.341100499999996,142.26867243544271,true,3.2139098229866798,true,3.2095939950996009,33739,1665,2.86558074587923e-322,3,1,MIP
3884,92.344677099999998,142.2728204053343,true,3.2139098229866798,true,3.2095951753111471,33743,1663,2.86558074587923e-322,3,1,MIP
3885,92.345003500000004,142.27323225417535,true,3.2139098229866798,true,3.2095959712480044,33744,1664,2.86558074587923e-322,3,1,MIP
3886,92.350641300000007,142.28068454151247,true,3.2139098229866798,true,3.2095969019234167,33751,1665,2.86558074587923e-322,3,1,MIP
3887,92.358533499999993,142.29190343309577,true,3.2139098229866798,true,3.2095973554754114,33761,1661,2.86558074587923e-322,3,1,MIP
3888,92.3587682,142.29217867509576,true,3.2139098229866798,true,3.2095988939203446,33762,1660,2.86558074587923e-322,3,1,MIP
3889,92.359362300000001,142.29308137362389,true,3.2139098229866798,true,3.2096002631931677,33763,1659,2.86558074587923e-322,3,1,MIP
3890,92.359898200000003,142.29382948757075,true,3.2139098229866798,true,3.2096011883371114,33764,1658,2.86558074587923e-322,3,1,MIP
3891,92.361675599999998,142.29646344210059,true,3.2139098229866798,true,3.2096055907179988,33767,1655,2.86558074587923e-322,3,1,MIP
3892,92.362937500000001,142.29799977109718,true,3.2139098229866798,true,3.2096059806425967,33768,1656,2.86558074587923e-322,3,1,MIP
3893,92.363070100000002,142.29818784643052,true,3.2139098229866798,true,3.2096075779026165,33769,1655,2.86558074587923e-322,3,1,MIP
3894,92.366605000000007,142.30256527487043,true,3.2139098229866798,true,3.2096104752797885,33773,1654,2.86558074587923e-322,3,1,MIP
3895,92.366740500000006,142.3027756246025,true,3.2139098229866798,true,3.2096115923102211,33774,1653,2.86558074587923e-322,3,1,MIP
3896,92.373068799999999,142.31088555162231,true,3.2139098229866798,true,3.2096139657945337,33785,1652,2.86558074587923e-322,3,1,MIP
3897,92.375860099999997,142.31511356518985,true,3.2139098229866798,true,3.2096150968133719,33788,1649,2.86558074587923e-322,3,1,MIP
3898,92.379006799999999,142.32047858117002,true,3.2139098229866798,true,3.2096157145266511,33789,1650,2.86558074587923e-322,3,1,MIP
3899,92.379210599999993,142.32078945087821,true,3.2139098229866798,true,3.2096186403562958,33790,1649,2.86558074587923e-322,3,1,MIP
3900,92.382073300000002,142.32458004577339,true,3.2139098229866798,true,3.2096190345886928,33793,1649,2.86558074587923e-322,3,1,MIP
3901,92.384491699999998,142.32821150273989,true,3.2139098229866798,true,3.2096201819611321,33797,1645,2.86558074587923e-322,3,1,MIP
3902,92.386680699999999,142.33105088945041,true,3.2139098229866798,true,3.2096265488006495,33798,1645,2.86558074587923e-322,3,1,MIP
3903,92.387148300000007,142.33155704096515,true,3.2139098229866798,true,3.2096300558363637,33799,1644,2.86558074587923e-322,3,1,MIP
3904,92.389585100000005,142.33466000376163,true,3.2139098229866798,true,3.20963072730218,33801,1644,2.86558074587923e-322,3,1,MIP
3905,92.394470999999996,142.34173265086494,true,3.2139098229866798,true,3.2096323995450837,33807,1641,2.86558074587923e-322,3,1,MIP
3906,92.395912199999998,142.34367812287698,true,3.2139098229866798,true,3.2096333644497039,33809,1639,2.86558074587923e-322,3,1,MIP
3907,92.396970199999998,142.345257066637,true,3.2139098229866798,true,3.2096335161999874,33811,1637,2.86558074587923e-322,3,1,MIP
3908,92.3975346,142.34614472560355,true,3.2139098229866798,true,3.2096374344283825,33812,1636,2.86558074587923e-322,3,1,MIP
3909,92.398117200000002,142.34692121005881,true,3.2139098229866798,true,3.2096413619206219,33813,1635,2.86558074587923e-322,3,1,MIP
3910,92.399322100000006,142.34853490373922,true,3.2139098229866798,true,3.209642712425921,33814,1634,2.86558074587923e-322,3,1,MIP
3911,92.400368499999999,142.35013015382751,true,3.2139098229866798,true,3.2096533820599262,33815,1633,2.86558074587923e-322,3,1,MIP
3912,92.4023574,142.35320580950452,true,3.2139098229866798,true,3.2096589977284666,33817,1631,2.86558074587923e-322,3,1,MIP
3913,92.403200699999999,142.35439918109455,true,3.2139098229866798,true,3.2096606288885918,33818,1630,2.86558074587923e-322,3,1,MIP
3914,92.405435699999998,142.35832620030109,true,3.2139098229866798,true,3.2096608127140276,33819,1629,2.86558074587923e-322,3,1,MIP
3915,92.407338300000006,142.36098039174004,true,3.2139098229866798,true,3.209661201777319,33820,1630,2.86558074587923e-322,3,1,MIP
3916,92.407699100000002,142.36156662804976,true,3.2139098229866798,true,3.2096661993732272,33821,1630,2.86558074587923e-322,3,1,MIP
3917,92.411951200000004,142.36756224102191,true,3.2139098229866798,true,3.2096741184469701,33826,1628,2.86558074587923e-322,3,1,MIP
3918,92.413306000000006,142.36952722369003,true,3.2139098229866798,true,3.2096743151841722,33827,1627,2.86558074587923e-322,3,1,MIP
3919,92.415390400000007,142.37257162249969,true,3.2139098229866798,true,3.2096764739554953,33830,1624,2.86558074587923e-322,3,1,MIP
3920,92.417094399999996,142.3749856733582,true,3.2139098229866798,true,3.2096769424120541,33831,1623,2.86558074587923e-322,3,1,MIP
3921,92.417907700000001,142.3761924984687,true,3.2139098229866798,true,3.2096791685690316,33832,1622,2.86558074587923e-322,3,1,MIP
3922,92.421046700000005,142.38013234830237,true,3.2139098229866798,true,3.2096836952579286,33833,1623,2.86558074587923e-322,3,1,MIP
3923,92.426287099999996,142.38747626908795,true,3.2139098229866798,true,3.2096839792293972,33842,1622,2.86558074587923e-322,3,1,MIP
3924,92.442268600000006,142.40934814694958,true,3.2139098229866798,true,3.2096895769360811,33860,1622,2.86558074587923e-322,3,1,MIP
3925,92.450177100000005,142.42083995118503,true,3.2139098229866798,true,3.2096965299721036,33875,1621,2.86558074587923e-322,3,1,MIP
3926,92.456886100000006,142.4310407393323,true,3.2139098229866798,true,3.2096972944676061,33889,1619,2.86558074587923e-322,3,1,MIP
3927,92.459251100000003,142.43418853080783,true,3.2139098229866798,true,3.209697322605348,33892,1617,2.86558074587923e-322,3,1,MIP
3928,92.4629932,142.43855639384478,true,3.2139098229866798,true,3.2097004261973767,33894,1618,2.86558074587923e-322,3,1,MIP
3929,92.467581600000003,142.4447242629542,true,3.2139098229866798,true,3.2097004436607146,33903,1615,2.86558074587923e-322,3,1,MIP
3930,92.471277299999997,142.44844006642035,true,3.2139098229866798,true,3.2097009085267394,33905,1614,2.86558074587923e-322,3,1,MIP
3931,92.473403399999995,142.45148020200705,true,3.2139098229866798,true,3.2097038878898236,33907,1614,2.86558074587923e-322,3,1,MIP
3932,92.473792299999999,142.4520783656786,true,3.2139098229866798,true,3.2097080617645353,33908,1615,2.86558074587923e-322,3,1,MIP
3933,92.478247499999995,142.4586206207693,true,3.2139098229866798,true,3.2097086596714672,33918,1615,2.86558074587923e-322,3,1,MIP
3934,92.480309899999995,142.4615118638078,true,3.2139098229866798,true,3.2097116020920322,33921,1612,2.86558074587923e-322,3,1,MIP
3935,92.483390600000007,142.46526414982398,true,3.2139098229866798,true,3.2097259803286331,33922,1613,2.86558074587923e-322,3,1,MIP
3936,92.483534000000006,142.46544606618974,true,3.2139098229866798,true,3.2097266281473749,33923,1612,2.86558074587923e-322,3,1,MIP
3937,92.488492199999996,142.47204776148212,true,3.2139098229866798,true,3.2097292421430361,33929,1610,2.86558074587923e-322,3,1,MIP
3938,92.4937714,142.4787867044212,true,3.2139098229866798,true,3.2097293950045387,33931,1612,2.86558074587923e-322,3,1,MIP
3939,92.498803499999994,142.48562261229532,true,3.2139098229866798,true,3.209731040160261,33940,1611,2.86558074587923e-322,3,1,MIP
3940,92.499126500000003,142.48608490811739,true,3.2139098229866798,true,3.20973148584407,33941,1612,2.86558074587923e-322,3,1,MIP
3941,92.5040111,142.49334173594261,true,3.2139098229866798,true,3.2097334874726067,33947,1609,2.86558074587923e-322,3,1,MIP
3942,92.505668999999997,142.49579737557193,true,3.2139098229866798,true,3.209736745907561,33948,1610,2.86558074587923e-322,3,1,MIP
3943,92.522310399999995,142.51885974491975,true,3.2139098229866798,true,3.2097393056070436,33961,1611,2.86558074587923e-322,3,1,MIP
3944,92.522963099999998,142.51990451104302,true,3.2139098229866798,true,3.2097438429450795,33962,1610,2.86558074587923e-322,3,1,MIP
3945,92.525648399999994,142.52388422507011,true,3.2139098229866798,true,3.2097446001618217,33963,1609,2.86558074587923e-322,3,1,MIP
3946,92.526189500000001,142.5246897200384,true,3.2139098229866798,true,3.2097446084697361,33964,1608,2.86558074587923e-322,3,1,MIP
3947,92.526969300000005,142.52570727942538,true,3.2139098229866798,true,3.2097501749575055,33965,1607,2.86558074587923e-322,3,1,MIP
3948,92.530187999999995,142.52920368588329,true,3.2139098229866798,true,3.2097506803110041,33966,1608,2.86558074587923e-322,3,1,MIP
3949,92.530490999999998,142.52947069772179,true,3.2139098229866798,true,3.2097538048630732,33967,1607,2.86558074587923e-322,3,1,MIP
3950,92.536155500000007,142.53840939289992,true,3.2139098229866798,true,3.2097549129438727,33970,1606,2.86558074587923e-322,3,1,MIP
3951,92.5365441,142.53887974898444,true,3.2139098229866798,true,3.2097614713306899,33971,1607,2.86558074587923e-322,3,1,MIP
3952,92.543862799999999,142.54851213175695,true,3.2139098229866798,true,3.209770242550769,33980,1607,2.86558074587923e-322,3,1,MIP
3953,92.549570500000002,142.55673733616408,true,3.2139098229866798,true,3.2097709433237247,33984,1607,2.86558074587923e-322,3,1,MIP
3954,92.556076099999999,142.56617896057804,true,3.2139098229866798,true,3.2097710683224565,33991,1603,2.86558074587923e-322,3,1,MIP
3955,92.558195499999997,142.56960420876959,true,3.2139098229866798,true,3.2097714114295188,33994,1600,2.86558074587923e-322,3,1,MIP
3956,92.560792800000002,142.57314723424369,true,3.2139098229866798,true,3.2097861110004038,33995,1601,2.86558074587923e-322,3,1,MIP
3957,92.566962399999994,142.58199268485674,true,3.2139098229866798,true,3.2097894708262928,34009,1600,2.86558074587923e-322,3,1,MIP
3958,92.574363199999993,142.59064959009686,true,3.2139098229866798,true,3.2097907337570195,34013,1600,2.86558074587923e-322,3,1,MIP
3959,92.581592400000005,142.60059485683078,true,3.2139098229866798,true,3.2097924519034793,34022,1601,2.86558074587923e-322,3,1,MIP
3960,92.590002799999993,142.61181916074241,true,3.2139098229866798,true,3.2097927904195078,34034,1598,2.86558074587923e-322,3,1,MIP
3961,92.590772799999996,142.6127262404228,true,3.2139098229866798,true,3.2098014739649314,34035,1597,2.86558074587923e-322,3,1,MIP
3962,92.599286000000006,142.62575761524033,true,3.2139098229866798,true,3.2098046309580672,34044,1596,2.86558074587923e-322,3,1,MIP
3963,92.599628999999993,142.62626707846383,true,3.2139098229866798,true,3.2098099910387639,34045,1597,2.86558074587923e-322,3,1,MIP
3964,92.612087200000005,142.64211165386359,true,3.2139098229866798,true,3.2098219981537359,34063,1592,2.86558074587923e-322,3,1,MIP
3965,92.615356500000004,142.64627160344028,true,3.2139098229866798,true,3.2098223283544951,34064,1593,2.86558074587923e-322,3,1,MIP
3966,92.616272199999997,142.64752849873864,true,3.2139098229866798,true,3.2098260923831345,34065,1594,2.86558074587923e-322,3,1,MIP
3967,92.632617699999997,142.67287468121486,true,3.2139098229866798,true,3.2098267056172962,34075,1593,2.86558074587923e-322,3,1,MIP
3968,92.638984699999995,142.68138235949132,true,3.2139098229866798,true,3.2098281247128755,34079,1591,2.86558074587923e-322,3,1,MIP
3969,92.639556200000001,142.68199593652105,true,3.2139098229866798,true,3.2098309730141441,34080,1592,2.86558074587923e-322,3,1,MIP
3970,92.642764499999998,142.68591482654398,true,3.2139098229866798,true,3.2098317289703395,34085,1589,2.86558074587923e-322,3,1,MIP
3971,92.671053000000001,142.74158020507559,true,3.2139098229866798,true,3.209831887865342,34099,1585,2.86558074587923e-322,3,1,MIP
3972,92.673836899999998,142.74547882097417,true,3.2139098229866798,true,3.2098356646894031,34100,1586,2.86558074587923e-322,3,1,MIP
3973,92.674579199999997,142.74653538961203,true,3.2139098229866798,true,3.2098360928622673,34101,1585,2.86558074587923e-322,3,1,MIP
3974,92.678360600000005,142.75147514228769,true,3.2139098229866798,true,3.2098363704454709,34106,1584,2.86558074587923e-322,3,1,MIP
3975,92.683705099999997,142.75806895885765,true,3.2139098229866798,true,3.2098494294044255,34110,1584,2.86558074587923e-322,3,1,MIP
3976,92.7036674,142.79302207813893,true,3.2139098229866798,true,3.2098498054733273,34118,1585,2.86558074587923e-322,3,1,MIP
3977,92.756649600000003,142.87356922396677,true,3.2139098229866798,true,3.209850424195273,34130,1583,2.86558074587923e-322,3,1,MIP
3978,92.763486900000004,142.88300557992255,true,3.2139098229866798,true,3.2098521194590135,34138,1577,2.86558074587923e-322,3,1,MIP
3979,92.765035499999996,142.88507302073779,true,3.2139098229866798,true,3.2098626708207156,34139,1578,2.86558074587923e-322,3,1,MIP
3980,92.765353399999995,142.88557470489147,true,3.2139098229866798,true,3.2098641574357383,34140,1577,2.86558074587923e-322,3,1,MIP
3981,92.767711599999998,142.88885672669869,true,3.2139098229866798,true,3.2098668840723592,34143,1576,2.86558074587923e-322,3,1,MIP
3982,92.768176400000002,142.88963138803294,true,3.2139098229866798,true,3.2098722652411635,34144,1575,2.86558074587923e-322,3,1,MIP
3983,92.773379700000007,142.8965501461438,true,3.2139098229866798,true,3.2098737169629965,34149,1574,2.86558074587923e-322,3,1,MIP
3984,92.7746092,142.89837604381293,true,3.2139098229866798,true,3.2098740272868205,34150,1575,2.86558074587923e-322,3,1,MIP
3985,92.781359199999997,142.90774989424898,true,3.2139098229866798,true,3.2098748359199543,34165,1576,2.86558074587923e-322,3,1,MIP
3986,92.785982000000004,142.91447330625348,true,3.2139098229866798,true,3.2098801018931629,34173,1571,2.86558074587923e-322,3,1,MIP
3987,92.786785199999997,142.91572732723031,true,3.2139098229866798,true,3.2098802860624387,34174,1570,2.86558074587923e-322,3,1,MIP
3988,92.790698800000001,142.92071285109054,true,3.2139098229866798,true,3.2098803179744291,34176,1570,2.86558074587923e-322,3,1,MIP
3989,92.7911754,142.92125683209932,true,3.2139098229866798,true,3.2098810453050319,34177,1571,2.86558074587923e-322,3,1,MIP
3990,92.800697700000001,142.9338840561133,true,3.2139098229866798,true,3.209885555286438,34184,1570,2.86558074587923e-322,3,1,MIP
3991,92.806070300000002,142.94182513848799,true,3.2139098229866798,true,3.2098881858085218,34194,1570,2.86558074587923e-322,3,1,MIP
3992,92.810253700000004,142.94695288786986,true,3.2139098229866798,true,3.2098884290401313,34200,1567,2.86558074587923e-322,3,1,MIP
3993,92.813682,142.9514043009776,true,3.2139098229866798,true,3.2098939136098514,34204,1564,2.86558074587923e-322,3,1,MIP
3994,92.816857099999993,142.95521634218667,true,3.2139098229866798,true,3.2098968796105956,34206,1564,2.86558074587923e-322,3,1,MIP
3995,92.817369400000004,142.95581375352987,true,3.2139098229866798,true,3.2098978992004419,34207,1565,2.86558074587923e-322,3,1,MIP
3996,92.820492400000006,142.96022105512907,true,3.2139098229866798,true,3.2098981013654821,34214,1560,2.86558074587923e-322,3,1,MIP
3997,92.823327899999995,142.96367334261268,true,3.2139098229866798,true,3.2098984030573714,34215,1561,2.86558074587923e-322,3,1,MIP
3998,92.825141500000001,142.96553785618789,true,3.2139098229866798,true,3.2099001128754843,34216,1562,2.86558074587923e-322,3,1,MIP
3999,92.832356200000007,142.9756050119432,true,3.2139098229866798,true,3.2099048090511486,34227,1563,2.86558074587923e-322,3,1,MIP
4000,92.842420799999999,142.99013893761818,true,3.2139098229866798,true,3.2099069548677228,34236,1562,2.86558074587923e-322,3,1,MIP
4001,92.849297399999998,142.9993101017055,true,3.2139098229866798,true,3.2099084101497448,34241,1559,2.86558074587923e-322,3,1,MIP
4002,92.849843199999995,142.99990582070976,true,3.2139098229866798,true,3.2099115684974286,34242,1558,2.86558074587923e-322,3,1,MIP
4003,92.866889200000003,143.02409544169291,true,3.2139098229866798,true,3.2099162140553625,34259,1557,2.86558074587923e-322,3,1,MIP
4004,92.8670312,143.0243282120324,true,3.2139098229866798,true,3.2099173677298811,34260,1556,2.86558074587923e-322,3,1,MIP
4005,92.869630999999998,143.02793656273965,true,3.2139098229866798,true,3.2099200729876269,34263,1554,2.86558074587923e-322,3,1,MIP
4006,92.869735599999998,143.02811353936704,true,3.2139098229866798,true,3.2099205937285409,34264,1553,2.86558074587923e-322,3,1,MIP
4007,92.872136900000001,143.03028391776078,true,3.2139098229866798,true,3.2099225843027428,34266,1551,2.86558074587923e-322,3,1,MIP
4008,92.872719200000006,143.03123992724949,true,3.2139098229866798,true,3.2099231741162271,34267,1550,2.86558074587923e-322,3,1,MIP
4009,92.885265500000003,143.05320686024046,true,3.2139098229866798,true,3.2099247349429949,34268,1551,2.86558074587923e-322,3,1,MIP
4010,92.886559599999998,143.05531812055665,true,3.2139098229866798,true,3.2099257375126857,34269,1551,2.86558074587923e-322,3,1,MIP
4011,92.899923999999999,143.07056786324046,true,3.2139098229866798,true,3.2099264479148051,34274,1547,2.86558074587923e-322,3,1,MIP
4012,92.900779200000002,143.07151289646328,true,3.2139098229866798,true,3.2099268462644384,34275,1546,2.86558074587923e-322,3,1,MIP
4013,92.902179500000003,143.0730422654168,true,3.2139098229866798,true,3.2099280881406784,34276,1546,2.86558074587923e-322,3,1,MIP
4014,92.902629399999995,143.07348181209645,true,3.2139098229866798,true,3.2099288171670595,34277,1547,2.86558074587923e-322,3,1,MIP
4015,92.911987600000003,143.08649560888853,true,3.2139098229866798,true,3.2099298013037818,34292,1546,2.86558074587923e-322,3,1,MIP
4016,92.915896599999996,143.09142508476245,true,3.2139098229866798,true,3.2099356325630533,34293,1547,2.86558074587923e-322,3,1,MIP
4017,92.917057499999999,143.09300896858963,true,3.2139098229866798,true,3.2099381470916266,34294,1546,2.86558074587923e-322,3,1,MIP
4018,92.930254599999998,143.111250326673,true,3.2139098229866798,true,3.2099387274816786,34316,1547,2.86558074587923e-322,3,1,MIP
4019,92.934889400000003,143.11716298420887,true,3.2139098229866798,true,3.2099417925019735,34324,1547,2.86558074587923e-322,3,1,MIP
4020,92.942437699999999,143.12616742752144,true,3.2139098229866798,true,3.2099432409533311,34333,1547,2.86558074587923e-322,3,1,MIP
4021,92.952123400000005,143.13695939161298,true,3.2139098229866798,true,3.2099450991008389,34348,1544,2.86558074587923e-322,3,1,MIP
4022,92.955109500000006,143.14045620952047,true,3.2139098229866798,true,3.2099459690146648,34349,1545,2.86558074587923e-322,3,1,MIP
4023,92.955626699999996,143.1410080633068,true,3.2139098229866798,true,3.20994708571006,34350,1546,2.86558074587923e-322,3,1,MIP
4024,92.960102500000005,143.14681769743322,true,3.2139098229866798,true,3.2099472231062047,34358,1545,2.86558074587923e-322,3,1,MIP
4025,92.963606900000002,143.15144595103945,true,3.2139098229866798,true,3.2099506250643643,34362,1545,2.86558074587923e-322,3,1,MIP
4026,92.966898499999999,143.15571072581031,true,3.2139098229866798,true,3.2099509117886789,34369,1540,2.86558074587923e-322,3,1,MIP
4027,92.968456900000007,143.15805011130777,true,3.2139098229866798,true,3.2099518322710847,34370,1539,2.86558074587923e-322,3,1,MIP
4028,92.969403799999995,143.15935557007487,true,3.2139098229866798,true,3.2099526870665755,34371,1538,2.86558074587923e-322,3,1,MIP
4029,92.971697899999995,143.16273425871611,true,3.2139098229866798,true,3.2099542687305851,34372,1537,2.86558074587923e-322,3,1,MIP
4030,92.974387199999995,143.16635538359972,true,3.2139098229866798,true,3.2099545909512761,34374,1535,2.86558074587923e-322,3,1,MIP
4031,92.977084599999998,143.16963237232108,true,3.2139098229866798,true,3.2099548082803979,34375,1536,2.86558074587923e-322,3,1,MIP
4032,93.018053600000002,143.22399882268607,true,3.2139098229866798,true,3.2099561582534362,34414,1531,2.86558074587923e-322,3,1,MIP
4033,93.026997699999995,143.23717031956446,true,3.2139098229866798,true,3.2099570231468468,34425,1527,2.86558074587923e-322,3,1,MIP
4034,93.029213499999997,143.24042185712224,true,3.2139098229866798,true,3.2099571339565975,34429,1523,2.86558074587923e-322,3,1,MIP
4035,93.029748400000003,143.2411858497411,true,3.2139098229866798,true,3.2099591332479056,34430,1522,2.86558074587923e-322,3,1,MIP
4036,93.054213500000003,143.28907467598748,true,3.2139098229866798,true,3.2099603139221338,34431,1521,2.86558074587923e-322,3,1,MIP
4037,93.060755799999995,143.30041647015335,true,3.2139098229866798,true,3.2099612128286932,34432,1520,2.86558074587923e-322,3,1,MIP
4038,93.061358400000003,143.30125028817852,true,3.2139098229866798,true,3.2099617899632227,34433,1519,2.86558074587923e-322,3,1,MIP
4039,93.0620397,143.30222085486207,true,3.2139098229866798,true,3.2099625074053773,34434,1518,2.86558074587923e-322,3,1,MIP
4040,93.066676999999999,143.30809611215514,true,3.2139098229866798,true,3.2099641544726865,34435,1519,2.86558074587923e-322,3,1,MIP
4041,93.067380799999995,143.30882489521119,true,3.2139098229866798,true,3.209964868564561,34436,1518,2.86558074587923e-322,3,1,MIP
4042,93.070784599999996,143.31380938231612,true,3.2139098229866798,true,3.2099648762342756,34441,1516,2.86558074587923e-322,3,1,MIP
4043,93.075614099999996,143.31967899376846,true,3.2139098229866798,true,3.2099682724132057,34443,1518,2.86558074587923e-322,3,1,MIP
4044,93.079609000000005,143.32556746665432,true,3.2139098229866798,true,3.2099725846690195,34448,1513,2.86558074587923e-322,3,1,MIP
4045,93.081884000000002,143.32898365712188,true,3.2139098229866798,true,3.2099755459377457,34451,1510,2.86558074587923e-322,3,1,MIP
4046,93.085025000000002,143.33261286308019,true,3.2139098229866798,true,3.2099832990165114,34452,1511,2.86558074587923e-322,3,1,MIP
4047,93.085337800000005,143.33300784070641,true,3.2139098229866798,true,3.2099851819797105,34453,1512,2.86558074587923e-322,3,1,MIP
4048,93.094818099999998,143.34347579530063,true,3.2139098229866798,true,3.2099868831959606,34466,1512,2.86558074587923e-322,3,1,MIP
4049,93.096300299999996,143.34556636580581,true,3.2139098229866798,true,3.2099869546186923,34467,1513,2.86558074587923e-322,3,1,MIP
4050,93.103964099999999,143.35691350554578,true,3.2139098229866798,true,3.2099886545556369,34478,1511,2.86558074587923e-322,3,1,MIP
4051,93.104748900000004,143.35773752706635,true,3.2139098229866798,true,3.2099892959392746,34479,1510,2.86558074587923e-322,3,1,MIP
4052,93.107355600000005,143.36156463458786,true,3.2139098229866798,true,3.2099954873232379,34480,1511,2.86558074587923e-322,3,1,MIP
4053,93.112224900000001,143.36871959376526,true,3.2139098229866798,true,3.2099958549990713,34484,1509,2.86558074587923e-322,3,1,MIP
4054,93.114103,143.37134656536682,true,3.2139098229866798,true,3.2099975267528702,34487,1506,2.86558074587923e-322,3,1,MIP
4055,93.121895600000002,143.38265941850364,true,3.2139098229866798,true,3.2099981907314348,34497,1502,2.86558074587923e-322,3,1,MIP
4056,93.123254500000002,143.38445654372589,true,3.2139098229866798,true,3.2099990125813394,34498,1503,2.86558074587923e-322,3,1,MIP
4057,93.123673199999999,143.38499529419931,true,3.2139098229866798,true,3.2100014815490967,34499,1502,2.86558074587923e-322,3,1,MIP
4058,93.125576699999996,143.3875257458574,true,3.2139098229866798,true,3.2100030832422526,34502,1499,2.86558074587923e-322,3,1,MIP
4059,93.129440799999998,143.39336833116508,true,3.2139098229866798,true,3.2100085102230445,34507,1496,2.86558074587923e-322,3,1,MIP
4060,93.1297675,143.39381895238776,true,3.2139098229866798,true,3.210009938445844,34508,1497,2.86558074587923e-322,3,1,MIP
4061,93.136590699999999,143.40288458934492,true,3.2139098229866798,true,3.2100101594714268,34516,1497,2.86558074587923e-322,3,1,MIP
4062,93.151267099999998,143.42174561314584,true,3.2139098229866798,true,3.2100105947364979,34537,1496,2.86558074587923e-322,3,1,MIP
4063,93.154236900000001,143.42570962986449,true,3.2139098229866798,true,3.2100124370673413,34541,1494,2.86558074587923e-322,3,1,MIP
4064,93.154942599999998,143.42663916899369,true,3.2139098229866798,true,3.2100126820889026,34542,1495,2.86558074587923e-322,3,1,MIP
4065,93.158924600000006,143.43242435384724,true,3.2139098229866798,true,3.2100164854419631,34549,1490,2.86558074587923e-322,3,1,MIP
4066,93.167780500000006,143.44634058152647,true,3.2139098229866798,true,3.2100184516406163,34550,1489,2.86558074587923e-322,3,1,MIP
4067,93.177746900000002,143.46197153181376,true,3.2139098229866798,true,3.2100204258803848,34552,1488,2.86558074587923e-322,3,1,MIP
4068,93.178088399999993,143.46240491147236,true,3.2139098229866798,true,3.2100267628674546,34553,1488,2.86558074587923e-322,3,1,MIP
4069,93.180871400000001,143.4664328113187,true,3.2139098229866798,true,3.210034591281266,34556,1486,2.86558074587923e-322,3,1,MIP
4070,93.184657400000006,143.46991681979753,true,3.2139098229866798,true,3.2100378885743774,34558,1486,2.86558074587923e-322,3,1,MIP
4071,93.189713100000006,143.47717133750916,true,3.2139098229866798,true,3.2100382466527124,34566,1486,2.86558074587923e-322,3,1,MIP
4072,93.197440099999994,143.48797159228607,true,3.2139098229866798,true,3.2100390032527795,34575,1485,2.86558074587923e-322,3,1,MIP
4073,93.197964200000001,143.48858448884897,true,3.2139098229866798,true,3.2100413568304256,34576,1486,2.86558074587923e-322,3,1,MIP
4074,93.2042134,143.49679044097348,true,3.2139098229866798,true,3.2100506221761349,34584,1484,2.86558074587923e-322,3,1,MIP
4075,93.207946800000002,143.50161371567472,true,3.2139098229866798,true,3.2100543232334928,34586,1485,2.86558074587923e-322,3,1,MIP
4076,93.237148500000004,143.53919390305137,true,3.2139098229866798,true,3.2100600101402144,34619,1483,2.86558074587923e-322,3,1,MIP
4077,93.241886899999997,143.5459631183206,true,3.2139098229866798,true,3.2100602599510863,34623,1481,2.86558074587923e-322,3,1,MIP
4078,93.242275699999993,143.54657146047899,true,3.2139098229866798,true,3.2100606128567994,34624,1482,2.86558074587923e-322,3,1,MIP
4079,93.254461599999999,143.5620576953057,true,3.2139098229866798,true,3.2100611625729494,34644,1484,2.86558074587923e-322,3,1,MIP
4080,93.283688900000001,143.60163208957329,true,3.2139098229866798,true,3.210062632751173,34689,1480,2.86558074587923e-322,3,1,MIP
4081,93.285183599999996,143.6036473852667,true,3.2139098229866798,true,3.2100696507554605,34694,1475,2.86558074587923e-322,3,1,MIP
4082,93.2857822,143.60455732073871,true,3.2139098229866798,true,3.2100716912545635,34695,1474,2.86558074587923e-322,3,1,MIP
4083,93.287072699999996,143.60621318149691,true,3.2139098229866798,true,3.2100723442246091,34696,1473,2.86558074587923e-322,3,1,MIP
4084,93.288293699999997,143.60793075366942,true,3.2139098229866798,true,3.210074195029359,34697,1472,2.86558074587923e-322,3,1,MIP
4085,93.2913882,143.61295673550862,true,3.2139098229866798,true,3.2100757184551236,34698,1472,2.86558074587923e-322,3,1,MIP
4086,93.291675299999994,143.61322598066397,true,3.2139098229866798,true,3.2100818010186662,34699,1471,2.86558074587923e-322,3,1,MIP
4087,93.294657299999997,143.61702882056403,true,3.2139098229866798,true,3.2100823140183561,34701,1471,2.86558074587923e-322,3,1,MIP
4088,93.298168799999999,143.62127836981804,true,3.2139098229866798,true,3.21008309665672,34704,1472,2.86558074587923e-322,3,1,MIP
4089,93.306878100000006,143.63338458166132,true,3.2139098229866798,true,3.210095625454116,34713,1471,2.86558074587923e-322,3,1,MIP
4090,93.309561500000001,143.63709189849905,true,3.2139098229866798,true,3.210095924006596,34718,1468,2.86558074587923e-322,3,1,MIP
4091,93.309906100000006,143.63758053156045,true,3.2139098229866798,true,3.2101004731419556,34719,1469,2.86558074587923e-322,3,1,MIP
4092,93.321894799999995,143.65359414783333,true,3.2139098229866798,true,3.2101019469226406,34731,1467,2.86558074587923e-322,3,1,MIP
4093,93.325904199999997,143.65832710692703,true,3.2139098229866798,true,3.2101024157334521,34736,1465,2.86558074587923e-322,3,1,MIP
4094,93.326261400000007,143.65884150008023,true,3.2139098229866798,true,3.2101033126356624,34737,1464,2.86558074587923e-322,3,1,MIP
4095,93.343068500000001,143.69178463578154,true,3.2139098229866798,true,3.2101041818127962,34739,1462,2.86558074587923e-322,3,1,MIP
4096,93.346585300000001,143.69583375173798,true,3.2139098229866798,true,3.2101050383796803,34740,1463,2.86558074587923e-322,3,1,MIP
4097,93.347375900000003,143.69661186229183,true,3.2139098229866798,true,3.2101058525675477,34741,1463,2.86558074587923e-322,3,1,MIP
4098,93.3520453,143.70355752557015,true,3.2139098229866798,true,3.2101072918284501,34752,1460,2.86558074587923e-322,3,1,MIP
4099,93.354174700000002,143.7052762231977,true,3.2139098229866798,true,3.2101078766539137,34753,1461,2.86558074587923e-322,3,1,MIP
4100,93.3545376,143.70572105249738,true,3.2139098229866798,true,3.2101136044446292,34754,1462,2.86558074587923e-322,3,1,MIP
4101,93.360140299999998,143.71379201492556,true,3.2139098229866798,true,3.2101150495384543,34767,1461,2.86558074587923e-322,3,1,MIP
4102,93.362632099999999,143.71725548381636,true,3.2139098229866798,true,3.2101159085783757,34770,1460,2.86558074587923e-322,3,1,MIP
4103,93.3663332,143.72249450620359,true,3.2139098229866798,true,3.2101162594029491,34773,1457,2.86558074587923e-322,3,1,MIP
4104,93.3676052,143.7246813044201,true,3.2139098229866798,true,3.210118951713044,34774,1456,2.86558074587923e-322,3,1,MIP
4105,93.368194900000006,143.72561669691189,true,3.2139098229866798,true,3.2101190208202408,34775,1455,2.86558074587923e-322,3,1,MIP
4106,93.390375000000006,143.76750247577627,true,3.2139098229866798,true,3.2101216011574607,34776,1454,2.86558074587923e-322,3,1,MIP
4107,93.390973099999997,143.76822480671316,true,3.2139098229866798,true,3.2101256325307976,34777,1453,2.86558074587923e-322,3,1,MIP
4108,93.396998800000006,143.77968295134684,true,3.2139098229866798,true,3.210130361305005,34778,1452,2.86558074587923e-322,3,1,MIP
4109,93.399494099999998,143.78423814381134,true,3.2139098229866798,true,3.210131894652879,34779,1451,2.86558074587923e-322,3,1,MIP
4110,93.400668100000004,143.78590412720686,true,3.2139098229866798,true,3.2101328804609062,34780,1450,2.86558074587923e-322,3,1,MIP
4111,93.402694199999999,143.78781712174995,true,3.2139098229866798,true,3.210133437801328,34781,1451,2.86558074587923e-322,3,1,MIP
4112,93.402892399999999,143.78809638855628,true,3.2139098229866798,true,3.2101379890017476,34782,1450,2.86558074587923e-322,3,1,MIP
4113,93.409163000000007,143.79734010861947,true,3.2139098229866798,true,3.2101433514720377,34786,1449,2.86558074587923e-322,3,1,MIP
4114,93.410522,143.79929762359836,true,3.2139098229866798,true,3.2101477517927419,34787,1448,2.86558074587923e-322,3,1,MIP
4115,93.417529799999997,143.80810353006569,true,3.2139098229866798,true,3.2101502735268159,34794,1444,2.86558074587923e-322,3,1,MIP
4116,93.418212400000002,143.80906660951476,true,3.2139098229866798,true,3.2101513931968206,34795,1443,2.86558074587923e-322,3,1,MIP
4117,93.420577899999998,143.81207626544474,true,3.2139098229866798,true,3.2101525716918973,34796,1443,2.86558074587923e-322,3,1,MIP
4118,93.420986600000006,143.81264716001891,true,3.2139098229866798,true,3.2101560595447687,34797,1444,2.86558074587923e-322,3,1,MIP
4119,93.425594899999993,143.81821470207097,true,3.2139098229866798,true,3.2101647069340449,34801,1444,2.86558074587923e-322,3,1,MIP
4120,93.429589199999995,143.82370765833628,true,3.2139098229866798,true,3.2101649826638754,34808,1441,2.86558074587923e-322,3,1,MIP
4121,93.432193799999993,143.82759962976391,true,3.2139098229866798,true,3.2101673801150779,34813,1438,2.86558074587923e-322,3,1,MIP
4122,93.433537999999999,143.82913011463285,true,3.2139098229866798,true,3.2101695747065842,34814,1439,2.86558074587923e-322,3,1,MIP
4123,93.4340057,143.82974667023677,true,3.2139098229866798,true,3.2101713637370461,34815,1439,2.86558074587923e-322,3,1,MIP
4124,93.440884800000006,143.84089822827102,true,3.2139098229866798,true,3.21017150695234,34826,1437,2.86558074587923e-322,3,1,MIP
4125,93.442582599999994,143.84343603332951,true,3.2139098229866798,true,3.2101738827282267,34829,1434,2.86558074587923e-322,3,1,MIP
4126,93.447173199999995,143.84924950001675,true,3.2139098229866798,true,3.2101754706158836,34830,1435,2.86558074587923e-322,3,1,MIP
4127,93.447924999999998,143.84969248243462,true,3.2139098229866798,true,3.2101783264489416,34831,1436,2.86558074587923e-322,3,1,MIP
4128,93.453846299999995,143.85827044330179,true,3.2139098229866798,true,3.2101788384328551,34839,1432,2.86558074587923e-322,3,1,MIP
4129,93.454527200000001,143.85907622521071,true,3.2139098229866798,true,3.2101827618220664,34840,1431,2.86558074587923e-322,3,1,MIP
4130,93.455980999999994,143.86113937562263,true,3.2139098229866798,true,3.2101829774081536,34841,1431,2.86558074587923e-322,3,1,MIP
4131,93.456082899999998,143.86128628089892,true,3.2139098229866798,true,3.2101865473015248,34842,1430,2.86558074587923e-322,3,1,MIP
4132,93.470956099999995,143.87947143186065,true,3.2139098229866798,true,3.2101893733070037,34844,1432,2.86558074587923e-322,3,1,MIP
4133,93.477688900000004,143.88711192387149,true,3.2139098229866798,true,3.2101914948834476,34849,1427,2.86558074587923e-322,3,1,MIP
4134,93.479140799999996,143.88808036979191,true,3.2139098229866798,true,3.2101936380619223,34850,1426,2.86558074587923e-322,3,1,MIP
4135,93.479800600000004,143.88889214737233,true,3.2139098229866798,true,3.2101961722676875,34851,1425,2.86558074587923e-322,3,1,MIP
4136,93.482130499999997,143.89196213751654,true,3.2139098229866798,true,3.2101978669044224,34852,1426,2.86558074587923e-322,3,1,MIP
4137,93.482250399999998,143.89205834851654,true,3.2139098229866798,true,3.2102018429424275,34853,1425,2.86558074587923e-322,3,1,MIP
4138,93.487666200000007,143.89866340318676,true,3.2139098229866798,true,3.2102035168631327,34856,1424,2.86558074587923e-322,3,1,MIP
4139,93.488167899999993,143.89921715819253,true,3.2139098229866798,true,3.2102040242888314,34857,1425,2.86558074587923e-322,3,1,MIP
4140,93.498802299999994,143.9108644123242,true,3.2139098229866798,true,3.2102047366983157,34869,1419,2.86558074587923e-322,3,1,MIP
4141,93.499594500000001,143.91190734906434,true,3.2139098229866798,true,3.2102049598359788,34870,1418,2.86558074587923e-322,3,1,MIP
4142,93.502223200000003,143.9156003644504,true,3.2139098229866798,true,3.2102059995652454,34871,1419,2.86558074587923e-322,3,1,MIP
4143,93.502745599999997,143.9163821705732,true,3.2139098229866798,true,3.2102060164936725,34872,1420,2.86558074587923e-322,3,1,MIP
4144,93.507090700000006,143.92148982088852,true,3.2139098229866798,true,3.2102069264297102,34877,1417,2.86558074587923e-322,3,1,MIP
4145,93.507311900000005,143.92163435788851,true,3.2139098229866798,true,3.2102135020968054,34878,1416,2.86558074587923e-322,3,1,MIP
4146,93.510030900000004,143.92528340748532,true,3.2139098229866798,true,3.2102162573959778,34883,1413,2.86558074587923e-322,3,1,MIP
4147,93.510570299999998,143.92609600169791,true,3.2139098229866798,true,3.2102164366094965,34884,1412,2.86558074587923e-322,3,1,MIP
4148,93.511218,143.92706450813711,true,3.2139098229866798,true,3.2102175906459558,34885,1411,2.86558074587923e-322,3,1,MIP
4149,93.5137754,143.93107882623457,true,3.2139098229866798,true,3.2102188796657778,34886,1412,2.86558074587923e-322,3,1,MIP
4150,93.514268999999999,143.9316818435789,true,3.2139098229866798,true,3.2102207559740901,34887,1412,2.86558074587923e-322,3,1,MIP
4151,93.515803599999998,143.93368353475512,true,3.2139098229866798,true,3.2102209718472934,34891,1408,2.86558074587923e-322,3,1,MIP
4152,93.516638599999993,143.93476804479008,true,3.2139098229866798,true,3.210223197206822,34892,1407,2.86558074587923e-322,3,1,MIP
4153,93.5184146,143.93732663992793,true,3.2139098229866798,true,3.2102246836393595,34894,1405,2.86558074587923e-322,3,1,MIP
4154,93.525161999999995,143.94477627803985,true,3.2139098229866798,true,3.2102265783523971,34895,1406,2.86558074587923e-322,3,1,MIP
4155,93.526332300000007,143.94603344029733,true,3.2139098229866798,true,3.2102272116452735,34896,1407,2.86558074587923e-322,3,1,MIP
4156,93.536194399999999,143.95866533422395,true,3.2139098229866798,true,3.2102279086060026,34905,1407,2.86558074587923e-322,3,1,MIP
4157,93.536506700000004,143.95907752144583,true,3.2139098229866798,true,3.2102291075112186,34906,1408,2.86558074587923e-322,3,1,MIP
4158,93.541175899999999,143.96558475545044,true,3.2139098229866798,true,3.2102312309763898,34915,1407,2.86558074587923e-322,3,1,MIP
4159,93.543945699999995,143.9695818632799,true,3.2139098229866798,true,3.2102349732111177,34918,1407,2.86558074587923e-322,3,1,MIP
4160,93.646601200000006,144.10976651870661,true,3.2139098229866798,true,3.2102349732111177,35021,1398,2.86558074587923e-322,3,1,MIP
4161,93.747273300000003,144.24460844225757,true,3.2139098229866798,true,3.2102349732111177,35103,1404,2.86558074587923e-322,3,1,MIP
4162,93.753750699999998,144.25401406343627,true,3.2139098229866798,true,3.2102393584342646,35113,1397,2.86558074587923e-322,3,1,MIP
4163,93.755080199999995,144.25547602241264,true,3.2139098229866798,true,3.2102419777695674,35114,1396,2.86558074587923e-322,3,1,MIP
4164,93.755836000000002,144.25627388193311,true,3.2139098229866798,true,3.2102424455608207,35115,1395,2.86558074587923e-322,3,1,MIP
4165,93.758880899999994,144.25827700034725,true,3.2139098229866798,true,3.210242557011787,35116,1396,2.86558074587923e-322,3,1,MIP
4166,93.759324800000002,144.25872499322699,true,3.2139098229866798,true,3.2102426880734001,35117,1397,2.86558074587923e-322,3,1,MIP
4167,93.779026099999996,144.28228100679524,true,3.2139098229866798,true,3.2102435334908845,35134,1395,2.86558074587923e-322,3,1,MIP
4168,93.783682099999993,144.2882296113853,true,3.2139098229866798,true,3.2102484618567422,35139,1394,2.86558074587923e-322,3,1,MIP
4169,93.790731699999995,144.29754179168845,true,3.2139098229866798,true,3.2102493549795263,35146,1393,2.86558074587923e-322,3,1,MIP
4170,93.795728499999996,144.30487648008508,true,3.2139098229866798,true,3.2102507721767601,35154,1392,2.86558074587923e-322,3,1,MIP
4171,93.798282700000001,144.30892192022728,true,3.2139098229866798,true,3.2102535200981919,35155,1393,2.86558074587923e-322,3,1,MIP
4172,93.802673999999996,144.31491469389218,true,3.2139098229866798,true,3.2102545788763752,35162,1390,2.86558074587923e-322,3,1,MIP
4173,93.803033099999993,144.31544095598241,true,3.2139098229866798,true,3.2102593449344576,35163,1391,2.86558074587923e-322,3,1,MIP
4174,93.808563199999995,144.32356203668749,true,3.2139098229866798,true,3.2102654650429967,35172,1390,2.86558074587923e-322,3,1,MIP
4175,93.815846300000004,144.33502792185999,true,3.2139098229866798,true,3.2102658927766221,35178,1387,2.86558074587923e-322,3,1,MIP
4176,93.818525399999999,144.33842529617235,true,3.2139098229866798,true,3.2102699507849022,35180,1386,2.86558074587923e-322,3,1,MIP
4177,93.818792599999995,144.33866735374707,true,3.2139098229866798,true,3.2102732046134563,35181,1385,2.86558074587923e-322,3,1,MIP
4178,93.845870700000006,144.3774172192289,true,3.2139098229866798,true,3.2102733797336729,35196,1382,2.86558074587923e-322,3,1,MIP
4179,93.910281800000007,144.46218297438278,true,3.2139098229866798,true,3.2102734488701792,35250,1372,2.86558074587923e-322,3,1,MIP
4180,93.910939200000001,144.46306597172051,true,3.2139098229866798,true,3.2102741960646988,35251,1371,2.86558074587923e-322,3,1,MIP
4181,93.912264199999996,144.46488897779312,true,3.2139098229866798,true,3.2102742239514166,35252,1372,2.86558074587923e-322,3,1,MIP
4182,93.912345299999998,144.46498176079311,true,3.2139098229866798,true,3.2102769302567111,35253,1371,2.86558074587923e-322,3,1,MIP
4183,93.918854600000003,144.47296960946142,true,3.2139098229866798,true,3.210278681127789,35262,1371,2.86558074587923e-322,3,1,MIP
4184,93.924457700000005,144.48055262833785,true,3.2139098229866798,true,3.2102821983024321,35269,1367,2.86558074587923e-322,3,1,MIP
4185,93.925098199999994,144.48156358377233,true,3.2139098229866798,true,3.2102835384990294,35270,1366,2.86558074587923e-322,3,1,MIP
4186,93.925633399999995,144.48230007137491,true,3.2139098229866798,true,3.2102891187212101,35271,1365,2.86558074587923e-322,3,1,MIP
4187,93.926669500000003,144.48397782542284,true,3.2139098229866798,true,3.2102894447143324,35272,1364,2.86558074587923e-322,3,1,MIP
4188,93.927295099999995,144.48504851070396,true,3.2139098229866798,true,3.21028957970276,35273,1363,2.86558074587923e-322,3,1,MIP
4189,93.931818699999994,144.49310363560781,true,3.2139098229866798,true,3.2102911535430225,35274,1362,2.86558074587923e-322,3,1,MIP
4190,93.932323600000004,144.49380909588302,true,3.2139098229866798,true,3.2102913202956831,35275,1361,2.86558074587923e-322,3,1,MIP
4191,93.933466800000005,144.49537400852583,true,3.2139098229866798,true,3.2102914235838211,35277,1359,2.86558074587923e-322,3,1,MIP
4192,93.933985300000003,144.49613777944086,true,3.2139098229866798,true,3.2102916403988582,35278,1358,2.86558074587923e-322,3,1,MIP
4193,93.934676199999998,144.49732117842285,true,3.2139098229866798,true,3.2102916999313962,35279,1357,2.86558074587923e-322,3,1,MIP
4194,93.935287599999995,144.49824506223143,true,3.2139098229866798,true,3.2102927365173057,35280,1356,2.86558074587923e-322,3,1,MIP
4195,93.936949799999994,144.50036049492687,true,3.2139098229866798,true,3.2102927721005354,35281,1356,2.86558074587923e-322,3,1,MIP
4196,93.937316699999997,144.50080565206437,true,3.2139098229866798,true,3.2102950279797171,35282,1355,2.86558074587923e-322,3,1,MIP
4197,93.941253500000002,144.50491171643503,true,3.2139098229866798,true,3.2102951145629537,35284,1357,2.86558074587923e-322,3,1,MIP
4198,93.948063200000007,144.51462950997563,true,3.2139098229866798,true,3.210295182263065,35293,1350,2.86558074587923e-322,3,1,MIP
4199,93.950656300000006,144.51899949254852,true,3.2139098229866798,true,3.2102961798876164,35294,1349,2.86558074587923e-322,3,1,MIP
4200,93.952129299999996,144.52110115692778,true,3.2139098229866798,true,3.2102994905596787,35295,1350,2.86558074587923e-322,3,1,MIP
4201,93.952490299999994,144.52165388703526,true,3.2139098229866798,true,3.2102995481302061,35296,1350,2.86558074587923e-322,3,1,MIP
4202,93.956389000000001,144.5267133659988,true,3.2139098229866798,true,3.21030099585745,35303,1350,2.86558074587923e-322,3,1,MIP
4203,93.962022200000007,144.53470671580874,true,3.2139098229866798,true,3.2103039498821397,35311,1346,2.86558074587923e-322,3,1,MIP
4204,93.966376299999993,144.53980529349812,true,3.2139098229866798,true,3.2103094106458498,35312,1347,2.86558074587923e-322,3,1,MIP
4205,93.967053100000001,144.54079196313918,true,3.2139098229866798,true,3.2103101211404881,35313,1346,2.86558074587923e-322,3,1,MIP
4206,93.968312900000001,144.54250867822805,true,3.2139098229866798,true,3.2103114067749163,35316,1343,2.86558074587923e-322,3,1,MIP
4207,93.968471699999995,144.54268640522807,true,3.2139098229866798,true,3.2103122807473405,35317,1342,2.86558074587923e-322,3,1,MIP
4208,93.970535499999997,144.54486781299897,true,3.2139098229866798,true,3.210318105380336,35318,1341,2.86558074587923e-322,3,1,MIP
4209,93.972385900000006,144.54727232437466,true,3.2139098229866798,true,3.2103205576620404,35319,1342,2.86558074587923e-322,3,1,MIP
4210,93.996057500000006,144.57699092816407,true,3.2139098229866798,true,3.2103245817368462,35341,1338,2.86558074587923e-322,3,1,MIP
4211,94.000963600000006,144.58424359824929,true,3.2139098229866798,true,3.2103250494003284,35347,1334,2.86558074587923e-322,3,1,MIP
4212,94.020187800000002,144.60837359500243,true,3.2139098229866798,true,3.2103253030879735,35360,1333,2.86558074587923e-322,3,1,MIP
4213,94.024221699999998,144.61435425015551,true,3.2139098229866798,true,3.2103278025171509,35367,1329,2.86558074587923e-322,3,1,MIP
4214,94.025667499999997,144.61646582976311,true,3.2139098229866798,true,3.210329350299332,35368,1330,2.86558074587923e-322,3,1,MIP
4215,94.026186800000005,144.61715158177788,true,3.2139098229866798,true,3.2103294767340813,35369,1331,2.86558074587923e-322,3,1,MIP
4216,94.028612800000005,144.62011820607819,true,3.2139098229866798,true,3.210335436883895,35374,1326,2.86558074587923e-322,3,1,MIP
4217,94.0309259,144.6229370703154,true,3.2139098229866798,true,3.2103386624478727,35375,1326,2.86558074587923e-322,3,1,MIP
4218,94.031831699999998,144.62425815207988,true,3.2139098229866798,true,3.2103401424241258,35376,1325,2.86558074587923e-322,3,1,MIP
4219,94.034557899999996,144.62821910394277,true,3.2139098229866798,true,3.2103435514476444,35378,1327,2.86558074587923e-322,3,1,MIP
4220,94.039423999999997,144.63513327925224,true,3.2139098229866798,true,3.2103506710593059,35385,1324,2.86558074587923e-322,3,1,MIP
4221,94.039546000000001,144.63533810762411,true,3.2139098229866798,true,3.2103564238633795,35386,1323,2.86558074587923e-322,3,1,MIP
4222,94.041920099999999,144.63855649124312,true,3.2139098229866798,true,3.2103584286755495,35389,1322,2.86558074587923e-322,3,1,MIP
4223,94.042715599999994,144.63976278936306,true,3.2139098229866798,true,3.2103609332892313,35390,1323,2.86558074587923e-322,3,1,MIP
4224,94.055833500000006,144.65894968248472,true,3.2139098229866798,true,3.2103656710082733,35403,1320,2.86558074587923e-322,3,1,MIP
4225,94.058907500000004,144.66396722560634,true,3.2139098229866798,true,3.2103695705612605,35410,1317,2.86558074587923e-322,3,1,MIP
4226,94.060361299999997,144.66594314853924,true,3.2139098229866798,true,3.2103704069211965,35411,1316,2.86558074587923e-322,3,1,MIP
4227,94.061743300000003,144.66789451587562,true,3.2139098229866798,true,3.2103707410956872,35413,1314,2.86558074587923e-322,3,1,MIP
4228,94.062664699999999,144.66906124636654,true,3.2139098229866798,true,3.2103710280819535,35414,1313,2.86558074587923e-322,3,1,MIP
4229,94.065060900000006,144.67197073024207,true,3.2139098229866798,true,3.2103723765594512,35415,1314,2.86558074587923e-322,3,1,MIP
4230,94.065548399999997,144.67261293725736,true,3.2139098229866798,true,3.210378658052897,35416,1315,2.86558074587923e-322,3,1,MIP
4231,94.070636199999996,144.68050767508967,true,3.2139098229866798,true,3.2104037518203454,35423,1310,2.86558074587923e-322,3,1,MIP
4232,94.071275400000005,144.68148841607285,true,3.2139098229866798,true,3.2104123067009294,35424,1309,2.86558074587923e-322,3,1,MIP
4233,94.072759000000005,144.68325975035441,true,3.2139098229866798,true,3.2104127801370552,35425,1310,2.86558074587923e-322,3,1,MIP
4234,94.0731739,144.68390529951057,true,3.2139098229866798,true,3.2104152516874329,35426,1309,2.86558074587923e-322,3,1,MIP
4235,94.077105700000004,144.68927166850889,true,3.2139098229866798,true,3.2104153057236542,35432,1307,2.86558074587923e-322,3,1,MIP
4236,94.077211300000002,144.68945315510373,true,3.2139098229866798,true,3.2104156849520531,35433,1306,2.86558074587923e-322,3,1,MIP
4237,94.078749900000005,144.69056456354221,true,3.2139098229866798,true,3.2104170321076126,35435,1304,2.86558074587923e-322,3,1,MIP
4238,94.082158500000006,144.69462064719883,true,3.2139098229866798,true,3.2104194677872178,35436,1305,2.86558074587923e-322,3,1,MIP
4239,94.082681500000007,144.69522892626577,true,3.2139098229866798,true,3.2104226342615738,35437,1306,2.86558074587923e-322,3,1,MIP
4240,94.085109399999993,144.6986223440077,true,3.2139098229866798,true,3.210429773067756,35442,1301,2.86558074587923e-322,3,1,MIP
4241,94.087013499999998,144.70160520050086,true,3.2139098229866798,true,3.2104302291580735,35444,1299,2.86558074587923e-322,3,1,MIP
4242,94.087705499999998,144.70259711348672,true,3.2139098229866798,true,3.2104358310549825,35445,1298,2.86558074587923e-322,3,1,MIP
4243,94.088368000000003,144.70354904705584,true,3.2139098229866798,true,3.2104362426862467,35446,1297,2.86558074587923e-322,3,1,MIP
4244,94.089162700000003,144.70467098622254,true,3.2139098229866798,true,3.2104372043426377,35447,1296,2.86558074587923e-322,3,1,MIP
4245,94.089773300000004,144.70556757772991,true,3.2139098229866798,true,3.2104382276649739,35448,1295,2.86558074587923e-322,3,1,MIP
4246,94.090807100000006,144.70705510655381,true,3.2139098229866798,true,3.2104459258755558,35450,1293,2.86558074587923e-322,3,1,MIP
4247,94.093347399999999,144.71051125552094,true,3.2139098229866798,true,3.2104476027145079,35451,1294,2.86558074587923e-322,3,1,MIP
4248,94.094018300000002,144.71130563063292,true,3.2139098229866798,true,3.2104515002770606,35452,1294,2.86558074587923e-322,3,1,MIP
4249,94.097194799999997,144.71526366629439,true,3.2139098229866798,true,3.210453819110537,35458,1291,2.86558074587923e-322,3,1,MIP
4250,94.107000099999993,144.7296927738511,true,3.2139098229866798,true,3.2104577918914101,35460,1291,2.86558074587923e-322,3,1,MIP
4251,94.133701500000001,144.76635925084679,true,3.2139098229866798,true,3.2104578519712739,35480,1291,2.86558074587923e-322,3,1,MIP
4252,94.1392606,144.77472003708945,true,3.2139098229866798,true,3.2104645527335816,35482,1291,2.86558074587923e-322,3,1,MIP
4253,94.141800200000006,144.77803968221761,true,3.2139098229866798,true,3.2104685720419219,35485,1290,2.86558074587923e-322,3,1,MIP
4254,94.146961700000006,144.78464237326796,true,3.2139098229866798,true,3.2104688342421701,35488,1291,2.86558074587923e-322,3,1,MIP
4255,94.194528099999999,144.8500652872743,true,3.2139098229866798,true,3.2104693503989288,35519,1277,2.86558074587923e-322,3,1,MIP
4256,94.199514199999996,144.85720069467291,true,3.2139098229866798,true,3.2104715309025451,35524,1274,2.86558074587923e-322,3,1,MIP
4257,94.200018700000001,144.85792988657539,true,3.2139098229866798,true,3.2104726063657112,35525,1273,2.86558074587923e-322,3,1,MIP
4258,94.202132199999994,144.86060864015749,true,3.2139098229866798,true,3.2104737923996693,35526,1273,2.86558074587923e-322,3,1,MIP
4259,94.202291700000004,144.86082019511483,true,3.2139098229866798,true,3.2104775375643517,35527,1272,2.86558074587923e-322,3,1,MIP
4260,94.207476700000001,144.86911023427987,true,3.2139098229866798,true,3.2104775499623166,35529,1272,2.86558074587923e-322,3,1,MIP
4261,94.210014000000001,144.87303033396586,true,3.2139098229866798,true,3.2104787063102793,35532,1269,2.86558074587923e-322,3,1,MIP
4262,94.2105715,144.87390252976365,true,3.2139098229866798,true,3.2104807245462368,35533,1268,2.86558074587923e-322,3,1,MIP
4263,94.211909700000007,144.87567055871313,true,3.2139098229866798,true,3.2104833461429845,35534,1268,2.86558074587923e-322,3,1,MIP
4264,94.216245299999997,144.88194315622516,true,3.2139098229866798,true,3.2104834620059473,35541,1268,2.86558074587923e-322,3,1,MIP
4265,94.221373700000001,144.88904726589445,true,3.2139098229866798,true,3.2104835184413076,35547,1266,2.86558074587923e-322,3,1,MIP
4266,94.221805000000003,144.88965615900091,true,3.2139098229866798,true,3.2104849167773768,35548,1267,2.86558074587923e-322,3,1,MIP
4267,94.233997599999995,144.90827068950651,true,3.2139098229866798,true,3.2104884376132388,35558,1264,2.86558074587923e-322,3,1,MIP
4268,94.235558699999999,144.91047708021048,true,3.2139098229866798,true,3.2104937260986026,35560,1262,2.86558074587923e-322,3,1,MIP
4269,94.236383599999996,144.9117450441677,true,3.2139098229866798,true,3.2104947838868365,35561,1261,2.86558074587923e-322,3,1,MIP
4270,94.237666200000007,144.91372173083394,true,3.2139098229866798,true,3.2104954224414946,35563,1259,2.86558074587923e-322,3,1,MIP
4271,94.238208999999998,144.91448134531967,true,3.2139098229866798,true,3.2105088506340231,35564,1258,2.86558074587923e-322,3,1,MIP
4272,94.238859399999996,144.91536898308709,true,3.2139098229866798,true,3.2105102454476828,35565,1257,2.86558074587923e-322,3,1,MIP
4273,94.239460199999996,144.91615928517973,true,3.2139098229866798,true,3.210510316823679,35566,1256,2.86558074587923e-322,3,1,MIP
4274,94.2408918,144.91835109363319,true,3.2139098229866798,true,3.2105191988992465,35568,1254,2.86558074587923e-322,3,1,MIP
4275,94.243794800000003,144.92184461830036,true,3.2139098229866798,true,3.2105200084062968,35569,1255,2.86558074587923e-322,3,1,MIP
4276,94.244308399999994,144.92246507374162,true,3.2139098229866798,true,3.2105200097099877,35570,1255,2.86558074587923e-322,3,1,MIP
4277,94.247735000000006,144.92773669081095,true,3.2139098229866798,true,3.2105260673709211,35575,1251,2.86558074587923e-322,3,1,MIP
4278,94.248380100000006,144.92843459494816,true,3.2139098229866798,true,3.2105303751875134,35576,1250,2.86558074587923e-322,3,1,MIP
4279,94.249404100000007,144.93005542355797,true,3.2139098229866798,true,3.2105327734804372,35577,1249,2.86558074587923e-322,3,1,MIP
4280,94.2514757,144.93291949191027,true,3.2139098229866798,true,3.2105379828384155,35578,1250,2.86558074587923e-322,3,1,MIP
4281,94.2516964,144.93318503928217,true,3.2139098229866798,true,3.2105396033904312,35579,1249,2.86558074587923e-322,3,1,MIP
4282,94.257868500000001,144.94173841409867,true,3.2139098229866798,true,3.2105407173258813,35588,1246,2.86558074587923e-322,3,1,MIP
4283,94.260942499999999,144.94558427298233,true,3.2139098229866798,true,3.2105407909554922,35589,1247,2.86558074587923e-322,3,1,MIP
4284,94.261735999999999,144.94650580534204,true,3.2139098229866798,true,3.2105445954562191,35590,1248,2.86558074587923e-322,3,1,MIP
4285,94.267530699999995,144.95426494028501,true,3.2139098229866798,true,3.2105459614834535,35597,1245,2.86558074587923e-322,3,1,MIP
4286,94.272356099999996,144.96074339014152,true,3.2139098229866798,true,3.2105494750974728,35600,1244,2.86558074587923e-322,3,1,MIP
4287,94.277305799999993,144.96698988634685,true,3.2139098229866798,true,3.2105525271804565,35603,1242,2.86558074587923e-322,3,1,MIP
4288,94.277629500000003,144.96739029005215,true,3.2139098229866798,true,3.2105558239608483,35604,1243,2.86558074587923e-322,3,1,MIP
4289,94.283958699999999,144.97514999818463,true,3.2139098229866798,true,3.2105561834518843,35612,1238,2.86558074587923e-322,3,1,MIP
4290,94.285288300000005,144.97674321709948,true,3.2139098229866798,true,3.210557136085181,35613,1237,2.86558074587923e-322,3,1,MIP
4291,94.288936899999996,144.98082644929917,true,3.2139098229866798,true,3.2105599040545938,35614,1238,2.86558074587923e-322,3,1,MIP
4292,94.289432500000004,144.98137695479224,true,3.2139098229866798,true,3.210559929027502,35615,1239,2.86558074587923e-322,3,1,MIP
4293,94.292289199999999,144.98566542972048,true,3.2139098229866798,true,3.2105603901632875,35621,1235,2.86558074587923e-322,3,1,MIP
4294,94.292851900000002,144.98649734925141,true,3.2139098229866798,true,3.2105653502611613,35622,1234,2.86558074587923e-322,3,1,MIP
4295,94.297337999999996,144.99331309630892,true,3.2139098229866798,true,3.2105653615189222,35623,1235,2.86558074587923e-322,3,1,MIP
4296,94.301972800000001,145.00071941969313,true,3.2139098229866798,true,3.2105674313764707,35624,1234,2.86558074587923e-322,3,1,MIP
4297,94.305376600000002,145.0045458753373,true,3.2139098229866798,true,3.2105679945867616,35627,1233,2.86558074587923e-322,3,1,MIP
4298,94.307120900000001,145.00698052622855,true,3.2139098229866798,true,3.2105690999155261,35630,1230,2.86558074587923e-322,3,1,MIP
4299,94.308800599999998,145.00919521658392,true,3.2139098229866798,true,3.2105708130864112,35632,1228,2.86558074587923e-322,3,1,MIP
4300,94.310665799999995,145.01182030057743,true,3.2139098229866798,true,3.2105755121557493,35633,1229,2.86558074587923e-322,3,1,MIP
4301,94.3110128,145.01229688088574,true,3.2139098229866798,true,3.2105771405435339,35634,1230,2.86558074587923e-322,3,1,MIP
4302,94.315808099999998,145.01967697032686,true,3.2139098229866798,true,3.2105815709874124,35644,1229,2.86558074587923e-322,3,1,MIP
4303,94.315918999999994,145.01986454865914,true,3.2139098229866798,true,3.2105830613515658,35645,1228,2.86558074587923e-322,3,1,MIP
4304,94.320541800000001,145.02762969721877,true,3.2139098229866798,true,3.2105850781790761,35647,1226,2.86558074587923e-322,3,1,MIP
4305,94.322580500000001,145.03049613110434,true,3.2139098229866798,true,3.2105863270051445,35648,1226,2.86558074587923e-322,3,1,MIP
4306,94.322726099999997,145.03073844383457,true,3.2139098229866798,true,3.2105866559400136,35649,1225,2.86558074587923e-322,3,1,MIP
4307,94.325424299999995,145.03337783892943,true,3.2139098229866798,true,3.210590380686952,35651,1224,2.86558074587923e-322,3,1,MIP
4308,94.329048,145.03730865019861,true,3.2139098229866798,true,3.2105988734609445,35653,1226,2.86558074587923e-322,3,1,MIP
4309,94.332154500000001,145.04200156857303,true,3.2139098229866798,true,3.2105991733321688,35659,1221,2.86558074587923e-322,3,1,MIP
4310,94.335514000000003,145.04588732738449,true,3.2139098229866798,true,3.2105996798047336,35660,1222,2.86558074587923e-322,3,1,MIP
4311,94.3425352,145.0552566021087,true,3.2139098229866798,true,3.210601384089713,35669,1221,2.86558074587923e-322,3,1,MIP
4312,94.342755100000005,145.05554228725157,true,3.2139098229866798,true,3.2106032547497505,35670,1220,2.86558074587923e-322,3,1,MIP
4313,94.345164600000004,145.05890461103203,true,3.2139098229866798,true,3.2106058753001272,35673,1219,2.86558074587923e-322,3,1,MIP
4314,94.352947,145.07162827282096,true,3.2139098229866798,true,3.21060781353117,35682,1216,2.86558074587923e-322,3,1,MIP
4315,94.359612499999997,145.08427612762506,true,3.2139098229866798,true,3.2106091487300699,35683,1215,2.86558074587923e-322,3,1,MIP
4316,94.360188300000004,145.08509387358154,true,3.2139098229866798,true,3.2106122283712843,35684,1214,2.86558074587923e-322,3,1,MIP
4317,94.3612751,145.08689702107776,true,3.2139098229866798,true,3.2106220927470916,35685,1213,2.86558074587923e-322,3,1,MIP
4318,94.362601299999994,145.08878714266743,true,3.2139098229866798,true,3.2106233457111841,35686,1214,2.86558074587923e-322,3,1,MIP
4319,94.362931900000007,145.08929661871781,true,3.2139098229866798,true,3.2106259452885437,35687,1214,2.86558074587923e-322,3,1,MIP
4320,94.366693799999993,145.09428560352762,true,3.2139098229866798,true,3.2106261435654,35693,1211,2.86558074587923e-322,3,1,MIP
4321,94.367414299999993,145.09529362657514,true,3.2139098229866798,true,3.2106307467436173,35694,1210,2.86558074587923e-322,3,1,MIP
4322,94.368385599999996,145.09699771191492,true,3.2139098229866798,true,3.2106346031854995,35695,1209,2.86558074587923e-322,3,1,MIP
4323,94.368931599999996,145.09778596951779,true,3.2139098229866798,true,3.2106368821867841,35696,1208,2.86558074587923e-322,3,1,MIP
4324,94.372164299999994,145.10140830180421,true,3.2139098229866798,true,3.2106377957137333,35697,1208,2.86558074587923e-322,3,1,MIP
4325,94.392107100000004,145.1280412862294,true,3.2139098229866798,true,3.2106379726211736,35711,1207,2.86558074587923e-322,3,1,MIP
4326,94.396111500000004,145.13397990107265,true,3.2139098229866798,true,3.2106396932994068,35721,1203,2.86558074587923e-322,3,1,MIP
4327,94.400223699999998,145.13896018236525,true,3.2139098229866798,true,3.2106420325980798,35723,1204,2.86558074587923e-322,3,1,MIP
4328,94.409763299999995,145.14734861311538,true,3.2139098229866798,true,3.2106486549101265,35732,1203,2.86558074587923e-322,3,1,MIP
4329,94.417328600000005,145.15952509584747,true,3.2139098229866798,true,3.2106499457555873,35739,1198,2.86558074587923e-322,3,1,MIP
4330,94.418815199999997,145.16156147951102,true,3.2139098229866798,true,3.2106541910788646,35740,1199,2.86558074587923e-322,3,1,MIP
4331,94.418934899999996,145.16176295957558,true,3.2139098229866798,true,3.2106581123237099,35741,1198,2.86558074587923e-322,3,1,MIP
4332,94.420204799999993,145.16358168407328,true,3.2139098229866798,true,3.2106632525577741,35744,1195,2.86558074587923e-322,3,1,MIP
4333,94.421570299999999,145.16555329472135,true,3.2139098229866798,true,3.2106654986255387,35745,1196,2.86558074587923e-322,3,1,MIP
4334,94.422059000000004,145.16635073521149,true,3.2139098229866798,true,3.2106713477672555,35746,1196,2.86558074587923e-322,3,1,MIP
4335,94.426698599999995,145.17256713739329,true,3.2139098229866798,true,3.2106785513385834,35751,1193,2.86558074587923e-322,3,1,MIP
4336,94.427143200000003,145.17309299422612,true,3.2139098229866798,true,3.2106813070776572,35752,1193,2.86558074587923e-322,3,1,MIP
4337,94.429421300000001,145.17642688262461,true,3.2139098229866798,true,3.2106843168125754,35758,1189,2.86558074587923e-322,3,1,MIP
4338,94.429671799999994,145.17678952962461,true,3.2139098229866798,true,3.2106866914835135,35759,1188,2.86558074587923e-322,3,1,MIP
4339,94.431382900000003,145.17927294426886,true,3.2139098229866798,true,3.2106886178012717,35761,1188,2.86558074587923e-322,3,1,MIP
4340,94.466522999999995,145.2248921206135,true,3.2139098229866798,true,3.2106889659495041,35798,1180,2.86558074587923e-322,3,1,MIP
4341,94.470432099999996,145.2304206179308,true,3.2139098229866798,true,3.2106889684153939,35805,1176,2.86558074587923e-322,3,1,MIP
4342,94.471867399999994,145.23260803355615,true,3.2139098229866798,true,3.2106893986994538,35806,1175,2.86558074587923e-322,3,1,MIP
4343,94.472443600000005,145.2334133295071,true,3.2139098229866798,true,3.2106908935787044,35807,1174,2.86558074587923e-322,3,1,MIP
4344,94.473959199999996,145.23537699287974,true,3.2139098229866798,true,3.2107040052380942,35808,1175,2.86558074587923e-322,3,1,MIP
4345,94.4745822,145.23617465862205,true,3.2139098229866798,true,3.2107044772729845,35809,1176,2.86558074587923e-322,3,1,MIP
4346,94.477174399999996,145.2399785126708,true,3.2139098229866798,true,3.2107060707249717,35814,1171,2.86558074587923e-322,3,1,MIP
4347,94.478569500000006,145.24215447109151,true,3.2139098229866798,true,3.2107072903624925,35815,1170,2.86558074587923e-322,3,1,MIP
4348,94.479458800000003,145.24312515891003,true,3.2139098229866798,true,3.2107126983689183,35816,1169,2.86558074587923e-322,3,1,MIP
4349,94.481120700000005,145.24551423332923,true,3.2139098229866798,true,3.2107198661103982,35817,1170,2.86558074587923e-322,3,1,MIP
4350,94.481427199999999,145.2459771247203,true,3.2139098229866798,true,3.2107214056416611,35818,1169,2.86558074587923e-322,3,1,MIP
4351,94.486477500000007,145.25292425730521,true,3.2139098229866798,true,3.2107257040427286,35821,1168,2.86558074587923e-322,3,1,MIP
4352,94.487962400000001,145.25534763579086,true,3.2139098229866798,true,3.2107309892008846,35822,1169,2.86558074587923e-322,3,1,MIP
4353,94.492325500000007,145.26108797371481,true,3.2139098229866798,true,3.2107395371231755,35829,1166,2.86558074587923e-322,3,1,MIP
4354,94.502001199999995,145.27686270350361,true,3.2139098229866798,true,3.210745968102426,35833,1164,2.86558074587923e-322,3,1,MIP
4355,94.504696699999997,145.28171570508476,true,3.2139098229866798,true,3.2107464643074475,35834,1163,2.86558074587923e-322,3,1,MIP
4356,94.506632100000004,145.28425664130353,true,3.2139098229866798,true,3.210747191373529,35836,1161,2.86558074587923e-322,3,1,MIP
4357,94.507164000000003,145.28508747544146,true,3.2139098229866798,true,3.2107554575428163,35837,1160,2.86558074587923e-322,3,1,MIP
4358,94.5282883,145.32354312834721,true,3.2139098229866798,true,3.2107568208253667,35838,1159,2.86558074587923e-322,3,1,MIP
4359,94.528909499999997,145.32439282476963,true,3.2139098229866798,true,3.2107649882836129,35839,1158,2.86558074587923e-322,3,1,MIP
4360,94.530554100000003,145.32645769820616,true,3.2139098229866798,true,3.2107663987483659,35840,1159,2.86558074587923e-322,3,1,MIP
4361,94.5324095,145.32899487108986,true,3.2139098229866798,true,3.2107717360605084,35844,1155,2.86558074587923e-322,3,1,MIP
4362,94.532936599999999,145.32985417174021,true,3.2139098229866798,true,3.2107719064271882,35845,1154,2.86558074587923e-322,3,1,MIP
4363,94.534423899999993,145.33171309496311,true,3.2139098229866798,true,3.2107721353398513,35846,1155,2.86558074587923e-322,3,1,MIP
4364,94.534674999999993,145.33214658734886,true,3.2139098229866798,true,3.2107793564799794,35847,1154,2.86558074587923e-322,3,1,MIP
4365,94.540088499999996,145.33918878912721,true,3.2139098229866798,true,3.2107808350356541,35851,1152,2.86558074587923e-322,3,1,MIP
4366,94.541180699999998,145.34091576839029,true,3.2139098229866798,true,3.2107813579460744,35852,1152,2.86558074587923e-322,3,1,MIP
4367,94.546086000000003,145.34716643446271,true,3.2139098229866798,true,3.2107833918525324,35858,1149,2.86558074587923e-322,3,1,MIP
4368,94.546314100000004,145.34745319204299,true,3.2139098229866798,true,3.2107842004231073,35859,1149,2.86558074587923e-322,3,1,MIP
4369,94.551913299999995,145.35537974002449,true,3.2139098229866798,true,3.2107863216474457,35864,1149,2.86558074587923e-322,3,1,MIP
4370,94.555115200000003,145.35964295312766,true,3.2139098229866798,true,3.2107901961007599,35869,1145,2.86558074587923e-322,3,1,MIP
4371,94.555469099999996,145.36011049107134,true,3.2139098229866798,true,3.2107954051464267,35870,1146,2.86558074587923e-322,3,1,MIP
4372,94.559121200000007,145.36495072674293,true,3.2139098229866798,true,3.2107990804265185,35876,1146,2.86558074587923e-322,3,1,MIP
4373,94.564081400000006,145.37239189336324,true,3.2139098229866798,true,3.2108005994728765,35887,1143,2.86558074587923e-322,3,1,MIP
4374,94.564670599999999,145.37328300067514,true,3.2139098229866798,true,3.2108007790724722,35888,1142,2.86558074587923e-322,3,1,MIP
4375,94.565282800000006,145.37423156035427,true,3.2139098229866798,true,3.2108079252085227,35889,1141,2.86558074587923e-322,3,1,MIP
4376,94.566194199999998,145.37562617677918,true,3.2139098229866798,true,3.2108140016122881,35890,1140,2.86558074587923e-322,3,1,MIP
4377,94.566946599999994,145.37679261902724,true,3.2139098229866798,true,3.2108188765118024,35891,1139,2.86558074587923e-322,3,1,MIP
4378,94.567538900000002,145.37767515691232,true,3.2139098229866798,true,3.2108198314731258,35892,1138,2.86558074587923e-322,3,1,MIP
4379,94.5734274,145.38462725526722,true,3.2139098229866798,true,3.2108232031093351,35896,1138,2.86558074587923e-322,3,1,MIP
4380,94.576994299999996,145.3891754627887,true,3.2139098229866798,true,3.2108260898245464,35901,1135,2.86558074587923e-322,3,1,MIP
4381,94.577329199999994,145.389654003109,true,3.2139098229866798,true,3.210827467738989,35902,1136,2.86558074587923e-322,3,1,MIP
4382,94.581741600000001,145.39594394026,true,3.2139098229866798,true,3.2108303989547067,35913,1133,2.86558074587923e-322,3,1,MIP
4383,94.613984099999996,145.45183136095744,true,3.2139098229866798,true,3.2108320510650312,35914,1132,2.86558074587923e-322,3,1,MIP
4384,94.666292499999997,145.54746528951802,true,3.2139098229866798,true,3.2108349235296805,35916,1132,2.86558074587923e-322,3,1,MIP
4385,94.7141424,145.63780324095725,true,3.2139098229866798,true,3.2108361299051698,35919,1132,2.86558074587923e-322,3,1,MIP
4386,94.751986500000001,145.69832520161191,true,3.2139098229866798,true,3.210839433051329,35926,1130,2.86558074587923e-322,3,1,MIP
4387,94.753028499999999,145.69994400935178,true,3.2139098229866798,true,3.210840666257524,35927,1131,2.86558074587923e-322,3,1,MIP
4388,94.768021899999994,145.72123291088926,true,3.2139098229866798,true,3.2108423211151784,35952,1131,2.86558074587923e-322,3,1,MIP
4389,94.770870400000007,145.72451540304468,true,3.2139098229866798,true,3.21084365939475,35953,1132,2.86558074587923e-322,3,1,MIP
4390,94.777389999999997,145.73445332522158,true,3.2139098229866798,true,3.2108443435204714,35954,1133,2.86558074587923e-322,3,1,MIP
4391,94.795507099999995,145.76061210759957,true,3.2139098229866798,true,3.2108451390524708,35989,1133,2.86558074587923e-322,3,1,MIP
4392,94.807150800000002,145.77646046372695,true,3.2139098229866798,true,3.2108494699515502,36003,1130,2.86558074587923e-322,3,1,MIP
4393,94.820978400000001,145.80326258774099,true,3.2139098229866798,true,3.210852984677981,36004,1129,2.86558074587923e-322,3,1,MIP
4394,94.822766000000001,145.8056446396034,true,3.2139098229866798,true,3.2108627309669444,36005,1130,2.86558074587923e-322,3,1,MIP
4395,94.823155400000005,145.80608145257241,true,3.2139098229866798,true,3.2108660507747766,36006,1131,2.86558074587923e-322,3,1,MIP
4396,94.828826599999999,145.81384060442321,true,3.2139098229866798,true,3.2108677934651313,36016,1130,2.86558074587923e-322,3,1,MIP
4397,94.828959299999994,145.81406091168057,true,3.2139098229866798,true,3.2108723399543795,36017,1129,2.86558074587923e-322,3,1,MIP
4398,94.831216100000006,145.81751236257608,true,3.2139098229866798,true,3.2108730296486288,36020,1126,2.86558074587923e-322,3,1,MIP
4399,94.840089300000002,145.83507423132852,true,3.2139098229866798,true,3.2108732177934645,36021,1125,2.86558074587923e-322,3,1,MIP
4400,94.840694999999997,145.83601602586521,true,3.2139098229866798,true,3.2108852014010032,36022,1124,2.86558074587923e-322,3,1,MIP
4401,94.841925700000004,145.83783344508117,true,3.2139098229866798,true,3.2108867542030728,36024,1122,2.86558074587923e-322,3,1,MIP
4402,94.848741399999994,145.84711350663551,true,3.2139098229866798,true,3.2108871718641678,36031,1122,2.86558074587923e-322,3,1,MIP
4403,94.8559214,145.85784699778856,true,3.2139098229866798,true,3.2108923250545596,36038,1117,2.86558074587923e-322,3,1,MIP
4404,94.858971699999998,145.8613387675249,true,3.2139098229866798,true,3.2108936897466354,36039,1118,2.86558074587923e-322,3,1,MIP
4405,94.861268899999999,145.86462410533207,true,3.2139098229866798,true,3.2108940386393874,36040,1117,2.86558074587923e-322,3,1,MIP
4406,94.863184700000005,145.86739085205784,true,3.2139098229866798,true,3.2108947779504069,36043,1114,2.86558074587923e-322,3,1,MIP
4407,94.8637394,145.86820938825556,true,3.2139098229866798,true,3.2108966490387334,36044,1113,2.86558074587923e-322,3,1,MIP
4408,94.867782099999999,145.87336286916431,true,3.2139098229866798,true,3.2108980720759828,36046,1113,2.86558074587923e-322,3,1,MIP
4409,94.868203199999996,145.87390838253208,true,3.2139098229866798,true,3.2108988350326997,36047,1112,2.86558074587923e-322,3,1,MIP
4410,94.869986299999994,145.87607265688828,true,3.2139098229866798,true,3.2109002629282029,36050,1109,2.86558074587923e-322,3,1,MIP
4411,94.870599200000001,145.87698165079425,true,3.2139098229866798,true,3.2109003235682576,36051,1108,2.86558074587923e-322,3,1,MIP
4412,94.871250900000007,145.87783005318468,true,3.2139098229866798,true,3.2109063472668367,36052,1107,2.86558074587923e-322,3,1,MIP
4413,94.872526399999998,145.87955500856853,true,3.2139098229866798,true,3.2109108894926575,36053,1108,2.86558074587923e-322,3,1,MIP
4414,94.872850799999995,145.88001983920182,true,3.2139098229866798,true,3.2109115651656608,36054,1109,2.86558074587923e-322,3,1,MIP
4415,94.880142199999995,145.89000247033374,true,3.2139098229866798,true,3.2109123836863409,36064,1106,2.86558074587923e-322,3,1,MIP
4416,94.8876317,145.89991843726821,true,3.2139098229866798,true,3.2109186453879577,36068,1106,2.86558074587923e-322,3,1,MIP
4417,94.895387799999995,145.91068816853937,true,3.2139098229866798,true,3.2109211230686094,36077,1101,2.86558074587923e-322,3,1,MIP
4418,94.896932800000002,145.91294084644991,true,3.2139098229866798,true,3.2109223295000087,36078,1102,2.86558074587923e-322,3,1,MIP
4419,94.9051829,145.92269146265147,true,3.2139098229866798,true,3.2109233889738285,36088,1102,2.86558074587923e-322,3,1,MIP
4420,94.9111884,145.93041288952728,true,3.2139098229866798,true,3.2109309076285846,36098,1104,2.86558074587923e-322,3,1,MIP
4421,94.916921700000003,145.93783706432134,true,3.2139098229866798,true,3.2109327033846569,36105,1101,2.86558074587923e-322,3,1,MIP
4422,94.917259900000005,145.93829641752208,true,3.2139098229866798,true,3.2109357947935742,36106,1100,2.86558074587923e-322,3,1,MIP
4423,94.920255100000006,145.94291296568497,true,3.2139098229866798,true,3.2109392386146913,36109,1097,2.86558074587923e-322,3,1,MIP
4424,94.920857999999996,145.94388547109904,true,3.2139098229866798,true,3.2109408645350834,36110,1096,2.86558074587923e-322,3,1,MIP
4425,94.921588900000003,145.94489586250464,true,3.2139098229866798,true,3.2109481443989001,36111,1095,2.86558074587923e-322,3,1,MIP
4426,94.922132300000001,145.94563817165769,true,3.2139098229866798,true,3.2109519763350431,36112,1094,2.86558074587923e-322,3,1,MIP
4427,94.923822099999995,145.94802086235825,true,3.2139098229866798,true,3.2109522116524083,36113,1095,2.86558074587923e-322,3,1,MIP
4428,94.923905199999993,145.94811213535826,true,3.2139098229866798,true,3.2109534127221457,36114,1094,2.86558074587923e-322,3,1,MIP
4429,94.930458799999997,145.95754852298316,true,3.2139098229866798,true,3.2109563548083875,36119,1094,2.86558074587923e-322,3,1,MIP
4430,94.933576200000005,145.96148282799393,true,3.2139098229866798,true,3.2109563551173226,36124,1094,2.86558074587923e-322,3,1,MIP
4431,94.936946199999994,145.96630510352222,true,3.2139098229866798,true,3.2109567058285942,36129,1093,2.86558074587923e-322,3,1,MIP
4432,94.941370899999995,145.97278886828249,true,3.2139098229866798,true,3.2109614688533519,36139,1093,2.86558074587923e-322,3,1,MIP
4433,94.949329199999994,145.98360643192535,true,3.2139098229866798,true,3.2109660734984757,36153,1091,2.86558074587923e-322,3,1,MIP
4434,94.953742800000001,145.99079865895445,true,3.2139098229866798,true,3.2109664302519638,36159,1087,2.86558074587923e-322,3,1,MIP
4435,94.955090499999997,145.99265218888257,true,3.2139098229866798,true,3.2109682123064021,36160,1088,2.86558074587923e-322,3,1,MIP
4436,94.955415000000002,145.99313302799897,true,3.2139098229866798,true,3.2109706171799903,36161,1087,2.86558074587923e-322,3,1,MIP
4437,94.958354200000002,145.99743094867355,true,3.2139098229866798,true,3.2109711321463439,36166,1087,2.86558074587923e-322,3,1,MIP
4438,94.963645299999996,146.00419409404969,true,3.2139098229866798,true,3.2109800451235904,36172,1085,2.86558074587923e-322,3,1,MIP
4439,94.964270499999998,146.00490448222749,true,3.2139098229866798,true,3.2109861694964255,36173,1084,2.86558074587923e-322,3,1,MIP
4440,94.966110400000005,146.00747528954946,true,3.2139098229866798,true,3.2109879405221893,36176,1081,2.86558074587923e-322,3,1,MIP
4441,94.966593099999997,146.00817278283881,true,3.2139098229866798,true,3.210990518041541,36177,1080,2.86558074587923e-322,3,1,MIP
4442,94.967257000000004,146.00918778955844,true,3.2139098229866798,true,3.2109910830838642,36178,1079,2.86558074587923e-322,3,1,MIP
4443,94.979377299999996,146.03127701783265,true,3.2139098229866798,true,3.2109929359352218,36179,1078,2.86558074587923e-322,3,1,MIP
4444,95.021090999999998,146.10789135120228,true,3.2139098229866798,true,3.2109982502401242,36181,1079,2.86558074587923e-322,3,1,MIP
4445,95.093412099999995,146.21914836725389,true,3.2139098229866798,true,3.2109993984245095,36187,1075,2.86558074587923e-322,3,1,MIP
4446,95.094188599999995,146.22005663178629,true,3.2139098229866798,true,3.211001110626996,36188,1074,2.86558074587923e-322,3,1,MIP
4447,95.094823300000002,146.22094523182835,true,3.2139098229866798,true,3.2110052054156046,36189,1073,2.86558074587923e-322,3,1,MIP
4448,95.095343999999997,146.22169505426075,true,3.2139098229866798,true,3.21100863510304,36190,1072,2.86558074587923e-322,3,1,MIP
4449,95.097164699999993,146.22435231261591,true,3.2139098229866798,true,3.2110102042302513,36192,1070,2.86558074587923e-322,3,1,MIP
4450,95.099297199999995,146.22708406686061,true,3.2139098229866798,true,3.2110103205238416,36193,1071,2.86558074587923e-322,3,1,MIP
4451,95.0994381,146.2273061663644,true,3.2139098229866798,true,3.2110117544577914,36194,1070,2.86558074587923e-322,3,1,MIP
4452,95.101858800000002,146.23057538610556,true,3.2139098229866798,true,3.2110150168612495,36197,1067,2.86558074587923e-322,3,1,MIP
4453,95.102525400000005,146.23146853843727,true,3.2139098229866798,true,3.2110150475145667,36198,1066,2.86558074587923e-322,3,1,MIP
4454,95.104412800000006,146.2338147323789,true,3.2139098229866798,true,3.2110162530917004,36200,1066,2.86558074587923e-322,3,1,MIP
4455,95.106285099999994,146.23631521045434,true,3.2139098229866798,true,3.2110174719696873,36203,1063,2.86558074587923e-322,3,1,MIP
4456,95.1077662,146.2382959232267,true,3.2139098229866798,true,3.2110182142001449,36204,1064,2.86558074587923e-322,3,1,MIP
4457,95.107962799999996,146.2385652212518,true,3.2139098229866798,true,3.2110209910527798,36205,1063,2.86558074587923e-322,3,1,MIP
4458,95.113996700000001,146.24823844632601,true,3.2139098229866798,true,3.211025449700684,36212,1059,2.86558074587923e-322,3,1,MIP
4459,95.117333400000007,146.25228207237924,true,3.2139098229866798,true,3.2110272307760575,36213,1060,2.86558074587923e-322,3,1,MIP
4460,95.118540999999993,146.25383149834082,true,3.2139098229866798,true,3.2110278574159152,36214,1061,2.86558074587923e-322,3,1,MIP
4461,95.121401700000007,146.25766745131219,true,3.2139098229866798,true,3.2110297037229274,36219,1058,2.86558074587923e-322,3,1,MIP
4462,95.123642899999993,146.26084784724011,true,3.2139098229866798,true,3.2110333170552341,36222,1058,2.86558074587923e-322,3,1,MIP
4463,95.127880000000005,146.2668793272627,true,3.2139098229866798,true,3.2110342691548786,36228,1058,2.86558074587923e-322,3,1,MIP
4464,95.136033600000005,146.27798030227578,true,3.2139098229866798,true,3.2110407017606364,36238,1054,2.86558074587923e-322,3,1,MIP
4465,95.137656899999996,146.27991144001953,true,3.2139098229866798,true,3.2110495361024007,36239,1055,2.86558074587923e-322,3,1,MIP
4466,95.138874000000001,146.28172040347877,true,3.2139098229866798,true,3.2110505877352353,36240,1055,2.86558074587923e-322,3,1,MIP
4467,95.140546099999995,146.28429478494888,true,3.2139098229866798,true,3.2110510381545967,36247,1052,2.86558074587923e-322,3,1,MIP
4468,95.142380900000006,146.28708766520054,true,3.2139098229866798,true,3.2110534457901867,36248,1053,2.86558074587923e-322,3,1,MIP
4469,95.142873399999999,146.28788110114186,true,3.2139098229866798,true,3.211056042647165,36249,1053,2.86558074587923e-322,3,1,MIP
4470,95.146647599999994,146.29363799136951,true,3.2139098229866798,true,3.2110595726101749,36255,1052,2.86558074587923e-322,3,1,MIP
4471,95.1471619,146.29453868707313,true,3.2139098229866798,true,3.2110655805885977,36256,1053,2.86558074587923e-322,3,1,MIP
4472,95.1520723,146.30150261667239,true,3.2139098229866798,true,3.2110664717366335,36261,1049,2.86558074587923e-322,3,1,MIP
4473,95.152383200000003,146.30195645358228,true,3.2139098229866798,true,3.2110694822043206,36262,1050,2.86558074587923e-322,3,1,MIP
4474,95.155424699999998,146.3069397020939,true,3.2139098229866798,true,3.2110699279629351,36266,1046,2.86558074587923e-322,3,1,MIP
4475,95.157786799999997,146.3104347965421,true,3.2139098229866798,true,3.2110701894666214,36269,1045,2.86558074587923e-322,3,1,MIP
4476,95.157953800000001,146.31068371829974,true,3.2139098229866798,true,3.2110702960559001,36270,1044,2.86558074587923e-322,3,1,MIP
4477,95.160575199999997,146.31370287303136,true,3.2139098229866798,true,3.2110713077715842,36273,1044,2.86558074587923e-322,3,1,MIP
4478,95.162939800000004,146.3170560780172,true,3.2139098229866798,true,3.2110741850414128,36278,1042,2.86558074587923e-322,3,1,MIP
4479,95.166688399999998,146.32214183010834,true,3.2139098229866798,true,3.2110776621188961,36280,1042,2.86558074587923e-322,3,1,MIP
4480,95.1668497,146.3224166642128,true,3.2139098229866798,true,3.2110830926410658,36281,1041,2.86558074587923e-322,3,1,MIP
4481,95.169225600000004,146.32569191203734,true,3.2139098229866798,true,3.2110880646434512,36284,1040,2.86558074587923e-322,3,1,MIP
4482,95.171468099999998,146.32872832914495,true,3.2139098229866798,true,3.2110884901991925,36287,1041,2.86558074587923e-322,3,1,MIP
4483,95.177334200000004,146.33721979928453,true,3.2139098229866798,true,3.2110907023297486,36303,1040,2.86558074587923e-322,3,1,MIP
4484,95.181308200000004,146.34259835493191,true,3.2139098229866798,true,3.2110920599776871,36309,1035,2.86558074587923e-322,3,1,MIP
4485,95.1818758,146.34340399662597,true,3.2139098229866798,true,3.211092714844594,36310,1034,2.86558074587923e-322,3,1,MIP
4486,95.182402100000004,146.34416738294956,true,3.2139098229866798,true,3.2110943605963223,36311,1033,2.86558074587923e-322,3,1,MIP
4487,95.1832919,146.34556639990581,true,3.2139098229866798,true,3.2110973858451639,36312,1032,2.86558074587923e-322,3,1,MIP
4488,95.184678099999999,146.34747575376187,true,3.2139098229866798,true,3.2111008269455197,36313,1033,2.86558074587923e-322,3,1,MIP
4489,95.185064699999998,146.34807155188236,true,3.2139098229866798,true,3.211102674266705,36314,1032,2.86558074587923e-322,3,1,MIP
4490,95.186999099999994,146.35091592077131,true,3.2139098229866798,true,3.2111048740362205,36317,1029,2.86558074587923e-322,3,1,MIP
4491,95.188319199999995,146.35278008076526,true,3.2139098229866798,true,3.2111074825429071,36318,1030,2.86558074587923e-322,3,1,MIP
4492,95.1885257,146.35304342082563,true,3.2139098229866798,true,3.2111080659624629,36319,1029,2.86558074587923e-322,3,1,MIP
4493,95.191313399999999,146.35706536129734,true,3.2139098229866798,true,3.2111090789727563,36323,1028,2.86558074587923e-322,3,1,MIP
4494,95.196634299999999,146.36372599325426,true,3.2139098229866798,true,3.2111101471736023,36330,1027,2.86558074587923e-322,3,1,MIP
4495,95.197018299999996,146.3643010157177,true,3.2139098229866798,true,3.2111144646664798,36331,1028,2.86558074587923e-322,3,1,MIP
4496,95.205049500000001,146.37796742199953,true,3.2139098229866798,true,3.2111206275980817,36340,1024,2.86558074587923e-322,3,1,MIP
4497,95.205827200000002,146.37917645916701,true,3.2139098229866798,true,3.2111206647075732,36341,1023,2.86558074587923e-322,3,1,MIP
4498,95.207013099999998,146.38067596801861,true,3.2139098229866798,true,3.211120897508418,36342,1024,2.86558074587923e-322,3,1,MIP
4499,95.207323900000006,146.38112810082265,true,3.2139098229866798,true,3.211121598858504,36343,1025,2.86558074587923e-322,3,1,MIP
4500,95.211013600000001,146.38635020737092,true,3.2139098229866798,true,3.2111233735561182,36353,1021,2.86558074587923e-322,3,1,MIP
4501,95.212673699999996,146.38848847535687,true,3.2139098229866798,true,3.2111240400275047,36355,1023,2.86558074587923e-322,3,1,MIP
4502,95.217787599999994,146.3955663544069,true,3.2139098229866798,true,3.2111246420751236,36368,1023,2.86558074587923e-322,3,1,MIP
4503,95.219843400000002,146.39847465523226,true,3.2139098229866798,true,3.211127420519027,36371,1023,2.86558074587923e-322,3,1,MIP
4504,95.221954100000005,146.40168824388815,true,3.2139098229866798,true,3.2111299903682102,36376,1019,2.86558074587923e-322,3,1,MIP
4505,95.223291200000006,146.40400498997766,true,3.2139098229866798,true,3.2111301253119509,36377,1018,2.86558074587923e-322,3,1,MIP
4506,95.224195600000002,146.40544517577223,true,3.2139098229866798,true,3.2111331193413668,36378,1017,2.86558074587923e-322,3,1,MIP
4507,95.224762600000005,146.40634321723851,true,3.2139098229866798,true,3.211133798965339,36379,1016,2.86558074587923e-322,3,1,MIP
4508,95.224919400000005,146.40652354723852,true,3.2139098229866798,true,3.2111347436512863,36380,1015,2.86558074587923e-322,3,1,MIP
4509,95.225493599999993,146.40732388754338,true,3.2139098229866798,true,3.21113656589826,36381,1014,2.86558074587923e-322,3,1,MIP
4510,95.229271900000001,146.41036835754727,true,3.2139098229866798,true,3.211140085092739,36382,1015,2.86558074587923e-322,3,1,MIP
4511,95.229582199999996,146.41076029277681,true,3.2139098229866798,true,3.2111438898670377,36383,1016,2.86558074587923e-322,3,1,MIP
4512,95.233480999999998,146.41585420798319,true,3.2139098229866798,true,3.2111470470771155,36390,1015,2.86558074587923e-322,3,1,MIP
4513,95.242536999999999,146.4282231668941,true,3.2139098229866798,true,3.211148127332919,36407,1011,2.86558074587923e-322,3,1,MIP
4514,95.251051799999999,146.44211447812043,true,3.2139098229866798,true,3.2111532603012911,36412,1011,2.86558074587923e-322,3,1,MIP
4515,95.258334199999993,146.45186913786875,true,3.2139098229866798,true,3.2111611008976304,36424,1009,2.86558074587923e-322,3,1,MIP
4516,95.263452299999997,146.45968934353755,true,3.2139098229866798,true,3.2111611790730161,36432,1005,2.86558074587923e-322,3,1,MIP
4517,95.263998999999998,146.46049757729423,true,3.2139098229866798,true,3.2111616517574202,36433,1004,2.86558074587923e-322,3,1,MIP
4518,95.264201099999994,146.46073188129421,true,3.2139098229866798,true,3.2111619144805754,36434,1003,2.86558074587923e-322,3,1,MIP
4519,95.2654158,146.46231349884627,true,3.2139098229866798,true,3.211165834578297,36435,1003,2.86558074587923e-322,3,1,MIP
4520,95.2658129,146.46291766627854,true,3.2139098229866798,true,3.2111662027773717,36436,1002,2.86558074587923e-322,3,1,MIP
4521,95.267546499999995,146.4651913443912,true,3.2139098229866798,true,3.2111670217122756,36438,1002,2.86558074587923e-322,3,1,MIP
4522,95.269884700000006,146.46840161467856,true,3.2139098229866798,true,3.211168359936043,36441,1001,2.86558074587923e-322,3,1,MIP
4523,95.271953999999994,146.47155095967793,true,3.2139098229866798,true,3.2111689881875565,36444,998,2.86558074587923e-322,3,1,MIP
4524,95.278998099999995,146.48022737986452,true,3.2139098229866798,true,3.2111697942545212,36452,998,2.86558074587923e-322,3,1,MIP
4525,95.280965600000002,146.48312633424402,true,3.2139098229866798,true,3.2111758768129075,36456,994,2.86558074587923e-322,3,1,MIP
4526,95.281624199999996,146.48404061807329,true,3.2139098229866798,true,3.2111775708811763,36457,993,2.86558074587923e-322,3,1,MIP
4527,95.282872600000005,146.48572552653837,true,3.2139098229866798,true,3.2111889860464706,36458,994,2.86558074587923e-322,3,1,MIP
4528,95.283171300000006,146.48617733432332,true,3.2139098229866798,true,3.2112019090920114,36459,995,2.86558074587923e-322,3,1,MIP
4529,95.287332199999994,146.49249257044548,true,3.2139098229866798,true,3.2112044011213818,36469,992,2.86558074587923e-322,3,1,MIP
4530,95.291461100000006,146.49818091036403,true,3.2139098229866798,true,3.2112060718117976,36471,990,2.86558074587923e-322,3,1,MIP
4531,95.292109999999994,146.49907781356478,true,3.2139098229866798,true,3.2112075555616144,36472,989,2.86558074587923e-322,3,1,MIP
4532,95.294891699999994,146.50296625440154,true,3.2139098229866798,true,3.2112081330692757,36474,989,2.86558074587923e-322,3,1,MIP
4533,95.300200799999999,146.51121387384919,true,3.2139098229866798,true,3.211213706411995,36478,988,2.86558074587923e-322,3,1,MIP
4534,95.304332400000007,146.51695417783418,true,3.2139098229866798,true,3.2112224526342112,36481,989,2.86558074587923e-322,3,1,MIP
4535,95.308000699999994,146.52233468661476,true,3.2139098229866798,true,3.2112266732220176,36487,989,2.86558074587923e-322,3,1,MIP
4536,95.310108499999998,146.52553837726589,true,3.2139098229866798,true,3.2112277149474719,36492,984,2.86558074587923e-322,3,1,MIP
4537,95.312098599999999,146.52845877262112,true,3.2139098229866798,true,3.2112324789517257,36493,985,2.86558074587923e-322,3,1,MIP
4538,95.312505799999997,146.52907430275019,true,3.2139098229866798,true,3.2112500647595703,36494,986,2.86558074587923e-322,3,1,MIP
4539,95.315330200000005,146.53294751638168,true,3.2139098229866798,true,3.2112514314668843,36499,983,2.86558074587923e-322,3,1,MIP
4540,95.320259500000006,146.53884987309354,true,3.2139098229866798,true,3.2112570143115331,36510,980,2.86558074587923e-322,3,1,MIP
4541,95.322698599999995,146.5424898996454,true,3.2139098229866798,true,3.2112631980260904,36511,981,2.86558074587923e-322,3,1,MIP
4542,95.323103500000002,146.543062108199,true,3.2139098229866798,true,3.211266791225841,36512,982,2.86558074587923e-322,3,1,MIP
4543,95.327363800000001,146.54840383535804,true,3.2139098229866798,true,3.2112667992415309,36517,979,2.86558074587923e-322,3,1,MIP
4544,95.327701500000003,146.54874864057805,true,3.2139098229866798,true,3.2112804655998435,36518,978,2.86558074587923e-322,3,1,MIP
4545,95.333440400000001,146.55814271113331,true,3.2139098229866798,true,3.2112804713762531,36521,975,2.86558074587923e-322,3,1,MIP
4546,95.333947899999998,146.5588703315,true,3.2139098229866798,true,3.211295610882503,36522,974,2.86558074587923e-322,3,1,MIP
4547,95.335635300000007,146.5608399583931,true,3.2139098229866798,true,3.211297254853978,36523,975,2.86558074587923e-322,3,1,MIP
4548,95.335876400000004,146.56111252286038,true,3.2139098229866798,true,3.2113122824318023,36524,974,2.86558074587923e-322,3,1,MIP
4549,95.339814099999998,146.56683457934332,true,3.2139098229866798,true,3.2113154128698307,36527,973,2.86558074587923e-322,3,1,MIP
4550,95.342366200000001,146.57046185595641,true,3.2139098229866798,true,3.211318684593516,36533,969,2.86558074587923e-322,3,1,MIP
4551,95.343688799999995,146.57226668067256,true,3.2139098229866798,true,3.2113192652878686,36534,970,2.86558074587923e-322,3,1,MIP
4552,95.351387500000001,146.58246223166287,true,3.2139098229866798,true,3.2113224410659886,36544,968,2.86558074587923e-322,3,1,MIP
4553,95.357000900000003,146.58966922706847,true,3.2139098229866798,true,3.2113264700097068,36551,967,2.86558074587923e-322,3,1,MIP
4554,95.360028900000003,146.5934099905777,true,3.2139098229866798,true,3.2113276906281039,36555,964,2.86558074587923e-322,3,1,MIP
4555,95.360132899999996,146.59359637888889,true,3.2139098229866798,true,3.2113319820177946,36556,963,2.86558074587923e-322,3,1,MIP
4556,95.361667400000002,146.59556054117618,true,3.2139098229866798,true,3.211332387526431,36558,961,2.86558074587923e-322,3,1,MIP
4557,95.362178200000002,146.59635409196591,true,3.2139098229866798,true,3.2113360092968919,36559,960,2.86558074587923e-322,3,1,MIP
4558,95.363538800000001,146.59801488392372,true,3.2139098229866798,true,3.2113418703684364,36560,960,2.86558074587923e-322,3,1,MIP
4559,95.363649699999996,146.59821435174607,true,3.2139098229866798,true,3.2113456073157929,36561,959,2.86558074587923e-322,3,1,MIP
4560,95.3677177,146.60464841650938,true,3.2139098229866798,true,3.2113470568228051,36563,957,2.86558074587923e-322,3,1,MIP
4561,95.368426299999996,146.60556213504756,true,3.2139098229866798,true,3.2113527306531147,36564,956,2.86558074587923e-322,3,1,MIP
4562,95.368948000000003,146.60629588603979,true,3.2139098229866798,true,3.2113541820029941,36565,955,2.86558074587923e-322,3,1,MIP
4563,95.369700800000004,146.60744842008845,true,3.2139098229866798,true,3.2113550184211346,36566,954,2.86558074587923e-322,3,1,MIP
4564,95.370362999999998,146.60845799810537,true,3.2139098229866798,true,3.2113553816136902,36567,953,2.86558074587923e-322,3,1,MIP
4565,95.375381000000004,146.61542173775152,true,3.2139098229866798,true,3.2113554657848753,36568,954,2.86558074587923e-322,3,1,MIP
4566,95.379021199999997,146.62003959236716,true,3.2139098229866798,true,3.2113585431710554,36569,955,2.86558074587923e-322,3,1,MIP
4567,95.388244599999993,146.6317910350414,true,3.2139098229866798,true,3.2113587224593507,36576,952,2.86558074587923e-322,3,1,MIP
4568,95.392737499999996,146.6380554113835,true,3.2139098229866798,true,3.2113597179806819,36583,949,2.86558074587923e-322,3,1,MIP
4569,95.393360700000002,146.63891326024606,true,3.2139098229866798,true,3.2113608452858249,36584,948,2.86558074587923e-322,3,1,MIP
4570,95.393953199999999,146.63978352541679,true,3.2139098229866798,true,3.2113616996971537,36585,947,2.86558074587923e-322,3,1,MIP
4571,95.395660000000007,146.64214755143254,true,3.2139098229866798,true,3.2113683103414967,36586,948,2.86558074587923e-322,3,1,MIP
4572,95.395751700000005,146.64224715143254,true,3.2139098229866798,true,3.2113692187184393,36587,947,2.86558074587923e-322,3,1,MIP
4573,95.404661099999998,146.65534968066811,true,3.2139098229866798,true,3.2113700841602686,36603,945,2.86558074587923e-322,3,1,MIP
4574,95.407594099999997,146.65932331839983,true,3.2139098229866798,true,3.2113747574874481,36608,943,2.86558074587923e-322,3,1,MIP
4575,95.407707400000007,146.65950299385574,true,3.2139098229866798,true,3.2113753629597408,36609,942,2.86558074587923e-322,3,1,MIP
4576,95.409472100000002,146.66187841126933,true,3.2139098229866798,true,3.2113778047493282,36611,944,2.86558074587923e-322,3,1,MIP
4577,95.412161499999996,146.66610977363581,true,3.2139098229866798,true,3.2113791755631569,36618,939,2.86558074587923e-322,3,1,MIP
4578,95.415314699999996,146.67068448983724,true,3.2139098229866798,true,3.2113901242244665,36620,937,2.86558074587923e-322,3,1,MIP
4579,95.420694100000006,146.67989647800735,true,3.2139098229866798,true,3.2113998087336335,36621,936,2.86558074587923e-322,3,1,MIP
4580,95.421257199999999,146.68065414033703,true,3.2139098229866798,true,3.2114007822941568,36622,935,2.86558074587923e-322,3,1,MIP
4581,95.422878299999994,146.68273556715587,true,3.2139098229866798,true,3.2114060107414337,36623,936,2.86558074587923e-322,3,1,MIP
4582,95.423145399999996,146.68307953384823,true,3.2139098229866798,true,3.2114096567844381,36624,935,2.86558074587923e-322,3,1,MIP
4583,95.425783699999997,146.68672270242038,true,3.2139098229866798,true,3.2114184303187048,36628,933,2.86558074587923e-322,3,1,MIP
4584,95.4275339,146.68906931830315,true,3.2139098229866798,true,3.2114190028176983,36630,935,2.86558074587923e-322,3,1,MIP
4585,95.433003200000002,146.69600041696148,true,3.2139098229866798,true,3.2114201343843662,36638,932,2.86558074587923e-322,3,1,MIP
4586,95.433798499999995,146.69695240949602,true,3.2139098229866798,true,3.2114211285172973,36640,932,2.86558074587923e-322,3,1,MIP
4587,95.436247899999998,146.7004213258474,true,3.2139098229866798,true,3.2114217186467657,36644,932,2.86558074587923e-322,3,1,MIP
4588,95.439865299999994,146.70612497042561,true,3.2139098229866798,true,3.2114217778931065,36655,927,2.86558074587923e-322,3,1,MIP
4589,95.440374000000006,146.70689499154753,true,3.2139098229866798,true,3.211421779180891,36656,926,2.86558074587923e-322,3,1,MIP
4590,95.441419100000005,146.70850695156994,true,3.2139098229866798,true,3.211427195562353,36658,924,2.86558074587923e-322,3,1,MIP
4591,95.442643399999994,146.71018184058397,true,3.2139098229866798,true,3.2114286364072111,36659,925,2.86558074587923e-322,3,1,MIP
4592,95.443334699999994,146.71068139887802,true,3.2139098229866798,true,3.2114335518037191,36660,926,2.86558074587923e-322,3,1,MIP
4593,95.447093199999998,146.71620614138729,true,3.2139098229866798,true,3.2114336810455519,36669,921,2.86558074587923e-322,3,1,MIP
4594,95.4503287,146.71967620636008,true,3.2139098229866798,true,3.2114354155873457,36670,922,2.86558074587923e-322,3,1,MIP
4595,95.450484599999996,146.71993326998373,true,3.2139098229866798,true,3.2114363389148437,36671,921,2.86558074587923e-322,3,1,MIP
4596,95.454781299999993,146.7247023579533,true,3.2139098229866798,true,3.211438903349193,36674,920,2.86558074587923e-322,3,1,MIP
4597,95.455239899999995,146.72518227292929,true,3.2139098229866798,true,3.2114389629020019,36675,921,2.86558074587923e-322,3,1,MIP
4598,95.463741799999994,146.7364370416729,true,3.2139098229866798,true,3.2114432238301225,36681,917,2.86558074587923e-322,3,1,MIP
4599,95.464286099999995,146.73711901681855,true,3.2139098229866798,true,3.2114432959733139,36682,918,2.86558074587923e-322,3,1,MIP
4600,95.468136299999998,146.74277532020179,true,3.2139098229866798,true,3.2114459871550354,36689,914,2.86558074587923e-322,3,1,MIP
4601,95.468252100000001,146.74296632619678,true,3.2139098229866798,true,3.21144999994437,36690,913,2.86558074587923e-322,3,1,MIP
4602,95.487641400000001,146.76974867346269,true,3.2139098229866798,true,3.2114507320543004,36723,910,2.86558074587923e-322,3,1,MIP
4603,95.491066599999996,146.77449064417704,true,3.2139098229866798,true,3.2114613512354171,36729,907,2.86558074587923e-322,3,1,MIP
4604,95.492474700000002,146.77619708002788,true,3.2139098229866798,true,3.2114637459334645,36730,908,2.86558074587923e-322,3,1,MIP
4605,95.492860399999998,146.77668103620798,true,3.2139098229866798,true,3.2114639425935327,36731,909,2.86558074587923e-322,3,1,MIP
4606,95.5003861,146.78879207955291,true,3.2139098229866798,true,3.2114650085161265,36744,904,2.86558074587923e-322,3,1,MIP
4607,95.507411099999999,146.8010598094022,true,3.2139098229866798,true,3.2114663965820007,36745,903,2.86558074587923e-322,3,1,MIP
4608,95.508757099999997,146.80278691222469,true,3.2139098229866798,true,3.2114670766458246,36746,904,2.86558074587923e-322,3,1,MIP
4609,95.508888099999993,146.80297524988796,true,3.2139098229866798,true,3.2114673393773283,36747,903,2.86558074587923e-322,3,1,MIP
4610,95.511104500000002,146.80594719207957,true,3.2139098229866798,true,3.2114682044782583,36750,902,2.86558074587923e-322,3,1,MIP
4611,95.511599700000005,146.80662572220146,true,3.2139098229866798,true,3.2114706498734749,36751,903,2.86558074587923e-322,3,1,MIP
4612,95.517582000000004,146.81527058423981,true,3.2139098229866798,true,3.2114766256192357,36758,900,2.86558074587923e-322,3,1,MIP
4613,95.526019199999993,146.8249775096358,true,3.2139098229866798,true,3.2114793693450583,36767,900,2.86558074587923e-322,3,1,MIP
4614,95.532489299999995,146.83452385723689,true,3.2139098229866798,true,3.2114838547633702,36777,896,2.86558074587923e-322,3,1,MIP
4615,95.5337751,146.83619692669916,true,3.2139098229866798,true,3.2114861349098867,36778,897,2.86558074587923e-322,3,1,MIP
4616,95.5341825,146.83679103707595,true,3.2139098229866798,true,3.2114886739638466,36779,896,2.86558074587923e-322,3,1,MIP
4617,95.537042299999996,146.84101465492927,true,3.2139098229866798,true,3.2114903048281973,36785,893,2.86558074587923e-322,3,1,MIP
4618,95.537664100000001,146.84191605673757,true,3.2139098229866798,true,3.2114905931279161,36786,892,2.86558074587923e-322,3,1,MIP
4619,95.538494600000007,146.84298889943668,true,3.2139098229866798,true,3.2114979227338991,36787,891,2.86558074587923e-322,3,1,MIP
4620,95.539890900000003,146.84464756993384,true,3.2139098229866798,true,3.2115034486531195,36788,892,2.86558074587923e-322,3,1,MIP
4621,95.540251100000006,146.84520768404983,true,3.2139098229866798,true,3.2115086477186661,36789,891,2.86558074587923e-322,3,1,MIP
4622,95.543509700000001,146.84989144779399,true,3.2139098229866798,true,3.2115132428879254,36793,890,2.86558074587923e-322,3,1,MIP
4623,95.543795799999998,146.85031479989465,true,3.2139098229866798,true,3.2115310456644144,36794,891,2.86558074587923e-322,3,1,MIP
4624,95.546526200000002,146.85451200489479,true,3.2139098229866798,true,3.2115346736934831,36802,887,2.86558074587923e-322,3,1,MIP
4625,95.548139399999997,146.85671209733428,true,3.2139098229866798,true,3.2115380163004916,36803,887,2.86558074587923e-322,3,1,MIP
4626,95.548321200000004,146.85698228026595,true,3.2139098229866798,true,3.2115398259781038,36804,886,2.86558074587923e-322,3,1,MIP
4627,95.5508217,146.86065541017814,true,3.2139098229866798,true,3.2115415874809523,36806,886,2.86558074587923e-322,3,1,MIP
4628,95.557560600000002,146.86951648908882,true,3.2139098229866798,true,3.2115420656986107,36809,885,2.86558074587923e-322,3,1,MIP
4629,95.563570200000001,146.87728938216992,true,3.2139098229866798,true,3.2115451983774865,36813,883,2.86558074587923e-322,3,1,MIP
4630,95.565565399999997,146.880174364673,true,3.2139098229866798,true,3.2115555727379039,36816,880,2.86558074587923e-322,3,1,MIP
4631,95.568463499999993,146.88377999226859,true,3.2139098229866798,true,3.2115572869022571,36817,881,2.86558074587923e-322,3,1,MIP
4632,95.569436600000003,146.88513428357228,true,3.2139098229866798,true,3.2115644114168092,36818,881,2.86558074587923e-322,3,1,MIP
4633,95.578258199999993,146.89622065513598,true,3.2139098229866798,true,3.2115672180778958,36822,880,2.86558074587923e-322,3,1,MIP
4634,95.587179899999995,146.90867133904473,true,3.2139098229866798,true,3.2115695225110397,36827,880,2.86558074587923e-322,3,1,MIP
4635,95.601703599999993,146.92912616575632,true,3.2139098229866798,true,3.2115707581628019,36839,877,2.86558074587923e-322,3,1,MIP
4636,95.609940100000003,146.9414734722109,true,3.2139098229866798,true,3.2115725466141765,36851,873,2.86558074587923e-322,3,1,MIP
4637,95.610109600000001,146.94169961121091,true,3.2139098229866798,true,3.2115727232468765,36852,872,2.86558074587923e-322,3,1,MIP
4638,95.610754,146.94264369677012,true,3.2139098229866798,true,3.2115737262192003,36854,870,2.86558074587923e-322,3,1,MIP
4639,95.610965500000006,146.9428904377701,true,3.2139098229866798,true,3.2115754233662979,36855,869,2.86558074587923e-322,3,1,MIP
4640,95.624594200000004,146.9702171761252,true,3.2139098229866798,true,3.2115944233328664,36856,868,2.86558074587923e-322,3,1,MIP
4641,95.635851700000003,146.98962067873077,true,3.2139098229866798,true,3.211595011126207,36858,867,2.86558074587923e-322,3,1,MIP
4642,95.639585299999993,146.99468220162996,true,3.2139098229866798,true,3.211599088176178,36860,866,2.86558074587923e-322,3,1,MIP
4643,95.639756800000001,146.99500042268818,true,3.2139098229866798,true,3.2116107748902314,36861,865,2.86558074587923e-322,3,1,MIP
4644,95.641064400000005,146.9968059961605,true,3.2139098229866798,true,3.2116114925305825,36863,863,2.86558074587923e-322,3,1,MIP
4645,95.641910300000006,146.99812226735287,true,3.2139098229866798,true,3.2116129784758396,36864,862,2.86558074587923e-322,3,1,MIP
4646,95.642423199999996,146.99890269751711,true,3.2139098229866798,true,3.2116132021134707,36865,861,2.86558074587923e-322,3,1,MIP
4647,95.646235899999994,147.00301359591163,true,3.2139098229866798,true,3.2116226381416135,36867,861,2.86558074587923e-322,3,1,MIP
4648,95.646532199999996,147.00340120443468,true,3.2139098229866798,true,3.211623019658048,36868,862,2.86558074587923e-322,3,1,MIP
4649,95.650341600000004,147.00873729618459,true,3.2139098229866798,true,3.2116244479776577,36875,859,2.86558074587923e-322,3,1,MIP
4650,95.650422399999997,147.00886923002224,true,3.2139098229866798,true,3.2116256466683666,36876,858,2.86558074587923e-322,3,1,MIP
4651,95.656205999999997,147.01728613500299,true,3.2139098229866798,true,3.2116265474030325,36880,854,2.86558074587923e-322,3,1,MIP
4652,95.656780900000001,147.01822479365904,true,3.2139098229866798,true,3.2116289010812444,36881,853,2.86558074587923e-322,3,1,MIP
4653,95.658191299999999,147.02011586188797,true,3.2139098229866798,true,3.2116318197090283,36882,853,2.86558074587923e-322,3,1,MIP
4654,95.660666599999999,147.02356276441913,true,3.2139098229866798,true,3.2116337032520463,36885,851,2.86558074587923e-322,3,1,MIP
4655,95.664137999999994,147.0277977716606,true,3.2139098229866798,true,3.2116348409231428,36887,850,2.86558074587923e-322,3,1,MIP
4656,95.668994900000001,147.03247893827736,true,3.2139098229866798,true,3.2116355273160906,36889,849,2.86558074587923e-322,3,1,MIP
4657,95.669307799999999,147.03289379870961,true,3.2139098229866798,true,3.2116356284713641,36890,848,2.86558074587923e-322,3,1,MIP
4658,95.670317499999996,147.03418354153555,true,3.2139098229866798,true,3.211636734103644,36892,846,2.86558074587923e-322,3,1,MIP
4659,95.671144200000001,147.03541959136973,true,3.2139098229866798,true,3.2116380016164441,36893,845,2.86558074587923e-322,3,1,MIP
4660,95.671651699999998,147.03616391742551,true,3.2139098229866798,true,3.2116380353358847,36894,844,2.86558074587923e-322,3,1,MIP
4661,95.673056399999993,147.03845711991363,true,3.2139098229866798,true,3.2116407361306969,36895,843,2.86558074587923e-322,3,1,MIP
4662,95.675006800000006,147.04147206007036,true,3.2139098229866798,true,3.2116463468991592,36896,842,2.86558074587923e-322,3,1,MIP
4663,95.676676499999999,147.04377579978214,true,3.2139098229866798,true,3.2116525208197046,36897,842,2.86558074587923e-322,3,1,MIP
4664,95.683857700000004,147.05395463868604,true,3.2139098229866798,true,3.2116545146328095,36906,839,2.86558074587923e-322,3,1,MIP
4665,95.684554399999996,147.05487873561401,true,3.2139098229866798,true,3.2116551607368282,36907,838,2.86558074587923e-322,3,1,MIP
4666,95.685233499999995,147.05601792242393,true,3.2139098229866798,true,3.2116591522579072,36908,837,2.86558074587923e-322,3,1,MIP
4667,95.685436800000005,147.05626231042393,true,3.2139098229866798,true,3.2116686534041241,36909,836,2.86558074587923e-322,3,1,MIP
4668,95.685945000000004,147.05703479747916,true,3.2139098229866798,true,3.2116693440279209,36910,835,2.86558074587923e-322,3,1,MIP
4669,95.6866409,147.05816317514009,true,3.2139098229866798,true,3.2116737882024582,36911,834,2.86558074587923e-322,3,1,MIP
4670,95.687861999999996,147.05977802980084,true,3.2139098229866798,true,3.2116755866210251,36912,835,2.86558074587923e-322,3,1,MIP
4671,95.688231900000005,147.06036748490666,true,3.2139098229866798,true,3.2116829364067714,36913,836,2.86558074587923e-322,3,1,MIP
4672,95.692363200000003,147.0664025477619,true,3.2139098229866798,true,3.211684477947077,36921,833,2.86558074587923e-322,3,1,MIP
4673,95.719150099999993,147.10360826740254,true,3.2139098229866798,true,3.2116855947514664,36945,825,2.86558074587923e-322,3,1,MIP
4674,95.725570200000007,147.11284367268846,true,3.2139098229866798,true,3.2116863340053072,36951,823,2.86558074587923e-322,3,1,MIP
4675,95.730225899999994,147.12063337096671,true,3.2139098229866798,true,3.2116868772982765,36954,820,2.86558074587923e-322,3,1,MIP
4676,95.732118799999995,147.12263629251038,true,3.2139098229866798,true,3.2116873565837918,36955,820,2.86558074587923e-322,3,1,MIP
4677,95.732331099999996,147.12275924451038,true,3.2139098229866798,true,3.2117052979190697,36956,819,2.86558074587923e-322,3,1,MIP
4678,95.743038299999995,147.13736372142372,true,3.2139098229866798,true,3.2117083979741521,36964,818,2.86558074587923e-322,3,1,MIP
4679,95.7447284,147.13970224183646,true,3.2139098229866798,true,3.2117099437026013,36967,815,2.86558074587923e-322,3,1,MIP
4680,95.746315499999994,147.14185378434951,true,3.2139098229866798,true,3.2117150886355348,36968,815,2.86558074587923e-322,3,1,MIP
4681,95.746715600000002,147.14239179933637,true,3.2139098229866798,true,3.2117181796301471,36969,814,2.86558074587923e-322,3,1,MIP
4682,95.748368999999997,147.14504632015195,true,3.2139098229866798,true,3.2117204668155623,36971,812,2.86558074587923e-322,3,1,MIP
4683,95.7616546,147.16944662522221,true,3.2139098229866798,true,3.2117240339955391,36972,811,2.86558074587923e-322,3,1,MIP
4684,95.762204999999994,147.17024545940063,true,3.2139098229866798,true,3.2117254393443067,36973,810,2.86558074587923e-322,3,1,MIP
4685,95.7635547,147.17195798247133,true,3.2139098229866798,true,3.2117257049460308,36974,811,2.86558074587923e-322,3,1,MIP
4686,95.763937799999994,147.17250549340773,true,3.2139098229866798,true,3.2117266763029173,36975,811,2.86558074587923e-322,3,1,MIP
4687,95.7758501,147.18749039159241,true,3.2139098229866798,true,3.2117267463329107,36984,807,2.86558074587923e-322,3,1,MIP
4688,95.7790088,147.19192476126167,true,3.2139098229866798,true,3.2117301333657093,36987,807,2.86558074587923e-322,3,1,MIP
4689,95.784004800000005,147.19808397745774,true,3.2139098229866798,true,3.211731688248364,36991,807,2.86558074587923e-322,3,1,MIP
4690,95.793284999999997,147.21121953003714,true,3.2139098229866798,true,3.2117434001199707,37002,804,2.86558074587923e-322,3,1,MIP
4691,95.795734999999993,147.2144309973537,true,3.2139098229866798,true,3.2117437778994575,37005,803,2.86558074587923e-322,3,1,MIP
4692,95.795886699999997,147.21465009693461,true,3.2139098229866798,true,3.2117441128064339,37006,802,2.86558074587923e-322,3,1,MIP
4693,95.800793299999995,147.22149310860044,true,3.2139098229866798,true,3.2117443425496397,37014,799,2.86558074587923e-322,3,1,MIP
4694,95.801162899999994,147.22207825783033,true,3.2139098229866798,true,3.211754929201009,37015,799,2.86558074587923e-322,3,1,MIP
4695,95.802596699999995,147.22416997182003,true,3.2139098229866798,true,3.2117592182665606,37018,796,2.86558074587923e-322,3,1,MIP
4696,95.803241600000007,147.22500266179074,true,3.2139098229866798,true,3.2117604458744178,37019,795,2.86558074587923e-322,3,1,MIP
4697,95.8037736,147.22581858133447,true,3.2139098229866798,true,3.2117618217234742,37020,794,2.86558074587923e-322,3,1,MIP
4698,95.805868500000003,147.22847488459354,true,3.2139098229866798,true,3.211765688090332,37022,794,2.86558074587923e-322,3,1,MIP
4699,95.806453200000007,147.22936135737285,true,3.2139098229866798,true,3.2117752250139873,37023,793,2.86558074587923e-322,3,1,MIP
4700,95.809176899999997,147.23288142543487,true,3.2139098229866798,true,3.2117758803054568,37026,791,2.86558074587923e-322,3,1,MIP
4701,95.809501600000004,147.23335260635272,true,3.2139098229866798,true,3.2117762061444664,37027,790,2.86558074587923e-322,3,1,MIP
4702,95.811644900000005,147.23645443163326,true,3.2139098229866798,true,3.2117780223289576,37029,789,2.86558074587923e-322,3,1,MIP
4703,95.813177899999999,147.23858512777096,true,3.2139098229866798,true,3.2117806139501042,37031,787,2.86558074587923e-322,3,1,MIP
4704,95.813872500000002,147.23952942567985,true,3.2139098229866798,true,3.211785741931072,37032,786,2.86558074587923e-322,3,1,MIP
4705,95.814508099999998,147.24054983245759,true,3.2139098229866798,true,3.2117906108264158,37033,785,2.86558074587923e-322,3,1,MIP
4706,95.817412300000001,147.24409007641492,true,3.2139098229866798,true,3.2117913486319862,37034,785,2.86558074587923e-322,3,1,MIP
4707,95.817994200000001,147.24468761952335,true,3.2139098229866798,true,3.2117916624279799,37035,786,2.86558074587923e-322,3,1,MIP
4708,95.822286000000005,147.25036396993968,true,3.2139098229866798,true,3.2117919053256889,37042,783,2.86558074587923e-322,3,1,MIP
4709,95.823099600000006,147.25139496030744,true,3.2139098229866798,true,3.2117954767791144,37043,783,2.86558074587923e-322,3,1,MIP
4710,95.837234100000003,147.27020349143979,true,3.2139098229866798,true,3.2117961042426693,37057,778,2.86558074587923e-322,3,1,MIP
4711,95.847921900000003,147.28246754669183,true,3.2139098229866798,true,3.211797741440412,37071,780,2.86558074587923e-322,3,1,MIP
4712,95.853922100000005,147.2908760417277,true,3.2139098229866798,true,3.2117980206610661,37078,775,2.86558074587923e-322,3,1,MIP
4713,95.855601800000002,147.29319222283797,true,3.2139098229866798,true,3.2118115807675944,37079,776,2.86558074587923e-322,3,1,MIP
4714,95.856199099999998,147.29409179024282,true,3.2139098229866798,true,3.2118219354248025,37080,775,2.86558074587923e-322,3,1,MIP
4715,95.859904799999995,147.29936197783877,true,3.2139098229866798,true,3.2118245493600321,37085,774,2.86558074587923e-322,3,1,MIP
4716,95.864856200000006,147.30636057586261,true,3.2139098229866798,true,3.2118279042909332,37091,770,2.86558074587923e-322,3,1,MIP
4717,95.866742799999997,147.30847421659078,true,3.2139098229866798,true,3.2118395846044105,37092,771,2.86558074587923e-322,3,1,MIP
4718,95.871398299999996,147.31470180324874,true,3.2139098229866798,true,3.21184114800631,37098,773,2.86558074587923e-322,3,1,MIP
4719,95.881504300000003,147.32912198587047,true,3.2139098229866798,true,3.21184130366419,37109,768,2.86558074587923e-322,3,1,MIP
4720,95.882016500000006,147.32985680712369,true,3.2139098229866798,true,3.2118415702751499,37110,767,2.86558074587923e-322,3,1,MIP
4721,95.882678400000003,147.33078984025076,true,3.2139098229866798,true,3.2118454954903641,37111,766,2.86558074587923e-322,3,1,MIP
4722,95.883355499999993,147.33166228216186,true,3.2139098229866798,true,3.2118488910317393,37112,765,2.86558074587923e-322,3,1,MIP
4723,95.884135000000001,147.33277261575185,true,3.2139098229866798,true,3.2118494183435997,37113,764,2.86558074587923e-322,3,1,MIP
4724,95.885547000000003,147.33452588810556,true,3.2139098229866798,true,3.211856319072981,37114,765,2.86558074587923e-322,3,1,MIP
4725,95.892350699999994,147.3447839308709,true,3.2139098229866798,true,3.2118629214814085,37120,764,2.86558074587923e-322,3,1,MIP
4726,95.896012200000001,147.34995252725648,true,3.2139098229866798,true,3.211863476206624,37124,762,2.86558074587923e-322,3,1,MIP
4727,95.896244199999998,147.35027125940107,true,3.2139098229866798,true,3.2118636320513829,37125,761,2.86558074587923e-322,3,1,MIP
4728,95.8976775,147.35233911708715,true,3.2139098229866798,true,3.2118652418224212,37128,758,2.86558074587923e-322,3,1,MIP
4729,95.897898600000005,147.35260361808716,true,3.2139098229866798,true,3.2118663264536456,37129,757,2.86558074587923e-322,3,1,MIP
4730,95.906311799999997,147.36931783573078,true,3.2139098229866798,true,3.2118677762553389,37130,756,2.86558074587923e-322,3,1,MIP
4731,95.906938699999998,147.37012279121211,true,3.2139098229866798,true,3.2118722387187302,37131,755,2.86558074587923e-322,3,1,MIP
4732,95.933472399999999,147.42178846414225,true,3.2139098229866798,true,3.2118748541360498,37132,754,2.86558074587923e-322,3,1,MIP
4733,95.934243600000002,147.42263644053486,true,3.2139098229866798,true,3.2118749370730573,37133,753,2.86558074587923e-322,3,1,MIP
4734,95.934775400000007,147.42340226090403,true,3.2139098229866798,true,3.211876366103906,37134,752,2.86558074587923e-322,3,1,MIP
4735,95.935340499999995,147.42417569426331,true,3.2139098229866798,true,3.2118833606621564,37135,751,2.86558074587923e-322,3,1,MIP
4736,95.936737899999997,147.42580331101598,true,3.2139098229866798,true,3.2118851144676412,37136,752,2.86558074587923e-322,3,1,MIP
4737,95.936838399999999,147.42594555048458,true,3.2139098229866798,true,3.2118875533171161,37137,751,2.86558074587923e-322,3,1,MIP
4738,95.941791800000004,147.43021746864088,true,3.2139098229866798,true,3.2118919128799663,37140,749,2.86558074587923e-322,3,1,MIP
4739,95.945051500000005,147.43267882726755,true,3.2139098229866798,true,3.2118927812850613,37142,751,2.86558074587923e-322,3,1,MIP
4740,95.956969599999994,147.45033207255619,true,3.2139098229866798,true,3.2118991417309397,37158,749,2.86558074587923e-322,3,1,MIP
4741,95.962494300000003,147.4574442994639,true,3.2139098229866798,true,3.2119051653539108,37170,747,2.86558074587923e-322,3,1,MIP
4742,95.966870999999998,147.46273760397736,true,3.2139098229866798,true,3.2119080351858647,37173,748,2.86558074587923e-322,3,1,MIP
4743,95.971775800000003,147.46941734463792,true,3.2139098229866798,true,3.211908070619875,37184,748,2.86558074587923e-322,3,1,MIP
4744,95.972653199999996,147.47057693229331,true,3.2139098229866798,true,3.2119125709931038,37186,746,2.86558074587923e-322,3,1,MIP
4745,95.975045300000005,147.47371006880653,true,3.2139098229866798,true,3.2119128763110161,37188,744,2.86558074587923e-322,3,1,MIP
4746,95.976570300000006,147.47565173239187,true,3.2139098229866798,true,3.2119137297045408,37189,744,2.86558074587923e-322,3,1,MIP
4747,95.976935699999999,147.47621335902235,true,3.2139098229866798,true,3.2119141614151538,37190,744,2.86558074587923e-322,3,1,MIP
4748,95.978479899999996,147.47835268381053,true,3.2139098229866798,true,3.2119145187138014,37193,741,2.86558074587923e-322,3,1,MIP
4749,95.9790718,147.47927937316894,true,3.2139098229866798,true,3.2119182846141809,37194,740,2.86558074587923e-322,3,1,MIP
4750,95.980426899999998,147.48099745329361,true,3.2139098229866798,true,3.2119200345613255,37195,740,2.86558074587923e-322,3,1,MIP
4751,95.980810000000005,147.481541048287,true,3.2139098229866798,true,3.2119255049836988,37196,739,2.86558074587923e-322,3,1,MIP
4752,95.984527999999997,147.48780613435935,true,3.2139098229866798,true,3.2119258048417834,37198,737,2.86558074587923e-322,3,1,MIP
4753,95.986650299999994,147.49058215041501,true,3.2139098229866798,true,3.2119262996357891,37199,738,2.86558074587923e-322,3,1,MIP
4754,95.986851099999996,147.490728033415,true,3.2139098229866798,true,3.2119292046188184,37200,737,2.86558074587923e-322,3,1,MIP
4755,95.989600699999997,147.49448170001369,true,3.2139098229866798,true,3.2119318146658786,37203,738,2.86558074587923e-322,3,1,MIP
4756,95.994076399999997,147.49947742617644,true,3.2139098229866798,true,3.2119345361022278,37213,733,2.86558074587923e-322,3,1,MIP
4757,95.994631400000003,147.50032129472643,true,3.2139098229866798,true,3.2119361788306526,37214,732,2.86558074587923e-322,3,1,MIP
4758,95.995273699999998,147.50128546513315,true,3.2139098229866798,true,3.2119388176005303,37215,731,2.86558074587923e-322,3,1,MIP
4759,95.995863299999996,147.50217040014778,true,3.2139098229866798,true,3.2119391796423487,37216,730,2.86558074587923e-322,3,1,MIP
4760,95.996412199999995,147.5029216206681,true,3.2139098229866798,true,3.2119448315376364,37217,729,2.86558074587923e-322,3,1,MIP
4761,95.997221300000007,147.50401871115591,true,3.2139098229866798,true,3.2119461012341741,37219,727,2.86558074587923e-322,3,1,MIP
4762,95.997777499999998,147.50495034536934,true,3.2139098229866798,true,3.2119542861431976,37220,726,2.86558074587923e-322,3,1,MIP
4763,95.998322999999999,147.50575199252302,true,3.2139098229866798,true,3.2119549083626895,37221,725,2.86558074587923e-322,3,1,MIP
4764,95.998830299999995,147.50650809357364,true,3.2139098229866798,true,3.2119550718095913,37222,724,2.86558074587923e-322,3,1,MIP
4765,96.012433799999997,147.52920420243197,true,3.2139098229866798,true,3.2119599677735016,37223,725,2.86558074587923e-322,3,1,MIP
4766,96.017750800000002,147.53728963812421,true,3.2139098229866798,true,3.2119703637396015,37227,721,2.86558074587923e-322,3,1,MIP
4767,96.018261899999999,147.53808639366903,true,3.2139098229866798,true,3.2119719871494277,37228,720,2.86558074587923e-322,3,1,MIP
4768,96.018494799999999,147.53835860566903,true,3.2139098229866798,true,3.2119726787914038,37229,719,2.86558074587923e-322,3,1,MIP
4769,96.019096700000006,147.53925377147016,true,3.2139098229866798,true,3.2119758591465177,37230,718,2.86558074587923e-322,3,1,MIP
4770,96.020794899999999,147.54156901044698,true,3.2139098229866798,true,3.2119778900814842,37232,716,2.86558074587923e-322,3,1,MIP
4771,96.022159900000005,147.54327547557355,true,3.2139098229866798,true,3.2119822649955987,37233,716,2.86558074587923e-322,3,1,MIP
4772,96.022243200000005,147.5434103848888,true,3.2139098229866798,true,3.2119833093375321,37234,715,2.86558074587923e-322,3,1,MIP
4773,96.024526399999999,147.54627681265637,true,3.2139098229866798,true,3.2119841457834921,37236,716,2.86558074587923e-322,3,1,MIP
4774,96.034502799999999,147.56181026875024,true,3.2139098229866798,true,3.2119855324429993,37240,716,2.86558074587923e-322,3,1,MIP
4775,96.040618600000002,147.5700479322351,true,3.2139098229866798,true,3.2119885658505671,37245,713,2.86558074587923e-322,3,1,MIP
4776,96.042035200000001,147.57209787756133,true,3.2139098229866798,true,3.2119888535918806,37248,710,2.86558074587923e-322,3,1,MIP
4777,96.042748900000007,147.57322023521078,true,3.2139098229866798,true,3.2119913583804047,37249,709,2.86558074587923e-322,3,1,MIP
4778,96.044296299999999,147.57556317112918,true,3.2139098229866798,true,3.2119944042984603,37250,710,2.86558074587923e-322,3,1,MIP
4779,96.044578799999996,147.57595059447448,true,3.2139098229866798,true,3.2119990060192469,37251,711,2.86558074587923e-322,3,1,MIP
4780,96.050659199999998,147.58315489560056,true,3.2139098229866798,true,3.2120009188312948,37258,707,2.86558074587923e-322,3,1,MIP
4781,96.051857799999993,147.58452547705122,true,3.2139098229866798,true,3.2120020551092869,37261,704,2.86558074587923e-322,3,1,MIP
4782,96.053383100000005,147.586483932985,true,3.2139098229866798,true,3.2120036821273534,37262,704,2.86558074587923e-322,3,1,MIP
4783,96.053736200000003,147.58695180692442,true,3.2139098229866798,true,3.2120055907471796,37263,704,2.86558074587923e-322,3,1,MIP
4784,96.055757700000001,147.58962203655108,true,3.2139098229866798,true,3.2120056510278694,37266,705,2.86558074587923e-322,3,1,MIP
4785,96.058748899999998,147.59424124275176,true,3.2139098229866798,true,3.2120088779751055,37271,700,2.86558074587923e-322,3,1,MIP
4786,96.059292200000002,147.59509944498319,true,3.2139098229866798,true,3.2120108976766262,37272,699,2.86558074587923e-322,3,1,MIP
4787,96.059808500000003,147.59586784545735,true,3.2139098229866798,true,3.2120128165493971,37273,698,2.86558074587923e-322,3,1,MIP
4788,96.060687099999996,147.59714905668406,true,3.2139098229866798,true,3.2120141964802049,37274,697,2.86558074587923e-322,3,1,MIP
4789,96.0612134,147.59798559269001,true,3.2139098229866798,true,3.2120149024388134,37275,696,2.86558074587923e-322,3,1,MIP
4790,96.061844800000003,147.59909003556814,true,3.2139098229866798,true,3.2120172507079054,37276,695,2.86558074587923e-322,3,1,MIP
4791,96.062387299999997,147.5999346101481,true,3.2139098229866798,true,3.2120206247663856,37277,694,2.86558074587923e-322,3,1,MIP
4792,96.063110699999996,147.60098372579213,true,3.2139098229866798,true,3.2120215874170266,37278,693,2.86558074587923e-322,3,1,MIP
4793,96.065674700000002,147.60534157692379,true,3.2139098229866798,true,3.2120220906450845,37279,692,2.86558074587923e-322,3,1,MIP
4794,96.066635000000005,147.60658550547296,true,3.2139098229866798,true,3.2120222705080392,37280,691,2.86558074587923e-322,3,1,MIP
4795,96.068913199999997,147.60990886980412,true,3.2139098229866798,true,3.2120249723194747,37281,691,2.86558074587923e-322,3,1,MIP
4796,96.069061700000006,147.61013223476024,true,3.2139098229866798,true,3.2120270515294362,37282,690,2.86558074587923e-322,3,1,MIP
4797,96.071095999999997,147.61294860780396,true,3.2139098229866798,true,3.212027415366526,37284,691,2.86558074587923e-322,3,1,MIP
4798,96.082808400000005,147.63109492295678,true,3.2139098229866798,true,3.212029738474663,37301,689,2.86558074587923e-322,3,1,MIP
4799,96.085509599999995,147.63515275750754,true,3.2139098229866798,true,3.2120317444093174,37306,686,2.86558074587923e-322,3,1,MIP
4800,96.086771900000002,147.63685551796135,true,3.2139098229866798,true,3.2120333609022316,37307,687,2.86558074587923e-322,3,1,MIP
4801,96.087168599999998,147.63745830569056,true,3.2139098229866798,true,3.2120338733234606,37308,688,2.86558074587923e-322,3,1,MIP
4802,96.095842300000001,147.6529452834707,true,3.2139098229866798,true,3.2120355627559891,37315,683,2.86558074587923e-322,3,1,MIP
4803,96.096554600000005,147.65398050640121,true,3.2139098229866798,true,3.2120412319220608,37316,682,2.86558074587923e-322,3,1,MIP
4804,96.098559600000002,147.65665373130474,true,3.2139098229866798,true,3.2120424099901101,37318,681,2.86558074587923e-322,3,1,MIP
4805,96.098816200000002,147.65701517422974,true,3.2139098229866798,true,3.2120446453491933,37319,680,2.86558074587923e-322,3,1,MIP
4806,96.100214500000007,147.65885032501745,true,3.2139098229866798,true,3.2120549702906103,37321,678,2.86558074587923e-322,3,1,MIP
4807,96.100829000000004,147.65969351353155,true,3.2139098229866798,true,3.2120630441242306,37322,677,2.86558074587923e-322,3,1,MIP
4808,96.101456499999998,147.66058521468631,true,3.2139098229866798,true,3.2120743662863918,37323,676,2.86558074587923e-322,3,1,MIP
4809,96.102344700000003,147.66211568264157,true,3.2139098229866798,true,3.2120781893834671,37324,675,2.86558074587923e-322,3,1,MIP
4810,96.103364999999997,147.66376675214647,true,3.2139098229866798,true,3.2120782370522916,37325,674,2.86558074587923e-322,3,1,MIP
4811,96.104046999999994,147.66476541431354,true,3.2139098229866798,true,3.2120836497310465,37326,673,2.86558074587923e-322,3,1,MIP
4812,96.105710500000001,147.66628245423985,true,3.2139098229866798,true,3.212087704495854,37327,674,2.86558074587923e-322,3,1,MIP
4813,96.105825999999993,147.66644318281146,true,3.2139098229866798,true,3.2120882671918127,37328,673,2.86558074587923e-322,3,1,MIP
4814,96.1082337,147.66960433974276,true,3.2139098229866798,true,3.2120898393839168,37331,672,2.86558074587923e-322,3,1,MIP
4815,96.108914600000006,147.67068614728578,true,3.2139098229866798,true,3.2120916194470954,37333,673,2.86558074587923e-322,3,1,MIP
4816,96.111231799999999,147.67395778805991,true,3.2139098229866798,true,3.212092243268446,37338,672,2.86558074587923e-322,3,1,MIP
4817,96.118513100000001,147.68337795713927,true,3.2139098229866798,true,3.212092882092243,37350,669,2.86558074587923e-322,3,1,MIP
4818,96.120188099999993,147.68576853847884,true,3.2139098229866798,true,3.2120946595356012,37354,665,2.86558074587923e-322,3,1,MIP
4819,96.120791999999994,147.68674779897003,true,3.2139098229866798,true,3.2120985993110867,37355,664,2.86558074587923e-322,3,1,MIP
4820,96.122102299999995,147.68845007629326,true,3.2139098229866798,true,3.212101662496269,37356,665,2.86558074587923e-322,3,1,MIP
4821,96.122232699999998,147.6886489030405,true,3.2139098229866798,true,3.2121023847427943,37357,664,2.86558074587923e-322,3,1,MIP
4822,96.125182600000002,147.69284764865733,true,3.2139098229866798,true,3.2121036005690513,37362,663,2.86558074587923e-322,3,1,MIP
4823,96.125710799999993,147.6934117161791,true,3.2139098229866798,true,3.212110876040442,37363,664,2.86558074587923e-322,3,1,MIP
4824,96.127998300000002,147.69650310709054,true,3.2139098229866798,true,3.2121124256928621,37368,661,2.86558074587923e-322,3,1,MIP
4825,96.128079400000004,147.69663766148915,true,3.2139098229866798,true,3.2121146953870534,37369,660,2.86558074587923e-322,3,1,MIP
4826,96.1353486,147.70912907016907,true,3.2139098229866798,true,3.212114746024878,37372,657,2.86558074587923e-322,3,1,MIP
4827,96.136172099999996,147.71037714195319,true,3.2139098229866798,true,3.2121211440878792,37373,656,2.86558074587923e-322,3,1,MIP
4828,96.136742999999996,147.71114743595928,true,3.2139098229866798,true,3.2121302666682334,37374,655,2.86558074587923e-322,3,1,MIP
4829,96.138277799999997,147.71312071600039,true,3.2139098229866798,true,3.2121349928010021,37375,654,2.86558074587923e-322,3,1,MIP
4830,96.1400127,147.71535915131676,true,3.2139098229866798,true,3.2121350440557888,37376,653,2.86558074587923e-322,3,1,MIP
4831,96.141495300000003,147.71724636315633,true,3.2139098229866798,true,3.2121366620942968,37377,654,2.86558074587923e-322,3,1,MIP
4832,96.141854899999998,147.71772654604993,true,3.2139098229866798,true,3.2121412670890472,37378,654,2.86558074587923e-322,3,1,MIP
4833,96.143728999999993,147.72023677219227,true,3.2139098229866798,true,3.2121434910093951,37382,652,2.86558074587923e-322,3,1,MIP
4834,96.146552900000003,147.72384469022424,true,3.2139098229866798,true,3.2121455774355447,37385,652,2.86558074587923e-322,3,1,MIP
4835,96.151772699999995,147.73051477336338,true,3.2139098229866798,true,3.21214577457968,37392,650,2.86558074587923e-322,3,1,MIP
4836,96.152136999999996,147.73094314172209,true,3.2139098229866798,true,3.2121471354086117,37393,649,2.86558074587923e-322,3,1,MIP
4837,96.155473099999995,147.73572251266728,true,3.2139098229866798,true,3.2121475066191798,37399,646,2.86558074587923e-322,3,1,MIP
4838,96.156210599999994,147.73672071328286,true,3.2139098229866798,true,3.2121505589034927,37400,645,2.86558074587923e-322,3,1,MIP
4839,96.156912199999994,147.73772348380811,true,3.2139098229866798,true,3.2121509055450237,37401,644,2.86558074587923e-322,3,1,MIP
4840,96.160153399999999,147.74222600773291,true,3.2139098229866798,true,3.2121511385556545,37403,643,2.86558074587923e-322,3,1,MIP
4841,96.160571399999995,147.74280507805776,true,3.2139098229866798,true,3.2121517324826407,37404,644,2.86558074587923e-322,3,1,MIP
4842,96.165451300000001,147.7490876220823,true,3.2139098229866798,true,3.2121593073222261,37410,642,2.86558074587923e-322,3,1,MIP
4843,96.165544999999995,147.7492126300823,true,3.2139098229866798,true,3.2121608374747717,37411,641,2.86558074587923e-322,3,1,MIP
4844,96.168363299999996,147.75317759689474,true,3.2139098229866798,true,3.2121610104956786,37418,638,2.86558074587923e-322,3,1,MIP
4845,96.1696101,147.75477287836699,true,3.2139098229866798,true,3.2121644402006715,37419,639,2.86558074587923e-322,3,1,MIP
4846,96.169929100000004,147.75522490317519,true,3.2139098229866798,true,3.2121670706661369,37420,640,2.86558074587923e-322,3,1,MIP
4847,96.173022399999994,147.75978095628423,true,3.2139098229866798,true,3.2121673751897117,37427,637,2.86558074587923e-322,3,1,MIP
4848,96.180906199999995,147.77123304512293,true,3.2139098229866798,true,3.2121706729134925,37430,636,2.86558074587923e-322,3,1,MIP
4849,96.180926799999995,147.77125061312293,true,3.2139098229866798,true,3.2121708614633691,37431,635,2.86558074587923e-322,3,1,MIP
4850,96.182979799999998,147.77405132396038,true,3.2139098229866798,true,3.2121722073277121,37434,634,2.86558074587923e-322,3,1,MIP
4851,96.183087900000004,147.77423640497543,true,3.2139098229866798,true,3.2121805990737764,37435,633,2.86558074587923e-322,3,1,MIP
4852,96.186421499999994,147.7791446986773,true,3.2139098229866798,true,3.2121888220269348,37439,631,2.86558074587923e-322,3,1,MIP
4853,96.188628300000005,147.78237270878222,true,3.2139098229866798,true,3.2121951849044987,37444,627,2.86558074587923e-322,3,1,MIP
4854,96.190338699999998,147.78430181624478,true,3.2139098229866798,true,3.2121961454756449,37445,628,2.86558074587923e-322,3,1,MIP
4855,96.193573299999997,147.78662940207263,true,3.2139098229866798,true,3.2121967413044668,37446,629,2.86558074587923e-322,3,1,MIP
4856,96.196715900000001,147.79084843491319,true,3.2139098229866798,true,3.2121986898161485,37451,625,2.86558074587923e-322,3,1,MIP
4857,96.196768500000005,147.79091614391317,true,3.2139098229866798,true,3.2121993317869348,37452,624,2.86558074587923e-322,3,1,MIP
4858,96.200096900000005,147.79535871295147,true,3.2139098229866798,true,3.212202914225859,37454,624,2.86558074587923e-322,3,1,MIP
4859,96.203396999999995,147.79993916450326,true,3.2139098229866798,true,3.2122067672409811,37457,625,2.86558074587923e-322,3,1,MIP
4860,96.207617400000004,147.80571658599473,true,3.2139098229866798,true,3.2122100250773831,37463,622,2.86558074587923e-322,3,1,MIP
4861,96.208053699999994,147.80624201629647,true,3.2139098229866798,true,3.2122100653979038,37464,623,2.86558074587923e-322,3,1,MIP
4862,96.214574400000004,147.81563485955041,true,3.2139098229866798,true,3.2122129207988501,37478,620,2.86558074587923e-322,3,1,MIP
4863,96.217877200000004,147.82065123833189,true,3.2139098229866798,true,3.2122154301699886,37486,616,2.86558074587923e-322,3,1,MIP
4864,96.219508399999995,147.82261890147478,true,3.2139098229866798,true,3.2122192748262939,37487,616,2.86558074587923e-322,3,1,MIP
4865,96.219863399999994,147.82317721111943,true,3.2139098229866798,true,3.2122218927380892,37488,615,2.86558074587923e-322,3,1,MIP
4866,96.225716199999994,147.82984066462265,true,3.2139098229866798,true,3.2122224654753562,37493,614,2.86558074587923e-322,3,1,MIP
4867,96.226118,147.83044243653603,true,3.2139098229866798,true,3.2122224893386848,37494,615,2.86558074587923e-322,3,1,MIP
4868,96.229540900000003,147.83483699933228,true,3.2139098229866798,true,3.2122234247824997,37501,614,2.86558074587923e-322,3,1,MIP
4869,96.234583999999998,147.8425529380518,true,3.2139098229866798,true,3.2122271515248566,37508,610,2.86558074587923e-322,3,1,MIP
4870,96.234991100000002,147.84322281776679,true,3.2139098229866798,true,3.2122277906710228,37509,609,2.86558074587923e-322,3,1,MIP
4871,96.238582500000007,147.8490789941018,true,3.2139098229866798,true,3.2122291687556768,37511,607,2.86558074587923e-322,3,1,MIP
4872,96.260593999999998,147.89166529301013,true,3.2139098229866798,true,3.2122311318968038,37512,606,2.86558074587923e-322,3,1,MIP
4873,96.261931799999999,147.89326637200256,true,3.2139098229866798,true,3.2122321014082096,37513,607,2.86558074587923e-322,3,1,MIP
4874,96.262323100000003,147.89380164681856,true,3.2139098229866798,true,3.212234128590854,37514,608,2.86558074587923e-322,3,1,MIP
4875,96.265654400000003,147.89882582850748,true,3.2139098229866798,true,3.2122386710437159,37520,603,2.86558074587923e-322,3,1,MIP
4876,96.271651399999996,147.90706818316238,true,3.2139098229866798,true,3.2122434900629333,37522,601,2.86558074587923e-322,3,1,MIP
4877,96.272396799999996,147.90805987488028,true,3.2139098229866798,true,3.212244273926661,37523,600,2.86558074587923e-322,3,1,MIP
4878,96.274254400000004,147.90992966812703,true,3.2139098229866798,true,3.2122443587894622,37524,601,2.86558074587923e-322,3,1,MIP
4879,96.276730499999999,147.91333067720447,true,3.2139098229866798,true,3.212254985277017,37529,599,2.86558074587923e-322,3,1,MIP
4880,96.289103900000001,147.93086816325768,true,3.2139098229866798,true,3.2122583060476861,37533,600,2.86558074587923e-322,3,1,MIP
4881,96.297856800000005,147.94361652031861,true,3.2139098229866798,true,3.2122604993468449,37541,596,2.86558074587923e-322,3,1,MIP
4882,96.299174399999998,147.9454544837015,true,3.2139098229866798,true,3.2122643033590754,37543,594,2.86558074587923e-322,3,1,MIP
4883,96.299758699999998,147.94625856089138,true,3.2139098229866798,true,3.2122780073978259,37544,593,2.86558074587923e-322,3,1,MIP
4884,96.3010527,147.94808411685162,true,3.2139098229866798,true,3.2122803526766068,37545,592,2.86558074587923e-322,3,1,MIP
4885,96.315722199999996,147.97264222201954,true,3.2139098229866798,true,3.2122813475201566,37546,591,2.86558074587923e-322,3,1,MIP
4886,96.324761699999996,147.9865371762246,true,3.2139098229866798,true,3.2122817214269799,37547,592,2.86558074587923e-322,3,1,MIP
4887,96.3639218,148.04770855837984,true,3.2139098229866798,true,3.2122818815672582,37553,591,2.86558074587923e-322,3,1,MIP
4888,96.367519799999997,148.05191363616461,true,3.2139098229866798,true,3.2122841725504689,37557,587,2.86558074587923e-322,3,1,MIP
4889,96.369008800000003,148.05367592483859,true,3.2139098229866798,true,3.2122846815260315,37558,587,2.86558074587923e-322,3,1,MIP
4890,96.369084099999995,148.05379165370735,true,3.2139098229866798,true,3.2122899110099401,37559,586,2.86558074587923e-322,3,1,MIP
4891,96.372795699999998,148.05877772411327,true,3.2139098229866798,true,3.2122911832416929,37565,585,2.86558074587923e-322,3,1,MIP
4892,96.380282300000005,148.07245337828513,true,3.2139098229866798,true,3.2122953583291358,37569,582,2.86558074587923e-322,3,1,MIP
4893,96.381053399999999,148.07322142620714,true,3.2139098229866798,true,3.2122958829172248,37570,581,2.86558074587923e-322,3,1,MIP
4894,96.381586200000001,148.07398876033463,true,3.2139098229866798,true,3.2122987724108771,37571,580,2.86558074587923e-322,3,1,MIP
4895,96.383245000000002,148.07607235778784,true,3.2139098229866798,true,3.2123008734340335,37572,581,2.86558074587923e-322,3,1,MIP
4896,96.383380599999995,148.07629888567874,true,3.2139098229866798,true,3.2123020082756293,37573,580,2.86558074587923e-322,3,1,MIP
4897,96.385646399999999,148.07972721049302,true,3.2139098229866798,true,3.2123067039368625,37576,577,2.86558074587923e-322,3,1,MIP
4898,96.386167499999999,148.08047506433195,true,3.2139098229866798,true,3.2123148911191755,37577,576,2.86558074587923e-322,3,1,MIP
4899,96.3868461,148.08156051094673,true,3.2139098229866798,true,3.2123189080803396,37578,575,2.86558074587923e-322,3,1,MIP
4900,96.389779500000003,148.08500431889024,true,3.2139098229866798,true,3.2123210902340582,37579,576,2.86558074587923e-322,3,1,MIP
4901,96.390386899999996,148.08575093745941,true,3.2139098229866798,true,3.2123228262027812,37580,577,2.86558074587923e-322,3,1,MIP
4902,96.394653300000002,148.09152474531732,true,3.2139098229866798,true,3.2123236386822271,37588,573,2.86558074587923e-322,3,1,MIP
4903,96.398746399999993,148.09600246446337,true,3.2139098229866798,true,3.2123252701539755,37591,571,2.86558074587923e-322,3,1,MIP
4904,96.399158200000002,148.09653341389858,true,3.2139098229866798,true,3.2123257054378374,37592,570,2.86558074587923e-322,3,1,MIP
4905,96.400799199999994,148.09848025570631,true,3.2139098229866798,true,3.212331322702449,37594,570,2.86558074587923e-322,3,1,MIP
4906,96.400961300000006,148.09868488706019,true,3.2139098229866798,true,3.21233402041885,37595,569,2.86558074587923e-322,3,1,MIP
4907,96.402221999999995,148.1003476513244,true,3.2139098229866798,true,3.2123349591465669,37598,566,2.86558074587923e-322,3,1,MIP
4908,96.4030597,148.10124938188605,true,3.2139098229866798,true,3.212335130450775,37599,565,2.86558074587923e-322,3,1,MIP
4909,96.406199200000003,148.10506228570364,true,3.2139098229866798,true,3.2123412056031606,37600,566,2.86558074587923e-322,3,1,MIP
4910,96.406830600000006,148.10579100296454,true,3.2139098229866798,true,3.2123428490205455,37601,566,2.86558074587923e-322,3,1,MIP
4911,96.4121971,148.1127676818617,true,3.2139098229866798,true,3.212343697204064,37606,564,2.86558074587923e-322,3,1,MIP
4912,96.422462499999995,148.12540088841405,true,3.2139098229866798,true,3.2123439951381627,37613,561,2.86558074587923e-322,3,1,MIP
4913,96.424563699999993,148.12803222739336,true,3.2139098229866798,true,3.2123447569013241,37616,560,2.86558074587923e-322,3,1,MIP
4914,96.426830899999999,148.13096539094582,true,3.2139098229866798,true,3.2123460862724147,37621,561,2.86558074587923e-322,3,1,MIP
4915,96.430976200000003,148.13615662905639,true,3.2139098229866798,true,3.2123466588112208,37626,556,2.86558074587923e-322,3,1,MIP
4916,96.4316441,148.13718164177735,true,3.2139098229866798,true,3.2123507541138956,37627,555,2.86558074587923e-322,3,1,MIP
4917,96.433296499999997,148.13986809272146,true,3.2139098229866798,true,3.2123518847532995,37628,554,2.86558074587923e-322,3,1,MIP
4918,96.433813799999996,148.1405801055065,true,3.2139098229866798,true,3.2123527228375153,37629,553,2.86558074587923e-322,3,1,MIP
4919,96.434482500000001,148.14154170781384,true,3.2139098229866798,true,3.2123559478681925,37630,552,2.86558074587923e-322,3,1,MIP
4920,96.435780500000007,148.14367262033414,true,3.2139098229866798,true,3.2123562636124272,37631,551,2.86558074587923e-322,3,1,MIP
4921,96.439005499999993,148.14866727880664,true,3.2139098229866798,true,3.2123583549035684,37635,547,2.86558074587923e-322,3,1,MIP
4922,96.439662900000002,148.14963488106571,true,3.2139098229866798,true,3.2123719339046204,37636,546,2.86558074587923e-322,3,1,MIP
4923,96.440864599999998,148.15114943702702,true,3.2139098229866798,true,3.2123722041579326,37637,546,2.86558074587923e-322,3,1,MIP
4924,96.441129599999996,148.15153188342504,true,3.2139098229866798,true,3.2123743091498498,37638,545,2.86558074587923e-322,3,1,MIP
4925,96.4453788,148.15604611801857,true,3.2139098229866798,true,3.212375303898181,37640,544,2.86558074587923e-322,3,1,MIP
4926,96.445761000000005,148.15657105891177,true,3.2139098229866798,true,3.2123754443076979,37641,543,2.86558074587923e-322,3,1,MIP
4927,96.450503100000006,148.16310148556227,true,3.2139098229866798,true,3.2123772511623505,37649,543,2.86558074587923e-322,3,1,MIP
4928,96.453134000000006,148.16683154329687,true,3.2139098229866798,true,3.2123793981222288,37654,540,2.86558074587923e-322,3,1,MIP
4929,96.454971900000004,148.16952930163598,true,3.2139098229866798,true,3.2123795733155922,37658,537,2.86558074587923e-322,3,1,MIP
4930,96.457770800000006,148.17265962978203,true,3.2139098229866798,true,3.2123800190668419,37659,538,2.86558074587923e-322,3,1,MIP
4931,96.458670699999999,148.17371823837038,true,3.2139098229866798,true,3.2123837317286594,37661,538,2.86558074587923e-322,3,1,MIP
4932,96.462312600000004,148.17892306951126,true,3.2139098229866798,true,3.2123854459609342,37667,534,2.86558074587923e-322,3,1,MIP
4933,96.463196100000005,148.18002471834939,true,3.2139098229866798,true,3.2123865355840153,37668,533,2.86558074587923e-322,3,1,MIP
4934,96.464147800000006,148.18148011438339,true,3.2139098229866798,true,3.2123869580167654,37669,532,2.86558074587923e-322,3,1,MIP
4935,96.464628399999995,148.18218382773341,true,3.2139098229866798,true,3.2123877654683124,37670,531,2.86558074587923e-322,3,1,MIP
4936,96.465182600000006,148.18303463832984,true,3.2139098229866798,true,3.2123888405301857,37671,530,2.86558074587923e-322,3,1,MIP
4937,96.465749200000005,148.18385513847485,true,3.2139098229866798,true,3.212394216397418,37672,529,2.86558074587923e-322,3,1,MIP
4938,96.476586499999996,148.2030656814745,true,3.2139098229866798,true,3.2123963944484322,37673,528,2.86558074587923e-322,3,1,MIP
4939,96.477313199999998,148.20413943485053,true,3.2139098229866798,true,3.2123971918843055,37674,527,2.86558074587923e-322,3,1,MIP
4940,96.477889700000006,148.20496012585667,true,3.2139098229866798,true,3.2124008106515021,37675,526,2.86558074587923e-322,3,1,MIP
4941,96.479818100000003,148.20695280054591,true,3.2139098229866798,true,3.2124149710243195,37676,527,2.86558074587923e-322,3,1,MIP
4942,96.481545699999998,148.20912548437747,true,3.2139098229866798,true,3.2124159308673534,37679,524,2.86558074587923e-322,3,1,MIP
4943,96.482353500000002,148.21037028469175,true,3.2139098229866798,true,3.2124191518114467,37680,523,2.86558074587923e-322,3,1,MIP
4944,96.482897399999999,148.21117964745014,true,3.2139098229866798,true,3.2124307770078593,37681,522,2.86558074587923e-322,3,1,MIP
4945,96.483529399999995,148.21211634763492,true,3.2139098229866798,true,3.2124386552293154,37682,521,2.86558074587923e-322,3,1,MIP
4946,96.484025200000005,148.21284977271918,true,3.2139098229866798,true,3.2124491360261942,37683,520,2.86558074587923e-322,3,1,MIP
4947,96.486109499999998,148.2158140410526,true,3.2139098229866798,true,3.2124497222215251,37686,520,2.86558074587923e-322,3,1,MIP
4948,96.487818099999998,148.21824942054818,true,3.2139098229866798,true,3.2124499719996025,37690,516,2.86558074587923e-322,3,1,MIP
4949,96.488314500000001,148.21902124107345,true,3.2139098229866798,true,3.2124510625328568,37691,515,2.86558074587923e-322,3,1,MIP
4950,96.488811900000002,148.21974790205013,true,3.2139098229866798,true,3.2124545559883892,37692,514,2.86558074587923e-322,3,1,MIP
4951,96.489327099999997,148.22051681801463,true,3.2139098229866798,true,3.212461098728765,37693,513,2.86558074587923e-322,3,1,MIP
4952,96.489829099999994,148.22127277893853,true,3.2139098229866798,true,3.2124641689446465,37694,512,2.86558074587923e-322,3,1,MIP
4953,96.490591600000002,148.22204547436573,true,3.2139098229866798,true,3.2124656874709565,37695,511,2.86558074587923e-322,3,1,MIP
4954,96.491909000000007,148.22363460972068,true,3.2139098229866798,true,3.2124661916221187,37696,512,2.86558074587923e-322,3,1,MIP
4955,96.492211900000001,148.2240378671091,true,3.2139098229866798,true,3.2124705745261366,37697,512,2.86558074587923e-322,3,1,MIP
4956,96.494271400000002,148.22670461414234,true,3.2139098229866798,true,3.2124719370639614,37702,508,2.86558074587923e-322,3,1,MIP
4957,96.495645800000005,148.22869083253696,true,3.2139098229866798,true,3.2124720966292397,37703,508,2.86558074587923e-322,3,1,MIP
4958,96.500325599999996,148.2353682934932,true,3.2139098229866798,true,3.2124723963978932,37709,505,2.86558074587923e-322,3,1,MIP
4959,96.502191999999994,148.2380846847482,true,3.2139098229866798,true,3.2124750517393235,37711,504,2.86558074587923e-322,3,1,MIP
4960,96.503523599999994,148.23978334078399,true,3.2139098229866798,true,3.2124791891323228,37713,502,2.86558074587923e-322,3,1,MIP
4961,96.504725800000003,148.24140926365237,true,3.2139098229866798,true,3.2124792791177903,37714,503,2.86558074587923e-322,3,1,MIP
4962,96.505094600000007,148.24193387868505,true,3.2139098229866798,true,3.2124858984600912,37715,504,2.86558074587923e-322,3,1,MIP
4963,96.515181799999993,148.26051363376851,true,3.2139098229866798,true,3.2124863178506189,37722,498,2.86558074587923e-322,3,1,MIP
4964,96.515839499999998,148.26154357745438,true,3.2139098229866798,true,3.2124901849912169,37723,497,2.86558074587923e-322,3,1,MIP
4965,96.517478800000006,148.26383223870269,true,3.2139098229866798,true,3.2124902696812359,37724,497,2.86558074587923e-322,3,1,MIP
4966,96.517793499999996,148.26423678852316,true,3.2139098229866798,true,3.2124921683485956,37725,498,2.86558074587923e-322,3,1,MIP
4967,96.521241599999996,148.26920723743521,true,3.2139098229866798,true,3.2124925725367675,37730,495,2.86558074587923e-322,3,1,MIP
4968,96.524954399999999,148.27376794406632,true,3.2139098229866798,true,3.2124931959592278,37735,493,2.86558074587923e-322,3,1,MIP
4969,96.525367200000005,148.27436251296157,true,3.2139098229866798,true,3.2124939290605665,37736,494,2.86558074587923e-322,3,1,MIP
4970,96.530086600000004,148.27999908728469,true,3.2139098229866798,true,3.2124945890034358,37740,491,2.86558074587923e-322,3,1,MIP
4971,96.531016600000001,148.28127770502252,true,3.2139098229866798,true,3.2124945890295966,37741,492,2.86558074587923e-322,3,1,MIP
4972,96.534407200000004,148.28471436539405,true,3.2139098229866798,true,3.2124978635747139,37745,488,2.86558074587923e-322,3,1,MIP
4973,96.536221800000007,148.28721269641218,true,3.2139098229866798,true,3.212501277464153,37746,487,2.86558074587923e-322,3,1,MIP
4974,96.537676399999995,148.28908063499259,true,3.2139098229866798,true,3.2125081998205749,37747,486,2.86558074587923e-322,3,1,MIP
4975,96.538932200000005,148.2904931489648,true,3.2139098229866798,true,3.2125133494686953,37748,485,2.86558074587923e-322,3,1,MIP
4976,96.539506700000004,148.29133328045978,true,3.2139098229866798,true,3.2125135596367627,37749,484,2.86558074587923e-322,3,1,MIP
4977,96.540284299999996,148.2925087064082,true,3.2139098229866798,true,3.2125136928573124,37750,483,2.86558074587923e-322,3,1,MIP
4978,96.543042999999997,148.29647907501857,true,3.2139098229866798,true,3.2125205125549283,37751,482,2.86558074587923e-322,3,1,MIP
4979,96.543790599999994,148.29746471241813,true,3.2139098229866798,true,3.2125207790476868,37752,481,2.86558074587923e-322,3,1,MIP
4980,96.545282400000005,148.29899418895829,true,3.2139098229866798,true,3.212525679122276,37753,482,2.86558074587923e-322,3,1,MIP
4981,96.545588600000002,148.29944493769548,true,3.2139098229866798,true,3.2125298947906931,37754,483,2.86558074587923e-322,3,1,MIP
4982,96.549073800000002,148.30424653233544,true,3.2139098229866798,true,3.2125309428445115,37761,480,2.86558074587923e-322,3,1,MIP
4983,96.549373700000004,148.30471048273375,true,3.2139098229866798,true,3.2125386749939113,37762,481,2.86558074587923e-322,3,1,MIP
4984,96.552171299999998,148.30843771718992,true,3.2139098229866798,true,3.212545317859874,37767,478,2.86558074587923e-322,3,1,MIP
4985,96.552725300000006,148.30897637029105,true,3.2139098229866798,true,3.2125511106246227,37768,479,2.86558074587923e-322,3,1,MIP
4986,96.559274599999995,148.31813644986892,true,3.2139098229866798,true,3.2125530850487856,37776,475,2.86558074587923e-322,3,1,MIP
4987,96.5608091,148.32012265359285,true,3.2139098229866798,true,3.212553973626548,37779,472,2.86558074587923e-322,3,1,MIP
4988,96.561317200000005,148.32087421263341,true,3.2139098229866798,true,3.2125560817302978,37780,471,2.86558074587923e-322,3,1,MIP
4989,96.564150999999995,148.32426382395627,true,3.2139098229866798,true,3.2125593767921385,37781,472,2.86558074587923e-322,3,1,MIP
4990,96.564561400000002,148.32476384027399,true,3.2139098229866798,true,3.2125610346819315,37782,471,2.86558074587923e-322,3,1,MIP
4991,96.5661396,148.32691382630892,true,3.2139098229866798,true,3.2125677782608451,37785,469,2.86558074587923e-322,3,1,MIP
4992,96.567898600000007,148.32949753007415,true,3.2139098229866798,true,3.2125711028045898,37788,466,2.86558074587923e-322,3,1,MIP
4993,96.568538599999997,148.33057498273703,true,3.2139098229866798,true,3.2125715043333765,37789,465,2.86558074587923e-322,3,1,MIP
4994,96.569202399999995,148.33152805254016,true,3.2139098229866798,true,3.2125719287573538,37790,464,2.86558074587923e-322,3,1,MIP
4995,96.569409300000004,148.33177777654015,true,3.2139098229866798,true,3.2125751132995557,37791,463,2.86558074587923e-322,3,1,MIP
4996,96.571294600000002,148.33341075625765,true,3.2139098229866798,true,3.212575170251236,37792,464,2.86558074587923e-322,3,1,MIP
4997,96.571406300000007,148.33355239672289,true,3.2139098229866798,true,3.2125766202482491,37793,463,2.86558074587923e-322,3,1,MIP
4998,96.574919100000002,148.33811447142259,true,3.2139098229866798,true,3.2125769800881874,37796,460,2.86558074587923e-322,3,1,MIP
4999,96.575516800000003,148.33886432066296,true,3.2139098229866798,true,3.2125864294773607,37797,459,2.86558074587923e-322,3,1,MIP
5000,96.576096000000007,148.33965484478568,true,3.2139098229866798,true,3.212586527114377,37798,458,2.86558074587923e-322,3,1,MIP
5001,96.5768822,148.34078790025754,true,3.2139098229866798,true,3.2125869675368466,37799,457,2.86558074587923e-322,3,1,MIP
5002,96.577770799999996,148.34192799651501,true,3.2139098229866798,true,3.2125872945300822,37800,456,2.86558074587923e-322,3,1,MIP
5003,96.577911700000001,148.34207271751501,true,3.2139098229866798,true,3.212589126505391,37801,455,2.86558074587923e-322,3,1,MIP
5004,96.579455499999995,148.34405513883581,true,3.2139098229866798,true,3.2125893906392546,37802,455,2.86558074587923e-322,3,1,MIP
5005,96.579817800000001,148.34450326101302,true,3.2139098229866798,true,3.2125893917133856,37803,454,2.86558074587923e-322,3,1,MIP
5006,96.581331399999996,148.34640740425863,true,3.2139098229866798,true,3.2125944548561316,37805,453,2.86558074587923e-322,3,1,MIP
5007,96.583723500000005,148.34900056087423,true,3.2139098229866798,true,3.2125990269135833,37807,454,2.86558074587923e-322,3,1,MIP
5008,96.586045900000002,148.3523324660066,true,3.2139098229866798,true,3.2126064415468063,37811,450,2.86558074587923e-322,3,1,MIP
5009,96.587261499999997,148.35422068851963,true,3.2139098229866798,true,3.2126168056182753,37812,449,2.86558074587923e-322,3,1,MIP
5010,96.587785199999999,148.35498741879266,true,3.2139098229866798,true,3.2126175491434288,37813,448,2.86558074587923e-322,3,1,MIP
5011,96.588577200000003,148.35640978461277,true,3.2139098229866798,true,3.2126200549063522,37814,447,2.86558074587923e-322,3,1,MIP
5012,96.589119400000001,148.35718226624508,true,3.2139098229866798,true,3.2126284273711647,37815,446,2.86558074587923e-322,3,1,MIP
5013,96.5905743,148.35962576382465,true,3.2139098229866798,true,3.212628881841241,37816,445,2.86558074587923e-322,3,1,MIP
5014,96.591346700000003,148.3608067343967,true,3.2139098229866798,true,3.2126291553532225,37817,444,2.86558074587923e-322,3,1,MIP
5015,96.592028299999996,148.3616570073801,true,3.2139098229866798,true,3.2126320859487647,37818,443,2.86558074587923e-322,3,1,MIP
5016,96.595510700000005,148.36602263336047,true,3.2139098229866798,true,3.2126336081459037,37819,444,2.86558074587923e-322,3,1,MIP
5017,96.595748900000004,148.36620408536047,true,3.2139098229866798,true,3.2126383077131351,37820,443,2.86558074587923e-322,3,1,MIP
5018,96.598518999999996,148.37002105057755,true,3.2139098229866798,true,3.2126388932623784,37823,440,2.86558074587923e-322,3,1,MIP
5019,96.599826899999996,148.3716709156804,true,3.2139098229866798,true,3.2126403990438499,37824,440,2.86558074587923e-322,3,1,MIP
5020,96.599960100000004,148.37190059124816,true,3.2139098229866798,true,3.2126444065494781,37825,439,2.86558074587923e-322,3,1,MIP
5021,96.602558400000007,148.37526871776896,true,3.2139098229866798,true,3.2126448181580245,37827,437,2.86558074587923e-322,3,1,MIP
5022,96.603538599999993,148.37667616460499,true,3.2139098229866798,true,3.2126458144702865,37828,436,2.86558074587923e-322,3,1,MIP
5023,96.604948899999997,148.37865383002674,true,3.2139098229866798,true,3.2126483095208154,37829,435,2.86558074587923e-322,3,1,MIP
5024,96.611972399999999,148.38852423273948,true,3.2139098229866798,true,3.2126493110652987,37833,431,2.86558074587923e-322,3,1,MIP
5025,96.612680800000007,148.3894365052534,true,3.2139098229866798,true,3.2126521322563435,37834,430,2.86558074587923e-322,3,1,MIP
5026,96.615090600000002,148.39319533611661,true,3.2139098229866798,true,3.2126553599300731,37835,431,2.86558074587923e-322,3,1,MIP
5027,96.615211599999995,148.3933820870252,true,3.2139098229866798,true,3.2126814442286005,37836,430,2.86558074587923e-322,3,1,MIP
5028,96.617893499999994,148.39625098662066,true,3.2139098229866798,true,3.2126838544052196,37839,429,2.86558074587923e-322,3,1,MIP
5029,96.619463100000004,148.3984796517494,true,3.2139098229866798,true,3.2126874241953378,37842,426,2.86558074587923e-322,3,1,MIP
5030,96.620961300000005,148.40056352958342,true,3.2139098229866798,true,3.2126916708610875,37843,426,2.86558074587923e-322,3,1,MIP
5031,96.621479399999998,148.40147410993595,true,3.2139098229866798,true,3.2126963235122266,37844,425,2.86558074587923e-322,3,1,MIP
5032,96.623739599999993,148.40451398969464,true,3.2139098229866798,true,3.2126993003941933,37846,426,2.86558074587923e-322,3,1,MIP
5033,96.625765400000006,148.40744495828758,true,3.2139098229866798,true,3.2127051138782075,37850,422,2.86558074587923e-322,3,1,MIP
5034,96.627220500000007,148.40928648869169,true,3.2139098229866798,true,3.2127068315232861,37851,423,2.86558074587923e-322,3,1,MIP
5035,96.635409999999993,148.42072111298978,true,3.2139098229866798,true,3.212706909606184,37860,420,2.86558074587923e-322,3,1,MIP
5036,96.638906300000002,148.42574822575335,true,3.2139098229866798,true,3.212709825032789,37865,418,2.86558074587923e-322,3,1,MIP
5037,96.664869699999997,148.47680683532295,true,3.2139098229866798,true,3.2127131019528723,37867,416,2.86558074587923e-322,3,1,MIP
5038,96.665447999999998,148.47759879371083,true,3.2139098229866798,true,3.2127141687388296,37868,415,2.86558074587923e-322,3,1,MIP
5039,96.666923100000005,148.4793308141505,true,3.2139098229866798,true,3.2127162351984078,37869,415,2.86558074587923e-322,3,1,MIP
5040,96.667494599999998,148.47980385758808,true,3.2139098229866798,true,3.2127180287938781,37870,414,2.86558074587923e-322,3,1,MIP
5041,96.669103300000003,148.48199068969882,true,3.2139098229866798,true,3.2127198548284754,37872,412,2.86558074587923e-322,3,1,MIP
5042,96.669624200000001,148.48274449208796,true,3.2139098229866798,true,3.2127295251603378,37873,411,2.86558074587923e-322,3,1,MIP
5043,96.670323199999999,148.48367932226719,true,3.2139098229866798,true,3.2127320987324235,37874,410,2.86558074587923e-322,3,1,MIP
5044,96.670879299999996,148.48450889074661,true,3.2139098229866798,true,3.2127347454964084,37875,409,2.86558074587923e-322,3,1,MIP
5045,96.671892700000001,148.48616467188526,true,3.2139098229866798,true,3.2127443623141216,37876,408,2.86558074587923e-322,3,1,MIP
5046,96.673688600000006,148.48865738714193,true,3.2139098229866798,true,3.2127472758002718,37877,407,2.86558074587923e-322,3,1,MIP
5047,96.674912000000006,148.49027179215338,true,3.2139098229866798,true,3.2127480568782314,37878,407,2.86558074587923e-322,3,1,MIP
5048,96.674996500000006,148.49040700329559,true,3.2139098229866798,true,3.2127509325380657,37879,406,2.86558074587923e-322,3,1,MIP
5049,96.6768742,148.49326594589141,true,3.2139098229866798,true,3.21275383912482,37881,404,2.86558074587923e-322,3,1,MIP
5050,96.677386200000001,148.49401121930771,true,3.2139098229866798,true,3.212755925925098,37882,403,2.86558074587923e-322,3,1,MIP
5051,96.678172799999999,148.49502048548754,true,3.2139098229866798,true,3.2127572168444036,37883,402,2.86558074587923e-322,3,1,MIP
5052,96.679609299999996,148.49663373871729,true,3.2139098229866798,true,3.2127588266011347,37884,401,2.86558074587923e-322,3,1,MIP
5053,96.682060300000003,148.50035703233323,true,3.2139098229866798,true,3.2127588757028915,37885,400,2.86558074587923e-322,3,1,MIP
5054,96.687349499999996,148.50597344803856,true,3.2139098229866798,true,3.2127697687252406,37886,400,2.86558074587923e-322,3,1,MIP
5055,96.687880100000001,148.50651722358805,true,3.2139098229866798,true,3.2127720536118192,37887,399,2.86558074587923e-322,3,1,MIP
5056,96.693667000000005,148.51386970813456,true,3.2139098229866798,true,3.2127728241383191,37889,399,2.86558074587923e-322,3,1,MIP
5057,96.693803099999997,148.51403204413455,true,3.2139098229866798,true,3.2127761980765337,37890,398,2.86558074587923e-322,3,1,MIP
5058,96.697512599999996,148.5185866554479,true,3.2139098229866798,true,3.2127823169140886,37893,395,2.86558074587923e-322,3,1,MIP
5059,96.699129900000003,148.52105732082697,true,3.2139098229866798,true,3.21278522523501,37894,394,2.86558074587923e-322,3,1,MIP
5060,96.706079099999997,148.53090343256318,true,3.2139098229866798,true,3.2127897617999963,37901,390,2.86558074587923e-322,3,1,MIP
5061,96.706393300000002,148.53134350215257,true,3.2139098229866798,true,3.2127934341736744,37902,390,2.86558074587923e-322,3,1,MIP
5062,96.708109800000003,148.53359036890726,true,3.2139098229866798,true,3.2127938157595461,37905,387,2.86558074587923e-322,3,1,MIP
5063,96.708632899999998,148.53435237511289,true,3.2139098229866798,true,3.2128023499545391,37906,386,2.86558074587923e-322,3,1,MIP
5064,96.709389299999998,148.53509506931894,true,3.2139098229866798,true,3.2128025086596708,37907,385,2.86558074587923e-322,3,1,MIP
5065,96.709632200000001,148.53530878131895,true,3.2139098229866798,true,3.2128032177920538,37908,384,2.86558074587923e-322,3,1,MIP
5066,96.710243199999994,148.53617202948166,true,3.2139098229866798,true,3.2128110564868826,37909,383,2.86558074587923e-322,3,1,MIP
5067,96.710745099999997,148.53688461509427,true,3.2139098229866798,true,3.2128160600010367,37910,382,2.86558074587923e-322,3,1,MIP
5068,96.7128613,148.539664903084,true,3.2139098229866798,true,3.2128203263993802,37911,382,2.86558074587923e-322,3,1,MIP
5069,96.712925100000007,148.53973181408401,true,3.2139098229866798,true,3.2128204590759331,37912,381,2.86558074587923e-322,3,1,MIP
5070,96.714858399999997,148.54246339854333,true,3.2139098229866798,true,3.2128246509773253,37916,377,2.86558074587923e-322,3,1,MIP
5071,96.7154113,148.5433567259451,true,3.2139098229866798,true,3.2128282357890035,37917,376,2.86558074587923e-322,3,1,MIP
5072,96.715918200000004,148.54418367695362,true,3.2139098229866798,true,3.2128285855379848,37918,375,2.86558074587923e-322,3,1,MIP
5073,96.716461300000006,148.54492432907227,true,3.2139098229866798,true,3.212830240193981,37919,374,2.86558074587923e-322,3,1,MIP
5074,96.718416099999999,148.54770900462347,true,3.2139098229866798,true,3.2128326247747232,37920,373,2.86558074587923e-322,3,1,MIP
5075,96.719278599999996,148.54899915786581,true,3.2139098229866798,true,3.2128344439118046,37921,372,2.86558074587923e-322,3,1,MIP
5076,96.719956699999997,148.5499224200617,true,3.2139098229866798,true,3.2128346568772699,37922,371,2.86558074587923e-322,3,1,MIP
5077,96.721164400000006,148.55154475535758,true,3.2139098229866798,true,3.2128348244882985,37923,371,2.86558074587923e-322,3,1,MIP
5078,96.721257399999999,148.55169609089816,true,3.2139098229866798,true,3.2128415037727898,37924,370,2.86558074587923e-322,3,1,MIP
5079,96.722754800000004,148.55372397936011,true,3.2139098229866798,true,3.2128435162015743,37926,368,2.86558074587923e-322,3,1,MIP
5080,96.725667799999997,148.55815485711096,true,3.2139098229866798,true,3.2128521553869902,37927,367,2.86558074587923e-322,3,1,MIP
5081,96.727075499999998,148.55990422241121,true,3.2139098229866798,true,3.212857650890705,37928,368,2.86558074587923e-322,3,1,MIP
5082,96.727219300000002,148.56009570570669,true,3.2139098229866798,true,3.2128639039318054,37929,367,2.86558074587923e-322,3,1,MIP
5083,96.729627199999996,148.56328611526502,true,3.2139098229866798,true,3.2128686380110558,37933,363,2.86558074587923e-322,3,1,MIP
5084,96.7304697,148.564439328433,true,3.2139098229866798,true,3.2128696207891321,37934,362,2.86558074587923e-322,3,1,MIP
5085,96.731855600000003,148.56643404025584,true,3.2139098229866798,true,3.2128710863375058,37936,360,2.86558074587923e-322,3,1,MIP
5086,96.732454899999993,148.56726637991909,true,3.2139098229866798,true,3.2128733203165702,37937,359,2.86558074587923e-322,3,1,MIP
5087,96.7333359,148.56862377973349,true,3.2139098229866798,true,3.2128770869421222,37938,358,2.86558074587923e-322,3,1,MIP
5088,96.734806599999999,148.57058681522923,true,3.2139098229866798,true,3.2128816025044236,37940,357,2.86558074587923e-322,3,1,MIP
5089,96.738189300000002,148.57526961964777,true,3.2139098229866798,true,3.2128849681223559,37943,358,2.86558074587923e-322,3,1,MIP
5090,96.742919999999998,148.58162752904769,true,3.2139098229866798,true,3.2128891739619907,37950,355,2.86558074587923e-322,3,1,MIP
5091,96.746310300000005,148.58698554503619,true,3.2139098229866798,true,3.2128910905243506,37953,352,2.86558074587923e-322,3,1,MIP
5092,96.746842000000001,148.58778270419896,true,3.2139098229866798,true,3.2128912724595473,37954,351,2.86558074587923e-322,3,1,MIP
5093,96.748226599999995,148.58976821766811,true,3.2139098229866798,true,3.2128947428133885,37955,352,2.86558074587923e-322,3,1,MIP
5094,96.748453400000002,148.59012582219214,true,3.2139098229866798,true,3.2129036394860027,37956,351,2.86558074587923e-322,3,1,MIP
5095,96.751131799999996,148.59398884925943,true,3.2139098229866798,true,3.2129066966172246,37959,350,2.86558074587923e-322,3,1,MIP
5096,96.752825900000005,148.59646143764797,true,3.2139098229866798,true,3.2129069158648575,37962,347,2.86558074587923e-322,3,1,MIP
5097,96.753370099999998,148.59729959386129,true,3.2139098229866798,true,3.2129070906748654,37963,346,2.86558074587923e-322,3,1,MIP
5098,96.756503699999996,148.60168541873722,true,3.2139098229866798,true,3.2129133352720873,37966,344,2.86558074587923e-322,3,1,MIP
5099,96.759500900000006,148.60580931882347,true,3.2139098229866798,true,3.212913937690558,37970,343,2.86558074587923e-322,3,1,MIP
5100,96.763439899999995,148.61161192375147,true,3.2139098229866798,true,3.212922710655707,37973,341,2.86558074587923e-322,3,1,MIP
5101,96.763757400000003,148.61203645533476,true,3.2139098229866798,true,3.2129234864163307,37974,341,2.86558074587923e-322,3,1,MIP
5102,96.765219700000003,148.61414114214196,true,3.2139098229866798,true,3.2129255452931833,37977,338,2.86558074587923e-322,3,1,MIP
5103,96.766492999999997,148.61605209673053,true,3.2139098229866798,true,3.2129299168667385,37978,337,2.86558074587923e-322,3,1,MIP
5104,96.776611099999997,148.62885207758691,true,3.2139098229866798,true,3.2129505760037471,37983,334,2.86558074587923e-322,3,1,MIP
5105,96.778372599999997,148.63141242674916,true,3.2139098229866798,true,3.2129550489205725,37984,333,2.86558074587923e-322,3,1,MIP
5106,96.7789207,148.63230289614103,true,3.2139098229866798,true,3.2129554983791095,37985,332,2.86558074587923e-322,3,1,MIP
5107,96.779486899999995,148.63312237572993,true,3.2139098229866798,true,3.2129555899252606,37986,331,2.86558074587923e-322,3,1,MIP
5108,96.780024699999998,148.63391423219778,true,3.2139098229866798,true,3.21295707850207,37987,330,2.86558074587923e-322,3,1,MIP
5109,96.780580299999997,148.63473338200458,true,3.2139098229866798,true,3.2129600506295342,37988,329,2.86558074587923e-322,3,1,MIP
5110,96.781743199999994,148.63628806964772,true,3.2139098229866798,true,3.2129613789506846,37989,329,2.86558074587923e-322,3,1,MIP
5111,96.781874000000002,148.63647174758412,true,3.2139098229866798,true,3.2129654072136105,37990,328,2.86558074587923e-322,3,1,MIP
5112,96.7852058,148.64140689940555,true,3.2139098229866798,true,3.2129663108084254,37992,328,2.86558074587923e-322,3,1,MIP
5113,96.789665600000006,148.64528061381012,true,3.2139098229866798,true,3.2129935543552404,37998,324,2.86558074587923e-322,3,1,MIP
5114,96.790473800000001,148.64626904423443,true,3.2139098229866798,true,3.212994831301045,37999,323,2.86558074587923e-322,3,1,MIP
5115,96.791003000000003,148.64702612014466,true,3.2139098229866798,true,3.2130040555725805,38000,322,2.86558074587923e-322,3,1,MIP
5116,96.791563300000007,148.64784729040298,true,3.2139098229866798,true,3.2130059998600848,38001,321,2.86558074587923e-322,3,1,MIP
5117,96.792934000000002,148.64960425496326,true,3.2139098229866798,true,3.2130061082382988,38002,320,2.86558074587923e-322,3,1,MIP
5118,96.798622399999999,148.65724229298104,true,3.2139098229866798,true,3.2130063056006253,38005,317,2.86558074587923e-322,3,1,MIP
5119,96.799380299999996,148.65822339029282,true,3.2139098229866798,true,3.2130225617093062,38006,316,2.86558074587923e-322,3,1,MIP
5120,96.799922899999999,148.65904361388766,true,3.2139098229866798,true,3.2130259570240698,38007,315,2.86558074587923e-322,3,1,MIP
5121,96.801180000000002,148.66074538688537,true,3.2139098229866798,true,3.2130324263128061,38008,315,2.86558074587923e-322,3,1,MIP
5122,96.804420199999996,148.66385342977139,true,3.2139098229866798,true,3.2130342126596538,38012,315,2.86558074587923e-322,3,1,MIP
5123,96.806657799999996,148.66698210905986,true,3.2139098229866798,true,3.2130368420698834,38016,314,2.86558074587923e-322,3,1,MIP
5124,96.809666899999996,148.67097462760788,true,3.2139098229866798,true,3.2130370578313423,38021,312,2.86558074587923e-322,3,1,MIP
5125,96.811513099999999,148.67379151769367,true,3.2139098229866798,true,3.2130374361952176,38025,309,2.86558074587923e-322,3,1,MIP
5126,96.814365699999996,148.67838103552512,true,3.2139098229866798,true,3.2130417089783001,38028,306,2.86558074587923e-322,3,1,MIP
5127,96.815071200000006,148.67949728870676,true,3.2139098229866798,true,3.213048039672477,38029,305,2.86558074587923e-322,3,1,MIP
5128,96.815991100000005,148.68105913212077,true,3.2139098229866798,true,3.2130496769778802,38030,304,2.86558074587923e-322,3,1,MIP
5129,96.816774499999994,148.68233122613981,true,3.2139098229866798,true,3.2130551136397951,38031,303,2.86558074587923e-322,3,1,MIP
5130,96.817367200000007,148.68315974233784,true,3.2139098229866798,true,3.2130610332156699,38032,302,2.86558074587923e-322,3,1,MIP
5131,96.817905999999994,148.68395329426809,true,3.2139098229866798,true,3.213065925160187,38033,301,2.86558074587923e-322,3,1,MIP
5132,96.819612699999993,148.68618291050507,true,3.2139098229866798,true,3.2130684679657424,38035,299,2.86558074587923e-322,3,1,MIP
5133,96.821348099999994,148.6889252027749,true,3.2139098229866798,true,3.2130739953100398,38037,297,2.86558074587923e-322,3,1,MIP
5134,96.826677900000007,148.69967794659001,true,3.2139098229866798,true,3.2130752669001712,38038,296,2.86558074587923e-322,3,1,MIP
5135,96.827195399999994,148.70040845127554,true,3.2139098229866798,true,3.2130773326592381,38039,295,2.86558074587923e-322,3,1,MIP
5136,96.8277061,148.70116034052526,true,3.2139098229866798,true,3.2130778634475767,38040,294,2.86558074587923e-322,3,1,MIP
5137,96.829455999999993,148.70302415021078,true,3.2139098229866798,true,3.2130783385176738,38041,295,2.86558074587923e-322,3,1,MIP
5138,96.829795899999993,148.70353271311404,true,3.2139098229866798,true,3.2130783970856371,38042,295,2.86558074587923e-322,3,1,MIP
5139,96.832392400000003,148.70714813370267,true,3.2139098229866798,true,3.2130811254669398,38047,294,2.86558074587923e-322,3,1,MIP
5140,96.834815699999993,148.71035647583372,true,3.2139098229866798,true,3.2130857696752191,38052,290,2.86558074587923e-322,3,1,MIP
5141,96.836270200000001,148.71198851619903,true,3.2139098229866798,true,3.2130867012188835,38053,290,2.86558074587923e-322,3,1,MIP
5142,96.838747100000006,148.71527127046198,true,3.2139098229866798,true,3.2130932930783631,38057,289,2.86558074587923e-322,3,1,MIP
5143,96.841148099999998,148.71900474190639,true,3.2139098229866798,true,3.2130969123632376,38060,286,2.86558074587923e-322,3,1,MIP
5144,96.841735900000003,148.71983882193973,true,3.2139098229866798,true,3.2130976246122538,38061,285,2.86558074587923e-322,3,1,MIP
5145,96.845685500000002,148.72478910563663,true,3.2139098229866798,true,3.213098729392553,38063,285,2.86558074587923e-322,3,1,MIP
5146,96.847328899999994,148.72706745218088,true,3.2139098229866798,true,3.2130993782667034,38066,282,2.86558074587923e-322,3,1,MIP
5147,96.847856100000001,148.72783239579084,true,3.2139098229866798,true,3.2130994870938472,38067,281,2.86558074587923e-322,3,1,MIP
5148,96.848380599999999,148.72864601666413,true,3.2139098229866798,true,3.2131002022095201,38068,280,2.86558074587923e-322,3,1,MIP
5149,96.851188800000003,148.73192388173558,true,3.2139098229866798,true,3.2131039515217008,38069,281,2.86558074587923e-322,3,1,MIP
5150,96.853210300000001,148.73461758478274,true,3.2139098229866798,true,3.2131082678584302,38073,277,2.86558074587923e-322,3,1,MIP
5151,96.854200399999996,148.73629625438397,true,3.2139098229866798,true,3.2131139028240714,38074,276,2.86558074587923e-322,3,1,MIP
5152,96.862402700000004,148.75062888229141,true,3.2139098229866798,true,3.2131144721151155,38078,272,2.86558074587923e-322,3,1,MIP
5153,96.862969399999997,148.75143411811365,true,3.2139098229866798,true,3.2131181218217177,38079,271,2.86558074587923e-322,3,1,MIP
5154,96.863529299999996,148.75232241931693,true,3.2139098229866798,true,3.2131206517509638,38080,270,2.86558074587923e-322,3,1,MIP
5155,96.864229300000005,148.75332328946322,true,3.2139098229866798,true,3.2131247151040001,38081,269,2.86558074587923e-322,3,1,MIP
5156,96.864410599999999,148.75352788246323,true,3.2139098229866798,true,3.2131263394495138,38082,268,2.86558074587923e-322,3,1,MIP
5157,96.864936,148.7543121789636,true,3.2139098229866798,true,3.2131329951026952,38083,267,2.86558074587923e-322,3,1,MIP
5158,96.866630599999993,148.75612138473971,true,3.2139098229866798,true,3.2131334822454871,38085,265,2.86558074587923e-322,3,1,MIP
5159,96.867234300000007,148.75706023408404,true,3.2139098229866798,true,3.213137038951015,38086,264,2.86558074587923e-322,3,1,MIP
5160,96.867744000000002,148.75779022034021,true,3.2139098229866798,true,3.2131419665429028,38087,263,2.86558074587923e-322,3,1,MIP
5161,96.868235999999996,148.75846723801538,true,3.2139098229866798,true,3.2131456142918369,38088,262,2.86558074587923e-322,3,1,MIP
5162,96.868463500000004,148.75874577901538,true,3.2139098229866798,true,3.2131492862698492,38089,261,2.86558074587923e-322,3,1,MIP
5163,96.869686799999997,148.76079474585325,true,3.2139098229866798,true,3.213174126574911,38090,260,2.86558074587923e-322,3,1,MIP
5164,96.871063599999999,148.76260814789001,true,3.2139098229866798,true,3.2131748460725804,38091,259,2.86558074587923e-322,3,1,MIP
5165,96.874304600000002,148.76841025148872,true,3.2139098229866798,true,3.213176308003292,38092,258,2.86558074587923e-322,3,1,MIP
5166,96.886233399999995,148.78852410054481,true,3.2139098229866798,true,3.2131799417315015,38096,254,2.86558074587923e-322,3,1,MIP
5167,96.886386999999999,148.7886925175448,true,3.2139098229866798,true,3.213181545705996,38097,253,2.86558074587923e-322,3,1,MIP
5168,96.886562100000006,148.78890475954481,true,3.2139098229866798,true,3.2131835113011826,38098,252,2.86558074587923e-322,3,1,MIP
5169,96.887115899999998,148.78980858394513,true,3.2139098229866798,true,3.2131922642628821,38099,251,2.86558074587923e-322,3,1,MIP
5170,96.887640399999995,148.79056032529297,true,3.2139098229866798,true,3.2131929675768016,38100,250,2.86558074587923e-322,3,1,MIP
5171,96.890329399999999,148.79452524402205,true,3.2139098229866798,true,3.2131961007653755,38105,245,2.86558074587923e-322,3,1,MIP
5172,96.890933099999998,148.7954647127832,true,3.2139098229866798,true,3.2131971302880351,38106,244,2.86558074587923e-322,3,1,MIP
5173,96.894813999999997,148.79959981389973,true,3.2139098229866798,true,3.2132029004444504,38107,245,2.86558074587923e-322,3,1,MIP
5174,96.896925600000003,148.80199247651785,true,3.2139098229866798,true,3.2132040283497547,38108,244,2.86558074587923e-322,3,1,MIP
5175,96.901790099999999,148.80838276909915,true,3.2139098229866798,true,3.2132076014401147,38114,238,2.86558074587923e-322,3,1,MIP
5176,96.925464399999996,148.85030623370929,true,3.2139098229866798,true,3.2132082736485632,38115,237,2.86558074587923e-322,3,1,MIP
5177,96.926050799999999,148.85111289133511,true,3.2139098229866798,true,3.2132124652513978,38116,236,2.86558074587923e-322,3,1,MIP
5178,96.926931400000001,148.85237813670048,true,3.2139098229866798,true,3.213221663002622,38117,235,2.86558074587923e-322,3,1,MIP
5179,96.9271976,148.85268744070046,true,3.2139098229866798,true,3.2132273839714811,38118,234,2.86558074587923e-322,3,1,MIP
5180,96.927793800000003,148.85344379489973,true,3.2139098229866798,true,3.2132293050420557,38119,233,2.86558074587923e-322,3,1,MIP
5181,96.928621500000006,148.85432907536844,true,3.2139098229866798,true,3.2132341132425042,38120,232,2.86558074587923e-322,3,1,MIP
5182,96.929287500000001,148.85508699316549,true,3.2139098229866798,true,3.2132363892705218,38121,231,2.86558074587923e-322,3,1,MIP
5183,96.929809000000006,148.85583007304038,true,3.2139098229866798,true,3.2132388118215283,38122,230,2.86558074587923e-322,3,1,MIP
5184,96.930408499999999,148.85661526065579,true,3.2139098229866798,true,3.2132473686147542,38123,229,2.86558074587923e-322,3,1,MIP
5185,96.9310361,148.85753054793699,true,3.2139098229866798,true,3.2132493970428673,38124,228,2.86558074587923e-322,3,1,MIP
5186,96.931803599999995,148.85864804250454,true,3.2139098229866798,true,3.2132495335580504,38125,227,2.86558074587923e-322,3,1,MIP
5187,96.931923299999994,148.85877137850454,true,3.2139098229866798,true,3.2132529755471722,38126,226,2.86558074587923e-322,3,1,MIP
5188,96.932420800000003,148.85953521657513,true,3.2139098229866798,true,3.2132554609832784,38127,225,2.86558074587923e-322,3,1,MIP
5189,96.9329398,148.86031162638793,true,3.2139098229866798,true,3.2132582903570044,38128,224,2.86558074587923e-322,3,1,MIP
5190,96.933578800000006,148.8611661757536,true,3.2139098229866798,true,3.2132613814572686,38129,223,2.86558074587923e-322,3,1,MIP
5191,96.934107299999994,148.86194119342898,true,3.2139098229866798,true,3.2132626647624032,38130,222,2.86558074587923e-322,3,1,MIP
5192,96.934692200000001,148.86297304086645,true,3.2139098229866798,true,3.2132660243444309,38131,221,2.86558074587923e-322,3,1,MIP
5193,96.935204499999998,148.86371635248722,true,3.2139098229866798,true,3.2132662059919084,38132,220,2.86558074587923e-322,3,1,MIP
5194,96.936036999999999,148.86504582452287,true,3.2139098229866798,true,3.2132731819686304,38133,219,2.86558074587923e-322,3,1,MIP
5195,96.938676299999997,148.86912076697737,true,3.2139098229866798,true,3.2132746637886829,38136,216,2.86558074587923e-322,3,1,MIP
5196,96.940400100000005,148.8717495202491,true,3.2139098229866798,true,3.2132747485064064,38138,214,2.86558074587923e-322,3,1,MIP
5197,96.940959100000001,148.87255173178931,true,3.2139098229866798,true,3.2132758460626651,38139,213,2.86558074587923e-322,3,1,MIP
5198,96.941679199999996,148.87367848100791,true,3.2139098229866798,true,3.2132779099834137,38140,212,2.86558074587923e-322,3,1,MIP
5199,96.942887799999994,148.87530876840566,true,3.2139098229866798,true,3.2132782272368767,38142,210,2.86558074587923e-322,3,1,MIP
5200,96.943565599999999,148.87622881011441,true,3.2139098229866798,true,3.2132807714332974,38143,209,2.86558074587923e-322,3,1,MIP
5201,96.944688799999994,148.87798187646254,true,3.2139098229866798,true,3.2132827267844908,38145,207,2.86558074587923e-322,3,1,MIP
5202,96.945210700000004,148.87875049845658,true,3.2139098229866798,true,3.2132851263016748,38146,206,2.86558074587923e-322,3,1,MIP
5203,96.946703900000003,148.88129194321087,true,3.2139098229866798,true,3.2132864767773062,38147,205,2.86558074587923e-322,3,1,MIP
5204,96.946848000000003,148.88144470621089,true,3.2139098229866798,true,3.2132866323948672,38148,204,2.86558074587923e-322,3,1,MIP
5205,96.950973099999999,148.88641955497337,true,3.2139098229866798,true,3.2132876644617632,38151,203,2.86558074587923e-322,3,1,MIP
5206,96.958741200000006,148.89742744132477,true,3.2139098229866798,true,3.2132877895834251,38157,202,2.86558074587923e-322,3,1,MIP
5207,96.960600299999996,148.89982042559771,true,3.2139098229866798,true,3.2132892027064566,38161,199,2.86558074587923e-322,3,1,MIP
5208,96.964948399999997,148.90583406256948,true,3.2139098229866798,true,3.2132892905202706,38166,195,2.86558074587923e-322,3,1,MIP
5209,96.965026800000004,148.90595452226006,true,3.2139098229866798,true,3.2132936024735117,38167,194,2.86558074587923e-322,3,1,MIP
5210,96.966813700000003,148.90824286028862,true,3.2139098229866798,true,3.2132940966993031,38169,194,2.86558074587923e-322,3,1,MIP
5211,96.990774400000006,148.95108169402056,true,3.2139098229866798,true,3.2132959936824577,38178,187,2.86558074587923e-322,3,1,MIP
5212,96.991802899999996,148.95271124852295,true,3.2139098229866798,true,3.2132969504178206,38179,186,2.86558074587923e-322,3,1,MIP
5213,96.992894500000006,148.95403715249878,true,3.2139098229866798,true,3.2132996562120768,38180,185,2.86558074587923e-322,3,1,MIP
5214,96.993458700000005,148.95484717807358,true,3.2139098229866798,true,3.2133006946739915,38181,184,2.86558074587923e-322,3,1,MIP
5215,96.994167500000003,148.955882514812,true,3.2139098229866798,true,3.2133053751778826,38182,183,2.86558074587923e-322,3,1,MIP
5216,96.994805799999995,148.95683256854846,true,3.2139098229866798,true,3.2133090539906428,38183,182,2.86558074587923e-322,3,1,MIP
5217,96.995772000000002,148.95823800823538,true,3.2139098229866798,true,3.213312850907287,38184,181,2.86558074587923e-322,3,1,MIP
5218,96.996354699999998,148.95914860904219,true,3.2139098229866798,true,3.2133140068150219,38185,180,2.86558074587923e-322,3,1,MIP
5219,96.996909299999999,148.96001782986377,true,3.2139098229866798,true,3.2133143551178072,38186,179,2.86558074587923e-322,3,1,MIP
5220,96.9975053,148.96075898650963,true,3.2139098229866798,true,3.2133152351945675,38187,178,2.86558074587923e-322,3,1,MIP
5221,97.000252500000002,148.96452105656107,true,3.2139098229866798,true,3.2133159486544747,38188,179,2.86558074587923e-322,3,1,MIP
5222,97.001148799999996,148.96576890474924,true,3.2139098229866798,true,3.2133174176995478,38189,180,2.86558074587923e-322,3,1,MIP
5223,97.003438200000005,148.968770972069,true,3.2139098229866798,true,3.21332930640411,38194,175,2.86558074587923e-322,3,1,MIP
5224,97.003908999999993,148.96945431957982,true,3.2139098229866798,true,3.2133308920411729,38195,174,2.86558074587923e-322,3,1,MIP
5225,97.008205799999999,148.97503791839239,true,3.2139098229866798,true,3.2133372908901028,38202,167,2.86558074587923e-322,3,1,MIP
5226,97.009388200000004,148.97677032937565,true,3.2139098229866798,true,3.2133397088752536,38204,165,2.86558074587923e-322,3,1,MIP
5227,97.009915599999999,148.97752490119078,true,3.2139098229866798,true,3.2133402296338791,38205,164,2.86558074587923e-322,3,1,MIP
5228,97.011733800000002,148.98002471496815,true,3.2139098229866798,true,3.2133404087577304,38206,164,2.86558074587923e-322,3,1,MIP
5229,97.013151300000004,148.98197500468135,true,3.2139098229866798,true,3.2133431824780621,38209,161,2.86558074587923e-322,3,1,MIP
5230,97.014349699999997,148.9837478644767,true,3.2139098229866798,true,3.2133439152930698,38211,159,2.86558074587923e-322,3,1,MIP
5231,97.014867600000002,148.98450078918333,true,3.2139098229866798,true,3.2133480281930482,38212,158,2.86558074587923e-322,3,1,MIP
5232,97.015468400000003,148.98537297855148,true,3.2139098229866798,true,3.2133550953929073,38213,157,2.86558074587923e-322,3,1,MIP
5233,97.016544800000005,148.98702500766464,true,3.2139098229866798,true,3.2133564129304117,38215,155,2.86558074587923e-322,3,1,MIP
5234,97.017094299999997,148.98781649828388,true,3.2139098229866798,true,3.2133564585335894,38216,154,2.86558074587923e-322,3,1,MIP
5235,97.017648899999998,148.9886556030558,true,3.2139098229866798,true,3.2133677468439692,38217,153,2.86558074587923e-322,3,1,MIP
5236,97.018450099999995,148.98988272741752,true,3.2139098229866798,true,3.2133695532919293,38218,152,2.86558074587923e-322,3,1,MIP
5237,97.0191138,148.99087166557038,true,3.2139098229866798,true,3.2133702577376213,38219,151,2.86558074587923e-322,3,1,MIP
5238,97.019621900000004,148.99160496371815,true,3.2139098229866798,true,3.2133733304466445,38220,150,2.86558074587923e-322,3,1,MIP
5239,97.020883299999994,148.99307476875271,true,3.2139098229866798,true,3.213375830225047,38222,148,2.86558074587923e-322,3,1,MIP
5240,97.021557099999995,148.99429404350576,true,3.2139098229866798,true,3.2133785993040922,38223,147,2.86558074587923e-322,3,1,MIP
5241,97.024799999999999,148.99967596448408,true,3.2139098229866798,true,3.2133816047024331,38227,143,2.86558074587923e-322,3,1,MIP
5242,97.026406499999993,149.00281720820078,true,3.2139098229866798,true,3.213384182693845,38228,142,2.86558074587923e-322,3,1,MIP
5243,97.026903099999998,149.0035992285874,true,3.2139098229866798,true,3.2133865829920363,38229,141,2.86558074587923e-322,3,1,MIP
5244,97.0278086,149.00488868689604,true,3.2139098229866798,true,3.2133879983425637,38230,140,2.86558074587923e-322,3,1,MIP
5245,97.031024599999995,149.0087457494233,true,3.2139098229866798,true,3.2133972180433634,38231,141,2.86558074587923e-322,3,1,MIP
5246,97.033198400000003,149.0118140147583,true,3.2139098229866798,true,3.2134034937111671,38235,137,2.86558074587923e-322,3,1,MIP
5247,97.033738299999996,149.01259063337662,true,3.2139098229866798,true,3.2134052169952954,38236,136,2.86558074587923e-322,3,1,MIP
5248,97.034250599999993,149.01329337545036,true,3.2139098229866798,true,3.2134126715355422,38237,135,2.86558074587923e-322,3,1,MIP
5249,97.034890099999998,149.01435816238197,true,3.2139098229866798,true,3.2134142438940216,38238,134,2.86558074587923e-322,3,1,MIP
5250,97.035657599999993,149.01520560501925,true,3.2139098229866798,true,3.2134322334424081,38239,133,2.86558074587923e-322,3,1,MIP
5251,97.036256499999993,149.01612580966062,true,3.2139098229866798,true,3.2134322572676823,38240,132,2.86558074587923e-322,3,1,MIP
5252,97.036782299999999,149.01693330039126,true,3.2139098229866798,true,3.2134355517270952,38241,131,2.86558074587923e-322,3,1,MIP
5253,97.037372500000004,149.01782622718352,true,3.2139098229866798,true,3.2134664962306374,38242,130,2.86558074587923e-322,3,1,MIP
5254,97.038551400000003,149.01960710213575,true,3.2139098229866798,true,3.2134674363420532,38244,128,2.86558074587923e-322,3,1,MIP
5255,97.039202900000006,149.02059556992063,true,3.2139098229866798,true,3.2134685578510376,38245,127,2.86558074587923e-322,3,1,MIP
5256,97.0397459,149.02146906996506,true,3.2139098229866798,true,3.2134718448858117,38246,126,2.86558074587923e-322,3,1,MIP
5257,97.040320800000003,149.02234779560325,true,3.2139098229866798,true,3.2134769345562715,38247,125,2.86558074587923e-322,3,1,MIP
5258,97.041659600000003,149.02386811605129,true,3.2139098229866798,true,3.2134772242620659,38248,125,2.86558074587923e-322,3,1,MIP
5259,97.042975600000005,149.02595276986014,true,3.2139098229866798,true,3.2134817016337847,38249,124,2.86558074587923e-322,3,1,MIP
5260,97.044701700000005,149.02850813379311,true,3.2139098229866798,true,3.213484185892777,38251,122,2.86558074587923e-322,3,1,MIP
5261,97.045221600000005,149.02926937740671,true,3.2139098229866798,true,3.2134842461740258,38252,121,2.86558074587923e-322,3,1,MIP
5262,97.045779199999998,149.03009567216625,true,3.2139098229866798,true,3.2134875801652503,38253,120,2.86558074587923e-322,3,1,MIP
5263,97.046346200000002,149.03102700005883,true,3.2139098229866798,true,3.2134886192450622,38254,119,2.86558074587923e-322,3,1,MIP
5264,97.0473322,149.03235333006336,true,3.2139098229866798,true,3.2134936786140571,38255,118,2.86558074587923e-322,3,1,MIP
5265,97.047534099999993,149.03260103306334,true,3.2139098229866798,true,3.2134969232645596,38256,117,2.86558074587923e-322,3,1,MIP
5266,97.048368499999995,149.03388605017614,true,3.2139098229866798,true,3.2135015877854918,38258,115,2.86558074587923e-322,3,1,MIP
5267,97.048493100000002,149.03401735117615,true,3.2139098229866798,true,3.2135066646831456,38259,114,2.86558074587923e-322,3,1,MIP
5268,97.049035399999994,149.03481405475588,true,3.2139098229866798,true,3.2135077692470229,38260,113,2.86558074587923e-322,3,1,MIP
5269,97.049546899999996,149.03559270954594,true,3.2139098229866798,true,3.2135100758054431,38261,112,2.86558074587923e-322,3,1,MIP
5270,97.050083799999996,149.03636435531101,true,3.2139098229866798,true,3.2135116124371401,38262,111,2.86558074587923e-322,3,1,MIP
5271,97.050717000000006,149.0372994164527,true,3.2139098229866798,true,3.2135240484047141,38263,110,2.86558074587923e-322,3,1,MIP
5272,97.0520712,149.03904217230848,true,3.2139098229866798,true,3.2135241760110329,38265,108,2.86558074587923e-322,3,1,MIP
5273,97.054947400000003,149.04230630774916,true,3.2139098229866798,true,3.2135278951913362,38266,107,2.86558074587923e-322,3,1,MIP
5274,97.055853999999997,149.04337280926714,true,3.2139098229866798,true,3.213528479519387,38267,106,2.86558074587923e-322,3,1,MIP
5275,97.056438400000005,149.04418058996541,true,3.2139098229866798,true,3.2135290796279041,38268,105,2.86558074587923e-322,3,1,MIP
5276,97.057010399999996,149.04508708959037,true,3.2139098229866798,true,3.2135305197935673,38269,104,2.86558074587923e-322,3,1,MIP
5277,97.060175700000002,149.04969372315492,true,3.2139098229866798,true,3.2135311944595379,38273,102,2.86558074587923e-322,3,1,MIP
5278,97.062746500000003,149.05248552537293,true,3.2139098229866798,true,3.213539513298997,38277,102,2.86558074587923e-322,3,1,MIP
5279,97.0659651,149.05708949722361,true,3.2139098229866798,true,3.2135404330107451,38284,99,2.86558074587923e-322,3,1,MIP
5280,97.066728400000002,149.05726835778478,true,3.2139098229866798,true,3.2135407285602504,38285,98,2.86558074587923e-322,3,1,MIP
5281,97.068476799999999,149.05888200613606,true,3.2139098229866798,true,3.2135479005576166,38288,95,2.86558074587923e-322,3,1,MIP
5282,97.069021000000006,149.05960384524329,true,3.2139098229866798,true,3.2135504609695147,38289,94,2.86558074587923e-322,3,1,MIP
5283,97.070575099999999,149.06205060276255,true,3.2139098229866798,true,3.2135508275112001,38290,93,2.86558074587923e-322,3,1,MIP
5284,97.079674800000006,149.07699924194409,true,3.2139098229866798,true,3.2135553935684689,38291,92,2.86558074587923e-322,3,1,MIP
5285,97.093371200000007,149.09924240309249,true,3.2139098229866798,true,3.2135577736468943,38293,90,2.86558074587923e-322,3,1,MIP
5286,97.093910399999999,149.09993063383646,true,3.2139098229866798,true,3.2135596468608911,38294,89,2.86558074587923e-322,3,1,MIP
5287,97.094453999999999,149.10074291597903,true,3.2139098229866798,true,3.2135665710481671,38295,88,2.86558074587923e-322,3,1,MIP
5288,97.095336000000003,149.10209015390714,true,3.2139098229866798,true,3.2135674219554677,38296,87,2.86558074587923e-322,3,1,MIP
5289,97.095943800000001,149.10294276538889,true,3.2139098229866798,true,3.2135674435699588,38297,86,2.86558074587923e-322,3,1,MIP
5290,97.097103599999997,149.10394818744987,true,3.2139098229866798,true,3.2135706003805167,38298,85,2.86558074587923e-322,3,1,MIP
5291,97.098372600000005,149.10587002274409,true,3.2139098229866798,true,3.2135737905425099,38300,83,2.86558074587923e-322,3,1,MIP
5292,97.098905000000002,149.10662776513695,true,3.2139098229866798,true,3.2135751732879516,38301,82,2.86558074587923e-322,3,1,MIP
5293,97.100321800000003,149.10804832627326,true,3.2139098229866798,true,3.2135766595932242,38302,83,2.86558074587923e-322,3,1,MIP
5294,97.101847000000006,149.11006690726495,true,3.2139098229866798,true,3.2135798619651283,38305,80,2.86558074587923e-322,3,1,MIP
5295,97.103198800000001,149.11192116759534,true,3.2139098229866798,true,3.2135893388109702,38306,79,2.86558074587923e-322,3,1,MIP
5296,97.103652100000005,149.11257250406524,true,3.2139098229866798,true,3.2135948719801108,38307,78,2.86558074587923e-322,3,1,MIP
5297,97.104172300000002,149.11333951490184,true,3.2139098229866798,true,3.2136001524648208,38308,77,2.86558074587923e-322,3,1,MIP
5298,97.104336599999996,149.11352676290181,true,3.2139098229866798,true,3.2136033875674284,38309,76,2.86558074587923e-322,3,1,MIP
5299,97.104916700000004,149.11448693765581,true,3.2139098229866798,true,3.213607945639994,38310,75,2.86558074587923e-322,3,1,MIP
5300,97.105725300000003,149.11577928615057,true,3.2139098229866798,true,3.213613430738453,38311,74,2.86558074587923e-322,3,1,MIP
5301,97.106505100000007,149.11695700239636,true,3.2139098229866798,true,3.2136144670099043,38312,73,2.86558074587923e-322,3,1,MIP
5302,97.107027200000005,149.11772680677893,true,3.2139098229866798,true,3.2136160653616446,38313,72,2.86558074587923e-322,3,1,MIP
5303,97.108306999999996,149.11924080106448,true,3.2139098229866798,true,3.2136254739397669,38314,72,2.86558074587923e-322,3,1,MIP
5304,97.108633400000002,149.11968907736411,true,3.2139098229866798,true,3.2136288260385246,38315,71,2.86558074587923e-322,3,1,MIP
5305,97.1095033,149.12081766876881,true,3.2139098229866798,true,3.2136303025231019,38317,69,2.86558074587923e-322,3,1,MIP
5306,97.110749100000007,149.12281672952764,true,3.2139098229866798,true,3.2136353416059045,38318,68,2.86558074587923e-322,3,1,MIP
5307,97.112251299999997,149.12493091370388,true,3.2139098229866798,true,3.2136417544592271,38320,66,2.86558074587923e-322,3,1,MIP
5308,97.112946600000001,149.12580097082983,true,3.2139098229866798,true,3.213644960407406,38321,65,2.86558074587923e-322,3,1,MIP
5309,97.113699199999999,149.12676329881822,true,3.2139098229866798,true,3.2136458879575502,38322,64,2.86558074587923e-322,3,1,MIP
5310,97.1143462,149.12769826653772,true,3.2139098229866798,true,3.213647526981966,38323,63,2.86558074587923e-322,3,1,MIP
5311,97.126368600000006,149.14947955336584,true,3.2139098229866798,true,3.2136503043110212,38327,59,2.86558074587923e-322,3,1,MIP
5312,97.126568899999995,149.14970135536583,true,3.2139098229866798,true,3.2136525319310754,38328,58,2.86558074587923e-322,3,1,MIP
5313,97.127088400000005,149.15044626790603,true,3.2139098229866798,true,3.2136565943011708,38329,57,2.86558074587923e-322,3,1,MIP
5314,97.127753799999994,149.15135594854809,true,3.2139098229866798,true,3.213657728220118,38330,56,2.86558074587923e-322,3,1,MIP
5315,97.128297399999994,149.15209030573476,true,3.2139098229866798,true,3.2136591675917439,38331,55,2.86558074587923e-322,3,1,MIP
5316,97.128473900000003,149.15226248173477,true,3.2139098229866798,true,3.2136596834012434,38332,54,2.86558074587923e-322,3,1,MIP
5317,97.129008099999993,149.15301032835575,true,3.2139098229866798,true,3.2136663350192056,38333,53,2.86558074587923e-322,3,1,MIP
5318,97.129518000000004,149.15371217639725,true,3.2139098229866798,true,3.213666465737254,38334,52,2.86558074587923e-322,3,1,MIP
5319,97.130031599999995,149.15443051663394,true,3.2139098229866798,true,3.2136718969900722,38335,51,2.86558074587923e-322,3,1,MIP
5320,97.130630499999995,149.1552631646106,true,3.2139098229866798,true,3.2136819380699442,38336,50,2.86558074587923e-322,3,1,MIP
5321,97.131519499999996,149.15657980795081,true,3.2139098229866798,true,3.2137001422116103,38337,49,2.86558074587923e-322,3,1,MIP
5322,97.132024099999995,149.15735569309683,true,3.2139098229866798,true,3.2137004839616514,38338,48,2.86558074587923e-322,3,1,MIP
5323,97.132555499999995,149.15804253423386,true,3.2139098229866798,true,3.2137082663263401,38339,47,2.86558074587923e-322,3,1,MIP
5324,97.133085899999998,149.1588657290709,true,3.2139098229866798,true,3.2137102209467194,38340,46,2.86558074587923e-322,3,1,MIP
5325,97.1336443,149.15974603682955,true,3.2139098229866798,true,3.2137114626441488,38341,45,2.86558074587923e-322,3,1,MIP
5326,97.134169900000003,149.16060304075847,true,3.2139098229866798,true,3.2137116680858036,38342,44,2.86558074587923e-322,3,1,MIP
5327,97.144474099999996,149.17890280801291,true,3.2139098229866798,true,3.2137201573915308,38343,43,2.86558074587923e-322,3,1,MIP
5328,97.145012300000005,149.17963030994747,true,3.2139098229866798,true,3.2137217707475578,38344,42,2.86558074587923e-322,3,1,MIP
5329,97.145518300000006,149.18038559012851,true,3.2139098229866798,true,3.2137219142048128,38345,41,2.86558074587923e-322,3,1,MIP
5330,97.146002800000005,149.18112110193857,true,3.2139098229866798,true,3.2137266898039596,38346,40,2.86558074587923e-322,3,1,MIP
5331,97.146593199999998,149.18197809367612,true,3.2139098229866798,true,3.2137303180661352,38347,39,2.86558074587923e-322,3,1,MIP
5332,97.147169099999999,149.18273454897405,true,3.2139098229866798,true,3.2137322361271528,38348,38,2.86558074587923e-322,3,1,MIP
5333,97.147697600000001,149.18359203405186,true,3.2139098229866798,true,3.2137352611740471,38349,37,2.86558074587923e-322,3,1,MIP
5334,97.148238899999996,149.18435505037718,true,3.2139098229866798,true,3.2137370709876434,38350,36,2.86558074587923e-322,3,1,MIP
5335,97.148955299999997,149.1853167650824,true,3.2139098229866798,true,3.2137452967956968,38352,34,2.86558074587923e-322,3,1,MIP
5336,97.149163000000001,149.1855722900824,true,3.2139098229866798,true,3.213747634859085,38353,33,2.86558074587923e-322,3,1,MIP
5337,97.149646399999995,149.18630303281728,true,3.2139098229866798,true,3.2137511951754982,38354,32,2.86558074587923e-322,3,1,MIP
5338,97.150153599999996,149.18703272785532,true,3.2139098229866798,true,3.2137721369669179,38355,31,2.86558074587923e-322,3,1,MIP
5339,97.151062199999998,149.18822291619566,true,3.2139098229866798,true,3.2137804194976591,38356,30,2.86558074587923e-322,3,1,MIP
5340,97.151521200000005,149.18892647959285,true,3.2139098229866798,true,3.2137814823651425,38357,29,2.86558074587923e-322,3,1,MIP
5341,97.152099800000002,149.18985588279998,true,3.2139098229866798,true,3.2137815443628441,38358,28,2.86558074587923e-322,3,1,MIP
5342,97.152601599999997,149.19060108099364,true,3.2139098229866798,true,3.2137847437316762,38359,27,2.86558074587923e-322,3,1,MIP
5343,97.153233799999995,149.19154198038808,true,3.2139098229866798,true,3.2137909262953759,38360,26,2.86558074587923e-322,3,1,MIP
5344,97.153805000000006,149.19240685538648,true,3.2139098229866798,true,3.2137945918865252,38361,25,2.86558074587923e-322,3,1,MIP
5345,97.154352000000003,149.19320240111571,true,3.2139098229866798,true,3.2137956357604747,38362,24,2.86558074587923e-322,3,1,MIP
5346,97.154944999999998,149.19413306182591,true,3.2139098229866798,true,3.2138017476916363,38363,23,2.86558074587923e-322,3,1,MIP
5347,97.155452400000001,149.19493162000185,true,3.2139098229866798,true,3.2138021149851062,38364,22,2.86558074587923e-322,3,1,MIP
5348,97.156478800000002,149.19652461694102,true,3.2139098229866798,true,3.2138022909430779,38366,20,2.86558074587923e-322,3,1,MIP
5349,97.161390600000004,149.20380907679183,true,3.2139098229866798,true,3.2138099871957784,38375,11,2.86558074587923e-322,3,1,MIP
5350,97.161898300000004,149.20457332873056,true,3.2139098229866798,true,3.2138100915963226,38376,10,2.86558074587923e-322,3,1,MIP
5351,97.162570700000003,149.20558753590996,true,3.2139098229866798,true,3.2138211168060979,38377,9,2.86558074587923e-322,3,1,MIP
5352,97.163262799999998,149.20651289028746,true,3.2139098229866798,true,3.2138219019119156,38378,8,2.86558074587923e-322,3,1,MIP
5353,97.163745500000005,149.20727148525506,true,3.2139098229866798,true,3.2138342333683427,38379,7,2.86558074587923e-322,3,1,MIP
5354,97.164355099999995,149.20821097467331,true,3.2139098229866798,true,3.213839859923421,38380,6,2.86558074587923e-322,3,1,MIP
5355,97.164927599999999,149.20906908873835,true,3.2139098229866798,true,3.213845260331972,38381,5,2.86558074587923e-322,3,1,MIP
5356,97.165384399999994,149.20971433102531,true,3.2139098229866798,true,3.2138537223664518,38382,4,2.86558074587923e-322,3,1,MIP
5357,97.166165899999996,149.21076745437949,true,3.2139098229866798,true,3.2138718075994936,38383,3,2.86558074587923e-322,3,1,MIP
5358,97.166916200000003,149.21191758239848,true,3.2139098229866798,true,3.2138733429626596,38384,2,2.86558074587923e-322,3,1,MIP
5359,97.167515300000005,149.2128428892523,true,3.2139098229866798,true,3.213886737790403,38385,1,2.86558074587923e-322,3,1,MIP
5360,97.168066600000003,149.21360530850919,true,3.2139098229866798,true,3.2139088714463853,38386,0,2.86558074587923e-322,3,1,MIP
5361,97.168999910354614,149.21453809809501,true,3.2139098229866803,true,3.2139098229866798,38387,0,10,-1,-1,solver_final
