leaf_id,attempt,time_limit_seconds,solver_runtime_seconds,work,nodes,simplex_iterations,barrier_iterations,cumulative_runtime,cumulative_work,cumulative_nodes,cumulative_simplex_iterations,cumulative_barrier_iterations,optimize_return_code
L0,0,30,30.005,55.132,13,82234,0,30.005,55.132,13,82234,0,0
L1,0,30,30.002,59.7709,5,102520,0,30.002,59.7709,5,102520,0,0
L2,0,30,30.002,62.2605,34,107797,0,30.002,62.2605,34,107797,0,0
L3,0,30,0.572,1.24215,1,5456,0,0.572,1.24215,1,5456,0,0
L0,1,60,60.008,103.842,539,244837,0,90.013,158.974,552,327071,0,0
L1,1,60,60.002,105.683,400,253208,0,90.004,165.453,405,355728,0,0
L1.0,0,30,30.004,54.1879,8,80652,0,30.004,54.1879,8,80652,0,0
L1.1,0,27.1203,27.124,57.2418,37,119611,0,27.124,57.2418,37,119611,0,0
