elapsed_time,native_global_LB,native_incumbent,verified_cutoff,native_gap,node_count,open_nodes,simplex_iterations,event_source
0.0179969,0,9.9999999999999993e+74,0.19563620654901237,9.9999999999999993e+74,0,1,0,global_progress
0.018219200000000001,0,9.9999999999999993e+74,0.19563620654901237,9.9999999999999993e+74,0,1,0,global_progress
7.3594236999999998,0.10941596008621492,9.9999999999999993e+74,0.19563620654901237,9.9999999999999993e+74,0,1,16775,global_progress
274.01398560000001,0.14044236128552678,9.9999999999999993e+74,0.19563620654901237,9.9999999999999993e+74,3698,2253,1136416,global_progress
274.014411,0.14044236128552678,0,0.19563620654901237,0,3698,2253,1136416,solver_final
