elapsed_time,native_global_LB,native_incumbent,verified_cutoff,native_gap,node_count,open_nodes,simplex_iterations,event_source
0.016936,0,9.9999999999999993e+74,0.19563620654901237,9.9999999999999993e+74,0,1,0,global_progress
0.017062999999999998,0,9.9999999999999993e+74,0.19563620654901237,9.9999999999999993e+74,0,1,0,global_progress
6.1920555999999998,0.11195893573207412,9.9999999999999993e+74,0.19563620654901237,9.9999999999999993e+74,0,1,15808,global_progress
862.01796530000001,0.14237041903480138,9.9999999999999993e+74,0.19563620654901237,9.9999999999999993e+74,7341,5260,3709910,global_progress
862.01863909999997,0.14237041903480138,0,0.19563620654901237,0,7341,5260,3709910,solver_final
