{
  "instance_path": "E:\\codes\\ExactEBRP\\reference\\heldout_round22\\V20_M3\\moderate_seed4301.txt",
  "instance_sha256": "8841820f8028da45d98c7d4ebebdb182df03f4a3909b877e4d3ce2bcd131daf6",
  "V": 20,
  "M": 3,
  "vehicle_capacities": [
    30,
    30,
    30
  ],
  "station_capacities": [
    100000,
    41,
    30,
    21,
    34,
    29,
    48,
    48,
    45,
    30,
    49,
    48,
    46,
    31,
    25,
    48,
    38,
    24,
    35,
    25,
    20
  ],
  "initial_inventories": [
    50000,
    8,
    20,
    13,
    24,
    15,
    23,
    36,
    30,
    20,
    33,
    14,
    17,
    16,
    11,
    20,
    24,
    2,
    26,
    16,
    2
  ],
  "target_inventories": [
    0,
    16,
    23,
    1,
    29,
    4,
    21,
    33,
    31,
    13,
    16,
    35,
    28,
    17,
    17,
    13,
    25,
    5,
    23,
    12,
    13
  ],
  "weights": [
    0.0,
    0.089583,
    0.060326,
    1.0,
    0.063649,
    0.267708,
    0.05754,
    0.057197,
    0.052554,
    0.092628,
    0.134115,
    0.0975,
    0.081101,
    0.054657,
    0.077941,
    0.092628,
    0.053167,
    0.0975,
    0.060326,
    0.076389,
    0.116987
  ],
  "minimum_ratios": [
    0.0,
    0.35,
    0.6087,
    0.7,
    0.5793,
    0.7,
    0.7,
    0.7,
    0.6774,
    0.7,
    0.7,
    0.28,
    0.425,
    0.6588,
    0.4529,
    0.7,
    0.672,
    0.28,
    0.7,
    0.7,
    0.1077
  ],
  "distance_construction": "Euclidean point distance divided by 1.5",
  "pickup_time": 60.0,
  "drop_time": 60.0,
  "T": 3600.0,
  "lambda": 0.15
}
