{
  "independence_contract": [
    "standard-library parser only",
    "no production Evaluator",
    "no HGA decoder",
    "no production model writer",
    "no retained verification boolean used for classification"
  ],
  "hga": {
    "classification": "independently valid original-problem solution",
    "valid": true,
    "errors": [],
    "final_inventory": [
      50000,
      16,
      23,
      1,
      29,
      4,
      21,
      36,
      30,
      13,
      16,
      29,
      27,
      17,
      17,
      13,
      25,
      5,
      23,
      12,
      13
    ],
    "ratios": [
      0.0,
      1.0,
      1.0,
      1.0,
      1.0,
      1.0,
      1.0,
      1.0909090909090908,
      0.967741935483871,
      1.0,
      1.0,
      0.8285714285714286,
      0.9642857142857143,
      1.0,
      1.0,
      1.0,
      1.0,
      1.0,
      1.0,
      1.0,
      1.0
    ],
    "deviations": [
      0.0,
      0.0,
      0.0,
      0.0,
      0.0,
      0.0,
      0.0,
      0.09090909090909083,
      0.032258064516129004,
      0.0,
      0.0,
      0.17142857142857137,
      0.0357142857142857,
      0.0,
      0.0,
      0.0,
      0.0,
      0.0,
      0.0,
      0.0,
      0.0
    ],
    "pairwise_absolute_ratio_differences": {
      "1,2": 0.0,
      "1,3": 0.0,
      "1,4": 0.0,
      "1,5": 0.0,
      "1,6": 0.0,
      "1,7": 0.09090909090909083,
      "1,8": 0.032258064516129004,
      "1,9": 0.0,
      "1,10": 0.0,
      "1,11": 0.17142857142857137,
      "1,12": 0.0357142857142857,
      "1,13": 0.0,
      "1,14": 0.0,
      "1,15": 0.0,
      "1,16": 0.0,
      "1,17": 0.0,
      "1,18": 0.0,
      "1,19": 0.0,
      "1,20": 0.0,
      "2,3": 0.0,
      "2,4": 0.0,
      "2,5": 0.0,
      "2,6": 0.0,
      "2,7": 0.09090909090909083,
      "2,8": 0.032258064516129004,
      "2,9": 0.0,
      "2,10": 0.0,
      "2,11": 0.17142857142857137,
      "2,12": 0.0357142857142857,
      "2,13": 0.0,
      "2,14": 0.0,
      "2,15": 0.0,
      "2,16": 0.0,
      "2,17": 0.0,
      "2,18": 0.0,
      "2,19": 0.0,
      "2,20": 0.0,
      "3,4": 0.0,
      "3,5": 0.0,
      "3,6": 0.0,
      "3,7": 0.09090909090909083,
      "3,8": 0.032258064516129004,
      "3,9": 0.0,
      "3,10": 0.0,
      "3,11": 0.17142857142857137,
      "3,12": 0.0357142857142857,
      "3,13": 0.0,
      "3,14": 0.0,
      "3,15": 0.0,
      "3,16": 0.0,
      "3,17": 0.0,
      "3,18": 0.0,
      "3,19": 0.0,
      "3,20": 0.0,
      "4,5": 0.0,
      "4,6": 0.0,
      "4,7": 0.09090909090909083,
      "4,8": 0.032258064516129004,
      "4,9": 0.0,
      "4,10": 0.0,
      "4,11": 0.17142857142857137,
      "4,12": 0.0357142857142857,
      "4,13": 0.0,
      "4,14": 0.0,
      "4,15": 0.0,
      "4,16": 0.0,
      "4,17": 0.0,
      "4,18": 0.0,
      "4,19": 0.0,
      "4,20": 0.0,
      "5,6": 0.0,
      "5,7": 0.09090909090909083,
      "5,8": 0.032258064516129004,
      "5,9": 0.0,
      "5,10": 0.0,
      "5,11": 0.17142857142857137,
      "5,12": 0.0357142857142857,
      "5,13": 0.0,
      "5,14": 0.0,
      "5,15": 0.0,
      "5,16": 0.0,
      "5,17": 0.0,
      "5,18": 0.0,
      "5,19": 0.0,
      "5,20": 0.0,
      "6,7": 0.09090909090909083,
      "6,8": 0.032258064516129004,
      "6,9": 0.0,
      "6,10": 0.0,
      "6,11": 0.17142857142857137,
      "6,12": 0.0357142857142857,
      "6,13": 0.0,
      "6,14": 0.0,
      "6,15": 0.0,
      "6,16": 0.0,
      "6,17": 0.0,
      "6,18": 0.0,
      "6,19": 0.0,
      "6,20": 0.0,
      "7,8": 0.12316715542521983,
      "7,9": 0.09090909090909083,
      "7,10": 0.09090909090909083,
      "7,11": 0.2623376623376622,
      "7,12": 0.12662337662337653,
      "7,13": 0.09090909090909083,
      "7,14": 0.09090909090909083,
      "7,15": 0.09090909090909083,
      "7,16": 0.09090909090909083,
      "7,17": 0.09090909090909083,
      "7,18": 0.09090909090909083,
      "7,19": 0.09090909090909083,
      "7,20": 0.09090909090909083,
      "8,9": 0.032258064516129004,
      "8,10": 0.032258064516129004,
      "8,11": 0.13917050691244237,
      "8,12": 0.003456221198156695,
      "8,13": 0.032258064516129004,
      "8,14": 0.032258064516129004,
      "8,15": 0.032258064516129004,
      "8,16": 0.032258064516129004,
      "8,17": 0.032258064516129004,
      "8,18": 0.032258064516129004,
      "8,19": 0.032258064516129004,
      "8,20": 0.032258064516129004,
      "9,10": 0.0,
      "9,11": 0.17142857142857137,
      "9,12": 0.0357142857142857,
      "9,13": 0.0,
      "9,14": 0.0,
      "9,15": 0.0,
      "9,16": 0.0,
      "9,17": 0.0,
      "9,18": 0.0,
      "9,19": 0.0,
      "9,20": 0.0,
      "10,11": 0.17142857142857137,
      "10,12": 0.0357142857142857,
      "10,13": 0.0,
      "10,14": 0.0,
      "10,15": 0.0,
      "10,16": 0.0,
      "10,17": 0.0,
      "10,18": 0.0,
      "10,19": 0.0,
      "10,20": 0.0,
      "11,12": 0.13571428571428568,
      "11,13": 0.17142857142857137,
      "11,14": 0.17142857142857137,
      "11,15": 0.17142857142857137,
      "11,16": 0.17142857142857137,
      "11,17": 0.17142857142857137,
      "11,18": 0.17142857142857137,
      "11,19": 0.17142857142857137,
      "11,20": 0.17142857142857137,
      "12,13": 0.0357142857142857,
      "12,14": 0.0357142857142857,
      "12,15": 0.0357142857142857,
      "12,16": 0.0357142857142857,
      "12,17": 0.0357142857142857,
      "12,18": 0.0357142857142857,
      "12,19": 0.0357142857142857,
      "12,20": 0.0357142857142857,
      "13,14": 0.0,
      "13,15": 0.0,
      "13,16": 0.0,
      "13,17": 0.0,
      "13,18": 0.0,
      "13,19": 0.0,
      "13,20": 0.0,
      "14,15": 0.0,
      "14,16": 0.0,
      "14,17": 0.0,
      "14,18": 0.0,
      "14,19": 0.0,
      "14,20": 0.0,
      "15,16": 0.0,
      "15,17": 0.0,
      "15,18": 0.0,
      "15,19": 0.0,
      "15,20": 0.0,
      "16,17": 0.0,
      "16,18": 0.0,
      "16,19": 0.0,
      "16,20": 0.0,
      "17,18": 0.0,
      "17,19": 0.0,
      "17,20": 0.0,
      "18,19": 0.0,
      "18,20": 0.0,
      "19,20": 0.0
    },
    "S": 19.851508169250106,
    "H": 6.075429409300374,
    "G": 0.015302186003961113,
    "P": 0.026505767595307907,
    "lambda": 0.15,
    "objective": 0.0192780511432573,
    "route_audits": [
      {
        "vehicle": 0,
        "travel_time": 1071.998676453039,
        "pickup_handling_time": 1260.0,
        "station_drop_handling_time": 1260.0,
        "depot_unload_handling_time": 0.0,
        "duration": 3591.998676453039,
        "final_load_before_depot_unload": 0,
        "maximum_load": 21,
        "load_trace": [
          {
            "station": 18,
            "load_after": 3
          },
          {
            "station": 15,
            "load_after": 10
          },
          {
            "station": 5,
            "load_after": 21
          },
          {
            "station": 14,
            "load_after": 15
          },
          {
            "station": 11,
            "load_after": 0
          }
        ]
      },
      {
        "vehicle": 1,
        "travel_time": 1063.3846057346234,
        "pickup_handling_time": 1260.0,
        "station_drop_handling_time": 1260.0,
        "depot_unload_handling_time": 0.0,
        "duration": 3583.3846057346236,
        "final_load_before_depot_unload": 0,
        "maximum_load": 17,
        "load_trace": [
          {
            "station": 10,
            "load_after": 17
          },
          {
            "station": 1,
            "load_after": 9
          },
          {
            "station": 13,
            "load_after": 8
          },
          {
            "station": 16,
            "load_after": 7
          },
          {
            "station": 19,
            "load_after": 11
          },
          {
            "station": 4,
            "load_after": 6
          },
          {
            "station": 2,
            "load_after": 3
          },
          {
            "station": 17,
            "load_after": 0
          }
        ]
      },
      {
        "vehicle": 2,