elapsed_time,native_global_LB,native_incumbent,verified_cutoff,native_gap,node_count,open_nodes,simplex_iterations,event_source
0.017507000000000002,0,9.9999999999999993e+74,0.04915255266474515,9.9999999999999993e+74,0,1,0,global_progress
0.0176253,0,9.9999999999999993e+74,0.04915255266474515,9.9999999999999993e+74,0,1,0,global_progress
6.1535602000000003,0.034772561382770378,9.9999999999999993e+74,0.04915255266474515,9.9999999999999993e+74,0,1,21964,global_progress
7.9960576000000003,0.034772561382770378,9.9999999999999993e+74,0.04915255266474515,9.9999999999999993e+74,12,11,28184,global_progress
7.9963974999999996,0.034772561382770378,0,0.04915255266474515,0,12,11,28184,solver_final
