elapsed_time,native_global_LB,native_incumbent,verified_cutoff,native_gap,node_count,open_nodes,simplex_iterations,event_source
0.018352,0,9.9999999999999993e+74,0.35720058320841552,9.9999999999999993e+74,0,1,0,global_progress
0.018453899999999999,0,9.9999999999999993e+74,0.35720058320841552,9.9999999999999993e+74,0,1,0,global_progress
1.4177264000000001,0.24154981534663592,9.9999999999999993e+74,0.35720058320841552,9.9999999999999993e+74,0,1,909,global_progress
197.83172999999999,0.34794338572794603,9.9999999999999993e+74,0.35720058320841552,9.9999999999999993e+74,6336,1757,343149,global_progress
197.84161660000001,0.34794338572794603,0,0.35720058320841552,0,6336,1757,343149,solver_final
