elapsed_time,native_global_LB,native_incumbent,verified_cutoff,native_gap,node_count,open_nodes,simplex_iterations,event_source
0.0171941,0,9.9999999999999993e+74,0.19563620654901237,9.9999999999999993e+74,0,1,0,global_progress
0.017319399999999999,0,9.9999999999999993e+74,0.19563620654901237,9.9999999999999993e+74,0,1,0,global_progress
6.2167117000000003,0.11195893573207412,9.9999999999999993e+74,0.19563620654901237,9.9999999999999993e+74,0,1,15808,global_progress
273.99676640000001,0.14077536608374377,9.9999999999999993e+74,0.19563620654901237,9.9999999999999993e+74,2500,1903,1149424,global_progress
273.99716269999999,0.14077536608374377,0,0.19563620654901237,0,2500,1903,1149424,solver_final
