process_elapsed_seconds,exact_phase_elapsed_seconds,event_type,active_leaf,active_leaf_valid_lower_bound,other_open_leaf_min_valid_lower_bound,valid_global_lower_bound,verified_global_upper_bound,open_relevant_leaf_count,closed_relevant_leaf_count,event_source
20.3857535,0.0110651,"exact_tree_initialization","",0,,0,0.19563620654901237,4,0,"initial_exact_interval_cover"
21.089146800000002,0.71445809999999998,"parent_lp_completion","L0",0.11390810778313859,0.048909051637253093,0.048909051637253093,0.19563620654901237,4,0,"complete_parent_lp_optimal"
21.414038900000001,1.0393504,"child_lp_completion","L0.0",0.12718072622373938,0.048909051637253093,0.048909051637253093,0.19563620654901237,4,0,"complete_speculative_child_lp_optimal"
22.104760800000001,1.7300723,"child_lp_completion","L0.1",0.12795074422382444,0.048909051637253093,0.048909051637253093,0.19563620654901237,4,0,"complete_speculative_child_lp_optimal"
22.1049328,1.7302443000000001,"split","L0",,0.048909051637253093,0.048909051637253093,0.19563620654901237,5,0,"c5_immediate_atomic_split"
22.6043102,2.2296214999999999,"parent_lp_completion","L1",0.13602141227306505,0.097818103274506185,0.097818103274506185,0.19563620654901237,5,0,"complete_parent_lp_optimal"
23.124556399999999,2.7498676999999998,"child_lp_completion","L1.0",0.13829658349168333,0.097818103274506185,0.097818103274506185,0.19563620654901237,5,0,"complete_speculative_child_lp_optimal"
23.6294729,3.2547844000000001,"child_lp_completion","L1.1",0.15224934499153531,0.097818103274506185,0.097818103274506185,0.19563620654901237,5,0,"complete_speculative_child_lp_optimal"
23.629618199999999,3.2549298000000002,"split","L1",,0.097818103274506185,0.097818103274506185,0.19563620654901237,6,0,"c5_immediate_atomic_split"
24.128397400000001,3.7537086999999998,"parent_lp_completion","L2",0.16793102793366324,0.12718072622373938,0.12718072622373938,0.19563620654901237,6,0,"complete_parent_lp_optimal"
24.620671900000001,4.2459831000000001,"child_lp_completion","L2.0",0.16799921735011053,0.12718072622373938,0.12718072622373938,0.19563620654901237,6,0,"complete_speculative_child_lp_optimal"
25.034629200000001,4.6599405999999997,"child_lp_completion","L2.1",0.18761082173341034,0.12718072622373938,0.12718072622373938,0.19563620654901237,6,0,"complete_speculative_child_lp_optimal"
25.258670977111816,4.8839825771118166,"native_root_processing_bound","L2",0.16793102793366324,0.12718072622373938,0.12718072622373938,0.19563620654901237,6,0,"gurobi_cb_mip_objbnd_valid_native_bound"
25.649671009536743,5.2749826095367434,"partial_native_bound_target","L2",0.16913382052074485,0.12718072622373938,0.12718072622373938,0.19563620654901237,6,0,"gurobi_cb_mip_objbnd_valid_native_bound"
25.6631231,5.2884345000000001,"partial_native_bound_target","L2",0.16913382052074485,0.12718072622373938,0.12718072622373938,0.19563620654901237,6,0,"c5_target_reached_parent_requeued_before_split"
26.024370699999999,5.6496820000000003,"child_lp_completion","L0.0.0",0.14629997828286342,0.12718072622373938,0.12718072622373938,0.19563620654901237,6,0,"complete_speculative_child_lp_optimal"
26.355885399999998,5.9811968999999996,"child_lp_completion","L0.0.1",0.13356551251543708,0.12718072622373938,0.12718072622373938,0.19563620654901237,6,0,"complete_speculative_child_lp_optimal"
26.3560439,5.9813554,"split","L0.0",,0.12795074422382444,0.12795074422382444,0.19563620654901237,7,0,"c5_immediate_atomic_split"
26.822912200000001,6.4482236999999998,"child_lp_completion","L0.1.0",0.13315081183075003,0.12795074422382444,0.12795074422382444,0.19563620654901237,7,0,"complete_speculative_child_lp_optimal"
27.4486524,7.0739637000000002,"child_lp_completion","L0.1.1",0.13497394130883036,0.12795074422382444,0.12795074422382444,0.19563620654901237,7,0,"complete_speculative_child_lp_optimal"
27.448817999999999,7.0741296,"split","L0.1",,0.13315081183075003,0.13315081183075003,0.19563620654901237,8,0,"c5_immediate_atomic_split"
27.839314300000002,7.4646257,"child_lp_completion","L0.1.0.0",0.13624048312373421,0.13315081183075003,0.13315081183075003,0.19563620654901237,8,0,"complete_speculative_child_lp_optimal"
28.244614500000001,7.8699260000000004,"child_lp_completion","L0.1.0.1",0.13651461427267089,0.13315081183075003,0.13315081183075003,0.19563620654901237,8,0,"complete_speculative_child_lp_optimal"
28.244818200000001,7.8701298,"split","L0.1.0",,0.13356551251543708,0.13356551251543708,0.19563620654901237,9,0,"c5_immediate_atomic_split"
28.567185899999998,8.1924972999999994,"child_lp_completion","L0.0.1.0",0.14103417046926175,0.13356551251543708,0.13356551251543708,0.19563620654901237,9,0,"complete_speculative_child_lp_optimal"
28.916611700000001,8.5419231999999994,"child_lp_completion","L0.0.1.1",0.13676511114282683,0.13356551251543708,0.13356551251543708,0.19563620654901237,9,0,"complete_speculative_child_lp_optimal"
28.9166791,8.5419906999999995,"split","L0.0.1",,0.13497394130883036,0.13497394130883036,0.19563620654901237,10,0,"c5_immediate_atomic_split"
29.4676388,9.0929500999999995,"child_lp_completion","L0.1.1.0",0.13726909569495274,0.13497394130883036,0.13497394130883036,0.19563620654901237,10,0,"complete_speculative_child_lp_optimal"
30.026009899999998,9.6513212999999993,"child_lp_completion","L0.1.1.1",0.13847691016803068,0.13497394130883036,0.13497394130883036,0.19563620654901237,10,0,"complete_speculative_child_lp_optimal"
30.0263776,9.6516891000000005,"split","L0.1.1",,0.13624048312373421,0.13624048312373421,0.19563620654901237,11,0,"c5_immediate_atomic_split"
30.3567733,9.9820848000000009,"child_lp_completion","L0.1.0.0.0",0.13811331761649226,0.13624048312373421,0.13624048312373421,0.19563620654901237,11,0,"complete_speculative_child_lp_optimal"
30.704721299999999,10.3300327,"child_lp_completion","L0.1.0.0.1",0.13784318724516584,0.13624048312373421,0.13624048312373421,0.19563620654901237,11,0,"complete_speculative_child_lp_optimal"
30.7047873,10.330098899999999,"split","L0.1.0.0",,0.13651461427267089,0.13651461427267089,0.19563620654901237,12,0,"c5_immediate_atomic_split"
31.050038099999998,10.675349499999999,"child_lp_completion","L0.1.0.1.0",0.13802235169291716,0.13651461427267089,0.13651461427267089,0.19563620654901237,12,0,"complete_speculative_child_lp_optimal"
31.436114700000001,11.0614261,"child_lp_completion","L0.1.0.1.1",0.13819724901274916,0.13651461427267089,0.13651461427267089,0.19563620654901237,12,0,"complete_speculative_child_lp_optimal"
31.4361833,11.0614949,"split","L0.1.0.1",,0.13676511114282683,0.13676511114282683,0.19563620654901237,13,0,"c5_immediate_atomic_split"
31.790185900000001,11.4154973,"child_lp_completion","L0.0.1.1.0",0.13860369647719725,0.13676511114282683,0.13676511114282683,0.19563620654901237,13,0,"complete_speculative_child_lp_optimal"
32.118397600000002,11.7437088,"child_lp_completion","L0.0.1.1.1",0.13836622590440059,0.13676511114282683,0.13676511114282683,0.19563620654901237,13,0,"complete_speculative_child_lp_optimal"
32.118456899999998,11.7437684,"split","L0.0.1.1",,0.13726909569495274,0.13726909569495274,0.19563620654901237,14,0,"c5_immediate_atomic_split"
32.6730169,12.2983283,"child_lp_completion","L0.1.1.0.0",0.13840994015107277,0.13726909569495274,0.13726909569495274,0.19563620654901237,14,0,"complete_speculative_child_lp_optimal"
33.210025700000003,12.8353372,"child_lp_completion","L0.1.1.0.1",0.13902547698211068,0.13726909569495274,0.13726909569495274,0.19563620654901237,14,0,"complete_speculative_child_lp_optimal"
33.2100887,12.8354003,"split","L0.1.1.0",,0.13784318724516584,0.13784318724516584,0.19563620654901237,15,0,"c5_immediate_atomic_split"
33.565713500000001,13.1910247,"child_lp_completion","L0.1.0.0.1.0",0.13878187637289657,0.13784318724516584,0.13784318724516584,0.19563620654901237,15,0,"complete_speculative_child_lp_optimal"
33.909140399999998,13.534451799999999,"child_lp_completion","L0.1.0.0.1.1",0.13867586367583726,0.13784318724516584,0.13784318724516584,0.19563620654901237,15,0,"complete_speculative_child_lp_optimal"
33.909196899999998,13.5345084,"split","L0.1.0.0.1",,0.13802235169291716,0.13802235169291716,0.19563620654901237,16,0,"c5_immediate_atomic_split"
34.248785400000003,13.8740969,"child_lp_completion","L0.1.0.1.0.0",0.13877131378418206,0.13802235169291716,0.13802235169291716,0.19563620654901237,16,0,"complete_speculative_child_lp_optimal"
34.614144199999998,14.2394555,"child_lp_completion","L0.1.0.1.0.1",0.13886361810089343,0.13802235169291716,0.13802235169291716,0.19563620654901237,16,0,"complete_speculative_child_lp_optimal"
34.614255900000003,14.2395675,"split","L0.1.0.1.0",,0.13811331761649226,0.13811331761649226,0.19563620654901237,17,0,"c5_immediate_atomic_split"
34.968368499999997,14.5936799,"child_lp_completion","L0.1.0.0.0.0",0.13904299296705433,0.13811331761649226,0.13811331761649226,0.19563620654901237,17,0,"complete_speculative_child_lp_optimal"
35.368333999999997,14.993645300000001,"child_lp_completion","L0.1.0.0.0.1",0.13891442104548563,0.13811331761649226,0.13811331761649226,0.19563620654901237,17,0,"complete_speculative_child_lp_optimal"
35.368401400000003,14.993713,"split","L0.1.0.0.0",,0.13819724901274916,0.13819724901274916,0.19563620654901237,18,0,"c5_immediate_atomic_split"
35.771447000000002,15.3967584,"child_lp_completion","L0.1.0.1.1.0",0.13895276625558942,0.13819724901274916,0.13819724901274916,0.19563620654901237,18,0,"complete_speculative_child_lp_optimal"
36.163344500000001,15.788656,"child_lp_completion","L0.1.0.1.1.1",0.13903874783225575,0.13819724901274916,0.13819724901274916,0.19563620654901237,18,0,"complete_speculative_child_lp_optimal"
36.163414799999998,15.7887264,"split","L0.1.0.1.1",,0.13829658349168333,0.13829658349168333,0.19563620654901237,19,0,"c5_immediate_atomic_split"
36.699443500000001,16.324754800000001,"child_lp_completion","L1.0.0",0.13973390459727561,0.13829658349168333,0.13829658349168333,0.19563620654901237,19,0,"complete_speculative_child_lp_optimal"
37.235217499999997,16.860528899999998,"child_lp_completion","L1.0.1",0.14627299252625403,0.13829658349168333,0.13829658349168333,0.19563620654901237,19,0,"complete_speculative_child_lp_optimal"
37.235280299999999,16.860591899999999,"split","L1.0",,0.13836622590440059,0.13836622590440059,0.19563620654901237,20,0,"c5_immediate_atomic_split"
37.5433588,17.168670200000001,"child_lp_completion","L0.0.1.1.1.0",0.13928685906908184,0.13836622590440059,0.13836622590440059,0.19563620654901237,20,0,"complete_speculative_child_lp_optimal"
37.8670562,17.492367600000001,"child_lp_completion","L0.0.1.1.1.1",0.13916708566384028,0.13836622590440059,0.13836622590440059,0.19563620654901237,20,0,"complete_speculative_child_lp_optimal"
37.867118400000003,17.492429999999999,"split","L0.0.1.1.1",,0.13840994015107277,0.13840994015107277,0.19563620654901237,21,0,"c5_immediate_atomic_split"
38.294439199999999,17.919750700000002,"child_lp_completion","L0.1.1.0.0.0",0.1391215523689939,0.13840994015107277,0.13840994015107277,0.19563620654901237,21,0,"complete_speculative_child_lp_optimal"
38.872856900000002,18.498168199999999,"child_lp_completion","L0.1.1.0.0.1",0.13928850326024372,0.13840994015107277,0.13840994015107277,0.19563620654901237,21,0,"complete_speculative_child_lp_optimal"
38.872919799999998,18.498231400000002,"split","L0.1.1.0.0",,0.13847691016803068,0.13847691016803068,0.19563620654901237,22,0,"c5_immediate_atomic_split"
39.409807100000002,19.035118400000002,"child_lp_completion","L0.1.1.1.0",0.13963071096698773,0.13847691016803068,0.13847691016803068,0.19563620654901237,22,0,"complete_speculative_child_lp_optimal"
39.908441000000003,19.5337523,"child_lp_completion","L0.1.1.1.1",0.14028854104811658,0.13847691016803068,0.13847691016803068,0.19563620654901237,22,0,"complete_speculative_child_lp_optimal"
39.9086912,19.534002699999998,"split","L0.1.1.1",,0.13860369647719725,0.13860369647719725,0.19563620654901237,23,0,"c5_immediate_atomic_split"
40.238378300000001,19.8636895,"child_lp_completion","L0.0.1.1.0.0",0.14106182160146097,0.13860369647719725,0.13860369647719725,0.19563620654901237,23,0,"complete_speculative_child_lp_optimal"
40.586181099999997,20.2114926,"child_lp_completion","L0.0.1.1.0.1",0.13940210783774609,0.13860369647719725,0.13860369647719725,0.19563620654901237,23,0,"complete_speculative_child_lp_optimal"
40.586949199999999,20.212260700000002,"split","L0.0.1.1.0",,0.13867586367583726,0.13867586367583726,0.19563620654901237,24,0,"c5_immediate_atomic_split"
40.921828099999999,20.547139600000001,"child_lp_completion","L0.1.0.0.1.1.0",0.13911448028895618,0.13867586367583726,0.13867586367583726,0.19563620654901237,24,0,"complete_speculative_child_lp_optimal"
41.287346599999999,20.912658100000002,"child_lp_completion","L0.1.0.0.1.1.1",0.13909643607417313,0.13867586367583726,0.13867586367583726,0.19563620654901237,24,0,"complete_speculative_child_lp_optimal"
41.502382552587889,21.127694152587889,"native_root_processing_bound","L0.1.0.0.1.1",0.13867586367583726,0.13877131378418206,0.13867586367583726,0.19563620654901237,24,0,"gurobi_cb_mip_objbnd_valid_native_bound"
41.746382510626219,21.371694110626219,"native_root_processing_bound","L0.1.0.0.1.1",0.139040014879422,0.13877131378418206,0.13877131378418206,0.19563620654901237,24,0,"gurobi_cb_mip_objbnd_valid_native_bound"
43.271382367575072,22.896693967575072,"partial_native_bound_target","L0.1.0.0.1.1",0.14910604736156646,0.13877131378418206,0.13877131378418206,0.19563620654901237,24,0,"gurobi_cb_mip_objbnd_valid_native_bound"
43.283580499999999,22.9088919,"partial_native_bound_target","L0.1.0.0.1.1",0.14910604736156646,0.13877131378418206,0.13877131378418206,0.19563620654901237,24,0,"c5_target_reached_parent_requeued_before_split"
43.629111600000002,23.254422999999999,"child_lp_completion","L0.1.0.1.0.0.0",0.13914457930289001,0.13877131378418206,0.13877131378418206,0.19563620654901237,24,0,"complete_speculative_child_lp_optimal"
43.992433800000001,23.617745299999999,"child_lp_completion","L0.1.0.1.0.0.1",0.139191937992449,0.13877131378418206,0.13877131378418206,0.19563620654901237,24,0,"complete_speculative_child_lp_optimal"
44.222471019073488,23.847782619073488,"native_root_processing_bound","L0.1.0.1.0.0",0.13877131378418206,0.13878187637289657,0.13877131378418206,0.19563620654901237,24,0,"gurobi_cb_mip_objbnd_valid_native_bound"
44.501471062942507,24.126782662942507,"native_root_processing_bound","L0.1.0.1.0.0",0.13910721917288896,0.13878187637289657,0.13878187637289657,0.19563620654901237,24,0,"gurobi_cb_mip_objbnd_valid_native_bound"
46.258471032424929,25.883782632424928,"partial_native_bound_target","L0.1.0.1.0.0",0.14896213409227191,0.13878187637289657,0.13878187637289657,0.19563620654901237,24,0,"gurobi_cb_mip_objbnd_valid_native_bound"
46.269171299999996,25.894482499999999,"partial_native_bound_target","L0.1.0.1.0.0",0.14896213409227191,0.13878187637289657,0.13878187637289657,0.19563620654901237,24,0,"c5_target_reached_parent_requeued_before_split"
46.562376,26.187687400000002,"child_lp_completion","L0.1.0.0.1.0.0",0.13924938028173175,0.13878187637289657,0.13878187637289657,0.19563620654901237,24,0,"complete_speculative_child_lp_optimal"
46.892934599999997,26.518245799999999,"child_lp_completion","L0.1.0.0.1.0.1",0.13918249880839251,0.13878187637289657,0.13878187637289657,0.19563620654901237,24,0,"complete_speculative_child_lp_optimal"
47.101971610626222,26.727283210626222,"native_root_processing_bound","L0.1.0.0.1.0",0.13878187637289657,0.13886361810089343,0.13878187637289657,0.19563620654901237,24,0,"gurobi_cb_mip_objbnd_valid_native_bound"
47.376971467575075,27.002283067575075,"native_root_processing_bound","L0.1.0.0.1.0",0.13914316736547103,0.13886361810089343,0.13886361810089343,0.19563620654901237,24,0,"gurobi_cb_mip_objbnd_valid_native_bound"
48.785971625885011,28.411283225885011,"partial_native_bound_target","L0.1.0.0.1.0",0.17573098376118979,0.13886361810089343,0.13886361810089343,0.19563620654901237,24,0,"gurobi_cb_mip_objbnd_valid_native_bound"
48.7988304,28.424141599999999,"partial_native_bound_target","L0.1.0.0.1.0",0.17573098376118979,0.13886361810089343,0.13886361810089343,0.19563620654901237,24,0,"c5_target_reached_parent_requeued_before_split"
49.2379824,28.8632937,"child_lp_completion","L0.1.0.1.0.1.0",0.1392385108527939,0.13886361810089343,0.13886361810089343,0.19563620654901237,24,0,"complete_speculative_child_lp_optimal"
49.6362497,29.261561,"child_lp_completion","L0.1.0.1.0.1.1",0.13928429659103853,0.13886361810089343,0.13886361810089343,0.19563620654901237,24,0,"complete_speculative_child_lp_optimal"
49.865311891552736,29.490623591552733,"native_root_processing_bound","L0.1.0.1.0.1",0.13886361810089343,0.13891442104548563,0.13886361810089343,0.19563620654901237,24,0,"gurobi_cb_mip_objbnd_valid_native_bound"
50.077311784741212,29.70262348474121,"native_root_processing_bound","L0.1.0.1.0.1",0.13920295527473886,0.13891442104548563,0.13891442104548563,0.19563620654901237,24,0,"gurobi_cb_mip_objbnd_valid_native_bound"
50.710311920162965,30.335623620162963,"partial_native_bound_target","L0.1.0.1.0.1",0.13940694462612432,0.13891442104548563,0.13891442104548563,0.19563620654901237,24,0,"gurobi_cb_mip_objbnd_valid_native_bound"
50.723592400000001,30.348903700000001,"partial_native_bound_target","L0.1.0.1.0.1",0.13940694462612432,0.13891442104548563,0.13891442104548563,0.19563620654901237,24,0,"c5_target_reached_parent_requeued_before_split"
51.041780799999998,30.6670923,"child_lp_completion","L0.1.0.0.0.1.0",0.13937987432830856,0.13891442104548563,0.13891442104548563,0.19563620654901237,24,0,"complete_speculative_child_lp_optimal"
51.3651725,30.990483999999999,"child_lp_completion","L0.1.0.0.0.1.1",0.13931517140692798,0.13891442104548563,0.13891442104548563,0.19563620654901237,24,0,"complete_speculative_child_lp_optimal"
51.590205604632565,31.215517204632569,"native_root_processing_bound","L0.1.0.0.0.1",0.13891442104548563,0.13895276625558942,0.13891442104548563,0.19563620654901237,24,0,"gurobi_cb_mip_objbnd_valid_native_bound"
51.811205560763547,31.43651716076355,"native_root_processing_bound","L0.1.0.0.0.1",0.13927280775029444,0.13895276625558942,0.13895276625558942,0.19563620654901237,24,0,"gurobi_cb_mip_objbnd_valid_native_bound"
53.266205722888181,32.891517322888184,"partial_native_bound_target","L0.1.0.0.0.1",0.15840698063028638,0.13895276625558942,0.13895276625558942,0.19563620654901237,24,0,"gurobi_cb_mip_objbnd_valid_native_bound"
53.279131200000002,32.904442500000002,"partial_native_bound_target","L0.1.0.0.0.1",0.15840698063028638,0.13895276625558942,0.13895276625558942,0.19563620654901237,24,0,"c5_target_reached_parent_requeued_before_split"
53.671102900000001,33.296414300000002,"child_lp_completion","L0.1.0.1.1.0.0",0.1393292939114589,0.13895276625558942,0.13895276625558942,0.19563620654901237,24,0,"complete_speculative_child_lp_optimal"
54.079517500000001,33.704828999999997,"child_lp_completion","L0.1.0.1.1.0.1",0.13937350151548564,0.13895276625558942,0.13895276625558942,0.19563620654901237,24,0,"complete_speculative_child_lp_optimal"
54.310554846594236,33.93586644659424,"native_root_processing_bound","L0.1.0.1.1.0",0.13895276625558942,0.13902547698211068,0.13895276625558942,0.19563620654901237,24,0,"gurobi_cb_mip_objbnd_valid_native_bound"
54.640554770300291,34.265866370300294,"native_root_processing_bound","L0.1.0.1.1.0",0.13929554755910079,0.13902547698211068,0.13902547698211068,0.19563620654901237,24,0,"gurobi_cb_mip_objbnd_valid_native_bound"
55.289554938146971,34.914866538146974,"partial_native_bound_target","L0.1.0.1.1.0",0.13972944547488678,0.13902547698211068,0.13902547698211068,0.19563620654901237,24,0,"gurobi_cb_mip_objbnd_valid_native_bound"
55.301901800000003,34.927213199999997,"partial_native_bound_target","L0.1.0.1.1.0",0.13972944547488678,0.13902547698211068,0.13902547698211068,0.19563620654901237,24,0,"c5_target_reached_parent_requeued_before_split"
55.834029700000002,35.459341100000003,"child_lp_completion","L0.1.1.0.1.0",0.13959764699667934,0.13902547698211068,0.13902547698211068,0.19563620654901237,24,0,"complete_speculative_child_lp_optimal"
56.365186700000002,35.990498000000002,"child_lp_completion","L0.1.1.0.1.1",0.13990365428496945,0.13902547698211068,0.13902547698211068,0.19563620654901237,24,0,"complete_speculative_child_lp_optimal"
56.365250000000003,35.990561599999999,"split","L0.1.1.0.1",,0.13903874783225575,0.13903874783225575,0.19563620654901237,25,0,"c5_immediate_atomic_split"
56.697978800000001,36.32329,"child_lp_completion","L0.1.0.1.1.1.0",0.1394169181016961,0.13903874783225575,0.13903874783225575,0.19563620654901237,25,0,"complete_speculative_child_lp_optimal"
57.095232799999998,36.720544199999999,"child_lp_completion","L0.1.0.1.1.1.1",0.1394595423658064,0.13903874783225575,0.13903874783225575,0.19563620654901237,25,0,"complete_speculative_child_lp_optimal"
57.307270693188478,36.932582293188474,"native_root_processing_bound","L0.1.0.1.1.1",0.13903874783225575,0.13904299296705433,0.13903874783225575,0.19563620654901237,25,0,"gurobi_cb_mip_objbnd_valid_native_bound"
57.661270784741212,37.286582384741209,"native_root_processing_bound","L0.1.0.1.1.1",0.13938498566654206,0.13904299296705433,0.13904299296705433,0.19563620654901237,25,0,"gurobi_cb_mip_objbnd_valid_native_bound"
58.306270765667726,37.931582365667722,"partial_native_bound_target","L0.1.0.1.1.1",0.13999236501898724,0.13904299296705433,0.13904299296705433,0.19563620654901237,25,0,"gurobi_cb_mip_objbnd_valid_native_bound"
58.318698699999999,37.944009999999999,"partial_native_bound_target","L0.1.0.1.1.1",0.13999236501898724,0.13904299296705433,0.13904299296705433,0.19563620654901237,25,0,"c5_target_reached_parent_requeued_before_split"
58.6118582,38.237169700000003,"child_lp_completion","L0.1.0.0.0.0.0",0.13950595660562404,0.13904299296705433,0.13904299296705433,0.19563620654901237,25,0,"complete_speculative_child_lp_optimal"
58.950557199999999,38.575868700000001,"child_lp_completion","L0.1.0.0.0.0.1",0.13944349118458213,0.13904299296705433,0.13904299296705433,0.19563620654901237,25,0,"complete_speculative_child_lp_optimal"
59.179596253134157,38.804907853134154,"native_root_processing_bound","L0.1.0.0.0.0",0.13904299296705433,0.1391215523689939,0.13904299296705433,0.19563620654901237,25,0,"gurobi_cb_mip_objbnd_valid_native_bound"
59.417596407629397,39.042908007629393,"native_root_processing_bound","L0.1.0.0.0.0",0.13939811214979902,0.1391215523689939,0.1391215523689939,0.19563620654901237,25,0,"gurobi_cb_mip_objbnd_valid_native_bound"
61.039596386648562,40.664907986648558,"partial_native_bound_target","L0.1.0.0.0.0",0.16279810909225378,0.1391215523689939,0.1391215523689939,0.19563620654901237,25,0,"gurobi_cb_mip_objbnd_valid_native_bound"
61.053419599999998,40.678730799999997,"partial_native_bound_target","L0.1.0.0.0.0",0.16279810909225378,0.1391215523689939,0.1391215523689939,0.19563620654901237,25,0,"c5_target_reached_parent_requeued_before_split"
61.420804099999998,41.0461156,"child_lp_completion","L0.1.1.0.0.0.0",0.13950137300066287,0.1391215523689939,0.1391215523689939,0.19563620654901237,25,0,"complete_speculative_child_lp_optimal"
61.821481800000001,41.446793300000003,"child_lp_completion","L0.1.1.0.0.0.1",0.13954240869623649,0.1391215523689939,0.1391215523689939,0.19563620654901237,25,0,"complete_speculative_child_lp_optimal"
62.051520119073487,41.676831719073483,"native_root_processing_bound","L0.1.1.0.0.0",0.1391215523689939,0.13916708566384028,0.1391215523689939,0.19563620654901237,25,0,"gurobi_cb_mip_objbnd_valid_native_bound"
62.468520174386597,42.093831774386594,"partial_native_bound_target","L0.1.1.0.0.0",0.1395160899486112,0.13916708566384028,0.13916708566384028,0.19563620654901237,25,0,"gurobi_cb_mip_objbnd_valid_native_bound"
62.4803596,42.1056709,"partial_native_bound_target","L0.1.1.0.0.0",0.1395160899486112,0.13916708566384028,0.13916708566384028,0.19563620654901237,25,0,"c5_target_reached_parent_requeued_before_split"
62.824689499999998,42.450001,"child_lp_completion","L0.0.1.1.1.1.0",0.13962798754982261,0.13916708566384028,0.13916708566384028,0.19563620654901237,25,0,"complete_speculative_child_lp_optimal"
63.140917899999998,42.7662294,"child_lp_completion","L0.0.1.1.1.1.1",0.13956747522865742,0.13916708566384028,0.13916708566384028,0.19563620654901237,25,0,"complete_speculative_child_lp_optimal"
63.368074098092649,42.993385798092653,"native_root_processing_bound","L0.0.1.1.1.1",0.13916708566384028,0.13928685906908184,0.13916708566384028,0.19563620654901237,25,0,"gurobi_cb_mip_objbnd_valid_native_bound"
63.660074153405759,43.285385853405764,"native_root_processing_bound","L0.0.1.1.1.1",0.13951909755041819,0.13928685906908184,0.13928685906908184,0.19563620654901237,25,0,"gurobi_cb_mip_objbnd_valid_native_bound"
64.211074271661374,43.836385971661379,"partial_native_bound_target","L0.0.1.1.1.1",0.14029900626433994,0.13928685906908184,0.13928685906908184,0.19563620654901237,25,0,"gurobi_cb_mip_objbnd_valid_native_bound"
64.223098100000001,43.848409400000001,"partial_native_bound_target","L0.0.1.1.1.1",0.14029900626433994,0.13928685906908184,0.13928685906908184,0.19563620654901237,25,0,"c5_target_reached_parent_requeued_before_split"
64.5375722,44.162883600000001,"child_lp_completion","L0.0.1.1.1.0.0",0.13974527618722257,0.13928685906908184,0.13928685906908184,0.19563620654901237,25,0,"complete_speculative_child_lp_optimal"
64.867006500000002,44.492318099999999,"child_lp_completion","L0.0.1.1.1.0.1",0.13968706158383545,0.13928685906908184,0.13928685906908184,0.19563620654901237,25,0,"complete_speculative_child_lp_optimal"
65.10104396757508,44.726355567575077,"native_root_processing_bound","L0.0.1.1.1.0",0.13928685906908184,0.13928850326024372,0.13928685906908184,0.19563620654901237,25,0,"gurobi_cb_mip_objbnd_valid_native_bound"
65.381043938964851,45.006355538964847,"native_root_processing_bound","L0.0.1.1.1.0",0.13963578084997438,0.13928850326024372,0.13928850326024372,0.19563620654901237,25,0,"gurobi_cb_mip_objbnd_valid_native_bound"
66.039043931335456,45.664355531335453,"partial_native_bound_target","L0.0.1.1.1.0",0.1441452233540553,0.13928850326024372,0.13928850326024372,0.19563620654901237,25,0,"gurobi_cb_mip_objbnd_valid_native_bound"
66.0508174,45.6761287,"partial_native_bound_target","L0.0.1.1.1.0",0.1441452233540553,0.13928850326024372,0.13928850326024372,0.19563620654901237,25,0,"c5_target_reached_parent_requeued_before_split"
66.538384199999996,46.163695699999998,"child_lp_completion","L0.1.1.0.0.1.0",0.13958264813961221,0.13928850326024372,0.13928850326024372,0.19563620654901237,25,0,"complete_speculative_child_lp_optimal"
67.133129199999999,46.758440700000001,"child_lp_completion","L0.1.1.0.0.1.1",0.1397279023803161,0.13928850326024372,0.13928850326024372,0.19563620654901237,25,0,"complete_speculative_child_lp_optimal"
67.347166286648559,46.972477886648562,"native_root_processing_bound","L0.1.1.0.0.1",0.13928850326024372,0.13940210783774609,0.13928850326024372,0.19563620654901237,25,0,"gurobi_cb_mip_objbnd_valid_native_bound"
67.850166307629394,47.475477907629397,"partial_native_bound_target","L0.1.1.0.0.1",0.13983359037217039,0.13940210783774609,0.13940210783774609,0.19563620654901237,25,0,"gurobi_cb_mip_objbnd_valid_native_bound"
67.863109600000001,47.488420900000001,"partial_native_bound_target","L0.1.1.0.0.1",0.13983359037217039,0.13940210783774609,0.13940210783774609,0.19563620654901237,25,0,"c5_target_reached_parent_requeued_before_split"
68.187190700000002,47.812502100000003,"child_lp_completion","L0.0.1.1.0.1.0",0.14039228386822691,0.13940210783774609,0.13940210783774609,0.19563620654901237,25,0,"complete_speculative_child_lp_optimal"
68.513584199999997,48.138895599999998,"child_lp_completion","L0.0.1.1.0.1.1",0.13980250401926922,0.13940210783774609,0.13940210783774609,0.19563620654901237,25,0,"complete_speculative_child_lp_optimal"
68.769622641961675,48.394934341961672,"native_root_processing_bound","L0.0.1.1.0.1",0.13940210783774609,0.13940694462612432,0.13940210783774609,0.19563620654901237,25,0,"gurobi_cb_mip_objbnd_valid_native_bound"
69.005622464578252,48.63093416457825,"native_root_processing_bound","L0.0.1.1.0.1",0.1397481788582563,0.13940694462612432,0.13940694462612432,0.19563620654901237,25,0,"gurobi_cb_mip_objbnd_valid_native_bound"
69.602622586648565,49.227934286648562,"partial_native_bound_target","L0.0.1.1.0.1",0.16932257807174692,0.13940694462612432,0.13940694462612432,0.19563620654901237,25,0,"gurobi_cb_mip_objbnd_valid_native_bound"
69.614945199999994,49.240256299999999,"partial_native_bound_target","L0.0.1.1.0.1",0.16932257807174692,0.13940694462612432,0.13940694462612432,0.19563620654901237,25,0,"c5_target_reached_parent_requeued_before_split"
69.617315399999995,49.242626899999998,"split","L0.1.0.1.0.1",,0.13940694462612432,0.13940694462612432,0.19563620654901237,26,0,"c5_parent_native_target_reached_delayed_atomic_split"
70.005682500000006,49.630994000000001,"child_lp_completion","L0.1.0.1.0.1.0.0",0.13942681497122117,0.13940694462612432,0.13940694462612432,0.19563620654901237,26,0,"complete_speculative_child_lp_optimal"
70.420304200000004,50.045615300000001,"child_lp_completion","L0.1.0.1.0.1.0.1",0.13944934446634016,0.13940694462612432,0.13940694462612432,0.19563620654901237,26,0,"complete_speculative_child_lp_optimal"
70.634368686648557,50.25968028664856,"native_root_processing_bound","L0.1.0.1.0.1.0",0.13940694462612432,0.13940694462612432,0.13940694462612432,0.19563620654901237,26,0,"gurobi_cb_mip_objbnd_valid_native_bound"
70.860368518801877,50.485680118801881,"native_root_processing_bound","L0.1.0.1.0.1.0",0.1394075722074056,0.13940694462612432,0.13940694462612432,0.19563620654901237,26,0,"gurobi_cb_mip_objbnd_valid_native_bound"
71.422368555041501,51.047680155041505,"partial_native_bound_target","L0.1.0.1.0.1.0",0.13961043665978445,0.13940694462612432,0.13940694462612432,0.19563620654901237,26,0,"gurobi_cb_mip_objbnd_valid_native_bound"
71.434780900000007,51.0600922,"partial_native_bound_target","L0.1.0.1.0.1.0",0.13961043665978445,0.13940694462612432,0.13940694462612432,0.19563620654901237,26,0,"c5_target_reached_parent_requeued_before_split"
71.850803400000004,51.476114899999999,"child_lp_completion","L0.1.0.1.0.1.1.0",0.13947274707570939,0.13940694462612432,0.13940694462612432,0.19563620654901237,26,0,"complete_speculative_child_lp_optimal"
72.243916499999997,51.869227899999998,"child_lp_completion","L0.1.0.1.0.1.1.1",0.13949554253779156,0.13940694462612432,0.13940694462612432,0.19563620654901237,26,0,"complete_speculative_child_lp_optimal"
72.472954153134154,52.098265753134157,"native_root_processing_bound","L0.1.0.1.0.1.1",0.13940694462612432,0.1395160899486112,0.13940694462612432,0.19563620654901237,26,0,"gurobi_cb_mip_objbnd_valid_native_bound"
72.661954282833861,52.287265882833864,"native_root_processing_bound","L0.1.0.1.0.1.1",0.13945418028758971,0.1395160899486112,0.13945418028758971,0.19563620654901237,26,0,"gurobi_cb_mip_objbnd_valid_native_bound"
73.281954168392943,52.907265768392946,"partial_native_bound_target","L0.1.0.1.0.1.1",0.13968075620360912,0.1395160899486112,0.1395160899486112,0.19563620654901237,26,0,"gurobi_cb_mip_objbnd_valid_native_bound"
73.2943219,52.9196332,"partial_native_bound_target","L0.1.0.1.0.1.1",0.13968075620360912,0.1395160899486112,0.1395160899486112,0.19563620654901237,26,0,"c5_target_reached_parent_requeued_before_split"
73.295660999999996,52.920972499999998,"split","L0.1.1.0.0.0",,0.1395160899486112,0.1395160899486112,0.19563620654901237,27,0,"c5_parent_native_target_reached_delayed_atomic_split"
73.679759000000004,53.305070499999999,"child_lp_completion","L0.1.1.0.0.0.0.0",0.13969187415780546,0.1395160899486112,0.1395160899486112,0.19563620654901237,27,0,"complete_speculative_child_lp_optimal"
74.0390874,53.664398800000001,"child_lp_completion","L0.1.1.0.0.0.0.1",0.13971269849702905,0.1395160899486112,0.1395160899486112,0.19563620654901237,27,0,"complete_speculative_child_lp_optimal"
74.251125593188476,53.876437293188474,"native_root_processing_bound","L0.1.1.0.0.0.0",0.1395160899486112,0.13954240869623649,0.1395160899486112,0.19563620654901237,27,0,"gurobi_cb_mip_objbnd_valid_native_bound"
74.604125757220459,54.229437457220456,"native_root_processing_bound","L0.1.1.0.0.0.0",0.13967551134796188,0.13954240869623649,0.13954240869623649,0.19563620654901237,27,0,"gurobi_cb_mip_objbnd_valid_native_bound"
75.258125562670898,54.883437262670896,"partial_native_bound_target","L0.1.1.0.0.0.0",0.14041921372149416,0.13954240869623649,0.13954240869623649,0.19563620654901237,27,0,"gurobi_cb_mip_objbnd_valid_native_bound"
75.271229599999998,54.896540899999998,"partial_native_bound_target","L0.1.1.0.0.0.0",0.14041921372149416,0.13954240869623649,0.13954240869623649,0.19563620654901237,27,0,"c5_target_reached_parent_requeued_before_split"
75.682808199999997,55.308119300000001,"child_lp_completion","L0.1.1.0.0.0.1.0",0.13973384999087007,0.13954240869623649,0.13954240869623649,0.19563620654901237,27,0,"complete_speculative_child_lp_optimal"
76.096992099999994,55.722303599999996,"child_lp_completion","L0.1.1.0.0.0.1.1",0.13975427751574454,0.13954240869623649,0.13954240869623649,0.19563620654901237,27,0,"complete_speculative_child_lp_optimal"
76.327031119073482,55.952342719073485,"native_root_processing_bound","L0.1.1.0.0.0.1",0.13954240869623649,0.13959764699667934,0.13954240869623649,0.19563620654901237,27,0,"gurobi_cb_mip_objbnd_valid_native_bound"
76.8320312335144,56.457342833514403,"partial_native_bound_target","L0.1.1.0.0.0.1",0.1397861970091917,0.13959764699667934,0.13959764699667934,0.19563620654901237,27,0,"gurobi_cb_mip_objbnd_valid_native_bound"
76.845354599999993,56.470666000000001,"partial_native_bound_target","L0.1.1.0.0.0.1",0.1397861970091917,0.13959764699667934,0.13959764699667934,0.19563620654901237,27,0,"c5_target_reached_parent_requeued_before_split"
77.472747200000001,57.098058600000002,"child_lp_completion","L0.1.1.0.1.0.0",0.13988274799688002,0.13959764699667934,0.13959764699667934,0.19563620654901237,27,0,"complete_speculative_child_lp_optimal"
78.0779766,57.703287899999999,"child_lp_completion","L0.1.1.0.1.0.1",0.14003675339818714,0.13959764699667934,0.13959764699667934,0.19563620654901237,27,0,"complete_speculative_child_lp_optimal"
78.291030359127802,57.916342059127807,"native_root_processing_bound","L0.1.1.0.1.0",0.13959764699667934,0.13961043665978445,0.13959764699667934,0.19563620654901237,27,0,"gurobi_cb_mip_objbnd_valid_native_bound"
78.714030456402583,58.339342156402587,"partial_native_bound_target","L0.1.1.0.1.0",0.14014625853587934,0.13961043665978445,0.13961043665978445,0.19563620654901237,27,0,"gurobi_cb_mip_objbnd_valid_native_bound"
78.726314900000006,58.351626199999998,"partial_native_bound_target","L0.1.1.0.1.0",0.14014625853587934,0.13961043665978445,0.13961043665978445,0.19563620654901237,27,0,"c5_target_reached_parent_requeued_before_split"
78.726864699999993,58.352176200000002,"split","L0.1.0.1.0.1.0",,0.13961043665978445,0.13961043665978445,0.19563620654901237,28,0,"c5_parent_native_target_reached_delayed_atomic_split"
79.050985600000004,58.676296999999998,"child_lp_completion","L0.1.0.1.0.1.0.0.0",0.13961043665978445,0.13961043665978445,0.13961043665978445,0.19563620654901237,28,0,"complete_speculative_child_lp_optimal"
79.434456900000001,59.059768300000002,"child_lp_completion","L0.1.0.1.0.1.0.0.1",0.13961043665978445,0.13961043665978445,0.13961043665978445,0.19563620654901237,28,0,"complete_speculative_child_lp_optimal"
79.434695099999999,59.060006700000002,"declined_split","L0.1.0.1.0.1.0.0",0.13961043665978445,0.13961043665978445,0.13961043665978445,0.19563620654901237,28,0,"c5_no_strict_child_disjunction_gain"
79.64677573160705,59.272087431607055,"native_root_processing_bound","L0.1.0.1.0.1.0.0",0.13961043665978445,0.13961043665978445,0.13961043665978445,0.19563620654901237,28,0,"gurobi_cb_mip_objbnd_valid_native_bound"
79.858775624795527,59.484087324795532,"native_root_processing_bound","L0.1.0.1.0.1.0.0",0.13961043665978445,0.13961043665978445,0.13961043665978445,0.19563620654901237,28,0,"gurobi_cb_mip_objbnd_valid_native_bound"
80.455775746865839,60.081087446865844,"native_root_processing_bound","L0.1.0.1.0.1.0.0",0.13961043665978445,0.13961043665978445,0.13961043665978445,0.19563620654901237,28,0,"gurobi_cb_mip_objbnd_valid_native_bound"
81.719775685830683,61.345087385830688,"native_root_processing_bound","L0.1.0.1.0.1.0.0",0.14915017751544221,0.13961043665978445,0.13961043665978445,0.19563620654901237,28,0,"gurobi_cb_mip_objbnd_valid_native_bound"
81.915775546594233,61.541087246594238,"native_root_processing_bound","L0.1.0.1.0.1.0.0",0.15095125248872818,0.13961043665978445,0.13961043665978445,0.19563620654901237,28,0,"gurobi_cb_mip_objbnd_valid_native_bound"
82.923775682015986,62.54908738201599,"native_root_processing_bound","L0.1.0.1.0.1.0.0",0.17499530532317101,0.13961043665978445,0.13961043665978445,0.19563620654901237,28,0,"gurobi_cb_mip_objbnd_valid_native_bound"
83.178775558038325,62.804087258038329,"native_root_processing_bound","L0.1.0.1.0.1.0.0",0.17680310437487343,0.13961043665978445,0.13961043665978445,0.19563620654901237,28,0,"gurobi_cb_mip_objbnd_valid_native_bound"
84.102775582833857,63.728087282833862,"native_root_processing_bound","L0.1.0.1.0.1.0.0",0.18120895978249435,0.13961043665978445,0.13961043665978445,0.19563620654901237,28,0,"gurobi_cb_mip_objbnd_valid_native_bound"
84.14677573160705,63.772087431607055,"native_root_processing_bound","L0.1.0.1.0.1.0.0",0.18140145127485896,0.13961043665978445,0.13961043665978445,0.19563620654901237,28,0,"gurobi_cb_mip_objbnd_valid_native_bound"
84.441775569482417,64.067087269482414,"native_root_processing_bound","L0.1.0.1.0.1.0.0",0.18187046775463162,0.13961043665978445,0.13961043665978445,0.19563620654901237,28,0,"gurobi_cb_mip_objbnd_valid_native_bound"
85.35477567629394,64.980087376293937,"native_root_processing_bound","L0.1.0.1.0.1.0.0",0.18434041818826893,0.13961043665978445,0.13961043665978445,0.19563620654901237,28,0,"gurobi_cb_mip_objbnd_valid_native_bound"
85.579775580926508,65.205087280926506,"native_root_processing_bound","L0.1.0.1.0.1.0.0",0.18460188096504776,0.13961043665978445,0.13961043665978445,0.19563620654901237,28,0,"gurobi_cb_mip_objbnd_valid_native_bound"
86.511775741143794,66.137087441143791,"native_root_processing_bound","L0.1.0.1.0.1.0.0",0.18539354123541663,0.13961043665978445,0.13961043665978445,0.19563620654901237,28,0,"gurobi_cb_mip_objbnd_valid_native_bound"
86.606775531335444,66.232087231335441,"native_root_processing_bound","L0.1.0.1.0.1.0.0",0.18549449725128567,0.13961043665978445,0.13961043665978445,0.19563620654901237,28,0,"gurobi_cb_mip_objbnd_valid_native_bound"
87.23577571825561,66.861087418255607,"native_root_processing_bound","L0.1.0.1.0.1.0.0",0.18625675556609894,0.13961043665978445,0.13961043665978445,0.19563620654901237,28,0,"gurobi_cb_mip_objbnd_valid_native_bound"
87.513775596185297,67.139087296185295,"native_root_processing_bound","L0.1.0.1.0.1.0.0",0.18652952745230555,0.13961043665978445,0.13961043665978445,0.19563620654901237,28,0,"gurobi_cb_mip_objbnd_valid_native_bound"
88.387775668664545,68.013087368664543,"native_root_processing_bound","L0.1.0.1.0.1.0.0",0.18699618818071256,0.13961043665978445,0.13961043665978445,0.19563620654901237,28,0,"gurobi_cb_mip_objbnd_valid_native_bound"
88.89677573160705,68.522087431607048,"native_root_processing_bound","L0.1.0.1.0.1.0.0",0.187052403847524,0.13961043665978445,0.13961043665978445,0.19563620654901237,28,0,"gurobi_cb_mip_objbnd_valid_native_bound"
89.701775559945673,69.327087259945671,"native_root_processing_bound","L0.1.0.1.0.1.0.0",0.18745656067137023,0.13961043665978445,0.13961043665978445,0.19563620654901237,28,0,"gurobi_cb_mip_objbnd_valid_native_bound"
90.041775712533564,69.667087412533562,"native_root_processing_bound","L0.1.0.1.0.1.0.0",0.18751305714450839,0.13961043665978445,0.13961043665978445,0.19563620654901237,28,0,"gurobi_cb_mip_objbnd_valid_native_bound"
91.087775716348261,70.713087416348259,"native_root_processing_bound","L0.1.0.1.0.1.0.0",0.18815002582219542,0.13961043665978445,0.13961043665978445,0.19563620654901237,28,0,"gurobi_cb_mip_objbnd_valid_native_bound"
91.42577553705749,71.051087237057487,"native_root_processing_bound","L0.1.0.1.0.1.0.0",0.18828549096162256,0.13961043665978445,0.13961043665978445,0.19563620654901237,28,0,"gurobi_cb_mip_objbnd_valid_native_bound"
92.22977567629394,71.855087376293937,"native_root_processing_bound","L0.1.0.1.0.1.0.0",0.1884755795716439,0.13961043665978445,0.13961043665978445,0.19563620654901237,28,0,"gurobi_cb_mip_objbnd_valid_native_bound"
92.450775632424921,72.076087332424919,"native_root_processing_bound","L0.1.0.1.0.1.0.0",0.18858313197128748,0.13961043665978445,0.13961043665978445,0.19563620654901237,28,0,"gurobi_cb_mip_objbnd_valid_native_bound"
93.372775563760371,72.998087263760368,"native_root_processing_bound","L0.1.0.1.0.1.0.0",0.18871334165653331,0.13961043665978445,0.13961043665978445,0.19563620654901237,28,0,"gurobi_cb_mip_objbnd_valid_native_bound"
93.701775559945673,73.327087259945671,"native_root_processing_bound","L0.1.0.1.0.1.0.0",0.18881573254470249,0.13961043665978445,0.13961043665978445,0.19563620654901237,28,0,"gurobi_cb_mip_objbnd_valid_native_bound"
94.575775632424921,74.201087332424919,"native_root_processing_bound","L0.1.0.1.0.1.0.0",0.18887369668543255,0.13961043665978445,0.13961043665978445,0.19563620654901237,28,0,"gurobi_cb_mip_objbnd_valid_native_bound"
94.772775659127802,74.3980873591278,"native_root_processing_bound","L0.1.0.1.0.1.0.0",0.18889182079117248,0.13961043665978445,0.13961043665978445,0.19563620654901237,28,0,"gurobi_cb_mip_objbnd_valid_native_bound"
95.872775563760371,75.498087263760368,"native_root_processing_bound","L0.1.0.1.0.1.0.0",0.18891975784426318,0.13961043665978445,0.13961043665978445,0.19563620654901237,28,0,"gurobi_cb_mip_objbnd_valid_native_bound"
96.283775577111811,75.909087277111809,"native_root_processing_bound","L0.1.0.1.0.1.0.0",0.18892673109532793,0.13961043665978445,0.13961043665978445,0.19563620654901237,28,0,"gurobi_cb_mip_objbnd_valid_native_bound"
96.901775607629389,76.527087307629387,"native_root_processing_bound","L0.1.0.1.0.1.0.0",0.18895591178438273,0.13961043665978445,0.13961043665978445,0.19563620654901237,28,0,"gurobi_cb_mip_objbnd_valid_native_bound"
98.492775687738032,78.118087387738029,"native_root_processing_bound","L0.1.0.1.0.1.0.0",0.18895778110407238,0.13961043665978445,0.13961043665978445,0.19563620654901237,28,0,"gurobi_cb_mip_objbnd_valid_native_bound"
99.490775594277949,79.116087294277946,"terminal_mip_bound_improvement","L0.1.0.1.0.1.0.0",0.18906470204063305,0.13961043665978445,0.13961043665978445,0.19563620654901237,28,0,"gurobi_cb_mip_objbnd_valid_native_bound"
99.651775607629389,79.277087307629387,"terminal_mip_bound_improvement","L0.1.0.1.0.1.0.0",0.19104342114447201,0.13961043665978445,0.13961043665978445,0.19563620654901237,28,0,"gurobi_cb_mip_objbnd_valid_native_bound"
99.666775712533564,79.292087412533562,"terminal_mip_bound_improvement","L0.1.0.1.0.1.0.0",0.1910436977899633,0.13961043665978445,0.13961043665978445,0.19563620654901237,28,0,"gurobi_cb_mip_objbnd_valid_native_bound"
99.668775567575068,79.294087267575065,"terminal_mip_bound_improvement","L0.1.0.1.0.1.0.0",0.19104413838699116,0.13961043665978445,0.13961043665978445,0.19563620654901237,28,0,"gurobi_cb_mip_objbnd_valid_native_bound"
101.30477572397766,80.930087423977653,"terminal_mip_bound_improvement","L0.1.0.1.0.1.0.0",0.19168647488903387,0.13961043665978445,0.13961043665978445,0.19563620654901237,28,0,"gurobi_cb_mip_objbnd_valid_native_bound"
101.41077567057189,81.036087370571892,"terminal_mip_bound_improvement","L0.1.0.1.0.1.0.0",0.19173382785148502,0.13961043665978445,0.13961043665978445,0.19563620654901237,28,0,"gurobi_cb_mip_objbnd_valid_native_bound"
101.4271092,81.052420499999997,"infeasible_closure","L0.1.0.1.0.1.0.0",,0.13961043665978445,0.13961043665978445,0.19563620654901237,27,1,"native_terminal_mip_infeasible"
101.8246219,81.449933400000006,"child_lp_completion","L0.1.0.1.0.1.0.1.0",0.13961043665978445,0.13961043665978445,0.13961043665978445,0.19563620654901237,27,1,"complete_speculative_child_lp_optimal"
102.2340061,81.859317399999995,"child_lp_completion","L0.1.0.1.0.1.0.1.1",0.13961043665978445,0.13961043665978445,0.13961043665978445,0.19563620654901237,27,1,"complete_speculative_child_lp_optimal"
102.2340598,81.859371300000006,"declined_split","L0.1.0.1.0.1.0.1",0.13961043665978445,0.13963071096698773,0.13961043665978445,0.19563620654901237,27,1,"c5_no_strict_child_disjunction_gain"
102.44307827220764,82.068389872207646,"native_root_processing_bound","L0.1.0.1.0.1.0.1",0.13961043665978445,0.13963071096698773,0.13961043665978445,0.19563620654901237,27,1,"gurobi_cb_mip_objbnd_valid_native_bound"
102.73507832752075,82.360389927520757,"native_root_processing_bound","L0.1.0.1.0.1.0.1",0.13961043665978445,0.13963071096698773,0.13961043665978445,0.19563620654901237,27,1,"gurobi_cb_mip_objbnd_valid_native_bound"
103.38707827792969,83.012389877929692,"native_root_processing_bound","L0.1.0.1.0.1.0.1",0.13978435651742377,0.13963071096698773,0.13963071096698773,0.19563620654901237,27,1,"gurobi_cb_mip_objbnd_valid_native_bound"
104.82707833515015,84.452389935150151,"native_root_processing_bound","L0.1.0.1.0.1.0.1",0.14789715098302597,0.13963071096698773,0.13963071096698773,0.19563620654901237,27,1,"gurobi_cb_mip_objbnd_valid_native_bound"
105.09307836757507,84.718389967575078,"native_root_processing_bound","L0.1.0.1.0.1.0.1",0.14986097541387269,0.13963071096698773,0.13963071096698773,0.19563620654901237,27,1,"gurobi_cb_mip_objbnd_valid_native_bound"
106.14007829891052,85.765389898910527,"native_root_processing_bound","L0.1.0.1.0.1.0.1",0.17341446831528379,0.13963071096698773,0.13963071096698773,0.19563620654901237,27,1,"gurobi_cb_mip_objbnd_valid_native_bound"
106.41907834277954,86.044389942779546,"native_root_processing_bound","L0.1.0.1.0.1.0.1",0.17443188277798771,0.13963071096698773,0.13963071096698773,0.19563620654901237,27,1,"gurobi_cb_mip_objbnd_valid_native_bound"
107.2340784,86.859390000000005,"native_root_processing_bound","L0.1.0.1.0.1.0.1",0.17924637202630547,0.13963071096698773,0.13963071096698773,0.19563620654901237,27,1,"gurobi_cb_mip_objbnd_valid_native_bound"
107.28507827983704,86.910389879837041,"native_root_processing_bound","L0.1.0.1.0.1.0.1",0.1793774261873354,0.13963071096698773,0.13963071096698773,0.19563620654901237,27,1,"gurobi_cb_mip_objbnd_valid_native_bound"
107.38607835040894,87.01138995040894,"native_root_processing_bound","L0.1.0.1.0.1.0.1",0.17992656132695314,0.13963071096698773,0.13963071096698773,0.19563620654901237,27,1,"gurobi_cb_mip_objbnd_valid_native_bound"
108.44607829318848,88.071389893188481,"native_root_processing_bound","L0.1.0.1.0.1.0.1",0.18300032456957388,0.13963071096698773,0.13963071096698773,0.19563620654901237,27,1,"gurobi_cb_mip_objbnd_valid_native_bound"
108.61207842098084,88.23739002098084,"native_root_processing_bound","L0.1.0.1.0.1.0.1",0.18319830244593557,0.13963071096698773,0.13963071096698773,0.19563620654901237,27,1,"gurobi_cb_mip_objbnd_valid_native_bound"
109.24407839046326,88.869389990463262,"native_root_processing_bound","L0.1.0.1.0.1.0.1",0.18459552936239454,0.13963071096698773,0.13963071096698773,0.19563620654901237,27,1,"gurobi_cb_mip_objbnd_valid_native_bound"
109.53307842479553,89.158390024795537,"native_root_processing_bound","L0.1.0.1.0.1.0.1",0.18479163699812681,0.13963071096698773,0.13963071096698773,0.19563620654901237,27,1,"gurobi_cb_mip_objbnd_valid_native_bound"
110.24207829700318,89.867389897003179,"native_root_processing_bound","L0.1.0.1.0.1.0.1",0.18601860213963203,0.13963071096698773,0.13963071096698773,0.19563620654901237,27,1,"gurobi_cb_mip_objbnd_valid_native_bound"
110.52907823787537,90.154389837875371,"native_root_processing_bound","L0.1.0.1.0.1.0.1",0.18624023028224204,0.13963071096698773,0.13963071096698773,0.19563620654901237,27,1,"gurobi_cb_mip_objbnd_valid_native_bound"
111.46607827411499,91.091389874114995,"native_root_processing_bound","L0.1.0.1.0.1.0.1",0.1866860748799675,0.13963071096698773,0.13963071096698773,0.19563620654901237,27,1,"gurobi_cb_mip_objbnd_valid_native_bound"
111.82107829318848,91.446389893188481,"native_root_processing_bound","L0.1.0.1.0.1.0.1",0.18670380551676838,0.13963071096698773,0.13963071096698773,0.19563620654901237,27,1,"gurobi_cb_mip_objbnd_valid_native_bound"
112.44307827220764,92.068389872207646,"native_root_processing_bound","L0.1.0.1.0.1.0.1",0.18678058972608511,0.13963071096698773,0.13963071096698773,0.19563620654901237,27,1,"gurobi_cb_mip_objbnd_valid_native_bound"
112.98907827602234,92.614389876022344,"native_root_processing_bound","L0.1.0.1.0.1.0.1",0.18680016562209872,0.13963071096698773,0.13963071096698773,0.19563620654901237,27,1,"gurobi_cb_mip_objbnd_valid_native_bound"
113.77707838283386,93.402389982833867,"native_root_processing_bound","L0.1.0.1.0.1.0.1",0.1868691540320509,0.13963071096698773,0.13963071096698773,0.19563620654901237,27,1,"gurobi_cb_mip_objbnd_valid_native_bound"
114.14307831989136,93.768389919891362,"native_root_processing_bound","L0.1.0.1.0.1.0.1",0.18689637197970263,0.13963071096698773,0.13963071096698773,0.19563620654901237,27,1,"gurobi_cb_mip_objbnd_valid_native_bound"
114.96707844005432,94.592390040054326,"native_root_processing_bound","L0.1.0.1.0.1.0.1",0.1869584509005856,0.13963071096698773,0.13963071096698773,0.19563620654901237,27,1,"gurobi_cb_mip_objbnd_valid_native_bound"
117.14507841335144,96.770390013351445,"native_root_processing_bound","L0.1.0.1.0.1.0.1",0.18695845096583433,0.13963071096698773,0.13963071096698773,0.19563620654901237,27,1,"gurobi_cb_mip_objbnd_valid_native_bound"
118.59707831607666,98.222389916076665,"terminal_mip_bound_improvement","L0.1.0.1.0.1.0.1",0.18862366827052876,0.13963071096698773,0.13963071096698773,0.19563620654901237,27,1,"gurobi_cb_mip_objbnd_valid_native_bound"
119.17807840572205,98.803390005722051,"terminal_mip_bound_improvement","L0.1.0.1.0.1.0.1",0.18957404380711004,0.13963071096698773,0.13963071096698773,0.19563620654901237,27,1,"gurobi_cb_mip_objbnd_valid_native_bound"
119.19267499999999,98.817986200000007,"infeasible_closure","L0.1.0.1.0.1.0.1",,0.13963071096698773,0.13963071096698773,0.19563620654901237,26,2,"native_terminal_mip_infeasible"
120.16289020000001,99.788201400000005,"child_lp_completion","L0.1.1.1.0.0",0.14020602525307577,0.13963071096698773,0.13963071096698773,0.19563620654901237,26,2,"complete_speculative_child_lp_optimal"
120.6997155,100.3250266,"child_lp_completion","L0.1.1.1.0.1",0.14050743544765393,0.13963071096698773,0.13963071096698773,0.19563620654901237,26,2,"complete_speculative_child_lp_optimal"
120.6998332,100.3251447,"split","L0.1.1.1.0",,0.13968075620360912,0.13968075620360912,0.19563620654901237,27,2,"c5_immediate_atomic_split"
120.7021159,100.3274274,"split","L0.1.0.1.0.1.1",,0.13968075620360912,0.13968075620360912,0.19563620654901237,28,2,"c5_parent_native_target_reached_delayed_atomic_split"
121.0569461,100.68225750000001,"child_lp_completion","L0.1.0.1.0.1.1.0.0",0.13968075620360912,0.13968075620360912,0.13968075620360912,0.19563620654901237,28,2,"complete_speculative_child_lp_optimal"
121.3810326,101.006344,"child_lp_completion","L0.1.0.1.0.1.1.0.1",0.13968075620360912,0.13968075620360912,0.13968075620360912,0.19563620654901237,28,2,"complete_speculative_child_lp_optimal"
121.3812082,101.0065197,"declined_split","L0.1.0.1.0.1.1.0",0.13968075620360912,0.13968075620360912,0.13968075620360912,0.19563620654901237,28,2,"c5_no_strict_child_disjunction_gain"
121.61123001907349,101.23654181907348,"native_root_processing_bound","L0.1.0.1.0.1.1.0",0.13968075620360912,0.13968075620360912,0.13968075620360912,0.19563620654901237,28,2,"gurobi_cb_mip_objbnd_valid_native_bound"
121.8172298703003,101.44254167030029,"native_root_processing_bound","L0.1.0.1.0.1.1.0",0.13968075620360912,0.13968075620360912,0.13968075620360912,0.19563620654901237,28,2,"gurobi_cb_mip_objbnd_valid_native_bound"
122.45023000572205,102.07554180572204,"native_root_processing_bound","L0.1.0.1.0.1.1.0",0.13975551592503208,0.13968075620360912,0.13968075620360912,0.19563620654901237,28,2,"gurobi_cb_mip_objbnd_valid_native_bound"
123.72923004959107,103.35454184959106,"native_root_processing_bound","L0.1.0.1.0.1.1.0",0.15013082530899319,0.13968075620360912,0.13968075620360912,0.19563620654901237,28,2,"gurobi_cb_mip_objbnd_valid_native_bound"
123.82322991226197,103.44854171226196,"native_root_processing_bound","L0.1.0.1.0.1.1.0",0.15044311306520464,0.13968075620360912,0.13968075620360912,0.19563620654901237,28,2,"gurobi_cb_mip_objbnd_valid_native_bound"
124.71422994468689,104.33954174468688,"native_root_processing_bound","L0.1.0.1.0.1.1.0",0.17367507118072101,0.13968075620360912,0.13968075620360912,0.19563620654901237,28,2,"gurobi_cb_mip_objbnd_valid_native_bound"
124.89222991798401,104.517541717984,"native_root_processing_bound","L0.1.0.1.0.1.1.0",0.17430228628245223,0.13968075620360912,0.13968075620360912,0.19563620654901237,28,2,"gurobi_cb_mip_objbnd_valid_native_bound"
125.80523002479553,105.43054182479553,"native_root_processing_bound","L0.1.0.1.0.1.1.0",0.1773639303385737,0.13968075620360912,0.13968075620360912,0.19563620654901237,28,2,"gurobi_cb_mip_objbnd_valid_native_bound"
126.14122999046326,105.76654179046325,"native_root_processing_bound","L0.1.0.1.0.1.1.0",0.17836508116317099,0.13968075620360912,0.13968075620360912,0.19563620654901237,28,2,"gurobi_cb_mip_objbnd_valid_native_bound"
127.16822994087219,106.79354174087219,"native_root_processing_bound","L0.1.0.1.0.1.1.0",0.18076930544827011,0.13968075620360912,0.13968075620360912,0.19563620654901237,28,2,"gurobi_cb_mip_objbnd_valid_native_bound"
127.35222995613098,106.97754175613098,"native_root_processing_bound","L0.1.0.1.0.1.1.0",0.18137886367451103,0.13968075620360912,0.13968075620360912,0.19563620654901237,28,2,"gurobi_cb_mip_objbnd_valid_native_bound"
128.14622986648561,107.77154166648559,"native_root_processing_bound","L0.1.0.1.0.1.1.0",0.18270815099818605,0.13968075620360912,0.13968075620360912,0.19563620654901237,28,2,"gurobi_cb_mip_objbnd_valid_native_bound"
128.32722986076357,107.95254166076354,"native_root_processing_bound","L0.1.0.1.0.1.1.0",0.1832831707087765,0.13968075620360912,0.13968075620360912,0.19563620654901237,28,2,"gurobi_cb_mip_objbnd_valid_native_bound"
129.09522998664858,108.72054178664855,"native_root_processing_bound","L0.1.0.1.0.1.1.0",0.18386440725063805,0.13968075620360912,0.13968075620360912,0.19563620654901237,28,2,"gurobi_cb_mip_objbnd_valid_native_bound"
129.40322983596803,109.02854163596801,"native_root_processing_bound","L0.1.0.1.0.1.1.0",0.18425035251822972,0.13968075620360912,0.13968075620360912,0.19563620654901237,28,2,"gurobi_cb_mip_objbnd_valid_native_bound"
130.14522993896486,109.77054173896484,"native_root_processing_bound","L0.1.0.1.0.1.1.0",0.18455890416442944,0.13968075620360912,0.13968075620360912,0.19563620654901237,28,2,"gurobi_cb_mip_objbnd_valid_native_bound"
130.20222986076357,109.82754166076354,"native_root_processing_bound","L0.1.0.1.0.1.1.0",0.1847605391371728,0.13968075620360912,0.13968075620360912,0.19563620654901237,28,2,"gurobi_cb_mip_objbnd_valid_native_bound"
131.19822991226198,110.82354171226196,"native_root_processing_bound","L0.1.0.1.0.1.1.0",0.18494432449481082,0.13968075620360912,0.13968075620360912,0.19563620654901237,28,2,"gurobi_cb_mip_objbnd_valid_native_bound"
131.3282300267029,110.95354182670287,"native_root_processing_bound","L0.1.0.1.0.1.1.0",0.18510585813586178,0.13968075620360912,0.13968075620360912,0.19563620654901237,28,2,"gurobi_cb_mip_objbnd_valid_native_bound"
132.11423004005434,111.73954184005432,"native_root_processing_bound","L0.1.0.1.0.1.1.0",0.18546227590999631,0.13968075620360912,0.13968075620360912,0.19563620654901237,28,2,"gurobi_cb_mip_objbnd_valid_native_bound"
132.45222986076357,112.07754166076354,"native_root_processing_bound","L0.1.0.1.0.1.1.0",0.18551221966507045,0.13968075620360912,0.13968075620360912,0.19563620654901237,28,2,"gurobi_cb_mip_objbnd_valid_native_bound"
133.352229956131,112.97754175613098,"native_root_processing_bound","L0.1.0.1.0.1.1.0",0.18604930891500893,0.13968075620360912,0.13968075620360912,0.19563620654901237,28,2,"gurobi_cb_mip_objbnd_valid_native_bound"
133.70222986076357,113.32754166076354,"native_root_processing_bound","L0.1.0.1.0.1.1.0",0.18626597348606586,0.13968075620360912,0.13968075620360912,0.19563620654901237,28,2,"gurobi_cb_mip_objbnd_valid_native_bound"
134.48522985313417,114.11054165313415,"native_root_processing_bound","L0.1.0.1.0.1.1.0",0.18641125486806703,0.13968075620360912,0.13968075620360912,0.19563620654901237,28,2,"gurobi_cb_mip_objbnd_valid_native_bound"
134.93323004577638,114.55854184577636,"native_root_processing_bound","L0.1.0.1.0.1.1.0",0.18644035480441271,0.13968075620360912,0.13968075620360912,0.19563620654901237,28,2,"gurobi_cb_mip_objbnd_valid_native_bound"
136.02022993896486,115.64554173896484,"native_root_processing_bound","L0.1.0.1.0.1.1.0",0.18647080006331057,0.13968075620360912,0.13968075620360912,0.19563620654901237,28,2,"gurobi_cb_mip_objbnd_valid_native_bound"
136.16222989891054,115.78754169891052,"native_root_processing_bound","L0.1.0.1.0.1.1.0",0.18648544360435695,0.13968075620360912,0.13968075620360912,0.19563620654901237,28,2,"gurobi_cb_mip_objbnd_valid_native_bound"
137.13123000000002,116.75654179999999,"native_root_processing_bound","L0.1.0.1.0.1.1.0",0.18652402561226977,0.13968075620360912,0.13968075620360912,0.19563620654901237,28,2,"gurobi_cb_mip_objbnd_valid_native_bound"
138.66222989891054,118.28754169891052,"native_root_processing_bound","L0.1.0.1.0.1.1.0",0.18652472751175928,0.13968075620360912,0.13968075620360912,0.19563620654901237,28,2,"gurobi_cb_mip_objbnd_valid_native_bound"
139.56622994277956,119.19154174277953,"terminal_mip_bound_improvement","L0.1.0.1.0.1.1.0",0.18667100273516779,0.13968075620360912,0.13968075620360912,0.19563620654901237,28,2,"gurobi_cb_mip_objbnd_valid_native_bound"
140.05523002479555,119.68054182479553,"terminal_mip_bound_improvement","L0.1.0.1.0.1.1.0",0.18848708816644294,0.13968075620360912,0.13968075620360912,0.19563620654901237,28,2,"gurobi_cb_mip_objbnd_valid_native_bound"
140.51422989700319,120.13954169700317,"terminal_mip_bound_improvement","L0.1.0.1.0.1.1.0",0.18861639652815446,0.13968075620360912,0.13968075620360912,0.19563620654901237,28,2,"gurobi_cb_mip_objbnd_valid_native_bound"
140.53052249999999,120.1558339,"infeasible_closure","L0.1.0.1.0.1.1.0",,0.13968075620360912,0.13968075620360912,0.19563620654901237,27,3,"native_terminal_mip_infeasible"
140.93191999999999,120.5572315,"child_lp_completion","L0.1.0.1.0.1.1.1.0",0.13968075620360912,0.13968075620360912,0.13968075620360912,0.19563620654901237,27,3,"complete_speculative_child_lp_optimal"
141.35859400000001,120.98390550000001,"child_lp_completion","L0.1.0.1.0.1.1.1.1",0.13968075620360912,0.13968075620360912,0.13968075620360912,0.19563620654901237,27,3,"complete_speculative_child_lp_optimal"
141.3586574,120.983969,"declined_split","L0.1.0.1.0.1.1.1",0.13968075620360912,0.13972944547488678,0.13968075620360912,0.19563620654901237,27,3,"c5_no_strict_child_disjunction_gain"
141.58967784659424,121.21498944659425,"native_root_processing_bound","L0.1.0.1.0.1.1.1",0.13968075620360912,0.13972944547488678,0.13968075620360912,0.19563620654901237,27,3,"gurobi_cb_mip_objbnd_valid_native_bound"
141.9066777588562,121.53198935885621,"native_root_processing_bound","L0.1.0.1.0.1.1.1",0.13968075620360912,0.13972944547488678,0.13968075620360912,0.19563620654901237,27,3,"gurobi_cb_mip_objbnd_valid_native_bound"
142.68967775122681,122.31498935122681,"native_root_processing_bound","L0.1.0.1.0.1.1.1",0.13984064185545253,0.13972944547488678,0.13972944547488678,0.19563620654901237,27,3,"gurobi_cb_mip_objbnd_valid_native_bound"
144.12467793242493,123.74998953242493,"native_root_processing_bound","L0.1.0.1.0.1.1.1",0.16693733358133989,0.13972944547488678,0.13972944547488678,0.19563620654901237,27,3,"gurobi_cb_mip_objbnd_valid_native_bound"
144.25367788092652,123.87898948092652,"native_root_processing_bound","L0.1.0.1.0.1.1.1",0.1694019641721399,0.13972944547488678,0.13972944547488678,0.19563620654901237,27,3,"gurobi_cb_mip_objbnd_valid_native_bound"
145.10767773406067,124.73298933406068,"native_root_processing_bound","L0.1.0.1.0.1.1.1",0.17433508564946443,0.13972944547488678,0.13972944547488678,0.19563620654901237,27,3,"gurobi_cb_mip_objbnd_valid_native_bound"
145.41167787329712,125.03698947329713,"native_root_processing_bound","L0.1.0.1.0.1.1.1",0.17489226000135025,0.13972944547488678,0.13972944547488678,0.19563620654901237,27,3,"gurobi_cb_mip_objbnd_valid_native_bound"
146.6696777703003,126.2949893703003,"native_root_processing_bound","L0.1.0.1.0.1.1.1",0.17947477589146243,0.13972944547488678,0.13972944547488678,0.19563620654901237,27,3,"gurobi_cb_mip_objbnd_valid_native_bound"
146.89967778937378,126.52498938937379,"native_root_processing_bound","L0.1.0.1.0.1.1.1",0.17975849580928882,0.13972944547488678,0.13972944547488678,0.19563620654901237,27,3,"gurobi_cb_mip_objbnd_valid_native_bound"
147.78767780081787,127.41298940081788,"native_root_processing_bound","L0.1.0.1.0.1.1.1",0.18163909874307776,0.13972944547488678,0.13972944547488678,0.19563620654901237,27,3,"gurobi_cb_mip_objbnd_valid_native_bound"
148.12067774550476,127.74598934550477,"native_root_processing_bound","L0.1.0.1.0.1.1.1",0.1820135744184416,0.13972944547488678,0.13972944547488678,0.19563620654901237,27,3,"gurobi_cb_mip_objbnd_valid_native_bound"
148.92167786376038,128.54698946376038,"native_root_processing_bound","L0.1.0.1.0.1.1.1",0.18352153055777298,0.13972944547488678,0.13972944547488678,0.19563620654901237,27,3,"gurobi_cb_mip_objbnd_valid_native_bound"
149.07267788664856,128.69798948664857,"native_root_processing_bound","L0.1.0.1.0.1.1.1",0.18365254340062825,0.13972944547488678,0.13972944547488678,0.19563620654901237,27,3,"gurobi_cb_mip_objbnd_valid_native_bound"
149.92967776076355,129.55498936076356,"native_root_processing_bound","L0.1.0.1.0.1.1.1",0.18435494715613612,0.13972944547488678,0.13972944547488678,0.19563620654901237,27,3,"gurobi_cb_mip_objbnd_valid_native_bound"
149.99367789046326,129.61898949046326,"native_root_processing_bound","L0.1.0.1.0.1.1.1",0.18477061545834847,0.13972944547488678,0.13972944547488678,0.19563620654901237,27,3,"gurobi_cb_mip_objbnd_valid_native_bound"
151.35367778555909,130.97898938555909,"native_root_processing_bound","L0.1.0.1.0.1.1.1",0.18486830179707844,0.13972944547488678,0.13972944547488678,0.19563620654901237,27,3,"gurobi_cb_mip_objbnd_valid_native_bound"
151.64267781989136,131.26798941989136,"native_root_processing_bound","L0.1.0.1.0.1.1.1",0.18505093472487813,0.13972944547488678,0.13972944547488678,0.19563620654901237,27,3,"gurobi_cb_mip_objbnd_valid_native_bound"
152.39467791335144,132.01998951335145,"native_root_processing_bound","L0.1.0.1.0.1.1.1",0.18520908202869663,0.13972944547488678,0.13972944547488678,0.19563620654901237,27,3,"gurobi_cb_mip_objbnd_valid_native_bound"
152.86967781798401,132.49498941798402,"native_root_processing_bound","L0.1.0.1.0.1.1.1",0.1853756520862182,0.13972944547488678,0.13972944547488678,0.19563620654901237,27,3,"gurobi_cb_mip_objbnd_valid_native_bound"
153.50967792288819,133.13498952288819,"native_root_processing_bound","L0.1.0.1.0.1.1.1",0.18553527264865127,0.13972944547488678,0.13972944547488678,0.19563620654901237,27,3,"gurobi_cb_mip_objbnd_valid_native_bound"
154.01767781989136,133.64298941989136,"native_root_processing_bound","L0.1.0.1.0.1.1.1",0.18557092532271627,0.13972944547488678,0.13972944547488678,0.19563620654901237,27,3,"gurobi_cb_mip_objbnd_valid_native_bound"
154.79367784277954,134.41898944277955,"native_root_processing_bound","L0.1.0.1.0.1.1.1",0.18566959471981817,0.13972944547488678,0.13972944547488678,0.19563620654901237,27,3,"gurobi_cb_mip_objbnd_valid_native_bound"
155.1786778332428,134.8039894332428,"native_root_processing_bound","L0.1.0.1.0.1.1.1",0.18572577714565464,0.13972944547488678,0.13972944547488678,0.19563620654901237,27,3,"gurobi_cb_mip_objbnd_valid_native_bound"
155.82967785613098,135.45498945613099,"native_root_processing_bound","L0.1.0.1.0.1.1.1",0.18577063450514211,0.13972944547488678,0.13972944547488678,0.19563620654901237,27,3,"gurobi_cb_mip_objbnd_valid_native_bound"
155.93467787520447,135.55998947520447,"native_root_processing_bound","L0.1.0.1.0.1.1.1",0.18581182936111565,0.13972944547488678,0.13972944547488678,0.19563620654901237,27,3,"gurobi_cb_mip_objbnd_valid_native_bound"
156.54367784277954,136.16898944277955,"native_root_processing_bound","L0.1.0.1.0.1.1.1",0.18585714322306618,0.13972944547488678,0.13972944547488678,0.19563620654901237,27,3,"gurobi_cb_mip_objbnd_valid_native_bound"
156.84467772261658,136.46998932261658,"native_root_processing_bound","L0.1.0.1.0.1.1.1",0.18587054151012886,0.13972944547488678,0.13972944547488678,0.19563620654901237,27,3,"gurobi_cb_mip_objbnd_valid_native_bound"
157.68867782370606,137.31398942370606,"native_root_processing_bound","L0.1.0.1.0.1.1.1",0.18591240504815745,0.13972944547488678,0.13972944547488678,0.19563620654901237,27,3,"gurobi_cb_mip_objbnd_valid_native_bound"
159.15067795531311,138.77598955531312,"native_root_processing_bound","L0.1.0.1.0.1.1.1",0.18591913628640497,0.13972944547488678,0.13972944547488678,0.19563620654901237,27,3,"gurobi_cb_mip_objbnd_valid_native_bound"
160.26367787138977,139.88898947138978,"terminal_mip_bound_improvement","L0.1.0.1.0.1.1.1",0.18789394658027728,0.13972944547488678,0.13972944547488678,0.19563620654901237,27,3,"gurobi_cb_mip_objbnd_valid_native_bound"
160.44367793814698,140.06898953814698,"terminal_mip_bound_improvement","L0.1.0.1.0.1.1.1",0.18789705783138189,0.13972944547488678,0.13972944547488678,0.19563620654901237,27,3,"gurobi_cb_mip_objbnd_valid_native_bound"
161.07167772070923,140.69698932070924,"terminal_mip_bound_improvement","L0.1.0.1.0.1.1.1",0.18799761045287328,0.13972944547488678,0.13972944547488678,0.19563620654901237,27,3,"gurobi_cb_mip_objbnd_valid_native_bound"
161.70167783515015,141.32698943515015,"terminal_mip_bound_improvement","L0.1.0.1.0.1.1.1",0.1915062287144205,0.13972944547488678,0.13972944547488678,0.19563620654901237,27,3,"gurobi_cb_mip_objbnd_valid_native_bound"
161.70667794959107,141.33198954959107,"terminal_mip_bound_improvement","L0.1.0.1.0.1.1.1",0.19162500827474963,0.13972944547488678,0.13972944547488678,0.19563620654901237,27,3,"gurobi_cb_mip_objbnd_valid_native_bound"
161.94467786566773,141.56998946566773,"terminal_mip_bound_improvement","L0.1.0.1.0.1.1.1",0.19208246868945533,0.13972944547488678,0.13972944547488678,0.19563620654901237,27,3,"gurobi_cb_mip_objbnd_valid_native_bound"
161.99767783896485,141.62298943896485,"terminal_mip_bound_improvement","L0.1.0.1.0.1.1.1",0.19266191224293233,0.13972944547488678,0.13972944547488678,0.19563620654901237,27,3,"gurobi_cb_mip_objbnd_valid_native_bound"
162.03567794577637,141.66098954577637,"terminal_mip_bound_improvement","L0.1.0.1.0.1.1.1",0.20289523619259567,0.13972944547488678,0.13972944547488678,0.19563620654901237,27,3,"gurobi_cb_mip_objbnd_valid_native_bound"
162.1086779,141.73398950000001,"terminal_mip_bound_improvement","L0.1.0.1.0.1.1.1",0.20355382532156185,0.13972944547488678,0.13972944547488678,0.19563620654901237,27,3,"gurobi_cb_mip_objbnd_valid_native_bound"
162.1243709,141.74968229999999,"infeasible_closure","L0.1.0.1.0.1.1.1",,0.13972944547488678,0.13972944547488678,0.19563620654901237,26,4,"native_terminal_mip_infeasible"
162.12497909999999,141.7502906,"split","L0.1.0.1.1.0",,0.13972944547488678,0.13972944547488678,0.19563620654901237,27,4,"c5_parent_native_target_reached_delayed_atomic_split"
162.44674449999999,142.072056,"child_lp_completion","L0.1.0.1.1.0.0.0",0.13972944547488678,0.13972944547488678,0.13972944547488678,0.19563620654901237,27,4,"complete_speculative_child_lp_optimal"
162.8262828,142.45159419999999,"child_lp_completion","L0.1.0.1.1.0.0.1",0.13972944547488678,0.13972944547488678,0.13972944547488678,0.19563620654901237,27,4,"complete_speculative_child_lp_optimal"
162.8263474,142.45165900000001,"declined_split","L0.1.0.1.1.0.0",0.13972944547488678,0.13972944547488678,0.13972944547488678,0.19563620654901237,27,4,"c5_no_strict_child_disjunction_gain"
163.03936662070922,142.66467832070924,"native_root_processing_bound","L0.1.0.1.1.0.0",0.13972944547488678,0.13972944547488678,0.13972944547488678,0.19563620654901237,27,4,"gurobi_cb_mip_objbnd_valid_native_bound"
163.31636680953673,142.94167850953676,"native_root_processing_bound","L0.1.0.1.1.0.0",0.13972944547488678,0.13972944547488678,0.13972944547488678,0.19563620654901237,27,4,"gurobi_cb_mip_objbnd_valid_native_bound"
163.98536671989135,143.61067841989137,"native_root_processing_bound","L0.1.0.1.1.0.0",0.13984080962400453,0.13972944547488678,0.13972944547488678,0.19563620654901237,27,4,"gurobi_cb_mip_objbnd_valid_native_bound"
165.19136680953673,144.81667850953676,"native_root_processing_bound","L0.1.0.1.1.0.0",0.14973997708829181,0.13972944547488678,0.13972944547488678,0.19563620654901237,27,4,"gurobi_cb_mip_objbnd_valid_native_bound"
165.45736684196166,145.08267854196168,"native_root_processing_bound","L0.1.0.1.1.0.0",0.15092364537824079,0.13972944547488678,0.13972944547488678,0.19563620654901237,27,4,"gurobi_cb_mip_objbnd_valid_native_bound"
166.48536671989135,146.11067841989137,"native_root_processing_bound","L0.1.0.1.1.0.0",0.17245696291624441,0.13972944547488678,0.13972944547488678,0.19563620654901237,27,4,"gurobi_cb_mip_objbnd_valid_native_bound"
166.54036678664855,146.16567848664857,"native_root_processing_bound","L0.1.0.1.1.0.0",0.1725436124758426,0.13972944547488678,0.13972944547488678,0.19563620654901237,27,4,"gurobi_cb_mip_objbnd_valid_native_bound"
166.75436677329711,146.37967847329713,"native_root_processing_bound","L0.1.0.1.1.0.0",0.17312315675054574,0.13972944547488678,0.13972944547488678,0.19563620654901237,27,4,"gurobi_cb_mip_objbnd_valid_native_bound"
167.58836664550475,147.21367834550477,"native_root_processing_bound","L0.1.0.1.1.0.0",0.17567078571722261,0.13972944547488678,0.13972944547488678,0.19563620654901237,27,4,"gurobi_cb_mip_objbnd_valid_native_bound"
167.64936675422362,147.27467845422365,"native_root_processing_bound","L0.1.0.1.1.0.0",0.17592213664290193,0.13972944547488678,0.13972944547488678,0.19563620654901237,27,4,"gurobi_cb_mip_objbnd_valid_native_bound"
168.00336684577636,147.62867854577638,"native_root_processing_bound","L0.1.0.1.1.0.0",0.17666994101119993,0.13972944547488678,0.13972944547488678,0.19563620654901237,27,4,"gurobi_cb_mip_objbnd_valid_native_bound"
169.1663667141693,148.79167841416933,"native_root_processing_bound","L0.1.0.1.1.0.0",0.18029414484653572,0.13972944547488678,0.13972944547488678,0.19563620654901237,27,4,"gurobi_cb_mip_objbnd_valid_native_bound"
169.52036680572203,149.14567850572206,"native_root_processing_bound","L0.1.0.1.1.0.0",0.1807266405438592,0.13972944547488678,0.13972944547488678,0.19563620654901237,27,4,"gurobi_cb_mip_objbnd_valid_native_bound"
170.17636670463256,149.80167840463258,"native_root_processing_bound","L0.1.0.1.1.0.0",0.1822735946131275,0.13972944547488678,0.13972944547488678,0.19563620654901237,27,4,"gurobi_cb_mip_objbnd_valid_native_bound"
170.41436662070922,150.03967832070924,"native_root_processing_bound","L0.1.0.1.1.0.0",0.18239831093468939,0.13972944547488678,0.13972944547488678,0.19563620654901237,27,4,"gurobi_cb_mip_objbnd_valid_native_bound"
171.19936670653991,150.82467840653993,"native_root_processing_bound","L0.1.0.1.1.0.0",0.1828486669619902,0.13972944547488678,0.13972944547488678,0.19563620654901237,27,4,"gurobi_cb_mip_objbnd_valid_native_bound"
171.68736662261657,151.31267832261659,"native_root_processing_bound","L0.1.0.1.1.0.0",0.18291788567099049,0.13972944547488678,0.13972944547488678,0.19563620654901237,27,4,"gurobi_cb_mip_objbnd_valid_native_bound"
172.7213667809265,152.34667848092653,"native_root_processing_bound","L0.1.0.1.1.0.0",0.18335947996674695,0.13972944547488678,0.13972944547488678,0.19563620654901237,27,4,"gurobi_cb_mip_objbnd_valid_native_bound"
173.19936670653991,152.82467840653993,"native_root_processing_bound","L0.1.0.1.1.0.0",0.1835536392251729,0.13972944547488678,0.13972944547488678,0.19563620654901237,27,4,"gurobi_cb_mip_objbnd_valid_native_bound"
174.19536675803832,153.82067845803834,"native_root_processing_bound","L0.1.0.1.1.0.0",0.18383091650711955,0.13972944547488678,0.13972944547488678,0.19563620654901237,27,4,"gurobi_cb_mip_objbnd_valid_native_bound"
174.24636663787535,153.87167833787538,"native_root_processing_bound","L0.1.0.1.1.0.0",0.18388172083539442,0.13972944547488678,0.13972944547488678,0.19563620654901237,27,4,"gurobi_cb_mip_objbnd_valid_native_bound"
174.64836682670287,154.27367852670289,"native_root_processing_bound","L0.1.0.1.1.0.0",0.18403828700173236,0.13972944547488678,0.13972944547488678,0.19563620654901237,27,4,"gurobi_cb_mip_objbnd_valid_native_bound"
175.64636673324279,155.27167843324281,"native_root_processing_bound","L0.1.0.1.1.0.0",0.18416878474135068,0.13972944547488678,0.13972944547488678,0.19563620654901237,27,4,"gurobi_cb_mip_objbnd_valid_native_bound"
175.96836675994567,155.59367845994569,"native_root_processing_bound","L0.1.0.1.1.0.0",0.18420969822948327,0.13972944547488678,0.13972944547488678,0.19563620654901237,27,4,"gurobi_cb_mip_objbnd_valid_native_bound"
176.86436666839293,156.48967836839296,"native_root_processing_bound","L0.1.0.1.1.0.0",0.18427123192221911,0.13972944547488678,0.13972944547488678,0.19563620654901237,27,4,"gurobi_cb_mip_objbnd_valid_native_bound"
177.462366717984,157.08767841798402,"native_root_processing_bound","L0.1.0.1.1.0.0",0.18429990441579569,0.13972944547488678,0.13972944547488678,0.19563620654901237,27,4,"gurobi_cb_mip_objbnd_valid_native_bound"
178.37536682479552,158.00067852479555,"native_root_processing_bound","L0.1.0.1.1.0.0",0.18438376701643583,0.13972944547488678,0.13972944547488678,0.19563620654901237,27,4,"gurobi_cb_mip_objbnd_valid_native_bound"
178.78136672370604,158.40667842370607,"native_root_processing_bound","L0.1.0.1.1.0.0",0.1843997490481217,0.13972944547488678,0.13972944547488678,0.19563620654901237,27,4,"gurobi_cb_mip_objbnd_valid_native_bound"
179.74436678283385,159.36967848283388,"native_root_processing_bound","L0.1.0.1.1.0.0",0.18443512975315013,0.13972944547488678,0.13972944547488678,0.19563620654901237,27,4,"gurobi_cb_mip_objbnd_valid_native_bound"
181.01536669128112,160.64067839128114,"native_root_processing_bound","L0.1.0.1.1.0.0",0.18448427782151422,0.13972944547488678,0.13972944547488678,0.19563620654901237,27,4,"gurobi_cb_mip_objbnd_valid_native_bound"
181.0963667809265,160.72167848092653,"native_root_processing_bound","L0.1.0.1.1.0.0",0.18452831607017484,0.13972944547488678,0.13972944547488678,0.19563620654901237,27,4,"gurobi_cb_mip_objbnd_valid_native_bound"
181.71936668746642,161.34467838746644,"native_root_processing_bound","L0.1.0.1.1.0.0",0.18457326891326464,0.13972944547488678,0.13972944547488678,0.19563620654901237,27,4,"gurobi_cb_mip_objbnd_valid_native_bound"
183.23336662643126,162.85867832643129,"native_root_processing_bound","L0.1.0.1.1.0.0",0.18457387767174349,0.13972944547488678,0.13972944547488678,0.19563620654901237,27,4,"gurobi_cb_mip_objbnd_valid_native_bound"
184.686936,164.31224739999999,"infeasible_closure","L0.1.0.1.1.0.0",,0.13972944547488678,0.13972944547488678,0.19563620654901237,26,5,"native_terminal_mip_infeasible"
185.060025,164.6853366,"child_lp_completion","L0.1.0.1.1.0.1.0",0.13972944547488678,0.13972944547488678,0.13972944547488678,0.19563620654901237,26,5,"complete_speculative_child_lp_optimal"
185.4585524,165.08386379999999,"child_lp_completion","L0.1.0.1.1.0.1.1",0.13972944547488678,0.13972944547488678,0.13972944547488678,0.19563620654901237,26,5,"complete_speculative_child_lp_optimal"
185.45861590000001,165.08392749999999,"declined_split","L0.1.0.1.1.0.1",0.13972944547488678,0.13973390459727561,0.13972944547488678,0.19563620654901237,26,5,"c5_no_strict_child_disjunction_gain"
185.68563569809265,165.31094739809265,"native_root_processing_bound","L0.1.0.1.1.0.1",0.13972944547488678,0.13973390459727561,0.13972944547488678,0.19563620654901237,26,5,"gurobi_cb_mip_objbnd_valid_native_bound"
186.01763571525879,165.64294741525879,"native_root_processing_bound","L0.1.0.1.1.0.1",0.13972944547488678,0.13973390459727561,0.13972944547488678,0.19563620654901237,26,5,"gurobi_cb_mip_objbnd_valid_native_bound"
186.64563573623963,166.27094743623962,"native_root_processing_bound","L0.1.0.1.1.0.1",0.14000068117785627,0.13973390459727561,0.13973390459727561,0.19563620654901237,26,5,"gurobi_cb_mip_objbnd_valid_native_bound"
187.85263575340576,167.47794745340576,"native_root_processing_bound","L0.1.0.1.1.0.1",0.14773296756268592,0.13973390459727561,0.13973390459727561,0.19563620654901237,26,5,"gurobi_cb_mip_objbnd_valid_native_bound"
188.1516357782013,167.77694747820129,"native_root_processing_bound","L0.1.0.1.1.0.1",0.14897752430199115,0.13973390459727561,0.13973390459727561,0.19563620654901237,26,5,"gurobi_cb_mip_objbnd_valid_native_bound"
189.12663568283386,168.75194738283386,"native_root_processing_bound","L0.1.0.1.1.0.1",0.16900246192662161,0.13973390459727561,0.13973390459727561,0.19563620654901237,26,5,"gurobi_cb_mip_objbnd_valid_native_bound"
189.18263567711182,168.80794737711182,"native_root_processing_bound","L0.1.0.1.1.0.1",0.16962319843615289,0.13973390459727561,0.13973390459727561,0.19563620654901237,26,5,"gurobi_cb_mip_objbnd_valid_native_bound"
189.3096357705719,168.9349474705719,"native_root_processing_bound","L0.1.0.1.1.0.1",0.16997757175452799,0.13973390459727561,0.13973390459727561,0.19563620654901237,26,5,"gurobi_cb_mip_objbnd_valid_native_bound"
190.24763573433228,169.87294743433227,"native_root_processing_bound","L0.1.0.1.1.0.1",0.1739577864642152,0.13973390459727561,0.13973390459727561,0.19563620654901237,26,5,"gurobi_cb_mip_objbnd_valid_native_bound"
190.30463565613098,169.92994735613098,"native_root_processing_bound","L0.1.0.1.1.0.1",0.17408838072306024,0.13973390459727561,0.13973390459727561,0.19563620654901237,26,5,"gurobi_cb_mip_objbnd_valid_native_bound"
190.44163574005432,170.06694744005432,"native_root_processing_bound","L0.1.0.1.1.0.1",0.17499088108294092,0.13973390459727561,0.13973390459727561,0.19563620654901237,26,5,"gurobi_cb_mip_objbnd_valid_native_bound"
191.39763582969971,171.02294752969971,"native_root_processing_bound","L0.1.0.1.1.0.1",0.17880710542788714,0.13973390459727561,0.13973390459727561,0.19563620654901237,26,5,"gurobi_cb_mip_objbnd_valid_native_bound"
191.65863574768372,171.28394744768372,"native_root_processing_bound","L0.1.0.1.1.0.1",0.17935014895089807,0.13973390459727561,0.13973390459727561,0.19563620654901237,26,5,"gurobi_cb_mip_objbnd_valid_native_bound"
192.5506357076294,172.17594740762939,"native_root_processing_bound","L0.1.0.1.1.0.1",0.1801819851480507,0.13973390459727561,0.13973390459727561,0.19563620654901237,26,5,"gurobi_cb_mip_objbnd_valid_native_bound"
192.90563572670288,172.53094742670288,"native_root_processing_bound","L0.1.0.1.1.0.1",0.1804486544382144,0.13973390459727561,0.13973390459727561,0.19563620654901237,26,5,"gurobi_cb_mip_objbnd_valid_native_bound"
193.73663581634827,173.36194751634827,"native_root_processing_bound","L0.1.0.1.1.0.1",0.18106429148056544,0.13973390459727561,0.13973390459727561,0.19563620654901237,26,5,"gurobi_cb_mip_objbnd_valid_native_bound"
194.0596357705719,173.6849474705719,"native_root_processing_bound","L0.1.0.1.1.0.1",0.18133695478579204,0.13973390459727561,0.13973390459727561,0.19563620654901237,26,5,"gurobi_cb_mip_objbnd_valid_native_bound"
194.8006357076294,174.42594740762939,"native_root_processing_bound","L0.1.0.1.1.0.1",0.18174077961070656,0.13973390459727561,0.13973390459727561,0.19563620654901237,26,5,"gurobi_cb_mip_objbnd_valid_native_bound"
195.01563562179871,174.64094732179871,"native_root_processing_bound","L0.1.0.1.1.0.1",0.18184196935673777,0.13973390459727561,0.13973390459727561,0.19563620654901237,26,5,"gurobi_cb_mip_objbnd_valid_native_bound"
195.71263564850159,175.33794734850159,"native_root_processing_bound","L0.1.0.1.1.0.1",0.18216596532017476,0.13973390459727561,0.13973390459727561,0.19563620654901237,26,5,"gurobi_cb_mip_objbnd_valid_native_bound"
196.02963579918213,175.65494749918213,"native_root_processing_bound","L0.1.0.1.1.0.1",0.18217789612228932,0.13973390459727561,0.13973390459727561,0.19563620654901237,26,5,"gurobi_cb_mip_objbnd_valid_native_bound"
196.86563576484986,176.49094746484985,"native_root_processing_bound","L0.1.0.1.1.0.1",0.18236792243126246,0.13973390459727561,0.13973390459727561,0.19563620654901237,26,5,"gurobi_cb_mip_objbnd_valid_native_bound"
197.46763576294251,177.0929474629425,"native_root_processing_bound","L0.1.0.1.1.0.1",0.18238117918011498,0.13973390459727561,0.13973390459727561,0.19563620654901237,26,5,"gurobi_cb_mip_objbnd_valid_native_bound"
198.10463584686585,177.72994754686584,"native_root_processing_bound","L0.1.0.1.1.0.1",0.18243624057022439,0.13973390459727561,0.13973390459727561,0.19563620654901237,26,5,"gurobi_cb_mip_objbnd_valid_native_bound"
198.54963578010864,178.17494748010864,"native_root_processing_bound","L0.1.0.1.1.0.1",0.18246369456974307,0.13973390459727561,0.13973390459727561,0.19563620654901237,26,5,"gurobi_cb_mip_objbnd_valid_native_bound"
199.14963568474121,178.77494738474121,"native_root_processing_bound","L0.1.0.1.1.0.1",0.18249136307439881,0.13973390459727561,0.13973390459727561,0.19563620654901237,26,5,"gurobi_cb_mip_objbnd_valid_native_bound"
199.38963569427796,179.01494739427795,"native_root_processing_bound","L0.1.0.1.1.0.1",0.18249137807107146,0.13973390459727561,0.13973390459727561,0.19563620654901237,26,5,"gurobi_cb_mip_objbnd_valid_native_bound"
200.92363561416931,180.54894731416931,"native_root_processing_bound","L0.1.0.1.1.0.1",0.18249313283587831,0.13973390459727561,0.13973390459727561,0.19563620654901237,26,5,"gurobi_cb_mip_objbnd_valid_native_bound"
201.87663568283386,181.50194738283386,"terminal_mip_bound_improvement","L0.1.0.1.1.0.1",0.18271739050147828,0.13973390459727561,0.13973390459727561,0.19563620654901237,26,5,"gurobi_cb_mip_objbnd_valid_native_bound"
201.8927793,181.51809069999999,"infeasible_closure","L0.1.0.1.1.0.1",,0.13973390459727561,0.13973390459727561,0.19563620654901237,25,6,"native_terminal_mip_infeasible"
202.36480510000001,181.99011659999999,"child_lp_completion","L1.0.0.0",0.14095649030575239,0.13973390459727561,0.13973390459727561,0.19563620654901237,25,6,"complete_speculative_child_lp_optimal"
202.8745261,182.49983760000001,"child_lp_completion","L1.0.0.1",0.14370479613519066,0.13973390459727561,0.13973390459727561,0.19563620654901237,25,6,"complete_speculative_child_lp_optimal"
202.87459419999999,182.49990579999999,"split","L1.0.0",,0.1397861970091917,0.1397861970091917,0.19563620654901237,26,6,"c5_immediate_atomic_split"
202.8766747,182.5019862,"split","L0.1.1.0.0.0.1",,0.1397861970091917,0.1397861970091917,0.19563620654901237,27,6,"c5_parent_native_target_reached_delayed_atomic_split"
203.25271739999999,182.8780289,"child_lp_completion","L0.1.1.0.0.0.1.0.0",0.13982865993540636,0.1397861970091917,0.1397861970091917,0.19563620654901237,27,6,"complete_speculative_child_lp_optimal"
203.6904212,183.31573270000001,"child_lp_completion","L0.1.1.0.0.0.1.0.1",0.13983895026112048,0.1397861970091917,0.1397861970091917,0.19563620654901237,27,6,"complete_speculative_child_lp_optimal"
203.93846130653992,183.56377290653992,"native_root_processing_bound","L0.1.1.0.0.0.1.0",0.1397861970091917,0.1397861970091917,0.1397861970091917,0.19563620654901237,27,6,"gurobi_cb_mip_objbnd_valid_native_bound"
204.41346121117249,184.03877281117249,"partial_native_bound_target","L0.1.1.0.0.0.1.0",0.13984710960974936,0.1397861970091917,0.1397861970091917,0.19563620654901237,27,6,"gurobi_cb_mip_objbnd_valid_native_bound"
204.42532320000001,184.0506345,"partial_native_bound_target","L0.1.1.0.0.0.1.0",0.13984710960974936,0.1397861970091917,0.1397861970091917,0.19563620654901237,27,6,"c5_target_reached_parent_requeued_before_split"
204.81734689999999,184.4426584,"child_lp_completion","L0.1.1.0.0.0.1.1.0",0.13984919089201553,0.1397861970091917,0.1397861970091917,0.19563620654901237,27,6,"complete_speculative_child_lp_optimal"
205.21004310000001,184.83535449999999,"child_lp_completion","L0.1.1.0.0.0.1.1.1",0.13985938180759505,0.1397861970091917,0.1397861970091917,0.19563620654901237,27,6,"complete_speculative_child_lp_optimal"
205.4380819256134,185.06339352561341,"native_root_processing_bound","L0.1.1.0.0.0.1.1",0.1397861970091917,0.13983359037217039,0.1397861970091917,0.19563620654901237,27,6,"gurobi_cb_mip_objbnd_valid_native_bound"
205.88008183787537,185.50539343787537,"partial_native_bound_target","L0.1.1.0.0.0.1.1",0.13993316302800116,0.13983359037217039,0.13983359037217039,0.19563620654901237,27,6,"gurobi_cb_mip_objbnd_valid_native_bound"
205.89226579999999,185.51757710000001,"partial_native_bound_target","L0.1.1.0.0.0.1.1",0.13993316302800121,0.13983359037217039,0.13983359037217039,0.19563620654901237,27,6,"c5_target_reached_parent_requeued_before_split"
205.8926855,185.51799700000001,"split","L0.1.1.0.0.1",,0.13983359037217039,0.13983359037217039,0.19563620654901237,28,6,"c5_parent_native_target_reached_delayed_atomic_split"
206.31353759999999,185.93884890000001,"child_lp_completion","L0.1.1.0.0.1.0.0",0.13983359037217039,0.13983359037217039,0.13983359037217039,0.19563620654901237,28,6,"complete_speculative_child_lp_optimal"
206.86815870000001,186.4934701,"child_lp_completion","L0.1.1.0.0.1.0.1",0.13983359037217039,0.13983359037217039,0.13983359037217039,0.19563620654901237,28,6,"complete_speculative_child_lp_optimal"
206.86822739999999,186.4935389,"declined_split","L0.1.1.0.0.1.0",0.13983359037217039,0.13983359037217039,0.13983359037217039,0.19563620654901237,28,6,"c5_no_strict_child_disjunction_gain"
207.08024609318846,186.70555769318847,"native_root_processing_bound","L0.1.1.0.0.1.0",0.13983359037217039,0.13983359037217039,0.13983359037217039,0.19563620654901237,28,6,"gurobi_cb_mip_objbnd_valid_native_bound"
207.56524622670287,187.19055782670287,"native_root_processing_bound","L0.1.1.0.0.1.0",0.13994482989583606,0.13983359037217039,0.13983359037217039,0.19563620654901237,28,6,"gurobi_cb_mip_objbnd_valid_native_bound"
207.99624622098082,187.62155782098083,"native_root_processing_bound","L0.1.1.0.0.1.0",0.1407353046292498,0.13983359037217039,0.13983359037217039,0.19563620654901237,28,6,"gurobi_cb_mip_objbnd_valid_native_bound"
209.3572460435974,188.9825576435974,"native_root_processing_bound","L0.1.1.0.0.1.0",0.14811330484718921,0.13983359037217039,0.13983359037217039,0.19563620654901237,28,6,"gurobi_cb_mip_objbnd_valid_native_bound"
209.64124620190734,189.26655780190734,"native_root_processing_bound","L0.1.1.0.0.1.0",0.14873683661243081,0.13983359037217039,0.13983359037217039,0.19563620654901237,28,6,"gurobi_cb_mip_objbnd_valid_native_bound"
210.77124607792967,190.39655767792968,"native_root_processing_bound","L0.1.1.0.0.1.0",0.16469369721666408,0.13983359037217039,0.13983359037217039,0.19563620654901237,28,6,"gurobi_cb_mip_objbnd_valid_native_bound"
211.00924623242491,190.63455783242492,"native_root_processing_bound","L0.1.1.0.0.1.0",0.16592524626273875,0.13983359037217039,0.13983359037217039,0.19563620654901237,28,6,"gurobi_cb_mip_objbnd_valid_native_bound"
211.99524605504149,191.62055765504149,"native_root_processing_bound","L0.1.1.0.0.1.0",0.16893913829931717,0.13983359037217039,0.13983359037217039,0.19563620654901237,28,6,"gurobi_cb_mip_objbnd_valid_native_bound"
212.04224622479552,191.66755782479552,"native_root_processing_bound","L0.1.1.0.0.1.0",0.16899680873222228,0.13983359037217039,0.13983359037217039,0.19563620654901237,28,6,"gurobi_cb_mip_objbnd_valid_native_bound"
212.14824617138976,191.77355777138976,"native_root_processing_bound","L0.1.1.0.0.1.0",0.16999189181478006,0.13983359037217039,0.13983359037217039,0.19563620654901237,28,6,"gurobi_cb_mip_objbnd_valid_native_bound"
213.17524612179869,192.8005577217987,"native_root_processing_bound","L0.1.1.0.0.1.0",0.17307153035201606,0.13983359037217039,0.13983359037217039,0.19563620654901237,28,6,"gurobi_cb_mip_objbnd_valid_native_bound"
213.38624608746642,193.01155768746642,"native_root_processing_bound","L0.1.1.0.0.1.0",0.17326544207245742,0.13983359037217039,0.13983359037217039,0.19563620654901237,28,6,"gurobi_cb_mip_objbnd_valid_native_bound"
214.25124609700316,193.87655769700316,"native_root_processing_bound","L0.1.1.0.0.1.0",0.17362850430357149,0.13983359037217039,0.13983359037217039,0.19563620654901237,28,6,"gurobi_cb_mip_objbnd_valid_native_bound"
214.34724605313414,193.97255765313415,"native_root_processing_bound","L0.1.1.0.0.1.0",0.17369219697408569,0.13983359037217039,0.13983359037217039,0.19563620654901237,28,6,"gurobi_cb_mip_objbnd_valid_native_bound"
215.33424604169005,194.95955764169005,"native_root_processing_bound","L0.1.1.0.0.1.0",0.17421053955169219,0.13983359037217039,0.13983359037217039,0.19563620654901237,28,6,"gurobi_cb_mip_objbnd_valid_native_bound"
215.66124618283385,195.28655778283385,"native_root_processing_bound","L0.1.1.0.0.1.0",0.17437483304067733,0.13983359037217039,0.13983359037217039,0.19563620654901237,28,6,"gurobi_cb_mip_objbnd_valid_native_bound"
216.37224614850157,195.99755774850158,"native_root_processing_bound","L0.1.1.0.0.1.0",0.17459719965853607,0.13983359037217039,0.13983359037217039,0.19563620654901237,28,6,"gurobi_cb_mip_objbnd_valid_native_bound"
216.63524615994567,196.26055775994567,"native_root_processing_bound","L0.1.1.0.0.1.0",0.17471422497070124,0.13983359037217039,0.13983359037217039,0.19563620654901237,28,6,"gurobi_cb_mip_objbnd_valid_native_bound"
217.20724618664855,196.83255778664855,"native_root_processing_bound","L0.1.1.0.0.1.0",0.1748208389558259,0.13983359037217039,0.13983359037217039,0.19563620654901237,28,6,"gurobi_cb_mip_objbnd_valid_native_bound"
217.55524623623961,197.18055783623961,"native_root_processing_bound","L0.1.1.0.0.1.0",0.17486089275681174,0.13983359037217039,0.13983359037217039,0.19563620654901237,28,6,"gurobi_cb_mip_objbnd_valid_native_bound"
218.39324605694884,198.01855765694884,"native_root_processing_bound","L0.1.1.0.0.1.0",0.17501382088809014,0.13983359037217039,0.13983359037217039,0.19563620654901237,28,6,"gurobi_cb_mip_objbnd_valid_native_bound"
218.58524620762938,198.21055780762939,"native_root_processing_bound","L0.1.1.0.0.1.0",0.17503775999902355,0.13983359037217039,0.13983359037217039,0.19563620654901237,28,6,"gurobi_cb_mip_objbnd_valid_native_bound"
219.40024626484984,199.02555786484984,"native_root_processing_bound","L0.1.1.0.0.1.0",0.17516560910948523,0.13983359037217039,0.13983359037217039,0.19563620654901237,28,6,"gurobi_cb_mip_objbnd_valid_native_bound"
219.69024622670287,199.31555782670287,"native_root_processing_bound","L0.1.1.0.0.1.0",0.17518425639294943,0.13983359037217039,0.13983359037217039,0.19563620654901237,28,6,"gurobi_cb_mip_objbnd_valid_native_bound"
220.66624605885619,200.29155765885619,"native_root_processing_bound","L0.1.1.0.0.1.0",0.17522921774297115,0.13983359037217039,0.13983359037217039,0.19563620654901237,28,6,"gurobi_cb_mip_objbnd_valid_native_bound"
220.82124603024596,200.44655763024596,"native_root_processing_bound","L0.1.1.0.0.1.0",0.17526059304747499,0.13983359037217039,0.13983359037217039,0.19563620654901237,28,6,"gurobi_cb_mip_objbnd_valid_native_bound"
221.65024626484984,201.27555786484984,"native_root_processing_bound","L0.1.1.0.0.1.0",0.17534802976499192,0.13983359037217039,0.13983359037217039,0.19563620654901237,28,6,"gurobi_cb_mip_objbnd_valid_native_bound"
221.79524624577635,201.42055784577636,"native_root_processing_bound","L0.1.1.0.0.1.0",0.17537067467977671,0.13983359037217039,0.13983359037217039,0.19563620654901237,28,6,"gurobi_cb_mip_objbnd_valid_native_bound"
222.64424622288817,202.26955782288817,"native_root_processing_bound","L0.1.1.0.0.1.0",0.17543105169834164,0.13983359037217039,0.13983359037217039,0.19563620654901237,28,6,"gurobi_cb_mip_objbnd_valid_native_bound"
222.71524608365172,202.34055768365172,"native_root_processing_bound","L0.1.1.0.0.1.0",0.17543105683311219,0.13983359037217039,0.13983359037217039,0.19563620654901237,28,6,"gurobi_cb_mip_objbnd_valid_native_bound"
222.90224611989134,202.52755771989135,"native_root_processing_bound","L0.1.1.0.0.1.0",0.17546476319612803,0.13983359037217039,0.13983359037217039,0.19563620654901237,28,6,"gurobi_cb_mip_objbnd_valid_native_bound"
224.90524614087218,204.53055774087218,"native_root_processing_bound","L0.1.1.0.0.1.0",0.17549744823401811,0.13983359037217039,0.13983359037217039,0.19563620654901237,28,6,"gurobi_cb_mip_objbnd_valid_native_bound"
227.52124607792967,207.14655767792968,"native_root_processing_bound","L0.1.1.0.0.1.0",0.17550030000125005,0.13983359037217039,0.13983359037217039,0.19563620654901237,28,6,"gurobi_cb_mip_objbnd_valid_native_bound"
228.94524610272521,208.57055770272521,"terminal_mip_bound_improvement","L0.1.1.0.0.1.0",0.17577575494827755,0.13983359037217039,0.13983359037217039,0.19563620654901237,28,6,"gurobi_cb_mip_objbnd_valid_native_bound"
234.52724611989134,214.15255771989135,"terminal_mip_bound_improvement","L0.1.1.0.0.1.0",0.17764174994327095,0.13983359037217039,0.13983359037217039,0.19563620654901237,28,6,"gurobi_cb_mip_objbnd_valid_native_bound"
235.55324614277953,215.17855774277953,"terminal_mip_bound_improvement","L0.1.1.0.0.1.0",0.17765700723722097,0.13983359037217039,0.13983359037217039,0.19563620654901237,28,6,"gurobi_cb_mip_objbnd_valid_native_bound"
235.62624609700316,215.25155769700316,"terminal_mip_bound_improvement","L0.1.1.0.0.1.0",0.17765736920948355,0.13983359037217039,0.13983359037217039,0.19563620654901237,28,6,"gurobi_cb_mip_objbnd_valid_native_bound"
237.75124609700316,217.37655769700316,"terminal_mip_bound_improvement","L0.1.1.0.0.1.0",0.17771830965534352,0.13983359037217039,0.13983359037217039,0.19563620654901237,28,6,"gurobi_cb_mip_objbnd_valid_native_bound"
243.33224618664855,222.95755778664855,"terminal_mip_bound_improvement","L0.1.1.0.0.1.0",0.17773208210641148,0.13983359037217039,0.13983359037217039,0.19563620654901237,28,6,"gurobi_cb_mip_objbnd_valid_native_bound"
243.56224620572203,223.18755780572204,"terminal_mip_bound_improvement","L0.1.1.0.0.1.0",0.17809316242155346,0.13983359037217039,0.13983359037217039,0.19563620654901237,28,6,"gurobi_cb_mip_objbnd_valid_native_bound"
259.02724611989134,238.65255771989135,"terminal_mip_bound_improvement","L0.1.1.0.0.1.0",0.17810156586681442,0.13983359037217039,0.13983359037217039,0.19563620654901237,28,6,"gurobi_cb_mip_objbnd_valid_native_bound"
259.11224615803832,238.73755775803832,"terminal_mip_bound_improvement","L0.1.1.0.0.1.0",0.17897769099684552,0.13983359037217039,0.13983359037217039,0.19563620654901237,28,6,"gurobi_cb_mip_objbnd_valid_native_bound"
260.2852462553131,239.9105578553131,"terminal_mip_bound_improvement","L0.1.1.0.0.1.0",0.17908027452795997,0.13983359037217039,0.13983359037217039,0.19563620654901237,28,6,"gurobi_cb_mip_objbnd_valid_native_bound"
261.10424626103514,240.72955786103515,"terminal_mip_bound_improvement","L0.1.1.0.0.1.0",0.17920196849139008,0.13983359037217039,0.13983359037217039,0.19563620654901237,28,6,"gurobi_cb_mip_objbnd_valid_native_bound"
261.32224619618529,240.94755779618529,"terminal_mip_bound_improvement","L0.1.1.0.0.1.0",0.18005467450116253,0.13983359037217039,0.13983359037217039,0.19563620654901237,28,6,"gurobi_cb_mip_objbnd_valid_native_bound"
261.60424626103514,241.22955786103515,"terminal_mip_bound_improvement","L0.1.1.0.0.1.0",0.18017484667165423,0.13983359037217039,0.13983359037217039,0.19563620654901237,28,6,"gurobi_cb_mip_objbnd_valid_native_bound"
261.64324605694884,241.26855765694884,"terminal_mip_bound_improvement","L0.1.1.0.0.1.0",0.18024848721303854,0.13983359037217039,0.13983359037217039,0.19563620654901237,28,6,"gurobi_cb_mip_objbnd_valid_native_bound"
262.16624605885619,241.79155765885619,"terminal_mip_bound_improvement","L0.1.1.0.0.1.0",0.18039985414404217,0.13983359037217039,0.13983359037217039,0.19563620654901237,28,6,"gurobi_cb_mip_objbnd_valid_native_bound"
262.37724626294249,242.0025578629425,"terminal_mip_bound_improvement","L0.1.1.0.0.1.0",0.18061118017797692,0.13983359037217039,0.13983359037217039,0.19563620654901237,28,6,"gurobi_cb_mip_objbnd_valid_native_bound"
262.60324609509581,242.22855769509582,"terminal_mip_bound_improvement","L0.1.1.0.0.1.0",0.1808685128443866,0.13983359037217039,0.13983359037217039,0.19563620654901237,28,6,"gurobi_cb_mip_objbnd_valid_native_bound"
262.94624603024596,242.57155763024596,"terminal_mip_bound_improvement","L0.1.1.0.0.1.0",0.18127902209417088,0.13983359037217039,0.13983359037217039,0.19563620654901237,28,6,"gurobi_cb_mip_objbnd_valid_native_bound"
263.68524611226195,243.31055771226195,"terminal_mip_bound_improvement","L0.1.1.0.0.1.0",0.18290475180929675,0.13983359037217039,0.13983359037217039,0.19563620654901237,28,6,"gurobi_cb_mip_objbnd_valid_native_bound"
263.73324620953673,243.35855780953673,"terminal_mip_bound_improvement","L0.1.1.0.0.1.0",0.18337701274419971,0.13983359037217039,0.13983359037217039,0.19563620654901237,28,6,"gurobi_cb_mip_objbnd_valid_native_bound"
263.80624616376036,243.43155776376037,"terminal_mip_bound_improvement","L0.1.1.0.0.1.0",0.18353799763130738,0.13983359037217039,0.13983359037217039,0.19563620654901237,28,6,"gurobi_cb_mip_objbnd_valid_native_bound"
264.11324608555907,243.73855768555907,"terminal_mip_bound_improvement","L0.1.1.0.0.1.0",0.18487803294097258,0.13983359037217039,0.13983359037217039,0.19563620654901237,28,6,"gurobi_cb_mip_objbnd_valid_native_bound"
264.40024626484984,244.02555786484984,"terminal_mip_bound_improvement","L0.1.1.0.0.1.0",0.18591582459674819,0.13983359037217039,0.13983359037217039,0.19563620654901237,28,6,"gurobi_cb_mip_objbnd_valid_native_bound"
264.57424605122679,244.1995576512268,"terminal_mip_bound_improvement","L0.1.1.0.0.1.0",0.18788724435469378,0.13983359037217039,0.13983359037217039,0.19563620654901237,28,6,"gurobi_cb_mip_objbnd_valid_native_bound"
264.640246035968,244.26555763596801,"terminal_mip_bound_improvement","L0.1.1.0.0.1.0",0.18811770359462157,0.13983359037217039,0.13983359037217039,0.19563620654901237,28,6,"gurobi_cb_mip_objbnd_valid_native_bound"
264.89824617138976,244.52355777138976,"terminal_mip_bound_improvement","L0.1.1.0.0.1.0",0.18866721493271837,0.13983359037217039,0.13983359037217039,0.19563620654901237,28,6,"gurobi_cb_mip_objbnd_valid_native_bound"
264.95224607220763,244.57755767220763,"terminal_mip_bound_improvement","L0.1.1.0.0.1.0",0.19109875998944723,0.13983359037217039,0.13983359037217039,0.19563620654901237,28,6,"gurobi_cb_mip_objbnd_valid_native_bound"
265.11224615803832,244.73755775803832,"terminal_mip_bound_improvement","L0.1.1.0.0.1.0",0.19129149701612194,0.13983359037217039,0.13983359037217039,0.19563620654901237,28,6,"gurobi_cb_mip_objbnd_valid_native_bound"
265.1622461103546,244.7875577103546,"terminal_mip_bound_improvement","L0.1.1.0.0.1.0",0.19293054227359901,0.13983359037217039,0.13983359037217039,0.19563620654901237,28,6,"gurobi_cb_mip_objbnd_valid_native_bound"
265.18824613324279,244.81355773324279,"terminal_mip_bound_improvement","L0.1.1.0.0.1.0",0.19298649989494768,0.13983359037217039,0.13983359037217039,0.19563620654901237,28,6,"gurobi_cb_mip_objbnd_valid_native_bound"
265.29524624577635,244.92055784577636,"terminal_mip_bound_improvement","L0.1.1.0.0.1.0",0.19371439237533891,0.13983359037217039,0.13983359037217039,0.19563620654901237,28,6,"gurobi_cb_mip_objbnd_valid_native_bound"
265.3112460397827,244.93655763978271,"terminal_mip_bound_improvement","L0.1.1.0.0.1.0",0.20041029043875716,0.13983359037217039,0.13983359037217039,0.19563620654901237,28,6,"gurobi_cb_mip_objbnd_valid_native_bound"
265.32871119999999,244.9540227,"infeasible_closure","L0.1.1.0.0.1.0",,0.13983359037217039,0.13983359037217039,0.19563620654901237,27,7,"native_terminal_mip_infeasible"
265.86348349999997,245.48879489999999,"child_lp_completion","L0.1.1.0.0.1.1.0",0.13987102312363947,0.13983359037217039,0.13983359037217039,0.19563620654901237,27,7,"complete_speculative_child_lp_optimal"
266.40642659999997,246.03173799999999,"child_lp_completion","L0.1.1.0.0.1.1.1",0.13994888996298802,0.13983359037217039,0.13983359037217039,0.19563620654901237,27,7,"complete_speculative_child_lp_optimal"
266.6265032286102,246.25181492861023,"native_root_processing_bound","L0.1.1.0.0.1.1",0.13983359037217039,0.13984710960974936,0.13983359037217039,0.19563620654901237,27,7,"gurobi_cb_mip_objbnd_valid_native_bound"
267.11650323814695,246.74181493814697,"partial_native_bound_target","L0.1.1.0.0.1.1",0.14010097704416347,0.13984710960974936,0.13984710960974936,0.19563620654901237,27,7,"gurobi_cb_mip_objbnd_valid_native_bound"
267.12898339999998,246.7542947,"partial_native_bound_target","L0.1.1.0.0.1.1",0.14010097704416347,0.13984710960974936,0.13984710960974936,0.19563620654901237,27,7,"c5_target_reached_parent_requeued_before_split"
267.12944470000002,246.75475610000001,"split","L0.1.1.0.0.0.1.0",,0.13984710960974936,0.13984710960974936,0.19563620654901237,28,7,"c5_parent_native_target_reached_delayed_atomic_split"
267.36547606103517,246.99078776103516,"native_root_processing_bound","L0.1.1.0.0.0.1.0.0",0.13984710960974936,0.13984710960974936,0.13984710960974936,0.19563620654901237,28,7,"gurobi_cb_mip_objbnd_valid_native_bound"
267.85047595613099,247.47578765613099,"native_root_processing_bound","L0.1.1.0.0.0.1.0.0",0.13987431633673705,0.13984710960974936,0.13984710960974936,0.19563620654901237,28,7,"gurobi_cb_mip_objbnd_valid_native_bound"
268.34047596566774,247.96578766566773,"native_root_processing_bound","L0.1.1.0.0.0.1.0.0",0.14066622586912067,0.13984710960974936,0.13984710960974936,0.19563620654901237,28,7,"gurobi_cb_mip_objbnd_valid_native_bound"
269.73847596757508,249.36378766757508,"native_root_processing_bound","L0.1.1.0.0.0.1.0.0",0.14754367559676498,0.13984710960974936,0.13984710960974936,0.19563620654901237,28,7,"gurobi_cb_mip_objbnd_valid_native_bound"
269.90747611634828,249.53278781634828,"native_root_processing_bound","L0.1.1.0.0.0.1.0.0",0.14811256166735215,0.13984710960974936,0.13984710960974936,0.19563620654901237,28,7,"gurobi_cb_mip_objbnd_valid_native_bound"
270.96747605912782,250.59278775912782,"native_root_processing_bound","L0.1.1.0.0.0.1.0.0",0.16485561636219237,0.13984710960974936,0.13984710960974936,0.19563620654901237,28,7,"gurobi_cb_mip_objbnd_valid_native_bound"
271.02847592942811,250.65378762942811,"native_root_processing_bound","L0.1.1.0.0.0.1.0.0",0.16494773160143072,0.13984710960974936,0.13984710960974936,0.19563620654901237,28,7,"gurobi_cb_mip_objbnd_valid_native_bound"
271.13947599046327,250.76478769046327,"native_root_processing_bound","L0.1.1.0.0.0.1.0.0",0.16604784645117213,0.13984710960974936,0.13984710960974936,0.19563620654901237,28,7,"gurobi_cb_mip_objbnd_valid_native_bound"
272.01147596948243,251.63678766948243,"native_root_processing_bound","L0.1.1.0.0.0.1.0.0",0.16958675113526359,0.13984710960974936,0.13984710960974936,0.19563620654901237,28,7,"gurobi_cb_mip_objbnd_valid_native_bound"
272.28147595040895,251.90678765040894,"native_root_processing_bound","L0.1.1.0.0.0.1.0.0",0.17001691181780001,0.13984710960974936,0.13984710960974936,0.19563620654901237,28,7,"gurobi_cb_mip_objbnd_valid_native_bound"
273.15447609536744,252.77978779536744,"native_root_processing_bound","L0.1.1.0.0.0.1.0.0",0.17328134475353554,0.13984710960974936,0.13984710960974936,0.19563620654901237,28,7,"gurobi_cb_mip_objbnd_valid_native_bound"
273.20247595422364,252.82778765422364,"native_root_processing_bound","L0.1.1.0.0.0.1.0.0",0.17340698263792709,0.13984710960974936,0.13984710960974936,0.19563620654901237,28,7,"gurobi_cb_mip_objbnd_valid_native_bound"
273.44847600572206,253.07378770572205,"native_root_processing_bound","L0.1.1.0.0.0.1.0.0",0.17397561875801504,0.13984710960974936,0.13984710960974936,0.19563620654901237,28,7,"gurobi_cb_mip_objbnd_valid_native_bound"
274.20547597520448,253.83078767520448,"native_root_processing_bound","L0.1.1.0.0.0.1.0.0",0.17535311944474152,0.13984710960974936,0.13984710960974936,0.19563620654901237,28,7,"gurobi_cb_mip_objbnd_valid_native_bound"
274.47347610108949,254.09878780108949,"native_root_processing_bound","L0.1.1.0.0.0.1.0.0",0.17551821603823531,0.13984710960974936,0.13984710960974936,0.19563620654901237,28,7,"gurobi_cb_mip_objbnd_valid_native_bound"
275.27247612588502,254.89778782588502,"native_root_processing_bound","L0.1.1.0.0.0.1.0.0",0.17675440397187836,0.13984710960974936,0.13984710960974936,0.19563620654901237,28,7,"gurobi_cb_mip_objbnd_valid_native_bound"
275.44047610871888,255.06578780871888,"native_root_processing_bound","L0.1.1.0.0.0.1.0.0",0.17696141075042818,0.13984710960974936,0.13984710960974936,0.19563620654901237,28,7,"gurobi_cb_mip_objbnd_valid_native_bound"
276.24047606103517,255.86578776103516,"native_root_processing_bound","L0.1.1.0.0.0.1.0.0",0.17723575577962766,0.13984710960974936,0.13984710960974936,0.19563620654901237,28,7,"gurobi_cb_mip_objbnd_valid_native_bound"
276.67847602479554,256.30378772479554,"native_root_processing_bound","L0.1.1.0.0.0.1.0.0",0.17735547234411286,0.13984710960974936,0.13984710960974936,0.19563620654901237,28,7,"gurobi_cb_mip_objbnd_valid_native_bound"
277.47047608010865,257.09578778010865,"native_root_processing_bound","L0.1.1.0.0.0.1.0.0",0.17753625973893888,0.13984710960974936,0.13984710960974936,0.19563620654901237,28,7,"gurobi_cb_mip_objbnd_valid_native_bound"
277.73647611253358,257.36178781253358,"native_root_processing_bound","L0.1.1.0.0.0.1.0.0",0.17759763050838986,0.13984710960974936,0.13984710960974936,0.19563620654901237,28,7,"gurobi_cb_mip_objbnd_valid_native_bound"
278.69047610871888,258.31578780871888,"native_root_processing_bound","L0.1.1.0.0.0.1.0.0",0.17797631698678035,0.13984710960974936,0.13984710960974936,0.19563620654901237,28,7,"gurobi_cb_mip_objbnd_valid_native_bound"
279.20747606866456,258.83278776866456,"native_root_processing_bound","L0.1.1.0.0.0.1.0.0",0.17801461965277807,0.13984710960974936,0.13984710960974936,0.19563620654901237,28,7,"gurobi_cb_mip_objbnd_valid_native_bound"
279.8044759523163,259.42978765231629,"native_root_processing_bound","L0.1.1.0.0.0.1.0.0",0.17805801817954542,0.13984710960974936,0.13984710960974936,0.19563620654901237,28,7,"gurobi_cb_mip_objbnd_valid_native_bound"
280.22047608010865,259.84578778010865,"native_root_processing_bound","L0.1.1.0.0.0.1.0.0",0.17813992809645354,0.13984710960974936,0.13984710960974936,0.19563620654901237,28,7,"gurobi_cb_mip_objbnd_valid_native_bound"
280.99647610299684,260.62178780299683,"native_root_processing_bound","L0.1.1.0.0.0.1.0.0",0.17818034496042948,0.13984710960974936,0.13984710960974936,0.19563620654901237,28,7,"gurobi_cb_mip_objbnd_valid_native_bound"
281.49047606103517,261.11578776103516,"native_root_processing_bound","L0.1.1.0.0.0.1.0.0",0.1782141051843234,0.13984710960974936,0.13984710960974936,0.19563620654901237,28,7,"gurobi_cb_mip_objbnd_valid_native_bound"
282.17447607629396,261.79978777629395,"native_root_processing_bound","L0.1.1.0.0.0.1.0.0",0.1782567359549993,0.13984710960974936,0.13984710960974936,0.19563620654901237,28,7,"gurobi_cb_mip_objbnd_valid_native_bound"
282.46547596566774,262.09078766566773,"native_root_processing_bound","L0.1.1.0.0.0.1.0.0",0.17828205135478956,0.13984710960974936,0.13984710960974936,0.19563620654901237,28,7,"gurobi_cb_mip_objbnd_valid_native_bound"
283.25247614495851,262.8777878449585,"native_root_processing_bound","L0.1.1.0.0.0.1.0.0",0.17832130283769809,0.13984710960974936,0.13984710960974936,0.19563620654901237,28,7,"gurobi_cb_mip_objbnd_valid_native_bound"
283.78647606484986,263.41178776484986,"native_root_processing_bound","L0.1.1.0.0.0.1.0.0",0.17832542616016589,0.13984710960974936,0.13984710960974936,0.19563620654901237,28,7,"gurobi_cb_mip_objbnd_valid_native_bound"
284.34747593515016,263.97278763515015,"native_root_processing_bound","L0.1.1.0.0.0.1.0.0",0.17833683762969388,0.13984710960974936,0.13984710960974936,0.19563620654901237,28,7,"gurobi_cb_mip_objbnd_valid_native_bound"
285.86047594659425,265.48578764659425,"native_root_processing_bound","L0.1.1.0.0.0.1.0.0",0.17833712864965831,0.13984710960974936,0.13984710960974936,0.19563620654901237,28,7,"gurobi_cb_mip_objbnd_valid_native_bound"
287.54547612779237,267.17078782779237,"terminal_mip_bound_improvement","L0.1.1.0.0.0.1.0.0",0.17948034743946251,0.13984710960974936,0.13984710960974936,0.19563620654901237,28,7,"gurobi_cb_mip_objbnd_valid_native_bound"
288.4604760896454,268.08578778964539,"terminal_mip_bound_improvement","L0.1.1.0.0.0.1.0.0",0.18109434011627368,0.13984710960974936,0.13984710960974936,0.19563620654901237,28,7,"gurobi_cb_mip_objbnd_valid_native_bound"
288.90647595040895,268.53178765040894,"terminal_mip_bound_improvement","L0.1.1.0.0.0.1.0.0",0.18195460326518725,0.13984710960974936,0.13984710960974936,0.19563620654901237,28,7,"gurobi_cb_mip_objbnd_valid_native_bound"
289.1664759408722,268.7917876408722,"terminal_mip_bound_improvement","L0.1.1.0.0.0.1.0.0",0.18196258374426835,0.13984710960974936,0.13984710960974936,0.19563620654901237,28,7,"gurobi_cb_mip_objbnd_valid_native_bound"
295.0222569,274.64756820000002,"interruption","L0.1.1.0.0.0.1.0.0",0.18196258374426835,0.13984710960974936,0.13984710960974936,0.19563620654901237,28,7,"overall_process_deadline_terminal_mip"
295.02226339999999,274.64757500000002,"interruption","",0.13984710960974936,,0.13984710960974936,0.19563620654901237,28,7,"overall_process_deadline_open_coverage"
295.02309509999998,274.64840659999999,"finalization","",0.13984710960974936,,0.13984710960974936,0.19563620654901237,28,7,"graceful_deadline_final_valid_bound"
