elapsed_time,native_global_LB,native_incumbent,verified_cutoff,native_gap,node_count,open_nodes,simplex_iterations,event_source
0.0182715,0,9.9999999999999993e+74,0.04915255266474515,9.9999999999999993e+74,0,1,0,global_progress
0.018390199999999999,0,9.9999999999999993e+74,0.04915255266474515,9.9999999999999993e+74,0,1,0,global_progress
6.4181533000000002,0.03453798009362849,9.9999999999999993e+74,0.04915255266474515,9.9999999999999993e+74,0,1,13958,global_progress
274.01218920000002,0.044995490465217995,9.9999999999999993e+74,0.04915255266474515,9.9999999999999993e+74,2181,1036,644312,global_progress
274.0126262,0.044995490465217995,0,0.04915255266474515,0,2181,1036,644312,solver_final
