leaf_id,attempt,time_limit_seconds,solver_runtime_seconds,work,nodes,simplex_iterations,barrier_iterations,cumulative_runtime,cumulative_work,cumulative_nodes,cumulative_simplex_iterations,cumulative_barrier_iterations,optimize_return_code
L0,0,30,0.3,0.490128,0,0,0,0.3,0.490128,0,0,0,0
L1,0,30,0.405,0.801655,1,638,0,0.405,0.801655,1,638,0,0
L2,0,30,30.008,53.5799,630,77789,0,30.008,53.5799,630,77789,0,0
L3,0,30,0.511,0.943456,1,1005,0,0.511,0.943456,1,1005,0,0
L2,1,60,60.001,129.831,1435,252300,0,90.009,183.411,2065,330089,0,0
L2.0,0,30,13.779,25.0644,235,34192,0,13.779,25.0644,235,34192,0,0
L2.1,0,30,30.003,54.6859,776,97933,0,30.003,54.6859,776,97933,0,0
L2.1,1,60,25.646,58.0048,1735,191338,0,55.649,112.691,2511,289271,0,0
