elapsed_time,native_global_LB,native_incumbent,verified_cutoff,native_gap,node_count,open_nodes,simplex_iterations,event_source
0.0176889,0,9.9999999999999993e+74,0.04915255266474515,9.9999999999999993e+74,0,1,0,global_progress
0.017804299999999999,0,9.9999999999999993e+74,0.04915255266474515,9.9999999999999993e+74,0,1,0,global_progress
5.0084274999999998,0.034723045409823461,9.9999999999999993e+74,0.04915255266474515,9.9999999999999993e+74,0,1,16205,global_progress
3549.9999309,0.047358383204777726,9.9999999999999993e+74,0.04915255266474515,9.9999999999999993e+74,19167,7185,2815883,global_progress
3550.0013075000002,0.047358383204777726,0,0.04915255266474515,0,19167,7185,2815883,solver_final
