elapsed_time,native_global_LB,native_incumbent,verified_cutoff,native_gap,node_count,open_nodes,simplex_iterations,event_source
0.0173303,0,9.9999999999999993e+74,0.10725273413394144,9.9999999999999993e+74,0,1,0,global_progress
0.017472100000000001,0,9.9999999999999993e+74,0.10725273413394144,9.9999999999999993e+74,0,1,0,global_progress
6.8245700999999999,0.014290983894609753,9.9999999999999993e+74,0.10725273413394144,9.9999999999999993e+74,0,1,16902,global_progress
274.01649220000002,0.039372225938011041,9.9999999999999993e+74,0.10725273413394144,9.9999999999999993e+74,3181,702,1325703,global_progress
274.01680199999998,0.039372225938011041,0,0.10725273413394144,0,3181,702,1325703,solver_final
