elapsed_time,native_global_LB,native_incumbent,verified_cutoff,native_gap,node_count,open_nodes,simplex_iterations,event_source
0.018103899999999999,0,9.9999999999999993e+74,0.04915255266474515,9.9999999999999993e+74,0,1,0,global_progress
0.018340599999999999,0,9.9999999999999993e+74,0.04915255266474515,9.9999999999999993e+74,0,1,0,global_progress
4.9782897000000004,0.034723045409823461,9.9999999999999993e+74,0.04915255266474515,9.9999999999999993e+74,0,1,16205,global_progress
273.99691080000002,0.045430535435162331,9.9999999999999993e+74,0.04915255266474515,9.9999999999999993e+74,2512,1018,555702,global_progress
273.99726450000003,0.045430535435162331,0,0.04915255266474515,0,2512,1018,555702,solver_final
