elapsed_time,native_global_LB,native_incumbent,verified_cutoff,native_gap,node_count,open_nodes,simplex_iterations,event_source
0.0055003999999999999,0,9.9999999999999993e+74,0.35720058320841552,9.9999999999999993e+74,0,1,0,global_progress
0.0055934000000000001,0,9.9999999999999993e+74,0.35720058320841552,9.9999999999999993e+74,0,1,0,global_progress
1.4160596999999999,0.24154981534663592,9.9999999999999993e+74,0.35720058320841552,9.9999999999999993e+74,0,1,909,global_progress
16.688539200000001,0.33468334375152237,9.9999999999999993e+74,0.35720058320841552,9.9999999999999993e+74,1525,528,111792,global_progress
16.688787399999999,0.33468334375152237,0,0.35720058320841552,0,1525,528,111792,solver_final
