{
  "P_GRB_C2_comparisons": [
    {
      "auc_delta": 0.25849875481805273,
      "c2_bound_auc": 0.8634209358564984,
      "c2_common_ub_gap": 0.07958635792102603,
      "c2_final_lb": 1.6100919655396664,
      "c2_strict": false,
      "c2_verified_ub": 1.7493134520506337,
      "c2_work": 539.4864009723316,
      "comparison": "C2-PAPER minus P-GRB",
      "gap_delta": -0.306081899816063,
      "instance": "high_imbalance_seed3202",
      "other_bound_auc": 0.6049221810384456,
      "other_common_ub_gap": 0.385668257737089,
      "other_final_lb": 1.074658780762213,
      "other_strict": false,
      "other_verified_ub": 1.7630423841732887,
      "other_work": 581.5862640793697,
      "stage": "stage2",
      "work_delta": -42.09986310703812
    },
    {
      "auc_delta": 0.004120606814682182,
      "c2_bound_auc": 0.6583149627631737,
      "c2_common_ub_gap": 0.28686135554345077,
      "c2_final_lb": 0.13951573914498416,
      "c2_strict": false,
      "c2_verified_ub": 0.19563620654901237,
      "c2_work": 469.78945855785685,
      "comparison": "C2-PAPER minus P-GRB",
      "gap_delta": -0.052165958429510995,
      "instance": "moderate_seed3302",
      "other_bound_auc": 0.6541943559484915,
      "other_common_ub_gap": 0.33902731397296176,
      "other_final_lb": 0.12931018892684115,
      "other_strict": false,
      "other_verified_ub": 0.219953022089018,
      "other_work": 560.5257184355947,
      "stage": "stage2",
      "work_delta": -90.7362598777379
    },
    {
      "auc_delta": 0.07081114467384664,
      "c2_bound_auc": 0.23652221090354064,
      "c2_common_ub_gap": 0.5,
      "c2_final_lb": 0.05362636706697072,
      "c2_strict": false,
      "c2_verified_ub": 0.10725273413394144,
      "c2_work": 509.62791970543987,
      "comparison": "C2-PAPER minus P-GRB",
      "gap_delta": -0.3193193186959785,
      "instance": "tight_T_seed3101",
      "other_bound_auc": 0.165711066229694,
      "other_common_ub_gap": 0.8193193186959785,
      "other_final_lb": 0.01937849707503963,
      "other_strict": false,
      "other_verified_ub": 0.11608225228456553,
      "other_work": 541.7649184045604,
      "stage": "stage2",
      "work_delta": -32.13699869912051
    },
    {
      "auc_delta": -0.07177185727007507,
      "c2_bound_auc": 0.9194970210379082,
      "c2_common_ub_gap": 2.641903779817653e-15,
      "c2_final_lb": 0.3572005832084146,
      "c2_strict": true,
      "c2_verified_ub": 0.3572005832084155,
      "c2_work": 172.85109000753008,
      "comparison": "C2-PAPER minus P-GRB",
      "gap_delta": 1.3986549422564045e-15,
      "instance": "V12_M1",
      "other_bound_auc": 0.9912688783079833,
      "other_common_ub_gap": 1.2432488375612486e-15,
      "other_final_lb": 0.3572005832084151,
      "other_strict": true,
      "other_verified_ub": 0.3572005832084155,
      "other_work": 53.573278258640755,
      "stage": "stage2",
      "work_delta": 119.27781174888932
    },
    {
      "auc_delta": -0.09284584399507134,
      "c2_bound_auc": 0.8814004454254225,
      "c2_common_ub_gap": 0.08732572231791685,
      "c2_final_lb": 0.6557601837879294,
      "c2_strict": false,
      "c2_verified_ub": 0.7185040707549709,
      "c2_work": 469.0482116763907,
      "comparison": "C2-PAPER minus P-GRB",
      "gap_delta": 0.08732572231791685,
      "instance": "V12_M2",
      "other_bound_auc": 0.9742462894204938,
      "other_common_ub_gap": 0.0,
      "other_final_lb": 0.7185040707549712,
      "other_strict": true,
      "other_verified_ub": 0.7185040707549709,
      "other_work": 282.0967431295214,
      "stage": "stage2",
      "work_delta": 186.95146854686925
    },
    {
      "auc_delta": "",
      "c2_bound_auc": "",
      "c2_common_ub_gap": "",
      "c2_final_lb": "",
      "c2_strict": false,
      "c2_verified_ub": "",
      "c2_work": "",
      "comparison": "C2-PAPER minus P-GRB",
      "gap_delta": "",
      "instance": "moderate_seed6301",
      "other_bound_auc": 0.40562075707916245,
      "other_common_ub_gap": 0.5840641946347753,
      "other_final_lb": 0.4334604561007951,
      "other_strict": false,
      "other_verified_ub": 1.042133065991235,
      "other_work": 722.3824948745566,
      "stage": "stage3",
      "work_delta": ""
    }
  ],
  "V12_C2_strict_certificates": 1,
  "V50_C2": {
    "authoritative": false,
    "emergency_timeout": true,
    "result_exists": false,
    "return_code": 124,
    "runner_wall_seconds": 308.03200000012293,
    "status": "missing_result"
  },
  "V50_P_GRB": {
    "common_ub_gap": 0.5840641946347753,
    "peak_memory_gb": 0.463384793,
    "process_wall_seconds": 294.2809745,
    "status": "time_limit",
    "valid_final_lb": 0.4334604561007951,
    "verified_ub": 1.042133065991235,
    "work": 722.3824948745566
  },
  "classification": "paper_compatible_but_performance_risky",
  "completed": 20,
  "compression": {
    "compressed_bytes": 119811027,
    "original_bytes": 855170807,
    "records": 598,
    "restoration_checks_passed": true
  },
  "difficult_V20_C0_comparisons": [
    {
      "auc_delta": 0.003081069157493732,
      "c2_bound_auc": 0.8634209358564984,
      "c2_common_ub_gap": 0.07958635792102603,
      "c2_final_lb": 1.6100919655396664,
      "c2_strict": false,
      "c2_verified_ub": 1.7493134520506337,
      "c2_work": 539.4864009723316,
      "comparison": "C2-PAPER minus C0-LEGACY",
      "gap_delta": 0.0500911770183429,
      "instance": "high_imbalance_seed3202",
      "other_bound_auc": 0.8603398666990046,
      "other_common_ub_gap": 0.02949518090268313,
      "other_final_lb": 1.6977171353269032,
      "other_strict": false,
      "other_verified_ub": 1.7493134520506337,
      "other_work": 533.5826187697095,
      "stage": "stage2",
      "work_delta": 5.9037822026220965
    },
    {
      "auc_delta": 0.04466344132755262,
      "c2_bound_auc": 0.6583149627631737,
      "c2_common_ub_gap": 0.28686135554345077,
      "c2_final_lb": 0.13951573914498416,
      "c2_strict": false,
      "c2_verified_ub": 0.19563620654901237,
      "c2_work": 469.78945855785685,
      "comparison": "C2-PAPER minus C0-LEGACY",
      "gap_delta": 0.10287378502535,
      "instance": "moderate_seed3302",
      "other_bound_auc": 0.6136515214356211,
      "other_common_ub_gap": 0.18398757051810077,
      "other_final_lb": 0.15964157620068223,
      "other_strict": false,
      "other_verified_ub": 0.19563620654901237,
      "other_work": 510.4304132958197,
      "stage": "stage2",
      "work_delta": -40.64095473796283
    },
    {
      "auc_delta": -0.2104318239510996,
      "c2_bound_auc": 0.23652221090354064,
      "c2_common_ub_gap": 0.5,
      "c2_final_lb": 0.05362636706697072,
      "c2_strict": false,
      "c2_verified_ub": 0.10725273413394144,
      "c2_work": 509.62791970543987,
      "comparison": "C2-PAPER minus C0-LEGACY",
      "gap_delta": -0.007805142477438576,
      "instance": "tight_T_seed3101",
      "other_bound_auc": 0.44695403485464025,
      "other_common_ub_gap": 0.5078051424774386,
      "other_final_lb": 0.05278924419596047,
      "other_strict": false,
      "other_verified_ub": 0.10725273413394144,
      "other_work": 530.3054022822358,
      "stage": "stage2",
      "work_delta": -20.677482576795967
    }
  ],
  "difficult_V20_median_C2_minus_C0_AUC": 0.003081069157493732,
  "difficult_V20_median_C2_minus_C0_gap": 0.0500911770183429,
  "exactness_passed": true,
  "excluded": 1,
  "executables": {
    "C0_sha256": "002ab0f3f3fc1f80bb4b8a6eb10fddaaf013f5c493317884c977098ede0cc15c",
    "C2_and_P_GRB_sha256": "90bc8a3f55c0e372aea78831823ae5aac1422ae2ab2170507bdc96c0b638aa2b",
    "CPLEX_only_sha256": "44809e109cda75bfd51921df2f8112d8cfa964df2573f6412554b6d72b4e233e",
    "build_source_commit": "5ddb69a4f4879bc07cb1cbf180447a0109621089"
  },
  "failed": 1,
  "hga_repeatability_passed": true,
  "largest_artifact": {
    "bytes": 532020,
    "path": "results/gf_paper_safe_gurobi_scheduling_round27/runs/stage2__V12_M2__p_grb__300s/progress.csv.gz"
  },