elapsed_time,native_global_LB,native_incumbent,verified_cutoff,native_gap,node_count,open_nodes,simplex_iterations,event_source
0.017424599999999998,0,9.9999999999999993e+74,0.60070443668510809,9.9999999999999993e+74,0,1,0,global_progress
0.017646999999999999,0,9.9999999999999993e+74,0.60070443668510809,9.9999999999999993e+74,0,1,0,global_progress
5.2053925000000003,0.45967788796666581,9.9999999999999993e+74,0.60070443668510809,9.9999999999999993e+74,0,1,8827,global_progress
1749.9968934000001,0.55755279179614392,9.9999999999999993e+74,0.60070443668510809,9.9999999999999993e+74,25860,11632,8042337,global_progress
1749.9992619,0.55755279179614392,0,0.60070443668510809,0,25860,11632,8042337,solver_final
