leaf_id,attempt,time_limit_seconds,solver_runtime_seconds,work,nodes,simplex_iterations,barrier_iterations,cumulative_runtime,cumulative_work,cumulative_nodes,cumulative_simplex_iterations,cumulative_barrier_iterations,optimize_return_code
L0,0,30,0.322,0.490128,0,0,0,0.322,0.490128,0,0,0,0
L1,0,30,0.427,0.801655,1,638,0,0.427,0.801655,1,638,0,0
L2,0,30,30.006,52.5445,629,77031,0,30.006,52.5445,629,77031,0,0
L3,0,30,0.463,0.943456,1,1005,0,0.463,0.943456,1,1005,0,0
L2,1,60,60.001,127.011,1471,253703,0,90.007,179.556,2100,330734,0,0
L2.0,0,30,14.244,25.0644,235,34192,0,14.244,25.0644,235,34192,0,0
L2.1,0,30,30.009,53.5819,776,97819,0,30.009,53.5819,776,97819,0,0
L2.1,1,60,47.996,99.3956,2367,254248,0,78.005,152.978,3143,352067,0,0
