process_elapsed_seconds,exact_phase_elapsed_seconds,event_type,active_leaf,active_leaf_valid_lower_bound,other_open_leaf_min_valid_lower_bound,valid_global_lower_bound,verified_global_upper_bound,open_relevant_leaf_count,closed_relevant_leaf_count,event_source
57.657505999999998,0.052153199999999997,"exact_tree_initialization","",0,,0,8.8331464566372624,4,0,"initial_exact_interval_cover"
63.390181300000002,5.7848283,"parent_lp_completion","L0",0,0.245,0,8.8331464566372624,4,0,"complete_parent_lp_infeasible"
63.391049899999999,5.7856972000000004,"infeasible_closure","L0",,0.245,0.245,8.8331464566372624,3,1,"complete_parent_lp_infeasible"
78.090666400000003,20.4853135,"parent_lp_completion","L1",0.245,0.48999999999999999,0.245,8.8331464566372624,3,1,"complete_parent_lp_infeasible"
78.091411899999997,20.4860592,"infeasible_closure","L1",,0.48999999999999999,0.48999999999999999,8.8331464566372624,2,2,"complete_parent_lp_infeasible"
81.582601100000005,23.977248299999999,"parent_lp_completion","L2",8.10495960960559,0.73499999999999999,0.73499999999999999,8.8331464566372624,2,2,"complete_parent_lp_optimal"
85.844062199999996,28.238709499999999,"child_lp_completion","L2.0",8.1177910201529127,0.73499999999999999,0.73499999999999999,8.8331464566372624,2,2,"complete_speculative_child_lp_optimal"
89.928697400000004,32.323344499999997,"child_lp_completion","L2.1",8.1651385017876876,0.73499999999999999,0.73499999999999999,8.8331464566372624,2,2,"complete_speculative_child_lp_optimal"
89.929509300000007,32.324156600000002,"split","L2",,0.73499999999999999,0.73499999999999999,8.8331464566372624,3,2,"c5_immediate_atomic_split"
92.680183099999994,35.074830300000002,"parent_lp_completion","L3",8.2876385017876899,8.1177910201529127,8.1177910201529127,8.8331464566372624,3,2,"complete_parent_lp_optimal"
96.290943600000006,38.685590900000001,"child_lp_completion","L3.0",8.2876385017876899,8.1177910201529127,8.1177910201529127,8.8331464566372624,3,2,"complete_speculative_child_lp_optimal"
98.872490099999993,41.267137300000002,"child_lp_completion","L3.1",8.4101385017876886,8.1177910201529127,8.1177910201529127,8.8331464566372624,3,2,"complete_speculative_child_lp_optimal"
98.874194099999997,41.268841199999997,"declined_split","L3",8.2876385017876899,8.1177910201529127,8.1177910201529127,8.8331464566372624,3,2,"c5_no_strict_child_disjunction_gain"
100.70722004468689,43.10186754468689,"native_root_processing_bound","L3",8.2876385017876899,8.1177910201529127,8.1177910201529127,8.8331464566372624,3,2,"gurobi_cb_mip_objbnd_valid_native_bound"
104.75222012098084,47.146867620980835,"native_root_processing_bound","L3",8.2917489739992902,8.1177910201529127,8.1177910201529127,8.8331464566372624,3,2,"gurobi_cb_mip_objbnd_valid_native_bound"
105.36722013051758,47.761867630517578,"native_root_processing_bound","L3",8.3944168765663854,8.1177910201529127,8.1177910201529127,8.8331464566372624,3,2,"gurobi_cb_mip_objbnd_valid_native_bound"
107.12921997602234,49.523867476022339,"native_root_processing_bound","L3",8.5247181121185704,8.1177910201529127,8.1177910201529127,8.8331464566372624,3,2,"gurobi_cb_mip_objbnd_valid_native_bound"
107.36022016103516,49.754867661035156,"native_root_processing_bound","L3",8.524719878287728,8.1177910201529127,8.1177910201529127,8.8331464566372624,3,2,"gurobi_cb_mip_objbnd_valid_native_bound"
107.54922005231629,49.943867552316284,"native_root_processing_bound","L3",8.5275150080193498,8.1177910201529127,8.1177910201529127,8.8331464566372624,3,2,"gurobi_cb_mip_objbnd_valid_native_bound"
109.63422009046326,52.028867590463257,"native_root_processing_bound","L3",8.5458773885766028,8.1177910201529127,8.1177910201529127,8.8331464566372624,3,2,"gurobi_cb_mip_objbnd_valid_native_bound"
109.84922000463257,52.243867504632568,"native_root_processing_bound","L3",8.5459829906268414,8.1177910201529127,8.1177910201529127,8.8331464566372624,3,2,"gurobi_cb_mip_objbnd_valid_native_bound"
110.26622005994568,52.660867559945679,"native_root_processing_bound","L3",8.5620520096716373,8.1177910201529127,8.1177910201529127,8.8331464566372624,3,2,"gurobi_cb_mip_objbnd_valid_native_bound"
111.99222013051758,54.386867630517578,"native_root_processing_bound","L3",8.5901596629848473,8.1177910201529127,8.1177910201529127,8.8331464566372624,3,2,"gurobi_cb_mip_objbnd_valid_native_bound"
112.39322015340576,54.787867653405762,"native_root_processing_bound","L3",8.5913411306303793,8.1177910201529127,8.1177910201529127,8.8331464566372624,3,2,"gurobi_cb_mip_objbnd_valid_native_bound"
112.68422004277954,55.078867542779541,"native_root_processing_bound","L3",8.6061309903517831,8.1177910201529127,8.1177910201529127,8.8331464566372624,3,2,"gurobi_cb_mip_objbnd_valid_native_bound"
114.22322007711182,56.617867577111817,"native_root_processing_bound","L3",8.6327109674816356,8.1177910201529127,8.1177910201529127,8.8331464566372624,3,2,"gurobi_cb_mip_objbnd_valid_native_bound"
114.43322011525879,56.827867615258789,"native_root_processing_bound","L3",8.6328890401854448,8.1177910201529127,8.1177910201529127,8.8331464566372624,3,2,"gurobi_cb_mip_objbnd_valid_native_bound"
114.60921999509583,57.003867495095825,"native_root_processing_bound","L3",8.6350877773693178,8.1177910201529127,8.1177910201529127,8.8331464566372624,3,2,"gurobi_cb_mip_objbnd_valid_native_bound"
115.81321999128113,58.207867491281128,"native_root_processing_bound","L3",8.6417988624272137,8.1177910201529127,8.1177910201529127,8.8331464566372624,3,2,"gurobi_cb_mip_objbnd_valid_native_bound"
116.24822017247925,58.642867672479248,"native_root_processing_bound","L3",8.643624662559322,8.1177910201529127,8.1177910201529127,8.8331464566372624,3,2,"gurobi_cb_mip_objbnd_valid_native_bound"
117.37322017247925,59.767867672479248,"native_root_processing_bound","L3",8.6488163092982262,8.1177910201529127,8.1177910201529127,8.8331464566372624,3,2,"gurobi_cb_mip_objbnd_valid_native_bound"
118.74722000653992,61.141867506539917,"native_root_processing_bound","L3",8.6488639819759214,8.1177910201529127,8.1177910201529127,8.8331464566372624,3,2,"gurobi_cb_mip_objbnd_valid_native_bound"
119.03422018583069,61.428867685830689,"native_root_processing_bound","L3",8.6500950897509092,8.1177910201529127,8.1177910201529127,8.8331464566372624,3,2,"gurobi_cb_mip_objbnd_valid_native_bound"
120.11022016103516,62.504867661035156,"native_root_processing_bound","L3",8.6585865625363905,8.1177910201529127,8.1177910201529127,8.8331464566372624,3,2,"gurobi_cb_mip_objbnd_valid_native_bound"
120.33522006566773,62.729867565667725,"native_root_processing_bound","L3",8.658620782528839,8.1177910201529127,8.1177910201529127,8.8331464566372624,3,2,"gurobi_cb_mip_objbnd_valid_native_bound"
120.50121995504151,62.895867455041504,"native_root_processing_bound","L3",8.6589780655675188,8.1177910201529127,8.1177910201529127,8.8331464566372624,3,2,"gurobi_cb_mip_objbnd_valid_native_bound"
121.50622006948242,63.900867569482422,"native_root_processing_bound","L3",8.6650121793856378,8.1177910201529127,8.1177910201529127,8.8331464566372624,3,2,"gurobi_cb_mip_objbnd_valid_native_bound"
121.8962201743866,64.29086767438659,"native_root_processing_bound","L3",8.6658624595090306,8.1177910201529127,8.1177910201529127,8.8331464566372624,3,2,"gurobi_cb_mip_objbnd_valid_native_bound"
123.12921997602234,65.523867476022332,"native_root_processing_bound","L3",8.6703044518874997,8.1177910201529127,8.1177910201529127,8.8331464566372624,3,2,"gurobi_cb_mip_objbnd_valid_native_bound"
123.69622012670288,66.090867626702874,"native_root_processing_bound","L3",8.6705768413620827,8.1177910201529127,8.1177910201529127,8.8331464566372624,3,2,"gurobi_cb_mip_objbnd_valid_native_bound"
123.96522018010864,66.359867680108636,"native_root_processing_bound","L3",8.6709394374992534,8.1177910201529127,8.1177910201529127,8.8331464566372624,3,2,"gurobi_cb_mip_objbnd_valid_native_bound"
125.28622004087219,67.680867540872185,"native_root_processing_bound","L3",8.679645600721491,8.1177910201529127,8.1177910201529127,8.8331464566372624,3,2,"gurobi_cb_mip_objbnd_valid_native_bound"
125.78622004087219,68.180867540872185,"native_root_processing_bound","L3",8.6803230211746847,8.1177910201529127,8.1177910201529127,8.8331464566372624,3,2,"gurobi_cb_mip_objbnd_valid_native_bound"
127.00522014196167,69.399867641961663,"native_root_processing_bound","L3",8.6834812000786936,8.1177910201529127,8.1177910201529127,8.8331464566372624,3,2,"gurobi_cb_mip_objbnd_valid_native_bound"
128.15022012288819,70.544867622888177,"native_root_processing_bound","L3",8.6847295815083374,8.1177910201529127,8.1177910201529127,8.8331464566372624,3,2,"gurobi_cb_mip_objbnd_valid_native_bound"
129.31822010572205,71.712867605722039,"native_root_processing_bound","L3",8.6865650375196317,8.1177910201529127,8.1177910201529127,8.8331464566372624,3,2,"gurobi_cb_mip_objbnd_valid_native_bound"
129.82522007520447,72.219867575204461,"native_root_processing_bound","L3",8.6867286582833163,8.1177910201529127,8.1177910201529127,8.8331464566372624,3,2,"gurobi_cb_mip_objbnd_valid_native_bound"
131.10722014005432,73.501867640054314,"native_root_processing_bound","L3",8.690992778272939,8.1177910201529127,8.1177910201529127,8.8331464566372624,3,2,"gurobi_cb_mip_objbnd_valid_native_bound"
131.7402200370575,74.134867537057488,"native_root_processing_bound","L3",8.6916043107084526,8.1177910201529127,8.1177910201529127,8.8331464566372624,3,2,"gurobi_cb_mip_objbnd_valid_native_bound"
133.21222015912781,75.606867659127801,"native_root_processing_bound","L3",8.6926202838307418,8.1177910201529127,8.1177910201529127,8.8331464566372624,3,2,"gurobi_cb_mip_objbnd_valid_native_bound"
136.74522015149842,79.139867651498406,"native_root_processing_bound","L3",8.6929306548556049,8.1177910201529127,8.1177910201529127,8.8331464566372624,3,2,"gurobi_cb_mip_objbnd_valid_native_bound"
138.10621997411499,80.500867474114983,"native_root_processing_bound","L3",8.6939355400415224,8.1177910201529127,8.1177910201529127,8.8331464566372624,3,2,"gurobi_cb_mip_objbnd_valid_native_bound"
138.64022013242493,81.03486763242492,"native_root_processing_bound","L3",8.6942257397482567,8.1177910201529127,8.1177910201529127,8.8331464566372624,3,2,"gurobi_cb_mip_objbnd_valid_native_bound"
140.05122014577637,82.44586764577636,"native_root_processing_bound","L3",8.6963691287611073,8.1177910201529127,8.1177910201529127,8.8331464566372624,3,2,"gurobi_cb_mip_objbnd_valid_native_bound"
140.23222014005432,82.626867640054314,"native_root_processing_bound","L3",8.696373471785984,8.1177910201529127,8.1177910201529127,8.8331464566372624,3,2,"gurobi_cb_mip_objbnd_valid_native_bound"
140.45222016866455,82.846867668664544,"native_root_processing_bound","L3",8.6969208308712584,8.1177910201529127,8.1177910201529127,8.8331464566372624,3,2,"gurobi_cb_mip_objbnd_valid_native_bound"
141.6392199664856,84.033867466485589,"native_root_processing_bound","L3",8.6985569800150415,8.1177910201529127,8.1177910201529127,8.8331464566372624,3,2,"gurobi_cb_mip_objbnd_valid_native_bound"
142.15022012288819,84.544867622888177,"native_root_processing_bound","L3",8.6986372782592305,8.1177910201529127,8.1177910201529127,8.8331464566372624,3,2,"gurobi_cb_mip_objbnd_valid_native_bound"
143.20422002370606,85.598867523706048,"native_root_processing_bound","L3",8.6994253957311649,8.1177910201529127,8.1177910201529127,8.8331464566372624,3,2,"gurobi_cb_mip_objbnd_valid_native_bound"
143.7712201743866,86.16586767438659,"native_root_processing_bound","L3",8.6994290057089607,8.1177910201529127,8.1177910201529127,8.8331464566372624,3,2,"gurobi_cb_mip_objbnd_valid_native_bound"
144.94022008474121,87.334867584741204,"native_root_processing_bound","L3",8.7002904495455589,8.1177910201529127,8.1177910201529127,8.8331464566372624,3,2,"gurobi_cb_mip_objbnd_valid_native_bound"
146.35422011907349,88.748867619073479,"native_root_processing_bound","L3",8.7003396756747318,8.1177910201529127,8.1177910201529127,8.8331464566372624,3,2,"gurobi_cb_mip_objbnd_valid_native_bound"
147.5692200332428,89.963867533242791,"native_root_processing_bound","L3",8.7007614270505638,8.1177910201529127,8.1177910201529127,8.8331464566372624,3,2,"gurobi_cb_mip_objbnd_valid_native_bound"
147.8962201743866,90.29086767438659,"native_root_processing_bound","L3",8.7007795505517045,8.1177910201529127,8.1177910201529127,8.8331464566372624,3,2,"gurobi_cb_mip_objbnd_valid_native_bound"
149.21422001416931,91.608867514169305,"native_root_processing_bound","L3",8.7016040966583432,8.1177910201529127,8.1177910201529127,8.8331464566372624,3,2,"gurobi_cb_mip_objbnd_valid_native_bound"
150.32222005422364,92.716867554223626,"native_root_processing_bound","L3",8.7016074953656446,8.1177910201529127,8.1177910201529127,8.8331464566372624,3,2,"gurobi_cb_mip_objbnd_valid_native_bound"
150.48622008855591,92.880867588555901,"native_root_processing_bound","L3",8.7016320163614438,8.1177910201529127,8.1177910201529127,8.8331464566372624,3,2,"gurobi_cb_mip_objbnd_valid_native_bound"
151.5912201076294,93.985867607629388,"native_root_processing_bound","L3",8.7018288387558869,8.1177910201529127,8.1177910201529127,8.8331464566372624,3,2,"gurobi_cb_mip_objbnd_valid_native_bound"
151.95622011716614,94.350867617166131,"native_root_processing_bound","L3",8.7019225656602472,8.1177910201529127,8.1177910201529127,8.8331464566372624,3,2,"gurobi_cb_mip_objbnd_valid_native_bound"
153.47322007711182,95.867867577111809,"native_root_processing_bound","L3",8.7032373694513669,8.1177910201529127,8.1177910201529127,8.8331464566372624,3,2,"gurobi_cb_mip_objbnd_valid_native_bound"
153.82321998174439,96.217867481744378,"native_root_processing_bound","L3",8.7033862809131133,8.1177910201529127,8.1177910201529127,8.8331464566372624,3,2,"gurobi_cb_mip_objbnd_valid_native_bound"
154.14221998746643,96.536867487466424,"native_root_processing_bound","L3",8.7035491267798779,8.1177910201529127,8.1177910201529127,8.8331464566372624,3,2,"gurobi_cb_mip_objbnd_valid_native_bound"
155.58822008664856,97.982867586648553,"native_root_processing_bound","L3",8.705896478770093,8.1177910201529127,8.1177910201529127,8.8331464566372624,3,2,"gurobi_cb_mip_objbnd_valid_native_bound"
155.76222011144409,98.156867611444085,"native_root_processing_bound","L3",8.7059218051895417,8.1177910201529127,8.1177910201529127,8.8331464566372624,3,2,"gurobi_cb_mip_objbnd_valid_native_bound"
155.97922011907349,98.373867619073479,"native_root_processing_bound","L3",8.7060088519985008,8.1177910201529127,8.1177910201529127,8.8331464566372624,3,2,"gurobi_cb_mip_objbnd_valid_native_bound"
157.31321999128113,99.707867491281121,"native_root_processing_bound","L3",8.7075066985349032,8.1177910201529127,8.1177910201529127,8.8331464566372624,3,2,"gurobi_cb_mip_objbnd_valid_native_bound"
158.10522004659424,100.49986754659423,"native_root_processing_bound","L3",8.7078785242478336,8.1177910201529127,8.1177910201529127,8.8331464566372624,3,2,"gurobi_cb_mip_objbnd_valid_native_bound"
159.28922006185303,101.68386756185302,"native_root_processing_bound","L3",8.7083719061150155,8.1177910201529127,8.1177910201529127,8.8331464566372624,3,2,"gurobi_cb_mip_objbnd_valid_native_bound"
159.68222018773804,102.07686768773803,"native_root_processing_bound","L3",8.7084190266686257,8.1177910201529127,8.1177910201529127,8.8331464566372624,3,2,"gurobi_cb_mip_objbnd_valid_native_bound"
161.04922005231629,103.44386755231628,"native_root_processing_bound","L3",8.7092348868292984,8.1177910201529127,8.1177910201529127,8.8331464566372624,3,2,"gurobi_cb_mip_objbnd_valid_native_bound"
162.12621995504151,104.5208674550415,"native_root_processing_bound","L3",8.7092398479960327,8.1177910201529127,8.1177910201529127,8.8331464566372624,3,2,"gurobi_cb_mip_objbnd_valid_native_bound"
162.23222014005432,104.62686764005431,"native_root_processing_bound","L3",8.7092531559146913,8.1177910201529127,8.1177910201529127,8.8331464566372624,3,2,"gurobi_cb_mip_objbnd_valid_native_bound"
163.22922011907349,105.62386761907348,"native_root_processing_bound","L3",8.7095991553912562,8.1177910201529127,8.1177910201529127,8.8331464566372624,3,2,"gurobi_cb_mip_objbnd_valid_native_bound"
163.79422017629395,106.18886767629394,"native_root_processing_bound","L3",8.7096992742958559,8.1177910201529127,8.1177910201529127,8.8331464566372624,3,2,"gurobi_cb_mip_objbnd_valid_native_bound"
164.85621997411499,107.25086747411498,"native_root_processing_bound","L3",8.7099593720223147,8.1177910201529127,8.1177910201529127,8.8331464566372624,3,2,"gurobi_cb_mip_objbnd_valid_native_bound"
174.11722013051758,116.51186763051757,"native_root_processing_bound","L3",8.7099622456790105,8.1177910201529127,8.1177910201529127,8.8331464566372624,3,2,"gurobi_cb_mip_objbnd_valid_native_bound"
175.92622014577637,118.32086764577636,"terminal_mip_bound_improvement","L3",8.709979351519495,8.1177910201529127,8.1177910201529127,8.8331464566372624,3,2,"gurobi_cb_mip_objbnd_valid_native_bound"
192.57122012670288,134.96586762670287,"terminal_mip_bound_improvement","L3",8.7560628981046982,8.1177910201529127,8.1177910201529127,8.8331464566372624,3,2,"gurobi_cb_mip_objbnd_valid_native_bound"
194.43022009427796,136.82486759427795,"terminal_mip_bound_improvement","L3",8.7695410199946906,8.1177910201529127,8.1177910201529127,8.8331464566372624,3,2,"gurobi_cb_mip_objbnd_valid_native_bound"
201.81222006376038,144.20686756376037,"terminal_mip_bound_improvement","L3",8.7695840810663288,8.1177910201529127,8.1177910201529127,8.8331464566372624,3,2,"gurobi_cb_mip_objbnd_valid_native_bound"
216.08321997220764,158.47786747220763,"terminal_mip_bound_improvement","L3",8.769870312155156,8.1177910201529127,8.1177910201529127,8.8331464566372624,3,2,"gurobi_cb_mip_objbnd_valid_native_bound"
218.9992201,161.39386759999999,"terminal_mip_bound_improvement","L3",8.7812950815443749,8.1177910201529127,8.1177910201529127,8.8331464566372624,3,2,"gurobi_cb_mip_objbnd_valid_native_bound"
225.27922007138977,167.67386757138976,"terminal_mip_bound_improvement","L3",8.7819259293661656,8.1177910201529127,8.1177910201529127,8.8331464566372624,3,2,"gurobi_cb_mip_objbnd_valid_native_bound"
230.2162201076294,172.61086760762939,"terminal_mip_bound_improvement","L3",8.7888712065912848,8.1177910201529127,8.1177910201529127,8.8331464566372624,3,2,"gurobi_cb_mip_objbnd_valid_native_bound"
230.22022005613098,172.61486755613097,"terminal_mip_bound_improvement","L3",8.789078321467656,8.1177910201529127,8.1177910201529127,8.8331464566372624,3,2,"gurobi_cb_mip_objbnd_valid_native_bound"
230.45122000272522,172.84586750272521,"terminal_mip_bound_improvement","L3",8.7891984750004557,8.1177910201529127,8.1177910201529127,8.8331464566372624,3,2,"gurobi_cb_mip_objbnd_valid_native_bound"
230.48421999509583,172.87886749509582,"terminal_mip_bound_improvement","L3",8.7912628470023755,8.1177910201529127,8.1177910201529127,8.8331464566372624,3,2,"gurobi_cb_mip_objbnd_valid_native_bound"
230.94922014768372,173.34386764768371,"terminal_mip_bound_improvement","L3",8.7915239002782979,8.1177910201529127,8.1177910201529127,8.8331464566372624,3,2,"gurobi_cb_mip_objbnd_valid_native_bound"
232.44521996076355,174.83986746076354,"terminal_mip_bound_improvement","L3",8.7915841459192006,8.1177910201529127,8.1177910201529127,8.8331464566372624,3,2,"gurobi_cb_mip_objbnd_valid_native_bound"
232.76622005994568,175.16086755994567,"terminal_mip_bound_improvement","L3",8.7919559214779692,8.1177910201529127,8.1177910201529127,8.8331464566372624,3,2,"gurobi_cb_mip_objbnd_valid_native_bound"
235.33321997220764,177.72786747220763,"terminal_mip_bound_improvement","L3",8.7932294539136269,8.1177910201529127,8.1177910201529127,8.8331464566372624,3,2,"gurobi_cb_mip_objbnd_valid_native_bound"
235.70322009618531,178.0978675961853,"terminal_mip_bound_improvement","L3",8.7933006735211023,8.1177910201529127,8.1177910201529127,8.8331464566372624,3,2,"gurobi_cb_mip_objbnd_valid_native_bound"
238.21722003515015,180.61186753515014,"terminal_mip_bound_improvement","L3",8.7979810532356808,8.1177910201529127,8.1177910201529127,8.8331464566372624,3,2,"gurobi_cb_mip_objbnd_valid_native_bound"
238.75822016294251,181.1528676629425,"terminal_mip_bound_improvement","L3",8.798453954141003,8.1177910201529127,8.1177910201529127,8.8331464566372624,3,2,"gurobi_cb_mip_objbnd_valid_native_bound"
238.94322010572205,181.33786760572204,"terminal_mip_bound_improvement","L3",8.8001764760990433,8.1177910201529127,8.1177910201529127,8.8331464566372624,3,2,"gurobi_cb_mip_objbnd_valid_native_bound"
239.25822016294251,181.6528676629425,"terminal_mip_bound_improvement","L3",8.8014476576348049,8.1177910201529127,8.1177910201529127,8.8331464566372624,3,2,"gurobi_cb_mip_objbnd_valid_native_bound"
239.3742201,181.76886759999999,"terminal_mip_bound_improvement","L3",8.8027128652484947,8.1177910201529127,8.1177910201529127,8.8331464566372624,3,2,"gurobi_cb_mip_objbnd_valid_native_bound"
239.4752201705719,181.86986767057189,"terminal_mip_bound_improvement","L3",8.8027843302279756,8.1177910201529127,8.1177910201529127,8.8331464566372624,3,2,"gurobi_cb_mip_objbnd_valid_native_bound"
239.93821999128113,182.33286749128112,"terminal_mip_bound_improvement","L3",8.8032922242722513,8.1177910201529127,8.1177910201529127,8.8331464566372624,3,2,"gurobi_cb_mip_objbnd_valid_native_bound"
240.67122003133545,183.06586753133544,"terminal_mip_bound_improvement","L3",8.8033227280061812,8.1177910201529127,8.1177910201529127,8.8331464566372624,3,2,"gurobi_cb_mip_objbnd_valid_native_bound"
240.68022009427796,183.07486759427795,"terminal_mip_bound_improvement","L3",8.8042427404510679,8.1177910201529127,8.1177910201529127,8.8331464566372624,3,2,"gurobi_cb_mip_objbnd_valid_native_bound"
243.70322009618531,186.0978675961853,"terminal_mip_bound_improvement","L3",8.8044926837346154,8.1177910201529127,8.1177910201529127,8.8331464566372624,3,2,"gurobi_cb_mip_objbnd_valid_native_bound"
244.88022014196167,187.27486764196166,"terminal_mip_bound_improvement","L3",8.804739750807089,8.1177910201529127,8.1177910201529127,8.8331464566372624,3,2,"gurobi_cb_mip_objbnd_valid_native_bound"
244.93322011525879,187.32786761525878,"terminal_mip_bound_improvement","L3",8.8050412620535159,8.1177910201529127,8.1177910201529127,8.8331464566372624,3,2,"gurobi_cb_mip_objbnd_valid_native_bound"
245.7252201705719,188.11986767057189,"terminal_mip_bound_improvement","L3",8.8056194269492032,8.1177910201529127,8.1177910201529127,8.8331464566372624,3,2,"gurobi_cb_mip_objbnd_valid_native_bound"
245.82922002370606,188.22386752370605,"terminal_mip_bound_improvement","L3",8.8056367833050455,8.1177910201529127,8.1177910201529127,8.8331464566372624,3,2,"gurobi_cb_mip_objbnd_valid_native_bound"
248.45322009618531,190.8478675961853,"terminal_mip_bound_improvement","L3",8.8056514922254507,8.1177910201529127,8.1177910201529127,8.8331464566372624,3,2,"gurobi_cb_mip_objbnd_valid_native_bound"
248.69922014768372,191.09386764768371,"terminal_mip_bound_improvement","L3",8.8058875579417553,8.1177910201529127,8.1177910201529127,8.8331464566372624,3,2,"gurobi_cb_mip_objbnd_valid_native_bound"
248.97622009809265,191.37086759809264,"terminal_mip_bound_improvement","L3",8.8060369240596845,8.1177910201529127,8.1177910201529127,8.8331464566372624,3,2,"gurobi_cb_mip_objbnd_valid_native_bound"
249.1242201,191.51886759999999,"terminal_mip_bound_improvement","L3",8.8063575136996679,8.1177910201529127,8.1177910201529127,8.8331464566372624,3,2,"gurobi_cb_mip_objbnd_valid_native_bound"
249.52421995694885,191.91886745694885,"terminal_mip_bound_improvement","L3",8.8063690265982171,8.1177910201529127,8.1177910201529127,8.8331464566372624,3,2,"gurobi_cb_mip_objbnd_valid_native_bound"
249.6482200294281,192.04286752942809,"terminal_mip_bound_improvement","L3",8.8063914009515507,8.1177910201529127,8.1177910201529127,8.8331464566372624,3,2,"gurobi_cb_mip_objbnd_valid_native_bound"
249.72022005613098,192.11486755613097,"terminal_mip_bound_improvement","L3",8.8065485377655186,8.1177910201529127,8.1177910201529127,8.8331464566372624,3,2,"gurobi_cb_mip_objbnd_valid_native_bound"
249.86722013051758,192.26186763051757,"terminal_mip_bound_improvement","L3",8.8065506014512938,8.1177910201529127,8.1177910201529127,8.8331464566372624,3,2,"gurobi_cb_mip_objbnd_valid_native_bound"
249.99622007901917,192.39086757901916,"terminal_mip_bound_improvement","L3",8.8065653197324778,8.1177910201529127,8.1177910201529127,8.8331464566372624,3,2,"gurobi_cb_mip_objbnd_valid_native_bound"
250.19322010572205,192.58786760572204,"terminal_mip_bound_improvement","L3",8.8066767771087235,8.1177910201529127,8.1177910201529127,8.8331464566372624,3,2,"gurobi_cb_mip_objbnd_valid_native_bound"
250.26522013242493,192.65986763242492,"terminal_mip_bound_improvement","L3",8.8066931926984129,8.1177910201529127,8.1177910201529127,8.8331464566372624,3,2,"gurobi_cb_mip_objbnd_valid_native_bound"
250.9352199703003,193.32986747030029,"terminal_mip_bound_improvement","L3",8.8067377026039306,8.1177910201529127,8.1177910201529127,8.8331464566372624,3,2,"gurobi_cb_mip_objbnd_valid_native_bound"
251.28122016484986,193.67586766484985,"terminal_mip_bound_improvement","L3",8.8069286872486554,8.1177910201529127,8.1177910201529127,8.8331464566372624,3,2,"gurobi_cb_mip_objbnd_valid_native_bound"
251.28622004087219,193.68086754087219,"terminal_mip_bound_improvement","L3",8.8069922957045694,8.1177910201529127,8.1177910201529127,8.8331464566372624,3,2,"gurobi_cb_mip_objbnd_valid_native_bound"
251.3742201,193.76886759999999,"terminal_mip_bound_improvement","L3",8.8070623890968456,8.1177910201529127,8.1177910201529127,8.8331464566372624,3,2,"gurobi_cb_mip_objbnd_valid_native_bound"
251.56222006376038,193.95686756376037,"terminal_mip_bound_improvement","L3",8.8071471363874974,8.1177910201529127,8.1177910201529127,8.8331464566372624,3,2,"gurobi_cb_mip_objbnd_valid_native_bound"
251.95222016866455,194.34686766866454,"terminal_mip_bound_improvement","L3",8.8072640971038307,8.1177910201529127,8.1177910201529127,8.8331464566372624,3,2,"gurobi_cb_mip_objbnd_valid_native_bound"
252.19022008474121,194.5848675847412,"terminal_mip_bound_improvement","L3",8.8077256739944012,8.1177910201529127,8.1177910201529127,8.8331464566372624,3,2,"gurobi_cb_mip_objbnd_valid_native_bound"
252.72922011907349,195.12386761907348,"terminal_mip_bound_improvement","L3",8.8077497940563738,8.1177910201529127,8.1177910201529127,8.8331464566372624,3,2,"gurobi_cb_mip_objbnd_valid_native_bound"
252.74121996457825,195.13586746457824,"terminal_mip_bound_improvement","L3",8.8079636505362373,8.1177910201529127,8.1177910201529127,8.8331464566372624,3,2,"gurobi_cb_mip_objbnd_valid_native_bound"
254.43922015722046,196.83386765722045,"terminal_mip_bound_improvement","L3",8.8080032579853409,8.1177910201529127,8.1177910201529127,8.8331464566372624,3,2,"gurobi_cb_mip_objbnd_valid_native_bound"
254.53622004087219,196.93086754087219,"terminal_mip_bound_improvement","L3",8.8080565343569059,8.1177910201529127,8.1177910201529127,8.8331464566372624,3,2,"gurobi_cb_mip_objbnd_valid_native_bound"
255.24822017247925,197.64286767247924,"terminal_mip_bound_improvement","L3",8.8080871456884893,8.1177910201529127,8.1177910201529127,8.8331464566372624,3,2,"gurobi_cb_mip_objbnd_valid_native_bound"
256.69622012670288,199.09086762670287,"terminal_mip_bound_improvement","L3",8.8092204880486182,8.1177910201529127,8.1177910201529127,8.8331464566372624,3,2,"gurobi_cb_mip_objbnd_valid_native_bound"
257.28322001989136,199.67786751989135,"terminal_mip_bound_improvement","L3",8.8094007497208136,8.1177910201529127,8.1177910201529127,8.8331464566372624,3,2,"gurobi_cb_mip_objbnd_valid_native_bound"
257.42122003133545,199.81586753133544,"terminal_mip_bound_improvement","L3",8.8095090989564131,8.1177910201529127,8.1177910201529127,8.8331464566372624,3,2,"gurobi_cb_mip_objbnd_valid_native_bound"
257.85522004659424,200.24986754659423,"terminal_mip_bound_improvement","L3",8.8098607734462782,8.1177910201529127,8.1177910201529127,8.8331464566372624,3,2,"gurobi_cb_mip_objbnd_valid_native_bound"
261.61022016103516,204.00486766103515,"terminal_mip_bound_improvement","L3",8.810003001465784,8.1177910201529127,8.1177910201529127,8.8331464566372624,3,2,"gurobi_cb_mip_objbnd_valid_native_bound"
261.84822007711182,204.24286757711181,"terminal_mip_bound_improvement","L3",8.8103847458400359,8.1177910201529127,8.1177910201529127,8.8331464566372624,3,2,"gurobi_cb_mip_objbnd_valid_native_bound"
262.01522013242493,204.40986763242492,"terminal_mip_bound_improvement","L3",8.8108647131866515,8.1177910201529127,8.1177910201529127,8.8331464566372624,3,2,"gurobi_cb_mip_objbnd_valid_native_bound"
262.11022016103516,204.50486766103515,"terminal_mip_bound_improvement","L3",8.8109403109894675,8.1177910201529127,8.1177910201529127,8.8331464566372624,3,2,"gurobi_cb_mip_objbnd_valid_native_bound"
264.0672201782013,206.46186767820129,"terminal_mip_bound_improvement","L3",8.8109730339694821,8.1177910201529127,8.1177910201529127,8.8331464566372624,3,2,"gurobi_cb_mip_objbnd_valid_native_bound"
264.32622000272522,206.72086750272521,"terminal_mip_bound_improvement","L3",8.8111135443774007,8.1177910201529127,8.1177910201529127,8.8331464566372624,3,2,"gurobi_cb_mip_objbnd_valid_native_bound"
264.52822014386902,206.92286764386901,"terminal_mip_bound_improvement","L3",8.8111517970139825,8.1177910201529127,8.1177910201529127,8.8331464566372624,3,2,"gurobi_cb_mip_objbnd_valid_native_bound"
264.82922002370606,207.22386752370605,"terminal_mip_bound_improvement","L3",8.8119358850898344,8.1177910201529127,8.1177910201529127,8.8331464566372624,3,2,"gurobi_cb_mip_objbnd_valid_native_bound"
264.83621999318848,207.23086749318847,"terminal_mip_bound_improvement","L3",8.8126030291675583,8.1177910201529127,8.1177910201529127,8.8331464566372624,3,2,"gurobi_cb_mip_objbnd_valid_native_bound"
266.65221997792969,209.04686747792968,"terminal_mip_bound_improvement","L3",8.8126082962613843,8.1177910201529127,8.1177910201529127,8.8331464566372624,3,2,"gurobi_cb_mip_objbnd_valid_native_bound"
266.76822015340576,209.16286765340575,"terminal_mip_bound_improvement","L3",8.8129228438523128,8.1177910201529127,8.1177910201529127,8.8331464566372624,3,2,"gurobi_cb_mip_objbnd_valid_native_bound"
267.84922000463257,210.24386750463256,"terminal_mip_bound_improvement","L3",8.812930174478657,8.1177910201529127,8.1177910201529127,8.8331464566372624,3,2,"gurobi_cb_mip_objbnd_valid_native_bound"
267.90322014386902,210.29786764386901,"terminal_mip_bound_improvement","L3",8.8132086630572726,8.1177910201529127,8.1177910201529127,8.8331464566372624,3,2,"gurobi_cb_mip_objbnd_valid_native_bound"
268.36621996457825,210.76086746457824,"terminal_mip_bound_improvement","L3",8.8132601422965902,8.1177910201529127,8.1177910201529127,8.8331464566372624,3,2,"gurobi_cb_mip_objbnd_valid_native_bound"
268.56522008474121,210.9598675847412,"terminal_mip_bound_improvement","L3",8.8133068115220343,8.1177910201529127,8.1177910201529127,8.8331464566372624,3,2,"gurobi_cb_mip_objbnd_valid_native_bound"
268.78422018583069,211.17886768583068,"terminal_mip_bound_improvement","L3",8.8133636887276321,8.1177910201529127,8.1177910201529127,8.8331464566372624,3,2,"gurobi_cb_mip_objbnd_valid_native_bound"
268.96422001416931,211.3588675141693,"terminal_mip_bound_improvement","L3",8.8134863759662085,8.1177910201529127,8.1177910201529127,8.8331464566372624,3,2,"gurobi_cb_mip_objbnd_valid_native_bound"
269.39022013242493,211.78486763242492,"terminal_mip_bound_improvement","L3",8.8135629229054775,8.1177910201529127,8.1177910201529127,8.8331464566372624,3,2,"gurobi_cb_mip_objbnd_valid_native_bound"
269.55522009427796,211.94986759427795,"terminal_mip_bound_improvement","L3",8.8136233929582311,8.1177910201529127,8.1177910201529127,8.8331464566372624,3,2,"gurobi_cb_mip_objbnd_valid_native_bound"
269.55822011525879,211.95286761525878,"terminal_mip_bound_improvement","L3",8.8140158788595713,8.1177910201529127,8.1177910201529127,8.8331464566372624,3,2,"gurobi_cb_mip_objbnd_valid_native_bound"
269.8502201705719,212.24486767057189,"terminal_mip_bound_improvement","L3",8.8140602973452911,8.1177910201529127,8.1177910201529127,8.8331464566372624,3,2,"gurobi_cb_mip_objbnd_valid_native_bound"
270.11822005803833,212.51286755803832,"terminal_mip_bound_improvement","L3",8.8141233772749707,8.1177910201529127,8.1177910201529127,8.8331464566372624,3,2,"gurobi_cb_mip_objbnd_valid_native_bound"
270.25222012098084,212.64686762098083,"terminal_mip_bound_improvement","L3",8.8141484593962112,8.1177910201529127,8.1177910201529127,8.8331464566372624,3,2,"gurobi_cb_mip_objbnd_valid_native_bound"
270.26522013242493,212.65986763242492,"terminal_mip_bound_improvement","L3",8.8143707745517332,8.1177910201529127,8.1177910201529127,8.8331464566372624,3,2,"gurobi_cb_mip_objbnd_valid_native_bound"
270.51922008092652,212.91386758092651,"terminal_mip_bound_improvement","L3",8.8145233956502853,8.1177910201529127,8.1177910201529127,8.8331464566372624,3,2,"gurobi_cb_mip_objbnd_valid_native_bound"
270.53021999891052,212.92486749891052,"terminal_mip_bound_improvement","L3",8.8145752751868383,8.1177910201529127,8.1177910201529127,8.8331464566372624,3,2,"gurobi_cb_mip_objbnd_valid_native_bound"
270.62222000653992,213.01686750653991,"terminal_mip_bound_improvement","L3",8.8146385215306164,8.1177910201529127,8.1177910201529127,8.8331464566372624,3,2,"gurobi_cb_mip_objbnd_valid_native_bound"
270.77822014386902,213.17286764386901,"terminal_mip_bound_improvement","L3",8.8147454364180309,8.1177910201529127,8.1177910201529127,8.8331464566372624,3,2,"gurobi_cb_mip_objbnd_valid_native_bound"
270.97222014959107,213.36686764959106,"terminal_mip_bound_improvement","L3",8.8149816671785803,8.1177910201529127,8.1177910201529127,8.8331464566372624,3,2,"gurobi_cb_mip_objbnd_valid_native_bound"
270.98222014005432,213.37686764005431,"terminal_mip_bound_improvement","L3",8.8150421250768911,8.1177910201529127,8.1177910201529127,8.8331464566372624,3,2,"gurobi_cb_mip_objbnd_valid_native_bound"
270.99121996457825,213.38586746457824,"terminal_mip_bound_improvement","L3",8.8151763770416594,8.1177910201529127,8.1177910201529127,8.8331464566372624,3,2,"gurobi_cb_mip_objbnd_valid_native_bound"
271.16122004087219,213.55586754087219,"terminal_mip_bound_improvement","L3",8.8151871319203554,8.1177910201529127,8.1177910201529127,8.8331464566372624,3,2,"gurobi_cb_mip_objbnd_valid_native_bound"
271.17122003133545,213.56586753133544,"terminal_mip_bound_improvement","L3",8.8154016106218656,8.1177910201529127,8.1177910201529127,8.8331464566372624,3,2,"gurobi_cb_mip_objbnd_valid_native_bound"
271.18622013623963,213.58086763623962,"terminal_mip_bound_improvement","L3",8.8155076791778519,8.1177910201529127,8.1177910201529127,8.8331464566372624,3,2,"gurobi_cb_mip_objbnd_valid_native_bound"
271.34822007711182,213.74286757711181,"terminal_mip_bound_improvement","L3",8.8155277666922238,8.1177910201529127,8.1177910201529127,8.8331464566372624,3,2,"gurobi_cb_mip_objbnd_valid_native_bound"
271.35822006757508,213.75286756757507,"terminal_mip_bound_improvement","L3",8.8156154008646457,8.1177910201529127,8.1177910201529127,8.8331464566372624,3,2,"gurobi_cb_mip_objbnd_valid_native_bound"
271.36921998555908,213.76386748555908,"terminal_mip_bound_improvement","L3",8.8157478254465058,8.1177910201529127,8.1177910201529127,8.8331464566372624,3,2,"gurobi_cb_mip_objbnd_valid_native_bound"
271.38722011144409,213.78186761144408,"terminal_mip_bound_improvement","L3",8.815885297201504,8.1177910201529127,8.1177910201529127,8.8331464566372624,3,2,"gurobi_cb_mip_objbnd_valid_native_bound"
271.5672201782013,213.96186767820129,"terminal_mip_bound_improvement","L3",8.8158927230013546,8.1177910201529127,8.1177910201529127,8.8331464566372624,3,2,"gurobi_cb_mip_objbnd_valid_native_bound"
271.57722016866455,213.97186766866454,"terminal_mip_bound_improvement","L3",8.8159098366642823,8.1177910201529127,8.1177910201529127,8.8331464566372624,3,2,"gurobi_cb_mip_objbnd_valid_native_bound"
271.59222003515015,213.98686753515014,"terminal_mip_bound_improvement","L3",8.8159816492663978,8.1177910201529127,8.1177910201529127,8.8331464566372624,3,2,"gurobi_cb_mip_objbnd_valid_native_bound"
271.77622005040894,214.17086755040893,"terminal_mip_bound_improvement","L3",8.8161340882754828,8.1177910201529127,8.1177910201529127,8.8331464566372624,3,2,"gurobi_cb_mip_objbnd_valid_native_bound"
271.79122015531311,214.1858676553131,"terminal_mip_bound_improvement","L3",8.81620884332545,8.1177910201529127,8.1177910201529127,8.8331464566372624,3,2,"gurobi_cb_mip_objbnd_valid_native_bound"
271.80021997983704,214.19486747983703,"terminal_mip_bound_improvement","L3",8.8164293572856494,8.1177910201529127,8.1177910201529127,8.8331464566372624,3,2,"gurobi_cb_mip_objbnd_valid_native_bound"
271.8102199703003,214.20486747030029,"terminal_mip_bound_improvement","L3",8.8164960132089938,8.1177910201529127,8.1177910201529127,8.8331464566372624,3,2,"gurobi_cb_mip_objbnd_valid_native_bound"
271.96722003515015,214.36186753515014,"terminal_mip_bound_improvement","L3",8.8164964041688201,8.1177910201529127,8.1177910201529127,8.8331464566372624,3,2,"gurobi_cb_mip_objbnd_valid_native_bound"
271.97821995313416,214.37286745313415,"terminal_mip_bound_improvement","L3",8.8164988225806518,8.1177910201529127,8.1177910201529127,8.8331464566372624,3,2,"gurobi_cb_mip_objbnd_valid_native_bound"
271.98522016103516,214.37986766103515,"terminal_mip_bound_improvement","L3",8.8165523002241688,8.1177910201529127,8.1177910201529127,8.8331464566372624,3,2,"gurobi_cb_mip_objbnd_valid_native_bound"
271.99722000653992,214.39186750653991,"terminal_mip_bound_improvement","L3",8.8167146613175991,8.1177910201529127,8.1177910201529127,8.8331464566372624,3,2,"gurobi_cb_mip_objbnd_valid_native_bound"
272.01622005994568,214.41086755994567,"terminal_mip_bound_improvement","L3",8.8168985192997145,8.1177910201529127,8.1177910201529127,8.8331464566372624,3,2,"gurobi_cb_mip_objbnd_valid_native_bound"
272.02622005040894,214.42086755040893,"terminal_mip_bound_improvement","L3",8.816910787145293,8.1177910201529127,8.1177910201529127,8.8331464566372624,3,2,"gurobi_cb_mip_objbnd_valid_native_bound"
272.62621995504151,215.0208674550415,"terminal_mip_bound_improvement","L3",8.8169895258193716,8.1177910201529127,8.1177910201529127,8.8331464566372624,3,2,"gurobi_cb_mip_objbnd_valid_native_bound"
272.63822003896485,215.03286753896484,"terminal_mip_bound_improvement","L3",8.8170118345527069,8.1177910201529127,8.1177910201529127,8.8331464566372624,3,2,"gurobi_cb_mip_objbnd_valid_native_bound"
272.64322015340576,215.03786765340575,"terminal_mip_bound_improvement","L3",8.8170572776094787,8.1177910201529127,8.1177910201529127,8.8331464566372624,3,2,"gurobi_cb_mip_objbnd_valid_native_bound"
272.86222001607666,215.25686751607665,"terminal_mip_bound_improvement","L3",8.8170572779896883,8.1177910201529127,8.1177910201529127,8.8331464566372624,3,2,"gurobi_cb_mip_objbnd_valid_native_bound"
272.88022014196167,215.27486764196166,"terminal_mip_bound_improvement","L3",8.8171150281610071,8.1177910201529127,8.1177910201529127,8.8331464566372624,3,2,"gurobi_cb_mip_objbnd_valid_native_bound"
272.88822003896485,215.28286753896484,"terminal_mip_bound_improvement","L3",8.8171810509599045,8.1177910201529127,8.1177910201529127,8.8331464566372624,3,2,"gurobi_cb_mip_objbnd_valid_native_bound"
272.90622016484986,215.30086766484985,"terminal_mip_bound_improvement","L3",8.8173312104470902,8.1177910201529127,8.1177910201529127,8.8331464566372624,3,2,"gurobi_cb_mip_objbnd_valid_native_bound"
273.10522004659424,215.49986754659423,"terminal_mip_bound_improvement","L3",8.8174081274741205,8.1177910201529127,8.1177910201529127,8.8331464566372624,3,2,"gurobi_cb_mip_objbnd_valid_native_bound"
273.11621996457825,215.51086746457824,"terminal_mip_bound_improvement","L3",8.8174260420683517,8.1177910201529127,8.1177910201529127,8.8331464566372624,3,2,"gurobi_cb_mip_objbnd_valid_native_bound"
273.1242201,215.51886759999999,"terminal_mip_bound_improvement","L3",8.8175871654410987,8.1177910201529127,8.1177910201529127,8.8331464566372624,3,2,"gurobi_cb_mip_objbnd_valid_native_bound"
273.12822004850159,215.52286754850158,"terminal_mip_bound_improvement","L3",8.8175974700874615,8.1177910201529127,8.1177910201529127,8.8331464566372624,3,2,"gurobi_cb_mip_objbnd_valid_native_bound"
273.18722006376038,215.58186756376037,"terminal_mip_bound_improvement","L3",8.8177349366104121,8.1177910201529127,8.1177910201529127,8.8331464566372624,3,2,"gurobi_cb_mip_objbnd_valid_native_bound"
273.19722005422364,215.59186755422363,"terminal_mip_bound_improvement","L3",8.8177975453087463,8.1177910201529127,8.1177910201529127,8.8331464566372624,3,2,"gurobi_cb_mip_objbnd_valid_native_bound"
273.20821997220764,215.60286747220763,"terminal_mip_bound_improvement","L3",8.8178221428297707,8.1177910201529127,8.1177910201529127,8.8331464566372624,3,2,"gurobi_cb_mip_objbnd_valid_native_bound"
273.2972199588562,215.69186745885619,"terminal_mip_bound_improvement","L3",8.8178445252891233,8.1177910201529127,8.1177910201529127,8.8331464566372624,3,2,"gurobi_cb_mip_objbnd_valid_native_bound"
273.38221999700318,215.77686749700317,"terminal_mip_bound_improvement","L3",8.8179175142898085,8.1177910201529127,8.1177910201529127,8.8331464566372624,3,2,"gurobi_cb_mip_objbnd_valid_native_bound"
273.39322015340576,215.78786765340575,"terminal_mip_bound_improvement","L3",8.8179446162672264,8.1177910201529127,8.1177910201529127,8.8331464566372624,3,2,"gurobi_cb_mip_objbnd_valid_native_bound"
273.46522018010864,215.85986768010864,"terminal_mip_bound_improvement","L3",8.8181237449046179,8.1177910201529127,8.1177910201529127,8.8331464566372624,3,2,"gurobi_cb_mip_objbnd_valid_native_bound"
273.47622009809265,215.87086759809264,"terminal_mip_bound_improvement","L3",8.8181293350117862,8.1177910201529127,8.1177910201529127,8.8331464566372624,3,2,"gurobi_cb_mip_objbnd_valid_native_bound"
273.71222015912781,216.1068676591278,"terminal_mip_bound_improvement","L3",8.8181804203706218,8.1177910201529127,8.1177910201529127,8.8331464566372624,3,2,"gurobi_cb_mip_objbnd_valid_native_bound"
273.93122002179871,216.3258675217987,"terminal_mip_bound_improvement","L3",8.8182114278956494,8.1177910201529127,8.1177910201529127,8.8331464566372624,3,2,"gurobi_cb_mip_objbnd_valid_native_bound"
274.00622006948242,216.40086756948241,"terminal_mip_bound_improvement","L3",8.8182607141531903,8.1177910201529127,8.1177910201529127,8.8331464566372624,3,2,"gurobi_cb_mip_objbnd_valid_native_bound"
274.01721998746643,216.41186748746642,"terminal_mip_bound_improvement","L3",8.8182896921554175,8.1177910201529127,8.1177910201529127,8.8331464566372624,3,2,"gurobi_cb_mip_objbnd_valid_native_bound"
274.24121996457825,216.63586746457824,"terminal_mip_bound_improvement","L3",8.8183361790406174,8.1177910201529127,8.1177910201529127,8.8331464566372624,3,2,"gurobi_cb_mip_objbnd_valid_native_bound"
274.24622007901917,216.64086757901916,"terminal_mip_bound_improvement","L3",8.8183711021579647,8.1177910201529127,8.1177910201529127,8.8331464566372624,3,2,"gurobi_cb_mip_objbnd_valid_native_bound"
274.50721999700318,216.90186749700317,"terminal_mip_bound_improvement","L3",8.8183774932625454,8.1177910201529127,8.1177910201529127,8.8331464566372624,3,2,"gurobi_cb_mip_objbnd_valid_native_bound"
274.51822015340576,216.91286765340575,"terminal_mip_bound_improvement","L3",8.8183810989909563,8.1177910201529127,8.1177910201529127,8.8331464566372624,3,2,"gurobi_cb_mip_objbnd_valid_native_bound"
274.53822013433228,216.93286763433227,"terminal_mip_bound_improvement","L3",8.8184065656149926,8.1177910201529127,8.1177910201529127,8.8331464566372624,3,2,"gurobi_cb_mip_objbnd_valid_native_bound"
274.5472199588562,216.94186745885619,"terminal_mip_bound_improvement","L3",8.8184764143741248,8.1177910201529127,8.1177910201529127,8.8331464566372624,3,2,"gurobi_cb_mip_objbnd_valid_native_bound"
274.55722018773804,216.95186768773803,"terminal_mip_bound_improvement","L3",8.8185120154163599,8.1177910201529127,8.1177910201529127,8.8331464566372624,3,2,"gurobi_cb_mip_objbnd_valid_native_bound"
274.56122013623963,216.95586763623962,"terminal_mip_bound_improvement","L3",8.8185579097743325,8.1177910201529127,8.1177910201529127,8.8331464566372624,3,2,"gurobi_cb_mip_objbnd_valid_native_bound"
274.57122012670288,216.96586762670287,"terminal_mip_bound_improvement","L3",8.8186595743462988,8.1177910201529127,8.1177910201529127,8.8331464566372624,3,2,"gurobi_cb_mip_objbnd_valid_native_bound"
274.69322010572205,217.08786760572204,"terminal_mip_bound_improvement","L3",8.8186788496758961,8.1177910201529127,8.1177910201529127,8.8331464566372624,3,2,"gurobi_cb_mip_objbnd_valid_native_bound"
274.70322009618531,217.0978675961853,"terminal_mip_bound_improvement","L3",8.818691685440804,8.1177910201529127,8.1177910201529127,8.8331464566372624,3,2,"gurobi_cb_mip_objbnd_valid_native_bound"
274.77822014386902,217.17286764386901,"terminal_mip_bound_improvement","L3",8.8187275083933425,8.1177910201529127,8.1177910201529127,8.8331464566372624,3,2,"gurobi_cb_mip_objbnd_valid_native_bound"
274.96522018010864,217.35986768010864,"terminal_mip_bound_improvement","L3",8.8187502380915639,8.1177910201529127,8.1177910201529127,8.8331464566372624,3,2,"gurobi_cb_mip_objbnd_valid_native_bound"
275.26122018392334,217.65586768392333,"terminal_mip_bound_improvement","L3",8.8187617228855686,8.1177910201529127,8.1177910201529127,8.8331464566372624,3,2,"gurobi_cb_mip_objbnd_valid_native_bound"
275.27522012288819,217.66986762288818,"terminal_mip_bound_improvement","L3",8.8188651900351065,8.1177910201529127,8.1177910201529127,8.8331464566372624,3,2,"gurobi_cb_mip_objbnd_valid_native_bound"
275.27922007138977,217.67386757138976,"terminal_mip_bound_improvement","L3",8.8188704629985004,8.1177910201529127,8.1177910201529127,8.8331464566372624,3,2,"gurobi_cb_mip_objbnd_valid_native_bound"
275.28922006185303,217.68386756185302,"terminal_mip_bound_improvement","L3",8.8188829032390625,8.1177910201529127,8.1177910201529127,8.8331464566372624,3,2,"gurobi_cb_mip_objbnd_valid_native_bound"
275.30322000081787,217.69786750081786,"terminal_mip_bound_improvement","L3",8.8190838503241835,8.1177910201529127,8.1177910201529127,8.8331464566372624,3,2,"gurobi_cb_mip_objbnd_valid_native_bound"
275.3102199703003,217.70486747030029,"terminal_mip_bound_improvement","L3",8.8190843312811964,8.1177910201529127,8.1177910201529127,8.8331464566372624,3,2,"gurobi_cb_mip_objbnd_valid_native_bound"
275.31422015722046,217.70886765722045,"terminal_mip_bound_improvement","L3",8.8191117544703168,8.1177910201529127,8.1177910201529127,8.8331464566372624,3,2,"gurobi_cb_mip_objbnd_valid_native_bound"
275.45522018964539,217.84986768964538,"terminal_mip_bound_improvement","L3",8.8193123800929119,8.1177910201529127,8.1177910201529127,8.8331464566372624,3,2,"gurobi_cb_mip_objbnd_valid_native_bound"
275.5602199703003,217.95486747030029,"terminal_mip_bound_improvement","L3",8.8193421063719182,8.1177910201529127,8.1177910201529127,8.8331464566372624,3,2,"gurobi_cb_mip_objbnd_valid_native_bound"
275.57321998174439,217.96786748174438,"terminal_mip_bound_improvement","L3",8.8193454008551253,8.1177910201529127,8.1177910201529127,8.8331464566372624,3,2,"gurobi_cb_mip_objbnd_valid_native_bound"
275.68422004277954,218.07886754277953,"terminal_mip_bound_improvement","L3",8.8193459026299728,8.1177910201529127,8.1177910201529127,8.8331464566372624,3,2,"gurobi_cb_mip_objbnd_valid_native_bound"
275.73822018201599,218.13286768201598,"terminal_mip_bound_improvement","L3",8.8193657327718658,8.1177910201529127,8.1177910201529127,8.8331464566372624,3,2,"gurobi_cb_mip_objbnd_valid_native_bound"
275.7492201,218.14386759999999,"terminal_mip_bound_improvement","L3",8.8194540107668722,8.1177910201529127,8.1177910201529127,8.8331464566372624,3,2,"gurobi_cb_mip_objbnd_valid_native_bound"
275.82122012670288,218.21586762670287,"terminal_mip_bound_improvement","L3",8.8194733486259693,8.1177910201529127,8.1177910201529127,8.8331464566372624,3,2,"gurobi_cb_mip_objbnd_valid_native_bound"
275.8652200370575,218.25986753705749,"terminal_mip_bound_improvement","L3",8.8194751498944353,8.1177910201529127,8.1177910201529127,8.8331464566372624,3,2,"gurobi_cb_mip_objbnd_valid_native_bound"
275.87722012098084,218.27186762098083,"terminal_mip_bound_improvement","L3",8.8195009556794872,8.1177910201529127,8.1177910201529127,8.8331464566372624,3,2,"gurobi_cb_mip_objbnd_valid_native_bound"
275.88122006948242,218.27586756948241,"terminal_mip_bound_improvement","L3",8.8195764774965113,8.1177910201529127,8.1177910201529127,8.8331464566372624,3,2,"gurobi_cb_mip_objbnd_valid_native_bound"
275.89122005994568,218.28586755994567,"terminal_mip_bound_improvement","L3",8.819593077366811,8.1177910201529127,8.1177910201529127,8.8331464566372624,3,2,"gurobi_cb_mip_objbnd_valid_native_bound"
275.8962201743866,218.29086767438659,"terminal_mip_bound_improvement","L3",8.8196004784549515,8.1177910201529127,8.1177910201529127,8.8331464566372624,3,2,"gurobi_cb_mip_objbnd_valid_native_bound"
275.90022012288819,218.29486762288818,"terminal_mip_bound_improvement","L3",8.819612880182623,8.1177910201529127,8.1177910201529127,8.8331464566372624,3,2,"gurobi_cb_mip_objbnd_valid_native_bound"
275.91122004087219,218.30586754087219,"terminal_mip_bound_improvement","L3",8.8196412186860798,8.1177910201529127,8.1177910201529127,8.8331464566372624,3,2,"gurobi_cb_mip_objbnd_valid_native_bound"
275.98022004659424,218.37486754659423,"terminal_mip_bound_improvement","L3",8.8196698373447173,8.1177910201529127,8.1177910201529127,8.8331464566372624,3,2,"gurobi_cb_mip_objbnd_valid_native_bound"
275.99522015149842,218.38986765149841,"terminal_mip_bound_improvement","L3",8.819698547337941,8.1177910201529127,8.1177910201529127,8.8331464566372624,3,2,"gurobi_cb_mip_objbnd_valid_native_bound"
276.00622006948242,218.40086756948241,"terminal_mip_bound_improvement","L3",8.8197208571628494,8.1177910201529127,8.1177910201529127,8.8331464566372624,3,2,"gurobi_cb_mip_objbnd_valid_native_bound"
276.08122011716614,218.47586761716613,"terminal_mip_bound_improvement","L3",8.8197591045152528,8.1177910201529127,8.1177910201529127,8.8331464566372624,3,2,"gurobi_cb_mip_objbnd_valid_native_bound"
276.09022018010864,218.48486768010864,"terminal_mip_bound_improvement","L3",8.8197619305005315,8.1177910201529127,8.1177910201529127,8.8331464566372624,3,2,"gurobi_cb_mip_objbnd_valid_native_bound"
276.09922000463257,218.49386750463256,"terminal_mip_bound_improvement","L3",8.8197705626962009,8.1177910201529127,8.1177910201529127,8.8331464566372624,3,2,"gurobi_cb_mip_objbnd_valid_native_bound"
276.11222001607666,218.50686751607665,"terminal_mip_bound_improvement","L3",8.8197853007925087,8.1177910201529127,8.1177910201529127,8.8331464566372624,3,2,"gurobi_cb_mip_objbnd_valid_native_bound"
276.11822005803833,218.51286755803832,"terminal_mip_bound_improvement","L3",8.8198225028293749,8.1177910201529127,8.1177910201529127,8.8331464566372624,3,2,"gurobi_cb_mip_objbnd_valid_native_bound"
276.12522002752075,218.51986752752074,"terminal_mip_bound_improvement","L3",8.8198235602547186,8.1177910201529127,8.1177910201529127,8.8331464566372624,3,2,"gurobi_cb_mip_objbnd_valid_native_bound"
276.13422009046326,218.52886759046325,"terminal_mip_bound_improvement","L3",8.8198418973748733,8.1177910201529127,8.1177910201529127,8.8331464566372624,3,2,"gurobi_cb_mip_objbnd_valid_native_bound"
276.14422008092652,218.53886758092651,"terminal_mip_bound_improvement","L3",8.8198934104254203,8.1177910201529127,8.1177910201529127,8.8331464566372624,3,2,"gurobi_cb_mip_objbnd_valid_native_bound"
276.15922018583069,218.55386768583068,"terminal_mip_bound_improvement","L3",8.8199202173134204,8.1177910201529127,8.1177910201529127,8.8331464566372624,3,2,"gurobi_cb_mip_objbnd_valid_native_bound"
276.16322013433228,218.55786763433227,"terminal_mip_bound_improvement","L3",8.8199617715304726,8.1177910201529127,8.1177910201529127,8.8331464566372624,3,2,"gurobi_cb_mip_objbnd_valid_native_bound"
276.17521997983704,218.56986747983703,"terminal_mip_bound_improvement","L3",8.819975211685966,8.1177910201529127,8.1177910201529127,8.8331464566372624,3,2,"gurobi_cb_mip_objbnd_valid_native_bound"
276.19122001226197,218.58586751226196,"terminal_mip_bound_improvement","L3",8.820008204074604,8.1177910201529127,8.1177910201529127,8.8331464566372624,3,2,"gurobi_cb_mip_objbnd_valid_native_bound"
276.20322009618531,218.5978675961853,"terminal_mip_bound_improvement","L3",8.8200153485293136,8.1177910201529127,8.1177910201529127,8.8331464566372624,3,2,"gurobi_cb_mip_objbnd_valid_native_bound"
276.20922013814697,218.60386763814697,"terminal_mip_bound_improvement","L3",8.8200520572280237,8.1177910201529127,8.1177910201529127,8.8331464566372624,3,2,"gurobi_cb_mip_objbnd_valid_native_bound"
276.22322007711182,218.61786757711181,"terminal_mip_bound_improvement","L3",8.8200735076174563,8.1177910201529127,8.1177910201529127,8.8331464566372624,3,2,"gurobi_cb_mip_objbnd_valid_native_bound"
276.22722002561341,218.6218675256134,"terminal_mip_bound_improvement","L3",8.8200738520168347,8.1177910201529127,8.1177910201529127,8.8331464566372624,3,2,"gurobi_cb_mip_objbnd_valid_native_bound"
276.23922010953675,218.63386760953674,"terminal_mip_bound_improvement","L3",8.8201270482966034,8.1177910201529127,8.1177910201529127,8.8331464566372624,3,2,"gurobi_cb_mip_objbnd_valid_native_bound"
276.25322004850159,218.64786754850158,"terminal_mip_bound_improvement","L3",8.8201458865626954,8.1177910201529127,8.1177910201529127,8.8331464566372624,3,2,"gurobi_cb_mip_objbnd_valid_native_bound"
276.25721999700318,218.65186749700317,"terminal_mip_bound_improvement","L3",8.8201986338066511,8.1177910201529127,8.1177910201529127,8.8331464566372624,3,2,"gurobi_cb_mip_objbnd_valid_native_bound"
276.32722016866455,218.72186766866454,"terminal_mip_bound_improvement","L3",8.8202314577648,8.1177910201529127,8.1177910201529127,8.8331464566372624,3,2,"gurobi_cb_mip_objbnd_valid_native_bound"
276.42822000081787,218.82286750081786,"terminal_mip_bound_improvement","L3",8.8203548555168378,8.1177910201529127,8.1177910201529127,8.8331464566372624,3,2,"gurobi_cb_mip_objbnd_valid_native_bound"
276.43922015722046,218.83386765722045,"terminal_mip_bound_improvement","L3",8.8204103697373775,8.1177910201529127,8.1177910201529127,8.8331464566372624,3,2,"gurobi_cb_mip_objbnd_valid_native_bound"
276.45122000272522,218.84586750272521,"terminal_mip_bound_improvement","L3",8.8204125364550734,8.1177910201529127,8.1177910201529127,8.8331464566372624,3,2,"gurobi_cb_mip_objbnd_valid_native_bound"
276.69922014768372,219.09386764768371,"terminal_mip_bound_improvement","L3",8.8206337586374861,8.1177910201529127,8.1177910201529127,8.8331464566372624,3,2,"gurobi_cb_mip_objbnd_valid_native_bound"
276.70422002370606,219.09886752370605,"terminal_mip_bound_improvement","L3",8.820639810557898,8.1177910201529127,8.1177910201529127,8.8331464566372624,3,2,"gurobi_cb_mip_objbnd_valid_native_bound"
276.79222008283386,219.18686758283386,"terminal_mip_bound_improvement","L3",8.820725503083013,8.1177910201529127,8.1177910201529127,8.8331464566372624,3,2,"gurobi_cb_mip_objbnd_valid_native_bound"
276.83422013814697,219.22886763814697,"terminal_mip_bound_improvement","L3",8.8207611260628713,8.1177910201529127,8.1177910201529127,8.8331464566372624,3,2,"gurobi_cb_mip_objbnd_valid_native_bound"
276.84522005613098,219.23986755613097,"terminal_mip_bound_improvement","L3",8.8207900997230766,8.1177910201529127,8.1177910201529127,8.8331464566372624,3,2,"gurobi_cb_mip_objbnd_valid_native_bound"
276.85621997411499,219.25086747411498,"terminal_mip_bound_improvement","L3",8.820791830582662,8.1177910201529127,8.1177910201529127,8.8331464566372624,3,2,"gurobi_cb_mip_objbnd_valid_native_bound"
276.8652200370575,219.25986753705749,"terminal_mip_bound_improvement","L3",8.8208048356893745,8.1177910201529127,8.1177910201529127,8.8331464566372624,3,2,"gurobi_cb_mip_objbnd_valid_native_bound"
277.00622006948242,219.40086756948241,"terminal_mip_bound_improvement","L3",8.820827416494792,8.1177910201529127,8.1177910201529127,8.8331464566372624,3,2,"gurobi_cb_mip_objbnd_valid_native_bound"
277.0672201782013,219.46186767820129,"terminal_mip_bound_improvement","L3",8.8208329481508407,8.1177910201529127,8.1177910201529127,8.8331464566372624,3,2,"gurobi_cb_mip_objbnd_valid_native_bound"
277.12022015149842,219.51486765149841,"terminal_mip_bound_improvement","L3",8.8208650025221491,8.1177910201529127,8.1177910201529127,8.8331464566372624,3,2,"gurobi_cb_mip_objbnd_valid_native_bound"
277.13022014196167,219.52486764196166,"terminal_mip_bound_improvement","L3",8.8208694754271839,8.1177910201529127,8.1177910201529127,8.8331464566372624,3,2,"gurobi_cb_mip_objbnd_valid_native_bound"
277.13422009046326,219.52886759046325,"terminal_mip_bound_improvement","L3",8.8208797373098768,8.1177910201529127,8.1177910201529127,8.8331464566372624,3,2,"gurobi_cb_mip_objbnd_valid_native_bound"
277.1462201743866,219.54086767438659,"terminal_mip_bound_improvement","L3",8.8208871849778276,8.1177910201529127,8.1177910201529127,8.8331464566372624,3,2,"gurobi_cb_mip_objbnd_valid_native_bound"
277.15822001989136,219.55286751989135,"terminal_mip_bound_improvement","L3",8.8209132372743753,8.1177910201529127,8.1177910201529127,8.8331464566372624,3,2,"gurobi_cb_mip_objbnd_valid_native_bound"
277.17122003133545,219.56586753133544,"terminal_mip_bound_improvement","L3",8.8209146615859861,8.1177910201529127,8.1177910201529127,8.8331464566372624,3,2,"gurobi_cb_mip_objbnd_valid_native_bound"
277.22821995313416,219.62286745313415,"terminal_mip_bound_improvement","L3",8.820915146187307,8.1177910201529127,8.1177910201529127,8.8331464566372624,3,2,"gurobi_cb_mip_objbnd_valid_native_bound"
277.23922010953675,219.63386760953674,"terminal_mip_bound_improvement","L3",8.8209267128185953,8.1177910201529127,8.1177910201529127,8.8331464566372624,3,2,"gurobi_cb_mip_objbnd_valid_native_bound"
277.2492201,219.64386759999999,"terminal_mip_bound_improvement","L3",8.8209430010687484,8.1177910201529127,8.1177910201529127,8.8331464566372624,3,2,"gurobi_cb_mip_objbnd_valid_native_bound"
277.26322003896485,219.65786753896484,"terminal_mip_bound_improvement","L3",8.820956276871355,8.1177910201529127,8.1177910201529127,8.8331464566372624,3,2,"gurobi_cb_mip_objbnd_valid_native_bound"
277.2732200294281,219.66786752942809,"terminal_mip_bound_improvement","L3",8.8209877892412241,8.1177910201529127,8.1177910201529127,8.8331464566372624,3,2,"gurobi_cb_mip_objbnd_valid_native_bound"
277.28222009237061,219.6768675923706,"terminal_mip_bound_improvement","L3",8.8210099255375258,8.1177910201529127,8.1177910201529127,8.8331464566372624,3,2,"gurobi_cb_mip_objbnd_valid_native_bound"
277.28622004087219,219.68086754087219,"terminal_mip_bound_improvement","L3",8.8210580562873471,8.1177910201529127,8.1177910201529127,8.8331464566372624,3,2,"gurobi_cb_mip_objbnd_valid_native_bound"
277.35921999509583,219.75386749509582,"terminal_mip_bound_improvement","L3",8.8211096662348663,8.1177910201529127,8.1177910201529127,8.8331464566372624,3,2,"gurobi_cb_mip_objbnd_valid_native_bound"
277.36422010953675,219.75886760953674,"terminal_mip_bound_improvement","L3",8.8211111586880602,8.1177910201529127,8.1177910201529127,8.8331464566372624,3,2,"gurobi_cb_mip_objbnd_valid_native_bound"
277.36921998555908,219.76386748555908,"terminal_mip_bound_improvement","L3",8.821112255607952,8.1177910201529127,8.1177910201529127,8.8331464566372624,3,2,"gurobi_cb_mip_objbnd_valid_native_bound"
277.45821997220764,219.85286747220763,"terminal_mip_bound_improvement","L3",8.8211561301757406,8.1177910201529127,8.1177910201529127,8.8331464566372624,3,2,"gurobi_cb_mip_objbnd_valid_native_bound"
277.64022013242493,220.03486763242492,"terminal_mip_bound_improvement","L3",8.8212134095200145,8.1177910201529127,8.1177910201529127,8.8331464566372624,3,2,"gurobi_cb_mip_objbnd_valid_native_bound"
277.64422008092652,220.03886758092651,"terminal_mip_bound_improvement","L3",8.8212363586680613,8.1177910201529127,8.1177910201529127,8.8331464566372624,3,2,"gurobi_cb_mip_objbnd_valid_native_bound"
277.65722009237061,220.0518675923706,"terminal_mip_bound_improvement","L3",8.8212410553451122,8.1177910201529127,8.1177910201529127,8.8331464566372624,3,2,"gurobi_cb_mip_objbnd_valid_native_bound"
277.66122004087219,220.05586754087219,"terminal_mip_bound_improvement","L3",8.8212746711756083,8.1177910201529127,8.1177910201529127,8.8331464566372624,3,2,"gurobi_cb_mip_objbnd_valid_native_bound"
277.66622015531311,220.0608676553131,"terminal_mip_bound_improvement","L3",8.8213405066242938,8.1177910201529127,8.1177910201529127,8.8331464566372624,3,2,"gurobi_cb_mip_objbnd_valid_native_bound"
277.71722003515015,220.11186753515014,"terminal_mip_bound_improvement","L3",8.8214586509628745,8.1177910201529127,8.1177910201529127,8.8331464566372624,3,2,"gurobi_cb_mip_objbnd_valid_native_bound"
277.98222014005432,220.37686764005431,"terminal_mip_bound_improvement","L3",8.8214607511513439,8.1177910201529127,8.1177910201529127,8.8331464566372624,3,2,"gurobi_cb_mip_objbnd_valid_native_bound"
278.66722008283386,221.06186758283386,"terminal_mip_bound_improvement","L3",8.8215016160320641,8.1177910201529127,8.1177910201529127,8.8331464566372624,3,2,"gurobi_cb_mip_objbnd_valid_native_bound"
278.93122002179871,221.3258675217987,"terminal_mip_bound_improvement","L3",8.8215065149915191,8.1177910201529127,8.1177910201529127,8.8331464566372624,3,2,"gurobi_cb_mip_objbnd_valid_native_bound"
279.01922008092652,221.41386758092651,"terminal_mip_bound_improvement","L3",8.8215214021380906,8.1177910201529127,8.1177910201529127,8.8331464566372624,3,2,"gurobi_cb_mip_objbnd_valid_native_bound"
279.03422018583069,221.42886768583068,"terminal_mip_bound_improvement","L3",8.8215570799896561,8.1177910201529127,8.1177910201529127,8.8331464566372624,3,2,"gurobi_cb_mip_objbnd_valid_native_bound"
279.33321997220764,221.72786747220763,"terminal_mip_bound_improvement","L3",8.8216187507315134,8.1177910201529127,8.1177910201529127,8.8331464566372624,3,2,"gurobi_cb_mip_objbnd_valid_native_bound"
279.34621998365174,221.74086748365173,"terminal_mip_bound_improvement","L3",8.821645600064322,8.1177910201529127,8.1177910201529127,8.8331464566372624,3,2,"gurobi_cb_mip_objbnd_valid_native_bound"
279.35122009809265,221.74586759809264,"terminal_mip_bound_improvement","L3",8.8216799029325621,8.1177910201529127,8.1177910201529127,8.8331464566372624,3,2,"gurobi_cb_mip_objbnd_valid_native_bound"
279.66922017629395,222.06386767629394,"terminal_mip_bound_improvement","L3",8.8216932787476967,8.1177910201529127,8.1177910201529127,8.8331464566372624,3,2,"gurobi_cb_mip_objbnd_valid_native_bound"
279.68222018773804,222.07686768773803,"terminal_mip_bound_improvement","L3",8.8217346924703595,8.1177910201529127,8.1177910201529127,8.8331464566372624,3,2,"gurobi_cb_mip_objbnd_valid_native_bound"
280.93722006376038,223.33186756376037,"terminal_mip_bound_improvement","L3",8.8217408658179934,8.1177910201529127,8.1177910201529127,8.8331464566372624,3,2,"gurobi_cb_mip_objbnd_valid_native_bound"
281.22821995313416,223.62286745313415,"terminal_mip_bound_improvement","L3",8.8217573605891442,8.1177910201529127,8.1177910201529127,8.8331464566372624,3,2,"gurobi_cb_mip_objbnd_valid_native_bound"
281.32122012670288,223.71586762670287,"terminal_mip_bound_improvement","L3",8.821833008733897,8.1177910201529127,8.1177910201529127,8.8331464566372624,3,2,"gurobi_cb_mip_objbnd_valid_native_bound"
281.33621999318848,223.73086749318847,"terminal_mip_bound_improvement","L3",8.8218792028038724,8.1177910201529127,8.1177910201529127,8.8331464566372624,3,2,"gurobi_cb_mip_objbnd_valid_native_bound"
281.50922009046326,223.90386759046325,"terminal_mip_bound_improvement","L3",8.8220291983207666,8.1177910201529127,8.1177910201529127,8.8331464566372624,3,2,"gurobi_cb_mip_objbnd_valid_native_bound"
281.56422015722046,223.95886765722045,"terminal_mip_bound_improvement","L3",8.8220643842840989,8.1177910201529127,8.1177910201529127,8.8331464566372624,3,2,"gurobi_cb_mip_objbnd_valid_native_bound"
282.26522013242493,224.65986763242492,"terminal_mip_bound_improvement","L3",8.8220682529950452,8.1177910201529127,8.1177910201529127,8.8331464566372624,3,2,"gurobi_cb_mip_objbnd_valid_native_bound"
282.34822007711182,224.74286757711181,"terminal_mip_bound_improvement","L3",8.8220786471094836,8.1177910201529127,8.1177910201529127,8.8331464566372624,3,2,"gurobi_cb_mip_objbnd_valid_native_bound"
282.43622013623963,224.83086763623962,"terminal_mip_bound_improvement","L3",8.8220975652168487,8.1177910201529127,8.1177910201529127,8.8331464566372624,3,2,"gurobi_cb_mip_objbnd_valid_native_bound"
282.45322009618531,224.8478675961853,"terminal_mip_bound_improvement","L3",8.8221009645674346,8.1177910201529127,8.1177910201529127,8.8331464566372624,3,2,"gurobi_cb_mip_objbnd_valid_native_bound"
282.74522015149842,225.13986765149841,"terminal_mip_bound_improvement","L3",8.8221723650446133,8.1177910201529127,8.1177910201529127,8.8331464566372624,3,2,"gurobi_cb_mip_objbnd_valid_native_bound"
282.75022002752075,225.14486752752074,"terminal_mip_bound_improvement","L3",8.822324789931729,8.1177910201529127,8.1177910201529127,8.8331464566372624,3,2,"gurobi_cb_mip_objbnd_valid_native_bound"
282.75721999700318,225.15186749700317,"terminal_mip_bound_improvement","L3",8.8223251717096502,8.1177910201529127,8.1177910201529127,8.8331464566372624,3,2,"gurobi_cb_mip_objbnd_valid_native_bound"
282.76122018392334,225.15586768392333,"terminal_mip_bound_improvement","L3",8.8224269504513444,8.1177910201529127,8.1177910201529127,8.8331464566372624,3,2,"gurobi_cb_mip_objbnd_valid_native_bound"
282.99822017247925,225.39286767247924,"terminal_mip_bound_improvement","L3",8.822454701071619,8.1177910201529127,8.1177910201529127,8.8331464566372624,3,2,"gurobi_cb_mip_objbnd_valid_native_bound"
283.00322004850159,225.39786754850158,"terminal_mip_bound_improvement","L3",8.822564403448192,8.1177910201529127,8.1177910201529127,8.8331464566372624,3,2,"gurobi_cb_mip_objbnd_valid_native_bound"
283.01622005994568,225.41086755994567,"terminal_mip_bound_improvement","L3",8.8225690457464871,8.1177910201529127,8.1177910201529127,8.8331464566372624,3,2,"gurobi_cb_mip_objbnd_valid_native_bound"
283.02721997792969,225.42186747792968,"terminal_mip_bound_improvement","L3",8.8226759250510334,8.1177910201529127,8.1177910201529127,8.8331464566372624,3,2,"gurobi_cb_mip_objbnd_valid_native_bound"
283.03322001989136,225.42786751989135,"terminal_mip_bound_improvement","L3",8.822691274851195,8.1177910201529127,8.1177910201529127,8.8331464566372624,3,2,"gurobi_cb_mip_objbnd_valid_native_bound"
283.23822018201599,225.63286768201598,"terminal_mip_bound_improvement","L3",8.8229981895717344,8.1177910201529127,8.1177910201529127,8.8331464566372624,3,2,"gurobi_cb_mip_objbnd_valid_native_bound"
284.40422007138977,226.79886757138976,"terminal_mip_bound_improvement","L3",8.8231949663592193,8.1177910201529127,8.1177910201529127,8.8331464566372624,3,2,"gurobi_cb_mip_objbnd_valid_native_bound"
284.4752201705719,226.86986767057189,"terminal_mip_bound_improvement","L3",8.8231964477888063,8.1177910201529127,8.1177910201529127,8.8331464566372624,3,2,"gurobi_cb_mip_objbnd_valid_native_bound"
285.04822012479553,227.44286762479553,"terminal_mip_bound_improvement","L3",8.8231975762404442,8.1177910201529127,8.1177910201529127,8.8331464566372624,3,2,"gurobi_cb_mip_objbnd_valid_native_bound"
285.09222003515015,227.48686753515014,"terminal_mip_bound_improvement","L3",8.823232266086805,8.1177910201529127,8.1177910201529127,8.8331464566372624,3,2,"gurobi_cb_mip_objbnd_valid_native_bound"
285.22022005613098,227.61486755613097,"terminal_mip_bound_improvement","L3",8.8237873682577899,8.1177910201529127,8.1177910201529127,8.8331464566372624,3,2,"gurobi_cb_mip_objbnd_valid_native_bound"
285.22422000463257,227.61886750463256,"terminal_mip_bound_improvement","L3",8.8240568769582488,8.1177910201529127,8.1177910201529127,8.8331464566372624,3,2,"gurobi_cb_mip_objbnd_valid_native_bound"
285.3892199664856,227.78386746648559,"terminal_mip_bound_improvement","L3",8.8241712281207025,8.1177910201529127,8.1177910201529127,8.8331464566372624,3,2,"gurobi_cb_mip_objbnd_valid_native_bound"
285.57422014768372,227.96886764768371,"terminal_mip_bound_improvement","L3",8.8241755608966184,8.1177910201529127,8.1177910201529127,8.8331464566372624,3,2,"gurobi_cb_mip_objbnd_valid_native_bound"
285.76822015340576,228.16286765340575,"terminal_mip_bound_improvement","L3",8.8244967731806163,8.1177910201529127,8.1177910201529127,8.8331464566372624,3,2,"gurobi_cb_mip_objbnd_valid_native_bound"
285.7732200294281,228.16786752942809,"terminal_mip_bound_improvement","L3",8.824537484381116,8.1177910201529127,8.1177910201529127,8.8331464566372624,3,2,"gurobi_cb_mip_objbnd_valid_native_bound"
285.77822014386902,228.17286764386901,"terminal_mip_bound_improvement","L3",8.8245470895877141,8.1177910201529127,8.1177910201529127,8.8331464566372624,3,2,"gurobi_cb_mip_objbnd_valid_native_bound"
285.9222199588562,228.31686745885619,"terminal_mip_bound_improvement","L3",8.8246651374117189,8.1177910201529127,8.1177910201529127,8.8331464566372624,3,2,"gurobi_cb_mip_objbnd_valid_native_bound"
285.92722007329712,228.32186757329711,"terminal_mip_bound_improvement","L3",8.8248040405375328,8.1177910201529127,8.1177910201529127,8.8331464566372624,3,2,"gurobi_cb_mip_objbnd_valid_native_bound"
286.1482200294281,228.54286752942809,"terminal_mip_bound_improvement","L3",8.8248758841294261,8.1177910201529127,8.1177910201529127,8.8331464566372624,3,2,"gurobi_cb_mip_objbnd_valid_native_bound"
286.25522014196167,228.64986764196166,"terminal_mip_bound_improvement","L3",8.8249012701551983,8.1177910201529127,8.1177910201529127,8.8331464566372624,3,2,"gurobi_cb_mip_objbnd_valid_native_bound"
286.3742201,228.76886759999999,"terminal_mip_bound_improvement","L3",8.824911970759743,8.1177910201529127,8.1177910201529127,8.8331464566372624,3,2,"gurobi_cb_mip_objbnd_valid_native_bound"
286.6942200332428,229.08886753324279,"terminal_mip_bound_improvement","L3",8.8249329025206258,8.1177910201529127,8.1177910201529127,8.8331464566372624,3,2,"gurobi_cb_mip_objbnd_valid_native_bound"
286.70722004468689,229.10186754468688,"terminal_mip_bound_improvement","L3",8.8249459564969559,8.1177910201529127,8.1177910201529127,8.8331464566372624,3,2,"gurobi_cb_mip_objbnd_valid_native_bound"
286.85722014005432,229.25186764005431,"terminal_mip_bound_improvement","L3",8.8250221927631394,8.1177910201529127,8.1177910201529127,8.8331464566372624,3,2,"gurobi_cb_mip_objbnd_valid_native_bound"
286.98421999509583,229.37886749509582,"terminal_mip_bound_improvement","L3",8.8250596998235018,8.1177910201529127,8.1177910201529127,8.8331464566372624,3,2,"gurobi_cb_mip_objbnd_valid_native_bound"
286.98922010953675,229.38386760953674,"terminal_mip_bound_improvement","L3",8.8252197979814948,8.1177910201529127,8.1177910201529127,8.8331464566372624,3,2,"gurobi_cb_mip_objbnd_valid_native_bound"
287.01922008092652,229.41386758092651,"terminal_mip_bound_improvement","L3",8.8252346994390951,8.1177910201529127,8.1177910201529127,8.8331464566372624,3,2,"gurobi_cb_mip_objbnd_valid_native_bound"
287.18122002179871,229.5758675217987,"terminal_mip_bound_improvement","L3",8.8253877672204712,8.1177910201529127,8.1177910201529127,8.8331464566372624,3,2,"gurobi_cb_mip_objbnd_valid_native_bound"
287.27622005040894,229.67086755040893,"terminal_mip_bound_improvement","L3",8.8255222977008287,8.1177910201529127,8.1177910201529127,8.8331464566372624,3,2,"gurobi_cb_mip_objbnd_valid_native_bound"
287.40422007138977,229.79886757138976,"terminal_mip_bound_improvement","L3",8.8257165365248955,8.1177910201529127,8.1177910201529127,8.8331464566372624,3,2,"gurobi_cb_mip_objbnd_valid_native_bound"
287.60621997411499,230.00086747411498,"terminal_mip_bound_improvement","L3",8.8258632665562136,8.1177910201529127,8.1177910201529127,8.8331464566372624,3,2,"gurobi_cb_mip_objbnd_valid_native_bound"
287.78721996839295,230.18186746839294,"terminal_mip_bound_improvement","L3",8.8260241792861382,8.1177910201529127,8.1177910201529127,8.8331464566372624,3,2,"gurobi_cb_mip_objbnd_valid_native_bound"
289.75522014196167,232.14986764196166,"terminal_mip_bound_improvement","L3",8.8264008691128577,8.1177910201529127,8.1177910201529127,8.8331464566372624,3,2,"gurobi_cb_mip_objbnd_valid_native_bound"
289.86022016103516,232.25486766103515,"terminal_mip_bound_improvement","L3",8.8280182940721978,8.1177910201529127,8.1177910201529127,8.8331464566372624,3,2,"gurobi_cb_mip_objbnd_valid_native_bound"
290.59022018010864,232.98486768010864,"terminal_mip_bound_improvement","L3",8.8281140209096716,8.1177910201529127,8.1177910201529127,8.8331464566372624,3,2,"gurobi_cb_mip_objbnd_valid_native_bound"
290.66622015531311,233.0608676553131,"terminal_mip_bound_improvement","L3",8.8281284181016879,8.1177910201529127,8.1177910201529127,8.8331464566372624,3,2,"gurobi_cb_mip_objbnd_valid_native_bound"
290.75721999700318,233.15186749700317,"terminal_mip_bound_improvement","L3",8.8281850131437114,8.1177910201529127,8.1177910201529127,8.8331464566372624,3,2,"gurobi_cb_mip_objbnd_valid_native_bound"
290.85722014005432,233.25186764005431,"terminal_mip_bound_improvement","L3",8.8282599536100204,8.1177910201529127,8.1177910201529127,8.8331464566372624,3,2,"gurobi_cb_mip_objbnd_valid_native_bound"
290.86222001607666,233.25686751607665,"terminal_mip_bound_improvement","L3",8.8282856781792152,8.1177910201529127,8.1177910201529127,8.8331464566372624,3,2,"gurobi_cb_mip_objbnd_valid_native_bound"
290.86722013051758,233.26186763051757,"terminal_mip_bound_improvement","L3",8.8283215001977933,8.1177910201529127,8.1177910201529127,8.8331464566372624,3,2,"gurobi_cb_mip_objbnd_valid_native_bound"
291.02522012288819,233.41986762288818,"terminal_mip_bound_improvement","L3",8.8284202864829009,8.1177910201529127,8.1177910201529127,8.8331464566372624,3,2,"gurobi_cb_mip_objbnd_valid_native_bound"
291.13522001798401,233.529867517984,"terminal_mip_bound_improvement","L3",8.8284326239876094,8.1177910201529127,8.1177910201529127,8.8331464566372624,3,2,"gurobi_cb_mip_objbnd_valid_native_bound"
291.20422002370606,233.59886752370605,"terminal_mip_bound_improvement","L3",8.8284596517999976,8.1177910201529127,8.1177910201529127,8.8331464566372624,3,2,"gurobi_cb_mip_objbnd_valid_native_bound"
291.44122001226197,233.83586751226196,"terminal_mip_bound_improvement","L3",8.8284684337518851,8.1177910201529127,8.1177910201529127,8.8331464566372624,3,2,"gurobi_cb_mip_objbnd_valid_native_bound"
291.56222006376038,233.95686756376037,"terminal_mip_bound_improvement","L3",8.8284688827482167,8.1177910201529127,8.1177910201529127,8.8331464566372624,3,2,"gurobi_cb_mip_objbnd_valid_native_bound"
291.82021996076355,234.21486746076354,"terminal_mip_bound_improvement","L3",8.8286581894323302,8.1177910201529127,8.1177910201529127,8.8331464566372624,3,2,"gurobi_cb_mip_objbnd_valid_native_bound"
291.8892199664856,234.28386746648559,"terminal_mip_bound_improvement","L3",8.8291485289782639,8.1177910201529127,8.1177910201529127,8.8331464566372624,3,2,"gurobi_cb_mip_objbnd_valid_native_bound"
291.89322015340576,234.28786765340575,"terminal_mip_bound_improvement","L3",8.8292003206031442,8.1177910201529127,8.1177910201529127,8.8331464566372624,3,2,"gurobi_cb_mip_objbnd_valid_native_bound"
292.45122000272522,234.84586750272521,"terminal_mip_bound_improvement","L3",8.8292708644448332,8.1177910201529127,8.1177910201529127,8.8331464566372624,3,2,"gurobi_cb_mip_objbnd_valid_native_bound"
292.66221996839295,235.05686746839294,"terminal_mip_bound_improvement","L3",8.8295214633217203,8.1177910201529127,8.1177910201529127,8.8331464566372624,3,2,"gurobi_cb_mip_objbnd_valid_native_bound"
293.03021999891052,235.42486749891052,"terminal_mip_bound_improvement","L3",8.8297822287253265,8.1177910201529127,8.1177910201529127,8.8331464566372624,3,2,"gurobi_cb_mip_objbnd_valid_native_bound"
293.20022007520447,235.59486757520446,"terminal_mip_bound_improvement","L3",8.8298627506935681,8.1177910201529127,8.1177910201529127,8.8331464566372624,3,2,"gurobi_cb_mip_objbnd_valid_native_bound"
293.26022001798401,235.654867517984,"terminal_mip_bound_improvement","L3",8.8300635633856537,8.1177910201529127,8.1177910201529127,8.8331464566372624,3,2,"gurobi_cb_mip_objbnd_valid_native_bound"
293.46022006566773,235.85486756566772,"terminal_mip_bound_improvement","L3",8.8301387623267722,8.1177910201529127,8.1177910201529127,8.8331464566372624,3,2,"gurobi_cb_mip_objbnd_valid_native_bound"
293.66521998937378,236.05986748937377,"terminal_mip_bound_improvement","L3",8.8302055331092841,8.1177910201529127,8.1177910201529127,8.8331464566372624,3,2,"gurobi_cb_mip_objbnd_valid_native_bound"
293.73522016103516,236.12986766103515,"terminal_mip_bound_improvement","L3",8.830215830452163,8.1177910201529127,8.1177910201529127,8.8331464566372624,3,2,"gurobi_cb_mip_objbnd_valid_native_bound"
293.88221999700318,236.27686749700317,"terminal_mip_bound_improvement","L3",8.8303076512646967,8.1177910201529127,8.1177910201529127,8.8331464566372624,3,2,"gurobi_cb_mip_objbnd_valid_native_bound"
294.04122015531311,236.4358676553131,"terminal_mip_bound_improvement","L3",8.8303341062468963,8.1177910201529127,8.1177910201529127,8.8331464566372624,3,2,"gurobi_cb_mip_objbnd_valid_native_bound"
294.63022014196167,237.02486764196166,"terminal_mip_bound_improvement","L3",8.8303875287460194,8.1177910201529127,8.1177910201529127,8.8331464566372624,3,2,"gurobi_cb_mip_objbnd_valid_native_bound"
294.83922001416931,237.2338675141693,"terminal_mip_bound_improvement","L3",8.8303951323772338,8.1177910201529127,8.1177910201529127,8.8331464566372624,3,2,"gurobi_cb_mip_objbnd_valid_native_bound"
295.14422008092652,237.53886758092651,"terminal_mip_bound_improvement","L3",8.8306449861506184,8.1177910201529127,8.1177910201529127,8.8331464566372624,3,2,"gurobi_cb_mip_objbnd_valid_native_bound"
295.50121995504151,237.8958674550415,"terminal_mip_bound_improvement","L3",8.8306636841500001,8.1177910201529127,8.1177910201529127,8.8331464566372624,3,2,"gurobi_cb_mip_objbnd_valid_native_bound"
295.84722014959107,238.24186764959106,"terminal_mip_bound_improvement","L3",8.8307056840820994,8.1177910201529127,8.1177910201529127,8.8331464566372624,3,2,"gurobi_cb_mip_objbnd_valid_native_bound"
295.97222014959107,238.36686764959106,"terminal_mip_bound_improvement","L3",8.8307667478686582,8.1177910201529127,8.1177910201529127,8.8331464566372624,3,2,"gurobi_cb_mip_objbnd_valid_native_bound"
296.15022012288819,238.54486762288818,"terminal_mip_bound_improvement","L3",8.8307739606187692,8.1177910201529127,8.1177910201529127,8.8331464566372624,3,2,"gurobi_cb_mip_objbnd_valid_native_bound"
296.15322014386902,238.54786764386901,"terminal_mip_bound_improvement","L3",8.8308926720200347,8.1177910201529127,8.1177910201529127,8.8331464566372624,3,2,"gurobi_cb_mip_objbnd_valid_native_bound"
296.15622016484986,238.55086766484985,"terminal_mip_bound_improvement","L3",8.8308930498579183,8.1177910201529127,8.1177910201529127,8.8331464566372624,3,2,"gurobi_cb_mip_objbnd_valid_native_bound"
296.40322014386902,238.79786764386901,"terminal_mip_bound_improvement","L3",8.8309539000817718,8.1177910201529127,8.1177910201529127,8.8331464566372624,3,2,"gurobi_cb_mip_objbnd_valid_native_bound"
296.41422006185303,238.80886756185302,"terminal_mip_bound_improvement","L3",8.8309740955342839,8.1177910201529127,8.1177910201529127,8.8331464566372624,3,2,"gurobi_cb_mip_objbnd_valid_native_bound"
296.4202201038147,238.81486760381469,"terminal_mip_bound_improvement","L3",8.8311080378276969,8.1177910201529127,8.1177910201529127,8.8331464566372624,3,2,"gurobi_cb_mip_objbnd_valid_native_bound"
296.42822000081787,238.82286750081786,"terminal_mip_bound_improvement","L3",8.831122527559879,8.1177910201529127,8.1177910201529127,8.8331464566372624,3,2,"gurobi_cb_mip_objbnd_valid_native_bound"
296.43222018773804,238.82686768773803,"terminal_mip_bound_improvement","L3",8.831159807356288,8.1177910201529127,8.1177910201529127,8.8331464566372624,3,2,"gurobi_cb_mip_objbnd_valid_native_bound"
296.58222004468689,238.97686754468688,"terminal_mip_bound_improvement","L3",8.8315623225687361,8.1177910201529127,8.1177910201529127,8.8331464566372624,3,2,"gurobi_cb_mip_objbnd_valid_native_bound"
296.90022012288819,239.29486762288818,"terminal_mip_bound_improvement","L3",8.8316579995734532,8.1177910201529127,8.1177910201529127,8.8331464566372624,3,2,"gurobi_cb_mip_objbnd_valid_native_bound"
297.09822007711182,239.49286757711181,"terminal_mip_bound_improvement","L3",8.8317087150601061,8.1177910201529127,8.1177910201529127,8.8331464566372624,3,2,"gurobi_cb_mip_objbnd_valid_native_bound"
297.19322010572205,239.58786760572204,"terminal_mip_bound_improvement","L3",8.8317441970961639,8.1177910201529127,8.1177910201529127,8.8331464566372624,3,2,"gurobi_cb_mip_objbnd_valid_native_bound"
297.19922014768372,239.59386764768371,"terminal_mip_bound_improvement","L3",8.831895177296909,8.1177910201529127,8.1177910201529127,8.8331464566372624,3,2,"gurobi_cb_mip_objbnd_valid_native_bound"
297.37921997602234,239.77386747602233,"terminal_mip_bound_improvement","L3",8.8320069117231377,8.1177910201529127,8.1177910201529127,8.8331464566372624,3,2,"gurobi_cb_mip_objbnd_valid_native_bound"
297.38322016294251,239.7778676629425,"terminal_mip_bound_improvement","L3",8.8321846461322693,8.1177910201529127,8.1177910201529127,8.8331464566372624,3,2,"gurobi_cb_mip_objbnd_valid_native_bound"
297.57922002370606,239.97386752370605,"terminal_mip_bound_improvement","L3",8.8322184590150794,8.1177910201529127,8.1177910201529127,8.8331464566372624,3,2,"gurobi_cb_mip_objbnd_valid_native_bound"
297.71022006566773,240.10486756566772,"terminal_mip_bound_improvement","L3",8.8322451997982405,8.1177910201529127,8.1177910201529127,8.8331464566372624,3,2,"gurobi_cb_mip_objbnd_valid_native_bound"
297.91221996839295,240.30686746839294,"terminal_mip_bound_improvement","L3",8.8322912968636746,8.1177910201529127,8.1177910201529127,8.8331464566372624,3,2,"gurobi_cb_mip_objbnd_valid_native_bound"
297.92322012479553,240.31786762479553,"terminal_mip_bound_improvement","L3",8.8329672753419111,8.1177910201529127,8.1177910201529127,8.8331464566372624,3,2,"gurobi_cb_mip_objbnd_valid_native_bound"
298.30322000081787,240.69786750081786,"terminal_mip_bound_improvement","L3",8.8334313809479461,8.1177910201529127,8.1177910201529127,8.8331464566372624,3,2,"gurobi_cb_mip_objbnd_valid_native_bound"
298.43222018773804,240.82686768773803,"terminal_mip_bound_improvement","L3",8.8339026059934849,8.1177910201529127,8.1177910201529127,8.8331464566372624,3,2,"gurobi_cb_mip_objbnd_valid_native_bound"
298.69622012670288,241.09086762670287,"terminal_mip_bound_improvement","L3",8.8348819428915171,8.1177910201529127,8.1177910201529127,8.8331464566372624,3,2,"gurobi_cb_mip_objbnd_valid_native_bound"
298.70322009618531,241.0978675961853,"terminal_mip_bound_improvement","L3",8.8353754459655196,8.1177910201529127,8.1177910201529127,8.8331464566372624,3,2,"gurobi_cb_mip_objbnd_valid_native_bound"
298.94622012670288,241.34086762670287,"terminal_mip_bound_improvement","L3",8.836195823380308,8.1177910201529127,8.1177910201529127,8.8331464566372624,3,2,"gurobi_cb_mip_objbnd_valid_native_bound"
299.29122015531311,241.6858676553131,"terminal_mip_bound_improvement","L3",8.8379531412532195,8.1177910201529127,8.1177910201529127,8.8331464566372624,3,2,"gurobi_cb_mip_objbnd_valid_native_bound"
299.30021997983704,241.69486747983703,"terminal_mip_bound_improvement","L3",8.8394555249645688,8.1177910201529127,8.1177910201529127,8.8331464566372624,3,2,"gurobi_cb_mip_objbnd_valid_native_bound"
299.57522007520447,241.96986757520446,"terminal_mip_bound_improvement","L3",8.8397386852049795,8.1177910201529127,8.1177910201529127,8.8331464566372624,3,2,"gurobi_cb_mip_objbnd_valid_native_bound"
299.66422006185303,242.05886756185302,"terminal_mip_bound_improvement","L3",8.8404929429568408,8.1177910201529127,8.1177910201529127,8.8331464566372624,3,2,"gurobi_cb_mip_objbnd_valid_native_bound"
299.87921997602234,242.27386747602233,"terminal_mip_bound_improvement","L3",8.841079051926128,8.1177910201529127,8.1177910201529127,8.8331464566372624,3,2,"gurobi_cb_mip_objbnd_valid_native_bound"
300.05822011525879,242.45286761525878,"terminal_mip_bound_improvement","L3",8.842881980865652,8.1177910201529127,8.1177910201529127,8.8331464566372624,3,2,"gurobi_cb_mip_objbnd_valid_native_bound"
300.0672201782013,242.46186767820129,"terminal_mip_bound_improvement","L3",8.8472746204525539,8.1177910201529127,8.1177910201529127,8.8331464566372624,3,2,"gurobi_cb_mip_objbnd_valid_native_bound"
300.15022012288819,242.54486762288818,"terminal_mip_bound_improvement","L3",8.8505674552488891,8.1177910201529127,8.1177910201529127,8.8331464566372624,3,2,"gurobi_cb_mip_objbnd_valid_native_bound"
300.15322014386902,242.54786764386901,"terminal_mip_bound_improvement","L3",8.8558432711746846,8.1177910201529127,8.1177910201529127,8.8331464566372624,3,2,"gurobi_cb_mip_objbnd_valid_native_bound"
300.38622018392334,242.78086768392333,"terminal_mip_bound_improvement","L3",8.8564635105899683,8.1177910201529127,8.1177910201529127,8.8331464566372624,3,2,"gurobi_cb_mip_objbnd_valid_native_bound"
300.47121998365174,242.86586748365173,"terminal_mip_bound_improvement","L3",8.8639871151550231,8.1177910201529127,8.1177910201529127,8.8331464566372624,3,2,"gurobi_cb_mip_objbnd_valid_native_bound"
300.47422000463257,242.86886750463256,"terminal_mip_bound_improvement","L3",8.8646849207226293,8.1177910201529127,8.1177910201529127,8.8331464566372624,3,2,"gurobi_cb_mip_objbnd_valid_native_bound"
300.52922007138977,242.92386757138976,"terminal_mip_bound_improvement","L3",8.8680620866639632,8.1177910201529127,8.1177910201529127,8.8331464566372624,3,2,"gurobi_cb_mip_objbnd_valid_native_bound"
300.68222018773804,243.07686768773803,"terminal_mip_bound_improvement","L3",8.8755287176499902,8.1177910201529127,8.1177910201529127,8.8331464566372624,3,2,"gurobi_cb_mip_objbnd_valid_native_bound"
300.78922006185303,243.18386756185302,"terminal_mip_bound_improvement","L3",8.8891523204866676,8.1177910201529127,8.1177910201529127,8.8331464566372624,3,2,"gurobi_cb_mip_objbnd_valid_native_bound"
301.05021997983704,243.44486747983703,"terminal_mip_bound_improvement","L3",8.9739927954934799,8.1177910201529127,8.1177910201529127,8.8331464566372624,3,2,"gurobi_cb_mip_objbnd_valid_native_bound"
301.13155460000002,243.52620189999999,"infeasible_closure","L3",,8.1177910201529127,8.1177910201529127,8.8331464566372624,2,3,"native_terminal_mip_infeasible"
308.02429130000002,250.41893870000001,"child_lp_completion","L2.0.0",,8.1177910201529127,8.1177910201529127,8.8331464566372624,2,3,"complete_speculative_child_lp_infeasible"
311.94766290000001,254.34231019999999,"child_lp_completion","L2.0.1",8.1373315853622934,8.1177910201529127,8.1177910201529127,8.8331464566372624,2,3,"complete_speculative_child_lp_optimal"
311.9495536,254.34420069999999,"split","L2.0",,8.1373315853622934,8.1373315853622934,8.8331464566372624,2,4,"c5_immediate_atomic_split"
315.78175579999998,258.17640310000002,"child_lp_completion","L2.0.1.0",8.3087066907619231,8.1373315853622934,8.1373315853622934,8.8331464566372624,2,4,"complete_speculative_child_lp_optimal"
319.33390689999999,261.72855420000002,"child_lp_completion","L2.0.1.1",8.148581973845193,8.1373315853622934,8.1373315853622934,8.8331464566372624,2,4,"complete_speculative_child_lp_optimal"
319.33447660000002,261.72912380000002,"split","L2.0.1",,8.148581973845193,8.148581973845193,8.8331464566372624,3,4,"c5_immediate_atomic_split"
322.82235129999998,265.21699849999999,"child_lp_completion","L2.0.1.1.0",8.157014650854709,8.148581973845193,8.148581973845193,8.8331464566372624,3,4,"complete_speculative_child_lp_optimal"
327.13604950000001,269.53069679999999,"child_lp_completion","L2.0.1.1.1",8.1545561537083682,8.148581973845193,8.148581973845193,8.8331464566372624,3,4,"complete_speculative_child_lp_optimal"
328.96209147520449,271.35673897520445,"native_root_processing_bound","L2.0.1.1",8.148581973845193,8.1651385017876876,8.148581973845193,8.8331464566372624,3,4,"gurobi_cb_mip_objbnd_valid_native_bound"
332.58209159918215,274.97673909918211,"partial_native_bound_target","L2.0.1.1",8.1571980182926804,8.1651385017876876,8.1571980182926804,8.8331464566372624,3,4,"gurobi_cb_mip_objbnd_valid_native_bound"
332.649563,275.04421020000001,"partial_native_bound_target","L2.0.1.1",8.1571980182926804,8.1651385017876876,8.1571980182926804,8.8331464566372624,3,4,"c5_target_reached_parent_requeued_before_split"
332.65328360000001,275.04793080000002,"split","L2.0.1.1",,8.1571980182926804,8.1571980182926804,8.8331464566372624,4,4,"c5_parent_native_target_reached_delayed_atomic_split"
336.65223459999999,279.04688190000002,"child_lp_completion","L2.0.1.1.0.0",8.1766909935958036,8.1571980182926804,8.1571980182926804,8.8331464566372624,4,4,"complete_speculative_child_lp_optimal"
340.55192879999998,282.94657610000002,"child_lp_completion","L2.0.1.1.0.1",8.1591213347260361,8.1571980182926804,8.1571980182926804,8.8331464566372624,4,4,"complete_speculative_child_lp_optimal"
342.41196729509585,284.80661469509585,"native_root_processing_bound","L2.0.1.1.0",8.1571980182926804,8.1571980182926804,8.1571980182926804,8.8331464566372624,4,4,"gurobi_cb_mip_objbnd_valid_native_bound"
346.67496730653994,289.06961470653994,"partial_native_bound_target","L2.0.1.1.0",8.1650950969330971,8.1571980182926804,8.1571980182926804,8.8331464566372624,4,4,"gurobi_cb_mip_objbnd_valid_native_bound"
346.73693150000003,289.13157849999999,"partial_native_bound_target","L2.0.1.1.0",8.1650950969330971,8.1571980182926804,8.1571980182926804,8.8331464566372624,4,4,"c5_target_reached_parent_requeued_before_split"
350.31745590000003,292.7121032,"child_lp_completion","L2.0.1.1.1.0",8.1571980182926804,8.1571980182926804,8.1571980182926804,8.8331464566372624,4,4,"complete_speculative_child_lp_optimal"
354.27425319999998,296.66890050000001,"child_lp_completion","L2.0.1.1.1.1",8.1579481072341888,8.1571980182926804,8.1571980182926804,8.8331464566372624,4,4,"complete_speculative_child_lp_optimal"
354.27577710000003,296.6704244,"declined_split","L2.0.1.1.1",8.1571980182926804,8.1650950969330971,8.1571980182926804,8.8331464566372624,4,4,"c5_no_strict_child_disjunction_gain"
356.11480478664856,298.50945218664856,"native_root_processing_bound","L2.0.1.1.1",8.1571980182926804,8.1650950969330971,8.1571980182926804,8.8331464566372624,4,4,"gurobi_cb_mip_objbnd_valid_native_bound"
360.43080477138977,302.82545217138977,"native_root_processing_bound","L2.0.1.1.1",8.1597937306490511,8.1650950969330971,8.1597937306490511,8.8331464566372624,4,4,"gurobi_cb_mip_objbnd_valid_native_bound"
363.23080472370606,305.62545212370605,"native_root_processing_bound","L2.0.1.1.1",8.2781559146064225,8.1650950969330971,8.1650950969330971,8.8331464566372624,4,4,"gurobi_cb_mip_objbnd_valid_native_bound"
363.48680476566773,305.88145216566772,"native_root_processing_bound","L2.0.1.1.1",8.2781780043738298,8.1650950969330971,8.1650950969330971,8.8331464566372624,4,4,"gurobi_cb_mip_objbnd_valid_native_bound"
363.80980471989136,306.20445211989136,"native_root_processing_bound","L2.0.1.1.1",8.283872346682724,8.1650950969330971,8.1650950969330971,8.8331464566372624,4,4,"gurobi_cb_mip_objbnd_valid_native_bound"
365.81880478283387,308.21345218283386,"native_root_processing_bound","L2.0.1.1.1",8.4549056029488572,8.1650950969330971,8.1650950969330971,8.8331464566372624,4,4,"gurobi_cb_mip_objbnd_valid_native_bound"
366.03980473896485,308.43445213896484,"native_root_processing_bound","L2.0.1.1.1",8.4552994495860982,8.1650950969330971,8.1650950969330971,8.8331464566372624,4,4,"gurobi_cb_mip_objbnd_valid_native_bound"
366.52280477901917,308.91745217901916,"native_root_processing_bound","L2.0.1.1.1",8.4621977589480952,8.1650950969330971,8.1650950969330971,8.8331464566372624,4,4,"gurobi_cb_mip_objbnd_valid_native_bound"
369.33080486675721,311.7254522667572,"native_root_processing_bound","L2.0.1.1.1",8.4910611114345809,8.1650950969330971,8.1650950969330971,8.8331464566372624,4,4,"gurobi_cb_mip_objbnd_valid_native_bound"
370.22980479618531,312.6244521961853,"native_root_processing_bound","L2.0.1.1.1",8.4960779441762728,8.1650950969330971,8.1650950969330971,8.8331464566372624,4,4,"gurobi_cb_mip_objbnd_valid_native_bound"
372.5628047408722,314.95745214087219,"native_root_processing_bound","L2.0.1.1.1",8.5059490713763424,8.1650950969330971,8.1650950969330971,8.8331464566372624,4,4,"gurobi_cb_mip_objbnd_valid_native_bound"
373.34480480572205,315.73945220572205,"native_root_processing_bound","L2.0.1.1.1",8.5126144488969935,8.1650950969330971,8.1650950969330971,8.8331464566372624,4,4,"gurobi_cb_mip_objbnd_valid_native_bound"
374.96180490871888,317.35645230871887,"native_root_processing_bound","L2.0.1.1.1",8.5235492530429759,8.1650950969330971,8.1650950969330971,8.8331464566372624,4,4,"gurobi_cb_mip_objbnd_valid_native_bound"
375.79380492588501,318.18845232588501,"native_root_processing_bound","L2.0.1.1.1",8.5255385552342275,8.1650950969330971,8.1650950969330971,8.8331464566372624,4,4,"gurobi_cb_mip_objbnd_valid_native_bound"
377.82280473133545,320.21745213133545,"native_root_processing_bound","L2.0.1.1.1",8.5400941183137249,8.1650950969330971,8.1650950969330971,8.8331464566372624,4,4,"gurobi_cb_mip_objbnd_valid_native_bound"
379.02480487247925,321.41945227247925,"native_root_processing_bound","L2.0.1.1.1",8.5401036455429917,8.1650950969330971,8.1650950969330971,8.8331464566372624,4,4,"gurobi_cb_mip_objbnd_valid_native_bound"
379.37980489155274,321.77445229155273,"native_root_processing_bound","L2.0.1.1.1",8.5407468956850039,8.1650950969330971,8.1650950969330971,8.8331464566372624,4,4,"gurobi_cb_mip_objbnd_valid_native_bound"
381.27980474850159,323.67445214850159,"native_root_processing_bound","L2.0.1.1.1",8.547291741476073,8.1650950969330971,8.1650950969330971,8.8331464566372624,4,4,"gurobi_cb_mip_objbnd_valid_native_bound"
381.53180484196167,323.92645224196167,"native_root_processing_bound","L2.0.1.1.1",8.5472952284795181,8.1650950969330971,8.1650950969330971,8.8331464566372624,4,4,"gurobi_cb_mip_objbnd_valid_native_bound"
382.66180471798401,325.05645211798401,"native_root_processing_bound","L2.0.1.1.1",8.5487632577320198,8.1650950969330971,8.1650950969330971,8.8331464566372624,4,4,"gurobi_cb_mip_objbnd_valid_native_bound"
384.31780485531311,326.71245225531311,"native_root_processing_bound","L2.0.1.1.1",8.5506148518190663,8.1650950969330971,8.1650950969330971,8.8331464566372624,4,4,"gurobi_cb_mip_objbnd_valid_native_bound"
384.54880480190735,326.94345220190735,"native_root_processing_bound","L2.0.1.1.1",8.5506773692359257,8.1650950969330971,8.1650950969330971,8.8331464566372624,4,4,"gurobi_cb_mip_objbnd_valid_native_bound"
385.57380489727478,327.96845229727478,"native_root_processing_bound","L2.0.1.1.1",8.5513929463695533,8.1650950969330971,8.1650950969330971,8.8331464566372624,4,4,"gurobi_cb_mip_objbnd_valid_native_bound"
387.63080481907349,330.02545221907349,"native_root_processing_bound","L2.0.1.1.1",8.5557934297761946,8.1650950969330971,8.1650950969330971,8.8331464566372624,4,4,"gurobi_cb_mip_objbnd_valid_native_bound"
388.88680486103516,331.28145226103516,"native_root_processing_bound","L2.0.1.1.1",8.5561044350588666,8.1650950969330971,8.1650950969330971,8.8331464566372624,4,4,"gurobi_cb_mip_objbnd_valid_native_bound"
391.01980475803833,333.41445215803833,"native_root_processing_bound","L2.0.1.1.1",8.5592197842976212,8.1650950969330971,8.1650950969330971,8.8331464566372624,4,4,"gurobi_cb_mip_objbnd_valid_native_bound"
392.71780471226197,335.11245211226196,"native_root_processing_bound","L2.0.1.1.1",8.5611500517521559,8.1650950969330971,8.1650950969330971,8.8331464566372624,4,4,"gurobi_cb_mip_objbnd_valid_native_bound"
395.1968048038147,337.5914522038147,"native_root_processing_bound","L2.0.1.1.1",8.5633149371378465,8.1650950969330971,8.1650950969330971,8.8331464566372624,4,4,"gurobi_cb_mip_objbnd_valid_native_bound"
396.18680481335144,338.58145221335144,"native_root_processing_bound","L2.0.1.1.1",8.5640272731900673,8.1650950969330971,8.1650950969330971,8.8331464566372624,4,4,"gurobi_cb_mip_objbnd_valid_native_bound"
398.67080478092652,341.06545218092651,"native_root_processing_bound","L2.0.1.1.1",8.5653976760609503,8.1650950969330971,8.1650950969330971,8.8331464566372624,4,4,"gurobi_cb_mip_objbnd_valid_native_bound"
402.93980483433228,345.33445223433228,"native_root_processing_bound","L2.0.1.1.1",8.5658025988238773,8.1650950969330971,8.1650950969330971,8.8331464566372624,4,4,"gurobi_cb_mip_objbnd_valid_native_bound"
405.26380471607666,347.65845211607666,"native_root_processing_bound","L2.0.1.1.1",8.5687368589373811,8.1650950969330971,8.1650950969330971,8.8331464566372624,4,4,"gurobi_cb_mip_objbnd_valid_native_bound"
406.96680478474121,349.36145218474121,"native_root_processing_bound","L2.0.1.1.1",8.5692221484223747,8.1650950969330971,8.1650950969330971,8.8331464566372624,4,4,"gurobi_cb_mip_objbnd_valid_native_bound"
408.99180488010865,351.38645228010864,"native_root_processing_bound","L2.0.1.1.1",8.5716030652785804,8.1650950969330971,8.1650950969330971,8.8331464566372624,4,4,"gurobi_cb_mip_objbnd_valid_native_bound"
409.38180474659424,351.77645214659424,"native_root_processing_bound","L2.0.1.1.1",8.5718551488682948,8.1650950969330971,8.1650950969330971,8.8331464566372624,4,4,"gurobi_cb_mip_objbnd_valid_native_bound"
411.11180476566773,353.50645216566772,"native_root_processing_bound","L2.0.1.1.1",8.5735061976635887,8.1650950969330971,8.1650950969330971,8.8331464566372624,4,4,"gurobi_cb_mip_objbnd_valid_native_bound"
413.17780475040894,355.57245215040894,"native_root_processing_bound","L2.0.1.1.1",8.5738870171830239,8.1650950969330971,8.1650950969330971,8.8331464566372624,4,4,"gurobi_cb_mip_objbnd_valid_native_bound"
415.9928048076294,358.38745220762939,"native_root_processing_bound","L2.0.1.1.1",8.5751122243087998,8.1650950969330971,8.1650950969330971,8.8331464566372624,4,4,"gurobi_cb_mip_objbnd_valid_native_bound"
416.40580491444092,358.80045231444092,"native_root_processing_bound","L2.0.1.1.1",8.5752518608884092,8.1650950969330971,8.1650950969330971,8.8331464566372624,4,4,"gurobi_cb_mip_objbnd_valid_native_bound"
418.40680484196167,360.80145224196167,"native_root_processing_bound","L2.0.1.1.1",8.5765614840798481,8.1650950969330971,8.1650950969330971,8.8331464566372624,4,4,"gurobi_cb_mip_objbnd_valid_native_bound"
420.12280492207032,362.51745232207031,"native_root_processing_bound","L2.0.1.1.1",8.5767735250022969,8.1650950969330971,8.1650950969330971,8.8331464566372624,4,4,"gurobi_cb_mip_objbnd_valid_native_bound"
421.98780493160706,364.38245233160706,"native_root_processing_bound","L2.0.1.1.1",8.5770430760306962,8.1650950969330971,8.1650950969330971,8.8331464566372624,4,4,"gurobi_cb_mip_objbnd_valid_native_bound"
422.19880489727478,364.59345229727478,"native_root_processing_bound","L2.0.1.1.1",8.5771124972318624,8.1650950969330971,8.1650950969330971,8.8331464566372624,4,4,"gurobi_cb_mip_objbnd_valid_native_bound"
422.3988049449585,364.7934523449585,"native_root_processing_bound","L2.0.1.1.1",8.5771126885112423,8.1650950969330971,8.1650950969330971,8.8331464566372624,4,4,"gurobi_cb_mip_objbnd_valid_native_bound"
423.83780483623963,366.23245223623962,"native_root_processing_bound","L2.0.1.1.1",8.5774085407320477,8.1650950969330971,8.1650950969330971,8.8331464566372624,4,4,"gurobi_cb_mip_objbnd_valid_native_bound"
439.83180479427796,382.22645219427795,"native_root_processing_bound","L2.0.1.1.1",8.5774101377001699,8.1650950969330971,8.1650950969330971,8.8331464566372624,4,4,"gurobi_cb_mip_objbnd_valid_native_bound"
445.71380476376038,388.10845216376038,"terminal_mip_bound_improvement","L2.0.1.1.1",8.5992508095582405,8.1650950969330971,8.1650950969330971,8.8331464566372624,4,4,"gurobi_cb_mip_objbnd_valid_native_bound"
448.47480492016297,390.86945232016296,"terminal_mip_bound_improvement","L2.0.1.1.1",8.6244423013219773,8.1650950969330971,8.1650950969330971,8.8331464566372624,4,4,"gurobi_cb_mip_objbnd_valid_native_bound"
552.11880473515021,494.51345213515015,"terminal_mip_bound_improvement","L2.0.1.1.1",8.6254908646158341,8.1650950969330971,8.1650950969330971,8.8331464566372624,4,4,"gurobi_cb_mip_objbnd_valid_native_bound"
560.99280480762945,503.38745220762939,"terminal_mip_bound_improvement","L2.0.1.1.1",8.6264856978572642,8.1650950969330971,8.1650950969330971,8.8331464566372624,4,4,"gurobi_cb_mip_objbnd_valid_native_bound"
564.90880493542181,507.30345233542175,"terminal_mip_bound_improvement","L2.0.1.1.1",8.628261930047179,8.1650950969330971,8.1650950969330971,8.8331464566372624,4,4,"gurobi_cb_mip_objbnd_valid_native_bound"
571.33980492969977,513.73445232969971,"terminal_mip_bound_improvement","L2.0.1.1.1",8.6282884767617194,8.1650950969330971,8.1650950969330971,8.8331464566372624,4,4,"gurobi_cb_mip_objbnd_valid_native_bound"
643.75580481907355,586.15045221907349,"terminal_mip_bound_improvement","L2.0.1.1.1",8.6336159047460868,8.1650950969330971,8.1650950969330971,8.8331464566372624,4,4,"gurobi_cb_mip_objbnd_valid_native_bound"
646.02780489346014,588.42245229346008,"terminal_mip_bound_improvement","L2.0.1.1.1",8.6368913962458915,8.1650950969330971,8.1650950969330971,8.8331464566372624,4,4,"gurobi_cb_mip_objbnd_valid_native_bound"
646.81380490681158,589.20845230681152,"terminal_mip_bound_improvement","L2.0.1.1.1",8.6371892845114697,8.1650950969330971,8.1650950969330971,8.8331464566372624,4,4,"gurobi_cb_mip_objbnd_valid_native_bound"
647.16580490490423,589.56045230490417,"terminal_mip_bound_improvement","L2.0.1.1.1",8.6372216237034909,8.1650950969330971,8.1650950969330971,8.8331464566372624,4,4,"gurobi_cb_mip_objbnd_valid_native_bound"
656.71680478474127,599.11145218474121,"terminal_mip_bound_improvement","L2.0.1.1.1",8.6420281600430133,8.1650950969330971,8.1650950969330971,8.8331464566372624,4,4,"gurobi_cb_mip_objbnd_valid_native_bound"
657.43080477138983,599.82545217138977,"terminal_mip_bound_improvement","L2.0.1.1.1",8.6420363737897947,8.1650950969330971,8.1650950969330971,8.8331464566372624,4,4,"gurobi_cb_mip_objbnd_valid_native_bound"
658.70080475231634,601.09545215231628,"terminal_mip_bound_improvement","L2.0.1.1.1",8.6424275640357173,8.1650950969330971,8.1650950969330971,8.8331464566372624,4,4,"gurobi_cb_mip_objbnd_valid_native_bound"
660.21780471226202,602.61245211226196,"terminal_mip_bound_improvement","L2.0.1.1.1",8.6425538417704182,8.1650950969330971,8.1650950969330971,8.8331464566372624,4,4,"gurobi_cb_mip_objbnd_valid_native_bound"
670.33680490871893,612.73145230871887,"terminal_mip_bound_improvement","L2.0.1.1.1",8.6446800003107889,8.1650950969330971,8.1650950969330971,8.8331464566372624,4,4,"gurobi_cb_mip_objbnd_valid_native_bound"
670.97780494114386,613.3724523411438,"terminal_mip_bound_improvement","L2.0.1.1.1",8.6446870061241796,8.1650950969330971,8.1650950969330971,8.8331464566372624,4,4,"gurobi_cb_mip_objbnd_valid_native_bound"
672.40080480000006,614.7954522,"terminal_mip_bound_improvement","L2.0.1.1.1",8.6449344051801837,8.1650950969330971,8.1650950969330971,8.8331464566372624,4,4,"gurobi_cb_mip_objbnd_valid_native_bound"
675.30780486484991,617.70245226484985,"terminal_mip_bound_improvement","L2.0.1.1.1",8.645004869216395,8.1650950969330971,8.1650950969330971,8.8331464566372624,4,4,"gurobi_cb_mip_objbnd_valid_native_bound"
684.66080479046332,627.05545219046326,"terminal_mip_bound_improvement","L2.0.1.1.1",8.6468130081178032,8.1650950969330971,8.1650950969330971,8.8331464566372624,4,4,"gurobi_cb_mip_objbnd_valid_native_bound"
685.47680477520453,627.87145217520447,"terminal_mip_bound_improvement","L2.0.1.1.1",8.6468478166689433,8.1650950969330971,8.1650950969330971,8.8331464566372624,4,4,"gurobi_cb_mip_objbnd_valid_native_bound"
686.1868048133515,628.58145221335144,"terminal_mip_bound_improvement","L2.0.1.1.1",8.6470152692708044,8.1650950969330971,8.1650950969330971,8.8331464566372624,4,4,"gurobi_cb_mip_objbnd_valid_native_bound"
697.52980474850165,639.92445214850159,"terminal_mip_bound_improvement","L2.0.1.1.1",8.6485026811041408,8.1650950969330971,8.1650950969330971,8.8331464566372624,4,4,"gurobi_cb_mip_objbnd_valid_native_bound"
698.53280476948248,640.92745216948242,"terminal_mip_bound_improvement","L2.0.1.1.1",8.6485372152232074,8.1650950969330971,8.1650950969330971,8.8331464566372624,4,4,"gurobi_cb_mip_objbnd_valid_native_bound"
700.0158048095368,642.41045220953674,"terminal_mip_bound_improvement","L2.0.1.1.1",8.6493848663167086,8.1650950969330971,8.1650950969330971,8.8331464566372624,4,4,"gurobi_cb_mip_objbnd_valid_native_bound"
702.21180490871893,644.60645230871887,"terminal_mip_bound_improvement","L2.0.1.1.1",8.649473250831246,8.1650950969330971,8.1650950969330971,8.8331464566372624,4,4,"gurobi_cb_mip_objbnd_valid_native_bound"
712.22280482670294,654.61745222670288,"terminal_mip_bound_improvement","L2.0.1.1.1",8.6506604898169766,8.1650950969330971,8.1650950969330971,8.8331464566372624,4,4,"gurobi_cb_mip_objbnd_valid_native_bound"
713.3668048801087,655.76145228010864,"terminal_mip_bound_improvement","L2.0.1.1.1",8.6506732443036807,8.1650950969330971,8.1650950969330971,8.8331464566372624,4,4,"gurobi_cb_mip_objbnd_valid_native_bound"
716.69580487629401,659.09045227629395,"terminal_mip_bound_improvement","L2.0.1.1.1",8.6512066586536225,8.1650950969330971,8.1650950969330971,8.8331464566372624,4,4,"gurobi_cb_mip_objbnd_valid_native_bound"
718.21480492969977,660.60945232969971,"terminal_mip_bound_improvement","L2.0.1.1.1",8.6512737554051959,8.1650950969330971,8.1650950969330971,8.8331464566372624,4,4,"gurobi_cb_mip_objbnd_valid_native_bound"
729.552804750409,671.94745215040894,"terminal_mip_bound_improvement","L2.0.1.1.1",8.6520395398913479,8.1650950969330971,8.1650950969330971,8.8331464566372624,4,4,"gurobi_cb_mip_objbnd_valid_native_bound"
730.37980489155279,672.77445229155273,"terminal_mip_bound_improvement","L2.0.1.1.1",8.6520694474691364,8.1650950969330971,8.1650950969330971,8.8331464566372624,4,4,"gurobi_cb_mip_objbnd_valid_native_bound"
730.86880473515021,673.26345213515015,"terminal_mip_bound_improvement","L2.0.1.1.1",8.6521787757756279,8.1650950969330971,8.1650950969330971,8.8331464566372624,4,4,"gurobi_cb_mip_objbnd_valid_native_bound"
740.61180476566778,683.00645216566772,"terminal_mip_bound_improvement","L2.0.1.1.1",8.6529801868882288,8.1650950969330971,8.1650950969330971,8.8331464566372624,4,4,"gurobi_cb_mip_objbnd_valid_native_bound"
743.25580481907355,685.65045221907349,"terminal_mip_bound_improvement","L2.0.1.1.1",8.6531985524399619,8.1650950969330971,8.1650950969330971,8.8331464566372624,4,4,"gurobi_cb_mip_objbnd_valid_native_bound"
753.26180486103522,695.65645226103516,"terminal_mip_bound_improvement","L2.0.1.1.1",8.6545740375978806,8.1650950969330971,8.1650950969330971,8.8331464566372624,4,4,"gurobi_cb_mip_objbnd_valid_native_bound"
756.52580480000006,698.9204522,"terminal_mip_bound_improvement","L2.0.1.1.1",8.6549156327762837,8.1650950969330971,8.1650950969330971,8.8331464566372624,4,4,"gurobi_cb_mip_objbnd_valid_native_bound"
757.85980491062628,700.25445231062622,"terminal_mip_bound_improvement","L2.0.1.1.1",8.6549842227095404,8.1650950969330971,8.1650950969330971,8.8331464566372624,4,4,"gurobi_cb_mip_objbnd_valid_native_bound"
770.17980484386908,712.57445224386902,"terminal_mip_bound_improvement","L2.0.1.1.1",8.6566812069245351,8.1650950969330971,8.1650950969330971,8.8331464566372624,4,4,"gurobi_cb_mip_objbnd_valid_native_bound"
787.12180475613104,729.51645215613098,"terminal_mip_bound_improvement","L2.0.1.1.1",8.6566812786866105,8.1650950969330971,8.1650950969330971,8.8331464566372624,4,4,"gurobi_cb_mip_objbnd_valid_native_bound"
837.33880476376044,779.73345216376038,"terminal_mip_bound_improvement","L2.0.1.1.1",8.6572339435269914,8.1650950969330971,8.1650950969330971,8.8331464566372624,4,4,"gurobi_cb_mip_objbnd_valid_native_bound"
838.71280483623968,781.10745223623962,"terminal_mip_bound_improvement","L2.0.1.1.1",8.6574766933314784,8.1650950969330971,8.1650950969330971,8.8331464566372624,4,4,"gurobi_cb_mip_objbnd_valid_native_bound"
849.72680477520453,792.12145217520447,"terminal_mip_bound_improvement","L2.0.1.1.1",8.6595305271392213,8.1650950969330971,8.1650950969330971,8.8331464566372624,4,4,"gurobi_cb_mip_objbnd_valid_native_bound"
850.19180492779242,792.58645232779236,"terminal_mip_bound_improvement","L2.0.1.1.1",8.6595407170378706,8.1650950969330971,8.1650950969330971,8.8331464566372624,4,4,"gurobi_cb_mip_objbnd_valid_native_bound"
853.18180493732916,795.5764523373291,"terminal_mip_bound_improvement","L2.0.1.1.1",8.6597064756337652,8.1650950969330971,8.1650950969330971,8.8331464566372624,4,4,"gurobi_cb_mip_objbnd_valid_native_bound"
861.51980475803839,803.91445215803833,"terminal_mip_bound_improvement","L2.0.1.1.1",8.6613940921265602,8.1650950969330971,8.1650950969330971,8.8331464566372624,4,4,"gurobi_cb_mip_objbnd_valid_native_bound"
862.09480480572211,804.48945220572205,"terminal_mip_bound_improvement","L2.0.1.1.1",8.6613941301520363,8.1650950969330971,8.1650950969330971,8.8331464566372624,4,4,"gurobi_cb_mip_objbnd_valid_native_bound"
864.26480488201605,806.65945228201599,"terminal_mip_bound_improvement","L2.0.1.1.1",8.6618216681361488,8.1650950969330971,8.1650950969330971,8.8331464566372624,4,4,"gurobi_cb_mip_objbnd_valid_native_bound"
865.93480471989142,808.32945211989136,"terminal_mip_bound_improvement","L2.0.1.1.1",8.6619606179677664,8.1650950969330971,8.1650950969330971,8.8331464566372624,4,4,"gurobi_cb_mip_objbnd_valid_native_bound"
875.4368048133515,817.83145221335144,"terminal_mip_bound_improvement","L2.0.1.1.1",8.6646548498381648,8.1650950969330971,8.1650950969330971,8.8331464566372624,4,4,"gurobi_cb_mip_objbnd_valid_native_bound"
875.96980480572211,818.36445220572205,"terminal_mip_bound_improvement","L2.0.1.1.1",8.6647268129966069,8.1650950969330971,8.1650950969330971,8.8331464566372624,4,4,"gurobi_cb_mip_objbnd_valid_native_bound"
878.08980492969977,820.48445232969971,"terminal_mip_bound_improvement","L2.0.1.1.1",8.6650015985512745,8.1650950969330971,8.1650950969330971,8.8331464566372624,4,4,"gurobi_cb_mip_objbnd_valid_native_bound"
878.75580481907355,821.15045221907349,"terminal_mip_bound_improvement","L2.0.1.1.1",8.6651050481983951,8.1650950969330971,8.1650950969330971,8.8331464566372624,4,4,"gurobi_cb_mip_objbnd_valid_native_bound"
886.81380490681158,829.20845230681152,"terminal_mip_bound_improvement","L2.0.1.1.1",8.6660032126203603,8.1650950969330971,8.1650950969330971,8.8331464566372624,4,4,"gurobi_cb_mip_objbnd_valid_native_bound"
887.64680485149847,830.04145225149841,"terminal_mip_bound_improvement","L2.0.1.1.1",8.6660368988271763,8.1650950969330971,8.1650950969330971,8.8331464566372624,4,4,"gurobi_cb_mip_objbnd_valid_native_bound"
890.00480489155279,832.39945229155273,"terminal_mip_bound_improvement","L2.0.1.1.1",8.6663863465511284,8.1650950969330971,8.1650950969330971,8.8331464566372624,4,4,"gurobi_cb_mip_objbnd_valid_native_bound"
890.75480489155279,833.14945229155273,"terminal_mip_bound_improvement","L2.0.1.1.1",8.6664504548393371,8.1650950969330971,8.1650950969330971,8.8331464566372624,4,4,"gurobi_cb_mip_objbnd_valid_native_bound"
899.90580491444098,842.30045231444092,"terminal_mip_bound_improvement","L2.0.1.1.1",8.667919167642065,8.1650950969330971,8.1650950969330971,8.8331464566372624,4,4,"gurobi_cb_mip_objbnd_valid_native_bound"
900.47580484768378,842.87045224768372,"terminal_mip_bound_improvement","L2.0.1.1.1",8.6679515218409282,8.1650950969330971,8.1650950969330971,8.8331464566372624,4,4,"gurobi_cb_mip_objbnd_valid_native_bound"
902.34880475422369,844.74345215422363,"terminal_mip_bound_improvement","L2.0.1.1.1",8.6683282359517388,8.1650950969330971,8.1650950969330971,8.8331464566372624,4,4,"gurobi_cb_mip_objbnd_valid_native_bound"
903.08280472179877,845.47745212179871,"terminal_mip_bound_improvement","L2.0.1.1.1",8.6684381066629967,8.1650950969330971,8.1650950969330971,8.8331464566372624,4,4,"gurobi_cb_mip_objbnd_valid_native_bound"
913.66380481144415,856.05845221144409,"terminal_mip_bound_improvement","L2.0.1.1.1",8.6687128484849811,8.1650950969330971,8.1650950969330971,8.8331464566372624,4,4,"gurobi_cb_mip_objbnd_valid_native_bound"
914.46780471226202,856.86245211226196,"terminal_mip_bound_improvement","L2.0.1.1.1",8.6687465070458636,8.1650950969330971,8.1650950969330971,8.8331464566372624,4,4,"gurobi_cb_mip_objbnd_valid_native_bound"
917.21980480572211,859.61445220572205,"terminal_mip_bound_improvement","L2.0.1.1.1",8.6687813915021632,8.1650950969330971,8.1650950969330971,8.8331464566372624,4,4,"gurobi_cb_mip_objbnd_valid_native_bound"
926.32280473133551,868.71745213133545,"terminal_mip_bound_improvement","L2.0.1.1.1",8.668941432872586,8.1650950969330971,8.1650950969330971,8.8331464566372624,4,4,"gurobi_cb_mip_objbnd_valid_native_bound"
927.04180483242499,869.43645223242493,"terminal_mip_bound_improvement","L2.0.1.1.1",8.6689620733014134,8.1650950969330971,8.1650950969330971,8.8331464566372624,4,4,"gurobi_cb_mip_objbnd_valid_native_bound"
927.49280480762945,869.88745220762939,"terminal_mip_bound_improvement","L2.0.1.1.1",8.6689798957218347,8.1650950969330971,8.1650950969330971,8.8331464566372624,4,4,"gurobi_cb_mip_objbnd_valid_native_bound"
946.53480486294256,888.9294522629425,"terminal_mip_bound_improvement","L2.0.1.1.1",8.6695818860556653,8.1650950969330971,8.1650950969330971,8.8331464566372624,4,4,"gurobi_cb_mip_objbnd_valid_native_bound"
946.98980478664862,889.38445218664856,"terminal_mip_bound_improvement","L2.0.1.1.1",8.6695884046482004,8.1650950969330971,8.1650950969330971,8.8331464566372624,4,4,"gurobi_cb_mip_objbnd_valid_native_bound"
962.88280491253363,905.27745231253357,"terminal_mip_bound_improvement","L2.0.1.1.1",8.6695963155689135,8.1650950969330971,8.1650950969330971,8.8331464566372624,4,4,"gurobi_cb_mip_objbnd_valid_native_bound"
964.04280475994574,906.43745215994568,"terminal_mip_bound_improvement","L2.0.1.1.1",8.6696720681831767,8.1650950969330971,8.1650950969330971,8.8331464566372624,4,4,"gurobi_cb_mip_objbnd_valid_native_bound"
975.63580493351446,918.0304523335144,"terminal_mip_bound_improvement","L2.0.1.1.1",8.6700504472545958,8.1650950969330971,8.1650950969330971,8.8331464566372624,4,4,"gurobi_cb_mip_objbnd_valid_native_bound"
983.15780476948248,925.55245216948242,"terminal_mip_bound_improvement","L2.0.1.1.1",8.6710943797553188,8.1650950969330971,8.1650950969330971,8.8331464566372624,4,4,"gurobi_cb_mip_objbnd_valid_native_bound"
990.66580490490423,933.06045230490417,"terminal_mip_bound_improvement","L2.0.1.1.1",8.671146878574719,8.1650950969330971,8.1650950969330971,8.8331464566372624,4,4,"gurobi_cb_mip_objbnd_valid_native_bound"
995.34680489918219,937.74145229918213,"terminal_mip_bound_improvement","L2.0.1.1.1",8.6772006951962002,8.1650950969330971,8.1650950969330971,8.8331464566372624,4,4,"gurobi_cb_mip_objbnd_valid_native_bound"
998.47880486866461,940.87345226866455,"terminal_mip_bound_improvement","L2.0.1.1.1",8.6784854121096853,8.1650950969330971,8.1650950969330971,8.8331464566372624,4,4,"gurobi_cb_mip_objbnd_valid_native_bound"
999.68580488583075,942.08045228583069,"terminal_mip_bound_improvement","L2.0.1.1.1",8.6785845721177104,8.1650950969330971,8.1650950969330971,8.8331464566372624,4,4,"gurobi_cb_mip_objbnd_valid_native_bound"
1026.8038049163483,969.19845231634827,"terminal_mip_bound_improvement","L2.0.1.1.1",8.6786987367413779,8.1650950969330971,8.1650950969330971,8.8331464566372624,4,4,"gurobi_cb_mip_objbnd_valid_native_bound"
1051.9198048534058,994.31445225340576,"terminal_mip_bound_improvement","L2.0.1.1.1",8.6832583368011456,8.1650950969330971,8.1650950969330971,8.8331464566372624,4,4,"gurobi_cb_mip_objbnd_valid_native_bound"
1053.9018047275208,996.29645212752075,"terminal_mip_bound_improvement","L2.0.1.1.1",8.6832606160236754,8.1650950969330971,8.1650950969330971,8.8331464566372624,4,4,"gurobi_cb_mip_objbnd_valid_native_bound"
1055.0258048000001,997.4204522,"terminal_mip_bound_improvement","L2.0.1.1.1",8.6833425508974678,8.1650950969330971,8.1650950969330971,8.8331464566372624,4,4,"gurobi_cb_mip_objbnd_valid_native_bound"
1081.1598048629426,1023.5544522629425,"terminal_mip_bound_improvement","L2.0.1.1.1",8.6833465779989538,8.1650950969330971,8.1650950969330971,8.8331464566372624,4,4,"gurobi_cb_mip_objbnd_valid_native_bound"
1088.7738049449586,1031.1684523449585,"terminal_mip_bound_improvement","L2.0.1.1.1",8.6843277161977834,8.1650950969330971,8.1650950969330971,8.8331464566372624,4,4,"gurobi_cb_mip_objbnd_valid_native_bound"
1104.5558047713898,1046.9504521713898,"terminal_mip_bound_improvement","L2.0.1.1.1",8.6843305255971046,8.1650950969330971,8.1650950969330971,8.8331464566372624,4,4,"gurobi_cb_mip_objbnd_valid_native_bound"
1121.7438047351502,1064.1384521351501,"terminal_mip_bound_improvement","L2.0.1.1.1",8.6858666267182567,8.1650950969330971,8.1650950969330971,8.8331464566372624,4,4,"gurobi_cb_mip_objbnd_valid_native_bound"
1134.9428048553132,1077.3374522553131,"terminal_mip_bound_improvement","L2.0.1.1.1",8.6895875723338776,8.1650950969330971,8.1650950969330971,8.8331464566372624,4,4,"gurobi_cb_mip_objbnd_valid_native_bound"
1147.2138047637604,1089.6084521637604,"terminal_mip_bound_improvement","L2.0.1.1.1",8.6908177052000237,8.1650950969330971,8.1650950969330971,8.8331464566372624,4,4,"gurobi_cb_mip_objbnd_valid_native_bound"
1147.717804712262,1090.112452112262,"terminal_mip_bound_improvement","L2.0.1.1.1",8.690838636264079,8.1650950969330971,8.1650950969330971,8.8331464566372624,4,4,"gurobi_cb_mip_objbnd_valid_native_bound"
1157.0468049468659,1099.4414523468658,"terminal_mip_bound_improvement","L2.0.1.1.1",8.6980551856951909,8.1650950969330971,8.1650950969330971,8.8331464566372624,4,4,"gurobi_cb_mip_objbnd_valid_native_bound"
1162.7078047217988,1105.1024521217987,"terminal_mip_bound_improvement","L2.0.1.1.1",8.7000949987560645,8.1650950969330971,8.1650950969330971,8.8331464566372624,4,4,"gurobi_cb_mip_objbnd_valid_native_bound"
1170.6708047809266,1113.0654521809265,"terminal_mip_bound_improvement","L2.0.1.1.1",8.7007059636693054,8.1650950969330971,8.1650950969330971,8.8331464566372624,4,4,"gurobi_cb_mip_objbnd_valid_native_bound"
1172.2698047580384,1114.6644521580383,"terminal_mip_bound_improvement","L2.0.1.1.1",8.7026277262196512,8.1650950969330971,8.1650950969330971,8.8331464566372624,4,4,"gurobi_cb_mip_objbnd_valid_native_bound"
1175.4438047828339,1117.8384521828339,"terminal_mip_bound_improvement","L2.0.1.1.1",8.7043948145584604,8.1650950969330971,8.1650950969330971,8.8331464566372624,4,4,"gurobi_cb_mip_objbnd_valid_native_bound"
1176.3908048095368,1118.7854522095367,"terminal_mip_bound_improvement","L2.0.1.1.1",8.7126110340467662,8.1650950969330971,8.1650950969330971,8.8331464566372624,4,4,"gurobi_cb_mip_objbnd_valid_native_bound"
1178.7658048095368,1121.1604522095367,"terminal_mip_bound_improvement","L2.0.1.1.1",8.7178589718788118,8.1650950969330971,8.1650950969330971,8.8331464566372624,4,4,"gurobi_cb_mip_objbnd_valid_native_bound"
1178.9628048362397,1121.3574522362396,"terminal_mip_bound_improvement","L2.0.1.1.1",8.7185140835815549,8.1650950969330971,8.1650950969330971,8.8331464566372624,4,4,"gurobi_cb_mip_objbnd_valid_native_bound"
1183.9078047694825,1126.3024521694824,"terminal_mip_bound_improvement","L2.0.1.1.1",8.7186478963024641,8.1650950969330971,8.1650950969330971,8.8331464566372624,4,4,"gurobi_cb_mip_objbnd_valid_native_bound"
1184.2388048591279,1126.6334522591278,"terminal_mip_bound_improvement","L2.0.1.1.1",8.7192155553094519,8.1650950969330971,8.1650950969330971,8.8331464566372624,4,4,"gurobi_cb_mip_objbnd_valid_native_bound"
1185.7008047523163,1128.0954521523163,"terminal_mip_bound_improvement","L2.0.1.1.1",8.7194891637786096,8.1650950969330971,8.1650950969330971,8.8331464566372624,4,4,"gurobi_cb_mip_objbnd_valid_native_bound"
1186.1628048839234,1128.5574522839233,"terminal_mip_bound_improvement","L2.0.1.1.1",8.723741278279677,8.1650950969330971,8.1650950969330971,8.8331464566372624,4,4,"gurobi_cb_mip_objbnd_valid_native_bound"
1188.4048047485016,1130.7994521485016,"terminal_mip_bound_improvement","L2.0.1.1.1",8.7251929185256127,8.1650950969330971,8.1650950969330971,8.8331464566372624,4,4,"gurobi_cb_mip_objbnd_valid_native_bound"
1189.8088047923707,1132.2034521923706,"terminal_mip_bound_improvement","L2.0.1.1.1",8.7258108182959919,8.1650950969330971,8.1650950969330971,8.8331464566372624,4,4,"gurobi_cb_mip_objbnd_valid_native_bound"
1193.2898047389649,1135.6844521389648,"terminal_mip_bound_improvement","L2.0.1.1.1",8.726731954932065,8.1650950969330971,8.1650950969330971,8.8331464566372624,4,4,"gurobi_cb_mip_objbnd_valid_native_bound"
1195.1131014,1137.5077486,"incumbent_improvement","L2.0.1.1.1",8.726731954932065,8.1650950969330971,8.1650950969330971,8.7720930212695354,4,4,"independently_verified_native_incumbent"
1195.1131077,1137.5077550000001,"interruption","L2.0.1.1.1",8.726731954932065,8.1650950969330971,8.1650950969330971,8.7720930212695354,4,4,"overall_process_deadline_terminal_mip"
1195.1131135000001,1137.5077609,"interruption","",8.1650950969330971,,8.1650950969330971,8.7720930212695354,4,4,"overall_process_deadline_open_coverage"
1195.1133619,1137.5080092999999,"finalization","",8.1650950969330971,,8.1650950969330971,8.7720930212695354,4,4,"graceful_deadline_final_valid_bound"
