elapsed_time,native_global_LB,native_incumbent,verified_cutoff,native_gap,node_count,open_nodes,simplex_iterations,event_source
0.0063965999999999997,0,9.9999999999999993e+74,0.71850407075497091,9.9999999999999993e+74,0,1,0,global_progress
0.0065253000000000004,0,9.9999999999999993e+74,0.71850407075497091,9.9999999999999993e+74,0,1,0,global_progress
3.5776911999999998,0.37822168614483404,9.9999999999999993e+74,0.71850407075497091,9.9999999999999993e+74,0,1,3069,global_progress
279.79999959999998,0.7062257728245096,9.9999999999999993e+74,0.71850407075497091,9.9999999999999993e+74,26476,7454,2151158,global_progress
279.80041,0.7062257728245096,0,0.71850407075497091,0,26476,7454,2151158,solver_final
