elapsed_time,native_global_LB,native_incumbent,verified_cutoff,native_gap,node_count,open_nodes,simplex_iterations,event_source
0.017172,0,9.9999999999999993e+74,0.19563620654901237,9.9999999999999993e+74,0,1,0,global_progress
0.017287199999999999,0,9.9999999999999993e+74,0.19563620654901237,9.9999999999999993e+74,0,1,0,global_progress
7.4322451000000003,0.10932158867841082,9.9999999999999993e+74,0.19563620654901237,9.9999999999999993e+74,0,1,15615,global_progress
273.9773634,0.14073128170262408,9.9999999999999993e+74,0.19563620654901237,9.9999999999999993e+74,3343,2266,1166331,global_progress
273.97769030000001,0.14073128170262408,0,0.19563620654901237,0,3343,2266,1166331,solver_final
