elapsed_time,native_global_LB,native_incumbent,verified_cutoff,native_gap,node_count,open_nodes,simplex_iterations,event_source
0.0169295,0,9.9999999999999993e+74,0.10725273413394144,9.9999999999999993e+74,0,1,0,global_progress
0.017029599999999999,0,9.9999999999999993e+74,0.10725273413394144,9.9999999999999993e+74,0,1,0,global_progress
1.9241623999999999,0.0077339630292816049,9.9999999999999993e+74,0.10725273413394144,9.9999999999999993e+74,0,1,2862,global_progress
280.0216312,0.017091881669455085,9.9999999999999993e+74,0.10725273413394144,9.9999999999999993e+74,10406,7092,1386337,global_progress
280.02215519999999,0.017091881669455085,0,0.10725273413394144,0,10406,7092,1386337,solver_final
