elapsed_time,native_global_LB,native_incumbent,verified_cutoff,native_gap,node_count,open_nodes,simplex_iterations,event_source
0.0058005000000000001,0,9.9999999999999993e+74,0.71850407075497091,9.9999999999999993e+74,0,1,0,global_progress
0.0060428000000000001,0,9.9999999999999993e+74,0.71850407075497091,9.9999999999999993e+74,0,1,0,global_progress
3.4130015,0.37879177068688608,9.9999999999999993e+74,0.71850407075497091,9.9999999999999993e+74,0,1,3574,global_progress
264.50373860000002,0.71834753268493101,0.71850407075496514,0.71850407075497091,,24677,695,2196630,native_candidate
266.21813179999998,0.71850407075496514,0.71850407075496514,0.71850407075497091,0,24962,0,2198846,global_progress
266.21903589999999,0.71850407075496514,0.71850407075496514,0.71850407075497091,0,24962,0,2198846,global_progress
266.2223942,0.71850407075496514,0.71850407075496514,0.71850407075497091,0,24962,0,2198846,solver_final
