elapsed_time,native_global_LB,native_incumbent,verified_cutoff,native_gap,node_count,open_nodes,simplex_iterations,event_source
0.0133478,0,9.9999999999999993e+74,1.7493134520506337,9.9999999999999993e+74,0,1,0,global_progress
0.0135963,0,9.9999999999999993e+74,1.7493134520506337,9.9999999999999993e+74,0,1,0,global_progress
6.1361552000000001,1.4312629853487282,9.9999999999999993e+74,1.7493134520506337,9.9999999999999993e+74,0,1,13729,global_progress
274.00869569999998,1.6750429732929972,9.9999999999999993e+74,1.7493134520506337,9.9999999999999993e+74,2058,1191,1074389,global_progress
274.00905610000001,1.6750429732929972,0,1.7493134520506337,0,2058,1191,1074389,solver_final
