elapsed_time,native_global_LB,native_incumbent,verified_cutoff,native_gap,node_count,open_nodes,simplex_iterations,event_source
0.016934299999999999,0,9.9999999999999993e+74,0.10725273413394144,9.9999999999999993e+74,0,1,0,global_progress
0.017066700000000001,0,9.9999999999999993e+74,0.10725273413394144,9.9999999999999993e+74,0,1,0,global_progress
4.6749688999999996,0.014627354220092537,9.9999999999999993e+74,0.10725273413394144,9.9999999999999993e+74,0,1,11222,global_progress
862.01071839999997,0.044588857799710863,9.9999999999999993e+74,0.10725273413394144,9.9999999999999993e+74,13530,3808,5354766,global_progress
862.0111339,0.044588857799710863,0,0.10725273413394144,0,13530,3808,5354766,solver_final
