run_id,stage,instance,arm,verified_ub,observed_horizon_seconds,normalized_bound_progress_auc,raw_area,observation_count
stage1__high_imbalance_seed3202__plain__120s__dense_on,stage1,high_imbalance_seed3202,plain,2.5474512160974627,117.5987463,0.3944708335035804,46.3892754719371,389
stage1__high_imbalance_seed3202__s0__120s__dense_on,stage1,high_imbalance_seed3202,S0,1.7493134520506337,97.5937822,0.8576826657229707,83.70449527528301,4
stage1__high_imbalance_seed3202__s1__120s__dense_on,stage1,high_imbalance_seed3202,S1,1.7493134520506337,97.5927093,0.8557754456390253,83.51744429232734,4
stage1__moderate_seed3301__plain__120s__dense_on,stage1,moderate_seed3301,plain,0.07598579197155794,117.613343,0.5234473029876922,61.56438718871637,593
stage1__moderate_seed3301__s0__120s__dense_on,stage1,moderate_seed3301,S0,0.04915255266474515,97.58964569999999,0.7721457282124057,75.35342804501715,4
stage1__moderate_seed3301__s1__120s__dense_on,stage1,moderate_seed3301,S1,0.04915255266474515,97.62078770000001,0.7775447071374579,75.90452678272446,4
stage1__V12_M2__plain__120s__dense_on,stage1,V12_M2,plain,0.7243949354801448,117.6080292,0.7433211084688806,87.42053062978448,7928
stage1__V12_M2__s0__120s__dense_on,stage1,V12_M2,S0,0.7185040707549709,104.26593919999999,0.7348891803194019,76.62391059392058,4
stage1__V12_M2__s1__120s__dense_on,stage1,V12_M2,S1,0.7185040707549709,104.24579370000001,0.7296879638856915,76.06690094860085,4
