generation,elapsed_seconds,best_fitness,strict_improvement
0,0.0060064999999999997,-0.75601168476499581,true
1,0.011397300000000001,-0.75601168476499581,false
2,0.017029699999999998,-0.69841679236189269,true
3,0.023462799999999999,-0.69841679236189269,false
4,0.028454900000000002,-0.6935978817153815,true
5,0.035527700000000002,-0.65752440868138962,true
6,0.0400883,-0.65752440868138962,false
7,0.046819600000000003,-0.65752440868138962,false
8,0.054307500000000002,-0.65752440868138962,false
9,0.062479199999999999,-0.65752440868138962,false
10,0.0707811,-0.65752440868138962,false
11,0.077276899999999996,-0.65752440868138962,false
12,0.082203899999999996,-0.64943523355473975,true
13,0.089029800000000006,-0.64943523355473975,false
14,0.096036700000000003,-0.64803650876384866,true
15,0.1031436,-0.64803650876384866,false
16,0.1087016,-0.64803650876384866,false
17,0.11393300000000001,-0.64803650876384866,false
18,0.120222,-0.64803650876384866,false
19,0.1245009,-0.64803650876384866,false
20,0.12904089999999999,-0.64803650876384866,false
21,0.13534959999999999,-0.63875354594461586,true
22,0.13999919999999999,-0.63655557269434915,true
23,0.1476343,-0.63613658173334708,true
24,0.15213789999999999,-0.63613658173334708,false
25,0.15526180000000001,-0.63613658173334708,false
26,0.1615984,-0.63613658173334708,false
27,0.16669410000000001,-0.62903974625251269,true
28,0.17309920000000001,-0.62903974625251269,false
29,0.1783901,-0.62903974625251269,false
30,0.1873911,-0.62903974625251269,false
31,0.1949082,-0.62515767215567541,true
32,0.2011819,-0.62515767215567541,false
33,0.21052380000000001,-0.62515767215567541,false
34,0.21999949999999999,-0.62515767215567541,false
35,0.2274764,-0.60787883310340218,true
36,0.23483419999999999,-0.60787883310340218,false
37,0.240453,-0.60787883310340218,false
38,0.24701989999999999,-0.60787883310340218,false
39,0.25494169999999999,-0.60787883310340218,false
40,0.25948369999999998,-0.60787883310340218,false
41,0.26667350000000001,-0.60787883310340218,false
42,0.2735417,-0.60787883310340218,false
43,0.28159620000000002,-0.60787883310340218,false
44,0.28900049999999999,-0.60787883310340218,false
45,0.29456559999999998,-0.60787883310340218,false
46,0.30156579999999999,-0.60787883310340218,false
47,0.30756790000000001,-0.60787883310340218,false
48,0.31608399999999998,-0.60787883310340218,false
49,0.324181,-0.60787883310340218,false
50,0.3293354,-0.60787883310340218,false
51,0.33657860000000001,-0.60787883310340218,false
52,0.34619850000000002,-0.60787883310340218,false
53,0.35336990000000001,-0.60787883310340218,false
54,0.36066500000000001,-0.60787883310340218,false
55,0.36586869999999999,-0.60787883310340218,false
56,0.37792150000000002,-0.60787883310340218,false
57,0.38615329999999998,-0.60787883310340218,false
58,0.3953893,-0.60787883310340218,false
59,0.40573300000000001,-0.60787883310340218,false
60,0.41301919999999998,-0.60787883310340218,false
61,0.42012300000000002,-0.60787883310340218,false
62,0.42647990000000002,-0.60787883310340218,false
63,0.4312086,-0.60787883310340218,false
64,0.43722919999999998,-0.60787883310340218,false
65,0.44132460000000001,-0.60787883310340218,false
66,0.45210099999999998,-0.60787883310340218,false
67,0.45839590000000002,-0.60772305315402475,true
68,0.46402060000000001,-0.60772305315402475,false
69,0.47274040000000001,-0.60772305315402475,false
70,0.48120230000000003,-0.60772305315402475,false
71,0.4900468,-0.60772305315402475,false
72,0.49629240000000002,-0.60772305315402475,false
73,0.50351020000000002,-0.60772305315402475,false
74,0.5114012,-0.60772305315402475,false
75,0.51702769999999998,-0.60772305315402475,false
76,0.5234337,-0.60772305315402475,false
77,0.52924059999999995,-0.60772305315402475,false
78,0.53673029999999999,-0.60772305315402475,false
79,0.54658929999999994,-0.60772305315402475,false
80,0.55230049999999997,-0.60772305315402475,false
81,0.56235579999999996,-0.60772305315402475,false
82,0.56859079999999995,-0.60772305315402475,false
83,0.57627079999999997,-0.60772305315402475,false
84,0.58006219999999997,-0.60772305315402475,false
85,0.58679749999999997,-0.60772305315402475,false
86,0.59684649999999995,-0.60772305315402475,false
87,0.60407999999999995,-0.60772305315402475,false
88,0.61036959999999996,-0.60772305315402475,false
89,0.61748429999999999,-0.60772305315402475,false
90,0.62463709999999995,-0.60772305315402475,false
91,0.63050090000000003,-0.60772305315402475,false
92,0.63722420000000002,-0.60772305315402475,false
93,0.64620100000000003,-0.60772305315402475,false
94,0.65247049999999995,-0.60772305315402475,false
95,0.65686580000000006,-0.60772305315402475,false
96,0.66502329999999998,-0.60772305315402475,false
97,0.67312819999999995,-0.60772305315402475,false
98,0.6807841,-0.60772305315402475,false
99,0.69612410000000002,-0.60772305315402475,false
100,0.70605119999999999,-0.60772305315402475,false
101,0.71788739999999995,-0.60772305315402475,false
102,0.72604290000000005,-0.60772305315402475,false
103,0.73464189999999996,-0.60772305315402475,false
104,0.74433300000000002,-0.60772305315402475,false
105,0.75413399999999997,-0.60772305315402475,false
106,0.76626139999999998,-0.60772305315402475,false
107,0.77355689999999999,-0.60772305315402475,false
108,0.78189759999999997,-0.60772305315402475,false
109,0.78738770000000002,-0.60772305315402475,false
110,0.79515559999999996,-0.60772305315402475,false
111,0.80298570000000002,-0.60772305315402475,false
112,0.81347130000000001,-0.60772305315402475,false
113,0.82498959999999999,-0.60772305315402475,false
114,0.83465509999999998,-0.60772305315402475,false
115,0.84524069999999996,-0.60772305315402475,false
116,0.8552265,-0.60772305315402475,false
117,0.85927949999999997,-0.60772305315402475,false
118,0.86838680000000001,-0.60772305315402475,false
119,0.88091529999999996,-0.60772305315402475,false
120,0.88812429999999998,-0.60772305315402475,false
121,0.89523059999999999,-0.60772305315402475,false
122,0.90456130000000001,-0.60772305315402475,false
123,0.91300859999999995,-0.60772305315402475,false
124,0.92119189999999995,-0.60772305315402475,false
125,0.93071459999999995,-0.60772305315402475,false
126,0.93702629999999998,-0.60772305315402475,false
127,0.94552449999999999,-0.60772305315402475,false
128,0.95165230000000001,-0.60772305315402475,false
129,0.96227669999999998,-0.60772305315402475,false
130,0.96897040000000001,-0.60772305315402475,false
131,0.98019179999999995,-0.60772305315402475,false
132,0.98823970000000005,-0.60772305315402475,false
133,0.9979384,-0.60772305315402475,false
134,1.0106647,-0.60772305315402475,false
135,1.0183015,-0.60772305315402475,false
136,1.0306865999999999,-0.60772305315402475,false
137,1.0378392999999999,-0.60772305315402475,false
138,1.0477240999999999,-0.60772305315402475,false
139,1.0580244999999999,-0.60772305315402475,false
140,1.0760342000000001,-0.60772305315402475,false
141,1.0850074000000001,-0.60772305315402475,false
142,1.0938642000000001,-0.60772305315402475,false
143,1.1013379000000001,-0.60772305315402475,false
144,1.1142612999999999,-0.60772305315402475,false
145,1.1232394000000001,-0.60772305315402475,false
146,1.1323099000000001,-0.60772305315402475,false
147,1.1421382,-0.60772305315402475,false
148,1.1511666,-0.60772305315402475,false
149,1.1610635,-0.60772305315402475,false
150,1.1691106,-0.60772305315402475,false
151,1.1768388999999999,-0.60772305315402475,false
152,1.1864914,-0.60772305315402475,false
153,1.1981565000000001,-0.60772305315402475,false
154,1.2071635999999999,-0.60772305315402475,false
155,1.2183843000000001,-0.60772305315402475,false
156,1.2283708,-0.60772305315402475,false
157,1.2360685,-0.60772305315402475,false
158,1.2440511999999999,-0.60772305315402475,false
159,1.2529699999999999,-0.60772305315402475,false
160,1.2618826999999999,-0.60772305315402475,false
161,1.2723101999999999,-0.60772305315402475,false
162,1.2823021999999999,-0.60772305315402475,false
163,1.2897902999999999,-0.60772305315402475,false
164,1.2990596000000001,-0.60772305315402475,false
165,1.3073669000000001,-0.60772305315402475,false
166,1.3185136,-0.60772305315402475,false
167,1.3272359,-0.60772305315402475,false
168,1.3358958000000001,-0.60772305315402475,false
169,1.3499762,-0.60772305315402475,false
170,1.3640383,-0.60772305315402475,false
171,1.3704833999999999,-0.60772305315402475,false
172,1.3856564,-0.60772305315402475,false
173,1.3949838000000001,-0.60772305315402475,false
174,1.4036192999999999,-0.60772305315402475,false
175,1.4119637,-0.60772305315402475,false
176,1.4212472,-0.60772305315402475,false
177,1.4287114000000001,-0.60772305315402475,false
178,1.4376409999999999,-0.60772305315402475,false
179,1.4461845,-0.60772305315402475,false
180,1.4529916,-0.60772305315402475,false
181,1.4658982,-0.60772305315402475,false
182,1.4753501,-0.60772305315402475,false
183,1.4824132999999999,-0.60772305315402475,false
184,1.4897084,-0.60772305315402475,false
185,1.4991749999999999,-0.60772305315402475,false
186,1.5106697,-0.60772305315402475,false
187,1.5195649,-0.60772305315402475,false
188,1.5288523999999999,-0.60772305315402475,false
189,1.5377472000000001,-0.60772305315402475,false
190,1.5508818,-0.60772305315402475,false
191,1.5611027,-0.60772305315402475,false
192,1.5710364999999999,-0.60772305315402475,false
193,1.5802691,-0.60772305315402475,false
194,1.5910588000000001,-0.60772305315402475,false
195,1.598668,-0.60772305315402475,false
196,1.6123101,-0.60772305315402475,false
197,1.6222411999999999,-0.60772305315402475,false
198,1.6316356999999999,-0.60772305315402475,false
199,1.6401258999999999,-0.60772305315402475,false
200,1.6482241,-0.60772305315402475,false
201,1.6565415999999999,-0.60772305315402475,false
202,1.6653388,-0.60772305315402475,false
203,1.6804802000000001,-0.60772305315402475,false
204,1.6935901,-0.60772305315402475,false
205,1.700258,-0.60772305315402475,false
206,1.7161881000000001,-0.60772305315402475,false
207,1.7271827,-0.60772305315402475,false
208,1.7351817,-0.60772305315402475,false
209,1.7419339,-0.60772305315402475,false
210,1.7493460000000001,-0.60772305315402475,false
211,1.7575164000000001,-0.60772305315402475,false
212,1.7679164999999999,-0.60772305315402475,false
213,1.7765503,-0.60772305315402475,false
214,1.7867838,-0.60772305315402475,false
215,1.797539,-0.60772305315402475,false
216,1.8073977999999999,-0.60772305315402475,false
217,1.8149246999999999,-0.60772305315402475,false
218,1.8222278999999999,-0.60772305315402475,false
219,1.8305507999999999,-0.60772305315402475,false
220,1.8381779,-0.60772305315402475,false
221,1.8463592,-0.60772305315402475,false
222,1.8554667,-0.60772305315402475,false
223,1.8655801000000001,-0.60772305315402475,false
224,1.8775945000000001,-0.60772305315402475,false
225,1.8834289,-0.60772305315402475,false
226,1.8919549,-0.60772305315402475,false
227,1.9016548,-0.60772305315402475,false
228,1.9097347,-0.60772305315402475,false
229,1.9200946000000001,-0.60772305315402475,false
230,1.929859,-0.60772305315402475,false
231,1.9390871000000001,-0.60772305315402475,false
232,1.9501761,-0.60772305315402475,false
233,1.9589182999999999,-0.60772305315402475,false
234,1.9716545000000001,-0.60772305315402475,false
235,1.9827153,-0.60772305315402475,false
236,1.9926252,-0.60772305315402475,false
237,2.004264,-0.60772305315402475,false
238,2.0155010999999998,-0.60772305315402475,false
239,2.0227536000000002,-0.60772305315402475,false
240,2.0364423999999999,-0.60772305315402475,false
241,2.0425729000000001,-0.60772305315402475,false
242,2.0496767999999999,-0.60772305315402475,false
243,2.0562581999999998,-0.60772305315402475,false
244,2.0653991,-0.60772305315402475,false
245,2.0804258,-0.60772305315402475,false
246,2.0883674999999999,-0.60772305315402475,false
247,2.0965587000000001,-0.60772305315402475,false
248,2.1033271999999998,-0.60772305315402475,false
249,2.1121824999999999,-0.60772305315402475,false
250,2.1184533000000001,-0.60772305315402475,false
251,2.1280811000000002,-0.60772305315402475,false
252,2.1330269999999998,-0.60772305315402475,false
253,2.1412977999999998,-0.60772305315402475,false
254,2.1469892000000002,-0.60772305315402475,false
255,2.1596221999999998,-0.60772305315402475,false
256,2.1659877999999999,-0.60772305315402475,false
257,2.1779723999999998,-0.60772305315402475,false
258,2.1861183,-0.60772305315402475,false
259,2.1957811,-0.60772305315402475,false
260,2.2042750999999998,-0.60772305315402475,false
261,2.2190341,-0.60772305315402475,false
262,2.2278932,-0.60772305315402475,false
263,2.2351945,-0.60772305315402475,false
264,2.2452226999999998,-0.60772305315402475,false
265,2.2539707999999998,-0.60772305315402475,false
266,2.2678300999999998,-0.60772305315402475,false
267,2.2774600999999999,-0.60772305315402475,false
268,2.2837749000000001,-0.60772305315402475,false
269,2.2938531000000002,-0.60772305315402475,false
270,2.3042180000000001,-0.60772305315402475,false
271,2.3131560000000002,-0.60772305315402475,false
272,2.3235256,-0.60772305315402475,false
273,2.3325597999999998,-0.60772305315402475,false
274,2.3423281999999999,-0.60772305315402475,false
275,2.3496864,-0.60772305315402475,false
276,2.3578253999999998,-0.60772305315402475,false
277,2.3687258999999998,-0.60772305315402475,false
278,2.3842313000000002,-0.60772305315402475,false
279,2.3974340000000001,-0.60772305315402475,false
280,2.4066866,-0.60772305315402475,false
281,2.4165665000000001,-0.60772305315402475,false
282,2.4232312999999999,-0.60772305315402475,false
283,2.4329497999999998,-0.60772305315402475,false
284,2.4420988000000001,-0.60772305315402475,false
285,2.4525500999999998,-0.60772305315402475,false
286,2.4613697000000001,-0.60772305315402475,false
287,2.469373,-0.60772305315402475,false
288,2.4765785,-0.60772305315402475,false
289,2.4852899000000002,-0.60772305315402475,false
290,2.4928189999999999,-0.60772305315402475,false
291,2.5010094,-0.60772305315402475,false
292,2.5068559000000001,-0.60772305315402475,false
293,2.5165044999999999,-0.60772305315402475,false
294,2.5261233000000001,-0.60772305315402475,false
295,2.5361642,-0.60772305315402475,false
296,2.5415166999999999,-0.60772305315402475,false
297,2.5481066999999999,-0.60772305315402475,false
298,2.558316,-0.60772305315402475,false
299,2.5663022999999998,-0.60772305315402475,false
300,2.5740582000000001,-0.60772305315402475,false
301,2.5816693000000002,-0.60772305315402475,false
302,2.5910220000000002,-0.60772305315402475,false
303,2.6003967000000001,-0.60772305315402475,false
304,2.6081042000000001,-0.60772305315402475,false
305,2.6166822999999999,-0.60772305315402475,false
306,2.6240063,-0.60772305315402475,false
307,2.6322331999999999,-0.60772305315402475,false
308,2.6409384999999999,-0.60772305315402475,false
309,2.6505223999999998,-0.60772305315402475,false
310,2.6581898000000002,-0.60772305315402475,false
311,2.6678655999999998,-0.60772305315402475,false
312,2.6749437999999999,-0.60772305315402475,false
313,2.6810537000000001,-0.60772305315402475,false
314,2.6884616000000001,-0.60772305315402475,false
315,2.6962508000000001,-0.60772305315402475,false
316,2.7056350999999998,-0.60772305315402475,false
317,2.7128044,-0.60772305315402475,false
318,2.7200403,-0.60772305315402475,false
319,2.7282703000000001,-0.60772305315402475,false
320,2.7353291,-0.60772305315402475,false
321,2.741549,-0.60772305315402475,false
322,2.7487374,-0.60772305315402475,false
323,2.7561664000000001,-0.60772305315402475,false
324,2.7651384999999999,-0.60772305315402475,false
325,2.7775989999999999,-0.60772305315402475,false
326,2.7861921000000001,-0.60772305315402475,false
327,2.7946805000000001,-0.60772305315402475,false
328,2.8041223999999998,-0.60772305315402475,false
329,2.8125075000000002,-0.60772305315402475,false
330,2.8210815,-0.60772305315402475,false
331,2.8313883,-0.60772305315402475,false
332,2.8395728999999998,-0.60772305315402475,false
333,2.8500462999999998,-0.60772305315402475,false
334,2.8601253,-0.60772305315402475,false
335,2.8720729999999999,-0.60772305315402475,false
336,2.8820114000000001,-0.60772305315402475,false
337,2.8895171999999998,-0.60772305315402475,false
338,2.8996713999999999,-0.60772305315402475,false
339,2.9060098999999999,-0.60772305315402475,false
340,2.9161701,-0.60772305315402475,false
341,2.9236205000000002,-0.60772305315402475,false
342,2.9336669999999998,-0.60772305315402475,false
343,2.9405614999999998,-0.60772305315402475,false
344,2.9481093,-0.60772305315402475,false
345,2.955387,-0.60772305315402475,false
346,2.9636426999999999,-0.60772305315402475,false
347,2.9747762,-0.60772305315402475,false
348,2.9826242000000001,-0.60772305315402475,false
349,2.9897124000000002,-0.60772305315402475,false
350,3.0020153000000001,-0.60772305315402475,false
351,3.0095603,-0.60772305315402475,false
352,3.0166210000000002,-0.60772305315402475,false
353,3.0271864000000002,-0.60772305315402475,false
354,3.0372132000000001,-0.60772305315402475,false
355,3.0432241000000002,-0.60772305315402475,false
356,3.0526035999999999,-0.60772305315402475,false
357,3.0585526999999999,-0.60772305315402475,false
358,3.0690827999999999,-0.60772305315402475,false
359,3.0816498999999999,-0.60772305315402475,false
360,3.0906243,-0.60772305315402475,false
361,3.0993561999999999,-0.60772305315402475,false
362,3.1065832000000002,-0.60772305315402475,false
363,3.1159363999999998,-0.60772305315402475,false
364,3.1249416999999999,-0.60772305315402475,false
365,3.1337145999999998,-0.60772305315402475,false
366,3.1456230000000001,-0.60772305315402475,false
367,3.154703,-0.60772305315402475,false
368,3.1609256000000001,-0.60772305315402475,false
369,3.1685316000000001,-0.60772305315402475,false
370,3.1761949,-0.60772305315402475,false
371,3.185362,-0.60772305315402475,false
372,3.1926934999999999,-0.60772305315402475,false
373,3.1991985999999999,-0.60772305315402475,false
374,3.2054748000000002,-0.60772305315402475,false
375,3.2114446000000001,-0.60772305315402475,false
376,3.2166111000000002,-0.60772305315402475,false
377,3.2233721000000002,-0.60772305315402475,false
378,3.2300767000000001,-0.60772305315402475,false
379,3.2362313,-0.60772305315402475,false
380,3.2436842000000001,-0.60772305315402475,false
381,3.2578681999999999,-0.60772305315402475,false
382,3.2658803999999999,-0.60772305315402475,false
383,3.273447,-0.60772305315402475,false
384,3.2813590000000001,-0.60772305315402475,false
385,3.2902178000000002,-0.60772305315402475,false
386,3.2996799000000001,-0.60772305315402475,false
387,3.3116672,-0.60772305315402475,false
388,3.3193362,-0.60772305315402475,false
389,3.3255309,-0.60772305315402475,false
390,3.3351785999999999,-0.60772305315402475,false
391,3.3416266999999999,-0.60772305315402475,false
392,3.3506768999999998,-0.60772305315402475,false
393,3.3598872000000002,-0.60772305315402475,false
394,3.3713536,-0.60772305315402475,false
395,3.3834523999999999,-0.60772305315402475,false
396,3.3916411000000002,-0.60772305315402475,false
397,3.3983075999999999,-0.60772305315402475,false
398,3.4033454000000001,-0.60772305315402475,false
399,3.4108675000000002,-0.60772305315402475,false
400,3.4199736000000001,-0.60772305315402475,false
401,3.4298223999999999,-0.60772305315402475,false
402,3.4377856000000002,-0.60772305315402475,false
403,3.4486281000000001,-0.60772305315402475,false
404,3.4581762,-0.60772305315402475,false
405,3.4686471000000001,-0.60772305315402475,false
406,3.4783469,-0.60772305315402475,false
407,3.4852424000000002,-0.60772305315402475,false
408,3.4918331999999999,-0.60772305315402475,false
409,3.4990370999999998,-0.60772305315402475,false
410,3.5068937999999998,-0.60772305315402475,false
411,3.5167620999999998,-0.60772305315402475,false
412,3.5248583999999998,-0.60772305315402475,false
413,3.5331492999999998,-0.60772305315402475,false
414,3.5393792999999998,-0.60772305315402475,false
415,3.5455429000000001,-0.60772305315402475,false
416,3.5513086,-0.60772305315402475,false
417,3.561544,-0.60772305315402475,false
418,3.5687714000000001,-0.60772305315402475,false
419,3.5765028000000001,-0.60772305315402475,false
420,3.5835617000000002,-0.60772305315402475,false
421,3.5943103000000001,-0.60772305315402475,false
422,3.6032063000000001,-0.60772305315402475,false
423,3.6095397,-0.60772305315402475,false
424,3.6208292000000002,-0.60772305315402475,false
425,3.6309319000000002,-0.60772305315402475,false
426,3.6405509,-0.60772305315402475,false
427,3.6473781000000001,-0.60772305315402475,false
428,3.6569799000000001,-0.60772305315402475,false
429,3.6648013000000002,-0.60772305315402475,false
430,3.6713195999999999,-0.60772305315402475,false
431,3.6811037,-0.60772305315402475,false
432,3.6882657000000001,-0.60772305315402475,false
433,3.6998831000000001,-0.60772305315402475,false
434,3.7078587000000001,-0.60772305315402475,false
435,3.7213815000000001,-0.60772305315402475,false
436,3.7280071000000001,-0.60772305315402475,false
437,3.7383206000000002,-0.60772305315402475,false
438,3.7493652000000002,-0.60772305315402475,false
439,3.7574358999999999,-0.60772305315402475,false
440,3.7649235999999999,-0.60772305315402475,false
441,3.7723369,-0.60772305315402475,false
442,3.7781870999999998,-0.60772305315402475,false
443,3.7864358999999999,-0.60772305315402475,false
444,3.7928823,-0.60772305315402475,false
445,3.8003410999999998,-0.60772305315402475,false
446,3.814327,-0.60772305315402475,false
447,3.8222203000000001,-0.60772305315402475,false
448,3.8324007,-0.60772305315402475,false
449,3.8401282000000001,-0.60772305315402475,false
450,3.8467514,-0.60772305315402475,false
451,3.8561364,-0.60772305315402475,false
452,3.8635052999999999,-0.60772305315402475,false
453,3.8724208999999998,-0.60772305315402475,false
454,3.8809208000000002,-0.60772305315402475,false
455,3.8940755999999999,-0.60772305315402475,false
456,3.9049882999999999,-0.60772305315402475,false
457,3.9161085999999998,-0.60772305315402475,false
458,3.9238057999999998,-0.60772305315402475,false
459,3.9314521999999998,-0.60772305315402475,false
460,3.9416541999999999,-0.60772305315402475,false
461,3.9526682000000002,-0.60772305315402475,false
462,3.9610281999999999,-0.60772305315402475,false
463,3.9721183,-0.60772305315402475,false
464,3.9792356999999998,-0.60772305315402475,false
465,3.9858424000000001,-0.60772305315402475,false
466,3.9939056000000002,-0.60772305315402475,false
467,3.9994925000000001,-0.60772305315402475,false
468,4.0067053000000001,-0.60772305315402475,false
469,4.0151911,-0.60772305315402475,false
470,4.0248929999999996,-0.60772305315402475,false
471,4.0311519000000002,-0.60772305315402475,false
472,4.0357212999999996,-0.60772305315402475,false
473,4.0411478000000001,-0.60772305315402475,false
474,4.0510241000000002,-0.60772305315402475,false
475,4.0577383999999999,-0.60772305315402475,false
476,4.0637113999999999,-0.60772305315402475,false
477,4.0730861999999997,-0.60772305315402475,false
478,4.0833836000000003,-0.60772305315402475,false
479,4.0907932999999996,-0.60772305315402475,false
480,4.0988486000000002,-0.60772305315402475,false
481,4.1065788000000003,-0.60772305315402475,false
482,4.1133546000000001,-0.60772305315402475,false
483,4.1232759999999997,-0.60772305315402475,false
484,4.1313032999999999,-0.60772305315402475,false
485,4.1425470000000004,-0.60772305315402475,false
486,4.1511227999999996,-0.60772305315402475,false
487,4.1605755999999996,-0.60772305315402475,false
488,4.1687231999999996,-0.60772305315402475,false
489,4.1760099000000004,-0.60772305315402475,false
490,4.1831204,-0.60772305315402475,false
491,4.1919440000000003,-0.60772305315402475,false
492,4.1993717999999998,-0.60772305315402475,false
493,4.2081894000000002,-0.60772305315402475,false
494,4.2193072000000003,-0.60772305315402475,false
495,4.2265528999999997,-0.60772305315402475,false
496,4.2353059999999996,-0.60772305315402475,false
497,4.2428023000000001,-0.60772305315402475,false
498,4.2536830999999999,-0.60772305315402475,false
499,4.2604961000000001,-0.60772305315402475,false
500,4.2736289999999997,-0.60772305315402475,false
501,4.2834719999999997,-0.60772305315402475,false
502,4.2939669,-0.60772305315402475,false
503,4.3030033000000003,-0.60772305315402475,false
504,4.3105418999999996,-0.60772305315402475,false
505,4.3224995000000002,-0.60772305315402475,false
506,4.3344211000000001,-0.60772305315402475,false
507,4.3407194000000002,-0.60772305315402475,false
508,4.3523997000000003,-0.60772305315402475,false
509,4.3634822,-0.60772305315402475,false
510,4.3691560000000003,-0.60772305315402475,false
511,4.3760139999999996,-0.60772305315402475,false
512,4.3818583000000002,-0.60772305315402475,false
513,4.3893683000000001,-0.60772305315402475,false
514,4.3978191000000004,-0.60772305315402475,false
515,4.4082331999999997,-0.60772305315402475,false
516,4.4177081999999999,-0.60772305315402475,false
517,4.4240735000000004,-0.60772305315402475,false
518,4.4320123000000002,-0.60772305315402475,false
519,4.4437654000000002,-0.60772305315402475,false
520,4.4532034999999999,-0.60772305315402475,false
521,4.4635280000000002,-0.60772305315402475,false
522,4.4705757999999998,-0.60772305315402475,false
523,4.4781171000000004,-0.60772305315402475,false
524,4.4842827999999999,-0.60772305315402475,false
525,4.4911989999999999,-0.60772305315402475,false
526,4.4960443999999997,-0.60772305315402475,false
527,4.5033713999999998,-0.60772305315402475,false
528,4.5114277999999999,-0.60772305315402475,false
529,4.5231722999999997,-0.60772305315402475,false
530,4.5307111000000004,-0.60772305315402475,false
531,4.5377592,-0.60772305315402475,false
532,4.5453888999999998,-0.60772305315402475,false
533,4.5527607000000003,-0.60772305315402475,false
534,4.5611649999999999,-0.60772305315402475,false
535,4.5672249000000003,-0.60772305315402475,false
536,4.5768680000000002,-0.60772305315402475,false
537,4.5843090000000002,-0.60772305315402475,false
538,4.5932006000000003,-0.60772305315402475,false
539,4.6022201000000003,-0.60772305315402475,false
540,4.6102299999999996,-0.60772305315402475,false
541,4.6194094000000003,-0.60772305315402475,false
542,4.6324547000000003,-0.60772305315402475,false
543,4.6403075999999999,-0.60772305315402475,false
544,4.6481113000000001,-0.60772305315402475,false
545,4.6551929000000003,-0.60772305315402475,false
546,4.6591949000000001,-0.60772305315402475,false
547,4.6651099,-0.60772305315402475,false
548,4.6720987999999997,-0.60772305315402475,false
549,4.6796793000000001,-0.60772305315402475,false
550,4.6893691000000004,-0.60772305315402475,false
551,4.6960750999999998,-0.60772305315402475,false
552,4.7049554000000002,-0.60772305315402475,false
553,4.7100569999999999,-0.60772305315402475,false
554,4.7362766000000001,-0.60772305315402475,false
555,4.7445227000000001,-0.60772305315402475,false
556,4.7551299,-0.60772305315402475,false
557,4.7649343999999996,-0.60772305315402475,false
558,4.7770754999999996,-0.60772305315402475,false
559,4.7857805000000004,-0.60772305315402475,false
560,4.7920221999999999,-0.60772305315402475,false
561,4.8012731000000004,-0.60772305315402475,false
562,4.8091974999999998,-0.60772305315402475,false
563,4.8151159999999997,-0.60772305315402475,false
564,4.8295959999999996,-0.60772305315402475,false
565,4.8385194,-0.60772305315402475,false
566,4.8487491,-0.60772305315402475,false
567,4.8580435,-0.60772305315402475,false
568,4.8667745,-0.60772305315402475,false
569,4.8788568000000003,-0.60772305315402475,false
570,4.8864391999999999,-0.60772305315402475,false
571,4.8960166999999997,-0.60772305315402475,false
572,4.9036705999999999,-0.60772305315402475,false
573,4.9142381000000004,-0.60772305315402475,false
574,4.9198379000000001,-0.60772305315402475,false
575,4.9315530000000001,-0.60772305315402475,false
576,4.9423855000000003,-0.60772305315402475,false
577,4.9541146999999999,-0.60772305315402475,false
578,4.9629064999999999,-0.60772305315402475,false
579,4.9753322000000004,-0.60772305315402475,false
580,4.9854390000000004,-0.60772305315402475,false
581,4.9931016000000001,-0.60772305315402475,false
582,5.0018788000000001,-0.60772305315402475,false
583,5.0121766000000001,-0.60772305315402475,false
584,5.0193281000000001,-0.60772305315402475,false
585,5.0272449000000003,-0.60772305315402475,false
586,5.0344496999999997,-0.60772305315402475,false
587,5.0426995999999997,-0.60772305315402475,false
588,5.0532228000000003,-0.60772305315402475,false
589,5.0612037000000001,-0.60772305315402475,false
590,5.0732043000000004,-0.60772305315402475,false
591,5.0817154000000002,-0.60772305315402475,false
592,5.0877818000000001,-0.60772305315402475,false
593,5.0998140000000003,-0.60772305315402475,false
594,5.1078064999999997,-0.60772305315402475,false
595,5.1155549999999996,-0.60772305315402475,false
596,5.1217392999999998,-0.60772305315402475,false
597,5.1297176000000002,-0.60772305315402475,false
598,5.1439358999999998,-0.60772305315402475,false
599,5.1512254000000004,-0.60772305315402475,false
600,5.1616746999999998,-0.60772305315402475,false
601,5.1704857999999998,-0.60772305315402475,false
602,5.1822289000000001,-0.60772305315402475,false
603,5.1910436000000004,-0.60772305315402475,false
604,5.2093786,-0.60772305315402475,false
605,5.2219978999999999,-0.60772305315402475,false
606,5.2314154000000004,-0.60772305315402475,false
607,5.2425847000000001,-0.60772305315402475,false
608,5.2513915999999998,-0.60772305315402475,false
609,5.2603824000000001,-0.60772305315402475,false
610,5.2663532999999996,-0.60772305315402475,false
611,5.2727601999999996,-0.60772305315402475,false
612,5.2798525999999999,-0.60772305315402475,false
613,5.2929021000000001,-0.60772305315402475,false
614,5.2995618000000002,-0.60772305315402475,false
615,5.3067200999999997,-0.60772305315402475,false
616,5.3155057000000001,-0.60772305315402475,false
617,5.3243102999999996,-0.60772305315402475,false
618,5.3315264999999998,-0.60772305315402475,false
619,5.3416021999999996,-0.60772305315402475,false
620,5.3508149999999999,-0.60772305315402475,false
621,5.3592243000000002,-0.60772305315402475,false
622,5.3672762000000001,-0.60772305315402475,false
623,5.3763190999999999,-0.60772305315402475,false
624,5.3866015999999997,-0.60772305315402475,false
625,5.3935149999999998,-0.60772305315402475,false
626,5.4018940000000004,-0.60772305315402475,false
627,5.4077871000000002,-0.60772305315402475,false
628,5.4156184999999999,-0.60772305315402475,false
629,5.4291811000000001,-0.60772305315402475,false
630,5.4388253999999998,-0.60772305315402475,false
631,5.4449760999999999,-0.60772305315402475,false
632,5.4513895999999997,-0.60772305315402475,false
633,5.4579820000000003,-0.60772305315402475,false
634,5.4670357999999997,-0.60772305315402475,false
635,5.4750908999999996,-0.60772305315402475,false
636,5.4820617,-0.60772305315402475,false
637,5.4902471999999998,-0.60772305315402475,false
638,5.4982075000000004,-0.60772305315402475,false
639,5.5072118999999997,-0.60772305315402475,false
640,5.5163096999999999,-0.60772305315402475,false
641,5.5289346000000004,-0.60772305315402475,false
642,5.5401768999999996,-0.60772305315402475,false
643,5.5465255999999998,-0.60772305315402475,false
644,5.5552710000000003,-0.60772305315402475,false
645,5.5611642000000003,-0.60772305315402475,false
646,5.5677789999999998,-0.60772305315402475,false
647,5.5744778999999998,-0.60772305315402475,false
648,5.5816526,-0.60772305315402475,false
649,5.5897986,-0.60772305315402475,false
650,5.5974133999999998,-0.60772305315402475,false
651,5.6051317999999997,-0.60772305315402475,false
652,5.6107807999999997,-0.60772305315402475,false
653,5.6179810999999997,-0.60772305315402475,false
654,5.6303251000000003,-0.60772305315402475,false
655,5.6404205999999997,-0.60772305315402475,false
656,5.6511553000000001,-0.60772305315402475,false
657,5.6607234999999996,-0.60772305315402475,false
658,5.6689414999999999,-0.60772305315402475,false
659,5.6764172999999998,-0.60772305315402475,false
660,5.6887794999999999,-0.60772305315402475,false
661,5.6957554000000004,-0.60772305315402475,false
662,5.7034421999999996,-0.60772305315402475,false
663,5.7110314000000004,-0.60772305315402475,false
664,5.7199859000000002,-0.60772305315402475,false
665,5.7280258999999996,-0.60772305315402475,false
666,5.7380807999999996,-0.60772305315402475,false
667,5.7457830000000003,-0.60772305315402475,false
668,5.7535821,-0.60772305315402475,false
669,5.7622846000000001,-0.60772305315402475,false
670,5.7676635000000003,-0.60772305315402475,false
671,5.7735341,-0.60772305315402475,false
672,5.778314,-0.60772305315402475,false
673,5.7866359000000003,-0.60772305315402475,false
674,5.8101821999999999,-0.60772305315402475,false
675,5.8190638000000003,-0.60772305315402475,false
676,5.8278203,-0.60772305315402475,false
677,5.8332274000000002,-0.60772305315402475,false
678,5.8430160999999998,-0.60772305315402475,false
679,5.8500456999999999,-0.60772305315402475,false
680,5.8557930000000002,-0.60772305315402475,false
681,5.8651173999999999,-0.60772305315402475,false
682,5.8753473999999999,-0.60772305315402475,false
683,5.8816509000000003,-0.60772305315402475,false
684,5.8920593999999999,-0.60772305315402475,false
685,5.9001285000000001,-0.60772305315402475,false
686,5.9086273,-0.60772305315402475,false
687,5.9147851999999999,-0.60772305315402475,false
688,5.9243154000000002,-0.60772305315402475,false
689,5.9354823000000003,-0.60772305315402475,false
690,5.9447197000000003,-0.60772305315402475,false
691,5.9539542000000001,-0.60772305315402475,false
692,5.9612173000000004,-0.60772305315402475,false
693,5.9690149999999997,-0.60772305315402475,false
694,5.9763332,-0.60772305315402475,false
695,5.9882480999999999,-0.60772305315402475,false
696,6.0004964999999997,-0.60772305315402475,false
697,6.0073827,-0.60772305315402475,false
698,6.0209622999999999,-0.60772305315402475,false
699,6.0293951000000003,-0.60772305315402475,false
700,6.0398538999999998,-0.60772305315402475,false
701,6.0549757,-0.60772305315402475,false
702,6.0661503999999997,-0.60772305315402475,false
703,6.0756569000000002,-0.60772305315402475,false
704,6.0865723000000003,-0.60772305315402475,false
705,6.0939668999999999,-0.60772305315402475,false
706,6.1017768999999999,-0.60772305315402475,false
707,6.1134510999999998,-0.60772305315402475,false
708,6.1265231,-0.60772305315402475,false
709,6.1346382999999998,-0.60772305315402475,false
710,6.1460834000000002,-0.60772305315402475,false
711,6.155608,-0.60772305315402475,false
712,6.1668094,-0.60772305315402475,false
713,6.1765097999999998,-0.60772305315402475,false
714,6.1856584000000003,-0.60772305315402475,false
715,6.1988839000000002,-0.60772305315402475,false
716,6.2101790000000001,-0.60772305315402475,false
717,6.2167785000000002,-0.60772305315402475,false
718,6.2283163000000004,-0.60772305315402475,false
719,6.2337936000000003,-0.60772305315402475,false
720,6.2456383999999998,-0.60772305315402475,false
721,6.2545723000000004,-0.60772305315402475,false
722,6.2649936000000004,-0.60772305315402475,false
723,6.2725955999999998,-0.60772305315402475,false
724,6.2858141999999999,-0.60772305315402475,false
725,6.2931473999999996,-0.60772305315402475,false
726,6.3043370000000003,-0.60772305315402475,false
727,6.3139639000000001,-0.60772305315402475,false
728,6.3232245999999996,-0.60772305315402475,false
729,6.3343119999999997,-0.60772305315402475,false
730,6.342149,-0.60772305315402475,false
731,6.3509599999999997,-0.60772305315402475,false
732,6.3582996999999999,-0.60772305315402475,false
733,6.3698724999999996,-0.60772305315402475,false
734,6.3775703999999998,-0.60772305315402475,false
735,6.3842955000000003,-0.60772305315402475,false
736,6.3947304999999997,-0.60772305315402475,false
737,6.4041737999999997,-0.60772305315402475,false
738,6.4120974999999998,-0.60772305315402475,false
739,6.4203378000000004,-0.60772305315402475,false
740,6.4290948999999999,-0.60772305315402475,false
741,6.4458665000000002,-0.60772305315402475,false
742,6.4553117999999996,-0.60772305315402475,false
743,6.4609129999999997,-0.60772305315402475,false
744,6.4681800999999997,-0.60772305315402475,false
745,6.4746698,-0.60772305315402475,false
746,6.4821309999999999,-0.60772305315402475,false
747,6.4903982999999998,-0.60598580900350796,true
748,6.4979582999999996,-0.60598580900350796,false
749,6.5053184999999996,-0.60598580900350796,false
750,6.5132325,-0.60598580900350796,false
751,6.5174780999999999,-0.60598580900350796,false
752,6.5263682999999997,-0.60598580900350796,false
753,6.5363372000000002,-0.60598580900350796,false
754,6.5493465000000004,-0.60598580900350796,false
755,6.5611898000000002,-0.60598580900350796,false
756,6.5726130999999999,-0.60598580900350796,false
757,6.5840062000000001,-0.60598580900350796,false
758,6.5921197999999999,-0.60598580900350796,false
759,6.6049176999999997,-0.60598580900350796,false
760,6.6136027999999998,-0.60598580900350796,false
761,6.6223989000000003,-0.60598580900350796,false
762,6.6311551,-0.60598580900350796,false
763,6.6388464000000003,-0.60598580900350796,false
764,6.6448774000000004,-0.60598580900350796,false
765,6.6548055000000002,-0.60598580900350796,false
766,6.6625274000000001,-0.60598580900350796,false
767,6.6716816999999997,-0.60598580900350796,false
768,6.6799625000000002,-0.60598580900350796,false
769,6.6886111000000001,-0.60598580900350796,false
770,6.6991733,-0.60598580900350796,false
771,6.7056877999999998,-0.60598580900350796,false
772,6.7165425000000001,-0.60598580900350796,false
773,6.7245008999999998,-0.60598580900350796,false
774,6.7331658000000001,-0.60598580900350796,false
775,6.7482576999999999,-0.60598580900350796,false
776,6.7591682000000004,-0.60070443668510765,true
777,6.7667146000000002,-0.60070443668510765,false
778,6.7750437999999997,-0.60070443668510765,false
779,6.7821103000000003,-0.60070443668510765,false
780,6.7880137999999999,-0.60070443668510765,false
781,6.7944518,-0.60070443668510765,false
782,6.8033579,-0.60070443668510765,false
783,6.8166079000000002,-0.60070443668510765,false
784,6.8281178999999996,-0.60070443668510765,false
785,6.8440804000000002,-0.60070443668510765,false
786,6.8540622999999998,-0.60070443668510765,false
787,6.8663442000000003,-0.60070443668510765,false
788,6.8747398999999998,-0.60070443668510765,false
789,6.8949064,-0.60070443668510765,false
790,6.9031374999999997,-0.60070443668510765,false
791,6.9176346999999998,-0.60070443668510765,false
792,6.9230824000000002,-0.60070443668510765,false
793,6.9338376000000004,-0.60070443668510765,false
794,6.9407775000000003,-0.60070443668510765,false
795,6.9474387000000002,-0.60070443668510765,false
796,6.9569013000000002,-0.60070443668510765,false
797,6.9680727999999998,-0.60070443668510765,false
798,6.9764979,-0.60070443668510765,false
799,6.9891160000000001,-0.60070443668510765,false
800,7.0029339999999998,-0.60070443668510765,false
801,7.0101899000000003,-0.60070443668510765,false
802,7.0198432000000004,-0.60070443668510765,false
803,7.025868,-0.60070443668510765,false
804,7.0359863999999996,-0.60070443668510765,false
805,7.0460313000000001,-0.60070443668510765,false
806,7.0552530000000004,-0.60070443668510765,false
807,7.0644710000000002,-0.60070443668510765,false
808,7.0739916999999997,-0.60070443668510765,false
809,7.0836117999999999,-0.60070443668510765,false
810,7.0925776000000003,-0.60070443668510765,false
811,7.1033973000000001,-0.60070443668510765,false
812,7.1126972000000004,-0.60070443668510765,false
813,7.1212885999999997,-0.60070443668510765,false
814,7.1288844999999998,-0.60070443668510765,false
815,7.1335332999999999,-0.60070443668510765,false
816,7.1447209000000003,-0.60070443668510765,false
817,7.1575084000000002,-0.60070443668510765,false
818,7.1666040999999998,-0.60070443668510765,false
819,7.1736697999999999,-0.60070443668510765,false
820,7.1831664000000002,-0.60070443668510765,false
821,7.1933604000000004,-0.60070443668510765,false
822,7.2059613000000002,-0.60070443668510765,false
823,7.2132357000000003,-0.60070443668510765,false
824,7.2242090000000001,-0.60070443668510765,false
825,7.2328967999999998,-0.60070443668510765,false
826,7.2438910999999999,-0.60070443668510765,false
827,7.2528626000000003,-0.60070443668510765,false
828,7.2635829999999997,-0.60070443668510765,false
829,7.2750326000000003,-0.60070443668510765,false
830,7.2834500999999996,-0.60070443668510765,false
831,7.2949586000000002,-0.60070443668510765,false
832,7.3016464000000001,-0.60070443668510765,false
833,7.3083093000000003,-0.60070443668510765,false
834,7.3157931999999999,-0.60070443668510765,false
835,7.3260643999999999,-0.60070443668510765,false
836,7.3324686999999997,-0.60070443668510765,false
837,7.3412113999999997,-0.60070443668510765,false
838,7.3481141000000001,-0.60070443668510765,false
839,7.3543142000000001,-0.60070443668510765,false
840,7.3619719000000003,-0.60070443668510765,false
841,7.3700136000000001,-0.60070443668510765,false
842,7.3770416000000001,-0.60070443668510765,false
843,7.3878215000000003,-0.60070443668510765,false
844,7.3993517000000004,-0.60070443668510765,false
845,7.4064538999999998,-0.60070443668510765,false
846,7.4140535999999999,-0.60070443668510765,false
847,7.4244937000000002,-0.60070443668510765,false
848,7.4364222,-0.60070443668510765,false
849,7.4472037999999996,-0.60070443668510765,false
850,7.4537918999999997,-0.60070443668510765,false
851,7.4671260999999998,-0.60070443668510765,false
852,7.4781348000000003,-0.60070443668510765,false
853,7.4907146999999998,-0.60070443668510765,false
854,7.4983874999999998,-0.60070443668510765,false
855,7.5051454,-0.60070443668510765,false
856,7.5148602999999996,-0.60070443668510765,false
857,7.5297558000000002,-0.60070443668510765,false
858,7.5373558000000003,-0.60070443668510765,false
859,7.5441341,-0.60070443668510765,false
860,7.5514673999999999,-0.60070443668510765,false
861,7.5609368999999997,-0.60070443668510765,false
862,7.5750674,-0.60070443668510765,false
863,7.5851832000000003,-0.60070443668510765,false
864,7.5947981999999996,-0.60070443668510765,false
865,7.6032299999999999,-0.60070443668510765,false
866,7.6157354000000002,-0.60070443668510765,false
867,7.6260896999999996,-0.60070443668510765,false
868,7.6365708999999997,-0.60070443668510765,false
869,7.6445555000000001,-0.60070443668510765,false
870,7.6576354999999996,-0.60070443668510765,false
871,7.6711290999999999,-0.60070443668510765,false
872,7.6853683000000004,-0.60070443668510765,false
873,7.6923174000000003,-0.60070443668510765,false
874,7.7042807,-0.60070443668510765,false
875,7.7121582000000002,-0.60070443668510765,false
876,7.7230464000000003,-0.60070443668510765,false
877,7.7326480000000002,-0.60070443668510765,false
878,7.7414291000000004,-0.60070443668510765,false
879,7.7519577999999996,-0.60070443668510765,false
880,7.7616401000000002,-0.60070443668510765,false
881,7.7686181999999997,-0.60070443668510765,false
882,7.7760343000000001,-0.60070443668510765,false
883,7.7833988999999999,-0.60070443668510765,false
884,7.7930514999999998,-0.60070443668510765,false
885,7.8000619000000002,-0.60070443668510765,false
886,7.8093301000000004,-0.60070443668510765,false
887,7.8168153,-0.60070443668510765,false
888,7.8258935999999997,-0.60070443668510765,false
889,7.8350496999999999,-0.60070443668510765,false
890,7.8478269000000003,-0.60070443668510765,false
891,7.8562599000000004,-0.60070443668510765,false
892,7.8654253000000001,-0.60070443668510765,false
893,7.8758556999999998,-0.60070443668510765,false
894,7.8857837999999996,-0.60070443668510765,false
895,7.8955294,-0.60070443668510765,false
896,7.9117641000000001,-0.60070443668510765,false
897,7.9256868999999996,-0.60070443668510765,false
898,7.9407053000000003,-0.60070443668510765,false
899,7.9528821000000001,-0.60070443668510765,false
900,7.9683457999999998,-0.60070443668510765,false
901,7.9780775000000004,-0.60070443668510765,false
902,7.9885903000000003,-0.60070443668510765,false
903,7.9962681,-0.60070443668510765,false
904,8.0081004,-0.60070443668510765,false
905,8.0221025000000008,-0.60070443668510765,false
906,8.0324778000000006,-0.60070443668510765,false
907,8.0420043000000003,-0.60070443668510765,false
908,8.0515758999999996,-0.60070443668510765,false
909,8.0609303000000008,-0.60070443668510765,false
910,8.0690670000000004,-0.60070443668510765,false
911,8.0794858999999999,-0.60070443668510765,false
912,8.0867284999999995,-0.60070443668510765,false
913,8.0938917000000004,-0.60070443668510765,false
914,8.1031270000000006,-0.60070443668510765,false
915,8.1130823999999997,-0.60070443668510765,false
916,8.1250028000000007,-0.60070443668510765,false
917,8.1372008000000005,-0.60070443668510765,false
918,8.1445056999999998,-0.60070443668510765,false
919,8.1519054999999998,-0.60070443668510765,false
920,8.1612749000000004,-0.60070443668510765,false
921,8.1693031000000005,-0.60070443668510765,false
922,8.1763609000000006,-0.60070443668510765,false
923,8.1845052000000003,-0.60070443668510765,false
924,8.1914864000000005,-0.60070443668510765,false
925,8.2025459999999999,-0.60070443668510765,false
926,8.2133163000000007,-0.60070443668510765,false
927,8.2278035000000003,-0.60070443668510765,false
928,8.2377362999999999,-0.60070443668510765,false
929,8.2472218000000002,-0.60070443668510765,false
930,8.2560921999999994,-0.60070443668510765,false
931,8.2682438000000005,-0.60070443668510765,false
932,8.2743372999999991,-0.60070443668510765,false
933,8.2874864000000006,-0.60070443668510765,false
934,8.2949795999999996,-0.60070443668510765,false
935,8.3041216999999996,-0.60070443668510765,false
936,8.3132009999999994,-0.60070443668510765,false
937,8.3216298999999996,-0.60070443668510765,false
938,8.3300026000000003,-0.60070443668510765,false
939,8.3425326000000002,-0.60070443668510765,false
940,8.3511997999999998,-0.60070443668510765,false
941,8.3610053000000004,-0.60070443668510765,false
942,8.3701320999999993,-0.60070443668510765,false
943,8.3820835000000002,-0.60070443668510765,false
944,8.3915035000000007,-0.60070443668510765,false
945,8.4012282999999996,-0.60070443668510765,false
946,8.4098609999999994,-0.60070443668510765,false
947,8.4155821,-0.60070443668510765,false
948,8.4266030999999995,-0.60070443668510765,false
949,8.4374939999999992,-0.60070443668510765,false
950,8.4500142,-0.60070443668510765,false
951,8.4606087999999993,-0.60070443668510765,false
952,8.4709894000000006,-0.60070443668510765,false
953,8.4809473000000004,-0.60070443668510765,false
954,8.4944036000000001,-0.60070443668510765,false
955,8.5084903999999995,-0.60070443668510765,false
956,8.5210089,-0.60070443668510765,false
957,8.5368253000000003,-0.60070443668510765,false
958,8.5493655999999998,-0.60070443668510765,false
959,8.5594239999999999,-0.60070443668510765,false
960,8.5730865999999999,-0.60070443668510765,false
961,8.5829109999999993,-0.60070443668510765,false
962,8.5905257000000006,-0.60070443668510765,false
963,8.6026840999999994,-0.60070443668510765,false
964,8.6150675999999997,-0.60070443668510765,false
965,8.6246679999999998,-0.60070443668510765,false
966,8.6338521999999998,-0.60070443668510765,false
967,8.6492942999999993,-0.60070443668510765,false
968,8.6639873999999999,-0.60070443668510765,false
969,8.6793250999999998,-0.60070443668510765,false
970,8.6870583000000003,-0.60070443668510765,false
971,8.6999253999999997,-0.60070443668510765,false
972,8.7114214000000008,-0.60070443668510765,false
973,8.7219151000000004,-0.60070443668510765,false
974,8.7318230000000003,-0.60070443668510765,false
975,8.7433820999999998,-0.60070443668510765,false
976,8.7527255000000004,-0.60070443668510765,false
977,8.7632472000000003,-0.60070443668510765,false
978,8.7742255,-0.60070443668510765,false
979,8.7872053999999995,-0.60070443668510765,false
980,8.7993316000000004,-0.60070443668510765,false
981,8.8092936000000002,-0.60070443668510765,false
982,8.8230070999999999,-0.60070443668510765,false
983,8.8304448000000004,-0.60070443668510765,false
984,8.8379431999999998,-0.60070443668510765,false
985,8.8442488000000008,-0.60070443668510765,false
986,8.8530514999999994,-0.60070443668510765,false
987,8.8642760999999997,-0.60070443668510765,false
988,8.8753276999999997,-0.60070443668510765,false
989,8.8857663000000002,-0.60070443668510765,false
990,8.8958288000000003,-0.60070443668510765,false
991,8.9085342999999995,-0.60070443668510765,false
992,8.9180598999999994,-0.60070443668510765,false
993,8.9288266000000007,-0.60070443668510765,false
994,8.9396853000000007,-0.60070443668510765,false
995,8.9541857999999994,-0.60070443668510765,false
996,8.9694944000000003,-0.60070443668510765,false
997,8.9838653999999991,-0.60070443668510765,false
998,8.9961810999999994,-0.60070443668510765,false
999,9.0072703999999995,-0.60070443668510765,false
1000,9.0194454000000004,-0.60070443668510765,false
1001,9.0315616999999992,-0.60070443668510765,false
1002,9.0405134,-0.60070443668510765,false
1003,9.0498515000000008,-0.60070443668510765,false
1004,9.0596367999999998,-0.60070443668510765,false
1005,9.0672476,-0.60070443668510765,false
1006,9.0830085,-0.60070443668510765,false
1007,9.0927492000000001,-0.60070443668510765,false
1008,9.1052721999999999,-0.60070443668510765,false
1009,9.1146936000000007,-0.60070443668510765,false
1010,9.1250728999999993,-0.60070443668510765,false
1011,9.1331323999999992,-0.60070443668510765,false
1012,9.1448517000000002,-0.60070443668510765,false
1013,9.1520655000000009,-0.60070443668510765,false
1014,9.1603946999999994,-0.60070443668510765,false
1015,9.1657364000000001,-0.60070443668510765,false
1016,9.1769514999999995,-0.60070443668510765,false
1017,9.1866836999999997,-0.60070443668510765,false
1018,9.1945720000000009,-0.60070443668510765,false
1019,9.2050730000000005,-0.60070443668510765,false
1020,9.2123582000000006,-0.60070443668510765,false
1021,9.2256370000000008,-0.60070443668510765,false
1022,9.2335328000000008,-0.60070443668510765,false
1023,9.2413059000000004,-0.60070443668510765,false
1024,9.2522289999999998,-0.60070443668510765,false
1025,9.2625332999999994,-0.60070443668510765,false
1026,9.2731852999999997,-0.60070443668510765,false
1027,9.2879854000000002,-0.60070443668510765,false
1028,9.2951441999999993,-0.60070443668510765,false
1029,9.3057198000000003,-0.60070443668510765,false
1030,9.3173647000000006,-0.60070443668510765,false
1031,9.3236217000000003,-0.60070443668510765,false
1032,9.3338930999999992,-0.60070443668510765,false
1033,9.3399569000000007,-0.60070443668510765,false
1034,9.3504685999999992,-0.60070443668510765,false
1035,9.3583686999999998,-0.60070443668510765,false
1036,9.3704370000000008,-0.60070443668510765,false
1037,9.3820315000000001,-0.60070443668510765,false
1038,9.3897651999999994,-0.60070443668510765,false
1039,9.4021127,-0.60070443668510765,false
1040,9.4118777999999992,-0.60070443668510765,false
1041,9.4232796000000008,-0.60070443668510765,false
1042,9.4327363999999996,-0.60070443668510765,false
1043,9.4421654000000004,-0.60070443668510765,false
1044,9.4548717,-0.60070443668510765,false
1045,9.4681999999999995,-0.60070443668510765,false
1046,9.4788799000000008,-0.60070443668510765,false
1047,9.4876866,-0.60070443668510765,false
1048,9.4959518999999997,-0.60070443668510765,false
1049,9.5053269999999994,-0.60070443668510765,false
1050,9.5133928999999995,-0.60070443668510765,false
1051,9.5196216000000007,-0.60070443668510765,false
1052,9.5295360999999996,-0.60070443668510765,false
1053,9.5396221000000008,-0.60070443668510765,false
1054,9.5459943999999997,-0.60070443668510765,false
1055,9.5644794999999991,-0.60070443668510765,false
1056,9.5752217000000002,-0.60070443668510765,false
1057,9.5832701999999994,-0.60070443668510765,false
1058,9.5945402000000009,-0.60070443668510765,false
1059,9.6093732999999997,-0.60070443668510765,false
1060,9.6205461000000003,-0.60070443668510765,false
1061,9.6294564000000005,-0.60070443668510765,false
1062,9.6386064999999999,-0.60070443668510765,false
1063,9.6513752000000004,-0.60070443668510765,false
1064,9.6674696000000004,-0.60070443668510765,false
1065,9.6774813999999996,-0.60070443668510765,false
1066,9.6882263000000002,-0.60070443668510765,false
1067,9.6978583999999994,-0.60070443668510765,false
1068,9.7049859000000005,-0.60070443668510765,false
1069,9.7199679999999997,-0.60070443668510765,false
1070,9.7303865999999992,-0.60070443668510765,false
1071,9.7439593000000002,-0.60070443668510765,false
1072,9.7544182999999993,-0.60070443668510765,false
1073,9.7623777,-0.60070443668510765,false
1074,9.7703982000000007,-0.60070443668510765,false
1075,9.7886319999999998,-0.60070443668510765,false
1076,9.7979344000000008,-0.60070443668510765,false
1077,9.8090816000000007,-0.60070443668510765,false
1078,9.8202926999999995,-0.60070443668510765,false
1079,9.8246652999999995,-0.60070443668510765,false
1080,9.8340014,-0.60070443668510765,false
1081,9.8417399000000003,-0.60070443668510765,false
1082,9.8503757000000007,-0.60070443668510765,false
1083,9.8617117000000007,-0.60070443668510765,false
1084,9.8726091,-0.60070443668510765,false
1085,9.8805782000000004,-0.60070443668510765,false
1086,9.8900871000000006,-0.60070443668510765,false
1087,9.8993152000000002,-0.60070443668510765,false
1088,9.9079160999999996,-0.60070443668510765,false
1089,9.9208105999999994,-0.60070443668510765,false
1090,9.9301818999999991,-0.60070443668510765,false
1091,9.9445713999999992,-0.60070443668510765,false
1092,9.9570428999999994,-0.60070443668510765,false
1093,9.9686950000000003,-0.60070443668510765,false
1094,9.9759803999999992,-0.60070443668510765,false
1095,9.9835846000000004,-0.60070443668510765,false
1096,9.9920769000000007,-0.60070443668510765,false
1097,10.000264400000001,-0.60070443668510765,false
1098,10.0109656,-0.60070443668510765,false
1099,10.022469900000001,-0.60070443668510765,false
1100,10.0295244,-0.60070443668510765,false
1101,10.0391678,-0.60070443668510765,false
1102,10.0508589,-0.60070443668510765,false
1103,10.059699500000001,-0.60070443668510765,false
1104,10.0674869,-0.60070443668510765,false
1105,10.075535800000001,-0.60070443668510765,false
1106,10.0857694,-0.60070443668510765,false
1107,10.0985619,-0.60070443668510765,false
1108,10.1158749,-0.60070443668510765,false
1109,10.125818499999999,-0.60070443668510765,false
1110,10.1367466,-0.60070443668510765,false
1111,10.146759400000001,-0.60070443668510765,false
1112,10.1568139,-0.60070443668510765,false
1113,10.162400699999999,-0.60070443668510765,false
1114,10.172967999999999,-0.60070443668510765,false
1115,10.181467400000001,-0.60070443668510765,false
1116,10.188983199999999,-0.60070443668510765,false
1117,10.1968081,-0.60070443668510765,false
1118,10.205544,-0.60070443668510765,false
1119,10.216188000000001,-0.60070443668510765,false
1120,10.227447,-0.60070443668510765,false
1121,10.2382332,-0.60070443668510765,false
1122,10.2524295,-0.60070443668510765,false
1123,10.2619518,-0.60070443668510765,false
1124,10.272847499999999,-0.60070443668510765,false
1125,10.2784128,-0.60070443668510765,false
1126,10.287512599999999,-0.60070443668510765,false
1127,10.294423800000001,-0.60070443668510765,false
1128,10.303323600000001,-0.60070443668510765,false
1129,10.312109400000001,-0.60070443668510765,false
1130,10.319851699999999,-0.60070443668510765,false
1131,10.335035899999999,-0.60070443668510765,false
1132,10.3426501,-0.60070443668510765,false
1133,10.3540951,-0.60070443668510765,false
1134,10.3649302,-0.60070443668510765,false
1135,10.3744722,-0.60070443668510765,false
1136,10.3843353,-0.60070443668510765,false
1137,10.3896812,-0.60070443668510765,false
1138,10.4070012,-0.60070443668510765,false
1139,10.4168349,-0.60070443668510765,false
1140,10.4226549,-0.60070443668510765,false
1141,10.428513300000001,-0.60070443668510765,false
1142,10.4382822,-0.60070443668510765,false
1143,10.4476108,-0.60070443668510765,false
1144,10.4573488,-0.60070443668510765,false
1145,10.467009300000001,-0.60070443668510765,false
1146,10.480129,-0.60070443668510765,false
1147,10.4867829,-0.60070443668510765,false
1148,10.4943338,-0.60070443668510765,false
1149,10.5074671,-0.60070443668510765,false
1150,10.5167085,-0.60070443668510765,false
1151,10.5224996,-0.60070443668510765,false
1152,10.533172199999999,-0.60070443668510765,false
1153,10.547482,-0.60070443668510765,false
1154,10.5601726,-0.60070443668510765,false
1155,10.5690797,-0.60070443668510765,false
1156,10.5756564,-0.60070443668510765,false
1157,10.587196499999999,-0.60070443668510765,false
1158,10.5973743,-0.60070443668510765,false
1159,10.607816100000001,-0.60070443668510765,false
1160,10.622383299999999,-0.60070443668510765,false
1161,10.629266299999999,-0.60070443668510765,false
1162,10.638982800000001,-0.60070443668510765,false
1163,10.651899999999999,-0.60070443668510765,false
1164,10.6617023,-0.60070443668510765,false
1165,10.6705231,-0.60070443668510765,false
1166,10.6812243,-0.60070443668510765,false
1167,10.6860228,-0.60070443668510765,false
1168,10.694792700000001,-0.60070443668510765,false
1169,10.706579,-0.60070443668510765,false
1170,10.715779700000001,-0.60070443668510765,false
1171,10.729413299999999,-0.60070443668510765,false
1172,10.742346100000001,-0.60070443668510765,false
1173,10.7491223,-0.60070443668510765,false
1174,10.758172999999999,-0.60070443668510765,false
1175,10.7694589,-0.60070443668510765,false
1176,10.776724,-0.60070443668510765,false
1177,10.7854416,-0.60070443668510765,false
1178,10.7934857,-0.60070443668510765,false
1179,10.803606200000001,-0.60070443668510765,false
1180,10.8139732,-0.60070443668510765,false
1181,10.8238793,-0.60070443668510765,false
1182,10.8371969,-0.60070443668510765,false
1183,10.8479028,-0.60070443668510765,false
1184,10.855499399999999,-0.60070443668510765,false
1185,10.866278299999999,-0.60070443668510765,false
1186,10.8728189,-0.60070443668510765,false
1187,10.8778998,-0.60070443668510765,false
1188,10.886749099999999,-0.60070443668510765,false
1189,10.896389299999999,-0.60070443668510765,false
1190,10.9124911,-0.60070443668510765,false
1191,10.9217938,-0.60070443668510765,false
1192,10.935629499999999,-0.60070443668510765,false
1193,10.949631,-0.60070443668510765,false
1194,10.9583067,-0.60070443668510765,false
1195,10.968986299999999,-0.60070443668510765,false
1196,10.974967899999999,-0.60070443668510765,false
1197,10.9848619,-0.60070443668510765,false
1198,10.993061300000001,-0.60070443668510765,false
1199,11.002883199999999,-0.60070443668510765,false
1200,11.0114205,-0.60070443668510765,false
1201,11.0239508,-0.60070443668510765,false
1202,11.0314136,-0.60070443668510765,false
1203,11.0408945,-0.60070443668510765,false
1204,11.0484499,-0.60070443668510765,false
1205,11.0551472,-0.60070443668510765,false
1206,11.062906999999999,-0.60070443668510765,false
1207,11.0686076,-0.60070443668510765,false
1208,11.076510300000001,-0.60070443668510765,false
1209,11.0863172,-0.60070443668510765,false
1210,11.094002400000001,-0.60070443668510765,false
1211,11.1070514,-0.60070443668510765,false
1212,11.1190432,-0.60070443668510765,false
1213,11.1298002,-0.60070443668510765,false
1214,11.136296700000001,-0.60070443668510765,false
1215,11.1452981,-0.60070443668510765,false
1216,11.1519712,-0.60070443668510765,false
1217,11.1637773,-0.60070443668510765,false
1218,11.179848,-0.60070443668510765,false
1219,11.1915379,-0.60070443668510765,false
1220,11.201726900000001,-0.60070443668510765,false
1221,11.209955300000001,-0.60070443668510765,false
1222,11.218971099999999,-0.60070443668510765,false
1223,11.2270863,-0.60070443668510765,false
1224,11.2394999,-0.60070443668510765,false
1225,11.250655200000001,-0.60070443668510765,false
1226,11.2582661,-0.60070443668510765,false
1227,11.2645277,-0.60070443668510765,false
1228,11.278863599999999,-0.60070443668510765,false
1229,11.286050700000001,-0.60070443668510765,false
1230,11.296299400000001,-0.60070443668510765,false
1231,11.304689099999999,-0.60070443668510765,false
1232,11.315492300000001,-0.60070443668510765,false
1233,11.324531,-0.60070443668510765,false
1234,11.332514700000001,-0.60070443668510765,false
1235,11.3407771,-0.60070443668510765,false
1236,11.348564100000001,-0.60070443668510765,false
1237,11.358924699999999,-0.60070443668510765,false
1238,11.365788,-0.60070443668510765,false
1239,11.3725717,-0.60070443668510765,false
1240,11.3837916,-0.60070443668510765,false
1241,11.393061700000001,-0.60070443668510765,false
1242,11.4008427,-0.60070443668510765,false
1243,11.4120434,-0.60070443668510765,false
1244,11.423811799999999,-0.60070443668510765,false
1245,11.430809399999999,-0.60070443668510765,false
1246,11.4398906,-0.60070443668510765,false
1247,11.449854699999999,-0.60070443668510765,false
1248,11.4569498,-0.60070443668510765,false
1249,11.4622475,-0.60070443668510765,false
1250,11.475560700000001,-0.60070443668510765,false
1251,11.4875626,-0.60070443668510765,false
1252,11.496541799999999,-0.60070443668510765,false
1253,11.5025922,-0.60070443668510765,false
1254,11.510985099999999,-0.60070443668510765,false
1255,11.5227228,-0.60070443668510765,false
1256,11.529562200000001,-0.60070443668510765,false
1257,11.539807,-0.60070443668510765,false
1258,11.552612999999999,-0.60070443668510765,false
1259,11.5668138,-0.60070443668510765,false
1260,11.580537700000001,-0.60070443668510765,false
1261,11.589471400000001,-0.60070443668510765,false
1262,11.598679300000001,-0.60070443668510765,false
1263,11.608393700000001,-0.60070443668510765,false
1264,11.614511,-0.60070443668510765,false
1265,11.6255325,-0.60070443668510765,false
1266,11.639001499999999,-0.60070443668510765,false
1267,11.648114899999999,-0.60070443668510765,false
1268,11.655372099999999,-0.60070443668510765,false
1269,11.6688154,-0.60070443668510765,false
1270,11.679530099999999,-0.60070443668510765,false
1271,11.694586299999999,-0.60070443668510765,false
1272,11.7035862,-0.60070443668510765,false
1273,11.7120613,-0.60070443668510765,false
1274,11.721145,-0.60070443668510765,false
1275,11.7303011,-0.60070443668510765,false
1276,11.7414872,-0.60070443668510765,false
1277,11.7502192,-0.60070443668510765,false
1278,11.7624379,-0.60070443668510765,false
1279,11.768882100000001,-0.60070443668510765,false
1280,11.7829955,-0.60070443668510765,false
1281,11.793298500000001,-0.60070443668510765,false
1282,11.811046599999999,-0.60070443668510765,false
1283,11.8193622,-0.60070443668510765,false
1284,11.828950000000001,-0.60070443668510765,false
1285,11.844163200000001,-0.60070443668510765,false
1286,11.858569900000001,-0.60070443668510765,false
1287,11.8680313,-0.60070443668510765,false
1288,11.876780999999999,-0.60070443668510765,false
1289,11.887055500000001,-0.60070443668510765,false
1290,11.8979473,-0.60070443668510765,false
1291,11.907374900000001,-0.60070443668510765,false
1292,11.9179961,-0.60070443668510765,false
1293,11.9269135,-0.60070443668510765,false
1294,11.941834200000001,-0.60070443668510765,false
1295,11.9506526,-0.60070443668510765,false
1296,11.968522099999999,-0.60070443668510765,false
1297,11.980180799999999,-0.60070443668510765,false
1298,11.997041299999999,-0.60070443668510765,false
1299,12.006410199999999,-0.60070443668510765,false
1300,12.0178116,-0.60070443668510765,false
1301,12.0302959,-0.60070443668510765,false
1302,12.041191,-0.60070443668510765,false
1303,12.049403999999999,-0.60070443668510765,false
1304,12.061851000000001,-0.60070443668510765,false
1305,12.072807900000001,-0.60070443668510765,false
1306,12.083834599999999,-0.60070443668510765,false
1307,12.0917651,-0.60070443668510765,false
1308,12.1088348,-0.60070443668510765,false
1309,12.1226886,-0.60070443668510765,false
1310,12.132116099999999,-0.60070443668510765,false
1311,12.138811799999999,-0.60070443668510765,false
1312,12.1505291,-0.60070443668510765,false
1313,12.156322299999999,-0.60070443668510765,false
1314,12.166782899999999,-0.60070443668510765,false
1315,12.177861399999999,-0.60070443668510765,false
1316,12.1881529,-0.60070443668510765,false
1317,12.1971825,-0.60070443668510765,false
1318,12.207773,-0.60070443668510765,false
1319,12.215414600000001,-0.60070443668510765,false
1320,12.2233351,-0.60070443668510765,false
1321,12.2357321,-0.60070443668510765,false
1322,12.250367600000001,-0.60070443668510765,false
1323,12.2605307,-0.60070443668510765,false
1324,12.273489,-0.60070443668510765,false
1325,12.281058,-0.60070443668510765,false
1326,12.2935637,-0.60070443668510765,false
1327,12.3097029,-0.60070443668510765,false
1328,12.3210009,-0.60070443668510765,false
1329,12.3293613,-0.60070443668510765,false
1330,12.3381133,-0.60070443668510765,false
1331,12.346215300000001,-0.60070443668510765,false
1332,12.354331,-0.60070443668510765,false
1333,12.3645406,-0.60070443668510765,false
1334,12.3781769,-0.60070443668510765,false
1335,12.386575000000001,-0.60070443668510765,false
1336,12.399803800000001,-0.60070443668510765,false
1337,12.4091401,-0.60070443668510765,false
1338,12.4171461,-0.60070443668510765,false
1339,12.4269652,-0.60070443668510765,false
1340,12.4387034,-0.60070443668510765,false
1341,12.4496795,-0.60070443668510765,false
1342,12.458546200000001,-0.60070443668510765,false
1343,12.4680517,-0.60070443668510765,false
1344,12.4807463,-0.60070443668510765,false
1345,12.4856306,-0.60070443668510765,false
1346,12.491814400000001,-0.60070443668510765,false
1347,12.500843400000001,-0.60070443668510765,false
1348,12.5096665,-0.60070443668510765,false
1349,12.5179788,-0.60070443668510765,false
1350,12.526348499999999,-0.60070443668510765,false
1351,12.536197899999999,-0.60070443668510765,false
1352,12.5489876,-0.60070443668510765,false
1353,12.557131699999999,-0.60070443668510765,false
1354,12.567905700000001,-0.60070443668510765,false
1355,12.575182,-0.60070443668510765,false
1356,12.5856558,-0.60070443668510765,false
1357,12.5928109,-0.60070443668510765,false
1358,12.6038979,-0.60070443668510765,false
1359,12.610844,-0.60070443668510765,false
1360,12.623962300000001,-0.60070443668510765,false
1361,12.6312377,-0.60070443668510765,false
1362,12.6405499,-0.60070443668510765,false
1363,12.6490498,-0.60070443668510765,false
1364,12.6587841,-0.60070443668510765,false
1365,12.6680753,-0.60070443668510765,false
1366,12.675375499999999,-0.60070443668510765,false
1367,12.683541,-0.60070443668510765,false
1368,12.690922499999999,-0.60070443668510765,false
1369,12.6978043,-0.60070443668510765,false
1370,12.706920200000001,-0.60070443668510765,false
1371,12.715121099999999,-0.60070443668510765,false
1372,12.7313168,-0.60070443668510765,false
1373,12.7431372,-0.60070443668510765,false
1374,12.7529179,-0.60070443668510765,false
1375,12.767740099999999,-0.60070443668510765,false
1376,12.7754879,-0.60070443668510765,false
1377,12.7842506,-0.60070443668510765,false
1378,12.7934944,-0.60070443668510765,false
1379,12.8035602,-0.60070443668510765,false
1380,12.814657499999999,-0.60070443668510765,false
1381,12.8260997,-0.60070443668510765,false
1382,12.835857499999999,-0.60070443668510765,false
1383,12.8462402,-0.60070443668510765,false
1384,12.853008900000001,-0.60070443668510765,false
1385,12.8606292,-0.60070443668510765,false
1386,12.869847200000001,-0.60070443668510765,false
1387,12.8800791,-0.60070443668510765,false
1388,12.8956271,-0.60070443668510765,false
1389,12.9034344,-0.60070443668510765,false
1390,12.911980099999999,-0.60070443668510765,false
1391,12.9196598,-0.60070443668510765,false
1392,12.929388299999999,-0.60070443668510765,false
1393,12.9423482,-0.60070443668510765,false
1394,12.956041300000001,-0.60070443668510765,false
1395,12.970920700000001,-0.60070443668510765,false
1396,12.979240300000001,-0.60070443668510765,false
1397,12.990082299999999,-0.60070443668510765,false
1398,12.9986421,-0.60070443668510765,false
1399,13.006484199999999,-0.60070443668510765,false
1400,13.011949599999999,-0.60070443668510765,false
1401,13.023975800000001,-0.60070443668510765,false
1402,13.038610200000001,-0.60070443668510765,false
1403,13.0469463,-0.60070443668510765,false
1404,13.0588113,-0.60070443668510765,false
1405,13.0691398,-0.60070443668510765,false
1406,13.079815200000001,-0.60070443668510765,false
1407,13.086787899999999,-0.60070443668510765,false
1408,13.095660799999999,-0.60070443668510765,false
1409,13.105724199999999,-0.60070443668510765,false
1410,13.1152715,-0.60070443668510765,false
1411,13.1189652,-0.60070443668510765,false
1412,13.124938800000001,-0.60070443668510765,false
1413,13.1349619,-0.60070443668510765,false
1414,13.1442683,-0.60070443668510765,false
1415,13.156406199999999,-0.60070443668510765,false
1416,13.1671411,-0.60070443668510765,false
1417,13.179945500000001,-0.60070443668510765,false
1418,13.195540599999999,-0.60070443668510765,false
1419,13.204263900000001,-0.60070443668510765,false
1420,13.214852499999999,-0.60070443668510765,false
1421,13.2222344,-0.60070443668510765,false
1422,13.234372199999999,-0.60070443668510765,false
1423,13.2469962,-0.60070443668510765,false
1424,13.2583558,-0.60070443668510765,false
1425,13.270623799999999,-0.60070443668510765,false
1426,13.2833968,-0.60070443668510765,false
1427,13.2944961,-0.60070443668510765,false
1428,13.302987999999999,-0.60070443668510765,false
1429,13.310983800000001,-0.60070443668510765,false
1430,13.3204642,-0.60070443668510765,false
1431,13.3277971,-0.60070443668510765,false
1432,13.334436500000001,-0.60070443668510765,false
1433,13.3418429,-0.60070443668510765,false
1434,13.3504082,-0.60070443668510765,false
1435,13.3619173,-0.60070443668510765,false
1436,13.369347599999999,-0.60070443668510765,false
1437,13.3758268,-0.60070443668510765,false
1438,13.3894068,-0.60070443668510765,false
1439,13.4004215,-0.60070443668510765,false
1440,13.4107869,-0.60070443668510765,false
1441,13.4242118,-0.60070443668510765,false
1442,13.439399099999999,-0.60070443668510765,false
1443,13.4469896,-0.60070443668510765,false
1444,13.458827599999999,-0.60070443668510765,false
1445,13.474490400000001,-0.60070443668510765,false
1446,13.4932502,-0.60070443668510765,false
1447,13.505389600000001,-0.60070443668510765,false
1448,13.515053699999999,-0.60070443668510765,false
1449,13.5230493,-0.60070443668510765,false
1450,13.5344604,-0.60070443668510765,false
1451,13.5415081,-0.60070443668510765,false
1452,13.551628900000001,-0.60070443668510765,false
1453,13.5592705,-0.60070443668510765,false
1454,13.5703946,-0.60070443668510765,false
1455,13.5777421,-0.60070443668510765,false
1456,13.585149100000001,-0.60070443668510765,false
1457,13.600509799999999,-0.60070443668510765,false
1458,13.6148153,-0.60070443668510765,false
1459,13.6279716,-0.60070443668510765,false
1460,13.6402625,-0.60070443668510765,false
1461,13.6499963,-0.60070443668510765,false
1462,13.6613165,-0.60070443668510765,false
1463,13.665439299999999,-0.60070443668510765,false
1464,13.6716946,-0.60070443668510765,false
1465,13.6792932,-0.60070443668510765,false
1466,13.689158900000001,-0.60070443668510765,false
1467,13.6971156,-0.60070443668510765,false
1468,13.7092671,-0.60070443668510765,false
1469,13.7192916,-0.60070443668510765,false
1470,13.7342513,-0.60070443668510765,false
1471,13.7397046,-0.60070443668510765,false
1472,13.746960400000001,-0.60070443668510765,false
1473,13.757047200000001,-0.60070443668510765,false
1474,13.765351900000001,-0.60070443668510765,false
1475,13.7815382,-0.60070443668510765,false
1476,13.789459000000001,-0.60070443668510765,false
1477,13.799299599999999,-0.60070443668510765,false
1478,13.811179599999999,-0.60070443668510765,false
1479,13.8184209,-0.60070443668510765,false
1480,13.8251528,-0.60070443668510765,false
1481,13.8333239,-0.60070443668510765,false
1482,13.8417361,-0.60070443668510765,false
1483,13.8498021,-0.60070443668510765,false
1484,13.8609033,-0.60070443668510765,false
1485,13.871498900000001,-0.60070443668510765,false
1486,13.8784043,-0.60070443668510765,false
1487,13.8841134,-0.60070443668510765,false
1488,13.888600800000001,-0.60070443668510765,false
1489,13.9056222,-0.60070443668510765,false
1490,13.9134726,-0.60070443668510765,false
1491,13.924887399999999,-0.60070443668510765,false
1492,13.931965,-0.60070443668510765,false
1493,13.945245699999999,-0.60070443668510765,false
1494,13.9557582,-0.60070443668510765,false
1495,13.9673035,-0.60070443668510765,false
1496,13.97724,-0.60070443668510765,false
1497,13.985094500000001,-0.60070443668510765,false
1498,13.992107900000001,-0.60070443668510765,false
1499,14.002934399999999,-0.60070443668510765,false
1500,14.0104288,-0.60070443668510765,false
1501,14.0211548,-0.60070443668510765,false
1502,14.025889299999999,-0.60070443668510765,false
1503,14.0319982,-0.60070443668510765,false
1504,14.0431179,-0.60070443668510765,false
1505,14.053024799999999,-0.60070443668510765,false
1506,14.0621852,-0.60070443668510765,false
1507,14.0698645,-0.60070443668510765,false
1508,14.0834381,-0.60070443668510765,false
1509,14.095926,-0.60070443668510765,false
1510,14.105601099999999,-0.60070443668510765,false
1511,14.112073799999999,-0.60070443668510765,false
1512,14.119754500000001,-0.60070443668510765,false
1513,14.1275981,-0.60070443668510765,false
1514,14.137496799999999,-0.60070443668510765,false
1515,14.1502093,-0.60070443668510765,false
1516,14.162495099999999,-0.60070443668510765,false
1517,14.176990399999999,-0.60070443668510765,false
1518,14.186909200000001,-0.60070443668510765,false
1519,14.201541000000001,-0.60070443668510765,false
1520,14.212763900000001,-0.60070443668510765,false
1521,14.219734799999999,-0.60070443668510765,false
1522,14.227023600000001,-0.60070443668510765,false
1523,14.2349885,-0.60070443668510765,false
1524,14.2411818,-0.60070443668510765,false
1525,14.256166199999999,-0.60070443668510765,false
1526,14.267098799999999,-0.60070443668510765,false
1527,14.2775287,-0.60070443668510765,false
1528,14.283263,-0.60070443668510765,false
1529,14.292496999999999,-0.60070443668510765,false
1530,14.3056822,-0.60070443668510765,false
1531,14.3161509,-0.60070443668510765,false
1532,14.327488300000001,-0.60070443668510765,false
1533,14.3365165,-0.60070443668510765,false
1534,14.3426282,-0.60070443668510765,false
1535,14.352028000000001,-0.60070443668510765,false
1536,14.3610048,-0.60070443668510765,false
1537,14.3689573,-0.60070443668510765,false
1538,14.3809317,-0.60070443668510765,false
1539,14.388404,-0.60070443668510765,false
1540,14.393720500000001,-0.60070443668510765,false
1541,14.4100251,-0.60070443668510765,false
1542,14.421892400000001,-0.60070443668510765,false
1543,14.435376,-0.60070443668510765,false
1544,14.4464355,-0.60070443668510765,false
1545,14.459246800000001,-0.60070443668510765,false
1546,14.4688047,-0.60070443668510765,false
1547,14.4792211,-0.60070443668510765,false
1548,14.488545999999999,-0.60070443668510765,false
1549,14.499466099999999,-0.60070443668510765,false
1550,14.5101925,-0.60070443668510765,false
1551,14.522200700000001,-0.60070443668510765,false
1552,14.5302743,-0.60070443668510765,false
1553,14.5440898,-0.60070443668510765,false
1554,14.555946499999999,-0.60070443668510765,false
1555,14.564552600000001,-0.60070443668510765,false
1556,14.577624399999999,-0.60070443668510765,false
1557,14.595628,-0.60070443668510765,false
1558,14.606838099999999,-0.60070443668510765,false
1559,14.613878400000001,-0.60070443668510765,false
1560,14.624544200000001,-0.60070443668510765,false
1561,14.634395,-0.60070443668510765,false
1562,14.649775200000001,-0.60070443668510765,false
1563,14.660978699999999,-0.60070443668510765,false
1564,14.6706319,-0.60070443668510765,false
1565,14.680138599999999,-0.60070443668510765,false
1566,14.6878312,-0.60070443668510765,false
1567,14.698949900000001,-0.60070443668510765,false
1568,14.7071863,-0.60070443668510765,false
1569,14.717279599999999,-0.60070443668510765,false
1570,14.723338200000001,-0.60070443668510765,false
1571,14.733275000000001,-0.60070443668510765,false
1572,14.741999099999999,-0.60070443668510765,false
1573,14.749919200000001,-0.60070443668510765,false
1574,14.7605284,-0.60070443668510765,false
1575,14.7737196,-0.60070443668510765,false
1576,14.782063300000001,-0.60070443668510765,false
1577,14.790070699999999,-0.60070443668510765,false
1578,14.802114400000001,-0.60070443668510765,false
1579,14.8120712,-0.60070443668510765,false
1580,14.819324200000001,-0.60070443668510765,false
1581,14.8296096,-0.60070443668510765,false
1582,14.8386423,-0.60070443668510765,false
1583,14.8462613,-0.60070443668510765,false
1584,14.8558272,-0.60070443668510765,false
1585,14.8693486,-0.60070443668510765,false
1586,14.8763138,-0.60070443668510765,false
1587,14.8873598,-0.60070443668510765,false
1588,14.896820200000001,-0.60070443668510765,false
1589,14.904140200000001,-0.60070443668510765,false
1590,14.914042999999999,-0.60070443668510765,false
1591,14.9236474,-0.60070443668510765,false
1592,14.9351948,-0.60070443668510765,false
1593,14.9437158,-0.60070443668510765,false
1594,14.950864299999999,-0.60070443668510765,false
1595,14.9591587,-0.60070443668510765,false
1596,14.9701542,-0.60070443668510765,false
1597,14.983072,-0.60070443668510765,false
1598,14.9951253,-0.60070443668510765,false
1599,15.0078155,-0.60070443668510765,false
1600,15.013954399999999,-0.60070443668510765,false
1601,15.0245566,-0.60070443668510765,false
1602,15.040999299999999,-0.60070443668510765,false
1603,15.052555999999999,-0.60070443668510765,false
1604,15.061104,-0.60070443668510765,false
1605,15.0718478,-0.60070443668510765,false
1606,15.0837798,-0.60070443668510765,false
1607,15.0934925,-0.60070443668510765,false
1608,15.1035647,-0.60070443668510765,false
1609,15.1147338,-0.60070443668510765,false
1610,15.1241427,-0.60070443668510765,false
1611,15.1374301,-0.60070443668510765,false
1612,15.1453367,-0.60070443668510765,false
1613,15.1534271,-0.60070443668510765,false
1614,15.1637182,-0.60070443668510765,false
1615,15.1686835,-0.60070443668510765,false
1616,15.181863,-0.60070443668510765,false
1617,15.190726,-0.60070443668510765,false
1618,15.196237,-0.60070443668510765,false
1619,15.2046609,-0.60070443668510765,false
1620,15.2132515,-0.60070443668510765,false
1621,15.2207498,-0.60070443668510765,false
1622,15.2343846,-0.60070443668510765,false
1623,15.2417453,-0.60070443668510765,false
1624,15.2547268,-0.60070443668510765,false
1625,15.263904999999999,-0.60070443668510765,false
1626,15.271946399999999,-0.60070443668510765,false
1627,15.280530000000001,-0.60070443668510765,false
1628,15.295996499999999,-0.60070443668510765,false
1629,15.306402500000001,-0.60070443668510765,false
1630,15.3192439,-0.60070443668510765,false
1631,15.3306586,-0.60070443668510765,false
1632,15.3412752,-0.60070443668510765,false
1633,15.3508987,-0.60070443668510765,false
1634,15.3603304,-0.60070443668510765,false
1635,15.373413899999999,-0.60070443668510765,false
1636,15.3847041,-0.60070443668510765,false
1637,15.393376099999999,-0.60070443668510765,false
1638,15.4020928,-0.60070443668510765,false
1639,15.412042100000001,-0.60070443668510765,false
1640,15.4219483,-0.60070443668510765,false
1641,15.4323646,-0.60070443668510765,false
1642,15.4439776,-0.60070443668510765,false
1643,15.455587400000001,-0.60070443668510765,false
1644,15.465013300000001,-0.60070443668510765,false
1645,15.4736431,-0.60070443668510765,false
1646,15.480676300000001,-0.60070443668510765,false
1647,15.489362699999999,-0.60070443668510765,false
1648,15.4983425,-0.60070443668510765,false
1649,15.507832000000001,-0.60070443668510765,false
1650,15.5157039,-0.60070443668510765,false
1651,15.533932200000001,-0.60070443668510765,false
1652,15.5405769,-0.60070443668510765,false
1653,15.5495901,-0.60070443668510765,false
1654,15.567104,-0.60070443668510765,false
1655,15.5761298,-0.60070443668510765,false
1656,15.5832005,-0.60070443668510765,false
1657,15.5936507,-0.60070443668510765,false
1658,15.6026817,-0.60070443668510765,false
1659,15.610352900000001,-0.60070443668510765,false
1660,15.6274926,-0.60070443668510765,false
1661,15.6337055,-0.60070443668510765,false
1662,15.6457265,-0.60070443668510765,false
1663,15.655224799999999,-0.60070443668510765,false
1664,15.6667313,-0.60070443668510765,false
1665,15.6749385,-0.60070443668510765,false
1666,15.6816297,-0.60070443668510765,false
1667,15.690752700000001,-0.60070443668510765,false
1668,15.7030107,-0.60070443668510765,false
1669,15.712398200000001,-0.60070443668510765,false
1670,15.7186431,-0.60070443668510765,false
1671,15.732921599999999,-0.60070443668510765,false
1672,15.743072400000001,-0.60070443668510765,false
1673,15.7519594,-0.60070443668510765,false
1674,15.759146400000001,-0.60070443668510765,false
1675,15.7638079,-0.60070443668510765,false
1676,15.7751698,-0.60070443668510765,false
1677,15.7861397,-0.60070443668510765,false
1678,15.7943634,-0.60070443668510765,false
1679,15.8007828,-0.60070443668510765,false
1680,15.8078577,-0.60070443668510765,false
1681,15.8129221,-0.60070443668510765,false
1682,15.8211292,-0.60070443668510765,false
1683,15.8366349,-0.60070443668510765,false
1684,15.846437399999999,-0.60070443668510765,false
1685,15.853180800000001,-0.60070443668510765,false
1686,15.859844300000001,-0.60070443668510765,false
1687,15.8688322,-0.60070443668510765,false
1688,15.889400699999999,-0.60070443668510765,false
1689,15.905158800000001,-0.60070443668510765,false
1690,15.915672499999999,-0.60070443668510765,false
1691,15.928963400000001,-0.60070443668510765,false
1692,15.939782299999999,-0.60070443668510765,false
1693,15.950241200000001,-0.60070443668510765,false
1694,15.957670999999999,-0.60070443668510765,false
1695,15.9673307,-0.60070443668510765,false
1696,15.9945766,-0.60070443668510765,false
1697,16.002191199999999,-0.60070443668510765,false
1698,16.011357,-0.60070443668510765,false
1699,16.021603500000001,-0.60070443668510765,false
1700,16.027621499999999,-0.60070443668510765,false
1701,16.040333199999999,-0.60070443668510765,false
1702,16.052519100000001,-0.60070443668510765,false
1703,16.064810900000001,-0.60070443668510765,false
1704,16.074549900000001,-0.60070443668510765,false
1705,16.0845722,-0.60070443668510765,false
1706,16.094702900000001,-0.60070443668510765,false
1707,16.104555900000001,-0.60070443668510765,false
1708,16.111440600000002,-0.60070443668510765,false
1709,16.121207699999999,-0.60070443668510765,false
1710,16.129647800000001,-0.60070443668510765,false
1711,16.1414084,-0.60070443668510765,false
1712,16.160372800000001,-0.60070443668510765,false
1713,16.1714439,-0.60070443668510765,false
1714,16.1819065,-0.60070443668510765,false
1715,16.190599899999999,-0.60070443668510765,false
1716,16.198855300000002,-0.60070443668510765,false
1717,16.209676600000002,-0.60070443668510765,false
1718,16.2187014,-0.60070443668510765,false
1719,16.226810499999999,-0.60070443668510765,false
1720,16.238538500000001,-0.60070443668510765,false
1721,16.246488500000002,-0.60070443668510765,false
1722,16.256428,-0.60070443668510765,false
1723,16.268262499999999,-0.60070443668510765,false
1724,16.2772161,-0.60070443668510765,false
1725,16.288276400000001,-0.60070443668510765,false
1726,16.297546499999999,-0.60070443668510765,false
1727,16.307345300000001,-0.60070443668510765,false
1728,16.321038999999999,-0.60070443668510765,false
1729,16.329905400000001,-0.60070443668510765,false
1730,16.3368386,-0.60070443668510765,false
1731,16.3436275,-0.60070443668510765,false
1732,16.355504100000001,-0.60070443668510765,false
1733,16.365010099999999,-0.60070443668510765,false
1734,16.3725974,-0.60070443668510765,false
1735,16.381134200000002,-0.60070443668510765,false
1736,16.389950200000001,-0.60070443668510765,false
1737,16.3994085,-0.60070443668510765,false
1738,16.405094999999999,-0.60070443668510765,false
1739,16.424378999999998,-0.60070443668510765,false
1740,16.4374927,-0.60070443668510765,false
1741,16.443891399999998,-0.60070443668510765,false
1742,16.450310099999999,-0.60070443668510765,false
1743,16.462094700000002,-0.60070443668510765,false
1744,16.467850200000001,-0.60070443668510765,false
1745,16.476634600000001,-0.60070443668510765,false
1746,16.4845206,-0.60070443668510765,false
1747,16.495999999999999,-0.60070443668510765,false
1748,16.5043209,-0.60070443668510765,false
1749,16.5149379,-0.60070443668510765,false
1750,16.525086399999999,-0.60070443668510765,false
1751,16.531022,-0.60070443668510765,false
1752,16.539985699999999,-0.60070443668510765,false
1753,16.5467987,-0.60070443668510765,false
1754,16.559030400000001,-0.60070443668510765,false
1755,16.566677899999998,-0.60070443668510765,false
1756,16.574458400000001,-0.60070443668510765,false
1757,16.582745800000001,-0.60070443668510765,false
1758,16.589956099999998,-0.60070443668510765,false
1759,16.603540299999999,-0.60070443668510765,false
1760,16.6172176,-0.60070443668510765,false
1761,16.628543799999999,-0.60070443668510765,false
1762,16.637557900000001,-0.60070443668510765,false
1763,16.6511517,-0.60070443668510765,false
1764,16.658144799999999,-0.60070443668510765,false
1765,16.671130099999999,-0.60070443668510765,false
1766,16.680887599999998,-0.60070443668510765,false
1767,16.6897512,-0.60070443668510765,false
1768,16.697552399999999,-0.60070443668510765,false
1769,16.704536000000001,-0.60070443668510765,false
1770,16.712791200000002,-0.60070443668510765,false
1771,16.719210799999999,-0.60070443668510765,false
1772,16.7278609,-0.60070443668510765,false
1773,16.739311799999999,-0.60070443668510765,false
1774,16.7501319,-0.60070443668510765,false
1775,16.761991800000001,-0.60070443668510765,false
1776,16.7686174,-0.60070443668510765,false
1777,16.779537300000001,-0.60070443668510765,false
1778,16.7873661,-0.60070443668510765,false
1779,16.795942700000001,-0.60070443668510765,false
1780,16.806305600000002,-0.60070443668510765,false
1781,16.813926800000001,-0.60070443668510765,false
1782,16.8237424,-0.60070443668510765,false
1783,16.8342615,-0.60070443668510765,false
1784,16.8427349,-0.60070443668510765,false
1785,16.851608299999999,-0.60070443668510765,false
1786,16.8630879,-0.60070443668510765,false
1787,16.876497799999999,-0.60070443668510765,false
1788,16.884148799999998,-0.60070443668510765,false
1789,16.893349499999999,-0.60070443668510765,false
1790,16.901449899999999,-0.60070443668510765,false
1791,16.915249299999999,-0.60070443668510765,false
1792,16.925996900000001,-0.60070443668510765,false
1793,16.934747999999999,-0.60070443668510765,false
1794,16.943544500000002,-0.60070443668510765,false
1795,16.950255800000001,-0.60070443668510765,false
1796,16.959535200000001,-0.60070443668510765,false
1797,16.972778900000002,-0.60070443668510765,false
1798,16.9786432,-0.60070443668510765,false
1799,16.9841719,-0.60070443668510765,false
1800,16.990613400000001,-0.60070443668510765,false
1801,17.002937500000002,-0.60070443668510765,false
1802,17.015292299999999,-0.60070443668510765,false
1803,17.025854200000001,-0.60070443668510765,false
1804,17.035260000000001,-0.60070443668510765,false
1805,17.046960299999999,-0.60070443668510765,false
1806,17.056379499999998,-0.60070443668510765,false
1807,17.069874500000001,-0.60070443668510765,false
1808,17.079038199999999,-0.60070443668510765,false
1809,17.0877759,-0.60070443668510765,false
1810,17.0941057,-0.60070443668510765,false
1811,17.1060549,-0.60070443668510765,false
1812,17.1167102,-0.60070443668510765,false
1813,17.1319993,-0.60070443668510765,false
1814,17.139194,-0.60070443668510765,false
1815,17.1500846,-0.60070443668510765,false
1816,17.156542200000001,-0.60070443668510765,false
1817,17.164611300000001,-0.60070443668510765,false
1818,17.175065100000001,-0.60070443668510765,false
1819,17.1828404,-0.60070443668510765,false
1820,17.190079099999998,-0.60070443668510765,false
1821,17.1985052,-0.60070443668510765,false
1822,17.205836600000001,-0.60070443668510765,false
1823,17.2197092,-0.60070443668510765,false
1824,17.2288292,-0.60070443668510765,false
1825,17.234526500000001,-0.60070443668510765,false
1826,17.243632900000001,-0.60070443668510765,false
1827,17.253255500000002,-0.60070443668510765,false
1828,17.259585099999999,-0.60070443668510765,false
1829,17.2685651,-0.60070443668510765,false
1830,17.274302800000001,-0.60070443668510765,false
1831,17.280581699999999,-0.60070443668510765,false
1832,17.288718200000002,-0.60070443668510765,false
1833,17.298321900000001,-0.60070443668510765,false
1834,17.306759199999998,-0.60070443668510765,false
1835,17.316148200000001,-0.60070443668510765,false
1836,17.325227999999999,-0.60070443668510765,false
1837,17.333418099999999,-0.60070443668510765,false
1838,17.343317800000001,-0.60070443668510765,false
1839,17.355140200000001,-0.60070443668510765,false
1840,17.367215699999999,-0.60070443668510765,false
1841,17.383225599999999,-0.60070443668510765,false
1842,17.3940439,-0.60070443668510765,false
1843,17.407216900000002,-0.60070443668510765,false
1844,17.4195797,-0.60070443668510765,false
1845,17.4292345,-0.60070443668510765,false
1846,17.4404599,-0.60070443668510765,false
1847,17.449447800000002,-0.60070443668510765,false
1848,17.460849899999999,-0.60070443668510765,false
1849,17.4736856,-0.60070443668510765,false
1850,17.485466599999999,-0.60070443668510765,false
1851,17.4936218,-0.60070443668510765,false
1852,17.5015377,-0.60070443668510765,false
1853,17.512743700000001,-0.60070443668510765,false
1854,17.520784299999999,-0.60070443668510765,false
1855,17.5299461,-0.60070443668510765,false
1856,17.537357199999999,-0.60070443668510765,false
1857,17.551216,-0.60070443668510765,false
1858,17.564148200000002,-0.60070443668510765,false
1859,17.572626400000001,-0.60070443668510765,false
1860,17.587559800000001,-0.60070443668510765,false
1861,17.5954777,-0.60070443668510765,false
1862,17.604746299999999,-0.60070443668510765,false
1863,17.628231799999998,-0.60070443668510765,false
1864,17.641447500000002,-0.60070443668510765,false
1865,17.655664600000001,-0.60070443668510765,false
1866,17.663747399999998,-0.60070443668510765,false
1867,17.680736599999999,-0.60070443668510765,false
1868,17.6905222,-0.60070443668510765,false
1869,17.697899499999998,-0.60070443668510765,false
1870,17.707852500000001,-0.60070443668510765,false
1871,17.721305900000001,-0.60070443668510765,false
1872,17.738064300000001,-0.60070443668510765,false
1873,17.7459168,-0.60070443668510765,false
1874,17.757763499999999,-0.60070443668510765,false
1875,17.764370400000001,-0.60070443668510765,false
1876,17.779409000000001,-0.60070443668510765,false
1877,17.786189,-0.60070443668510765,false
1878,17.792652499999999,-0.60070443668510765,false
1879,17.801270800000001,-0.60070443668510765,false
1880,17.808531299999999,-0.60070443668510765,false
1881,17.8195443,-0.60070443668510765,false
1882,17.827747800000001,-0.60070443668510765,false
1883,17.834901200000001,-0.60070443668510765,false
1884,17.8411863,-0.60070443668510765,false
1885,17.8500497,-0.60070443668510765,false
1886,17.8595769,-0.60070443668510765,false
1887,17.870280099999999,-0.60070443668510765,false
1888,17.877634700000002,-0.60070443668510765,false
1889,17.884543799999999,-0.60070443668510765,false
1890,17.8936782,-0.60070443668510765,false
1891,17.9049722,-0.60070443668510765,false
1892,17.9134545,-0.60070443668510765,false
1893,17.9231257,-0.60070443668510765,false
1894,17.939288000000001,-0.60070443668510765,false
1895,17.9493388,-0.60070443668510765,false
1896,17.9576739,-0.60070443668510765,false
1897,17.969192400000001,-0.60070443668510765,false
1898,17.978281800000001,-0.60070443668510765,false
1899,17.990249899999998,-0.60070443668510765,false
1900,18.000041700000001,-0.60070443668510765,false
1901,18.012143300000002,-0.60070443668510765,false
1902,18.022420499999999,-0.60070443668510765,false
1903,18.030075100000001,-0.60070443668510765,false
1904,18.0383633,-0.60070443668510765,false
1905,18.045653900000001,-0.60070443668510765,false
1906,18.055357000000001,-0.60070443668510765,false
1907,18.062451599999999,-0.60070443668510765,false
1908,18.0708223,-0.60070443668510765,false
1909,18.081222,-0.60070443668510765,false
1910,18.090300299999999,-0.60070443668510765,false
1911,18.097771000000002,-0.60070443668510765,false
1912,18.1086633,-0.60070443668510765,false
1913,18.1227473,-0.60070443668510765,false
1914,18.131680899999999,-0.60070443668510765,false
1915,18.145251600000002,-0.60070443668510765,false
1916,18.1564722,-0.60070443668510765,false
1917,18.1642568,-0.60070443668510765,false
1918,18.1709745,-0.60070443668510765,false
1919,18.180228799999998,-0.60070443668510765,false
1920,18.189193899999999,-0.60070443668510765,false
1921,18.198827099999999,-0.60070443668510765,false
1922,18.2161817,-0.60070443668510765,false
1923,18.225970100000001,-0.60070443668510765,false
1924,18.238619499999999,-0.60070443668510765,false
1925,18.247716400000002,-0.60070443668510765,false
1926,18.251934299999999,-0.60070443668510765,false
1927,18.267510399999999,-0.60070443668510765,false
1928,18.274515999999998,-0.60070443668510765,false
1929,18.288793200000001,-0.60070443668510765,false
1930,18.303253999999999,-0.60070443668510765,false
1931,18.3079945,-0.60070443668510765,false
1932,18.317499399999999,-0.60070443668510765,false
1933,18.327590600000001,-0.60070443668510765,false
1934,18.338449000000001,-0.60070443668510765,false
1935,18.3449651,-0.60070443668510765,false
1936,18.358113199999998,-0.60070443668510765,false
1937,18.367975399999999,-0.60070443668510765,false
1938,18.382226899999999,-0.60070443668510765,false
1939,18.397535900000001,-0.60070443668510765,false
1940,18.405425399999999,-0.60070443668510765,false
1941,18.417621799999999,-0.60070443668510765,false
1942,18.428869299999999,-0.60070443668510765,false
1943,18.4395995,-0.60070443668510765,false
1944,18.446626800000001,-0.60070443668510765,false
1945,18.457154599999999,-0.60070443668510765,false
1946,18.4704677,-0.60070443668510765,false
1947,18.4785757,-0.60070443668510765,false
1948,18.487053700000001,-0.60070443668510765,false
1949,18.495332900000001,-0.60070443668510765,false
1950,18.505518599999998,-0.60070443668510765,false
1951,18.514879100000002,-0.60070443668510765,false
1952,18.5186998,-0.60070443668510765,false
1953,18.526589999999999,-0.60070443668510765,false
1954,18.5342254,-0.60070443668510765,false
1955,18.5430171,-0.60070443668510765,false
1956,18.551482199999999,-0.60070443668510765,false
1957,18.557664299999999,-0.60070443668510765,false
1958,18.568943999999998,-0.60070443668510765,false
1959,18.574635799999999,-0.60070443668510765,false
1960,18.581038100000001,-0.60070443668510765,false
1961,18.591528,-0.60070443668510765,false
1962,18.599672600000002,-0.60070443668510765,false
1963,18.606210300000001,-0.60070443668510765,false
1964,18.614901499999998,-0.60070443668510765,false
1965,18.624051900000001,-0.60070443668510765,false
1966,18.635470900000001,-0.60070443668510765,false
1967,18.643686599999999,-0.60070443668510765,false
1968,18.653336400000001,-0.60070443668510765,false
1969,18.661170800000001,-0.60070443668510765,false
1970,18.670566000000001,-0.60070443668510765,false
1971,18.678933000000001,-0.60070443668510765,false
1972,18.690570099999999,-0.60070443668510765,false
1973,18.700033300000001,-0.60070443668510765,false
1974,18.711160599999999,-0.60070443668510765,false
1975,18.718505100000002,-0.60070443668510765,false
1976,18.727498300000001,-0.60070443668510765,false
1977,18.737648700000001,-0.60070443668510765,false
1978,18.7453851,-0.60070443668510765,false
1979,18.756898400000001,-0.60070443668510765,false
1980,18.765984799999998,-0.60070443668510765,false
1981,18.781670399999999,-0.60070443668510765,false
1982,18.792858599999999,-0.60070443668510765,false
1983,18.803761300000001,-0.60070443668510765,false
1984,18.8128864,-0.60070443668510765,false
1985,18.822764299999999,-0.60070443668510765,false
1986,18.833977600000001,-0.60070443668510765,false
1987,18.8469479,-0.60070443668510765,false
1988,18.858522300000001,-0.60070443668510765,false
1989,18.8714081,-0.60070443668510765,false
1990,18.8789114,-0.60070443668510765,false
1991,18.889100899999999,-0.60070443668510765,false
1992,18.905792699999999,-0.60070443668510765,false
1993,18.9162015,-0.60070443668510765,false
1994,18.925242999999998,-0.60070443668510765,false
1995,18.932908900000001,-0.60070443668510765,false
1996,18.942644600000001,-0.60070443668510765,false
1997,18.950563500000001,-0.60070443668510765,false
1998,18.962785799999999,-0.60070443668510765,false
1999,18.9747913,-0.60070443668510765,false
2000,18.9839989,-0.60070443668510765,false
2001,18.993459300000001,-0.60070443668510765,false
2002,19.005012799999999,-0.60070443668510765,false
2003,19.014490599999998,-0.60070443668510765,false
2004,19.024916000000001,-0.60070443668510765,false
2005,19.0334793,-0.60070443668510765,false
2006,19.0402728,-0.60070443668510765,false
2007,19.0477284,-0.60070443668510765,false
2008,19.056538700000001,-0.60070443668510765,false
2009,19.061398000000001,-0.60070443668510765,false
2010,19.0675709,-0.60070443668510765,false
2011,19.077814,-0.60070443668510765,false
2012,19.0882322,-0.60070443668510765,false
2013,19.098564199999998,-0.60070443668510765,false
2014,19.107938399999998,-0.60070443668510765,false
2015,19.121343700000001,-0.60070443668510765,false
2016,19.128787800000001,-0.60070443668510765,false
2017,19.1374551,-0.60070443668510765,false
2018,19.147539200000001,-0.60070443668510765,false
2019,19.158264299999999,-0.60070443668510765,false
2020,19.165970300000001,-0.60070443668510765,false
2021,19.176456000000002,-0.60070443668510765,false
2022,19.186701599999999,-0.60070443668510765,false
2023,19.196750600000001,-0.60070443668510765,false
2024,19.2070662,-0.60070443668510765,false
2025,19.219347800000001,-0.60070443668510765,false
2026,19.227708,-0.60070443668510765,false
2027,19.2386309,-0.60070443668510765,false
2028,19.251406899999999,-0.60070443668510765,false
2029,19.2609344,-0.60070443668510765,false
2030,19.2784677,-0.60070443668510765,false
2031,19.288706300000001,-0.60070443668510765,false
2032,19.296799799999999,-0.60070443668510765,false
2033,19.303322699999999,-0.60070443668510765,false
2034,19.313037999999999,-0.60070443668510765,false
2035,19.3229407,-0.60070443668510765,false
2036,19.329206500000002,-0.60070443668510765,false
2037,19.3353109,-0.60070443668510765,false
2038,19.354856099999999,-0.60070443668510765,false
2039,19.363858199999999,-0.60070443668510765,false
2040,19.374913800000002,-0.60070443668510765,false
2041,19.3838562,-0.60070443668510765,false
2042,19.390856700000001,-0.60070443668510765,false
2043,19.406060499999999,-0.60070443668510765,false
2044,19.4194797,-0.60070443668510765,false
2045,19.437648100000001,-0.60070443668510765,false
2046,19.449737200000001,-0.60070443668510765,false
2047,19.4555428,-0.60070443668510765,false
2048,19.464113099999999,-0.60070443668510765,false
2049,19.4717406,-0.60070443668510765,false
2050,19.4797139,-0.60070443668510765,false
2051,19.487214600000001,-0.60070443668510765,false
2052,19.493390600000001,-0.60070443668510765,false
2053,19.5024078,-0.60070443668510765,false
2054,19.5137094,-0.60070443668510765,false
2055,19.526540300000001,-0.60070443668510765,false
2056,19.535017799999999,-0.60070443668510765,false
2057,19.5461545,-0.60070443668510765,false
2058,19.5591151,-0.60070443668510765,false
2059,19.579203700000001,-0.60070443668510765,false
2060,19.584321500000001,-0.60070443668510765,false
2061,19.595038899999999,-0.60070443668510765,false
2062,19.6053338,-0.60070443668510765,false
2063,19.612957300000001,-0.60070443668510765,false
2064,19.625621800000001,-0.60070443668510765,false
2065,19.635197000000002,-0.60070443668510765,false
2066,19.6418152,-0.60070443668510765,false
2067,19.6599504,-0.60070443668510765,false
2068,19.668029400000002,-0.60070443668510765,false
2069,19.674797699999999,-0.60070443668510765,false
2070,19.680450100000002,-0.60070443668510765,false
2071,19.704032399999999,-0.60070443668510765,false
2072,19.715213299999998,-0.60070443668510765,false
2073,19.723474100000001,-0.60070443668510765,false
2074,19.731808300000001,-0.60070443668510765,false
2075,19.7404504,-0.60070443668510765,false
2076,19.749427399999998,-0.60070443668510765,false
2077,19.757342699999999,-0.60070443668510765,false
2078,19.764601500000001,-0.60070443668510765,false
2079,19.774669800000002,-0.60070443668510765,false
2080,19.786592899999999,-0.60070443668510765,false
2081,19.798060499999998,-0.60070443668510765,false
2082,19.807888699999999,-0.60070443668510765,false
2083,19.824643399999999,-0.60070443668510765,false
2084,19.833707199999999,-0.60070443668510765,false
2085,19.841851900000002,-0.60070443668510765,false
2086,19.854186899999998,-0.60070443668510765,false
2087,19.8655863,-0.60070443668510765,false
2088,19.8748453,-0.60070443668510765,false
2089,19.884219999999999,-0.60070443668510765,false
2090,19.8928476,-0.60070443668510765,false
2091,19.9000603,-0.60070443668510765,false
2092,19.910260600000001,-0.60070443668510765,false
2093,19.919156600000001,-0.60070443668510765,false
2094,19.931562799999998,-0.60070443668510765,false
2095,19.939853400000001,-0.60070443668510765,false
2096,19.945355200000002,-0.60070443668510765,false
2097,19.9556501,-0.60070443668510765,false
2098,19.962070799999999,-0.60070443668510765,false
2099,19.974992700000001,-0.60070443668510765,false
2100,19.981904400000001,-0.60070443668510765,false
2101,19.990563600000002,-0.60070443668510765,false
2102,19.999797600000001,-0.60070443668510765,false
2103,20.008005099999998,-0.60070443668510765,false
2104,20.015865300000002,-0.60070443668510765,false
2105,20.0252716,-0.60070443668510765,false
2106,20.031469600000001,-0.60070443668510765,false
2107,20.039247899999999,-0.60070443668510765,false
2108,20.050532799999999,-0.60070443668510765,false
2109,20.058906499999999,-0.60070443668510765,false
2110,20.066590900000001,-0.60070443668510765,false
2111,20.076734800000001,-0.60070443668510765,false
2112,20.0898596,-0.60070443668510765,false
2113,20.100531199999999,-0.60070443668510765,false
2114,20.1107087,-0.60070443668510765,false
2115,20.118436899999999,-0.60070443668510765,false
2116,20.1281894,-0.60070443668510765,false
2117,20.138269900000001,-0.60070443668510765,false
2118,20.151219999999999,-0.60070443668510765,false
2119,20.167887400000001,-0.60070443668510765,false
2120,20.1760515,-0.60070443668510765,false
2121,20.1880624,-0.60070443668510765,false
2122,20.1971098,-0.60070443668510765,false
2123,20.207267600000002,-0.60070443668510765,false
2124,20.2151104,-0.60070443668510765,false
2125,20.221559800000001,-0.60070443668510765,false
2126,20.229429499999998,-0.60070443668510765,false
2127,20.245645700000001,-0.60070443668510765,false
2128,20.259692300000001,-0.60070443668510765,false
2129,20.268232099999999,-0.60070443668510765,false
2130,20.2754838,-0.60070443668510765,false
2131,20.286085400000001,-0.60070443668510765,false
2132,20.2985623,-0.60070443668510765,false
2133,20.3077434,-0.60070443668510765,false
2134,20.316073800000002,-0.60070443668510765,false
2135,20.323992499999999,-0.60070443668510765,false
2136,20.331686099999999,-0.60070443668510765,false
2137,20.340669999999999,-0.60070443668510765,false
2138,20.348980900000001,-0.60070443668510765,false
2139,20.360144600000002,-0.60070443668510765,false
2140,20.369646199999998,-0.60070443668510765,false
2141,20.379040400000001,-0.60070443668510765,false
2142,20.389866600000001,-0.60070443668510765,false
2143,20.400105499999999,-0.60070443668510765,false
2144,20.413894599999999,-0.60070443668510765,false
2145,20.421731600000001,-0.60070443668510765,false
2146,20.430518599999999,-0.60070443668510765,false
2147,20.440532399999999,-0.60070443668510765,false
2148,20.4505944,-0.60070443668510765,false
2149,20.458675700000001,-0.60070443668510765,false
2150,20.4652201,-0.60070443668510765,false
2151,20.474670700000001,-0.60070443668510765,false
2152,20.485586300000001,-0.60070443668510765,false
2153,20.495990200000001,-0.60070443668510765,false
2154,20.514179200000001,-0.60070443668510765,false
2155,20.525833800000001,-0.60070443668510765,false
2156,20.533326500000001,-0.60070443668510765,false
2157,20.542596199999998,-0.60070443668510765,false
2158,20.5561428,-0.60070443668510765,false
2159,20.5631241,-0.60070443668510765,false
2160,20.5701748,-0.60070443668510765,false
2161,20.584562399999999,-0.60070443668510765,false
2162,20.5957446,-0.60070443668510765,false
2163,20.608223899999999,-0.60070443668510765,false
2164,20.615953600000001,-0.60070443668510765,false
2165,20.626579700000001,-0.60070443668510765,false
2166,20.636680200000001,-0.60070443668510765,false
2167,20.647488800000001,-0.60070443668510765,false
2168,20.659229499999999,-0.60070443668510765,false
2169,20.670380099999999,-0.60070443668510765,false
2170,20.676023499999999,-0.60070443668510765,false
2171,20.682450500000002,-0.60070443668510765,false
2172,20.689893000000001,-0.60070443668510765,false
2173,20.699411900000001,-0.60070443668510765,false
2174,20.7040325,-0.60070443668510765,false
2175,20.7129674,-0.60070443668510765,false
2176,20.724282599999999,-0.60070443668510765,false
2177,20.729507399999999,-0.60070443668510765,false
2178,20.7367493,-0.60070443668510765,false
2179,20.745450699999999,-0.60070443668510765,false
2180,20.758821300000001,-0.60070443668510765,false
2181,20.770208400000001,-0.60070443668510765,false
2182,20.781174700000001,-0.60070443668510765,false
2183,20.798128800000001,-0.60070443668510765,false
2184,20.805548900000002,-0.60070443668510765,false
2185,20.816096000000002,-0.60070443668510765,false
2186,20.825251300000001,-0.60070443668510765,false
2187,20.836328000000002,-0.60070443668510765,false
2188,20.848229499999999,-0.60070443668510765,false
2189,20.8627924,-0.60070443668510765,false
2190,20.869045700000001,-0.60070443668510765,false
2191,20.876025800000001,-0.60070443668510765,false
2192,20.883804000000001,-0.60070443668510765,false
2193,20.890720000000002,-0.60070443668510765,false
2194,20.897701600000001,-0.60070443668510765,false
2195,20.906334099999999,-0.60070443668510765,false
2196,20.917974099999999,-0.60070443668510765,false
2197,20.927542200000001,-0.60070443668510765,false
2198,20.936961199999999,-0.60070443668510765,false
2199,20.946303499999999,-0.60070443668510765,false
2200,20.9537388,-0.60070443668510765,false
2201,20.964467899999999,-0.60070443668510765,false
2202,20.9750412,-0.60070443668510765,false
2203,20.984490600000001,-0.60070443668510765,false
2204,20.9934932,-0.60070443668510765,false
2205,21.0036898,-0.60070443668510765,false
2206,21.011222799999999,-0.60070443668510765,false
2207,21.019809800000001,-0.60070443668510765,false
2208,21.027204999999999,-0.60070443668510765,false
2209,21.039166900000001,-0.60070443668510765,false
2210,21.0460511,-0.60070443668510765,false
2211,21.053988499999999,-0.60070443668510765,false
2212,21.064091099999999,-0.60070443668510765,false
2213,21.068811499999999,-0.60070443668510765,false
2214,21.0788692,-0.60070443668510765,false
2215,21.087103299999999,-0.60070443668510765,false
2216,21.0975091,-0.60070443668510765,false
2217,21.1028278,-0.60070443668510765,false
2218,21.1097584,-0.60070443668510765,false
2219,21.119016500000001,-0.60070443668510765,false
2220,21.130252800000001,-0.60070443668510765,false
2221,21.1386216,-0.60070443668510765,false
2222,21.147892800000001,-0.60070443668510765,false
2223,21.159996,-0.60070443668510765,false
2224,21.168754100000001,-0.60070443668510765,false
2225,21.180509600000001,-0.60070443668510765,false
2226,21.191430400000002,-0.60070443668510765,false
2227,21.199198200000001,-0.60070443668510765,false
2228,21.208559000000001,-0.60070443668510765,false
2229,21.2195508,-0.60070443668510765,false
2230,21.2266172,-0.60070443668510765,false
2231,21.235278900000001,-0.60070443668510765,false
2232,21.243100200000001,-0.60070443668510765,false
2233,21.248893299999999,-0.60070443668510765,false
2234,21.2591565,-0.60070443668510765,false
2235,21.272547200000002,-0.60070443668510765,false
2236,21.283778300000002,-0.60070443668510765,false
2237,21.293105300000001,-0.60070443668510765,false
2238,21.3086381,-0.60070443668510765,false
2239,21.316750200000001,-0.60070443668510765,false
2240,21.3253722,-0.60070443668510765,false
2241,21.334245500000002,-0.60070443668510765,false
2242,21.347186900000001,-0.60070443668510765,false
2243,21.356637800000001,-0.60070443668510765,false
2244,21.366586099999999,-0.60070443668510765,false
2245,21.375708700000001,-0.60070443668510765,false
2246,21.386003500000001,-0.60070443668510765,false
2247,21.394200900000001,-0.60070443668510765,false
2248,21.404505199999999,-0.60070443668510765,false
2249,21.408521100000002,-0.60070443668510765,false
2250,21.422988199999999,-0.60070443668510765,false
2251,21.438628099999999,-0.60070443668510765,false
2252,21.448240599999998,-0.60070443668510765,false
2253,21.457175700000001,-0.60070443668510765,false
2254,21.467314399999999,-0.60070443668510765,false
2255,21.475005400000001,-0.60070443668510765,false
2256,21.488872799999999,-0.60070443668510765,false
2257,21.499305700000001,-0.60070443668510765,false
2258,21.5059377,-0.60070443668510765,false
2259,21.512255499999998,-0.60070443668510765,false
2260,21.519717,-0.60070443668510765,false
2261,21.533913500000001,-0.60070443668510765,false
2262,21.540892400000001,-0.60070443668510765,false
2263,21.551010600000001,-0.60070443668510765,false
2264,21.5608571,-0.60070443668510765,false
2265,21.5673423,-0.60070443668510765,false
2266,21.571868599999998,-0.60070443668510765,false
2267,21.581424699999999,-0.60070443668510765,false
2268,21.588598699999999,-0.60070443668510765,false
2269,21.596993600000001,-0.60070443668510765,false
2270,21.605919499999999,-0.60070443668510765,false
2271,21.620287000000001,-0.60070443668510765,false
2272,21.6352023,-0.60070443668510765,false
2273,21.6434009,-0.60070443668510765,false
2274,21.653692299999999,-0.60070443668510765,false
2275,21.662047399999999,-0.60070443668510765,false
2276,21.672938299999998,-0.60070443668510765,false
2277,21.681473199999999,-0.60070443668510765,false
2278,21.692673899999999,-0.60070443668510765,false
2279,21.7058176,-0.60070443668510765,false
2280,21.7165705,-0.60070443668510765,false
2281,21.726917400000001,-0.60070443668510765,false
2282,21.737811199999999,-0.60070443668510765,false
2283,21.745014600000001,-0.60070443668510765,false
2284,21.7590374,-0.60070443668510765,false
2285,21.776821200000001,-0.60070443668510765,false
2286,21.782621200000001,-0.60070443668510765,false
2287,21.7917156,-0.60070443668510765,false
2288,21.799709799999999,-0.60070443668510765,false
2289,21.8066742,-0.60070443668510765,false
2290,21.816178900000001,-0.60070443668510765,false
2291,21.825193299999999,-0.60070443668510765,false
2292,21.834029099999999,-0.60070443668510765,false
2293,21.844905700000002,-0.60070443668510765,false
2294,21.853712099999999,-0.60070443668510765,false
2295,21.861214700000001,-0.60070443668510765,false
2296,21.871018200000002,-0.60070443668510765,false
2297,21.878641099999999,-0.60070443668510765,false
2298,21.886959600000001,-0.60070443668510765,false
2299,21.894978800000001,-0.60070443668510765,false
2300,21.905583499999999,-0.60070443668510765,false
2301,21.914294399999999,-0.60070443668510765,false
2302,21.9241393,-0.60070443668510765,false
2303,21.9311635,-0.60070443668510765,false
2304,21.948630000000001,-0.60070443668510765,false
2305,21.956347300000001,-0.60070443668510765,false
2306,21.962947499999999,-0.60070443668510765,false
2307,21.968981100000001,-0.60070443668510765,false
2308,21.981438700000002,-0.60070443668510765,false
2309,21.995681999999999,-0.60070443668510765,false
2310,22.011188600000001,-0.60070443668510765,false
2311,22.021213199999998,-0.60070443668510765,false
2312,22.0301267,-0.60070443668510765,false
2313,22.0460405,-0.60070443668510765,false
2314,22.059031999999998,-0.60070443668510765,false
2315,22.068738499999998,-0.60070443668510765,false
2316,22.076364000000002,-0.60070443668510765,false
2317,22.087290200000002,-0.60070443668510765,false
2318,22.099788400000001,-0.60070443668510765,false
2319,22.1169574,-0.60070443668510765,false
2320,22.129117900000001,-0.60070443668510765,false
2321,22.138406100000001,-0.60070443668510765,false
2322,22.147391299999999,-0.60070443668510765,false
2323,22.155526200000001,-0.60070443668510765,false
2324,22.165500600000001,-0.60070443668510765,false
2325,22.1773129,-0.60070443668510765,false
2326,22.189077900000001,-0.60070443668510765,false
2327,22.1949556,-0.60070443668510765,false
2328,22.203835000000002,-0.60070443668510765,false
2329,22.2115966,-0.60070443668510765,false
2330,22.220079599999998,-0.60070443668510765,false
2331,22.224999199999999,-0.60070443668510765,false
2332,22.231412599999999,-0.60070443668510765,false
2333,22.242860400000001,-0.60070443668510765,false
2334,22.2606462,-0.60070443668510765,false
2335,22.266619299999999,-0.60070443668510765,false
2336,22.276901500000001,-0.60070443668510765,false
2337,22.2853064,-0.60070443668510765,false
2338,22.2930983,-0.60070443668510765,false
2339,22.301977300000001,-0.60070443668510765,false
2340,22.315259000000001,-0.60070443668510765,false
2341,22.3228668,-0.60070443668510765,false
2342,22.330728799999999,-0.60070443668510765,false
2343,22.3402876,-0.60070443668510765,false
2344,22.3477648,-0.60070443668510765,false
2345,22.363554499999999,-0.60070443668510765,false
2346,22.374412100000001,-0.60070443668510765,false
2347,22.389130300000001,-0.60070443668510765,false
2348,22.396239999999999,-0.60070443668510765,false
2349,22.4014308,-0.60070443668510765,false
2350,22.4085012,-0.60070443668510765,false
2351,22.419643900000001,-0.60070443668510765,false
2352,22.425802099999999,-0.60070443668510765,false
2353,22.435332299999999,-0.60070443668510765,false
2354,22.447531000000001,-0.60070443668510765,false
2355,22.4626242,-0.60070443668510765,false
2356,22.478280999999999,-0.60070443668510765,false
2357,22.4880803,-0.60070443668510765,false
2358,22.498448700000001,-0.60070443668510765,false
2359,22.5098612,-0.60070443668510765,false
2360,22.519158099999999,-0.60070443668510765,false
2361,22.526708800000002,-0.60070443668510765,false
2362,22.535393500000001,-0.60070443668510765,false
2363,22.5448372,-0.60070443668510765,false
2364,22.5552089,-0.60070443668510765,false
2365,22.567489500000001,-0.60070443668510765,false
2366,22.582784100000001,-0.60070443668510765,false
2367,22.5923932,-0.60070443668510765,false
2368,22.599464900000001,-0.60070443668510765,false
2369,22.610997900000001,-0.60070443668510765,false
2370,22.622303599999999,-0.60070443668510765,false
2371,22.631548599999999,-0.60070443668510765,false
2372,22.639768799999999,-0.60070443668510765,false
2373,22.654739899999999,-0.60070443668510765,false
2374,22.661947300000001,-0.60070443668510765,false
2375,22.671177700000001,-0.60070443668510765,false
2376,22.683488400000002,-0.60070443668510765,false
2377,22.692084300000001,-0.60070443668510765,false
2378,22.705322299999999,-0.60070443668510765,false
2379,22.717032400000001,-0.60070443668510765,false
2380,22.728666700000002,-0.60070443668510765,false
2381,22.7416585,-0.60070443668510765,false
2382,22.751488800000001,-0.60070443668510765,false
2383,22.762602300000001,-0.60070443668510765,false
2384,22.781952,-0.60070443668510765,false
2385,22.7883782,-0.60070443668510765,false
2386,22.803372299999999,-0.60070443668510765,false
2387,22.812953100000001,-0.60070443668510765,false
2388,22.821658500000002,-0.60070443668510765,false
2389,22.830115899999999,-0.60070443668510765,false
2390,22.839413400000002,-0.60070443668510765,false
2391,22.8466904,-0.60070443668510765,false
2392,22.855243399999999,-0.60070443668510765,false
2393,22.873200199999999,-0.60070443668510765,false
2394,22.880523499999999,-0.60070443668510765,false
2395,22.891940399999999,-0.60070443668510765,false
2396,22.898327699999999,-0.60070443668510765,false
2397,22.910272599999999,-0.60070443668510765,false
2398,22.9174544,-0.60070443668510765,false
2399,22.928834200000001,-0.60070443668510765,false
2400,22.938391200000002,-0.60070443668510765,false
2401,22.9492729,-0.60070443668510765,false
2402,22.956750299999999,-0.60070443668510765,false
2403,22.961736699999999,-0.60070443668510765,false
2404,22.9707322,-0.60070443668510765,false
2405,22.983941399999999,-0.60070443668510765,false
2406,22.9967978,-0.60070443668510765,false
2407,23.006384199999999,-0.60070443668510765,false
2408,23.0144138,-0.60070443668510765,false
2409,23.024143200000001,-0.60070443668510765,false
2410,23.0322201,-0.60070443668510765,false
2411,23.0388804,-0.60070443668510765,false
2412,23.0488286,-0.60070443668510765,false
2413,23.056208900000001,-0.60070443668510765,false
2414,23.067830300000001,-0.60070443668510765,false
2415,23.082944600000001,-0.60070443668510765,false
2416,23.089269099999999,-0.60070443668510765,false
2417,23.096333900000001,-0.60070443668510765,false
2418,23.102657399999998,-0.60070443668510765,false
2419,23.114473700000001,-0.60070443668510765,false
2420,23.1248152,-0.60070443668510765,false
2421,23.135258799999999,-0.60070443668510765,false
2422,23.145501100000001,-0.60070443668510765,false
2423,23.153744499999998,-0.60070443668510765,false
2424,23.158688900000001,-0.60070443668510765,false
2425,23.165060499999999,-0.60070443668510765,false
2426,23.173516599999999,-0.60070443668510765,false
2427,23.188458300000001,-0.60070443668510765,false
2428,23.202954500000001,-0.60070443668510765,false
2429,23.210626099999999,-0.60070443668510765,false
2430,23.2219357,-0.60070443668510765,false
2431,23.2296333,-0.60070443668510765,false
2432,23.2388108,-0.60070443668510765,false
2433,23.248736099999999,-0.60070443668510765,false
2434,23.259480499999999,-0.60070443668510765,false
2435,23.267891500000001,-0.60070443668510765,false
2436,23.276671700000001,-0.60070443668510765,false
2437,23.28556,-0.60070443668510765,false
2438,23.296863699999999,-0.60070443668510765,false
2439,23.305178900000001,-0.60070443668510765,false
2440,23.3147269,-0.60070443668510765,false
2441,23.324815000000001,-0.60070443668510765,false
2442,23.3347254,-0.60070443668510765,false
2443,23.3497843,-0.60070443668510765,false
2444,23.354892499999998,-0.60070443668510765,false
2445,23.369814999999999,-0.60070443668510765,false
2446,23.378734000000001,-0.60070443668510765,false
2447,23.386648300000001,-0.60070443668510765,false
2448,23.394369399999999,-0.60070443668510765,false
2449,23.402238499999999,-0.60070443668510765,false
2450,23.415991000000002,-0.60070443668510765,false
2451,23.423354400000001,-0.60070443668510765,false
2452,23.435599799999999,-0.60070443668510765,false
2453,23.443193399999998,-0.60070443668510765,false
2454,23.459592300000001,-0.60070443668510765,false
2455,23.468215499999999,-0.60070443668510765,false
2456,23.473752099999999,-0.60070443668510765,false
2457,23.4872595,-0.60070443668510765,false
2458,23.49736,-0.60070443668510765,false
2459,23.5051481,-0.60070443668510765,false
2460,23.517156199999999,-0.60070443668510765,false
2461,23.5321748,-0.60070443668510765,false
2462,23.541195299999998,-0.60070443668510765,false
2463,23.549151299999998,-0.60070443668510765,false
2464,23.558618599999999,-0.60070443668510765,false
2465,23.567159400000001,-0.60070443668510765,false
2466,23.577292199999999,-0.60070443668510765,false
2467,23.5845278,-0.60070443668510765,false
2468,23.597102199999998,-0.60070443668510765,false
2469,23.606651899999999,-0.60070443668510765,false
2470,23.6156723,-0.60070443668510765,false
2471,23.624501800000001,-0.60070443668510765,false
2472,23.633329799999998,-0.60070443668510765,false
2473,23.641952499999999,-0.60070443668510765,false
2474,23.6489361,-0.60070443668510765,false
2475,23.659930599999999,-0.60070443668510765,false
2476,23.667279300000001,-0.60070443668510765,false
2477,23.675392500000001,-0.60070443668510765,false
2478,23.685426,-0.60070443668510765,false
2479,23.692718800000002,-0.60070443668510765,false
2480,23.702254100000001,-0.60070443668510765,false
2481,23.712025499999999,-0.60070443668510765,false
2482,23.721509000000001,-0.60070443668510765,false
2483,23.732145500000001,-0.60070443668510765,false
2484,23.742421799999999,-0.60070443668510765,false
2485,23.750175899999999,-0.60070443668510765,false
2486,23.7648224,-0.60070443668510765,false
2487,23.773262200000001,-0.60070443668510765,false
2488,23.780689299999999,-0.60070443668510765,false
2489,23.788818200000001,-0.60070443668510765,false
2490,23.798188100000001,-0.60070443668510765,false
2491,23.806043800000001,-0.60070443668510765,false
2492,23.813252500000001,-0.60070443668510765,false
2493,23.822315499999998,-0.60070443668510765,false
2494,23.835516800000001,-0.60070443668510765,false
2495,23.842800100000002,-0.60070443668510765,false
2496,23.856691300000001,-0.60070443668510765,false
2497,23.866803099999998,-0.60070443668510765,false
2498,23.876704700000001,-0.60070443668510765,false
2499,23.8843022,-0.60070443668510765,false
2500,23.899786899999999,-0.60070443668510765,false
2501,23.906802200000001,-0.60070443668510765,false
2502,23.914968099999999,-0.60070443668510765,false
2503,23.922404499999999,-0.60070443668510765,false
2504,23.935791500000001,-0.60070443668510765,false
2505,23.944368900000001,-0.60070443668510765,false
2506,23.9556237,-0.60070443668510765,false
2507,23.965837100000002,-0.60070443668510765,false
2508,23.9840637,-0.60070443668510765,false
2509,23.989659799999998,-0.60070443668510765,false
2510,24.000379299999999,-0.60070443668510765,false
2511,24.0119483,-0.60070443668510765,false
2512,24.021878600000001,-0.60070443668510765,false
2513,24.031324399999999,-0.60070443668510765,false
2514,24.042775299999999,-0.60070443668510765,false
2515,24.0568198,-0.60070443668510765,false
2516,24.0649251,-0.60070443668510765,false
2517,24.071126499999998,-0.60070443668510765,false
2518,24.0788449,-0.60070443668510765,false
2519,24.087774899999999,-0.60070443668510765,false
2520,24.096331500000002,-0.60070443668510765,false
2521,24.1077735,-0.60070443668510765,false
2522,24.119025799999999,-0.60070443668510765,false
2523,24.125874799999998,-0.60070443668510765,false
2524,24.139149700000001,-0.60070443668510765,false
2525,24.153320000000001,-0.60070443668510765,false
2526,24.166628800000002,-0.60070443668510765,false
2527,24.18309,-0.60070443668510765,false
2528,24.190831299999999,-0.60070443668510765,false
2529,24.1999855,-0.60070443668510765,false
2530,24.208724199999999,-0.60070443668510765,false
2531,24.222301399999999,-0.60070443668510765,false
2532,24.2417199,-0.60070443668510765,false
2533,24.248445799999999,-0.60070443668510765,false
2534,24.258005099999998,-0.60070443668510765,false
2535,24.267463800000002,-0.60070443668510765,false
2536,24.2771109,-0.60070443668510765,false
2537,24.287739599999998,-0.60070443668510765,false
2538,24.297710899999998,-0.60070443668510765,false
2539,24.304554199999998,-0.60070443668510765,false
2540,24.311201799999999,-0.60070443668510765,false
2541,24.3193932,-0.60070443668510765,false
2542,24.326613900000002,-0.60070443668510765,false
2543,24.3382465,-0.60070443668510765,false
2544,24.348837400000001,-0.60070443668510765,false
2545,24.3607896,-0.60070443668510765,false
2546,24.368594000000002,-0.60070443668510765,false
2547,24.382224399999998,-0.60070443668510765,false
2548,24.392257799999999,-0.60070443668510765,false
2549,24.4005312,-0.60070443668510765,false
2550,24.4098018,-0.60070443668510765,false
2551,24.421620799999999,-0.60070443668510765,false
2552,24.430954,-0.60070443668510765,false
2553,24.439920699999998,-0.60070443668510765,false
2554,24.451148700000001,-0.60070443668510765,false
2555,24.4624256,-0.60070443668510765,false
2556,24.4707732,-0.60070443668510765,false
2557,24.476963999999999,-0.60070443668510765,false
2558,24.488763800000001,-0.60070443668510765,false
2559,24.495871099999999,-0.60070443668510765,false
2560,24.505759000000001,-0.60070443668510765,false
2561,24.512210899999999,-0.60070443668510765,false
2562,24.5199076,-0.60070443668510765,false
2563,24.527896299999998,-0.60070443668510765,false
2564,24.5384852,-0.60070443668510765,false
2565,24.546880300000002,-0.60070443668510765,false
2566,24.552916400000001,-0.60070443668510765,false
2567,24.5630472,-0.60070443668510765,false
2568,24.5743355,-0.60070443668510765,false
2569,24.581101100000001,-0.60070443668510765,false
2570,24.58888,-0.60070443668510765,false
2571,24.598846500000001,-0.60070443668510765,false
2572,24.6078467,-0.60070443668510765,false
2573,24.6214309,-0.60070443668510765,false
2574,24.6300627,-0.60070443668510765,false
2575,24.6422679,-0.60070443668510765,false
2576,24.6532433,-0.60070443668510765,false
2577,24.6594178,-0.60070443668510765,false
2578,24.670785800000001,-0.60070443668510765,false
2579,24.677187799999999,-0.60070443668510765,false
2580,24.6833706,-0.60070443668510765,false
2581,24.702316700000001,-0.60070443668510765,false
2582,24.711164400000001,-0.60070443668510765,false
2583,24.724483200000002,-0.60070443668510765,false
2584,24.7353342,-0.60070443668510765,false
2585,24.7410684,-0.60070443668510765,false
2586,24.748365,-0.60070443668510765,false
2587,24.7614166,-0.60070443668510765,false
2588,24.770000700000001,-0.60070443668510765,false
2589,24.782843400000001,-0.60070443668510765,false
2590,24.792840600000002,-0.60070443668510765,false
2591,24.802304100000001,-0.60070443668510765,false
2592,24.813430100000001,-0.60070443668510765,false
2593,24.819628000000002,-0.60070443668510765,false
2594,24.8312864,-0.60070443668510765,false
2595,24.8385921,-0.60070443668510765,false
2596,24.8598955,-0.60070443668510765,false
2597,24.866973699999999,-0.60070443668510765,false
2598,24.8751623,-0.60070443668510765,false
2599,24.883983400000002,-0.60070443668510765,false
2600,24.894038699999999,-0.60070443668510765,false
2601,24.901816799999999,-0.60070443668510765,false
2602,24.911019499999998,-0.60070443668510765,false
2603,24.919906300000001,-0.60070443668510765,false
2604,24.9362092,-0.60070443668510765,false
2605,24.945186400000001,-0.60070443668510765,false
2606,24.953608800000001,-0.60070443668510765,false
2607,24.9612242,-0.60070443668510765,false
2608,24.976502400000001,-0.60070443668510765,false
2609,24.9857452,-0.60070443668510765,false
2610,24.998905600000001,-0.60070443668510765,false
2611,25.008344099999999,-0.60070443668510765,false
2612,25.020447900000001,-0.60070443668510765,false
2613,25.030161100000001,-0.60070443668510765,false
2614,25.0392747,-0.60070443668510765,false
2615,25.049369299999999,-0.60070443668510765,false
2616,25.060447700000001,-0.60070443668510765,false
2617,25.0708105,-0.60070443668510765,false
2618,25.075602499999999,-0.60070443668510765,false
2619,25.084727399999998,-0.60070443668510765,false
2620,25.096101600000001,-0.60070443668510765,false
2621,25.1105421,-0.60070443668510765,false
2622,25.120346999999999,-0.60070443668510765,false
2623,25.124974999999999,-0.60070443668510765,false
2624,25.135124099999999,-0.60070443668510765,false
2625,25.142786000000001,-0.60070443668510765,false
2626,25.1538456,-0.60070443668510765,false
2627,25.159248399999999,-0.60070443668510765,false
2628,25.169851600000001,-0.60070443668510765,false
2629,25.1849685,-0.60070443668510765,false
2630,25.195058499999998,-0.60070443668510765,false
2631,25.204353600000001,-0.60070443668510765,false
2632,25.218497899999999,-0.60070443668510765,false
2633,25.229186299999999,-0.60070443668510765,false
2634,25.237195799999999,-0.60070443668510765,false
2635,25.247129000000001,-0.60070443668510765,false
2636,25.256519999999998,-0.60070443668510765,false
2637,25.268920000000001,-0.60070443668510765,false
2638,25.276700399999999,-0.60070443668510765,false
2639,25.285051299999999,-0.60070443668510765,false
2640,25.2942383,-0.60070443668510765,false
2641,25.304297900000002,-0.60070443668510765,false
2642,25.315448,-0.60070443668510765,false
2643,25.326049999999999,-0.60070443668510765,false
2644,25.337694500000001,-0.60070443668510765,false
2645,25.350639099999999,-0.60070443668510765,false
2646,25.3598499,-0.60070443668510765,false
2647,25.371519299999999,-0.60070443668510765,false
2648,25.384901800000002,-0.60070443668510765,false
2649,25.3979985,-0.60070443668510765,false
2650,25.406646299999998,-0.60070443668510765,false
2651,25.416706699999999,-0.60070443668510765,false
2652,25.426462799999999,-0.60070443668510765,false
2653,25.437919900000001,-0.60070443668510765,false
2654,25.446837899999998,-0.60070443668510765,false
2655,25.454567699999998,-0.60070443668510765,false
2656,25.468541699999999,-0.60070443668510765,false
2657,25.481069099999999,-0.60070443668510765,false
2658,25.491192699999999,-0.60070443668510765,false
2659,25.504300400000002,-0.60070443668510765,false
2660,25.514308400000001,-0.60070443668510765,false
2661,25.527419600000002,-0.60070443668510765,false
2662,25.534268399999998,-0.60070443668510765,false
2663,25.5426781,-0.60070443668510765,false
2664,25.5592823,-0.60070443668510765,false
2665,25.567679399999999,-0.60070443668510765,false
2666,25.580158300000001,-0.60070443668510765,false
2667,25.5900392,-0.60070443668510765,false
2668,25.599448899999999,-0.60070443668510765,false
2669,25.616864899999999,-0.60070443668510765,false
2670,25.630899200000002,-0.60070443668510765,false
2671,25.639557,-0.60070443668510765,false
2672,25.6508146,-0.60070443668510765,false
2673,25.663043800000001,-0.60070443668510765,false
2674,25.683569800000001,-0.60070443668510765,false
2675,25.695852899999998,-0.60070443668510765,false
2676,25.710843700000002,-0.60070443668510765,false
2677,25.720781899999999,-0.60070443668510765,false
2678,25.732947599999999,-0.60070443668510765,false
2679,25.743214300000002,-0.60070443668510765,false
2680,25.7557255,-0.60070443668510765,false
2681,25.771857799999999,-0.60070443668510765,false
2682,25.781459399999999,-0.60070443668510765,false
2683,25.790354199999999,-0.60070443668510765,false
2684,25.802723799999999,-0.60070443668510765,false
2685,25.8156471,-0.60070443668510765,false
2686,25.826474399999999,-0.60070443668510765,false
2687,25.835664099999999,-0.60070443668510765,false
2688,25.844715900000001,-0.60070443668510765,false
2689,25.850228699999999,-0.60070443668510765,false
2690,25.8596276,-0.60070443668510765,false
2691,25.864466100000001,-0.60070443668510765,false
2692,25.870573,-0.60070443668510765,false
2693,25.879557299999998,-0.60070443668510765,false
2694,25.893894199999998,-0.60070443668510765,false
2695,25.912549500000001,-0.60070443668510765,false
2696,25.922921599999999,-0.60070443668510765,false
2697,25.934301999999999,-0.60070443668510765,false
2698,25.948483800000002,-0.60070443668510765,false
2699,25.9656515,-0.60070443668510765,false
2700,25.973992200000001,-0.60070443668510765,false
2701,25.985470299999999,-0.60070443668510765,false
2702,25.993680300000001,-0.60070443668510765,false
2703,26.005036100000002,-0.60070443668510765,false
2704,26.013466900000001,-0.60070443668510765,false
2705,26.0209583,-0.60070443668510765,false
2706,26.030862500000001,-0.60070443668510765,false
2707,26.040776300000001,-0.60070443668510765,false
2708,26.049513999999999,-0.60070443668510765,false
2709,26.058295600000001,-0.60070443668510765,false
2710,26.069311800000001,-0.60070443668510765,false
2711,26.078604299999999,-0.60070443668510765,false
2712,26.0903028,-0.60070443668510765,false
2713,26.100188299999999,-0.60070443668510765,false
2714,26.109432600000002,-0.60070443668510765,false
2715,26.1219675,-0.60070443668510765,false
2716,26.130327300000001,-0.60070443668510765,false
2717,26.140204499999999,-0.60070443668510765,false
2718,26.147298299999999,-0.60070443668510765,false
2719,26.155017699999998,-0.60070443668510765,false
2720,26.164742400000002,-0.60070443668510765,false
2721,26.1774451,-0.60070443668510765,false
2722,26.185464,-0.60070443668510765,false
2723,26.191946999999999,-0.60070443668510765,false
2724,26.1988573,-0.60070443668510765,false
2725,26.2105414,-0.60070443668510765,false
2726,26.220090800000001,-0.60070443668510765,false
2727,26.229277100000001,-0.60070443668510765,false
2728,26.242105899999999,-0.60070443668510765,false
2729,26.253011099999998,-0.60070443668510765,false
2730,26.2614144,-0.60070443668510765,false
2731,26.268837600000001,-0.60070443668510765,false
2732,26.279428299999999,-0.60070443668510765,false
2733,26.288937199999999,-0.60070443668510765,false
2734,26.300273799999999,-0.60070443668510765,false
2735,26.310701600000002,-0.60070443668510765,false
2736,26.322212,-0.60070443668510765,false
2737,26.334380599999999,-0.60070443668510765,false
2738,26.345177799999998,-0.60070443668510765,false
2739,26.357734900000001,-0.60070443668510765,false
2740,26.365196600000001,-0.60070443668510765,false
2741,26.3710159,-0.60070443668510765,false
2742,26.386479999999999,-0.60070443668510765,false
2743,26.399652199999998,-0.60070443668510765,false
2744,26.407432100000001,-0.60070443668510765,false
2745,26.419766899999999,-0.60070443668510765,false
2746,26.429705800000001,-0.60070443668510765,false
2747,26.4378566,-0.60070443668510765,false
2748,26.452037000000001,-0.60070443668510765,false
2749,26.465677700000001,-0.60070443668510765,false
2750,26.475262300000001,-0.60070443668510765,false
2751,26.488987999999999,-0.60070443668510765,false
2752,26.4985964,-0.60070443668510765,false
2753,26.508250199999999,-0.60070443668510765,false
2754,26.517487599999999,-0.60070443668510765,false
2755,26.526776300000002,-0.60070443668510765,false
2756,26.536097099999999,-0.60070443668510765,false
2757,26.543018499999999,-0.60070443668510765,false
2758,26.5521885,-0.60070443668510765,false
2759,26.5595204,-0.60070443668510765,false
2760,26.573340200000001,-0.60070443668510765,false
2761,26.584259200000002,-0.60070443668510765,false
2762,26.5911458,-0.60070443668510765,false
2763,26.6062929,-0.60070443668510765,false
2764,26.613346100000001,-0.60070443668510765,false
2765,26.620861999999999,-0.60070443668510765,false
2766,26.6335166,-0.60070443668510765,false
2767,26.640059399999998,-0.60070443668510765,false
2768,26.654042100000002,-0.60070443668510765,false
2769,26.669725,-0.60070443668510765,false
2770,26.675749400000001,-0.60070443668510765,false
2771,26.681822700000001,-0.60070443668510765,false
2772,26.6876803,-0.60070443668510765,false
2773,26.6967064,-0.60070443668510765,false
2774,26.7087231,-0.60070443668510765,false
2775,26.715182800000001,-0.60070443668510765,false
2776,26.7217536,-0.60070443668510765,false
