elapsed_time,native_global_LB,native_incumbent,verified_cutoff,native_gap,node_count,open_nodes,simplex_iterations,event_source
0.017168099999999999,0,9.9999999999999993e+74,0.10725273413394144,9.9999999999999993e+74,0,1,0,global_progress
0.017280299999999998,0,9.9999999999999993e+74,0.10725273413394144,9.9999999999999993e+74,0,1,0,global_progress
1.9793467,0.0077339630292816049,9.9999999999999993e+74,0.10725273413394144,9.9999999999999993e+74,0,1,2862,global_progress
180.7072982,0.016817530107904544,9.9999999999999993e+74,0.10725273413394144,9.9999999999999993e+74,1335,997,118365,global_progress
180.71110659999999,0.016817530107904544,0,0.10725273413394144,0,1335,997,118365,solver_final
