elapsed_time,native_global_LB,native_incumbent,verified_cutoff,native_gap,node_count,open_nodes,simplex_iterations,event_source
0.0125126,0,9.9999999999999993e+74,1.7493134520506337,9.9999999999999993e+74,0,1,0,global_progress
0.012635,0,9.9999999999999993e+74,1.7493134520506337,9.9999999999999993e+74,0,1,0,global_progress
5.9825235000000001,1.4312629853487282,9.9999999999999993e+74,1.7493134520506337,9.9999999999999993e+74,0,1,13729,global_progress
273.98942290000002,1.6754628971369627,9.9999999999999993e+74,1.7493134520506337,9.9999999999999993e+74,2120,1235,1097918,global_progress
273.99001679999998,1.6754628971369627,0,1.7493134520506337,0,2120,1235,1097918,solver_final
