elapsed_time,native_global_LB,native_incumbent,verified_cutoff,native_gap,node_count,open_nodes,simplex_iterations,event_source
0.0132047,0,9.9999999999999993e+74,1.7493134520506337,9.9999999999999993e+74,0,1,0,global_progress
0.013314299999999999,0,9.9999999999999993e+74,1.7493134520506337,9.9999999999999993e+74,0,1,0,global_progress
3.2400446000000001,1.3860197691885767,9.9999999999999993e+74,1.7493134520506337,9.9999999999999993e+74,0,1,5730,global_progress
10.009115100000001,1.5929602116237016,9.9999999999999993e+74,1.7493134520506337,9.9999999999999993e+74,19,20,18446,global_progress
10.009562900000001,1.5929602116237016,0,1.7493134520506337,0,19,20,18446,solver_final
