elapsed_time,native_global_LB,native_incumbent,verified_cutoff,native_gap,node_count,open_nodes,simplex_iterations,event_source
0.018877700000000001,0,9.9999999999999993e+74,0.10725273413394144,9.9999999999999993e+74,0,1,0,global_progress
0.018980899999999998,0,9.9999999999999993e+74,0.10725273413394144,9.9999999999999993e+74,0,1,0,global_progress
1.932768,0.0077339630292816049,9.9999999999999993e+74,0.10725273413394144,9.9999999999999993e+74,0,1,2862,global_progress
40.0138429,0.016815168046661656,9.9999999999999993e+74,0.10725273413394144,9.9999999999999993e+74,1415,1088,159827,global_progress
40.014342300000003,0.016815168046661656,0,0.10725273413394144,0,1415,1088,159827,solver_final
