process_elapsed_seconds,exact_phase_elapsed_seconds,event_type,active_leaf,active_leaf_valid_lower_bound,other_open_leaf_min_valid_lower_bound,valid_global_lower_bound,verified_global_upper_bound,open_relevant_leaf_count,closed_relevant_leaf_count,event_source
0.014691600000000001,0.0106404,"exact_tree_initialization","",0,,0,1.7576833851330294,4,0,"initial_exact_interval_cover"
0.2118091,0.20775769999999999,"parent_lp_completion","L0",0,0.23749999999999999,0,1.7576833851330294,4,0,"complete_parent_lp_infeasible"
0.2119849,0.2079337,"infeasible_closure","L0",,0.23749999999999999,0.23749999999999999,1.7576833851330294,3,1,"complete_parent_lp_infeasible"
0.62632149999999998,0.62226999999999999,"parent_lp_completion","L1",1.6362929161051667,0.47499999999999998,0.47499999999999998,1.7576833851330294,3,1,"complete_parent_lp_optimal"
0.62634880000000004,0.62229760000000001,"parent_lp_requeue","L1",1.6362929161051667,0.47499999999999998,0.47499999999999998,1.7576833851330294,3,1,"c6_selected_leaf_no_longer_controlling"
0.99351060000000002,0.98945899999999998,"parent_lp_completion","L2",1.5823276849906986,0.71249999999999991,0.71249999999999991,1.7576833851330294,3,1,"complete_parent_lp_optimal"
0.99353429999999998,0.989483,"parent_lp_requeue","L2",1.5823276849906986,0.71249999999999991,0.71249999999999991,1.7576833851330294,3,1,"c6_selected_leaf_no_longer_controlling"
1.1970909000000001,1.1930395,"parent_lp_completion","L3",0.71249999999999991,1.5823276849906986,0.71249999999999991,1.7576833851330294,3,1,"complete_parent_lp_infeasible"
1.1972083,1.1931571000000001,"infeasible_closure","L3",,1.5823276849906986,1.5823276849906986,1.7576833851330294,2,2,"complete_parent_lp_infeasible"
1.4224606,1.4184093999999998,"native_root_processing_bound","L2",1.5823276849906986,1.6362929161051667,1.5823276849906986,1.7576833851330294,2,2,"gurobi_cb_mip_objbnd_valid_native_bound"
1.6321554,1.6281041999999999,"native_root_processing_bound","L2",1.5910832428427297,1.6362929161051667,1.5910832428427297,1.7576833851330294,2,2,"gurobi_cb_mip_objbnd_valid_native_bound"
1.8045736000000001,1.8005224,"native_root_processing_bound","L2",1.6274728583017612,1.6362929161051667,1.6274728583017612,1.7576833851330294,2,2,"gurobi_cb_mip_objbnd_valid_native_bound"
2.5705489000000004,2.5664977000000002,"next_leaf_native_bound_target","L2",1.6593370125225471,1.6362929161051667,1.6362929161051667,1.7576833851330294,2,2,"gurobi_cb_mip_objbnd_valid_native_bound"
2.5838576999999998,2.5798062000000002,"next_leaf_native_bound_target","L2",1.6593370125225471,1.6362929161051667,1.6362929161051667,1.7576833851330294,2,2,"c6_next_strict_frontier_bound_reached_requeue"
2.8000640999999997,2.7960129,"native_root_processing_bound","L1",1.6362929161051667,1.6593370125225471,1.6362929161051667,1.7576833851330294,2,2,"gurobi_cb_mip_objbnd_valid_native_bound"
3.0387651,3.0347139000000003,"native_root_processing_bound","L1",1.6530609830623435,1.6593370125225471,1.6530609830623435,1.7576833851330294,2,2,"gurobi_cb_mip_objbnd_valid_native_bound"
3.4563537000000002,3.4523024000000002,"infeasible_closure","L1",,1.6593370125225471,1.6593370125225471,1.7576833851330294,1,3,"c6_native_target_phase_exact_closure"
3.8267972000000001,3.8227459000000001,"child_lp_completion","L2.0",1.6593370125225471,1.6593370125225471,1.6593370125225471,1.7576833851330294,1,3,"complete_speculative_child_lp_optimal"
4.163354,4.1593024999999999,"child_lp_completion","L2.1",1.687208633801452,1.6593370125225471,1.6593370125225471,1.7576833851330294,1,3,"complete_speculative_child_lp_optimal"
4.1636455000000003,4.1595943000000002,"declined_split","L2",1.6593370125225471,,1.6593370125225471,1.7576833851330294,1,3,"c6_current_child_gain_not_strict_exact_closure"
4.1688782,4.1648269999999998,"native_root_processing_bound","L2",1.6593370125225471,,1.6593370125225471,1.7576833851330294,1,3,"gurobi_cb_mip_objbnd_valid_native_bound"
4.7289854,4.7249341999999999,"native_root_processing_bound","L2",1.6597783934234891,,1.6597783934234891,1.7576833851330294,1,3,"gurobi_cb_mip_objbnd_valid_native_bound"
5.1888182,5.1847669999999999,"native_root_processing_bound","L2",1.6640398739486688,,1.6640398739486688,1.7576833851330294,1,3,"gurobi_cb_mip_objbnd_valid_native_bound"
5.2514830000000003,5.2474317999999993,"native_root_processing_bound","L2",1.6641007139458273,,1.6641007139458273,1.7576833851330294,1,3,"gurobi_cb_mip_objbnd_valid_native_bound"
5.3189343000000004,5.3148830999999994,"native_root_processing_bound","L2",1.6646146070264005,,1.6646146070264005,1.7576833851330294,1,3,"gurobi_cb_mip_objbnd_valid_native_bound"
5.8917465999999994,5.8876954000000001,"native_root_processing_bound","L2",1.6712603232738816,,1.6712603232738816,1.7576833851330294,1,3,"gurobi_cb_mip_objbnd_valid_native_bound"
6.2392749999999992,6.2352238,"native_root_processing_bound","L2",1.6730927206769688,,1.6730927206769688,1.7576833851330294,1,3,"gurobi_cb_mip_objbnd_valid_native_bound"
6.8645052999999994,6.8604541000000001,"native_root_processing_bound","L2",1.6776488428035212,,1.6776488428035212,1.7576833851330294,1,3,"gurobi_cb_mip_objbnd_valid_native_bound"
6.9221503000000002,6.9180990999999992,"native_root_processing_bound","L2",1.6778779619090036,,1.6778779619090036,1.7576833851330294,1,3,"gurobi_cb_mip_objbnd_valid_native_bound"
7.0625157000000005,7.0584644999999995,"native_root_processing_bound","L2",1.6779602296297038,,1.6779602296297038,1.7576833851330294,1,3,"gurobi_cb_mip_objbnd_valid_native_bound"
7.5524016999999999,7.5483504999999997,"native_root_processing_bound","L2",1.679861111921465,,1.679861111921465,1.7576833851330294,1,3,"gurobi_cb_mip_objbnd_valid_native_bound"
7.6076414000000003,7.6035901999999993,"native_root_processing_bound","L2",1.6798856799463733,,1.6798856799463733,1.7576833851330294,1,3,"gurobi_cb_mip_objbnd_valid_native_bound"
7.9167647999999993,7.9127136,"native_root_processing_bound","L2",1.6799418962708583,,1.6799418962708583,1.7576833851330294,1,3,"gurobi_cb_mip_objbnd_valid_native_bound"
8.5081728999999999,8.5041216999999989,"native_root_processing_bound","L2",1.6814098364413435,,1.6814098364413435,1.7576833851330294,1,3,"gurobi_cb_mip_objbnd_valid_native_bound"
8.8095274999999997,8.8054762999999987,"native_root_processing_bound","L2",1.6816258103218487,,1.6816258103218487,1.7576833851330294,1,3,"gurobi_cb_mip_objbnd_valid_native_bound"
9.2368275000000004,9.2327762999999994,"native_root_processing_bound","L2",1.6821166460317765,,1.6821166460317765,1.7576833851330294,1,3,"gurobi_cb_mip_objbnd_valid_native_bound"
9.3946919999999992,9.3906407999999999,"native_root_processing_bound","L2",1.6822913923793812,,1.6822913923793812,1.7576833851330294,1,3,"gurobi_cb_mip_objbnd_valid_native_bound"
9.8265510999999996,9.8224999000000004,"native_root_processing_bound","L2",1.6828050444508666,,1.6828050444508666,1.7576833851330294,1,3,"gurobi_cb_mip_objbnd_valid_native_bound"
10.0488651,10.044813899999999,"native_root_processing_bound","L2",1.6828522763042844,,1.6828522763042844,1.7576833851330294,1,3,"gurobi_cb_mip_objbnd_valid_native_bound"
10.4370473,10.4329961,"native_root_processing_bound","L2",1.6830191554910743,,1.6830191554910743,1.7576833851330294,1,3,"gurobi_cb_mip_objbnd_valid_native_bound"
10.548473699999999,10.5444225,"native_root_processing_bound","L2",1.6830548753646053,,1.6830548753646053,1.7576833851330294,1,3,"gurobi_cb_mip_objbnd_valid_native_bound"
11.0740996,11.070048400000001,"native_root_processing_bound","L2",1.6831006626464273,,1.6831006626464273,1.7576833851330294,1,3,"gurobi_cb_mip_objbnd_valid_native_bound"
11.1542966,11.150245399999999,"native_root_processing_bound","L2",1.6831123971341655,,1.6831123971341655,1.7576833851330294,1,3,"gurobi_cb_mip_objbnd_valid_native_bound"
11.6289623,11.624911099999998,"native_root_processing_bound","L2",1.6831430868904222,,1.6831430868904222,1.7576833851330294,1,3,"gurobi_cb_mip_objbnd_valid_native_bound"
12.7756121,12.771560900000001,"native_root_processing_bound","L2",1.6831453624661277,,1.6831453624661277,1.7576833851330294,1,3,"gurobi_cb_mip_objbnd_valid_native_bound"
13.2244686,13.220417399999999,"terminal_mip_bound_improvement","L2",1.683324412000168,,1.683324412000168,1.7576833851330294,1,3,"gurobi_cb_mip_objbnd_valid_native_bound"
13.800679799999999,13.796628599999998,"terminal_mip_bound_improvement","L2",1.6840372920431907,,1.6840372920431907,1.7576833851330294,1,3,"gurobi_cb_mip_objbnd_valid_native_bound"
13.8311279,13.827076699999999,"terminal_mip_bound_improvement","L2",1.6840527369135432,,1.6840527369135432,1.7576833851330294,1,3,"gurobi_cb_mip_objbnd_valid_native_bound"
14.090488499999999,14.0864373,"terminal_mip_bound_improvement","L2",1.684078926558396,,1.684078926558396,1.7576833851330294,1,3,"gurobi_cb_mip_objbnd_valid_native_bound"
24.571639699999999,24.567588499999999,"terminal_mip_bound_improvement","L2",1.6845902380004156,,1.6845902380004156,1.7576833851330294,1,3,"gurobi_cb_mip_objbnd_valid_native_bound"
27.056504400000001,27.052453199999999,"terminal_mip_bound_improvement","L2",1.6846864930325498,,1.6846864930325498,1.7576833851330294,1,3,"gurobi_cb_mip_objbnd_valid_native_bound"
28.147322699999997,28.143271499999997,"terminal_mip_bound_improvement","L2",1.6848048963700399,,1.6848048963700399,1.7576833851330294,1,3,"gurobi_cb_mip_objbnd_valid_native_bound"
29.728573500000003,29.7245223,"terminal_mip_bound_improvement","L2",1.6848229427673782,,1.6848229427673782,1.7576833851330294,1,3,"gurobi_cb_mip_objbnd_valid_native_bound"
31.010430399999997,31.006379199999998,"terminal_mip_bound_improvement","L2",1.6848356618752631,,1.6848356618752631,1.7576833851330294,1,3,"gurobi_cb_mip_objbnd_valid_native_bound"
31.891161699999998,31.887110499999999,"terminal_mip_bound_improvement","L2",1.6848675632617789,,1.6848675632617789,1.7576833851330294,1,3,"gurobi_cb_mip_objbnd_valid_native_bound"
45.499169500000001,45.495118300000001,"terminal_mip_bound_improvement","L2",1.6862408344524289,,1.6862408344524289,1.7576833851330294,1,3,"gurobi_cb_mip_objbnd_valid_native_bound"
45.632633599999998,45.628582399999999,"terminal_mip_bound_improvement","L2",1.6864055534616949,,1.6864055534616949,1.7576833851330294,1,3,"gurobi_cb_mip_objbnd_valid_native_bound"
45.831863999999996,45.827812799999997,"terminal_mip_bound_improvement","L2",1.6869373173792386,,1.6869373173792386,1.7576833851330294,1,3,"gurobi_cb_mip_objbnd_valid_native_bound"
49.4214828,49.4174316,"terminal_mip_bound_improvement","L2",1.6888233766649243,,1.6888233766649243,1.7576833851330294,1,3,"gurobi_cb_mip_objbnd_valid_native_bound"
49.6179919,49.613940700000001,"terminal_mip_bound_improvement","L2",1.6888931704347243,,1.6888931704347243,1.7576833851330294,1,3,"gurobi_cb_mip_objbnd_valid_native_bound"
49.766163299999995,49.762112099999996,"terminal_mip_bound_improvement","L2",1.6891353841596126,,1.6891353841596126,1.7576833851330294,1,3,"gurobi_cb_mip_objbnd_valid_native_bound"
52.559806399999999,52.5557552,"terminal_mip_bound_improvement","L2",1.6934532764532835,,1.6934532764532835,1.7576833851330294,1,3,"gurobi_cb_mip_objbnd_valid_native_bound"
52.660532599999996,52.656481399999997,"terminal_mip_bound_improvement","L2",1.6934560245814263,,1.6934560245814263,1.7576833851330294,1,3,"gurobi_cb_mip_objbnd_valid_native_bound"
52.965065500000001,52.961014300000002,"terminal_mip_bound_improvement","L2",1.6939442047251483,,1.6939442047251483,1.7576833851330294,1,3,"gurobi_cb_mip_objbnd_valid_native_bound"
54.680910599999997,54.676859399999998,"terminal_mip_bound_improvement","L2",1.6952675246268825,,1.6952675246268825,1.7576833851330294,1,3,"gurobi_cb_mip_objbnd_valid_native_bound"
54.923470399999999,54.9194192,"terminal_mip_bound_improvement","L2",1.6953284063307881,,1.6953284063307881,1.7576833851330294,1,3,"gurobi_cb_mip_objbnd_valid_native_bound"
55.146001299999995,55.141950099999995,"terminal_mip_bound_improvement","L2",1.6961578541214737,,1.6961578541214737,1.7576833851330294,1,3,"gurobi_cb_mip_objbnd_valid_native_bound"
56.603083599999998,56.599032399999999,"terminal_mip_bound_improvement","L2",1.6973975246704975,,1.6973975246704975,1.7576833851330294,1,3,"gurobi_cb_mip_objbnd_valid_native_bound"
56.726419,56.722367800000001,"terminal_mip_bound_improvement","L2",1.6974187140943271,,1.6974187140943271,1.7576833851330294,1,3,"gurobi_cb_mip_objbnd_valid_native_bound"
57.057424499999996,57.053373299999997,"terminal_mip_bound_improvement","L2",1.6979031751496048,,1.6979031751496048,1.7576833851330294,1,3,"gurobi_cb_mip_objbnd_valid_native_bound"
58.7439611,58.739909900000001,"terminal_mip_bound_improvement","L2",1.6986558877282434,,1.6986558877282434,1.7576833851330294,1,3,"gurobi_cb_mip_objbnd_valid_native_bound"
58.924804799999997,58.920753599999998,"terminal_mip_bound_improvement","L2",1.6986751874862371,,1.6986751874862371,1.7576833851330294,1,3,"gurobi_cb_mip_objbnd_valid_native_bound"
59.143346000000001,59.139294800000002,"terminal_mip_bound_improvement","L2",1.6988976671513616,,1.6988976671513616,1.7576833851330294,1,3,"gurobi_cb_mip_objbnd_valid_native_bound"
60.779786600000001,60.775735400000002,"terminal_mip_bound_improvement","L2",1.6994541110436361,,1.6994541110436361,1.7576833851330294,1,3,"gurobi_cb_mip_objbnd_valid_native_bound"
60.870555899999999,60.8665047,"terminal_mip_bound_improvement","L2",1.6995080625182866,,1.6995080625182866,1.7576833851330294,1,3,"gurobi_cb_mip_objbnd_valid_native_bound"
61.063199499999996,61.059148299999997,"terminal_mip_bound_improvement","L2",1.6999112808265886,,1.6999112808265886,1.7576833851330294,1,3,"gurobi_cb_mip_objbnd_valid_native_bound"
62.4643473,62.460296100000001,"terminal_mip_bound_improvement","L2",1.7017026792148842,,1.7017026792148842,1.7576833851330294,1,3,"gurobi_cb_mip_objbnd_valid_native_bound"
62.636781200000001,62.632730000000002,"terminal_mip_bound_improvement","L2",1.7017117154364829,,1.7017117154364829,1.7576833851330294,1,3,"gurobi_cb_mip_objbnd_valid_native_bound"
63.069227399999995,63.065176199999996,"terminal_mip_bound_improvement","L2",1.7019497535894732,,1.7019497535894732,1.7576833851330294,1,3,"gurobi_cb_mip_objbnd_valid_native_bound"
64.232895999999997,64.228844800000005,"terminal_mip_bound_improvement","L2",1.7022273805853263,,1.7022273805853263,1.7576833851330294,1,3,"gurobi_cb_mip_objbnd_valid_native_bound"
64.630224299999995,64.626173100000003,"terminal_mip_bound_improvement","L2",1.702298768106391,,1.702298768106391,1.7576833851330294,1,3,"gurobi_cb_mip_objbnd_valid_native_bound"
66.050360400000002,66.046309199999996,"terminal_mip_bound_improvement","L2",1.7029826316502883,,1.7029826316502883,1.7576833851330294,1,3,"gurobi_cb_mip_objbnd_valid_native_bound"
66.302476900000002,66.298425699999996,"terminal_mip_bound_improvement","L2",1.7030008108063783,,1.7030008108063783,1.7576833851330294,1,3,"gurobi_cb_mip_objbnd_valid_native_bound"
66.650689799999995,66.646638600000003,"terminal_mip_bound_improvement","L2",1.7030382844870169,,1.7030382844870169,1.7576833851330294,1,3,"gurobi_cb_mip_objbnd_valid_native_bound"
67.045755100000008,67.041703900000002,"terminal_mip_bound_improvement","L2",1.7031323220294416,,1.7031323220294416,1.7576833851330294,1,3,"gurobi_cb_mip_objbnd_valid_native_bound"
67.182528200000007,67.178477000000001,"terminal_mip_bound_improvement","L2",1.7031524567518048,,1.7031524567518048,1.7576833851330294,1,3,"gurobi_cb_mip_objbnd_valid_native_bound"
67.283309299999999,67.279258100000007,"terminal_mip_bound_improvement","L2",1.7031734445524236,,1.7031734445524236,1.7576833851330294,1,3,"gurobi_cb_mip_objbnd_valid_native_bound"
67.926507200000003,67.922455999999997,"terminal_mip_bound_improvement","L2",1.7031813907857707,,1.7031813907857707,1.7576833851330294,1,3,"gurobi_cb_mip_objbnd_valid_native_bound"
68.23312030000001,68.229069100000004,"terminal_mip_bound_improvement","L2",1.7031939187795528,,1.7031939187795528,1.7576833851330294,1,3,"gurobi_cb_mip_objbnd_valid_native_bound"
68.448317700000004,68.444266499999998,"terminal_mip_bound_improvement","L2",1.7032121570747205,,1.7032121570747205,1.7576833851330294,1,3,"gurobi_cb_mip_objbnd_valid_native_bound"
68.828861000000003,68.824809799999997,"terminal_mip_bound_improvement","L2",1.7032274435082952,,1.7032274435082952,1.7576833851330294,1,3,"gurobi_cb_mip_objbnd_valid_native_bound"
69.070928200000012,69.066877000000005,"terminal_mip_bound_improvement","L2",1.7032411842430804,,1.7032411842430804,1.7576833851330294,1,3,"gurobi_cb_mip_objbnd_valid_native_bound"
69.828099100000003,69.824047899999997,"terminal_mip_bound_improvement","L2",1.7032686022245707,,1.7032686022245707,1.7576833851330294,1,3,"gurobi_cb_mip_objbnd_valid_native_bound"
70.004099700000012,70.000048500000005,"terminal_mip_bound_improvement","L2",1.7032748950665622,,1.7032748950665622,1.7576833851330294,1,3,"gurobi_cb_mip_objbnd_valid_native_bound"
70.06022870000001,70.056177500000004,"terminal_mip_bound_improvement","L2",1.7033632805040486,,1.7033632805040486,1.7576833851330294,1,3,"gurobi_cb_mip_objbnd_valid_native_bound"
70.603872600000003,70.599821399999996,"terminal_mip_bound_improvement","L2",1.7034255260209266,,1.7034255260209266,1.7576833851330294,1,3,"gurobi_cb_mip_objbnd_valid_native_bound"
70.744469899999999,70.740418699999992,"terminal_mip_bound_improvement","L2",1.703444582947885,,1.703444582947885,1.7576833851330294,1,3,"gurobi_cb_mip_objbnd_valid_native_bound"
71.647948800000009,71.643897600000003,"terminal_mip_bound_improvement","L2",1.7034514247658574,,1.7034514247658574,1.7576833851330294,1,3,"gurobi_cb_mip_objbnd_valid_native_bound"
86.416476700000004,86.412425499999998,"terminal_mip_bound_improvement","L2",1.7034555105468823,,1.7034555105468823,1.7576833851330294,1,3,"gurobi_cb_mip_objbnd_valid_native_bound"
90.271882900000008,90.267831700000002,"terminal_mip_bound_improvement","L2",1.7035503657233997,,1.7035503657233997,1.7576833851330294,1,3,"gurobi_cb_mip_objbnd_valid_native_bound"
90.451184100000006,90.4471329,"terminal_mip_bound_improvement","L2",1.7035671784602828,,1.7035671784602828,1.7576833851330294,1,3,"gurobi_cb_mip_objbnd_valid_native_bound"
90.701574900000011,90.697523700000005,"terminal_mip_bound_improvement","L2",1.7035771802801525,,1.7035771802801525,1.7576833851330294,1,3,"gurobi_cb_mip_objbnd_valid_native_bound"
92.67084220000001,92.666791000000003,"terminal_mip_bound_improvement","L2",1.7036225022572675,,1.7036225022572675,1.7576833851330294,1,3,"gurobi_cb_mip_objbnd_valid_native_bound"
92.832570200000006,92.828519,"terminal_mip_bound_improvement","L2",1.7037460643116047,,1.7037460643116047,1.7576833851330294,1,3,"gurobi_cb_mip_objbnd_valid_native_bound"
94.829078800000005,94.825027599999999,"terminal_mip_bound_improvement","L2",1.7037553423631686,,1.7037553423631686,1.7576833851330294,1,3,"gurobi_cb_mip_objbnd_valid_native_bound"
96.219262300000011,96.215211100000005,"terminal_mip_bound_improvement","L2",1.7037876949209139,,1.7037876949209139,1.7576833851330294,1,3,"gurobi_cb_mip_objbnd_valid_native_bound"
96.293043699999998,96.288992499999992,"terminal_mip_bound_improvement","L2",1.7037936910599745,,1.7037936910599745,1.7576833851330294,1,3,"gurobi_cb_mip_objbnd_valid_native_bound"
96.410123100000007,96.406071900000001,"terminal_mip_bound_improvement","L2",1.703802164790635,,1.703802164790635,1.7576833851330294,1,3,"gurobi_cb_mip_objbnd_valid_native_bound"
97.967000600000006,97.962949399999999,"terminal_mip_bound_improvement","L2",1.7038866275022013,,1.7038866275022013,1.7576833851330294,1,3,"gurobi_cb_mip_objbnd_valid_native_bound"
100.16962190000001,100.1655707,"terminal_mip_bound_improvement","L2",1.7039453563302389,,1.7039453563302389,1.7576833851330294,1,3,"gurobi_cb_mip_objbnd_valid_native_bound"
100.2718079,100.26775669999999,"terminal_mip_bound_improvement","L2",1.7039553842731936,,1.7039553842731936,1.7576833851330294,1,3,"gurobi_cb_mip_objbnd_valid_native_bound"
100.31082290000001,100.3067717,"terminal_mip_bound_improvement","L2",1.7039556442731263,,1.7039556442731263,1.7576833851330294,1,3,"gurobi_cb_mip_objbnd_valid_native_bound"
101.57937430000001,101.57532310000001,"terminal_mip_bound_improvement","L2",1.7040042134139604,,1.7040042134139604,1.7576833851330294,1,3,"gurobi_cb_mip_objbnd_valid_native_bound"
105.185401,105.18134979999999,"terminal_mip_bound_improvement","L2",1.7040321588497973,,1.7040321588497973,1.7576833851330294,1,3,"gurobi_cb_mip_objbnd_valid_native_bound"
105.2609515,105.2569003,"terminal_mip_bound_improvement","L2",1.7040535856362555,,1.7040535856362555,1.7576833851330294,1,3,"gurobi_cb_mip_objbnd_valid_native_bound"
121.69056540000001,121.6865142,"terminal_mip_bound_improvement","L2",1.7040545010168471,,1.7040545010168471,1.7576833851330294,1,3,"gurobi_cb_mip_objbnd_valid_native_bound"
139.15733129999998,139.15328009999999,"terminal_mip_bound_improvement","L2",1.7046278665211241,,1.7046278665211241,1.7576833851330294,1,3,"gurobi_cb_mip_objbnd_valid_native_bound"
140.6858522,140.68180100000001,"terminal_mip_bound_improvement","L2",1.7065278753261144,,1.7065278753261144,1.7576833851330294,1,3,"gurobi_cb_mip_objbnd_valid_native_bound"
143.4494923,143.44544110000001,"terminal_mip_bound_improvement","L2",1.706528426864713,,1.706528426864713,1.7576833851330294,1,3,"gurobi_cb_mip_objbnd_valid_native_bound"
148.78428159999999,148.78023039999999,"terminal_mip_bound_improvement","L2",1.7073171414259565,,1.7073171414259565,1.7576833851330294,1,3,"gurobi_cb_mip_objbnd_valid_native_bound"
154.48197529999999,154.4779241,"terminal_mip_bound_improvement","L2",1.7073377094983648,,1.7073377094983648,1.7576833851330294,1,3,"gurobi_cb_mip_objbnd_valid_native_bound"
159.85630759999998,159.85225639999999,"terminal_mip_bound_improvement","L2",1.7085299818783253,,1.7085299818783253,1.7576833851330294,1,3,"gurobi_cb_mip_objbnd_valid_native_bound"
165.4851099,165.48105870000001,"terminal_mip_bound_improvement","L2",1.7094882813860355,,1.7094882813860355,1.7576833851330294,1,3,"gurobi_cb_mip_objbnd_valid_native_bound"
165.6518035,165.64775230000001,"terminal_mip_bound_improvement","L2",1.7095079594329878,,1.7095079594329878,1.7576833851330294,1,3,"gurobi_cb_mip_objbnd_valid_native_bound"
168.656262,168.65221080000001,"terminal_mip_bound_improvement","L2",1.7108958264458674,,1.7108958264458674,1.7576833851330294,1,3,"gurobi_cb_mip_objbnd_valid_native_bound"
172.44308939999999,172.4390382,"terminal_mip_bound_improvement","L2",1.7108959920124316,,1.7108959920124316,1.7576833851330294,1,3,"gurobi_cb_mip_objbnd_valid_native_bound"
172.80730889999998,172.80325769999999,"terminal_mip_bound_improvement","L2",1.7118892786396538,,1.7118892786396538,1.7576833851330294,1,3,"gurobi_cb_mip_objbnd_valid_native_bound"
176.43136999999999,176.42731879999999,"terminal_mip_bound_improvement","L2",1.714300434566002,,1.714300434566002,1.7576833851330294,1,3,"gurobi_cb_mip_objbnd_valid_native_bound"
179.12769520000001,179.12364400000001,"terminal_mip_bound_improvement","L2",1.7150303698788028,,1.7150303698788028,1.7576833851330294,1,3,"gurobi_cb_mip_objbnd_valid_native_bound"
181.00842489999999,181.0043737,"terminal_mip_bound_improvement","L2",1.7156014726285402,,1.7156014726285402,1.7576833851330294,1,3,"gurobi_cb_mip_objbnd_valid_native_bound"
181.79134309999998,181.78729189999999,"terminal_mip_bound_improvement","L2",1.7156427112161239,,1.7156427112161239,1.7576833851330294,1,3,"gurobi_cb_mip_objbnd_valid_native_bound"
181.91098399999998,181.90693279999999,"terminal_mip_bound_improvement","L2",1.7159773112445007,,1.7159773112445007,1.7576833851330294,1,3,"gurobi_cb_mip_objbnd_valid_native_bound"
182.65188369999998,182.64783249999999,"terminal_mip_bound_improvement","L2",1.7169583975512759,,1.7169583975512759,1.7576833851330294,1,3,"gurobi_cb_mip_objbnd_valid_native_bound"
183.1710051,183.16695390000001,"terminal_mip_bound_improvement","L2",1.7173040640465316,,1.7173040640465316,1.7576833851330294,1,3,"gurobi_cb_mip_objbnd_valid_native_bound"
183.79361949999998,183.78956829999998,"terminal_mip_bound_improvement","L2",1.7178450101039797,,1.7178450101039797,1.7576833851330294,1,3,"gurobi_cb_mip_objbnd_valid_native_bound"
184.55406769999999,184.5500165,"terminal_mip_bound_improvement","L2",1.7178933562420318,,1.7178933562420318,1.7576833851330294,1,3,"gurobi_cb_mip_objbnd_valid_native_bound"
184.6513583,184.64730710000001,"terminal_mip_bound_improvement","L2",1.7182417353474111,,1.7182417353474111,1.7576833851330294,1,3,"gurobi_cb_mip_objbnd_valid_native_bound"
184.9805183,184.97646710000001,"terminal_mip_bound_improvement","L2",1.7184091154327967,,1.7184091154327967,1.7576833851330294,1,3,"gurobi_cb_mip_objbnd_valid_native_bound"
185.399216,185.3951648,"terminal_mip_bound_improvement","L2",1.7191618477892165,,1.7191618477892165,1.7576833851330294,1,3,"gurobi_cb_mip_objbnd_valid_native_bound"
185.482077,185.47802580000001,"terminal_mip_bound_improvement","L2",1.7192496447385377,,1.7192496447385377,1.7576833851330294,1,3,"gurobi_cb_mip_objbnd_valid_native_bound"
186.18726569999998,186.18321449999999,"terminal_mip_bound_improvement","L2",1.7195291414905036,,1.7195291414905036,1.7576833851330294,1,3,"gurobi_cb_mip_objbnd_valid_native_bound"
186.2475608,186.24350960000001,"terminal_mip_bound_improvement","L2",1.7197877272061952,,1.7197877272061952,1.7576833851330294,1,3,"gurobi_cb_mip_objbnd_valid_native_bound"
186.7056015,186.70155030000001,"terminal_mip_bound_improvement","L2",1.7198039998718497,,1.7198039998718497,1.7576833851330294,1,3,"gurobi_cb_mip_objbnd_valid_native_bound"
186.9747016,186.97065040000001,"terminal_mip_bound_improvement","L2",1.7206136175666149,,1.7206136175666149,1.7576833851330294,1,3,"gurobi_cb_mip_objbnd_valid_native_bound"
187.07930059999998,187.07524939999999,"terminal_mip_bound_improvement","L2",1.7207398194418657,,1.7207398194418657,1.7576833851330294,1,3,"gurobi_cb_mip_objbnd_valid_native_bound"
187.79118629999999,187.7871351,"terminal_mip_bound_improvement","L2",1.7209439628045868,,1.7209439628045868,1.7576833851330294,1,3,"gurobi_cb_mip_objbnd_valid_native_bound"
187.90592379999998,187.90187259999999,"terminal_mip_bound_improvement","L2",1.7209590585676322,,1.7209590585676322,1.7576833851330294,1,3,"gurobi_cb_mip_objbnd_valid_native_bound"
188.22338359999998,188.21933239999998,"terminal_mip_bound_improvement","L2",1.7211694778184317,,1.7211694778184317,1.7576833851330294,1,3,"gurobi_cb_mip_objbnd_valid_native_bound"
188.77303599999999,188.7689848,"terminal_mip_bound_improvement","L2",1.7214171058677357,,1.7214171058677357,1.7576833851330294,1,3,"gurobi_cb_mip_objbnd_valid_native_bound"
189.2041456,189.20009440000001,"terminal_mip_bound_improvement","L2",1.7215125426011637,,1.7215125426011637,1.7576833851330294,1,3,"gurobi_cb_mip_objbnd_valid_native_bound"
189.86947079999999,189.8654196,"terminal_mip_bound_improvement","L2",1.7215258138137157,,1.7215258138137157,1.7576833851330294,1,3,"gurobi_cb_mip_objbnd_valid_native_bound"
189.88959359999998,189.88554239999999,"terminal_mip_bound_improvement","L2",1.721563648949566,,1.721563648949566,1.7576833851330294,1,3,"gurobi_cb_mip_objbnd_valid_native_bound"
190.4690248,190.46497360000001,"terminal_mip_bound_improvement","L2",1.7215655540003652,,1.7215655540003652,1.7576833851330294,1,3,"gurobi_cb_mip_objbnd_valid_native_bound"
190.51544529999998,190.51139409999999,"terminal_mip_bound_improvement","L2",1.7215783609236155,,1.7215783609236155,1.7576833851330294,1,3,"gurobi_cb_mip_objbnd_valid_native_bound"
191.30357359999999,191.2995224,"terminal_mip_bound_improvement","L2",1.7217537152405611,,1.7217537152405611,1.7576833851330294,1,3,"gurobi_cb_mip_objbnd_valid_native_bound"
192.08701929999998,192.08296809999999,"terminal_mip_bound_improvement","L2",1.7225274892471469,,1.7225274892471469,1.7576833851330294,1,3,"gurobi_cb_mip_objbnd_valid_native_bound"
192.468459,192.4644078,"terminal_mip_bound_improvement","L2",1.7225606294621447,,1.7225606294621447,1.7576833851330294,1,3,"gurobi_cb_mip_objbnd_valid_native_bound"
192.6871275,192.68307630000001,"terminal_mip_bound_improvement","L2",1.7233818960483733,,1.7233818960483733,1.7576833851330294,1,3,"gurobi_cb_mip_objbnd_valid_native_bound"
193.2541822,193.25013100000001,"terminal_mip_bound_improvement","L2",1.7234233622627262,,1.7234233622627262,1.7576833851330294,1,3,"gurobi_cb_mip_objbnd_valid_native_bound"
193.76374269999999,193.7596915,"terminal_mip_bound_improvement","L2",1.723444653307278,,1.723444653307278,1.7576833851330294,1,3,"gurobi_cb_mip_objbnd_valid_native_bound"
194.09434779999998,194.09029659999999,"terminal_mip_bound_improvement","L2",1.7237735079683036,,1.7237735079683036,1.7576833851330294,1,3,"gurobi_cb_mip_objbnd_valid_native_bound"
194.3853853,194.3813341,"terminal_mip_bound_improvement","L2",1.7243029520909106,,1.7243029520909106,1.7576833851330294,1,3,"gurobi_cb_mip_objbnd_valid_native_bound"
194.45626849999999,194.4522173,"terminal_mip_bound_improvement","L2",1.7243753764764147,,1.7243753764764147,1.7576833851330294,1,3,"gurobi_cb_mip_objbnd_valid_native_bound"
194.6543265,194.6502753,"terminal_mip_bound_improvement","L2",1.7245833064850598,,1.7245833064850598,1.7576833851330294,1,3,"gurobi_cb_mip_objbnd_valid_native_bound"
194.73236470000001,194.72831350000001,"terminal_mip_bound_improvement","L2",1.7246015554924992,,1.7246015554924992,1.7576833851330294,1,3,"gurobi_cb_mip_objbnd_valid_native_bound"
195.2819902,195.277939,"terminal_mip_bound_improvement","L2",1.7246828560553138,,1.7246828560553138,1.7576833851330294,1,3,"gurobi_cb_mip_objbnd_valid_native_bound"
195.5533552,195.54930400000001,"terminal_mip_bound_improvement","L2",1.7247869242440399,,1.7247869242440399,1.7576833851330294,1,3,"gurobi_cb_mip_objbnd_valid_native_bound"
195.77244479999999,195.7683936,"terminal_mip_bound_improvement","L2",1.7247875808219011,,1.7247875808219011,1.7576833851330294,1,3,"gurobi_cb_mip_objbnd_valid_native_bound"
196.13209229999998,196.12804109999999,"terminal_mip_bound_improvement","L2",1.7249120940185381,,1.7249120940185381,1.7576833851330294,1,3,"gurobi_cb_mip_objbnd_valid_native_bound"
197.83315239999999,197.8291012,"terminal_mip_bound_improvement","L2",1.7249952784719604,,1.7249952784719604,1.7576833851330294,1,3,"gurobi_cb_mip_objbnd_valid_native_bound"
198.50681849999998,198.50276729999999,"terminal_mip_bound_improvement","L2",1.7250468531856218,,1.7250468531856218,1.7576833851330294,1,3,"gurobi_cb_mip_objbnd_valid_native_bound"
198.6952436,198.69119240000001,"terminal_mip_bound_improvement","L2",1.7253305880474454,,1.7253305880474454,1.7576833851330294,1,3,"gurobi_cb_mip_objbnd_valid_native_bound"
199.1826581,199.17860690000001,"terminal_mip_bound_improvement","L2",1.7254872537406569,,1.7254872537406569,1.7576833851330294,1,3,"gurobi_cb_mip_objbnd_valid_native_bound"
199.25619459999999,199.25214339999999,"terminal_mip_bound_improvement","L2",1.7255653435339053,,1.7255653435339053,1.7576833851330294,1,3,"gurobi_cb_mip_objbnd_valid_native_bound"
200.1262815,200.12223030000001,"terminal_mip_bound_improvement","L2",1.7255662196382537,,1.7255662196382537,1.7576833851330294,1,3,"gurobi_cb_mip_objbnd_valid_native_bound"
200.22969309999999,200.2256419,"terminal_mip_bound_improvement","L2",1.7257244082800955,,1.7257244082800955,1.7576833851330294,1,3,"gurobi_cb_mip_objbnd_valid_native_bound"
200.74401609999998,200.73996489999999,"terminal_mip_bound_improvement","L2",1.7257281057356071,,1.7257281057356071,1.7576833851330294,1,3,"gurobi_cb_mip_objbnd_valid_native_bound"
201.12234459999999,201.1182934,"terminal_mip_bound_improvement","L2",1.725758617146931,,1.725758617146931,1.7576833851330294,1,3,"gurobi_cb_mip_objbnd_valid_native_bound"
201.5002087,201.49615750000001,"terminal_mip_bound_improvement","L2",1.7257695027776261,,1.7257695027776261,1.7576833851330294,1,3,"gurobi_cb_mip_objbnd_valid_native_bound"
201.93246859999999,201.9284174,"terminal_mip_bound_improvement","L2",1.7257812073598076,,1.7257812073598076,1.7576833851330294,1,3,"gurobi_cb_mip_objbnd_valid_native_bound"
202.42399699999999,202.41994579999999,"terminal_mip_bound_improvement","L2",1.7258740576910554,,1.7258740576910554,1.7576833851330294,1,3,"gurobi_cb_mip_objbnd_valid_native_bound"
202.6565564,202.65250520000001,"terminal_mip_bound_improvement","L2",1.7259075307284386,,1.7259075307284386,1.7576833851330294,1,3,"gurobi_cb_mip_objbnd_valid_native_bound"
203.0672161,203.0631649,"terminal_mip_bound_improvement","L2",1.7259733086324807,,1.7259733086324807,1.7576833851330294,1,3,"gurobi_cb_mip_objbnd_valid_native_bound"
203.26362749999998,203.25957629999999,"terminal_mip_bound_improvement","L2",1.7262191321688065,,1.7262191321688065,1.7576833851330294,1,3,"gurobi_cb_mip_objbnd_valid_native_bound"
204.36952479999999,204.3654736,"terminal_mip_bound_improvement","L2",1.7263436383852895,,1.7263436383852895,1.7576833851330294,1,3,"gurobi_cb_mip_objbnd_valid_native_bound"
204.7863352,204.782284,"terminal_mip_bound_improvement","L2",1.7266676050269691,,1.7266676050269691,1.7576833851330294,1,3,"gurobi_cb_mip_objbnd_valid_native_bound"
204.97425769999998,204.97020649999999,"terminal_mip_bound_improvement","L2",1.7267687999593997,,1.7267687999593997,1.7576833851330294,1,3,"gurobi_cb_mip_objbnd_valid_native_bound"
205.73980879999999,205.7357576,"terminal_mip_bound_improvement","L2",1.7270667166394558,,1.7270667166394558,1.7576833851330294,1,3,"gurobi_cb_mip_objbnd_valid_native_bound"
205.74937629999999,205.7453251,"terminal_mip_bound_improvement","L2",1.727190869103389,,1.727190869103389,1.7576833851330294,1,3,"gurobi_cb_mip_objbnd_valid_native_bound"
206.19833889999998,206.19428769999999,"terminal_mip_bound_improvement","L2",1.7272126148091682,,1.7272126148091682,1.7576833851330294,1,3,"gurobi_cb_mip_objbnd_valid_native_bound"
206.62136419999999,206.617313,"terminal_mip_bound_improvement","L2",1.7272748452330913,,1.7272748452330913,1.7576833851330294,1,3,"gurobi_cb_mip_objbnd_valid_native_bound"
206.77364,206.76958880000001,"terminal_mip_bound_improvement","L2",1.7274152507819704,,1.7274152507819704,1.7576833851330294,1,3,"gurobi_cb_mip_objbnd_valid_native_bound"
206.8165132,206.81246200000001,"terminal_mip_bound_improvement","L2",1.7274243260268132,,1.7274243260268132,1.7576833851330294,1,3,"gurobi_cb_mip_objbnd_valid_native_bound"
207.04752049999999,207.0434693,"terminal_mip_bound_improvement","L2",1.727482191378116,,1.727482191378116,1.7576833851330294,1,3,"gurobi_cb_mip_objbnd_valid_native_bound"
207.46712249999999,207.4630713,"terminal_mip_bound_improvement","L2",1.7275744646854305,,1.7275744646854305,1.7576833851330294,1,3,"gurobi_cb_mip_objbnd_valid_native_bound"
207.467996,207.46394480000001,"terminal_mip_bound_improvement","L2",1.7277161086753157,,1.7277161086753157,1.7576833851330294,1,3,"gurobi_cb_mip_objbnd_valid_native_bound"
207.80227059999999,207.79821939999999,"terminal_mip_bound_improvement","L2",1.7277211294602441,,1.7277211294602441,1.7576833851330294,1,3,"gurobi_cb_mip_objbnd_valid_native_bound"
208.7197534,208.71570220000001,"terminal_mip_bound_improvement","L2",1.7277679737253044,,1.7277679737253044,1.7576833851330294,1,3,"gurobi_cb_mip_objbnd_valid_native_bound"
209.13321819999999,209.129167,"terminal_mip_bound_improvement","L2",1.7277994879773408,,1.7277994879773408,1.7576833851330294,1,3,"gurobi_cb_mip_objbnd_valid_native_bound"
209.85651329999999,209.8524621,"terminal_mip_bound_improvement","L2",1.7278302700211097,,1.7278302700211097,1.7576833851330294,1,3,"gurobi_cb_mip_objbnd_valid_native_bound"
210.08164359999998,210.07759239999999,"terminal_mip_bound_improvement","L2",1.7280869682482412,,1.7280869682482412,1.7576833851330294,1,3,"gurobi_cb_mip_objbnd_valid_native_bound"
210.477146,210.47309480000001,"terminal_mip_bound_improvement","L2",1.7281526259410369,,1.7281526259410369,1.7576833851330294,1,3,"gurobi_cb_mip_objbnd_valid_native_bound"
211.06571,211.0616588,"terminal_mip_bound_improvement","L2",1.7281695255058682,,1.7281695255058682,1.7576833851330294,1,3,"gurobi_cb_mip_objbnd_valid_native_bound"
211.3049297,211.30087850000001,"terminal_mip_bound_improvement","L2",1.7283597676683136,,1.7283597676683136,1.7576833851330294,1,3,"gurobi_cb_mip_objbnd_valid_native_bound"
211.4555608,211.45150960000001,"terminal_mip_bound_improvement","L2",1.7284076913486763,,1.7284076913486763,1.7576833851330294,1,3,"gurobi_cb_mip_objbnd_valid_native_bound"
211.46166779999999,211.45761659999999,"terminal_mip_bound_improvement","L2",1.7289849542327234,,1.7289849542327234,1.7576833851330294,1,3,"gurobi_cb_mip_objbnd_valid_native_bound"
211.53431599999999,211.5302648,"terminal_mip_bound_improvement","L2",1.7290249891508591,,1.7290249891508591,1.7576833851330294,1,3,"gurobi_cb_mip_objbnd_valid_native_bound"
211.55247589999999,211.5484247,"terminal_mip_bound_improvement","L2",1.729090381101134,,1.729090381101134,1.7576833851330294,1,3,"gurobi_cb_mip_objbnd_valid_native_bound"
211.92701029999998,211.92295909999999,"terminal_mip_bound_improvement","L2",1.7291831881486128,,1.7291831881486128,1.7576833851330294,1,3,"gurobi_cb_mip_objbnd_valid_native_bound"
212.05580039999998,212.05174919999999,"terminal_mip_bound_improvement","L2",1.729212577655193,,1.729212577655193,1.7576833851330294,1,3,"gurobi_cb_mip_objbnd_valid_native_bound"
212.093952,212.08990080000001,"terminal_mip_bound_improvement","L2",1.7292201515516279,,1.7292201515516279,1.7576833851330294,1,3,"gurobi_cb_mip_objbnd_valid_native_bound"
212.2205673,212.21651610000001,"terminal_mip_bound_improvement","L2",1.7292560028028641,,1.7292560028028641,1.7576833851330294,1,3,"gurobi_cb_mip_objbnd_valid_native_bound"
212.22461079999999,212.2205596,"terminal_mip_bound_improvement","L2",1.7293420477810322,,1.7293420477810322,1.7576833851330294,1,3,"gurobi_cb_mip_objbnd_valid_native_bound"
212.8907725,212.8867213,"terminal_mip_bound_improvement","L2",1.7293550932705142,,1.7293550932705142,1.7576833851330294,1,3,"gurobi_cb_mip_objbnd_valid_native_bound"
213.5040539,213.50000270000001,"terminal_mip_bound_improvement","L2",1.7293672855980793,,1.7293672855980793,1.7576833851330294,1,3,"gurobi_cb_mip_objbnd_valid_native_bound"
213.855987,213.85193580000001,"terminal_mip_bound_improvement","L2",1.7295682565950325,,1.7295682565950325,1.7576833851330294,1,3,"gurobi_cb_mip_objbnd_valid_native_bound"
214.15665299999998,214.15260179999999,"terminal_mip_bound_improvement","L2",1.7295771099109059,,1.7295771099109059,1.7576833851330294,1,3,"gurobi_cb_mip_objbnd_valid_native_bound"
214.5704795,214.56642830000001,"terminal_mip_bound_improvement","L2",1.7295796915662331,,1.7295796915662331,1.7576833851330294,1,3,"gurobi_cb_mip_objbnd_valid_native_bound"
214.7213965,214.71734530000001,"terminal_mip_bound_improvement","L2",1.7298059983382661,,1.7298059983382661,1.7576833851330294,1,3,"gurobi_cb_mip_objbnd_valid_native_bound"
215.95792499999999,215.9538738,"terminal_mip_bound_improvement","L2",1.7298769726618053,,1.7298769726618053,1.7576833851330294,1,3,"gurobi_cb_mip_objbnd_valid_native_bound"
216.40054719999998,216.39649599999998,"terminal_mip_bound_improvement","L2",1.7298787148396928,,1.7298787148396928,1.7576833851330294,1,3,"gurobi_cb_mip_objbnd_valid_native_bound"
216.51056269999998,216.50651149999999,"terminal_mip_bound_improvement","L2",1.7299096440061066,,1.7299096440061066,1.7576833851330294,1,3,"gurobi_cb_mip_objbnd_valid_native_bound"
216.5674343,216.56338310000001,"terminal_mip_bound_improvement","L2",1.7299216204993075,,1.7299216204993075,1.7576833851330294,1,3,"gurobi_cb_mip_objbnd_valid_native_bound"
216.59107330000001,216.58702210000001,"terminal_mip_bound_improvement","L2",1.729964287020463,,1.729964287020463,1.7576833851330294,1,3,"gurobi_cb_mip_objbnd_valid_native_bound"
216.73503779999999,216.73098659999999,"terminal_mip_bound_improvement","L2",1.730004187080995,,1.730004187080995,1.7576833851330294,1,3,"gurobi_cb_mip_objbnd_valid_native_bound"
216.7541956,216.75014440000001,"terminal_mip_bound_improvement","L2",1.7300470342760734,,1.7300470342760734,1.7576833851330294,1,3,"gurobi_cb_mip_objbnd_valid_native_bound"
217.19999189999999,217.19594069999999,"terminal_mip_bound_improvement","L2",1.730321283237874,,1.730321283237874,1.7576833851330294,1,3,"gurobi_cb_mip_objbnd_valid_native_bound"
217.44124649999998,217.43719529999998,"terminal_mip_bound_improvement","L2",1.7303373450462873,,1.7303373450462873,1.7576833851330294,1,3,"gurobi_cb_mip_objbnd_valid_native_bound"
217.4992992,217.495248,"terminal_mip_bound_improvement","L2",1.7305466467140544,,1.7305466467140544,1.7576833851330294,1,3,"gurobi_cb_mip_objbnd_valid_native_bound"
217.55519419999999,217.551143,"terminal_mip_bound_improvement","L2",1.7307119583149175,,1.7307119583149175,1.7576833851330294,1,3,"gurobi_cb_mip_objbnd_valid_native_bound"
217.59816279999998,217.59411159999999,"terminal_mip_bound_improvement","L2",1.7307537846188483,,1.7307537846188483,1.7576833851330294,1,3,"gurobi_cb_mip_objbnd_valid_native_bound"
217.66155639999999,217.6575052,"terminal_mip_bound_improvement","L2",1.7307904519687838,,1.7307904519687838,1.7576833851330294,1,3,"gurobi_cb_mip_objbnd_valid_native_bound"
217.66599739999998,217.66194619999999,"terminal_mip_bound_improvement","L2",1.7308155946717398,,1.7308155946717398,1.7576833851330294,1,3,"gurobi_cb_mip_objbnd_valid_native_bound"
218.04486969999999,218.0408185,"terminal_mip_bound_improvement","L2",1.7308409048729487,,1.7308409048729487,1.7576833851330294,1,3,"gurobi_cb_mip_objbnd_valid_native_bound"
218.14782459999998,218.14377339999999,"terminal_mip_bound_improvement","L2",1.7308704706845139,,1.7308704706845139,1.7576833851330294,1,3,"gurobi_cb_mip_objbnd_valid_native_bound"
218.15998949999999,218.1559383,"terminal_mip_bound_improvement","L2",1.7309183963503423,,1.7309183963503423,1.7576833851330294,1,3,"gurobi_cb_mip_objbnd_valid_native_bound"
218.4997122,218.49566100000001,"terminal_mip_bound_improvement","L2",1.7310696545449473,,1.7310696545449473,1.7576833851330294,1,3,"gurobi_cb_mip_objbnd_valid_native_bound"
218.75053649999998,218.74648529999999,"terminal_mip_bound_improvement","L2",1.7311651185456238,,1.7311651185456238,1.7576833851330294,1,3,"gurobi_cb_mip_objbnd_valid_native_bound"
218.84569189999999,218.8416407,"terminal_mip_bound_improvement","L2",1.7313170076866431,,1.7313170076866431,1.7576833851330294,1,3,"gurobi_cb_mip_objbnd_valid_native_bound"
219.34571939999998,219.34166819999999,"terminal_mip_bound_improvement","L2",1.7314308857235892,,1.7314308857235892,1.7576833851330294,1,3,"gurobi_cb_mip_objbnd_valid_native_bound"
219.3466976,219.34264640000001,"terminal_mip_bound_improvement","L2",1.7315201721728459,,1.7315201721728459,1.7576833851330294,1,3,"gurobi_cb_mip_objbnd_valid_native_bound"
219.5406921,219.53664090000001,"terminal_mip_bound_improvement","L2",1.7316278668360405,,1.7316278668360405,1.7576833851330294,1,3,"gurobi_cb_mip_objbnd_valid_native_bound"
219.6203726,219.6163214,"terminal_mip_bound_improvement","L2",1.7316462242428305,,1.7316462242428305,1.7576833851330294,1,3,"gurobi_cb_mip_objbnd_valid_native_bound"
219.91883139999999,219.9147802,"terminal_mip_bound_improvement","L2",1.7319079888616056,,1.7319079888616056,1.7576833851330294,1,3,"gurobi_cb_mip_objbnd_valid_native_bound"
220.31598389999999,220.3119327,"terminal_mip_bound_improvement","L2",1.7320074749918304,,1.7320074749918304,1.7576833851330294,1,3,"gurobi_cb_mip_objbnd_valid_native_bound"
220.32025809999999,220.3162069,"terminal_mip_bound_improvement","L2",1.732032877478888,,1.732032877478888,1.7576833851330294,1,3,"gurobi_cb_mip_objbnd_valid_native_bound"
220.51799109999999,220.5139399,"terminal_mip_bound_improvement","L2",1.7320907962737375,,1.7320907962737375,1.7576833851330294,1,3,"gurobi_cb_mip_objbnd_valid_native_bound"
220.53806760000001,220.53401640000001,"terminal_mip_bound_improvement","L2",1.7321222217515739,,1.7321222217515739,1.7576833851330294,1,3,"gurobi_cb_mip_objbnd_valid_native_bound"
220.777682,220.77363080000001,"terminal_mip_bound_improvement","L2",1.7323833955839651,,1.7323833955839651,1.7576833851330294,1,3,"gurobi_cb_mip_objbnd_valid_native_bound"
220.91253329999998,220.90848209999999,"terminal_mip_bound_improvement","L2",1.732506456520305,,1.732506456520305,1.7576833851330294,1,3,"gurobi_cb_mip_objbnd_valid_native_bound"
221.3521269,221.34807570000001,"terminal_mip_bound_improvement","L2",1.732573842912535,,1.732573842912535,1.7576833851330294,1,3,"gurobi_cb_mip_objbnd_valid_native_bound"
221.51821289999998,221.51416169999999,"terminal_mip_bound_improvement","L2",1.7326997366125803,,1.7326997366125803,1.7576833851330294,1,3,"gurobi_cb_mip_objbnd_valid_native_bound"
221.55835529999999,221.5543041,"terminal_mip_bound_improvement","L2",1.7327801871262345,,1.7327801871262345,1.7576833851330294,1,3,"gurobi_cb_mip_objbnd_valid_native_bound"
221.89194929999999,221.8878981,"terminal_mip_bound_improvement","L2",1.7327980932001514,,1.7327980932001514,1.7576833851330294,1,3,"gurobi_cb_mip_objbnd_valid_native_bound"
221.9452971,221.94124590000001,"terminal_mip_bound_improvement","L2",1.7328261396395399,,1.7328261396395399,1.7576833851330294,1,3,"gurobi_cb_mip_objbnd_valid_native_bound"
222.05362769999999,222.0495765,"terminal_mip_bound_improvement","L2",1.7328708600197011,,1.7328708600197011,1.7576833851330294,1,3,"gurobi_cb_mip_objbnd_valid_native_bound"
222.46832029999999,222.4642691,"terminal_mip_bound_improvement","L2",1.7329705983603649,,1.7329705983603649,1.7576833851330294,1,3,"gurobi_cb_mip_objbnd_valid_native_bound"
222.4699445,222.4658933,"terminal_mip_bound_improvement","L2",1.7329721649192846,,1.7329721649192846,1.7576833851330294,1,3,"gurobi_cb_mip_objbnd_valid_native_bound"
222.68764210000001,222.68359090000001,"terminal_mip_bound_improvement","L2",1.7330265236722635,,1.7330265236722635,1.7576833851330294,1,3,"gurobi_cb_mip_objbnd_valid_native_bound"
222.9298211,222.92576990000001,"terminal_mip_bound_improvement","L2",1.7331012010793614,,1.7331012010793614,1.7576833851330294,1,3,"gurobi_cb_mip_objbnd_valid_native_bound"
223.05736759999999,223.0533164,"terminal_mip_bound_improvement","L2",1.7331564733877372,,1.7331564733877372,1.7576833851330294,1,3,"gurobi_cb_mip_objbnd_valid_native_bound"
223.0585585,223.05450730000001,"terminal_mip_bound_improvement","L2",1.7331972372315589,,1.7331972372315589,1.7576833851330294,1,3,"gurobi_cb_mip_objbnd_valid_native_bound"
223.26478039999998,223.26072919999999,"terminal_mip_bound_improvement","L2",1.7332235112296281,,1.7332235112296281,1.7576833851330294,1,3,"gurobi_cb_mip_objbnd_valid_native_bound"
223.26632519999998,223.26227399999999,"terminal_mip_bound_improvement","L2",1.7333666045964919,,1.7333666045964919,1.7576833851330294,1,3,"gurobi_cb_mip_objbnd_valid_native_bound"
223.43276739999999,223.4287162,"terminal_mip_bound_improvement","L2",1.733374119181214,,1.733374119181214,1.7576833851330294,1,3,"gurobi_cb_mip_objbnd_valid_native_bound"
223.59723069999998,223.59317949999999,"terminal_mip_bound_improvement","L2",1.7334090406264726,,1.7334090406264726,1.7576833851330294,1,3,"gurobi_cb_mip_objbnd_valid_native_bound"
223.67820749999998,223.67415629999999,"terminal_mip_bound_improvement","L2",1.733421777313459,,1.733421777313459,1.7576833851330294,1,3,"gurobi_cb_mip_objbnd_valid_native_bound"
223.71106599999999,223.7070148,"terminal_mip_bound_improvement","L2",1.7334335476831526,,1.7334335476831526,1.7576833851330294,1,3,"gurobi_cb_mip_objbnd_valid_native_bound"
223.9650949,223.9610437,"terminal_mip_bound_improvement","L2",1.7334568636904528,,1.7334568636904528,1.7576833851330294,1,3,"gurobi_cb_mip_objbnd_valid_native_bound"
223.96608599999999,223.9620348,"terminal_mip_bound_improvement","L2",1.7335266065729029,,1.7335266065729029,1.7576833851330294,1,3,"gurobi_cb_mip_objbnd_valid_native_bound"
224.02408779999999,224.0200366,"terminal_mip_bound_improvement","L2",1.733672446235061,,1.733672446235061,1.7576833851330294,1,3,"gurobi_cb_mip_objbnd_valid_native_bound"
224.0251858,224.02113460000001,"terminal_mip_bound_improvement","L2",1.7337267627360977,,1.7337267627360977,1.7576833851330294,1,3,"gurobi_cb_mip_objbnd_valid_native_bound"
224.09230669999999,224.0882555,"terminal_mip_bound_improvement","L2",1.7337757568734642,,1.7337757568734642,1.7576833851330294,1,3,"gurobi_cb_mip_objbnd_valid_native_bound"
224.18088729999999,224.1768361,"terminal_mip_bound_improvement","L2",1.7339841564119614,,1.7339841564119614,1.7576833851330294,1,3,"gurobi_cb_mip_objbnd_valid_native_bound"
224.5105361,224.5064849,"terminal_mip_bound_improvement","L2",1.7339900496407437,,1.7339900496407437,1.7576833851330294,1,3,"gurobi_cb_mip_objbnd_valid_native_bound"
224.80056329999999,224.7965121,"terminal_mip_bound_improvement","L2",1.734014660715981,,1.734014660715981,1.7576833851330294,1,3,"gurobi_cb_mip_objbnd_valid_native_bound"
224.89286099999998,224.88880979999999,"terminal_mip_bound_improvement","L2",1.7341213404409481,,1.7341213404409481,1.7576833851330294,1,3,"gurobi_cb_mip_objbnd_valid_native_bound"
224.8937406,224.88968940000001,"terminal_mip_bound_improvement","L2",1.7341239886641422,,1.7341239886641422,1.7576833851330294,1,3,"gurobi_cb_mip_objbnd_valid_native_bound"
224.89767229999998,224.89362109999999,"terminal_mip_bound_improvement","L2",1.7341305049061562,,1.7341305049061562,1.7576833851330294,1,3,"gurobi_cb_mip_objbnd_valid_native_bound"
225.0297487,225.02569750000001,"terminal_mip_bound_improvement","L2",1.7341749477068593,,1.7341749477068593,1.7576833851330294,1,3,"gurobi_cb_mip_objbnd_valid_native_bound"
225.03595969999998,225.03190849999999,"terminal_mip_bound_improvement","L2",1.7341855457177784,,1.7341855457177784,1.7576833851330294,1,3,"gurobi_cb_mip_objbnd_valid_native_bound"
225.63594169999999,225.6318905,"terminal_mip_bound_improvement","L2",1.7341995375198056,,1.7341995375198056,1.7576833851330294,1,3,"gurobi_cb_mip_objbnd_valid_native_bound"
225.7174703,225.71341910000001,"terminal_mip_bound_improvement","L2",1.7342366615251237,,1.7342366615251237,1.7576833851330294,1,3,"gurobi_cb_mip_objbnd_valid_native_bound"
225.72704099999999,225.72298979999999,"terminal_mip_bound_improvement","L2",1.734632433838379,,1.734632433838379,1.7576833851330294,1,3,"gurobi_cb_mip_objbnd_valid_native_bound"
225.8334735,225.8294223,"terminal_mip_bound_improvement","L2",1.7346635399214843,,1.7346635399214843,1.7576833851330294,1,3,"gurobi_cb_mip_objbnd_valid_native_bound"
225.8411351,225.83708390000001,"terminal_mip_bound_improvement","L2",1.7347680094661404,,1.7347680094661404,1.7576833851330294,1,3,"gurobi_cb_mip_objbnd_valid_native_bound"
226.0551715,226.05112030000001,"terminal_mip_bound_improvement","L2",1.7347845051890147,,1.7347845051890147,1.7576833851330294,1,3,"gurobi_cb_mip_objbnd_valid_native_bound"
226.3050212,226.30097000000001,"terminal_mip_bound_improvement","L2",1.734846078932021,,1.734846078932021,1.7576833851330294,1,3,"gurobi_cb_mip_objbnd_valid_native_bound"
226.48221139999998,226.47816019999999,"terminal_mip_bound_improvement","L2",1.7349850316537792,,1.7349850316537792,1.7576833851330294,1,3,"gurobi_cb_mip_objbnd_valid_native_bound"
226.6285724,226.6245212,"terminal_mip_bound_improvement","L2",1.7350556355445321,,1.7350556355445321,1.7576833851330294,1,3,"gurobi_cb_mip_objbnd_valid_native_bound"
226.66716539999999,226.6631142,"terminal_mip_bound_improvement","L2",1.735127610737867,,1.735127610737867,1.7576833851330294,1,3,"gurobi_cb_mip_objbnd_valid_native_bound"
226.72016819999999,226.716117,"terminal_mip_bound_improvement","L2",1.7352192211884483,,1.7352192211884483,1.7576833851330294,1,3,"gurobi_cb_mip_objbnd_valid_native_bound"
226.84774249999998,226.84369129999999,"terminal_mip_bound_improvement","L2",1.7352278654161351,,1.7352278654161351,1.7576833851330294,1,3,"gurobi_cb_mip_objbnd_valid_native_bound"
226.9515858,226.94753460000001,"terminal_mip_bound_improvement","L2",1.7352571825837493,,1.7352571825837493,1.7576833851330294,1,3,"gurobi_cb_mip_objbnd_valid_native_bound"
226.97028879999999,226.9662376,"terminal_mip_bound_improvement","L2",1.7352675517993092,,1.7352675517993092,1.7576833851330294,1,3,"gurobi_cb_mip_objbnd_valid_native_bound"
226.9764457,226.97239450000001,"terminal_mip_bound_improvement","L2",1.735281643549017,,1.735281643549017,1.7576833851330294,1,3,"gurobi_cb_mip_objbnd_valid_native_bound"
227.2436611,227.2396099,"terminal_mip_bound_improvement","L2",1.7353955994959209,,1.7353955994959209,1.7576833851330294,1,3,"gurobi_cb_mip_objbnd_valid_native_bound"
227.458212,227.45416080000001,"terminal_mip_bound_improvement","L2",1.7354203189365163,,1.7354203189365163,1.7576833851330294,1,3,"gurobi_cb_mip_objbnd_valid_native_bound"
227.67239139999998,227.66834019999999,"terminal_mip_bound_improvement","L2",1.7354463230851871,,1.7354463230851871,1.7576833851330294,1,3,"gurobi_cb_mip_objbnd_valid_native_bound"
227.6961843,227.69213310000001,"terminal_mip_bound_improvement","L2",1.7355673680016359,,1.7355673680016359,1.7576833851330294,1,3,"gurobi_cb_mip_objbnd_valid_native_bound"
227.72155999999998,227.71750879999999,"terminal_mip_bound_improvement","L2",1.7356067557513257,,1.7356067557513257,1.7576833851330294,1,3,"gurobi_cb_mip_objbnd_valid_native_bound"
227.85037449999999,227.84632329999999,"terminal_mip_bound_improvement","L2",1.7356812289994645,,1.7356812289994645,1.7576833851330294,1,3,"gurobi_cb_mip_objbnd_valid_native_bound"
227.95867849999999,227.9546273,"terminal_mip_bound_improvement","L2",1.7357055224191495,,1.7357055224191495,1.7576833851330294,1,3,"gurobi_cb_mip_objbnd_valid_native_bound"
228.03267269999998,228.02862149999999,"terminal_mip_bound_improvement","L2",1.7357200594989135,,1.7357200594989135,1.7576833851330294,1,3,"gurobi_cb_mip_objbnd_valid_native_bound"
228.18690659999999,228.18285539999999,"terminal_mip_bound_improvement","L2",1.735798578683452,,1.735798578683452,1.7576833851330294,1,3,"gurobi_cb_mip_objbnd_valid_native_bound"
228.23721119999999,228.23316,"terminal_mip_bound_improvement","L2",1.7358123623401147,,1.7358123623401147,1.7576833851330294,1,3,"gurobi_cb_mip_objbnd_valid_native_bound"
228.4459243,228.44187310000001,"terminal_mip_bound_improvement","L2",1.735816892451522,,1.735816892451522,1.7576833851330294,1,3,"gurobi_cb_mip_objbnd_valid_native_bound"
228.4725732,228.46852200000001,"terminal_mip_bound_improvement","L2",1.7358259077577487,,1.7358259077577487,1.7576833851330294,1,3,"gurobi_cb_mip_objbnd_valid_native_bound"
228.55631939999998,228.55226819999999,"terminal_mip_bound_improvement","L2",1.7358485523812888,,1.7358485523812888,1.7576833851330294,1,3,"gurobi_cb_mip_objbnd_valid_native_bound"
228.7404013,228.73635010000001,"terminal_mip_bound_improvement","L2",1.7358752439958334,,1.7358752439958334,1.7576833851330294,1,3,"gurobi_cb_mip_objbnd_valid_native_bound"
228.79761619999999,228.793565,"terminal_mip_bound_improvement","L2",1.7359112795089597,,1.7359112795089597,1.7576833851330294,1,3,"gurobi_cb_mip_objbnd_valid_native_bound"
229.1028991,229.09884790000001,"terminal_mip_bound_improvement","L2",1.7359285012878614,,1.7359285012878614,1.7576833851330294,1,3,"gurobi_cb_mip_objbnd_valid_native_bound"
229.12767819999999,229.123627,"terminal_mip_bound_improvement","L2",1.7359328033053327,,1.7359328033053327,1.7576833851330294,1,3,"gurobi_cb_mip_objbnd_valid_native_bound"
229.1306668,229.12661560000001,"terminal_mip_bound_improvement","L2",1.7359883371402949,,1.7359883371402949,1.7576833851330294,1,3,"gurobi_cb_mip_objbnd_valid_native_bound"
229.21553409999999,229.21148289999999,"terminal_mip_bound_improvement","L2",1.7360726087771947,,1.7360726087771947,1.7576833851330294,1,3,"gurobi_cb_mip_objbnd_valid_native_bound"
229.3239284,229.31987720000001,"terminal_mip_bound_improvement","L2",1.7362092739385049,,1.7362092739385049,1.7576833851330294,1,3,"gurobi_cb_mip_objbnd_valid_native_bound"
229.3307428,229.3266916,"terminal_mip_bound_improvement","L2",1.7363100735386674,,1.7363100735386674,1.7576833851330294,1,3,"gurobi_cb_mip_objbnd_valid_native_bound"
229.460994,229.45694280000001,"terminal_mip_bound_improvement","L2",1.7363110068256542,,1.7363110068256542,1.7576833851330294,1,3,"gurobi_cb_mip_objbnd_valid_native_bound"
229.46374299999999,229.4596918,"terminal_mip_bound_improvement","L2",1.7363969099492094,,1.7363969099492094,1.7576833851330294,1,3,"gurobi_cb_mip_objbnd_valid_native_bound"
229.50588479999999,229.5018336,"terminal_mip_bound_improvement","L2",1.7365221442448651,,1.7365221442448651,1.7576833851330294,1,3,"gurobi_cb_mip_objbnd_valid_native_bound"
229.5540857,229.55003450000001,"terminal_mip_bound_improvement","L2",1.7365626650233115,,1.7365626650233115,1.7576833851330294,1,3,"gurobi_cb_mip_objbnd_valid_native_bound"
229.55864679999999,229.5545956,"terminal_mip_bound_improvement","L2",1.7366266481927042,,1.7366266481927042,1.7576833851330294,1,3,"gurobi_cb_mip_objbnd_valid_native_bound"
229.57466049999999,229.5706093,"terminal_mip_bound_improvement","L2",1.7367059418764057,,1.7367059418764057,1.7576833851330294,1,3,"gurobi_cb_mip_objbnd_valid_native_bound"
229.58346939999998,229.57941819999999,"terminal_mip_bound_improvement","L2",1.7367400284138788,,1.7367400284138788,1.7576833851330294,1,3,"gurobi_cb_mip_objbnd_valid_native_bound"
229.70491559999999,229.7008644,"terminal_mip_bound_improvement","L2",1.7367653304405288,,1.7367653304405288,1.7576833851330294,1,3,"gurobi_cb_mip_objbnd_valid_native_bound"
230.02002539999998,230.01597419999999,"terminal_mip_bound_improvement","L2",1.7367905861454183,,1.7367905861454183,1.7576833851330294,1,3,"gurobi_cb_mip_objbnd_valid_native_bound"
230.18479779999998,230.18074659999999,"terminal_mip_bound_improvement","L2",1.7367914207438693,,1.7367914207438693,1.7576833851330294,1,3,"gurobi_cb_mip_objbnd_valid_native_bound"
230.2867972,230.282746,"terminal_mip_bound_improvement","L2",1.7368034389363818,,1.7368034389363818,1.7576833851330294,1,3,"gurobi_cb_mip_objbnd_valid_native_bound"
230.30665719999999,230.302606,"terminal_mip_bound_improvement","L2",1.7368344551218236,,1.7368344551218236,1.7576833851330294,1,3,"gurobi_cb_mip_objbnd_valid_native_bound"
230.45173219999998,230.44768099999999,"terminal_mip_bound_improvement","L2",1.7368831066424397,,1.7368831066424397,1.7576833851330294,1,3,"gurobi_cb_mip_objbnd_valid_native_bound"
230.586275,230.58222380000001,"terminal_mip_bound_improvement","L2",1.7368889907333294,,1.7368889907333294,1.7576833851330294,1,3,"gurobi_cb_mip_objbnd_valid_native_bound"
230.63882889999999,230.6347777,"terminal_mip_bound_improvement","L2",1.7369709687217378,,1.7369709687217378,1.7576833851330294,1,3,"gurobi_cb_mip_objbnd_valid_native_bound"
230.84279340000001,230.83874220000001,"terminal_mip_bound_improvement","L2",1.7370234734521435,,1.7370234734521435,1.7576833851330294,1,3,"gurobi_cb_mip_objbnd_valid_native_bound"
230.8445146,230.8404634,"terminal_mip_bound_improvement","L2",1.7370682078190562,,1.7370682078190562,1.7576833851330294,1,3,"gurobi_cb_mip_objbnd_valid_native_bound"
231.00199229999998,230.99794109999999,"terminal_mip_bound_improvement","L2",1.7371963081170829,,1.7371963081170829,1.7576833851330294,1,3,"gurobi_cb_mip_objbnd_valid_native_bound"
231.00375,230.9996988,"terminal_mip_bound_improvement","L2",1.7372529703324477,,1.7372529703324477,1.7576833851330294,1,3,"gurobi_cb_mip_objbnd_valid_native_bound"
231.11758549999999,231.1135343,"terminal_mip_bound_improvement","L2",1.7372983542063543,,1.7372983542063543,1.7576833851330294,1,3,"gurobi_cb_mip_objbnd_valid_native_bound"
231.16390139999999,231.15985019999999,"terminal_mip_bound_improvement","L2",1.7373318099129076,,1.7373318099129076,1.7576833851330294,1,3,"gurobi_cb_mip_objbnd_valid_native_bound"
231.56607409999998,231.56202289999999,"terminal_mip_bound_improvement","L2",1.7373762545872444,,1.7373762545872444,1.7576833851330294,1,3,"gurobi_cb_mip_objbnd_valid_native_bound"
231.57776199999998,231.57371079999999,"terminal_mip_bound_improvement","L2",1.7375985243751495,,1.7375985243751495,1.7576833851330294,1,3,"gurobi_cb_mip_objbnd_valid_native_bound"
231.6683865,231.6643353,"terminal_mip_bound_improvement","L2",1.7376287196717719,,1.7376287196717719,1.7576833851330294,1,3,"gurobi_cb_mip_objbnd_valid_native_bound"
231.6767931,231.67274190000001,"terminal_mip_bound_improvement","L2",1.7377150321513688,,1.7377150321513688,1.7576833851330294,1,3,"gurobi_cb_mip_objbnd_valid_native_bound"
231.74163299999998,231.73758179999999,"terminal_mip_bound_improvement","L2",1.737746692923074,,1.737746692923074,1.7576833851330294,1,3,"gurobi_cb_mip_objbnd_valid_native_bound"
231.82932119999998,231.82526999999999,"terminal_mip_bound_improvement","L2",1.7378776390340009,,1.7378776390340009,1.7576833851330294,1,3,"gurobi_cb_mip_objbnd_valid_native_bound"
231.9852879,231.98123670000001,"terminal_mip_bound_improvement","L2",1.7378877904706329,,1.7378877904706329,1.7576833851330294,1,3,"gurobi_cb_mip_objbnd_valid_native_bound"
232.03647859999998,232.03242739999999,"terminal_mip_bound_improvement","L2",1.7379529801790263,,1.7379529801790263,1.7576833851330294,1,3,"gurobi_cb_mip_objbnd_valid_native_bound"
232.13123759999999,232.1271864,"terminal_mip_bound_improvement","L2",1.7379754239253078,,1.7379754239253078,1.7576833851330294,1,3,"gurobi_cb_mip_objbnd_valid_native_bound"
232.20083069999998,232.19677949999999,"terminal_mip_bound_improvement","L2",1.7379835283523806,,1.7379835283523806,1.7576833851330294,1,3,"gurobi_cb_mip_objbnd_valid_native_bound"
232.2122995,232.20824830000001,"terminal_mip_bound_improvement","L2",1.7380950642027611,,1.7380950642027611,1.7576833851330294,1,3,"gurobi_cb_mip_objbnd_valid_native_bound"
232.27743599999999,232.2733848,"terminal_mip_bound_improvement","L2",1.7381392867444092,,1.7381392867444092,1.7576833851330294,1,3,"gurobi_cb_mip_objbnd_valid_native_bound"
232.39710599999998,232.39305479999999,"terminal_mip_bound_improvement","L2",1.7381398671177766,,1.7381398671177766,1.7576833851330294,1,3,"gurobi_cb_mip_objbnd_valid_native_bound"
232.4821522,232.47810100000001,"terminal_mip_bound_improvement","L2",1.7381784165033105,,1.7381784165033105,1.7576833851330294,1,3,"gurobi_cb_mip_objbnd_valid_native_bound"
232.64833719999999,232.64428599999999,"terminal_mip_bound_improvement","L2",1.738202892960365,,1.738202892960365,1.7576833851330294,1,3,"gurobi_cb_mip_objbnd_valid_native_bound"
232.68758509999998,232.68353389999999,"terminal_mip_bound_improvement","L2",1.738313836182146,,1.738313836182146,1.7576833851330294,1,3,"gurobi_cb_mip_objbnd_valid_native_bound"
232.71484039999999,232.71078919999999,"terminal_mip_bound_improvement","L2",1.7384616360928844,,1.7384616360928844,1.7576833851330294,1,3,"gurobi_cb_mip_objbnd_valid_native_bound"
232.8995491,232.89549790000001,"terminal_mip_bound_improvement","L2",1.738482812621859,,1.738482812621859,1.7576833851330294,1,3,"gurobi_cb_mip_objbnd_valid_native_bound"
232.92823619999999,232.92418499999999,"terminal_mip_bound_improvement","L2",1.7385393195461989,,1.7385393195461989,1.7576833851330294,1,3,"gurobi_cb_mip_objbnd_valid_native_bound"
232.94662169999998,232.94257049999999,"terminal_mip_bound_improvement","L2",1.7385786494199835,,1.7385786494199835,1.7576833851330294,1,3,"gurobi_cb_mip_objbnd_valid_native_bound"
233.0508739,233.04682270000001,"terminal_mip_bound_improvement","L2",1.7386086160431993,,1.7386086160431993,1.7576833851330294,1,3,"gurobi_cb_mip_objbnd_valid_native_bound"
233.05205179999999,233.04800059999999,"terminal_mip_bound_improvement","L2",1.7386283989502658,,1.7386283989502658,1.7576833851330294,1,3,"gurobi_cb_mip_objbnd_valid_native_bound"
233.05306479999999,233.04901359999999,"terminal_mip_bound_improvement","L2",1.7387311806431354,,1.7387311806431354,1.7576833851330294,1,3,"gurobi_cb_mip_objbnd_valid_native_bound"
233.0968589,233.09280770000001,"terminal_mip_bound_improvement","L2",1.738774949620008,,1.738774949620008,1.7576833851330294,1,3,"gurobi_cb_mip_objbnd_valid_native_bound"
233.1003225,233.09627130000001,"terminal_mip_bound_improvement","L2",1.7387877435195604,,1.7387877435195604,1.7576833851330294,1,3,"gurobi_cb_mip_objbnd_valid_native_bound"
233.11689899999999,233.1128478,"terminal_mip_bound_improvement","L2",1.73881339368259,,1.73881339368259,1.7576833851330294,1,3,"gurobi_cb_mip_objbnd_valid_native_bound"
233.13153119999998,233.12747999999999,"terminal_mip_bound_improvement","L2",1.7388505740321074,,1.7388505740321074,1.7576833851330294,1,3,"gurobi_cb_mip_objbnd_valid_native_bound"
233.13359,233.12953880000001,"terminal_mip_bound_improvement","L2",1.738865018653641,,1.738865018653641,1.7576833851330294,1,3,"gurobi_cb_mip_objbnd_valid_native_bound"
233.27042,233.26636880000001,"terminal_mip_bound_improvement","L2",1.7388784324722473,,1.7388784324722473,1.7576833851330294,1,3,"gurobi_cb_mip_objbnd_valid_native_bound"
233.3607174,233.35666620000001,"terminal_mip_bound_improvement","L2",1.7388951009267095,,1.7388951009267095,1.7576833851330294,1,3,"gurobi_cb_mip_objbnd_valid_native_bound"
233.40491639999999,233.4008652,"terminal_mip_bound_improvement","L2",1.7389468507343742,,1.7389468507343742,1.7576833851330294,1,3,"gurobi_cb_mip_objbnd_valid_native_bound"
233.41252969999999,233.4084785,"terminal_mip_bound_improvement","L2",1.7390319235773275,,1.7390319235773275,1.7576833851330294,1,3,"gurobi_cb_mip_objbnd_valid_native_bound"
233.5397341,233.53568290000001,"terminal_mip_bound_improvement","L2",1.739044122956251,,1.739044122956251,1.7576833851330294,1,3,"gurobi_cb_mip_objbnd_valid_native_bound"
233.67047339999999,233.6664222,"terminal_mip_bound_improvement","L2",1.7390602567680529,,1.7390602567680529,1.7576833851330294,1,3,"gurobi_cb_mip_objbnd_valid_native_bound"
233.67356849999999,233.6695173,"terminal_mip_bound_improvement","L2",1.7391732540736315,,1.7391732540736315,1.7576833851330294,1,3,"gurobi_cb_mip_objbnd_valid_native_bound"
233.87965739999999,233.87560619999999,"terminal_mip_bound_improvement","L2",1.7391870675780063,,1.7391870675780063,1.7576833851330294,1,3,"gurobi_cb_mip_objbnd_valid_native_bound"
233.8805906,233.87653940000001,"terminal_mip_bound_improvement","L2",1.7392052865577869,,1.7392052865577869,1.7576833851330294,1,3,"gurobi_cb_mip_objbnd_valid_native_bound"
233.9268084,233.92275720000001,"terminal_mip_bound_improvement","L2",1.7392480742019156,,1.7392480742019156,1.7576833851330294,1,3,"gurobi_cb_mip_objbnd_valid_native_bound"
234.0077794,234.00372820000001,"terminal_mip_bound_improvement","L2",1.7393127424622215,,1.7393127424622215,1.7576833851330294,1,3,"gurobi_cb_mip_objbnd_valid_native_bound"
234.01297629999999,234.0089251,"terminal_mip_bound_improvement","L2",1.7393241704166547,,1.7393241704166547,1.7576833851330294,1,3,"gurobi_cb_mip_objbnd_valid_native_bound"
234.11739609999998,234.11334489999999,"terminal_mip_bound_improvement","L2",1.7394299143486085,,1.7394299143486085,1.7576833851330294,1,3,"gurobi_cb_mip_objbnd_valid_native_bound"
234.18374209999999,234.1796909,"terminal_mip_bound_improvement","L2",1.7394696461325974,,1.7394696461325974,1.7576833851330294,1,3,"gurobi_cb_mip_objbnd_valid_native_bound"
234.33760329999998,234.33355209999999,"terminal_mip_bound_improvement","L2",1.739537217211184,,1.739537217211184,1.7576833851330294,1,3,"gurobi_cb_mip_objbnd_valid_native_bound"
234.3437562,234.33970500000001,"terminal_mip_bound_improvement","L2",1.7395932300379191,,1.7395932300379191,1.7576833851330294,1,3,"gurobi_cb_mip_objbnd_valid_native_bound"
234.4484114,234.44436020000001,"terminal_mip_bound_improvement","L2",1.7396631638103939,,1.7396631638103939,1.7576833851330294,1,3,"gurobi_cb_mip_objbnd_valid_native_bound"
234.99503769999998,234.99098649999999,"terminal_mip_bound_improvement","L2",1.7396692571863241,,1.7396692571863241,1.7576833851330294,1,3,"gurobi_cb_mip_objbnd_valid_native_bound"
236.72463149999999,236.72058029999999,"terminal_mip_bound_improvement","L2",1.7396998962301793,,1.7396998962301793,1.7576833851330294,1,3,"gurobi_cb_mip_objbnd_valid_native_bound"
236.7955896,236.79153840000001,"terminal_mip_bound_improvement","L2",1.7397600063338128,,1.7397600063338128,1.7576833851330294,1,3,"gurobi_cb_mip_objbnd_valid_native_bound"
236.85583249999999,236.8517813,"terminal_mip_bound_improvement","L2",1.7398056478602348,,1.7398056478602348,1.7576833851330294,1,3,"gurobi_cb_mip_objbnd_valid_native_bound"
236.9440214,236.9399702,"terminal_mip_bound_improvement","L2",1.7399027481484308,,1.7399027481484308,1.7576833851330294,1,3,"gurobi_cb_mip_objbnd_valid_native_bound"
237.04278929999998,237.03873809999999,"terminal_mip_bound_improvement","L2",1.7399174544295299,,1.7399174544295299,1.7576833851330294,1,3,"gurobi_cb_mip_objbnd_valid_native_bound"
237.31909589999998,237.31504469999999,"terminal_mip_bound_improvement","L2",1.7400519405693777,,1.7400519405693777,1.7576833851330294,1,3,"gurobi_cb_mip_objbnd_valid_native_bound"
237.3395045,237.33545330000001,"terminal_mip_bound_improvement","L2",1.740113900004661,,1.740113900004661,1.7576833851330294,1,3,"gurobi_cb_mip_objbnd_valid_native_bound"
237.36246489999999,237.3584137,"terminal_mip_bound_improvement","L2",1.7402641829649503,,1.7402641829649503,1.7576833851330294,1,3,"gurobi_cb_mip_objbnd_valid_native_bound"
237.4211574,237.41710620000001,"terminal_mip_bound_improvement","L2",1.7402755104889787,,1.7402755104889787,1.7576833851330294,1,3,"gurobi_cb_mip_objbnd_valid_native_bound"
237.47732139999999,237.4732702,"terminal_mip_bound_improvement","L2",1.740279888324064,,1.740279888324064,1.7576833851330294,1,3,"gurobi_cb_mip_objbnd_valid_native_bound"
237.50446589999999,237.50041469999999,"terminal_mip_bound_improvement","L2",1.7403259060559562,,1.7403259060559562,1.7576833851330294,1,3,"gurobi_cb_mip_objbnd_valid_native_bound"
237.59056509999999,237.5865139,"terminal_mip_bound_improvement","L2",1.7403650057188329,,1.7403650057188329,1.7576833851330294,1,3,"gurobi_cb_mip_objbnd_valid_native_bound"
237.64350279999999,237.6394516,"terminal_mip_bound_improvement","L2",1.7403817524937544,,1.7403817524937544,1.7576833851330294,1,3,"gurobi_cb_mip_objbnd_valid_native_bound"
237.68346359999998,237.67941239999999,"terminal_mip_bound_improvement","L2",1.7404202150462438,,1.7404202150462438,1.7576833851330294,1,3,"gurobi_cb_mip_objbnd_valid_native_bound"
237.7458651,237.74181390000001,"terminal_mip_bound_improvement","L2",1.7404384848138668,,1.7404384848138668,1.7576833851330294,1,3,"gurobi_cb_mip_objbnd_valid_native_bound"
237.82172309999999,237.81767189999999,"terminal_mip_bound_improvement","L2",1.7404747237349825,,1.7404747237349825,1.7576833851330294,1,3,"gurobi_cb_mip_objbnd_valid_native_bound"
237.85749429999998,237.85344309999999,"terminal_mip_bound_improvement","L2",1.740524570887757,,1.740524570887757,1.7576833851330294,1,3,"gurobi_cb_mip_objbnd_valid_native_bound"
238.10374729999998,238.09969609999999,"terminal_mip_bound_improvement","L2",1.7405380906418466,,1.7405380906418466,1.7576833851330294,1,3,"gurobi_cb_mip_objbnd_valid_native_bound"
238.2259804,238.22192920000001,"terminal_mip_bound_improvement","L2",1.7405461577914427,,1.7405461577914427,1.7576833851330294,1,3,"gurobi_cb_mip_objbnd_valid_native_bound"
238.22807169999999,238.22402049999999,"terminal_mip_bound_improvement","L2",1.740647075981091,,1.740647075981091,1.7576833851330294,1,3,"gurobi_cb_mip_objbnd_valid_native_bound"
238.3050269,238.30097570000001,"terminal_mip_bound_improvement","L2",1.7406766389757153,,1.7406766389757153,1.7576833851330294,1,3,"gurobi_cb_mip_objbnd_valid_native_bound"
238.35374049999999,238.34968929999999,"terminal_mip_bound_improvement","L2",1.7407208178052251,,1.7407208178052251,1.7576833851330294,1,3,"gurobi_cb_mip_objbnd_valid_native_bound"
238.4690895,238.4650383,"terminal_mip_bound_improvement","L2",1.7407996352801931,,1.7407996352801931,1.7576833851330294,1,3,"gurobi_cb_mip_objbnd_valid_native_bound"
238.47364949999999,238.4695983,"terminal_mip_bound_improvement","L2",1.7408514036822005,,1.7408514036822005,1.7576833851330294,1,3,"gurobi_cb_mip_objbnd_valid_native_bound"
238.55822669999998,238.55417549999999,"terminal_mip_bound_improvement","L2",1.7408546034630572,,1.7408546034630572,1.7576833851330294,1,3,"gurobi_cb_mip_objbnd_valid_native_bound"
238.67231099999998,238.66825979999999,"terminal_mip_bound_improvement","L2",1.7408679936003482,,1.7408679936003482,1.7576833851330294,1,3,"gurobi_cb_mip_objbnd_valid_native_bound"
238.6765967,238.67254550000001,"terminal_mip_bound_improvement","L2",1.7408845771821084,,1.7408845771821084,1.7576833851330294,1,3,"gurobi_cb_mip_objbnd_valid_native_bound"
238.71058879999998,238.70653759999999,"terminal_mip_bound_improvement","L2",1.7409275496707273,,1.7409275496707273,1.7576833851330294,1,3,"gurobi_cb_mip_objbnd_valid_native_bound"
238.8531893,238.8491381,"terminal_mip_bound_improvement","L2",1.7409495156642796,,1.7409495156642796,1.7576833851330294,1,3,"gurobi_cb_mip_objbnd_valid_native_bound"
238.875756,238.8717048,"terminal_mip_bound_improvement","L2",1.7409807951490011,,1.7409807951490011,1.7576833851330294,1,3,"gurobi_cb_mip_objbnd_valid_native_bound"
238.8840198,238.87996860000001,"terminal_mip_bound_improvement","L2",1.7410060291356122,,1.7410060291356122,1.7576833851330294,1,3,"gurobi_cb_mip_objbnd_valid_native_bound"
239.0139681,239.00991690000001,"terminal_mip_bound_improvement","L2",1.7410095937331749,,1.7410095937331749,1.7576833851330294,1,3,"gurobi_cb_mip_objbnd_valid_native_bound"
239.1127783,239.10872710000001,"terminal_mip_bound_improvement","L2",1.7410400609176784,,1.7410400609176784,1.7576833851330294,1,3,"gurobi_cb_mip_objbnd_valid_native_bound"
239.21054699999999,239.2064958,"terminal_mip_bound_improvement","L2",1.7410427820320515,,1.7410427820320515,1.7576833851330294,1,3,"gurobi_cb_mip_objbnd_valid_native_bound"
239.21353159999998,239.20948039999999,"terminal_mip_bound_improvement","L2",1.7410433051196619,,1.7410433051196619,1.7576833851330294,1,3,"gurobi_cb_mip_objbnd_valid_native_bound"
239.2653238,239.26127260000001,"terminal_mip_bound_improvement","L2",1.7411145051180235,,1.7411145051180235,1.7576833851330294,1,3,"gurobi_cb_mip_objbnd_valid_native_bound"
239.32738089999998,239.32332969999999,"terminal_mip_bound_improvement","L2",1.7411158393320316,,1.7411158393320316,1.7576833851330294,1,3,"gurobi_cb_mip_objbnd_valid_native_bound"
239.34684529999998,239.34279409999999,"terminal_mip_bound_improvement","L2",1.7411530230587982,,1.7411530230587982,1.7576833851330294,1,3,"gurobi_cb_mip_objbnd_valid_native_bound"
239.5114629,239.50741170000001,"terminal_mip_bound_improvement","L2",1.7411550518372476,,1.7411550518372476,1.7576833851330294,1,3,"gurobi_cb_mip_objbnd_valid_native_bound"
239.52335399999998,239.51930279999999,"terminal_mip_bound_improvement","L2",1.7412047742368026,,1.7412047742368026,1.7576833851330294,1,3,"gurobi_cb_mip_objbnd_valid_native_bound"
239.55716479999998,239.55311359999999,"terminal_mip_bound_improvement","L2",1.7412164966597579,,1.7412164966597579,1.7576833851330294,1,3,"gurobi_cb_mip_objbnd_valid_native_bound"
239.60206349999999,239.59801229999999,"terminal_mip_bound_improvement","L2",1.741234181311158,,1.741234181311158,1.7576833851330294,1,3,"gurobi_cb_mip_objbnd_valid_native_bound"
239.62406909999999,239.62001789999999,"terminal_mip_bound_improvement","L2",1.7412420896208853,,1.7412420896208853,1.7576833851330294,1,3,"gurobi_cb_mip_objbnd_valid_native_bound"
239.78736409999999,239.7833129,"terminal_mip_bound_improvement","L2",1.7412805984171689,,1.7412805984171689,1.7576833851330294,1,3,"gurobi_cb_mip_objbnd_valid_native_bound"
239.87227049999998,239.86821929999999,"terminal_mip_bound_improvement","L2",1.741346510412598,,1.741346510412598,1.7576833851330294,1,3,"gurobi_cb_mip_objbnd_valid_native_bound"
239.8740942,239.87004300000001,"terminal_mip_bound_improvement","L2",1.7413631711271071,,1.7413631711271071,1.7576833851330294,1,3,"gurobi_cb_mip_objbnd_valid_native_bound"
239.92101509999998,239.91696389999998,"terminal_mip_bound_improvement","L2",1.7413743140153972,,1.7413743140153972,1.7576833851330294,1,3,"gurobi_cb_mip_objbnd_valid_native_bound"
239.94982349999998,239.94577229999999,"terminal_mip_bound_improvement","L2",1.7413909910350001,,1.7413909910350001,1.7576833851330294,1,3,"gurobi_cb_mip_objbnd_valid_native_bound"
239.97197389999999,239.9679227,"terminal_mip_bound_improvement","L2",1.7414174931650519,,1.7414174931650519,1.7576833851330294,1,3,"gurobi_cb_mip_objbnd_valid_native_bound"
240.02179709999999,240.01774589999999,"terminal_mip_bound_improvement","L2",1.7414582966263028,,1.7414582966263028,1.7576833851330294,1,3,"gurobi_cb_mip_objbnd_valid_native_bound"
240.3296445,240.32559330000001,"terminal_mip_bound_improvement","L2",1.7415107744985019,,1.7415107744985019,1.7576833851330294,1,3,"gurobi_cb_mip_objbnd_valid_native_bound"
240.33748789999999,240.33343669999999,"terminal_mip_bound_improvement","L2",1.7415112805095725,,1.7415112805095725,1.7576833851330294,1,3,"gurobi_cb_mip_objbnd_valid_native_bound"
240.3640316,240.35998040000001,"terminal_mip_bound_improvement","L2",1.7415343248902411,,1.7415343248902411,1.7576833851330294,1,3,"gurobi_cb_mip_objbnd_valid_native_bound"
240.4622584,240.4582072,"terminal_mip_bound_improvement","L2",1.7415598961238383,,1.7415598961238383,1.7576833851330294,1,3,"gurobi_cb_mip_objbnd_valid_native_bound"
240.48447529999999,240.48042409999999,"terminal_mip_bound_improvement","L2",1.7416446344200573,,1.7416446344200573,1.7576833851330294,1,3,"gurobi_cb_mip_objbnd_valid_native_bound"
240.52082629999998,240.51677509999999,"terminal_mip_bound_improvement","L2",1.7416612584715563,,1.7416612584715563,1.7576833851330294,1,3,"gurobi_cb_mip_objbnd_valid_native_bound"
240.8292132,240.82516200000001,"terminal_mip_bound_improvement","L2",1.7416751572182962,,1.7416751572182962,1.7576833851330294,1,3,"gurobi_cb_mip_objbnd_valid_native_bound"
240.83086219999998,240.82681099999999,"terminal_mip_bound_improvement","L2",1.7417255537089098,,1.7417255537089098,1.7576833851330294,1,3,"gurobi_cb_mip_objbnd_valid_native_bound"
240.91721369999999,240.9131625,"terminal_mip_bound_improvement","L2",1.7417289984276583,,1.7417289984276583,1.7576833851330294,1,3,"gurobi_cb_mip_objbnd_valid_native_bound"
241.04984429999999,241.0457931,"terminal_mip_bound_improvement","L2",1.7417290833452892,,1.7417290833452892,1.7576833851330294,1,3,"gurobi_cb_mip_objbnd_valid_native_bound"
241.10559569999998,241.10154449999999,"terminal_mip_bound_improvement","L2",1.7417436018144208,,1.7417436018144208,1.7576833851330294,1,3,"gurobi_cb_mip_objbnd_valid_native_bound"
241.12007180000001,241.11602060000001,"terminal_mip_bound_improvement","L2",1.7417484111253707,,1.7417484111253707,1.7576833851330294,1,3,"gurobi_cb_mip_objbnd_valid_native_bound"
241.30533559999998,241.30128439999999,"terminal_mip_bound_improvement","L2",1.7418529319291685,,1.7418529319291685,1.7576833851330294,1,3,"gurobi_cb_mip_objbnd_valid_native_bound"
241.3395294,241.33547820000001,"terminal_mip_bound_improvement","L2",1.7418609546644206,,1.7418609546644206,1.7576833851330294,1,3,"gurobi_cb_mip_objbnd_valid_native_bound"
241.3498457,241.34579450000001,"terminal_mip_bound_improvement","L2",1.7418877994011863,,1.7418877994011863,1.7576833851330294,1,3,"gurobi_cb_mip_objbnd_valid_native_bound"
241.45189489999999,241.44784369999999,"terminal_mip_bound_improvement","L2",1.7419008988645546,,1.7419008988645546,1.7576833851330294,1,3,"gurobi_cb_mip_objbnd_valid_native_bound"
241.4906957,241.48664450000001,"terminal_mip_bound_improvement","L2",1.7419099688696911,,1.7419099688696911,1.7576833851330294,1,3,"gurobi_cb_mip_objbnd_valid_native_bound"
241.6417572,241.63770600000001,"terminal_mip_bound_improvement","L2",1.7420148312932926,,1.7420148312932926,1.7576833851330294,1,3,"gurobi_cb_mip_objbnd_valid_native_bound"
241.64210029999998,241.63804909999999,"terminal_mip_bound_improvement","L2",1.742029084119892,,1.742029084119892,1.7576833851330294,1,3,"gurobi_cb_mip_objbnd_valid_native_bound"
241.82622669999998,241.82217549999999,"terminal_mip_bound_improvement","L2",1.7420542748542527,,1.7420542748542527,1.7576833851330294,1,3,"gurobi_cb_mip_objbnd_valid_native_bound"
241.85649529999998,241.85244409999999,"terminal_mip_bound_improvement","L2",1.742060984402938,,1.742060984402938,1.7576833851330294,1,3,"gurobi_cb_mip_objbnd_valid_native_bound"
241.91624109999998,241.91218989999999,"terminal_mip_bound_improvement","L2",1.7421110261778827,,1.7421110261778827,1.7576833851330294,1,3,"gurobi_cb_mip_objbnd_valid_native_bound"
241.9941575,241.99010630000001,"terminal_mip_bound_improvement","L2",1.742151395549965,,1.742151395549965,1.7576833851330294,1,3,"gurobi_cb_mip_objbnd_valid_native_bound"
242.00001459999999,241.99596339999999,"terminal_mip_bound_improvement","L2",1.7421945373847434,,1.7421945373847434,1.7576833851330294,1,3,"gurobi_cb_mip_objbnd_valid_native_bound"
242.12626649999999,242.12221529999999,"terminal_mip_bound_improvement","L2",1.742198321879938,,1.742198321879938,1.7576833851330294,1,3,"gurobi_cb_mip_objbnd_valid_native_bound"
242.15138689999998,242.14733569999999,"terminal_mip_bound_improvement","L2",1.7422046021031294,,1.7422046021031294,1.7576833851330294,1,3,"gurobi_cb_mip_objbnd_valid_native_bound"
242.19496619999998,242.19091499999999,"terminal_mip_bound_improvement","L2",1.7422613195868903,,1.7422613195868903,1.7576833851330294,1,3,"gurobi_cb_mip_objbnd_valid_native_bound"
242.30056689999998,242.29651569999999,"terminal_mip_bound_improvement","L2",1.7422699126534351,,1.7422699126534351,1.7576833851330294,1,3,"gurobi_cb_mip_objbnd_valid_native_bound"
242.350607,242.3465558,"terminal_mip_bound_improvement","L2",1.7422832914335735,,1.7422832914335735,1.7576833851330294,1,3,"gurobi_cb_mip_objbnd_valid_native_bound"
242.7119271,242.7078759,"terminal_mip_bound_improvement","L2",1.7422970377909375,,1.7422970377909375,1.7576833851330294,1,3,"gurobi_cb_mip_objbnd_valid_native_bound"
242.72235459999999,242.7183034,"terminal_mip_bound_improvement","L2",1.74232713756807,,1.74232713756807,1.7576833851330294,1,3,"gurobi_cb_mip_objbnd_valid_native_bound"
242.93871189999999,242.93466069999999,"terminal_mip_bound_improvement","L2",1.7423382188100758,,1.7423382188100758,1.7576833851330294,1,3,"gurobi_cb_mip_objbnd_valid_native_bound"
242.9846938,242.98064260000001,"terminal_mip_bound_improvement","L2",1.7423687217601085,,1.7423687217601085,1.7576833851330294,1,3,"gurobi_cb_mip_objbnd_valid_native_bound"
243.01128499999999,243.00723379999999,"terminal_mip_bound_improvement","L2",1.7423846852567968,,1.7423846852567968,1.7576833851330294,1,3,"gurobi_cb_mip_objbnd_valid_native_bound"
243.01771299999999,243.01366179999999,"terminal_mip_bound_improvement","L2",1.7423928044245516,,1.7423928044245516,1.7576833851330294,1,3,"gurobi_cb_mip_objbnd_valid_native_bound"
243.13910719999998,243.13505599999999,"terminal_mip_bound_improvement","L2",1.7424122764578387,,1.7424122764578387,1.7576833851330294,1,3,"gurobi_cb_mip_objbnd_valid_native_bound"
243.1622576,243.15820640000001,"terminal_mip_bound_improvement","L2",1.7424766964308107,,1.7424766964308107,1.7576833851330294,1,3,"gurobi_cb_mip_objbnd_valid_native_bound"
243.34851789999999,243.3444667,"terminal_mip_bound_improvement","L2",1.742486611652702,,1.742486611652702,1.7576833851330294,1,3,"gurobi_cb_mip_objbnd_valid_native_bound"
243.3912048,243.3871536,"terminal_mip_bound_improvement","L2",1.7425084602967775,,1.7425084602967775,1.7576833851330294,1,3,"gurobi_cb_mip_objbnd_valid_native_bound"
243.4015172,243.39746600000001,"terminal_mip_bound_improvement","L2",1.742516693802088,,1.742516693802088,1.7576833851330294,1,3,"gurobi_cb_mip_objbnd_valid_native_bound"
243.52359239999998,243.51954119999999,"terminal_mip_bound_improvement","L2",1.7425188767126558,,1.7425188767126558,1.7576833851330294,1,3,"gurobi_cb_mip_objbnd_valid_native_bound"
243.53998369999999,243.5359325,"terminal_mip_bound_improvement","L2",1.7425208165630532,,1.7425208165630532,1.7576833851330294,1,3,"gurobi_cb_mip_objbnd_valid_native_bound"
243.56814969999999,243.5640985,"terminal_mip_bound_improvement","L2",1.7425469509343043,,1.7425469509343043,1.7576833851330294,1,3,"gurobi_cb_mip_objbnd_valid_native_bound"
243.5942312,243.59018,"terminal_mip_bound_improvement","L2",1.742555502662003,,1.742555502662003,1.7576833851330294,1,3,"gurobi_cb_mip_objbnd_valid_native_bound"
243.7450264,243.74097520000001,"terminal_mip_bound_improvement","L2",1.7425557354247769,,1.7425557354247769,1.7576833851330294,1,3,"gurobi_cb_mip_objbnd_valid_native_bound"
243.7949199,243.7908687,"terminal_mip_bound_improvement","L2",1.7425711210466008,,1.7425711210466008,1.7576833851330294,1,3,"gurobi_cb_mip_objbnd_valid_native_bound"
243.82098019999998,243.81692899999999,"terminal_mip_bound_improvement","L2",1.7426240660693275,,1.7426240660693275,1.7576833851330294,1,3,"gurobi_cb_mip_objbnd_valid_native_bound"
243.9978567,243.99380550000001,"terminal_mip_bound_improvement","L2",1.7426474932679086,,1.7426474932679086,1.7576833851330294,1,3,"gurobi_cb_mip_objbnd_valid_native_bound"
244.33583299999998,244.33178179999999,"terminal_mip_bound_improvement","L2",1.7426899438968135,,1.7426899438968135,1.7576833851330294,1,3,"gurobi_cb_mip_objbnd_valid_native_bound"
244.37208469999999,244.3680335,"terminal_mip_bound_improvement","L2",1.7426974495006771,,1.7426974495006771,1.7576833851330294,1,3,"gurobi_cb_mip_objbnd_valid_native_bound"
244.44687779999998,244.44282659999999,"terminal_mip_bound_improvement","L2",1.7427292741642313,,1.7427292741642313,1.7576833851330294,1,3,"gurobi_cb_mip_objbnd_valid_native_bound"
244.5018139,244.49776270000001,"terminal_mip_bound_improvement","L2",1.7428111850422483,,1.7428111850422483,1.7576833851330294,1,3,"gurobi_cb_mip_objbnd_valid_native_bound"
244.64036849999999,244.6363173,"terminal_mip_bound_improvement","L2",1.7428266609156904,,1.7428266609156904,1.7576833851330294,1,3,"gurobi_cb_mip_objbnd_valid_native_bound"
244.69313989999998,244.68908869999999,"terminal_mip_bound_improvement","L2",1.7429117263036287,,1.7429117263036287,1.7576833851330294,1,3,"gurobi_cb_mip_objbnd_valid_native_bound"
244.69709829999999,244.6930471,"terminal_mip_bound_improvement","L2",1.7429270727411659,,1.7429270727411659,1.7576833851330294,1,3,"gurobi_cb_mip_objbnd_valid_native_bound"
244.765017,244.76096580000001,"terminal_mip_bound_improvement","L2",1.7429445471865073,,1.7429445471865073,1.7576833851330294,1,3,"gurobi_cb_mip_objbnd_valid_native_bound"
244.7680541,244.76400290000001,"terminal_mip_bound_improvement","L2",1.7429515039081036,,1.7429515039081036,1.7576833851330294,1,3,"gurobi_cb_mip_objbnd_valid_native_bound"
244.8136911,244.80963990000001,"terminal_mip_bound_improvement","L2",1.7429704490006201,,1.7429704490006201,1.7576833851330294,1,3,"gurobi_cb_mip_objbnd_valid_native_bound"
244.91727369999998,244.91322249999999,"terminal_mip_bound_improvement","L2",1.7429734450565357,,1.7429734450565357,1.7576833851330294,1,3,"gurobi_cb_mip_objbnd_valid_native_bound"
244.97638129999999,244.97233009999999,"terminal_mip_bound_improvement","L2",1.742976298224149,,1.742976298224149,1.7576833851330294,1,3,"gurobi_cb_mip_objbnd_valid_native_bound"
244.97974809999999,244.9756969,"terminal_mip_bound_improvement","L2",1.7429779825880891,,1.7429779825880891,1.7576833851330294,1,3,"gurobi_cb_mip_objbnd_valid_native_bound"
244.98954939999999,244.98549819999999,"terminal_mip_bound_improvement","L2",1.7430076696309416,,1.7430076696309416,1.7576833851330294,1,3,"gurobi_cb_mip_objbnd_valid_native_bound"
244.99245639999998,244.98840519999999,"terminal_mip_bound_improvement","L2",1.7430165146067906,,1.7430165146067906,1.7576833851330294,1,3,"gurobi_cb_mip_objbnd_valid_native_bound"
245.05093239999999,245.0468812,"terminal_mip_bound_improvement","L2",1.7430520785704897,,1.7430520785704897,1.7576833851330294,1,3,"gurobi_cb_mip_objbnd_valid_native_bound"
245.0515097,245.0474585,"terminal_mip_bound_improvement","L2",1.7430594301132625,,1.7430594301132625,1.7576833851330294,1,3,"gurobi_cb_mip_objbnd_valid_native_bound"
245.07749139999999,245.07344019999999,"terminal_mip_bound_improvement","L2",1.7431030341399161,,1.7431030341399161,1.7576833851330294,1,3,"gurobi_cb_mip_objbnd_valid_native_bound"
245.22948689999998,245.22543569999999,"terminal_mip_bound_improvement","L2",1.743110475479295,,1.743110475479295,1.7576833851330294,1,3,"gurobi_cb_mip_objbnd_valid_native_bound"
245.25068659999999,245.2466354,"terminal_mip_bound_improvement","L2",1.7431106723590004,,1.7431106723590004,1.7576833851330294,1,3,"gurobi_cb_mip_objbnd_valid_native_bound"
245.2630139,245.25896270000001,"terminal_mip_bound_improvement","L2",1.7431107999126076,,1.7431107999126076,1.7576833851330294,1,3,"gurobi_cb_mip_objbnd_valid_native_bound"
245.356447,245.35239580000001,"terminal_mip_bound_improvement","L2",1.7431754620658966,,1.7431754620658966,1.7576833851330294,1,3,"gurobi_cb_mip_objbnd_valid_native_bound"
245.4015224,245.39747120000001,"terminal_mip_bound_improvement","L2",1.7431871011979108,,1.7431871011979108,1.7576833851330294,1,3,"gurobi_cb_mip_objbnd_valid_native_bound"
245.40630899999999,245.4022578,"terminal_mip_bound_improvement","L2",1.7432008707614524,,1.7432008707614524,1.7576833851330294,1,3,"gurobi_cb_mip_objbnd_valid_native_bound"
245.5206689,245.51661770000001,"terminal_mip_bound_improvement","L2",1.7432525729017889,,1.7432525729017889,1.7576833851330294,1,3,"gurobi_cb_mip_objbnd_valid_native_bound"
245.53353469999999,245.5294835,"terminal_mip_bound_improvement","L2",1.7433215713882801,,1.7433215713882801,1.7576833851330294,1,3,"gurobi_cb_mip_objbnd_valid_native_bound"
245.54153109999999,245.53747989999999,"terminal_mip_bound_improvement","L2",1.7433322873300467,,1.7433322873300467,1.7576833851330294,1,3,"gurobi_cb_mip_objbnd_valid_native_bound"
245.61370789999998,245.60965669999999,"terminal_mip_bound_improvement","L2",1.7433820521851608,,1.7433820521851608,1.7576833851330294,1,3,"gurobi_cb_mip_objbnd_valid_native_bound"
245.61450869999999,245.6104575,"terminal_mip_bound_improvement","L2",1.7433821835812917,,1.7433821835812917,1.7576833851330294,1,3,"gurobi_cb_mip_objbnd_valid_native_bound"
245.627398,245.62334680000001,"terminal_mip_bound_improvement","L2",1.7434008124112639,,1.7434008124112639,1.7576833851330294,1,3,"gurobi_cb_mip_objbnd_valid_native_bound"
245.63542909999998,245.63137789999999,"terminal_mip_bound_improvement","L2",1.7434459456696263,,1.7434459456696263,1.7576833851330294,1,3,"gurobi_cb_mip_objbnd_valid_native_bound"
245.68087929999999,245.67682809999999,"terminal_mip_bound_improvement","L2",1.7434584349957585,,1.7434584349957585,1.7576833851330294,1,3,"gurobi_cb_mip_objbnd_valid_native_bound"
245.68726609999999,245.6832149,"terminal_mip_bound_improvement","L2",1.7434794895876573,,1.7434794895876573,1.7576833851330294,1,3,"gurobi_cb_mip_objbnd_valid_native_bound"
245.73849139999999,245.73444019999999,"terminal_mip_bound_improvement","L2",1.7434811963871324,,1.7434811963871324,1.7576833851330294,1,3,"gurobi_cb_mip_objbnd_valid_native_bound"
245.7617789,245.7577277,"terminal_mip_bound_improvement","L2",1.74348772945138,,1.74348772945138,1.7576833851330294,1,3,"gurobi_cb_mip_objbnd_valid_native_bound"
245.791516,245.78746480000001,"terminal_mip_bound_improvement","L2",1.7435062366632867,,1.7435062366632867,1.7576833851330294,1,3,"gurobi_cb_mip_objbnd_valid_native_bound"
245.8143427,245.81029150000001,"terminal_mip_bound_improvement","L2",1.7435693037607283,,1.7435693037607283,1.7576833851330294,1,3,"gurobi_cb_mip_objbnd_valid_native_bound"
245.8412998,245.83724860000001,"terminal_mip_bound_improvement","L2",1.7436282404337824,,1.7436282404337824,1.7576833851330294,1,3,"gurobi_cb_mip_objbnd_valid_native_bound"
245.84858609999998,245.84453489999999,"terminal_mip_bound_improvement","L2",1.7436340652135454,,1.7436340652135454,1.7576833851330294,1,3,"gurobi_cb_mip_objbnd_valid_native_bound"
245.8523074,245.84825620000001,"terminal_mip_bound_improvement","L2",1.7436409832288098,,1.7436409832288098,1.7576833851330294,1,3,"gurobi_cb_mip_objbnd_valid_native_bound"
245.8557102,245.85165900000001,"terminal_mip_bound_improvement","L2",1.7436514971838242,,1.7436514971838242,1.7576833851330294,1,3,"gurobi_cb_mip_objbnd_valid_native_bound"
245.87647219999999,245.872421,"terminal_mip_bound_improvement","L2",1.7436736630109542,,1.7436736630109542,1.7576833851330294,1,3,"gurobi_cb_mip_objbnd_valid_native_bound"
245.9119943,245.90794310000001,"terminal_mip_bound_improvement","L2",1.7436956165905384,,1.7436956165905384,1.7576833851330294,1,3,"gurobi_cb_mip_objbnd_valid_native_bound"
245.91836709999998,245.91431589999999,"terminal_mip_bound_improvement","L2",1.7437005209338587,,1.7437005209338587,1.7576833851330294,1,3,"gurobi_cb_mip_objbnd_valid_native_bound"
246.01908319999998,246.01503199999999,"terminal_mip_bound_improvement","L2",1.7437013255782479,,1.7437013255782479,1.7576833851330294,1,3,"gurobi_cb_mip_objbnd_valid_native_bound"
246.2412798,246.23722860000001,"terminal_mip_bound_improvement","L2",1.7437184157447652,,1.7437184157447652,1.7576833851330294,1,3,"gurobi_cb_mip_objbnd_valid_native_bound"
246.32501499999998,246.32096379999999,"terminal_mip_bound_improvement","L2",1.743732897379753,,1.743732897379753,1.7576833851330294,1,3,"gurobi_cb_mip_objbnd_valid_native_bound"
246.32848659999999,246.3244354,"terminal_mip_bound_improvement","L2",1.7437549944133552,,1.7437549944133552,1.7576833851330294,1,3,"gurobi_cb_mip_objbnd_valid_native_bound"
246.4701838,246.46613260000001,"terminal_mip_bound_improvement","L2",1.7437718689043622,,1.7437718689043622,1.7576833851330294,1,3,"gurobi_cb_mip_objbnd_valid_native_bound"
246.563354,246.55930280000001,"terminal_mip_bound_improvement","L2",1.7437742317567495,,1.7437742317567495,1.7576833851330294,1,3,"gurobi_cb_mip_objbnd_valid_native_bound"
246.58621439999999,246.5821632,"terminal_mip_bound_improvement","L2",1.7438586404077545,,1.7438586404077545,1.7576833851330294,1,3,"gurobi_cb_mip_objbnd_valid_native_bound"
246.66685609999999,246.6628049,"terminal_mip_bound_improvement","L2",1.7439194026616842,,1.7439194026616842,1.7576833851330294,1,3,"gurobi_cb_mip_objbnd_valid_native_bound"
246.68626709999998,246.68221589999999,"terminal_mip_bound_improvement","L2",1.7439259615252929,,1.7439259615252929,1.7576833851330294,1,3,"gurobi_cb_mip_objbnd_valid_native_bound"
246.69494939999998,246.69089819999999,"terminal_mip_bound_improvement","L2",1.7439564129927867,,1.7439564129927867,1.7576833851330294,1,3,"gurobi_cb_mip_objbnd_valid_native_bound"
246.72418249999998,246.72013129999999,"terminal_mip_bound_improvement","L2",1.743984128253828,,1.743984128253828,1.7576833851330294,1,3,"gurobi_cb_mip_objbnd_valid_native_bound"
246.73580199999998,246.73175079999999,"terminal_mip_bound_improvement","L2",1.7440110719687474,,1.7440110719687474,1.7576833851330294,1,3,"gurobi_cb_mip_objbnd_valid_native_bound"
246.7731823,246.76913110000001,"terminal_mip_bound_improvement","L2",1.7440132667560819,,1.7440132667560819,1.7576833851330294,1,3,"gurobi_cb_mip_objbnd_valid_native_bound"
246.77890019999998,246.77484899999999,"terminal_mip_bound_improvement","L2",1.7440539237161947,,1.7440539237161947,1.7576833851330294,1,3,"gurobi_cb_mip_objbnd_valid_native_bound"
246.82262019999999,246.818569,"terminal_mip_bound_improvement","L2",1.7440582052805182,,1.7440582052805182,1.7576833851330294,1,3,"gurobi_cb_mip_objbnd_valid_native_bound"
246.83909249999999,246.8350413,"terminal_mip_bound_improvement","L2",1.7440740781514597,,1.7440740781514597,1.7576833851330294,1,3,"gurobi_cb_mip_objbnd_valid_native_bound"
246.86423629999999,246.8601851,"terminal_mip_bound_improvement","L2",1.7441329872448497,,1.7441329872448497,1.7576833851330294,1,3,"gurobi_cb_mip_objbnd_valid_native_bound"
246.87728369999999,246.8732325,"terminal_mip_bound_improvement","L2",1.7441470049086252,,1.7441470049086252,1.7576833851330294,1,3,"gurobi_cb_mip_objbnd_valid_native_bound"
246.9061935,246.90214230000001,"terminal_mip_bound_improvement","L2",1.7441557373500902,,1.7441557373500902,1.7576833851330294,1,3,"gurobi_cb_mip_objbnd_valid_native_bound"
246.97828459999999,246.9742334,"terminal_mip_bound_improvement","L2",1.7441576467951636,,1.7441576467951636,1.7576833851330294,1,3,"gurobi_cb_mip_objbnd_valid_native_bound"
247.02501719999998,247.02096599999999,"terminal_mip_bound_improvement","L2",1.7441594036045849,,1.7441594036045849,1.7576833851330294,1,3,"gurobi_cb_mip_objbnd_valid_native_bound"
247.02567859999999,247.0216274,"terminal_mip_bound_improvement","L2",1.7441844830865785,,1.7441844830865785,1.7576833851330294,1,3,"gurobi_cb_mip_objbnd_valid_native_bound"
247.06326959999998,247.05921839999999,"terminal_mip_bound_improvement","L2",1.7442008251256886,,1.7442008251256886,1.7576833851330294,1,3,"gurobi_cb_mip_objbnd_valid_native_bound"
247.08361489999999,247.07956369999999,"terminal_mip_bound_improvement","L2",1.7442040760250384,,1.7442040760250384,1.7576833851330294,1,3,"gurobi_cb_mip_objbnd_valid_native_bound"
247.08559679999999,247.0815456,"terminal_mip_bound_improvement","L2",1.7442134473497792,,1.7442134473497792,1.7576833851330294,1,3,"gurobi_cb_mip_objbnd_valid_native_bound"
247.1430446,247.1389934,"terminal_mip_bound_improvement","L2",1.7442433422829733,,1.7442433422829733,1.7576833851330294,1,3,"gurobi_cb_mip_objbnd_valid_native_bound"
247.21661649999999,247.21256529999999,"terminal_mip_bound_improvement","L2",1.7442469197656485,,1.7442469197656485,1.7576833851330294,1,3,"gurobi_cb_mip_objbnd_valid_native_bound"
247.22048819999998,247.21643699999998,"terminal_mip_bound_improvement","L2",1.7442784966231453,,1.7442784966231453,1.7576833851330294,1,3,"gurobi_cb_mip_objbnd_valid_native_bound"
247.31148859999999,247.3074374,"terminal_mip_bound_improvement","L2",1.7442823682850817,,1.7442823682850817,1.7576833851330294,1,3,"gurobi_cb_mip_objbnd_valid_native_bound"
247.33126229999999,247.3272111,"terminal_mip_bound_improvement","L2",1.7442836203180965,,1.7442836203180965,1.7576833851330294,1,3,"gurobi_cb_mip_objbnd_valid_native_bound"
247.3589087,247.35485750000001,"terminal_mip_bound_improvement","L2",1.7442853206181657,,1.7442853206181657,1.7576833851330294,1,3,"gurobi_cb_mip_objbnd_valid_native_bound"
247.43008159999999,247.4260304,"terminal_mip_bound_improvement","L2",1.7442896163918924,,1.7442896163918924,1.7576833851330294,1,3,"gurobi_cb_mip_objbnd_valid_native_bound"
247.5334441,247.5293929,"terminal_mip_bound_improvement","L2",1.744320269948773,,1.744320269948773,1.7576833851330294,1,3,"gurobi_cb_mip_objbnd_valid_native_bound"
247.60873029999999,247.6046791,"terminal_mip_bound_improvement","L2",1.7444106192365949,,1.7444106192365949,1.7576833851330294,1,3,"gurobi_cb_mip_objbnd_valid_native_bound"
247.64451979999998,247.64046859999999,"terminal_mip_bound_improvement","L2",1.7444216285862986,,1.7444216285862986,1.7576833851330294,1,3,"gurobi_cb_mip_objbnd_valid_native_bound"
247.66223359999998,247.65818239999999,"terminal_mip_bound_improvement","L2",1.7444366937274627,,1.7444366937274627,1.7576833851330294,1,3,"gurobi_cb_mip_objbnd_valid_native_bound"
247.69030909999998,247.68625789999999,"terminal_mip_bound_improvement","L2",1.7444389776555711,,1.7444389776555711,1.7576833851330294,1,3,"gurobi_cb_mip_objbnd_valid_native_bound"
247.6913658,247.68731460000001,"terminal_mip_bound_improvement","L2",1.7444897544022975,,1.7444897544022975,1.7576833851330294,1,3,"gurobi_cb_mip_objbnd_valid_native_bound"
247.6943426,247.69029140000001,"terminal_mip_bound_improvement","L2",1.744496185049659,,1.744496185049659,1.7576833851330294,1,3,"gurobi_cb_mip_objbnd_valid_native_bound"
247.70685889999999,247.70280769999999,"terminal_mip_bound_improvement","L2",1.7445404590580784,,1.7445404590580784,1.7576833851330294,1,3,"gurobi_cb_mip_objbnd_valid_native_bound"
247.7080421,247.70399090000001,"terminal_mip_bound_improvement","L2",1.7445487109966309,,1.7445487109966309,1.7576833851330294,1,3,"gurobi_cb_mip_objbnd_valid_native_bound"
247.72676149999998,247.72271029999999,"terminal_mip_bound_improvement","L2",1.7445741962234809,,1.7445741962234809,1.7576833851330294,1,3,"gurobi_cb_mip_objbnd_valid_native_bound"
247.72964639999998,247.72559519999999,"terminal_mip_bound_improvement","L2",1.7446066999471077,,1.7446066999471077,1.7576833851330294,1,3,"gurobi_cb_mip_objbnd_valid_native_bound"
247.73244779999999,247.7283966,"terminal_mip_bound_improvement","L2",1.7446522600827714,,1.7446522600827714,1.7576833851330294,1,3,"gurobi_cb_mip_objbnd_valid_native_bound"
247.8243899,247.82033870000001,"terminal_mip_bound_improvement","L2",1.7446921957110595,,1.7446921957110595,1.7576833851330294,1,3,"gurobi_cb_mip_objbnd_valid_native_bound"
247.83272339999999,247.8286722,"terminal_mip_bound_improvement","L2",1.7447761149641818,,1.7447761149641818,1.7576833851330294,1,3,"gurobi_cb_mip_objbnd_valid_native_bound"
247.92445069999999,247.9203995,"terminal_mip_bound_improvement","L2",1.7447854248250918,,1.7447854248250918,1.7576833851330294,1,3,"gurobi_cb_mip_objbnd_valid_native_bound"
247.94466849999998,247.94061729999999,"terminal_mip_bound_improvement","L2",1.7447970213977575,,1.7447970213977575,1.7576833851330294,1,3,"gurobi_cb_mip_objbnd_valid_native_bound"
247.98304909999999,247.9789979,"terminal_mip_bound_improvement","L2",1.7448031072707235,,1.7448031072707235,1.7576833851330294,1,3,"gurobi_cb_mip_objbnd_valid_native_bound"
248.01955339999998,248.01550219999999,"terminal_mip_bound_improvement","L2",1.7448105431361647,,1.7448105431361647,1.7576833851330294,1,3,"gurobi_cb_mip_objbnd_valid_native_bound"
248.0260127,248.0219615,"terminal_mip_bound_improvement","L2",1.7448215555942304,,1.7448215555942304,1.7576833851330294,1,3,"gurobi_cb_mip_objbnd_valid_native_bound"
248.13038269999998,248.12633149999999,"terminal_mip_bound_improvement","L2",1.7448914148400261,,1.7448914148400261,1.7576833851330294,1,3,"gurobi_cb_mip_objbnd_valid_native_bound"
248.1308319,248.12678070000001,"terminal_mip_bound_improvement","L2",1.7448918477064022,,1.7448918477064022,1.7576833851330294,1,3,"gurobi_cb_mip_objbnd_valid_native_bound"
248.13605989999999,248.1320087,"terminal_mip_bound_improvement","L2",1.7448952177270867,,1.7448952177270867,1.7576833851330294,1,3,"gurobi_cb_mip_objbnd_valid_native_bound"
248.15567289999998,248.15162169999999,"terminal_mip_bound_improvement","L2",1.7449005536575037,,1.7449005536575037,1.7576833851330294,1,3,"gurobi_cb_mip_objbnd_valid_native_bound"
248.15766259999998,248.15361139999999,"terminal_mip_bound_improvement","L2",1.7449033253382713,,1.7449033253382713,1.7576833851330294,1,3,"gurobi_cb_mip_objbnd_valid_native_bound"
248.20534989999999,248.2012987,"terminal_mip_bound_improvement","L2",1.7449192367794386,,1.7449192367794386,1.7576833851330294,1,3,"gurobi_cb_mip_objbnd_valid_native_bound"
248.21200059999998,248.20794939999999,"terminal_mip_bound_improvement","L2",1.744927045930704,,1.744927045930704,1.7576833851330294,1,3,"gurobi_cb_mip_objbnd_valid_native_bound"
248.22010259999999,248.2160514,"terminal_mip_bound_improvement","L2",1.7449512389979074,,1.7449512389979074,1.7576833851330294,1,3,"gurobi_cb_mip_objbnd_valid_native_bound"
248.24194509999998,248.23789389999999,"terminal_mip_bound_improvement","L2",1.7449519106280396,,1.7449519106280396,1.7576833851330294,1,3,"gurobi_cb_mip_objbnd_valid_native_bound"
248.2422469,248.23819570000001,"terminal_mip_bound_improvement","L2",1.7450716029401134,,1.7450716029401134,1.7576833851330294,1,3,"gurobi_cb_mip_objbnd_valid_native_bound"
248.27037039999999,248.2663192,"terminal_mip_bound_improvement","L2",1.7451174185505076,,1.7451174185505076,1.7576833851330294,1,3,"gurobi_cb_mip_objbnd_valid_native_bound"
248.27453169999998,248.27048049999999,"terminal_mip_bound_improvement","L2",1.7451808112197436,,1.7451808112197436,1.7576833851330294,1,3,"gurobi_cb_mip_objbnd_valid_native_bound"
248.28480729999998,248.28075609999999,"terminal_mip_bound_improvement","L2",1.7451816912964471,,1.7451816912964471,1.7576833851330294,1,3,"gurobi_cb_mip_objbnd_valid_native_bound"
248.3013392,248.29728800000001,"terminal_mip_bound_improvement","L2",1.7452209497918982,,1.7452209497918982,1.7576833851330294,1,3,"gurobi_cb_mip_objbnd_valid_native_bound"
248.3169924,248.31294120000001,"terminal_mip_bound_improvement","L2",1.745225205438875,,1.745225205438875,1.7576833851330294,1,3,"gurobi_cb_mip_objbnd_valid_native_bound"
248.32316039999998,248.31910919999999,"terminal_mip_bound_improvement","L2",1.7452527891021292,,1.7452527891021292,1.7576833851330294,1,3,"gurobi_cb_mip_objbnd_valid_native_bound"
248.43763619999999,248.43358499999999,"terminal_mip_bound_improvement","L2",1.7452546708781989,,1.7452546708781989,1.7576833851330294,1,3,"gurobi_cb_mip_objbnd_valid_native_bound"
248.45669089999998,248.45263969999999,"terminal_mip_bound_improvement","L2",1.7452674457288302,,1.7452674457288302,1.7576833851330294,1,3,"gurobi_cb_mip_objbnd_valid_native_bound"
248.4933321,248.48928090000001,"terminal_mip_bound_improvement","L2",1.7452904843239052,,1.7452904843239052,1.7576833851330294,1,3,"gurobi_cb_mip_objbnd_valid_native_bound"
248.496342,248.49229080000001,"terminal_mip_bound_improvement","L2",1.7452959830428543,,1.7452959830428543,1.7576833851330294,1,3,"gurobi_cb_mip_objbnd_valid_native_bound"
248.51226979999998,248.50821859999999,"terminal_mip_bound_improvement","L2",1.7452989420340324,,1.7452989420340324,1.7576833851330294,1,3,"gurobi_cb_mip_objbnd_valid_native_bound"
248.53008850000001,248.52603730000001,"terminal_mip_bound_improvement","L2",1.7453064404341634,,1.7453064404341634,1.7576833851330294,1,3,"gurobi_cb_mip_objbnd_valid_native_bound"
248.53397889999999,248.5299277,"terminal_mip_bound_improvement","L2",1.7453197331361798,,1.7453197331361798,1.7576833851330294,1,3,"gurobi_cb_mip_objbnd_valid_native_bound"
248.6484428,248.64439160000001,"terminal_mip_bound_improvement","L2",1.7453267874483132,,1.7453267874483132,1.7576833851330294,1,3,"gurobi_cb_mip_objbnd_valid_native_bound"
248.64898119999998,248.64492999999999,"terminal_mip_bound_improvement","L2",1.7453560388913116,,1.7453560388913116,1.7576833851330294,1,3,"gurobi_cb_mip_objbnd_valid_native_bound"
248.66821139999999,248.6641602,"terminal_mip_bound_improvement","L2",1.7453589781650856,,1.7453589781650856,1.7576833851330294,1,3,"gurobi_cb_mip_objbnd_valid_native_bound"
248.73831139999999,248.73426019999999,"terminal_mip_bound_improvement","L2",1.7453858082864793,,1.7453858082864793,1.7576833851330294,1,3,"gurobi_cb_mip_objbnd_valid_native_bound"
248.74629149999998,248.74224029999999,"terminal_mip_bound_improvement","L2",1.7453987983381616,,1.7453987983381616,1.7576833851330294,1,3,"gurobi_cb_mip_objbnd_valid_native_bound"
248.76922389999999,248.76517269999999,"terminal_mip_bound_improvement","L2",1.7454089464888329,,1.7454089464888329,1.7576833851330294,1,3,"gurobi_cb_mip_objbnd_valid_native_bound"
248.77319899999998,248.76914779999998,"terminal_mip_bound_improvement","L2",1.7454154352898787,,1.7454154352898787,1.7576833851330294,1,3,"gurobi_cb_mip_objbnd_valid_native_bound"
248.82863139999998,248.82458019999999,"terminal_mip_bound_improvement","L2",1.7454326648717631,,1.7454326648717631,1.7576833851330294,1,3,"gurobi_cb_mip_objbnd_valid_native_bound"
248.8473864,248.84333520000001,"terminal_mip_bound_improvement","L2",1.7454773748955144,,1.7454773748955144,1.7576833851330294,1,3,"gurobi_cb_mip_objbnd_valid_native_bound"
248.886403,248.88235180000001,"terminal_mip_bound_improvement","L2",1.7455237925462483,,1.7455237925462483,1.7576833851330294,1,3,"gurobi_cb_mip_objbnd_valid_native_bound"
248.89117199999998,248.88712079999999,"terminal_mip_bound_improvement","L2",1.7455684962279026,,1.7455684962279026,1.7576833851330294,1,3,"gurobi_cb_mip_objbnd_valid_native_bound"
248.93312999999998,248.92907879999998,"terminal_mip_bound_improvement","L2",1.7455819035217901,,1.7455819035217901,1.7576833851330294,1,3,"gurobi_cb_mip_objbnd_valid_native_bound"
248.93623119999998,248.93217999999999,"terminal_mip_bound_improvement","L2",1.745637358869746,,1.745637358869746,1.7576833851330294,1,3,"gurobi_cb_mip_objbnd_valid_native_bound"
248.9374511,248.93339990000001,"terminal_mip_bound_improvement","L2",1.7456469739689913,,1.7456469739689913,1.7576833851330294,1,3,"gurobi_cb_mip_objbnd_valid_native_bound"
248.9406061,248.9365549,"terminal_mip_bound_improvement","L2",1.7456829501229303,,1.7456829501229303,1.7576833851330294,1,3,"gurobi_cb_mip_objbnd_valid_native_bound"
248.97004269999999,248.9659915,"terminal_mip_bound_improvement","L2",1.7457161004189503,,1.7457161004189503,1.7576833851330294,1,3,"gurobi_cb_mip_objbnd_valid_native_bound"
248.9942743,248.99022310000001,"terminal_mip_bound_improvement","L2",1.7457486212245965,,1.7457486212245965,1.7576833851330294,1,3,"gurobi_cb_mip_objbnd_valid_native_bound"
249.03989809999999,249.0358469,"terminal_mip_bound_improvement","L2",1.745775168788299,,1.745775168788299,1.7576833851330294,1,3,"gurobi_cb_mip_objbnd_valid_native_bound"
249.14371359999998,249.13966239999999,"terminal_mip_bound_improvement","L2",1.745779154197703,,1.745779154197703,1.7576833851330294,1,3,"gurobi_cb_mip_objbnd_valid_native_bound"
249.19310909999999,249.18905789999999,"terminal_mip_bound_improvement","L2",1.7457932243351879,,1.7457932243351879,1.7576833851330294,1,3,"gurobi_cb_mip_objbnd_valid_native_bound"
249.20080529999998,249.19675409999999,"terminal_mip_bound_improvement","L2",1.7458146650776813,,1.7458146650776813,1.7576833851330294,1,3,"gurobi_cb_mip_objbnd_valid_native_bound"
249.23181959999999,249.2277684,"terminal_mip_bound_improvement","L2",1.7458199510105097,,1.7458199510105097,1.7576833851330294,1,3,"gurobi_cb_mip_objbnd_valid_native_bound"
249.23729259999999,249.2332414,"terminal_mip_bound_improvement","L2",1.7458446883923917,,1.7458446883923917,1.7576833851330294,1,3,"gurobi_cb_mip_objbnd_valid_native_bound"
249.2405143,249.23646310000001,"terminal_mip_bound_improvement","L2",1.7458551418999531,,1.7458551418999531,1.7576833851330294,1,3,"gurobi_cb_mip_objbnd_valid_native_bound"
249.25276599999998,249.24871479999999,"terminal_mip_bound_improvement","L2",1.7458644978010667,,1.7458644978010667,1.7576833851330294,1,3,"gurobi_cb_mip_objbnd_valid_native_bound"
249.25360839999999,249.2495572,"terminal_mip_bound_improvement","L2",1.7459176329036716,,1.7459176329036716,1.7576833851330294,1,3,"gurobi_cb_mip_objbnd_valid_native_bound"
249.2543445,249.25029330000001,"terminal_mip_bound_improvement","L2",1.7459233102922027,,1.7459233102922027,1.7576833851330294,1,3,"gurobi_cb_mip_objbnd_valid_native_bound"
249.25495559999999,249.2509044,"terminal_mip_bound_improvement","L2",1.7459644120108855,,1.7459644120108855,1.7576833851330294,1,3,"gurobi_cb_mip_objbnd_valid_native_bound"
249.29721859999998,249.29316739999999,"terminal_mip_bound_improvement","L2",1.7459786927390926,,1.7459786927390926,1.7576833851330294,1,3,"gurobi_cb_mip_objbnd_valid_native_bound"
249.3207108,249.31665960000001,"terminal_mip_bound_improvement","L2",1.7460145010539072,,1.7460145010539072,1.7576833851330294,1,3,"gurobi_cb_mip_objbnd_valid_native_bound"
249.4391688,249.43511760000001,"terminal_mip_bound_improvement","L2",1.746034497434628,,1.746034497434628,1.7576833851330294,1,3,"gurobi_cb_mip_objbnd_valid_native_bound"
249.4401565,249.43610530000001,"terminal_mip_bound_improvement","L2",1.7461019186901245,,1.7461019186901245,1.7576833851330294,1,3,"gurobi_cb_mip_objbnd_valid_native_bound"
249.46524049999999,249.4611893,"terminal_mip_bound_improvement","L2",1.7461044699066417,,1.7461044699066417,1.7576833851330294,1,3,"gurobi_cb_mip_objbnd_valid_native_bound"
249.4672387,249.4631875,"terminal_mip_bound_improvement","L2",1.7461180814834909,,1.7461180814834909,1.7576833851330294,1,3,"gurobi_cb_mip_objbnd_valid_native_bound"
249.52370379999999,249.5196526,"terminal_mip_bound_improvement","L2",1.7461970766971948,,1.7461970766971948,1.7576833851330294,1,3,"gurobi_cb_mip_objbnd_valid_native_bound"
249.64613929999999,249.6420881,"terminal_mip_bound_improvement","L2",1.7462184050305425,,1.7462184050305425,1.7576833851330294,1,3,"gurobi_cb_mip_objbnd_valid_native_bound"
249.64907149999999,249.6450203,"terminal_mip_bound_improvement","L2",1.7462271123321262,,1.7462271123321262,1.7576833851330294,1,3,"gurobi_cb_mip_objbnd_valid_native_bound"
249.7008064,249.69675520000001,"terminal_mip_bound_improvement","L2",1.7462961960068148,,1.7462961960068148,1.7576833851330294,1,3,"gurobi_cb_mip_objbnd_valid_native_bound"
249.78833419999998,249.78428299999999,"terminal_mip_bound_improvement","L2",1.7463256080896197,,1.7463256080896197,1.7576833851330294,1,3,"gurobi_cb_mip_objbnd_valid_native_bound"
249.78947389999999,249.7854227,"terminal_mip_bound_improvement","L2",1.7463299942078712,,1.7463299942078712,1.7576833851330294,1,3,"gurobi_cb_mip_objbnd_valid_native_bound"
249.80225999999999,249.7982088,"terminal_mip_bound_improvement","L2",1.7463927841652855,,1.7463927841652855,1.7576833851330294,1,3,"gurobi_cb_mip_objbnd_valid_native_bound"
249.80691189999999,249.8028607,"terminal_mip_bound_improvement","L2",1.7464038516160207,,1.7464038516160207,1.7576833851330294,1,3,"gurobi_cb_mip_objbnd_valid_native_bound"
249.85031849999999,249.84626729999999,"terminal_mip_bound_improvement","L2",1.7464278323766023,,1.7464278323766023,1.7576833851330294,1,3,"gurobi_cb_mip_objbnd_valid_native_bound"
249.90015889999998,249.89610769999999,"terminal_mip_bound_improvement","L2",1.7464447976684276,,1.7464447976684276,1.7576833851330294,1,3,"gurobi_cb_mip_objbnd_valid_native_bound"
250.06241979999999,250.05836859999999,"terminal_mip_bound_improvement","L2",1.7465998253010746,,1.7465998253010746,1.7576833851330294,1,3,"gurobi_cb_mip_objbnd_valid_native_bound"
250.08243329999999,250.0783821,"terminal_mip_bound_improvement","L2",1.7466423237138089,,1.7466423237138089,1.7576833851330294,1,3,"gurobi_cb_mip_objbnd_valid_native_bound"
250.0928639,250.08881270000001,"terminal_mip_bound_improvement","L2",1.746671686521446,,1.746671686521446,1.7576833851330294,1,3,"gurobi_cb_mip_objbnd_valid_native_bound"
250.10647549999999,250.1024243,"terminal_mip_bound_improvement","L2",1.7467231406180042,,1.7467231406180042,1.7576833851330294,1,3,"gurobi_cb_mip_objbnd_valid_native_bound"
250.16325499999999,250.1592038,"terminal_mip_bound_improvement","L2",1.746740202698372,,1.746740202698372,1.7576833851330294,1,3,"gurobi_cb_mip_objbnd_valid_native_bound"
250.16769979999998,250.16364859999999,"terminal_mip_bound_improvement","L2",1.7468579206267056,,1.7468579206267056,1.7576833851330294,1,3,"gurobi_cb_mip_objbnd_valid_native_bound"
250.17697809999999,250.17292689999999,"terminal_mip_bound_improvement","L2",1.7468701976943732,,1.7468701976943732,1.7576833851330294,1,3,"gurobi_cb_mip_objbnd_valid_native_bound"
250.19496459999999,250.1909134,"terminal_mip_bound_improvement","L2",1.7468801633043507,,1.7468801633043507,1.7576833851330294,1,3,"gurobi_cb_mip_objbnd_valid_native_bound"
250.32264979999999,250.3185986,"terminal_mip_bound_improvement","L2",1.7469397892870295,,1.7469397892870295,1.7576833851330294,1,3,"gurobi_cb_mip_objbnd_valid_native_bound"
250.36653669999998,250.36248549999999,"terminal_mip_bound_improvement","L2",1.7469608418519942,,1.7469608418519942,1.7576833851330294,1,3,"gurobi_cb_mip_objbnd_valid_native_bound"
250.43345679999999,250.4294056,"terminal_mip_bound_improvement","L2",1.7469629489412053,,1.7469629489412053,1.7576833851330294,1,3,"gurobi_cb_mip_objbnd_valid_native_bound"
250.43450559999999,250.4304544,"terminal_mip_bound_improvement","L2",1.7469724988515103,,1.7469724988515103,1.7576833851330294,1,3,"gurobi_cb_mip_objbnd_valid_native_bound"
250.43684949999999,250.4327983,"terminal_mip_bound_improvement","L2",1.7469999273748236,,1.7469999273748236,1.7576833851330294,1,3,"gurobi_cb_mip_objbnd_valid_native_bound"
250.4458612,250.44181,"terminal_mip_bound_improvement","L2",1.7470042045827148,,1.7470042045827148,1.7576833851330294,1,3,"gurobi_cb_mip_objbnd_valid_native_bound"
250.45093319999998,250.44688199999999,"terminal_mip_bound_improvement","L2",1.747029917663075,,1.747029917663075,1.7576833851330294,1,3,"gurobi_cb_mip_objbnd_valid_native_bound"
250.47586369999999,250.4718125,"terminal_mip_bound_improvement","L2",1.7471407805400891,,1.7471407805400891,1.7576833851330294,1,3,"gurobi_cb_mip_objbnd_valid_native_bound"
250.47718359999999,250.4731324,"terminal_mip_bound_improvement","L2",1.7471437525141527,,1.7471437525141527,1.7576833851330294,1,3,"gurobi_cb_mip_objbnd_valid_native_bound"
250.4986389,250.49458770000001,"terminal_mip_bound_improvement","L2",1.747157241205143,,1.747157241205143,1.7576833851330294,1,3,"gurobi_cb_mip_objbnd_valid_native_bound"
250.49997569999999,250.4959245,"terminal_mip_bound_improvement","L2",1.7471756488472665,,1.7471756488472665,1.7576833851330294,1,3,"gurobi_cb_mip_objbnd_valid_native_bound"
250.51135859999999,250.5073074,"terminal_mip_bound_improvement","L2",1.7471793792659616,,1.7471793792659616,1.7576833851330294,1,3,"gurobi_cb_mip_objbnd_valid_native_bound"
250.53813449999998,250.53408329999999,"terminal_mip_bound_improvement","L2",1.7471859504045191,,1.7471859504045191,1.7576833851330294,1,3,"gurobi_cb_mip_objbnd_valid_native_bound"
250.59915599999999,250.5951048,"terminal_mip_bound_improvement","L2",1.7471887655441734,,1.7471887655441734,1.7576833851330294,1,3,"gurobi_cb_mip_objbnd_valid_native_bound"
250.60394539999999,250.59989419999999,"terminal_mip_bound_improvement","L2",1.7471955392150074,,1.7471955392150074,1.7576833851330294,1,3,"gurobi_cb_mip_objbnd_valid_native_bound"
250.62933989999999,250.6252887,"terminal_mip_bound_improvement","L2",1.7472233766003766,,1.7472233766003766,1.7576833851330294,1,3,"gurobi_cb_mip_objbnd_valid_native_bound"
250.6380461,250.6339949,"terminal_mip_bound_improvement","L2",1.7472291932513426,,1.7472291932513426,1.7576833851330294,1,3,"gurobi_cb_mip_objbnd_valid_native_bound"
250.66947639999998,250.66542519999999,"terminal_mip_bound_improvement","L2",1.7472331466189484,,1.7472331466189484,1.7576833851330294,1,3,"gurobi_cb_mip_objbnd_valid_native_bound"
250.6714613,250.66741010000001,"terminal_mip_bound_improvement","L2",1.7472389293994104,,1.7472389293994104,1.7576833851330294,1,3,"gurobi_cb_mip_objbnd_valid_native_bound"
250.6967894,250.69273820000001,"terminal_mip_bound_improvement","L2",1.7472418091283475,,1.7472418091283475,1.7576833851330294,1,3,"gurobi_cb_mip_objbnd_valid_native_bound"
250.70267319999999,250.698622,"terminal_mip_bound_improvement","L2",1.7472464412744309,,1.7472464412744309,1.7576833851330294,1,3,"gurobi_cb_mip_objbnd_valid_native_bound"
250.70430639999998,250.70025519999999,"terminal_mip_bound_improvement","L2",1.7472840441543969,,1.7472840441543969,1.7576833851330294,1,3,"gurobi_cb_mip_objbnd_valid_native_bound"
250.75833609999998,250.75428489999999,"terminal_mip_bound_improvement","L2",1.7472910232251391,,1.7472910232251391,1.7576833851330294,1,3,"gurobi_cb_mip_objbnd_valid_native_bound"
250.7597652,250.75571400000001,"terminal_mip_bound_improvement","L2",1.747292621285315,,1.747292621285315,1.7576833851330294,1,3,"gurobi_cb_mip_objbnd_valid_native_bound"
250.80799729999998,250.80394609999999,"terminal_mip_bound_improvement","L2",1.7472975356335227,,1.7472975356335227,1.7576833851330294,1,3,"gurobi_cb_mip_objbnd_valid_native_bound"
250.8139865,250.80993530000001,"terminal_mip_bound_improvement","L2",1.7473160138061761,,1.7473160138061761,1.7576833851330294,1,3,"gurobi_cb_mip_objbnd_valid_native_bound"
250.81707749999998,250.81302629999999,"terminal_mip_bound_improvement","L2",1.7473186645514169,,1.7473186645514169,1.7576833851330294,1,3,"gurobi_cb_mip_objbnd_valid_native_bound"
250.81717129999998,250.81312009999999,"terminal_mip_bound_improvement","L2",1.7473680438375476,,1.7473680438375476,1.7576833851330294,1,3,"gurobi_cb_mip_objbnd_valid_native_bound"
250.89725099999998,250.89319979999999,"terminal_mip_bound_improvement","L2",1.747368332048564,,1.747368332048564,1.7576833851330294,1,3,"gurobi_cb_mip_objbnd_valid_native_bound"
250.8989191,250.89486790000001,"terminal_mip_bound_improvement","L2",1.7473823366099539,,1.7473823366099539,1.7576833851330294,1,3,"gurobi_cb_mip_objbnd_valid_native_bound"
250.9268079,250.92275670000001,"terminal_mip_bound_improvement","L2",1.7473848805105754,,1.7473848805105754,1.7576833851330294,1,3,"gurobi_cb_mip_objbnd_valid_native_bound"
250.93913359999999,250.9350824,"terminal_mip_bound_improvement","L2",1.7473903230724037,,1.7473903230724037,1.7576833851330294,1,3,"gurobi_cb_mip_objbnd_valid_native_bound"
250.94054629999999,250.9364951,"terminal_mip_bound_improvement","L2",1.7474033786798056,,1.7474033786798056,1.7576833851330294,1,3,"gurobi_cb_mip_objbnd_valid_native_bound"
250.97972799999999,250.9756768,"terminal_mip_bound_improvement","L2",1.7474142086440418,,1.7474142086440418,1.7576833851330294,1,3,"gurobi_cb_mip_objbnd_valid_native_bound"
251.00143269999998,250.99738149999999,"terminal_mip_bound_improvement","L2",1.7474174359801129,,1.7474174359801129,1.7576833851330294,1,3,"gurobi_cb_mip_objbnd_valid_native_bound"
251.0072606,251.0032094,"terminal_mip_bound_improvement","L2",1.747422049328168,,1.747422049328168,1.7576833851330294,1,3,"gurobi_cb_mip_objbnd_valid_native_bound"
251.00846439999998,251.00441319999999,"terminal_mip_bound_improvement","L2",1.7474285956333981,,1.7474285956333981,1.7576833851330294,1,3,"gurobi_cb_mip_objbnd_valid_native_bound"
251.02877619999998,251.02472499999999,"terminal_mip_bound_improvement","L2",1.747437521526731,,1.747437521526731,1.7576833851330294,1,3,"gurobi_cb_mip_objbnd_valid_native_bound"
251.04237379999998,251.03832259999999,"terminal_mip_bound_improvement","L2",1.7474822814635445,,1.7474822814635445,1.7576833851330294,1,3,"gurobi_cb_mip_objbnd_valid_native_bound"
251.04356969999998,251.03951849999999,"terminal_mip_bound_improvement","L2",1.7475556009292199,,1.7475556009292199,1.7576833851330294,1,3,"gurobi_cb_mip_objbnd_valid_native_bound"
251.0592887,251.0552375,"terminal_mip_bound_improvement","L2",1.7475730974058565,,1.7475730974058565,1.7576833851330294,1,3,"gurobi_cb_mip_objbnd_valid_native_bound"
251.0649894,251.06093820000001,"terminal_mip_bound_improvement","L2",1.7476069240084811,,1.7476069240084811,1.7576833851330294,1,3,"gurobi_cb_mip_objbnd_valid_native_bound"
251.06630009999998,251.06224889999999,"terminal_mip_bound_improvement","L2",1.7476203496382778,,1.7476203496382778,1.7576833851330294,1,3,"gurobi_cb_mip_objbnd_valid_native_bound"
251.08871789999998,251.08466669999999,"terminal_mip_bound_improvement","L2",1.7476452700116643,,1.7476452700116643,1.7576833851330294,1,3,"gurobi_cb_mip_objbnd_valid_native_bound"
251.13445149999998,251.13040029999999,"terminal_mip_bound_improvement","L2",1.7476465856122998,,1.7476465856122998,1.7576833851330294,1,3,"gurobi_cb_mip_objbnd_valid_native_bound"
251.1458658,251.1418146,"terminal_mip_bound_improvement","L2",1.7476531817000642,,1.7476531817000642,1.7576833851330294,1,3,"gurobi_cb_mip_objbnd_valid_native_bound"
251.14784599999999,251.14379479999999,"terminal_mip_bound_improvement","L2",1.7476992783769532,,1.7476992783769532,1.7576833851330294,1,3,"gurobi_cb_mip_objbnd_valid_native_bound"
251.17965079999999,251.1755996,"terminal_mip_bound_improvement","L2",1.7477288924991625,,1.7477288924991625,1.7576833851330294,1,3,"gurobi_cb_mip_objbnd_valid_native_bound"
251.24722979999999,251.24317859999999,"terminal_mip_bound_improvement","L2",1.7477313225381743,,1.7477313225381743,1.7576833851330294,1,3,"gurobi_cb_mip_objbnd_valid_native_bound"
251.24851039999999,251.24445919999999,"terminal_mip_bound_improvement","L2",1.7477343798013318,,1.7477343798013318,1.7576833851330294,1,3,"gurobi_cb_mip_objbnd_valid_native_bound"
251.2614816,251.2574304,"terminal_mip_bound_improvement","L2",1.7477366036492303,,1.7477366036492303,1.7576833851330294,1,3,"gurobi_cb_mip_objbnd_valid_native_bound"
251.26459499999999,251.26054379999999,"terminal_mip_bound_improvement","L2",1.7477411904311611,,1.7477411904311611,1.7576833851330294,1,3,"gurobi_cb_mip_objbnd_valid_native_bound"
251.28892689999998,251.28487569999999,"terminal_mip_bound_improvement","L2",1.7477502645503464,,1.7477502645503464,1.7576833851330294,1,3,"gurobi_cb_mip_objbnd_valid_native_bound"
251.29155749999998,251.28750629999999,"terminal_mip_bound_improvement","L2",1.7477825657390036,,1.7477825657390036,1.7576833851330294,1,3,"gurobi_cb_mip_objbnd_valid_native_bound"
251.2948136,251.29076240000001,"terminal_mip_bound_improvement","L2",1.7477963004828905,,1.7477963004828905,1.7576833851330294,1,3,"gurobi_cb_mip_objbnd_valid_native_bound"
251.29559499999999,251.2915438,"terminal_mip_bound_improvement","L2",1.7478060179671837,,1.7478060179671837,1.7576833851330294,1,3,"gurobi_cb_mip_objbnd_valid_native_bound"
251.29933449999999,251.29528329999999,"terminal_mip_bound_improvement","L2",1.7478176422597322,,1.7478176422597322,1.7576833851330294,1,3,"gurobi_cb_mip_objbnd_valid_native_bound"
251.32211229999999,251.31806109999999,"terminal_mip_bound_improvement","L2",1.7478186555036648,,1.7478186555036648,1.7576833851330294,1,3,"gurobi_cb_mip_objbnd_valid_native_bound"
251.3235727,251.31952150000001,"terminal_mip_bound_improvement","L2",1.7478328183812319,,1.7478328183812319,1.7576833851330294,1,3,"gurobi_cb_mip_objbnd_valid_native_bound"
251.33969969999998,251.33564849999999,"terminal_mip_bound_improvement","L2",1.7478497613374739,,1.7478497613374739,1.7576833851330294,1,3,"gurobi_cb_mip_objbnd_valid_native_bound"
251.35433659999998,251.35028539999999,"terminal_mip_bound_improvement","L2",1.7478567940215506,,1.7478567940215506,1.7576833851330294,1,3,"gurobi_cb_mip_objbnd_valid_native_bound"
251.3807339,251.3766827,"terminal_mip_bound_improvement","L2",1.7478575860639063,,1.7478575860639063,1.7576833851330294,1,3,"gurobi_cb_mip_objbnd_valid_native_bound"
251.3820906,251.37803940000001,"terminal_mip_bound_improvement","L2",1.7478736892453397,,1.7478736892453397,1.7576833851330294,1,3,"gurobi_cb_mip_objbnd_valid_native_bound"
251.39632829999999,251.3922771,"terminal_mip_bound_improvement","L2",1.747874844099927,,1.747874844099927,1.7576833851330294,1,3,"gurobi_cb_mip_objbnd_valid_native_bound"
251.39900399999999,251.3949528,"terminal_mip_bound_improvement","L2",1.7478748486592448,,1.7478748486592448,1.7576833851330294,1,3,"gurobi_cb_mip_objbnd_valid_native_bound"
251.41728609999998,251.41323489999999,"terminal_mip_bound_improvement","L2",1.7478819400444892,,1.7478819400444892,1.7576833851330294,1,3,"gurobi_cb_mip_objbnd_valid_native_bound"
251.41867379999999,251.4146226,"terminal_mip_bound_improvement","L2",1.747890706227164,,1.747890706227164,1.7576833851330294,1,3,"gurobi_cb_mip_objbnd_valid_native_bound"
251.44793279999999,251.4438816,"terminal_mip_bound_improvement","L2",1.7479072157008864,,1.7479072157008864,1.7576833851330294,1,3,"gurobi_cb_mip_objbnd_valid_native_bound"
251.46691479999998,251.46286359999999,"terminal_mip_bound_improvement","L2",1.7479096651364936,,1.7479096651364936,1.7576833851330294,1,3,"gurobi_cb_mip_objbnd_valid_native_bound"
251.47015099999999,251.46609979999999,"terminal_mip_bound_improvement","L2",1.7479177718332195,,1.7479177718332195,1.7576833851330294,1,3,"gurobi_cb_mip_objbnd_valid_native_bound"
251.48080819999998,251.47675699999999,"terminal_mip_bound_improvement","L2",1.7479426683588868,,1.7479426683588868,1.7576833851330294,1,3,"gurobi_cb_mip_objbnd_valid_native_bound"
251.51253209999999,251.5084809,"terminal_mip_bound_improvement","L2",1.7479430700079723,,1.7479430700079723,1.7576833851330294,1,3,"gurobi_cb_mip_objbnd_valid_native_bound"
251.51419709999999,251.5101459,"terminal_mip_bound_improvement","L2",1.7479677682098982,,1.7479677682098982,1.7576833851330294,1,3,"gurobi_cb_mip_objbnd_valid_native_bound"
251.53017919999999,251.526128,"terminal_mip_bound_improvement","L2",1.7479725289104129,,1.7479725289104129,1.7576833851330294,1,3,"gurobi_cb_mip_objbnd_valid_native_bound"
251.5326598,251.52860860000001,"terminal_mip_bound_improvement","L2",1.747979846346271,,1.747979846346271,1.7576833851330294,1,3,"gurobi_cb_mip_objbnd_valid_native_bound"
251.538625,251.5345738,"terminal_mip_bound_improvement","L2",1.7479852507484062,,1.7479852507484062,1.7576833851330294,1,3,"gurobi_cb_mip_objbnd_valid_native_bound"
251.54654829999998,251.54249709999999,"terminal_mip_bound_improvement","L2",1.7479970082976237,,1.7479970082976237,1.7576833851330294,1,3,"gurobi_cb_mip_objbnd_valid_native_bound"
251.56134939999998,251.55729819999999,"terminal_mip_bound_improvement","L2",1.7480074037093807,,1.7480074037093807,1.7576833851330294,1,3,"gurobi_cb_mip_objbnd_valid_native_bound"
251.58566389999999,251.58161269999999,"terminal_mip_bound_improvement","L2",1.7480142750964991,,1.7480142750964991,1.7576833851330294,1,3,"gurobi_cb_mip_objbnd_valid_native_bound"
251.58853199999999,251.58448079999999,"terminal_mip_bound_improvement","L2",1.7480219677793667,,1.7480219677793667,1.7576833851330294,1,3,"gurobi_cb_mip_objbnd_valid_native_bound"
251.5908982,251.58684700000001,"terminal_mip_bound_improvement","L2",1.7480286781065901,,1.7480286781065901,1.7576833851330294,1,3,"gurobi_cb_mip_objbnd_valid_native_bound"
251.62627559999999,251.62222439999999,"terminal_mip_bound_improvement","L2",1.7480307593577886,,1.7480307593577886,1.7576833851330294,1,3,"gurobi_cb_mip_objbnd_valid_native_bound"
251.62795849999998,251.62390729999998,"terminal_mip_bound_improvement","L2",1.7480370486059449,,1.7480370486059449,1.7576833851330294,1,3,"gurobi_cb_mip_objbnd_valid_native_bound"
251.64920939999999,251.6451582,"terminal_mip_bound_improvement","L2",1.7480408396208895,,1.7480408396208895,1.7576833851330294,1,3,"gurobi_cb_mip_objbnd_valid_native_bound"
251.66317719999998,251.65912599999999,"terminal_mip_bound_improvement","L2",1.7480572262064884,,1.7480572262064884,1.7576833851330294,1,3,"gurobi_cb_mip_objbnd_valid_native_bound"
251.66502369999998,251.66097249999999,"terminal_mip_bound_improvement","L2",1.7480652209574976,,1.7480652209574976,1.7576833851330294,1,3,"gurobi_cb_mip_objbnd_valid_native_bound"
251.6786946,251.67464340000001,"terminal_mip_bound_improvement","L2",1.7480873301590376,,1.7480873301590376,1.7576833851330294,1,3,"gurobi_cb_mip_objbnd_valid_native_bound"
251.68995289999998,251.68590169999999,"terminal_mip_bound_improvement","L2",1.7480884002588568,,1.7480884002588568,1.7576833851330294,1,3,"gurobi_cb_mip_objbnd_valid_native_bound"
251.7003421,251.69629090000001,"terminal_mip_bound_improvement","L2",1.7480934185729124,,1.7480934185729124,1.7576833851330294,1,3,"gurobi_cb_mip_objbnd_valid_native_bound"
251.7024376,251.6983864,"terminal_mip_bound_improvement","L2",1.7480979545539916,,1.7480979545539916,1.7576833851330294,1,3,"gurobi_cb_mip_objbnd_valid_native_bound"
251.70788399999998,251.70383279999999,"terminal_mip_bound_improvement","L2",1.7480984870541132,,1.7480984870541132,1.7576833851330294,1,3,"gurobi_cb_mip_objbnd_valid_native_bound"
251.70918419999998,251.70513299999999,"terminal_mip_bound_improvement","L2",1.7481157183399212,,1.7481157183399212,1.7576833851330294,1,3,"gurobi_cb_mip_objbnd_valid_native_bound"
251.72938249999999,251.72533129999999,"terminal_mip_bound_improvement","L2",1.7481226402175403,,1.7481226402175403,1.7576833851330294,1,3,"gurobi_cb_mip_objbnd_valid_native_bound"
251.73100689999998,251.72695569999999,"terminal_mip_bound_improvement","L2",1.748126678495143,,1.748126678495143,1.7576833851330294,1,3,"gurobi_cb_mip_objbnd_valid_native_bound"
251.7716939,251.76764270000001,"terminal_mip_bound_improvement","L2",1.7481324206541573,,1.7481324206541573,1.7576833851330294,1,3,"gurobi_cb_mip_objbnd_valid_native_bound"
251.79644009999998,251.79238889999999,"terminal_mip_bound_improvement","L2",1.7481430300721306,,1.7481430300721306,1.7576833851330294,1,3,"gurobi_cb_mip_objbnd_valid_native_bound"
251.80283549999999,251.79878429999999,"terminal_mip_bound_improvement","L2",1.7481581133497355,,1.7481581133497355,1.7576833851330294,1,3,"gurobi_cb_mip_objbnd_valid_native_bound"
251.82301269999999,251.8189615,"terminal_mip_bound_improvement","L2",1.7481594118336181,,1.7481594118336181,1.7576833851330294,1,3,"gurobi_cb_mip_objbnd_valid_native_bound"
251.8293851,251.8253339,"terminal_mip_bound_improvement","L2",1.7481770164647963,,1.7481770164647963,1.7576833851330294,1,3,"gurobi_cb_mip_objbnd_valid_native_bound"
251.8329962,251.828945,"terminal_mip_bound_improvement","L2",1.7481793957677465,,1.7481793957677465,1.7576833851330294,1,3,"gurobi_cb_mip_objbnd_valid_native_bound"
251.85562729999998,251.85157609999999,"terminal_mip_bound_improvement","L2",1.7481857919283588,,1.7481857919283588,1.7576833851330294,1,3,"gurobi_cb_mip_objbnd_valid_native_bound"
251.86705669999998,251.86300549999999,"terminal_mip_bound_improvement","L2",1.7481899210919425,,1.7481899210919425,1.7576833851330294,1,3,"gurobi_cb_mip_objbnd_valid_native_bound"
251.86823569999999,251.86418449999999,"terminal_mip_bound_improvement","L2",1.7481905823031998,,1.7481905823031998,1.7576833851330294,1,3,"gurobi_cb_mip_objbnd_valid_native_bound"
251.87418979999998,251.87013859999999,"terminal_mip_bound_improvement","L2",1.7481915462176116,,1.7481915462176116,1.7576833851330294,1,3,"gurobi_cb_mip_objbnd_valid_native_bound"
251.8866314,251.88258020000001,"terminal_mip_bound_improvement","L2",1.7481920468576881,,1.7481920468576881,1.7576833851330294,1,3,"gurobi_cb_mip_objbnd_valid_native_bound"
251.8887862,251.88473500000001,"terminal_mip_bound_improvement","L2",1.7482049973294862,,1.7482049973294862,1.7576833851330294,1,3,"gurobi_cb_mip_objbnd_valid_native_bound"
251.89199929999998,251.88794809999999,"terminal_mip_bound_improvement","L2",1.7482052453343606,,1.7482052453343606,1.7576833851330294,1,3,"gurobi_cb_mip_objbnd_valid_native_bound"
251.89623649999999,251.89218529999999,"terminal_mip_bound_improvement","L2",1.748213334763409,,1.748213334763409,1.7576833851330294,1,3,"gurobi_cb_mip_objbnd_valid_native_bound"
251.91784999999999,251.9137988,"terminal_mip_bound_improvement","L2",1.7482149592335474,,1.7482149592335474,1.7576833851330294,1,3,"gurobi_cb_mip_objbnd_valid_native_bound"
251.94015690000001,251.93610570000001,"terminal_mip_bound_improvement","L2",1.7482176515143995,,1.7482176515143995,1.7576833851330294,1,3,"gurobi_cb_mip_objbnd_valid_native_bound"
251.96330159999999,251.9592504,"terminal_mip_bound_improvement","L2",1.7482220109342375,,1.7482220109342375,1.7576833851330294,1,3,"gurobi_cb_mip_objbnd_valid_native_bound"
251.99382129999998,251.98977009999999,"terminal_mip_bound_improvement","L2",1.7482328580662085,,1.7482328580662085,1.7576833851330294,1,3,"gurobi_cb_mip_objbnd_valid_native_bound"
252.006372,252.00232080000001,"terminal_mip_bound_improvement","L2",1.7482393453586815,,1.7482393453586815,1.7576833851330294,1,3,"gurobi_cb_mip_objbnd_valid_native_bound"
252.0295902,252.02553900000001,"terminal_mip_bound_improvement","L2",1.7482572005031005,,1.7482572005031005,1.7576833851330294,1,3,"gurobi_cb_mip_objbnd_valid_native_bound"
252.03047599999999,252.0264248,"terminal_mip_bound_improvement","L2",1.7482602864060459,,1.7482602864060459,1.7576833851330294,1,3,"gurobi_cb_mip_objbnd_valid_native_bound"
252.05141709999998,252.04736589999999,"terminal_mip_bound_improvement","L2",1.7482637944288297,,1.7482637944288297,1.7576833851330294,1,3,"gurobi_cb_mip_objbnd_valid_native_bound"
252.05279609999999,252.0487449,"terminal_mip_bound_improvement","L2",1.7482665010341725,,1.7482665010341725,1.7576833851330294,1,3,"gurobi_cb_mip_objbnd_valid_native_bound"
252.06517399999998,252.06112279999999,"terminal_mip_bound_improvement","L2",1.7482788366458635,,1.7482788366458635,1.7576833851330294,1,3,"gurobi_cb_mip_objbnd_valid_native_bound"
252.066101,252.06204980000001,"terminal_mip_bound_improvement","L2",1.7482860779612752,,1.7482860779612752,1.7576833851330294,1,3,"gurobi_cb_mip_objbnd_valid_native_bound"
252.0776007,252.07354950000001,"terminal_mip_bound_improvement","L2",1.7482949418000742,,1.7482949418000742,1.7576833851330294,1,3,"gurobi_cb_mip_objbnd_valid_native_bound"
252.08321429999998,252.07916309999999,"terminal_mip_bound_improvement","L2",1.7483035989334075,,1.7483035989334075,1.7576833851330294,1,3,"gurobi_cb_mip_objbnd_valid_native_bound"
252.08452349999999,252.0804723,"terminal_mip_bound_improvement","L2",1.7483055120366711,,1.7483055120366711,1.7576833851330294,1,3,"gurobi_cb_mip_objbnd_valid_native_bound"
252.09348879999999,252.0894376,"terminal_mip_bound_improvement","L2",1.7483126531204194,,1.7483126531204194,1.7576833851330294,1,3,"gurobi_cb_mip_objbnd_valid_native_bound"
252.0980477,252.0939965,"terminal_mip_bound_improvement","L2",1.748333023055906,,1.748333023055906,1.7576833851330294,1,3,"gurobi_cb_mip_objbnd_valid_native_bound"
252.11171439999998,252.10766319999999,"terminal_mip_bound_improvement","L2",1.7483542999246886,,1.7483542999246886,1.7576833851330294,1,3,"gurobi_cb_mip_objbnd_valid_native_bound"
252.1264156,252.12236440000001,"terminal_mip_bound_improvement","L2",1.7483753363322982,,1.7483753363322982,1.7576833851330294,1,3,"gurobi_cb_mip_objbnd_valid_native_bound"
252.12906839999999,252.1250172,"terminal_mip_bound_improvement","L2",1.7484039313481738,,1.7484039313481738,1.7576833851330294,1,3,"gurobi_cb_mip_objbnd_valid_native_bound"
252.1335181,252.12946690000001,"terminal_mip_bound_improvement","L2",1.7484124724590211,,1.7484124724590211,1.7576833851330294,1,3,"gurobi_cb_mip_objbnd_valid_native_bound"
252.13442739999999,252.1303762,"terminal_mip_bound_improvement","L2",1.7484160076760134,,1.7484160076760134,1.7576833851330294,1,3,"gurobi_cb_mip_objbnd_valid_native_bound"
252.13527539999998,252.13122419999999,"terminal_mip_bound_improvement","L2",1.7484214109043601,,1.7484214109043601,1.7576833851330294,1,3,"gurobi_cb_mip_objbnd_valid_native_bound"
252.1381465,252.13409530000001,"terminal_mip_bound_improvement","L2",1.7484214225440864,,1.7484214225440864,1.7576833851330294,1,3,"gurobi_cb_mip_objbnd_valid_native_bound"
252.14088229999999,252.13683109999999,"terminal_mip_bound_improvement","L2",1.7484279584888973,,1.7484279584888973,1.7576833851330294,1,3,"gurobi_cb_mip_objbnd_valid_native_bound"
252.2076017,252.20355050000001,"terminal_mip_bound_improvement","L2",1.7484693647713117,,1.7484693647713117,1.7576833851330294,1,3,"gurobi_cb_mip_objbnd_valid_native_bound"
252.2093126,252.20526140000001,"terminal_mip_bound_improvement","L2",1.7484777552784718,,1.7484777552784718,1.7576833851330294,1,3,"gurobi_cb_mip_objbnd_valid_native_bound"
252.24606199999999,252.2420108,"terminal_mip_bound_improvement","L2",1.7484906503383892,,1.7484906503383892,1.7576833851330294,1,3,"gurobi_cb_mip_objbnd_valid_native_bound"
252.24836159999998,252.24431039999999,"terminal_mip_bound_improvement","L2",1.7484941198232564,,1.7484941198232564,1.7576833851330294,1,3,"gurobi_cb_mip_objbnd_valid_native_bound"
252.24926529999999,252.2452141,"terminal_mip_bound_improvement","L2",1.7484992845658491,,1.7484992845658491,1.7576833851330294,1,3,"gurobi_cb_mip_objbnd_valid_native_bound"
252.2523444,252.24829320000001,"terminal_mip_bound_improvement","L2",1.7485046379451561,,1.7485046379451561,1.7576833851330294,1,3,"gurobi_cb_mip_objbnd_valid_native_bound"
252.257431,252.2533798,"terminal_mip_bound_improvement","L2",1.7485064589648718,,1.7485064589648718,1.7576833851330294,1,3,"gurobi_cb_mip_objbnd_valid_native_bound"
252.25863089999999,252.25457969999999,"terminal_mip_bound_improvement","L2",1.7485129708388161,,1.7485129708388161,1.7576833851330294,1,3,"gurobi_cb_mip_objbnd_valid_native_bound"
252.2776648,252.2736136,"terminal_mip_bound_improvement","L2",1.7485131298978207,,1.7485131298978207,1.7576833851330294,1,3,"gurobi_cb_mip_objbnd_valid_native_bound"
252.29064689999998,252.28659569999999,"terminal_mip_bound_improvement","L2",1.7485216810598472,,1.7485216810598472,1.7576833851330294,1,3,"gurobi_cb_mip_objbnd_valid_native_bound"
252.2910579,252.28700670000001,"terminal_mip_bound_improvement","L2",1.7485689050171875,,1.7485689050171875,1.7576833851330294,1,3,"gurobi_cb_mip_objbnd_valid_native_bound"
252.30794359999999,252.3038924,"terminal_mip_bound_improvement","L2",1.748570181600607,,1.748570181600607,1.7576833851330294,1,3,"gurobi_cb_mip_objbnd_valid_native_bound"
252.32421069999998,252.32015949999999,"terminal_mip_bound_improvement","L2",1.7485727729073826,,1.7485727729073826,1.7576833851330294,1,3,"gurobi_cb_mip_objbnd_valid_native_bound"
252.32553379999999,252.3214826,"terminal_mip_bound_improvement","L2",1.748578835345151,,1.748578835345151,1.7576833851330294,1,3,"gurobi_cb_mip_objbnd_valid_native_bound"
252.33485589999998,252.33080469999999,"terminal_mip_bound_improvement","L2",1.7485943200107712,,1.7485943200107712,1.7576833851330294,1,3,"gurobi_cb_mip_objbnd_valid_native_bound"
252.35898749999998,252.35493629999999,"terminal_mip_bound_improvement","L2",1.7485945720460803,,1.7485945720460803,1.7576833851330294,1,3,"gurobi_cb_mip_objbnd_valid_native_bound"
252.36473599999999,252.3606848,"terminal_mip_bound_improvement","L2",1.7486055453639349,,1.7486055453639349,1.7576833851330294,1,3,"gurobi_cb_mip_objbnd_valid_native_bound"
252.36656299999999,252.36251179999999,"terminal_mip_bound_improvement","L2",1.7486360178595017,,1.7486360178595017,1.7576833851330294,1,3,"gurobi_cb_mip_objbnd_valid_native_bound"
252.38241099999999,252.3783598,"terminal_mip_bound_improvement","L2",1.7486376773297274,,1.7486376773297274,1.7576833851330294,1,3,"gurobi_cb_mip_objbnd_valid_native_bound"
252.3915982,252.38754700000001,"terminal_mip_bound_improvement","L2",1.7486382840168666,,1.7486382840168666,1.7576833851330294,1,3,"gurobi_cb_mip_objbnd_valid_native_bound"
252.39395249999998,252.38990129999999,"terminal_mip_bound_improvement","L2",1.748644536082598,,1.748644536082598,1.7576833851330294,1,3,"gurobi_cb_mip_objbnd_valid_native_bound"
252.39467379999999,252.3906226,"terminal_mip_bound_improvement","L2",1.7486553102397542,,1.7486553102397542,1.7576833851330294,1,3,"gurobi_cb_mip_objbnd_valid_native_bound"
252.39667889999998,252.39262769999999,"terminal_mip_bound_improvement","L2",1.7486667188593652,,1.7486667188593652,1.7576833851330294,1,3,"gurobi_cb_mip_objbnd_valid_native_bound"
252.3996976,252.3956464,"terminal_mip_bound_improvement","L2",1.7486668168888466,,1.7486668168888466,1.7576833851330294,1,3,"gurobi_cb_mip_objbnd_valid_native_bound"
252.40186019999999,252.397809,"terminal_mip_bound_improvement","L2",1.748675882660981,,1.748675882660981,1.7576833851330294,1,3,"gurobi_cb_mip_objbnd_valid_native_bound"
252.40694969999998,252.40289849999999,"terminal_mip_bound_improvement","L2",1.7486899453361364,,1.7486899453361364,1.7576833851330294,1,3,"gurobi_cb_mip_objbnd_valid_native_bound"
252.41984019999998,252.41578899999999,"terminal_mip_bound_improvement","L2",1.7486932228424874,,1.7486932228424874,1.7576833851330294,1,3,"gurobi_cb_mip_objbnd_valid_native_bound"
252.42863969999999,252.4245885,"terminal_mip_bound_improvement","L2",1.7486961274788724,,1.7486961274788724,1.7576833851330294,1,3,"gurobi_cb_mip_objbnd_valid_native_bound"
252.4294367,252.4253855,"terminal_mip_bound_improvement","L2",1.7486970138410605,,1.7486970138410605,1.7576833851330294,1,3,"gurobi_cb_mip_objbnd_valid_native_bound"
252.43603339999999,252.43198219999999,"terminal_mip_bound_improvement","L2",1.7486992797991934,,1.7486992797991934,1.7576833851330294,1,3,"gurobi_cb_mip_objbnd_valid_native_bound"
252.4372722,252.433221,"terminal_mip_bound_improvement","L2",1.7487125407165562,,1.7487125407165562,1.7576833851330294,1,3,"gurobi_cb_mip_objbnd_valid_native_bound"
252.4418057,252.43775450000001,"terminal_mip_bound_improvement","L2",1.7487220755964925,,1.7487220755964925,1.7576833851330294,1,3,"gurobi_cb_mip_objbnd_valid_native_bound"
252.44392299999998,252.43987179999999,"terminal_mip_bound_improvement","L2",1.748729889428273,,1.748729889428273,1.7576833851330294,1,3,"gurobi_cb_mip_objbnd_valid_native_bound"
252.4582293,252.45417810000001,"terminal_mip_bound_improvement","L2",1.7487327323220019,,1.7487327323220019,1.7576833851330294,1,3,"gurobi_cb_mip_objbnd_valid_native_bound"
252.46500979999999,252.4609586,"terminal_mip_bound_improvement","L2",1.7487369601829688,,1.7487369601829688,1.7576833851330294,1,3,"gurobi_cb_mip_objbnd_valid_native_bound"
252.4973823,252.49333110000001,"terminal_mip_bound_improvement","L2",1.7487396529987738,,1.7487396529987738,1.7576833851330294,1,3,"gurobi_cb_mip_objbnd_valid_native_bound"
252.5084995,252.50444830000001,"terminal_mip_bound_improvement","L2",1.748741256446315,,1.748741256446315,1.7576833851330294,1,3,"gurobi_cb_mip_objbnd_valid_native_bound"
252.51430339999999,252.5102522,"terminal_mip_bound_improvement","L2",1.7487472629337943,,1.7487472629337943,1.7576833851330294,1,3,"gurobi_cb_mip_objbnd_valid_native_bound"
252.51464439999998,252.51059319999999,"terminal_mip_bound_improvement","L2",1.7487569118216579,,1.7487569118216579,1.7576833851330294,1,3,"gurobi_cb_mip_objbnd_valid_native_bound"
252.5197991,252.51574790000001,"terminal_mip_bound_improvement","L2",1.7487655808861631,,1.7487655808861631,1.7576833851330294,1,3,"gurobi_cb_mip_objbnd_valid_native_bound"
252.52201009999999,252.5179589,"terminal_mip_bound_improvement","L2",1.7487766075237461,,1.7487766075237461,1.7576833851330294,1,3,"gurobi_cb_mip_objbnd_valid_native_bound"
252.52413949999999,252.5200883,"terminal_mip_bound_improvement","L2",1.7487842733967331,,1.7487842733967331,1.7576833851330294,1,3,"gurobi_cb_mip_objbnd_valid_native_bound"
252.53852319999999,252.53447199999999,"terminal_mip_bound_improvement","L2",1.7488037615955554,,1.7488037615955554,1.7576833851330294,1,3,"gurobi_cb_mip_objbnd_valid_native_bound"
252.53894249999999,252.5348913,"terminal_mip_bound_improvement","L2",1.7488092207032304,,1.7488092207032304,1.7576833851330294,1,3,"gurobi_cb_mip_objbnd_valid_native_bound"
252.56102299999998,252.55697179999999,"terminal_mip_bound_improvement","L2",1.7488156712756693,,1.7488156712756693,1.7576833851330294,1,3,"gurobi_cb_mip_objbnd_valid_native_bound"
252.57790499999999,252.57385379999999,"terminal_mip_bound_improvement","L2",1.7488239311107074,,1.7488239311107074,1.7576833851330294,1,3,"gurobi_cb_mip_objbnd_valid_native_bound"
252.59201519999999,252.587964,"terminal_mip_bound_improvement","L2",1.748826217128479,,1.748826217128479,1.7576833851330294,1,3,"gurobi_cb_mip_objbnd_valid_native_bound"
252.6243312,252.62028000000001,"terminal_mip_bound_improvement","L2",1.7488306133418035,,1.7488306133418035,1.7576833851330294,1,3,"gurobi_cb_mip_objbnd_valid_native_bound"
252.62657039999999,252.6225192,"terminal_mip_bound_improvement","L2",1.7488676522698221,,1.7488676522698221,1.7576833851330294,1,3,"gurobi_cb_mip_objbnd_valid_native_bound"
252.6375233,252.63347210000001,"terminal_mip_bound_improvement","L2",1.7488710176446831,,1.7488710176446831,1.7576833851330294,1,3,"gurobi_cb_mip_objbnd_valid_native_bound"
252.64126249999998,252.63721129999999,"terminal_mip_bound_improvement","L2",1.7489084785066031,,1.7489084785066031,1.7576833851330294,1,3,"gurobi_cb_mip_objbnd_valid_native_bound"
252.65133689999999,252.6472857,"terminal_mip_bound_improvement","L2",1.7489303282875122,,1.7489303282875122,1.7576833851330294,1,3,"gurobi_cb_mip_objbnd_valid_native_bound"
252.6739963,252.66994510000001,"terminal_mip_bound_improvement","L2",1.74893205906045,,1.74893205906045,1.7576833851330294,1,3,"gurobi_cb_mip_objbnd_valid_native_bound"
252.7156215,252.71157030000001,"terminal_mip_bound_improvement","L2",1.7489659367671317,,1.7489659367671317,1.7576833851330294,1,3,"gurobi_cb_mip_objbnd_valid_native_bound"
252.72071349999999,252.7166623,"terminal_mip_bound_improvement","L2",1.7489786669580514,,1.7489786669580514,1.7576833851330294,1,3,"gurobi_cb_mip_objbnd_valid_native_bound"
252.72316469999998,252.71911349999999,"terminal_mip_bound_improvement","L2",1.7490111122904024,,1.7490111122904024,1.7576833851330294,1,3,"gurobi_cb_mip_objbnd_valid_native_bound"
252.72611269999999,252.7220615,"terminal_mip_bound_improvement","L2",1.7490321845537899,,1.7490321845537899,1.7576833851330294,1,3,"gurobi_cb_mip_objbnd_valid_native_bound"
252.7455875,252.74153630000001,"terminal_mip_bound_improvement","L2",1.7490334423742437,,1.7490334423742437,1.7576833851330294,1,3,"gurobi_cb_mip_objbnd_valid_native_bound"
252.75824119999999,252.75418999999999,"terminal_mip_bound_improvement","L2",1.7490484999283755,,1.7490484999283755,1.7576833851330294,1,3,"gurobi_cb_mip_objbnd_valid_native_bound"
252.77063659999999,252.7665854,"terminal_mip_bound_improvement","L2",1.7490531603974315,,1.7490531603974315,1.7576833851330294,1,3,"gurobi_cb_mip_objbnd_valid_native_bound"
252.7772042,252.77315300000001,"terminal_mip_bound_improvement","L2",1.7490758445663788,,1.7490758445663788,1.7576833851330294,1,3,"gurobi_cb_mip_objbnd_valid_native_bound"
252.77942569999999,252.7753745,"terminal_mip_bound_improvement","L2",1.7490966887532244,,1.7490966887532244,1.7576833851330294,1,3,"gurobi_cb_mip_objbnd_valid_native_bound"
252.78191909999998,252.77786789999999,"terminal_mip_bound_improvement","L2",1.7490968829821887,,1.7490968829821887,1.7576833851330294,1,3,"gurobi_cb_mip_objbnd_valid_native_bound"
252.7838155,252.77976430000001,"terminal_mip_bound_improvement","L2",1.7491330081649477,,1.7491330081649477,1.7576833851330294,1,3,"gurobi_cb_mip_objbnd_valid_native_bound"
252.7858631,252.78181190000001,"terminal_mip_bound_improvement","L2",1.7491380021032998,,1.7491380021032998,1.7576833851330294,1,3,"gurobi_cb_mip_objbnd_valid_native_bound"
252.78792669999999,252.78387549999999,"terminal_mip_bound_improvement","L2",1.7491712792146492,,1.7491712792146492,1.7576833851330294,1,3,"gurobi_cb_mip_objbnd_valid_native_bound"
252.78875249999999,252.78470129999999,"terminal_mip_bound_improvement","L2",1.7491771400053617,,1.7491771400053617,1.7576833851330294,1,3,"gurobi_cb_mip_objbnd_valid_native_bound"
252.8104348,252.8063836,"terminal_mip_bound_improvement","L2",1.7491863221594099,,1.7491863221594099,1.7576833851330294,1,3,"gurobi_cb_mip_objbnd_valid_native_bound"
252.81329679999999,252.8092456,"terminal_mip_bound_improvement","L2",1.7491936311569831,,1.7491936311569831,1.7576833851330294,1,3,"gurobi_cb_mip_objbnd_valid_native_bound"
252.81589819999999,252.811847,"terminal_mip_bound_improvement","L2",1.7492346685316968,,1.7492346685316968,1.7576833851330294,1,3,"gurobi_cb_mip_objbnd_valid_native_bound"
252.84555320000001,252.84150170000001,"incumbent_improvement","L2",1.7493134514123088,,1.7493134514123088,1.7493134520506337,0,4,"independently_verified_native_incumbent"
252.84556280000001,252.84151159999999,"terminal_mip_closure","L2",,1.7493134514123088,1.7493134514123088,1.7493134520506337,0,4,"native_terminal_mip_optimal"
252.84581929999999,252.841768,"finalization","",1.7493134514123088,,1.7493134514123088,1.7493134520506337,0,4,"completed_exact_tree_final_bound"
