elapsed_time,native_global_LB,native_incumbent,verified_cutoff,native_gap,node_count,open_nodes,simplex_iterations,event_source
0.018154099999999999,0,9.9999999999999993e+74,0.19563620654901237,9.9999999999999993e+74,0,1,0,global_progress
0.0182627,0,9.9999999999999993e+74,0.19563620654901237,9.9999999999999993e+74,0,1,0,global_progress
2.2536781000000001,0.12156205413135568,9.9999999999999993e+74,0.19563620654901237,9.9999999999999993e+74,0,1,3372,global_progress
40.009667700000001,0.13877335861166318,9.9999999999999993e+74,0.19563620654901237,9.9999999999999993e+74,435,366,136387,global_progress
40.010951400000003,0.13877335861166318,0,0.19563620654901237,0,435,366,136387,solver_final
