elapsed_time,native_global_LB,native_incumbent,verified_cutoff,native_gap,node_count,open_nodes,simplex_iterations,event_source
0.017784500000000002,0,9.9999999999999993e+74,0.04915255266474515,9.9999999999999993e+74,0,1,0,global_progress
0.017898000000000001,0,9.9999999999999993e+74,0.04915255266474515,9.9999999999999993e+74,0,1,0,global_progress
6.4402971000000004,0.03453798009362849,9.9999999999999993e+74,0.04915255266474515,9.9999999999999993e+74,0,1,13958,global_progress
274.00276059999999,0.044988206325188788,9.9999999999999993e+74,0.04915255266474515,9.9999999999999993e+74,2172,1033,641800,global_progress
274.00314179999998,0.044988206325188788,0,0.04915255266474515,0,2172,1033,641800,solver_final
