elapsed_time,native_global_LB,native_incumbent,verified_cutoff,native_gap,node_count,open_nodes,simplex_iterations,event_source
0.0067850000000000002,0,9.9999999999999993e+74,0.71850407075497091,9.9999999999999993e+74,0,1,0,global_progress
0.0070507,0,9.9999999999999993e+74,0.71850407075497091,9.9999999999999993e+74,0,1,0,global_progress
3.5350117000000001,0.37822168614483404,9.9999999999999993e+74,0.71850407075497091,9.9999999999999993e+74,0,1,3069,global_progress
651.16076629999998,0.7170813066907985,0.71850407075497125,0.71850407075497091,,68695,4932,4579691,native_candidate
691.0976766,0.71850407075497125,0.71850407075497125,0.71850407075497091,0,73175,0,4650388,global_progress
691.09915009999997,0.71850407075497125,0.71850407075497125,0.71850407075497091,0,73175,0,4650388,global_progress
691.10242949999997,0.71850407075497125,0.71850407075497125,0.71850407075497091,0,73175,0,4650388,solver_final
