
Gurobi 13.0.2 (win64) logging started Sat Oct  3 11:07:40 2026

Set parameter LogFile to value "E:\codes\ExactEBRP\results\unified_exact_round100\certification_CF01\raw\06_F5_P-GRB\native.log"
Set parameter Threads to value 1
Set parameter Presolve to value -1
Set parameter Seed to value 0
Set parameter MIPGap to value 0
Set parameter MIPGapAbs to value 0
Set parameter TimeLimit to value 7194
Read LP format model from file E:\codes\ExactEBRP\results\unified_exact_round100\certification_CF01\raw\06_F5_P-GRB\compact.lp
Reading time = 0.05 seconds
obj: 35693 rows, 13410 columns, 177103 nonzeros
Set parameter TimeLimit to value 7196.0230869
Gurobi Optimizer version 13.0.2 build v13.0.2rc1 (win64 - Windows 10.0 (19045.2))

CPU model: 12th Gen Intel(R) Core(TM) i7-12700KF, instruction set [SSE2|AVX|AVX2]
Thread count: 12 physical cores, 20 logical processors, using up to 1 threads

Non-default parameters:
TimeLimit  7196.0230869
MIPGap  0
MIPGapAbs  0
LogToConsole  0
Threads  1

Optimize a model with 35693 rows, 13410 columns and 177103 nonzeros (Min)
Model fingerprint: 0xc3bd46cc
Model has 51 linear objective coefficients
Variable types: 1868 continuous, 11542 integer (10892 binary)
Coefficient statistics:
  Matrix range     [4e-02, 1e+03]
  Objective range  [4e-02, 1e+00]
  Bounds range     [1e+00, 5e+01]
  RHS range        [1e+00, 7e+03]

Presolve removed 452 rows and 52 columns
Presolve time: 0.31s
Presolved: 35241 rows, 13358 columns, 276330 nonzeros
Variable types: 541 continuous, 12817 integer (10892 binary)
Found heuristic solution: objective 1.8522826

Use crossover to convert LP symmetric solution to basic solution...
Crossover time: 0.04 seconds (0.06 work units)

Root relaxation: objective 2.263231e-01, 6998 iterations, 0.38 seconds (0.80 work units)

    Nodes    |    Current Node    |     Objective Bounds      |     Work
 Expl Unexpl |  Obj  Depth IntInf | Incumbent    BestBd   Gap | It/Node Time

     0     0    0.22632    0  479    1.85228    0.22632  87.8%     -    1s
     0     0    0.24543    0 1346    1.85228    0.24543  86.7%     -    7s
     0     0    0.25053    0 1155    1.85228    0.25053  86.5%     -    8s
     0     0    0.25395    0 1738    1.85228    0.25395  86.3%     -   10s
     0     0    0.25436    0 1767    1.85228    0.25436  86.3%     -   11s
     0     0    0.25475    0 1846    1.85228    0.25475  86.2%     -   13s
     0     0    0.25482    0 1855    1.85228    0.25482  86.2%     -   14s
     0     0    0.25500    0 1838    1.85228    0.25500  86.2%     -   16s
H    0     0                       1.6153818    0.25501  84.2%     -   16s
H    0     0                       1.6094051    0.25501  84.2%     -   16s
H    0     0                       1.5734725    0.25501  83.8%     -   16s
H    0     0                       1.5699324    0.25501  83.8%     -   16s
H    0     0                       1.5659565    0.25501  83.7%     -   16s
H    0     0                       1.5187950    0.25501  83.2%     -   16s
H    0     0                       1.4933981    0.25501  82.9%     -   16s
H    0     0                       1.4912974    0.25501  82.9%     -   16s
H    0     0                       1.4859703    0.25501  82.8%     -   16s
H    0     0                       1.4820933    0.25501  82.8%     -   16s
H    0     0                       1.4767662    0.25501  82.7%     -   16s
H    0     0                       1.4738306    0.25501  82.7%     -   16s
H    0     0                       1.4451162    0.25501  82.4%     -   16s
H    0     0                       1.4387488    0.25501  82.3%     -   16s
H    0     0                       1.3746125    0.25501  81.4%     -   16s
H    0     0                       1.3416375    0.25501  81.0%     -   16s
     0     0    0.25501    0 1884    1.34164    0.25501  81.0%     -   18s
     0     0    0.25501    0 1894    1.34164    0.25501  81.0%     -   19s
H    0     0                       1.3073562    0.25520  80.5%     -   19s
     0     0    0.25520    0 1919    1.30736    0.25520  80.5%     -   20s
     0     0    0.25520    0 1954    1.30736    0.25520  80.5%     -   21s
H    0     0                       1.2795684    0.25520  80.1%     -   21s
H    0     0                       1.2683749    0.25520  79.9%     -   21s
H    0     0                       1.2649014    0.25520  79.8%     -   21s
H    0     0                       1.2512159    0.25520  79.6%     -   21s
H    0     0                       1.2443645    0.25520  79.5%     -   21s
H    0     0                       1.2420923    0.25520  79.5%     -   21s
H    0     0                       1.2078311    0.25520  78.9%     -   22s
H    0     0                       1.1914824    0.25520  78.6%     -   22s
H    0     0                       1.1900492    0.25520  78.6%     -   22s
H    0     0                       1.1877261    0.25520  78.5%     -   22s
H    0     0                       1.1862930    0.25520  78.5%     -   22s
H    0     0                       1.1839699    0.25520  78.4%     -   22s
H    0     0                       1.1820918    0.25520  78.4%     -   22s
H    0     0                       1.1540913    0.25520  77.9%     -   22s
H    0     0                       1.1281560    0.25520  77.4%     -   22s
H    0     0                       1.1113252    0.25520  77.0%     -   22s
     0     0    0.25520    0 1928    1.11133    0.25520  77.0%     -   23s
     0     0    0.25535    0 1977    1.11133    0.25535  77.0%     -   25s
H    0     0                       1.0880509    0.25535  76.5%     -   25s
     0     0    0.25535    0 1950    1.08805    0.25535  76.5%     -   26s
     0     0    0.25564    0 1946    1.08805    0.25564  76.5%     -   28s
     0     0    0.25564    0 1981    1.08805    0.25564  76.5%     -   29s
     0     0    0.25611    0 1947    1.08805    0.25611  76.5%     -   31s
     0     0    0.25614    0 1980    1.08805    0.25614  76.5%     -   32s
     0     0    0.25620    0 2019    1.08805    0.25620  76.5%     -   34s
     0     0    0.25620    0 1988    1.08805    0.25620  76.5%     -   36s
     0     0    0.25666    0 2099    1.08805    0.25666  76.4%     -   37s
     0     0    0.25666    0 1979    1.08805    0.25666  76.4%     -   39s
     0     0    0.25668    0 1950    1.08805    0.25668  76.4%     -   40s
H    0     0                       1.0758604    0.25668  76.1%     -   41s
H    0     0                       1.0688743    0.25668  76.0%     -   42s
H    0     0                       1.0550333    0.25668  75.7%     -   42s
H    0     0                       1.0446527    0.25668  75.4%     -   42s
H    0     0                       1.0440626    0.25668  75.4%     -   42s
     0     0    0.25668    0 1860    1.04406    0.25668  75.4%     -   43s
     0     0    0.25668    0 1895    1.04406    0.25668  75.4%     -   45s
     0     0    0.25668    0 1893    1.04406    0.25668  75.4%     -   46s
     0     0    0.25668    0 1803    1.04406    0.25668  75.4%     -   48s
H    0     0                       1.0377781    0.25668  75.3%     -   52s
H    0     0                       1.0194768    0.25668  74.8%     -   52s
     0     2    0.25668    0 1767    1.01948    0.25668  74.8%     -   53s
H    3     3                       0.9763861    0.25668  73.7%   582   55s
H    3     3                       0.9733418    0.25668  73.6%   582   55s
H    3     3                       0.9667483    0.25668  73.4%   582   55s
H    3     3                       0.9645219    0.25668  73.4%   582   55s
H    3     3                       0.9612252    0.25668  73.3%   582   55s
H    3     3                       0.9581282    0.25668  73.2%   582   55s
H    3     3                       0.9539638    0.25668  73.1%   582   56s
H    3     3                       0.9519341    0.25668  73.0%   582   56s
H    5     5                       0.8908434    0.25668  71.2%  1550   60s
H    5     5                       0.8873546    0.25668  71.1%  1550   60s
H    5     5                       0.8816626    0.25668  70.9%  1550   60s
H    5     5                       0.8807587    0.25668  70.9%  1550   60s
H    5     5                       0.8802419    0.25668  70.8%  1550   60s
     6     8    0.31462    4 1782    0.88024    0.25668  70.8%  3081   66s
    10    12    0.27322    6 1850    0.88024    0.25668  70.8%  4812   73s
    13    15    0.27442    8 1798    0.88024    0.25668  70.8%  4179   76s
H   14    14                       0.8787823    0.25668  70.8%  3880   76s
H   14    14                       0.8782654    0.25668  70.8%  3880   76s
H   18    18                       0.8768986    0.25668  70.7%  3316   80s
H   22    22                       0.8761250    0.25668  70.7%  2791   80s
H   22    22                       0.8757776    0.25668  70.7%  2791   80s
H   22    22                       0.8757653    0.25668  70.7%  2791   80s
H   22    22                       0.8757284    0.25668  70.7%  2791   80s
H   22    22                       0.8756915    0.25668  70.7%  2791   80s
H   26    26                       0.8740060    0.25668  70.6%  2365   84s
H   26    26                       0.8716749    0.25668  70.6%  2365   85s
H   26    26                       0.8703318    0.25668  70.5%  2365   86s
H   26    26                       0.8592305    0.25668  70.1%  2365   87s
H   26    26                       0.8590208    0.25668  70.1%  2365   87s
H   26    26                       0.8474326    0.25668  69.7%  2365   90s
H   26    26                       0.7927627    0.25668  67.6%  2365   97s
H   26    26                       0.7350102    0.25668  65.1%  2365   99s
H   32    32                       0.7326229    0.25668  65.0%  1944  100s
H   32    32                       0.7324846    0.25668  65.0%  1944  100s
H   32    32                       0.7323270    0.25668  64.9%  1944  100s
H   32    32                       0.7323012    0.25668  64.9%  1944  100s
H   32    32                       0.7320975    0.25668  64.9%  1944  100s
H   32    32                       0.7320956    0.25668  64.9%  1944  100s
H   32    32                       0.7319004    0.25668  64.9%  1944  100s
H   32    32                       0.7316014    0.25668  64.9%  1944  100s
H   32    32                       0.7314262    0.25668  64.9%  1944  100s
    39    41    0.26062   27 1526    0.73143    0.25668  64.9%  1746  105s
H   55    55                       0.7311667    0.25668  64.9%  1309  108s
H   55    55                       0.7310672    0.25668  64.9%  1309  108s
H   55    55                       0.7309499    0.25668  64.9%  1309  108s
H   55    55                       0.7307451    0.25668  64.9%  1309  108s
H   55    55                       0.7307291    0.25668  64.9%  1309  108s
    56    58    0.26215   39 1399    0.73073    0.25668  64.9%  1391  112s
    65    67    0.26295   47 1136    0.73073    0.25668  64.9%  1309  115s
H   76    76                       0.7208230    0.25668  64.4%  1213  117s
H   76    76                       0.7207968    0.25668  64.4%  1213  117s
H   76    76                       0.7203174    0.25668  64.4%  1213  117s
H   76    76                       0.7201863    0.25668  64.4%  1213  117s
H   76    76                       0.7200622    0.25668  64.4%  1213  117s
H   76    76                       0.7200405    0.25668  64.4%  1213  117s
H   76    76                       0.7198093    0.25668  64.3%  1213  117s
H   76    76                       0.7197869    0.25668  64.3%  1213  117s
    86    88    0.26296   58 1169    0.71979    0.25668  64.3%  1149  120s
H   94    94                       0.7196067    0.25668  64.3%  1155  123s
H   94    94                       0.7193108    0.25668  64.3%  1155  123s
H   94    94                       0.7192904    0.25668  64.3%  1155  123s
H   97    97                       0.7134461    0.25668  64.0%  1127  124s
H   97    97                       0.7054463    0.25668  63.6%  1127  124s
H   97    97                       0.7014297    0.25668  63.4%  1127  124s
H   97    97                       0.7012782    0.25668  63.4%  1127  124s
H   97    97                       0.6994182    0.25668  63.3%  1127  124s
H   97    97                       0.6993695    0.25668  63.3%  1127  124s
H   97    97                       0.6986210    0.25668  63.3%  1127  124s
H   97    97                       0.6980130    0.25668  63.2%  1127  124s
H   97    97                       0.6977844    0.25668  63.2%  1127  124s
H   97    97                       0.6976176    0.25668  63.2%  1127  124s
H   97    97                       0.6974936    0.25668  63.2%  1127  124s
H   97    97                       0.6971948    0.25668  63.2%  1127  124s
    98   100    0.26364   66 1186    0.69719    0.25668  63.2%  1138  125s
H   99    99                       0.6956692    0.25668  63.1%  1127  125s
H   99    99                       0.6954532    0.25668  63.1%  1127  125s
H   99    99                       0.6954340    0.25668  63.1%  1127  125s
H   99    99                       0.6946566    0.25668  63.0%  1127  125s
H  101   101                       0.6285126    0.25668  59.2%  1130  126s
H  101   101                       0.6256584    0.25668  59.0%  1130  126s
H  101   101                       0.6255965    0.25668  59.0%  1130  126s
H  101   101                       0.6242585    0.25668  58.9%  1130  126s
H  105   105                       0.6120680    0.25668  58.1%  1105  127s
H  105   105                       0.6120675    0.25668  58.1%  1105  127s
H  105   105                       0.6011639    0.25668  57.3%  1105  127s
H  105   105                       0.5985557    0.25668  57.1%  1105  127s
H  105   105                       0.5985342    0.25668  57.1%  1105  127s
H  108   108                       0.5985268    0.25668  57.1%  1083  128s
H  112   112                       0.5910602    0.25668  56.6%  1052  129s
H  112   112                       0.5908453    0.25668  56.6%  1052  129s
H  112   112                       0.5908238    0.25668  56.6%  1052  129s
H  112   112                       0.5905265    0.25668  56.5%  1052  129s
H  112   112                       0.5902851    0.25668  56.5%  1052  129s
   115   117    0.26636   81  770    0.59029    0.25668  56.5%  1036  130s
H  116   116                       0.5824477    0.25668  55.9%  1027  131s
H  116   116                       0.5680981    0.25668  54.8%  1027  131s
H  116   116                       0.5671573    0.25668  54.7%  1027  131s
H  118   118                       0.5599058    0.25668  54.2%  1057  134s
H  118   118                       0.5543559    0.25668  53.7%  1057  136s
H  128   128                       0.5497867    0.25668  53.3%  1032  140s
H  128   128                       0.5494968    0.25668  53.3%  1032  140s
   130   132    0.26895   94  781    0.54950    0.25668  53.3%  1029  146s
H  136   136                       0.5438663    0.25668  52.8%  1012  152s
H  136   136                       0.5430144    0.25668  52.7%  1012  152s
   138   140    0.26895   99  797    0.54301    0.25668  52.7%  1021  155s
   194   194    0.27444  136  706    0.54301    0.25668  52.7%   821  160s
   281   276    0.29317  193  643    0.54301    0.25668  52.7%   633  165s
   376   344    0.25668    3 1792    0.54301    0.25668  52.7%   493  172s
   377   345    0.26174    4 1921    0.54301    0.25668  52.7%   514  176s
H  379   345                       0.5426878    0.25668  52.7%   511  178s
H  379   345                       0.5423343    0.25668  52.7%   511  178s
H  379   345                       0.5421825    0.25668  52.7%   511  178s
H  380   346                       0.5421541    0.25668  52.7%   521  178s
   381   349    0.26179    8 1891    0.54215    0.25668  52.7%   532  181s
H  382   348                       0.5414508    0.25668  52.6%   531  183s
   385   353    0.26265   12 1801    0.54145    0.25668  52.6%   559  187s
   386   354    0.26295   13 1811    0.54145    0.25668  52.6%   575  190s
H  387   353                       0.5221632    0.25668  50.8%   573  190s
   394   362    0.26616   21 1590    0.52216    0.25668  50.8%   587  195s
   396   364    0.26691   23 1688    0.52216    0.25668  50.8%   616  200s
   398   366    0.26719   25 1656    0.52216    0.25668  50.8%   634  207s
   402   370    0.26808   29 1646    0.52216    0.25668  50.8%   645  210s
H  403   369                       0.5221517    0.25668  50.8%   643  213s
H  403   369                       0.5221383    0.25668  50.8%   643  213s
   403   371    0.26832   30 1622    0.52214    0.25668  50.8%   644  217s
   404   372    0.26843   31 1577    0.52214    0.25668  50.8%   657  220s
   411   379    0.26906   37 1542    0.52214    0.25668  50.8%   688  227s
   413   381    0.26937   39 1378    0.52214    0.25668  50.8%   704  230s
   443   411    0.27120   63  990    0.52214    0.25668  50.8%   699  237s
   473   439    0.27395   87  866    0.52214    0.25668  50.8%   685  241s
   499   463    0.27830  109  499    0.52214    0.25668  50.8%   675  245s
   518   482    0.27965  119  765    0.52214    0.25668  50.8%   668  253s
   534   497    0.27939  121 1803    0.52214    0.25668  50.8%   660  272s
H  535   473                       0.5132570    0.25668  50.0%   659  275s
H  535   449                       0.5132502    0.25668  50.0%   659  275s
H  535   426                       0.5131915    0.25668  50.0%   659  275s
H  535   405                       0.5130902    0.25668  50.0%   659  275s
H  535   385                       0.5129966    0.25668  50.0%   659  275s
H  535   366                       0.5127936    0.25668  49.9%   659  275s
H  535   347                       0.5116452    0.25668  49.8%   659  275s
   537   348    0.33417  249 1620    0.51165    0.25692  49.8%   656  283s
   538   349    0.27462   96 1793    0.51165    0.26235  48.7%   655  285s
   540   350    0.26843   32 1852    0.51165    0.26313  48.6%   653  291s
   541   351    0.27575  104 1826    0.51165    0.26370  48.5%   651  296s
   543   352    0.26405   65 1769    0.51165    0.26405  48.4%   649  304s
   544   353    0.27184   81 1906    0.51165    0.26405  48.4%   648  307s
   545   353    0.26936  133 1882    0.51165    0.26416  48.4%   647  311s
H  546   336                       0.5115461    0.26429  48.3%   645  322s
H  546   319                       0.4722669    0.26429  44.0%   645  322s
H  546   303                       0.4633707    0.26429  43.0%   645  322s
H  546   288                       0.4633223    0.26429  43.0%   645  322s
H  546   273                       0.4631844    0.26429  42.9%   645  322s
H  546   259                       0.4628446    0.26429  42.9%   645  322s
H  546   246                       0.4628430    0.26429  42.9%   645  322s
   548   247    0.33163  221 1961    0.46284    0.26432  42.9%   643  326s
   549   248    0.27074  176 1593    0.46284    0.26541  42.7%   642  332s
   550   249    0.27474   97 1787    0.46284    0.26547  42.6%   641  335s
H  550   236                       0.4628308    0.26560  42.6%   641  341s
H  550   224                       0.4628255    0.26560  42.6%   641  341s
H  550   213                       0.4626989    0.26560  42.6%   641  342s
   552   214    0.27073  179 1725    0.46270    0.26560  42.6%   638  345s
   554   215    0.26673   23 1773    0.46270    0.26560  42.6%   636  352s
H  554   204                       0.4626742    0.26560  42.6%   636  359s
H  554   193                       0.4626687    0.26560  42.6%   636  360s
H  554   183                       0.4603890    0.26560  42.3%   636  361s
H  554   174                       0.4603853    0.26560  42.3%   636  362s
H  554   164                       0.4602838    0.26560  42.3%   636  362s
H  554   156                       0.4602806    0.26560  42.3%   636  362s
   555   157    0.27160   57 1666    0.46028    0.26560  42.3%   635  366s
H  556   150                       0.4602681    0.26560  42.3%   634  375s
   559   152    0.26560   32 1695    0.46027    0.26560  42.3%   630  383s
   560   152    0.27411   88 1840    0.46027    0.26560  42.3%   629  385s
   561   153    0.26560   58 1661    0.46027    0.26560  42.3%   628  390s
   566   157    0.27860  116  338    0.46027    0.26560  42.3%   975  395s
   567   158    0.26560    9 1609    0.46027    0.26560  42.3%   973  401s
   569   159    0.27860  116 1840    0.46027    0.26560  42.3%   970  409s
   570   160    0.26575   54 1789    0.46027    0.26575  42.3%   968  411s
   571   161    0.28049  123 1691    0.46027    0.26583  42.2%   967  418s
   572   161    0.26584    5 1720    0.46027    0.26584  42.2%   965  420s
   573   162    0.27868  115 1684    0.46027    0.26584  42.2%   963  426s
   575   163    0.27395   88 1821    0.46027    0.26584  42.2%   960  432s
   576   164    0.26584   56 1720    0.46027    0.26584  42.2%   958  435s
H  576   155                       0.4600579    0.26584  42.2%   958  440s
H  576   147                       0.4597524    0.26584  42.2%   958  440s
H  576   140                       0.4597435    0.26584  42.2%   958  440s
H  576   132                       0.4597176    0.26584  42.2%   958  440s
   579   134    0.26843   34 1651    0.45972    0.26584  42.2%   953  447s
   581   135    0.31891  217 1640    0.45972    0.26584  42.2%   950  456s
   583   137    0.26934  135 1825    0.45972    0.26584  42.2%   947  463s
   584   137    0.27439   93 1745    0.45972    0.26584  42.2%   945  466s
   585   138    0.28459  192 1708    0.45972    0.26584  42.2%   943  470s
   591   143    0.27092   69 1567    0.45972    0.26584  42.2%  1173  481s
   593   144    0.26584   77 1692    0.45972    0.26584  42.2%  1169  488s
   594   145    0.26616   22 1734    0.45972    0.26584  42.2%  1167  490s
   595   146    0.26584   46 1694    0.45972    0.26584  42.2%  1165  496s
   597   147    0.30005  200 1618    0.45972    0.26587  42.2%  1161  505s
   599   148    0.26934  126 1582    0.45972    0.26587  42.2%  1157  512s
   601   150    0.27868  115 1596    0.45972    0.26587  42.2%  1153  519s
   602   150    0.28049  123 1670    0.45972    0.26587  42.2%  1151  521s
   603   151    0.27467   96 1598    0.45972    0.26587  42.2%  1150  526s
   605   152    0.26587   64 1634    0.45972    0.26587  42.2%  1146  533s
   606   153    0.26938  132 1738    0.45972    0.26587  42.2%  1144  535s
   607   154    0.31950  206 1663    0.45972    0.26587  42.2%  1142  541s
   609   155    0.26587   54 1595    0.45972    0.26587  42.2%  1138  549s
   610   156    0.27965  120 1594    0.45972    0.26587  42.2%  1136  553s
   611   156    0.26587   37 1594    0.45972    0.26587  42.2%  1134  561s
   612   159    0.26612   37 1658    0.45972    0.26589  42.2%  1413  571s
   613   160    0.26823   37 1750    0.45972    0.26612  42.1%  1425  578s
H  614   149                       0.4597083    0.26612  42.1%  1423  583s
   614   151    0.26634   38 1642    0.45971    0.26612  42.1%  1431  592s
   615   152    0.26682   38 1590    0.45971    0.26634  42.1%  1438  595s
   616   153    0.27205   39 1643    0.45971    0.26647  42.0%  1458  603s
   617   153    0.26674   39 1645    0.45971    0.26674  42.0%  1484  608s
   619   155    0.27112   40 1601    0.45971    0.26721  41.9%  1485  610s
H  623   148                       0.4596833    0.26721  41.9%  1482  613s
H  623   140                       0.4596816    0.26721  41.9%  1482  613s
H  623   133                       0.4596261    0.26721  41.9%  1482  613s
   625   137    0.27237   43 1453    0.45963    0.26721  41.9%  1485  615s
   626   137    0.26809   44 1377    0.45963    0.26721  41.9%  1521  621s
   627   138    0.44990   44 1665    0.45963    0.26721  41.9%  1529  625s
   628   139    0.26848   45 1656    0.45963    0.26721  41.9%  1543  630s
   632   141    0.26930   47 1280    0.45963    0.26721  41.9%  1542  635s
H  634   132                       0.4477311    0.26721  40.3%  1537  639s
H  634   126                       0.4475849    0.26721  40.3%  1537  639s
H  634   120                       0.4474589    0.26721  40.3%  1537  639s
H  634   114                       0.4474364    0.26721  40.3%  1537  639s
   634   116    0.26916   48 1233    0.44744    0.26721  40.3%  1549  640s
H  636   110                       0.4415711    0.26721  39.5%  1567  645s
H  636   105                       0.4395781    0.26721  39.2%  1567  645s
H  636   100                       0.4392457    0.26721  39.2%  1567  645s
H  636    95                       0.4389361    0.26721  39.1%  1567  645s
H  636    91                       0.4387695    0.26721  39.1%  1567  645s
H  638    87                       0.4375416    0.26721  38.9%  1565  647s
H  638    83                       0.4375238    0.26721  38.9%  1565  647s
   638    85    0.26963   50 1211    0.43752    0.26721  38.9%  1565  650s
   639    86    0.27400   50 1160    0.43752    0.26721  38.9%  1564  655s
   644    89    0.26991   53 1142    0.43752    0.26721  38.9%  1558  660s
H  648    87                       0.4360467    0.26721  38.7%  1553  664s
H  648    83                       0.4357799    0.26721  38.7%  1553  664s
   649    86    0.27257   55 1039    0.43578    0.26721  38.7%  1556  669s
   650    86    0.27066   56 1073    0.43578    0.26721  38.7%  1554  670s
   653    88    0.27221   57  994    0.43578    0.26721  38.7%  1549  677s
   656    90    0.27068   59  960    0.43578    0.26721  38.7%  1545  680s
   657    91    0.27105   59  946    0.43578    0.26721  38.7%  1546  688s
   658    92    0.27074   60  951    0.43578    0.26721  38.7%  1543  692s
   660    93    0.27074   61  945    0.43578    0.26721  38.7%  1546  697s
   661    94    0.27333   61  901    0.43578    0.26721  38.7%  1547  701s
   665    96    0.27569   63 1037    0.43578    0.26721  38.7%  1549  705s
   670   100    0.27147   66  981    0.43578    0.26721  38.7%  1551  711s
   674   102    0.27227   68  702    0.43578    0.26721  38.7%  1555  720s
   677   104    0.27742   69  714    0.43578    0.26721  38.7%  1568  726s
   679   106    0.27423   70  775    0.43578    0.26721  38.7%  1584  731s
   685   110    0.38773   73  944    0.43578    0.26721  38.7%  1587  737s
   690   113    0.27485   76  656    0.43578    0.26721  38.7%  1582  740s
   694   116    0.27501   78  599    0.43578    0.26721  38.7%  1590  749s
   695   116    0.27728   78  510    0.43578    0.26721  38.7%  1590  750s
   701   120    0.27820   81  506    0.43578    0.26721  38.7%  1594  755s
   710   126    0.27651   86  454    0.43578    0.26721  38.7%  1581  760s
   718   132    0.27698   90  540    0.43578    0.26721  38.7%  1576  765s
   721   134    0.29091   91  489    0.43578    0.26721  38.7%  1580  774s
   722   134    0.27703   92  477    0.43578    0.26721  38.7%  1581  775s
   724   136    0.27708   93  379    0.43578    0.26721  38.7%  1584  780s
   729   139    0.28288   95  592    0.43578    0.26721  38.7%  1589  785s
   737   144    0.29351   99  424    0.43578    0.26721  38.7%  1588  790s
   740   146    0.32181  101  637    0.43578    0.26721  38.7%  1591  795s
   745   150    0.30748  103  632    0.43578    0.26721  38.7%  1592  801s
   749   152    0.28222  105  588    0.43578    0.26721  38.7%  1595  807s
   752   154    0.28128  107  308    0.43578    0.26721  38.7%  1600  817s
   755   156    0.34557  108  592    0.43578    0.26721  38.7%  1606  821s
   762   161    0.28392  112  669    0.43578    0.26721  38.7%  1608  827s
   771   165     cutoff  116         0.43578    0.26721  38.7%  1602  831s
   776   168    0.28350  119  274    0.43578    0.26721  38.7%  1594  835s
   795   182    0.31833  128  494    0.43578    0.26721  38.7%  1575  840s
   802   189    0.28350  132  232    0.43578    0.26721  38.7%  1566  849s
   805   192    0.28350  133  226    0.43578    0.26721  38.7%  1562  850s
   826   213    0.29136  144  679    0.43578    0.26721  38.7%  1536  855s
   849   236    0.28350  155  271    0.43578    0.26721  38.7%  1504  860s
   869   256    0.28350  165  252    0.43578    0.26721  38.7%  1481  865s
   884   271    0.28427  173  416    0.43578    0.26721  38.7%  1468  870s
   897   284    0.33252  179  478    0.43578    0.26721  38.7%  1460  875s
   921   306    0.30141  191  454    0.43578    0.26721  38.7%  1431  880s
   943   328    0.37427  202  530    0.43578    0.26721  38.7%  1406  885s
   970   355    0.30004  216  371    0.43578    0.26721  38.7%  1374  890s
   997   382    0.30877  229  434    0.43578    0.26721  38.7%  1343  895s
  1036   383    0.26721   39 1662    0.43578    0.26721  38.7%  1309  908s
  1038   385    0.27075   40 1575    0.43578    0.26759  38.6%  1313  911s
  1040   387    0.27548   41 1591    0.43578    0.26759  38.6%  1325  919s
  1041   388    0.27149   42 1557    0.43578    0.26759  38.6%  1336  924s
  1042   389    0.27224   42 1418    0.43578    0.26759  38.6%  1336  925s
  1044   391    0.27579   43 1570    0.43578    0.26759  38.6%  1344  931s
  1045   392    0.27286   44 1497    0.43578    0.26759  38.6%  1351  935s
  1054   401    0.27554   48 1308    0.43578    0.26759  38.6%  1351  941s
  1056   403    0.27443   49 1279    0.43578    0.26759  38.6%  1357  945s
  1060   407    0.27428   51 1374    0.43578    0.26759  38.6%  1367  952s
  1064   411    0.34184   53 1431    0.43578    0.26759  38.6%  1374  958s
  1066   413    0.27922   54 1302    0.43578    0.26759  38.6%  1377  960s
  1068   415    0.28157   55 1292    0.43578    0.26759  38.6%  1383  965s
  1070   417    0.27845   56 1446    0.43578    0.26759  38.6%  1394  972s
  1073   420    0.30099   58 1369    0.43578    0.26759  38.6%  1402  978s
  1074   421    0.27987   58 1283    0.43578    0.26759  38.6%  1405  980s
  1082   429    0.28893   62 1210    0.43578    0.26759  38.6%  1407  987s
  1084   431    0.28519   63 1259    0.43578    0.26759  38.6%  1417  991s
  1086   433    0.28154   64 1223    0.43578    0.26759  38.6%  1427  996s
  1090   437    0.28770   66 1095    0.43578    0.26759  38.6%  1429 1000s
  1095   442    0.28266   69 1112    0.43578    0.26759  38.6%  1433 1009s
  1096   443    0.28242   69 1029    0.43578    0.26759  38.6%  1432 1010s
  1100   447    0.29065   71 1195    0.43578    0.26759  38.6%  1441 1016s
  1103   450    0.28364   73 1058    0.43578    0.26759  38.6%  1446 1021s
  1106   453    0.28930   74 1016    0.43578    0.26759  38.6%  1450 1026s
  1109   456    0.28492   76  980    0.43578    0.26759  38.6%  1456 1030s
  1114   461    0.28460   78  872    0.43578    0.26759  38.6%  1458 1035s
  1120   467    0.29947   81  607    0.43578    0.26759  38.6%  1459 1040s
  1128   475    0.29150   85  942    0.43578    0.26759  38.6%  1458 1045s
  1146   493    0.28657   94  230    0.43578    0.26759  38.6%  1445 1050s
  1157   504    0.28733  100  477    0.43578    0.26759  38.6%  1444 1055s
  1168   515    0.30311  105  266    0.43578    0.26759  38.6%  1440 1060s
  1181   528    0.28814  112  356    0.43578    0.26759  38.6%  1437 1065s
  1198   545    0.29010  120  336    0.43578    0.26759  38.6%  1427 1070s
  1221   568    0.30964  132  373    0.43578    0.26759  38.6%  1412 1075s
  1239   586    0.29337  141  280    0.43578    0.26759  38.6%  1402 1080s
  1256   603    0.29379  149  599    0.43578    0.26759  38.6%  1394 1085s
  1268   615    0.29410  155  663    0.43578    0.26759  38.6%  1392 1090s
  1280   627    0.29424  161  634    0.43578    0.26759  38.6%  1386 1095s
  1294   641    0.29416  168  618    0.43578    0.26759  38.6%  1379 1100s
  1308   655    0.29599  175  716    0.43578    0.26759  38.6%  1373 1105s
  1325   672    0.29358  184  442    0.43578    0.26759  38.6%  1365 1110s
  1346   691    0.29761  194  223    0.43578    0.26759  38.6%  1353 1115s
  1368   713    0.31056  205  358    0.43578    0.26759  38.6%  1342 1120s
  1390   731    0.31917  216  185    0.43578    0.26759  38.6%  1330 1125s
  1416   755    0.31026  229  317    0.43578    0.26759  38.6%  1313 1130s
  1438   777    0.35667  240  578    0.43578    0.26759  38.6%  1302 1135s
  1486   821    0.34921  264  206    0.43578    0.26759  38.6%  1267 1140s
  1521   822    0.27181   39 1568    0.43578    0.26783  38.5%  1246 1151s
  1523   824    0.27211   40 1571    0.43578    0.26783  38.5%  1251 1155s
  1524   825    0.27277   41 1626    0.43578    0.26783  38.5%  1258 1161s
  1525   826    0.27535   41 1561    0.43578    0.26783  38.5%  1263 1165s
  1529   830    0.27778   43 1583    0.43578    0.26783  38.5%  1268 1173s
  1531   832    0.27353   44 1502    0.43578    0.26783  38.5%  1269 1175s
  1535   836    0.27522   46 1485    0.43578    0.26783  38.5%  1272 1180s
  1536   837    0.27430   47 1554    0.43578    0.26783  38.5%  1280 1186s
  1538   839    0.27434   48 1572    0.43578    0.26783  38.5%  1294 1198s
  1539   840    0.27635   48 1437    0.43578    0.26783  38.5%  1305 1207s
  1541   842    0.27445   49 1480    0.43578    0.26783  38.5%  1309 1211s
  1545   846    0.28589   51 1350    0.43578    0.26783  38.5%  1314 1218s
  1547   848    0.27482   52 1178    0.43578    0.26783  38.5%  1315 1220s
  1551   852    0.27891   54 1240    0.43578    0.26783  38.5%  1319 1226s
  1556   857    0.27703   57 1197    0.43578    0.26783  38.5%  1321 1230s
  1559   860    0.28081   58 1255    0.43578    0.26783  38.5%  1326 1236s
  1561   862    0.27839   59 1128    0.43578    0.26783  38.5%  1329 1240s
  1563   864    0.27913   60 1267    0.43578    0.26783  38.5%  1335 1245s
  1569   870    0.27899   63 1081    0.43578    0.26783  38.5%  1336 1250s
  1575   876    0.28107   66 1157    0.43578    0.26783  38.5%  1343 1259s
  1576   877    0.28105   67 1077    0.43578    0.26783  38.5%  1344 1260s
  1579   880    0.28825   68 1196    0.43578    0.26783  38.5%  1349 1265s
  1584   885    0.28162   71 1265    0.43578    0.26783  38.5%  1352 1271s
  1586   887    0.28174   72 1179    0.43578    0.26783  38.5%  1357 1275s
  1588   889    0.28174   73 1202    0.43578    0.26783  38.5%  1365 1282s
  1589   890    0.28174   73 1164    0.43578    0.26783  38.5%  1370 1286s
  1592   893    0.28269   75 1213    0.43578    0.26783  38.5%  1373 1290s
  1594   895    0.28297   76 1239    0.43578    0.26783  38.5%  1378 1295s
  1597   898    0.28297   77 1281    0.43578    0.26783  38.5%  1384 1301s
  1601   902    0.28904   79 1283    0.43578    0.26783  38.5%  1386 1305s
  1605   906    0.36017   81 1476    0.43578    0.26783  38.5%  1395 1313s
  1607   908    0.28894   82 1200    0.43578    0.26783  38.5%  1398 1316s
  1608   909    0.28370   83 1204    0.43578    0.26783  38.5%  1404 1321s
  1613   914    0.30418   85 1147    0.43578    0.26783  38.5%  1404 1326s
  1623   924    0.28439   90  857    0.43578    0.26783  38.5%  1399 1330s
  1633   934    0.28552   95  739    0.43578    0.26783  38.5%  1396 1335s
  1643   944    0.28801  100  625    0.43578    0.26783  38.5%  1395 1340s
  1652   953    0.28658  105  669    0.43578    0.26783  38.5%  1394 1345s
  1658   959    0.28669  108  573    0.43578    0.26783  38.5%  1395 1350s
  1670   971    0.28844  114  455    0.43578    0.26783  38.5%  1390 1355s
  1679   980    0.28853  118  424    0.43578    0.26783  38.5%  1387 1360s
  1690   991    0.28986  124  434    0.43578    0.26783  38.5%  1384 1365s
  1704  1005    0.28986  131  450    0.43578    0.26783  38.5%  1378 1370s
  1707  1008    0.33583  132  523    0.43578    0.26783  38.5%  1381 1381s
  1714  1015    0.30118  136  315    0.43578    0.26783  38.5%  1379 1385s
  1729  1030    0.29234  143  269    0.43578    0.26783  38.5%  1372 1390s
  1746  1047    0.29419  152  440    0.43578    0.26783  38.5%  1364 1395s
  1750  1051    0.29508  154  518    0.43578    0.26783  38.5%  1367 1402s
  1753  1052     cutoff  155         0.43578    0.26783  38.5%  1370 1405s
  1762  1061    0.38951  160 1088    0.43578    0.26783  38.5%  1371 1411s
  1768  1067    0.29745  163  493    0.43578    0.26783  38.5%  1371 1415s
  1777  1076    0.30293  167  621    0.43578    0.26783  38.5%  1370 1420s
  1788  1087    0.29726  173  435    0.43578    0.26783  38.5%  1366 1425s
  1799  1098    0.32454  178  290    0.43578    0.26783  38.5%  1365 1430s
  1815  1114    0.32586  186  433    0.43578    0.26783  38.5%  1358 1435s
  1825  1124    0.32674  191  276    0.43578    0.26783  38.5%  1359 1440s
  1836  1135    0.32684  197  446    0.43578    0.26783  38.5%  1357 1445s
  1845  1144    0.33400  201  323    0.43578    0.26783  38.5%  1357 1450s
  1857  1152    0.34518  207  289    0.43578    0.26783  38.5%  1356 1455s
  1868  1163    0.32693  213  432    0.43578    0.26783  38.5%  1353 1460s
  1885  1180    0.33568  221  308    0.43578    0.26783  38.5%  1345 1465s
  1911  1204    0.32912  234  427    0.43578    0.26783  38.5%  1332 1470s
  1940  1215    0.26824   42 1618    0.43578    0.26787  38.5%  1319 1480s
  1942  1217    0.26877   43 1582    0.43578    0.26787  38.5%  1327 1488s
  1944  1219    0.27362   44 1494    0.43578    0.26787  38.5%  1329 1492s
  1946  1221    0.27592   45 1414    0.43578    0.26787  38.5%  1334 1499s
  1947  1222    0.27021   46 1511    0.43578    0.26787  38.5%  1336 1501s
  1950  1225    0.27047   47 1366    0.43578    0.26787  38.5%  1338 1506s
  1952  1227    0.27176   48 1304    0.43578    0.26787  38.5%  1341 1511s
  1956  1231    0.27158   50 1437    0.43578    0.26787  38.5%  1340 1515s
  1957  1232    0.27183   51 1321    0.43578    0.26787  38.5%  1345 1521s
  1958  1233    0.28273   51 1286    0.43578    0.26787  38.5%  1351 1526s
  1959  1234    0.27240   52 1327    0.43578    0.26787  38.5%  1353 1534s
  1960  1235    0.27661   52 1230    0.43578    0.26787  38.5%  1357 1537s
  1962  1237    0.31628   53 1281    0.43578    0.26787  38.5%  1359 1542s
  1965  1240    0.27303   55 1171    0.43578    0.26787  38.5%  1361 1546s
  1968  1243    0.29474   56 1139    0.43578    0.26787  38.5%  1363 1550s
  1970  1245    0.27694   57 1291    0.43578    0.26787  38.5%  1368 1556s
  1973  1248    0.27497   59 1113    0.43578    0.26787  38.5%  1370 1560s
  1975  1250    0.27513   60 1077    0.43578    0.26787  38.5%  1376 1567s
  1977  1252    0.27513   61 1041    0.43578    0.26787  38.5%  1378 1570s
  1982  1257    0.27605   63 1095    0.43578    0.26787  38.5%  1381 1576s
  1984  1259    0.27709   64 1137    0.43578    0.26787  38.5%  1386 1592s
  1986  1261    0.27717   65 1003    0.43578    0.26787  38.5%  1389 1600s
  1990  1265    0.30634   67  997    0.43578    0.26787  38.5%  1391 1605s
  1994  1269    0.34675   69 1393    0.43578    0.26787  38.5%  1396 1617s
  1997  1272    0.27910   71  967    0.43578    0.26787  38.5%  1395 1622s
  1999  1274    0.27952   72 1062    0.43578    0.26787  38.5%  1399 1627s
  2000  1275    0.28310   72  990    0.43578    0.26787  38.5%  1400 1631s
  2004  1279    0.28838   74  914    0.43578    0.26787  38.5%  1403 1637s
  2006  1281    0.28108   75  886    0.43578    0.26787  38.5%  1407 1642s
  2011  1286    0.28023   78  973    0.43578    0.26787  38.5%  1407 1645s
  2014  1289    0.39404   79  972    0.43578    0.26787  38.5%  1412 1652s
  2020  1295    0.28565   82  933    0.43578    0.26787  38.5%  1412 1657s
  2022  1297    0.28507   83 1011    0.43578    0.26787  38.5%  1416 1663s
  2025  1300    0.28139   85  943    0.43578    0.26787  38.5%  1417 1665s
  2033  1308    0.28171   89  867    0.43578    0.26787  38.5%  1415 1670s
  2035  1310    0.28200   90  957    0.43578    0.26787  38.5%  1416 1685s
  2042  1317    0.36000   93 1227    0.43578    0.26787  38.5%  1419 1692s
  2044  1319    0.28828   94  935    0.43578    0.26787  38.5%  1422 1696s
  2050  1325    0.28205   97  857    0.43578    0.26787  38.5%  1421 1700s
  2054  1329    0.28327   99  737    0.43578    0.26787  38.5%  1424 1705s
  2060  1335    0.28532  102  773    0.43578    0.26787  38.5%  1426 1710s
  2071  1346    0.28352  108  549    0.43578    0.26787  38.5%  1423 1715s
  2086  1361    0.28361  115  489    0.43578    0.26787  38.5%  1417 1720s
  2094  1369    0.28397  119  301    0.43578    0.26787  38.5%  1417 1725s
  2102  1377    0.28456  123  450    0.43578    0.26787  38.5%  1418 1730s
  2112  1387    0.29576  128  225    0.43578    0.26787  38.5%  1416 1735s
  2124  1399    0.28632  134  396    0.43578    0.26787  38.5%  1413 1740s
  2133  1408    0.28649  139  331    0.43578    0.26787  38.5%  1412 1745s
  2143  1418    0.29130  144  400    0.43578    0.26787  38.5%  1412 1751s
  2150  1425    0.28711  147  473    0.43578    0.26787  38.5%  1411 1755s
  2161  1436    0.28719  153  338    0.43578    0.26787  38.5%  1409 1760s
  2170  1445    0.29085  157  545    0.43578    0.26787  38.5%  1408 1765s
  2185  1460    0.28733  165  336    0.43578    0.26787  38.5%  1402 1770s
  2199  1474    0.28729  172  329    0.43578    0.26787  38.5%  1397 1775s
  2211  1486    0.28750  178  438    0.43578    0.26787  38.5%  1394 1780s
  2220  1495    0.29522  182  296    0.43578    0.26787  38.5%  1393 1785s
  2232  1507    0.29511  188  322    0.43578    0.26787  38.5%  1392 1791s
  2241  1516    0.28759  193  429    0.43578    0.26787  38.5%  1390 1795s
  2260  1535    0.29401  202  456    0.43578    0.26787  38.5%  1382 1800s
  2278  1553    0.29550  211  429    0.43578    0.26787  38.5%  1374 1805s
  2316  1584    0.31656  230  293    0.43578    0.26787  38.5%  1354 1810s
  2342  1585    0.26928   42 1610    0.43578    0.26817  38.5%  1343 1820s
  2345  1588    0.27069   44 1335    0.43578    0.26817  38.5%  1347 1827s
  2346  1589    0.27331   44 1592    0.43578    0.26817  38.5%  1350 1831s
  2348  1591    0.27097   45 1298    0.43578    0.26817  38.5%  1352 1835s
  2349  1592    0.27183   46 1451    0.43578    0.26817  38.5%  1357 1842s
  2350  1593    0.27507   46 1403    0.43578    0.26817  38.5%  1358 1878s
  2351  1594    0.27238   47 1343    0.43578    0.26817  38.5%  1358 1880s
  2356  1599    0.27380   49 1293    0.43578    0.26817  38.5%  1361 1887s
  2361  1604    0.27346   52 1195    0.43578    0.26817  38.5%  1359 1890s
  2366  1609    0.31773   54 1241    0.43578    0.26817  38.5%  1361 1896s
  2370  1613    0.27432   56 1154    0.43578    0.26817  38.5%  1363 1901s
  2374  1617    0.27770   58 1264    0.43578    0.26817  38.5%  1369 1912s
  2375  1618    0.27535   59 1218    0.43578    0.26817  38.5%  1373 1917s
  2376  1619    0.27603   59 1161    0.43578    0.26817  38.5%  1375 1920s
  2380  1623    0.27708   61  979    0.43578    0.26817  38.5%  1377 1925s
  2384  1627    0.28041   63  988    0.43578    0.26817  38.5%  1382 1933s
  2386  1629    0.28461   64 1042    0.43578    0.26817  38.5%  1382 1935s
  2389  1632    0.27664   66 1215    0.43578    0.26817  38.5%  1386 1941s
  2392  1635    0.27896   67 1017    0.43578    0.26817  38.5%  1389 1947s
  2393  1636    0.27844   68  947    0.43578    0.26817  38.5%  1390 1950s
  2394  1637    0.28074   68  918    0.43578    0.26817  38.5%  1394 1955s
  2396  1639    0.30038   69  887    0.43578    0.26817  38.5%  1398 1965s
  2400  1643    0.27922   71  975    0.43578    0.26817  38.5%  1402 1972s
  2402  1645    0.27922   72  956    0.43578    0.26817  38.5%  1402 1975s
  2403  1646    0.27974   73 1130    0.43578    0.26817  38.5%  1406 1980s
  2404  1647    0.28695   73  923    0.43578    0.26817  38.5%  1411 1985s
  2411  1654    0.28030   77  845    0.43578    0.26817  38.5%  1411 1990s
  2414  1657    0.28553   78  858    0.43578    0.26817  38.5%  1413 1995s
  2418  1661    0.34882   80 1228    0.43578    0.26817  38.5%  1415 2000s
  2428  1671    0.28146   85  785    0.43578    0.26817  38.5%  1414 2006s
  2432  1675    0.28471   87  727    0.43578    0.26817  38.5%  1415 2010s
  2444  1687    0.28235   93  633    0.43578    0.26817  38.5%  1412 2015s
  2456  1699    0.31574   99  649    0.43578    0.26817  38.5%  1408 2020s
  2465  1708    0.28290  104  577    0.43578    0.26817  38.5%  1407 2025s
  2470  1713    0.37245  106 1051    0.43578    0.26817  38.5%  1409 2030s
  2480  1723    0.28418  111  474    0.43578    0.26817  38.5%  1407 2035s
  2487  1730    0.28376  115  439    0.43578    0.26817  38.5%  1407 2040s
  2494  1737    0.28644  118  522    0.43578    0.26817  38.5%  1408 2047s
  2497  1738    0.28390  120  351    0.43578    0.26817  38.5%  1409 2050s
  2504  1745    0.28390  123  339    0.43578    0.26817  38.5%  1409 2055s
  2516  1757    0.28448  129  420    0.43578    0.26817  38.5%  1407 2060s
  2522  1763    0.29288  132  332    0.43578    0.26817  38.5%  1409 2066s
  2530  1771    0.29986  136  764    0.43578    0.26817  38.5%  1408 2070s
  2535  1776    0.28516  139  247    0.43578    0.26817  38.5%  1409 2077s
  2538  1779    0.38889  140 1221    0.43578    0.26817  38.5%  1411 2081s
  2545  1786    0.28605  144  289    0.43578    0.26817  38.5%  1410 2085s
  2558  1799    0.28626  150  230    0.43578    0.26817  38.5%  1408 2090s
  2574  1815    0.41626  158 1128    0.43578    0.26817  38.5%  1404 2095s
  2591  1832    0.28626  167  230    0.43578    0.26817  38.5%  1399 2100s
  2607  1848    0.28626  175  226    0.43578    0.26817  38.5%  1395 2105s
  2622  1863    0.28626  182  260    0.43578    0.26817  38.5%  1391 2110s
  2635  1876    0.28628  189  297    0.43578    0.26817  38.5%  1389 2115s
  2647  1888    0.28683  195  389    0.43578    0.26817  38.5%  1386 2120s
  2662  1903    0.31291  202  806    0.43578    0.26817  38.5%  1383 2125s
  2677  1918    0.28626  210  269    0.43578    0.26817  38.5%  1380 2130s
  2689  1930    0.28626  216  233    0.43578    0.26817  38.5%  1377 2135s
  2704  1945    0.35394  223  956    0.43578    0.26817  38.5%  1374 2140s
  2716  1957    0.30436  229  401    0.43578    0.26817  38.5%  1372 2145s
  2732  1973    0.29550  237  246    0.43578    0.26817  38.5%  1368 2150s
  2752  1993    0.29481  247  328    0.43578    0.26817  38.5%  1361 2155s
  2772  2013    0.30094  257  208    0.43578    0.26817  38.5%  1356 2160s
  2793  2032    0.30189  268  228    0.43578    0.26817  38.5%  1351 2165s
  2812  2045     cutoff  277         0.43578    0.26817  38.5%  1347 2170s
  2843  2065     cutoff  292         0.43578    0.26817  38.5%  1337 2175s
  2862  2064    0.26820   41 1582    0.43578    0.26817  38.5%  1331 2180s
  2865  2067    0.26874   43 1542    0.43578    0.26817  38.5%  1336 2189s
  2867  2069    0.27013   44 1420    0.43578    0.26817  38.5%  1336 2190s
  2870  2072    0.27663   45 1389    0.43578    0.26817  38.5%  1338 2196s
  2873  2075    0.27125   47 1442    0.43578    0.26817  38.5%  1340 2201s
  2876  2078    0.27598   48 1310    0.43578    0.26817  38.5%  1342 2205s
  2880  2082    0.27257   50 1334    0.43578    0.26817  38.5%  1343 2210s
  2884  2086    0.27521   52 1315    0.43578    0.26817  38.5%  1345 2216s
  2888  2090    0.28454   54 1272    0.43578    0.26817  38.5%  1351 2224s
  2890  2092    0.27501   55 1244    0.43578    0.26817  38.5%  1350 2225s
  2894  2096    0.27422   57 1224    0.43578    0.26817  38.5%  1351 2230s
  2895  2097    0.27392   58 1334    0.43578    0.26817  38.5%  1354 2235s
  2897  2099    0.27442   59 1339    0.43578    0.26817  38.5%  1358 2242s
  2898  2100    0.27517   59 1222    0.43578    0.26817  38.5%  1360 2245s
  2902  2104    0.28564   61 1210    0.43578    0.26817  38.5%  1364 2254s
  2904  2106    0.27474   62 1344    0.43578    0.26817  38.5%  1366 2258s
  2907  2109    0.27534   64 1246    0.43578    0.26817  38.5%  1368 2263s
  2908  2110    0.27823   64 1294    0.43578    0.26817  38.5%  1370 2266s
  2911  2113    0.27589   66 1163    0.43578    0.26817  38.5%  1371 2271s
  2914  2116    0.27938   67 1207    0.43578    0.26817  38.5%  1374 2276s
  2919  2121    0.27865   70 1242    0.43578    0.26817  38.5%  1374 2280s
  2920  2122    0.27788   70 1202    0.43578    0.26817  38.5%  1376 2288s
  2921  2123    0.27822   71 1285    0.43578    0.26817  38.5%  1378 2292s
  2923  2125    0.27822   72 1274    0.43578    0.26817  38.5%  1379 2295s
  2925  2127    0.27825   73 1255    0.43578    0.26817  38.5%  1382 2300s
  2926  2128    0.27849   73 1328    0.43578    0.26817  38.5%  1386 2306s
  2930  2132    0.28674   75 1248    0.43578    0.26817  38.5%  1387 2311s
  2932  2134    0.27968   76 1255    0.43578    0.26817  38.5%  1392 2318s
  2933  2135    0.27874   77 1169    0.43578    0.26817  38.5%  1392 2320s
  2936  2138    0.35468   78 1379    0.43578    0.26817  38.5%  1397 2327s
  2938  2140    0.28157   79 1176    0.43578    0.26817  38.5%  1399 2330s
  2940  2142    0.28920   80 1307    0.43578    0.26817  38.5%  1401 2335s
  2945  2147    0.28192   83 1215    0.43578    0.26817  38.5%  1402 2341s
  2948  2150    0.31181   84 1274    0.43578    0.26817  38.5%  1405 2346s
  2953  2155    0.28414   87 1219    0.43578    0.26817  38.5%  1404 2350s
  2958  2160    0.28852   89 1210    0.43578    0.26817  38.5%  1407 2369s
  2959  2161    0.28457   90  863    0.43578    0.26817  38.5%  1407 2374s
  2960  2162    0.28457   90  863    0.43578    0.26817  38.5%  1407 2375s
  2963  2165    0.28521   92  899    0.43578    0.26817  38.5%  1409 2380s
  2969  2171    0.28529   95  767    0.43578    0.26817  38.5%  1410 2385s
  2973  2175    0.28895   97  742    0.43578    0.26817  38.5%  1411 2390s
  2980  2182    0.28938  100  797    0.43578    0.26817  38.5%  1412 2395s
  2984  2186    0.28970  102  817    0.43578    0.26817  38.5%  1414 2400s
  2989  2191    0.29037  105  804    0.43578    0.26817  38.5%  1416 2405s
  2993  2195    0.29024  107  761    0.43578    0.26817  38.5%  1416 2410s
  2996  2198    0.29024  108  714    0.43578    0.26817  38.5%  1416 2416s
  2999  2199    0.29039  110  629    0.43578    0.26817  38.5%  1416 2420s
  3007  2207    0.29042  114  517    0.43578    0.26817  38.5%  1415 2425s
  3018  2218    0.29139  119  365    0.43578    0.26817  38.5%  1413 2430s
  3035  2235    0.29375  128  220    0.43578    0.26817  38.5%  1408 2435s
  3046  2246    0.29925  133  462    0.43578    0.26817  38.5%  1407 2440s
  3056  2256    0.29785  138  493    0.43578    0.26817  38.5%  1406 2445s
  3064  2264    0.29472  142  247    0.43578    0.26817  38.5%  1406 2450s
  3080  2280    0.29482  150  316    0.43578    0.26817  38.5%  1402 2455s
  3090  2290    0.29472  155  226    0.43578    0.26817  38.5%  1401 2460s
  3098  2298    0.35567  159  622    0.43578    0.26817  38.5%  1402 2465s
  3110  2310    0.32845  165  503    0.43578    0.26817  38.5%  1400 2470s
  3127  2327    0.29472  174  247    0.43578    0.26817  38.5%  1396 2475s
  3136  2336    0.29472  178  285    0.43578    0.26817  38.5%  1396 2480s
  3150  2350    0.29479  185  312    0.43578    0.26817  38.5%  1392 2485s
  3159  2359    0.29479  190  306    0.43578    0.26817  38.5%  1392 2490s
  3169  2369    0.29479  195  271    0.43578    0.26817  38.5%  1391 2495s
  3180  2380    0.42640  200 1228    0.43578    0.26817  38.5%  1391 2501s
  3194  2394    0.43456  207 1156    0.43578    0.26817  38.5%  1387 2505s
  3205  2405    0.29516  213  381    0.43578    0.26817  38.5%  1385 2510s
  3216  2416    0.34185  218  479    0.43578    0.26817  38.5%  1384 2521s
  3224  2424    0.31830  222  492    0.43578    0.26817  38.5%  1382 2525s
  3239  2439    0.30558  230  458    0.43578    0.26817  38.5%  1379 2530s
  3258  2458    0.31146  239  424    0.43578    0.26817  38.5%  1373 2535s
  3284  2482 infeasible  252         0.43578    0.26817  38.5%  1364 2540s
H 3314  2494                       0.4351740    0.26817  38.4%  1353 2551s
H 3314  2494                       0.4351504    0.26817  38.4%  1353 2551s
H 3314  2494                       0.4348604    0.26817  38.3%  1353 2551s
  3316  2498    0.26886   42 1622    0.43486    0.26823  38.3%  1358 2556s
  3318  2500    0.26914   43 1488    0.43486    0.26823  38.3%  1359 2560s
  3320  2502    0.27389   44 1494    0.43486    0.26823  38.3%  1361 2565s
  3324  2506    0.27500   46 1432    0.43486    0.26823  38.3%  1363 2572s
  3326  2508    0.27281   47 1439    0.43486    0.26823  38.3%  1366 2578s
  3328  2510    0.27225   48 1451    0.43486    0.26823  38.3%  1368 2582s
  3330  2512    0.27654   49 1407    0.43486    0.26823  38.3%  1369 2586s
  3333  2515    0.27337   51 1330    0.43486    0.26823  38.3%  1371 2591s
  3334  2516    0.28260   51 1255    0.43486    0.26823  38.3%  1374 2596s
  3336  2518    0.27337   52 1335    0.43486    0.26823  38.3%  1375 2600s
  3340  2522    0.27478   54 1313    0.43486    0.26823  38.3%  1376 2605s
  3342  2524    0.28459   55 1301    0.43486    0.26823  38.3%  1378 2610s
  3346  2528    0.27372   57 1233    0.43486    0.26823  38.3%  1379 2615s
  3352  2534    0.27530   60 1272    0.43486    0.26823  38.3%  1382 2623s
  3355  2537    0.27575   62 1321    0.43486    0.26823  38.3%  1383 2627s
  3357  2539    0.27575   63 1261    0.43486    0.26823  38.3%  1386 2632s
  3359  2541    0.27664   64 1266    0.43486    0.26823  38.3%  1387 2635s
  3361  2543    0.27923   65 1331    0.43486    0.26823  38.3%  1391 2643s
  3362  2544    0.30069   65 1251    0.43486    0.26823  38.3%  1392 2646s
  3366  2548    0.27923   67 1330    0.43486    0.26823  38.3%  1394 2651s
  3368  2550    0.28476   68 1134    0.43486    0.26823  38.3%  1400 2661s
  3369  2551    0.27995   69 1228    0.43486    0.26823  38.3%  1402 2666s
  3371  2553    0.28025   70 1245    0.43486    0.26823  38.3%  1403 2673s
  3372  2554    0.28454   70 1242    0.43486    0.26823  38.3%  1405 2676s
  3376  2558    0.32867   72 1146    0.43486    0.26823  38.3%  1408 2683s
  3378  2560    0.28877   73 1102    0.43486    0.26823  38.3%  1409 2686s
  3381  2563    0.28133   75 1063    0.43486    0.26823  38.3%  1411 2691s
  3384  2566    0.28203   76 1170    0.43486    0.26823  38.3%  1412 2695s
  3388  2570    0.28291   78 1038    0.43486    0.26823  38.3%  1416 2702s
  3389  2571    0.28155   79 1248    0.43486    0.26823  38.3%  1417 2705s
  3396  2578    0.35081   82 1070    0.43486    0.26823  38.3%  1418 2711s
  3397  2579    0.28246   83  894    0.43486    0.26823  38.3%  1417 2715s
  3402  2584    0.29026   85  993    0.43486    0.26823  38.3%  1419 2720s
  3408  2590    0.28893   88 1035    0.43486    0.26823  38.3%  1419 2725s
  3414  2596    0.28468   91  811    0.43486    0.26823  38.3%  1420 2730s
  3420  2602    0.28731   94 1051    0.43486    0.26823  38.3%  1421 2737s
  3422  2604    0.29276   95  933    0.43486    0.26823  38.3%  1422 2757s
  3430  2612    0.32755   99  963    0.43486    0.26823  38.3%  1421 2761s
  3436  2618    0.28735  102  762    0.43486    0.26823  38.3%  1421 2765s
  3444  2626    0.28766  106  691    0.43486    0.26823  38.3%  1420 2770s
  3456  2638    0.29521  112  541    0.43486    0.26823  38.3%  1419 2775s
  3467  2649    0.29558  118  562    0.43486    0.26823  38.3%  1417 2780s
  3476  2658    0.29928  122  648    0.43486    0.26823  38.3%  1417 2786s
  3486  2668    0.29693  127  461    0.43486    0.26823  38.3%  1416 2790s
  3500  2682    0.29655  134  411    0.43486    0.26823  38.3%  1413 2795s
  3510  2692    0.31376  139  433    0.43486    0.26823  38.3%  1412 2800s
  3524  2706    0.37795  146 1135    0.43486    0.26823  38.3%  1410 2806s
  3530  2712    0.29908  149  523    0.43486    0.26823  38.3%  1410 2810s
  3540  2722    0.29784  154  364    0.43486    0.26823  38.3%  1409 2815s
  3550  2732    0.31337  159  817    0.43486    0.26823  38.3%  1408 2820s
  3561  2743    0.29858  165  354    0.43486    0.26823  38.3%  1406 2825s
  3570  2752    0.30777  169  402    0.43486    0.26823  38.3%  1406 2830s
  3581  2763    0.32171  175  540    0.43486    0.26823  38.3%  1404 2835s
  3594  2776    0.31957  181  425    0.43486    0.26823  38.3%  1401 2840s
  3612  2794    0.30722  190  451    0.43486    0.26823  38.3%  1395 2845s
  3632  2814    0.31734  200  424    0.43486    0.26823  38.3%  1390 2850s
  3659  2841    0.31189  214  415    0.43486    0.26823  38.3%  1382 2855s
  3701  2849    0.26924   38 1655    0.43486    0.26824  38.3%  1371 2867s
  3703  2851    0.26987   39 1644    0.43486    0.26824  38.3%  1373 2871s
  3707  2855    0.27428   41 1568    0.43486    0.26824  38.3%  1374 2877s
  3709  2857    0.27461   42 1528    0.43486    0.26824  38.3%  1380 2885s
  3711  2859    0.27359   43 1432    0.43486    0.26824  38.3%  1382 2891s
  3713  2861    0.27637   44 1391    0.43486    0.26824  38.3%  1383 2896s
  3717  2865    0.27419   46 1437    0.43486    0.26824  38.3%  1383 2901s
  3718  2866    0.27255   47 1534    0.43486    0.26824  38.3%  1386 2906s
  3719  2867    0.27354   47 1416    0.43486    0.26824  38.3%  1385 2912s
  3720  2868    0.27404   48 1333    0.43486    0.26824  38.3%  1388 2919s
  3721  2869    0.27782   48 1410    0.43486    0.26824  38.3%  1390 2923s
  3723  2871    0.28061   49 1286    0.43486    0.26824  38.3%  1393 2930s
  3725  2873    0.30863   50 1320    0.43486    0.26824  38.3%  1396 2937s
  3727  2875    0.27439   51 1219    0.43486    0.26824  38.3%  1397 2940s
  3729  2877    0.27486   52 1259    0.43486    0.26824  38.3%  1399 2945s
  3731  2879    0.27626   53 1225    0.43486    0.26824  38.3%  1402 2952s
  3735  2883    0.27716   55 1246    0.43486    0.26824  38.3%  1402 2957s
  3741  2889    0.28224   58 1078    0.43486    0.26824  38.3%  1401 2960s
  3745  2893    0.27954   60 1105    0.43486    0.26824  38.3%  1403 2966s
  3747  2895    0.29886   61 1185    0.43486    0.26824  38.3%  1406 2972s
  3751  2899    0.28393   63 1135    0.43486    0.26824  38.3%  1406 2975s
  3755  2903    0.35410   65 1553    0.43486    0.26824  38.3%  1411 2983s
  3757  2905    0.28320   66 1176    0.43486    0.26824  38.3%  1413 2989s
  3758  2906    0.27949   67 1237    0.43486    0.26824  38.3%  1415 2992s
  3759  2907    0.28180   67 1265    0.43486    0.26824  38.3%  1417 2996s
  3761  2909    0.28362   68 1083    0.43486    0.26824  38.3%  1419 3005s
  3765  2913    0.28095   70 1069    0.43486    0.26824  38.3%  1420 3011s
  3769  2917    0.28161   72 1003    0.43486    0.26824  38.3%  1421 3015s
  3773  2921    0.28253   74  984    0.43486    0.26824  38.3%  1422 3022s
  3775  2923    0.28213   75 1193    0.43486    0.26824  38.3%  1424 3026s
  3777  2925    0.28433   76  950    0.43486    0.26824  38.3%  1426 3031s
  3780  2928    0.28255   78  948    0.43486    0.26824  38.3%  1427 3035s
  3783  2931    0.28255   79  905    0.43486    0.26824  38.3%  1429 3041s
  3787  2935    0.29018   81 1168    0.43486    0.26824  38.3%  1432 3048s
  3790  2938    0.28368   83  901    0.43486    0.26824  38.3%  1433 3052s
  3791  2939    0.28800   83 1218    0.43486    0.26824  38.3%  1436 3060s
  3795  2943    0.28368   85  861    0.43486    0.26824  38.3%  1435 3065s
  3797  2945    0.28872   86 1247    0.43486    0.26824  38.3%  1438 3072s
  3799  2947    0.29111   87 1301    0.43486    0.26824  38.3%  1439 3076s
  3801  2949    0.28535   88  843    0.43486    0.26824  38.3%  1441 3080s
  3805  2953    0.28592   90  899    0.43486    0.26824  38.3%  1443 3087s
  3807  2955    0.28783   91  636    0.43486    0.26824  38.3%  1444 3090s
  3817  2965    0.29143   96  789    0.43486    0.26824  38.3%  1443 3095s
  3825  2973    0.28722  100  561    0.43486    0.26824  38.3%  1443 3100s
  3833  2981    0.29001  104  738    0.43486    0.26824  38.3%  1443 3105s
  3842  2990    0.28791  109  387    0.43486    0.26824  38.3%  1442 3110s
  3852  3000    0.28884  114  481    0.43486    0.26824  38.3%  1441 3115s
  3861  3009    0.28884  118  441    0.43486    0.26824  38.3%  1440 3120s
  3865  3013    0.29427  120  964    0.43486    0.26824  38.3%  1441 3125s
  3877  3025    0.28952  126  507    0.43486    0.26824  38.3%  1439 3130s
  3892  3040    0.28981  134  245    0.43486    0.26824  38.3%  1436 3135s
  3900  3048    0.31366  138  365    0.43486    0.26824  38.3%  1436 3140s
  3903  3051    0.32486  139  538    0.43486    0.26824  38.3%  1437 3147s
  3909  3057    0.29179  142  297    0.43486    0.26824  38.3%  1436 3150s
  3925  3073    0.30566  150  414    0.43486    0.26824  38.3%  1432 3155s
  3937  3085    0.29188  156  296    0.43486    0.26824  38.3%  1431 3160s
  3941  3089    0.29188  158  261    0.43486    0.26824  38.3%  1430 3204s
  3943  3091    0.29188  159  306    0.43486    0.26824  38.3%  1430 3205s
  3957  3105    0.29460  166  448    0.43486    0.26824  38.3%  1427 3210s
  3968  3116    0.29202  172  431    0.43486    0.26824  38.3%  1426 3215s
  3981  3129    0.29209  178  367    0.43486    0.26824  38.3%  1424 3220s
  3988  3136    0.29461  182  377    0.43486    0.26824  38.3%  1425 3226s
  3994  3142    0.29247  185  449    0.43486    0.26824  38.3%  1424 3230s
  4006  3154    0.29470  191  358    0.43486    0.26824  38.3%  1422 3235s
H 4009  3154                       0.4346131    0.26824  38.3%  1422 3242s
  4009  3156    0.31002  192  380    0.43461    0.26824  38.3%  1422 3248s
  4010  3157    0.29475  193  253    0.43461    0.26824  38.3%  1422 3250s
  4019  3166    0.31231  197  440    0.43461    0.26824  38.3%  1421 3255s
H 4029  3174                       0.4346098    0.26824  38.3%  1419 3258s
H 4029  3173                       0.4343025    0.26824  38.2%  1419 3258s
H 4029  3173                       0.4342358    0.26824  38.2%  1419 3258s
  4033  3179    0.30386  204  244    0.43424    0.26824  38.2%  1419 3260s
  4047  3193    0.30814  211  245    0.43424    0.26824  38.2%  1416 3265s
  4063  3209    0.31409  219  335    0.43424    0.26824  38.2%  1413 3270s
  4094  3237    0.31399  235  377    0.43424    0.26824  38.2%  1405 3275s
  4116  3239    0.26861   43 1575    0.43424    0.26824  38.2%  1401 3286s
  4119  3242    0.26939   46 1285    0.43424    0.26824  38.2%  1402 3290s
  4125  3248    0.27116   52 1346    0.43424    0.26824  38.2%  1404 3300s
  4133  3256    0.27221   58 1098    0.43424    0.26824  38.2%  1403 3305s
  4136  3259    0.27275   61 1181    0.43424    0.26824  38.2%  1404 3310s
  4139  3262    0.27316   62 1242    0.43424    0.26824  38.2%  1407 3317s
  4140  3263    0.27385   62 1187    0.43424    0.26824  38.2%  1408 3320s
  4148  3271    0.27728   70 1107    0.43424    0.26824  38.2%  1407 3325s
  4153  3276    0.27728   72 1158    0.43424    0.26824  38.2%  1408 3331s
  4156  3279    0.27780   75 1223    0.43424    0.26824  38.2%  1409 3336s
  4159  3282    0.27832   78 1160    0.43424    0.26824  38.2%  1410 3340s
  4165  3288    0.28183   84  939    0.43424    0.26824  38.2%  1411 3351s
  4170  3293    0.28446   85 1096    0.43424    0.26824  38.2%  1413 3360s
  4174  3297    0.28427   89  877    0.43424    0.26824  38.2%  1414 3365s
  4179  3302    0.28427   93  946    0.43424    0.26824  38.2%  1416 3370s
  4182  3305    0.28440   96  896    0.43424    0.26824  38.2%  1417 3375s
  4196  3319    0.28559  108  905    0.43424    0.26824  38.2%  1414 3380s
  4208  3331    0.28638  119  762    0.43424    0.26824  38.2%  1412 3385s
  4216  3339    0.28737  127  747    0.43424    0.26824  38.2%  1412 3390s
  4229  3352    0.29063  137 1139    0.43424    0.26824  38.2%  1409 3395s
  4243  3366    0.28947  145  388    0.43424    0.26824  38.2%  1407 3400s
  4254  3377    0.29078  152  449    0.43424    0.26824  38.2%  1406 3405s
  4263  3386    0.28896  155  430    0.43424    0.26824  38.2%  1404 3410s
  4276  3399    0.29144  163  443    0.43424    0.26824  38.2%  1402 3415s
  4285  3408    0.29232  166  323    0.43424    0.26824  38.2%  1401 3420s
  4293  3416    0.29221  173  304    0.43424    0.26824  38.2%  1401 3425s
  4302  3425    0.29287  178  397    0.43424    0.26824  38.2%  1401 3430s
  4314  3437    0.30254  183  368    0.43424    0.26824  38.2%  1400 3435s
  4320  3443    0.29636  183  307    0.43424    0.26824  38.2%  1401 3440s
  4329  3452    0.30385  186  343    0.43424    0.26824  38.2%  1400 3445s
  4335  3458    0.32060  187  641    0.43424    0.26824  38.2%  1401 3450s
  4347  3470    0.30495  194  311    0.43424    0.26824  38.2%  1400 3455s
  4368  3491    0.30478  207  336    0.43424    0.26824  38.2%  1395 3460s
  4382  3505    0.30853  212  278    0.43424    0.26824  38.2%  1392 3465s
  4392  3515    0.31800  212  555    0.43424    0.26824  38.2%  1392 3470s
  4410  3533    0.31394  232  534    0.43424    0.26824  38.2%  1388 3475s
  4419  3542    0.31824  233  381    0.43424    0.26824  38.2%  1388 3480s
  4431  3554    0.33772  236  412    0.43424    0.26824  38.2%  1387 3485s
  4456  3579    0.32853  249  343    0.43424    0.26824  38.2%  1381 3490s
  4484  3605    0.35729  261  244    0.43424    0.26824  38.2%  1374 3495s
  4531  3624 infeasible  279         0.43424    0.26824  38.2%  1362 3500s
  4534  3623    0.26878   38 1731    0.43424    0.26825  38.2%  1364 3511s
  4536  3625    0.26919   40 1543    0.43424    0.26825  38.2%  1365 3516s
  4538  3627    0.26954   42 1507    0.43424    0.26825  38.2%  1366 3520s
  4539  3628    0.26961   43 1456    0.43424    0.26825  38.2%  1369 3527s
  4544  3633    0.27468   45 1445    0.43424    0.26825  38.2%  1368 3530s
  4551  3640    0.27627   52 1273    0.43424    0.26825  38.2%  1368 3536s
  4552  3641    0.27798   51 1273    0.43424    0.26825  38.2%  1370 3541s
  4559  3648    0.29371   58 1295    0.43424    0.26825  38.2%  1369 3546s
  4561  3650    0.27945   57 1111    0.43424    0.26825  38.2%  1371 3551s
  4563  3652    0.28204   58 1120    0.43424    0.26825  38.2%  1374 3559s
  4565  3654    0.28163   60 1172    0.43424    0.26825  38.2%  1374 3560s
  4571  3660    0.28344   66 1151    0.43424    0.26825  38.2%  1373 3573s
  4573  3662    0.28416   68 1205    0.43424    0.26825  38.2%  1374 3577s
  4576  3665    0.28467   68 1153    0.43424    0.26825  38.2%  1373 3583s
  4579  3668    0.28545   71 1089    0.43424    0.26825  38.2%  1373 3585s
  4583  3672    0.28821   74  994    0.43424    0.26825  38.2%  1374 3590s
  4587  3676    0.28677   75  986    0.43424    0.26825  38.2%  1375 3595s
  4592  3681    0.28685   80  927    0.43424    0.26825  38.2%  1375 3600s
  4596  3685    0.29021   83  932    0.43424    0.26825  38.2%  1377 3607s
  4597  3686    0.28880   82  962    0.43424    0.26825  38.2%  1378 3610s
  4600  3689    0.28821   86  905    0.43424    0.26825  38.2%  1379 3615s
  4603  3692    0.28820   86  903    0.43424    0.26825  38.2%  1380 3620s
  4606  3695    0.28926   89  870    0.43424    0.26825  38.2%  1382 3625s
  4616  3705    0.29092   98  903    0.43424    0.26825  38.2%  1380 3630s
  4621  3710    0.29144  102  803    0.43424    0.26825  38.2%  1381 3635s
  4632  3721    0.29269  111  632    0.43424    0.26825  38.2%  1379 3640s
  4645  3734    0.29386  123  680    0.43424    0.26825  38.2%  1378 3645s
  4659  3748    0.29482  131  402    0.43424    0.26825  38.2%  1375 3650s
  4677  3766    0.29647  144  320    0.43424    0.26825  38.2%  1372 3655s
  4688  3777    0.29623  147  537    0.43424    0.26825  38.2%  1371 3661s
  4706  3795    0.29629  158  236    0.43424    0.26825  38.2%  1367 3665s
  4725  3814    0.29680  163  221    0.43424    0.26825  38.2%  1363 3670s
  4736  3825    0.35558  166  547    0.43424    0.26825  38.2%  1364 3676s
  4757  3846    0.29868  181  240    0.43424    0.26825  38.2%  1359 3680s
  4774  3863    0.29868  188  252    0.43424    0.26825  38.2%  1357 3685s
  4790  3879    0.29908  198  233    0.43424    0.26825  38.2%  1354 3690s
  4805  3894    0.31802  206  487    0.43424    0.26825  38.2%  1353 3695s
  4818  3907    0.30224  209  411    0.43424    0.26825  38.2%  1351 3700s
  4837  3926    0.30273  224  259    0.43424    0.26825  38.2%  1347 3705s
  4845  3934    0.30280  227  367    0.43424    0.26825  38.2%  1347 3710s
  4860  3949    0.31429  236  663    0.43424    0.26825  38.2%  1345 3715s
  4875  3964    0.33808  241  658    0.43424    0.26825  38.2%  1342 3720s
  4890  3979    0.33181  248  703    0.43424    0.26825  38.2%  1339 3725s
  4912  4001    0.33247  259  519    0.43424    0.26825  38.2%  1334 3730s
  4924  4007    0.33480  264  424    0.43424    0.26825  38.2%  1331 3752s
  4942  4023    0.34009  271  414    0.43424    0.26825  38.2%  1327 3755s
  4980  4033    0.26849   43 1482    0.43424    0.26829  38.2%  1319 3764s
  4981  4034    0.26849   44 1573    0.43424    0.26829  38.2%  1320 3766s
  4985  4038    0.26905   48 1304    0.43424    0.26829  38.2%  1319 3773s
  4987  4040    0.26905   50 1259    0.43424    0.26829  38.2%  1319 3775s
  4992  4045    0.27064   55 1115    0.43424    0.26829  38.2%  1318 3780s
  5004  4057    0.27420   67 1011    0.43424    0.26829  38.2%  1317 3785s
  5008  4061    0.27517   71 1010    0.43424    0.26829  38.2%  1317 3790s
  5010  4063    0.27614   73  997    0.43424    0.26829  38.2%  1318 3795s
  5015  4068    0.27755   78 1117    0.43424    0.26829  38.2%  1319 3800s
  5022  4075    0.27849   84  874    0.43424    0.26829  38.2%  1319 3805s
  5046  4099    0.28141  106  682    0.43424    0.26829  38.2%  1314 3810s
  5057  4110    0.28320  113  642    0.43424    0.26829  38.2%  1313 3815s
  5071  4124    0.28334  121  574    0.43424    0.26829  38.2%  1311 3820s
  5084  4137    0.28580  131  522    0.43424    0.26829  38.2%  1310 3825s
  5087  4140    0.28408  129  463    0.43424    0.26829  38.2%  1310 3840s
  5101  4154    0.28454  142  409    0.43424    0.26829  38.2%  1308 3846s
  5118  4171    0.28493  157  199    0.43424    0.26829  38.2%  1305 3850s
  5141  4194    0.28493  179  292    0.43424    0.26829  38.2%  1301 3855s
  5159  4212    0.28764  191  527    0.43424    0.26829  38.2%  1299 3860s
  5173  4226    0.28528  200  423    0.43424    0.26829  38.2%  1297 3865s
  5199  4252    0.29105  217  473    0.43424    0.26829  38.2%  1292 3870s
  5234  4285    0.29989  230  435    0.43424    0.26829  38.2%  1285 3875s
  5266  4317    0.32949  238  564    0.43424    0.26829  38.2%  1279 3880s
  5330  4372    0.37592  249  398    0.43424    0.26829  38.2%  1266 3885s
  5343  4369    0.27333   43 1532    0.43424    0.26829  38.2%  1265 3891s
  5347  4373    0.27794   47 1302    0.43424    0.26829  38.2%  1268 3901s
  5355  4381    0.28061   55  984    0.43424    0.26829  38.2%  1266 3905s
  5358  4384    0.28061   56  951    0.43424    0.26829  38.2%  1268 3910s
  5373  4399    0.28699   67 1002    0.43424    0.26829  38.2%  1267 3916s
  5383  4409    0.28912   75  909    0.43424    0.26829  38.2%  1266 3920s
  5384  4410    0.28913   76  939    0.43424    0.26829  38.2%  1267 3926s
  5385  4411    0.28936   75  863    0.43424    0.26829  38.2%  1269 3931s
  5397  4423    0.29142   87  808    0.43424    0.26829  38.2%  1267 3935s
  5406  4432    0.29267   93  658    0.43424    0.26829  38.2%  1267 3940s
  5415  4441    0.30280  102  579    0.43424    0.26829  38.2%  1267 3945s
  5429  4455    0.29549  115  461    0.43424    0.26829  38.2%  1266 3950s
  5438  4464    0.29612  119  417    0.43424    0.26829  38.2%  1265 3957s
  5450  4476    0.29630  128  511    0.43424    0.26829  38.2%  1263 3960s
  5470  4496    0.29725  143  289    0.43424    0.26829  38.2%  1260 3965s
  5492  4518    0.29725  159  192    0.43424    0.26829  38.2%  1257 3972s
  5508  4534    0.29852  173  360    0.43424    0.26829  38.2%  1254 3975s
  5525  4551    0.29740  188  225    0.43424    0.26829  38.2%  1252 3980s
  5543  4569    0.29763  197  463    0.43424    0.26829  38.2%  1250 3985s
  5561  4587    0.29756  204  279    0.43424    0.26829  38.2%  1248 3990s
  5585  4611    0.29756  221  351    0.43424    0.26829  38.2%  1244 3995s
  5610  4636    0.30382  241  259    0.43424    0.26829  38.2%  1240 4000s
  5625  4651    0.30417  250  244    0.43424    0.26829  38.2%  1240 4005s
  5648  4674    0.30679  267  384    0.43424    0.26829  38.2%  1237 4010s
  5659  4685    0.31042  272  197    0.43424    0.26829  38.2%  1235 4015s
  5685  4711    0.31962  291  563    0.43424    0.26829  38.2%  1231 4020s
  5716  4736    0.32510  306  367    0.43424    0.26829  38.2%  1227 4025s
  5755  4755    0.26899   43 1576    0.43424    0.26849  38.2%  1222 4037s
  5756  4756    0.26915   44 1403    0.43424    0.26849  38.2%  1223 4040s
  5761  4761    0.27339   49 1323    0.43424    0.26849  38.2%  1224 4048s
  5764  4764    0.27052   50 1227    0.43424    0.26849  38.2%  1225 4053s
  5765  4765    0.27052   51 1250    0.43424    0.26849  38.2%  1226 4055s
  5772  4772    0.27246   58 1166    0.43424    0.26849  38.2%  1226 4061s
  5776  4776    0.27519   61 1014    0.43424    0.26849  38.2%  1227 4066s
  5778  4778    0.27333   62 1020    0.43424    0.26849  38.2%  1228 4071s
  5780  4780    0.27333   64 1010    0.43424    0.26849  38.2%  1230 4075s
  5785  4785    0.27355   68  975    0.43424    0.26849  38.2%  1230 4080s
  5789  4789    0.27553   70  979    0.43424    0.26849  38.2%  1231 4085s
  5795  4795    0.27719   76  932    0.43424    0.26849  38.2%  1233 4090s
  5804  4804    0.28236   82  881    0.43424    0.26849  38.2%  1233 4096s
  5807  4807    0.28086   84  954    0.43424    0.26849  38.2%  1234 4100s
  5821  4821    0.28529   95  971    0.43424    0.26849  38.2%  1232 4105s
  5839  4839    0.28698  114  614    0.43424    0.26849  38.2%  1230 4110s
  5848  4848    0.28973  122  702    0.43424    0.26849  38.2%  1230 4115s
  5863  4863    0.28763  129  580    0.43424    0.26849  38.2%  1228 4120s
  5882  4882    0.28928  140  473    0.43424    0.26849  38.2%  1226 4125s
  5900  4900    0.29032  149  238    0.43424    0.26849  38.2%  1223 4130s
H 5907  4905                       0.4341882    0.26849  38.2%  1222 4135s
  5907  4907    0.29032  152  255    0.43419    0.26849  38.2%  1222 4160s
  5926  4926    0.30593  166  430    0.43419    0.26849  38.2%  1220 4165s
  5947  4947    0.29129  180  238    0.43419    0.26849  38.2%  1217 4170s
  5966  4966    0.29246  193  307    0.43419    0.26849  38.2%  1215 4175s
H 5974  4972                       0.4341871    0.26849  38.2%  1214 4178s
  5974  4974    0.29340  198  410    0.43419    0.26849  38.2%  1214 4197s
  5980  4980    0.29989  201  255    0.43419    0.26849  38.2%  1214 4200s
  5986  4986    0.30027  204  274    0.43419    0.26849  38.2%  1213 4208s
  5991  4991    0.30038  209  261    0.43419    0.26849  38.2%  1213 4210s
  6005  5005    0.30799  217  380    0.43419    0.26849  38.2%  1212 4215s
  6028  5028    0.34541  235  956    0.43419    0.26849  38.2%  1209 4220s
  6046  5044 infeasible  249         0.43419    0.26849  38.2%  1207 4225s
  6069  5067    0.33373  257  204    0.43419    0.26849  38.2%  1204 4230s
  6084  5080    0.34063  256  408    0.43419    0.26849  38.2%  1203 4235s
  6109  5105    0.35427  268  406    0.43419    0.26849  38.2%  1200 4240s
  6136  5113    0.26849   44 1446    0.43419    0.26849  38.2%  1197 4246s
  6144  5121    0.26949   52 1242    0.43419    0.26850  38.2%  1196 4250s
  6148  5125    0.27037   54 1162    0.43419    0.26850  38.2%  1197 4255s
  6150  5127    0.27161   56 1165    0.43419    0.26850  38.2%  1198 4260s
  6155  5132    0.27373   60 1045    0.43419    0.26850  38.2%  1199 4265s
  6160  5137    0.27425   63 1130    0.43419    0.26850  38.2%  1200 4270s
  6172  5149    0.28097   73  966    0.43419    0.26850  38.2%  1199 4276s
  6177  5154    0.28191   78 1083    0.43419    0.26850  38.2%  1200 4282s
  6181  5158    0.27870   78  921    0.43419    0.26850  38.2%  1200 4285s
  6186  5163    0.28032   83  943    0.43419    0.26850  38.2%  1201 4291s
  6188  5165    0.28032   84  900    0.43419    0.26850  38.2%  1203 4295s
  6192  5169    0.28047   86  827    0.43419    0.26850  38.2%  1204 4300s
  6199  5176    0.28229   93  764    0.43419    0.26850  38.2%  1204 4306s
  6203  5180    0.28252   94  691    0.43419    0.26850  38.2%  1204 4310s
  6215  5192    0.28373  105  627    0.43419    0.26850  38.2%  1204 4315s
  6228  5205    0.29186  113  755    0.43419    0.26850  38.2%  1203 4322s
  6232  5209    0.28373  111  675    0.43419    0.26850  38.2%  1204 4325s
  6248  5225    0.28543  126  664    0.43419    0.26850  38.2%  1202 4330s
  6256  5233    0.28593  134  586    0.43419    0.26850  38.2%  1202 4335s
  6270  5247    0.28709  144  441    0.43419    0.26850  38.2%  1200 4340s
  6287  5264    0.28798  160  353    0.43419    0.26850  38.2%  1199 4345s
  6310  5287    0.28852  176  268    0.43419    0.26850  38.2%  1196 4356s
  6322  5299    0.28860  183  462    0.43419    0.26850  38.2%  1195 4360s
  6337  5314    0.28852  189  285    0.43419    0.26850  38.2%  1194 4365s
  6363  5340    0.29578  213  440    0.43419    0.26850  38.2%  1190 4370s
  6398  5372 infeasible  233         0.43419    0.26850  38.2%  1185 4375s
  6453  5389    0.26906   46 1363    0.43419    0.26852  38.2%  1178 4384s
  6454  5390    0.26906   47 1475    0.43419    0.26852  38.2%  1180 4391s
  6462  5398    0.26990   55 1324    0.43419    0.26852  38.2%  1179 4395s
  6463  5399    0.27053   56 1241    0.43419    0.26852  38.2%  1181 4400s
  6466  5402    0.27075   59 1200    0.43419    0.26852  38.2%  1182 4405s
  6476  5412    0.27197   66 1031    0.43419    0.26852  38.2%  1181 4410s
  6488  5424    0.27714   76  909    0.43419    0.26852  38.2%  1180 4415s
  6495  5431    0.28113   78  902    0.43419    0.26852  38.2%  1181 4420s
  6504  5440    0.28052   86  874    0.43419    0.26852  38.2%  1181 4425s
  6506  5442    0.28373   87  915    0.43419    0.26852  38.2%  1182 4431s
  6512  5448    0.28127   93  930    0.43419    0.26852  38.2%  1183 4435s
  6518  5454    0.28127   96  884    0.43419    0.26852  38.2%  1183 4440s
  6523  5459    0.28210   97  956    0.43419    0.26852  38.2%  1184 4446s
  6526  5462    0.28224  100  961    0.43419    0.26852  38.2%  1185 4450s
  6534  5470    0.28327  104  730    0.43419    0.26852  38.2%  1185 4455s
  6549  5485    0.28435  116  626    0.43419    0.26852  38.2%  1184 4460s
  6568  5504    0.28531  131  555    0.43419    0.26852  38.2%  1182 4465s
  6583  5519    0.28591  143  562    0.43419    0.26852  38.2%  1180 4470s
  6598  5534    0.28672  149  549    0.43419    0.26852  38.2%  1179 4475s
  6616  5552    0.28698  162  508    0.43419    0.26852  38.2%  1177 4480s
  6634  5570    0.28795  175  267    0.43419    0.26852  38.2%  1176 4487s
  6642  5578    0.28820  178  289    0.43419    0.26852  38.2%  1175 4490s
  6660  5596    0.28936  188  490    0.43419    0.26852  38.2%  1173 4495s
  6682  5618    0.29028  199  248    0.43419    0.26852  38.2%  1171 4500s
  6699  5635    0.29028  208  262    0.43419    0.26852  38.2%  1169 4505s
  6714  5650    0.29146  213  241    0.43419    0.26852  38.2%  1168 4510s
  6734  5670    0.29146  221  265    0.43419    0.26852  38.2%  1166 4515s
  6753  5689    0.29810  231  431    0.43419    0.26852  38.2%  1165 4520s
  6775  5711    0.30581  239  406    0.43419    0.26852  38.2%  1162 4525s
  6798  5734    0.31117  251  365    0.43419    0.26852  38.2%  1159 4530s
  6824  5760    0.31617  253  387    0.43419    0.26852  38.2%  1156 4535s
  6846  5776 infeasible  261         0.43419    0.26852  38.2%  1154 4540s
H 6890  5779                       0.4264769    0.26852  37.0%  1148 4578s
H 6890  5775                       0.4247734    0.26852  36.8%  1148 4578s
H 6890  5771                       0.4225456    0.26852  36.5%  1148 4581s
H 6890  5768                       0.4208485    0.26852  36.2%  1148 4599s
H 6890  5768                       0.4195583    0.26852  36.0%  1148 4600s
H 6890  5767                       0.4178475    0.26852  35.7%  1148 4612s
H 6890  5767                       0.4172081    0.26852  35.6%  1148 4614s
H 6890  5760                       0.4161441    0.26852  35.5%  1148 4623s
  6890  5762    0.37225  273  361    0.41614    0.26852  35.5%  1148 4743s
H 6904  5768                       0.4160442    0.26852  35.5%  1146 4743s
H 6904  5768                       0.4160039    0.26852  35.5%  1146 4743s
  6925  5785    0.38563  282  363    0.41600    0.26852  35.5%  1143 4745s
  6956  5780    0.26907   46 1454    0.41600    0.26852  35.5%  1140 4753s
  6957  5781    0.26933   47 1423    0.41600    0.26852  35.5%  1140 4755s
  6964  5788    0.27088   54 1310    0.41600    0.26852  35.5%  1141 4763s
  6970  5794    0.27259   60 1061    0.41600    0.26852  35.5%  1140 4765s
  6976  5800    0.27775   65  900    0.41600    0.26852  35.5%  1141 4770s
  6982  5806    0.27942   71 1003    0.41600    0.26852  35.5%  1141 4775s
  6990  5814    0.27998   76  951    0.41600    0.26852  35.5%  1142 4781s
  7001  5825    0.28170   85  860    0.41600    0.26852  35.5%  1140 4785s
  7008  5832    0.28286   92  899    0.41600    0.26852  35.5%  1140 4810s
  7013  5837    0.28295   94  824    0.41600    0.26852  35.5%  1141 4815s
  7027  5851    0.28497  107  816    0.41600    0.26852  35.5%  1140 4820s
  7037  5861    0.28578  111  805    0.41600    0.26852  35.5%  1140 4825s
  7052  5876    0.28714  127  629    0.41600    0.26852  35.5%  1139 4830s
  7065  5889    0.28819  136  636    0.41600    0.26852  35.5%  1138 4835s
  7066  5890    0.28940  134  719    0.41600    0.26852  35.5%  1138 4840s
  7077  5901    0.29206  143  545    0.41600    0.26852  35.5%  1138 4845s
  7103  5927    0.29085  166  429    0.41600    0.26852  35.5%  1134 4850s
  7121  5945    0.29223  175  523    0.41600    0.26852  35.5%  1132 4855s
  7146  5970    0.32963  183  447    0.41600    0.26852  35.5%  1129 4860s
  7165  5989    0.29686  194  384    0.41600    0.26852  35.5%  1127 4865s
  7183  6007    0.30654  203  424    0.41600    0.26852  35.5%  1126 4870s
  7201  6025    0.31143  216  486    0.41600    0.26852  35.5%  1125 4875s
  7236  6060    0.34363  225  478    0.41600    0.26852  35.5%  1122 4880s
  7271  6089    0.35800  237  200    0.41600    0.26852  35.5%  1118 4885s
  7319  6127     cutoff  263         0.41600    0.26852  35.5%  1113 4890s
  7326  6124    0.26997   46 1428    0.41600    0.26854  35.4%  1113 4895s
  7331  6129    0.27042   51 1426    0.41600    0.26854  35.4%  1114 4902s
  7335  6133    0.27106   55 1336    0.41600    0.26854  35.4%  1115 4906s
  7341  6139    0.27222   61 1232    0.41600    0.26854  35.4%  1115 4912s
  7344  6142    0.27348   64 1220    0.41600    0.26854  35.4%  1116 4916s
  7347  6145    0.27447   67 1053    0.41600    0.26854  35.4%  1117 4920s
  7357  6155    0.27643   77  947    0.41600    0.26854  35.4%  1116 4925s
  7364  6162    0.27812   84 1009    0.41600    0.26854  35.4%  1117 4930s
  7377  6175    0.28322   97  969    0.41600    0.26854  35.4%  1116 4935s
  7390  6188    0.28437  110  992    0.41600    0.26854  35.4%  1115 4944s
  7391  6189    0.28437  111  986    0.41600    0.26854  35.4%  1115 4945s
  7402  6200    0.28613  122  949    0.41600    0.26854  35.4%  1115 4951s
  7407  6205    0.29362  127  818    0.41600    0.26854  35.4%  1116 4955s
  7422  6220    0.29585  142  553    0.41600    0.26854  35.4%  1115 4960s
  7438  6236    0.29851  158  511    0.41600    0.26854  35.4%  1114 4965s
  7444  6242    0.29864  164  425    0.41600    0.26854  35.4%  1113 4971s
  7455  6253    0.35637  175  567    0.41600    0.26854  35.4%  1112 4975s
  7477  6273    0.36131  196  677    0.41600    0.26854  35.4%  1110 4980s
  7505  6284    0.27001   45 1601    0.41600    0.26859  35.4%  1108 4988s
  7506  6285    0.27011   46 1442    0.41600    0.26859  35.4%  1108 4991s
  7508  6287    0.27019   48 1352    0.41600    0.26859  35.4%  1109 4995s
  7514  6293    0.27166   54 1344    0.41600    0.26859  35.4%  1109 5001s
  7519  6298    0.27185   59 1260    0.41600    0.26859  35.4%  1110 5005s
  7531  6310    0.27628   71  921    0.41600    0.26859  35.4%  1109 5010s
  7542  6321    0.27853   82 1015    0.41600    0.26859  35.4%  1109 5015s
  7551  6330    0.28025   91  878    0.41600    0.26859  35.4%  1109 5021s
  7556  6335    0.28070   96  815    0.41600    0.26859  35.4%  1109 5025s
  7567  6346    0.28300  107  820    0.41600    0.26859  35.4%  1108 5030s
  7585  6364    0.28396  125  848    0.41600    0.26859  35.4%  1107 5036s
  7602  6381    0.28632  142  551    0.41600    0.26859  35.4%  1106 5040s
  7616  6395    0.28675  156  478    0.41600    0.26859  35.4%  1105 5045s
  7635  6414    0.28773  175  511    0.41600    0.26859  35.4%  1103 5050s
  7664  6443    0.29270  204  548    0.41600    0.26859  35.4%  1100 5055s
  7710  6479    0.32403  242  363    0.41600    0.26859  35.4%  1094 5060s
  7722  6477    0.27011   47 1499    0.41600    0.26861  35.4%  1094 5069s
  7723  6478    0.27011   48 1437    0.41600    0.26861  35.4%  1095 5071s
  7725  6480    0.27011   49 1368    0.41600    0.26861  35.4%  1095 5075s
  7731  6486    0.27067   52 1237    0.41600    0.26861  35.4%  1095 5080s
  7732  6487    0.27490   52 1320    0.41600    0.26861  35.4%  1097 5085s
  7739  6494    0.27116   56 1239    0.41600    0.26861  35.4%  1097 5090s
  7741  6496    0.27116   57 1258    0.41600    0.26861  35.4%  1098 5095s
  7744  6499    0.27116   58 1188    0.41600    0.26861  35.4%  1099 5100s
  7752  6507    0.33395   62 1223    0.41600    0.26861  35.4%  1100 5106s
  7758  6513    0.27770   65 1205    0.41600    0.26861  35.4%  1101 5110s
  7763  6518    0.27393   68 1163    0.41600    0.26861  35.4%  1102 5116s
  7767  6522    0.27453   70 1068    0.41600    0.26861  35.4%  1102 5121s
  7768  6523    0.28593   70 1095    0.41600    0.26861  35.4%  1104 5125s
  7772  6527    0.27905   72 1158    0.41600    0.26861  35.4%  1104 5130s
  7777  6532    0.27502   75 1011    0.41600    0.26861  35.4%  1105 5135s
  7781  6536    0.27642   77  936    0.41600    0.26861  35.4%  1106 5140s
  7786  6541    0.27882   79  874    0.41600    0.26861  35.4%  1106 5145s
  7794  6549    0.27955   83  928    0.41600    0.26861  35.4%  1107 5151s
  7798  6553    0.28006   85  855    0.41600    0.26861  35.4%  1107 5155s
  7802  6557    0.28363   87  982    0.41600    0.26861  35.4%  1108 5160s
  7805  6560    0.28152   89  904    0.41600    0.26861  35.4%  1109 5165s
  7814  6569    0.28376   93  776    0.41600    0.26861  35.4%  1110 5170s
  7819  6574    0.28251   96  941    0.41600    0.26861  35.4%  1110 5175s
  7824  6579    0.28251   98  779    0.41600    0.26861  35.4%  1111 5183s
  7827  6582    0.28261  100  838    0.41600    0.26861  35.4%  1111 5185s
  7833  6588    0.28307  103  805    0.41600    0.26861  35.4%  1111 5190s
  7843  6598    0.28361  108  742    0.41600    0.26861  35.4%  1111 5195s
  7852  6607    0.29198  112  840    0.41600    0.26861  35.4%  1112 5200s
  7868  6623    0.29250  120  533    0.41600    0.26861  35.4%  1111 5205s
  7878  6633    0.29872  125  454    0.41600    0.26861  35.4%  1110 5211s
  7887  6642    0.29698  130  463    0.41600    0.26861  35.4%  1110 5215s
  7908  6663    0.29859  140  372    0.41600    0.26861  35.4%  1108 5220s
  7928  6683    0.31795  150  464    0.41600    0.26861  35.4%  1107 5226s
  7932  6687    0.29966  152  201    0.41600    0.26861  35.4%  1107 5230s
  7952  6707    0.29966  162  267    0.41600    0.26861  35.4%  1106 5235s
  7978  6733    0.30669  175  675    0.41600    0.26861  35.4%  1104 5240s
  7995  6750    0.29997  184  429    0.41600    0.26861  35.4%  1103 5245s
  8014  6769    0.30431  193  550    0.41600    0.26861  35.4%  1102 5250s
  8037  6788    0.29996  205  289    0.41600    0.26861  35.4%  1100 5255s
  8052  6801    0.30463  212  297    0.41600    0.26861  35.4%  1099 5260s
  8066  6815    0.32452  219  351    0.41600    0.26861  35.4%  1099 5265s
  8087  6832    0.31215  230  265    0.41600    0.26861  35.4%  1098 5270s
  8162  6844    0.27369   44 1651    0.41600    0.26862  35.4%  1091 5284s
  8163  6845    0.27369   45 1603    0.41600    0.26862  35.4%  1092 5288s
  8165  6847    0.27376   47 1449    0.41600    0.26862  35.4%  1092 5291s
  8171  6853    0.27416   53 1281    0.41600    0.26862  35.4%  1092 5295s
  8189  6871    0.28052   71  958    0.41600    0.26862  35.4%  1091 5300s
  8197  6879    0.28241   79  975    0.41600    0.26862  35.4%  1091 5305s
  8205  6887    0.28408   87  969    0.41600    0.26862  35.4%  1091 5311s
  8217  6899    0.28562   99  644    0.41600    0.26862  35.4%  1091 5315s
  8234  6916    0.28622  116  717    0.41600    0.26862  35.4%  1089 5320s
  8249  6931    0.28818  131  655    0.41600    0.26862  35.4%  1088 5325s
  8257  6939    0.28840  139  637    0.41600    0.26862  35.4%  1088 5331s
  8269  6951    0.28882  151  598    0.41600    0.26862  35.4%  1087 5335s
  8288  6970    0.29570  170  635    0.41600    0.26862  35.4%  1085 5340s
  8308  6990    0.29889  190  419    0.41600    0.26862  35.4%  1084 5345s
  8329  7003 infeasible  206         0.41600    0.26862  35.4%  1082 5350s
  8340  7000    0.27361   47 1477    0.41600    0.26874  35.4%  1083 5360s
  8349  7009    0.27513   56 1190    0.41600    0.26874  35.4%  1082 5365s
  8352  7012    0.27660   59 1256    0.41600    0.26874  35.4%  1083 5371s
  8355  7015    0.27660   62 1148    0.41600    0.26874  35.4%  1084 5377s
  8359  7019    0.27660   66 1245    0.41600    0.26874  35.4%  1085 5383s
  8360  7020    0.27738   67 1244    0.41600    0.26874  35.4%  1086 5386s
  8370  7030    0.28691   77  910    0.41600    0.26874  35.4%  1086 5391s
  8380  7040    0.28914   87  767    0.41600    0.26874  35.4%  1085 5395s
  8388  7048    0.30452   95  567    0.41600    0.26874  35.4%  1086 5400s
  8405  7065    0.30992  112  440    0.41600    0.26874  35.4%  1085 5405s
  8419  7079    0.31740  126  417    0.41600    0.26874  35.4%  1084 5411s
  8440  7100    0.34764  147  314    0.41600    0.26874  35.4%  1082 5415s
  8462  7122    0.35045  169  148    0.41600    0.26874  35.4%  1080 5420s
  8507  7167    0.35142  214  150    0.41600    0.26874  35.4%  1076 5425s
  8536  7196    0.35142  243  161    0.41600    0.26874  35.4%  1073 5430s
  8577  7237    0.35704  284  269    0.41600    0.26874  35.4%  1069 5435s
  8628  7288    0.36603  335  132    0.41600    0.26874  35.4%  1063 5440s
  8685  7345    0.36603  392  122    0.41600    0.26874  35.4%  1057 5445s
H 8743  7384                       0.4046410    0.26874  33.6%  1051 5449s
  8752  7395    0.38677  459  115    0.40464    0.26874  33.6%  1050 5450s
  8777  7394    0.26940   44 1531    0.40464    0.26875  33.6%  1048 5459s
  8778  7395    0.26975   45 1498    0.40464    0.26875  33.6%  1049 5473s
  8782  7399    0.27019   49 1277    0.40464    0.26875  33.6%  1049 5475s
  8791  7408    0.27218   58 1094    0.40464    0.26875  33.6%  1049 5480s
H 8797  7364                       0.3962008    0.26875  32.2%  1049 5485s
H 8797  7347                       0.3931921    0.26875  31.7%  1049 5485s
  8802  7354    0.27386   68  910    0.39319    0.26875  31.7%  1050 5490s
  8805  7357    0.27440   71 1011    0.39319    0.26875  31.7%  1051 5498s
  8807  7359    0.27488   73  973    0.39319    0.26875  31.7%  1052 5500s
  8810  7362    0.27536   75  968    0.39319    0.26875  31.7%  1053 5506s
  8815  7367    0.27644   80 1081    0.39319    0.26875  31.7%  1053 5510s
  8821  7373    0.27644   86 1065    0.39319    0.26875  31.7%  1054 5515s
  8825  7377    0.27768   88 1107    0.39319    0.26875  31.7%  1054 5520s
  8827  7379    0.27768   89 1122    0.39319    0.26875  31.7%  1056 5525s
  8829  7381    0.28098   91  989    0.39319    0.26875  31.7%  1056 5530s
  8839  7391    0.27950   99  802    0.39319    0.26875  31.7%  1057 5535s
H 8851  7401                       0.3931410    0.26875  31.6%  1056 5539s
H 8851  7401                       0.3930636    0.26875  31.6%  1056 5539s
  8853  7405    0.28142  112  837    0.39306    0.26875  31.6%  1056 5540s
  8880  7432    0.28432  139  624    0.39306    0.26875  31.6%  1053 5545s
  8903  7455    0.28567  152  581    0.39306    0.26875  31.6%  1051 5550s
  8933  7485    0.28799  173  462    0.39306    0.26875  31.6%  1047 5555s
  8961  7513    0.28996  189  369    0.39306    0.26875  31.6%  1045 5560s
  8982  7534    0.29326  195  400    0.39306    0.26875  31.6%  1043 5565s
  9000  7552    0.29357  198  231    0.39306    0.26875  31.6%  1042 5570s
  9017  7569    0.29634  205  450    0.39306    0.26875  31.6%  1041 5575s
  9041  7593    0.30508  219  281    0.39306    0.26875  31.6%  1040 5580s
  9062  7614    0.30625  236  397    0.39306    0.26875  31.6%  1039 5585s
  9080  7632    0.30642  248  389    0.39306    0.26875  31.6%  1037 5590s
H 9121  7649                       0.3928518    0.26875  31.6%  1033 5593s
H 9121  7649                       0.3927338    0.26875  31.6%  1033 5593s
  9147  7661 infeasible  281         0.39273    0.26875  31.6%  1031 5595s
  9166  7657    0.26962   44 1468    0.39273    0.26878  31.6%  1029 5601s
  9168  7659    0.26979   46 1505    0.39273    0.26878  31.6%  1030 5606s
  9178  7669    0.27106   56 1116    0.39273    0.26878  31.6%  1029 5610s
  9181  7672    0.27184   59 1194    0.39273    0.26878  31.6%  1030 5615s
  9189  7680    0.27261   67 1203    0.39273    0.26878  31.6%  1031 5621s
  9195  7686    0.27302   73 1122    0.39273    0.26878  31.6%  1031 5625s
  9201  7692    0.27435   79 1027    0.39273    0.26878  31.6%  1031 5630s
  9207  7698    0.27622   85  930    0.39273    0.26878  31.6%  1032 5636s
  9213  7704    0.27668   91 1041    0.39273    0.26878  31.6%  1032 5640s
  9217  7708    0.28048   95 1064    0.39273    0.26878  31.6%  1033 5645s
  9226  7717    0.28290  104  921    0.39273    0.26878  31.6%  1033 5650s
H 9229  7705                       0.3900622    0.26878  31.1%  1033 5654s
H 9229  7650                       0.3856588    0.26878  30.3%  1033 5654s
H 9229  7641                       0.3845946    0.26878  30.1%  1033 5654s
H 9229  7639                       0.3839058    0.26878  30.0%  1033 5654s
H 9229  7639                       0.3838607    0.26878  30.0%  1033 5655s
  9244  7656    0.28503  122  757    0.38386    0.26878  30.0%  1033 5660s
  9256  7668    0.29438  134  567    0.38386    0.26878  30.0%  1033 5665s
  9281  7693    0.33398  159  191    0.38386    0.26878  30.0%  1031 5670s
H 9283  7693                       0.3838090    0.26878  30.0%  1031 5670s
  9296  7708    0.37991  174  367    0.38381    0.26878  30.0%  1030 5675s
  9318  7711    0.27018   39 1781    0.38381    0.26884  30.0%  1029 5684s
  9319  7712    0.27056   40 1562    0.38381    0.26884  30.0%  1030 5687s
  9320  7713    0.27056   41 1631    0.38381    0.26884  30.0%  1031 5693s
  9321  7714    0.27056   42 1633    0.38381    0.26884  30.0%  1031 5696s
  9325  7718    0.27110   46 1541    0.38381    0.26884  30.0%  1032 5700s
  9327  7720    0.27136   48 1518    0.38381    0.26884  30.0%  1032 5705s
  9335  7728    0.27283   56 1175    0.38381    0.26884  30.0%  1033 5710s
  9341  7734    0.27374   62 1143    0.38381    0.26884  30.0%  1033 5715s
  9351  7744    0.27649   72  895    0.38381    0.26884  30.0%  1033 5720s
  9360  7753    0.27887   81  779    0.38381    0.26884  30.0%  1033 5725s
  9368  7761    0.27943   89  844    0.38381    0.26884  30.0%  1033 5730s
  9375  7768    0.28048   96  813    0.38381    0.26884  30.0%  1034 5735s
  9379  7772    0.28165  100  899    0.38381    0.26884  30.0%  1035 5740s
  9382  7775    0.28212  103  786    0.38381    0.26884  30.0%  1035 5745s
  9384  7777    0.28307  105  703    0.38381    0.26884  30.0%  1036 5750s
H 9385  7774                       0.3832410    0.26884  29.9%  1036 5789s
H 9385  7769                       0.3826953    0.26884  29.8%  1036 5800s
H 9385  7769                       0.3826873    0.26884  29.8%  1036 5802s
  9385  7771    0.28307  106  773    0.38269    0.26884  29.8%  1037 5921s
  9387  7773    0.28338  108  844    0.38269    0.26884  29.8%  1037 5925s
  9394  7780    0.28411  115  683    0.38269    0.26884  29.8%  1037 5930s
  9402  7788    0.28754  123  680    0.38269    0.26884  29.8%  1038 5935s
  9412  7798    0.28812  133  606    0.38269    0.26884  29.8%  1038 5940s
  9424  7810    0.28950  145  521    0.38269    0.26884  29.8%  1037 5945s
  9443  7829    0.28997  164  529    0.38269    0.26884  29.8%  1036 5950s
  9490  7864    0.27025   40 1655    0.38269    0.26886  29.7%  1032 5961s
  9494  7868    0.27032   44 1474    0.38269    0.26886  29.7%  1032 5965s
  9496  7870    0.27099   46 1453    0.38269    0.26886  29.7%  1033 5970s
H 9499  7868                       0.3822528    0.26886  29.7%  1034 5974s
H 9499  7865                       0.3819134    0.26886  29.6%  1034 5974s
H 9499  7860                       0.3813093    0.26886  29.5%  1034 5974s
  9500  7863    0.27099   50 1319    0.38131    0.26886  29.5%  1034 5975s
  9507  7870    0.27268   57 1256    0.38131    0.26886  29.5%  1034 5980s
  9512  7875    0.27383   62 1120    0.38131    0.26886  29.5%  1034 5985s
  9521  7884    0.27434   71  936    0.38131    0.26886  29.5%  1034 5990s
  9538  7901    0.28105   88  854    0.38131    0.26886  29.5%  1034 5996s
  9544  7907    0.28262   94  917    0.38131    0.26886  29.5%  1035 6002s
  9547  7910    0.28262   97  821    0.38131    0.26886  29.5%  1035 6005s
  9558  7921    0.28420  108  938    0.38131    0.26886  29.5%  1035 6011s
  9563  7926    0.29316  113  860    0.38131    0.26886  29.5%  1035 6015s
  9571  7934    0.29414  121  955    0.38131    0.26886  29.5%  1035 6020s
  9577  7940    0.29508  127  939    0.38131    0.26886  29.5%  1036 6025s
  9588  7951    0.29687  138  733    0.38131    0.26886  29.5%  1035 6030s
  9610  7973    0.30656  160  626    0.38131    0.26886  29.5%  1034 6035s
  9633  7996    0.31639  183  538    0.38131    0.26886  29.5%  1032 6040s
  9670  8009    0.27139   43 1523    0.38131    0.26889  29.5%  1030 6050s
  9671  8010    0.27140   44 1559    0.38131    0.26889  29.5%  1031 6056s
  9672  8011    0.27195   45 1430    0.38131    0.26889  29.5%  1032 6060s
  9678  8017    0.27195   49 1379    0.38131    0.26889  29.5%  1032 6065s
  9682  8021    0.27195   49 1417    0.38131    0.26889  29.5%  1033 6071s
  9684  8023    0.27236   51 1368    0.38131    0.26889  29.5%  1033 6076s
  9686  8025    0.27247   52 1380    0.38131    0.26889  29.5%  1034 6080s
  9690  8029    0.27236   52 1296    0.38131    0.26889  29.5%  1035 6085s
  9694  8033    0.27885   52 1302    0.38131    0.26889  29.5%  1035 6090s
  9699  8038    0.27247   56 1378    0.38131    0.26889  29.5%  1036 6096s
  9702  8041    0.27247   55 1281    0.38131    0.26889  29.5%  1037 6101s
  9706  8045    0.27247   57 1224    0.38131    0.26889  29.5%  1038 6106s
  9707  8046    0.27712   58 1231    0.38131    0.26889  29.5%  1039 6111s
  9708  8047    0.27247   57 1366    0.38131    0.26889  29.5%  1040 6115s
  9712  8051    0.27712   61 1187    0.38131    0.26889  29.5%  1041 6122s
  9716  8055    0.28595   63 1199    0.38131    0.26889  29.5%  1041 6126s
  9717  8056    0.28900   64 1233    0.38131    0.26889  29.5%  1042 6130s
H 9719  8055                       0.3809604    0.26889  29.4%  1042 6135s
  9722  8060    0.29002   66 1108    0.38096    0.26889  29.4%  1043 6143s
  9724  8062    0.28655   64 1161    0.38096    0.26889  29.4%  1043 6145s
  9728  8066    0.31496   68 1075    0.38096    0.26889  29.4%  1044 6151s
  9732  8070    0.31563   71 1033    0.38096    0.26889  29.4%  1044 6155s
  9740  8078    0.32291   76  845    0.38096    0.26889  29.4%  1044 6160s
  9744  8082    0.32736   77  724    0.38096    0.26889  29.4%  1045 6165s
  9753  8091    0.32359   78  826    0.38096    0.26889  29.4%  1045 6170s
  9763  8101    0.33452   84  548    0.38096    0.26889  29.4%  1045 6175s
  9773  8111    0.33673   89  532    0.38096    0.26889  29.4%  1045 6183s
  9780  8118    0.33857   93  519    0.38096    0.26889  29.4%  1045 6186s
  9786  8124    0.34012   95  612    0.38096    0.26889  29.4%  1046 6190s
  9792  8130    0.36120   98  528    0.38096    0.26889  29.4%  1047 6195s
  9802  8140    0.36539  100  588    0.38096    0.26889  29.4%  1047 6200s
  9809  8145    0.34357  101  636    0.38096    0.26889  29.4%  1048 6205s
  9819  8153    0.36959  108  547    0.38096    0.26889  29.4%  1048 6210s
  9824  8156    0.36959  109  528    0.38096    0.26889  29.4%  1049 6215s
  9829  8155    0.36986  111  458    0.38096    0.26889  29.4%  1049 6223s
  9831  8155     cutoff  110         0.38096    0.26889  29.4%  1049 6226s
  9836  8160    0.37313  112  780    0.38096    0.26889  29.4%  1050 6230s
  9876  8171     cutoff  125         0.38096    0.26889  29.4%  1047 6235s
  9883  8171    0.27095   44 1488    0.38096    0.26897  29.4%  1048 6243s
  9884  8172    0.27682   45 1339    0.38096    0.26897  29.4%  1048 6246s
  9891  8179    0.27727   52 1289    0.38096    0.26897  29.4%  1048 6251s
  9894  8182    0.27840   55 1221    0.38096    0.26897  29.4%  1049 6256s
  9898  8186    0.28567   59 1072    0.38096    0.26897  29.4%  1049 6260s
  9905  8193    0.28752   66  941    0.38096    0.26897  29.4%  1050 6267s
  9913  8201    0.28947   74  904    0.38096    0.26897  29.4%  1050 6271s
  9918  8206    0.28997   79  829    0.38096    0.26897  29.4%  1050 6275s
  9923  8211    0.29689   84  960    0.38096    0.26897  29.4%  1051 6281s
  9936  8224    0.29779   97  814    0.38096    0.26897  29.4%  1051 6286s
  9941  8229    0.34403  102  785    0.38096    0.26897  29.4%  1052 6291s
  9957  8245    0.34972  118  686    0.38096    0.26897  29.4%  1050 6295s
  9969  8257    0.35122  130  540    0.38096    0.26897  29.4%  1050 6300s
  9991  8279    0.36024  152  385    0.38096    0.26897  29.4%  1049 6307s
 10013  8299    0.36453  173  158    0.38096    0.26897  29.4%  1047 6310s
 10053  8327    0.37925  203  186    0.38096    0.26897  29.4%  1045 6315s
 10061  8325    0.27038   43 1554    0.38096    0.26900  29.4%  1046 6327s
 10063  8327    0.27039   45 1433    0.38096    0.26900  29.4%  1046 6331s
 10065  8329    0.27043   47 1363    0.38096    0.26900  29.4%  1047 6335s
 10069  8333    0.27116   51 1453    0.38096    0.26900  29.4%  1048 6341s
 10072  8336    0.27154   54 1216    0.38096    0.26900  29.4%  1048 6345s
 10078  8342    0.27230   60 1278    0.38096    0.26900  29.4%  1049 6350s
 10093  8357    0.28319   75  953    0.38096    0.26900  29.4%  1048 6356s
 10101  8365    0.28542   83  802    0.38096    0.26900  29.4%  1048 6360s
 10113  8377    0.28988   95  861    0.38096    0.26900  29.4%  1048 6367s
 10118  8382    0.29204  100  740    0.38096    0.26900  29.4%  1048 6370s
 10130  8394    0.29820  112  714    0.38096    0.26900  29.4%  1048 6376s
 10144  8408    0.29948  126  668    0.38096    0.26900  29.4%  1047 6380s
H10155  8399                       0.3793327    0.26900  29.1%  1047 6383s
H10155  8388                       0.3785150    0.26900  28.9%  1047 6383s
H10155  8379                       0.3781340    0.26900  28.9%  1047 6384s
H10155  8330                       0.3757960    0.26900  28.4%  1047 6384s
 10159  8336    0.30007  141  473    0.37580    0.26900  28.4%  1047 6385s
 10183  8360    0.30683  165  189    0.37580    0.26900  28.4%  1045 6390s
H10202  8376                       0.3756112    0.26900  28.4%  1043 6575s
 10203  8377    0.28274  111 1803    0.37561    0.26900  28.4%  1043 6590s
 10206  8379    0.27915   74 1560    0.37561    0.26900  28.4%  1043 6600s
 10208  8380    0.27812   85 1600    0.37561    0.26900  28.4%  1043 6622s
 10209  8381    0.30659  250 1716    0.37561    0.26900  28.4%  1043 6637s
 10210  8382    0.34485  186 1637    0.37561    0.26900  28.4%  1043 6656s
 10211  8382    0.35414  232 1857    0.37561    0.26900  28.4%  1042 6671s
 10212  8383    0.29479  193 1736    0.37561    0.26900  28.4%  1042 6690s
 10213  8384    0.28684  105 1814    0.37561    0.26900  28.4%  1042 6702s
 10214  8384    0.28043   83 1641    0.37561    0.26900  28.4%  1042 6717s
 10215  8385    0.32618  135 1802    0.37561    0.26900  28.4%  1042 6727s
H10215  7965                       0.3745626    0.26900  28.2%  1042 6752s
 10217  7966    0.29966  169 1756    0.37456    0.26900  28.2%  1042 6764s
 10218  7967    0.29756  204 1705    0.37456    0.26900  28.2%  1042 6782s
 10219  7968    0.36603  340 1806    0.37456    0.26900  28.2%  1042 6795s
H10219  7569                       0.3723731    0.26900  27.8%  1042 6811s
H10219  7191                       0.3719741    0.26900  27.7%  1042 6811s
 10220  7191    0.29751  174 1630    0.37197    0.26900  27.7%  1042 6818s
 10221  7192    0.31130  226 1673    0.37197    0.26900  27.7%  1041 6831s
 10222  7193    0.29830  181 1529    0.37197    0.26900  27.7%  1041 6844s
 10223  7193    0.34115   94 1638    0.37197    0.26900  27.7%  1041 6853s
 10224  7194    0.28820  178 1638    0.37197    0.26900  27.7%  1041 6863s
 10225  7195    0.37197  427 1699    0.37197    0.26900  27.7%  1041 6876s
 10226  7195    0.29186  114 1602    0.37197    0.26900  27.7%  1041 6898s
 10227  7196    0.28161   73 1683    0.37197    0.26900  27.7%  1041 6911s
 10228  7197    0.27011   50 1590    0.37197    0.26900  27.7%  1041 6926s
 10229  7197    0.28770   67 1727    0.37197    0.26900  27.7%  1041 6939s
 10230  7198    0.31839  257 1568    0.37197    0.26900  27.7%  1041 6956s
 10231  7199    0.28655  204 1662    0.37197    0.26900  27.7%  1040 6964s
 10232  7199    0.31589  236 1592    0.37197    0.26900  27.7%  1040 6975s
 10233  7200    0.28528   91 1631    0.37197    0.26900  27.7%  1040 6986s
 10234  7201    0.28595  111 1645    0.37197    0.26900  27.7%  1040 7000s
 10235  7201    0.28461  114 1684    0.37197    0.26900  27.7%  1040 7013s
 10236  7202    0.28668  144 1629    0.37197    0.26900  27.7%  1040 7030s
 10237  7203    0.29555  146 1695    0.37197    0.26900  27.7%  1040 7040s
 10238  7203    0.36598  261 1665    0.37197    0.26900  27.7%  1040 7057s
 10239  7204    0.33678  261 1715    0.37197    0.26900  27.7%  1040 7069s
 10240  7205    0.28584  126 1672    0.37197    0.26900  27.7%  1040 7087s
 10241  7205    0.29821  207 1769    0.37197    0.26900  27.7%  1039 7107s
 10242  7206    0.29623  210 1672    0.37197    0.26900  27.7%  1039 7126s
 10243  7207    0.28493  177 1860    0.37197    0.26900  27.7%  1039 7138s
 10244  7207    0.29756  196 1648    0.37197    0.26900  27.7%  1039 7153s
 10245  7208    0.31191  254 1756    0.37197    0.26900  27.7%  1039 7163s
 10246  7209    0.29678  129 1691    0.37197    0.26900  27.7%  1039 7182s

Cutting planes:
  Learned: 2
  Gomory: 1
  Cover: 22
  Implied bound: 236
  Projected implied bound: 121
  Clique: 86
  MIR: 480
  Mixing: 1
  StrongCG: 70
  Flow cover: 1075
  GUB cover: 2
  Inf proof: 1
  Zero half: 25
  RLT: 6
  Relax-and-lift: 355
  BQP: 48

Explored 10246 nodes (11056116 simplex iterations) in 7196.04 seconds (16525.63 work units)
Thread count was 1 (of 20 available processors)

Solution count 10: 0.371974 0.372373 0.374563 ... 0.381309

Time limit reached
Best objective 3.719740887085e-01, best bound 2.689955986536e-01, gap 27.6843%

User-callback calls 1066115, time in user-callback 0.92 sec
