leaf_id,attempt,time_limit_seconds,solver_runtime_seconds,work,nodes,simplex_iterations,barrier_iterations,cumulative_runtime,cumulative_work,cumulative_nodes,cumulative_simplex_iterations,cumulative_barrier_iterations,optimize_return_code
L0,0,30,0.295,0.490128,0,0,0,0.295,0.490128,0,0,0,0
L1,0,30,0.402,0.801655,1,638,0,0.402,0.801655,1,638,0,0
L2,0,30,30.01,53.7667,630,77789,0,30.01,53.7667,630,77789,0,0
L3,0,30,0.44,0.943456,1,1005,0,0.44,0.943456,1,1005,0,0
L2,1,60,60.002,133.345,1351,249361,0,90.012,187.111,1981,327150,0,0
L2.0,0,30,13.654,25.0644,235,34192,0,13.654,25.0644,235,34192,0,0
L2.1,0,30,30.011,55.2139,777,98433,0,30.011,55.2139,777,98433,0,0
L2.1,1,60,42.31,86.7757,1921,215342,0,72.321,141.99,2698,313775,0,0
