elapsed_time,native_global_LB,native_incumbent,verified_cutoff,native_gap,node_count,open_nodes,simplex_iterations,event_source
0.0060575000000000004,0,9.9999999999999993e+74,0.71850407075497091,9.9999999999999993e+74,0,1,0,global_progress
0.0061859999999999997,0,9.9999999999999993e+74,0.71850407075497091,9.9999999999999993e+74,0,1,0,global_progress
3.5498780000000001,0.37822168614483404,9.9999999999999993e+74,0.71850407075497091,9.9999999999999993e+74,0,1,3069,global_progress
280.65114169999998,0.70632359931962641,9.9999999999999993e+74,0.71850407075497091,9.9999999999999993e+74,26633,7439,2163381,global_progress
280.65187279999998,0.70632359931962641,0,0.71850407075497091,0,26633,7439,2163381,solver_final
