elapsed_time,native_global_LB,native_incumbent,verified_cutoff,native_gap,node_count,open_nodes,simplex_iterations,event_source
0.017145500000000001,0,9.9999999999999993e+74,0.04915255266474515,9.9999999999999993e+74,0,1,0,global_progress
0.017279800000000001,0,9.9999999999999993e+74,0.04915255266474515,9.9999999999999993e+74,0,1,0,global_progress
5.0450413000000003,0.034723045409823461,9.9999999999999993e+74,0.04915255266474515,9.9999999999999993e+74,0,1,16205,global_progress
274.01357339999998,0.045409738321108742,9.9999999999999993e+74,0.04915255266474515,9.9999999999999993e+74,2481,1023,546552,global_progress
274.0142677,0.045409738321108742,0,0.04915255266474515,0,2481,1023,546552,solver_final
