elapsed_time,native_global_LB,native_incumbent,verified_cutoff,native_gap,node_count,open_nodes,simplex_iterations,event_source
0.017783400000000001,0,9.9999999999999993e+74,0.04915255266474515,9.9999999999999993e+74,0,1,0,global_progress
0.018010200000000001,0,9.9999999999999993e+74,0.04915255266474515,9.9999999999999993e+74,0,1,0,global_progress
5.0257921999999997,0.034723045409823461,9.9999999999999993e+74,0.04915255266474515,9.9999999999999993e+74,0,1,16205,global_progress
274.0530043,0.04543742661719552,9.9999999999999993e+74,0.04915255266474515,9.9999999999999993e+74,2561,1045,557706,global_progress
274.05341399999998,0.04543742661719552,0,0.04915255266474515,0,2561,1045,557706,solver_final
