elapsed_time,native_global_LB,native_incumbent,verified_cutoff,native_gap,node_count,open_nodes,simplex_iterations,event_source
0.016928700000000001,0,9.9999999999999993e+74,0.10725273413394144,9.9999999999999993e+74,0,1,0,global_progress
0.017035700000000001,0,9.9999999999999993e+74,0.10725273413394144,9.9999999999999993e+74,0,1,0,global_progress
1.6148274,0.006314788292725828,9.9999999999999993e+74,0.10725273413394144,9.9999999999999993e+74,0,1,3012,global_progress
274.01600339999999,0.015704140358849056,9.9999999999999993e+74,0.10725273413394144,9.9999999999999993e+74,5495,2937,1338639,global_progress
274.01641369999999,0.015704140358849056,0,0.10725273413394144,0,5495,2937,1338639,solver_final
