elapsed_time,native_global_LB,native_incumbent,verified_cutoff,native_gap,node_count,open_nodes,simplex_iterations,event_source
0.012859499999999999,0,9.9999999999999993e+74,1.7493134520506337,9.9999999999999993e+74,0,1,0,global_progress
0.013075700000000001,0,9.9999999999999993e+74,1.7493134520506337,9.9999999999999993e+74,0,1,0,global_progress
7.1506362000000001,1.4487906835495981,9.9999999999999993e+74,1.7493134520506337,9.9999999999999993e+74,0,1,15073,global_progress
274.00875559999997,1.6881250884079226,9.9999999999999993e+74,1.7493134520506337,9.9999999999999993e+74,2238,1267,1210336,global_progress
274.00913739999999,1.6881250884079226,0,1.7493134520506337,0,2238,1267,1210336,solver_final
