elapsed_time,native_global_LB,native_incumbent,verified_cutoff,native_gap,node_count,open_nodes,simplex_iterations,event_source
0.0138639,0,9.9999999999999993e+74,1.7493134520506337,9.9999999999999993e+74,0,1,0,global_progress
0.0141461,0,9.9999999999999993e+74,1.7493134520506337,9.9999999999999993e+74,0,1,0,global_progress
5.9919786000000004,1.4312629853487282,9.9999999999999993e+74,1.7493134520506337,9.9999999999999993e+74,0,1,13729,global_progress
273.99863099999999,1.6751697063447066,9.9999999999999993e+74,1.7493134520506337,9.9999999999999993e+74,2119,1234,1096671,global_progress
273.99901069999999,1.6751697063447066,0,1.7493134520506337,0,2119,1234,1096671,solver_final
