elapsed_time,native_global_LB,native_incumbent,verified_cutoff,native_gap,node_count,open_nodes,simplex_iterations,event_source
0.0060166000000000004,0,9.9999999999999993e+74,0.71850407075497091,9.9999999999999993e+74,0,1,0,global_progress
0.0061444999999999998,0,9.9999999999999993e+74,0.71850407075497091,9.9999999999999993e+74,0,1,0,global_progress
1.7979931,0.37089921896969885,9.9999999999999993e+74,0.71850407075497091,9.9999999999999993e+74,0,1,1268,global_progress
15.569364800000001,0.65669027430095017,9.9999999999999993e+74,0.71850407075497091,9.9999999999999993e+74,237,50,32271,global_progress
15.569685700000001,0.65669027430095017,0,0.71850407075497091,0,237,50,32271,solver_final
