elapsed_time,native_global_LB,native_incumbent,verified_cutoff,native_gap,node_count,open_nodes,simplex_iterations,event_source
0.0061392,0,9.9999999999999993e+74,0.71850407075497091,9.9999999999999993e+74,0,1,0,global_progress
0.0063813000000000003,0,9.9999999999999993e+74,0.71850407075497091,9.9999999999999993e+74,0,1,0,global_progress
3.0509214999999998,0.37933798889231796,9.9999999999999993e+74,0.71850407075497091,9.9999999999999993e+74,0,1,3267,global_progress
279.72685580000001,0.7091473669724021,9.9999999999999993e+74,0.71850407075497091,9.9999999999999993e+74,28227,7425,2128439,global_progress
279.72719219999999,0.7091473669724021,0,0.71850407075497091,0,28227,7425,2128439,solver_final
