event_sequence,elapsed_runtime_seconds,work,incumbent_available,incumbent,best_bound_available,best_bound,processed_nodes,open_nodes,solution_count,callback_where,phase,context
0,0.075999975204467773,0.14154000171675282,false,1e+100,true,0,0,0,0,3,1,MIP
1,0.085000038146972656,0.15045711392160421,true,7.6003640340329159,true,0,0,0,4.9406564584124654e-324,3,1,MIP
2,0.14700007438659668,0.29986871557108058,true,7.6003640340329159,true,1.5878286181222114,0,0,4.9406564584124654e-324,3,1,MIP
3,0.17100000381469727,0.34138324013433896,true,7.6003640340329159,true,1.5903842040455232,0,0,4.9406564584124654e-324,3,1,MIP
4,0.24199986457824707,0.44479032995102136,true,7.4113562937039639,true,1.5903842040455232,0,0,9.8813129168249309e-324,3,1,MIP
5,0.35599994659423828,0.70362944183308518,true,7.4113562937039639,true,1.7599660607200227,0,0,9.8813129168249309e-324,3,1,MIP
6,0.37800002098083496,0.72726548040939809,true,6.8715291056937193,true,1.7610973537007772,0,0,1.9762625833649862e-323,3,1,MIP
7,0.40700006484985352,0.78921311424596052,true,6.8715291056937193,true,1.7627829771978365,0,0,1.9762625833649862e-323,3,1,MIP
8,0.53900003433227539,1.0446714037357747,true,6.8715291056937193,true,1.7720693295685233,0,0,1.9762625833649862e-323,3,1,MIP
9,0.55399990081787109,1.0613100763594887,true,6.8707103562613137,true,1.7722030010800089,0,0,2.4703282292062327e-323,3,1,MIP
10,0.56500005722045898,1.0790940248138434,true,6.8707103562613137,true,1.7723511908682312,0,0,2.4703282292062327e-323,3,1,MIP
11,0.78200006484985352,1.5042836699860023,true,6.8707103562613137,true,1.8408175614160325,0,0,2.4703282292062327e-323,3,1,MIP
12,0.79600000381469727,1.5202885786660376,true,6.8707103562613137,true,1.8459111710777725,0,0,2.4703282292062327e-323,3,1,MIP
13,0.90100002288818359,1.6652492307510454,true,6.8707103562613137,true,1.8459111710777725,0,0,2.4703282292062327e-323,3,1,MIP
14,0.96799993515014648,1.8226464346965681,true,6.8707103562613137,true,1.8674077850909441,0,0,2.4703282292062327e-323,3,1,MIP
15,1.0149998664855957,1.9086837147597646,true,6.8707103562613137,true,1.8697548732869109,0,0,2.4703282292062327e-323,3,1,MIP
16,1.1389999389648438,2.1175001854569397,true,6.8707103562613137,true,1.8728843437246838,0,0,2.4703282292062327e-323,3,1,MIP
17,1.1529998779296875,2.1312861600885187,true,6.8707103562613137,true,1.8778350716191907,0,0,2.4703282292062327e-323,3,1,MIP
18,1.3680000305175781,2.4035974613621081,true,6.7025918964551119,true,1.8778350716191907,0,0,5.9287877500949585e-323,3,1,MIP
19,1.4800000190734863,2.5832359306598303,true,6.7025918964551119,true,1.8778350716191907,0,0,5.9287877500949585e-323,3,1,MIP
20,1.5820000171661377,2.7506880785080412,true,6.7025918964551119,true,1.8778350716191907,0,0,5.9287877500949585e-323,3,1,MIP
21,1.685999870300293,2.9265461644114237,true,6.7025918964551119,true,1.8778350716191907,0,0,5.9287877500949585e-323,3,1,MIP
22,1.8650000095367432,3.1928620724941923,true,6.7025918964551119,true,1.8778350716191907,0,0,5.9287877500949585e-323,3,1,MIP
23,2.0520000457763672,3.5747013857694911,true,6.6820679223668327,true,1.8778350716191907,2,4,6.4228533959362051e-323,3,1,MIP
24,2.0559999942779541,3.580425789245874,true,6.6820679223668327,true,1.9272365806345451,3,5,6.4228533959362051e-323,3,1,MIP
25,2.1700000762939453,3.8140321508375972,true,6.6820679223668327,true,1.9272365806345451,14,14,6.4228533959362051e-323,3,1,MIP
26,2.2769999504089355,4.0232723035736067,true,6.6820679223668327,true,1.9272365806345451,23,21,6.4228533959362051e-323,3,1,MIP
27,2.3599998950958252,4.1857700446782831,true,6.6820679223668327,true,1.9314555405081029,31,23,6.4228533959362051e-323,3,1,MIP
28,2.4639999866485596,4.3842378676043925,true,6.6820679223668327,true,1.9314555405081029,37,29,6.4228533959362051e-323,3,1,MIP
29,2.5720000267028809,4.545049429154763,true,6.6621848528130929,true,1.9314555405081029,40,32,8.3991159793011913e-323,3,1,MIP
30,2.6029999256134033,4.5901371430589739,true,6.6616995357242761,true,1.9314555405081029,41,33,1.0869444208507424e-322,3,1,MIP
31,2.7189998626708984,4.8328972841823301,true,6.6616995357242761,true,1.9314555405081029,49,39,1.0869444208507424e-322,3,1,MIP
32,2.7660000324249268,4.9054510666120263,true,6.6539102938410686,true,1.9314555405081029,51,39,1.5810100666919889e-322,3,1,MIP
33,2.874000072479248,5.1146560053344485,true,6.6539102938410686,true,1.9314555405081029,58,46,1.5810100666919889e-322,3,1,MIP
34,2.9919998645782471,5.3328502276206553,true,6.6539102938410686,true,1.9314555405081029,68,56,1.5810100666919889e-322,3,1,MIP
35,3.0939998626708984,5.5175658621587411,true,6.6539102938410686,true,1.9314555405081029,78,63,1.5810100666919889e-322,3,1,MIP
36,3.1989998817443848,5.7073935745663169,true,6.6539102938410686,true,1.9314555405081029,92,77,1.5810100666919889e-322,3,1,MIP
37,3.3059999942779541,5.9192059181017438,true,6.6539102938410686,true,1.9314555405081029,104,89,1.5810100666919889e-322,3,1,MIP
38,3.3329999446868896,5.9486152084488735,true,6.6468048394168262,true,1.9314555405081029,105,90,1.7292297604443629e-322,3,1,MIP
39,3.3799998760223389,6.0261099181598698,true,6.641057395269101,true,1.9314555405081029,113,98,1.9762625833649862e-322,3,1,MIP
40,3.4719998836517334,6.2046059280676564,true,6.6409039258495932,true,1.9314555405081029,122,107,2.0256691479491108e-322,3,1,MIP
41,3.5739998817443848,6.4091523601225582,true,6.6409039258495932,true,1.9314555405081029,142,125,2.0256691479491108e-322,3,1,MIP
42,3.6749999523162842,6.5858730140184267,true,6.6409039258495932,true,1.9314555405081029,164,147,2.0256691479491108e-322,3,1,MIP
43,3.7260000705718994,6.644305039104343,true,6.6404894360511593,true,1.9314555405081029,168,151,2.2232954062856094e-322,3,1,MIP
44,4.0539999008178711,7.1450107391039861,true,3.8109667336770769,true,1.9314555405081029,172,153,2.3715151000379834e-322,3,1,MIP
45,4.1809999942779541,7.2948281474314669,true,3.8091151941201842,true,1.9314555405081029,191,170,2.5197347937903574e-322,3,1,MIP
46,4.3009998798370361,7.4528180998558025,true,3.8084536644839573,true,1.9315004918746823,215,174,2.6679544875427313e-322,3,1,MIP
47,4.4389998912811279,7.6926111864170466,true,3.8039857099527894,true,1.9315004918746823,226,183,3.0138004396316039e-322,3,1,MIP
48,4.5399999618530273,7.8601232204587923,true,3.8039857099527894,true,1.9315004918746823,238,187,3.0138004396316039e-322,3,1,MIP
49,4.5959999561309814,7.9429284600748504,true,3.803488991134079,true,1.9315004918746823,243,192,3.2608332625522272e-322,3,1,MIP
50,4.7200000286102295,8.1226991008423344,true,3.803488991134079,true,1.9315004918746823,253,194,3.2608332625522272e-322,3,1,MIP
51,4.750999927520752,8.1650485407492503,true,3.803488991134079,true,1.9336042902711326,254,195,3.2608332625522272e-322,3,1,MIP
52,4.878000020980835,8.4246214499194707,true,3.803488991134079,true,1.9336042902711326,258,199,3.2608332625522272e-322,3,1,MIP
53,4.9830000400543213,8.6244410319048956,true,3.803488991134079,true,1.9336042902711326,265,206,3.2608332625522272e-322,3,1,MIP
54,5.1019999980926514,8.8676895358587871,true,3.803488991134079,true,1.9336042902711326,272,211,3.2608332625522272e-322,3,1,MIP
55,5.2049999237060547,8.9961131564545607,true,3.803488991134079,true,1.9336042902711326,274,213,3.2608332625522272e-322,3,1,MIP
56,5.3050000667572021,9.19153912599376,true,3.803488991134079,true,1.9336042902711326,282,221,3.2608332625522272e-322,3,1,MIP
57,5.4449999332427979,9.467185375663103,true,3.803488991134079,true,1.9373933064841562,292,224,3.2608332625522272e-322,3,1,MIP
58,5.5499999523162842,9.6567733367425568,true,3.803488991134079,true,1.9373933064841562,300,232,3.2608332625522272e-322,3,1,MIP
59,5.6840000152587891,9.9317204264256844,true,3.803488991134079,true,1.9373933064841562,305,237,3.2608332625522272e-322,3,1,MIP
60,5.8229999542236328,10.187123028260933,true,3.803488991134079,true,1.9373933064841562,315,247,3.2608332625522272e-322,3,1,MIP
61,5.9300000667572021,10.411735867364275,true,3.803488991134079,true,1.9373933064841562,328,260,3.2608332625522272e-322,3,1,MIP
62,6.0309998989105225,10.574078506032434,true,3.803488991134079,true,1.9373933064841562,339,271,3.2608332625522272e-322,3,1,MIP
63,6.1340000629425049,10.766779683114972,true,3.803488991134079,true,1.9373933064841562,366,298,3.2608332625522272e-322,3,1,MIP
64,6.2730000019073486,10.970386016355564,true,3.803488991134079,true,1.9373933064841562,379,311,3.2608332625522272e-322,3,1,MIP
65,6.4270000457763672,11.285320855395458,true,3.803488991134079,true,1.9373933064841562,421,330,3.2608332625522272e-322,3,1,MIP
66,6.4530000686645508,11.328481786373823,true,3.803488991134079,true,1.9427339266636305,422,331,3.2608332625522272e-322,3,1,MIP
67,6.5590000152587891,11.555138260847071,true,3.803488991134079,true,1.9427339266636305,430,339,3.2608332625522272e-322,3,1,MIP
68,6.6600000858306885,11.735737750952799,true,3.803488991134079,true,1.9427339266636305,450,359,3.2608332625522272e-322,3,1,MIP
69,6.7720000743865967,11.94276822845428,true,3.803488991134079,true,1.9427339266636305,457,362,3.2608332625522272e-322,3,1,MIP
70,6.8480000495910645,12.080344035319159,true,3.8007218026260721,true,1.9427339266636305,461,363,3.3596463917204765e-322,3,1,MIP
71,6.9489998817443848,12.251519754695886,true,3.8007218026260721,true,1.9427339266636305,475,373,3.3596463917204765e-322,3,1,MIP
72,7.0509998798370361,12.418009920824378,true,3.8007218026260721,true,1.9427339266636305,491,389,3.3596463917204765e-322,3,1,MIP
73,7.1540000438690186,12.582210212657651,true,3.8007218026260721,true,1.9427339266636305,513,397,3.3596463917204765e-322,3,1,MIP
74,7.2669999599456787,12.816175103359209,true,3.8007218026260721,true,1.9427339266636305,527,402,3.3596463917204765e-322,3,1,MIP
75,7.2769999504089355,12.837330323320307,true,3.8007218026260721,true,1.9439300217553843,528,403,3.3596463917204765e-322,3,1,MIP
76,7.3819999694824219,12.996264787323071,true,3.8007218026260721,true,1.9439300217553843,533,408,3.3596463917204765e-322,3,1,MIP
77,7.4830000400543213,13.188596688539969,true,3.8007218026260721,true,1.9439300217553843,554,429,3.3596463917204765e-322,3,1,MIP
78,7.5869998931884766,13.388514389957466,true,3.8007218026260721,true,1.9439300217553843,564,439,3.3596463917204765e-322,3,1,MIP
79,7.687000036239624,13.547126520525923,true,3.8007218026260721,true,1.9439300217553843,576,449,3.3596463917204765e-322,3,1,MIP
80,8.372999906539917,14.878754701592944,true,3.8007218026260721,true,1.9439300217553843,589,461,3.3596463917204765e-322,3,1,MIP
81,8.5309998989105225,15.170845476186955,true,3.8007218026260721,true,1.9439300217553843,590,462,3.3596463917204765e-322,3,1,MIP
82,8.9819998741149902,15.981689889625992,true,3.8007218026260721,true,1.9439300217553843,591,462,3.3596463917204765e-322,3,1,MIP
83,9.0090000629425049,16.01873237681334,true,3.4391218113445121,true,1.9439300217553843,592,417,3.4584595208887258e-322,3,1,MIP
84,9.1150000095367432,16.262382775559168,true,3.4391218113445121,true,1.9439300217553843,593,418,3.4584595208887258e-322,3,1,MIP
85,9.3180000782012939,16.606103009888916,true,3.4391218113445121,true,1.9439300217553843,596,420,3.4584595208887258e-322,3,1,MIP
86,9.5839998722076416,17.073991747562694,true,3.4391218113445121,true,1.9439300217553843,596,420,3.4584595208887258e-322,3,1,MIP
87,9.6029999256134033,17.094693808140807,true,3.4210547978781913,true,1.9439300217553843,597,399,3.5078660854728505e-322,3,1,MIP
88,9.807999849319458,17.483699493387604,true,3.4210547978781913,true,1.9439300217553843,598,400,3.5078660854728505e-322,3,1,MIP
89,10.098000049591064,17.990739419846062,true,3.4210547978781913,true,1.9439300217553843,598,400,3.5078660854728505e-322,3,1,MIP
90,10.361000061035156,18.464337072822925,true,3.4210547978781913,true,1.9439300217553843,600,401,3.5078660854728505e-322,3,1,MIP
91,10.628999948501587,18.952661150864493,true,3.4210547978781913,true,1.9439300217553843,600,401,3.5078660854728505e-322,3,1,MIP
92,10.888999938964844,19.420332270053898,true,3.4210547978781913,true,1.9439300217553843,602,403,3.5078660854728505e-322,3,1,MIP
93,11.16100001335144,19.908881679513527,true,3.4210547978781913,true,1.9439300217553843,602,403,3.5078660854728505e-322,3,1,MIP
94,11.346999883651733,20.211698412105697,true,3.4210547978781913,true,1.9439300217553843,603,403,3.5078660854728505e-322,3,1,MIP
95,12.019999980926514,21.407375019972481,true,3.4210547978781913,true,1.9439300217553843,604,404,3.5078660854728505e-322,3,1,MIP
96,12.148999929428101,21.661742057514157,true,3.3694642144976266,true,1.9439300217553843,605,267,3.9031186021458477e-322,3,1,MIP
97,12.274999856948853,21.905107184754115,true,3.3694642144976266,true,1.9439300217553843,606,269,3.9031186021458477e-322,3,1,MIP
98,12.418999910354614,22.069926771462107,true,3.3258764780984156,true,1.9439300217553843,607,209,4.150151425066471e-322,3,1,MIP
99,12.63100004196167,22.369358821695766,true,3.3011400220184361,true,1.9439300217553843,608,170,4.3477776834029696e-322,3,1,MIP
100,12.644999980926514,22.379852042155477,true,3.2886551805773241,true,1.9439300217553843,609,132,4.5948105063235929e-322,3,1,MIP
101,12.674000024795532,22.438016805107427,true,3.2877841350618668,true,1.9439300217553843,610,120,4.6936236354918422e-322,3,1,MIP
102,12.848000049591064,22.827577539858602,true,3.2877841350618668,true,1.9439300217553843,611,119,4.6936236354918422e-322,3,1,MIP
103,12.871999979019165,22.863091564501477,true,3.2812880944456326,true,1.9439300217553843,612,101,4.8418433292442161e-322,3,1,MIP
104,13.004999876022339,23.130090226433438,true,3.2812880944456326,true,1.9439300217553843,615,103,4.8418433292442161e-322,3,1,MIP
105,13.037999868392944,23.180408383036212,true,3.2810806512440385,true,1.9439300217553843,617,100,4.8912498938283408e-322,3,1,MIP
106,13.111999988555908,23.321621260917198,true,3.2801244966920118,true,1.9439300217553843,620,97,4.9406564584124654e-322,3,1,MIP
107,13.141000032424927,23.373598395301215,true,3.2800898122113797,true,1.9439300217553843,621,93,4.9900630229965901e-322,3,1,MIP
108,13.266000032424927,23.591656189337257,true,3.2467652211349032,true,1.9439300217553843,625,81,5.1382827167489641e-322,3,1,MIP
109,13.328000068664551,23.714300784732995,true,3.2147092188350319,true,1.9439300217553843,626,68,5.3359089750854627e-322,3,1,MIP
110,13.428999900817871,23.919005607067497,true,3.2147092188350319,true,1.9439300217553843,627,68,5.3359089750854627e-322,3,1,MIP
111,13.555999994277954,24.158288430685044,true,3.2147092188350319,true,1.9439300217553843,630,70,5.3359089750854627e-322,3,1,MIP
112,13.661999940872192,24.357217919974971,true,3.2147092188350319,true,1.9439300217553843,633,70,5.3359089750854627e-322,3,1,MIP
113,13.789000034332275,24.586026560728694,true,3.2147092188350319,true,1.9439300217553843,635,72,5.3359089750854627e-322,3,1,MIP
114,13.823999881744385,24.638232001462725,true,3.2146674298262861,true,1.9439300217553843,636,69,5.3853155396695873e-322,3,1,MIP
115,13.971999883651733,24.89019723690803,true,3.2146674298262861,true,1.9439300217553843,639,71,5.3853155396695873e-322,3,1,MIP
116,14.029999971389771,24.971932771604731,true,2.9729333024092028,true,1.9439300217553843,640,62,5.5335352334219613e-322,3,1,MIP
117,14.13100004196167,25.094150004590865,true,2.9729333024092028,true,1.9439300217553843,645,63,5.5335352334219613e-322,3,1,MIP
118,14.240999937057495,25.215472305492796,true,2.9729333024092028,true,1.9439300217553843,648,65,5.5335352334219613e-322,3,1,MIP
119,14.374000072479248,25.373332356124386,true,2.9729333024092028,true,1.9439300217553843,651,66,5.5335352334219613e-322,3,1,MIP
120,14.490000009536743,25.504593467318777,true,2.9729333024092028,true,1.9439300217553843,654,68,5.5335352334219613e-322,3,1,MIP
121,14.591000080108643,25.646275974353557,true,2.9729333024092028,true,1.9439300217553843,658,71,5.5335352334219613e-322,3,1,MIP
122,14.697000026702881,25.828920326376654,true,2.9729333024092028,true,1.9439300217553843,669,78,5.5335352334219613e-322,3,1,MIP
123,14.802000045776367,26.027431551917175,true,2.9729333024092028,true,1.9439300217553843,683,88,5.5335352334219613e-322,3,1,MIP
124,14.858999967575073,26.102608824840498,true,2.9726215973152517,true,1.9439300217553843,688,88,5.5829417980060859e-322,3,1,MIP
125,14.960000038146973,26.294498767254858,true,2.9726215973152517,true,1.9439300217553843,699,91,5.5829417980060859e-322,3,1,MIP
126,15.060999870300293,26.467724188018259,true,2.9726215973152517,true,1.9439300217553843,710,95,5.5829417980060859e-322,3,1,MIP
127,15.16100001335144,26.639161969691937,true,2.9726215973152517,true,1.9439300217553843,722,99,5.5829417980060859e-322,3,1,MIP
128,15.286999940872192,26.85759537199467,true,2.9017682615982023,true,1.9439300217553843,732,94,5.6323483625902106e-322,3,1,MIP
129,15.549999952316284,27.427120186731877,true,2.9017682615982023,true,1.9439300217553843,736,92,5.6323483625902106e-322,3,1,MIP
130,15.626999855041504,27.575541148451016,true,2.9011038244409226,true,1.9439300217553843,737,92,5.6817549271743353e-322,3,1,MIP
131,15.703999996185303,27.711406800297528,true,2.9006170093889816,true,1.9439300217553843,738,93,5.7311614917584599e-322,3,1,MIP
132,15.82099986076355,27.949384929699651,true,2.9006170093889816,true,1.9439300217553843,742,97,5.7311614917584599e-322,3,1,MIP
133,15.964999914169312,28.225135514955479,true,2.9006170093889816,true,1.9439300217553843,746,101,5.7311614917584599e-322,3,1,MIP
134,16.099999904632568,28.513852836054667,true,2.9006170093889816,true,1.9439300217553843,748,101,5.7311614917584599e-322,3,1,MIP
135,16.249000072479248,28.76424663626457,true,2.9006170093889816,true,1.9439300217553843,752,103,5.7311614917584599e-322,3,1,MIP
136,16.359999895095825,28.952400510892719,true,2.9006170093889816,true,1.9439300217553843,756,107,5.7311614917584599e-322,3,1,MIP
137,16.602999925613403,29.293948947388859,true,2.8628739918161226,true,1.9439300217553843,761,77,5.9781943146790832e-322,3,1,MIP
138,16.625999927520752,29.323805996138063,true,2.8547957991626687,true,1.9439300217553843,762,74,6.2252271375997065e-322,3,1,MIP
139,16.73199987411499,29.503008818118992,true,2.8547957991626687,true,1.9439300217553843,767,79,6.2252271375997065e-322,3,1,MIP
140,16.838000059127808,29.694780674453703,true,2.8547957991626687,true,1.9439300217553843,772,84,6.2252271375997065e-322,3,1,MIP
141,16.943000078201294,29.860570829399141,true,2.8547957991626687,true,1.9439300217553843,779,89,6.2252271375997065e-322,3,1,MIP
142,17.197000026702881,30.344792004185578,true,2.8547957991626687,true,1.9439300217553843,788,88,6.2252271375997065e-322,3,1,MIP
143,17.343999862670898,30.634130455186263,true,2.8493959411957386,true,1.9439300217553843,790,89,6.4722599605203297e-322,3,1,MIP
144,17.476999998092651,30.863526992825612,true,2.8493959411957386,true,1.9439300217553843,794,93,6.4722599605203297e-322,3,1,MIP
145,17.582000017166138,31.060962453929083,true,2.8493959411957386,true,1.9439300217553843,799,98,6.4722599605203297e-322,3,1,MIP
146,17.682999849319458,31.250088292912597,true,2.8493959411957386,true,1.9439300217553843,804,103,6.4722599605203297e-322,3,1,MIP
147,17.78600001335144,31.431837100612931,true,2.8493959411957386,true,1.9439300217553843,806,105,6.4722599605203297e-322,3,1,MIP
148,17.899999856948853,31.614704541121547,true,2.8493959411957386,true,1.9439300217553843,810,109,6.4722599605203297e-322,3,1,MIP
149,18.007999897003174,31.812727730108236,true,2.8256078004146348,true,1.9439300217553843,814,89,6.6204796542727037e-322,3,1,MIP
150,18.092000007629395,31.954854438855204,true,2.8254303700247458,true,1.9439300217553843,818,91,6.7686993480250777e-322,3,1,MIP
151,18.19599986076355,32.165764057067477,true,2.8254303700247458,true,1.9439300217553843,821,94,6.7686993480250777e-322,3,1,MIP
152,18.25,32.254000785886234,true,2.8242301003939119,true,1.9439300217553843,824,95,6.867512477193327e-322,3,1,MIP
153,18.365999937057495,32.449231191895578,true,2.8242301003939119,true,1.9439300217553843,829,98,6.867512477193327e-322,3,1,MIP
154,18.468999862670898,32.641259588520647,true,2.8242301003939119,true,1.9439300217553843,834,103,6.867512477193327e-322,3,1,MIP
155,18.572999954223633,32.808820035467292,true,2.8242301003939119,true,1.9439300217553843,839,108,6.867512477193327e-322,3,1,MIP
156,18.681999921798706,33.015098938561714,true,2.8242301003939119,true,1.9439300217553843,844,113,6.867512477193327e-322,3,1,MIP
157,18.802999973297119,33.236673897463689,true,2.8242301003939119,true,1.9439300217553843,848,117,6.867512477193327e-322,3,1,MIP
158,18.904000043869019,33.396479026981808,true,2.8242301003939119,true,1.9439300217553843,852,121,6.867512477193327e-322,3,1,MIP
159,19.006999969482422,33.5654812750508,true,2.8242301003939119,true,1.9439300217553843,865,130,6.867512477193327e-322,3,1,MIP
160,19.289000034332275,34.028421430732962,true,2.8242301003939119,true,1.9439300217553843,873,128,6.867512477193327e-322,3,1,MIP
161,19.41700005531311,34.246249071641955,true,2.8242301003939119,true,1.9439300217553843,876,131,6.867512477193327e-322,3,1,MIP
162,19.536999940872192,34.472120584230865,true,2.8242301003939119,true,1.9439300217553843,881,136,6.867512477193327e-322,3,1,MIP
163,19.671000003814697,34.724879884761975,true,2.8242301003939119,true,1.9439300217553843,885,140,6.867512477193327e-322,3,1,MIP
164,19.790999889373779,34.946341037947967,true,2.8242301003939119,true,1.9439300217553843,889,144,6.867512477193327e-322,3,1,MIP
165,19.894999980926514,35.13294349734727,true,2.8242301003939119,true,1.9439300217553843,900,155,6.867512477193327e-322,3,1,MIP
166,20.016999959945679,35.340616972160234,true,2.8242301003939119,true,1.9439300217553843,909,162,6.867512477193327e-322,3,1,MIP
167,20.122999906539917,35.518939540059321,true,2.8242301003939119,true,1.9439300217553843,919,172,6.867512477193327e-322,3,1,MIP
168,20.223000049591064,35.705179198311022,true,2.8242301003939119,true,1.9439300217553843,932,185,6.867512477193327e-322,3,1,MIP
169,20.325000047683716,35.878089528648992,true,2.8242301003939119,true,1.9439300217553843,940,193,6.867512477193327e-322,3,1,MIP
170,20.427999973297119,36.0485069380466,true,2.8242301003939119,true,1.9439300217553843,951,204,6.867512477193327e-322,3,1,MIP
171,20.529000043869019,36.212932234974438,true,2.8242301003939119,true,1.9439300217553843,966,219,6.867512477193327e-322,3,1,MIP
172,20.638000011444092,36.394151106255094,true,2.8242301003939119,true,1.9439300217553843,975,226,6.867512477193327e-322,3,1,MIP
173,20.751999855041504,36.588493305644448,true,2.8242301003939119,true,1.9439300217553843,987,238,6.867512477193327e-322,3,1,MIP
174,20.852999925613403,36.740368005510803,true,2.8242301003939119,true,1.9439300217553843,1001,252,6.867512477193327e-322,3,1,MIP
175,20.95799994468689,36.911836185408298,true,2.8242301003939119,true,1.9439300217553843,1013,262,6.867512477193327e-322,3,1,MIP
176,21.059000015258789,37.075203277670177,true,2.8242301003939119,true,1.9439300217553843,1026,274,6.867512477193327e-322,3,1,MIP
177,21.276999950408936,37.459838579855258,true,2.8242301003939119,true,1.9439300217553843,1046,279,6.867512477193327e-322,3,1,MIP
178,21.497999906539917,37.793522736722899,true,2.8242301003939119,true,1.9439300217553843,1051,284,6.867512477193327e-322,3,1,MIP
179,21.603999853134155,37.9894316421599,true,2.8242301003939119,true,1.9439300217553843,1057,290,6.867512477193327e-322,3,1,MIP
180,21.73199987411499,38.231191264991828,true,2.8242301003939119,true,1.9439300217553843,1065,298,6.867512477193327e-322,3,1,MIP
181,21.838000059127808,38.424570937887061,true,2.8242301003939119,true,1.9439300217553843,1069,302,6.867512477193327e-322,3,1,MIP
182,21.948999881744385,38.623728462464705,true,2.8242301003939119,true,1.9439300217553843,1078,311,6.867512477193327e-322,3,1,MIP
183,22.057999849319458,38.823066350686084,true,2.8242301003939119,true,1.9439300217553843,1083,313,6.867512477193327e-322,3,1,MIP
184,22.157999992370605,39.027267139400038,true,2.8242301003939119,true,1.9439300217553843,1089,314,6.867512477193327e-322,3,1,MIP
185,22.359999895095825,39.416330830043762,true,2.8242301003939119,true,1.9439300217553843,1092,313,6.867512477193327e-322,3,1,MIP
186,22.474999904632568,39.603561006618669,true,2.8242301003939119,true,1.9439300217553843,1094,315,6.867512477193327e-322,3,1,MIP
187,22.588000059127808,39.812220230450968,true,2.8242301003939119,true,1.9439300217553843,1100,321,6.867512477193327e-322,3,1,MIP
188,22.70199990272522,40.055599837631732,true,2.8242301003939119,true,1.9439300217553843,1108,329,6.867512477193327e-322,3,1,MIP
189,22.812999963760376,40.251522493588126,true,2.8242301003939119,true,1.9439300217553843,1113,332,6.867512477193327e-322,3,1,MIP
190,22.934999942779541,40.468241007905938,true,2.8242301003939119,true,1.9439300217553843,1119,330,6.867512477193327e-322,3,1,MIP
191,23.047999858856201,40.68667216514622,true,2.8242301003939119,true,1.9439300217553843,1123,332,6.867512477193327e-322,3,1,MIP
192,23.167999982833862,40.904157406137891,true,2.8242301003939119,true,1.9439300217553843,1127,336,6.867512477193327e-322,3,1,MIP
193,23.526999950408936,41.339324613793849,true,2.8242301003939119,true,1.9439300217553843,1134,341,6.867512477193327e-322,3,1,MIP
194,23.816999912261963,41.861777292737855,true,2.8242301003939119,true,1.9439300217553843,1149,345,6.867512477193327e-322,3,1,MIP
195,23.922999858856201,42.058110737901956,true,2.8242301003939119,true,1.9439300217553843,1151,347,6.867512477193327e-322,3,1,MIP
196,24.036999940872192,42.253519572923345,true,2.8242301003939119,true,1.9439300217553843,1154,350,6.867512477193327e-322,3,1,MIP
197,24.181999921798706,42.530748088502449,true,2.8242301003939119,true,1.9439300217553843,1159,355,6.867512477193327e-322,3,1,MIP
198,24.283999919891357,42.737271196421432,true,2.8242301003939119,true,1.9439300217553843,1163,359,6.867512477193327e-322,3,1,MIP
199,24.391000032424927,42.897517981726438,true,2.8242301003939119,true,1.9439300217553843,1167,363,6.867512477193327e-322,3,1,MIP
200,24.569000005722046,43.23801988256858,true,2.8242301003939119,true,1.9439300217553843,1178,374,6.867512477193327e-322,3,1,MIP
201,24.698999881744385,43.477550446126003,true,2.8242301003939119,true,1.9439300217553843,1181,377,6.867512477193327e-322,3,1,MIP
202,24.802999973297119,43.655007765963134,true,2.8242301003939119,true,1.9439300217553843,1186,380,6.867512477193327e-322,3,1,MIP
203,24.937000036239624,43.890559088737376,true,2.8242301003939119,true,1.9439300217553843,1193,383,6.867512477193327e-322,3,1,MIP
204,25.039000034332275,44.089713968972596,true,2.8242301003939119,true,1.9439300217553843,1202,392,6.867512477193327e-322,3,1,MIP
205,25.230000019073486,44.417839046269499,true,2.8242301003939119,true,1.9439300217553843,1211,385,6.867512477193327e-322,3,1,MIP
206,25.440000057220459,44.754764880003727,true,2.8242301003939119,true,1.9439300217553843,1215,383,6.867512477193327e-322,3,1,MIP
207,25.592000007629395,45.049985956087433,true,2.824194902214241,true,1.9439300217553843,1217,385,7.0157321709457009e-322,3,1,MIP
208,25.69599986076355,45.251633560474623,true,2.824194902214241,true,1.9439300217553843,1218,386,7.0157321709457009e-322,3,1,MIP
209,25.799000024795532,45.419961487320556,true,2.824194902214241,true,1.9439300217553843,1222,388,7.0157321709457009e-322,3,1,MIP
210,25.915999889373779,45.628244948898733,true,2.824194902214241,true,1.9439300217553843,1225,391,7.0157321709457009e-322,3,1,MIP
211,26.037999868392944,45.838196287705635,true,2.824194902214241,true,1.9439300217553843,1228,394,7.0157321709457009e-322,3,1,MIP
212,26.160000085830688,46.042130346944596,true,2.824194902214241,true,1.9439300217553843,1231,397,7.0157321709457009e-322,3,1,MIP
213,26.274999856948853,46.246619040924479,true,2.824194902214241,true,1.9439300217553843,1237,403,7.0157321709457009e-322,3,1,MIP
214,26.38100004196167,46.428548224591552,true,2.824194902214241,true,1.9439300217553843,1243,407,7.0157321709457009e-322,3,1,MIP
215,26.493000030517578,46.636603286801012,true,2.824194902214241,true,1.9439300217553843,1252,414,7.0157321709457009e-322,3,1,MIP
216,26.593999862670898,46.810076263665586,true,2.824194902214241,true,1.9439300217553843,1256,418,7.0157321709457009e-322,3,1,MIP
217,26.700000047683716,47.00123923008524,true,2.824194902214241,true,1.9439300217553843,1268,428,7.0157321709457009e-322,3,1,MIP
218,26.805000066757202,47.172537181687048,true,2.824194902214241,true,1.9439300217553843,1271,431,7.0157321709457009e-322,3,1,MIP
219,26.908999919891357,47.34652797111125,true,2.824194902214241,true,1.9439300217553843,1277,435,7.0157321709457009e-322,3,1,MIP
220,27.010999917984009,47.530389955787001,true,2.824194902214241,true,1.9439300217553843,1299,457,7.0157321709457009e-322,3,1,MIP
221,27.296999931335449,48.019736291623694,true,2.824194902214241,true,1.9439300217553843,1315,462,7.0157321709457009e-322,3,1,MIP
222,27.401999950408936,48.205056114794701,true,2.824194902214241,true,1.9439300217553843,1318,465,7.0157321709457009e-322,3,1,MIP
223,27.539000034332275,48.461157549952858,true,2.824194902214241,true,1.9439300217553843,1325,472,7.0157321709457009e-322,3,1,MIP
224,27.639999866485596,48.643849013288872,true,2.824194902214241,true,1.9439300217553843,1339,486,7.0157321709457009e-322,3,1,MIP
225,27.747999906539917,48.830126528659058,true,2.824194902214241,true,1.9439300217553843,1354,501,7.0157321709457009e-322,3,1,MIP
226,27.851999998092651,49.028086271815695,true,2.824194902214241,true,1.9439300217553843,1368,515,7.0157321709457009e-322,3,1,MIP
227,27.954999923706055,49.211827555529275,true,2.824194902214241,true,1.9439300217553843,1377,524,7.0157321709457009e-322,3,1,MIP
228,28.013999938964844,49.302225552236372,true,2.8231858921432469,true,1.9439300217553843,1380,527,7.3121715584504489e-322,3,1,MIP
229,28.194000005722046,49.649421089263214,true,2.8231858921432469,true,1.9439300217553843,1385,530,7.3121715584504489e-322,3,1,MIP
230,28.295000076293945,49.836288674813645,true,2.8231858921432469,true,1.9439300217553843,1395,530,7.3121715584504489e-322,3,1,MIP
231,28.453000068664551,50.128382983488365,true,2.8231858921432469,true,1.9439300217553843,1398,529,7.3121715584504489e-322,3,1,MIP
232,28.555999994277954,50.323693167036559,true,2.8231858921432469,true,1.9439300217553843,1404,535,7.3121715584504489e-322,3,1,MIP
233,28.783999919891357,50.646577575519785,true,2.8177986671153716,true,1.9439300217553843,1408,537,7.4109846876186982e-322,3,1,MIP
234,28.914000034332275,50.779845387146075,true,2.8167849266748228,true,1.9439300217553843,1412,536,7.5097978167869475e-322,3,1,MIP
235,29.055000066757202,51.027793179061497,true,2.8162286552531972,true,1.9439300217553843,1417,541,7.5592043813710721e-322,3,1,MIP
236,29.310999870300293,51.525930397721787,true,2.8162286552531972,true,1.9439300217553843,1429,545,7.5592043813710721e-322,3,1,MIP
237,29.391999959945679,51.652898432146124,true,2.8162081364822145,true,1.9439300217553843,1433,549,7.6086109459551968e-322,3,1,MIP
238,29.493000030517578,51.848481523522089,true,2.8162081364822145,true,1.9439300217553843,1445,561,7.6086109459551968e-322,3,1,MIP
239,29.622999906539917,52.091665706519976,true,2.8162081364822145,true,1.9439300217553843,1455,571,7.6086109459551968e-322,3,1,MIP
240,29.740999937057495,52.29569301758179,true,2.811270377278889,true,1.9439300217553843,1459,574,7.7568306397075707e-322,3,1,MIP
241,29.83299994468689,52.479219609973818,true,2.8112671254281478,true,1.9439300217553843,1461,576,7.8062372042916954e-322,3,1,MIP
242,29.974999904632568,52.75186025640469,true,2.8112671254281478,true,1.9439300217553843,1464,579,7.8062372042916954e-322,3,1,MIP
243,30.082000017166138,52.937008749245074,true,2.8112671254281478,true,1.9439300217553843,1467,582,7.8062372042916954e-322,3,1,MIP
244,30.263000011444092,53.235833058291327,true,2.8112671254281478,true,1.9439300217553843,1469,584,7.8062372042916954e-322,3,1,MIP
245,30.364000082015991,53.396558593441462,true,2.8112671254281478,true,1.9439300217553843,1476,587,7.8062372042916954e-322,3,1,MIP
246,30.476000070571899,53.588819674685389,true,2.8112671254281478,true,1.9439300217553843,1481,592,7.8062372042916954e-322,3,1,MIP
247,30.580999851226807,53.769907774084203,true,2.8112671254281478,true,1.9439300217553843,1500,611,7.8062372042916954e-322,3,1,MIP
248,30.818000078201294,54.198605557435513,true,2.8110246735506101,true,1.9439300217553843,1514,615,7.8556437688758201e-322,3,1,MIP
249,30.955999851226807,54.462781502866214,true,2.8106854080616253,true,1.9439300217553843,1516,617,8.003863462628194e-322,3,1,MIP
250,31.102999925613403,54.76984644782916,true,2.8106854080616253,true,1.9439300217553843,1519,618,8.003863462628194e-322,3,1,MIP
251,31.223000049591064,55.003373756785194,true,2.8106854080616253,true,1.9439300217553843,1521,620,8.003863462628194e-322,3,1,MIP
252,31.336999893188477,55.208011331099698,true,2.8106854080616253,true,1.9439300217553843,1524,623,8.003863462628194e-322,3,1,MIP
253,31.455999851226807,55.411925972854547,true,2.8106854080616253,true,1.9439300217553843,1532,629,8.003863462628194e-322,3,1,MIP
254,31.555999994277954,55.586213905253722,true,2.8106854080616253,true,1.9439300217553843,1544,641,8.003863462628194e-322,3,1,MIP
255,31.85699987411499,56.09440518767093,true,2.8104058408911436,true,1.9439300217553843,1561,647,8.2014897209646926e-322,3,1,MIP
256,31.970000028610229,56.318121935242246,true,2.8104058408911436,true,1.9439300217553843,1565,651,8.2014897209646926e-322,3,1,MIP
257,32.266999959945679,56.667286822262689,true,2.8102874443130124,true,1.9439300217553843,1569,655,8.2508962855488173e-322,3,1,MIP
258,32.385999917984009,56.908392724350556,true,2.8102874443130124,true,1.9439300217553843,1577,663,8.2508962855488173e-322,3,1,MIP
259,32.523000001907349,57.100021656972856,true,2.8102195395790348,true,1.9439300217553843,1580,666,8.3497094147170666e-322,3,1,MIP
260,32.626999855041504,57.306674704212739,true,2.8102195395790348,true,1.9439300217553843,1585,671,8.3497094147170666e-322,3,1,MIP
261,32.728999853134155,57.508784953267302,true,2.8102195395790348,true,1.9439300217553843,1596,676,8.3497094147170666e-322,3,1,MIP
262,32.83299994468689,57.707278932235148,true,2.8102195395790348,true,1.9439300217553843,1605,681,8.3497094147170666e-322,3,1,MIP
263,32.944000005722046,57.916013167515651,true,2.8102195395790348,true,1.9439300217553843,1617,685,8.3497094147170666e-322,3,1,MIP
264,33.082000017166138,58.130175071598991,true,2.8102195395790348,true,1.9439300217553843,1621,689,8.3497094147170666e-322,3,1,MIP
265,33.208999872207642,58.375254989660668,true,2.8102195395790348,true,1.9439300217553843,1640,701,8.3497094147170666e-322,3,1,MIP
266,33.372999906539917,58.691623732156913,true,2.8102195395790348,true,1.9439300217553843,1641,702,8.3497094147170666e-322,3,1,MIP
267,33.48199987411499,58.904493357318529,true,2.8102195395790348,true,1.9439300217553843,1644,705,8.3497094147170666e-322,3,1,MIP
268,33.625,59.148778732160579,true,2.8102195395790348,true,1.9439300217553843,1651,712,8.3497094147170666e-322,3,1,MIP
269,33.733999967575073,59.367808529574468,true,2.8102195395790348,true,1.9439300217553843,1657,718,8.3497094147170666e-322,3,1,MIP
270,33.855999946594238,59.617068206940125,true,2.8102195395790348,true,1.9439300217553843,1665,726,8.3497094147170666e-322,3,1,MIP
271,33.973999977111816,59.822750990096594,true,2.8102195395790348,true,1.9439300217553843,1671,732,8.3497094147170666e-322,3,1,MIP
272,34.276999950408936,60.450929469807299,true,2.8102195395790348,true,1.9439300217553843,1683,735,8.3497094147170666e-322,3,1,MIP
273,34.45199990272522,60.743034950392243,true,2.8102195395790348,true,1.9439300217553843,1684,736,8.3497094147170666e-322,3,1,MIP
274,34.578000068664551,60.996644574225826,true,2.8102195395790348,true,1.9439300217553843,1691,741,8.3497094147170666e-322,3,1,MIP
275,34.680999994277954,61.218782092267617,true,2.8102195395790348,true,1.9439300217553843,1694,742,8.3497094147170666e-322,3,1,MIP
276,34.782000064849854,61.403754707154185,true,2.8102195395790348,true,1.9439300217553843,1698,746,8.3497094147170666e-322,3,1,MIP
277,34.888999938964844,61.557654404756398,true,2.8102195383800228,true,1.9439300217553843,1709,755,8.3991159793011913e-322,3,1,MIP
278,35.062000036239624,61.905328648035848,true,2.8102195383800228,true,1.9439300217553843,1713,753,8.3991159793011913e-322,3,1,MIP
279,35.172999858856201,62.127555065336814,true,2.8102195383800228,true,1.9439300217553843,1719,759,8.3991159793011913e-322,3,1,MIP
280,35.277999877929688,62.279042900408164,true,2.8102195383800228,true,1.9439300217553843,1725,765,8.3991159793011913e-322,3,1,MIP
281,35.411999940872192,62.534431532884923,true,2.8102195383800228,true,1.9439300217553843,1730,768,8.3991159793011913e-322,3,1,MIP
282,35.516000032424927,62.705822128304753,true,2.8102195383800228,true,1.9439300217553843,1739,775,8.3991159793011913e-322,3,1,MIP
283,35.665999889373779,62.995202868696623,true,2.8102195383800228,true,1.9439300217553843,1755,783,8.3991159793011913e-322,3,1,MIP
284,35.796000003814697,63.188710781667353,true,2.8102195383800228,true,1.9439300217553843,1758,786,8.3991159793011913e-322,3,1,MIP
285,35.898999929428101,63.39357442555486,true,2.8102195383800228,true,1.9439300217553843,1768,796,8.3991159793011913e-322,3,1,MIP
286,36.131999969482422,63.867113957383609,true,2.8102195383800228,true,1.9439300217553843,1780,798,8.3991159793011913e-322,3,1,MIP
287,36.316999912261963,64.167442551065633,true,2.8102195383800228,true,1.9439300217553843,1784,802,8.3991159793011913e-322,3,1,MIP
288,36.480999946594238,64.510722082749581,true,2.8102195383800228,true,1.9439300217553843,1787,805,8.3991159793011913e-322,3,1,MIP
289,36.599999904632568,64.759592990266654,true,2.8102195383800228,true,1.9439300217553843,1790,808,8.3991159793011913e-322,3,1,MIP
290,37.004999876022339,65.36597325835217,true,2.8102195383800228,true,1.9439300217553843,1793,809,8.3991159793011913e-322,3,1,MIP
291,37.128999948501587,65.612944572866283,true,2.8102195383800228,true,1.9439300217553843,1797,813,8.3991159793011913e-322,3,1,MIP
292,37.241999864578247,65.793876690232082,true,2.8102195383800228,true,1.9439300217553843,1801,815,8.3991159793011913e-322,3,1,MIP
293,37.342000007629395,65.98159404141586,true,2.8102195383800228,true,1.9439300217553843,1808,822,8.3991159793011913e-322,3,1,MIP
294,37.514999866485596,66.3184652947442,true,2.8102195383800228,true,1.9439300217553843,1819,823,8.3991159793011913e-322,3,1,MIP
295,37.677000045776367,66.585878026625693,true,2.8102195383800228,true,1.9439300217553843,1823,827,8.3991159793011913e-322,3,1,MIP
296,37.789000034332275,66.807069309313235,true,2.8102195383800228,true,1.9439300217553843,1831,835,8.3991159793011913e-322,3,1,MIP
297,37.891999959945679,67.020471749299418,true,2.8102195383800228,true,1.9439300217553843,1838,838,8.3991159793011913e-322,3,1,MIP
298,38.161999940872192,67.517387224600768,true,2.8102195383800228,true,1.9439300217553843,1849,841,8.3991159793011913e-322,3,1,MIP
299,38.263000011444092,67.713720911226261,true,2.8102195383800228,true,1.9439300217553843,1856,848,8.3991159793011913e-322,3,1,MIP
300,38.371000051498413,67.940651727496856,true,2.8102195383800228,true,1.9439300217553843,1865,857,8.3991159793011913e-322,3,1,MIP
301,38.476000070571899,68.141667060526132,true,2.8102195383800228,true,1.9439300217553843,1871,859,8.3991159793011913e-322,3,1,MIP
302,38.707000017166138,68.526467992821708,true,2.8102195383800228,true,1.9439300217553843,1875,857,8.3991159793011913e-322,3,1,MIP
303,38.828999996185303,68.747736401208527,true,2.8102195383800228,true,1.9439300217553843,1880,862,8.3991159793011913e-322,3,1,MIP
304,38.930999994277954,68.954419884022016,true,2.8102195383800228,true,1.9439300217553843,1886,868,8.3991159793011913e-322,3,1,MIP
305,39.049000024795532,69.200196082370454,true,2.8102195383800228,true,1.9439300217553843,1893,875,8.3991159793011913e-322,3,1,MIP
306,39.154999971389771,69.359161037641258,true,2.8102195383800228,true,1.9439300217553843,1896,878,8.3991159793011913e-322,3,1,MIP
307,39.276999950408936,69.608084616984556,true,2.8102195383800228,true,1.9439300217553843,1900,880,8.3991159793011913e-322,3,1,MIP
308,39.414999961853027,69.845645400401551,true,2.8102195383800228,true,1.9439300217553843,1903,881,8.3991159793011913e-322,3,1,MIP
309,39.674000024795532,70.291342553861369,true,2.8102195383800228,true,1.9439300217553843,1913,885,8.3991159793011913e-322,3,1,MIP
310,39.779000043869019,70.485778092776911,true,2.8102195383800228,true,1.9439300217553843,1923,895,8.3991159793011913e-322,3,1,MIP
311,39.88100004196167,70.674327101604547,true,2.8102195383800228,true,1.9439300217553843,1934,904,8.3991159793011913e-322,3,1,MIP
312,39.989000082015991,70.886648491531588,true,2.8102195383800228,true,1.9439300217553843,1943,909,8.3991159793011913e-322,3,1,MIP
313,40.244999885559082,71.388188149639532,true,2.8102195383800228,true,1.9439300217553843,1951,907,8.3991159793011913e-322,3,1,MIP
314,40.453000068664551,71.754918225638036,true,2.8102195383800228,true,1.9439300217553843,1953,909,8.3991159793011913e-322,3,1,MIP
315,40.565999984741211,71.969896005735805,true,2.8102195383800228,true,1.9439300217553843,1955,909,8.3991159793011913e-322,3,1,MIP
316,40.677999973297119,72.19266731297391,true,2.8102195383800228,true,1.9439300217553843,1960,914,8.3991159793011913e-322,3,1,MIP
317,40.789999961853027,72.41071067991119,true,2.8102195383800228,true,1.9439300217553843,1965,917,8.3991159793011913e-322,3,1,MIP
318,40.898999929428101,72.61302826928025,true,2.8102195383800228,true,1.9439300217553843,1971,923,8.3991159793011913e-322,3,1,MIP
319,41.080999851226807,72.869004958432427,true,2.8102195383800228,true,1.9439300217553843,1974,924,8.3991159793011913e-322,3,1,MIP
320,41.197000026702881,73.070111990109723,true,2.8102195383800228,true,1.9439300217553843,1982,932,8.3991159793011913e-322,3,1,MIP
321,41.444999933242798,73.552212081533341,true,2.8102195383800228,true,1.9439300217553843,2000,935,8.3991159793011913e-322,3,1,MIP
322,41.545000076293945,73.756273881965598,true,2.8102195383800228,true,1.9439300217553843,2002,937,8.3991159793011913e-322,3,1,MIP
323,41.774999856948853,74.146257055048935,true,2.8101311222788525,true,1.9439300217553843,2004,939,8.4485225438853159e-322,3,1,MIP
324,42.098999977111816,74.590719409844823,true,2.8101311222788525,true,1.9439300217553843,2005,940,8.4485225438853159e-322,3,1,MIP
325,42.20799994468689,74.799896780250918,true,2.8101311222788525,true,1.9439300217553843,2010,945,8.4485225438853159e-322,3,1,MIP
326,42.316999912261963,75.015015378809025,true,2.8101311222788525,true,1.9439300217553843,2015,950,8.4485225438853159e-322,3,1,MIP
327,42.41700005531311,75.191894132854387,true,2.8101311222788525,true,1.9439300217553843,2025,960,8.4485225438853159e-322,3,1,MIP
328,42.523999929428101,75.355142348694812,true,2.8101311222788525,true,1.9439300217553843,2033,967,8.4485225438853159e-322,3,1,MIP
329,42.772000074386597,75.866396278358607,true,2.8101311222788525,true,1.9439300217553843,2038,966,8.4485225438853159e-322,3,1,MIP
330,42.897000074386597,76.130334830084294,true,2.8101311222788525,true,1.9439300217553843,2040,968,8.4485225438853159e-322,3,1,MIP
331,42.999000072479248,76.266734239679977,true,2.8101311222788525,true,1.9439300217553843,2041,969,8.4485225438853159e-322,3,1,MIP
332,43.10699987411499,76.467699138134066,true,2.8101311222788525,true,1.9439300217553843,2046,974,8.4485225438853159e-322,3,1,MIP
333,43.211999893188477,76.685039594543696,true,2.8101311222788525,true,1.9439300217553843,2056,984,8.4485225438853159e-322,3,1,MIP
334,43.322999954223633,76.891973610381541,true,2.8101311222788525,true,1.9439300217553843,2069,997,8.4485225438853159e-322,3,1,MIP
335,43.453999996185303,77.150042824391321,true,2.8101311222788525,true,1.9439300217553843,2081,999,8.4485225438853159e-322,3,1,MIP
336,43.58899998664856,77.343726708542661,true,2.8101311222788525,true,1.9439300217553843,2082,1000,8.4485225438853159e-322,3,1,MIP
337,43.703000068664551,77.57220406626773,true,2.8101311222788525,true,1.9439300217553843,2087,1003,8.4485225438853159e-322,3,1,MIP
338,43.825999975204468,77.805496326666358,true,2.8101311222788525,true,1.9439300217553843,2089,1005,8.4485225438853159e-322,3,1,MIP
339,43.935999870300293,78.025956100777961,true,2.8101311222788525,true,1.9439300217553843,2095,1011,8.4485225438853159e-322,3,1,MIP
340,44.055000066757202,78.279804127572802,true,2.8101311222788525,true,1.9439300217553843,2099,1015,8.4485225438853159e-322,3,1,MIP
341,44.181999921798706,78.451028218816191,true,2.8101311222788525,true,1.9439300217553843,2101,1017,8.4485225438853159e-322,3,1,MIP
342,44.287999868392944,78.66455017807904,true,2.8101311222788525,true,1.9439300217553843,2111,1025,8.4485225438853159e-322,3,1,MIP
343,44.388000011444092,78.865523565077325,true,2.8101311222788525,true,1.9439300217553843,2120,1034,8.4485225438853159e-322,3,1,MIP
344,44.496000051498413,79.085953097826291,true,2.8101311222788525,true,1.9439300217553843,2133,1047,8.4485225438853159e-322,3,1,MIP
345,44.596999883651733,79.28449883676025,true,2.8101311222788525,true,1.9439300217553843,2141,1051,8.4485225438853159e-322,3,1,MIP
346,44.85699987411499,79.740839047074161,true,2.7899166123823083,true,1.9439300217553843,2150,1035,8.4979291084694406e-322,3,1,MIP
347,44.966000080108643,79.952456962084952,true,2.7899166123823083,true,1.9439300217553843,2152,1035,8.4979291084694406e-322,3,1,MIP
348,45.221999883651733,80.42729972923911,true,2.7899166123823083,true,1.9439300217553843,2157,1040,8.4979291084694406e-322,3,1,MIP
349,45.496999979019165,80.90344299193606,true,2.7899166123823083,true,1.9439300217553843,2162,1037,8.4979291084694406e-322,3,1,MIP
350,45.763999938964844,81.350745251107099,true,2.7895887892652556,true,1.9439300217553843,2163,1038,8.6955553668059392e-322,3,1,MIP
351,45.895999908447266,81.61204275261386,true,2.7895887892652556,true,1.9439300217553843,2165,1040,8.6955553668059392e-322,3,1,MIP
352,46.026000022888184,81.872048777258485,true,2.7895887892652556,true,1.9439300217553843,2169,1044,8.6955553668059392e-322,3,1,MIP
353,46.141000032424927,82.091082644914877,true,2.7895887892652556,true,1.9439300217553843,2174,1049,8.6955553668059392e-322,3,1,MIP
354,46.292999982833862,82.368896166794087,true,2.7895887892652556,true,1.9439300217553843,2180,1053,8.6955553668059392e-322,3,1,MIP
355,46.425999879837036,82.550244713849949,true,2.7895887892652556,true,1.9439300217553843,2181,1054,8.6955553668059392e-322,3,1,MIP
356,46.553999900817871,82.781578419552673,true,2.7895887892652556,true,1.9439300217553843,2184,1055,8.6955553668059392e-322,3,1,MIP
357,46.654000043869019,82.975977744137793,true,2.7895887892652556,true,1.9439300217553843,2191,1062,8.6955553668059392e-322,3,1,MIP
358,46.828999996185303,83.298835940531632,true,2.7895887892652556,true,1.9439300217553843,2198,1069,8.6955553668059392e-322,3,1,MIP
359,46.932999849319458,83.50059301152217,true,2.7895887892652556,true,1.9439300217553843,2210,1079,8.6955553668059392e-322,3,1,MIP
360,47.170000076293945,83.895519554843318,true,2.7895887892652556,true,1.9439300217553843,2216,1079,8.6955553668059392e-322,3,1,MIP
361,47.273999929428101,84.112766429829691,true,2.7895887892652556,true,1.9439300217553843,2219,1080,8.6955553668059392e-322,3,1,MIP
362,47.385999917984009,84.342920435188319,true,2.7895887892652556,true,1.9439300217553843,2222,1083,8.6955553668059392e-322,3,1,MIP
363,47.48799991607666,84.539472229198367,true,2.7895887892652556,true,1.9439300217553843,2229,1090,8.6955553668059392e-322,3,1,MIP
364,47.591000080108643,84.729300982330599,true,2.7895887892652556,true,1.9439300217553843,2242,1096,8.6955553668059392e-322,3,1,MIP
365,47.855000019073486,85.174947290121551,true,2.7875464404495078,true,1.9439300217553843,2244,1096,8.9919947543106871e-322,3,1,MIP
366,47.95799994468689,85.381409955848753,true,2.7875464404495078,true,1.9439300217553843,2251,1103,8.9919947543106871e-322,3,1,MIP
367,50.425999879837036,89.357975500850671,true,2.7875464404495078,true,1.9439300217553843,2254,1104,8.9919947543106871e-322,3,1,MIP
368,50.537999868392944,89.50327689290944,true,2.7875464404495078,true,1.9439300217553843,2255,1105,8.9919947543106871e-322,3,1,MIP
369,50.740000009536743,89.838816077155286,true,2.7875464404495078,true,1.9439300217553843,2256,1106,8.9919947543106871e-322,3,1,MIP
370,50.955999851226807,90.138698415643304,true,2.7875464404495078,true,1.9439300217553843,2258,1108,8.9919947543106871e-322,3,1,MIP
371,51.065999984741211,90.350949258121901,true,2.7875464404495078,true,1.9439300217553843,2262,1112,8.9919947543106871e-322,3,1,MIP
372,51.168999910354614,90.550780627465642,true,2.7875464404495078,true,1.9439300217553843,2267,1109,8.9919947543106871e-322,3,1,MIP
373,51.447000026702881,91.081302669646618,true,2.7875464404495078,true,1.9439300217553843,2271,1107,8.9919947543106871e-322,3,1,MIP
374,51.609999895095825,91.335845643405946,true,2.7875464404495078,true,1.9439300217553843,2277,1113,8.9919947543106871e-322,3,1,MIP
375,51.750999927520752,91.636476473814838,true,2.7875464404495078,true,1.9439300217553843,2280,1116,8.9919947543106871e-322,3,1,MIP
376,51.864000082015991,91.85341806771963,true,2.7875464404495078,true,1.9439300217553843,2281,1115,8.9919947543106871e-322,3,1,MIP
377,52.042999982833862,92.134003992025342,true,2.7875464404495078,true,1.9439300217553843,2286,1120,8.9919947543106871e-322,3,1,MIP
378,52.168999910354614,92.39005413855314,true,2.7875464404495078,true,1.9439300217553843,2290,1124,8.9919947543106871e-322,3,1,MIP
379,52.289999961853027,92.642099071501164,true,2.7875464404495078,true,1.9439300217553843,2295,1129,8.9919947543106871e-322,3,1,MIP
380,52.438999891281128,92.939239374133777,true,2.7875464404495078,true,1.9439300217553843,2312,1130,8.9919947543106871e-322,3,1,MIP
381,52.539999961853027,93.121052033232431,true,2.7875464404495078,true,1.9439300217553843,2316,1134,8.9919947543106871e-322,3,1,MIP
382,52.677999973297119,93.306540734067951,true,2.7875464404495078,true,1.9439300217553843,2319,1137,8.9919947543106871e-322,3,1,MIP
383,52.782000064849854,93.508011385538296,true,2.7875464404495078,true,1.9439300217553843,2324,1142,8.9919947543106871e-322,3,1,MIP
384,52.910000085830688,93.755132840477771,true,2.7875464404495078,true,1.9439300217553843,2330,1146,8.9919947543106871e-322,3,1,MIP
385,53.075000047683716,94.09232821929217,true,2.7875464404495078,true,1.9439300217553843,2335,1143,8.9919947543106871e-322,3,1,MIP
386,53.175999879837036,94.300974685197787,true,2.7875464404495078,true,1.9439300217553843,2338,1146,8.9919947543106871e-322,3,1,MIP
387,53.315999984741211,94.496028679728937,true,2.7875464404495078,true,1.9439300217553843,2340,1148,8.9919947543106871e-322,3,1,MIP
388,53.44599986076355,94.746417785049516,true,2.7875464404495078,true,1.9439300217553843,2347,1155,8.9919947543106871e-322,3,1,MIP
389,53.549000024795532,94.940703724655137,true,2.7875464404495078,true,1.9439300217553843,2351,1159,8.9919947543106871e-322,3,1,MIP
390,53.654999971389771,95.143971020167896,true,2.7875464404495078,true,1.9439300217553843,2356,1164,8.9919947543106871e-322,3,1,MIP
391,53.75600004196167,95.328636787628099,true,2.7875464404495078,true,1.9439300217553843,2362,1170,8.9919947543106871e-322,3,1,MIP
392,53.865000009536743,95.547269591803229,true,2.7875464404495078,true,1.9439300217553843,2375,1181,8.9919947543106871e-322,3,1,MIP
393,53.976999998092651,95.764410729470868,true,2.7875464404495078,true,1.9439300217553843,2389,1185,8.9919947543106871e-322,3,1,MIP
394,54.277999877929688,96.308952931933831,true,2.7875464404495078,true,1.9439300217553843,2403,1189,8.9919947543106871e-322,3,1,MIP
395,54.397000074386597,96.52569291409776,true,2.7875464404495078,true,1.9439300217553843,2408,1194,8.9919947543106871e-322,3,1,MIP
396,54.507999897003174,96.773578648052052,true,2.7875464404495078,true,1.9439300217553843,2409,1195,8.9919947543106871e-322,3,1,MIP
397,54.668999910354614,97.051329601645904,true,2.7875464404495078,true,1.9439300217553843,2410,1196,8.9919947543106871e-322,3,1,MIP
398,54.807999849319458,97.325529369508388,true,2.7875464404495078,true,1.9439300217553843,2411,1195,8.9919947543106871e-322,3,1,MIP
399,54.927999973297119,97.591678710662066,true,2.7875464404495078,true,1.9439300217553843,2414,1198,8.9919947543106871e-322,3,1,MIP
400,55.111000061035156,97.905947112290832,true,2.7875464404495078,true,1.9439300217553843,2418,1202,8.9919947543106871e-322,3,1,MIP
401,55.220999956130981,98.111326505355223,true,2.7875464404495078,true,1.9439300217553843,2426,1210,8.9919947543106871e-322,3,1,MIP
402,55.332000017166138,98.304083938830743,true,2.7875464404495078,true,1.9439300217553843,2429,1213,8.9919947543106871e-322,3,1,MIP
403,55.447000026702881,98.515142034938293,true,2.7875464404495078,true,1.9439300217553843,2436,1218,8.9919947543106871e-322,3,1,MIP
404,55.667999982833862,98.937598350888848,true,2.7875464404495078,true,1.9439300217553843,2445,1218,8.9919947543106871e-322,3,1,MIP
405,55.911999940872192,99.374407705499976,true,2.7875464404495078,true,1.9439300217553843,2448,1221,8.9919947543106871e-322,3,1,MIP
406,56.040999889373779,99.6393888659006,true,2.7875464404495078,true,1.9439300217553843,2453,1224,8.9919947543106871e-322,3,1,MIP
407,56.141999959945679,99.842496550786137,true,2.7875464404495078,true,1.9439300217553843,2460,1221,8.9919947543106871e-322,3,1,MIP
408,56.285000085830688,100.16400249158755,true,2.7875464404495078,true,1.9439300217553843,2461,1222,8.9919947543106871e-322,3,1,MIP
409,56.407999992370605,100.32852204860089,true,2.7875464404495078,true,1.9439300217553843,2463,1224,8.9919947543106871e-322,3,1,MIP
410,56.530999898910522,100.56097281823617,true,2.7875464404495078,true,1.9439300217553843,2466,1227,8.9919947543106871e-322,3,1,MIP
411,56.634000062942505,100.75346206761408,true,2.7875464404495078,true,1.9439300217553843,2471,1230,8.9919947543106871e-322,3,1,MIP
412,56.744999885559082,100.96204351266782,true,2.7875464404495078,true,1.9439300217553843,2478,1237,8.9919947543106871e-322,3,1,MIP
413,56.925999879837036,101.28889298228574,true,2.7875464404495078,true,1.9439300217553843,2488,1237,8.9919947543106871e-322,3,1,MIP
414,57.121999979019165,101.6524308341456,true,2.7875464404495078,true,1.9439300217553843,2493,1240,8.9919947543106871e-322,3,1,MIP
415,57.408999919891357,101.97967539437261,true,2.7875464404495078,true,1.9439300217553843,2494,1241,8.9919947543106871e-322,3,1,MIP
416,57.51200008392334,102.16994976650894,true,2.7875464404495078,true,1.9439300217553843,2502,1245,8.9919947543106871e-322,3,1,MIP
417,57.618000030517578,102.36558115680288,true,2.7875464404495078,true,1.9439300217553843,2509,1252,8.9919947543106871e-322,3,1,MIP
418,57.720999956130981,102.55805980110351,true,2.7875464404495078,true,1.9439300217553843,2519,1262,8.9919947543106871e-322,3,1,MIP
419,57.910000085830688,102.92343042523794,true,2.7875464404495078,true,1.9439300217553843,2541,1272,8.9919947543106871e-322,3,1,MIP
420,58.039000034332275,103.17272374206354,true,2.7875464404495078,true,1.9439300217553843,2546,1275,8.9919947543106871e-322,3,1,MIP
421,58.157999992370605,103.37824971657034,true,2.7875464404495078,true,1.9439300217553843,2550,1277,8.9919947543106871e-322,3,1,MIP
422,58.274999856948853,103.6038233995383,true,2.7875464404495078,true,1.9439300217553843,2553,1280,8.9919947543106871e-322,3,1,MIP
423,58.38700008392334,103.81871828048315,true,2.7875464404495078,true,1.9439300217553843,2557,1282,8.9919947543106871e-322,3,1,MIP
424,58.489000082015991,104.02026375778856,true,2.7875464404495078,true,1.9439300217553843,2571,1292,8.9919947543106871e-322,3,1,MIP
425,58.611999988555908,104.25535257945712,true,2.7875464404495078,true,1.9439300217553843,2590,1301,8.9919947543106871e-322,3,1,MIP
426,58.723999977111816,104.46491438786325,true,2.7875464404495078,true,1.9439300217553843,2597,1306,8.9919947543106871e-322,3,1,MIP
427,58.838000059127808,104.69071566308043,true,2.7875464404495078,true,1.9439300217553843,2602,1309,8.9919947543106871e-322,3,1,MIP
428,58.941999912261963,104.88438694810617,true,2.7875464404495078,true,1.9439300217553843,2609,1314,8.9919947543106871e-322,3,1,MIP
429,59.111999988555908,105.21294972619539,true,2.7875464404495078,true,1.9439300217553843,2625,1318,8.9919947543106871e-322,3,1,MIP
430,59.226999998092651,105.43646560921614,true,2.7875464404495078,true,1.9439300217553843,2628,1319,8.9919947543106871e-322,3,1,MIP
431,59.328000068664551,105.63579833963797,true,2.7875464404495078,true,1.9439300217553843,2633,1322,8.9919947543106871e-322,3,1,MIP
432,59.486000061035156,105.86673629734595,true,2.7875464404495078,true,1.9439300217553843,2636,1321,8.9919947543106871e-322,3,1,MIP
433,59.58899998664856,106.07404999452434,true,2.7875464404495078,true,1.9439300217553843,2639,1320,8.9919947543106871e-322,3,1,MIP
434,59.728999853134155,106.33518599374011,true,2.7875464404495078,true,1.9439300217553843,2644,1321,8.9919947543106871e-322,3,1,MIP
435,59.842999935150146,106.54585366689113,true,2.7875464404495078,true,1.9439300217553843,2649,1324,8.9919947543106871e-322,3,1,MIP
436,59.953999996185303,106.75204261140078,true,2.7875464404495078,true,1.9439300217553843,2653,1326,8.9919947543106871e-322,3,1,MIP
437,60.065000057220459,106.96448159597827,true,2.7875464404495078,true,1.9439300217553843,2657,1322,8.9919947543106871e-322,3,1,MIP
438,60.184999942779541,107.19946201629955,true,2.7875464404495078,true,1.9439300217553843,2658,1323,8.9919947543106871e-322,3,1,MIP
439,60.211999893188477,107.25397936588267,true,2.7875464404495078,true,1.9448500950623868,2659,1324,8.9919947543106871e-322,3,1,MIP
440,60.382999897003174,107.55279722766761,true,2.7875464404495078,true,1.9448500950623868,2663,1328,8.9919947543106871e-322,3,1,MIP
441,60.489000082015991,107.76393131075119,true,2.7875464404495078,true,1.9448500950623868,2675,1338,8.9919947543106871e-322,3,1,MIP
442,60.647000074386597,108.0228738177744,true,2.7875464404495078,true,1.9448500950623868,2680,1339,8.9919947543106871e-322,3,1,MIP
443,60.756999969482422,108.23820928303924,true,2.7875464404495078,true,1.9448500950623868,2685,1336,8.9919947543106871e-322,3,1,MIP
444,60.796999931335449,108.31825499262419,true,2.7875464404495078,true,1.9451596456174711,2686,1337,8.9919947543106871e-322,3,1,MIP
445,60.907000064849854,108.539158409137,true,2.7875464404495078,true,1.9451596456174711,2689,1340,8.9919947543106871e-322,3,1,MIP
446,61.080999851226807,108.87696067850958,true,2.7875464404495078,true,1.9451596456174711,2692,1341,8.9919947543106871e-322,3,1,MIP
447,61.257999897003174,109.12236035716353,true,2.7875464404495078,true,1.9451596456174711,2695,1340,8.9919947543106871e-322,3,1,MIP
448,61.361999988555908,109.32373483085598,true,2.7875464404495078,true,1.9451596456174711,2697,1340,8.9919947543106871e-322,3,1,MIP
449,61.484999895095825,109.57557335865836,true,2.7875464404495078,true,1.9451596456174711,2700,1339,8.9919947543106871e-322,3,1,MIP
450,61.523000001907349,109.64570251975486,true,2.7875464404495078,true,1.9452166754329765,2701,1340,8.9919947543106871e-322,3,1,MIP
451,61.657000064849854,109.91529442736055,true,2.7875464404495078,true,1.9452166754329765,2705,1344,8.9919947543106871e-322,3,1,MIP
452,61.757999897003174,110.11848411330415,true,2.7875464404495078,true,1.9452166754329765,2708,1347,8.9919947543106871e-322,3,1,MIP
453,61.891999959945679,110.3871469689504,true,2.7875464404495078,true,1.9452166754329765,2712,1351,8.9919947543106871e-322,3,1,MIP
454,62.003000020980835,110.61380847978093,true,2.7875464404495078,true,1.9452166754329765,2716,1355,8.9919947543106871e-322,3,1,MIP
455,62.10699987411499,110.79991322021262,true,2.7875464404495078,true,1.9452166754329765,2723,1362,8.9919947543106871e-322,3,1,MIP
456,62.335999965667725,111.19433607198384,true,2.7875464404495078,true,1.9452166754329765,2733,1362,8.9919947543106871e-322,3,1,MIP
457,62.457000017166138,111.45497779662898,true,2.7875464404495078,true,1.9452344526994025,2734,1363,8.9919947543106871e-322,3,1,MIP
458,62.57099986076355,111.66992502101934,true,2.7875464404495078,true,1.9452344526994025,2738,1365,8.9919947543106871e-322,3,1,MIP
459,62.693000078201294,111.90451217792166,true,2.7875464404495078,true,1.9452344526994025,2744,1371,8.9919947543106871e-322,3,1,MIP
460,62.806999921798706,112.11383754269939,true,2.7875464404495078,true,1.9452344526994025,2761,1382,8.9919947543106871e-322,3,1,MIP
461,62.973999977111816,112.40099513489588,true,2.7875464404495078,true,1.9452344526994025,2763,1382,8.9919947543106871e-322,3,1,MIP
462,63.190999984741211,112.7516319247559,true,2.7875464404495078,true,1.9452344526994025,2765,1384,8.9919947543106871e-322,3,1,MIP
463,63.299000024795532,112.97322890619127,true,2.7875464404495078,true,1.9452344526994025,2771,1390,8.9919947543106871e-322,3,1,MIP
464,63.457000017166138,113.31323699662478,true,2.7875464404495078,true,1.9452344526994025,2772,1391,8.9919947543106871e-322,3,1,MIP
465,63.608000040054321,113.63162603019343,true,2.7875464404495078,true,1.9452344526994025,2774,1393,8.9919947543106871e-322,3,1,MIP
466,63.721999883651733,113.87073334655652,true,2.7875464404495078,true,1.9452344526994025,2783,1400,8.9919947543106871e-322,3,1,MIP
467,63.973000049591064,114.30992062237277,true,2.7875464404495078,true,1.9452344526994025,2787,1398,8.9919947543106871e-322,3,1,MIP
468,64.001999855041504,114.36969629276562,true,2.7875464404495078,true,1.945398689801719,2788,1399,8.9919947543106871e-322,3,1,MIP
469,64.108999967575073,114.59032694174078,true,2.7875464404495078,true,1.945398689801719,2791,1402,8.9919947543106871e-322,3,1,MIP
470,64.26200008392334,114.84507696286936,true,2.7875464404495078,true,1.945398689801719,2797,1408,8.9919947543106871e-322,3,1,MIP
471,64.365999937057495,115.06502308550759,true,2.7875464404495078,true,1.945398689801719,2805,1416,8.9919947543106871e-322,3,1,MIP
472,64.483000040054321,115.32132637496115,true,2.7875464404495078,true,1.945398689801719,2810,1413,8.9919947543106871e-322,3,1,MIP
473,64.608000040054321,115.57089159769306,true,2.7875464404495078,true,1.945398689801719,2814,1413,8.9919947543106871e-322,3,1,MIP
474,64.657000064849854,115.67144733824212,true,2.7875464404495078,true,1.9455291668731316,2815,1414,8.9919947543106871e-322,3,1,MIP
475,64.829999923706055,115.92365211706165,true,2.7875464404495078,true,1.9455291668731316,2817,1416,8.9919947543106871e-322,3,1,MIP
476,64.967000007629395,116.19492213245974,true,2.7875464404495078,true,1.9455291668731316,2821,1418,8.9919947543106871e-322,3,1,MIP
477,65.086999893188477,116.44239150686319,true,2.7875464404495078,true,1.9455291668731316,2827,1422,8.9919947543106871e-322,3,1,MIP
478,65.197000026702881,116.67477481015607,true,2.7875464404495078,true,1.9455291668731316,2830,1423,8.9919947543106871e-322,3,1,MIP
479,65.300999879837036,116.88571113039447,true,2.7875464404495078,true,1.9460451048706182,2835,1422,8.9919947543106871e-322,3,1,MIP
480,65.503999948501587,117.28513061699556,true,2.7875464404495078,true,1.9460451048706182,2838,1425,8.9919947543106871e-322,3,1,MIP
481,65.626999855041504,117.48861021948191,true,2.7875464404495078,true,1.9460451048706182,2841,1424,8.9919947543106871e-322,3,1,MIP
482,65.733000040054321,117.71556650760968,true,2.7875464404495078,true,1.9460451048706182,2846,1429,8.9919947543106871e-322,3,1,MIP
483,65.895999908447266,118.01913190249053,true,2.7875464404495078,true,1.9460451048706182,2853,1428,8.9919947543106871e-322,3,1,MIP
484,65.915999889373779,118.05304997696332,true,2.7875464404495078,true,1.9476825856925137,2854,1429,8.9919947543106871e-322,3,1,MIP
485,66.017999887466431,118.24951070638674,true,2.7875464404495078,true,1.9476825856925137,2858,1433,8.9919947543106871e-322,3,1,MIP
486,66.122999906539917,118.44438731400491,true,2.7875464404495078,true,1.9476825856925137,2864,1439,8.9919947543106871e-322,3,1,MIP
487,66.282000064849854,118.7364679717448,true,2.7875464404495078,true,1.9476825856925137,2865,1438,8.9919947543106871e-322,3,1,MIP
488,66.440000057220459,118.99040668286618,true,2.7875464404495078,true,1.9476825856925137,2869,1440,8.9919947543106871e-322,3,1,MIP
489,66.608999967575073,119.27367201296779,true,2.7875464404495078,true,1.9476825856925137,2873,1438,8.9919947543106871e-322,3,1,MIP
490,66.648999929428101,119.35171935171043,true,2.7875464404495078,true,1.9480278789833232,2874,1439,8.9919947543106871e-322,3,1,MIP
491,66.776999950408936,119.61002895357642,true,2.7875464404495078,true,1.9480278789833232,2878,1443,8.9919947543106871e-322,3,1,MIP
492,66.892999887466431,119.8495815751164,true,2.7875464404495078,true,1.9480278789833232,2883,1448,8.9919947543106871e-322,3,1,MIP
493,67.00600004196167,120.02954375789443,true,2.7875464404495078,true,1.9480278789833232,2887,1450,8.9919947543106871e-322,3,1,MIP
494,67.142999887466431,120.29638744598125,true,2.7875464404495078,true,1.9480278789833232,2890,1451,8.9919947543106871e-322,3,1,MIP
495,67.243000030517578,120.47803034855701,true,2.7875464404495078,true,1.9480278789833232,2902,1455,8.9919947543106871e-322,3,1,MIP
496,67.424000024795532,120.77302931940314,true,2.7875464404495078,true,1.9481286336849311,2906,1455,8.9919947543106871e-322,3,1,MIP
497,67.536999940872192,120.99713024167136,true,2.7875464404495078,true,1.9481286336849311,2909,1458,8.9919947543106871e-322,3,1,MIP
498,67.649999856948853,121.21868540425638,true,2.7875464404495078,true,1.9481286336849311,2913,1458,8.9919947543106871e-322,3,1,MIP
499,67.75600004196167,121.40729677859841,true,2.7875464404495078,true,1.9481286336849311,2918,1463,8.9919947543106871e-322,3,1,MIP
500,67.86299991607666,121.6075358853135,true,2.7875464404495078,true,1.9481286336849311,2922,1467,8.9919947543106871e-322,3,1,MIP
501,67.970999956130981,121.79022304125859,true,2.7875464404495078,true,1.9481286336849311,2926,1471,8.9919947543106871e-322,3,1,MIP
502,68.079999923706055,121.99971503055005,true,2.7875464404495078,true,1.9481286336849311,2935,1470,8.9919947543106871e-322,3,1,MIP
503,68.328000068664551,122.4341761610165,true,2.7875464404495078,true,1.9482424387001398,2943,1470,8.9919947543106871e-322,3,1,MIP
504,68.437999963760376,122.64953530350272,true,2.7875464404495078,true,1.9482424387001398,2948,1475,8.9919947543106871e-322,3,1,MIP
505,68.688999891281128,123.02019680744543,true,2.7875464404495078,true,1.9482424387001398,2958,1485,8.9919947543106871e-322,3,1,MIP
506,68.792999982833862,123.20147439391897,true,2.7875464404495078,true,1.9482424387001398,2966,1491,8.9919947543106871e-322,3,1,MIP
507,68.894000053405762,123.34717497444181,true,2.7875464404495078,true,1.9482424387001398,2981,1506,8.9919947543106871e-322,3,1,MIP
508,69.039000034332275,123.63385791443734,true,2.7875464404495078,true,1.9482424387001398,2991,1508,8.9919947543106871e-322,3,1,MIP
509,69.170000076293945,123.85912722168386,true,2.7875464404495078,true,1.9482424387001398,2992,1509,8.9919947543106871e-322,3,1,MIP
510,69.287999868392944,124.07739797909032,true,2.7875464404495078,true,1.9482424387001398,2995,1510,8.9919947543106871e-322,3,1,MIP
511,69.458999872207642,124.36458371995604,true,2.7875464404495078,true,1.9482424387001398,2997,1510,8.9919947543106871e-322,3,1,MIP
512,69.586999893188477,124.61581034435261,true,2.7875464404495078,true,1.9482424387001398,3001,1514,8.9919947543106871e-322,3,1,MIP
513,69.713000059127808,124.87006955836813,true,2.7875464404495078,true,1.9482424387001398,3006,1519,8.9919947543106871e-322,3,1,MIP
514,69.816999912261963,125.04737693221203,true,2.7875464404495078,true,1.9482424387001398,3011,1522,8.9919947543106871e-322,3,1,MIP
515,69.924000024795532,125.17346763401012,true,2.7875464404495078,true,1.9482424387001398,3014,1525,8.9919947543106871e-322,3,1,MIP
516,70.101999998092651,125.52364631335142,true,2.7875464404495078,true,1.9482424387001398,3022,1529,8.9919947543106871e-322,3,1,MIP
517,70.210999965667725,125.73006900263516,true,2.7875464404495078,true,1.9482424387001398,3027,1526,8.9919947543106871e-322,3,1,MIP
518,70.325999975204468,125.97066632164325,true,2.7875464404495078,true,1.9482424387001398,3030,1525,8.9919947543106871e-322,3,1,MIP
519,70.355999946594238,126.0324502312228,true,2.7875464404495078,true,1.9482495869564869,3031,1526,8.9919947543106871e-322,3,1,MIP
520,70.463000059127808,126.24797287114679,true,2.7875464404495078,true,1.9482495869564869,3034,1529,8.9919947543106871e-322,3,1,MIP
521,70.583999872207642,126.41689718344368,true,2.7875464404495078,true,1.9482495869564869,3036,1531,8.9919947543106871e-322,3,1,MIP
522,70.697999954223633,126.64428061452257,true,2.7875464404495078,true,1.9482495869564869,3041,1536,8.9919947543106871e-322,3,1,MIP
523,70.806999921798706,126.84287715234437,true,2.7875464404495078,true,1.9482495869564869,3045,1540,8.9919947543106871e-322,3,1,MIP
524,70.907999992370605,127.04599004790109,true,2.7875464404495078,true,1.9482495869564869,3058,1547,8.9919947543106871e-322,3,1,MIP
525,71.016999959945679,127.26871128462631,true,2.7875464404495078,true,1.9482495869564869,3063,1544,8.9919947543106871e-322,3,1,MIP
526,71.047999858856201,127.32045239994257,true,2.7875464404495078,true,1.9486346098451173,3064,1545,8.9919947543106871e-322,3,1,MIP
527,71.218999862670898,127.5949541526238,true,2.7875128265104743,true,1.9486346098451173,3068,1549,9.0414013188948118e-322,3,1,MIP
528,71.341000080108643,127.84177849908475,true,2.7875128265104743,true,1.9486346098451173,3080,1556,9.0414013188948118e-322,3,1,MIP
529,71.519000053405762,128.23511263482357,true,2.7875128265104743,true,1.9486346098451173,3088,1554,9.0414013188948118e-322,3,1,MIP
530,71.536999940872192,128.26416902104773,true,2.7875128265104743,true,1.9486920062160049,3089,1555,9.0414013188948118e-322,3,1,MIP
531,71.736999988555908,128.65515584745049,true,2.7875128265104743,true,1.9486920062160049,3093,1559,9.0414013188948118e-322,3,1,MIP
532,71.918999910354614,128.9638442208356,true,2.7875128265104743,true,1.9486920062160049,3095,1561,9.0414013188948118e-322,3,1,MIP
533,72.024999856948853,129.18762010415259,true,2.7875128265104743,true,1.9486920062160049,3099,1565,9.0414013188948118e-322,3,1,MIP
534,72.126999855041504,129.39314799366286,true,2.7875128265104743,true,1.9486920062160049,3107,1573,9.0414013188948118e-322,3,1,MIP
535,72.227999925613403,129.58808150828696,true,2.7875128265104743,true,1.9486920062160049,3111,1577,9.0414013188948118e-322,3,1,MIP
536,72.371000051498413,129.84536860606059,true,2.7875128265104743,true,1.9486920062160049,3115,1581,9.0414013188948118e-322,3,1,MIP
537,72.478999853134155,129.99632164759603,true,2.7875128265104743,true,1.9486920062160049,3118,1580,9.0414013188948118e-322,3,1,MIP
538,72.674999952316284,130.40901032825889,true,2.7875128265104743,true,1.9486920062160049,3127,1581,9.0414013188948118e-322,3,1,MIP
539,72.825999975204468,130.66826238632797,true,2.7875128265104743,true,1.9498704638819939,3128,1582,9.0414013188948118e-322,3,1,MIP
540,72.950999975204468,130.93801410969886,true,2.7875128265104743,true,1.9498704638819939,3130,1584,9.0414013188948118e-322,3,1,MIP
541,73.060999870300293,131.15981973799552,true,2.7875128265104743,true,1.9498704638819939,3133,1587,9.0414013188948118e-322,3,1,MIP
542,73.295000076293945,131.56021484362009,true,2.7875128265104743,true,1.9498704638819939,3141,1591,9.0414013188948118e-322,3,1,MIP
543,73.455999851226807,131.89496019088205,true,2.7875128265104743,true,1.9498704638819939,3152,1594,9.0414013188948118e-322,3,1,MIP
544,73.478999853134155,131.93459893889411,true,2.7875128265104743,true,1.9503204718039466,3153,1595,9.0414013188948118e-322,3,1,MIP
545,73.595000028610229,132.15675491237667,true,2.7875128265104743,true,1.9503204718039466,3158,1600,9.0414013188948118e-322,3,1,MIP
546,73.868000030517578,132.61409462576606,true,2.7875128265104743,true,1.9503204718039466,3163,1605,9.0414013188948118e-322,3,1,MIP
547,73.983000040054321,132.83525191088162,true,2.7875128265104743,true,1.9503204718039466,3168,1606,9.0414013188948118e-322,3,1,MIP
548,74.111999988555908,133.10229207481376,true,2.7875128265104743,true,1.9503204718039466,3171,1605,9.0414013188948118e-322,3,1,MIP
549,74.21399998664856,133.30836495211068,true,2.7875128265104743,true,1.9503204718039466,3176,1610,9.0414013188948118e-322,3,1,MIP
550,74.332000017166138,133.5399780437462,true,2.7875128265104743,true,1.9503204718039466,3180,1614,9.0414013188948118e-322,3,1,MIP
551,74.435999870300293,133.74137252567408,true,2.7875128265104743,true,1.9503204718039466,3187,1617,9.0414013188948118e-322,3,1,MIP
552,74.536999940872192,133.92363856968302,true,2.7875128265104743,true,1.9503204718039466,3195,1621,9.0414013188948118e-322,3,1,MIP
553,74.70199990272522,134.25519461318217,true,2.7875128265104743,true,1.9503204718039466,3214,1628,9.0414013188948118e-322,3,1,MIP
554,74.796000003814697,134.42390457569243,true,2.7875128265104743,true,1.9509995038933512,3215,1629,9.0414013188948118e-322,3,1,MIP
555,74.920000076293945,134.59578724854055,true,2.7875128265104743,true,1.9509995038933512,3217,1631,9.0414013188948118e-322,3,1,MIP
556,75.026999950408936,134.79794087743903,true,2.7875128265104743,true,1.9509995038933512,3223,1633,9.0414013188948118e-322,3,1,MIP
557,75.131999969482422,134.99869450745098,true,2.7875128265104743,true,1.9509995038933512,3229,1639,9.0414013188948118e-322,3,1,MIP
558,75.259000062942505,135.24712730357652,true,2.7875128265104743,true,1.9509995038933512,3236,1644,9.0414013188948118e-322,3,1,MIP
559,75.368000030517578,135.44788448374644,true,2.7875128265104743,true,1.9509995038933512,3251,1657,9.0414013188948118e-322,3,1,MIP
560,75.496999979019165,135.67259070119897,true,2.7875128265104743,true,1.9509995038933512,3268,1666,9.0414013188948118e-322,3,1,MIP
561,75.559999942779541,135.79745105402864,true,2.7875128265104743,true,1.951558220902992,3269,1667,9.0414013188948118e-322,3,1,MIP
562,75.694000005722046,135.98548643992811,true,2.7875128265104743,true,1.951558220902992,3272,1670,9.0414013188948118e-322,3,1,MIP
563,75.799000024795532,136.19070595064056,true,2.7875128265104743,true,1.951558220902992,3280,1676,9.0414013188948118e-322,3,1,MIP
564,75.948999881744385,136.49072204988181,true,2.7875128265104743,true,1.951558220902992,3287,1675,9.0414013188948118e-322,3,1,MIP
565,75.976999998092651,136.54279833352538,true,2.7875128265104743,true,1.952201783782574,3288,1676,9.0414013188948118e-322,3,1,MIP
566,76.085999965667725,136.77097719178946,true,2.7875128265104743,true,1.952201783782574,3291,1679,9.0414013188948118e-322,3,1,MIP
567,76.203000068664551,137.01115140846673,true,2.7875128265104743,true,1.952201783782574,3297,1683,9.0414013188948118e-322,3,1,MIP
568,76.315999984741211,137.1640625156669,true,2.7875128265104743,true,1.952201783782574,3299,1683,9.0414013188948118e-322,3,1,MIP
569,76.441999912261963,137.42921001987392,true,2.7875128265104743,true,1.952201783782574,3303,1681,9.0414013188948118e-322,3,1,MIP
570,76.522000074386597,137.58282466024218,true,2.7875128265104743,true,1.9522019413904141,3304,1682,9.0414013188948118e-322,3,1,MIP
571,76.638000011444092,137.8316901301568,true,2.7875128265104743,true,1.9522019413904141,3307,1685,9.0414013188948118e-322,3,1,MIP
572,76.740999937057495,138.04386313265539,true,2.7875128265104743,true,1.9522019413904141,3314,1692,9.0414013188948118e-322,3,1,MIP
573,76.848999977111816,138.19969563036886,true,2.7875128265104743,true,1.9522019413904141,3320,1696,9.0414013188948118e-322,3,1,MIP
574,76.957000017166138,138.40373046083809,true,2.7875128265104743,true,1.9522019413904141,3328,1698,9.0414013188948118e-322,3,1,MIP
575,77.164000034332275,138.781014084823,true,2.7875128265104743,true,1.9522019413904141,3333,1697,9.0414013188948118e-322,3,1,MIP
576,77.203000068664551,138.85600481855667,true,2.7875128265104743,true,1.9523004646963538,3334,1698,9.0414013188948118e-322,3,1,MIP
577,77.346999883651733,139.14342897942379,true,2.7875128265104743,true,1.9523004646963538,3338,1702,9.0414013188948118e-322,3,1,MIP
578,77.49399995803833,139.45110121174014,true,2.7875128265104743,true,1.9523004646963538,3345,1705,9.0414013188948118e-322,3,1,MIP
579,77.601999998092651,139.67968926642351,true,2.7875128265104743,true,1.9523004646963538,3350,1710,9.0414013188948118e-322,3,1,MIP
580,77.714999914169312,139.83016783412845,true,2.7875128265104743,true,1.9523004646963538,3352,1712,9.0414013188948118e-322,3,1,MIP
581,77.825000047683716,140.02900532587245,true,2.7875128265104743,true,1.9523004646963538,3369,1727,9.0414013188948118e-322,3,1,MIP
582,77.925999879837036,140.2335265467091,true,2.7875128265104743,true,1.9523004646963538,3380,1726,9.0414013188948118e-322,3,1,MIP
583,77.970999956130981,140.31791744134497,true,2.7875128265104743,true,1.952476220306486,3381,1727,9.0414013188948118e-322,3,1,MIP
584,78.078999996185303,140.53587202105868,true,2.7875128265104743,true,1.952476220306486,3386,1732,9.0414013188948118e-322,3,1,MIP
585,78.185999870300293,140.76075827902355,true,2.7875128265104743,true,1.952476220306486,3389,1735,9.0414013188948118e-322,3,1,MIP
586,78.302999973297119,141.0003267180694,true,2.7875128265104743,true,1.952476220306486,3399,1743,9.0414013188948118e-322,3,1,MIP
587,78.535000085830688,141.40548891171983,true,2.7875128265104743,true,1.952476220306486,3405,1747,9.0414013188948118e-322,3,1,MIP
588,78.700999975204468,141.64526628268115,true,2.7875128265104743,true,1.952476220306486,3411,1753,9.0414013188948118e-322,3,1,MIP
589,78.881999969482422,141.98967088570549,true,2.7875128265104743,true,1.952476220306486,3426,1758,9.0414013188948118e-322,3,1,MIP
590,78.907000064849854,142.03846990121724,true,2.7875128265104743,true,1.9527037328281929,3427,1759,9.0414013188948118e-322,3,1,MIP
591,79.111000061035156,142.44749838815895,true,2.7875128265104743,true,1.9527037328281929,3429,1759,9.0414013188948118e-322,3,1,MIP
592,79.226999998092651,142.68165410707897,true,2.7875128265104743,true,1.9527037328281929,3434,1764,9.0414013188948118e-322,3,1,MIP
593,79.345999956130981,142.84486449828245,true,2.7875128265104743,true,1.9527037328281929,3435,1765,9.0414013188948118e-322,3,1,MIP
594,79.453000068664551,143.05812378601584,true,2.7875128265104743,true,1.9527037328281929,3440,1770,9.0414013188948118e-322,3,1,MIP
595,79.556999921798706,143.25763191579662,true,2.7875128265104743,true,1.9527037328281929,3452,1776,9.0414013188948118e-322,3,1,MIP
596,79.693000078201294,143.54376133489023,true,2.7875128265104743,true,1.9527037328281929,3463,1778,9.0414013188948118e-322,3,1,MIP
597,79.733000040054321,143.61390489786481,true,2.7875128265104743,true,1.9527459129502363,3464,1779,9.0414013188948118e-322,3,1,MIP
598,79.861999988555908,143.89293706726326,true,2.7875128265104743,true,1.9527459129502363,3466,1781,9.0414013188948118e-322,3,1,MIP
599,79.973000049591064,144.13239819130266,true,2.7875128265104743,true,1.9527459129502363,3470,1785,9.0414013188948118e-322,3,1,MIP
600,80.180999994277954,144.46856854748273,true,2.7875128265104743,true,1.9527459129502363,3477,1792,9.0414013188948118e-322,3,1,MIP
601,80.292999982833862,144.70659698242812,true,2.7875128265104743,true,1.9527459129502363,3481,1796,9.0414013188948118e-322,3,1,MIP
602,80.395999908447266,144.91193662839453,true,2.7875128265104743,true,1.9527459129502363,3489,1804,9.0414013188948118e-322,3,1,MIP
603,80.50600004196167,145.13247563433271,true,2.7875128265104743,true,1.9527459129502363,3497,1812,9.0414013188948118e-322,3,1,MIP
604,80.611999988555908,145.34443977518717,true,2.7875128265104743,true,1.9527459129502363,3510,1816,9.0414013188948118e-322,3,1,MIP
605,80.741999864578247,145.61609860239892,true,2.7875128265104743,true,1.9527459129502363,3516,1816,9.0414013188948118e-322,3,1,MIP
606,80.792999982833862,145.72008010548907,true,2.7875128265104743,true,1.9529482265140354,3517,1817,9.0414013188948118e-322,3,1,MIP
607,80.983000040054321,146.06605084526572,true,2.7875128265104743,true,1.9529482265140354,3521,1821,9.0414013188948118e-322,3,1,MIP
608,81.114000082015991,146.32351684111649,true,2.7875128265104743,true,1.9529482265140354,3530,1828,9.0414013188948118e-322,3,1,MIP
609,81.319000005722046,146.66204230064571,true,2.7875128265104743,true,1.9532544165630692,3538,1828,9.0414013188948118e-322,3,1,MIP
610,81.443000078201294,146.90665579188354,true,2.7875128265104743,true,1.9532544165630692,3541,1831,9.0414013188948118e-322,3,1,MIP
611,81.655999898910522,147.32636980928754,true,2.7875128265104743,true,1.9532544165630692,3544,1834,9.0414013188948118e-322,3,1,MIP
612,81.865999937057495,147.6957470878566,true,2.7875128265104743,true,1.9532544165630692,3550,1832,9.0414013188948118e-322,3,1,MIP
613,81.88100004196167,147.71930291176781,true,2.7875128265104743,true,1.9537755956750282,3551,1833,9.0414013188948118e-322,3,1,MIP
614,81.98799991607666,147.9283023798593,true,2.7875128265104743,true,1.9537755956750282,3557,1837,9.0414013188948118e-322,3,1,MIP
615,82.092000007629395,148.13035706416551,true,2.7875128265104743,true,1.9537755956750282,3558,1836,9.0414013188948118e-322,3,1,MIP
616,82.203000068664551,148.35375586750027,true,2.7875128265104743,true,1.9537755956750282,3559,1835,9.0414013188948118e-322,3,1,MIP
617,82.305000066757202,148.48406392084513,true,2.7875128265104743,true,1.9537755956750282,3562,1836,9.0414013188948118e-322,3,1,MIP
618,82.453000068664551,148.77218505223766,true,2.7875128265104743,true,1.9537755956750282,3568,1836,9.0414013188948118e-322,3,1,MIP
619,82.601000070571899,149.06554347473804,true,2.7875128265104743,true,1.9537755956750282,3573,1835,9.0414013188948118e-322,3,1,MIP
620,82.667999982833862,149.20498328417995,true,2.7875128265104743,true,1.9538405692499636,3574,1836,9.0414013188948118e-322,3,1,MIP
621,82.782999992370605,149.40799786511212,true,2.7875128265104743,true,1.9538405692499636,3579,1839,9.0414013188948118e-322,3,1,MIP
622,82.96399998664856,149.68677638402335,true,2.7875128265104743,true,1.9538405692499636,3583,1843,9.0414013188948118e-322,3,1,MIP
623,83.073999881744385,149.89632356057092,true,2.7875128265104743,true,1.9538405692499636,3589,1849,9.0414013188948118e-322,3,1,MIP
624,83.174000024795532,150.08236334425766,true,2.7875128265104743,true,1.9538405692499636,3604,1864,9.0414013188948118e-322,3,1,MIP
625,83.312999963760376,150.3426942399536,true,2.7875128265104743,true,1.9538405692499636,3621,1877,9.0414013188948118e-322,3,1,MIP
626,83.45799994468689,150.6295767980489,true,2.7875128265104743,true,1.9538405692499636,3624,1876,9.0414013188948118e-322,3,1,MIP
627,83.509999990463257,150.7274676255079,true,2.7875128265104743,true,1.9538870959829926,3625,1877,9.0414013188948118e-322,3,1,MIP
628,83.789000034332275,151.30815681336688,true,2.7875128265104743,true,1.9538870959829926,3627,1879,9.0414013188948118e-322,3,1,MIP
629,83.898999929428101,151.48612120297935,true,2.7875128265104743,true,1.9538870959829926,3629,1881,9.0414013188948118e-322,3,1,MIP
630,83.999000072479248,151.69094568996536,true,2.7875128265104743,true,1.9538870959829926,3632,1884,9.0414013188948118e-322,3,1,MIP
631,84.174000024795532,151.96746145623408,true,2.7875128265104743,true,1.9538870959829926,3638,1890,9.0414013188948118e-322,3,1,MIP
632,84.279999971389771,152.1816575859132,true,2.7875128265104743,true,1.9538870959829926,3644,1894,9.0414013188948118e-322,3,1,MIP
633,84.398999929428101,152.41596779106627,true,2.7875128265104743,true,1.9538870959829926,3650,1896,9.0414013188948118e-322,3,1,MIP
634,84.499000072479248,152.59856553103978,true,2.7875128265104743,true,1.9538870959829926,3669,1915,9.0414013188948118e-322,3,1,MIP
635,84.628999948501587,152.86504794260804,true,2.7875128265104743,true,1.9538870959829926,3692,1929,9.0414013188948118e-322,3,1,MIP
636,84.657999992370605,152.91790824073885,true,2.7875128265104743,true,1.9540420398714162,3693,1928,9.0414013188948118e-322,3,1,MIP
637,84.930999994277954,153.3601659676853,true,2.7875128265104743,true,1.9540420398714162,3695,1930,9.0414013188948118e-322,3,1,MIP
638,85.111999988555908,153.71871154386642,true,2.7875128265104743,true,1.9540420398714162,3696,1931,9.0414013188948118e-322,3,1,MIP
639,85.216000080108643,153.93526397582599,true,2.7875128265104743,true,1.9540420398714162,3701,1930,9.0414013188948118e-322,3,1,MIP
640,85.319999933242798,154.12467548600341,true,2.7875128265104743,true,1.9540420398714162,3706,1935,9.0414013188948118e-322,3,1,MIP
641,85.434000015258789,154.35197310804668,true,2.7875128265104743,true,1.9540420398714162,3711,1940,9.0414013188948118e-322,3,1,MIP
642,85.605999946594238,154.58928478480337,true,2.7875128265104743,true,1.9540420398714162,3714,1939,9.0414013188948118e-322,3,1,MIP
643,85.710999965667725,154.79800381363225,true,2.7875128265104743,true,1.9540420398714162,3724,1949,9.0414013188948118e-322,3,1,MIP
644,85.849999904632568,155.06864987963601,true,2.7875128265104743,true,1.9540420398714162,3757,1970,9.0414013188948118e-322,3,1,MIP
645,85.885999917984009,155.13951700612498,true,2.7875128265104743,true,1.9542375953698368,3758,1971,9.0414013188948118e-322,3,1,MIP
646,86.026000022888184,155.40968496668984,true,2.7875128265104743,true,1.9542375953698368,3767,1980,9.0414013188948118e-322,3,1,MIP
647,86.134999990463257,155.61679178513464,true,2.7875128265104743,true,1.9542375953698368,3775,1987,9.0414013188948118e-322,3,1,MIP
648,86.267999887466431,155.87375166705371,true,2.7875128265104743,true,1.9542375953698368,3779,1984,9.0414013188948118e-322,3,1,MIP
649,86.422999858856201,156.11745777232949,true,2.7875128265104743,true,1.9542375953698368,3780,1985,9.0414013188948118e-322,3,1,MIP
650,86.48799991607666,156.25139682766459,true,2.7875128265104743,true,1.9543143544899273,3781,1986,9.0414013188948118e-322,3,1,MIP
651,86.601999998092651,156.48109285423368,true,2.7875128265104743,true,1.9543143544899273,3783,1988,9.0414013188948118e-322,3,1,MIP
652,86.716000080108643,156.71922038660836,true,2.7875128265104743,true,1.9543143544899273,3786,1990,9.0414013188948118e-322,3,1,MIP
653,86.822000026702881,156.92711876665908,true,2.7875128265104743,true,1.9543143544899273,3799,1997,9.0414013188948118e-322,3,1,MIP
654,86.960999965667725,157.15009066283082,true,2.7875128265104743,true,1.9543143544899273,3803,1995,9.0414013188948118e-322,3,1,MIP
655,87.029000043869019,157.28272850616338,true,2.7875128265104743,true,1.9543964846297941,3804,1996,9.0414013188948118e-322,3,1,MIP
656,87.158999919891357,157.52146943582102,true,2.7875128265104743,true,1.9543964846297941,3809,1999,9.0414013188948118e-322,3,1,MIP
657,87.270999908447266,157.72480667817692,true,2.7875128265104743,true,1.9543964846297941,3814,2002,9.0414013188948118e-322,3,1,MIP
658,87.381999969482422,157.86223883643964,true,2.7875128265104743,true,1.9543964846297941,3816,2004,9.0414013188948118e-322,3,1,MIP
659,87.559999942779541,158.21701363174651,true,2.7875128265104743,true,1.9543964846297941,3833,2011,9.0414013188948118e-322,3,1,MIP
660,87.634999990463257,158.36601546665378,true,2.7875128265104743,true,1.9544185834730532,3834,2012,9.0414013188948118e-322,3,1,MIP
661,87.746000051498413,158.57654013143863,true,2.7875128265104743,true,1.9544185834730532,3840,2018,9.0414013188948118e-322,3,1,MIP
662,87.853999853134155,158.78947808581611,true,2.7875128265104743,true,1.9544185834730532,3849,2023,9.0414013188948118e-322,3,1,MIP
663,88.032000064849854,159.08828885900522,true,2.7875128265104743,true,1.9544185834730532,3858,2024,9.0414013188948118e-322,3,1,MIP
664,88.085000038146973,159.19558235174884,true,2.7875128265104743,true,1.9544803621341282,3859,2025,9.0414013188948118e-322,3,1,MIP
665,88.233000040054321,159.47606711228482,true,2.7875128265104743,true,1.9544803621341282,3864,2028,9.0414013188948118e-322,3,1,MIP
666,88.384999990463257,159.75467303692676,true,2.7875128265104743,true,1.9544803621341282,3866,2028,9.0414013188948118e-322,3,1,MIP
667,88.559999942779541,160.0950611226157,true,2.7875128265104743,true,1.9544803621341282,3871,2027,9.0414013188948118e-322,3,1,MIP
668,88.70199990272522,160.2864033555278,true,2.7875128265104743,true,1.9544803621341282,3873,2027,9.0414013188948118e-322,3,1,MIP
669,88.805000066757202,160.47403938363519,true,2.7875128265104743,true,1.9544803621341282,3879,2027,9.0414013188948118e-322,3,1,MIP
670,88.91100001335144,160.67410098255016,true,2.7875128265104743,true,1.9544803621341282,3882,2028,9.0414013188948118e-322,3,1,MIP
671,89.017999887466431,160.88142864919402,true,2.7875128265104743,true,1.9544803621341282,3885,2027,9.0414013188948118e-322,3,1,MIP
672,89.128000020980835,161.07536556970618,true,2.7875128265104743,true,1.9544803621341282,3888,2030,9.0414013188948118e-322,3,1,MIP
673,89.244999885559082,161.31201369384632,true,2.7875128265104743,true,1.9544803621341282,3894,2036,9.0414013188948118e-322,3,1,MIP
674,89.348999977111816,161.53052172897065,true,2.7875128265104743,true,1.9544803621341282,3906,2033,9.0414013188948118e-322,3,1,MIP
675,89.45199990272522,161.73157220580157,true,2.7875128265104743,true,1.9544803621341282,3913,2040,9.0414013188948118e-322,3,1,MIP
676,89.557999849319458,161.94337231636362,true,2.7875128265104743,true,1.9544803621341282,3920,2046,9.0414013188948118e-322,3,1,MIP
677,89.704999923706055,162.17261442736856,true,2.7875128265104743,true,1.9544803621341282,3928,2046,9.0414013188948118e-322,3,1,MIP
678,89.947000026702881,162.703364258227,true,2.7875128265104743,true,1.9544803621341282,3939,2043,9.0414013188948118e-322,3,1,MIP
679,89.991999864578247,162.79386436223456,true,2.7875128265104743,true,1.9547707797973348,3940,2044,9.0414013188948118e-322,3,1,MIP
680,90.168999910354614,163.00675531498288,true,2.7874247216769867,true,1.9547707797973348,3941,2045,9.0908078834789364e-322,3,1,MIP
681,90.300999879837036,163.26645401489597,true,2.7874247216769867,true,1.9547707797973348,3944,2048,9.0908078834789364e-322,3,1,MIP
682,90.418999910354614,163.50037108178464,true,2.7874247216769867,true,1.9547707797973348,3947,2045,9.0908078834789364e-322,3,1,MIP
683,90.497999906539917,163.58726531677948,true,2.7853621793939518,true,1.9547707797973348,3948,2046,9.436653835567809e-322,3,1,MIP
684,90.598999977111816,163.78514719933236,true,2.7853621793939518,true,1.9547707797973348,3952,2044,9.436653835567809e-322,3,1,MIP
685,90.652999877929688,163.87069992413595,true,2.7853621793939518,true,1.9548964344009576,3953,2045,9.436653835567809e-322,3,1,MIP
686,90.756999969482422,164.06071299266941,true,2.7853621793939518,true,1.9548964344009576,3958,2048,9.436653835567809e-322,3,1,MIP
687,90.86899995803833,164.21182210683858,true,2.7853621793939518,true,1.9548964344009576,3963,2053,9.436653835567809e-322,3,1,MIP
688,91.177000045776367,164.56745898370841,true,2.7848412126277866,true,1.9548964344009576,3969,2059,9.6836866584884323e-322,3,1,MIP
689,91.280999898910522,164.75548064556915,true,2.7848412126277866,true,1.9548964344009576,3972,2062,9.6836866584884323e-322,3,1,MIP
690,91.384999990463257,164.95070407400573,true,2.7848412126277866,true,1.9548964344009576,3976,2066,9.6836866584884323e-322,3,1,MIP
691,91.526000022888184,165.20226919575708,true,2.7848412126277866,true,1.9548964344009576,3988,2076,9.6836866584884323e-322,3,1,MIP
692,91.674999952316284,165.46927736485651,true,2.7848412126277866,true,1.9548964344009576,4000,2082,9.6836866584884323e-322,3,1,MIP
693,91.779999971389771,165.66190277719741,true,2.7848412126277866,true,1.9548964344009576,4004,2086,9.6836866584884323e-322,3,1,MIP
694,91.881999969482422,165.83469636918366,true,2.7848412126277866,true,1.9548964344009576,4022,2096,9.6836866584884323e-322,3,1,MIP
695,92.027999877929688,166.10610294629279,true,2.7848412126277866,true,1.9548964344009576,4057,2109,9.6836866584884323e-322,3,1,MIP
696,92.134000062942505,166.30297443029625,true,2.7848412126277866,true,1.9551048327939036,4058,2110,9.6836866584884323e-322,3,1,MIP
697,92.32699990272522,166.70655811450217,true,2.7848412126277866,true,1.9551048327939036,4060,2110,9.6836866584884323e-322,3,1,MIP
698,92.44599986076355,166.93892128755189,true,2.7848412126277866,true,1.9551048327939036,4066,2114,9.6836866584884323e-322,3,1,MIP
699,92.710999965667725,167.244662636849,true,2.7848412126277866,true,1.9551048327939036,4069,2117,9.6836866584884323e-322,3,1,MIP
700,92.822999954223633,167.46480286856112,true,2.7848412126277866,true,1.9551048327939036,4074,2122,9.6836866584884323e-322,3,1,MIP
701,92.924999952316284,167.64980870847032,true,2.7848412126277866,true,1.9551048327939036,4097,2145,9.6836866584884323e-322,3,1,MIP
702,93.029000043869019,167.84820385098217,true,2.7848412126277866,true,1.9559215834110959,4110,2148,9.6836866584884323e-322,3,1,MIP
703,93.162999868392944,168.10424812996857,true,2.7848412126277866,true,1.9559215834110959,4115,2153,9.6836866584884323e-322,3,1,MIP
704,93.32099986076355,168.41427402950535,true,2.7848412126277866,true,1.9559215834110959,4120,2152,9.6836866584884323e-322,3,1,MIP
705,93.424000024795532,168.61252032015122,true,2.7848412126277866,true,1.9559215834110959,4131,2159,9.6836866584884323e-322,3,1,MIP
706,93.53600001335144,168.84216023158606,true,2.7848412126277866,true,1.9559215834110959,4147,2175,9.6836866584884323e-322,3,1,MIP
707,93.641000032424927,169.03427212536562,true,2.7848412126277866,true,1.9559215834110959,4158,2178,9.6836866584884323e-322,3,1,MIP
708,93.657000064849854,169.06132063304898,true,2.7848412126277866,true,1.9565342853239647,4159,2179,9.6836866584884323e-322,3,1,MIP
709,93.757999897003174,169.25638201957904,true,2.7848412126277866,true,1.9565342853239647,4163,2183,9.6836866584884323e-322,3,1,MIP
710,93.858999967575073,169.463130370415,true,2.7848412126277866,true,1.9565342853239647,4172,2192,9.6836866584884323e-322,3,1,MIP
711,94.032999992370605,169.72366324927287,true,2.7848412126277866,true,1.9565342853239647,4176,2196,9.6836866584884323e-322,3,1,MIP
712,94.142999887466431,169.94520289025911,true,2.7848412126277866,true,1.9565342853239647,4187,2199,9.6836866584884323e-322,3,1,MIP
713,94.249000072479248,170.15123961015809,true,2.7848412126277866,true,1.9566316022852639,4191,2199,9.6836866584884323e-322,3,1,MIP
714,94.351000070571899,170.3384729635836,true,2.7848412126277866,true,1.9566316022852639,4197,2201,9.6836866584884323e-322,3,1,MIP
715,94.454999923706055,170.54140998413919,true,2.7848412126277866,true,1.9566316022852639,4209,2211,9.6836866584884323e-322,3,1,MIP
716,94.565999984741211,170.75410504415649,true,2.7848412126277866,true,1.9566316022852639,4230,2232,9.6836866584884323e-322,3,1,MIP
717,94.829999923706055,171.21201022351954,true,2.7848412126277866,true,1.9566316022852639,4253,2243,9.6836866584884323e-322,3,1,MIP
718,94.902999877929688,171.35861616524943,true,2.7848412126277866,true,1.9569096758111313,4254,2244,9.6836866584884323e-322,3,1,MIP
719,95.027999877929688,171.586043875359,true,2.7848412126277866,true,1.9569096758111313,4256,2246,9.6836866584884323e-322,3,1,MIP
720,95.134999990463257,171.80372318083545,true,2.7848412126277866,true,1.9569096758111313,4262,2248,9.6836866584884323e-322,3,1,MIP
721,95.236000061035156,171.99704819487226,true,2.7848412126277866,true,1.9570439765221948,4266,2248,9.6836866584884323e-322,3,1,MIP
722,95.339999914169312,172.18694118180309,true,2.7848412126277866,true,1.9570439765221948,4272,2254,9.6836866584884323e-322,3,1,MIP
723,95.427000045776367,172.29504520274338,true,2.7847502164255999,true,1.9570439765221948,4273,2255,9.7330932230725569e-322,3,1,MIP
724,95.539999961853027,172.52007810700073,true,2.7847502164255999,true,1.9570439765221948,4284,2266,9.7330932230725569e-322,3,1,MIP
725,95.641000032424927,172.71775181492367,true,2.7847502164255999,true,1.9570439765221948,4318,2300,9.7330932230725569e-322,3,1,MIP
726,95.786999940872192,173.01440136260166,true,2.7847502164255999,true,1.9571071544986312,4325,2299,9.7330932230725569e-322,3,1,MIP
727,95.894000053405762,173.22227128759499,true,2.7847502164255999,true,1.9571071544986312,4332,2306,9.7330932230725569e-322,3,1,MIP
728,96.115000009536743,173.61712212554897,true,2.7847502164255999,true,1.9571071544986312,4340,2306,9.7330932230725569e-322,3,1,MIP
729,96.129999876022339,173.64966893605234,true,2.7847502164255999,true,1.9575067116167399,4341,2307,9.7330932230725569e-322,3,1,MIP
730,96.28600001335144,173.95486548869607,true,2.7847502164255999,true,1.9575067116167399,4343,2307,9.7330932230725569e-322,3,1,MIP
731,96.38700008392334,174.13220380452961,true,2.7847502164255999,true,1.9575067116167399,4349,2313,9.7330932230725569e-322,3,1,MIP
732,96.549999952316284,174.38765829382527,true,2.7847502164255999,true,1.9575067116167399,4352,2312,9.7330932230725569e-322,3,1,MIP
733,96.667999982833862,174.63971867388483,true,2.7847502164255999,true,1.9575067116167399,4358,2310,9.7330932230725569e-322,3,1,MIP
734,96.69599986076355,174.69755951742505,true,2.7847502164255999,true,1.9575411262414786,4359,2309,9.7330932230725569e-322,3,1,MIP
735,96.796000003814697,174.90615170749106,true,2.7847502164255999,true,1.9575411262414786,4362,2312,9.7330932230725569e-322,3,1,MIP
736,96.901999950408936,175.11974520345743,true,2.7847502164255999,true,1.9575411262414786,4363,2313,9.7330932230725569e-322,3,1,MIP
737,97.059000015258789,175.42381136803303,true,2.7847502164255999,true,1.9575411262414786,4365,2313,9.7330932230725569e-322,3,1,MIP
738,97.21399998664856,175.65778088041611,true,2.7846581409206661,true,1.9575411262414786,4367,2313,9.8813129168249309e-322,3,1,MIP
739,97.351999998092651,175.93846135758977,true,2.7846581409206661,true,1.9575411262414786,4369,2313,9.8813129168249309e-322,3,1,MIP
740,97.546000003814697,176.28866390683092,true,2.7846581409206661,true,1.9575411262414786,4372,2312,9.8813129168249309e-322,3,1,MIP
741,97.565999984741211,176.32810734687249,true,2.7846581409206661,true,1.9578596558814241,4373,2313,9.8813129168249309e-322,3,1,MIP
742,97.671999931335449,176.54651570221262,true,2.7846581409206661,true,1.9578596558814241,4376,2316,9.8813129168249309e-322,3,1,MIP
743,97.83299994468689,176.84162979763173,true,2.7846581409206661,true,1.9578596558814241,4380,2318,9.8813129168249309e-322,3,1,MIP
744,97.964999914169312,177.03950267398088,true,2.7846581409206661,true,1.9578596558814241,4381,2319,9.8813129168249309e-322,3,1,MIP
745,98.13700008392334,177.3778068109622,true,2.7846581409206661,true,1.9578596558814241,4386,2320,9.8813129168249309e-322,3,1,MIP
746,98.282000064849854,177.59998509020059,true,2.7846581409206661,true,1.9578596558814241,4389,2323,9.8813129168249309e-322,3,1,MIP
747,98.397000074386597,177.82093495894134,true,2.7846581409206661,true,1.9578596558814241,4395,2329,9.8813129168249309e-322,3,1,MIP
748,98.601999998092651,178.18098443355359,true,2.7846581409206661,true,1.9578596558814241,4402,2336,9.8813129168249309e-322,3,1,MIP
749,98.703000068664551,178.38056343009478,true,2.7846581409206661,true,1.9578596558814241,4414,2348,9.8813129168249309e-322,3,1,MIP
750,98.812000036239624,178.59011642946035,true,2.7846581409206661,true,1.9578596558814241,4437,2367,9.8813129168249309e-322,3,1,MIP
751,98.931999921798706,178.8354031664359,true,2.7846581409206661,true,1.9578596558814241,4461,2380,9.8813129168249309e-322,3,1,MIP
752,98.935999870300293,178.8401400075532,true,2.7846581409206661,true,1.9579465819084325,4462,2379,9.8813129168249309e-322,3,1,MIP
753,99.04200005531311,179.04422810831878,true,2.7846581409206661,true,1.9579465819084325,4466,2383,9.8813129168249309e-322,3,1,MIP
754,99.226000070571899,179.36125044676291,true,2.7846581409206661,true,1.9579465819084325,4473,2382,9.8813129168249309e-322,3,1,MIP
755,99.25600004196167,179.42369707510389,true,2.7846581409206661,true,1.9579616884528757,4474,2383,9.8813129168249309e-322,3,1,MIP
756,99.391000032424927,179.68853187972758,true,2.7846581409206661,true,1.9579616884528757,4478,2387,9.8813129168249309e-322,3,1,MIP
757,99.523999929428101,179.97102565848436,true,2.7846581409206661,true,1.9579616884528757,4483,2388,9.8813129168249309e-322,3,1,MIP
758,99.736000061035156,180.36759758255079,true,2.7846581409206661,true,1.9579616884528757,4486,2387,9.8813129168249309e-322,3,1,MIP
759,99.776999950408936,180.45037498123222,true,2.7846581409206661,true,1.9579980044967444,4487,2388,9.8813129168249309e-322,3,1,MIP
760,99.88700008392334,180.68507158713044,true,2.7846581409206661,true,1.9579980044967444,4490,2391,9.8813129168249309e-322,3,1,MIP
761,99.98799991607666,180.88887168567285,true,2.7846581409206661,true,1.9579980044967444,4495,2396,9.8813129168249309e-322,3,1,MIP
762,100.15299987792969,181.14618562427094,true,2.7846581409206661,true,1.9579980044967444,4505,2404,9.8813129168249309e-322,3,1,MIP
763,100.31800007820129,181.48452749140708,true,2.7846581409206661,true,1.9579980044967444,4531,2417,9.8813129168249309e-322,3,1,MIP
764,100.33899998664856,181.52350983398142,true,2.7846581409206661,true,1.9581750848915753,4532,2418,9.8813129168249309e-322,3,1,MIP
765,100.44099998474121,181.73715093408808,true,2.7846581409206661,true,1.9581750848915753,4539,2423,9.8813129168249309e-322,3,1,MIP
766,100.55999994277954,181.9795764409576,true,2.7846581409206661,true,1.9581750848915753,4549,2427,9.8813129168249309e-322,3,1,MIP
767,100.76099991798401,182.33251678698454,true,2.7846581409206661,true,1.9581750848915753,4556,2426,9.8813129168249309e-322,3,1,MIP
768,100.78399991989136,182.3717569572369,true,2.7846581409206661,true,1.9585221130675607,4557,2427,9.8813129168249309e-322,3,1,MIP
769,100.8899998664856,182.57300673575415,true,2.7846581409206661,true,1.9585221130675607,4561,2431,9.8813129168249309e-322,3,1,MIP
770,101.05900001525879,182.89910738931081,true,2.7846581409206661,true,1.9585221130675607,4573,2435,9.8813129168249309e-322,3,1,MIP
771,101.08599996566772,182.94921008204901,true,2.7846581409206661,true,1.9585570741499181,4574,2436,9.8813129168249309e-322,3,1,MIP
772,101.17700004577637,183.10085119001502,true,2.7846273466928881,true,1.9585570741499181,4575,2437,1.0029532610577305e-321,3,1,MIP
773,101.40199995040894,183.54960673383917,true,2.7846273466928881,true,1.9585570741499181,4580,2440,1.0029532610577305e-321,3,1,MIP
774,101.54299998283386,183.76472650091623,true,2.7846273466928881,true,1.9585570741499181,4582,2440,1.0029532610577305e-321,3,1,MIP
775,101.65599989891052,183.99651965118517,true,2.7846273466928881,true,1.9585570741499181,4586,2444,1.0029532610577305e-321,3,1,MIP
776,101.77099990844727,184.21788394359527,true,2.7846273466928881,true,1.9585570741499181,4593,2451,1.0029532610577305e-321,3,1,MIP
777,101.93599987030029,184.47194933125547,true,2.7846106305904259,true,1.9585570741499181,4597,2453,1.007893917516143e-321,3,1,MIP
778,102.09899997711182,184.80018383621365,true,2.7846106305904259,true,1.9585570741499181,4619,2467,1.007893917516143e-321,3,1,MIP
779,102.16499996185303,184.93326394087046,true,2.7846106305904259,true,1.9587775218870911,4620,2468,1.007893917516143e-321,3,1,MIP
780,102.29500007629395,185.18817094299422,true,2.7846106305904259,true,1.9587775218870911,4625,2471,1.007893917516143e-321,3,1,MIP
781,102.41000008583069,185.41320991697594,true,2.7846106305904259,true,1.9587775218870911,4628,2472,1.007893917516143e-321,3,1,MIP
782,102.63199996948242,185.70130250949629,true,2.7846106305904259,true,1.9587775218870911,4629,2473,1.007893917516143e-321,3,1,MIP
783,102.73399996757507,185.88965094569392,true,2.7846106305904259,true,1.9587775218870911,4640,2482,1.007893917516143e-321,3,1,MIP
784,102.83500003814697,186.07592988392236,true,2.7846106305904259,true,1.9587775218870911,4648,2486,1.007893917516143e-321,3,1,MIP
785,102.9539999961853,186.31575504043036,true,2.7846106305904259,true,1.9589513592212686,4655,2485,1.007893917516143e-321,3,1,MIP
786,103.05900001525879,186.52518575305501,true,2.7846106305904259,true,1.9589513592212686,4658,2488,1.007893917516143e-321,3,1,MIP
787,103.17499995231628,186.73969456495752,true,2.7846106305904259,true,1.9589513592212686,4661,2491,1.007893917516143e-321,3,1,MIP
788,103.28500008583069,186.95679095943828,true,2.7846106305904259,true,1.9589513592212686,4670,2500,1.007893917516143e-321,3,1,MIP
789,103.39999985694885,187.17745735824542,true,2.7846106305904259,true,1.9589513592212686,4673,2501,1.007893917516143e-321,3,1,MIP
790,103.50799989700317,187.41311756125384,true,2.7846106305904259,true,1.9589513592212686,4677,2499,1.007893917516143e-321,3,1,MIP
791,103.53900003433228,187.47040233834122,true,2.7846106305904259,true,1.9591969911522571,4678,2500,1.007893917516143e-321,3,1,MIP
792,103.70799994468689,187.74163019668245,true,2.7846106305904259,true,1.9591969911522571,4681,2501,1.007893917516143e-321,3,1,MIP
793,103.83200001716614,188.01896977287282,true,2.7846106305904259,true,1.9591969911522571,4684,2504,1.007893917516143e-321,3,1,MIP
794,103.94799995422363,188.23960982587283,true,2.7846106305904259,true,1.9591969911522571,4689,2509,1.007893917516143e-321,3,1,MIP
795,104.14199995994568,188.6041577155176,true,2.7846106305904259,true,1.9591969911522571,4693,2511,1.007893917516143e-321,3,1,MIP
796,104.34200000762939,188.86677492433628,true,2.7846106293966826,true,1.9591969911522571,4694,2512,1.0128345739745554e-321,3,1,MIP
797,104.44799995422363,189.07933995385892,true,2.7846106293966826,true,1.9591969911522571,4701,2513,1.0128345739745554e-321,3,1,MIP
798,104.56599998474121,189.32365984561966,true,2.7846106293966826,true,1.9593914840598503,4704,2514,1.0128345739745554e-321,3,1,MIP
799,104.68799996376038,189.54698772724433,true,2.7846106293966826,true,1.9593914840598503,4713,2523,1.0128345739745554e-321,3,1,MIP
800,104.81599998474121,189.79395341918311,true,2.7846106293966826,true,1.9593914840598503,4721,2529,1.0128345739745554e-321,3,1,MIP
801,104.91700005531311,189.9702065653747,true,2.7846106293966826,true,1.9593914840598503,4747,2555,1.0128345739745554e-321,3,1,MIP
802,105.1159999370575,190.30396730564291,true,2.7846106293966826,true,1.9593914840598503,4756,2557,1.0128345739745554e-321,3,1,MIP
803,105.22899985313416,190.52703406449336,true,2.7846106293966826,true,1.9593914840598503,4760,2561,1.0128345739745554e-321,3,1,MIP
804,105.33800005912781,190.75520828937516,true,2.7846106293966826,true,1.9593914840598503,4763,2562,1.0128345739745554e-321,3,1,MIP
805,105.45300006866455,190.99119902610613,true,2.7846106293966826,true,1.9593914840598503,4766,2565,1.0128345739745554e-321,3,1,MIP
806,105.5699999332428,191.20359104789515,true,2.7846106293966826,true,1.9593914840598503,4769,2566,1.0128345739745554e-321,3,1,MIP
807,105.6710000038147,191.39261979254385,true,2.7846106293966826,true,1.9593914840598503,4781,2578,1.0128345739745554e-321,3,1,MIP
808,105.83699989318848,191.65254849505754,true,2.7846106293966826,true,1.9593914840598503,4810,2603,1.0128345739745554e-321,3,1,MIP
809,105.93799996376038,191.84527383407598,true,2.7846106293966826,true,1.9593914840598503,4828,2609,1.0128345739745554e-321,3,1,MIP
810,106.05200004577637,192.08074818646224,true,2.7846106293966826,true,1.9593914840598503,4837,2604,1.0128345739745554e-321,3,1,MIP
811,106.06900000572205,192.11380027876871,true,2.7846106293966826,true,1.959462371663939,4838,2605,1.0128345739745554e-321,3,1,MIP
812,106.37599992752075,192.69659681622824,true,2.7846106293966826,true,1.959462371663939,4841,2606,1.0128345739745554e-321,3,1,MIP
813,106.49499988555908,192.87789112395507,true,2.7846106293966826,true,1.959462371663939,4843,2606,1.0128345739745554e-321,3,1,MIP
814,106.61800003051758,193.12818343653228,true,2.7846106293966826,true,1.959462371663939,4850,2613,1.0128345739745554e-321,3,1,MIP
815,106.72499990463257,193.28460928143852,true,2.7846106293966826,true,1.959462371663939,4853,2616,1.0128345739745554e-321,3,1,MIP
816,106.91700005531311,193.64539946681174,true,2.7846106293966826,true,1.959462371663939,4860,2621,1.0128345739745554e-321,3,1,MIP
817,107.02699995040894,193.83201458986366,true,2.7846106293966826,true,1.959462371663939,4866,2623,1.0128345739745554e-321,3,1,MIP
818,107.21000003814697,194.13152125503402,true,2.7846106293966826,true,1.959462371663939,4877,2624,1.0128345739745554e-321,3,1,MIP
819,107.27699995040894,194.2711552472168,true,2.7846106293966826,true,1.9594828978545848,4878,2625,1.0128345739745554e-321,3,1,MIP
820,107.41400003433228,194.54814173953525,true,2.7846106293966826,true,1.9594828978545848,4881,2626,1.0128345739745554e-321,3,1,MIP
821,107.51799988746643,194.76254301269276,true,2.7846106293966826,true,1.9594828978545848,4888,2629,1.0128345739745554e-321,3,1,MIP
822,107.62800002098083,194.9810211296126,true,2.7846106293966826,true,1.9594828978545848,4896,2635,1.0128345739745554e-321,3,1,MIP
823,107.79299998283386,195.20095703932083,true,2.7846106293966826,true,1.9594828978545848,4904,2637,1.0128345739745554e-321,3,1,MIP
824,107.91799998283386,195.45837916915278,true,2.7846106293966826,true,1.9594828978545848,4911,2636,1.0128345739745554e-321,3,1,MIP
825,107.92700004577637,195.47391014743405,true,2.7846106293966826,true,1.9595057637802802,4912,2635,1.0128345739745554e-321,3,1,MIP
826,108.02900004386902,195.67909690648935,true,2.7846106293966826,true,1.9595057637802802,4916,2639,1.0128345739745554e-321,3,1,MIP
827,108.14199995994568,195.89668153898916,true,2.7846106293966826,true,1.9595057637802802,4922,2645,1.0128345739745554e-321,3,1,MIP
828,109.07299995422363,197.26614571238963,true,2.7844181476499741,true,1.9595057637802802,4924,2647,1.0177752304329679e-321,3,1,MIP
829,109.11500000953674,197.31731748965578,true,2.7841075712429038,true,1.9595057637802802,4925,2648,1.0276565433497928e-321,3,1,MIP
830,109.24399995803833,197.52474351275092,true,2.7841075712429038,true,1.9595057637802802,4928,2649,1.0276565433497928e-321,3,1,MIP
831,109.35999989509583,197.69875500509895,true,2.7841075712429038,true,1.9595057637802802,4934,2651,1.0276565433497928e-321,3,1,MIP
832,109.53999996185303,198.0078014389089,true,2.7841075712429038,true,1.9595057637802802,4941,2658,1.0276565433497928e-321,3,1,MIP
833,109.6470000743866,198.17576512989106,true,2.7841075712429038,true,1.9595057637802802,4950,2667,1.0276565433497928e-321,3,1,MIP
834,109.94400000572205,198.67454214729,true,2.7841075712429038,true,1.9595057637802802,4988,2696,1.0276565433497928e-321,3,1,MIP
835,109.95599985122681,198.69296336429707,true,2.7841075712429038,true,1.9595773610625655,4989,2697,1.0276565433497928e-321,3,1,MIP
836,110.06399989128113,198.90521846241651,true,2.7841075712429038,true,1.9595773610625655,4993,2699,1.0276565433497928e-321,3,1,MIP
837,110.18199992179871,199.14089260714445,true,2.7841075712429038,true,1.9595773610625655,4999,2705,1.0276565433497928e-321,3,1,MIP
838,110.33999991416931,199.45785910205927,true,2.7841075712429038,true,1.9595773610625655,5010,2716,1.0276565433497928e-321,3,1,MIP
839,110.45099997520447,199.67554961154761,true,2.7841075712429038,true,1.9595773610625655,5013,2719,1.0276565433497928e-321,3,1,MIP
840,110.55399990081787,199.86923693755088,true,2.7841075712429038,true,1.9595773610625655,5024,2718,1.0276565433497928e-321,3,1,MIP
841,110.61999988555908,200.00006916655246,true,2.7841075712429038,true,1.9599169096415388,5026,2720,1.0276565433497928e-321,3,1,MIP
842,110.73900008201599,200.25112852207116,true,2.7841075712429038,true,1.9599169096415388,5030,2722,1.0276565433497928e-321,3,1,MIP
843,110.8659999370575,200.50880867144343,true,2.7841075712429038,true,1.9599169096415388,5037,2727,1.0276565433497928e-321,3,1,MIP
844,110.9779999256134,200.72472761271646,true,2.7841075712429038,true,1.9599169096415388,5041,2731,1.0276565433497928e-321,3,1,MIP
845,111.07999992370605,200.92209799098092,true,2.7841075712429038,true,1.9599169096415388,5051,2737,1.0276565433497928e-321,3,1,MIP
846,111.18299984931946,201.12066813927936,true,2.7841075712429038,true,1.9599169096415388,5061,2743,1.0276565433497928e-321,3,1,MIP
847,111.2979998588562,201.32102283206444,true,2.7841075712429038,true,1.9599169096415388,5067,2744,1.0276565433497928e-321,3,1,MIP
848,111.40899991989136,201.5374804801489,true,2.7841075712429038,true,1.9599169096415388,5075,2740,1.0276565433497928e-321,3,1,MIP
849,111.48399996757507,201.70517749574296,true,2.7841075712429038,true,1.9602737468076543,5076,2741,1.0276565433497928e-321,3,1,MIP
850,111.60800004005432,201.95557746625539,true,2.7841075712429038,true,1.9602737468076543,5082,2747,1.0276565433497928e-321,3,1,MIP
851,111.71199989318848,202.16605217465673,true,2.7841075712429038,true,1.9602737468076543,5088,2753,1.0276565433497928e-321,3,1,MIP
852,111.82999992370605,202.39366819782038,true,2.7841075712429038,true,1.9602737468076543,5094,2757,1.0276565433497928e-321,3,1,MIP
853,112.19000005722046,203.11105274216547,true,2.7841075712429038,true,1.9602737468076543,5101,2762,1.0276565433497928e-321,3,1,MIP
854,112.31099987030029,203.35787732667333,true,2.7841075712429038,true,1.9602737468076543,5110,2760,1.0276565433497928e-321,3,1,MIP
855,112.35500001907349,203.4505715432916,true,2.7841075712429038,true,1.9603776350448829,5111,2761,1.0276565433497928e-321,3,1,MIP
856,112.46499991416931,203.65523259232154,true,2.7841075712429038,true,1.9603776350448829,5116,2764,1.0276565433497928e-321,3,1,MIP
857,112.56599998474121,203.84551932951305,true,2.7841075712429038,true,1.9603776350448829,5122,2770,1.0276565433497928e-321,3,1,MIP
858,112.7409999370575,204.20513322274115,true,2.7841075712429038,true,1.9603776350448829,5127,2767,1.0276565433497928e-321,3,1,MIP
859,113.23099994659424,205.03427414387485,true,2.7841075712429038,true,1.9604205005574196,5128,2768,1.0276565433497928e-321,3,1,MIP
860,113.33500003814697,205.22332333721604,true,2.7841075712429038,true,1.9604205005574196,5131,2771,1.0276565433497928e-321,3,1,MIP
861,113.43799996376038,205.42532602430342,true,2.7841075712429038,true,1.9604205005574196,5132,2770,1.0276565433497928e-321,3,1,MIP
862,113.54999995231628,205.65664698862724,true,2.7841075712429038,true,1.9604205005574196,5135,2771,1.0276565433497928e-321,3,1,MIP
863,113.69199991226196,205.94801145715454,true,2.7841075712429038,true,1.9604205005574196,5140,2774,1.0276565433497928e-321,3,1,MIP
864,113.80299997329712,206.15997622291221,true,2.7841075712429038,true,1.9604205005574196,5145,2775,1.0276565433497928e-321,3,1,MIP
865,113.9229998588562,206.39377044085688,true,2.7841075712429038,true,1.9604323876282066,5149,2775,1.0276565433497928e-321,3,1,MIP
866,114.03900003433228,206.61352169546674,true,2.7841075712429038,true,1.9604323876282066,5155,2777,1.0276565433497928e-321,3,1,MIP
867,114.14299988746643,206.80363433351937,true,2.7841075712429038,true,1.9604323876282066,5163,2785,1.0276565433497928e-321,3,1,MIP
868,114.25699996948242,207.01573182964248,true,2.7841075712429038,true,1.9604323876282066,5169,2791,1.0276565433497928e-321,3,1,MIP
869,114.3769998550415,207.23228205998282,true,2.7841075712429038,true,1.9604323876282066,5178,2800,1.0276565433497928e-321,3,1,MIP
870,114.4909999370575,207.45357831176091,true,2.7841075712429038,true,1.9604323876282066,5202,2816,1.0276565433497928e-321,3,1,MIP
871,114.52999997138977,207.53146558852816,true,2.7841075712429038,true,1.960643198624819,5203,2817,1.0276565433497928e-321,3,1,MIP
872,114.63499999046326,207.73686296917771,true,2.7841075712429038,true,1.960643198624819,5213,2823,1.0276565433497928e-321,3,1,MIP
873,114.76600003242493,207.9848533066513,true,2.7841075712429038,true,1.960643198624819,5217,2819,1.0276565433497928e-321,3,1,MIP
874,114.91100001335144,208.28478831487962,true,2.7841075712429038,true,1.9607928786963651,5219,2821,1.0276565433497928e-321,3,1,MIP
875,115.11199998855591,208.66536371738545,true,2.7841075712429038,true,1.9607928786963651,5223,2823,1.0276565433497928e-321,3,1,MIP
876,115.22099995613098,208.88498895817003,true,2.7841075712429038,true,1.9607928786963651,5226,2822,1.0276565433497928e-321,3,1,MIP
877,115.40199995040894,209.22611354190312,true,2.7841075712429038,true,1.9607928786963651,5227,2821,1.0276565433497928e-321,3,1,MIP
878,115.52999997138977,209.46916600278081,true,2.7841075712429038,true,1.9607928786963651,5233,2825,1.0276565433497928e-321,3,1,MIP
879,115.6489999294281,209.69916949213183,true,2.7841075712429038,true,1.9607928786963651,5239,2827,1.0276565433497928e-321,3,1,MIP
880,115.7519998550415,209.89258273570363,true,2.7841075712429038,true,1.9607928786963651,5248,2828,1.0276565433497928e-321,3,1,MIP
881,115.89199995994568,210.21079534817406,true,2.7841075712429038,true,1.9607928786963651,5249,2829,1.0276565433497928e-321,3,1,MIP
882,115.90400004386902,210.23493131025947,true,2.7841075712429038,true,1.9610841032876314,5250,2830,1.0276565433497928e-321,3,1,MIP
883,116.01200008392334,210.45660171954376,true,2.7841075712429038,true,1.9610841032876314,5254,2830,1.0276565433497928e-321,3,1,MIP
884,116.12400007247925,210.66451508143558,true,2.7841075712429038,true,1.9610841032876314,5256,2830,1.0276565433497928e-321,3,1,MIP
885,116.24499988555908,210.89775751810689,true,2.7841075712429038,true,1.9610841032876314,5261,2835,1.0276565433497928e-321,3,1,MIP
886,116.34599995613098,211.09171847611159,true,2.7841075712429038,true,1.9610841032876314,5265,2839,1.0276565433497928e-321,3,1,MIP
887,116.46799993515015,211.33082562811288,true,2.7841075712429038,true,1.9610841032876314,5279,2853,1.0276565433497928e-321,3,1,MIP
888,116.63899993896484,211.69463722290317,true,2.7841075712429038,true,1.9610841032876314,5310,2871,1.0276565433497928e-321,3,1,MIP
889,116.69099998474121,211.79954390060843,true,2.7841075712429038,true,1.9614698706145677,5311,2872,1.0276565433497928e-321,3,1,MIP
890,116.79200005531311,212.02519559844205,true,2.7841075712429038,true,1.9614698706145677,5313,2874,1.0276565433497928e-321,3,1,MIP
891,116.90799999237061,212.28297496485919,true,2.7841075712429038,true,1.9614698706145677,5317,2874,1.0276565433497928e-321,3,1,MIP
892,117.01600003242493,212.48734376053858,true,2.7841075712429038,true,1.9614698706145677,5321,2878,1.0276565433497928e-321,3,1,MIP
893,117.17199993133545,212.81660237073237,true,2.7841075712429038,true,1.9614698706145677,5338,2883,1.0276565433497928e-321,3,1,MIP
894,117.19899988174438,212.86184173510611,true,2.7841075712429038,true,1.9614731864930564,5339,2884,1.0276565433497928e-321,3,1,MIP
895,117.30799984931946,213.06941034579134,true,2.7841075712429038,true,1.9614731864930564,5343,2886,1.0276565433497928e-321,3,1,MIP
896,117.44700002670288,213.32593031169617,true,2.7841075712429038,true,1.9614731864930564,5348,2891,1.0276565433497928e-321,3,1,MIP
897,117.56299996376038,213.5580649023228,true,2.7841075712429038,true,1.9614731864930564,5354,2897,1.0276565433497928e-321,3,1,MIP
898,117.69099998474121,213.81541044538594,true,2.7841075712429038,true,1.9614731864930564,5378,2907,1.0276565433497928e-321,3,1,MIP
899,117.70799994468689,213.85060714799633,true,2.7841075712429038,true,1.9618199563645546,5379,2908,1.0276565433497928e-321,3,1,MIP
900,117.81200003623962,214.06399417703508,true,2.7841075712429038,true,1.9618199563645546,5383,2912,1.0276565433497928e-321,3,1,MIP
901,117.91700005531311,214.25199505178617,true,2.7841075712429038,true,1.9618199563645546,5388,2913,1.0276565433497928e-321,3,1,MIP
902,118.02600002288818,214.47119254318395,true,2.7841075712429038,true,1.9618199563645546,5393,2916,1.0276565433497928e-321,3,1,MIP
903,118.13100004196167,214.68735365392132,true,2.7841075712429038,true,1.9618199563645546,5402,2923,1.0276565433497928e-321,3,1,MIP
904,118.2409999370575,214.90981829981243,true,2.7841075712429038,true,1.9618199563645546,5417,2936,1.0276565433497928e-321,3,1,MIP
905,118.35500001907349,215.13697950672491,true,2.7841075712429038,true,1.9618807919298904,5424,2933,1.0276565433497928e-321,3,1,MIP
906,118.46399998664856,215.34139053803693,true,2.7841075712429038,true,1.9618807919298904,5429,2938,1.0276565433497928e-321,3,1,MIP
907,118.56800007820129,215.55136438397025,true,2.7841075712429038,true,1.9618807919298904,5434,2943,1.0276565433497928e-321,3,1,MIP
908,118.66899991035461,215.74847714651384,true,2.7841075712429038,true,1.9618807919298904,5455,2961,1.0276565433497928e-321,3,1,MIP
909,118.80200004577637,216.01365440834491,true,2.7841075712429038,true,1.9620265431637005,5459,2961,1.0276565433497928e-321,3,1,MIP
910,118.94000005722046,216.27305770271869,true,2.7841075712429038,true,1.9620265431637005,5463,2965,1.0276565433497928e-321,3,1,MIP
911,119.05299997329712,216.51678660931051,true,2.7841075712429038,true,1.9620265431637005,5472,2966,1.0276565433497928e-321,3,1,MIP
912,119.08999991416931,216.59013753389524,true,2.7841075712429038,true,1.9625345616762335,5473,2967,1.0276565433497928e-321,3,1,MIP
913,119.24499988555908,216.89991916616708,true,2.7841075712429038,true,1.9625345616762335,5475,2969,1.0276565433497928e-321,3,1,MIP
914,119.34699988365173,217.10677077312798,true,2.7841075712429038,true,1.9625345616762335,5480,2972,1.0276565433497928e-321,3,1,MIP
915,119.52900004386902,217.4447158991841,true,2.7841075712429038,true,1.9625345616762335,5484,2976,1.0276565433497928e-321,3,1,MIP
916,119.64100003242493,217.64887199197929,true,2.7841075712429038,true,1.9625345616762335,5490,2982,1.0276565433497928e-321,3,1,MIP
917,119.74300003051758,217.85010833236615,true,2.7841075712429038,true,1.9625345616762335,5501,2989,1.0276565433497928e-321,3,1,MIP
918,119.84599995613098,218.05060759945206,true,2.7841075712429038,true,1.9625345616762335,5524,3010,1.0276565433497928e-321,3,1,MIP
919,119.94700002670288,218.23044603848595,true,2.7841075712429038,true,1.9625345616762335,5547,3033,1.0276565433497928e-321,3,1,MIP
920,120.0479998588562,218.41069011381416,true,2.7841075712429038,true,1.9625345616762335,5579,3055,1.0276565433497928e-321,3,1,MIP
921,120.21600008010864,218.73191038147777,true,2.7841075712429038,true,1.9625345616762335,5586,3050,1.0276565433497928e-321,3,1,MIP
922,120.28999996185303,218.87923600179718,true,2.7841075712429038,true,1.9628825475146634,5587,3051,1.0276565433497928e-321,3,1,MIP
923,120.60599994659424,219.49345084055142,true,2.7841075712429038,true,1.9628825475146634,5590,3054,1.0276565433497928e-321,3,1,MIP
924,120.81399989128113,219.89714579653656,true,2.7841075712429038,true,1.9628825475146634,5594,3054,1.0276565433497928e-321,3,1,MIP
925,120.96199989318848,220.1994049049612,true,2.7841075712429038,true,1.9628825475146634,5597,3053,1.0276565433497928e-321,3,1,MIP
926,120.98199987411499,220.23959524947404,true,2.7841075712429038,true,1.9630103899628102,5598,3054,1.0276565433497928e-321,3,1,MIP
927,121.0939998626709,220.47467584316448,true,2.7841075712429038,true,1.9630103899628102,5600,3056,1.0276565433497928e-321,3,1,MIP
928,121.19400000572205,220.66301116502487,true,2.7841075712429038,true,1.9630103899628102,5607,3063,1.0276565433497928e-321,3,1,MIP
929,121.29900002479553,220.86422257525413,true,2.7841075712429038,true,1.9630103899628102,5619,3075,1.0276565433497928e-321,3,1,MIP
930,121.41700005531311,221.07466883443396,true,2.7841075712429038,true,1.9630103899628102,5630,3086,1.0276565433497928e-321,3,1,MIP
931,121.59999990463257,221.3161820022363,true,2.7841075712429038,true,1.9630103899628102,5640,3096,1.0276565433497928e-321,3,1,MIP
932,121.70300006866455,221.513393395761,true,2.7841075712429038,true,1.9630103899628102,5656,3096,1.0276565433497928e-321,3,1,MIP
933,121.75799989700317,221.62407278501479,true,2.7841075712429038,true,1.9633089586947445,5657,3097,1.0276565433497928e-321,3,1,MIP
934,121.86100006103516,221.83389710744953,true,2.7841075712429038,true,1.9633089586947445,5662,3096,1.0276565433497928e-321,3,1,MIP
935,121.9779999256134,222.06828003196213,true,2.7841075712429038,true,1.9633089586947445,5669,3103,1.0276565433497928e-321,3,1,MIP
936,122.0939998626709,222.2919037437959,true,2.7841075712429038,true,1.9633089586947445,5686,3116,1.0276565433497928e-321,3,1,MIP
937,122.24699997901917,222.61208312618339,true,2.7841075712429038,true,1.9633089586947445,5689,3115,1.0276565433497928e-321,3,1,MIP
938,122.33599996566772,222.79880362854405,true,2.7841075712429038,true,1.9633579810984052,5690,3116,1.0276565433497928e-321,3,1,MIP
939,122.45700001716614,223.0411107383942,true,2.7841075712429038,true,1.9633579810984052,5693,3119,1.0276565433497928e-321,3,1,MIP
940,122.62599992752075,223.2162569743351,true,2.7841075712429038,true,1.9633579810984052,5694,3120,1.0276565433497928e-321,3,1,MIP
941,122.73699998855591,223.42641094658569,true,2.7841075712429038,true,1.9633579810984052,5699,3123,1.0276565433497928e-321,3,1,MIP
942,122.83800005912781,223.62731631396164,true,2.7841075712429038,true,1.9633579810984052,5702,3124,1.0276565433497928e-321,3,1,MIP
943,122.95499992370605,223.87936214918329,true,2.7841075712429038,true,1.9633579810984052,5708,3128,1.0276565433497928e-321,3,1,MIP
944,123.06599998474121,224.09587699668774,true,2.7841075712429038,true,1.9633579810984052,5714,3134,1.0276565433497928e-321,3,1,MIP
945,123.1729998588562,224.31216027444481,true,2.7841075712429038,true,1.9633579810984052,5724,3144,1.0276565433497928e-321,3,1,MIP
946,123.27300000190735,224.50734515679619,true,2.7841075712429038,true,1.9633579810984052,5745,3157,1.0276565433497928e-321,3,1,MIP
947,123.33899998664856,224.64684285219838,true,2.7841075712429038,true,1.9634421460039908,5746,3158,1.0276565433497928e-321,3,1,MIP
948,123.49699997901917,224.86153424826088,true,2.7841075712429038,true,1.9634421460039908,5748,3160,1.0276565433497928e-321,3,1,MIP
949,123.6949999332428,225.2681193717444,true,2.7841075712429038,true,1.9634421460039908,5752,3162,1.0276565433497928e-321,3,1,MIP
950,123.80099987983704,225.45912956241125,true,2.7841075712429038,true,1.9634421460039908,5759,3161,1.0276565433497928e-321,3,1,MIP
951,123.90599989891052,225.65672150322544,true,2.7841075712429038,true,1.9634421460039908,5763,3163,1.0276565433497928e-321,3,1,MIP
952,124.21600008010864,226.07916757064149,true,2.7841075712429038,true,1.9634421460039908,5765,3163,1.0276565433497928e-321,3,1,MIP
953,124.3289999961853,226.28323526184235,true,2.7841075712429038,true,1.9634421460039908,5771,3167,1.0276565433497928e-321,3,1,MIP
954,124.44099998474121,226.50067974687144,true,2.7841075712429038,true,1.9634421460039908,5778,3162,1.0276565433497928e-321,3,1,MIP
955,124.59500002861023,226.82976882906945,true,2.7841075712429038,true,1.9634421460039908,5784,3162,1.0276565433497928e-321,3,1,MIP
956,124.61800003051758,226.86746128236115,true,2.7841075712429038,true,1.9634689979391997,5785,3163,1.0276565433497928e-321,3,1,MIP
957,124.76200008392334,227.15271798476314,true,2.7841075712429038,true,1.9634689979391997,5788,3166,1.0276565433497928e-321,3,1,MIP
958,124.9449999332428,227.50667186029796,true,2.7841075712429038,true,1.9634689979391997,5789,3167,1.0276565433497928e-321,3,1,MIP
959,125.21199989318848,228.00256986023516,true,2.7841075712429038,true,1.9634689979391997,5794,3168,1.0276565433497928e-321,3,1,MIP
960,125.39999985694885,228.38060163084037,true,2.7841075712429038,true,1.9634689979391997,5795,3167,1.0276565433497928e-321,3,1,MIP
961,125.54299998283386,228.64137098565453,true,2.7841075712429038,true,1.9634689979391997,5796,3166,1.0276565433497928e-321,3,1,MIP
962,125.65199995040894,228.86555546389997,true,2.7841075712429038,true,1.9634689979391997,5799,3169,1.0276565433497928e-321,3,1,MIP
963,125.75300002098083,228.99352906138131,true,2.7841075712429038,true,1.9634689979391997,5802,3172,1.0276565433497928e-321,3,1,MIP
964,125.87899994850159,229.26001274281248,true,2.7841075712429038,true,1.9634689979391997,5818,3171,1.0276565433497928e-321,3,1,MIP
965,125.90199995040894,229.29954859848817,true,2.7841075712429038,true,1.9634800114745219,5819,3172,1.0276565433497928e-321,3,1,MIP
966,126.00399994850159,229.49458131762682,true,2.7841075712429038,true,1.9634800114745219,5822,3175,1.0276565433497928e-321,3,1,MIP
967,126.11100006103516,229.68784214241296,true,2.7841075712429038,true,1.9634800114745219,5825,3176,1.0276565433497928e-321,3,1,MIP
968,126.21700000762939,229.88772485633552,true,2.7841075712429038,true,1.9634800114745219,5830,3179,1.0276565433497928e-321,3,1,MIP
969,126.32800006866455,230.10270859155318,true,2.7841075712429038,true,1.9634800114745219,5838,3187,1.0276565433497928e-321,3,1,MIP
970,126.45799994468689,230.34273501879801,true,2.7841075712429038,true,1.9634800114745219,5847,3184,1.0276565433497928e-321,3,1,MIP
971,126.5149998664856,230.45626485607116,true,2.7841075712429038,true,1.9634901824964408,5848,3185,1.0276565433497928e-321,3,1,MIP
972,126.63599991798401,230.70190346506621,true,2.7841075712429038,true,1.9634901824964408,5854,3189,1.0276565433497928e-321,3,1,MIP
973,126.74600005149841,230.85490661484818,true,2.7841075712429038,true,1.9634901824964408,5856,3191,1.0276565433497928e-321,3,1,MIP
974,126.84999990463257,231.05742046009195,true,2.7841075712429038,true,1.9634901824964408,5868,3203,1.0276565433497928e-321,3,1,MIP
975,126.96300005912781,231.29621673545981,true,2.7841075712429038,true,1.9636024000606127,5881,3206,1.0276565433497928e-321,3,1,MIP
976,127.07500004768372,231.5364677157842,true,2.7841075712429038,true,1.9636024000606127,5884,3209,1.0276565433497928e-321,3,1,MIP
977,127.18499994277954,231.74241174022615,true,2.7841075712429038,true,1.9636024000606127,5889,3214,1.0276565433497928e-321,3,1,MIP
978,127.28900003433228,231.95131544582486,true,2.7841075712429038,true,1.9636024000606127,5900,3221,1.0276565433497928e-321,3,1,MIP
979,127.40499997138977,232.19491725435989,true,2.7841075712429038,true,1.9636024000606127,5904,3220,1.0276565433497928e-321,3,1,MIP
980,127.47000002861023,232.32403536743121,true,2.7841075712429038,true,1.9637897125151955,5905,3221,1.0276565433497928e-321,3,1,MIP
981,127.8970000743866,232.93930624621871,true,2.7841075712429038,true,1.9637897125151955,5907,3223,1.0276565433497928e-321,3,1,MIP
982,128.12400007247925,233.37731186384318,true,2.7841075712429038,true,1.9637897125151955,5909,3223,1.0276565433497928e-321,3,1,MIP
983,128.2279999256134,233.56495772489856,true,2.7841075712429038,true,1.9637897125151955,5912,3224,1.0276565433497928e-321,3,1,MIP
984,128.3529999256134,233.81675365381761,true,2.7841075712429038,true,1.9637897125151955,5914,3226,1.0276565433497928e-321,3,1,MIP
985,128.45700001716614,234.01984967519104,true,2.7841075712429038,true,1.9637897125151955,5916,3224,1.0276565433497928e-321,3,1,MIP
986,128.56200003623962,234.2055785480141,true,2.7841075712429038,true,1.9637897125151955,5922,3230,1.0276565433497928e-321,3,1,MIP
987,128.66400003433228,234.39362200211875,true,2.7841075712429038,true,1.9637897125151955,5925,3233,1.0276565433497928e-321,3,1,MIP
988,128.77300000190735,234.59434993111503,true,2.7841075712429038,true,1.9637897125151955,5934,3236,1.0276565433497928e-321,3,1,MIP
989,128.87899994850159,234.78943684470835,true,2.7841075712429038,true,1.9637897125151955,5942,3244,1.0276565433497928e-321,3,1,MIP
990,128.99900007247925,235.04059084728843,true,2.7841075712429038,true,1.9637897125151955,5947,3241,1.0276565433497928e-321,3,1,MIP
991,129.06299996376038,235.16313701761828,true,2.7841075712429038,true,1.9637904876248107,5948,3242,1.0276565433497928e-321,3,1,MIP
992,129.17400002479553,235.37698098429379,true,2.7841075712429038,true,1.9637904876248107,5951,3245,1.0276565433497928e-321,3,1,MIP
993,130.55900001525879,237.88114732690272,true,2.7841075712429038,true,1.9637904876248107,5953,3247,1.0276565433497928e-321,3,1,MIP
994,130.72199988365173,238.20048300656319,true,2.7841075712429038,true,1.9637904876248107,5959,3245,1.0276565433497928e-321,3,1,MIP
995,130.74399995803833,238.23896725579692,true,2.7841075712429038,true,1.9637953106161434,5960,3246,1.0276565433497928e-321,3,1,MIP
996,130.85500001907349,238.46314161798787,true,2.7841075712429038,true,1.9637953106161434,5963,3249,1.0276565433497928e-321,3,1,MIP
997,130.96600008010864,238.61860816192774,true,2.7841075712429038,true,1.9637953106161434,5965,3251,1.0276565433497928e-321,3,1,MIP
998,131.07200002670288,238.81854734655866,true,2.7841075712429038,true,1.9637953106161434,5970,3256,1.0276565433497928e-321,3,1,MIP
999,131.18299984931946,239.03810039908819,true,2.7841075712429038,true,1.9637953106161434,5976,3254,1.0276565433497928e-321,3,1,MIP
1000,131.3510000705719,239.39970166455035,true,2.7841075712429038,true,1.9637953106161434,5980,3254,1.0276565433497928e-321,3,1,MIP
1001,131.4300000667572,239.55842405383277,true,2.7841075712429038,true,1.9638160053862828,5981,3255,1.0276565433497928e-321,3,1,MIP
1002,131.55999994277954,239.8155641109862,true,2.7841075712429038,true,1.9638160053862828,5982,3256,1.0276565433497928e-321,3,1,MIP
1003,131.66199994087219,240.02166784002634,true,2.7841075712429038,true,1.9638160053862828,5985,3257,1.0276565433497928e-321,3,1,MIP
1004,131.77499985694885,240.23437229547514,true,2.7841075712429038,true,1.9638160053862828,5990,3258,1.0276565433497928e-321,3,1,MIP
1005,131.99699997901917,240.67538030220157,true,2.7841075712429038,true,1.9638160053862828,5994,3260,1.0276565433497928e-321,3,1,MIP
1006,132.11500000953674,240.91662628154523,true,2.7841075712429038,true,1.9638160053862828,5997,3261,1.0276565433497928e-321,3,1,MIP
1007,132.28699994087219,241.23989877979218,true,2.7841075712429038,true,1.9638160053862828,6001,3263,1.0276565433497928e-321,3,1,MIP
1008,132.41299986839294,241.47644242220022,true,2.7841075712429038,true,1.9638160053862828,6007,3265,1.0276565433497928e-321,3,1,MIP
1009,132.52799987792969,241.69985766616747,true,2.7841075712429038,true,1.9638160053862828,6014,3268,1.0276565433497928e-321,3,1,MIP
1010,132.67599987983704,241.89093084227676,true,2.7841075712429038,true,1.9638160053862828,6019,3273,1.0276565433497928e-321,3,1,MIP
1011,132.78099989891052,242.07835548566854,true,2.7841075712429038,true,1.9638160053862828,6027,3281,1.0276565433497928e-321,3,1,MIP
1012,132.92899990081787,242.36820599658154,true,2.7841075712429038,true,1.9638160053862828,6036,3282,1.0276565433497928e-321,3,1,MIP
1013,132.96300005912781,242.43721344612214,true,2.7841075712429038,true,1.9639901250217309,6037,3283,1.0276565433497928e-321,3,1,MIP
1014,133.07999992370605,242.6699320931902,true,2.7841075712429038,true,1.9639901250217309,6040,3286,1.0276565433497928e-321,3,1,MIP
1015,133.19000005722046,242.86716265411093,true,2.7841075712429038,true,1.9639901250217309,6045,3289,1.0276565433497928e-321,3,1,MIP
1016,133.30200004577637,243.0796619178208,true,2.7841075712429038,true,1.9639901250217309,6050,3288,1.0276565433497928e-321,3,1,MIP
1017,133.42899990081787,243.33557534582053,true,2.7841075712429038,true,1.9639901250217309,6055,3287,1.0276565433497928e-321,3,1,MIP
1018,133.47399997711182,243.42510337973263,true,2.7841075712429038,true,1.9643265886267216,6056,3288,1.0276565433497928e-321,3,1,MIP
1019,133.57699990272522,243.63205992964075,true,2.7841075712429038,true,1.9643265886267216,6060,3288,1.0276565433497928e-321,3,1,MIP
1020,133.69300007820129,243.86346619762872,true,2.7841075712429038,true,1.9643265886267216,6069,3297,1.0276565433497928e-321,3,1,MIP
1021,133.81200003623962,244.06129221111135,true,2.7841075712429038,true,1.9643265886267216,6081,3309,1.0276565433497928e-321,3,1,MIP
1022,133.9300000667572,244.29815468738786,true,2.7841075712429038,true,1.9643265886267216,6093,3311,1.0276565433497928e-321,3,1,MIP
1023,134.01399993896484,244.46738225987863,true,2.7841075712429038,true,1.9644464348676962,6094,3312,1.0276565433497928e-321,3,1,MIP
1024,134.1269998550415,244.70568230865609,true,2.7841075712429038,true,1.9644464348676962,6097,3315,1.0276565433497928e-321,3,1,MIP
1025,134.23699998855591,244.91255279851055,true,2.7841075712429038,true,1.9644464348676962,6104,3322,1.0276565433497928e-321,3,1,MIP
1026,134.34100008010864,245.10487499042517,true,2.7841075712429038,true,1.9644464348676962,6113,3331,1.0276565433497928e-321,3,1,MIP
1027,134.44300007820129,245.30817757418038,true,2.7841075712429038,true,1.9644464348676962,6125,3343,1.0276565433497928e-321,3,1,MIP
1028,134.54500007629395,245.44657251904721,true,2.7841075712429038,true,1.9644464348676962,6130,3348,1.0276565433497928e-321,3,1,MIP
1029,134.69799995422363,245.75253374756929,true,2.7841075712429038,true,1.9644464348676962,6173,3379,1.0276565433497928e-321,3,1,MIP
1030,134.75499987602234,245.86314706784552,true,2.7841075712429038,true,1.9646132767859088,6174,3380,1.0276565433497928e-321,3,1,MIP
1031,134.94899988174438,246.24781942200784,true,2.7841075712429038,true,1.9646132767859088,6175,3379,1.0276565433497928e-321,3,1,MIP
1032,135.06399989128113,246.47164891338943,true,2.7841075712429038,true,1.9646132767859088,6178,3382,1.0276565433497928e-321,3,1,MIP
1033,135.16400003433228,246.65407701302405,true,2.7841075712429038,true,1.9646132767859088,6188,3384,1.0276565433497928e-321,3,1,MIP
1034,135.1949999332428,246.713491790907,true,2.7841075712429038,true,1.9646989767936851,6190,3384,1.0276565433497928e-321,3,1,MIP
1035,135.3439998626709,247.0073836127597,true,2.7841075712429038,true,1.9646989767936851,6194,3384,1.0276565433497928e-321,3,1,MIP
1036,135.45300006866455,247.21665609805055,true,2.7841075712429038,true,1.9646989767936851,6199,3389,1.0276565433497928e-321,3,1,MIP
1037,135.5699999332428,247.43417840674653,true,2.7841075712429038,true,1.9646989767936851,6205,3395,1.0276565433497928e-321,3,1,MIP
1038,135.69099998474121,247.65494246506441,true,2.7841075712429038,true,1.9646989767936851,6212,3397,1.0276565433497928e-321,3,1,MIP
1039,135.81500005722046,247.88672026494885,true,2.7841075712429038,true,1.9646989767936851,6219,3402,1.0276565433497928e-321,3,1,MIP
1040,135.93099999427795,248.12053471588456,true,2.7841075712429038,true,1.9646989767936851,6225,3400,1.0276565433497928e-321,3,1,MIP
1041,136.05399990081787,248.37367015357029,true,2.7841075712429038,true,1.9648424251761278,6227,3402,1.0276565433497928e-321,3,1,MIP
1042,136.22000002861023,248.6886117133088,true,2.7841075712429038,true,1.9648424251761278,6231,3404,1.0276565433497928e-321,3,1,MIP
1043,136.35500001907349,248.93810786312864,true,2.7841075712429038,true,1.9648424251761278,6232,3405,1.0276565433497928e-321,3,1,MIP
1044,136.47399997711182,249.11409015830435,true,2.7841075712429038,true,1.9648424251761278,6235,3408,1.0276565433497928e-321,3,1,MIP
1045,136.58999991416931,249.35263201370242,true,2.7841075712429038,true,1.9648424251761278,6241,3406,1.0276565433497928e-321,3,1,MIP
1046,136.65199995040894,249.47839361872582,true,2.7841075712429038,true,1.9656335758330021,6242,3407,1.0276565433497928e-321,3,1,MIP
1047,136.75999999046326,249.68078210238266,true,2.7841075712429038,true,1.9656335758330021,6243,3406,1.0276565433497928e-321,3,1,MIP
1048,136.86100006103516,249.87307806475565,true,2.7841075712429038,true,1.9656335758330021,6248,3411,1.0276565433497928e-321,3,1,MIP
1049,136.96700000762939,250.07607403155475,true,2.7841075712429038,true,1.9656335758330021,6255,3418,1.0276565433497928e-321,3,1,MIP
1050,137.06800007820129,250.26621488075565,true,2.7841075712429038,true,1.9656335758330021,6264,3423,1.0276565433497928e-321,3,1,MIP
1051,137.19099998474121,250.47779969098363,true,2.7841075712429038,true,1.9656335758330021,6289,3445,1.0276565433497928e-321,3,1,MIP
1052,137.38299989700317,250.86837524439508,true,2.7841075712429038,true,1.9657834522101278,6300,3447,1.0276565433497928e-321,3,1,MIP
1053,137.5090000629425,251.13138270771319,true,2.7841075712429038,true,1.9657834522101278,6303,3450,1.0276565433497928e-321,3,1,MIP
1054,137.71399998664856,251.52178245539528,true,2.7841075712429038,true,1.9657834522101278,6304,3449,1.0276565433497928e-321,3,1,MIP
1055,137.81599998474121,251.71036246390636,true,2.7841075712429038,true,1.9657834522101278,6307,3448,1.0276565433497928e-321,3,1,MIP
1056,137.91799998283386,251.90349389242076,true,2.7841075712429038,true,1.9657834522101278,6316,3453,1.0276565433497928e-321,3,1,MIP
1057,138.04999995231628,252.18404443479633,true,2.7841075712429038,true,1.9657834522101278,6329,3452,1.0276565433497928e-321,3,1,MIP
1058,138.11199998855591,252.31006252929512,true,2.7841075712429038,true,1.9658070117571909,6330,3453,1.0276565433497928e-321,3,1,MIP
1059,138.23099994659424,252.55377658965585,true,2.7841075712429038,true,1.9658070117571909,6335,3458,1.0276565433497928e-321,3,1,MIP
1060,138.33899998664856,252.75352968977393,true,2.7841075712429038,true,1.9658070117571909,6342,3465,1.0276565433497928e-321,3,1,MIP
1061,138.44000005722046,252.93206627375315,true,2.7841075712429038,true,1.9658070117571909,6348,3467,1.0276565433497928e-321,3,1,MIP
1062,138.59299993515015,253.25606661757317,true,2.7841075712429038,true,1.9658070117571909,6357,3466,1.0276565433497928e-321,3,1,MIP
1063,138.61199998855591,253.28532160588153,true,2.7841075712429038,true,1.9659969889953826,6358,3467,1.0276565433497928e-321,3,1,MIP
1064,138.72899985313416,253.50117939488922,true,2.7841075712429038,true,1.9659969889953826,6362,3471,1.0276565433497928e-321,3,1,MIP
1065,138.89199995994568,253.84849998480817,true,2.7841075712429038,true,1.9659969889953826,6366,3475,1.0276565433497928e-321,3,1,MIP
1066,139,254.04658258934452,true,2.7841075712429038,true,1.9659969889953826,6372,3481,1.0276565433497928e-321,3,1,MIP
1067,139.11100006103516,254.24936075015947,true,2.7841075712429038,true,1.9659969889953826,6383,3491,1.0276565433497928e-321,3,1,MIP
1068,139.21600008010864,254.45142744731626,true,2.7841075712429038,true,1.9662173217947148,6392,3490,1.0276565433497928e-321,3,1,MIP
1069,139.37999987602234,254.76059782889308,true,2.7841075712429038,true,1.9662173217947148,6394,3490,1.0276565433497928e-321,3,1,MIP
1070,139.5019998550415,254.94508983281253,true,2.7841075712429038,true,1.9662173217947148,6397,3493,1.0276565433497928e-321,3,1,MIP
1071,139.60899996757507,255.17690354540645,true,2.7841075712429038,true,1.9662173217947148,6400,3496,1.0276565433497928e-321,3,1,MIP
1072,139.81900000572205,255.54482822423611,true,2.7841075712429038,true,1.9662173217947148,6414,3500,1.0276565433497928e-321,3,1,MIP
1073,139.8769998550415,255.66879328337407,true,2.7841075712429038,true,1.9662966828136765,6415,3501,1.0276565433497928e-321,3,1,MIP
1074,140.11100006103516,256.1272164819988,true,2.7841075712429038,true,1.9662966828136765,6418,3502,1.0276565433497928e-321,3,1,MIP
1075,140.24399995803833,256.39566327988337,true,2.7841075712429038,true,1.9662966828136765,6423,3505,1.0276565433497928e-321,3,1,MIP
1076,140.34599995613098,256.58775029380911,true,2.7841075712429038,true,1.9662966828136765,6429,3511,1.0276565433497928e-321,3,1,MIP
1077,140.44799995422363,256.7854244867288,true,2.7841075712429038,true,1.9662966828136765,6434,3516,1.0276565433497928e-321,3,1,MIP
1078,140.56299996376038,257.00923859209922,true,2.7841075712429038,true,1.9662966828136765,6439,3521,1.0276565433497928e-321,3,1,MIP
1079,140.66400003433228,257.17919037299799,true,2.7841075712429038,true,1.9662966828136765,6457,3533,1.0276565433497928e-321,3,1,MIP
1080,140.7979998588562,257.46672775164853,true,2.7841075712429038,true,1.9663336877126081,6465,3531,1.0276565433497928e-321,3,1,MIP
1081,140.81699991226196,257.50021039573306,true,2.7841075712429038,true,1.9664463565736279,6466,3532,1.0276565433497928e-321,3,1,MIP
1082,140.93899989128113,257.74445859566151,true,2.7841075712429038,true,1.9664463565736279,6469,3535,1.0276565433497928e-321,3,1,MIP
1083,141.05699992179871,257.97400336280072,true,2.7841075712429038,true,1.9664463565736279,6477,3535,1.0276565433497928e-321,3,1,MIP
1084,141.1269998550415,258.10512645841396,true,2.7841075712429038,true,1.9664811357739036,6479,3537,1.0276565433497928e-321,3,1,MIP
1085,141.25999999046326,258.37835547246493,true,2.7841075712429038,true,1.9664811357739036,6481,3539,1.0276565433497928e-321,3,1,MIP
1086,141.3899998664856,258.63459340325568,true,2.7841075712429038,true,1.9664811357739036,6490,3548,1.0276565433497928e-321,3,1,MIP
1087,141.50300002098083,258.85547751694395,true,2.7841075712429038,true,1.9664811357739036,6500,3554,1.0276565433497928e-321,3,1,MIP
1088,141.60599994659424,259.03877259817097,true,2.7841075712429038,true,1.9664811357739036,6519,3557,1.0276565433497928e-321,3,1,MIP
1089,141.73600006103516,259.31483533055308,true,2.7841075712429038,true,1.9664811357739036,6535,3555,1.0276565433497928e-321,3,1,MIP
1090,141.76900005340576,259.37143660688781,true,2.7841075712429038,true,1.9667504788216796,6536,3556,1.0276565433497928e-321,3,1,MIP
1091,141.87599992752075,259.58246009989409,true,2.7841075712429038,true,1.9667504788216796,6541,3561,1.0276565433497928e-321,3,1,MIP
1092,141.9760000705719,259.78370688725977,true,2.7841075712429038,true,1.9667504788216796,6545,3563,1.0276565433497928e-321,3,1,MIP
1093,142.08200001716614,260.00824704240677,true,2.7841075712429038,true,1.9667504788216796,6554,3566,1.0276565433497928e-321,3,1,MIP
1094,142.2260000705719,260.28256697881665,true,2.7841075712429038,true,1.966767328568003,6562,3565,1.0276565433497928e-321,3,1,MIP
1095,142.34899997711182,260.51100814456032,true,2.7841075712429038,true,1.966767328568003,6566,3569,1.0276565433497928e-321,3,1,MIP
1096,142.46499991416931,260.73367448675742,true,2.7841075712429038,true,1.966767328568003,6572,3575,1.0276565433497928e-321,3,1,MIP
1097,142.58500003814697,260.97755858528836,true,2.7841075712429038,true,1.966767328568003,6581,3580,1.0276565433497928e-321,3,1,MIP
1098,142.72399997711182,261.27222522247689,true,2.7841075712429038,true,1.966767328568003,6595,3586,1.0276565433497928e-321,3,1,MIP
1099,142.7960000038147,261.41344555182178,true,2.7841075712429038,true,1.9670318875504076,6596,3587,1.0276565433497928e-321,3,1,MIP
1100,142.9779999256134,261.75602574931196,true,2.7841075712429038,true,1.9670318875504076,6599,3588,1.0276565433497928e-321,3,1,MIP
1101,143.19000005722046,262.14264116270471,true,2.7841075712429038,true,1.9670318875504076,6601,3588,1.0276565433497928e-321,3,1,MIP
1102,143.30399990081787,262.35155076271383,true,2.7841075712429038,true,1.9670318875504076,6607,3594,1.0276565433497928e-321,3,1,MIP
1103,143.40700006484985,262.54613828899511,true,2.7841075712429038,true,1.9670318875504076,6615,3602,1.0276565433497928e-321,3,1,MIP
1104,143.50799989700317,262.74721537769125,true,2.7841075712429038,true,1.9670318875504076,6641,3628,1.0276565433497928e-321,3,1,MIP
1105,143.60899996757507,262.94191911917744,true,2.7841075712429038,true,1.9672340966798663,6654,3631,1.0276565433497928e-321,3,1,MIP
1106,143.71600008010864,263.14638663960687,true,2.7841075712429038,true,1.9672340966798663,6658,3635,1.0276565433497928e-321,3,1,MIP
1107,143.83899998664856,263.37824537072805,true,2.7841075712429038,true,1.9672340966798663,6660,3635,1.0276565433497928e-321,3,1,MIP
1108,144.00699996948242,263.72620930650754,true,2.7841075712429038,true,1.9674923357515348,6665,3634,1.0276565433497928e-321,3,1,MIP
1109,144.30299997329712,264.10811056812349,true,2.7841075712429038,true,1.9674923357515348,6669,3638,1.0276565433497928e-321,3,1,MIP
1110,144.42700004577637,264.3458941652159,true,2.7841075712429038,true,1.9674923357515348,6675,3636,1.0276565433497928e-321,3,1,MIP
1111,144.52300000190735,264.54602529346988,true,2.7841075712429038,true,1.967548151369291,6677,3638,1.0276565433497928e-321,3,1,MIP
1112,144.64800000190735,264.78576163154128,true,2.7841075712429038,true,1.967548151369291,6681,3640,1.0276565433497928e-321,3,1,MIP
1113,144.77799987792969,265.03661145558959,true,2.7841075712429038,true,1.967548151369291,6686,3643,1.0276565433497928e-321,3,1,MIP
1114,144.95000004768372,265.37392695248673,true,2.7841075712429038,true,1.967548151369291,6695,3652,1.0276565433497928e-321,3,1,MIP
1115,145.07200002670288,265.61972074735462,true,2.7841075712429038,true,1.967548151369291,6701,3650,1.0276565433497928e-321,3,1,MIP
1116,145.15700006484985,265.78917123157999,true,2.7841075712429038,true,1.9678178541644293,6702,3651,1.0276565433497928e-321,3,1,MIP
1117,145.26799988746643,266.00279134902058,true,2.7841075712429038,true,1.9678178541644293,6708,3653,1.0276565433497928e-321,3,1,MIP
1118,145.39299988746643,266.2471232075298,true,2.7841075712429038,true,1.9678178541644293,6713,3652,1.0276565433497928e-321,3,1,MIP
1119,145.56800007820129,266.59667529158878,true,2.7841075712429038,true,1.9678178541644293,6718,3651,1.0276565433497928e-321,3,1,MIP
1120,145.58699989318848,266.63018030451491,true,2.7841075712429038,true,1.9682701666610727,6719,3652,1.0276565433497928e-321,3,1,MIP
1121,145.7039999961853,266.86083687223623,true,2.7841075712429038,true,1.9682701666610727,6722,3655,1.0276565433497928e-321,3,1,MIP
1122,145.86400008201599,267.1270308784708,true,2.7841075712429038,true,1.9682701666610727,6725,3654,1.0276565433497928e-321,3,1,MIP
1123,146.01699995994568,267.45285175901608,true,2.7841075712429038,true,1.9682701666610727,6728,3655,1.0276565433497928e-321,3,1,MIP
1124,146.14400005340576,267.73926806326369,true,2.7841075712429038,true,1.9682701666610727,6732,3655,1.0276565433497928e-321,3,1,MIP
1125,146.2279999256134,267.91302857180989,true,2.7841075712429038,true,1.9682881299281194,6740,3655,1.0276565433497928e-321,3,1,MIP
1126,146.33899998664856,268.13315214422909,true,2.7841075712429038,true,1.9682881299281194,6743,3655,1.0276565433497928e-321,3,1,MIP
1127,146.45700001716614,268.37155723123027,true,2.7841075712429038,true,1.9682881299281194,6748,3660,1.0276565433497928e-321,3,1,MIP
1128,146.61299991607666,268.67370785175109,true,2.7841075712429038,true,1.9682881299281194,6753,3665,1.0276565433497928e-321,3,1,MIP
1129,146.72499990463257,268.8848727182546,true,2.7841075712429038,true,1.9682881299281194,6759,3667,1.0276565433497928e-321,3,1,MIP
1130,146.83200001716614,269.07895759379204,true,2.7841075712429038,true,1.9682881299281194,6770,3666,1.0276565433497928e-321,3,1,MIP
1131,146.92499995231628,269.24729950236519,true,2.7841075712429038,true,1.9685626189649377,6777,3667,1.0276565433497928e-321,3,1,MIP
1132,147.02600002288818,269.43097585853485,true,2.7841075712429038,true,1.9685626189649377,6779,3669,1.0276565433497928e-321,3,1,MIP
1133,147.14599990844727,269.66765824631653,true,2.7841075712429038,true,1.9685626189649377,6782,3672,1.0276565433497928e-321,3,1,MIP
1134,147.34299993515015,270.04200359167544,true,2.7841075712429038,true,1.9685626189649377,6788,3678,1.0276565433497928e-321,3,1,MIP
1135,147.44599986076355,270.23254046740232,true,2.7841075712429038,true,1.9685626189649377,6794,3684,1.0276565433497928e-321,3,1,MIP
1136,147.5479998588562,270.42007926809634,true,2.7841075712429038,true,1.9685626189649377,6805,3687,1.0276565433497928e-321,3,1,MIP
1137,147.63100004196167,270.5872451208964,true,2.7841075712429038,true,1.968642833029028,6810,3686,1.0276565433497928e-321,3,1,MIP
1138,147.74699997901917,270.80577688735139,true,2.7841075712429038,true,1.968642833029028,6815,3691,1.0276565433497928e-321,3,1,MIP
1139,147.86800003051758,271.04129276843793,true,2.7841075712429038,true,1.968642833029028,6820,3694,1.0276565433497928e-321,3,1,MIP
1140,147.9760000705719,271.25291722457422,true,2.7841075712429038,true,1.968642833029028,6825,3697,1.0276565433497928e-321,3,1,MIP
1141,148.08399987220764,271.45789745610062,true,2.7841075712429038,true,1.968642833029028,6832,3704,1.0276565433497928e-321,3,1,MIP
1142,148.18700003623962,271.5960175607799,true,2.7841075712429038,true,1.968642833029028,6834,3706,1.0276565433497928e-321,3,1,MIP
1143,148.28799986839294,271.80163660078006,true,2.7841075712429038,true,1.968642833029028,6847,3719,1.0276565433497928e-321,3,1,MIP
1144,148.42199993133545,272.04975237361998,true,2.7841075712429038,true,1.968642833029028,6851,3721,1.0276565433497928e-321,3,1,MIP
1145,148.52900004386902,272.26526045996553,true,2.7841075712429038,true,1.968642833029028,6858,3720,1.0276565433497928e-321,3,1,MIP
1146,148.57399988174438,272.35245785525836,true,2.7841075712429038,true,1.9688802000856702,6859,3721,1.0276565433497928e-321,3,1,MIP
1147,148.6800000667572,272.55385230211914,true,2.7841075712429038,true,1.9688802000856702,6864,3722,1.0276565433497928e-321,3,1,MIP
1148,148.78399991989136,272.76067144520829,true,2.7841075712429038,true,1.9688802000856702,6867,3723,1.0276565433497928e-321,3,1,MIP
1149,148.94899988174438,273.07818502879553,true,2.7841075712429038,true,1.9688802000856702,6869,3723,1.0276565433497928e-321,3,1,MIP
1150,149.08999991416931,273.37450979632069,true,2.7841075712429038,true,1.9688802000856702,6874,3722,1.0276565433497928e-321,3,1,MIP
1151,149.15199995040894,273.49786084449232,true,2.7841075712429038,true,1.9688882138665951,6875,3723,1.0276565433497928e-321,3,1,MIP
1152,149.2720000743866,273.71842627200647,true,2.7841075712429038,true,1.9688882138665951,6879,3725,1.0276565433497928e-321,3,1,MIP
1153,149.37800002098083,273.93040526429729,true,2.7841075712429038,true,1.9688882138665951,6883,3723,1.0276565433497928e-321,3,1,MIP
1154,149.49600005149841,274.17691771563187,true,2.7841075712429038,true,1.9692312002367363,6885,3725,1.0276565433497928e-321,3,1,MIP
1155,149.61500000953674,274.38588514510229,true,2.7841075712429038,true,1.9692312002367363,6890,3726,1.0276565433497928e-321,3,1,MIP
1156,149.72099995613098,274.58962533027375,true,2.7841075712429038,true,1.9692312002367363,6894,3724,1.0276565433497928e-321,3,1,MIP
1157,149.81500005722046,274.78669911900244,true,2.7841075712429038,true,1.9693496170172329,6896,3726,1.0276565433497928e-321,3,1,MIP
1158,149.91799998283386,274.9749492847497,true,2.7841075712429038,true,1.9693496170172329,6901,3729,1.0276565433497928e-321,3,1,MIP
1159,150.0479998588562,275.22189871830818,true,2.7841075712429038,true,1.9693496170172329,6906,3728,1.0276565433497928e-321,3,1,MIP
1160,150.18899989128113,275.46142952182203,true,2.7841075712429038,true,1.9694576231040528,6909,3729,1.0276565433497928e-321,3,1,MIP
1161,150.31099987030029,275.71184363059228,true,2.7841075712429038,true,1.9694576231040528,6914,3732,1.0276565433497928e-321,3,1,MIP
1162,150.41400003433228,275.8433102374434,true,2.7841075712429038,true,1.9694576231040528,6918,3736,1.0276565433497928e-321,3,1,MIP
1163,150.51900005340576,276.06324037044095,true,2.7841075712429038,true,1.9694576231040528,6923,3733,1.0276565433497928e-321,3,1,MIP
1164,150.64599990844727,276.34079325067432,true,2.7841075712429038,true,1.9694576231040528,6924,3734,1.0276565433497928e-321,3,1,MIP
1165,150.68499994277954,276.42757789079093,true,2.7841075712429038,true,1.969802889045067,6925,3735,1.0276565433497928e-321,3,1,MIP
1166,150.80699992179871,276.67252025347676,true,2.7841075712429038,true,1.969802889045067,6928,3738,1.0276565433497928e-321,3,1,MIP
1167,150.92400002479553,276.88249926051424,true,2.7841075712429038,true,1.969802889045067,6930,3738,1.0276565433497928e-321,3,1,MIP
1168,151.09800004959106,277.24209716216637,true,2.7841075712429038,true,1.969802889045067,6933,3737,1.0276565433497928e-321,3,1,MIP
1169,151.23399996757507,277.53143691642663,true,2.7841075712429038,true,1.9701361614307951,6937,3737,1.0276565433497928e-321,3,1,MIP
1170,151.37999987602234,277.78623267886951,true,2.7841075712429038,true,1.9701361614307951,6942,3740,1.0276565433497928e-321,3,1,MIP
1171,151.54200005531311,278.11080683853072,true,2.7841075712429038,true,1.9701361614307951,6945,3739,1.0276565433497928e-321,3,1,MIP
1172,151.65499997138977,278.3475543949458,true,2.7841075712429038,true,1.9701361614307951,6947,3739,1.0276565433497928e-321,3,1,MIP
1173,151.72300004959106,278.48366002432994,true,2.7841075712429038,true,1.9706784303846674,6948,3740,1.0276565433497928e-321,3,1,MIP
1174,151.94300007820129,278.90849058630556,true,2.7841075712429038,true,1.9706784303846674,6951,3743,1.0276565433497928e-321,3,1,MIP
1175,152.19799995422363,279.34813185069669,true,2.7841075712429038,true,1.9706784303846674,6956,3740,1.0276565433497928e-321,3,1,MIP
1176,152.23000001907349,279.40653921740534,true,2.7841075712429038,true,1.9707071779714238,6957,3741,1.0276565433497928e-321,3,1,MIP
1177,152.3439998626709,279.6395920581885,true,2.7841075712429038,true,1.9707071779714238,6958,3742,1.0276565433497928e-321,3,1,MIP
1178,152.45700001716614,279.860821295758,true,2.7841075712429038,true,1.9707071779714238,6964,3743,1.0276565433497928e-321,3,1,MIP
1179,152.55900001525879,280.05902318998778,true,2.7841075712429038,true,1.9707071779714238,6975,3742,1.0276565433497928e-321,3,1,MIP
1180,152.64599990844727,280.22899862303922,true,2.7841075712429038,true,1.9707980099095126,6978,3741,1.0276565433497928e-321,3,1,MIP
1181,152.70099997520447,280.33689385306667,true,2.7841075712429038,true,1.9708418698121899,6979,3742,1.0276565433497928e-321,3,1,MIP
1182,152.81099987030029,280.53952514565049,true,2.7841075712429038,true,1.9708418698121899,6983,3744,1.0276565433497928e-321,3,1,MIP
1183,152.91400003433228,280.73417810740051,true,2.7841075712429038,true,1.9708418698121899,6987,3744,1.0276565433497928e-321,3,1,MIP
1184,153.06099987030029,281.02487584420294,true,2.7841075712429038,true,1.9710390281955246,6991,3744,1.0276565433497928e-321,3,1,MIP
1185,153.23399996757507,281.40149473465942,true,2.7841075712429038,true,1.9710390281955246,6995,3748,1.0276565433497928e-321,3,1,MIP
1186,153.33999991416931,281.56280526726249,true,2.7841075712429038,true,1.9710390281955246,6997,3750,1.0276565433497928e-321,3,1,MIP
1187,153.45099997520447,281.79845144071248,true,2.7841075712429038,true,1.9710390281955246,7014,3754,1.0276565433497928e-321,3,1,MIP
1188,153.59800004959106,282.11519232627325,true,2.7841075712429038,true,1.9710390281955246,7016,3754,1.0276565433497928e-321,3,1,MIP
1189,153.63100004196167,282.18202663059668,true,2.7841075712429038,true,1.9711929160318116,7017,3755,1.0276565433497928e-321,3,1,MIP
1190,153.7979998588562,282.51046126705796,true,2.7841075712429038,true,1.9711929160318116,7022,3758,1.0276565433497928e-321,3,1,MIP
1191,153.94899988174438,282.81104717136867,true,2.7841075712429038,true,1.9711929160318116,7029,3755,1.0276565433497928e-321,3,1,MIP
1192,154.00799989700317,282.9319523783069,true,2.7841075712429038,true,1.9713865917478908,7030,3756,1.0276565433497928e-321,3,1,MIP
1193,154.23600006103516,283.36136647358802,true,2.7841075712429038,true,1.9713865917478908,7035,3757,1.0276565433497928e-321,3,1,MIP
1194,154.34500002861023,283.56365869123493,true,2.7841075712429038,true,1.9713865917478908,7044,3764,1.0276565433497928e-321,3,1,MIP
1195,154.46199989318848,283.75783155710059,true,2.7841075712429038,true,1.9713865917478908,7057,3777,1.0276565433497928e-321,3,1,MIP
1196,154.62199997901917,284.04540616939039,true,2.7841075712429038,true,1.9713865917478908,7077,3785,1.0276565433497928e-321,3,1,MIP
1197,154.62800002098083,284.05535458967455,true,2.7841075712429038,true,1.9716029644684674,7078,3784,1.0276565433497928e-321,3,1,MIP
1198,154.78999996185303,284.39420224865682,true,2.7841075712429038,true,1.9716029644684674,7081,3785,1.0276565433497928e-321,3,1,MIP
1199,154.89299988746643,284.57974444586455,true,2.7841075712429038,true,1.9716029644684674,7085,3789,1.0276565433497928e-321,3,1,MIP
1200,155.10399985313416,284.98288312868567,true,2.7841075712429038,true,1.9716029644684674,7087,3791,1.0276565433497928e-321,3,1,MIP
1201,155.30399990081787,285.39507931417222,true,2.7841075712429038,true,1.9716029644684674,7090,3790,1.0276565433497928e-321,3,1,MIP
1202,155.42000007629395,285.62670024429821,true,2.7841075712429038,true,1.9716029644684674,7093,3787,1.0276565433497928e-321,3,1,MIP
1203,155.56099987030029,285.92560953845606,true,2.7841075712429038,true,1.9716029644684674,7094,3788,1.0276565433497928e-321,3,1,MIP
1204,155.62100005149841,286.0525078900651,true,2.7841075712429038,true,1.9719024193707002,7095,3789,1.0276565433497928e-321,3,1,MIP
1205,155.75099992752075,286.2996267314071,true,2.7841075712429038,true,1.9719024193707002,7098,3792,1.0276565433497928e-321,3,1,MIP
1206,155.90400004386902,286.58335088129752,true,2.7841075712429038,true,1.9719024193707002,7100,3794,1.0276565433497928e-321,3,1,MIP
1207,156.00999999046326,286.80852365388876,true,2.7841075712429038,true,1.9719024193707002,7104,3798,1.0276565433497928e-321,3,1,MIP
1208,156.125,287.02965060197033,true,2.7841075712429038,true,1.9719024193707002,7109,3795,1.0276565433497928e-321,3,1,MIP
1209,156.16700005531311,287.11392502468834,true,2.7841075712429038,true,1.97192959374369,7110,3796,1.0276565433497928e-321,3,1,MIP
1210,156.32200002670288,287.4033842960593,true,2.7841075712429038,true,1.97192959374369,7114,3800,1.0276565433497928e-321,3,1,MIP
1211,156.43599987030029,287.61575369924617,true,2.7841075712429038,true,1.97192959374369,7116,3800,1.0276565433497928e-321,3,1,MIP
1212,156.58899998664856,287.93117355724854,true,2.7841075712429038,true,1.9719662903811042,7121,3799,1.0276565433497928e-321,3,1,MIP
1213,156.72399997711182,288.19455776490776,true,2.7841075712429038,true,1.9719662903811042,7126,3804,1.0276565433497928e-321,3,1,MIP
1214,156.84699988365173,288.41758740834962,true,2.7841075712429038,true,1.9719662903811042,7132,3810,1.0276565433497928e-321,3,1,MIP
1215,156.9760000705719,288.65197003861704,true,2.7841075712429038,true,1.9719662903811042,7138,3814,1.0276565433497928e-321,3,1,MIP
1216,157.07800006866455,288.86599676266133,true,2.7841075712429038,true,1.9719662903811042,7141,3813,1.0276565433497928e-321,3,1,MIP
1217,157.17400002479553,289.07466500729316,true,2.7841075712429038,true,1.9719878855879689,7145,3811,1.0276565433497928e-321,3,1,MIP
1218,157.3199999332428,289.38400899582257,true,2.7841075712429038,true,1.972095844405293,7148,3812,1.0276565433497928e-321,3,1,MIP
1219,157.42899990081787,289.59216170734101,true,2.7841075712429038,true,1.972095844405293,7153,3811,1.0276565433497928e-321,3,1,MIP
1220,157.53900003433228,289.79954781103771,true,2.7841075712429038,true,1.972095844405293,7159,3817,1.0276565433497928e-321,3,1,MIP
1221,157.65499997138977,290.01316176942527,true,2.7841075712429038,true,1.972095844405293,7165,3823,1.0276565433497928e-321,3,1,MIP
1222,157.79099988937378,290.27435341304363,true,2.7841075712429038,true,1.972095844405293,7177,3823,1.0276565433497928e-321,3,1,MIP
1223,157.86100006103516,290.41056717465403,true,2.7841075712429038,true,1.9721645953276721,7178,3824,1.0276565433497928e-321,3,1,MIP
1224,157.96600008010864,290.60788593265067,true,2.7841075712429038,true,1.9721645953276721,7184,3828,1.0276565433497928e-321,3,1,MIP
1225,158.07399988174438,290.80266410063899,true,2.7841075712429038,true,1.9721645953276721,7190,3834,1.0276565433497928e-321,3,1,MIP
1226,158.17799997329712,290.99203475253267,true,2.7841075712429038,true,1.9721645953276721,7200,3844,1.0276565433497928e-321,3,1,MIP
1227,158.27999997138977,291.17008836255485,true,2.7841075712429038,true,1.9721645953276721,7211,3855,1.0276565433497928e-321,3,1,MIP
1228,158.41199994087219,291.42094015763172,true,2.7841075712429038,true,1.9721645953276721,7234,3867,1.0276565433497928e-321,3,1,MIP
1229,158.45599985122681,291.5075921417444,true,2.7841075712429038,true,1.9722007939806276,7235,3868,1.0276565433497928e-321,3,1,MIP
1230,158.55699992179871,291.70043618739948,true,2.7841075712429038,true,1.9722007939806276,7239,3870,1.0276565433497928e-321,3,1,MIP
1231,158.7409999370575,292.0371643669103,true,2.7841075712429038,true,1.9722007939806276,7240,3869,1.0276565433497928e-321,3,1,MIP
1232,158.85999989509583,292.26489693514071,true,2.7841075712429038,true,1.9722007939806276,7243,3868,1.0276565433497928e-321,3,1,MIP
1233,159.00300002098083,292.56363853667358,true,2.7841075712429038,true,1.9722007939806276,7245,3868,1.0276565433497928e-321,3,1,MIP
1234,159.02999997138977,292.62018687513927,true,2.7841075712429038,true,1.9726534527568067,7246,3869,1.0276565433497928e-321,3,1,MIP
1235,159.16100001335144,292.86955750569689,true,2.7841075712429038,true,1.9726534527568067,7248,3869,1.0276565433497928e-321,3,1,MIP
1236,159.24000000953674,293.03832413984895,true,2.7841075712429038,true,1.9727081587850546,7254,3865,1.0276565433497928e-321,3,1,MIP
1237,159.37299990653992,293.3235655563588,true,2.7841075712429038,true,1.9727915023256501,7255,3866,1.0276565433497928e-321,3,1,MIP
1238,159.39199995994568,293.35610356331472,true,2.7841075712429038,true,1.9728743792276535,7256,3867,1.0276565433497928e-321,3,1,MIP
1239,159.57599997520447,293.74855307574512,true,2.7841075712429038,true,1.9728743792276535,7265,3866,1.0276565433497928e-321,3,1,MIP
1240,159.60500001907349,293.80059632448399,true,2.7841075712429038,true,1.9729432245577938,7266,3867,1.0276565433497928e-321,3,1,MIP
1241,159.72300004959106,294.0259547614578,true,2.7841075712429038,true,1.9729432245577938,7272,3873,1.0276565433497928e-321,3,1,MIP
1242,159.84200000762939,294.26405461499343,true,2.7841075712429038,true,1.9729432245577938,7277,3878,1.0276565433497928e-321,3,1,MIP
1243,159.94799995422363,294.45129874730401,true,2.7841075712429038,true,1.9729432245577938,7284,3885,1.0276565433497928e-321,3,1,MIP
1244,160.04999995231628,294.64092986043079,true,2.7841075712429038,true,1.9729432245577938,7293,3894,1.0276565433497928e-321,3,1,MIP
1245,160.15199995040894,294.83582556561959,true,2.7841075712429038,true,1.9729432245577938,7299,3898,1.0276565433497928e-321,3,1,MIP
1246,160.25799989700317,295.03283260886116,true,2.7841075712429038,true,1.9729432245577938,7325,3916,1.0276565433497928e-321,3,1,MIP
1247,160.38700008392334,295.31978349941744,true,2.7841075712429038,true,1.9729432245577938,7326,3917,1.0276565433497928e-321,3,1,MIP
1248,160.40199995040894,295.34465795710099,true,2.7841075712429038,true,1.9729550106339349,7327,3918,1.0276565433497928e-321,3,1,MIP
1249,160.52999997138977,295.61361623152862,true,2.7841075712429038,true,1.9729550106339349,7330,3921,1.0276565433497928e-321,3,1,MIP
1250,160.65199995040894,295.83760266459421,true,2.7841075712429038,true,1.9729550106339349,7333,3924,1.0276565433497928e-321,3,1,MIP
1251,160.80299997329712,296.1370425835679,true,2.7841075712429038,true,1.9729550106339349,7336,3925,1.0276565433497928e-321,3,1,MIP
1252,160.94400000572205,296.41774320908905,true,2.7841075712429038,true,1.9729550106339349,7338,3923,1.0276565433497928e-321,3,1,MIP
1253,160.98300004005432,296.49317174213422,true,2.7841075712429038,true,1.9729563792989302,7341,3920,1.0276565433497928e-321,3,1,MIP
1254,160.98300004005432,296.4935289281342,true,2.7841075712429038,true,1.9729935001126997,7342,3919,1.0276565433497928e-321,3,1,MIP
1255,161.11199998855591,296.75732079891844,true,2.7841075712429038,true,1.9737889219891029,7343,3920,1.0276565433497928e-321,3,1,MIP
1256,161.13599991798401,296.81511348370105,true,2.7841075712429038,true,1.9738400188505336,7344,3921,1.0276565433497928e-321,3,1,MIP
1257,161.2409999370575,297.02127596335657,true,2.7841075712429038,true,1.9738400188505336,7347,3924,1.0276565433497928e-321,3,1,MIP
1258,161.4909999370575,297.47438912299356,true,2.7841075712429038,true,1.9738400188505336,7349,3924,1.0276565433497928e-321,3,1,MIP
1259,161.63800001144409,297.7578006323489,true,2.7841075712429038,true,1.9738400188505336,7350,3923,1.0276565433497928e-321,3,1,MIP
1260,161.76099991798401,297.98704647403747,true,2.7841075712429038,true,1.9738400188505336,7351,3922,1.0276565433497928e-321,3,1,MIP
1261,161.86400008201599,298.19965996468505,true,2.7841075712429038,true,1.9738400188505336,7362,3929,1.0276565433497928e-321,3,1,MIP
1262,161.97300004959106,298.43678476704582,true,2.7841075712429038,true,1.9738400188505336,7370,3927,1.0276565433497928e-321,3,1,MIP
1263,161.98900008201599,298.46335281912053,true,2.7841075712429038,true,1.974722986877504,7371,3928,1.0276565433497928e-321,3,1,MIP
1264,162.11999988555908,298.71493047029674,true,2.7841075712429038,true,1.974722986877504,7373,3930,1.0276565433497928e-321,3,1,MIP
1265,162.23300004005432,298.92399758614306,true,2.7841075712429038,true,1.974722986877504,7377,3934,1.0276565433497928e-321,3,1,MIP
1266,162.3439998626709,299.13561163893263,true,2.7841075712429038,true,1.974722986877504,7382,3939,1.0276565433497928e-321,3,1,MIP
1267,162.46099996566772,299.36622040660495,true,2.7841075712429038,true,1.974722986877504,7389,3938,1.0276565433497928e-321,3,1,MIP
1268,162.5699999332428,299.56606096583624,true,2.7841075712429038,true,1.974722986877504,7395,3942,1.0276565433497928e-321,3,1,MIP
1269,162.68199992179871,299.79241019074487,true,2.7841075712429038,true,1.974722986877504,7405,3942,1.0276565433497928e-321,3,1,MIP
1270,162.73099994659424,299.88606000806618,true,2.7841075712429038,true,1.9747246238547009,7406,3943,1.0276565433497928e-321,3,1,MIP
1271,162.84100008010864,300.09007104888929,true,2.7841075712429038,true,1.9747246238547009,7414,3947,1.0276565433497928e-321,3,1,MIP
1272,162.94400000572205,300.27268815829825,true,2.7841075712429038,true,1.9747246238547009,7422,3953,1.0276565433497928e-321,3,1,MIP
1273,163.04999995231628,300.46943468335365,true,2.7841075712429038,true,1.9747246238547009,7445,3958,1.0276565433497928e-321,3,1,MIP
1274,163.13199996948242,300.63838014465085,true,2.7841075712429038,true,1.9756396900569093,7448,3959,1.0276565433497928e-321,3,1,MIP
1275,163.23799991607666,300.84498473441408,true,2.7841075712429038,true,1.9756396900569093,7453,3960,1.0276565433497928e-321,3,1,MIP
1276,163.34200000762939,301.04136269613508,true,2.7841075712429038,true,1.9756396900569093,7471,3974,1.0276565433497928e-321,3,1,MIP
1277,163.46199989318848,301.28044539217751,true,2.7841075712429038,true,1.9756999535645632,7477,3972,1.0276565433497928e-321,3,1,MIP
1278,163.51699995994568,301.39240442550351,true,2.7841075712429038,true,1.9757806430233262,7478,3973,1.0276565433497928e-321,3,1,MIP
1279,163.62999987602234,301.60831334814787,true,2.7841075712429038,true,1.9757806430233262,7488,3981,1.0276565433497928e-321,3,1,MIP
1280,163.73600006103516,301.79276414758073,true,2.7841075712429038,true,1.9757806430233262,7498,3991,1.0276565433497928e-321,3,1,MIP
1281,163.84500002861023,302.00873505650276,true,2.7841075712429038,true,1.9757806430233262,7524,4010,1.0276565433497928e-321,3,1,MIP
1282,163.84599995613098,302.00918071550274,true,2.7841075712429038,true,1.9759414003471032,7525,4009,1.0276565433497928e-321,3,1,MIP
1283,163.95700001716614,302.23103056197607,true,2.7841075712429038,true,1.9759414003471032,7527,4009,1.0276565433497928e-321,3,1,MIP
1284,164.07299995422363,302.44880253279052,true,2.7841075712429038,true,1.9759414003471032,7532,4014,1.0276565433497928e-321,3,1,MIP
1285,164.18299984931946,302.67798953537994,true,2.7841075712429038,true,1.9759414003471032,7546,4028,1.0276565433497928e-321,3,1,MIP
1286,164.33200001716614,302.93849376899374,true,2.7841075712429038,true,1.9759414003471032,7549,4031,1.0276565433497928e-321,3,1,MIP
1287,164.48699998855591,303.18112694369205,true,2.7841075712429038,true,1.9759414003471032,7550,4032,1.0276565433497928e-321,3,1,MIP
1288,164.60500001907349,303.37749566376806,true,2.7841075712429038,true,1.9759414003471032,7551,4033,1.0276565433497928e-321,3,1,MIP
1289,164.71199989318848,303.56481925276194,true,2.7841075712429038,true,1.9759414003471032,7554,4036,1.0276565433497928e-321,3,1,MIP
1290,164.81900000572205,303.77258674237754,true,2.7841075712429038,true,1.9759414003471032,7559,4035,1.0276565433497928e-321,3,1,MIP
1291,164.92799997329712,303.97596439759724,true,2.7841075712429038,true,1.9759414003471032,7578,4038,1.0276565433497928e-321,3,1,MIP
1292,164.98799991607666,304.09212375506473,true,2.7841075712429038,true,1.9759580213600145,7579,4039,1.0276565433497928e-321,3,1,MIP
1293,165.15199995040894,304.40283707124047,true,2.7841075712429038,true,1.9759580213600145,7587,4045,1.0276565433497928e-321,3,1,MIP
1294,165.25699996948242,304.60766426106954,true,2.7841075712429038,true,1.9759580213600145,7590,4044,1.0276565433497928e-321,3,1,MIP
1295,165.36199998855591,304.79596157130226,true,2.7841075712429038,true,1.9759580213600145,7596,4050,1.0276565433497928e-321,3,1,MIP
1296,165.46300005912781,304.97608419368197,true,2.7841075712429038,true,1.9759580213600145,7606,4060,1.0276565433497928e-321,3,1,MIP
1297,165.56399989128113,305.15436818621293,true,2.7841075712429038,true,1.9759580213600145,7633,4083,1.0276565433497928e-321,3,1,MIP
1298,165.68400001525879,305.38931356440384,true,2.7841075712429038,true,1.9760040140076234,7656,4082,1.0276565433497928e-321,3,1,MIP
1299,165.74799990653992,305.52136371159474,true,2.7841075712429038,true,1.9761550398117553,7657,4083,1.0276565433497928e-321,3,1,MIP
1300,165.85199999809265,305.73684844440839,true,2.7841075712429038,true,1.9761550398117553,7664,4088,1.0276565433497928e-321,3,1,MIP
1301,165.97300004959106,305.97187429161573,true,2.7841075712429038,true,1.9761917966217679,7670,4086,1.0276565433497928e-321,3,1,MIP
1302,166.30699992179871,306.58111177730353,true,2.7841075712429038,true,1.9761917966217679,7675,4087,1.0276565433497928e-321,3,1,MIP
1303,166.41000008583069,306.78001904882342,true,2.7841075712429038,true,1.9761917966217679,7678,4087,1.0276565433497928e-321,3,1,MIP
1304,166.56099987030029,307.08906695550098,true,2.7841075712429038,true,1.9761917966217679,7690,4091,1.0276565433497928e-321,3,1,MIP
1305,166.56599998474121,307.09582243536556,true,2.7841075712429038,true,1.9767424142118006,7691,4090,1.0276565433497928e-321,3,1,MIP
1306,166.67400002479553,307.30201272224934,true,2.7841075712429038,true,1.9767424142118006,7697,4096,1.0276565433497928e-321,3,1,MIP
1307,166.78500008583069,307.49853215055089,true,2.7841075712429038,true,1.9767424142118006,7699,4094,1.0276565433497928e-321,3,1,MIP
1308,166.89599990844727,307.70067774169399,true,2.7841075712429038,true,1.9767424142118006,7702,4095,1.0276565433497928e-321,3,1,MIP
1309,166.99900007247925,307.91418059435347,true,2.7841075712429038,true,1.9767424142118006,7710,4101,1.0276565433497928e-321,3,1,MIP
1310,167.1340000629425,308.18733983543717,true,2.7841075712429038,true,1.9773390423775516,7724,4099,1.0276565433497928e-321,3,1,MIP
1311,167.17899990081787,308.2729110038307,true,2.7841075712429038,true,1.9776346630946746,7725,4100,1.0276565433497928e-321,3,1,MIP
1312,167.2960000038147,308.48116259509789,true,2.7841075712429038,true,1.9776346630946746,7731,4104,1.0276565433497928e-321,3,1,MIP
1313,167.40700006484985,308.68857351269514,true,2.7841075712429038,true,1.9776346630946746,7736,4103,1.0276565433497928e-321,3,1,MIP
1314,167.46000003814697,308.79545392819642,true,2.7841075712429038,true,1.9777493530707357,7738,4103,1.0276565433497928e-321,3,1,MIP
1315,167.49399995803833,308.86300814126378,true,2.7841075712429038,true,1.9778777774050402,7739,4104,1.0276565433497928e-321,3,1,MIP
1316,167.68899989128113,309.21969935203771,true,2.7841075712429038,true,1.9778777774050402,7742,4107,1.0276565433497928e-321,3,1,MIP
1317,167.84699988365173,309.53354491732023,true,2.7841075712429038,true,1.9778777774050402,7747,4104,1.0276565433497928e-321,3,1,MIP
1318,167.91400003433228,309.66823829045165,true,2.7841075712429038,true,1.9778994039523228,7748,4105,1.0276565433497928e-321,3,1,MIP
1319,168.02300000190735,309.89514874342029,true,2.7841075712429038,true,1.9778994039523228,7751,4108,1.0276565433497928e-321,3,1,MIP
1320,168.1269998550415,310.09257149168303,true,2.7841075712429038,true,1.9778994039523228,7757,4114,1.0276565433497928e-321,3,1,MIP
1321,168.23399996757507,310.29921255747865,true,2.7841075712429038,true,1.9778994039523228,7763,4112,1.0276565433497928e-321,3,1,MIP
1322,168.36800003051758,310.55533586550797,true,2.7841075712429038,true,1.9779184997601846,7765,4114,1.0276565433497928e-321,3,1,MIP
1323,168.4760000705719,310.75987589281175,true,2.7841075712429038,true,1.9779184997601846,7769,4116,1.0276565433497928e-321,3,1,MIP
1324,168.60500001907349,310.99907897664139,true,2.7841075712429038,true,1.9779184997601846,7775,4122,1.0276565433497928e-321,3,1,MIP
1325,168.73499989509583,311.25632879911103,true,2.7841075712429038,true,1.9783520466567235,7786,4123,1.0276565433497928e-321,3,1,MIP
1326,168.84200000762939,311.45583616943492,true,2.7841075712429038,true,1.9783520466567235,7791,4126,1.0276565433497928e-321,3,1,MIP
1327,169.01399993896484,311.7970432213491,true,2.7841075712429038,true,1.9783520466567235,7806,4132,1.0276565433497928e-321,3,1,MIP
1328,169.0220000743866,311.81191651525489,true,2.7841075712429038,true,1.9786040270186798,7807,4131,1.0276565433497928e-321,3,1,MIP
1329,169.15299987792969,312.05188454835809,true,2.7841075712429038,true,1.9786040270186798,7813,4135,1.0276565433497928e-321,3,1,MIP
1330,169.27699995040894,312.29836726777177,true,2.7841075712429038,true,1.9786040270186798,7818,4136,1.0276565433497928e-321,3,1,MIP
1331,169.40700006484985,312.53016590284716,true,2.7841075712429038,true,1.9786040270186798,7824,4142,1.0276565433497928e-321,3,1,MIP
1332,169.5239999294281,312.75062897262956,true,2.7841075712429038,true,1.9786040270186798,7830,4141,1.0276565433497928e-321,3,1,MIP
1333,169.64100003242493,312.97025714494913,true,2.7841075712429038,true,1.9786040270186798,7834,4143,1.0276565433497928e-321,3,1,MIP
1334,169.79200005531311,313.24968452552304,true,2.7841075712429038,true,1.9786040270186798,7841,4146,1.0276565433497928e-321,3,1,MIP
1335,169.91700005531311,313.49728998602859,true,2.7841075712429038,true,1.9786551002553554,7854,4145,1.0276565433497928e-321,3,1,MIP
1336,169.96099996566772,313.58124925181204,true,2.7841075712429038,true,1.9788529009931073,7855,4146,1.0276565433497928e-321,3,1,MIP
1337,170.07399988174438,313.79279697357475,true,2.7841075712429038,true,1.9788529009931073,7860,4151,1.0276565433497928e-321,3,1,MIP
1338,170.19799995422363,314.03361819472059,true,2.7841075712429038,true,1.9788529009931073,7868,4159,1.0276565433497928e-321,3,1,MIP
1339,170.7649998664856,314.92196264120287,true,2.7841075712429038,true,1.9788529009931073,7873,4160,1.0276565433497928e-321,3,1,MIP
1340,170.86500000953674,315.10780630543695,true,2.7841075712429038,true,1.9788529009931073,7880,4165,1.0276565433497928e-321,3,1,MIP
1341,171.03900003433228,315.48027697002118,true,2.7841075712429038,true,1.9788529009931073,7890,4168,1.0276565433497928e-321,3,1,MIP
1342,171.0699999332428,315.53326839885432,true,2.7841075712429038,true,1.9791093813507783,7891,4169,1.0276565433497928e-321,3,1,MIP
1343,171.1729998588562,315.72617060085048,true,2.7841075712429038,true,1.9791093813507783,7899,4169,1.0276565433497928e-321,3,1,MIP
1344,171.24199986457825,315.86295879043092,true,2.7841075712429038,true,1.9791190677387167,7903,4167,1.0276565433497928e-321,3,1,MIP
1345,171.30799984931946,315.98431682111851,true,2.7841075712429038,true,1.9793069645107166,7904,4168,1.0276565433497928e-321,3,1,MIP
1346,171.36199998855591,316.09579018408436,true,2.7841075712429038,true,1.9796506787772779,7911,4163,1.0276565433497928e-321,3,1,MIP
1347,171.40899991989136,316.19940725483707,true,2.7841075712429038,true,1.9797914212404957,7912,4164,1.0276565433497928e-321,3,1,MIP
1348,171.53900003433228,316.47370880604115,true,2.7841075712429038,true,1.9799286519280899,7913,4165,1.0276565433497928e-321,3,1,MIP
1349,171.7260000705719,316.81320983584277,true,2.7841075712429038,true,1.9799286519280899,7918,4166,1.0276565433497928e-321,3,1,MIP
1350,171.83299994468689,317.01671769079081,true,2.7841075712429038,true,1.9799286519280899,7920,4166,1.0276565433497928e-321,3,1,MIP
1351,172.03200006484985,317.3965486979032,true,2.7841075712429038,true,1.9799286519280899,7924,4164,1.0276565433497928e-321,3,1,MIP
1352,172.17700004577637,317.65811446168919,true,2.7841075712429038,true,1.9799286519280899,7927,4163,1.0276565433497928e-321,3,1,MIP
1353,172.30399990081787,317.92695987927124,true,2.7841075712429038,true,1.9799651620104597,7929,4165,1.0276565433497928e-321,3,1,MIP
1354,172.50099992752075,318.32285012996209,true,2.7841075712429038,true,1.9799651620104597,7932,4168,1.0276565433497928e-321,3,1,MIP
1355,172.64999985694885,318.64039862259682,true,2.7841075712429038,true,1.9799651620104597,7937,4165,1.0276565433497928e-321,3,1,MIP
1356,172.85599994659424,319.02430135288364,true,2.7841075712429038,true,1.9799705470878743,7939,4167,1.0276565433497928e-321,3,1,MIP
1357,172.96300005912781,319.23922125035358,true,2.7841075712429038,true,1.9799705470878743,7943,4169,1.0276565433497928e-321,3,1,MIP
1358,173.0789999961853,319.45981930506036,true,2.7841075712429038,true,1.9799705470878743,7954,4172,1.0276565433497928e-321,3,1,MIP
1359,173.18599987030029,319.68343880888403,true,2.7841075712429038,true,1.9799717274291309,7958,4170,1.0276565433497928e-321,3,1,MIP
1360,173.3439998626709,320.0254632428813,true,2.7841075712429038,true,1.9799870998510309,7961,4169,1.0276565433497928e-321,3,1,MIP
1361,173.35800004005432,320.05170436689656,true,2.7841075712429038,true,1.9801619760648008,7962,4170,1.0276565433497928e-321,3,1,MIP
1362,173.46000003814697,320.24949580376818,true,2.7841075712429038,true,1.9801619760648008,7965,4171,1.0276565433497928e-321,3,1,MIP
1363,173.56900000572205,320.47546183683664,true,2.7841075712429038,true,1.9801619760648008,7970,4174,1.0276565433497928e-321,3,1,MIP
1364,173.72199988365173,320.78523352217854,true,2.7841075712429038,true,1.9801619760648008,7976,4176,1.0276565433497928e-321,3,1,MIP
1365,173.82699990272522,320.99745932781508,true,2.7841075712429038,true,1.9802693038985613,7981,4175,1.0276565433497928e-321,3,1,MIP
1366,173.94099998474121,321.22610693926521,true,2.7841075712429038,true,1.9802693038985613,7983,4177,1.0276565433497928e-321,3,1,MIP
1367,174.05699992179871,321.43770060597654,true,2.7841075712429038,true,1.9802693038985613,7989,4179,1.0276565433497928e-321,3,1,MIP
1368,174.18799996376038,321.68558182892821,true,2.7841075712429038,true,1.9802693038985613,7993,4179,1.0276565433497928e-321,3,1,MIP
1369,174.30699992179871,321.9216590411533,true,2.7841075712429038,true,1.9804538458961956,7997,4179,1.0276565433497928e-321,3,1,MIP
1370,174.41700005531311,322.12189446417636,true,2.7841075712429038,true,1.9804538458961956,8002,4184,1.0276565433497928e-321,3,1,MIP
1371,174.52600002288818,322.3175170319804,true,2.7841075712429038,true,1.9804538458961956,8010,4192,1.0276565433497928e-321,3,1,MIP
1372,174.66299986839294,322.57483838826533,true,2.7841075712429038,true,1.9804538458961956,8016,4196,1.0276565433497928e-321,3,1,MIP
1373,174.76399993896484,322.74997099340527,true,2.7841075712429038,true,1.9804538458961956,8027,4207,1.0276565433497928e-321,3,1,MIP
1374,174.88800001144409,322.96455617651037,true,2.7841075712429038,true,1.9804538458961956,8041,4219,1.0276565433497928e-321,3,1,MIP
1375,174.98900008201599,323.18349727792025,true,2.7841075712429038,true,1.9804538458961956,8048,4217,1.0276565433497928e-321,3,1,MIP
1376,175.07099986076355,323.36294171932866,true,2.7841075712429038,true,1.9804658361792067,8049,4218,1.0276565433497928e-321,3,1,MIP
1377,175.18099999427795,323.56392996132399,true,2.7841075712429038,true,1.9804658361792067,8053,4222,1.0276565433497928e-321,3,1,MIP
1378,175.3659999370575,323.89398186837496,true,2.7841075712429038,true,1.9804658361792067,8059,4224,1.0276565433497928e-321,3,1,MIP
1379,175.48799991607666,324.14926585333126,true,2.7841075712429038,true,1.9804811727730507,8063,4222,1.0276565433497928e-321,3,1,MIP
1380,175.5789999961853,324.34366182205554,true,2.7841075712429038,true,1.980516367175527,8066,4221,1.0276565433497928e-321,3,1,MIP
1381,175.66799998283386,324.51500513158288,true,2.7841075712429038,true,1.9806128038149748,8069,4222,1.0276565433497928e-321,3,1,MIP
1382,175.78099989891052,324.72501010122988,true,2.7841075712429038,true,1.9806128038149748,8077,4224,1.0276565433497928e-321,3,1,MIP
1383,175.88299989700317,324.90764524472633,true,2.7841075712429038,true,1.9806128038149748,8080,4223,1.0276565433497928e-321,3,1,MIP
1384,175.98499989509583,325.09536189645615,true,2.7841075712429038,true,1.9814783835183012,8083,4224,1.0276565433497928e-321,3,1,MIP
1385,176.0939998626709,325.29013495869447,true,2.7841075712429038,true,1.9814783835183012,8090,4227,1.0276565433497928e-321,3,1,MIP
1386,176.19400000572205,325.4594172532021,true,2.7841075712429038,true,1.9814783835183012,8097,4228,1.0276565433497928e-321,3,1,MIP
1387,176.2960000038147,325.65513440916465,true,2.7841075712429038,true,1.9814783835183012,8105,4226,1.0276565433497928e-321,3,1,MIP
1388,176.34500002861023,325.74537805095736,true,2.7841075712429038,true,1.9815835801110249,8108,4225,1.0276565433497928e-321,3,1,MIP
1389,176.45000004768372,325.97024751780305,true,2.7841075712429038,true,1.9819497230940044,8111,4226,1.0276565433497928e-321,3,1,MIP
1390,176.55299997329712,326.17290964372518,true,2.7841075712429038,true,1.9819497230940044,8114,4229,1.0276565433497928e-321,3,1,MIP
1391,176.65400004386902,326.37187004541335,true,2.7841075712429038,true,1.9819497230940044,8118,4233,1.0276565433497928e-321,3,1,MIP
1392,176.76200008392334,326.56676850253916,true,2.7841075712429038,true,1.9819497230940044,8126,4241,1.0276565433497928e-321,3,1,MIP
1393,176.86800003051758,326.7545700946942,true,2.7841075712429038,true,1.9819497230940044,8132,4247,1.0276565433497928e-321,3,1,MIP
1394,176.98199987411499,326.95845933471185,true,2.7841075712429038,true,1.9819497230940044,8142,4255,1.0276565433497928e-321,3,1,MIP
1395,177.09200000762939,327.15465275105055,true,2.7841075712429038,true,1.9819497230940044,8149,4262,1.0276565433497928e-321,3,1,MIP
1396,177.25999999046326,327.50124114706784,true,2.7841075712429038,true,1.9824292965758998,8156,4261,1.0276565433497928e-321,3,1,MIP
1397,177.46700000762939,327.90041343727967,true,2.7841075712429038,true,1.9824292965758998,8158,4263,1.0276565433497928e-321,3,1,MIP
1398,177.57200002670288,328.1097107032835,true,2.7841075712429038,true,1.9824292965758998,8161,4262,1.0276565433497928e-321,3,1,MIP
1399,177.6729998588562,328.32625298585509,true,2.7841075712429038,true,1.9824292965758998,8164,4265,1.0276565433497928e-321,3,1,MIP
1400,177.7979998588562,328.57865590539501,true,2.7841075712429038,true,1.9824292965758998,8169,4270,1.0276565433497928e-321,3,1,MIP
1401,177.89999985694885,328.76710164700995,true,2.7841075712429038,true,1.9824292965758998,8182,4283,1.0276565433497928e-321,3,1,MIP
1402,178.05299997329712,329.06218915832835,true,2.7841075712429038,true,1.9824292965758998,8211,4300,1.0276565433497928e-321,3,1,MIP
1403,178.12800002098083,329.2131030303745,true,2.7841075712429038,true,1.9824308376310251,8212,4301,1.0276565433497928e-321,3,1,MIP
1404,178.24199986457825,329.45183818306435,true,2.7841075712429038,true,1.9824308376310251,8216,4301,1.0276565433497928e-321,3,1,MIP
1405,178.36299991607666,329.69065540066134,true,2.7841075712429038,true,1.9824308376310251,8222,4307,1.0276565433497928e-321,3,1,MIP
1406,178.4689998626709,329.89571858639334,true,2.7841075712429038,true,1.9824308376310251,8229,4314,1.0276565433497928e-321,3,1,MIP
1407,178.6010000705719,330.15200517232245,true,2.7841075712429038,true,1.9824308376310251,8251,4326,1.0276565433497928e-321,3,1,MIP
1408,178.64999985694885,330.24156061272839,true,2.7841075712429038,true,1.9825812872534769,8252,4327,1.0276565433497928e-321,3,1,MIP
1409,178.78999996185303,330.52083003462889,true,2.7841075712429038,true,1.9825812872534769,8256,4329,1.0276565433497928e-321,3,1,MIP
1410,178.91599988937378,330.75889417436417,true,2.7841075712429038,true,1.9825812872534769,8259,4328,1.0276565433497928e-321,3,1,MIP
1411,179.01999998092651,330.95091220167734,true,2.7841075712429038,true,1.9825812872534769,8264,4327,1.0276565433497928e-321,3,1,MIP
1412,179.16299986839294,331.23753392740161,true,2.7841075712429038,true,1.9826080597476123,8266,4329,1.0276565433497928e-321,3,1,MIP
1413,179.27499985694885,331.45342348570227,true,2.7841075712429038,true,1.9826080597476123,8271,4330,1.0276565433497928e-321,3,1,MIP
1414,179.37599992752075,331.65570967028901,true,2.7841075712429038,true,1.9826080597476123,8274,4333,1.0276565433497928e-321,3,1,MIP
1415,179.49000000953674,331.87806585357015,true,2.7841075712429038,true,1.9826080597476123,8280,4335,1.0276565433497928e-321,3,1,MIP
1416,179.60899996757507,332.10615935211314,true,2.7841075712429038,true,1.9826080597476123,8282,4337,1.0276565433497928e-321,3,1,MIP
1417,179.71700000762939,332.32702255765355,true,2.7841075712429038,true,1.9826080597476123,8286,4341,1.0276565433497928e-321,3,1,MIP
1418,179.81900000572205,332.53319193530876,true,2.7841075712429038,true,1.9826080597476123,8291,4338,1.0276565433497928e-321,3,1,MIP
1419,179.93700003623962,332.75661018895829,true,2.7841075712429038,true,1.9826080597476123,8296,4341,1.0276565433497928e-321,3,1,MIP
1420,180.04900002479553,332.98877609525908,true,2.7841075712429038,true,1.9826080597476123,8298,4343,1.0276565433497928e-321,3,1,MIP
1421,180.15400004386902,333.19892483047244,true,2.7841075712429038,true,1.9826080597476123,8310,4353,1.0276565433497928e-321,3,1,MIP
1422,180.27099990844727,333.43513433606478,true,2.7841075712429038,true,1.9826080597476123,8322,4363,1.0276565433497928e-321,3,1,MIP
1423,180.375,333.63816645492682,true,2.7841075712429038,true,1.9826080597476123,8342,4383,1.0276565433497928e-321,3,1,MIP
1424,180.53299999237061,333.9284127258623,true,2.7841075712429038,true,1.9826080597476123,8364,4394,1.0276565433497928e-321,3,1,MIP
1425,180.59299993515015,334.04040256633584,true,2.7841075712429038,true,1.982822857805963,8365,4395,1.0276565433497928e-321,3,1,MIP
1426,180.69400000572205,334.23921758181319,true,2.7841075712429038,true,1.982822857805963,8376,4400,1.0276565433497928e-321,3,1,MIP
1427,180.78799986839294,334.42602740189068,true,2.7841075712429038,true,1.9829796971674705,8379,4401,1.0276565433497928e-321,3,1,MIP
1428,180.89499998092651,334.63483245389966,true,2.7841075712429038,true,1.9829796971674705,8383,4405,1.0276565433497928e-321,3,1,MIP
1429,181.03200006484985,334.90735100884888,true,2.7841075712429038,true,1.9829796971674705,8387,4405,1.0276565433497928e-321,3,1,MIP
1430,181.1470000743866,335.14078618643322,true,2.7841075712429038,true,1.9829796971674705,8390,4404,1.0276565433497928e-321,3,1,MIP
1431,181.1470000743866,335.14096718043322,true,2.7841075712429038,true,1.9830559444605926,8391,4403,1.0276565433497928e-321,3,1,MIP
1432,181.32699990272522,335.49921843502318,true,2.7841075712429038,true,1.9830559444605926,8394,4404,1.0276565433497928e-321,3,1,MIP
1433,181.44700002670288,335.73376704692635,true,2.7841075712429038,true,1.9830559444605926,8398,4406,1.0276565433497928e-321,3,1,MIP
1434,181.55999994277954,335.95130385296096,true,2.7841075712429038,true,1.9830559444605926,8404,4403,1.0276565433497928e-321,3,1,MIP
1435,181.66299986839294,336.15743185947292,true,2.7841075712429038,true,1.9830559444605926,8406,4403,1.0276565433497928e-321,3,1,MIP
1436,181.79200005531311,336.41727113361117,true,2.7841075712429038,true,1.9830559444605926,8408,4403,1.0276565433497928e-321,3,1,MIP
1437,181.85800004005432,336.54384259862616,true,2.7841075712429038,true,1.98323302812486,8409,4404,1.0276565433497928e-321,3,1,MIP
1438,181.96499991416931,336.73935281160453,true,2.7841075712429038,true,1.98323302812486,8415,4410,1.0276565433497928e-321,3,1,MIP
1439,182.06800007820129,336.92181254883405,true,2.7841075712429038,true,1.98323302812486,8423,4418,1.0276565433497928e-321,3,1,MIP
1440,182.17599987983704,337.13367704362787,true,2.7841075712429038,true,1.98323302812486,8428,4421,1.0276565433497928e-321,3,1,MIP
1441,182.29200005531311,337.35381451316459,true,2.7841075712429038,true,1.98323302812486,8442,4433,1.0276565433497928e-321,3,1,MIP
1442,182.4300000667572,337.61373909123603,true,2.7841075712429038,true,1.983517600587585,8451,4432,1.0276565433497928e-321,3,1,MIP
1443,182.62999987602234,337.98284214074653,true,2.7841075712429038,true,1.983517600587585,8452,4431,1.0276565433497928e-321,3,1,MIP
1444,182.74699997901917,338.22927604835462,true,2.7841075712429038,true,1.983517600587585,8456,4435,1.0276565433497928e-321,3,1,MIP
1445,182.84999990463257,338.43166066092527,true,2.7841075712429038,true,1.983517600587585,8465,4444,1.0276565433497928e-321,3,1,MIP
1446,182.9779999256134,338.68338709620815,true,2.7841075712429038,true,1.983517600587585,8486,4445,1.0276565433497928e-321,3,1,MIP
1447,183.03600001335144,338.80586466022805,true,2.7841075712429038,true,1.983582981706083,8487,4446,1.0276565433497928e-321,3,1,MIP
1448,183.26200008392334,339.21842627243359,true,2.7841075712429038,true,1.983582981706083,8489,4448,1.0276565433497928e-321,3,1,MIP
1449,183.37199997901917,339.44429844010841,true,2.7841075712429038,true,1.983582981706083,8491,4448,1.0276565433497928e-321,3,1,MIP
1450,183.47499990463257,339.62116258793333,true,2.7841075712429038,true,1.983582981706083,8496,4447,1.0276565433497928e-321,3,1,MIP
1451,183.58399987220764,339.86103658754814,true,2.7841075712429038,true,1.983582981706083,8498,4447,1.0276565433497928e-321,3,1,MIP
1452,183.69400000572205,340.08163806346948,true,2.7841075712429038,true,1.9837216052472582,8502,4447,1.0276565433497928e-321,3,1,MIP
1453,183.80299997329712,340.27189377356405,true,2.7841075712429038,true,1.9837216052472582,8507,4448,1.0276565433497928e-321,3,1,MIP
1454,183.90599989891052,340.46961060499245,true,2.7841075712429038,true,1.9837216052472582,8513,4450,1.0276565433497928e-321,3,1,MIP
1455,184.09100008010864,340.83534657323173,true,2.7841075712429038,true,1.9837216052472582,8529,4454,1.0276565433497928e-321,3,1,MIP
1456,184.10899996757507,340.87590056529876,true,2.7841075712429038,true,1.9838382087812279,8530,4455,1.0276565433497928e-321,3,1,MIP
1457,184.22199988365173,341.10774036670199,true,2.7841075712429038,true,1.9838382087812279,8536,4458,1.0276565433497928e-321,3,1,MIP
1458,184.34500002861023,341.35085889780783,true,2.7841075712429038,true,1.9838382087812279,8540,4454,1.0276565433497928e-321,3,1,MIP
1459,184.41700005531311,341.49596058766735,true,2.7841075712429038,true,1.9839706678766755,8542,4456,1.0276565433497928e-321,3,1,MIP
1460,184.65299987792969,341.95429352773988,true,2.7841075712429038,true,1.9839706678766755,8546,4456,1.0276565433497928e-321,3,1,MIP
1461,184.78699994087219,342.23453459728989,true,2.7841075712429038,true,1.9840355563879288,8551,4457,1.0276565433497928e-321,3,1,MIP
1462,184.89100003242493,342.44064691203505,true,2.7841075712429038,true,1.9840355563879288,8556,4458,1.0276565433497928e-321,3,1,MIP
1463,184.9779999256134,342.61386707360737,true,2.7841075712429038,true,1.9841061103714583,8560,4458,1.0276565433497928e-321,3,1,MIP
1464,185.10999989509583,342.88430501959209,true,2.7841075712429038,true,1.9841061103714583,8562,4460,1.0276565433497928e-321,3,1,MIP
1465,185.23499989509583,343.13128298691333,true,2.7841075712429038,true,1.9841061103714583,8568,4462,1.0276565433497928e-321,3,1,MIP
1466,185.32800006866455,343.32559969573799,true,2.7841075712429038,true,1.9844119023811884,8573,4459,1.0276565433497928e-321,3,1,MIP
1467,185.3289999961853,343.32591013873798,true,2.7841075712429038,true,1.9848026888309449,8574,4458,1.0276565433497928e-321,3,1,MIP
1468,185.47300004959106,343.62687799379017,true,2.7841075712429038,true,1.9848026888309449,8576,4460,1.0276565433497928e-321,3,1,MIP
1469,185.58099985122681,343.83349350415898,true,2.7841075712429038,true,1.9848026888309449,8579,4461,1.0276565433497928e-321,3,1,MIP
1470,185.70899987220764,344.08029818432061,true,2.7841075712429038,true,1.9848026888309449,8590,4460,1.0276565433497928e-321,3,1,MIP
1471,185.81099987030029,344.28102946592611,true,2.7841075712429038,true,1.9848162659583559,8598,4458,1.0276565433497928e-321,3,1,MIP
1472,185.85800004005432,344.37456444323601,true,2.7841075712429038,true,1.9849903437654626,8601,4457,1.0276565433497928e-321,3,1,MIP
1473,185.9210000038147,344.49732801510618,true,2.7841075712429038,true,1.9852975727368694,8602,4458,1.0276565433497928e-321,3,1,MIP
1474,186.02600002288818,344.6881285145958,true,2.7841075712429038,true,1.9852975727368694,8606,4458,1.0276565433497928e-321,3,1,MIP
1475,186.12599992752075,344.88440254004894,true,2.7841075712429038,true,1.9853601570784725,8613,4457,1.0276565433497928e-321,3,1,MIP
1476,186.1949999332428,345.02690876476225,true,2.7841075712429038,true,1.985620143568551,8616,4456,1.0276565433497928e-321,3,1,MIP
1477,186.2590000629425,345.15912623907911,true,2.7841075712429038,true,1.9856560034146071,8617,4457,1.0276565433497928e-321,3,1,MIP
1478,186.42499995231628,345.46188457149987,true,2.7841075712429038,true,1.9856560034146071,8622,4462,1.0276565433497928e-321,3,1,MIP
1479,186.52900004386902,345.66415319078288,true,2.7841075712429038,true,1.9856560034146071,8625,4459,1.0276565433497928e-321,3,1,MIP
1480,186.69099998474121,346.00397277380853,true,2.7841075712429038,true,1.9862562156471655,8628,4460,1.0276565433497928e-321,3,1,MIP
1481,186.7979998588562,346.19625510019847,true,2.7841075712429038,true,1.9862562156471655,8632,4464,1.0276565433497928e-321,3,1,MIP
1482,186.91700005531311,346.42404588080456,true,2.7841075712429038,true,1.9862562156471655,8633,4463,1.0276565433497928e-321,3,1,MIP
1483,187.06200003623962,346.70299106482184,true,2.7841075712429038,true,1.9862562156471655,8637,4461,1.0276565433497928e-321,3,1,MIP
1484,187.12199997901917,346.83132492274899,true,2.7841075712429038,true,1.9862965163616162,8638,4462,1.0276565433497928e-321,3,1,MIP
1485,187.23199987411499,347.04297001456848,true,2.7841075712429038,true,1.9862965163616162,8640,4464,1.0276565433497928e-321,3,1,MIP
1486,187.3529999256134,347.28877748939311,true,2.7841075712429038,true,1.9862965163616162,8643,4463,1.0276565433497928e-321,3,1,MIP
1487,187.4539999961853,347.48262922600316,true,2.7841075712429038,true,1.9862965163616162,8651,4471,1.0276565433497928e-321,3,1,MIP
1488,187.55599999427795,347.6744545594558,true,2.7841075712429038,true,1.9862965163616162,8659,4477,1.0276565433497928e-321,3,1,MIP
1489,187.66299986839294,347.86118540978805,true,2.7841075712429038,true,1.9862965163616162,8671,4489,1.0276565433497928e-321,3,1,MIP
1490,187.80799984931946,348.14399317712281,true,2.7841075712429038,true,1.9866007485777017,8686,4496,1.0276565433497928e-321,3,1,MIP
1491,187.92599987983704,348.34125495241113,true,2.7841075712429038,true,1.9866007485777017,8687,4495,1.0276565433497928e-321,3,1,MIP
1492,188.03500008583069,348.57189721550736,true,2.7841075712429038,true,1.9866007485777017,8691,4499,1.0276565433497928e-321,3,1,MIP
1493,188.13599991798401,348.76525470292773,true,2.7841075712429038,true,1.9866007485777017,8698,4506,1.0276565433497928e-321,3,1,MIP
1494,188.33899998664856,349.14060188710215,true,2.7841075712429038,true,1.9866007485777017,8706,4514,1.0276565433497928e-321,3,1,MIP
1495,188.44400000572205,349.33133420276243,true,2.7841075712429038,true,1.9866007485777017,8719,4524,1.0276565433497928e-321,3,1,MIP
1496,188.55699992179871,349.55000396778411,true,2.7841075712429038,true,1.9869707215306369,8727,4525,1.0276565433497928e-321,3,1,MIP
1497,188.73600006103516,349.87017907643701,true,2.7841075712429038,true,1.9869707215306369,8731,4525,1.0276565433497928e-321,3,1,MIP
1498,188.8510000705719,350.088804075263,true,2.7841075712429038,true,1.9869707215306369,8736,4528,1.0276565433497928e-321,3,1,MIP
1499,188.9689998626709,350.30682470245404,true,2.7841075712429038,true,1.9869707215306369,8742,4534,1.0276565433497928e-321,3,1,MIP
1500,189.08899998664856,350.53667561890711,true,2.7841075712429038,true,1.9869707215306369,8754,4536,1.0276565433497928e-321,3,1,MIP
1501,189.13499999046326,350.62766131132804,true,2.7841075712429038,true,1.9869967543689029,8755,4537,1.0276565433497928e-321,3,1,MIP
1502,189.26300001144409,350.86539290074705,true,2.7841075712429038,true,1.9869967543689029,8761,4541,1.0276565433497928e-321,3,1,MIP
1503,189.38800001144409,351.09815959987748,true,2.7841075712429038,true,1.9869967543689029,8764,4542,1.0276565433497928e-321,3,1,MIP
1504,189.48900008201599,351.28679195071021,true,2.7841075712429038,true,1.9869967543689029,8782,4560,1.0276565433497928e-321,3,1,MIP
1505,189.59800004959106,351.4907610191899,true,2.7841075712429038,true,1.9870729356035635,8798,4566,1.0276565433497928e-321,3,1,MIP
1506,189.625,351.53959466283004,true,2.7841075712429038,true,1.9870926730608709,8799,4565,1.0276565433497928e-321,3,1,MIP
1507,189.77600002288818,351.83798230621198,true,2.7841075712429038,true,1.9870926730608709,8803,4569,1.0276565433497928e-321,3,1,MIP
1508,189.89199995994568,352.07133025000945,true,2.7841075712429038,true,1.9870926730608709,8807,4573,1.0276565433497928e-321,3,1,MIP
1509,190.0220000743866,352.3316508513127,true,2.7841075712429038,true,1.9870926730608709,8810,4574,1.0276565433497928e-321,3,1,MIP
1510,190.12800002098083,352.52583075632884,true,2.7841075712429038,true,1.9870926730608709,8814,4578,1.0276565433497928e-321,3,1,MIP
1511,190.2519998550415,352.79037143456526,true,2.7841075712429038,true,1.9870926730608709,8820,4582,1.0276565433497928e-321,3,1,MIP
1512,190.37199997901917,353.04368609803419,true,2.7841075712429038,true,1.9870926730608709,8827,4585,1.0276565433497928e-321,3,1,MIP
1513,190.49799990653992,353.27643424314903,true,2.7841075712429038,true,1.9870926730608709,8831,4589,1.0276565433497928e-321,3,1,MIP
1514,190.59899997711182,353.4626294383807,true,2.7841075712429038,true,1.9870926730608709,8836,4594,1.0276565433497928e-321,3,1,MIP
1515,190.70599985122681,353.67996054411316,true,2.7841075712429038,true,1.9870926730608709,8840,4594,1.0276565433497928e-321,3,1,MIP
1516,190.85999989509583,353.97643126092652,true,2.7841075712429038,true,1.9870926730608709,8843,4597,1.0276565433497928e-321,3,1,MIP
1517,190.96399998664856,354.20205410361638,true,2.7841075712429038,true,1.9870926730608709,8847,4595,1.0276565433497928e-321,3,1,MIP
1518,191.06800007820129,354.3786630797577,true,2.7841075712429038,true,1.9870926730608709,8850,4598,1.0276565433497928e-321,3,1,MIP
1519,191.5939998626709,355.18027382213722,true,2.7841075712429038,true,1.9870926730608709,8856,4604,1.0276565433497928e-321,3,1,MIP
1520,191.69899988174438,355.38243559424035,true,2.7841075712429038,true,1.9870926730608709,8862,4609,1.0276565433497928e-321,3,1,MIP
1521,191.80799984931946,355.60455193802295,true,2.7841075712429038,true,1.9870926730608709,8867,4612,1.0276565433497928e-321,3,1,MIP
1522,191.95599985122681,355.89551363470486,true,2.7841075712429038,true,1.9870926730608709,8872,4617,1.0276565433497928e-321,3,1,MIP
1523,192.05900001525879,356.07837204586895,true,2.7841075712429038,true,1.9870926730608709,8877,4622,1.0276565433497928e-321,3,1,MIP
1524,192.16100001335144,356.25261782153046,true,2.7841075712429038,true,1.9870926730608709,8883,4628,1.0276565433497928e-321,3,1,MIP
1525,192.26300001144409,356.44624906363225,true,2.7841075712429038,true,1.9870926730608709,8889,4634,1.0276565433497928e-321,3,1,MIP
1526,192.39100003242493,356.69548014301904,true,2.7841075712429038,true,1.9870926730608709,8906,4651,1.0276565433497928e-321,3,1,MIP
1527,192.50999999046326,356.92607848798417,true,2.7841075712429038,true,1.9870926730608709,8914,4657,1.0276565433497928e-321,3,1,MIP
1528,192.61299991607666,357.1112659342532,true,2.7841075712429038,true,1.9870926730608709,8935,4664,1.0276565433497928e-321,3,1,MIP
1529,192.71399998664856,357.29109525784361,true,2.7841075712429038,true,1.9870926730608709,8946,4669,1.0276565433497928e-321,3,1,MIP
1530,192.81500005722046,357.470059853382,true,2.7841075712429038,true,1.9870926730608709,8981,4674,1.0276565433497928e-321,3,1,MIP
1531,192.90700006484985,357.64830223931193,true,2.7841075712429038,true,1.9873804440496219,8992,4669,1.0276565433497928e-321,3,1,MIP
1532,192.92199993133545,357.67971930533866,true,2.7841075712429038,true,1.9876835922201044,8993,4670,1.0276565433497928e-321,3,1,MIP
1533,193.04500007629395,357.92255195064047,true,2.7841075712429038,true,1.9876835922201044,8996,4671,1.0276565433497928e-321,3,1,MIP
1534,193.15299987792969,358.1405086764388,true,2.7841075712429038,true,1.9876835922201044,9001,4676,1.0276565433497928e-321,3,1,MIP
1535,193.25300002098083,358.34739943192466,true,2.7841075712429038,true,1.9876835922201044,9013,4680,1.0276565433497928e-321,3,1,MIP
1536,193.35899996757507,358.56180956467483,true,2.7841075712429038,true,1.9876835922201044,9022,4681,1.0276565433497928e-321,3,1,MIP
1537,193.50600004196167,358.87748576381762,true,2.7841075712429038,true,1.9876835922201044,9036,4681,1.0276565433497928e-321,3,1,MIP
1538,193.5149998664856,358.89600964154283,true,2.7841075712429038,true,1.9877466384756102,9037,4682,1.0276565433497928e-321,3,1,MIP
1539,193.6489999294281,359.1624958723981,true,2.7841075712429038,true,1.9877466384756102,9041,4684,1.0276565433497928e-321,3,1,MIP
1540,193.75399994850159,359.37035062879829,true,2.7841075712429038,true,1.9877466384756102,9046,4687,1.0276565433497928e-321,3,1,MIP
1541,193.85699987411499,359.55503116850628,true,2.7841075712429038,true,1.9877466384756102,9054,4695,1.0276565433497928e-321,3,1,MIP
1542,193.96000003814697,359.737012178675,true,2.7841075712429038,true,1.9877466384756102,9066,4707,1.0276565433497928e-321,3,1,MIP
1543,194.125,360.05588682342966,true,2.7841075712429038,true,1.9877466384756102,9094,4723,1.0276565433497928e-321,3,1,MIP
1544,194.17700004577637,360.16023073594062,true,2.7841075712429038,true,1.9879400326583538,9095,4724,1.0276565433497928e-321,3,1,MIP
1545,194.32099986076355,360.43541222175924,true,2.7841075712429038,true,1.9879400326583538,9097,4724,1.0276565433497928e-321,3,1,MIP
1546,194.46300005912781,360.70847341075284,true,2.7841075712429038,true,1.9879400326583538,9104,4729,1.0276565433497928e-321,3,1,MIP
1547,194.62800002098083,361.00926205468193,true,2.7841075712429038,true,1.9879400326583538,9111,4732,1.0276565433497928e-321,3,1,MIP
1548,194.75,361.23498518282156,true,2.7841075712429038,true,1.9879400326583538,9114,4730,1.0276565433497928e-321,3,1,MIP
1549,194.82399988174438,361.37661169257302,true,2.7841075712429038,true,1.9883758231307118,9120,4728,1.0276565433497928e-321,3,1,MIP
1550,194.87599992752075,361.48095890093128,true,2.7841075712429038,true,1.9883938686477054,9121,4729,1.0276565433497928e-321,3,1,MIP
1551,194.98699998855591,361.68302709250048,true,2.7841075712429038,true,1.9883938686477054,9126,4734,1.0276565433497928e-321,3,1,MIP
1552,195.09599995613098,361.88959908390967,true,2.7841075712429038,true,1.9883938686477054,9133,4737,1.0276565433497928e-321,3,1,MIP
1553,195.22000002861023,362.11140639162437,true,2.7841075712429038,true,1.9883938686477054,9141,4743,1.0276565433497928e-321,3,1,MIP
1554,195.38199996948242,362.4517051910089,true,2.7841075712429038,true,1.9883938686477054,9145,4739,1.0276565433497928e-321,3,1,MIP
1555,195.42199993133545,362.53892280667486,true,2.7841075712429038,true,1.9885053800441439,9146,4740,1.0276565433497928e-321,3,1,MIP
1556,195.4909999370575,362.67757709364849,true,2.7841075712429038,true,1.9886609911867641,9147,4741,1.0276565433497928e-321,3,1,MIP
1557,195.59899997711182,362.86253521629845,true,2.7841075712429038,true,1.9886609911867641,9152,4746,1.0276565433497928e-321,3,1,MIP
1558,195.80900001525879,363.23566479570894,true,2.7841075712429038,true,1.9886609911867641,9156,4748,1.0276565433497928e-321,3,1,MIP
1559,195.9300000667572,363.44876719648568,true,2.7841075712429038,true,1.9886609911867641,9165,4755,1.0276565433497928e-321,3,1,MIP
1560,196.02499985694885,363.62198292233177,true,2.7841075712429038,true,1.9895840313787849,9170,4752,1.0276565433497928e-321,3,1,MIP
1561,196.1010000705719,363.77202865643454,true,2.7841075712429038,true,1.9901129874366674,9171,4753,1.0276565433497928e-321,3,1,MIP
1562,196.21799993515015,364.00461768612206,true,2.7841075712429038,true,1.9901129874366674,9175,4755,1.0276565433497928e-321,3,1,MIP
1563,196.32299995422363,364.19769820615915,true,2.7841075712429038,true,1.9901129874366674,9198,4778,1.0276565433497928e-321,3,1,MIP
1564,196.42700004577637,364.40746799715168,true,2.7841075712429038,true,1.9901129874366674,9226,4798,1.0276565433497928e-321,3,1,MIP
1565,196.44300007820129,364.44015985831231,true,2.7841075712429038,true,1.9902674409089571,9227,4799,1.0276565433497928e-321,3,1,MIP
1566,196.56299996376038,364.6719937040998,true,2.7841075712429038,true,1.9902674409089571,9233,4799,1.0276565433497928e-321,3,1,MIP
1567,196.7960000038147,365.10156943512476,true,2.7841075712429038,true,1.9902674409089571,9235,4797,1.0276565433497928e-321,3,1,MIP
1568,196.92799997329712,365.33164231884109,true,2.7841075712429038,true,1.9902674409089571,9239,4799,1.0276565433497928e-321,3,1,MIP
1569,197.03299999237061,365.53007735175817,true,2.7841075712429038,true,1.9902674409089571,9241,4801,1.0276565433497928e-321,3,1,MIP
1570,197.16199994087219,365.77435573753252,true,2.7841075712429038,true,1.9902674409089571,9243,4799,1.0276565433497928e-321,3,1,MIP
1571,197.30799984931946,366.02670343590074,true,2.7841075712429038,true,1.9902674409089571,9244,4800,1.0276565433497928e-321,3,1,MIP
1572,197.41100001335144,366.22580095813402,true,2.7841075712429038,true,1.9910201351849415,9250,4798,1.0276565433497928e-321,3,1,MIP
1573,197.53999996185303,366.48899547092179,true,2.7841075712429038,true,1.9910201351849415,9254,4800,1.0276565433497928e-321,3,1,MIP
1574,197.67599987983704,366.73324199703859,true,2.7841075712429038,true,1.9910201351849415,9258,4800,1.0276565433497928e-321,3,1,MIP
1575,197.81699991226196,366.99870768149555,true,2.7841075712429038,true,1.9910201351849415,9263,4799,1.0276565433497928e-321,3,1,MIP
1576,197.86199998855591,367.08653906562751,true,2.7841075712429038,true,1.9913938128476221,9264,4800,1.0276565433497928e-321,3,1,MIP
1577,197.96300005912781,367.27926615707526,true,2.7841075712429038,true,1.9913938128476221,9268,4804,1.0276565433497928e-321,3,1,MIP
1578,198.06399989128113,367.46196521233867,true,2.7841075712429038,true,1.9913938128476221,9270,4806,1.0276565433497928e-321,3,1,MIP
1579,198.16899991035461,367.6525763850874,true,2.7841075712429038,true,1.9913938128476221,9278,4812,1.0276565433497928e-321,3,1,MIP
1580,198.26999998092651,367.84467379560169,true,2.7841075712429038,true,1.9913938128476221,9290,4822,1.0276565433497928e-321,3,1,MIP
1581,198.39499998092651,368.0969444485894,true,2.7841075712429038,true,1.9917316675659407,9298,4822,1.0276565433497928e-321,3,1,MIP
1582,198.50099992752075,368.29459670817835,true,2.7841075712429038,true,1.9917316675659407,9301,4823,1.0276565433497928e-321,3,1,MIP
1583,198.6029999256134,368.48046728839279,true,2.7841075712429038,true,1.9917316675659407,9308,4826,1.0276565433497928e-321,3,1,MIP
1584,198.73900008201599,368.75393570669291,true,2.7841075712429038,true,1.9917831741866714,9314,4826,1.0276565433497928e-321,3,1,MIP
1585,198.84299993515015,368.96306024313662,true,2.7841075712429038,true,1.9917831741866714,9320,4828,1.0276565433497928e-321,3,1,MIP
1586,198.94400000572205,369.14969314677938,true,2.7841075712429038,true,1.9917831741866714,9325,4833,1.0276565433497928e-321,3,1,MIP
1587,199.07399988174438,369.39348548245511,true,2.7841075712429038,true,1.9917831741866714,9332,4840,1.0276565433497928e-321,3,1,MIP
1588,199.17400002479553,369.57602986607947,true,2.7841075712429038,true,1.9917831741866714,9339,4847,1.0276565433497928e-321,3,1,MIP
1589,199.27499985694885,369.76066421561637,true,2.7841075712429038,true,1.9917831741866714,9349,4857,1.0276565433497928e-321,3,1,MIP
1590,199.375,369.95821115983307,true,2.7841075712429038,true,1.9917831741866714,9377,4877,1.0276565433497928e-321,3,1,MIP
1591,199.49199986457825,370.17367902252272,true,2.7841075712429038,true,1.9917831741866714,9411,4906,1.0276565433497928e-321,3,1,MIP
1592,199.63800001144409,370.44590436286518,true,2.7841075712429038,true,1.9917831741866714,9436,4916,1.0276565433497928e-321,3,1,MIP
1593,199.67899990081787,370.52574070233283,true,2.7841075712429038,true,1.9918694069646852,9437,4917,1.0276565433497928e-321,3,1,MIP
1594,199.77900004386902,370.73318368229394,true,2.7841075712429038,true,1.9918694069646852,9445,4919,1.0276565433497928e-321,3,1,MIP
1595,199.86199998855591,370.8946159297513,true,2.7841075712429038,true,1.9919559886198779,9448,4918,1.0276565433497928e-321,3,1,MIP
1596,200.0090000629425,371.20331433641365,true,2.7841075712429038,true,1.9919559886198779,9451,4921,1.0276565433497928e-321,3,1,MIP
1597,200.11699986457825,371.4186442695746,true,2.7841075712429038,true,1.9919559886198779,9457,4921,1.0276565433497928e-321,3,1,MIP
1598,200.2189998626709,371.60141826487438,true,2.7841075712429038,true,1.9919559886198779,9461,4925,1.0276565433497928e-321,3,1,MIP
1599,200.32099986076355,371.78106814106042,true,2.7841075712429038,true,1.9919559886198779,9468,4932,1.0276565433497928e-321,3,1,MIP
1600,200.42400002479553,371.97425178674592,true,2.7841075712429038,true,1.9919559886198779,9481,4939,1.0276565433497928e-321,3,1,MIP
1601,200.51699995994568,372.16269997998126,true,2.7841075712429038,true,1.9920439233808307,9504,4952,1.0276565433497928e-321,3,1,MIP
1602,200.58299994468689,372.29256047125671,true,2.7841075712429038,true,1.9922822776071494,9505,4953,1.0276565433497928e-321,3,1,MIP
1603,200.70599985122681,372.5243922944918,true,2.7841075712429038,true,1.9922822776071494,9511,4957,1.0276565433497928e-321,3,1,MIP
1604,200.81900000572205,372.7402782161916,true,2.7841075712429038,true,1.9922822776071494,9518,4962,1.0276565433497928e-321,3,1,MIP
1605,200.92499995231628,372.96642441607662,true,2.7841075712429038,true,1.9922822776071494,9530,4964,1.0276565433497928e-321,3,1,MIP
1606,201.0239999294281,373.1664075163095,true,2.7841075712429038,true,1.9933314204838826,9533,4965,1.0276565433497928e-321,3,1,MIP
1607,201.13199996948242,373.38353701023095,true,2.7841075712429038,true,1.9933314204838826,9537,4969,1.0276565433497928e-321,3,1,MIP
1608,201.23799991607666,373.57891319137445,true,2.7841075712429038,true,1.9933314204838826,9544,4976,1.0276565433497928e-321,3,1,MIP
1609,201.37999987602234,373.84987941786903,true,2.7841075712429038,true,1.9933314204838826,9558,4990,1.0276565433497928e-321,3,1,MIP
1610,201.48900008201599,374.0575542768396,true,2.7841075712429038,true,1.9934532151297062,9580,5000,1.0276565433497928e-321,3,1,MIP
1611,201.58200001716614,374.24526563662306,true,2.7841075712429038,true,1.9936878690533317,9583,5001,1.0276565433497928e-321,3,1,MIP
1612,201.68599987030029,374.43772955922947,true,2.7841075712429038,true,1.9936878690533317,9593,5005,1.0276565433497928e-321,3,1,MIP
1613,201.80099987983704,374.6496884098384,true,2.7841075712429038,true,1.9936878690533317,9596,5004,1.0276565433497928e-321,3,1,MIP
1614,201.92599987983704,374.89619648601411,true,2.7841075712429038,true,1.9936878690533317,9600,5004,1.0276565433497928e-321,3,1,MIP
1615,201.98300004005432,375.01269735082275,true,2.7841075712429038,true,1.9938708723015077,9601,5005,1.0276565433497928e-321,3,1,MIP
1616,202.1159999370575,375.249482338875,true,2.7841075712429038,true,1.9938708723015077,9605,5009,1.0276565433497928e-321,3,1,MIP
1617,202.26799988746643,375.53596235310727,true,2.7841075712429038,true,1.9938708723015077,9613,5015,1.0276565433497928e-321,3,1,MIP
1618,202.40599989891052,375.79872142848927,true,2.7841075712429038,true,1.9938708723015077,9622,5010,1.0276565433497928e-321,3,1,MIP
1619,202.4300000667572,375.84985536180164,true,2.7841075712429038,true,1.9940273300520597,9623,5011,1.0276565433497928e-321,3,1,MIP
1620,202.53900003433228,376.04067327492237,true,2.7841075712429038,true,1.9940273300520597,9632,5020,1.0276565433497928e-321,3,1,MIP
1621,202.70499992370605,376.34756343989284,true,2.7841075712429038,true,1.9940273300520597,9658,5036,1.0276565433497928e-321,3,1,MIP
1622,202.71700000762939,376.36827877198118,true,2.7841075712429038,true,1.9940583226077553,9659,5037,1.0276565433497928e-321,3,1,MIP
1623,202.90499997138977,376.73363421558111,true,2.7841075712429038,true,1.9940583226077553,9665,5041,1.0276565433497928e-321,3,1,MIP
1624,203.01900005340576,376.97144164777745,true,2.7841075712429038,true,1.9940583226077553,9669,5043,1.0276565433497928e-321,3,1,MIP
1625,203.17400002479553,377.28678117283283,true,2.7841075712429038,true,1.9940583226077553,9679,5041,1.0276565433497928e-321,3,1,MIP
1626,203.20899987220764,377.36077374990077,true,2.7841075712429038,true,1.994188812116537,9680,5042,1.0276565433497928e-321,3,1,MIP
1627,203.38199996948242,377.71509680332736,true,2.7841075712429038,true,1.994188812116537,9683,5045,1.0276565433497928e-321,3,1,MIP
1628,203.51900005340576,378.0009987130793,true,2.7841075712429038,true,1.994188812116537,9684,5046,1.0276565433497928e-321,3,1,MIP
1629,203.63100004196167,378.2201591839995,true,2.7841075712429038,true,1.994188812116537,9688,5044,1.0276565433497928e-321,3,1,MIP
1630,203.75099992752075,378.43910386994685,true,2.7841075712429038,true,1.994188812116537,9694,5050,1.0276565433497928e-321,3,1,MIP
1631,203.86999988555908,378.64144722402568,true,2.7841075712429038,true,1.994188812116537,9700,5056,1.0276565433497928e-321,3,1,MIP
1632,203.97699999809265,378.83037611050219,true,2.7841075712429038,true,1.994188812116537,9709,5065,1.0276565433497928e-321,3,1,MIP
1633,204.08099985122681,379.03330654364515,true,2.7841075712429038,true,1.994188812116537,9728,5074,1.0276565433497928e-321,3,1,MIP
1634,204.12899994850159,379.13062519217152,true,2.7841075712429038,true,1.9946223785129324,9729,5075,1.0276565433497928e-321,3,1,MIP
1635,204.23300004005432,379.33540024903266,true,2.7841075712429038,true,1.9946223785129324,9733,5079,1.0276565433497928e-321,3,1,MIP
1636,204.34299993515015,379.53389897078557,true,2.7841075712429038,true,1.9946223785129324,9745,5087,1.0276565433497928e-321,3,1,MIP
1637,204.46700000762939,379.73412716333911,true,2.7841075712429038,true,1.9946223785129324,9756,5098,1.0276565433497928e-321,3,1,MIP
1638,204.58200001716614,379.95034660985061,true,2.7841075712429038,true,1.9957649692753423,9763,5098,1.0276565433497928e-321,3,1,MIP
1639,204.74000000953674,380.24781905301819,true,2.7841075712429038,true,1.9957649692753423,9768,5099,1.0276565433497928e-321,3,1,MIP
1640,204.82200002670288,380.40097834856999,true,2.7841075712429038,true,1.9958199077196832,9777,5096,1.0276565433497928e-321,3,1,MIP
1641,204.8289999961853,380.41428407810213,true,2.7841075712429038,true,1.9965418622025606,9778,5095,1.0276565433497928e-321,3,1,MIP
1642,204.84299993515015,380.43722834734496,true,2.7841075712429038,true,1.9966659914295313,9779,5094,1.0276565433497928e-321,3,1,MIP
1643,204.8899998664856,380.53331834839997,true,2.7841075712429038,true,1.9971349380546446,9780,5095,1.0276565433497928e-321,3,1,MIP
1644,204.94400000572205,380.63586270120294,true,2.7841075712429038,true,1.997143351785253,9781,5096,1.0276565433497928e-321,3,1,MIP
1645,205.08800005912781,380.89319773137839,true,2.7841075712429038,true,1.997143351785253,9786,5099,1.0276565433497928e-321,3,1,MIP
1646,205.20000004768372,381.13161513321012,true,2.7841075712429038,true,1.997143351785253,9790,5097,1.0276565433497928e-321,3,1,MIP
1647,205.26799988746643,381.26644398629594,true,2.7841075712429038,true,1.9977383761313039,9791,5098,1.0276565433497928e-321,3,1,MIP
1648,205.38800001144409,381.50422307065907,true,2.7841075712429038,true,1.9977383761313039,9795,5102,1.0276565433497928e-321,3,1,MIP
1649,205.52499985694885,381.79553251705659,true,2.7841075712429038,true,1.9977383761313039,9797,5102,1.0276565433497928e-321,3,1,MIP
1650,205.64299988746643,382.00650735196405,true,2.7841075712429038,true,1.9977383761313039,9804,5109,1.0276565433497928e-321,3,1,MIP
1651,205.74499988555908,382.20381359686218,true,2.7841075712429038,true,1.9977383761313039,9817,5116,1.0276565433497928e-321,3,1,MIP
1652,205.91400003433228,382.57444094931134,true,2.7841075712429038,true,1.9977383761313039,9825,5116,1.0276565433497928e-321,3,1,MIP
1653,206.02499985694885,382.78356776155971,true,2.7841075712429038,true,1.9977383761313039,9829,5120,1.0276565433497928e-321,3,1,MIP
1654,206.19199991226196,383.06364095150423,true,2.7841075712429038,true,1.9977383761313039,9832,5119,1.0276565433497928e-321,3,1,MIP
1655,208.62100005149841,386.71850162643562,true,2.7841075712429038,true,1.9977383761313039,9839,5124,1.0276565433497928e-321,3,1,MIP
1656,208.73499989509583,386.9234510148612,true,2.7841075712429038,true,1.9977383761313039,9844,5129,1.0276565433497928e-321,3,1,MIP
1657,208.95599985122681,387.3250270717952,true,2.7841075712429038,true,1.9977383761313039,9849,5134,1.0276565433497928e-321,3,1,MIP
1658,209.16299986839294,387.75821990046978,true,2.7841075712429038,true,1.9977383761313039,9858,5132,1.0276565433497928e-321,3,1,MIP
1659,209.23399996757507,387.90441232483806,true,2.7841075712429038,true,1.9978493249660425,9859,5133,1.0276565433497928e-321,3,1,MIP
1660,209.34999990463257,388.12010743653923,true,2.7841075712429038,true,1.9978493249660425,9864,5138,1.0276565433497928e-321,3,1,MIP
1661,209.45099997520447,388.30821116471731,true,2.7841075712429038,true,1.9978493249660425,9868,5142,1.0276565433497928e-321,3,1,MIP
1662,209.55200004577637,388.50242038697888,true,2.7841075712429038,true,1.9978493249660425,9873,5141,1.0276565433497928e-321,3,1,MIP
1663,209.67400002479553,388.74129493932139,true,2.7841075712429038,true,1.9978493249660425,9875,5140,1.0276565433497928e-321,3,1,MIP
1664,209.74799990653992,388.86492917077385,true,2.7841075712429038,true,1.9978740501245347,9876,5141,1.0276565433497928e-321,3,1,MIP
1665,209.87299990653992,389.08932628017169,true,2.7841075712429038,true,1.9978740501245347,9878,5141,1.0276565433497928e-321,3,1,MIP
1666,210,389.35094357367802,true,2.7841075712429038,true,1.9978740501245347,9882,5141,1.0276565433497928e-321,3,1,MIP
1667,210.10399985313416,389.56077565894157,true,2.7841075712429038,true,1.9978740501245347,9885,5143,1.0276565433497928e-321,3,1,MIP
1668,210.23099994659424,389.83534849023567,true,2.7841075712429038,true,1.9978740501245347,9889,5141,1.0276565433497928e-321,3,1,MIP
1669,210.32399988174438,390.0316994575706,true,2.7841075712429038,true,1.9981141391234378,9899,5138,1.0276565433497928e-321,3,1,MIP
1670,210.3289999961853,390.03978698355849,true,2.7841075712429038,true,1.9984469049103939,9900,5137,1.0276565433497928e-321,3,1,MIP
1671,210.3289999961853,390.04061183055848,true,2.7841075712429038,true,1.9988130732933374,9901,5136,1.0276565433497928e-321,3,1,MIP
1672,210.33500003814697,390.05213718979826,true,2.7841075712429038,true,1.9988706503637168,9902,5135,1.0276565433497928e-321,3,1,MIP
1673,210.40700006484985,390.20190853741877,true,2.7841075712429038,true,1.9992314927011392,9903,5136,1.0276565433497928e-321,3,1,MIP
1674,210.43899989128113,390.2607868551604,true,2.7841075712429038,true,1.999356504149195,9904,5137,1.0276565433497928e-321,3,1,MIP
1675,210.5939998626709,390.57014110753437,true,2.7841075712429038,true,1.999356504149195,9906,5137,1.0276565433497928e-321,3,1,MIP
1676,210.70700001716614,390.78975051058097,true,2.7841075712429038,true,1.999356504149195,9909,5140,1.0276565433497928e-321,3,1,MIP
1677,210.81500005722046,391.00210179483287,true,2.7841075712429038,true,1.999356504149195,9916,5147,1.0276565433497928e-321,3,1,MIP
1678,210.91899991035461,391.2159284760271,true,2.7841075712429038,true,1.999356504149195,9928,5153,1.0276565433497928e-321,3,1,MIP
1679,211.06399989128113,391.53008604836162,true,2.7841075712429038,true,1.9994256146560452,9935,5151,1.0276565433497928e-321,3,1,MIP
1680,211.1340000629425,391.66866736045341,true,2.7841075712429038,true,1.9996532358229144,9936,5152,1.0276565433497928e-321,3,1,MIP
1681,211.26600003242493,391.93950020936006,true,2.7841075712429038,true,1.9996532358229144,9940,5152,1.0276565433497928e-321,3,1,MIP
1682,211.41199994087219,392.18237212005675,true,2.7841075712429038,true,1.9996532358229144,9942,5154,1.0276565433497928e-321,3,1,MIP
1683,211.5460000038147,392.436370844534,true,2.7841075712429038,true,1.9999966797882796,9950,5154,1.0276565433497928e-321,3,1,MIP
1684,211.67499995231628,392.6693667043009,true,2.7841075712429038,true,1.9999966797882796,9956,5158,1.0276565433497928e-321,3,1,MIP
1685,211.83200001716614,392.94835840996393,true,2.7841075712429038,true,1.9999966797882796,9959,5159,1.0276565433497928e-321,3,1,MIP
1686,211.9449999332428,393.1667115387578,true,2.7841075712429038,true,1.9999966797882796,9964,5156,1.0276565433497928e-321,3,1,MIP
1687,212.02999997138977,393.335825973949,true,2.7841075712429038,true,2.0006247198757707,9968,5154,1.0276565433497928e-321,3,1,MIP
1688,212.04900002479553,393.36509497765627,true,2.7841075712429038,true,2.0008064725485162,9969,5153,1.0276565433497928e-321,3,1,MIP
1689,212.19700002670288,393.67216560474446,true,2.7841075712429038,true,2.0008064725485162,9970,5154,1.0276565433497928e-321,3,1,MIP
1690,212.36500000953674,393.9740912234887,true,2.7841075712429038,true,2.0008064725485162,9973,5155,1.0276565433497928e-321,3,1,MIP
1691,212.54699993133545,394.32198938997004,true,2.7841075712429038,true,2.0008064725485162,9974,5154,1.0276565433497928e-321,3,1,MIP
1692,212.66799998283386,394.55365187091138,true,2.7841075712429038,true,2.0008064725485162,9976,5156,1.0276565433497928e-321,3,1,MIP
1693,212.78799986839294,394.77256220020013,true,2.7841075712429038,true,2.0008064725485162,9979,5157,1.0276565433497928e-321,3,1,MIP
1694,212.90199995040894,394.98934517491136,true,2.7841075712429038,true,2.0008064725485162,9982,5158,1.0276565433497928e-321,3,1,MIP
1695,213.04999995231628,395.31228889658252,true,2.7841075712429038,true,2.0008064725485162,9992,5158,1.0276565433497928e-321,3,1,MIP
1696,213.06599998474121,395.33556068315477,true,2.7841075712429038,true,2.0018181691585015,9993,5159,1.0276565433497928e-321,3,1,MIP
1697,213.17899990081787,395.53970713527167,true,2.7841075712429038,true,2.0018181691585015,9996,5162,1.0276565433497928e-321,3,1,MIP
1698,213.27999997138977,395.71370763029472,true,2.7841075712429038,true,2.0018181691585015,10001,5165,1.0276565433497928e-321,3,1,MIP
1699,213.43099999427795,395.99293103091321,true,2.7841075712429038,true,2.0018181691585015,10006,5164,1.0276565433497928e-321,3,1,MIP
1700,213.65299987792969,396.44033512513533,true,2.7841075712429038,true,2.0020069598746062,10009,5165,1.0276565433497928e-321,3,1,MIP
1701,213.77099990844727,396.67862425061759,true,2.7841075712429038,true,2.0020069598746062,10014,5166,1.0276565433497928e-321,3,1,MIP
1702,213.88100004196167,396.89693395778824,true,2.7841075712429038,true,2.0020069598746062,10015,5165,1.0276565433497928e-321,3,1,MIP
1703,214.01600003242493,397.13286432656696,true,2.7841075712429038,true,2.0020069598746062,10018,5164,1.0276565433497928e-321,3,1,MIP
1704,214.1710000038147,397.4579552161004,true,2.7841075712429038,true,2.0021970738061241,10020,5166,1.0276565433497928e-321,3,1,MIP
1705,214.28500008583069,397.68252969571137,true,2.7841075712429038,true,2.0021970738061241,10026,5166,1.0276565433497928e-321,3,1,MIP
1706,214.37299990653992,397.86074123895025,true,2.7841075712429038,true,2.0022242550242328,10029,5165,1.0276565433497928e-321,3,1,MIP
1707,214.50099992752075,398.1231463570665,true,2.7841075712429038,true,2.0022242550242328,10033,5165,1.0276565433497928e-321,3,1,MIP
1708,214.71399998664856,398.54031218461415,true,2.7841075712429038,true,2.0022242550242328,10035,5167,1.0276565433497928e-321,3,1,MIP
1709,214.84999990463257,398.83271126280118,true,2.7841075712429038,true,2.0022242550242328,10039,5167,1.0276565433497928e-321,3,1,MIP
1710,214.98499989509583,399.12559981458674,true,2.7841075712429038,true,2.0022242550242328,10046,5166,1.0276565433497928e-321,3,1,MIP
1711,215.01699995994568,399.19801776752087,true,2.7841075712429038,true,2.0023862339394336,10047,5167,1.0276565433497928e-321,3,1,MIP
1712,215.20599985122681,399.60586119439859,true,2.7841075712429038,true,2.0023862339394336,10048,5168,1.0276565433497928e-321,3,1,MIP
1713,215.32500004768372,399.86357628912441,true,2.7841075712429038,true,2.0023862339394336,10052,5168,1.0276565433497928e-321,3,1,MIP
1714,215.45799994468689,400.14716834872502,true,2.7841075712429038,true,2.0024779398325201,10056,5166,1.0276565433497928e-321,3,1,MIP
1715,215.48499989509583,400.19903402657741,true,2.7841075712429038,true,2.0025800331303882,10057,5167,1.0276565433497928e-321,3,1,MIP
1716,215.59200000762939,400.42012916054887,true,2.7841075712429038,true,2.0025800331303882,10060,5170,1.0276565433497928e-321,3,1,MIP
1717,215.75099992752075,400.72833012640979,true,2.7841075712429038,true,2.0025800331303882,10066,5176,1.0276565433497928e-321,3,1,MIP
1718,215.85999989509583,400.93876281844308,true,2.7841075712429038,true,2.0025800331303882,10070,5176,1.0276565433497928e-321,3,1,MIP
1719,215.91000008583069,401.03388776153355,true,2.7841075712429038,true,2.0026944966926972,10074,5174,1.0276565433497928e-321,3,1,MIP
1720,215.99499988555908,401.19748608479148,true,2.7841075712429038,true,2.002809801069227,10077,5175,1.0276565433497928e-321,3,1,MIP
1721,216.11199998855591,401.4063696217375,true,2.7841075712429038,true,2.002809801069227,10086,5184,1.0276565433497928e-321,3,1,MIP
1722,216.21700000762939,401.58690509313129,true,2.7841075712429038,true,2.002809801069227,10093,5191,1.0276565433497928e-321,3,1,MIP
1723,216.32699990272522,401.77476087571586,true,2.7841075712429038,true,2.002809801069227,10106,5204,1.0276565433497928e-321,3,1,MIP
1724,216.42499995231628,401.95077855091915,true,2.7841075712429038,true,2.0029312423500842,10116,5203,1.0276565433497928e-321,3,1,MIP
1725,216.48499989509583,402.07788628473031,true,2.7841075712429038,true,2.0030410511313503,10117,5204,1.0276565433497928e-321,3,1,MIP
1726,216.54500007629395,402.19373912739763,true,2.7841075712429038,true,2.0038027520638693,10118,5203,1.0276565433497928e-321,3,1,MIP
1727,216.65799999237061,402.40971774865551,true,2.7841075712429038,true,2.0038027520638693,10122,5207,1.0276565433497928e-321,3,1,MIP
1728,216.78099989891052,402.64790025091634,true,2.7841075712429038,true,2.0038124543746059,10128,5205,1.0276565433497928e-321,3,1,MIP
1729,216.90599989891052,402.88409615411251,true,2.7841075712429038,true,2.0038124543746059,10132,5207,1.0276565433497928e-321,3,1,MIP
1730,217.0220000743866,403.08657577632556,true,2.7841075712429038,true,2.0038124543746059,10139,5210,1.0276565433497928e-321,3,1,MIP
1731,217.16899991035461,403.36061294362059,true,2.7841075712429038,true,2.0038124543746059,10144,5207,1.0276565433497928e-321,3,1,MIP
1732,217.19899988174438,403.4265075169543,true,2.7841075712429038,true,2.0038274307214232,10145,5208,1.0276565433497928e-321,3,1,MIP
1733,217.24499988555908,403.51793569010044,true,2.7841075712429038,true,2.0039333167935149,10152,5207,1.0276565433497928e-321,3,1,MIP
1734,217.38100004196167,403.78343885736041,true,2.7841075712429038,true,2.0039333167935149,10154,5207,1.0276565433497928e-321,3,1,MIP
1735,217.51399993896484,404.03131948141112,true,2.7841075712429038,true,2.0039333167935149,10159,5212,1.0276565433497928e-321,3,1,MIP
1736,217.64800000190735,404.30472651215814,true,2.7841075712429038,true,2.0039333167935149,10164,5215,1.0276565433497928e-321,3,1,MIP
1737,217.75600004196167,404.49578386628241,true,2.7841075712429038,true,2.0039333167935149,10171,5220,1.0276565433497928e-321,3,1,MIP
1738,217.86800003051758,404.71969048353236,true,2.7841075712429038,true,2.0039333167935149,10180,5221,1.0276565433497928e-321,3,1,MIP
1739,217.89800000190735,404.77716019226898,true,2.7841075712429038,true,2.0042580270669403,10181,5222,1.0276565433497928e-321,3,1,MIP
1740,218.00099992752075,404.96902085010663,true,2.7841075712429038,true,2.0042580270669403,10187,5224,1.0276565433497928e-321,3,1,MIP
1741,218.10599994659424,405.14657507978404,true,2.7841075712429038,true,2.0042580270669403,10194,5225,1.0276565433497928e-321,3,1,MIP
1742,218.21600008010864,405.33668065514485,true,2.7841075712429038,true,2.0042580270669403,10199,5226,1.0276565433497928e-321,3,1,MIP
1743,231.53200006484985,432.36460880410783,true,2.7841075712429038,true,2.0042580270669403,10203,5227,1.0276565433497928e-321,3,1,MIP
1744,231.69599986076355,432.67841865646648,true,2.7841075712429038,true,2.0042580270669403,10204,5228,1.0276565433497928e-321,3,1,MIP
1745,232.18099999427795,433.51859633642408,true,2.7841075712429038,true,2.0042580270669403,10205,5228,1.0276565433497928e-321,3,1,MIP
1746,232.28999996185303,433.73956092860851,true,2.7841075712429038,true,2.0042580270669403,10206,5229,1.0276565433497928e-321,3,1,MIP
1747,232.46799993515015,434.1617668868434,true,2.7841075712429038,true,2.0042580270669403,10208,5230,1.0276565433497928e-321,3,1,MIP
1748,232.65400004386902,434.46972194520066,true,2.7841075712429038,true,2.0042580270669403,10209,5231,1.0276565433497928e-321,3,1,MIP
1749,233.45499992370605,435.89027867551874,true,2.7841075712429038,true,2.0042580270669403,10209,5231,1.0276565433497928e-321,3,1,MIP
1750,233.63700008392334,436.30928587109639,true,2.7841075712429038,true,2.0042580270669403,10210,5232,1.0276565433497928e-321,3,1,MIP
1751,234.27499985694885,437.41385761482144,true,2.7841075712429038,true,2.0042580270669403,10211,5232,1.0276565433497928e-321,3,1,MIP
1752,235.1010000705719,438.92299384574807,true,2.7841075712429038,true,2.0042580270669403,10211,5232,1.0276565433497928e-321,3,1,MIP
1753,235.80399990081787,440.15065179265747,true,2.7841075712429038,true,2.0042580270669403,10213,5234,1.0276565433497928e-321,3,1,MIP
1754,236.51699995994568,441.39979937154493,true,2.7841075712429038,true,2.0042580270669403,10213,5234,1.0276565433497928e-321,3,1,MIP
1755,236.6269998550415,441.64587011862386,true,2.7841075712429038,true,2.0042580270669403,10214,5234,1.0276565433497928e-321,3,1,MIP
1756,237.25600004196167,442.70896442631806,true,2.7841075712429038,true,2.0042580270669403,10215,5235,1.0276565433497928e-321,3,1,MIP
1757,238.01300001144409,444.04557983284849,true,2.7841075712429038,true,2.0042580270669403,10215,5235,1.0276565433497928e-321,3,1,MIP
1758,238.7739999294281,445.42598722921383,true,2.7841075712429038,true,2.0042580270669403,10217,5236,1.0276565433497928e-321,3,1,MIP
1759,239.56099987030029,446.82547145508471,true,2.7841075712429038,true,2.0042580270669403,10217,5236,1.0276565433497928e-321,3,1,MIP
1760,239.6949999332428,446.98994813993448,true,2.7841075712429038,true,2.0042580270669403,10218,5237,1.0276565433497928e-321,3,1,MIP
1761,240.3439998626709,448.12977205544746,true,2.7841075712429038,true,2.0042580270669403,10219,5238,1.0276565433497928e-321,3,1,MIP
1762,241.13299989700317,449.54997696798637,true,2.7841075712429038,true,2.0042580270669403,10219,5238,1.0276565433497928e-321,3,1,MIP
1763,241.25600004196167,449.82150926860993,true,2.7841075712429038,true,2.0042580270669403,10220,5238,1.0276565433497928e-321,3,1,MIP
1764,241.86899995803833,450.86617708796177,true,2.7841075712429038,true,2.0042580270669403,10221,5239,1.0276565433497928e-321,3,1,MIP
1765,242.67499995231628,452.36136199860687,true,2.7841075712429038,true,2.0042580270669403,10221,5239,1.0276565433497928e-321,3,1,MIP
1766,242.78699994087219,452.56194066877958,true,2.7841075712429038,true,2.0042580270669403,10222,5240,1.0276565433497928e-321,3,1,MIP
1767,243.47000002861023,453.77428848856619,true,2.7841075712429038,true,2.0042580270669403,10223,5240,1.0276565433497928e-321,3,1,MIP
1768,244.21499991416931,455.11556477574214,true,2.7841075712429038,true,2.0042580270669403,10223,5240,1.0276565433497928e-321,3,1,MIP
1769,244.9779999256134,456.50043974760416,true,2.7841075712429038,true,2.0042580270669403,10225,5242,1.0276565433497928e-321,3,1,MIP
1770,245.72399997711182,457.81712933517144,true,2.7841075712429038,true,2.0042580270669403,10225,5242,1.0276565433497928e-321,3,1,MIP
1771,245.85999989509583,457.99981478968436,true,2.7841075712429038,true,2.0042580270669403,10226,5242,1.0276565433497928e-321,3,1,MIP
1772,246.5,459.13211980089352,true,2.7841075712429038,true,2.0042580270669403,10227,5243,1.0276565433497928e-321,3,1,MIP
1773,247.22300004959106,460.41016292367419,true,2.7841075712429038,true,2.0042580270669403,10227,5243,1.0276565433497928e-321,3,1,MIP
1774,247.32599997520447,460.62324696318598,true,2.7841075712429038,true,2.0042580270669403,10228,5244,1.0276565433497928e-321,3,1,MIP
1775,247.99499988555908,461.80561328661474,true,2.7841075712429038,true,2.0042580270669403,10229,5244,1.0276565433497928e-321,3,1,MIP
1776,248.82200002670288,463.33549471559201,true,2.7841075712429038,true,2.0042580270669403,10229,5244,1.0276565433497928e-321,3,1,MIP
1777,248.99699997901917,463.57544517979278,true,2.7841075712429038,true,2.0042580270669403,10230,5245,1.0276565433497928e-321,3,1,MIP
1778,249.72199988365173,464.90668128527142,true,2.7841075712429038,true,2.0042580270669403,10231,5246,1.0276565433497928e-321,3,1,MIP
1779,250.52300000190735,466.34799760872914,true,2.7841075712429038,true,2.0042580270669403,10231,5246,1.0276565433497928e-321,3,1,MIP
1780,251.26399993896484,467.69185331888525,true,2.7841075712429038,true,2.0042580270669403,10233,5247,1.0276565433497928e-321,3,1,MIP
1781,252.00099992752075,469.01101761610835,true,2.7841075712429038,true,2.0042580270669403,10233,5247,1.0276565433497928e-321,3,1,MIP
1782,252.37599992752075,469.47665204273659,true,2.7841075712429038,true,2.0042580270669403,10234,5248,1.0276565433497928e-321,3,1,MIP
1783,253.06200003623962,470.68919065900178,true,2.7841075712429038,true,2.0042580270669403,10235,5248,1.0276565433497928e-321,3,1,MIP
1784,253.85999989509583,472.04226398312164,true,2.7841075712429038,true,2.0042580270669403,10235,5248,1.0276565433497928e-321,3,1,MIP
1785,254.0699999332428,472.49720362124549,true,2.7841075712429038,true,2.0042580270669403,10236,5249,1.0276565433497928e-321,3,1,MIP
1786,254.79399991035461,473.70700730097491,true,2.7841075712429038,true,2.0042580270669403,10237,5250,1.0276565433497928e-321,3,1,MIP
1787,255.58800005912781,475.03786872297502,true,2.7841075712429038,true,2.0042580270669403,10237,5250,1.0276565433497928e-321,3,1,MIP
1788,256.3439998626709,476.30371213618918,true,2.7841075712429038,true,2.0042580270669403,10239,5251,1.0276565433497928e-321,3,1,MIP
1789,257.09100008010864,477.58145082701623,true,2.7841075712429038,true,2.0042580270669403,10239,5251,1.0276565433497928e-321,3,1,MIP
1790,257.84699988365173,478.85051730138787,true,2.7841075712429038,true,2.0042580270669403,10241,5252,1.0276565433497928e-321,3,1,MIP
1791,258.57200002670288,480.09633031551334,true,2.7841075712429038,true,2.0042580270669403,10241,5252,1.0276565433497928e-321,3,1,MIP
1792,258.68799996376038,480.32219633223002,true,2.7841075712429038,true,2.0042580270669403,10242,5253,1.0276565433497928e-321,3,1,MIP
1793,259.3510000705719,481.49116704661043,true,2.7841075712429038,true,2.0042580270669403,10243,5254,1.0276565433497928e-321,3,1,MIP
1794,260.03999996185303,482.65424668989209,true,2.7841075712429038,true,2.0042580270669403,10243,5254,1.0276565433497928e-321,3,1,MIP
1795,260.73499989509583,483.81731332927137,true,2.7841075712429038,true,2.0042580270669403,10245,5255,1.0276565433497928e-321,3,1,MIP
1796,261.51799988746643,485.18828363689749,true,2.7841075712429038,true,2.0042580270669403,10245,5255,1.0276565433497928e-321,3,1,MIP
1797,261.80799984931946,485.58172243972786,true,2.7841075712429038,true,2.0042580270669403,10246,5256,1.0276565433497928e-321,3,1,MIP
1798,262.4229998588562,486.63583942955211,true,2.7841075712429038,true,2.0042580270669403,10247,5256,1.0276565433497928e-321,3,1,MIP
1799,263.19300007820129,487.93456572487366,true,2.7841075712429038,true,2.0042580270669403,10247,5256,1.0276565433497928e-321,3,1,MIP
1800,263.29399991035461,488.11572630259212,true,2.7841075712429038,true,2.0042580270669403,10248,5257,1.0276565433497928e-321,3,1,MIP
1801,263.88800001144409,489.12363255067066,true,2.7841075712429038,true,2.0042580270669403,10249,5258,1.0276565433497928e-321,3,1,MIP
1802,264.5789999961853,490.28589841043572,true,2.7841075712429038,true,2.0042580270669403,10249,5258,1.0276565433497928e-321,3,1,MIP
1803,265.28699994087219,491.49774781218633,true,2.7841075712429038,true,2.0042580270669403,10251,5259,1.0276565433497928e-321,3,1,MIP
1804,266.00300002098083,492.67477062079377,true,2.7841075712429038,true,2.0042580270669403,10251,5259,1.0276565433497928e-321,3,1,MIP
1805,266.1159999370575,492.86606374171907,true,2.7841075712429038,true,2.0042580270669403,10252,5260,1.0276565433497928e-321,3,1,MIP
1806,266.73399996757507,493.89642242446718,true,2.7841075712429038,true,2.0042580270669403,10253,5260,1.0276565433497928e-321,3,1,MIP
1807,267.56399989128113,495.37377011793603,true,2.7841075712429038,true,2.0042580270669403,10253,5260,1.0276565433497928e-321,3,1,MIP
1808,268.2590000629425,496.5556291713844,true,2.7841075712429038,true,2.0042580270669403,10255,5262,1.0276565433497928e-321,3,1,MIP
1809,268.96700000762939,497.80629966614862,true,2.7841075712429038,true,2.0042580270669403,10255,5262,1.0276565433497928e-321,3,1,MIP
1810,269.73600006103516,498.99767232556127,true,2.7841075712429038,true,2.0042580270669403,10257,5263,1.0276565433497928e-321,3,1,MIP
1811,270.51999998092651,500.36886965691394,true,2.7841075712429038,true,2.0042580270669403,10257,5263,1.0276565433497928e-321,3,1,MIP
1812,271.26799988746643,501.65941842818631,true,2.7841075712429038,true,2.0042580270669403,10259,5264,1.0276565433497928e-321,3,1,MIP
1813,272.03299999237061,502.94155079928873,true,2.7841075712429038,true,2.0042580270669403,10259,5264,1.0276565433497928e-321,3,1,MIP
1814,272.81699991226196,504.15332493688385,true,2.7841075712429038,true,2.0042580270669403,10261,5266,1.0276565433497928e-321,3,1,MIP
1815,273.58099985122681,505.4361310802712,true,2.7841075712429038,true,2.0042580270669403,10261,5266,1.0276565433497928e-321,3,1,MIP
1816,273.78799986839294,505.71120592881806,true,2.7841075712429038,true,2.0042580270669403,10262,5266,1.0276565433497928e-321,3,1,MIP
1817,274.42400002479553,506.77427789982255,true,2.7841075712429038,true,2.0042580270669403,10263,5267,1.0276565433497928e-321,3,1,MIP
1818,275.17899990081787,508.028910528099,true,2.7841075712429038,true,2.0042580270669403,10263,5267,1.0276565433497928e-321,3,1,MIP
1819,275.94899988174438,509.33311448497017,true,2.7841075712429038,true,2.0042580270669403,10264,5268,1.0276565433497928e-321,3,1,MIP
1820,276.56099987030029,510.53477421284754,true,2.7841075712429038,true,2.0042580270669403,10265,5268,1.0276565433497928e-321,3,1,MIP
1821,277.01799988746643,511.41563952050268,true,2.7841075712429038,true,2.0042580270669403,10266,5269,1.0276565433497928e-321,3,1,MIP
1822,277.31099987030029,511.99630931450957,true,2.7841075712429038,true,2.0042580270669403,10267,5272,1.0276565433497928e-321,3,1,MIP
1823,277.45199990272522,512.29932588140366,true,2.7841075712429038,true,2.0042580270669403,10268,5272,1.0276565433497928e-321,3,1,MIP
1824,277.6489999294281,512.71207892464236,true,2.7841075712429038,true,2.0042580270669403,10270,5273,1.0276565433497928e-321,3,1,MIP
1825,277.85999989509583,513.17440103923332,true,2.7841075712429038,true,2.0042580270669403,10272,5274,1.0276565433497928e-321,3,1,MIP
1826,277.98000001907349,513.42003625029838,true,2.7841075712429038,true,2.0042580270669403,10274,5275,1.0276565433497928e-321,3,1,MIP
1827,278.14199995994568,513.75482113100441,true,2.7841075712429038,true,2.0042580270669403,10277,5277,1.0276565433497928e-321,3,1,MIP
1828,278.28699994087219,514.06327548438412,true,2.7841075712429038,true,2.0042580270669403,10279,5279,1.0276565433497928e-321,3,1,MIP
1829,278.52799987792969,514.55698208272065,true,2.7841075712429038,true,2.0042580270669403,10281,5276,1.0276565433497928e-321,3,1,MIP
1830,278.64599990844727,514.80004517500129,true,2.7841075712429038,true,2.0042580270669403,10282,5277,1.0276565433497928e-321,3,1,MIP
1831,278.8050000667572,515.1328936352844,true,2.7841075712429038,true,2.0042580270669403,10285,5279,1.0276565433497928e-321,3,1,MIP
1832,278.92799997329712,515.39375883726109,true,2.7841075712429038,true,2.0042580270669403,10287,5280,1.0276565433497928e-321,3,1,MIP
1833,279.05099987983704,515.64515361222789,true,2.7841075712429038,true,2.0042580270669403,10290,5282,1.0276565433497928e-321,3,1,MIP
1834,279.16299986839294,515.89001988870427,true,2.7841075712429038,true,2.0042580270669403,10292,5283,1.0276565433497928e-321,3,1,MIP
1835,279.31800007820129,516.21719995854778,true,2.7841075712429038,true,2.0042580270669403,10295,5285,1.0276565433497928e-321,3,1,MIP
1836,279.42400002479553,516.44715685761764,true,2.7841075712429038,true,2.0042580270669403,10297,5285,1.0276565433497928e-321,3,1,MIP
1837,279.60500001907349,516.84898375061152,true,2.7841075712429038,true,2.0042580270669403,10301,5283,1.0276565433497928e-321,3,1,MIP
1838,279.70799994468689,517.06463211288178,true,2.7841075712429038,true,2.0042580270669403,10306,5285,1.0276565433497928e-321,3,1,MIP
1839,279.81099987030029,517.27961736974112,true,2.7841075712429038,true,2.0042580270669403,10311,5288,1.0276565433497928e-321,3,1,MIP
1840,279.91199994087219,517.48150315654186,true,2.7841075712429038,true,2.0042580270669403,10317,5292,1.0276565433497928e-321,3,1,MIP
1841,280.09100008010864,517.7194499402749,true,2.7841075712429038,true,2.0042580270669403,10318,5293,1.0276565433497928e-321,3,1,MIP
1842,280.19799995422363,517.907807763047,true,2.7841075712429038,true,2.0042580270669403,10326,5293,1.0276565433497928e-321,3,1,MIP
1843,280.30099987983704,518.11271322183052,true,2.7841075712429038,true,2.0042580270669403,10339,5293,1.0276565433497928e-321,3,1,MIP
1844,280.54699993133545,518.61515568535447,true,2.7841075712429038,true,2.0042580270669403,10351,5289,1.0276565433497928e-321,3,1,MIP
1845,280.71700000762939,518.98685353930955,true,2.7841075712429038,true,2.0042580270669403,10353,5290,1.0276565433497928e-321,3,1,MIP
1846,280.87400007247925,519.31435224022653,true,2.7841075712429038,true,2.0042580270669403,10356,5292,1.0276565433497928e-321,3,1,MIP
1847,280.99699997901917,519.58093107429124,true,2.7841075712429038,true,2.0042580270669403,10358,5293,1.0276565433497928e-321,3,1,MIP
1848,281.1269998550415,519.86392018497372,true,2.7841075712429038,true,2.0042580270669403,10360,5295,1.0276565433497928e-321,3,1,MIP
1849,281.26900005340576,520.17242484750579,true,2.7841075712429038,true,2.0042580270669403,10362,5296,1.0276565433497928e-321,3,1,MIP
1850,281.40899991989136,520.47378273368008,true,2.7841075712429038,true,2.0042580270669403,10364,5297,1.0276565433497928e-321,3,1,MIP
1851,281.5699999332428,520.80444623945323,true,2.7841075712429038,true,2.0042580270669403,10369,5297,1.0276565433497928e-321,3,1,MIP
1852,281.74600005149841,521.16934236262784,true,2.7841075712429038,true,2.0042580270669403,10373,5299,1.0276565433497928e-321,3,1,MIP
1853,281.86999988555908,521.40604927840445,true,2.7841075712429038,true,2.0042580270669403,10375,5301,1.0276565433497928e-321,3,1,MIP
1854,282.00600004196167,521.70299841854796,true,2.7841075712429038,true,2.0042580270669403,10377,5300,1.0276565433497928e-321,3,1,MIP
1855,282.10899996757507,521.92224527614792,true,2.7841075712429038,true,2.0042580270669403,10379,5298,1.0276565433497928e-321,3,1,MIP
1856,282.38800001144409,522.51301988970272,true,2.7841075712429038,true,2.0042580270669403,10382,5297,1.0276565433497928e-321,3,1,MIP
1857,282.50300002098083,522.73870139450594,true,2.7841075712429038,true,2.0042580270669403,10383,5298,1.0276565433497928e-321,3,1,MIP
1858,282.63800001144409,523.02572494320259,true,2.7841075712429038,true,2.0042580270669403,10384,5299,1.0276565433497928e-321,3,1,MIP
1859,282.97399997711182,523.72658633119158,true,2.7841075712429038,true,2.0042580270669403,10386,5300,1.0276565433497928e-321,3,1,MIP
1860,283.2279999256134,524.24280174681758,true,2.7841075712429038,true,2.0042580270669403,10388,5301,1.0276565433497928e-321,3,1,MIP
1861,283.42199993133545,524.63722985512084,true,2.7841075712429038,true,2.0042580270669403,10390,5303,1.0276565433497928e-321,3,1,MIP
1862,283.55299997329712,524.90681824646231,true,2.7841075712429038,true,2.0042580270669403,10391,5303,1.0276565433497928e-321,3,1,MIP
1863,283.79900002479553,525.42374636359932,true,2.7841075712429038,true,2.0042580270669403,10393,5305,1.0276565433497928e-321,3,1,MIP
1864,284.0699999332428,525.97869815009938,true,2.7841075712429038,true,2.0042580270669403,10395,5306,1.0276565433497928e-321,3,1,MIP
1865,284.2739999294281,526.41038292025974,true,2.7841075712429038,true,2.0042580270669403,10397,5307,1.0276565433497928e-321,3,1,MIP
1866,284.48300004005432,526.87264820674739,true,2.7841075712429038,true,2.0042580270669403,10399,5307,1.0276565433497928e-321,3,1,MIP
1867,284.5939998626709,527.09106766897742,true,2.7841075712429038,true,2.0042580270669403,10400,5305,1.0276565433497928e-321,3,1,MIP
1868,284.7519998550415,527.39760854705105,true,2.7841075712429038,true,2.0042580270669403,10403,5305,1.0276565433497928e-321,3,1,MIP
1869,284.88700008392334,527.65248602487441,true,2.7841075712429038,true,2.0042580270669403,10405,5307,1.0276565433497928e-321,3,1,MIP
1870,285.03099989891052,527.93003859789621,true,2.7841075712429038,true,2.0042580270669403,10406,5307,1.0276565433497928e-321,3,1,MIP
1871,285.5699999332428,528.82514512060891,true,2.7841075712429038,true,2.0042580270669403,10410,5309,1.0276565433497928e-321,3,1,MIP
1872,285.68199992179871,529.05194338473723,true,2.7841075712429038,true,2.0042580270669403,10414,5312,1.0276565433497928e-321,3,1,MIP
1873,285.80999994277954,529.29848383742979,true,2.7841075712429038,true,2.0042580270669403,10418,5314,1.0276565433497928e-321,3,1,MIP
1874,285.91199994087219,529.49829111329836,true,2.7841075712429038,true,2.0042580270669403,10422,5317,1.0276565433497928e-321,3,1,MIP
1875,286.0220000743866,529.69512319850116,true,2.7841075712429038,true,2.0042580270669403,10429,5322,1.0276565433497928e-321,3,1,MIP
1876,286.12999987602234,529.90570751728228,true,2.7841075712429038,true,2.0042580270669403,10436,5326,1.0276565433497928e-321,3,1,MIP
1877,286.23099994659424,530.10024213810141,true,2.7841075712429038,true,2.0042580270669403,10444,5332,1.0276565433497928e-321,3,1,MIP
1878,286.35699987411499,530.36530633175573,true,2.7841075712429038,true,2.0042580270669403,10451,5336,1.0276565433497928e-321,3,1,MIP
1879,286.45700001716614,530.56282687143539,true,2.7841075712429038,true,2.0042580270669403,10456,5340,1.0276565433497928e-321,3,1,MIP
1880,286.56299996376038,530.7736969793724,true,2.7841075712429038,true,2.0042580270669403,10463,5342,1.0276565433497928e-321,3,1,MIP
1881,286.67799997329712,530.99531322823009,true,2.7841075712429038,true,2.0042580270669403,10469,5342,1.0276565433497928e-321,3,1,MIP
1882,287.00799989700317,531.67327134635696,true,2.7841075712429038,true,2.0042580270669403,10481,5336,1.0276565433497928e-321,3,1,MIP
1883,287.12599992752075,531.88006693422392,true,2.7841075712429038,true,2.0042580270669403,10482,5337,1.0276565433497928e-321,3,1,MIP
1884,287.23600006103516,532.10500195976249,true,2.7841075712429038,true,2.0042580270669403,10483,5338,1.0276565433497928e-321,3,1,MIP
1885,287.37999987602234,532.41426099673095,true,2.7841075712429038,true,2.0042580270669403,10486,5340,1.0276565433497928e-321,3,1,MIP
1886,287.53299999237061,532.72447313209727,true,2.7841075712429038,true,2.0042580270669403,10489,5342,1.0276565433497928e-321,3,1,MIP
1887,287.69099998474121,533.05665827804341,true,2.7841075712429038,true,2.0042580270669403,10492,5344,1.0276565433497928e-321,3,1,MIP
1888,287.80699992179871,533.27795847251866,true,2.7841075712429038,true,2.0042580270669403,10494,5345,1.0276565433497928e-321,3,1,MIP
1889,287.99300003051758,533.65912133515349,true,2.7841075712429038,true,2.0042580270669403,10497,5346,1.0276565433497928e-321,3,1,MIP
1890,288.26200008392334,534.20737920536953,true,2.7841075712429038,true,2.0042580270669403,10500,5346,1.0276565433497928e-321,3,1,MIP
1891,288.39800000190735,534.4799861226702,true,2.7841075712429038,true,2.0042580270669403,10502,5345,1.0276565433497928e-321,3,1,MIP
1892,288.51699995994568,534.72166241545165,true,2.7841075712429038,true,2.0042580270669403,10504,5347,1.0276565433497928e-321,3,1,MIP
1893,288.64100003242493,534.98674968389048,true,2.7841075712429038,true,2.0042580270669403,10506,5347,1.0276565433497928e-321,3,1,MIP
1894,288.7979998588562,535.31375279734232,true,2.7841075712429038,true,2.0042580270669403,10511,5343,1.0276565433497928e-321,3,1,MIP
1895,288.99799990653992,535.71941704068649,true,2.7841075712429038,true,2.0042580270669403,10514,5341,1.0276565433497928e-321,3,1,MIP
1896,289.11699986457825,535.96152900172149,true,2.7841075712429038,true,2.0042580270669403,10515,5342,1.0276565433497928e-321,3,1,MIP
1897,289.25099992752075,536.23492710854953,true,2.7841075712429038,true,2.0042580270669403,10516,5343,1.0276565433497928e-321,3,1,MIP
1898,289.35800004005432,536.43873584594178,true,2.7841075712429038,true,2.0042580270669403,10518,5344,1.0276565433497928e-321,3,1,MIP
1899,289.56900000572205,536.84223994496176,true,2.7841075712429038,true,2.0042580270669403,10520,5345,1.0276565433497928e-321,3,1,MIP
1900,289.7039999961853,537.12821200764267,true,2.7841075712429038,true,2.0042580270669403,10522,5345,1.0276565433497928e-321,3,1,MIP
1901,289.83299994468689,537.40059484033395,true,2.7841075712429038,true,2.0042580270669403,10525,5345,1.0276565433497928e-321,3,1,MIP
1902,289.95700001716614,537.65120698263365,true,2.7841075712429038,true,2.0042580270669403,10527,5346,1.0276565433497928e-321,3,1,MIP
1903,290.14400005340576,538.01464832803595,true,2.7841075712429038,true,2.0042580270669403,10531,5345,1.0276565433497928e-321,3,1,MIP
1904,290.25399994850159,538.24580713894557,true,2.7841075712429038,true,2.0042580270669403,10534,5347,1.0276565433497928e-321,3,1,MIP
1905,290.43599987030029,538.56021768443941,true,2.7841075712429038,true,2.0042580270669403,10543,5341,1.0276565433497928e-321,3,1,MIP
1906,290.61699986457825,538.93326446397987,true,2.7841075712429038,true,2.0042580270669403,10546,5341,1.0276565433497928e-321,3,1,MIP
1907,290.74000000953674,539.15526248808567,true,2.7841075712429038,true,2.0042580270669403,10548,5342,1.0276565433497928e-321,3,1,MIP
1908,290.9779999256134,539.65902054523531,true,2.7841075712429038,true,2.0042580270669403,10551,5339,1.0276565433497928e-321,3,1,MIP
1909,291.08899998664856,539.89675809775133,true,2.7841075712429038,true,2.0042580270669403,10554,5338,1.0276565433497928e-321,3,1,MIP
1910,291.32599997520447,540.38271058701866,true,2.7841075712429038,true,2.0042580270669403,10557,5337,1.0276565433497928e-321,3,1,MIP
1911,291.54200005531311,540.79449682978634,true,2.7841075712429038,true,2.0042580270669403,10559,5338,1.0276565433497928e-321,3,1,MIP
1912,291.6470000743866,541.00518016633578,true,2.7841075712429038,true,2.0042580270669403,10560,5339,1.0276565433497928e-321,3,1,MIP
1913,291.93799996376038,541.59114782738732,true,2.7841075712429038,true,2.0042580270669403,10564,5338,1.0276565433497928e-321,3,1,MIP
1914,292.06399989128113,541.83174678380544,true,2.7841075712429038,true,2.0042580270669403,10569,5337,1.0276565433497928e-321,3,1,MIP
1915,292.17400002479553,542.06088788278407,true,2.7841075712429038,true,2.0042580270669403,10570,5336,1.0276565433497928e-321,3,1,MIP
1916,292.31800007820129,542.35757198633269,true,2.7841075712429038,true,2.0042580270669403,10572,5335,1.0276565433497928e-321,3,1,MIP
1917,292.5550000667572,542.85743945818535,true,2.7841075712429038,true,2.0042580270669403,10576,5332,1.0276565433497928e-321,3,1,MIP
1918,292.7409999370575,543.24899349199143,true,2.7841075712429038,true,2.0042580270669403,10577,5332,1.0276565433497928e-321,3,1,MIP
1919,292.89100003242493,543.53735609155899,true,2.7841075712429038,true,2.0042580270669403,10580,5332,1.0276565433497928e-321,3,1,MIP
1920,293.03299999237061,543.81868833183819,true,2.7841075712429038,true,2.0042580270669403,10582,5334,1.0276565433497928e-321,3,1,MIP
1921,293.16000008583069,544.07430946473562,true,2.7841075712429038,true,2.0042580270669403,10585,5334,1.0276565433497928e-321,3,1,MIP
1922,293.29399991035461,544.34663968833308,true,2.7841075712429038,true,2.0042580270669403,10588,5336,1.0276565433497928e-321,3,1,MIP
1923,293.46300005912781,544.69774334794249,true,2.7841075712429038,true,2.0042580270669403,10590,5333,1.0276565433497928e-321,3,1,MIP
1924,293.65400004386902,545.03077314661641,true,2.7841075712429038,true,2.0042580270669403,10592,5331,1.0276565433497928e-321,3,1,MIP
1925,293.89400005340576,545.54041994282704,true,2.7841075712429038,true,2.0042580270669403,10594,5331,1.0276565433497928e-321,3,1,MIP
1926,294.05699992179871,545.90786747426318,true,2.7841075712429038,true,2.0042580270669403,10596,5331,1.0276565433497928e-321,3,1,MIP
1927,294.16899991035461,546.15285498660307,true,2.7841075712429038,true,2.0042580270669403,10598,5332,1.0276565433497928e-321,3,1,MIP
1928,294.32299995422363,546.4964169263601,true,2.7841075712429038,true,2.0042580270669403,10599,5333,1.0276565433497928e-321,3,1,MIP
1929,294.45599985122681,546.80194902711344,true,2.7841075712429038,true,2.0042580270669403,10600,5334,1.0276565433497928e-321,3,1,MIP
1930,294.56399989128113,547.0252547069357,true,2.7841075712429038,true,2.0042580270669403,10602,5335,1.0276565433497928e-321,3,1,MIP
1931,294.71300005912781,547.32528964389508,true,2.7841075712429038,true,2.0042580270669403,10605,5335,1.0276565433497928e-321,3,1,MIP
1932,294.82099986076355,547.53338914922028,true,2.7841075712429038,true,2.0042580270669403,10607,5334,1.0276565433497928e-321,3,1,MIP
1933,294.94599986076355,547.79371981902477,true,2.7841075712429038,true,2.0042580270669403,10609,0,10,-1,-1,solver_final
