elapsed_time,native_global_LB,native_incumbent,verified_cutoff,native_gap,node_count,open_nodes,simplex_iterations,event_source
0.0056420999999999997,0,9.9999999999999993e+74,0.71850407075497091,9.9999999999999993e+74,0,1,0,global_progress
0.0057755000000000003,0,9.9999999999999993e+74,0.71850407075497091,9.9999999999999993e+74,0,1,0,global_progress
3.5558679999999998,0.37822168614483404,9.9999999999999993e+74,0.71850407075497091,9.9999999999999993e+74,0,1,3069,global_progress
280.75399820000001,0.70640549914628303,9.9999999999999993e+74,0.71850407075497091,9.9999999999999993e+74,26850,7461,2179277,global_progress
280.7543933,0.70640549914628303,0,0.71850407075497091,0,26850,7461,2179277,solver_final
