elapsed_time,native_global_LB,native_incumbent,verified_cutoff,native_gap,node_count,open_nodes,simplex_iterations,event_source
0.013167,0,9.9999999999999993e+74,1.7493134520506337,9.9999999999999993e+74,0,1,0,global_progress
0.013325200000000001,0,9.9999999999999993e+74,1.7493134520506337,9.9999999999999993e+74,0,1,0,global_progress
7.1835126000000002,1.4487906835495981,9.9999999999999993e+74,1.7493134520506337,9.9999999999999993e+74,0,1,15073,global_progress
274.0184744,1.6881608457768031,9.9999999999999993e+74,1.7493134520506337,9.9999999999999993e+74,2259,1278,1219663,global_progress
274.01912270000003,1.6881608457768031,0,1.7493134520506337,0,2259,1278,1219663,solver_final
