elapsed_time,native_global_LB,native_incumbent,verified_cutoff,native_gap,node_count,open_nodes,simplex_iterations,event_source
0.017357399999999999,0,9.9999999999999993e+74,0.19563620654901237,9.9999999999999993e+74,0,1,0,global_progress
0.017476200000000001,0,9.9999999999999993e+74,0.19563620654901237,9.9999999999999993e+74,0,1,0,global_progress
7.3559665000000001,0.10941596008621492,9.9999999999999993e+74,0.19563620654901237,9.9999999999999993e+74,0,1,16775,global_progress
862.02318079999998,0.1429418160190675,9.9999999999999993e+74,0.19563620654901237,9.9999999999999993e+74,11162,6788,3503475,global_progress
862.02438400000005,0.1429418160190675,0,0.19563620654901237,0,11162,6788,3503475,solver_final
