elapsed_time,native_global_LB,native_incumbent,verified_cutoff,native_gap,node_count,open_nodes,simplex_iterations,event_source
0.0056430999999999999,0,9.9999999999999993e+74,0.71850407075497091,9.9999999999999993e+74,0,1,0,global_progress
0.0057867999999999999,0,9.9999999999999993e+74,0.71850407075497091,9.9999999999999993e+74,0,1,0,global_progress
1.7039610999999999,0.37089921896969885,9.9999999999999993e+74,0.71850407075497091,9.9999999999999993e+74,0,1,1268,global_progress
285.72730849999999,0.71284076054886103,9.9999999999999993e+74,0.71850407075497091,9.9999999999999993e+74,40119,8436,1894288,global_progress
285.72756930000003,0.71284076054886103,0,0.71850407075497091,0,40119,8436,1894288,solver_final
