elapsed_time,native_global_LB,native_incumbent,verified_cutoff,native_gap,node_count,open_nodes,simplex_iterations,event_source
0.0122446,0,9.9999999999999993e+74,1.7493134520506337,9.9999999999999993e+74,0,1,0,global_progress
0.012355700000000001,0,9.9999999999999993e+74,1.7493134520506337,9.9999999999999993e+74,0,1,0,global_progress
7.0683800999999997,1.4487906835495981,9.9999999999999993e+74,1.7493134520506337,9.9999999999999993e+74,0,1,15073,global_progress
1750.1383636,1.7307308110407786,9.9999999999999993e+74,1.7493134520506337,9.9999999999999993e+74,11729,3474,7034476,global_progress
1750.1389245,1.7307308110407786,0,1.7493134520506337,0,11729,3474,7034476,solver_final
