elapsed_time,native_global_LB,native_incumbent,verified_cutoff,native_gap,node_count,open_nodes,simplex_iterations,event_source
0.018513100000000001,0,9.9999999999999993e+74,0.04915255266474515,9.9999999999999993e+74,0,1,0,global_progress
0.0187376,0,9.9999999999999993e+74,0.04915255266474515,9.9999999999999993e+74,0,1,0,global_progress
4.9860107999999999,0.034723045409823461,9.9999999999999993e+74,0.04915255266474515,9.9999999999999993e+74,0,1,16205,global_progress
274.1971332,0.045426190631242688,9.9999999999999993e+74,0.04915255266474515,9.9999999999999993e+74,2509,1021,555405,global_progress
274.19755509999999,0.045426190631242688,0,0.04915255266474515,0,2509,1021,555405,solver_final
