elapsed_time,native_global_LB,native_incumbent,verified_cutoff,native_gap,node_count,open_nodes,simplex_iterations,event_source
0.016748200000000001,0,9.9999999999999993e+74,0.04915255266474515,9.9999999999999993e+74,0,1,0,global_progress
0.016889399999999999,0,9.9999999999999993e+74,0.04915255266474515,9.9999999999999993e+74,0,1,0,global_progress
6.6220128999999996,0.034769230384375238,9.9999999999999993e+74,0.04915255266474515,9.9999999999999993e+74,0,1,17034,global_progress
879.99907700000006,0.044971931481618224,9.9999999999999993e+74,0.04915255266474515,9.9999999999999993e+74,3903,1811,3311510,global_progress
879.99952059999998,0.044971931481618224,0,0.04915255266474515,0,3903,1811,3311510,solver_final
