elapsed_time,native_global_LB,native_incumbent,verified_cutoff,native_gap,node_count,open_nodes,simplex_iterations,event_source
0.0178503,0,9.9999999999999993e+74,0.04915255266474515,9.9999999999999993e+74,0,1,0,global_progress
0.017968899999999999,0,9.9999999999999993e+74,0.04915255266474515,9.9999999999999993e+74,0,1,0,global_progress
6.3923237999999998,0.03453798009362849,9.9999999999999993e+74,0.04915255266474515,9.9999999999999993e+74,0,1,13958,global_progress
274.00767680000001,0.044988206325188788,9.9999999999999993e+74,0.04915255266474515,9.9999999999999993e+74,2172,1033,635933,global_progress
274.00806039999998,0.044988206325188788,0,0.04915255266474515,0,2172,1033,635933,solver_final
