leaf_id,attempt,time_limit_seconds,solver_runtime_seconds,work,nodes,simplex_iterations,barrier_iterations,cumulative_runtime,cumulative_work,cumulative_nodes,cumulative_simplex_iterations,cumulative_barrier_iterations,optimize_return_code
L0,0,30,0.301,0.490128,0,0,0,0.301,0.490128,0,0,0,0
L1,0,30,0.406,0.801655,1,638,0,0.406,0.801655,1,638,0,0
L2,0,30,30.021,53.4943,630,77789,0,30.021,53.4943,630,77789,0,0
L3,0,30,0.453,0.943456,1,1005,0,0.453,0.943456,1,1005,0,0
L2,1,60,60.002,131.836,1446,256743,0,90.023,185.33,2076,334532,0,0
L2.0,0,30,13.607,25.0644,235,34192,0,13.607,25.0644,235,34192,0,0
L2.1,0,30,30.002,55.1457,777,98433,0,30.002,55.1457,777,98433,0,0
L2.1,1,60,27.071,65.1492,1628,217320,0,57.073,120.295,2405,315753,0,0
