elapsed_time,native_global_LB,native_incumbent,verified_cutoff,native_gap,node_count,open_nodes,simplex_iterations,event_source
0.017021499999999998,0,9.9999999999999993e+74,0.04915255266474515,9.9999999999999993e+74,0,1,0,global_progress
0.0172509,0,9.9999999999999993e+74,0.04915255266474515,9.9999999999999993e+74,0,1,0,global_progress
5.0244526,0.034723045409823461,9.9999999999999993e+74,0.04915255266474515,9.9999999999999993e+74,0,1,16205,global_progress
274.0233528,0.045434851599923415,9.9999999999999993e+74,0.04915255266474515,9.9999999999999993e+74,2536,1032,556732,global_progress
274.02377419999999,0.045434851599923415,0,0.04915255266474515,0,2536,1032,556732,solver_final
