elapsed_time,native_global_LB,native_incumbent,verified_cutoff,native_gap,node_count,open_nodes,simplex_iterations,event_source
0.017530400000000002,0,9.9999999999999993e+74,0.19563620654901237,9.9999999999999993e+74,0,1,0,global_progress
0.017641899999999999,0,9.9999999999999993e+74,0.19563620654901237,9.9999999999999993e+74,0,1,0,global_progress
2.2909487999999998,0.12156205413135568,9.9999999999999993e+74,0.19563620654901237,9.9999999999999993e+74,0,1,3372,global_progress
9.9907342999999997,0.12156205413135698,9.9999999999999993e+74,0.19563620654901237,9.9999999999999993e+74,25,24,14620,global_progress
9.9910145999999997,0.12156205413135698,0,0.19563620654901237,0,25,24,14620,solver_final
