
Gurobi 13.0.2 (win64) logging started Sat Oct  3 01:07:47 2026

Set parameter LogFile to value "E:\codes\ExactEBRP\results\unified_exact_round100\certification_CF01\raw\01_R98-C2_P-GRB\native.log"
Set parameter Threads to value 1
Set parameter Presolve to value -1
Set parameter Seed to value 0
Set parameter MIPGap to value 0
Set parameter MIPGapAbs to value 0
Set parameter TimeLimit to value 7194
Read LP format model from file E:\codes\ExactEBRP\results\unified_exact_round100\certification_CF01\raw\01_R98-C2_P-GRB\compact.lp
Reading time = 0.01 seconds
obj: 10627 rows, 4242 columns, 50577 nonzeros
Set parameter TimeLimit to value 7196.705944
Gurobi Optimizer version 13.0.2 build v13.0.2rc1 (win64 - Windows 10.0 (19045.2))

CPU model: 12th Gen Intel(R) Core(TM) i7-12700KF, instruction set [SSE2|AVX|AVX2]
Thread count: 12 physical cores, 20 logical processors, using up to 1 threads

Non-default parameters:
TimeLimit  7196.705944
MIPGap  0
MIPGapAbs  0
LogToConsole  0
Threads  1

Optimize a model with 10627 rows, 4242 columns and 50577 nonzeros (Min)
Model fingerprint: 0x836d4a62
Model has 31 linear objective coefficients
Variable types: 794 continuous, 3448 integer (3148 binary)
Coefficient statistics:
  Matrix range     [4e-02, 2e+03]
  Objective range  [4e-02, 1e+00]
  Bounds range     [1e+00, 4e+01]
  RHS range        [1e+00, 7e+03]

Presolve removed 210 rows and 30 columns
Presolve time: 0.11s
Presolved: 10417 rows, 4212 columns, 92172 nonzeros
Variable types: 299 continuous, 3913 integer (3148 binary)
Found heuristic solution: objective 1.6753645

Root relaxation: objective 1.452539e-01, 3329 iterations, 0.16 seconds (0.38 work units)

    Nodes    |    Current Node    |     Objective Bounds      |     Work
 Expl Unexpl |  Obj  Depth IntInf | Incumbent    BestBd   Gap | It/Node Time

     0     0    0.14525    0  312    1.67536    0.14525  91.3%     -    0s
     0     0    0.16921    0  694    1.67536    0.16921  89.9%     -    1s
     0     0    0.16927    0  688    1.67536    0.16927  89.9%     -    1s
     0     0    0.17011    0  813    1.67536    0.17011  89.8%     -    2s
     0     0    0.17014    0  753    1.67536    0.17014  89.8%     -    2s
     0     0    0.17051    0  810    1.67536    0.17051  89.8%     -    2s
     0     0    0.17051    0  808    1.67536    0.17051  89.8%     -    2s
     0     0    0.17066    0  854    1.67536    0.17066  89.8%     -    3s
H    0     0                       1.6208328    0.17066  89.5%     -    3s
     0     0    0.17066    0  833    1.62083    0.17066  89.5%     -    3s
     0     0    0.17073    0  843    1.62083    0.17073  89.5%     -    3s
     0     0    0.17073    0  816    1.62083    0.17073  89.5%     -    3s
     0     0    0.17073    0  848    1.62083    0.17073  89.5%     -    3s
H    0     0                       1.6146488    0.17073  89.4%     -    3s
H    0     0                       1.5212070    0.17073  88.8%     -    3s
H    0     0                       1.5093995    0.17073  88.7%     -    3s
H    0     0                       1.5072307    0.17073  88.7%     -    3s
H    0     0                       1.5001462    0.17073  88.6%     -    3s
H    0     0                       1.4971448    0.17073  88.6%     -    3s
H    0     0                       1.3761985    0.17073  87.6%     -    3s
H    0     0                       1.3704460    0.17073  87.5%     -    4s
H    0     0                       1.3461850    0.17073  87.3%     -    4s
H    0     0                       1.3458040    0.17073  87.3%     -    4s
H    0     0                       1.3446087    0.17073  87.3%     -    4s
     0     0    0.17073    0  866    1.34461    0.17073  87.3%     -    4s
     0     0    0.17085    0  834    1.34461    0.17085  87.3%     -    4s
     0     0    0.17085    0  830    1.34461    0.17085  87.3%     -    4s
     0     0    0.17102    0  879    1.34461    0.17102  87.3%     -    4s
H    0     0                       1.1345857    0.17102  84.9%     -    4s
H    0     0                       1.1208716    0.17102  84.7%     -    4s
H    0     0                       1.1146940    0.17102  84.7%     -    4s
H    0     0                       1.1131002    0.17102  84.6%     -    5s
H    0     0                       1.1093320    0.17102  84.6%     -    5s
H    0     0                       1.1055637    0.17102  84.5%     -    5s
H    0     0                       1.1030861    0.17102  84.5%     -    5s
H    0     0                       1.0930522    0.17102  84.4%     -    5s
H    0     0                       1.0707749    0.17102  84.0%     -    5s
     0     0    0.17102    0  876    1.07077    0.17102  84.0%     -    5s
     0     0    0.17102    0  852    1.07077    0.17102  84.0%     -    5s
H    0     0                       1.0223780    0.17102  83.3%     -    5s
     0     0    0.17102    0  864    1.02238    0.17102  83.3%     -    5s
     0     0    0.17106    0  864    1.02238    0.17106  83.3%     -    5s
     0     0    0.17106    0  857    1.02238    0.17106  83.3%     -    5s
     0     0    0.17106    0  855    1.02238    0.17106  83.3%     -    6s
     0     0    0.17106    0  855    1.02238    0.17106  83.3%     -    6s
H    0     0                       1.0159626    0.17106  83.2%     -    6s
H    0     0                       1.0066616    0.17106  83.0%     -    6s
H    0     0                       0.9943064    0.17106  82.8%     -    6s
     0     2    0.17106    0  855    0.99431    0.17106  82.8%     -    6s
H    2     2                       0.9477606    0.17106  82.0%   378    6s
H    2     2                       0.9458121    0.17106  81.9%   378    6s
H    2     2                       0.9406286    0.17106  81.8%   378    6s
H    2     2                       0.9221866    0.17106  81.5%   378    6s
H    2     2                       0.9202342    0.17106  81.4%   378    6s
H    2     2                       0.9017326    0.17106  81.0%   378    6s
H    2     2                       0.8954528    0.17106  80.9%   378    6s
H    2     2                       0.8860067    0.17106  80.7%   378    6s
H    2     2                       0.8847118    0.17106  80.7%   378    6s
H    2     2                       0.8821438    0.17106  80.6%   378    6s
H    2     2                       0.8591996    0.17106  80.1%   378    6s
H    2     2                       0.8579774    0.17106  80.1%   378    6s
H    8     8                       0.8205154    0.17106  79.2%   195    7s
H    8     8                       0.8202254    0.17106  79.1%   195    7s
H    8     8                       0.8201494    0.17106  79.1%   195    7s
H    8     8                       0.8147107    0.17106  79.0%   195    7s
H    8     8                       0.8119737    0.17106  78.9%   195    7s
H    8     8                       0.8117982    0.17106  78.9%   195    7s
H    8     8                       0.8116228    0.17106  78.9%   195    7s
H    8     8                       0.8114473    0.17106  78.9%   195    7s
H    8     8                       0.8048992    0.17106  78.7%   195    7s
H    8     8                       0.7817100    0.17106  78.1%   195    7s
H    8     8                       0.7790467    0.17106  78.0%   195    7s
H    8     8                       0.7697920    0.17106  77.8%   195    7s
H   11    11                       0.7684858    0.17106  77.7%   241    8s
H   11    11                       0.7586774    0.17106  77.5%   241    8s
H   11    11                       0.7586652    0.17106  77.5%   241    8s
H   14    14                       0.7535673    0.17106  77.3%   741    8s
H   14    14                       0.7532183    0.17106  77.3%   741    8s
H   14    14                       0.7527838    0.17106  77.3%   741    8s
H   15    15                       0.7478219    0.17106  77.1%   693    8s
H   15    15                       0.7361460    0.17106  76.8%   693    8s
H   15    15                       0.7338332    0.17106  76.7%   693    9s
H   15    15                       0.7192941    0.17106  76.2%   693    9s
H   15    15                       0.7188047    0.17106  76.2%   693    9s
H   15    15                       0.6982367    0.17106  75.5%   693    9s
H   15    15                       0.6904512    0.17106  75.2%   693    9s
H   15    15                       0.6766977    0.17106  74.7%   693    9s
H   15    15                       0.6516533    0.17106  73.8%   693    9s
H   15    15                       0.6219706    0.17106  72.5%   693    9s
H   15    15                       0.5958307    0.17106  71.3%   693    9s
H   22    22                       0.5931411    0.17106  71.2%   507    9s
H   22    22                       0.5817372    0.17106  70.6%   507    9s
H   25    25                       0.5809036    0.17106  70.6%   533    9s
    27    29    0.17326   19  749    0.58090    0.17106  70.6%   515   10s
H  125   115                       0.5440101    0.17106  68.6%   179   11s
H  125   115                       0.5414006    0.17106  68.4%   179   11s
H  246   223                       0.5357171    0.17127  68.0%   152   14s
H  246   223                       0.4923394    0.17127  65.2%   152   15s
H  251   228                       0.4860124    0.17127  64.8%   152   15s
H  266   243                       0.4691818    0.17127  63.5%   156   16s
H  266   243                       0.4619131    0.17127  62.9%   156   16s
H  267   244                       0.4615599    0.17127  62.9%   156   18s
   348   317    0.20023  125  191    0.46156    0.17127  62.9%   157   20s
H  556   482                       0.4613105    0.17343  62.4%   145   23s
H  556   482                       0.4609885    0.17343  62.4%   145   23s
H  556   482                       0.4609538    0.17343  62.4%   145   23s
   557   483    0.18962   70  855    0.46095    0.17127  62.8%   145   26s
   563   487    0.18212   72  836    0.46095    0.17549  61.9%   144   30s
H  569   466                       0.4500950    0.17656  60.8%   142   35s
H  569   442                       0.4496781    0.17656  60.7%   142   35s
H  569   420                       0.4493327    0.17656  60.7%   142   35s
H  569   399                       0.4488362    0.17656  60.7%   142   35s
H  569   379                       0.4486851    0.17656  60.6%   142   35s
H  569   359                       0.4463883    0.17656  60.4%   142   35s
H  569   341                       0.4383264    0.17656  59.7%   142   35s
H  571   325                       0.4342720    0.17680  59.3%   142   37s
   578   330    0.18970  109  776    0.43427    0.17696  59.3%   140   40s
   592   341    0.18041   37  830    0.43427    0.17755  59.1%   202   45s
   599   346    0.18142   27  788    0.43427    0.17825  59.0%   200   50s
   608   352    0.20262  116  824    0.43427    0.17834  58.9%   197   55s
H  611   335                       0.3983819    0.17834  55.2%   196   57s
H  611   318                       0.3947972    0.17834  54.8%   196   57s
   614   322    0.18368   28  764    0.39480    0.17868  54.7%   255   60s
H  628   313                       0.3939669    0.18053  54.2%   276   64s
H  628   297                       0.3846446    0.18053  53.1%   276   64s
H  628   283                       0.3846120    0.18053  53.1%   276   64s
H  628   269                       0.3819852    0.18053  52.7%   276   64s
H  628   255                       0.3805079    0.18053  52.6%   276   64s
   631   259    0.18194   37  626    0.38051    0.18053  52.6%   279   65s
   661   279    0.18372   52  362    0.38051    0.18053  52.6%   287   70s
   757   343    0.19314  100  125    0.38051    0.18053  52.6%   288   75s
   888   397    0.18067   31  704    0.38051    0.18067  52.5%   289   80s
   903   407    0.18251   39  694    0.38051    0.18083  52.5%   312   87s
   918   417    0.18787   46  604    0.38051    0.18083  52.5%   320   90s
   975   455    0.19494   75  390    0.38051    0.18083  52.5%   321   95s
  1061   513    0.20156  118  121    0.38051    0.18083  52.5%   319  100s
H 1131   545                       0.3791095    0.18083  52.3%   325  104s
  1166   566    0.23858  170  237    0.37911    0.18083  52.3%   319  105s
H 1208   554                       0.3789885    0.18087  52.3%   318  108s
  1211   558    0.18594   37  689    0.37899    0.18087  52.3%   329  110s
  1223   566    0.19034   43  662    0.37899    0.18087  52.3%   351  115s
  1288   614    0.19768   76  297    0.37899    0.18087  52.3%   353  120s
  1357   683    0.20049  110  138    0.37899    0.18087  52.3%   355  125s
  1471   787    0.22723  167  208    0.37899    0.18087  52.3%   351  130s
  1529   821    0.18578   42  582    0.37899    0.18107  52.2%   352  135s
  1598   890    0.20906   76  309    0.37899    0.18107  52.2%   353  140s
  1693   983    0.21484  124  119    0.37899    0.18107  52.2%   349  145s
  1745  1012    0.18233   43  574    0.37899    0.18107  52.2%   354  150s
  1805  1072    0.20510   73  392    0.37899    0.18107  52.2%   358  155s
  1958  1213 infeasible  150         0.37899    0.18107  52.2%   348  160s
H 1975  1222                       0.3617142    0.18132  49.9%   357  170s
H 1976  1217                       0.3551419    0.18132  48.9%   357  171s
H 1976  1217                       0.3548818    0.18132  48.9%   357  171s
H 1976  1217                       0.3539492    0.18132  48.8%   357  174s
H 1976  1217                       0.3499667    0.18132  48.2%   357  176s
H 1977  1179                       0.2895877    0.18132  37.4%   358  178s
  1991  1195    0.21996   48  584    0.28959    0.18132  37.4%   361  180s
  2051  1255    0.19115   78  326    0.28959    0.18132  37.4%   360  185s
  2176  1370    0.20569  141  114    0.28959    0.18132  37.4%   352  190s
  2189  1371    0.18418   38  561    0.28959    0.18132  37.4%   362  195s
  2203  1385    0.18725   45  472    0.28959    0.18132  37.4%   376  200s
H 2214  1394                       0.2889659    0.18132  37.3%   382  202s
H 2214  1394                       0.2889209    0.18132  37.2%   382  203s
  2236  1418    0.19435   61  406    0.28892    0.18132  37.2%   383  205s
  2352  1532    0.20318  119  318    0.28892    0.18132  37.2%   374  210s
  2409  1552    0.18554   47  471    0.28892    0.18132  37.2%   378  215s
  2500  1643    0.24632   92  186    0.28892    0.18132  37.2%   376  220s
  2596  1704    0.18311   39  555    0.28892    0.18132  37.2%   377  225s
H 2622  1728                       0.2881409    0.18132  37.1%   381  229s
H 2622  1714                       0.2797162    0.18132  35.2%   381  229s
H 2622  1714                       0.2795289    0.18132  35.1%   381  229s
  2629  1723    0.19776   61  552    0.27953    0.18132  35.1%   382  230s
  2730  1824    0.20166  142  128    0.27953    0.18132  35.1%   373  235s
  2822  1904    0.18550   45  502    0.27953    0.18132  35.1%   369  240s
  2859  1941    0.19413   74  302    0.27953    0.18132  35.1%   373  245s
  2951  2029     cutoff  139         0.27953    0.18132  35.1%   369  250s
H 2958  2011                       0.2727743    0.18132  33.5%   369  252s
H 2958  2007                       0.2703555    0.18132  32.9%   369  252s
  2958  2008    0.25457  142  395    0.27036    0.18132  32.9%   369  258s
  2994  2016    0.18283   39  506    0.27036    0.18132  32.9%   366  260s
  3015  2037    0.19115   57  490    0.27036    0.18132  32.9%   372  265s
  3078  2100    0.19624  102  150    0.27036    0.18132  32.9%   372  270s
  3169  2189    0.20045  165  342    0.27036    0.18132  32.9%   369  275s
  3244  2243    0.18522   52  552    0.27036    0.18132  32.9%   368  280s
  3323  2322    0.19823  113  123    0.27036    0.18132  32.9%   366  285s
  3483  2431    0.18229   37  630    0.27036    0.18132  32.9%   359  290s
  3544  2487    0.20639   85  406    0.27036    0.18132  32.9%   357  295s
  3610  2538    0.18467   51  507    0.27036    0.18132  32.9%   356  300s
  3637  2565    0.19327   66  339    0.27036    0.18132  32.9%   362  305s
  3729  2657    0.20999  123  319    0.27036    0.18132  32.9%   359  310s
  3831  2713    0.18479   38  674    0.27036    0.18144  32.9%   358  315s
  3856  2738    0.18971   56  503    0.27036    0.18144  32.9%   362  320s
H 3865  2656                       0.2565554    0.18144  29.3%   362  321s
H 3871  2657                       0.2557636    0.18144  29.1%   362  321s
H 3871  2657                       0.2554318    0.18144  29.0%   362  321s
H 3878  2664                       0.2554169    0.18144  29.0%   362  322s
  3933  2721    0.19750  114  380    0.25542    0.18144  29.0%   360  325s
  3991  2755    0.18411   43  492    0.25542    0.18144  29.0%   362  330s
  4033  2797    0.19248   74  373    0.25542    0.18144  29.0%   364  335s
  4141  2900    0.20603  131  257    0.25542    0.18144  29.0%   360  340s
  4255  2990    0.25029  110  342    0.25542    0.18179  28.8%   356  345s
  4273  2999    0.18400   47  559    0.25542    0.18179  28.8%   360  350s
  4323  3049    0.19874   97  250    0.25542    0.18179  28.8%   361  355s
H 4351  2983                       0.2381050    0.18179  23.6%   359  359s
  4351  2985    0.19980  125  101    0.23811    0.18179  23.6%   359  369s
  4368  2992    0.18349   36  793    0.23811    0.18218  23.5%   360  371s
  4382  3006    0.18796   43  554    0.23811    0.18218  23.5%   366  375s
  4433  3054    0.19046   69  406    0.23811    0.18218  23.5%   369  380s
  4585  3165    0.18569   39  649    0.23811    0.18218  23.5%   365  385s
  4619  3199    0.19468   73  406    0.23811    0.18218  23.5%   367  390s
  4668  3236    0.19737   69  458    0.23811    0.18220  23.5%   368  395s
  4761  3320    0.18645   30  834    0.23811    0.18220  23.5%   366  400s
  4788  3347    0.19024   52  560    0.23811    0.18220  23.5%   370  405s
  4856  3415    0.20335  101  123    0.23811    0.18220  23.5%   370  410s
  4924  3479    0.20908  153  109    0.23811    0.18220  23.5%   367  420s
  4969  3500    0.18648   41  553    0.23811    0.18222  23.5%   368  425s
  5012  3543    0.19288   84  368    0.23811    0.18222  23.5%   369  430s
  5078  3596    0.18542   48  474    0.23811    0.18222  23.5%   370  435s
  5146  3662    0.19562  115  258    0.23811    0.18222  23.5%   368  440s
  5177  3682    0.18484   54  470    0.23811    0.18229  23.4%   371  445s
  5213  3711    0.19070   41  583    0.23811    0.18233  23.4%   374  450s
  5262  3760    0.20531   63  356    0.23811    0.18233  23.4%   376  455s
  5320  3806    0.19022   70  355    0.23811    0.18233  23.4%   378  460s
  5384  3837    0.18576   51  507    0.23811    0.18244  23.4%   379  465s
  5441  3894    0.21017  108  372    0.23811    0.18244  23.4%   379  470s
  5512  3939    0.18610   58  457    0.23811    0.18244  23.4%   378  475s
  5575  3986    0.18391   44  473    0.23811    0.18250  23.4%   378  480s
  5612  4023    0.18950   81  361    0.23811    0.18250  23.4%   379  485s
  5714  4102    0.18568   44  472    0.23811    0.18250  23.4%   376  490s
  5781  4166    0.20703  110  178    0.23811    0.18250  23.4%   376  495s
  5822  4197    0.18817   54  531    0.23811    0.18251  23.3%   378  500s
  5868  4231    0.19533   40  639    0.23811    0.18251  23.3%   380  505s
  5902  4265    0.20131   68  463    0.23811    0.18251  23.3%   382  510s
  6048  4406     cutoff  174         0.23811    0.18251  23.3%   377  515s
  6081  4418    0.18856   54  466    0.23811    0.18253  23.3%   380  520s
  6174  4497    0.18634   50  529    0.23811    0.18259  23.3%   378  525s
  6292  4599    0.18640   44  534    0.23811    0.18259  23.3%   375  530s
  6393  4688    0.19334   56  494    0.23811    0.18261  23.3%   373  535s
  6469  4752    0.19003   53  431    0.23811    0.18269  23.3%   373  540s
  6533  4814    0.21881   85  445    0.23811    0.18269  23.3%   375  545s
  6683  4917    0.18501   48  525    0.23811    0.18269  23.3%   372  550s
  6714  4946    0.22888   62  436    0.23811    0.18269  23.3%   376  555s
  6773  4979    0.18499   48  503    0.23811    0.18277  23.2%   377  560s
  6820  5020    0.18519   34  640    0.23811    0.18277  23.2%   379  565s
  6869  5069    0.19415   83  335    0.23811    0.18277  23.2%   380  570s
H 6890  4945                       0.2295548    0.18277  20.4%   379  576s
  6890  4947    0.19583  103  287    0.22955    0.18277  20.4%   379  580s
  6935  4982    0.18676   35  617    0.22955    0.18279  20.4%   380  585s
  7022  5069    0.20464  122  164    0.22955    0.18279  20.4%   379  590s
  7187  5217    0.19691   75  350    0.22955    0.18280  20.4%   373  595s
  7239  5249    0.18539   38  551    0.22955    0.18280  20.4%   376  600s
  7256  5266    0.18823   51  472    0.22955    0.18280  20.4%   379  605s
  7308  5318    0.19322   94  294    0.22955    0.18280  20.4%   380  610s
  7405  5385    0.18492   37  593    0.22955    0.18280  20.4%   380  615s
  7424  5404    0.19923   56  467    0.22955    0.18280  20.4%   383  620s
  7477  5448    0.18554   49  444    0.22955    0.18280  20.4%   384  625s
  7515  5478    0.18382   44  550    0.22955    0.18282  20.4%   386  630s
  7580  5541    0.20002  108  251    0.22955    0.18282  20.4%   386  635s
  7627  5564    0.21600   60  438    0.22955    0.18282  20.4%   387  640s
  7697  5624    0.18747   56  477    0.22955    0.18283  20.4%   388  645s
  7822  5730    0.18312   41  626    0.22955    0.18283  20.4%   385  650s
  7876  5775    0.18370   42  567    0.22955    0.18283  20.4%   385  655s
  7902  5801    0.22456   68  479    0.22955    0.18283  20.4%   386  660s
  7921  5810    0.18653   45  526    0.22955    0.18283  20.4%   389  665s
  7958  5847    0.19249   57  411    0.22955    0.18283  20.4%   392  670s
  7990  5871    0.20142   51  547    0.22955    0.18285  20.3%   395  675s
  8079  5934    0.18351   41  614    0.22955    0.18285  20.3%   393  680s
  8107  5962    0.19406   69  407    0.22955    0.18285  20.3%   395  685s
  8165  6010    0.18627   51  548    0.22955    0.18285  20.3%   396  690s
  8242  6069    0.18920   56  543    0.22955    0.18285  20.3%   396  695s
  8361  6173    0.18642   42  552    0.22955    0.18288  20.3%   393  700s
  8411  6221    0.19609   67  285    0.22955    0.18288  20.3%   395  705s
  8560  6315    0.18577   47  478    0.22955    0.18288  20.3%   393  710s
  8634  6364    0.18696   44  563    0.22955    0.18288  20.3%   393  715s
  8731  6437    0.18398   42  587    0.22955    0.18291  20.3%   392  724s
  8732  6438    0.18398   43  547    0.22955    0.18291  20.3%   392  725s
  8820  6504    0.18943   41  561    0.22955    0.18294  20.3%   391  730s
  8882  6553    0.18442   36  724    0.22955    0.18294  20.3%   391  736s
  8919  6590    0.19207   73  348    0.22955    0.18294  20.3%   392  740s
  8979  6639    0.19004   45  532    0.22955    0.18294  20.3%   392  745s
  9148  6774    0.18442   36  696    0.22955    0.18294  20.3%   388  750s
  9191  6815    0.19061   78  469    0.22955    0.18294  20.3%   389  755s
  9276  6883    0.18496   40  560    0.22955    0.18297  20.3%   388  760s
  9296  6903    0.19295   47  536    0.22955    0.18297  20.3%   391  765s
  9329  6934    0.19301   62  467    0.22955    0.18297  20.3%   393  770s
  9370  6952    0.18747   48  447    0.22955    0.18297  20.3%   395  775s
  9424  7006    0.19183   91  312    0.22955    0.18297  20.3%   395  780s
  9551  7104    0.19479   59  469    0.22955    0.18301  20.3%   393  785s
  9597  7143    0.18883   46  478    0.22955    0.18301  20.3%   394  790s
  9673  7199    0.18844   36  503    0.22955    0.18304  20.3%   394  796s
  9712  7238    0.19471   75  368    0.22955    0.18304  20.3%   395  800s
  9798  7312    0.18511   34  664    0.22955    0.18304  20.3%   394  805s
  9869  7383    0.20244  105  454    0.22955    0.18304  20.3%   394  810s
 10018  7512    0.18710   47  493    0.22955    0.18306  20.3%   391  815s
 10108  7579    0.18823   50  477    0.22955    0.18306  20.3%   390  820s
 10203  7673    0.19884  121  855    0.22955    0.18306  20.3%   387  853s
 10206  7675    0.19131   57  674    0.22955    0.18306  20.3%   387  855s
 10208  7676    0.20947  122  830    0.22955    0.18404  19.8%   387  860s
 10210  7678    0.19994  107  780    0.22955    0.18449  19.6%   387  866s
 10212  7679    0.18687   48  712    0.22955    0.18481  19.5%   387  871s
 10214  7680    0.19742  104  799    0.22955    0.18481  19.5%   387  877s
 10216  7682    0.19849  119  853    0.22955    0.18496  19.4%   386  882s
 10217  7682    0.22201  132  845    0.22955    0.18501  19.4%   386  885s
 10219  7684    0.19217   72  826    0.22955    0.18503  19.4%   386  890s
 10221  7685    0.21229   78  795    0.22955    0.18503  19.4%   386  896s
 10223  7686    0.20054  109  785    0.22955    0.18503  19.4%   386  901s
 10225  7688    0.20103  144  795    0.22955    0.18504  19.4%   386  906s
 10226  7688    0.19182   62  718    0.22955    0.18505  19.4%   386  910s
 10228  7690    0.22948   61  746    0.22955    0.18505  19.4%   386  916s
 10230  7691    0.22623  181  904    0.22955    0.18505  19.4%   386  921s
 10232  7692    0.19336   75  699    0.22955    0.18505  19.4%   386  926s
 10234  7694    0.18637   52  841    0.22955    0.18505  19.4%   386  931s
 10236  7695    0.20156  116  720    0.22955    0.18508  19.4%   386  937s
 10238  7696    0.20129   82  819    0.22955    0.18508  19.4%   386  943s
 10239  7697    0.21763  176  864    0.22955    0.18508  19.4%   386  945s
 10240  7698    0.19400   67  822    0.22955    0.18508  19.4%   386  951s
 10242  7699    0.19813  133  867    0.22955    0.18508  19.4%   385  956s
 10244  7700    0.19438   62  793    0.22955    0.18508  19.4%   385  962s
 10246  7702    0.19131   48  721    0.22955    0.18508  19.4%   385  967s
 10247  7702    0.19401   84  846    0.22955    0.18508  19.4%   385  970s
 10249  7704    0.19131   53  797    0.22955    0.18508  19.4%   385  976s
 10253  7708    0.18538   39  809    0.22955    0.18508  19.4%   395  981s
 10261  7714    0.18556   43  724    0.22955    0.18508  19.4%   396  985s
 10271  7720    0.18870   48  547    0.22955    0.18508  19.4%   399  990s
 10291  7734    0.19013   58  423    0.22955    0.18508  19.4%   400  995s
 10302  7741    0.19069   63  403    0.22955    0.18508  19.4%   400 1002s
 10335  7761    0.19501   80  261    0.22955    0.18508  19.4%   399 1005s
 10348  7770    0.19530   86  268    0.22955    0.18508  19.4%   399 1010s
H10354  7386                       0.2281623    0.18508  18.9%   399 1012s
 10382  7406    0.19598  103  188    0.22816    0.18508  18.9%   398 1015s
H10407  7047                       0.2263632    0.18508  18.2%   398 1019s
H10407  6697                       0.2227651    0.18508  16.9%   398 1019s
 10407  6699    0.19640  116  115    0.22277    0.18508  16.9%   398 1023s
H10413  6368                       0.2221643    0.18508  16.7%   398 1024s
H10413  6054                       0.2201760    0.18508  15.9%   398 1024s
H10413  5755                       0.2200450    0.18508  15.9%   398 1024s
H10413  5472                       0.2197851    0.18508  15.8%   398 1024s
 10425  5469    0.18758   39  812    0.21979    0.18508  15.8%   398 1026s
 10434  5475    0.18844   44  788    0.21979    0.18508  15.8%   399 1030s
 10449  5483    0.19515   51  695    0.21979    0.18508  15.8%   401 1035s
 10464  5493    0.19179   59  563    0.21979    0.18508  15.8%   402 1040s
 10487  5508    0.19846   70  447    0.21979    0.18508  15.8%   403 1045s
 10550  5550    0.19758  102  119    0.21979    0.18508  15.8%   402 1050s
 10649  5593    0.21329  151  211    0.21979    0.18508  15.8%   400 1055s
 10693  5585    0.18664   41  770    0.21979    0.18538  15.7%   401 1060s
 10700  5589    0.18656   45  710    0.21979    0.18538  15.7%   403 1065s
 10711  5595     cutoff   50         0.21979    0.18538  15.7%   404 1070s
 10744  5617    0.19366   67  395    0.21979    0.18538  15.7%   404 1075s
 10822  5665    0.19532  105  107    0.21979    0.18538  15.7%   402 1083s
 10840  5661    0.18538   41  779    0.21979    0.18538  15.7%   402 1086s
H10847  5393                       0.2194613    0.18538  15.5%   403 1089s
H10847  5137                       0.2192892    0.18538  15.5%   403 1089s
 10848  5140    0.18596   45  717    0.21929    0.18538  15.5%   403 1090s
 10867  5153    0.18870   55  599    0.21929    0.18538  15.5%   405 1095s
H10902  4928                       0.2175599    0.18538  14.8%   405 1101s
 10917  4938    0.19445   80  124    0.21756    0.18538  14.8%   405 1105s
H10955  4730                       0.2175436    0.18538  14.8%   404 1108s
 10955  4732    0.19445   99  100    0.21754    0.18538  14.8%   404 1110s
 10990  4740    0.18662   43  765    0.21754    0.18538  14.8%   404 1115s
 11004  4749    0.18741   50  744    0.21754    0.18538  14.8%   406 1120s
H11010  4524                       0.2140879    0.18538  13.4%   406 1122s
H11010  4308                       0.2109111    0.18538  12.1%   406 1122s
H11010  4108                       0.2105999    0.18538  12.0%   406 1122s
H11010  3920                       0.2104864    0.18538  11.9%   406 1122s
H11010  3736                       0.2065159    0.18538  10.2%   406 1122s
H11010  3566                       0.2063289    0.18538  10.2%   406 1122s
 11019  3574    0.18986   57  687    0.20633    0.18538  10.2%   407 1125s
 11043  3586    0.19671   69  208    0.20633    0.18538  10.2%   408 1130s
H11064  3431                       0.2058250    0.18538  9.93%   407 1131s
 11106  3454     cutoff  101         0.20583    0.18538  9.93%   407 1135s
 11126  3452    0.18662   43  835    0.20583    0.18538  9.93%   407 1140s
 11140  3462    0.19301   50  716    0.20583    0.18538  9.93%   409 1145s
 11166  3475    0.19410   63  335    0.20583    0.18538  9.93%   409 1150s
 11213  3501    0.19547   87  106    0.20583    0.18538  9.93%   409 1155s
 11267  3507    0.18612   43  852    0.20583    0.18544  9.91%   409 1160s
 11279  3515    0.19224   49  462    0.20583    0.18544  9.91%   410 1165s
 11309  3535    0.19246   64  244    0.20583    0.18544  9.91%   410 1170s
 11388  3574    0.19379  104   93    0.20583    0.18544  9.91%   409 1175s
 11427  3570    0.19067   43  715    0.20583    0.18556  9.84%   410 1181s
 11453  3587    0.19075   56  390    0.20583    0.18556  9.84%   410 1185s
 11498  3614    0.19460   79  145    0.20583    0.18556  9.84%   410 1191s
 11551  3642    0.19856  106  432    0.20583    0.18556  9.84%   409 1195s
 11594  3647    0.18759   50  544    0.20583    0.18556  9.84%   409 1200s
 11646  3678    0.19411   89   94    0.20583    0.18556  9.84%   408 1205s
 11704  3711     cutoff  126         0.20583    0.18556  9.84%   407 1210s
 11766  3724    0.18578   46  552    0.20583    0.18567  9.79%   406 1215s
 11777  3731    0.18936   56  466    0.20583    0.18567  9.79%   407 1220s
 11805  3750    0.19334   79  235    0.20583    0.18567  9.79%   406 1228s
 11830  3767    0.19358  101  128    0.20583    0.18567  9.79%   406 1230s
 11884  3794    0.19358  141  108    0.20583    0.18567  9.79%   404 1235s
 11957  3810 infeasible  180         0.20583    0.18567  9.79%   404 1240s
 11965  3814    0.19429   52  595    0.20583    0.18567  9.79%   405 1245s
 11990  3830    0.20060   72  194    0.20583    0.18567  9.79%   405 1250s
H12040  3627                       0.2015473    0.18567  7.88%   404 1254s
H12040  3461                       0.2010313    0.18567  7.64%   404 1254s
 12045  3458    0.19086   47  535    0.20103    0.18568  7.63%   405 1255s
 12057  3465    0.19430   55  515    0.20103    0.18568  7.63%   406 1260s
H12094  3341                       0.2008326    0.18568  7.54%   406 1264s
H12094  3203                       0.2006742    0.18568  7.47%   406 1264s
H12094  3077                       0.2006435    0.18568  7.46%   406 1264s
 12101  3083    0.19879   90  242    0.20064    0.18568  7.46%   406 1265s
 12170  3111    0.18591   47  522    0.20064    0.18569  7.45%   405 1272s
 12173  3113    0.18704   49  471    0.20064    0.18569  7.45%   406 1275s
 12191  3125    0.19067   61  355    0.20064    0.18569  7.45%   406 1280s
 12268  3177    0.19349  128   97    0.20064    0.18569  7.45%   404 1285s
H12310  3081                       0.2005435    0.18569  7.41%   403 1287s
 12339  3086     cutoff  174         0.20054    0.18569  7.41%   403 1290s
 12350  3091    0.19057   52  484    0.20054    0.18578  7.36%   404 1295s
 12409  3131    0.19539  104  160    0.20054    0.18578  7.36%   403 1300s
 12467  3154    0.18713   47  664    0.20054    0.18578  7.36%   403 1306s
H12472  3043                       0.2005398    0.18578  7.36%   403 1308s
 12482  3051    0.19034   60  386    0.20054    0.18578  7.36%   403 1310s
 12561  3104    0.19492  117  105    0.20054    0.18578  7.36%   401 1315s
 12593  3114    0.18795   50  534    0.20054    0.18582  7.34%   401 1320s
 12640  3146    0.19349   91  106    0.20054    0.18582  7.34%   400 1325s
H12688  3057                       0.2002509    0.18582  7.21%   399 1327s
 12704  3069    0.19358  129   99    0.20025    0.18582  7.21%   399 1330s
 12720  3069    0.19272   45  757    0.20025    0.18587  7.18%   400 1335s
 12733  3075    0.19901   57  594    0.20025    0.18587  7.18%   401 1340s
 12752  3075    0.18668   50  431    0.20025    0.18587  7.18%   402 1345s
 12788  3099    0.19399   86  214    0.20025    0.18587  7.18%   401 1355s
 12830  3116    0.19125   49  517    0.20025    0.18595  7.14%   401 1360s
 12841  3124    0.18934   55  491    0.20025    0.18595  7.14%   402 1365s
 12885  3149    0.19318   77  281    0.20025    0.18595  7.14%   402 1370s
 12990  3197     cutoff  129         0.20025    0.18595  7.14%   400 1375s
 13016  3200    0.18975   55  401    0.20025    0.18595  7.14%   401 1380s
 13075  3235    0.19524  113  170    0.20025    0.18595  7.14%   400 1385s
 13096  3241    0.18990   58  445    0.20025    0.18596  7.13%   401 1390s
 13193  3281     cutoff  142         0.20025    0.18596  7.13%   399 1395s
 13212  3294    0.18959   63  483    0.20025    0.18596  7.13%   400 1400s
 13274  3333    0.19428  110  110    0.20025    0.18596  7.13%   399 1405s
 13321  3347    0.18730   46  738    0.20025    0.18598  7.13%   399 1410s
 13358  3371    0.19307   83  224    0.20025    0.18598  7.13%   399 1415s
 13409  3390    0.19079   51  592    0.20025    0.18599  7.12%   399 1420s
 13463  3424    0.19932  104   89    0.20025    0.18599  7.12%   399 1425s
 13510  3436    0.18859   45  543    0.20025    0.18600  7.12%   399 1430s
 13534  3450    0.19334   68  391    0.20025    0.18600  7.12%   399 1435s
H13566  3360                       0.2001598    0.18600  7.07%   398 1438s
H13566  3264                       0.2001276    0.18600  7.06%   398 1438s
 13574  3265    0.18704   49  584    0.20013    0.18600  7.06%   399 1440s
 13587  3272    0.18891   54  464    0.20013    0.18600  7.06%   399 1445s
H13620  3119                       0.1993514    0.18600  6.70%   400 1450s
H13620  3032                       0.1993422    0.18600  6.69%   400 1450s
 13636  3037    0.19180   60  447    0.19934    0.18607  6.66%   401 1455s
 13699  3066     cutoff  115         0.19934    0.18607  6.66%   400 1460s
 13717  3072    0.19018   62  479    0.19934    0.18608  6.65%   401 1465s
 13748  3092    0.19613   93  266    0.19934    0.18608  6.65%   401 1470s
 13771  3107    0.19904  116  200    0.19934    0.18608  6.65%   400 1477s
 13823  3121    0.18737   50  458    0.19934    0.18620  6.59%   399 1480s
 13857  3144    0.19672   84  118    0.19934    0.18620  6.59%   399 1485s
 13897  3159    0.18696   43  647    0.19934    0.18621  6.59%   399 1490s
 13915  3171    0.19031   61  476    0.19934    0.18621  6.59%   400 1495s
 13964  3203    0.19524  110  164    0.19934    0.18621  6.59%   399 1500s
 14015  3214    0.18686   47  590    0.19934    0.18621  6.59%   399 1505s
 14040  3229    0.19847   71  278    0.19934    0.18621  6.59%   399 1510s
 14075  3240    0.19120   67  408    0.19934    0.18621  6.59%   399 1515s
 14162  3296    0.19645  153   89    0.19934    0.18621  6.59%   398 1520s
 14196  3302    0.19208   53  393    0.19934    0.18625  6.57%   398 1525s
 14286  3362    0.19393  120  107    0.19934    0.18625  6.57%   396 1530s
 14394  3414    0.19170   44  785    0.19934    0.18625  6.57%   395 1535s
 14406  3422    0.19384   56  542    0.19934    0.18625  6.57%   396 1540s
 14436  3442    0.19704   86  377    0.19934    0.18625  6.57%   396 1545s
 14472  3451    0.19369   48  708    0.19934    0.18625  6.57%   396 1550s
 14520  3458    0.19117   41  751    0.19934    0.18627  6.56%   397 1556s
 14551  3479    0.19733   72  319    0.19934    0.18627  6.56%   397 1560s
 14595  3480    0.19150   44  826    0.19934    0.18627  6.56%   397 1566s
 14610  3490    0.19499   59  527    0.19934    0.18627  6.56%   398 1570s
 14670  3525    0.19929  117  109    0.19934    0.18627  6.56%   397 1575s
 14688  3522    0.19192   50  509    0.19934    0.18628  6.55%   398 1580s
 14702  3527    0.19540   57  403    0.19934    0.18628  6.55%   399 1585s
 14759  3532    0.19237   45  776    0.19934    0.18629  6.55%   399 1591s
 14772  3541    0.19460   51  434    0.19934    0.18629  6.55%   400 1595s
 14819  3560    0.19845   73  285    0.19934    0.18629  6.55%   400 1600s
 14866  3579    0.19248   76  298    0.19934    0.18629  6.55%   400 1605s
 14938  3617    0.18999   56  451    0.19934    0.18640  6.49%   399 1610s
 14980  3645    0.19617   98  137    0.19934    0.18640  6.49%   399 1615s
 15030  3666    0.19175   64  458    0.19934    0.18642  6.48%   399 1620s
 15105  3695    0.18645   45  818    0.19934    0.18643  6.48%   398 1625s
 15125  3708    0.19172   65  326    0.19934    0.18643  6.48%   398 1630s
 15192  3744    0.18897   47  687    0.19934    0.18645  6.47%   398 1635s
 15280  3830    0.19643  121  133    0.19934    0.18645  6.47%   396 1640s
 15337  3865    0.18743   46  750    0.19934    0.18645  6.47%   396 1646s
 15417  3942     cutoff  126         0.19934    0.18645  6.47%   395 1650s
 15476  3987    0.19702   77  302    0.19934    0.18647  6.46%   394 1655s
 15526  4025    0.18801   50  525    0.19934    0.18647  6.46%   394 1660s
 15589  4086    0.19343  112  201    0.19934    0.18647  6.46%   394 1665s
 15664  4149    0.19371   84  265    0.19934    0.18648  6.45%   393 1670s
 15737  4220    0.19408  156  110    0.19934    0.18648  6.45%   392 1700s
H15738  3863                       0.1983028    0.18648  5.96%   392 1701s
 15754  3873    0.19207   60  445    0.19830    0.18652  5.94%   392 1705s
 15813  3927     cutoff  118         0.19830    0.18652  5.94%   392 1710s
 15891  3978    0.19213   81  402    0.19830    0.18653  5.94%   391 1715s
 15959  4037    0.19178   70  316    0.19830    0.18656  5.92%   390 1720s
 16019  4082    0.18827   48  454    0.19830    0.18659  5.91%   390 1725s
 16054  4093    0.19187   46  732    0.19830    0.18661  5.89%   391 1730s
 16074  4101     cutoff   57         0.19830    0.18661  5.89%   392 1735s
 16088  4101    0.18689   44  809    0.19830    0.18662  5.89%   393 1740s
 16139  4152    0.19447   95  275    0.19830    0.18662  5.89%   392 1745s
 16191  4192    0.18820   48  524    0.19830    0.18662  5.89%   392 1750s
 16261  4261    0.19558  110  149    0.19830    0.18662  5.89%   391 1755s
 16294  4281    0.19035   56  418    0.19830    0.18662  5.89%   392 1760s
 16413  4376    0.18689   44  810    0.19830    0.18662  5.89%   390 1765s
 16431  4394    0.19365   53  395    0.19830    0.18662  5.89%   391 1770s
 16462  4421    0.19275   69  374    0.19830    0.18662  5.89%   391 1775s
 16552  4508    0.19396  114  121    0.19830    0.18662  5.89%   390 1781s
 16616  4536    0.18854   46  746    0.19830    0.18663  5.89%   391 1785s
 16684  4602    0.19630  113  206    0.19830    0.18663  5.89%   390 1790s
 16726  4628    0.19817   52  478    0.19830    0.18664  5.88%   390 1795s
 16759  4645    0.19083   50  696    0.19830    0.18664  5.88%   391 1800s
 16799  4685    0.19534   90  245    0.19830    0.18664  5.88%   391 1805s
 16830  4700    0.19358   44  686    0.19830    0.18665  5.87%   391 1810s
 16876  4726    0.19033   59  379    0.19830    0.18665  5.87%   391 1815s
 16965  4802    0.18682   51  462    0.19830    0.18668  5.86%   390 1820s
 17015  4850    0.19711  100  252    0.19830    0.18668  5.86%   390 1825s
 17095  4915    0.19404  110  186    0.19830    0.18668  5.86%   389 1830s
 17147  4941    0.19757   61  375    0.19830    0.18668  5.86%   390 1835s
 17190  4969    0.19192   70  387    0.19830    0.18669  5.86%   390 1840s
 17271  5044     cutoff  134         0.19830    0.18669  5.86%   389 1845s
 17282  5049    0.19226   53  527    0.19830    0.18670  5.85%   390 1850s
 17315  5070    0.18726   47  816    0.19830    0.18672  5.84%   391 1855s
 17431  5167    0.18837   47  826    0.19830    0.18673  5.84%   389 1861s
 17487  5223    0.19504  103  221    0.19830    0.18673  5.84%   388 1865s
 17523  5242    0.19118   51  692    0.19830    0.18674  5.83%   389 1870s
 17610  5300    0.18799   43  757    0.19830    0.18674  5.83%   388 1875s
 17646  5322    0.18785   43  769    0.19830    0.18678  5.81%   388 1881s
 17654  5330    0.19066   51  635    0.19830    0.18678  5.81%   389 1885s
 17725  5401    0.19728  122  232    0.19830    0.18678  5.81%   388 1890s
 17743  5409    0.18933   54  474    0.19830    0.18680  5.80%   389 1895s
 17841  5487    0.18810   45  769    0.19830    0.18682  5.79%   388 1900s
 17941  5587    0.19490  145  121    0.19830    0.18682  5.79%   386 1905s
 18011  5626     cutoff   89         0.19830    0.18682  5.79%   386 1910s
 18086  5688    0.19542   87  182    0.19830    0.18682  5.79%   386 1915s
 18157  5745    0.19546  123  111    0.19830    0.18682  5.79%   385 1922s
 18170  5744    0.18964   53  430    0.19830    0.18682  5.79%   386 1925s
 18251  5823    0.19594  120  111    0.19830    0.18682  5.79%   385 1930s
 18334  5894    0.19667   58  347    0.19830    0.18684  5.78%   385 1935s
 18394  5934    0.19375   80  310    0.19830    0.18685  5.78%   385 1940s
 18457  5980    0.19667   76  396    0.19830    0.18686  5.77%   384 1945s
 18505  5996    0.19258   49  543    0.19830    0.18686  5.77%   385 1951s
 18511  6002    0.19567   55  415    0.19830    0.18686  5.77%   386 1955s
 18525  6014     cutoff   69         0.19830    0.18686  5.77%   386 1960s
 18554  6026    0.18787   48  637    0.19830    0.18687  5.76%   387 1965s
 18581  6053    0.19414   75  340    0.19830    0.18687  5.76%   387 1970s
 18615  6079    0.19034   55  495    0.19830    0.18689  5.76%   388 1975s
 18713  6173    0.19802  152  186    0.19830    0.18689  5.76%   387 1980s
 18778  6208    0.19068   68  412    0.19830    0.18689  5.76%   386 1985s
 18850  6253    0.19205   45  863    0.19830    0.18689  5.76%   387 1992s
 18887  6281     cutoff   77         0.19830    0.18689  5.76%   386 1995s
 18926  6303    0.19657   69  388    0.19830    0.18691  5.74%   387 2000s
 18985  6332    0.18825   51  515    0.19830    0.18691  5.74%   387 2005s
 19097  6417    0.18733   48  577    0.19830    0.18692  5.74%   386 2010s
 19135  6444 infeasible   81         0.19830    0.18692  5.74%   386 2015s
 19150  6449    0.19369   49  685    0.19830    0.18696  5.72%   387 2020s
 19204  6493    0.18697   44  603    0.19830    0.18696  5.72%   387 2025s
 19249  6536    0.19804   88  206    0.19830    0.18696  5.72%   387 2030s
 19307  6573    0.18773   51  569    0.19830    0.18697  5.72%   386 2035s
 19354  6620    0.19557   98  185    0.19830    0.18697  5.72%   386 2040s
 19419  6671    0.19103   56  493    0.19830    0.18698  5.71%   386 2045s
 19449  6699    0.19614   85  281    0.19830    0.18698  5.71%   387 2050s
 19469  6699    0.18858   51  562    0.19830    0.18698  5.71%   387 2055s
 19519  6749    0.19516  101  162    0.19830    0.18698  5.71%   387 2060s
 19572  6786    0.18953   47  681    0.19830    0.18700  5.70%   387 2065s
 19606  6818    0.19314   64  397    0.19830    0.18700  5.70%   388 2070s
 19667  6875    0.19374   95  225    0.19830    0.18700  5.70%   387 2075s
 19760  6960    0.19412  141   72    0.19830    0.18700  5.70%   387 2080s
 19864  7034    0.19572  116  124    0.19830    0.18700  5.70%   386 2085s
 19912  7068    0.18771   46  540    0.19830    0.18700  5.70%   385 2090s
 19991  7133    0.19616  114  173    0.19830    0.18700  5.70%   385 2095s
 20060  7192    0.19693  100  208    0.19830    0.18701  5.70%   384 2100s
 20133  7227    0.18995   52  448    0.19830    0.18704  5.68%   384 2105s
 20221  7315    0.19415  119  133    0.19830    0.18704  5.68%   383 2110s
 20313  7375    0.18805   53  489    0.19830    0.18704  5.68%   383 2116s
 20354  7416    0.19324   94  168    0.19830    0.18704  5.68%   383 2120s
 20404  7445    0.18933   55  483    0.19830    0.18704  5.68%   383 2126s
 20458  7487    0.18779   52  513    0.19830    0.18704  5.68%   383 2130s
 20545  7565    0.18851   50  552    0.19830    0.18704  5.68%   382 2135s
 20632  7641    0.18824   52  540    0.19830    0.18704  5.68%   381 2140s
 20667  7674    0.19430   64  324    0.19830    0.18704  5.68%   382 2145s
 20747  7738    0.19814   98  105    0.19830    0.18704  5.68%   382 2150s
 20767  7748    0.18912   57  483    0.19830    0.18705  5.68%   382 2155s
 20828  7809    0.19633  118  108    0.19830    0.18705  5.68%   382 2160s
 20872  7842    0.19065   61  432    0.19830    0.18705  5.67%   382 2165s
 20948  7909    0.18788   47  766    0.19830    0.18706  5.67%   382 2172s
 20960  7921    0.19557   59  593    0.19830    0.18706  5.67%   382 2175s
 21000  7938    0.19054   49  707    0.19830    0.18707  5.67%   382 2181s
 21039  7977    0.19529   88  306    0.19830    0.18707  5.67%   382 2185s
 21153  8063    0.19511  100   91    0.19830    0.18709  5.65%   381 2190s
 21236  8120    0.19618   81  170    0.19830    0.18713  5.64%   380 2195s
 21328  8192    0.18931   51  509    0.19830    0.18715  5.63%   380 2200s
 21398  8262    0.19811  121  143    0.19830    0.18715  5.63%   379 2205s
 21442  8284    0.19247   66  388    0.19830    0.18715  5.62%   379 2210s
 21526  8350    0.18717   50  554    0.19830    0.18715  5.62%   379 2215s
 21587  8405    0.19824  108  112    0.19830    0.18715  5.62%   379 2220s
 21612  8416    0.18876   52  633    0.19830    0.18715  5.62%   379 2225s
 21618  8420    0.19074   55  504    0.19830    0.18715  5.62%   380 2230s
 21632  8432    0.19214   62  416    0.19830    0.18715  5.62%   381 2235s
 21756  8519     cutoff   50         0.19830    0.18716  5.62%   380 2240s
 21768  8531    0.19139   58  460    0.19830    0.18716  5.62%   381 2245s
 21827  8578    0.18754   47  832    0.19830    0.18716  5.62%   381 2252s
 21840  8585    0.19665   53  652    0.19830    0.18716  5.62%   381 2255s
 21873  8589    0.18801   51  614    0.19830    0.18717  5.62%   382 2260s
 21922  8638    0.19368  100  169    0.19830    0.18717  5.62%   382 2265s
 21975  8682    0.19136   54  657    0.19830    0.18717  5.62%   381 2270s
 21998  8692    0.18840   52  604    0.19830    0.18717  5.62%   382 2276s
 22021  8715    0.19219   75  377    0.19830    0.18717  5.62%   382 2280s
 22081  8753    0.18840   50  613    0.19830    0.18718  5.61%   383 2285s
 22092  8764    0.18967   56  502    0.19830    0.18718  5.61%   383 2290s
 22170  8838    0.19457  113  118    0.19830    0.18718  5.61%   383 2295s
 22216  8868    0.18975   60  460    0.19830    0.18719  5.60%   383 2300s
 22300  8925    0.18842   47  812    0.19830    0.18721  5.59%   383 2305s
 22410  9021    0.19429  149  161    0.19830    0.18721  5.59%   382 2310s
 22416  9021    0.18840   52  645    0.19830    0.18726  5.57%   382 2315s
 22495  9084    0.19260   45  723    0.19830    0.18727  5.56%   382 2320s
 22520  9100    0.19244   48  795    0.19830    0.18727  5.56%   382 2325s
 22565  9131    0.18960   54  465    0.19830    0.18729  5.55%   382 2330s
 22650  9190     cutoff   64         0.19830    0.18730  5.55%   382 2335s
 22698  9212    0.19665   58  484    0.19830    0.18732  5.54%   382 2340s
 22738  9228    0.19239   49  606    0.19830    0.18735  5.53%   383 2345s
 22785  9253    0.18899   52  678    0.19830    0.18736  5.52%   383 2353s
 22792  9260    0.19093   59  383    0.19830    0.18736  5.52%   383 2358s
 22828  9290    0.19772   91  138    0.19830    0.18736  5.52%   382 2360s
 22885  9333    0.19110   72  434    0.19830    0.18737  5.52%   382 2365s
 22936  9374    0.19668   61  407    0.19830    0.18737  5.51%   382 2370s
 22987  9406    0.19073   51  551    0.19830    0.18743  5.48%   382 2375s
 23042  9450    0.19249   47  741    0.19830    0.18744  5.48%   382 2380s
 23069  9459    0.18866   52  475    0.19830    0.18744  5.48%   383 2385s
 23144  9517    0.19356   67  320    0.19830    0.18744  5.48%   382 2390s
 23221  9570    0.18869   46  720    0.19830    0.18744  5.48%   382 2395s
 23287  9632    0.19690  110  254    0.19830    0.18744  5.48%   382 2400s
 23348  9682    0.19339   92  319    0.19830    0.18744  5.48%   382 2405s
 23441  9763    0.19717   65  445    0.19830    0.18745  5.48%   381 2410s
 23510  9825    0.19293  101  326    0.19830    0.18745  5.47%   381 2415s
 23617  9897     cutoff   78         0.19830    0.18745  5.47%   380 2420s
 23671  9921    0.19274   72  420    0.19830    0.18745  5.47%   380 2425s
 23780 10010    0.19297   63  450    0.19830    0.18745  5.47%   379 2430s
 23853 10059    0.19444   70  327    0.19830    0.18745  5.47%   379 2435s
 23920 10110    0.19089   56  462    0.19830    0.18745  5.47%   378 2440s
 23975 10154    0.18907   51  517    0.19830    0.18745  5.47%   378 2445s
 24022 10201    0.19388   98  334    0.19830    0.18745  5.47%   378 2450s
 24092 10248    0.19011   47  647    0.19830    0.18746  5.47%   378 2455s
 24123 10273    0.19320   63  432    0.19830    0.18746  5.47%   378 2460s
 24208 10352    0.19516  105   92    0.19830    0.18746  5.47%   378 2465s
 24268 10386    0.18903   51  498    0.19830    0.18746  5.47%   378 2470s
 24371 10460    0.19252   48  531    0.19830    0.18746  5.47%   377 2476s
 24399 10476    0.18831   47  767    0.19830    0.18748  5.46%   378 2481s
 24458 10531    0.19621  104  188    0.19830    0.18748  5.46%   377 2485s
 24496 10547     cutoff   55         0.19830    0.18749  5.45%   378 2490s
 24523 10548    0.19279   48  539    0.19830    0.18752  5.44%   379 2495s
 24550 10557    0.19329   51  719    0.19830    0.18752  5.44%   379 2500s
 24613 10604    0.19295   48  691    0.19830    0.18753  5.43%   379 2505s
 24690 10660    0.19458   51  566    0.19830    0.18755  5.42%   379 2511s
 24715 10676    0.19489   55  450    0.19830    0.18755  5.42%   379 2515s
 24767 10703    0.19084   51  503    0.19830    0.18755  5.42%   379 2520s
 24810 10746    0.19498   94  359    0.19830    0.18755  5.42%   379 2525s
 24862 10782    0.19822   81  339    0.19830    0.18756  5.42%   379 2530s
 24945 10831    0.19771   89  292    0.19830    0.18757  5.41%   379 2535s
 24968 10846    0.19244   59  447    0.19830    0.18757  5.41%   379 2540s
 25056 10920     cutoff  124         0.19830    0.18757  5.41%   379 2545s
 25103 10955    0.19175   73  436    0.19830    0.18757  5.41%   379 2550s
 25201 11043    0.19378  114  266    0.19830    0.18757  5.41%   378 2555s
 25314 11136    0.19772  127  103    0.19830    0.18757  5.41%   377 2560s
 25373 11170    0.19707   53  489    0.19830    0.18757  5.41%   377 2565s
 25397 11178    0.19020   50  550    0.19830    0.18757  5.41%   378 2570s
 25449 11230    0.19512  102  321    0.19830    0.18757  5.41%   378 2575s
 25496 11255    0.19207   51  517    0.19830    0.18757  5.41%   378 2580s
 25538 11291    0.19537   72  323    0.19830    0.18757  5.41%   378 2585s
 25679 11399    0.19680  143  181    0.19830    0.18757  5.41%   378 2590s
 25723 11432    0.19317   85  340    0.19830    0.18757  5.41%   378 2595s
 25754 11451    0.19488   55  595    0.19830    0.18757  5.41%   378 2600s
 25794 11483    0.19465   73  314    0.19830    0.18758  5.41%   378 2605s
 25849 11525    0.18788   42  612    0.19830    0.18758  5.41%   378 2610s
 25874 11539    0.19029   50  487    0.19830    0.18758  5.41%   379 2616s
 25909 11574    0.19435   78  386    0.19830    0.18758  5.41%   379 2620s
 25955 11608    0.19253   59  462    0.19830    0.18759  5.40%   379 2625s
 25992 11639     cutoff   93         0.19830    0.18759  5.40%   380 2630s
 26016 11655    0.19325   56  582    0.19830    0.18759  5.40%   380 2635s
 26118 11745    0.19065   53  504    0.19830    0.18759  5.40%   379 2640s
 26203 11820     cutoff  131         0.19830    0.18759  5.40%   379 2645s
 26296 11890    0.19617  106  279    0.19830    0.18759  5.40%   378 2650s
 26324 11909    0.19714   65  315    0.19830    0.18759  5.40%   379 2655s
 26351 11918    0.18895   52  665    0.19830    0.18759  5.40%   379 2660s
 26400 11967    0.19705  101  184    0.19830    0.18759  5.40%   379 2665s
 26462 12007    0.18985   55  395    0.19830    0.18759  5.40%   379 2670s
 26510 12045    0.18948   42  742    0.19830    0.18759  5.40%   379 2675s
 26520 12055    0.19774   52  683    0.19830    0.18759  5.40%   380 2680s
 26530 12058    0.18898   53  497    0.19830    0.18760  5.40%   381 2685s
 26627 12140    0.18897   41  758    0.19830    0.18760  5.40%   380 2690s
 26651 12164    0.19611   65  414    0.19830    0.18760  5.40%   381 2695s
 26698 12189    0.19509   55  653    0.19830    0.18760  5.40%   381 2700s
 26745 12213    0.18890   50  502    0.19830    0.18761  5.39%   381 2705s
 26764 12232    0.19113   69  553    0.19830    0.18761  5.39%   381 2710s
 26807 12267    0.18857   52  556    0.19830    0.18761  5.39%   381 2715s
 26848 12308    0.19478   93  341    0.19830    0.18761  5.39%   381 2720s
 26940 12377    0.19466   53  428    0.19830    0.18762  5.39%   381 2725s
 27019 12431    0.19820   92  168    0.19830    0.18762  5.39%   381 2730s
 27055 12447    0.19335   50  549    0.19830    0.18762  5.39%   381 2735s
 27131 12494    0.19827  102  295    0.19830    0.18762  5.39%   381 2740s
 27209 12546     cutoff  107         0.19830    0.18762  5.39%   380 2745s
 27266 12586    0.19822   77  241    0.19830    0.18762  5.39%   380 2750s
 27306 12604    0.19161   57  490    0.19830    0.18764  5.38%   380 2755s
 27392 12671    0.18810   54  566    0.19830    0.18764  5.38%   380 2760s
 27458 12725    0.19801   80  259    0.19830    0.18764  5.38%   380 2765s
 27497 12750    0.19722   76  345    0.19830    0.18764  5.38%   380 2770s
 27539 12778    0.19026   50  584    0.19830    0.18764  5.38%   380 2775s
 27575 12804    0.19790   78  301    0.19830    0.18764  5.38%   380 2780s
 27632 12853    0.19536   83  231    0.19830    0.18765  5.37%   380 2785s
 27699 12904    0.19337   49  496    0.19830    0.18767  5.36%   380 2790s
 27729 12916    0.19061   49  488    0.19830    0.18768  5.36%   381 2796s
 27745 12932    0.19387   65  407    0.19830    0.18768  5.36%   381 2800s
 27795 12973    0.19134   51  438    0.19830    0.18768  5.36%   381 2805s
 27860 13022    0.19254   51  543    0.19830    0.18769  5.35%   381 2810s
 27897 13048    0.19315   57  450    0.19830    0.18769  5.35%   381 2815s
 27978 13112    0.19045   53  501    0.19830    0.18771  5.34%   381 2820s
 28051 13173    0.18985   56  508    0.19830    0.18771  5.34%   380 2825s
 28097 13219    0.19328  102  330    0.19830    0.18771  5.34%   380 2831s
 28100 13222    0.19354  105  328    0.19830    0.18771  5.34%   380 2835s
 28118 13240    0.19401  123  249    0.19830    0.18771  5.34%   380 2840s
 28212 13316    0.19533  127  205    0.19830    0.18771  5.34%   379 2845s
 28266 13350    0.19792   54  381    0.19830    0.18771  5.34%   379 2850s
 28315 13383    0.19301   72  280    0.19830    0.18772  5.34%   379 2855s
 28429 13474    0.18985   57  432    0.19830    0.18773  5.33%   378 2860s
 28509 13541    0.19276   49  749    0.19830    0.18773  5.33%   378 2865s
 28560 13592    0.19809  100  280    0.19830    0.18773  5.33%   378 2870s
 28588 13603    0.19460   55  429    0.19830    0.18775  5.32%   378 2875s
 28658 13660    0.19501   90  306    0.19830    0.18775  5.32%   378 2880s
 28748 13736    0.19414   60  476    0.19830    0.18775  5.32%   377 2885s
 28774 13752    0.19378   52  721    0.19830    0.18776  5.32%   378 2890s
 28845 13814 infeasible  119         0.19830    0.18776  5.32%   377 2895s
 28909 13868    0.19829  107  130    0.19830    0.18776  5.32%   377 2900s
 28938 13878    0.19592   47  672    0.19830    0.18777  5.31%   378 2905s
 28960 13888     cutoff   61         0.19830    0.18777  5.31%   378 2910s
 28972 13890    0.19369   53  470    0.19830    0.18779  5.30%   379 2915s
 29043 13948    0.19820  117  309    0.19830    0.18779  5.30%   378 2920s
 29081 13966    0.19492   67  271    0.19830    0.18779  5.30%   378 2925s
 29201 14071    0.18779   52  510    0.19830    0.18779  5.30%   378 2930s
 29228 14098    0.18986   60  452    0.19830    0.18781  5.29%   378 2935s
 29278 14146    0.19482   85  416    0.19830    0.18781  5.29%   378 2940s
 29319 14183    0.19656  102  259    0.19830    0.18781  5.29%   378 2945s
 29358 14195    0.19414   63  469    0.19830    0.18781  5.29%   379 2950s
 29431 14247    0.19085   55  464    0.19830    0.18781  5.29%   378 2955s
 29471 14271    0.19045   54  478    0.19830    0.18783  5.28%   378 2960s
 29507 14307    0.19622   90  422    0.19830    0.18783  5.28%   379 2965s
 29540 14332    0.19686   73  340    0.19830    0.18784  5.28%   379 2970s
 29608 14372    0.19139   64  448    0.19830    0.18785  5.27%   379 2975s
 29662 14414    0.19134   55  394    0.19830    0.18785  5.27%   379 2980s
 29709 14455    0.19518   78  338    0.19830    0.18785  5.27%   379 2985s
 29758 14482     cutoff  102         0.19830    0.18785  5.27%   379 2990s
 29777 14487    0.19549   49  708    0.19830    0.18785  5.27%   380 2996s
 29785 14491    0.19725   55  625    0.19830    0.18785  5.27%   380 3000s
 29825 14521    0.19241   74  358    0.19830    0.18786  5.27%   380 3005s
 29892 14570     cutoff  129         0.19830    0.18786  5.27%   380 3010s
 29935 14580    0.18911   46  895    0.19830    0.18786  5.27%   381 3017s
 29971 14616    0.19502   82  315    0.19830    0.18786  5.27%   381 3020s
 30037 14664    0.18814   49  771    0.19830    0.18787  5.26%   381 3025s
 30044 14669     cutoff   52         0.19830    0.18787  5.26%   381 3030s
 30067 14673    0.18966   49  744    0.19830    0.18787  5.26%   382 3035s
 30085 14683    0.19429   50  675    0.19830    0.18787  5.26%   382 3040s
 30146 14732    0.19808  101  356    0.19830    0.18787  5.26%   382 3045s
 30200 14769    0.19800   90  375    0.19830    0.18787  5.26%   382 3050s
 30246 14780    0.19509   58  476    0.19830    0.18787  5.26%   382 3055s
 30282 14790    0.18788   43  586    0.19830    0.18787  5.26%   383 3060s
 30286 14794    0.19054   47  742    0.19830    0.18787  5.26%   383 3066s
 30300 14808    0.19704   61  449    0.19830    0.18787  5.26%   384 3070s
 30318 14818    0.19429   50  465    0.19830    0.18787  5.26%   384 3075s
 30344 14836    0.18811   54  582    0.19830    0.18788  5.26%   385 3081s
 30354 14846    0.19040   64  443    0.19830    0.18788  5.26%   385 3085s
 30435 14906    0.18902   44  653    0.19830    0.18788  5.26%   385 3090s
 30447 14918    0.19629   54  458    0.19830    0.18788  5.26%   385 3096s
 30472 14935    0.19715   65  489    0.19830    0.18788  5.26%   385 3100s
 30524 14957    0.18817   44  840    0.19830    0.18788  5.26%   386 3105s
 30544 14967    0.19424   44  742    0.19830    0.18788  5.26%   386 3112s
 30547 14970    0.19552   47  712    0.19830    0.18788  5.26%   387 3115s
 30567 14982    0.18912   58  520    0.19830    0.18788  5.26%   387 3120s
 30606 15021    0.19633   97   63    0.19830    0.18788  5.26%   387 3125s
 30668 15070    0.18840   50  719    0.19830    0.18792  5.24%   387 3131s
 30702 15104    0.19204   84  392    0.19830    0.18792  5.24%   387 3135s
 30771 15146    0.19690   59  553    0.19830    0.18792  5.24%   387 3140s
 30802 15159    0.19170   56  424    0.19830    0.18792  5.23%   388 3145s
 30880 15231    0.19535  129  139    0.19830    0.18792  5.23%   387 3150s
 30934 15262    0.19825   80  246    0.19830    0.18792  5.23%   387 3155s
 30992 15300    0.18795   49  733    0.19830    0.18794  5.23%   387 3160s
 31033 15330    0.18924   53  607    0.19830    0.18794  5.23%   387 3165s
 31088 15377    0.19119   61  419    0.19830    0.18794  5.23%   387 3170s
 31162 15440     cutoff  110         0.19830    0.18794  5.23%   387 3175s
 31214 15474    0.19296   84  317    0.19830    0.18794  5.22%   387 3180s
 31306 15537    0.19259   75  367    0.19830    0.18794  5.22%   386 3185s
 31427 15642    0.19417   88  294    0.19830    0.18795  5.22%   386 3190s
 31508 15697    0.19145   68  320    0.19830    0.18795  5.22%   385 3195s
 31591 15761    0.19194   56  526    0.19830    0.18795  5.22%   385 3200s
 31667 15823    0.18924   51  552    0.19830    0.18795  5.22%   385 3205s
 31684 15840    0.19461   56  378    0.19830    0.18795  5.22%   385 3210s
 31718 15874    0.19562   61  416    0.19830    0.18795  5.22%   386 3215s
 31824 15946    0.19740   82  303    0.19830    0.18795  5.22%   385 3220s
 31928 16042    0.19792  100  219    0.19830    0.18795  5.22%   385 3225s
 32012 16076     cutoff   62         0.19830    0.18796  5.22%   385 3230s
 32100 16150    0.18957   53  449    0.19830    0.18796  5.22%   384 3235s
 32153 16193    0.19070   61  399    0.19830    0.18796  5.21%   384 3240s
 32188 16208    0.19285   51  510    0.19830    0.18796  5.21%   385 3245s
 32244 16259     cutoff   97         0.19830    0.18796  5.21%   385 3250s
 32283 16284    0.19194   48  686    0.19830    0.18797  5.21%   385 3255s
 32317 16310    0.18898   52  511    0.19830    0.18797  5.21%   385 3260s
 32389 16358    0.19402   83  377    0.19830    0.18797  5.21%   385 3265s
 32440 16395    0.19244   53  590    0.19830    0.18797  5.21%   385 3270s
 32528 16471    0.18917   51  492    0.19830    0.18797  5.21%   384 3275s
 32589 16524     cutoff  108         0.19830    0.18797  5.21%   384 3280s
 32683 16585    0.19316   83  309    0.19830    0.18798  5.21%   384 3285s
 32733 16620    0.19514   62  427    0.19830    0.18798  5.20%   384 3290s
 32783 16660    0.19232   53  637    0.19830    0.18799  5.20%   384 3295s
 32830 16703    0.19599   98  377    0.19830    0.18799  5.20%   384 3300s
 32869 16724    0.19347   50  545    0.19830    0.18799  5.20%   384 3305s
 32903 16750    0.19734   58  648    0.19830    0.18800  5.20%   384 3310s
 32924 16753    0.19334   50  695    0.19830    0.18801  5.19%   385 3315s
 32972 16783    0.18801   50  534    0.19830    0.18801  5.19%   385 3320s
 33045 16850    0.19825  119  127    0.19830    0.18801  5.19%   384 3325s
 33071 16858    0.19083   57  500    0.19830    0.18801  5.19%   385 3330s
 33171 16922    0.19036   50  602    0.19830    0.18801  5.19%   384 3335s
 33220 16969     cutoff   99         0.19830    0.18801  5.19%   384 3340s
 33266 16995    0.19227   60  491    0.19830    0.18802  5.19%   384 3345s
 33337 17058    0.19578  125  403    0.19830    0.18802  5.19%   384 3350s
 33357 17064    0.19515   57  535    0.19830    0.18802  5.19%   385 3355s
 33445 17094    0.19313   45  742    0.19830    0.18802  5.18%   385 3361s
 33482 17115    0.18932   52  560    0.19830    0.18803  5.18%   385 3365s
 33524 17153    0.19313   73  292    0.19830    0.18803  5.18%   385 3370s
 33592 17188    0.18953   52  425    0.19830    0.18803  5.18%   385 3375s
 33683 17279    0.19334  126  185    0.19830    0.18803  5.18%   384 3380s
 33779 17356    0.19695  111   98    0.19830    0.18804  5.18%   384 3385s
 33856 17413    0.19496   96  387    0.19830    0.18805  5.17%   384 3390s
 33912 17457    0.19193   58  455    0.19830    0.18805  5.17%   384 3395s
 33976 17500    0.18959   55  463    0.19830    0.18805  5.17%   383 3400s
 34026 17537    0.19317   46  763    0.19830    0.18806  5.17%   384 3405s
 34070 17571    0.19098   65  400    0.19830    0.18806  5.16%   384 3410s
 34151 17638    0.19098   55  418    0.19830    0.18806  5.16%   383 3415s
 34206 17684    0.19061   56  411    0.19830    0.18806  5.16%   383 3420s
 34299 17753    0.19323   45  772    0.19830    0.18807  5.16%   383 3425s
 34318 17764    0.19079   53  509    0.19830    0.18807  5.16%   383 3430s
 34352 17798    0.19361   87  429    0.19830    0.18807  5.16%   383 3435s
 34413 17847    0.19333   82  303    0.19830    0.18807  5.16%   383 3441s
 34482 17908    0.19367  128  100    0.19830    0.18807  5.16%   383 3445s
 34527 17937    0.19169   78  388    0.19830    0.18808  5.16%   383 3450s
 34584 17980    0.19400   52  699    0.19830    0.18808  5.16%   383 3455s
 34604 17989    0.19807   58  687    0.19830    0.18808  5.16%   383 3460s
 34663 18017    0.19321   46  665    0.19830    0.18808  5.15%   384 3465s
 34709 18055    0.19374   76  390    0.19830    0.18808  5.15%   384 3470s
 34796 18120    0.19363   68  323    0.19830    0.18809  5.15%   383 3475s
 34837 18149    0.19263   55  534    0.19830    0.18809  5.15%   383 3480s
 34894 18202    0.19503   84  283    0.19830    0.18809  5.15%   383 3485s
 34963 18238    0.19036   50  541    0.19830    0.18810  5.15%   383 3490s
 35022 18289    0.19553  104  324    0.19830    0.18810  5.15%   383 3495s
 35083 18340    0.19312  105  239    0.19830    0.18810  5.15%   383 3500s
 35135 18370    0.19194   67  364    0.19830    0.18810  5.15%   383 3505s
 35177 18405    0.18911   46  867    0.19830    0.18810  5.15%   383 3510s
 35275 18503    0.19651  122   98    0.19830    0.18810  5.15%   383 3515s
 35333 18531    0.19323   46  733    0.19830    0.18810  5.14%   383 3520s
 35368 18540    0.19573   54  469    0.19830    0.18810  5.14%   383 3525s
 35385 18543     cutoff   53         0.19830    0.18811  5.14%   383 3530s
 35409 18545    0.19040   55  542    0.19830    0.18811  5.14%   384 3535s
 35480 18600    0.18827   47  588    0.19830    0.18812  5.14%   384 3540s
 35532 18650    0.19380   98  387    0.19830    0.18812  5.14%   384 3545s
 35591 18699    0.19537   55  392    0.19830    0.18813  5.13%   384 3550s
 35635 18715    0.19169   50  492    0.19830    0.18813  5.13%   384 3555s
 35707 18776     cutoff  117         0.19830    0.18813  5.13%   384 3561s
 35724 18789    0.19162   63  368    0.19830    0.18813  5.13%   384 3565s
 35799 18852    0.19516   99  222    0.19830    0.18813  5.13%   383 3570s
 35881 18921    0.19383   93  200    0.19830    0.18814  5.13%   383 3575s
 35949 18961    0.19044   57  476    0.19830    0.18814  5.12%   383 3580s
 36025 19023    0.18867   53  488    0.19830    0.18814  5.12%   383 3585s
 36052 19048    0.19589   79  260    0.19830    0.18814  5.12%   383 3590s
 36129 19107    0.19488   48  729    0.19830    0.18815  5.12%   383 3595s
 36152 19123    0.19327   54  510    0.19830    0.18816  5.12%   383 3600s
 36202 19169    0.19266   79  278    0.19830    0.18816  5.12%   383 3605s
 36283 19227    0.19379   62  373    0.19830    0.18816  5.12%   383 3610s
 36340 19266    0.18951   46  721    0.19830    0.18816  5.12%   383 3615s
 36362 19281     cutoff   56         0.19830    0.18816  5.12%   383 3620s
 36380 19287    0.19162   60  455    0.19830    0.18816  5.11%   384 3625s
 36459 19341    0.18957   52  547    0.19830    0.18816  5.11%   383 3630s
 36515 19387     cutoff  102         0.19830    0.18816  5.11%   383 3635s
 36553 19425    0.19390   87  293    0.19830    0.18817  5.11%   383 3640s
 36588 19450    0.19457   47  709    0.19830    0.18817  5.11%   383 3645s
 36632 19476    0.19824   77  425    0.19830    0.18817  5.11%   383 3650s
 36660 19481    0.19529   57  380    0.19830    0.18817  5.11%   384 3655s
 36704 19498    0.18957   50  533    0.19830    0.18817  5.11%   384 3660s
 36736 19518    0.19437   62  340    0.19830    0.18817  5.11%   384 3665s
 36825 19575    0.19328   50  698    0.19830    0.18819  5.10%   384 3670s
 36862 19591    0.19124   47  517    0.19830    0.18819  5.10%   384 3676s
 36895 19622    0.19556   80  277    0.19830    0.18819  5.10%   384 3680s
 36978 19684    0.19509   72  250    0.19830    0.18820  5.10%   383 3685s
 37091 19779    0.19239   88  355    0.19830    0.18820  5.10%   383 3690s
 37145 19806     cutoff   58         0.19830    0.18820  5.09%   383 3695s
 37197 19842    0.19114   63  439    0.19830    0.18820  5.09%   383 3700s
 37286 19915    0.19614   57  457    0.19830    0.18822  5.09%   382 3705s
 37345 19952    0.19118   56  388    0.19830    0.18822  5.09%   382 3710s
 37417 20022    0.19365   93  203    0.19830    0.18822  5.09%   382 3715s
 37461 20051    0.19414   55  428    0.19830    0.18822  5.08%   382 3720s
 37538 20094    0.18844   51  518    0.19830    0.18822  5.08%   382 3725s
 37602 20152    0.19632  111  283    0.19830    0.18822  5.08%   382 3730s
 37620 20159    0.19078   62  432    0.19830    0.18822  5.08%   382 3735s
 37698 20221    0.19547   63  408    0.19830    0.18822  5.08%   382 3740s
 37774 20288    0.19086   48  728    0.19830    0.18823  5.08%   382 3745s
 37823 20327    0.19299   84  280    0.19830    0.18823  5.08%   382 3750s
 37890 20381    0.18930   56  473    0.19830    0.18824  5.08%   381 3755s
 37948 20423     cutoff  103         0.19830    0.18824  5.08%   381 3760s
 37981 20442    0.19612   56  440    0.19830    0.18824  5.08%   381 3765s
 38022 20459    0.19251   63  439    0.19830    0.18824  5.07%   382 3770s
 38111 20542    0.19519  109  253    0.19830    0.18824  5.07%   381 3775s
 38161 20552    0.19379   46  711    0.19830    0.18824  5.07%   382 3781s
 38191 20556    0.19390   54  712    0.19830    0.18825  5.07%   382 3785s
 38268 20613    0.19337   47  679    0.19830    0.18825  5.07%   381 3790s
 38347 20662    0.19801   81  324    0.19830    0.18826  5.07%   381 3795s
 38391 20686    0.18889   50  755    0.19830    0.18827  5.06%   381 3800s
 38481 20752    0.19375   51  527    0.19830    0.18827  5.06%   381 3805s
 38529 20791    0.19508   81  329    0.19830    0.18828  5.06%   381 3810s
 38600 20851    0.19108   61  502    0.19830    0.18828  5.05%   381 3815s
 38637 20884    0.19409   79  253    0.19830    0.18828  5.05%   381 3820s
 38750 20977    0.19012   51  477    0.19830    0.18828  5.05%   380 3826s
 38778 21005    0.19324   79  266    0.19830    0.18828  5.05%   380 3830s
 38828 21043    0.19215   50  531    0.19830    0.18828  5.05%   380 3835s
 38883 21094    0.19510   88  364    0.19830    0.18828  5.05%   380 3840s
 38916 21115    0.19189   55  444    0.19830    0.18828  5.05%   381 3845s
 38963 21150     cutoff   66         0.19830    0.18829  5.05%   381 3850s
 39039 21204    0.19154   62  596    0.19830    0.18829  5.05%   381 3855s
 39113 21276    0.19559  135  273    0.19830    0.18829  5.05%   380 3860s
 39187 21331    0.19829   96  203    0.19830    0.18830  5.04%   380 3865s
 39263 21386    0.19584   87  270    0.19830    0.18831  5.04%   380 3870s
 39326 21435    0.19598   67  292    0.19830    0.18831  5.04%   380 3875s
 39400 21488    0.18991   50  690    0.19830    0.18831  5.04%   379 3880s
 39491 21569     cutoff  135         0.19830    0.18831  5.04%   379 3885s
 39560 21627    0.19746  107  205    0.19830    0.18831  5.04%   379 3890s
 39630 21685    0.19532  101  257    0.19830    0.18831  5.04%   379 3895s
 39704 21715    0.18895   54  692    0.19830    0.18832  5.03%   379 3900s
 39774 21779    0.19413  104  296    0.19830    0.18832  5.03%   378 3905s
 39853 21806    0.19341   48  675    0.19830    0.18832  5.03%   378 3910s
 39905 21856    0.19825  100  283    0.19830    0.18832  5.03%   378 3915s
 39963 21876     cutoff   56         0.19830    0.18832  5.03%   378 3920s
 40006 21900    0.19658   76  330    0.19830    0.18833  5.03%   378 3925s
 40062 21940    0.19378   49  755    0.19830    0.18833  5.03%   378 3930s
 40092 21960    0.18970   50  676    0.19830    0.18833  5.03%   379 3935s
 40106 21974    0.19661   57  350    0.19830    0.18833  5.03%   379 3940s
 40150 22010    0.19614   79  209    0.19830    0.18833  5.03%   379 3945s
 40222 22059    0.18970   51  712    0.19830    0.18833  5.03%   379 3950s
 40291 22116    0.18875   50  615    0.19830    0.18833  5.03%   379 3955s
 40373 22183    0.18875   50  573    0.19830    0.18833  5.03%   379 3961s
 40426 22236    0.19296  103  225    0.19830    0.18833  5.03%   379 3965s
 40452 22244    0.19445   47  709    0.19830    0.18834  5.02%   379 3970s
 40475 22255    0.19587   52  559    0.19830    0.18834  5.02%   380 3976s
 40485 22262     cutoff   62         0.19830    0.18834  5.02%   380 3980s
 40513 22284    0.19437   78  357    0.19830    0.18834  5.02%   380 3985s
 40574 22336    0.19601   70  286    0.19830    0.18834  5.02%   380 3990s
 40650 22397    0.18989   58  556    0.19830    0.18835  5.02%   380 3996s
 40700 22441 infeasible  105         0.19830    0.18835  5.02%   380 4000s
 40713 22444    0.19497   52  664    0.19830    0.18835  5.02%   380 4005s
 40751 22452    0.19069   52  515    0.19830    0.18835  5.02%   380 4010s
 40808 22482    0.19101   57  457    0.19830    0.18836  5.02%   380 4016s
 40877 22545     cutoff  124         0.19830    0.18836  5.02%   380 4020s
 40962 22610    0.19726  118  119    0.19830    0.18836  5.01%   380 4025s
 41002 22642     cutoff   90         0.19830    0.18836  5.01%   380 4030s
 41038 22661    0.19343   51  473    0.19830    0.18837  5.01%   380 4035s
 41100 22715    0.19020   58  377    0.19830    0.18837  5.01%   380 4040s
 41177 22783    0.18938   59  465    0.19830    0.18837  5.01%   380 4045s
 41229 22831    0.19693  109  261    0.19830    0.18837  5.01%   379 4050s
 41295 22887    0.19525  111  275    0.19830    0.18838  5.01%   379 4055s
 41368 22906     cutoff   65         0.19830    0.18838  5.00%   379 4060s
 41433 22957    0.19467   92  278    0.19830    0.18838  5.00%   379 4065s
 41513 23021    0.19674   91  274    0.19830    0.18838  5.00%   379 4070s
 41607 23091    0.18998   56  388    0.19830    0.18839  5.00%   379 4075s
 41634 23117    0.19376   64  326    0.19830    0.18839  5.00%   379 4080s
 41690 23153    0.19760   85  213    0.19830    0.18839  5.00%   379 4085s
 41802 23205    0.19154   65  351    0.19830    0.18839  5.00%   379 4090s
 41874 23259    0.19135   56  468    0.19830    0.18840  5.00%   378 4095s
 41928 23313    0.19511  110  309    0.19830    0.18840  5.00%   378 4100s
 41965 23330    0.19496   51  718    0.19830    0.18840  4.99%   378 4105s
 41995 23345    0.18970   55  478    0.19830    0.18840  4.99%   379 4110s
 42046 23392    0.19357   87  347    0.19830    0.18840  4.99%   379 4115s
 42139 23454    0.19311   83  284    0.19830    0.18840  4.99%   378 4120s
 42212 23505    0.19697   61  641    0.19830    0.18840  4.99%   378 4125s
 42296 23549    0.18982   53  639    0.19830    0.18840  4.99%   378 4131s
 42315 23568    0.19396   72  331    0.19830    0.18840  4.99%   378 4135s
 42348 23593    0.19118   55  540    0.19830    0.18841  4.99%   378 4140s
 42387 23624    0.19412   50  723    0.19830    0.18841  4.99%   379 4145s
 42420 23644    0.18946   52  529    0.19830    0.18841  4.99%   379 4150s
 42496 23709     cutoff  122         0.19830    0.18841  4.99%   378 4155s
 42574 23766     cutoff  111         0.19830    0.18841  4.99%   378 4160s
 42588 23778    0.19053   56  375    0.19830    0.18841  4.99%   379 4165s
 42643 23799    0.18959   51  622    0.19830    0.18841  4.99%   379 4171s
 42682 23836    0.19766   89  229    0.19830    0.18841  4.99%   379 4175s
 42724 23866    0.19255   63  472    0.19830    0.18841  4.99%   379 4183s
 42738 23880    0.19417   71  318    0.19830    0.18841  4.99%   379 4185s
 42824 23939    0.19123   59  504    0.19830    0.18841  4.99%   379 4190s
 42862 23967    0.19698   61  476    0.19830    0.18841  4.99%   379 4195s
 42918 23990     cutoff   76         0.19830    0.18841  4.99%   379 4200s
 42978 24012    0.18982   52  668    0.19830    0.18842  4.99%   379 4205s
 43032 24056    0.18982   52  576    0.19830    0.18842  4.99%   379 4210s
 43110 24130    0.19467  127  364    0.19830    0.18842  4.99%   379 4215s
 43163 24161     cutoff   90         0.19830    0.18842  4.99%   379 4220s
 43244 24236    0.19480  127   94    0.19830    0.18842  4.98%   379 4225s
 43308 24271    0.19052   54  535    0.19830    0.18842  4.98%   379 4230s
 43343 24306    0.19413   89  323    0.19830    0.18842  4.98%   379 4235s
 43409 24360    0.19042   61  449    0.19830    0.18842  4.98%   379 4240s
 43474 24421    0.19368  104  209    0.19830    0.18842  4.98%   379 4245s
 43493 24424    0.19476   57  599    0.19830    0.18842  4.98%   379 4250s
 43553 24472    0.19525   84  306    0.19830    0.18842  4.98%   379 4255s
 43653 24535    0.19801   91  329    0.19830    0.18842  4.98%   379 4260s
 43674 24544    0.19422   51  552    0.19830    0.18843  4.98%   379 4265s
 43711 24565    0.19791   57  538    0.19830    0.18843  4.98%   379 4270s
 43766 24613    0.19750   99  216    0.19830    0.18843  4.98%   379 4275s
 43802 24635    0.19395   53  734    0.19830    0.18844  4.98%   379 4280s
 43832 24649    0.19202   62  470    0.19830    0.18844  4.98%   379 4286s
 43887 24704    0.19705  117  307    0.19830    0.18844  4.98%   379 4290s
 43940 24721    0.18930   56  452    0.19830    0.18844  4.98%   379 4295s
 44020 24801    0.19344  118  202    0.19830    0.18844  4.98%   379 4300s
 44085 24843    0.19664   76  247    0.19830    0.18844  4.98%   379 4305s
 44156 24896    0.19430   54  699    0.19830    0.18844  4.98%   379 4310s
 44192 24912     cutoff   66         0.19830    0.18844  4.98%   379 4315s
 44228 24933    0.19169   59  498    0.19830    0.18844  4.98%   379 4320s
 44273 24978    0.19513  104  285    0.19830    0.18844  4.98%   379 4325s
 44355 25038    0.19576   97  308    0.19830    0.18844  4.97%   379 4330s
 44424 25093    0.19224   94  375    0.19830    0.18844  4.97%   379 4335s
 44503 25159    0.19822   98  361    0.19830    0.18845  4.97%   379 4340s
 44536 25176    0.19623   70  335    0.19830    0.18845  4.97%   379 4345s
 44606 25213    0.19258   50  422    0.19830    0.18845  4.97%   379 4350s
 44628 25225     cutoff   65         0.19830    0.18845  4.97%   379 4355s
 44648 25243    0.19274   66  366    0.19830    0.18845  4.97%   380 4360s
 44690 25275    0.19215   49  535    0.19830    0.18845  4.97%   380 4365s
 44736 25321    0.19813   84  234    0.19830    0.18845  4.97%   380 4370s
 44819 25384    0.19510  108  246    0.19830    0.18845  4.97%   380 4375s
 44861 25404    0.19182   62  343    0.19830    0.18845  4.97%   380 4380s
 44915 25446    0.18956   49  719    0.19830    0.18845  4.97%   380 4385s
 44985 25495    0.19364   48  705    0.19830    0.18846  4.97%   379 4391s
 45026 25520    0.19349   46  736    0.19830    0.18846  4.97%   379 4395s
 45060 25533    0.18940   52  560    0.19830    0.18846  4.97%   380 4400s
 45113 25571    0.19137   52  430    0.19830    0.18846  4.96%   380 4405s
 45177 25623    0.19353   52  639    0.19830    0.18847  4.96%   380 4410s
 45239 25664    0.19053   51  434    0.19830    0.18847  4.96%   380 4415s
 45332 25751    0.19454  141  118    0.19830    0.18847  4.96%   379 4420s
 45431 25831     cutoff  121         0.19830    0.18848  4.95%   379 4425s
 45461 25855    0.19317   70  259    0.19830    0.18849  4.95%   379 4430s
 45533 25913    0.19403  107  132    0.19830    0.18849  4.95%   379 4435s
 45605 25959    0.19490   83  327    0.19830    0.18849  4.95%   379 4440s
 45681 26002    0.19493   62  558    0.19830    0.18849  4.95%   379 4445s
 45748 26058    0.19073   72  428    0.19830    0.18849  4.95%   379 4450s
 45819 26119    0.19784   79  348    0.19830    0.18849  4.95%   379 4455s
 45873 26149    0.19740   60  410    0.19830    0.18850  4.94%   378 4460s
 45915 26169    0.19140   59  426    0.19830    0.18850  4.94%   378 4465s
 45970 26214    0.19577   83  178    0.19830    0.18850  4.94%   378 4470s
 46005 26230    0.19616   50  545    0.19830    0.18851  4.94%   379 4475s
 46020 26237    0.18852   51  512    0.19830    0.18851  4.94%   379 4480s
 46102 26319    0.19520  133  201    0.19830    0.18851  4.94%   379 4485s
 46152 26357    0.19777   93  217    0.19830    0.18851  4.94%   379 4490s
 46240 26434    0.19318  127  113    0.19830    0.18851  4.94%   378 4495s
 46315 26495    0.19273   87  338    0.19830    0.18852  4.94%   378 4500s
 46373 26543    0.19349   60  412    0.19830    0.18852  4.94%   378 4505s
 46449 26605    0.19212   60  366    0.19830    0.18852  4.94%   378 4510s
 46527 26681    0.19386   99  191    0.19830    0.18852  4.94%   378 4515s
 46603 26728    0.18973   56  446    0.19830    0.18852  4.93%   378 4520s
 46703 26804    0.18993   50  595    0.19830    0.18852  4.93%   378 4525s
 46747 26844     cutoff   93         0.19830    0.18852  4.93%   378 4530s
 46826 26900    0.19808   93  248    0.19830    0.18852  4.93%   377 4535s
 46875 26940    0.19505   93  312    0.19830    0.18852  4.93%   377 4540s
 46906 26947    0.19161   54  428    0.19830    0.18852  4.93%   378 4545s
 46942 26975    0.19472   67  312    0.19830    0.18852  4.93%   378 4550s
 47019 27028    0.19740   55  386    0.19830    0.18852  4.93%   378 4555s
 47059 27056    0.19657   75  233    0.19830    0.18852  4.93%   378 4560s
 47072 27068    0.19683   88  272    0.19830    0.18852  4.93%   378 4607s
 47094 27090    0.19716  110  112    0.19830    0.18852  4.93%   378 4610s
 47211 27181    0.19340   85  336    0.19830    0.18852  4.93%   377 4615s
 47293 27247    0.19054   55  681    0.19830    0.18852  4.93%   377 4620s
 47362 27304    0.19444   57  486    0.19830    0.18852  4.93%   377 4625s
 47434 27366     cutoff   86         0.19830    0.18852  4.93%   377 4630s
 47493 27401    0.19202   56  540    0.19830    0.18852  4.93%   377 4635s
 47544 27445    0.19364   50  514    0.19830    0.18852  4.93%   377 4641s
 47564 27452    0.18990   50  542    0.19830    0.18852  4.93%   377 4645s
 47619 27495    0.19231   70  324    0.19830    0.18853  4.93%   377 4650s
 47663 27529    0.19444   56  427    0.19830    0.18853  4.93%   377 4655s
 47720 27558     cutoff   68         0.19830    0.18853  4.93%   377 4660s
 47747 27570    0.19154   47  655    0.19830    0.18853  4.93%   377 4665s
 47789 27612    0.19678   80  288    0.19830    0.18853  4.93%   377 4670s
 47873 27671    0.19408   58  650    0.19830    0.18853  4.93%   377 4675s
 47922 27700    0.19409   52  570    0.19830    0.18854  4.92%   377 4680s
 47963 27727    0.19713   65  402    0.19830    0.18854  4.92%   377 4685s
 48006 27758    0.19809   99  348    0.19830    0.18854  4.92%   377 4690s
 48061 27803    0.19826  102  304    0.19830    0.18854  4.92%   377 4695s
 48098 27821     cutoff   56         0.19830    0.18854  4.92%   377 4700s
 48137 27844    0.18941   57  505    0.19830    0.18854  4.92%   377 4705s
 48182 27881    0.19011   48  716    0.19830    0.18855  4.92%   377 4710s
 48214 27903    0.19829   68  361    0.19830    0.18856  4.92%   378 4715s
 48259 27918    0.19096   56  457    0.19830    0.18856  4.91%   378 4720s
 48308 27967    0.19252   90  356    0.19830    0.18856  4.91%   378 4725s
 48355 27996    0.19822   59  373    0.19830    0.18856  4.91%   378 4730s
 48387 28014    0.19222   74  320    0.19830    0.18857  4.91%   378 4735s
 48439 28054    0.19489   53  483    0.19830    0.18857  4.91%   378 4740s
 48481 28081    0.19374   59  399    0.19830    0.18857  4.91%   378 4745s
 48565 28147    0.19359   49  664    0.19830    0.18858  4.90%   378 4750s
 48620 28168    0.19812   77  250    0.19830    0.18858  4.90%   378 4755s
 48690 28228    0.19662  111  130    0.19830    0.18858  4.90%   377 4760s
 48768 28286     cutoff   64         0.19830    0.18858  4.90%   377 4765s
 48918 28383    0.19606   67  347    0.19830    0.18858  4.90%   377 4770s
 49001 28436    0.18996   52  489    0.19830    0.18859  4.90%   377 4775s
 49015 28450    0.19340   66  428    0.19830    0.18859  4.90%   377 4780s
 49070 28496    0.19605  116  386    0.19830    0.18859  4.90%   377 4785s
 49135 28539    0.19409   59  402    0.19830    0.18859  4.90%   377 4790s
 49184 28579     cutoff  105         0.19830    0.18859  4.90%   377 4795s
 49225 28597    0.19191   58  556    0.19830    0.18859  4.90%   377 4800s
 49267 28629    0.19787   74  141    0.19830    0.18859  4.90%   377 4805s
 49318 28666    0.19120   55  478    0.19830    0.18859  4.90%   377 4810s
 49359 28696    0.19415   77  359    0.19830    0.18859  4.90%   377 4815s
 49425 28737    0.19590   70  401    0.19830    0.18859  4.90%   377 4820s
 49488 28782    0.18948   52  576    0.19830    0.18860  4.90%   377 4825s
 49514 28808    0.19320   78  336    0.19830    0.18860  4.90%   377 4830s
 49580 28855    0.19225   60  434    0.19830    0.18860  4.89%   377 4835s
 49609 28872    0.19205   57  439    0.19830    0.18860  4.89%   377 4840s
 49680 28933    0.19217   51  529    0.19830    0.18860  4.89%   377 4845s
 49739 28963    0.19072   55  506    0.19830    0.18861  4.89%   377 4850s
 49815 29039    0.19420  112  178    0.19830    0.18861  4.89%   377 4855s
 49856 29068    0.19796   58  369    0.19830    0.18861  4.89%   377 4860s
 49912 29102    0.19051   57  480    0.19830    0.18861  4.89%   377 4865s
 50003 29178     cutoff   56         0.19830    0.18861  4.89%   377 4870s
 50030 29203    0.19777   77  263    0.19830    0.18861  4.89%   377 4875s
 50093 29222    0.18967   45  838    0.19830    0.18861  4.89%   377 4881s
 50099 29228    0.19506   47  700    0.19830    0.18861  4.89%   377 4885s
 50122 29232    0.19411   52  650    0.19830    0.18861  4.89%   377 4891s
 50188 29278    0.18967   48  711    0.19830    0.18861  4.89%   377 4895s
 50229 29311    0.19732   84  234    0.19830    0.18861  4.89%   377 4900s
 50269 29333    0.19210   64  350    0.19830    0.18862  4.88%   377 4905s
 50349 29390    0.18958   57  476    0.19830    0.18862  4.88%   377 4910s
 50439 29466    0.19058   63  427    0.19830    0.18862  4.88%   377 4915s
 50505 29520    0.19369   52  682    0.19830    0.18862  4.88%   376 4920s
 50542 29557    0.19794   77  237    0.19830    0.18862  4.88%   377 4925s
 50607 29589    0.19180   67  339    0.19830    0.18862  4.88%   377 4930s
 50725 29676    0.19361   49  650    0.19830    0.18862  4.88%   376 4936s
 50778 29711    0.19542   54  426    0.19830    0.18863  4.88%   376 4941s
 50818 29733    0.19350   53  680    0.19830    0.18863  4.88%   376 4945s
 50846 29761    0.19740   81  403    0.19830    0.18863  4.88%   376 4950s
 50888 29785    0.19817   61  606    0.19830    0.18863  4.88%   376 4955s
 50927 29817    0.19591   82  323    0.19830    0.18863  4.88%   376 4960s
 50979 29861    0.19708   87  492    0.19830    0.18863  4.88%   376 4965s
 51032 29889    0.19829   81  336    0.19830    0.18863  4.88%   376 4970s
 51076 29915    0.19466   59  426    0.19830    0.18863  4.88%   376 4975s
 51150 29975    0.19261   98  181    0.19830    0.18864  4.88%   376 4980s
 51227 30028    0.19458   87  190    0.19830    0.18864  4.87%   376 4985s
 51312 30097    0.19677   82  290    0.19830    0.18864  4.87%   376 4990s
 51375 30144    0.19817   81  288    0.19830    0.18864  4.87%   376 4995s
 51399 30158    0.19396   67  370    0.19830    0.18864  4.87%   376 5000s
 51486 30227    0.19760   66  368    0.19830    0.18864  4.87%   375 5005s
 51498 30232    0.19276   50  720    0.19830    0.18864  4.87%   376 5010s
 51541 30252    0.19379   50  668    0.19830    0.18864  4.87%   376 5015s
 51569 30270    0.19373   53  555    0.19830    0.18865  4.87%   376 5020s
 51597 30285    0.19820   55  287    0.19830    0.18865  4.87%   376 5025s
 51660 30316    0.19803   63  236    0.19830    0.18865  4.87%   376 5030s
 51714 30321    0.18987   53  501    0.19830    0.18865  4.87%   376 5035s
 51770 30368    0.18953   51  609    0.19830    0.18865  4.87%   376 5040s
 51826 30424    0.19497   98  480    0.19830    0.18865  4.87%   376 5045s
 51875 30445    0.19422   69  312    0.19830    0.18865  4.87%   376 5050s
 51930 30486    0.19389   49  675    0.19830    0.18865  4.87%   376 5055s
 51961 30508    0.19822   61  382    0.19830    0.18866  4.86%   376 5060s
 51994 30535    0.19511   79  291    0.19830    0.18866  4.86%   377 5065s
 52026 30559    0.19314   67  443    0.19830    0.18866  4.86%   377 5070s
 52080 30603    0.19623   66  248    0.19830    0.18866  4.86%   377 5075s
 52119 30620    0.19277   62  525    0.19830    0.18866  4.86%   377 5080s
 52214 30694     cutoff   53         0.19830    0.18867  4.86%   377 5085s
 52225 30705    0.19135   59  389    0.19830    0.18867  4.86%   377 5090s
 52292 30772    0.19407  108  102    0.19830    0.18867  4.86%   377 5095s
 52383 30828    0.19053   53  527    0.19830    0.18867  4.86%   376 5102s
 52418 30863    0.19784   88  256    0.19830    0.18867  4.86%   376 5105s
 52468 30880    0.19087   54  556    0.19830    0.18867  4.86%   377 5110s
 52550 30938    0.19087   54  587    0.19830    0.18867  4.86%   376 5115s
 52605 30986    0.19702  106  276    0.19830    0.18867  4.86%   376 5120s
 52683 31055    0.19456  115   90    0.19830    0.18867  4.86%   376 5125s
 52748 31094    0.19129   59  642    0.19830    0.18867  4.86%   376 5130s
 52824 31160    0.19287   51  418    0.19830    0.18868  4.85%   376 5135s
 52858 31189    0.19779   82  233    0.19830    0.18868  4.85%   376 5140s
 52929 31242    0.19689   73  392    0.19830    0.18868  4.85%   376 5145s
 52991 31264    0.18895   56  465    0.19830    0.18868  4.85%   376 5150s
 53040 31309    0.19361   88  269    0.19830    0.18868  4.85%   376 5155s
 53106 31365    0.19081   57  430    0.19830    0.18868  4.85%   376 5160s
 53185 31428    0.19547   54  495    0.19830    0.18868  4.85%   376 5165s
 53257 31476    0.19502  101  206    0.19830    0.18868  4.85%   376 5170s
 53332 31519    0.19347   69  355    0.19830    0.18868  4.85%   375 5175s
 53400 31579    0.19627   85  241    0.19830    0.18868  4.85%   375 5180s
 53451 31612    0.19411   64  339    0.19830    0.18868  4.85%   375 5185s
 53570 31697    0.19013   54  417    0.19830    0.18868  4.85%   375 5191s
 53655 31758    0.18876   57  486    0.19830    0.18869  4.85%   375 5195s
 53731 31822    0.19744  104  184    0.19830    0.18869  4.85%   375 5200s
 53812 31877    0.18895   55  488    0.19830    0.18869  4.85%   374 5205s
 53857 31920    0.19286   90  258    0.19830    0.18869  4.85%   374 5210s
 53931 31970    0.19114   60  460    0.19830    0.18869  4.85%   374 5215s
 54003 32028    0.19249   47  822    0.19830    0.18869  4.85%   374 5220s
 54024 32039    0.19550   51  581    0.19830    0.18869  4.85%   375 5225s
 54065 32071    0.19823   82  296    0.19830    0.18869  4.85%   375 5230s
 54134 32125    0.19814   78  370    0.19830    0.18869  4.85%   374 5235s
 54189 32151    0.19087   51  581    0.19830    0.18870  4.84%   375 5242s
 54197 32159    0.19554   59  510    0.19830    0.18870  4.84%   375 5245s
 54231 32179    0.19092   53  485    0.19830    0.18870  4.84%   375 5250s
 54319 32250    0.19672   66  345    0.19830    0.18870  4.84%   375 5255s
 54390 32303    0.19821   95  306    0.19830    0.18870  4.84%   375 5260s
 54458 32319    0.19352   58  411    0.19830    0.18870  4.84%   375 5265s
 54536 32382    0.19393   68  271    0.19830    0.18870  4.84%   374 5270s
 54616 32448    0.18886   50  518    0.19830    0.18870  4.84%   374 5275s
 54630 32461    0.19596   57  389    0.19830    0.18870  4.84%   375 5280s
 54692 32521    0.19583   88  261    0.19830    0.18870  4.84%   375 5285s
 54790 32581    0.19111   59  466    0.19830    0.18871  4.84%   374 5290s
 54826 32607    0.19039   59  431    0.19830    0.18871  4.84%   375 5295s
 54852 32633    0.19242   85  389    0.19830    0.18871  4.84%   374 5300s
 54903 32674    0.19541   62  320    0.19830    0.18871  4.84%   375 5305s
 54945 32706    0.19184   60  369    0.19830    0.18871  4.84%   375 5310s
 55019 32764     cutoff  124         0.19830    0.18871  4.84%   375 5315s
 55058 32797    0.19320   90  381    0.19830    0.18871  4.84%   375 5320s
 55126 32841    0.18952   57  502    0.19830    0.18872  4.83%   375 5325s
 55168 32883    0.19283   99  306    0.19830    0.18872  4.83%   375 5330s
 55213 32903    0.19105   58  431    0.19830    0.18872  4.83%   375 5335s
 55315 32991    0.19163   64  414    0.19830    0.18872  4.83%   374 5340s
 55387 33052    0.19536   66  459    0.19830    0.18872  4.83%   374 5345s
 55430 33081    0.19074   53  484    0.19830    0.18872  4.83%   374 5350s
 55479 33118    0.19374   57  552    0.19830    0.18872  4.83%   374 5355s
 55523 33154    0.19087   50  488    0.19830    0.18873  4.83%   375 5360s
 55579 33208    0.19495  105  310    0.19830    0.18873  4.83%   374 5365s
 55665 33262    0.18952   54  544    0.19830    0.18873  4.83%   374 5370s
 55728 33325    0.19671  117  231    0.19830    0.18873  4.83%   374 5375s
 55780 33347    0.19803   57  373    0.19830    0.18873  4.83%   374 5380s
 55837 33377    0.19777   79  309    0.19830    0.18873  4.83%   374 5385s
 55900 33423    0.19821  101  369    0.19830    0.18873  4.83%   374 5390s
 55952 33453    0.18919   55  483    0.19830    0.18874  4.82%   374 5397s
 55989 33490    0.19268   92  264    0.19830    0.18874  4.82%   374 5400s
 56071 33539    0.19716   59  718    0.19830    0.18874  4.82%   374 5405s
 56094 33548    0.19023   62  428    0.19830    0.18874  4.82%   374 5410s
 56163 33610     cutoff  128         0.19830    0.18874  4.82%   374 5415s
 56184 33613    0.19259   57  605    0.19830    0.18875  4.82%   374 5420s
 56245 33664     cutoff  112         0.19830    0.18875  4.82%   374 5425s
 56293 33693    0.19016   49  729    0.19830    0.18875  4.82%   374 5430s
 56351 33751    0.19668  107  234    0.19830    0.18875  4.82%   374 5435s
 56456 33845    0.19405   97  194    0.19830    0.18875  4.82%   374 5440s
 56517 33886    0.19539   84  345    0.19830    0.18875  4.82%   374 5445s
 56575 33932    0.19551   79  338    0.19830    0.18875  4.82%   374 5450s
 56674 34015    0.19196   73  317    0.19830    0.18876  4.81%   373 5455s
 56773 34094     cutoff  138         0.19830    0.18876  4.81%   373 5460s
 56825 34126    0.19823   92  325    0.19830    0.18876  4.81%   373 5465s
 56893 34187    0.19669  114  163    0.19830    0.18876  4.81%   373 5470s
 57006 34286    0.19737  127  104    0.19830    0.18876  4.81%   373 5475s
 57035 34299    0.19250   55  445    0.19830    0.18876  4.81%   373 5480s
 57046 34310    0.19451   66  457    0.19830    0.18876  4.81%   373 5485s
 57122 34368    0.19316   62  605    0.19830    0.18876  4.81%   373 5490s
 57161 34393     cutoff   93         0.19830    0.18876  4.81%   373 5495s
 57194 34410    0.19576   56  523    0.19830    0.18876  4.81%   373 5501s
 57212 34413    0.19243   51  528    0.19830    0.18877  4.81%   374 5505s
 57301 34481    0.19019   52  596    0.19830    0.18877  4.81%   373 5510s
 57363 34543    0.19385  114  276    0.19830    0.18877  4.81%   373 5515s
 57420 34589    0.19449   76  357    0.19830    0.18877  4.81%   373 5520s
 57470 34631    0.19015   52  574    0.19830    0.18878  4.80%   373 5525s
 57528 34685    0.19665   79  238    0.19830    0.18878  4.80%   373 5530s
 57604 34739    0.19763   68  258    0.19830    0.18878  4.80%   373 5535s
 57674 34766     cutoff  105         0.19830    0.18878  4.80%   373 5540s
 57690 34776    0.19181   65  634    0.19830    0.18878  4.80%   373 5545s
 57740 34815    0.18902   60  472    0.19830    0.18878  4.80%   373 5550s
 57796 34861    0.19351   93  328    0.19830    0.18878  4.80%   373 5555s
 57872 34898    0.18998   63  494    0.19830    0.18879  4.80%   373 5560s
 57922 34936    0.18896   53  617    0.19830    0.18879  4.80%   373 5566s
 57982 34986     cutoff  108         0.19830    0.18879  4.80%   373 5570s
 58019 35014    0.19477   75  347    0.19830    0.18879  4.80%   373 5575s
 58074 35057    0.19264   58  495    0.19830    0.18879  4.79%   373 5580s
 58163 35139    0.19646  113  214    0.19830    0.18879  4.79%   373 5585s
 58225 35169    0.19542   64  347    0.19830    0.18880  4.79%   373 5590s
 58280 35208    0.18918   54  491    0.19830    0.18880  4.79%   373 5595s
 58293 35219     cutoff   61         0.19830    0.18880  4.79%   373 5600s
 58357 35257    0.19381   48  576    0.19830    0.18880  4.79%   373 5605s
 58448 35300    0.18968   55  523    0.19830    0.18880  4.79%   373 5610s
 58493 35338    0.19262   54  545    0.19830    0.18880  4.79%   373 5616s
 58528 35359    0.19455   64  389    0.19830    0.18880  4.79%   373 5620s
 58577 35400    0.19590   62  557    0.19830    0.18880  4.79%   373 5625s
 58631 35436    0.19020   65  433    0.19830    0.18881  4.79%   373 5630s
 58712 35511     cutoff  120         0.19830    0.18881  4.79%   373 5635s
 58786 35559    0.19686   85  255    0.19830    0.18881  4.79%   373 5640s
 58876 35629    0.19533   79  274    0.19830    0.18881  4.79%   373 5645s
 58936 35673     cutoff   76         0.19830    0.18881  4.79%   373 5650s
 59020 35697     cutoff  103         0.19830    0.18881  4.79%   373 5655s
 59040 35699     cutoff   58         0.19830    0.18882  4.78%   373 5660s
 59063 35710     cutoff   67         0.19830    0.18882  4.78%   374 5665s
 59127 35763     cutoff  103         0.19830    0.18882  4.78%   373 5670s
 59179 35801    0.19798   90  303    0.19830    0.18882  4.78%   373 5675s
 59222 35824    0.18998   56  449    0.19830    0.18882  4.78%   374 5680s
 59320 35886    0.19585   53  484    0.19830    0.18882  4.78%   373 5685s
 59364 35906     cutoff   61         0.19830    0.18882  4.78%   373 5690s
 59404 35942    0.19672   75  258    0.19830    0.18883  4.78%   374 5695s
 59475 36005    0.19712  110  118    0.19830    0.18883  4.78%   373 5700s
 59564 36069    0.19594   94  292    0.19830    0.18883  4.78%   373 5705s
 59648 36119    0.18923   51  594    0.19830    0.18883  4.78%   373 5710s
 59694 36155    0.19822   90  298    0.19830    0.18883  4.78%   373 5715s
 59760 36205    0.19666  104  249    0.19830    0.18883  4.78%   373 5720s
 59826 36252    0.19374   59  366    0.19830    0.18884  4.77%   373 5725s
 59888 36296     cutoff   78         0.19830    0.18884  4.77%   373 5730s
 59948 36325    0.19678   65  385    0.19830    0.18884  4.77%   373 5735s
 59991 36346    0.18960   58  468    0.19830    0.18884  4.77%   373 5740s
 60077 36409    0.19655   55  649    0.19830    0.18884  4.77%   373 5745s
 60132 36439    0.19134   51  521    0.19830    0.18885  4.77%   373 5750s
 60176 36474    0.19232   87  392    0.19830    0.18885  4.77%   373 5755s
 60223 36507    0.19449   61  486    0.19830    0.18885  4.77%   373 5760s
 60274 36534    0.19728   76  311    0.19830    0.18886  4.76%   373 5765s
 60335 36564    0.18886   55  569    0.19830    0.18886  4.76%   373 5770s
 60359 36588    0.19495   79  328    0.19830    0.18886  4.76%   373 5775s
 60446 36638    0.19084   55  741    0.19830    0.18886  4.76%   373 5780s
 60490 36680    0.19641   98  321    0.19830    0.18886  4.76%   373 5785s
 60511 36689    0.19787   60  423    0.19830    0.18886  4.76%   374 5790s
 60532 36692     cutoff   55         0.19830    0.18886  4.76%   374 5795s
 60579 36713    0.19400   57  626    0.19830    0.18886  4.76%   374 5800s
 60676 36764    0.19258   63  436    0.19830    0.18886  4.76%   374 5805s
 60770 36844    0.19531   69  379    0.19830    0.18887  4.76%   373 5810s
 60820 36881    0.18989   55  507    0.19830    0.18887  4.76%   373 5815s
 60868 36929    0.19652  103  200    0.19830    0.18887  4.76%   373 5820s
 60948 37000    0.19331  110  197    0.19830    0.18887  4.76%   373 5825s
 61019 37043    0.19723   67  398    0.19830    0.18887  4.75%   373 5830s
 61084 37091    0.19826   76  352    0.19830    0.18887  4.75%   373 5835s
 61130 37126    0.19514   91  540    0.19830    0.18888  4.75%   373 5840s
 61207 37184    0.19796   78  305    0.19830    0.18888  4.75%   373 5845s
 61237 37190    0.19427   43  742    0.19830    0.18888  4.75%   373 5850s
 61252 37197    0.19043   43  717    0.19830    0.18888  4.75%   373 5856s
 61257 37202    0.19211   46  703    0.19830    0.18888  4.75%   373 5860s
 61261 37206    0.19402   50  719    0.19830    0.18888  4.75%   374 5865s
 61272 37217    0.19550   58  540    0.19830    0.18888  4.75%   374 5870s
 61312 37239    0.19449   62  387    0.19830    0.18888  4.75%   374 5875s
 61367 37284    0.19205   56  453    0.19830    0.18888  4.75%   374 5880s
 61417 37322    0.19164   56  414    0.19830    0.18888  4.75%   374 5885s
 61499 37387    0.19249   57  620    0.19830    0.18889  4.75%   374 5890s
 61560 37438    0.19716   55  674    0.19830    0.18889  4.75%   374 5895s
 61597 37460    0.19691   74  372    0.19830    0.18889  4.75%   374 5900s
 61651 37498    0.19403   52  610    0.19830    0.18889  4.75%   374 5905s
 61702 37526    0.19452   51  633    0.19830    0.18890  4.74%   374 5910s
 61761 37565     cutoff   67         0.19830    0.18890  4.74%   374 5915s
 61821 37619    0.19315   92  196    0.19830    0.18890  4.74%   374 5920s
 61845 37635    0.18895   51  516    0.19830    0.18890  4.74%   374 5925s
 61860 37650    0.19370   66  432    0.19830    0.18890  4.74%   374 5930s
 61897 37674    0.19083   54  497    0.19830    0.18891  4.74%   374 5935s
 61942 37719    0.19761   99  292    0.19830    0.18891  4.74%   374 5940s
 62020 37779    0.19450   96  149    0.19830    0.18891  4.74%   374 5945s
 62054 37800    0.19177   62  356    0.19830    0.18891  4.74%   374 5950s
 62129 37861    0.19043   53  427    0.19830    0.18891  4.74%   374 5955s
 62189 37917    0.19410  110  304    0.19830    0.18891  4.74%   374 5960s
 62233 37939    0.19581   77  347    0.19830    0.18891  4.74%   374 5965s
 62289 37976    0.19321   63  459    0.19830    0.18891  4.73%   374 5970s
 62342 38013    0.18986   56  517    0.19830    0.18892  4.73%   374 5975s
 62395 38066    0.19368  109  162    0.19830    0.18892  4.73%   374 5980s
 62440 38084    0.19069   54  629    0.19830    0.18892  4.73%   374 5985s
 62505 38137    0.19444   58  468    0.19830    0.18892  4.73%   374 5990s
 62554 38180    0.19813   88  328    0.19830    0.18892  4.73%   374 5995s
 62604 38212    0.19275   86  317    0.19830    0.18892  4.73%   374 6000s
 62664 38252    0.19064   61  491    0.19830    0.18892  4.73%   374 6005s
 62721 38297     cutoff  110         0.19830    0.18892  4.73%   374 6010s
 62732 38308    0.19784   63  598    0.19830    0.18892  4.73%   374 6015s
 62758 38317    0.19600   58  488    0.19830    0.18892  4.73%   374 6020s
 62792 38331    0.19499   59  328    0.19830    0.18892  4.73%   374 6025s
 62823 38362    0.19734   90  259    0.19830    0.18892  4.73%   374 6030s
 62885 38406    0.19784   74  249    0.19830    0.18893  4.73%   374 6035s
 62949 38428    0.19539   74  319    0.19830    0.18893  4.73%   374 6040s
 62994 38458    0.19371   56  460    0.19830    0.18893  4.73%   374 6045s
 63054 38508     cutoff  112         0.19830    0.18893  4.73%   374 6050s
 63099 38551    0.19495   94  390    0.19830    0.18893  4.72%   374 6055s
 63149 38589    0.19206   89  281    0.19830    0.18893  4.72%   374 6060s
 63229 38647    0.19250   83  299    0.19830    0.18894  4.72%   374 6065s
 63323 38704    0.18966   54  585    0.19830    0.18894  4.72%   374 6070s
 63366 38745    0.19251   96  345    0.19830    0.18894  4.72%   374 6075s
 63445 38793    0.19767   81  343    0.19830    0.18894  4.72%   374 6080s
 63485 38817    0.19430   51  675    0.19830    0.18894  4.72%   374 6085s
 63550 38844    0.19037   53  438    0.19830    0.18894  4.72%   374 6090s
 63565 38857    0.19658   67  293    0.19830    0.18894  4.72%   374 6095s
 63617 38883    0.18984   45  591    0.19830    0.18894  4.72%   374 6100s
 63631 38896    0.19254   51  543    0.19830    0.18894  4.72%   375 6105s
 63679 38910     cutoff   66         0.19830    0.18894  4.72%   375 6110s
 63737 38950    0.19553   76  246    0.19830    0.18895  4.72%   375 6115s
 63809 38994    0.19224   61  356    0.19830    0.18895  4.72%   375 6120s
 63858 39033    0.18972   59  476    0.19830    0.18895  4.72%   375 6125s
 63895 39070    0.19288   96  320    0.19830    0.18895  4.72%   375 6130s
 63980 39124    0.19489   80  281    0.19830    0.18895  4.72%   375 6135s
 64105 39224    0.19691   58  469    0.19830    0.18895  4.72%   374 6142s
 64130 39243    0.19771   71  336    0.19830    0.18895  4.72%   374 6145s
 64185 39273    0.19265   65  381    0.19830    0.18895  4.71%   374 6150s
 64244 39324    0.19232   81  313    0.19830    0.18895  4.71%   374 6155s
 64312 39382    0.19496   66  376    0.19830    0.18895  4.71%   374 6160s
 64386 39443    0.19222   62  416    0.19830    0.18896  4.71%   374 6165s
 64448 39497    0.19037   55  419    0.19830    0.18896  4.71%   374 6170s
 64493 39535    0.19264   56  533    0.19830    0.18896  4.71%   374 6175s
 64567 39597    0.19752  119  277    0.19830    0.18896  4.71%   374 6180s
 64615 39600     cutoff   62         0.19830    0.18896  4.71%   374 6185s
 64659 39634    0.19596   90  295    0.19830    0.18896  4.71%   374 6190s
 64713 39650    0.19173   51  524    0.19830    0.18896  4.71%   374 6195s
 64761 39679 infeasible   87         0.19830    0.18896  4.71%   374 6200s
 64808 39720    0.19689   87  272    0.19830    0.18897  4.71%   374 6205s
 64871 39761    0.19600   43  757    0.19830    0.18897  4.71%   374 6210s
 64879 39762    0.19406   50  604    0.19830    0.18897  4.71%   374 6215s
 64914 39797    0.19769   85  375    0.19830    0.18897  4.71%   374 6220s
 64980 39844    0.19640   69  355    0.19830    0.18897  4.71%   374 6225s
 65034 39882    0.19355   63  385    0.19830    0.18898  4.70%   374 6230s
 65067 39895    0.19264   51  548    0.19830    0.18898  4.70%   375 6235s
 65183 39991     cutoff  152         0.19830    0.18898  4.70%   374 6240s
 65219 40023    0.19751   80  361    0.19830    0.18898  4.70%   374 6245s
 65268 40050    0.19537   59  411    0.19830    0.18898  4.70%   374 6250s
 65328 40093    0.19315   60  372    0.19830    0.18898  4.70%   374 6255s
 65399 40150    0.19366   96  121    0.19830    0.18898  4.70%   374 6260s
 65431 40168    0.19432   56  376    0.19830    0.18898  4.70%   374 6265s
 65502 40221    0.19311   98  269    0.19830    0.18898  4.70%   374 6270s
 65562 40258    0.19728   74  300    0.19830    0.18898  4.70%   374 6275s
 65604 40278    0.19279   62  426    0.19830    0.18898  4.70%   374 6280s
 65665 40326    0.19663   78  329    0.19830    0.18898  4.70%   374 6285s
 65760 40399    0.19405   87  216    0.19830    0.18898  4.70%   374 6290s
 65809 40439    0.19710   77  322    0.19830    0.18899  4.70%   374 6295s
 65893 40498     cutoff  121         0.19830    0.18899  4.70%   374 6300s
 65957 40521    0.19610   52  535    0.19830    0.18899  4.70%   374 6306s
 65971 40528    0.19108   57  428    0.19830    0.18899  4.70%   374 6310s
 66034 40591    0.19714  120  157    0.19830    0.18899  4.70%   374 6315s
 66102 40633    0.19692   75  343    0.19830    0.18899  4.70%   374 6320s
 66160 40669    0.19259   51  722    0.19830    0.18899  4.70%   374 6325s
 66190 40681    0.19634   53  498    0.19830    0.18899  4.70%   374 6330s
 66223 40702    0.19639   66  390    0.19830    0.18899  4.70%   374 6335s
 66298 40761    0.19250  102  351    0.19830    0.18899  4.70%   374 6340s
 66322 40769    0.19433   55  489    0.19830    0.18899  4.70%   374 6345s
 66367 40804    0.19701   73  317    0.19830    0.18899  4.70%   374 6350s
 66436 40843     cutoff   76         0.19830    0.18899  4.70%   374 6355s
 66520 40913    0.18939   56  453    0.19830    0.18899  4.69%   374 6360s
 66527 40920    0.19060   63  448    0.19830    0.18899  4.69%   374 6366s
 66582 40963    0.19092   53  456    0.19830    0.18899  4.69%   374 6370s
 66643 41022    0.19558  113  249    0.19830    0.18899  4.69%   374 6375s
 66680 41037     cutoff   68         0.19830    0.18900  4.69%   374 6380s
 66721 41066    0.19671   62  397    0.19830    0.18900  4.69%   374 6385s
 66792 41110    0.19149   56  497    0.19830    0.18900  4.69%   374 6390s
 66807 41125    0.19572   60  376    0.19830    0.18900  4.69%   374 6395s
 66859 41152    0.19820   81  345    0.19830    0.18900  4.69%   374 6400s
 66906 41176    0.19265   48  634    0.19830    0.18900  4.69%   374 6405s
 66963 41233    0.19794  105  243    0.19830    0.18900  4.69%   374 6410s
 67039 41285    0.19542   63  416    0.19830    0.18900  4.69%   374 6415s
 67119 41344    0.19616   78  282    0.19830    0.18900  4.69%   374 6420s
 67183 41383    0.19546   60  366    0.19830    0.18900  4.69%   374 6425s
 67262 41422     cutoff  107         0.19830    0.18900  4.69%   374 6430s
 67330 41454    0.19505   50  439    0.19830    0.18900  4.69%   374 6435s
 67376 41482    0.19249   58  651    0.19830    0.18900  4.69%   374 6440s
 67444 41536    0.19282   55  497    0.19830    0.18901  4.69%   374 6445s
 67500 41586    0.19708  106  257    0.19830    0.18901  4.69%   374 6450s
 67539 41607    0.19689   72  289    0.19830    0.18901  4.69%   374 6455s
 67633 41667    0.19447   65  397    0.19830    0.18901  4.69%   374 6460s
 67703 41711    0.19047   51  587    0.19830    0.18901  4.69%   374 6465s
 67778 41778    0.19065   61  487    0.19830    0.18901  4.69%   374 6470s
 67813 41811    0.19293   95  394    0.19830    0.18901  4.69%   374 6475s
 67845 41828    0.19807   76  383    0.19830    0.18901  4.69%   374 6480s
 67923 41882    0.19268  113  286    0.19830    0.18901  4.69%   374 6485s
 67950 41889    0.19311   52  492    0.19830    0.18901  4.69%   374 6490s
 68004 41932    0.19063   64  509    0.19830    0.18901  4.69%   374 6495s
 68067 41980    0.19499   65  392    0.19830    0.18901  4.69%   374 6500s
 68160 42057    0.19736  122  108    0.19830    0.18901  4.69%   374 6505s
 68211 42095    0.19640   89  326    0.19830    0.18901  4.69%   374 6510s
 68272 42146    0.19354   90  374    0.19830    0.18901  4.69%   374 6515s
 68378 42220    0.19534   54  528    0.19830    0.18901  4.69%   374 6520s
 68421 42259    0.19826   95  347    0.19830    0.18901  4.69%   373 6525s
 68462 42290    0.19205   86  432    0.19830    0.18901  4.69%   374 6530s
 68507 42325    0.19060   60  442    0.19830    0.18901  4.68%   374 6535s
 68580 42385    0.19724  124  222    0.19830    0.18901  4.68%   373 6540s
 68614 42405    0.19731   62  352    0.19830    0.18901  4.68%   374 6545s
 68666 42451    0.19544   82  205    0.19830    0.18901  4.68%   374 6550s
 68725 42484    0.19021   56  495    0.19830    0.18901  4.68%   374 6555s
 68781 42534    0.19648  109  272    0.19830    0.18901  4.68%   374 6560s
 68867 42596    0.18901   60  544    0.19830    0.18901  4.68%   374 6565s
 68914 42635     cutoff  102         0.19830    0.18901  4.68%   374 6570s
 68953 42654    0.19081   74  423    0.19830    0.18901  4.68%   374 6575s
 69039 42722     cutoff  123         0.19830    0.18901  4.68%   374 6580s
 69120 42781    0.19647  111  206    0.19830    0.18902  4.68%   374 6585s
 69188 42825    0.19264   83  390    0.19830    0.18902  4.68%   374 6590s
 69241 42861    0.19227   66  386    0.19830    0.18902  4.68%   373 6595s
 69320 42930    0.19594   85  313    0.19830    0.18902  4.68%   373 6600s
 69400 42996    0.19734   93  316    0.19830    0.18902  4.68%   373 6605s
 69453 43031    0.18902   62  486    0.19830    0.18902  4.68%   373 6610s
 69491 43055    0.18964   62  551    0.19830    0.18902  4.68%   373 6615s
 69599 43138    0.18975   61  538    0.19830    0.18902  4.68%   373 6620s
 69665 43194    0.19696   83  132    0.19830    0.18902  4.68%   373 6625s
 69778 43277    0.19295   99  266    0.19830    0.18902  4.68%   373 6630s
 69820 43292    0.19060   61  467    0.19830    0.18902  4.68%   373 6635s
 69949 43393    0.18972   61  500    0.19830    0.18902  4.68%   372 6640s
 70008 43438    0.18974   56  484    0.19830    0.18902  4.68%   372 6645s
 70062 43480    0.18997   50  589    0.19830    0.18902  4.68%   372 6650s
 70101 43519    0.19498   89  310    0.19830    0.18902  4.68%   373 6655s
 70156 43540     cutoff   59         0.19830    0.18902  4.68%   373 6660s
 70223 43603    0.19513  118   77    0.19830    0.18902  4.68%   372 6665s
 70301 43661    0.19566  107  224    0.19830    0.18902  4.68%   372 6670s
 70388 43708    0.19715   61  481    0.19830    0.18902  4.68%   372 6675s
 70459 43773    0.19478   97  313    0.19830    0.18902  4.68%   372 6680s
 70559 43835    0.19738   66  292    0.19830    0.18902  4.68%   372 6685s
 70580 43842    0.19770   55  579    0.19830    0.18902  4.68%   372 6690s
 70592 43847    0.19161   53  523    0.19830    0.18902  4.68%   373 6695s
 70636 43891    0.19505   79  380    0.19830    0.18902  4.68%   373 6700s
 70710 43952     cutoff  112         0.19830    0.18902  4.68%   373 6705s
 70721 43953    0.19827   52  764    0.19830    0.18902  4.68%   373 6713s
 70726 43952    0.19789   52  743    0.19830    0.18902  4.68%   373 6715s
 70763 43982    0.19826   87  260    0.19830    0.18903  4.68%   373 6720s
 70793 44002    0.19643   67  288    0.19830    0.18903  4.68%   373 6725s
 70832 44030    0.19094   59  461    0.19830    0.18903  4.68%   373 6730s
 70896 44080    0.19146   55  428    0.19830    0.18903  4.68%   373 6735s
 70972 44134    0.19569   55  543    0.19830    0.18903  4.68%   373 6740s
 71014 44166    0.19023   56  604    0.19830    0.18903  4.68%   373 6745s
 71075 44223     cutoff  116         0.19830    0.18903  4.68%   373 6750s
 71144 44266    0.18975   63  515    0.19830    0.18903  4.68%   373 6756s
 71150 44272    0.19092   69  464    0.19830    0.18903  4.68%   373 6760s
 71200 44309    0.19119   66  407    0.19830    0.18903  4.68%   373 6765s
 71281 44380    0.19248   67  370    0.19830    0.18903  4.68%   373 6770s
 71329 44421     cutoff   96         0.19830    0.18903  4.68%   373 6775s
 71399 44463    0.19696   76  328    0.19830    0.18903  4.67%   373 6780s
 71431 44481    0.19630   67  172    0.19830    0.18904  4.67%   373 6785s
 71470 44501    0.19082   55  496    0.19830    0.18904  4.67%   373 6790s
 71547 44569    0.19699  126  210    0.19830    0.18904  4.67%   373 6795s
 71613 44613    0.19084   51  502    0.19830    0.18904  4.67%   373 6800s
 71639 44637    0.19542   64  357    0.19830    0.18904  4.67%   373 6805s
 71749 44716    0.19504   58  599    0.19830    0.18905  4.67%   373 6810s
 71771 44731    0.19065   64  537    0.19830    0.18905  4.67%   373 6815s
 71800 44760    0.19236   93  367    0.19830    0.18905  4.67%   373 6820s
 71848 44788    0.19822   77  292    0.19830    0.18905  4.67%   373 6825s
 71862 44790    0.19009   53  587    0.19830    0.18905  4.67%   374 6830s
 71919 44847    0.19431  110  338    0.19830    0.18905  4.67%   374 6835s
 71969 44878    0.19230   54  581    0.19830    0.18905  4.66%   374 6840s
 72045 44940    0.19823  119  204    0.19830    0.18905  4.66%   374 6845s
 72075 44951    0.19259   56  619    0.19830    0.18905  4.66%   374 6850s
 72200 45070    0.19739  144  109    0.19830    0.18905  4.66%   373 6855s
 72230 45083    0.19610   63  509    0.19830    0.18905  4.66%   374 6860s
 72301 45106    0.19163   50  475    0.19830    0.18905  4.66%   374 6865s
 72345 45128    0.19004   48  626    0.19830    0.18906  4.66%   374 6870s
 72387 45164    0.19576   65  245    0.19830    0.18906  4.66%   374 6875s
 72459 45224    0.19385   64  451    0.19830    0.18906  4.66%   374 6880s
 72543 45286    0.19464   72  453    0.19830    0.18906  4.66%   373 6885s
 72605 45340    0.19668   79  344    0.19830    0.18906  4.66%   373 6890s
 72660 45379    0.19325   75  381    0.19830    0.18906  4.66%   373 6895s
 72732 45435    0.19775   76  309    0.19830    0.18906  4.66%   373 6900s
 72773 45464    0.19224   50  754    0.19830    0.18906  4.66%   373 6905s
 72788 45479    0.19490   65  557    0.19830    0.18906  4.66%   373 6910s
 72860 45533     cutoff  126         0.19830    0.18906  4.66%   373 6915s
 72943 45610    0.19309   98  219    0.19830    0.18907  4.66%   373 6920s
 72983 45634    0.19499   60  416    0.19830    0.18907  4.66%   373 6925s
 73028 45672    0.19160   58  522    0.19830    0.18907  4.66%   374 6930s
 73059 45699    0.19483   74  357    0.19830    0.18907  4.66%   374 6935s
 73130 45748    0.18927   55  543    0.19830    0.18907  4.66%   374 6940s
 73219 45827    0.18908   55  525    0.19830    0.18907  4.66%   373 6945s
 73284 45868    0.18926   55  541    0.19830    0.18907  4.66%   373 6951s
 73337 45913     cutoff  105         0.19830    0.18907  4.66%   373 6955s
 73414 45960    0.19812   77  263    0.19830    0.18907  4.65%   373 6960s
 73459 45989    0.19221   71  415    0.19830    0.18907  4.65%   373 6965s
 73528 46039    0.19337   57  584    0.19830    0.18907  4.65%   373 6970s
 73583 46082    0.18986   57  473    0.19830    0.18908  4.65%   373 6975s
 73633 46128    0.19702  105  300    0.19830    0.18908  4.65%   373 6980s
 73698 46183    0.19740  112  221    0.19830    0.18908  4.65%   373 6985s
 73727 46200    0.19016   58  518    0.19830    0.18908  4.65%   373 6990s
 73751 46224    0.19176   73  450    0.19830    0.18908  4.65%   373 6995s
 73789 46256     cutoff   93         0.19830    0.18908  4.65%   374 7000s
 73846 46293    0.19333   64  411    0.19830    0.18908  4.65%   374 7005s
 73913 46332    0.18989   55  468    0.19830    0.18908  4.65%   374 7011s
 73951 46370    0.19303   93  376    0.19830    0.18908  4.65%   374 7015s
 74039 46413    0.18998   59  525    0.19830    0.18908  4.65%   374 7020s
 74096 46452    0.19084   52  498    0.19830    0.18908  4.65%   374 7025s
 74152 46505     cutoff  108         0.19830    0.18908  4.65%   373 7030s
 74193 46527    0.19198   62  389    0.19830    0.18909  4.65%   374 7035s
 74278 46601    0.19476   81  399    0.19830    0.18909  4.65%   373 7040s
 74310 46625    0.19613   72  336    0.19830    0.18909  4.65%   374 7045s
 74375 46666    0.19073   51  688    0.19830    0.18909  4.65%   373 7050s
 74448 46719    0.19233   62  397    0.19830    0.18909  4.65%   373 7055s
 74536 46797    0.19405  105  126    0.19830    0.18909  4.65%   373 7060s
 74597 46828    0.19519   53  443    0.19830    0.18909  4.65%   373 7065s
 74675 46886    0.19752   72  405    0.19830    0.18909  4.65%   373 7070s
 74739 46942    0.19586  101  211    0.19830    0.18909  4.65%   373 7075s
 74800 46991    0.19744   71  376    0.19830    0.18909  4.64%   373 7080s
 74847 47026    0.18974   57  459    0.19830    0.18909  4.64%   373 7088s
 74853 47032    0.19073   63  416    0.19830    0.18909  4.64%   373 7090s
 74927 47092    0.19537   56  477    0.19830    0.18909  4.64%   373 7095s
 74955 47105    0.19160   55  443    0.19830    0.18910  4.64%   373 7100s
 75023 47171    0.19791  122  288    0.19830    0.18910  4.64%   373 7105s
 75070 47188    0.19313   55  486    0.19830    0.18910  4.64%   373 7110s
 75132 47246     cutoff  116         0.19830    0.18910  4.64%   373 7115s
 75146 47250    0.19689   57  452    0.19830    0.18910  4.64%   373 7120s
 75165 47263    0.19389   64  624    0.19830    0.18910  4.64%   373 7125s
 75208 47302    0.19623   85  334    0.19830    0.18910  4.64%   374 7130s
 75290 47341    0.19070   48  693    0.19830    0.18910  4.64%   373 7135s
 75306 47343    0.19045   46  817    0.19830    0.18910  4.64%   374 7140s
 75349 47376    0.19093   54  470    0.19830    0.18910  4.64%   374 7145s
 75383 47392    0.19178   48  766    0.19830    0.18910  4.64%   374 7150s
 75421 47419    0.19397   48  540    0.19830    0.18910  4.64%   374 7157s
 75441 47435    0.19814   66  469    0.19830    0.18910  4.64%   374 7160s
 75477 47456    0.19436   74  291    0.19830    0.18911  4.64%   374 7165s
 75514 47481    0.19163   53  550    0.19830    0.18911  4.64%   374 7170s
 75529 47496    0.19414   68  375    0.19830    0.18911  4.64%   374 7175s
 75588 47537    0.19237   56  463    0.19830    0.18911  4.64%   374 7180s
 75649 47598    0.19569  117  246    0.19830    0.18911  4.64%   374 7185s
 75722 47658    0.19756   96  203    0.19830    0.18911  4.64%   374 7190s
 75768 47677    0.19580   52  680    0.19830    0.18911  4.64%   374 7195s

Cutting planes:
  Learned: 55
  Gomory: 79
  Cover: 71
  Implied bound: 218
  Projected implied bound: 86
  Clique: 130
  MIR: 668
  Mixing: 1
  StrongCG: 110
  Flow cover: 1275
  GUB cover: 1
  Zero half: 29
  RLT: 20
  Relax-and-lift: 222
  BQP: 12

Explored 75769 nodes (28382318 simplex iterations) in 7196.71 seconds (13331.85 work units)
Thread count was 1 (of 20 available processors)

Solution count 10: 0.198303 0.199342 0.199351 ... 0.200674

Time limit reached
Best objective 1.983028485838e-01, best bound 1.891098682233e-01, gap 4.6358%

User-callback calls 1308799, time in user-callback 1.51 sec
