leaf_id,attempt,time_limit_seconds,solver_runtime_seconds,work,nodes,simplex_iterations,barrier_iterations,cumulative_runtime,cumulative_work,cumulative_nodes,cumulative_simplex_iterations,cumulative_barrier_iterations,optimize_return_code
L0,0,30,0.303,0.490128,0,0,0,0.303,0.490128,0,0,0,0
L1,0,30,0.412,0.801655,1,638,0,0.412,0.801655,1,638,0,0
L2,0,30,30.008,53.4873,630,77789,0,30.008,53.4873,630,77789,0,0
L3,0,30,0.447,0.943456,1,1005,0,0.447,0.943456,1,1005,0,0
L2,1,60,60.003,132.679,1454,259083,0,90.011,186.166,2084,336872,0,0
L2.0,0,30,13.717,25.0644,235,34192,0,13.717,25.0644,235,34192,0,0
L2.1,0,30,30.002,54.9523,777,98018,0,30.002,54.9523,777,98018,0,0
L2.1,1,60,25.43,57.8092,1688,199393,0,55.432,112.761,2465,297411,0,0
