campaign,id,arm,number,sequence,available,kind,U,L,gap
qualification/cli02,H100,P-GRB,1,4,0.3279999999795109,witness,0.7873897825709573,0,0.7873897825709573
qualification/cli02,H100,P-GRB,1,5,0.39099999994505197,bound,0.7873897825709573,0.07036166308353103,0.7170281194874262
qualification/cli02,H100,P-GRB,1,6,0.39099999994505197,bound,0.7873897825709573,0.07036166308353202,0.7170281194874253
qualification/cli02,H100,P-GRB,1,7,0.515999999945052,bound,0.7873897825709573,0.08976325173811092,0.6976265308328463
qualification/cli02,H100,P-GRB,1,8,0.5939999999245629,bound,0.7873897825709573,0.09082963493735761,0.6965601476335996
qualification/cli02,H100,P-GRB,1,9,0.6559999999590218,bound,0.7873897825709573,0.09118191429539951,0.6962078682755577
qualification/cli02,H100,P-GRB,1,10,0.6559999999590218,bound,0.7873897825709573,0.09118390409824144,0.6962058784727159
qualification/cli02,H100,P-GRB,1,11,0.7189999999245629,bound,0.7873897825709573,0.0911888937010563,0.696200888869901
qualification/cli02,H100,P-GRB,1,12,0.7809999999590218,bound,0.7873897825709573,0.09160204130316259,0.6957877412677946
qualification/cli02,H100,P-GRB,1,13,0.8439999999245629,bound,0.7873897825709573,0.09165516644575615,0.6957346161252012
qualification/cli02,H100,P-GRB,1,14,0.9059999999590218,bound,0.7873897825709573,0.09196181715338612,0.6954279654175711
qualification/cli02,H100,P-GRB,1,15,0.9059999999590218,witness,0.7589529207437185,0.09196181715338612,0.6669911035903323
qualification/cli02,H100,P-GRB,1,16,0.9059999999590218,witness,0.7498779460270928,0.09196181715338612,0.6579161288737067
qualification/cli02,H100,P-GRB,1,17,0.9369999999180436,bound,0.7498779460270928,0.09196898009103092,0.6579089659360619
qualification/cli02,H100,P-GRB,1,18,1.0,bound,0.7498779460270928,0.09206548148096387,0.657812464546129
qualification/cli02,H100,P-GRB,1,19,1.0619999999180436,bound,0.7498779460270928,0.09209243568849908,0.6577855103385937
qualification/cli02,H100,P-GRB,1,20,1.125,bound,0.7498779460270928,0.09230131988609624,0.6575766261409965
qualification/cli02,H100,P-GRB,1,21,1.125,witness,0.6998164880859681,0.09230131988609624,0.6075151681998718
qualification/cli02,H100,P-GRB,1,22,1.125,witness,0.6622945356046046,0.09230131988609624,0.5699932157185084
qualification/cli02,H100,P-GRB,1,23,1.125,witness,0.6541215504388024,0.09230131988609624,0.5618202305527061
qualification/cli02,H100,P-GRB,1,24,1.202999999979511,bound,0.6541215504388024,0.0924095950157943,0.5617119554230081
qualification/cli02,H100,P-GRB,1,25,1.265999999945052,bound,0.6541215504388024,0.0927803090059453,0.5613412414328571
qualification/cli02,H100,P-GRB,1,26,1.265999999945052,witness,0.6446387298404785,0.0927803090059453,0.5518584208345332
qualification/cli02,H100,P-GRB,1,27,1.265999999945052,bound,0.6446387298404785,0.09285434625760097,0.5517843835828775
qualification/cli02,H100,P-GRB,1,28,1.327999999979511,bound,0.6446387298404785,0.09295120642575502,0.5516875234147235
qualification/cli02,H100,P-GRB,1,29,1.390999999945052,witness,0.6374568246400081,0.09295120642575502,0.544505618214253
qualification/cli02,H100,P-GRB,1,30,1.390999999945052,bound,0.6374568246400081,0.09296046723320635,0.5444963574068017
qualification/cli02,H100,P-GRB,1,31,1.452999999979511,bound,0.6374568246400081,0.0930115941545077,0.5444452304855004
qualification/cli02,H100,P-GRB,1,32,1.515999999945052,bound,0.6374568246400081,0.09302864980908339,0.5444281748309246
qualification/cli02,H100,P-GRB,1,33,1.5619999999180436,witness,0.6349285778134917,0.09302864980908339,0.5418999280044082
qualification/cli02,H100,P-GRB,1,34,1.5619999999180436,bound,0.6349285778134917,0.09303617348748996,0.5418924043260017
qualification/cli02,H100,P-GRB,1,35,1.625,bound,0.6349285778134917,0.09305157537809088,0.5418770024354008
qualification/cli02,H100,P-GRB,1,36,1.7969999999040738,bound,0.6349285778134917,0.09305166983052869,0.541876907982963
qualification/cli02,H100,P-GRB,1,37,2.030999999959022,witness,0.541005671861449,0.09305166983052869,0.4479540020309203
qualification/cli02,H100,P-GRB,1,38,2.030999999959022,witness,0.5195247274708973,0.09305166983052869,0.4264730576403686
qualification/cli02,H100,P-GRB,1,39,2.093999999924563,witness,0.49701617754007543,0.09305166983052869,0.4039645077095467
qualification/cli02,H100,P-GRB,1,40,2.327999999979511,witness,0.4866483195089074,0.09305166983052869,0.3935966496783787
qualification/cli02,H100,P-GRB,1,41,2.7969999999040738,bound,0.4866483195089074,0.09305172159245217,0.39359659791645524
qualification/cli02,H100,P-GRB,1,42,2.7969999999040738,witness,0.4730831047766971,0.09305172159245217,0.38003138318424495
qualification/cli02,H100,P-GRB,1,43,2.7969999999040738,witness,0.4653087907237491,0.09305172159245217,0.3722570691312969
qualification/cli02,H100,P-GRB,1,44,3.280999999959022,witness,0.45203814837279077,0.09305172159245217,0.3589864267803386
qualification/cli02,H100,P-GRB,1,45,3.452999999979511,witness,0.434354602205699,0.09305172159245217,0.3413028806132468
qualification/cli02,H100,P-GRB,1,46,3.452999999979511,witness,0.4271658635262109,0.09305172159245217,0.3341141419337587
qualification/cli02,H100,P-GRB,1,47,3.452999999979511,bound,0.4271658635262109,0.09309026291548521,0.33407560061072566
qualification/cli02,H100,P-GRB,1,48,3.593999999924563,witness,0.42480552420683415,0.09309026291548521,0.33171526129134893
qualification/cli02,H100,P-GRB,1,49,3.780999999959022,witness,0.421506216938885,0.09309026291548521,0.3284159540233998
qualification/cli02,H100,P-GRB,1,50,3.9839999999385327,witness,0.419533583969607,0.09309026291548521,0.32644332105412177
qualification/cli02,H100,P-GRB,1,51,3.9839999999385327,witness,0.41869802125575173,0.09309026291548521,0.3256077583402665
qualification/cli02,H100,P-GRB,1,52,3.9839999999385327,witness,0.41786624311561177,0.09309026291548521,0.32477598020012655
qualification/cli02,H100,P-GRB,1,53,3.9839999999385327,witness,0.4164278359724658,0.09309026291548521,0.3233375730569806
qualification/cli02,H100,P-GRB,1,54,3.9839999999385327,witness,0.41502565052665735,0.09309026291548521,0.32193538761117213
qualification/cli02,H100,P-GRB,1,55,4.015999999945052,witness,0.413230914554926,0.09309026291548521,0.3201406516394408
qualification/cli02,H100,P-GRB,1,56,4.25,witness,0.3867561284708608,0.09309026291548521,0.2936658655553756
qualification/cli02,H100,P-GRB,1,57,4.375,witness,0.386735020273526,0.09309026291548521,0.2936447573580408
qualification/cli02,H100,P-GRB,1,58,4.375,witness,0.3810134996023169,0.09309026291548521,0.2879232366868317
qualification/cli02,H100,P-GRB,1,59,4.608999999938533,bound,0.3810134996023169,0.09321444497897852,0.2877990546233384
qualification/cli02,H100,P-GRB,1,60,4.843999999924563,witness,0.3808807384109143,0.09321444497897852,0.2876662934319358
qualification/cli02,H100,P-GRB,1,61,4.983999999938533,witness,0.3761427343902521,0.09321444497897852,0.28292828941127357
qualification/cli02,H100,P-GRB,1,62,5.108999999938533,witness,0.3744450961770188,0.09321444497897852,0.2812306511980403
qualification/cli02,H100,P-GRB,1,63,5.108999999938533,witness,0.3708466589390651,0.09321444497897852,0.2776322139600866
qualification/cli02,H100,P-GRB,1,64,5.108999999938533,witness,0.3614388683935956,0.09321444497897852,0.2682244234146171
qualification/cli02,H100,P-GRB,1,65,5.483999999938533,bound,0.3614388683935956,0.0933042167532126,0.268134651640383
qualification/cli02,H100,P-GRB,1,66,6.015999999945052,bound,0.3614388683935956,0.09386395518525854,0.2675749132083371
qualification/cli02,H100,P-GRB,1,67,6.125,witness,0.36101237355130744,0.09386395518525854,0.2671484183660489
qualification/cli02,H100,P-GRB,1,68,7.390999999945052,bound,0.36101237355130744,0.09467269153627669,0.2663396820150308
qualification/cli02,H100,P-GRB,1,69,7.733999999938533,bound,0.36101237355130744,0.0956881755695781,0.26532419798172935
qualification/cli02,H100,P-GRB,1,70,7.796999999904074,bound,0.36101237355130744,0.096377372537965,0.2646350010133425
qualification/cli02,H100,P-GRB,1,71,8.093999999924563,bound,0.36101237355130744,0.09670146403973953,0.2643109095115679
qualification/cli02,H100,P-GRB,1,72,8.125,bound,0.36101237355130744,0.09671216966009516,0.2643002038912123
qualification/cli02,H100,P-GRB,1,73,8.436999999918044,bound,0.36101237355130744,0.09696858945372108,0.26404378409758633
qualification/cli02,H100,P-GRB,1,74,8.436999999918044,bound,0.36101237355130744,0.09701180401343451,0.26400056953787293
qualification/cli02,H100,P-GRB,1,75,8.436999999918044,bound,0.36101237355130744,0.09702756810791159,0.26398480544339586
qualification/cli02,H100,P-GRB,1,76,8.686999999918044,bound,0.36101237355130744,0.0972289731055141,0.26378340044579335
qualification/cli02,H100,P-GRB,1,77,8.686999999918044,bound,0.36101237355130744,0.09741167900060971,0.26360069455069773
qualification/cli02,H100,P-GRB,1,78,9.015999999945052,bound,0.36101237355130744,0.09745297850641625,0.2635593950448912
qualification/cli02,H100,P-GRB,1,79,9.015999999945052,bound,0.36101237355130744,0.0975832367856552,0.26342913676565227
qualification/cli02,H100,P-GRB,1,80,9.375,bound,0.36101237355130744,0.09760548704466508,0.26340688650664235
qualification/cli02,H100,P-GRB,1,81,11.608999999938533,bound,0.36101237355130744,0.09769555492464982,0.2633168186266576
qualification/cli02,H100,P-GRB,1,82,11.608999999938533,bound,0.36101237355130744,0.09797414566303772,0.2630382278882697
qualification/cli02,H100,P-GRB,1,83,11.983999999938533,bound,0.36101237355130744,0.09813601136592735,0.2628763621853801
qualification/cli02,H100,P-GRB,1,84,11.983999999938533,bound,0.36101237355130744,0.09833662959830966,0.26267574395299775
qualification/cli02,H100,P-GRB,1,85,12.030999999959022,bound,0.36101237355130744,0.09834810192399834,0.2626642716273091
qualification/cli02,H100,P-GRB,1,86,12.327999999979511,bound,0.36101237355130744,0.09845079760255854,0.2625615759487489
qualification/cli02,H100,P-GRB,1,87,12.327999999979511,bound,0.36101237355130744,0.09848969394281651,0.26252267960849096
qualification/cli02,H100,P-GRB,1,88,12.640999999945052,bound,0.36101237355130744,0.09860379605549717,0.26240857749581026
qualification/cli02,H100,P-GRB,1,89,12.640999999945052,bound,0.36101237355130744,0.09872516619098308,0.26228720736032435
qualification/cli02,H100,P-GRB,1,90,12.811999999918044,bound,0.36101237355130744,0.09883924549672912,0.2621731280545783
qualification/cli02,H100,P-GRB,1,91,13.015999999945052,bound,0.36101237355130744,0.09884554838064197,0.2621668251706655
qualification/cli02,H100,P-GRB,1,92,13.140999999945052,bound,0.36101237355130744,0.09885806394973316,0.26215430960157426
qualification/cli02,H100,P-GRB,1,93,13.25,bound,0.36101237355130744,0.09891869701852314,0.2620936765327843
qualification/cli02,H100,P-GRB,1,94,14.405999999959022,witness,0.36008394139355965,0.09891869701852314,0.2611652443750365
qualification/cli02,H100,P-GRB,1,95,14.421999999904074,witness,0.34493723109963625,0.09891869701852314,0.24601853408111313
qualification/cli02,H100,P-GRB,1,96,14.436999999918044,witness,0.3444753697789496,0.09891869701852314,0.24555667276042648
qualification/cli02,H100,P-GRB,1,97,14.515999999945052,witness,0.3437017469386241,0.09891869701852314,0.24478304992010097
qualification/cli02,H100,P-GRB,1,98,14.515999999945052,bound,0.3437017469386241,0.09892791961195678,0.2447738273266673
qualification/cli02,H100,P-GRB,1,99,14.577999999979511,bound,0.3437017469386241,0.09896334856086338,0.24473839837776074
qualification/cli02,H100,P-GRB,1,100,14.780999999959022,bound,0.3437017469386241,0.09897329353631008,0.24472845340231403
qualification/cli02,H100,P-GRB,1,101,14.905999999959022,witness,0.32439929464283085,0.09897329353631008,0.22542600110652078
qualification/cli02,H100,P-GRB,1,102,14.905999999959022,witness,0.3196884528652683,0.09897329353631008,0.22071515932895824
qualification/cli02,H100,P-GRB,1,103,15.015999999945052,witness,0.31581324025448543,0.09897329353631008,0.21683994671817536
qualification/cli02,H100,P-GRB,1,104,15.015999999945052,witness,0.30298755255359555,0.09897329353631008,0.20401425901728548
qualification/cli02,H100,P-GRB,1,105,15.015999999945052,witness,0.3024597320865773,0.09897329353631008,0.2034864385502672
qualification/cli02,H100,P-GRB,1,106,15.077999999979511,witness,0.3004574181252906,0.09897329353631008,0.20148412458898052
qualification/cli02,H100,P-GRB,1,107,15.077999999979511,bound,0.3004574181252906,0.09911898906105882,0.20133842906423177
qualification/cli02,H100,P-GRB,1,108,15.140999999945052,bound,0.3004574181252906,0.09911932949927557,0.20133808862601502
qualification/cli02,H100,P-GRB,1,109,15.483999999938533,witness,0.2986951418558178,0.09911932949927557,0.19957581235654223
qualification/cli02,H100,P-GRB,1,110,15.655999999959022,witness,0.29720746485098765,0.09911932949927557,0.19808813535171207
qualification/cli02,H100,P-GRB,1,111,15.655999999959022,witness,0.2969081549941436,0.09911932949927557,0.197788825494868
qualification/cli02,H100,P-GRB,1,112,15.655999999959022,witness,0.2961535827914364,0.09911932949927557,0.19703425329216082
qualification/cli02,H100,P-GRB,1,113,15.858999999938533,witness,0.29049422055536966,0.09911932949927557,0.1913748910560941
qualification/cli02,H100,P-GRB,1,114,16.046999999904074,witness,0.2725501316811877,0.09911932949927557,0.17343080218191212
qualification/cli02,H100,P-GRB,1,115,16.108999999938533,witness,0.2724352310711197,0.09911932949927557,0.17331590157184415
qualification/cli02,H100,P-GRB,1,116,16.343999999924563,witness,0.2707501766196999,0.09911932949927557,0.17163084712042434
qualification/cli02,H100,P-GRB,1,117,16.780999999959022,witness,0.2694706713190927,0.09911932949927557,0.17035134181981712
qualification/cli02,H100,P-GRB,1,118,16.968999999924563,witness,0.26915913208350145,0.09911932949927557,0.17003980258422588
qualification/cli02,H100,P-GRB,1,119,19.125,witness,0.2685956626901794,0.09911932949927557,0.16947633319090386
qualification/cli02,H100,P-GRB,1,120,26.5,bound,0.2685956626901794,0.0996578501540154,0.16893781253616402
qualification/cli02,H100,P-GRB,1,121,30.983999999938533,bound,0.2685956626901794,0.0996810128291487,0.16891464986103072
qualification/cli02,H100,P-GRB,1,122,34.671999999904074,bound,0.2685956626901794,0.09968342135749846,0.16891224133268096
qualification/cli02,H100,P-GRB,1,123,37.686999999918044,bound,0.2685956626901794,0.09968641404311879,0.16890924864706064
qualification/cli02,H100,P-GRB,1,124,40.32799999997951,bound,0.2685956626901794,0.0996872092226113,0.1689084534675681
qualification/cli02,H100,P-GRB,1,125,43.436999999918044,bound,0.2685956626901794,0.09970577558328951,0.1688898871068899
qualification/cli02,H100,P-GRB,1,126,45.421999999904074,bound,0.2685956626901794,0.09980903742978936,0.16878662526039007
qualification/cli02,H100,P-GRB,1,127,46.625,bound,0.2685956626901794,0.09981037565126116,0.16878528703891826
qualification/cli02,H100,P-GRB,1,128,48.046999999904074,bound,0.2685956626901794,0.099994534915345,0.16860112777483444
qualification/cli02,H100,P-GRB,1,129,50.25,bound,0.2685956626901794,0.1005465270899833,0.16804913560019613
qualification/cli02,H100,P-GRB,1,130,52.48399999993853,bound,0.2685956626901794,0.10055349898568121,0.1680421637044982
qualification/cli02,H100,P-GRB,1,131,54.70299999997951,bound,0.2685956626901794,0.10063527279959354,0.16796038989058587
qualification/cli02,H100,P-GRB,1,132,55.421999999904074,bound,0.2685956626901794,0.10065791682036869,0.16793774586981075
qualification/cli02,H100,P-GRB,1,133,55.76599999994505,bound,0.2685956626901794,0.1007242407386204,0.16787142195155902
qualification/cli02,H100,P-GRB,1,134,56.125,bound,0.2685956626901794,0.10073045242502521,0.16786521026515422
qualification/cli02,H100,P-GRB,1,135,57.046999999904074,witness,0.2485914909195402,0.10073045242502521,0.14786103849451498
qualification/cli02,H100,P-GRB,1,136,57.171999999904074,bound,0.2485914909195402,0.10098450458241177,0.14760698633712843
qualification/cli02,H100,P-GRB,1,137,57.70299999997951,bound,0.2485914909195402,0.10098923614109351,0.14760225477844668
qualification/cli02,H100,P-GRB,1,138,58.25,bound,0.2485914909195402,0.10105203766407393,0.14753945325546625
qualification/cli02,H100,P-GRB,1,139,58.90599999995902,bound,0.2485914909195402,0.10106344315713393,0.14752804776240624
qualification/cli02,H100,P-GRB,1,140,59.21899999992456,bound,0.2485914909195402,0.10110060393084083,0.14749088698869936
qualification/cli02,H100,P-GRB,1,141,59.57799999997951,bound,0.2485914909195402,0.10111479973096242,0.14747669118857776
qualification/cli02,H100,P-GRB,1,142,60.046999999904074,bound,0.2485914909195402,0.1011581806797364,0.14743331023980377
qualification/cli02,H100,P-GRB,1,143,61.21899999992456,bound,0.2485914909195402,0.10116047422370815,0.14743101669583203
qualification/cli02,H100,P-GRB,1,144,61.796999999904074,bound,0.2485914909195402,0.10117650729749081,0.14741498362204938
qualification/cli02,H100,P-GRB,1,145,62.14099999994505,bound,0.2485914909195402,0.10117784129533074,0.14741364962420944
qualification/cli02,H100,P-GRB,1,146,62.671999999904074,bound,0.2485914909195402,0.1011785624526465,0.1474129284668937
qualification/cli02,H100,P-GRB,1,147,63.125,bound,0.2485914909195402,0.10126895567016443,0.14732253524937577
qualification/cli02,H100,P-GRB,1,148,63.57799999997951,bound,0.2485914909195402,0.10128764532351811,0.14730384559602208
qualification/cli02,H100,P-GRB,1,149,63.98399999993853,bound,0.2485914909195402,0.1013087508363493,0.1472827400831909
qualification/cli02,H100,P-GRB,1,150,64.46899999992456,bound,0.2485914909195402,0.10131888869815435,0.14727260222138583
qualification/cli02,H100,P-GRB,1,151,64.89099999994505,bound,0.2485914909195402,0.10132935599985425,0.14726213491968593
qualification/cli02,H100,P-GRB,1,152,65.10899999993853,bound,0.2485914909195402,0.10134970468589015,0.14724178623365003
qualification/cli02,H100,P-GRB,1,153,65.46899999992456,bound,0.2485914909195402,0.10137538447872285,0.14721610644081734
qualification/cli02,H100,P-GRB,1,154,65.84399999992456,bound,0.2485914909195402,0.1014384923309345,0.1471529985886057
qualification/cli02,H100,P-GRB,1,155,66.625,bound,0.2485914909195402,0.1014532099677609,0.14713828095177928
qualification/cli02,H100,P-GRB,1,156,67.32799999997951,bound,0.2485914909195402,0.10145342077976545,0.14713807013977476
qualification/cli02,H100,P-GRB,1,157,67.75,bound,0.2485914909195402,0.1014594510111082,0.147132039908432
qualification/cli02,H100,P-GRB,1,158,68.0,bound,0.2485914909195402,0.1014620345166242,0.147129456402916
qualification/cli02,H100,P-GRB,1,159,68.45299999997951,bound,0.2485914909195402,0.10147580881211153,0.14711568210742865
qualification/cli02,H100,P-GRB,1,160,68.78099999995902,bound,0.2485914909195402,0.1014855264427952,0.147105964476745
qualification/cli02,H100,P-GRB,1,161,69.56199999991804,bound,0.2485914909195402,0.10148868516705323,0.14710280575248696
qualification/cli02,H100,P-GRB,1,162,69.92199999990407,bound,0.2485914909195402,0.10149593139881051,0.14709555952072967
qualification/cli02,H100,P-GRB,1,163,70.28099999995902,bound,0.2485914909195402,0.10152905837343837,0.14706243254610182
qualification/cli02,H100,P-GRB,1,164,70.64099999994505,bound,0.2485914909195402,0.10153531137351207,0.14705617954602812
qualification/cli02,H100,P-GRB,1,165,71.06199999991804,bound,0.2485914909195402,0.1015475033237528,0.1470439875957874
qualification/cli02,H100,P-GRB,1,166,71.29699999990407,bound,0.2485914909195402,0.1015572875989504,0.1470342033205898
qualification/cli02,H100,P-GRB,1,167,71.64099999994505,bound,0.2485914909195402,0.1015859836191791,0.1470055073003611
qualification/cli02,H100,P-GRB,1,168,71.96899999992456,bound,0.2485914909195402,0.10161917345490404,0.14697231746463615
qualification/cli02,H100,P-GRB,1,169,72.92199999990407,bound,0.2485914909195402,0.10161996832932564,0.14697152259021456
qualification/cli02,H100,P-GRB,1,170,73.28099999995902,bound,0.2485914909195402,0.10164384080356201,0.14694765011597818
qualification/cli02,H100,P-GRB,1,171,73.67199999990407,bound,0.2485914909195402,0.10164637545213945,0.14694511546740074
qualification/cli02,H100,P-GRB,1,172,74.53099999995902,bound,0.2485914909195402,0.10165393531376432,0.14693755560577587
qualification/cli02,H100,P-GRB,1,173,74.95299999997951,bound,0.2485914909195402,0.10165407373092249,0.1469374171886177
qualification/cli02,H100,P-GRB,1,174,76.23399999993853,bound,0.2485914909195402,0.10166115509352891,0.14693033582601128
qualification/cli02,H100,P-GRB,1,175,76.73399999993853,bound,0.2485914909195402,0.10166243390843055,0.14692905701110964
qualification/cli02,H100,P-GRB,1,176,77.17199999990407,bound,0.2485914909195402,0.1016884089400156,0.1469030819795246
qualification/cli02,H100,P-GRB,1,177,77.70299999997951,bound,0.2485914909195402,0.10171774844732188,0.1468737424722183
qualification/cli02,H100,P-GRB,1,178,78.18699999991804,bound,0.2485914909195402,0.10172948316376101,0.14686200775577918
qualification/cli02,H100,P-GRB,1,179,78.57799999997951,bound,0.2485914909195402,0.10175095627428117,0.14684053464525904
qualification/cli02,H100,P-GRB,1,180,79.0,bound,0.2485914909195402,0.10179549570997529,0.1467959952095649
qualification/cli02,H100,P-GRB,1,181,79.95299999997951,bound,0.2485914909195402,0.10187420730410657,0.14671728361543362
qualification/cli02,H100,P-GRB,1,182,80.51599999994505,bound,0.2485914909195402,0.10187512828647953,0.14671636263306065
qualification/cli02,H100,P-GRB,1,183,81.04699999990407,bound,0.2485914909195402,0.1018824209449734,0.14670906997456679
qualification/cli02,H100,P-GRB,1,184,81.42199999990407,bound,0.2485914909195402,0.10188722254439844,0.14670426837514175
qualification/cli02,H100,P-GRB,1,185,81.78099999995902,bound,0.2485914909195402,0.10199176608538266,0.14659972483415754
qualification/cli02,H100,P-GRB,1,186,82.39099999994505,bound,0.2485914909195402,0.10203793391969007,0.14655355699985012
qualification/cli02,H100,P-GRB,1,187,82.68699999991804,bound,0.2485914909195402,0.10208588862786692,0.14650560229167325
qualification/cli02,H100,P-GRB,1,188,82.98399999993853,bound,0.2485914909195402,0.10209017103708658,0.14650131988245363
qualification/cli02,H100,P-GRB,1,189,83.35899999993853,bound,0.2485914909195402,0.10211123499894426,0.14648025592059594
qualification/cli02,H100,P-GRB,1,190,83.84399999992456,bound,0.2485914909195402,0.102127895870238,0.14646359504930218
qualification/cli02,H100,P-GRB,1,191,84.20299999997951,bound,0.2485914909195402,0.10213307679815627,0.14645841412138394
qualification/cli02,H100,P-GRB,1,192,85.18699999991804,bound,0.2485914909195402,0.10213335024684818,0.14645814067269203
qualification/cli02,H100,P-GRB,1,193,86.0,bound,0.2485914909195402,0.10214188328817071,0.1464496076313695
qualification/cli02,H100,P-GRB,1,194,86.68699999991804,bound,0.2485914909195402,0.102147964488741,0.1464435264307992
qualification/cli02,H100,P-GRB,1,195,87.14099999994505,bound,0.2485914909195402,0.10217083413630047,0.14642065678323973
qualification/cli02,H100,P-GRB,1,196,87.78099999995902,bound,0.2485914909195402,0.10218370663828427,0.14640778428125592
qualification/cli02,H100,P-GRB,1,197,87.95299999997951,bound,0.2485914909195402,0.10219793416955411,0.14639355674998608
qualification/cli02,H100,P-GRB,1,198,88.375,bound,0.2485914909195402,0.10219989357109961,0.1463915973484406
qualification/cli02,H100,P-GRB,1,199,88.70299999997951,bound,0.2485914909195402,0.10220303199918365,0.14638845892035654
qualification/cli02,H100,P-GRB,1,200,89.06199999991804,bound,0.2485914909195402,0.10221425499954491,0.1463772359199953
qualification/cli02,H100,P-GRB,1,201,89.57799999997951,bound,0.2485914909195402,0.1022161142644159,0.1463753766551243
qualification/cli02,H100,P-GRB,1,202,89.96899999992456,bound,0.2485914909195402,0.10222047431302966,0.14637101660651053
qualification/cli02,H100,P-GRB,1,203,90.14099999994505,returned,0.2485914909195402,0.10222047431302966,0.14637101660651053
qualification/cli02,H100,P-S,2,2,0.7969999999040738,witness,0.25452870897207136,0,0.25452870897207136
qualification/cli02,H100,P-S,2,3,0.9219999999040738,call,0.25452870897207136,0,0.25452870897207136
qualification/cli02,H100,P-S,2,4,0.9219999999040738,witness,0.25452870897207136,0,0.25452870897207136
qualification/cli02,H100,P-S,2,5,0.9839999999385327,bound,0.25452870897207136,0,0.25452870897207136
qualification/cli02,H100,P-S,2,6,1.077999999979511,bound,0.25452870897207136,0.07036166308353109,0.18416704588854027
qualification/cli02,H100,P-S,2,7,1.2189999999245629,bound,0.25452870897207136,0.0899066236053984,0.16462208536667294
qualification/cli02,H100,P-S,2,8,1.2339999999385327,bound,0.25452870897207136,0.09075970238772771,0.16376900658434365
qualification/cli02,H100,P-S,2,9,1.3589999999385327,bound,0.25452870897207136,0.09140406840959685,0.1631246405624745
qualification/cli02,H100,P-S,2,10,1.3589999999385327,bound,0.25452870897207136,0.09148958865803997,0.1630391203140314
qualification/cli02,H100,P-S,2,11,1.4689999999245629,bound,0.25452870897207136,0.09360124807453907,0.1609274608975323
qualification/cli02,H100,P-S,2,12,1.4689999999245629,bound,0.25452870897207136,0.09363402846310949,0.16089468050896188
qualification/cli02,H100,P-S,2,13,1.5309999999590218,bound,0.25452870897207136,0.09389446081571604,0.16063424815635532
qualification/cli02,H100,P-S,2,14,1.6559999999590218,bound,0.25452870897207136,0.09426219747856122,0.16026651149351012
qualification/cli02,H100,P-S,2,15,1.6559999999590218,bound,0.25452870897207136,0.09432900849861459,0.16019970047345677
qualification/cli02,H100,P-S,2,16,1.7189999999245629,bound,0.25452870897207136,0.09438650801849623,0.16014220095357512
qualification/cli02,H100,P-S,2,17,1.765999999945052,bound,0.25452870897207136,0.09441891612735118,0.16010979284472018
qualification/cli02,H100,P-S,2,18,1.827999999979511,bound,0.25452870897207136,0.09442213701812731,0.16010657195394407
qualification/cli02,H100,P-S,2,19,1.890999999945052,bound,0.25452870897207136,0.09442353179874347,0.1601051771733279
qualification/cli02,H100,P-S,2,20,1.890999999945052,bound,0.25452870897207136,0.09454426127359253,0.15998444769847883
qualification/cli02,H100,P-S,2,21,1.9219999999040738,bound,0.25452870897207136,0.09456019707170003,0.1599685119003713
qualification/cli02,H100,P-S,2,22,1.9219999999040738,bound,0.25452870897207136,0.09459367146090773,0.1599350375111636
qualification/cli02,H100,P-S,2,23,1.9839999999385327,bound,0.25452870897207136,0.09462564215594776,0.1599030668161236
qualification/cli02,H100,P-S,2,24,1.9839999999385327,bound,0.25452870897207136,0.0946311117262825,0.15989759724578886
qualification/cli02,H100,P-S,2,25,1.9839999999385327,bound,0.25452870897207136,0.09466502894950077,0.1598636800225706
qualification/cli02,H100,P-S,2,26,2.0469999999040738,bound,0.25452870897207136,0.09467438662784858,0.15985432234422278
qualification/cli02,H100,P-S,2,27,2.0469999999040738,bound,0.25452870897207136,0.09467438668223553,0.15985432228983582
qualification/cli02,H100,P-S,2,28,2.1089999999385327,bound,0.25452870897207136,0.09467976695008917,0.1598489420219822
qualification/cli02,H100,P-S,2,29,2.265999999945052,bound,0.25452870897207136,0.09468339749083209,0.15984531148123926
qualification/cli02,H100,P-S,2,30,2.390999999945052,witness,0.24607662658232327,0.09468339749083209,0.15139322909149117
qualification/cli02,H100,P-S,2,31,2.4369999999180436,witness,0.2446411687862334,0.09468339749083209,0.14995777129540133
qualification/cli02,H100,P-S,2,32,2.780999999959022,witness,0.2416615019939094,0.09468339749083209,0.1469781045030773
qualification/cli02,H100,P-S,2,33,3.7969999999040738,witness,0.2394516134966766,0.09468339749083209,0.1447682160058445
qualification/cli02,H100,P-S,2,34,3.7969999999040738,witness,0.23833142785853162,0.09468339749083209,0.14364803036769952
qualification/cli02,H100,P-S,2,35,3.7969999999040738,witness,0.23809218524441245,0.09468339749083209,0.14340878775358035
qualification/cli02,H100,P-S,2,36,4.046999999904074,witness,0.2333717739350879,0.09468339749083209,0.1386883764442558
qualification/cli02,H100,P-S,2,37,4.046999999904074,witness,0.23009578616932175,0.09468339749083209,0.13541238867848965
qualification/cli02,H100,P-S,2,38,6.686999999918044,bound,0.23009578616932175,0.09480817593744502,0.13528761023187674
qualification/cli02,H100,P-S,2,39,6.765999999945052,bound,0.23009578616932175,0.09483381263624428,0.13526197353307745
qualification/cli02,H100,P-S,2,40,6.765999999945052,bound,0.23009578616932175,0.09558647530798003,0.1345093108613417
qualification/cli02,H100,P-S,2,41,7.140999999945052,bound,0.23009578616932175,0.09611327970491275,0.133982506464409
qualification/cli02,H100,P-S,2,42,7.140999999945052,bound,0.23009578616932175,0.09616418364100925,0.1339316025283125
qualification/cli02,H100,P-S,2,43,7.140999999945052,bound,0.23009578616932175,0.0962490687570955,0.13384671741222626
qualification/cli02,H100,P-S,2,44,7.436999999918044,bound,0.23009578616932175,0.0966746598076813,0.13342112636164044
qualification/cli02,H100,P-S,2,45,7.5,bound,0.23009578616932175,0.09669918412272582,0.13339660204659592
qualification/cli02,H100,P-S,2,46,7.5,bound,0.23009578616932175,0.09673200959454592,0.13336377657477583
qualification/cli02,H100,P-S,2,47,7.796999999904074,bound,0.23009578616932175,0.09688014258631039,0.13321564358301136
qualification/cli02,H100,P-S,2,48,7.858999999938533,bound,0.23009578616932175,0.09692998254801836,0.13316580362130337
qualification/cli02,H100,P-S,2,49,7.858999999938533,bound,0.23009578616932175,0.09694573375927182,0.13315005241004993
qualification/cli02,H100,P-S,2,50,8.218999999924563,bound,0.23009578616932175,0.09710596469613374,0.132989821473188
qualification/cli02,H100,P-S,2,51,8.218999999924563,bound,0.23009578616932175,0.09724087396774297,0.13285491220157877
qualification/cli02,H100,P-S,2,52,8.546999999904074,bound,0.23009578616932175,0.09737371223443522,0.13272207393488653
qualification/cli02,H100,P-S,2,53,8.577999999979511,bound,0.23009578616932175,0.09740068471492398,0.13269510145439778
qualification/cli02,H100,P-S,2,54,8.640999999945052,bound,0.23009578616932175,0.09740878450898145,0.1326870016603403
qualification/cli02,H100,P-S,2,55,8.936999999918044,bound,0.23009578616932175,0.0974950688912801,0.13260071727804165
qualification/cli02,H100,P-S,2,56,9.0,bound,0.23009578616932175,0.09750384926131506,0.1325919369080067
qualification/cli02,H100,P-S,2,57,9.280999999959022,bound,0.23009578616932175,0.0975083381601386,0.13258744800918315
qualification/cli02,H100,P-S,2,58,9.280999999959022,bound,0.23009578616932175,0.09754379151927756,0.1325519946500442
qualification/cli02,H100,P-S,2,59,10.530999999959022,bound,0.23009578616932175,0.09754846089748989,0.13254732527183186
qualification/cli02,H100,P-S,2,60,11.625,bound,0.23009578616932175,0.09757977821895575,0.132516007950366
qualification/cli02,H100,P-S,2,61,11.625,bound,0.23009578616932175,0.09760522854634454,0.1324905576229772
qualification/cli02,H100,P-S,2,62,11.983999999938533,bound,0.23009578616932175,0.09760770901934564,0.13248807714997612
qualification/cli02,H100,P-S,2,63,12.077999999979511,bound,0.23009578616932175,0.0976102511586446,0.13248553501067714
qualification/cli02,H100,P-S,2,64,12.077999999979511,bound,0.23009578616932175,0.09761414380778814,0.1324816423615336
qualification/cli02,H100,P-S,2,65,12.343999999924563,bound,0.23009578616932175,0.09762669422105849,0.13246909194826326
qualification/cli02,H100,P-S,2,66,12.405999999959022,bound,0.23009578616932175,0.09762670279370825,0.1324690833756135
qualification/cli02,H100,P-S,2,67,12.702999999979511,bound,0.23009578616932175,0.09762998673992178,0.13246579942939996
qualification/cli02,H100,P-S,2,68,12.702999999979511,bound,0.23009578616932175,0.09776756794946036,0.1323282182198614
qualification/cli02,H100,P-S,2,69,13.327999999979511,witness,0.2263841908043431,0.09776756794946036,0.12861662285488273
qualification/cli02,H100,P-S,2,70,14.75,bound,0.2263841908043431,0.098228929103508,0.1281552617008351
qualification/cli02,H100,P-S,2,71,14.811999999918044,bound,0.2263841908043431,0.09828102532664208,0.128103165477701
qualification/cli02,H100,P-S,2,72,14.811999999918044,bound,0.2263841908043431,0.0983497603602689,0.1280344304440742
qualification/cli02,H100,P-S,2,73,15.125,bound,0.2263841908043431,0.09844246285646963,0.12794172794787348
qualification/cli02,H100,P-S,2,74,15.186999999918044,bound,0.2263841908043431,0.09845000753304026,0.12793418327130285
qualification/cli02,H100,P-S,2,75,15.186999999918044,bound,0.2263841908043431,0.09845585885099273,0.12792833195335038
qualification/cli02,H100,P-S,2,76,15.421999999904074,bound,0.2263841908043431,0.09846293176873239,0.12792125903561072
qualification/cli02,H100,P-S,2,77,15.421999999904074,bound,0.2263841908043431,0.0985115758238286,0.1278726149805145
qualification/cli02,H100,P-S,2,78,15.546999999904074,bound,0.2263841908043431,0.09861452941988923,0.1277696613844539
qualification/cli02,H100,P-S,2,79,16.530999999959022,witness,0.22157499242784953,0.09861452941988923,0.1229604630079603
qualification/cli02,H100,P-S,2,80,16.530999999959022,witness,0.21996948905370628,0.09861452941988923,0.12135495963381705
qualification/cli02,H100,P-S,2,81,17.95299999997951,bound,0.21996948905370628,0.09883506877830946,0.12113442027539682
qualification/cli02,H100,P-S,2,82,17.95299999997951,bound,0.21996948905370628,0.09887159331871391,0.12109789573499237
qualification/cli02,H100,P-S,2,83,18.015999999945052,bound,0.21996948905370628,0.09891029654170543,0.12105919251200085
qualification/cli02,H100,P-S,2,84,18.311999999918044,bound,0.21996948905370628,0.09896079359837054,0.12100869545533574
qualification/cli02,H100,P-S,2,85,18.311999999918044,bound,0.21996948905370628,0.09899383748791209,0.12097565156579419
qualification/cli02,H100,P-S,2,86,18.625,bound,0.21996948905370628,0.09899417871156121,0.12097531034214506
qualification/cli02,H100,P-S,2,87,18.625,bound,0.21996948905370628,0.09899877159748648,0.1209707174562198
qualification/cli02,H100,P-S,2,88,18.858999999938533,bound,0.21996948905370628,0.09903973980724377,0.1209297492464625
qualification/cli02,H100,P-S,2,89,18.858999999938533,bound,0.21996948905370628,0.09908103622707709,0.12088845282662919
qualification/cli02,H100,P-S,2,90,20.5,bound,0.21996948905370628,0.09908107631537164,0.12088841273833464
qualification/cli02,H100,P-S,2,91,20.671999999904074,bound,0.21996948905370628,0.09942469124427455,0.12054479780943173
qualification/cli02,H100,P-S,2,92,23.765999999945052,witness,0.21894661218772843,0.09942469124427455,0.11952192094345387
qualification/cli02,H100,P-S,2,93,27.858999999938533,bound,0.21894661218772843,0.09942493704658607,0.11952167514114236
qualification/cli02,H100,P-S,2,94,28.140999999945052,bound,0.21894661218772843,0.09944721621675583,0.1194993959709726
qualification/cli02,H100,P-S,2,95,28.390999999945052,witness,0.21776739391022473,0.09944721621675583,0.1183201776934689
qualification/cli02,H100,P-S,2,96,32.89099999994505,bound,0.21776739391022473,0.09958958802252293,0.1181778058877018
qualification/cli02,H100,P-S,2,97,38.03099999995902,bound,0.21776739391022473,0.09961935006405183,0.1181480438461729
qualification/cli02,H100,P-S,2,98,45.14099999994505,bound,0.21776739391022473,0.09963301145563801,0.11813438245458673
qualification/cli02,H100,P-S,2,99,45.26599999994505,bound,0.21776739391022473,0.09978585351007893,0.1179815404001458
qualification/cli02,H100,P-S,2,100,48.625,bound,0.21776739391022473,0.0997863242208424,0.11798106968938234
qualification/cli02,H100,P-S,2,101,51.90599999995902,bound,0.21776739391022473,0.09986819779529282,0.11789919611493191
qualification/cli02,H100,P-S,2,102,51.96899999992456,bound,0.21776739391022473,0.09997990059334334,0.11778749331688139
qualification/cli02,H100,P-S,2,103,55.10899999993853,bound,0.21776739391022473,0.10021296487247877,0.11755442903774596
qualification/cli02,H100,P-S,2,104,56.70299999997951,witness,0.2149026285360363,0.10021296487247877,0.11468966366355754
qualification/cli02,H100,P-S,2,105,57.186999999918044,bound,0.2149026285360363,0.10021720645984819,0.11468542207618812
qualification/cli02,H100,P-S,2,106,57.84399999992456,witness,0.2148723471379297,0.10021720645984819,0.1146551406780815
qualification/cli02,H100,P-S,2,107,58.686999999918044,bound,0.2148723471379297,0.10025594006694431,0.11461640707098537
qualification/cli02,H100,P-S,2,108,59.875,bound,0.2148723471379297,0.10028502424953437,0.11458732288839532
qualification/cli02,H100,P-S,2,109,60.78099999995902,bound,0.2148723471379297,0.10029372518699382,0.11457862195093586
qualification/cli02,H100,P-S,2,110,61.671999999904074,bound,0.2148723471379297,0.10030673065257265,0.11456561648535704
qualification/cli02,H100,P-S,2,111,62.57799999997951,bound,0.2148723471379297,0.10037096582094289,0.1145013813169868
qualification/cli02,H100,P-S,2,112,63.375,bound,0.2148723471379297,0.10041352599391312,0.11445882114401656
qualification/cli02,H100,P-S,2,113,64.54699999990407,bound,0.2148723471379297,0.10052364804870398,0.11434869908922571
qualification/cli02,H100,P-S,2,114,65.90599999995902,bound,0.2148723471379297,0.1005847666675173,0.11428758047041239
qualification/cli02,H100,P-S,2,115,66.31199999991804,bound,0.2148723471379297,0.10058681856847368,0.11428552856945601
qualification/cli02,H100,P-S,2,116,67.42199999990407,bound,0.2148723471379297,0.10059701924846903,0.11427532788946065
qualification/cli02,H100,P-S,2,117,67.67199999990407,bound,0.2148723471379297,0.1006159926920824,0.11425635444584728
qualification/cli02,H100,P-S,2,118,67.95299999997951,bound,0.2148723471379297,0.1006234584053694,0.11424888873256028
qualification/cli02,H100,P-S,2,119,68.26599999994505,bound,0.2148723471379297,0.100636290808518,0.11423605632941168
qualification/cli02,H100,P-S,2,120,69.10899999993853,bound,0.2148723471379297,0.10067077784357066,0.11420156929435903
qualification/cli02,H100,P-S,2,121,69.46899999992456,bound,0.2148723471379297,0.10068818720256792,0.11418415993536177
qualification/cli02,H100,P-S,2,122,69.82799999997951,bound,0.2148723471379297,0.1007249678270715,0.1141473793108582
qualification/cli02,H100,P-S,2,123,70.84399999992456,bound,0.2148723471379297,0.10077834134799442,0.11409400578993527
qualification/cli02,H100,P-S,2,124,71.20299999997951,bound,0.2148723471379297,0.1010346092772918,0.11383773786063789
qualification/cli02,H100,P-S,2,125,71.625,bound,0.2148723471379297,0.10106788706917605,0.11380446006875364
qualification/cli02,H100,P-S,2,126,72.59399999992456,bound,0.2148723471379297,0.10108473798979917,0.11378760914813052
qualification/cli02,H100,P-S,2,127,72.98399999993853,bound,0.2148723471379297,0.10110890009324892,0.11376344704468076
qualification/cli02,H100,P-S,2,128,73.34399999992456,bound,0.2148723471379297,0.10111260359157347,0.11375974354635622
qualification/cli02,H100,P-S,2,129,73.71899999992456,bound,0.2148723471379297,0.10111463722314804,0.11375770991478165
qualification/cli02,H100,P-S,2,130,74.14099999994505,bound,0.2148723471379297,0.1012004287655556,0.11367191837237409
qualification/cli02,H100,P-S,2,131,75.14099999994505,bound,0.2148723471379297,0.10126043310099639,0.1136119140369333
qualification/cli02,H100,P-S,2,132,75.71899999992456,bound,0.2148723471379297,0.10126668975842835,0.11360565737950133
qualification/cli02,H100,P-S,2,133,76.10899999993853,bound,0.2148723471379297,0.10136891871713455,0.11350342842079514
qualification/cli02,H100,P-S,2,134,76.54699999990407,bound,0.2148723471379297,0.10137795082568637,0.11349439631224331
qualification/cli02,H100,P-S,2,135,76.84399999992456,bound,0.2148723471379297,0.10138751944753348,0.11348482769039621
qualification/cli02,H100,P-S,2,136,77.20299999997951,bound,0.2148723471379297,0.1014434067334067,0.11342894040452299
qualification/cli02,H100,P-S,2,137,77.75,bound,0.2148723471379297,0.10147412223988346,0.11339822489804623
qualification/cli02,H100,P-S,2,138,78.10899999993853,bound,0.2148723471379297,0.10151689818818987,0.11335544894973981
qualification/cli02,H100,P-S,2,139,78.46899999992456,bound,0.2148723471379297,0.10152007901369785,0.11335226812423184
qualification/cli02,H100,P-S,2,140,79.09399999992456,bound,0.2148723471379297,0.10159920974112646,0.11327313739680323
qualification/cli02,H100,P-S,2,141,79.45299999997951,bound,0.2148723471379297,0.1016026539845176,0.1132696931534121
qualification/cli02,H100,P-S,2,142,79.90599999995902,bound,0.2148723471379297,0.10162204561683796,0.11325030152109172
qualification/cli02,H100,P-S,2,143,80.32799999997951,bound,0.2148723471379297,0.10164975269988061,0.11322259443804908
qualification/cli02,H100,P-S,2,144,80.625,bound,0.2148723471379297,0.10165840705541745,0.11321394008251223
qualification/cli02,H100,P-S,2,145,81.53099999995902,bound,0.2148723471379297,0.10168217735975618,0.1131901697781735
qualification/cli02,H100,P-S,2,146,81.76599999994505,bound,0.2148723471379297,0.1016913139639289,0.11318103317400079
qualification/cli02,H100,P-S,2,147,82.56199999991804,bound,0.2148723471379297,0.10175923586542426,0.11311311127250542
qualification/cli02,H100,P-S,2,148,83.0,bound,0.2148723471379297,0.10178688380833979,0.1130854633295899
qualification/cli02,H100,P-S,2,149,84.09399999992456,bound,0.2148723471379297,0.10181018615368102,0.11306216098424866
qualification/cli02,H100,P-S,2,150,84.45299999997951,bound,0.2148723471379297,0.10182251114760202,0.11304983599032767
qualification/cli02,H100,P-S,2,151,84.81199999991804,bound,0.2148723471379297,0.10184111788675589,0.1130312292511738
qualification/cli02,H100,P-S,2,152,85.17199999990407,bound,0.2148723471379297,0.10185287292218885,0.11301947421574084
qualification/cli02,H100,P-S,2,153,85.53099999995902,bound,0.2148723471379297,0.101859211699288,0.1130131354386417
qualification/cli02,H100,P-S,2,154,85.95299999997951,bound,0.2148723471379297,0.10186091144561008,0.11301143569231961
qualification/cli02,H100,P-S,2,155,86.34399999992456,bound,0.2148723471379297,0.10186821011475154,0.11300413702317814
qualification/cli02,H100,P-S,2,156,86.70299999997951,bound,0.2148723471379297,0.10187727809091246,0.11299506904701723
qualification/cli02,H100,P-S,2,157,87.53099999995902,bound,0.2148723471379297,0.10190301586038525,0.11296933127754444
qualification/cli02,H100,P-S,2,158,88.375,bound,0.2148723471379297,0.10191131098630314,0.11296103615162655
qualification/cli02,H100,P-S,2,159,88.67199999990407,bound,0.2148723471379297,0.10193004348937827,0.11294230364855141
qualification/cli02,H100,P-S,2,160,89.03099999995902,bound,0.2148723471379297,0.10193601613177779,0.1129363310061519
qualification/cli02,H100,P-S,2,161,89.45299999997951,bound,0.2148723471379297,0.10193652651769587,0.11293582062023381
qualification/cli02,H100,P-S,2,162,89.79699999990407,bound,0.2148723471379297,0.1019535837745477,0.11291876336338198
qualification/cli02,H100,P-S,2,163,90.09399999992456,returned,0.2148723471379297,0.1019535837745477,0.11291876336338198
qualification/cli02,H100,ENS-C,3,2,0.7970000000204891,witness,0.25452870897207136,0,0.25452870897207136
qualification/cli02,H100,ENS-C,3,3,1.2190000000409782,call,0.25452870897207136,0,0.25452870897207136
qualification/cli02,H100,ENS-C,3,4,1.3440000000409782,returned,0.25452870897207136,0,0.25452870897207136
qualification/cli02,H100,ENS-C,3,5,1.765999999945052,call,0.25452870897207136,0,0.25452870897207136
qualification/cli02,H100,ENS-C,3,6,1.9690000000409782,returned,0.25452870897207136,0,0.25452870897207136
qualification/cli02,H100,ENS-C,3,7,2.390999999945052,call,0.25452870897207136,0,0.25452870897207136
qualification/cli02,H100,ENS-C,3,8,2.5,returned,0.25452870897207136,0,0.25452870897207136
qualification/cli02,H100,ENS-C,3,9,2.562999999965541,call,0.25452870897207136,0,0.25452870897207136
qualification/cli02,H100,ENS-C,3,10,2.562999999965541,witness,0.25452870897207136,0,0.25452870897207136
qualification/cli02,H100,ENS-C,3,11,2.75,bound,0.25452870897207136,0.08311698963129477,0.1714117193407766
qualification/cli02,H100,ENS-C,3,12,2.937999999965541,bound,0.25452870897207136,0.08311698963129477,0.1714117193407766
qualification/cli02,H100,ENS-C,3,13,3.844000000040978,bound,0.25452870897207136,0.10273229827187166,0.1517964107001997
qualification/cli02,H100,ENS-C,3,14,3.844000000040978,returned,0.25452870897207136,0.10273229827187166,0.1517964107001997
qualification/cli02,H100,ENS-C,3,15,3.890999999945052,call,0.25452870897207136,0.10273229827187166,0.1517964107001997
qualification/cli02,H100,ENS-C,3,16,3.890999999945052,witness,0.25452870897207136,0.10273229827187166,0.1517964107001997
qualification/cli02,H100,ENS-C,3,17,4.015999999945052,bound,0.25452870897207136,0.10273229827187166,0.1517964107001997
qualification/cli02,H100,ENS-C,3,18,4.312999999965541,bound,0.25452870897207136,0.10273229827187166,0.1517964107001997
qualification/cli02,H100,ENS-C,3,19,5.094000000040978,bound,0.25452870897207136,0.10273229827187166,0.1517964107001997
qualification/cli02,H100,ENS-C,3,20,5.297000000020489,bound,0.25452870897207136,0.10717384261555937,0.147354866356512
qualification/cli02,H100,ENS-C,3,21,5.780999999959022,bound,0.25452870897207136,0.11118593505018304,0.14334277392188832
qualification/cli02,H100,ENS-C,3,22,5.905999999959022,bound,0.25452870897207136,0.11225880051527384,0.14226990845679752
qualification/cli02,H100,ENS-C,3,23,6.48499999998603,bound,0.25452870897207136,0.11789879421266342,0.13662991475940794
qualification/cli02,H100,ENS-C,3,24,6.48499999998603,bound,0.25452870897207136,0.11821746873171161,0.13631124024035973
qualification/cli02,H100,ENS-C,3,25,6.530999999959022,bound,0.25452870897207136,0.11835248616300806,0.1361762228090633
qualification/cli02,H100,ENS-C,3,26,6.905999999959022,bound,0.25452870897207136,0.12160949926108106,0.1329192097109903
qualification/cli02,H100,ENS-C,3,27,7.030999999959022,bound,0.25452870897207136,0.12313108642879164,0.13139762254327972
qualification/cli02,H100,ENS-C,3,28,7.390999999945052,bound,0.25452870897207136,0.12488961716446056,0.1296390918076108
qualification/cli02,H100,ENS-C,3,29,7.5,bound,0.25452870897207136,0.1258786769586371,0.12865003201343425
qualification/cli02,H100,ENS-C,3,30,7.827999999979511,bound,0.25452870897207136,0.1265954282833772,0.12793328068869417
qualification/cli02,H100,ENS-C,3,31,8.062999999965541,bound,0.25452870897207136,0.12673635068436964,0.12779235828770172
qualification/cli02,H100,ENS-C,3,32,8.405999999959022,bound,0.25452870897207136,0.127325409978382,0.12720329899368937
qualification/cli02,H100,ENS-C,3,33,8.469000000040978,bound,0.25452870897207136,0.12734229182812187,0.1271864171439495
qualification/cli02,H100,ENS-C,3,34,8.780999999959022,bound,0.25452870897207136,0.12758727361908195,0.1269414353529894
qualification/cli02,H100,ENS-C,3,35,8.780999999959022,bound,0.25452870897207136,0.12761580859762703,0.12691290037444433
qualification/cli02,H100,ENS-C,3,36,8.844000000040978,bound,0.25452870897207136,0.12764080618909815,0.1268879027829732
qualification/cli02,H100,ENS-C,3,37,9.140999999945052,bound,0.25452870897207136,0.1276633642387822,0.12686534473328917
qualification/cli02,H100,ENS-C,3,38,9.562999999965541,bound,0.25452870897207136,0.12774931147748014,0.12677939749459122
qualification/cli02,H100,ENS-C,3,39,9.687999999965541,bound,0.25452870897207136,0.12774931147748086,0.1267793974945905
qualification/cli02,H100,ENS-C,3,40,9.952999999979511,bound,0.25452870897207136,0.1277496476578315,0.12677906131423985
qualification/cli02,H100,ENS-C,3,41,10.562999999965541,witness,0.24416194691855464,0.1277496476578315,0.11641229926072313
qualification/cli02,H100,ENS-C,3,42,10.562999999965541,witness,0.2416998323167201,0.1277496476578315,0.11395018465888859
qualification/cli02,H100,ENS-C,3,43,10.562999999965541,witness,0.23948013881483593,0.1277496476578315,0.11173049115700442
qualification/cli02,H100,ENS-C,3,44,10.625,witness,0.23806374429228533,0.1277496476578315,0.11031409663445382
qualification/cli02,H100,ENS-C,3,45,10.625,witness,0.2378031292296299,0.1277496476578315,0.1100534815717984
qualification/cli02,H100,ENS-C,3,46,11.140999999945052,witness,0.22397960789711713,0.1277496476578315,0.09622996023928562
qualification/cli02,H100,ENS-C,3,47,11.140999999945052,witness,0.22339225420080144,0.1277496476578315,0.09564260654296994
qualification/cli02,H100,ENS-C,3,48,11.140999999945052,witness,0.20959767138754498,0.1277496476578315,0.08184802372971348
qualification/cli02,H100,ENS-C,3,49,11.172000000020489,witness,0.20832832188643136,0.1277496476578315,0.08057867422859985
qualification/cli02,H100,ENS-C,3,50,11.172000000020489,witness,0.20740796096480638,0.1277496476578315,0.07965831330697487
qualification/cli02,H100,ENS-C,3,51,12.562999999965541,bound,0.20740796096480638,0.12831949717253957,0.0790884637922668
qualification/cli02,H100,ENS-C,3,52,16.79700000002049,witness,0.2050345731331903,0.12831949717253957,0.07671507596065072
qualification/cli02,H100,ENS-C,3,53,18.655999999959022,bound,0.2050345731331903,0.12836693142971525,0.07666764170347504
qualification/cli02,H100,ENS-C,3,54,19.75,bound,0.2050345731331903,0.13155516547573337,0.07347940765745692
qualification/cli02,H100,ENS-C,3,55,20.35999999998603,bound,0.2050345731331903,0.13220363273675773,0.07283094039643256
qualification/cli02,H100,ENS-C,3,56,20.85999999998603,bound,0.2050345731331903,0.1322939605622646,0.07274061257092568
qualification/cli02,H100,ENS-C,3,57,21.68799999996554,bound,0.2050345731331903,0.13257609346031377,0.07245847967287652
qualification/cli02,H100,ENS-C,3,58,35.20299999997951,witness,0.2032638783357174,0.13257609346031377,0.07068778487540364
qualification/cli02,H100,ENS-C,3,59,35.20299999997951,witness,0.1948698932348415,0.13257609346031377,0.06229379977452773
qualification/cli02,H100,ENS-C,3,60,35.26599999994505,bound,0.1948698932348415,0.13264560148363863,0.062224291751202865
qualification/cli02,H100,ENS-C,3,61,35.875,witness,0.19263227987652387,0.13264560148363863,0.05998667839288524
qualification/cli02,H100,ENS-C,3,62,35.875,witness,0.19240684455183124,0.13264560148363863,0.05976124306819261
qualification/cli02,H100,ENS-C,3,63,36.5,witness,0.1918434432754798,0.13264560148363863,0.05919784179184118
qualification/cli02,H100,ENS-C,3,64,43.17200000002049,bound,0.1918434432754798,0.13498742788514487,0.05685601539033494
qualification/cli02,H100,ENS-C,3,65,44.68799999996554,witness,0.18216458238327948,0.13498742788514487,0.047177154498134616
qualification/cli02,H100,ENS-C,3,66,44.84400000004098,witness,0.18176488517205258,0.13498742788514487,0.046777457286907714
qualification/cli02,H100,ENS-C,3,67,44.84400000004098,witness,0.17302579172258709,0.13498742788514487,0.03803836383744222
qualification/cli02,H100,ENS-C,3,68,46.01599999994505,bound,0.17302579172258709,0.1351045536374293,0.037921238085157793
qualification/cli02,H100,ENS-C,3,69,48.15599999995902,bound,0.17302579172258709,0.13523618696677642,0.03778960475581067
qualification/cli02,H100,ENS-C,3,70,48.15599999995902,bound,0.17302579172258709,0.1354800099679378,0.03754578175464929
qualification/cli02,H100,ENS-C,3,71,49.70299999997951,bound,0.17302579172258709,0.13815811654085153,0.03486767518173556
qualification/cli02,H100,ENS-C,3,72,50.625,bound,0.17302579172258709,0.138888854719798,0.03413693700278908
qualification/cli02,H100,ENS-C,3,73,50.98499999998603,bound,0.17302579172258709,0.13979422897388935,0.033231562748697735
qualification/cli02,H100,ENS-C,3,74,52.48499999998603,bound,0.17302579172258709,0.14009913126263673,0.03292666045995035
qualification/cli02,H100,ENS-C,3,75,52.84400000004098,bound,0.17302579172258709,0.14019762374686412,0.032828167975722966
qualification/cli02,H100,ENS-C,3,76,52.96900000004098,witness,0.16180115922679875,0.14019762374686412,0.021603535479934627
qualification/cli02,H100,ENS-C,3,77,52.96900000004098,bound,0.16180115922679875,0.14019940570880074,0.021601753517998007
qualification/cli02,H100,ENS-C,3,78,53.14099999994505,witness,0.160589067255049,0.14019940570880074,0.020389661546248272
qualification/cli02,H100,ENS-C,3,79,53.39099999994505,bound,0.160589067255049,0.14022270665671702,0.020366360598331995
qualification/cli02,H100,ENS-C,3,80,53.45299999997951,bound,0.160589067255049,0.1405904762683973,0.019998590986651715
qualification/cli02,H100,ENS-C,3,81,53.89099999994505,bound,0.160589067255049,0.14064496339775984,0.019944103857289175
qualification/cli02,H100,ENS-C,3,82,53.96900000004098,bound,0.160589067255049,0.1407326231747842,0.019856444080264823
qualification/cli02,H100,ENS-C,3,83,54.125,bound,0.160589067255049,0.14133988131231276,0.019249185942736252
qualification/cli02,H100,ENS-C,3,84,54.17200000002049,bound,0.160589067255049,0.14185229969219051,0.018736767562858497
qualification/cli02,H100,ENS-C,3,85,54.53099999995902,bound,0.160589067255049,0.14219974310468422,0.01838932415036479
qualification/cli02,H100,ENS-C,3,86,55.07799999997951,bound,0.160589067255049,0.14228295030135363,0.018306116953695384
qualification/cli02,H100,ENS-C,3,87,55.25,bound,0.160589067255049,0.1422888936956754,0.018300173559373606
qualification/cli02,H100,ENS-C,3,88,55.375,bound,0.160589067255049,0.142295203157978,0.01829386409707101
qualification/cli02,H100,ENS-C,3,89,55.56299999996554,bound,0.160589067255049,0.14254662318156872,0.018042444073480296
qualification/cli02,H100,ENS-C,3,90,55.73499999998603,bound,0.160589067255049,0.14274758315538214,0.017841484099666877
qualification/cli02,H100,ENS-C,3,91,55.92200000002049,bound,0.160589067255049,0.14288855773712794,0.01770050951792107
qualification/cli02,H100,ENS-C,3,92,56.21900000004098,bound,0.160589067255049,0.14290307725049822,0.01768599000455079
qualification/cli02,H100,ENS-C,3,93,56.28099999995902,bound,0.160589067255049,0.14303813947456628,0.017550927780482728
qualification/cli02,H100,ENS-C,3,94,56.51599999994505,bound,0.160589067255049,0.1430827187956304,0.01750634845941862
qualification/cli02,H100,ENS-C,3,95,56.70299999997951,bound,0.160589067255049,0.1432251416907396,0.017363925564309407
qualification/cli02,H100,ENS-C,3,96,56.93799999996554,bound,0.160589067255049,0.14385019198684285,0.016738875268206166
qualification/cli02,H100,ENS-C,3,97,57.06299999996554,bound,0.160589067255049,0.1439749797425997,0.016614087512449305
qualification/cli02,H100,ENS-C,3,98,57.35999999998603,bound,0.160589067255049,0.1441596970901037,0.016429370164945306
qualification/cli02,H100,ENS-C,3,99,57.54700000002049,bound,0.160589067255049,0.1444672586097117,0.0161218086453373
qualification/cli02,H100,ENS-C,3,100,57.54700000002049,bound,0.160589067255049,0.1447756383015706,0.015813428953478398
qualification/cli02,H100,ENS-C,3,101,57.54700000002049,bound,0.160589067255049,0.14479410258333658,0.01579496467171243
qualification/cli02,H100,ENS-C,3,102,57.60999999998603,bound,0.160589067255049,0.14544743775821853,0.015141629496830483
qualification/cli02,H100,ENS-C,3,103,57.75,bound,0.160589067255049,0.14556841768232473,0.015020649572724282
qualification/cli02,H100,ENS-C,3,104,57.98499999998603,bound,0.160589067255049,0.14615664063301853,0.014432426622030481
qualification/cli02,H100,ENS-C,3,105,58.21900000004098,bound,0.160589067255049,0.14617520037818668,0.01441386687686233
qualification/cli02,H100,ENS-C,3,106,58.70299999997951,bound,0.160589067255049,0.14649784170005897,0.014091225554990039
qualification/cli02,H100,ENS-C,3,107,59.09400000004098,bound,0.160589067255049,0.14654026892655442,0.014048798328494594
qualification/cli02,H100,ENS-C,3,108,59.21900000004098,bound,0.160589067255049,0.14671302568591954,0.013876041569129471
qualification/cli02,H100,ENS-C,3,109,59.39099999994505,bound,0.160589067255049,0.14679628505026368,0.013792782204785331
qualification/cli02,H100,ENS-C,3,110,59.45299999997951,bound,0.160589067255049,0.14682293351400236,0.013766133741046654
qualification/cli02,H100,ENS-C,3,111,59.67200000002049,bound,0.160589067255049,0.14690101426052823,0.013688052994520777
qualification/cli02,H100,ENS-C,3,112,59.73499999998603,bound,0.160589067255049,0.14705682759761093,0.013532239657438078
qualification/cli02,H100,ENS-C,3,113,59.90599999995902,bound,0.160589067255049,0.1471255638444375,0.013463503410611505
qualification/cli02,H100,ENS-C,3,114,60.06299999996554,bound,0.160589067255049,0.14716279362345847,0.013426273631590546
qualification/cli02,H100,ENS-C,3,115,60.06299999996554,bound,0.160589067255049,0.14721698917699627,0.01337207807805274
qualification/cli02,H100,ENS-C,3,116,60.23499999998603,bound,0.160589067255049,0.1473545022780884,0.0132345649769606
qualification/cli02,H100,ENS-C,3,117,60.29700000002049,bound,0.160589067255049,0.14742129888792488,0.013167768367124133
qualification/cli02,H100,ENS-C,3,118,60.5,bound,0.160589067255049,0.14744747161373786,0.013141595641311149
qualification/cli02,H100,ENS-C,3,119,60.56299999996554,bound,0.160589067255049,0.1475235581848616,0.013065509070187414
qualification/cli02,H100,ENS-C,3,120,60.625,bound,0.160589067255049,0.14763330185683557,0.012955765398213442
qualification/cli02,H100,ENS-C,3,121,60.68799999996554,bound,0.160589067255049,0.14765283784664965,0.012936229408399363
qualification/cli02,H100,ENS-C,3,122,60.82799999997951,bound,0.160589067255049,0.14783045533631672,0.012758611918732288
qualification/cli02,H100,ENS-C,3,123,60.82799999997951,bound,0.160589067255049,0.14785980876465193,0.012729258490397077
qualification/cli02,H100,ENS-C,3,124,61.0,bound,0.160589067255049,0.1478675385042301,0.012721528750818917
qualification/cli02,H100,ENS-C,3,125,61.06299999996554,bound,0.160589067255049,0.14789383875296325,0.012695228502085765
qualification/cli02,H100,ENS-C,3,126,61.06299999996554,bound,0.160589067255049,0.1479667825901045,0.0126222846649445
qualification/cli02,H100,ENS-C,3,127,61.21900000004098,bound,0.160589067255049,0.14797189359737833,0.012617173657670677
qualification/cli02,H100,ENS-C,3,128,61.21900000004098,bound,0.160589067255049,0.14820021059441343,0.012388856660635578
qualification/cli02,H100,ENS-C,3,129,61.39099999994505,bound,0.160589067255049,0.1482023684696812,0.0123866987853678
qualification/cli02,H100,ENS-C,3,130,61.56299999996554,bound,0.160589067255049,0.14820757581160118,0.012381491443447828
qualification/cli02,H100,ENS-C,3,131,61.59400000004098,bound,0.160589067255049,0.14824635790862442,0.01234270934642459
qualification/cli02,H100,ENS-C,3,132,61.67200000002049,bound,0.160589067255049,0.14842165681923963,0.012167410435809378
qualification/cli02,H100,ENS-C,3,133,61.67200000002049,bound,0.160589067255049,0.1485696806343535,0.012019386620695516
qualification/cli02,H100,ENS-C,3,134,61.79700000002049,bound,0.160589067255049,0.14864836366810097,0.011940703586948043
qualification/cli02,H100,ENS-C,3,135,61.85999999998603,bound,0.160589067255049,0.14866035663995666,0.011928710615092347
qualification/cli02,H100,ENS-C,3,136,61.85999999998603,bound,0.160589067255049,0.14869917249464928,0.011889894760399727
qualification/cli02,H100,ENS-C,3,137,61.92200000002049,bound,0.160589067255049,0.14873886108561632,0.011850206169432692
qualification/cli02,H100,ENS-C,3,138,62.04700000002049,bound,0.160589067255049,0.14874094347097508,0.011848123784073933
qualification/cli02,H100,ENS-C,3,139,62.25,bound,0.160589067255049,0.1487822864882858,0.011806780766763225
qualification/cli02,H100,ENS-C,3,140,62.28099999995902,bound,0.160589067255049,0.1488028022001429,0.011786265054906125
qualification/cli02,H100,ENS-C,3,141,62.40599999995902,bound,0.160589067255049,0.1488310171578826,0.011758050097166406
qualification/cli02,H100,ENS-C,3,142,62.5,bound,0.160589067255049,0.14889553855236015,0.01169352870268886
qualification/cli02,H100,ENS-C,3,143,62.56299999996554,bound,0.160589067255049,0.1489427415096417,0.011646325745407304
qualification/cli02,H100,ENS-C,3,144,62.81299999996554,bound,0.160589067255049,0.14895125098020312,0.011637816274845891
qualification/cli02,H100,ENS-C,3,145,63.0,bound,0.160589067255049,0.1489570994748901,0.011631967780158903
qualification/cli02,H100,ENS-C,3,146,63.10999999998603,bound,0.160589067255049,0.14895756139350677,0.01163150586154224
qualification/cli02,H100,ENS-C,3,147,63.17200000002049,bound,0.160589067255049,0.14898620909340904,0.011602858161639973
qualification/cli02,H100,ENS-C,3,148,63.17200000002049,bound,0.160589067255049,0.14916222541202415,0.011426841843024865
qualification/cli02,H100,ENS-C,3,149,63.375,bound,0.160589067255049,0.14920887930358687,0.011380187951462145
qualification/cli02,H100,ENS-C,3,150,63.375,bound,0.160589067255049,0.14925666202938367,0.011332405225665337
qualification/cli02,H100,ENS-C,3,151,63.375,bound,0.160589067255049,0.14928272330220554,0.011306343952843467
qualification/cli02,H100,ENS-C,3,152,63.5,bound,0.160589067255049,0.14929490068193282,0.011294166573116188
qualification/cli02,H100,ENS-C,3,153,63.5,bound,0.160589067255049,0.14936190428467863,0.01122716297037038
qualification/cli02,H100,ENS-C,3,154,63.5,bound,0.160589067255049,0.14943410469415835,0.011154962560890658
qualification/cli02,H100,ENS-C,3,155,63.625,bound,0.160589067255049,0.14948712031465136,0.01110194694039765
qualification/cli02,H100,ENS-C,3,156,63.68799999996554,bound,0.160589067255049,0.14955138023886475,0.011037687016184267
qualification/cli02,H100,ENS-C,3,157,63.68799999996554,bound,0.160589067255049,0.14963578583832823,0.010953281416720778
qualification/cli02,H100,ENS-C,3,158,63.68799999996554,bound,0.160589067255049,0.14975514522150307,0.01083392203354594
qualification/cli02,H100,ENS-C,3,159,63.68799999996554,bound,0.160589067255049,0.14983620186123073,0.010752865393818284
qualification/cli02,H100,ENS-C,3,160,63.75,bound,0.160589067255049,0.15008132081144532,0.010507746443603694
qualification/cli02,H100,ENS-C,3,161,63.81299999996554,bound,0.160589067255049,0.15009543267832345,0.010493634576725558
qualification/cli02,H100,ENS-C,3,162,63.81299999996554,bound,0.160589067255049,0.1501016827541883,0.010487384500860703
qualification/cli02,H100,ENS-C,3,163,63.93799999996554,bound,0.160589067255049,0.15013221367733368,0.010456853577715336
qualification/cli02,H100,ENS-C,3,164,64.0,bound,0.160589067255049,0.15013727848272088,0.010451788772328136
qualification/cli02,H100,ENS-C,3,165,64.125,bound,0.160589067255049,0.15014296997889598,0.010446097276153032
qualification/cli02,H100,ENS-C,3,166,64.35999999998603,bound,0.160589067255049,0.15015039021152576,0.010438677043523248
qualification/cli02,H100,ENS-C,3,167,64.35999999998603,bound,0.160589067255049,0.15026761348896717,0.010321453766081845
qualification/cli02,H100,ENS-C,3,168,64.42200000002049,bound,0.160589067255049,0.15032836778688033,0.010260699468168683
qualification/cli02,H100,ENS-C,3,169,64.42200000002049,bound,0.160589067255049,0.15039338210673747,0.01019568514831154
qualification/cli02,H100,ENS-C,3,170,64.48499999998603,bound,0.160589067255049,0.15043699730988788,0.01015206994516113
qualification/cli02,H100,ENS-C,3,171,64.48499999998603,bound,0.160589067255049,0.15045581891565213,0.010133248339396883
qualification/cli02,H100,ENS-C,3,172,64.60999999998603,bound,0.160589067255049,0.1504703668676058,0.010118700387443225
qualification/cli02,H100,ENS-C,3,173,64.71900000004098,bound,0.160589067255049,0.15053849101322817,0.010050576241820847
qualification/cli02,H100,ENS-C,3,174,64.71900000004098,bound,0.160589067255049,0.15058298784387475,0.010006079411174262
qualification/cli02,H100,ENS-C,3,175,64.75,bound,0.160589067255049,0.15059685587529584,0.009992211379753174
qualification/cli02,H100,ENS-C,3,176,65.0,bound,0.160589067255049,0.15073991036478263,0.009849156890266386
qualification/cli02,H100,ENS-C,3,177,65.06299999996554,bound,0.160589067255049,0.15074412139150872,0.009844945863540289
qualification/cli02,H100,ENS-C,3,178,65.06299999996554,bound,0.160589067255049,0.15074595737554378,0.009843109879505235
qualification/cli02,H100,ENS-C,3,179,65.20299999997951,bound,0.160589067255049,0.15074713144775403,0.009841935807294977
qualification/cli02,H100,ENS-C,3,180,65.20299999997951,bound,0.160589067255049,0.15077636720143658,0.009812700053612428
qualification/cli02,H100,ENS-C,3,181,65.32799999997951,bound,0.160589067255049,0.15078539983611858,0.009803667418930434
qualification/cli02,H100,ENS-C,3,182,65.375,bound,0.160589067255049,0.15079016358761213,0.009798903667436881
qualification/cli02,H100,ENS-C,3,183,65.45299999997951,bound,0.160589067255049,0.15080691475439517,0.00978215250065384
qualification/cli02,H100,ENS-C,3,184,65.45299999997951,bound,0.160589067255049,0.150830731404178,0.00975833585087102
qualification/cli02,H100,ENS-C,3,185,65.51599999994505,bound,0.160589067255049,0.15088106988690608,0.009707997368142929
qualification/cli02,H100,ENS-C,3,186,65.51599999994505,bound,0.160589067255049,0.15089249394025764,0.009696573314791374
qualification/cli02,H100,ENS-C,3,187,65.57799999997951,bound,0.160589067255049,0.1508991617192929,0.009689905535756105
qualification/cli02,H100,ENS-C,3,188,65.71900000004098,bound,0.160589067255049,0.15092276635888432,0.009666300896164687
qualification/cli02,H100,ENS-C,3,189,65.71900000004098,bound,0.160589067255049,0.150961005311424,0.009628061943625005
qualification/cli02,H100,ENS-C,3,190,65.89099999994505,bound,0.160589067255049,0.1509891729734423,0.009599894281606708
qualification/cli02,H100,ENS-C,3,191,65.89099999994505,bound,0.160589067255049,0.15100351078583485,0.009585556469214163
qualification/cli02,H100,ENS-C,3,192,65.96900000004098,bound,0.160589067255049,0.15110885922524528,0.009480208029803733
qualification/cli02,H100,ENS-C,3,193,65.96900000004098,bound,0.160589067255049,0.151148566827123,0.009440500427926019
qualification/cli02,H100,ENS-C,3,194,66.15599999995902,bound,0.160589067255049,0.15127584637175892,0.009313220883290091
qualification/cli02,H100,ENS-C,3,195,66.21900000004098,bound,0.160589067255049,0.15129107742164138,0.009297989833407627
qualification/cli02,H100,ENS-C,3,196,66.21900000004098,bound,0.160589067255049,0.15136528092674628,0.00922378632830273
qualification/cli02,H100,ENS-C,3,197,66.28099999995902,bound,0.160589067255049,0.151385256190816,0.009203811064233014
qualification/cli02,H100,ENS-C,3,198,66.28099999995902,bound,0.160589067255049,0.15139168842182266,0.009197378833226355
qualification/cli02,H100,ENS-C,3,199,66.35999999998603,bound,0.160589067255049,0.15142789173891527,0.00916117551613374
qualification/cli02,H100,ENS-C,3,200,66.35999999998603,bound,0.160589067255049,0.15143846240626516,0.009150604848783855
qualification/cli02,H100,ENS-C,3,201,66.42200000002049,bound,0.160589067255049,0.15145063447803575,0.009138432777013261
qualification/cli02,H100,ENS-C,3,202,66.42200000002049,bound,0.160589067255049,0.15146325839960553,0.009125808855443479
qualification/cli02,H100,ENS-C,3,203,66.48499999998603,bound,0.160589067255049,0.15146771102433618,0.009121356230712835
qualification/cli02,H100,ENS-C,3,204,66.53099999995902,bound,0.160589067255049,0.15147894146307025,0.009110125791978757
qualification/cli02,H100,ENS-C,3,205,66.59400000004098,bound,0.160589067255049,0.15148845961688764,0.009100607638161368
qualification/cli02,H100,ENS-C,3,206,66.65599999995902,bound,0.160589067255049,0.1515268333415858,0.009062233913463225
qualification/cli02,H100,ENS-C,3,207,66.70299999997951,bound,0.160589067255049,0.15154010041384675,0.009048966841202266
qualification/cli02,H100,ENS-C,3,208,66.89099999994505,bound,0.160589067255049,0.15154588022743448,0.00904318702761453
qualification/cli02,H100,ENS-C,3,209,67.01599999994505,bound,0.160589067255049,0.15154941968374316,0.009039647571305848
qualification/cli02,H100,ENS-C,3,210,67.07799999997951,bound,0.160589067255049,0.1515539872580994,0.009035079996949608
qualification/cli02,H100,ENS-C,3,211,67.14099999994505,bound,0.160589067255049,0.15156275807799455,0.009026309177054465
qualification/cli02,H100,ENS-C,3,212,67.18799999996554,bound,0.160589067255049,0.1515917607079404,0.008997306547108619
qualification/cli02,H100,ENS-C,3,213,67.31299999996554,bound,0.160589067255049,0.15159456097743504,0.008994506277613973
qualification/cli02,H100,ENS-C,3,214,67.375,bound,0.160589067255049,0.15165645961365534,0.00893260764139367
qualification/cli02,H100,ENS-C,3,215,67.375,bound,0.160589067255049,0.15165902039052961,0.008930046864519398
qualification/cli02,H100,ENS-C,3,216,67.39099999994505,bound,0.160589067255049,0.1516752679315745,0.008913799323474525
qualification/cli02,H100,ENS-C,3,217,67.57799999997951,bound,0.160589067255049,0.15168292239343947,0.008906144861609538
qualification/cli02,H100,ENS-C,3,218,67.57799999997951,bound,0.160589067255049,0.15169195704807037,0.008897110206978642
qualification/cli02,H100,ENS-C,3,219,67.57799999997951,bound,0.160589067255049,0.15170624885772388,0.008882818397325132
qualification/cli02,H100,ENS-C,3,220,67.57799999997951,bound,0.160589067255049,0.1517113591931365,0.008877708061912515
qualification/cli02,H100,ENS-C,3,221,67.70299999997951,bound,0.160589067255049,0.1517195885498057,0.008869478705243322
qualification/cli02,H100,ENS-C,3,222,67.70299999997951,bound,0.160589067255049,0.1517300459868699,0.008859021268179113
qualification/cli02,H100,ENS-C,3,223,67.70299999997951,bound,0.160589067255049,0.15177360159011077,0.008815465664938238
qualification/cli02,H100,ENS-C,3,224,67.76599999994505,bound,0.160589067255049,0.15179727317173924,0.008791794083309767
qualification/cli02,H100,ENS-C,3,225,67.76599999994505,bound,0.160589067255049,0.15179953099044388,0.00878953626460513
qualification/cli02,H100,ENS-C,3,226,67.76599999994505,bound,0.160589067255049,0.1518149214694219,0.008774145785627102
qualification/cli02,H100,ENS-C,3,227,67.79700000002049,bound,0.160589067255049,0.15181771021896287,0.008771357036086141
qualification/cli02,H100,ENS-C,3,228,67.79700000002049,bound,0.160589067255049,0.15186902226982643,0.00872004498522258
qualification/cli02,H100,ENS-C,3,229,67.82799999997951,bound,0.160589067255049,0.15188758934691104,0.008701477908137967
qualification/cli02,H100,ENS-C,3,230,67.82799999997951,bound,0.160589067255049,0.151910638433287,0.008678428821762008
qualification/cli02,H100,ENS-C,3,231,67.90599999995902,bound,0.160589067255049,0.1519135792780733,0.008675487976975704
qualification/cli02,H100,ENS-C,3,232,67.96900000004098,bound,0.160589067255049,0.15197473335223471,0.008614333902814297
qualification/cli02,H100,ENS-C,3,233,67.96900000004098,bound,0.160589067255049,0.1520103209642071,0.008578746290841904
qualification/cli02,H100,ENS-C,3,234,68.01599999994505,bound,0.160589067255049,0.1520117971757362,0.008577270079312804
qualification/cli02,H100,ENS-C,3,235,68.20299999997951,bound,0.160589067255049,0.15204572041368591,0.008543346841363098
qualification/cli02,H100,ENS-C,3,236,68.28099999995902,bound,0.160589067255049,0.15205510825518082,0.008533958999868196
qualification/cli02,H100,ENS-C,3,237,68.28099999995902,bound,0.160589067255049,0.1520718891746495,0.008517178080399507
qualification/cli02,H100,ENS-C,3,238,68.34400000004098,bound,0.160589067255049,0.15207308849290116,0.008515978762147852
qualification/cli02,H100,ENS-C,3,239,68.375,bound,0.160589067255049,0.15208094110155526,0.00850812615349375
qualification/cli02,H100,ENS-C,3,240,68.43799999996554,bound,0.160589067255049,0.15209204770269574,0.008497019552353269
qualification/cli02,H100,ENS-C,3,241,68.64099999994505,bound,0.160589067255049,0.15209872441808076,0.008490342836968257
qualification/cli02,H100,ENS-C,3,242,68.64099999994505,bound,0.160589067255049,0.1521013008978888,0.008487766357160198
qualification/cli02,H100,ENS-C,3,243,68.64099999994505,bound,0.160589067255049,0.15213998325638733,0.008449083998661677
qualification/cli02,H100,ENS-C,3,244,68.67200000002049,bound,0.160589067255049,0.15215776527083463,0.008431301984214379
qualification/cli02,H100,ENS-C,3,245,68.78099999995902,bound,0.160589067255049,0.15218539358851182,0.008403673666537187
qualification/cli02,H100,ENS-C,3,246,68.90599999995902,bound,0.160589067255049,0.15219252850392323,0.008396538751125782
qualification/cli02,H100,ENS-C,3,247,68.92200000002049,bound,0.160589067255049,0.15223194370199672,0.008357123553052292
qualification/cli02,H100,ENS-C,3,248,69.0,bound,0.160589067255049,0.15224405051632553,0.008345016738723482
qualification/cli02,H100,ENS-C,3,249,69.0,bound,0.160589067255049,0.1522753596054769,0.008313707649572122
qualification/cli02,H100,ENS-C,3,250,69.06299999996554,bound,0.160589067255049,0.15242751428785367,0.00816155296719534
qualification/cli02,H100,ENS-C,3,251,69.125,bound,0.160589067255049,0.1524320071580681,0.008157060096980917
qualification/cli02,H100,ENS-C,3,252,69.125,bound,0.160589067255049,0.15245177185139108,0.00813729540365793
qualification/cli02,H100,ENS-C,3,253,69.125,bound,0.160589067255049,0.1524546044027005,0.008134462852348506
qualification/cli02,H100,ENS-C,3,254,69.25,bound,0.160589067255049,0.15246217626551564,0.00812689098953337
qualification/cli02,H100,ENS-C,3,255,69.25,bound,0.160589067255049,0.15247629259816856,0.008112774656880456
qualification/cli02,H100,ENS-C,3,256,69.31299999996554,bound,0.160589067255049,0.15248918989400387,0.008099877361045144
qualification/cli02,H100,ENS-C,3,257,69.375,bound,0.160589067255049,0.15249587135658124,0.00809319589846777
qualification/cli02,H100,ENS-C,3,258,69.375,bound,0.160589067255049,0.15250892944031702,0.008080137814731991
qualification/cli02,H100,ENS-C,3,259,69.43799999996554,bound,0.160589067255049,0.1525128977644974,0.008076169490551621
qualification/cli02,H100,ENS-C,3,260,69.5,bound,0.160589067255049,0.15258812253524107,0.008000944719807945
qualification/cli02,H100,ENS-C,3,261,69.60999999998603,bound,0.160589067255049,0.1526137389218245,0.007975328333224507
qualification/cli02,H100,ENS-C,3,262,69.67200000002049,bound,0.160589067255049,0.1526369730912891,0.007952094163759915
qualification/cli02,H100,ENS-C,3,263,69.67200000002049,bound,0.160589067255049,0.15268865240543933,0.007900414849609683
qualification/cli02,H100,ENS-C,3,264,69.73499999998603,bound,0.160589067255049,0.15270669830793776,0.007882368947111251
qualification/cli02,H100,ENS-C,3,265,69.89099999994505,bound,0.160589067255049,0.15271265227247674,0.007876414982572272
qualification/cli02,H100,ENS-C,3,266,69.89099999994505,bound,0.160589067255049,0.15272952172322235,0.007859545531826662
qualification/cli02,H100,ENS-C,3,267,69.89099999994505,bound,0.160589067255049,0.1527392886046417,0.007849778650407313
qualification/cli02,H100,ENS-C,3,268,69.95299999997951,bound,0.160589067255049,0.15275276581349737,0.007836301441551646
qualification/cli02,H100,ENS-C,3,269,70.03099999995902,bound,0.160589067255049,0.15280473653905022,0.007784330715998794
qualification/cli02,H100,ENS-C,3,270,70.03099999995902,bound,0.160589067255049,0.15282553566402088,0.007763531591028133
qualification/cli02,H100,ENS-C,3,271,70.09400000004098,bound,0.160589067255049,0.15285621533731475,0.0077328519177342625
qualification/cli02,H100,ENS-C,3,272,70.15599999995902,bound,0.160589067255049,0.15285786381449015,0.007731203440558859
qualification/cli02,H100,ENS-C,3,273,70.21900000004098,bound,0.160589067255049,0.1528769957794432,0.0077120714756058195
qualification/cli02,H100,ENS-C,3,274,70.21900000004098,bound,0.160589067255049,0.15290935264112113,0.007679714613927885
qualification/cli02,H100,ENS-C,3,275,70.21900000004098,bound,0.160589067255049,0.15293377742254277,0.00765528983250624
qualification/cli02,H100,ENS-C,3,276,70.21900000004098,bound,0.160589067255049,0.15293411588117056,0.007654951373878449
qualification/cli02,H100,ENS-C,3,277,70.21900000004098,bound,0.160589067255049,0.15293996173323024,0.007649105521818772
qualification/cli02,H100,ENS-C,3,278,70.25,bound,0.160589067255049,0.15295518572257208,0.007633881532476933
qualification/cli02,H100,ENS-C,3,279,70.25,bound,0.160589067255049,0.1529912045985378,0.007597862656511217
qualification/cli02,H100,ENS-C,3,280,70.25,bound,0.160589067255049,0.15300655541457192,0.007582511840477091
qualification/cli02,H100,ENS-C,3,281,70.375,bound,0.160589067255049,0.1530265218266057,0.0075625454284433125
qualification/cli02,H100,ENS-C,3,282,70.375,bound,0.160589067255049,0.1530269100942835,0.007562157160765498
qualification/cli02,H100,ENS-C,3,283,70.45299999997951,bound,0.160589067255049,0.15305553320522575,0.007533534049823265
qualification/cli02,H100,ENS-C,3,284,70.45299999997951,bound,0.160589067255049,0.15307675505421792,0.007512312200831095
qualification/cli02,H100,ENS-C,3,285,70.45299999997951,bound,0.160589067255049,0.15308513255566344,0.007503934699385567
qualification/cli02,H100,ENS-C,3,286,70.51599999994505,bound,0.160589067255049,0.15309256873079277,0.00749649852425624
qualification/cli02,H100,ENS-C,3,287,70.51599999994505,bound,0.160589067255049,0.15314509753754318,0.007443969717505827
qualification/cli02,H100,ENS-C,3,288,70.64099999994505,bound,0.160589067255049,0.15314763195234488,0.007441435302704136
qualification/cli02,H100,ENS-C,3,289,70.64099999994505,bound,0.160589067255049,0.15315389678061173,0.007435170474437286
qualification/cli02,H100,ENS-C,3,290,70.70299999997951,bound,0.160589067255049,0.15317013773843094,0.007418929516618072
qualification/cli02,H100,ENS-C,3,291,70.76599999994505,bound,0.160589067255049,0.15317674461095285,0.007412322644096164
qualification/cli02,H100,ENS-C,3,292,70.89099999994505,bound,0.160589067255049,0.15318850650617336,0.007400560748875656
qualification/cli02,H100,ENS-C,3,293,70.95299999997951,bound,0.160589067255049,0.15320581261801924,0.007383254637029768
qualification/cli02,H100,ENS-C,3,294,71.03099999995902,bound,0.160589067255049,0.1532088961010616,0.007380171153987425
qualification/cli02,H100,ENS-C,3,295,71.03099999995902,bound,0.160589067255049,0.15321939612644245,0.007369671128606564
qualification/cli02,H100,ENS-C,3,296,71.09400000004098,bound,0.160589067255049,0.15322247977249068,0.007366587482558334
qualification/cli02,H100,ENS-C,3,297,71.15599999995902,bound,0.160589067255049,0.153228161043462,0.007360906211586998
qualification/cli02,H100,ENS-C,3,298,71.15599999995902,bound,0.160589067255049,0.15324946927186203,0.0073395979831869795
qualification/cli02,H100,ENS-C,3,299,71.15599999995902,bound,0.160589067255049,0.15325261355990288,0.007336453695146128
qualification/cli02,H100,ENS-C,3,300,71.21900000004098,bound,0.160589067255049,0.15325689054098515,0.007332176714063859
qualification/cli02,H100,ENS-C,3,301,71.21900000004098,bound,0.160589067255049,0.15332930162404287,0.007259765631006138
qualification/cli02,H100,ENS-C,3,302,71.28099999995902,bound,0.160589067255049,0.15333001724578887,0.007259050009260137
qualification/cli02,H100,ENS-C,3,303,71.28099999995902,bound,0.160589067255049,0.1533428258071386,0.007246241447910418
qualification/cli02,H100,ENS-C,3,304,71.34400000004098,bound,0.160589067255049,0.15334345057166368,0.007245616683385331
qualification/cli02,H100,ENS-C,3,305,71.45299999997951,bound,0.160589067255049,0.15335270791605982,0.007236359338989196
qualification/cli02,H100,ENS-C,3,306,71.45299999997951,bound,0.160589067255049,0.15336415396975484,0.007224913285294177
qualification/cli02,H100,ENS-C,3,307,71.51599999994505,bound,0.160589067255049,0.15336652351644992,0.0072225437385990965
qualification/cli02,H100,ENS-C,3,308,71.51599999994505,bound,0.160589067255049,0.1533723276007267,0.007216739654322318
qualification/cli02,H100,ENS-C,3,309,71.57799999997951,bound,0.160589067255049,0.1533990461789386,0.007190021076110414
qualification/cli02,H100,ENS-C,3,310,71.76599999994505,bound,0.160589067255049,0.1534791166230251,0.007109950632023909
qualification/cli02,H100,ENS-C,3,311,71.76599999994505,bound,0.160589067255049,0.15349167541847958,0.007097391836569433
qualification/cli02,H100,ENS-C,3,312,71.85999999998603,bound,0.160589067255049,0.1534929329961908,0.007096134258858217
qualification/cli02,H100,ENS-C,3,313,71.85999999998603,bound,0.160589067255049,0.15352931479333135,0.007059752461717667
qualification/cli02,H100,ENS-C,3,314,71.85999999998603,bound,0.160589067255049,0.15352960490091874,0.007059462354130269
qualification/cli02,H100,ENS-C,3,315,71.93799999996554,bound,0.160589067255049,0.1535318482938332,0.007057218961215805
qualification/cli02,H100,ENS-C,3,316,71.93799999996554,bound,0.160589067255049,0.15353495982375504,0.007054107431293977
qualification/cli02,H100,ENS-C,3,317,72.10999999998603,bound,0.160589067255049,0.1535386393526517,0.0070504279023973215
qualification/cli02,H100,ENS-C,3,318,72.10999999998603,bound,0.160589067255049,0.1535694374959885,0.007019629759060508
qualification/cli02,H100,ENS-C,3,319,72.15599999995902,bound,0.160589067255049,0.15357196876770193,0.007017098487347079
qualification/cli02,H100,ENS-C,3,320,72.15599999995902,bound,0.160589067255049,0.15358648229988117,0.00700258495516784
qualification/cli02,H100,ENS-C,3,321,72.21900000004098,bound,0.160589067255049,0.15362938660073827,0.00695968065431074
qualification/cli02,H100,ENS-C,3,322,72.21900000004098,bound,0.160589067255049,0.15364291789028303,0.00694614936476598
qualification/cli02,H100,ENS-C,3,323,72.21900000004098,bound,0.160589067255049,0.15373307161463576,0.006855995640413254
qualification/cli02,H100,ENS-C,3,324,72.28099999995902,bound,0.160589067255049,0.15376505809035912,0.006824009164689893
qualification/cli02,H100,ENS-C,3,325,72.28099999995902,bound,0.160589067255049,0.15380221020427184,0.0067868570507771675
qualification/cli02,H100,ENS-C,3,326,72.28099999995902,bound,0.160589067255049,0.15382855546271743,0.006760511792331586
qualification/cli02,H100,ENS-C,3,327,72.34400000004098,bound,0.160589067255049,0.15383376882474056,0.0067552984303084485
qualification/cli02,H100,ENS-C,3,328,72.34400000004098,bound,0.160589067255049,0.15386265260458828,0.006726414650460727
qualification/cli02,H100,ENS-C,3,329,72.42200000002049,bound,0.160589067255049,0.15386307661803075,0.006725990637018259
qualification/cli02,H100,ENS-C,3,330,72.48499999998603,bound,0.160589067255049,0.15386393475003965,0.0067251325050093624
qualification/cli02,H100,ENS-C,3,331,72.54700000002049,bound,0.160589067255049,0.15386864855335636,0.006720418701692654
qualification/cli02,H100,ENS-C,3,332,72.54700000002049,bound,0.160589067255049,0.15388598683921018,0.006703080415838836
qualification/cli02,H100,ENS-C,3,333,72.54700000002049,bound,0.160589067255049,0.15388889028614453,0.0067001769689044866
qualification/cli02,H100,ENS-C,3,334,72.54700000002049,bound,0.160589067255049,0.15391877179573416,0.006670295459314857
qualification/cli02,H100,ENS-C,3,335,72.60999999998603,bound,0.160589067255049,0.1539264867187867,0.006662580536262314
qualification/cli02,H100,ENS-C,3,336,72.60999999998603,bound,0.160589067255049,0.15393048687962868,0.006658580375420331
qualification/cli02,H100,ENS-C,3,337,72.67200000002049,bound,0.160589067255049,0.15395603163728597,0.0066330356177630445
qualification/cli02,H100,ENS-C,3,338,72.73499999998603,bound,0.160589067255049,0.15398035482808523,0.0066087124269637865
qualification/cli02,H100,ENS-C,3,339,72.73499999998603,bound,0.160589067255049,0.15398035568398852,0.006608711571060494
qualification/cli02,H100,ENS-C,3,340,72.79700000002049,bound,0.160589067255049,0.15399624946995166,0.006592817785097349
qualification/cli02,H100,ENS-C,3,341,72.85999999998603,bound,0.160589067255049,0.15401058527599948,0.006578481979049533
qualification/cli02,H100,ENS-C,3,342,72.85999999998603,bound,0.160589067255049,0.15401496501787135,0.006574102237177665
qualification/cli02,H100,ENS-C,3,343,72.92200000002049,bound,0.160589067255049,0.154043206976823,0.006545860278226012
qualification/cli02,H100,ENS-C,3,344,72.98499999998603,bound,0.160589067255049,0.15405833885432554,0.006530728400723468
qualification/cli02,H100,ENS-C,3,345,72.98499999998603,bound,0.160589067255049,0.15406609928068324,0.006522967974365773
qualification/cli02,H100,ENS-C,3,346,73.0,bound,0.160589067255049,0.15406947887167294,0.006519588383376074
qualification/cli02,H100,ENS-C,3,347,73.06299999996554,bound,0.160589067255049,0.15407231589057363,0.006516751364475382
qualification/cli02,H100,ENS-C,3,348,73.06299999996554,bound,0.160589067255049,0.15408084539046757,0.006508221864581443
qualification/cli02,H100,ENS-C,3,349,73.06299999996554,bound,0.160589067255049,0.15408909679070182,0.006499970464347193
qualification/cli02,H100,ENS-C,3,350,73.125,bound,0.160589067255049,0.15414862994020748,0.006440437314841535
qualification/cli02,H100,ENS-C,3,351,73.125,bound,0.160589067255049,0.15415450003146067,0.006434567223588344
qualification/cli02,H100,ENS-C,3,352,73.125,bound,0.160589067255049,0.1541865611413842,0.006402506113664802
qualification/cli02,H100,ENS-C,3,353,73.125,bound,0.160589067255049,0.15419325302955986,0.006395814225489155
qualification/cli02,H100,ENS-C,3,354,73.125,bound,0.160589067255049,0.15420720191244688,0.006381865342602128
qualification/cli02,H100,ENS-C,3,355,73.18799999996554,bound,0.160589067255049,0.15421246462507138,0.006376602629977635
qualification/cli02,H100,ENS-C,3,356,73.18799999996554,bound,0.160589067255049,0.15425996703950048,0.006329100215548528
qualification/cli02,H100,ENS-C,3,357,73.18799999996554,bound,0.160589067255049,0.15426428030725503,0.006324786947793981
qualification/cli02,H100,ENS-C,3,358,73.18799999996554,bound,0.160589067255049,0.15429651915430473,0.006292548100744283
qualification/cli02,H100,ENS-C,3,359,73.18799999996554,bound,0.160589067255049,0.15430027422440448,0.0062887930306445294
qualification/cli02,H100,ENS-C,3,360,73.18799999996554,bound,0.160589067255049,0.15432056915841658,0.0062684980966324355
qualification/cli02,H100,ENS-C,3,361,73.21900000004098,bound,0.160589067255049,0.15436414776195292,0.006224919493096087
qualification/cli02,H100,ENS-C,3,362,73.21900000004098,bound,0.160589067255049,0.1543833718493015,0.006205695405747502
qualification/cli02,H100,ENS-C,3,363,73.31299999996554,bound,0.160589067255049,0.15438511929888377,0.0062039479561652455
qualification/cli02,H100,ENS-C,3,364,73.31299999996554,bound,0.160589067255049,0.15439467407878688,0.006194393176262136
qualification/cli02,H100,ENS-C,3,365,73.39099999994505,bound,0.160589067255049,0.15441122366009805,0.006177843594950966
qualification/cli02,H100,ENS-C,3,366,73.45299999997951,bound,0.160589067255049,0.15442310264997944,0.006165964605069574
qualification/cli02,H100,ENS-C,3,367,73.45299999997951,bound,0.160589067255049,0.1544702899233046,0.006118777331744402
qualification/cli02,H100,ENS-C,3,368,73.45299999997951,bound,0.160589067255049,0.15448683272249852,0.006102234532550488
qualification/cli02,H100,ENS-C,3,369,73.45299999997951,bound,0.160589067255049,0.1544870475672283,0.006102019687820703
qualification/cli02,H100,ENS-C,3,370,73.53099999995902,bound,0.160589067255049,0.15449458806275362,0.006094479192295388
qualification/cli02,H100,ENS-C,3,371,73.54700000002049,bound,0.160589067255049,0.1544956024041498,0.006093464850899205
qualification/cli02,H100,ENS-C,3,372,73.67200000002049,bound,0.160589067255049,0.15450089975233283,0.00608816750271618
qualification/cli02,H100,ENS-C,3,373,73.67200000002049,bound,0.160589067255049,0.15450733154847954,0.006081735706569474
qualification/cli02,H100,ENS-C,3,374,73.73499999998603,bound,0.160589067255049,0.15459139428619026,0.005997672968858753
qualification/cli02,H100,ENS-C,3,375,73.73499999998603,bound,0.160589067255049,0.1545942477369644,0.005994819518084615
qualification/cli02,H100,ENS-C,3,376,73.93799999996554,bound,0.160589067255049,0.1546017566602219,0.0059873105948271
qualification/cli02,H100,ENS-C,3,377,74.0,bound,0.160589067255049,0.15460746993179106,0.005981597323257953
qualification/cli02,H100,ENS-C,3,378,74.0,bound,0.160589067255049,0.15463129275177928,0.0059577745032697305
qualification/cli02,H100,ENS-C,3,379,74.04700000002049,bound,0.160589067255049,0.154652275808309,0.005936791446740003
qualification/cli02,H100,ENS-C,3,380,74.04700000002049,bound,0.160589067255049,0.15466825536325782,0.0059208118917911945
qualification/cli02,H100,ENS-C,3,381,74.04700000002049,bound,0.160589067255049,0.15468934553168825,0.005899721723360757
qualification/cli02,H100,ENS-C,3,382,74.10999999998603,bound,0.160589067255049,0.15470084517192326,0.005888222083125755
qualification/cli02,H100,ENS-C,3,383,74.10999999998603,bound,0.160589067255049,0.15470787229579092,0.005881194959258096
qualification/cli02,H100,ENS-C,3,384,74.10999999998603,bound,0.160589067255049,0.15472443399279456,0.005864633262254448
qualification/cli02,H100,ENS-C,3,385,74.10999999998603,bound,0.160589067255049,0.1547710056938319,0.005818061561217114
qualification/cli02,H100,ENS-C,3,386,74.10999999998603,bound,0.160589067255049,0.1547788765621347,0.005810190692914302
qualification/cli02,H100,ENS-C,3,387,74.29700000002049,bound,0.160589067255049,0.15479575257074676,0.005793314684302248
qualification/cli02,H100,ENS-C,3,388,74.29700000002049,bound,0.160589067255049,0.154796949245757,0.005792118009292024
qualification/cli02,H100,ENS-C,3,389,74.29700000002049,bound,0.160589067255049,0.15481091438415306,0.005778152870895947
qualification/cli02,H100,ENS-C,3,390,74.29700000002049,bound,0.160589067255049,0.1548182939109406,0.005770773344108415
qualification/cli02,H100,ENS-C,3,391,74.35999999998603,bound,0.160589067255049,0.15483863571283427,0.005750431542214746
qualification/cli02,H100,ENS-C,3,392,74.35999999998603,bound,0.160589067255049,0.15486701953339152,0.005722047721657492
qualification/cli02,H100,ENS-C,3,393,74.40599999995902,bound,0.160589067255049,0.15487466775455222,0.005714399500496792
qualification/cli02,H100,ENS-C,3,394,74.48499999998603,bound,0.160589067255049,0.15489887752195403,0.005690189733094986
qualification/cli02,H100,ENS-C,3,395,74.48499999998603,bound,0.160589067255049,0.15492198771815005,0.005667079536898961
qualification/cli02,H100,ENS-C,3,396,74.56299999996554,bound,0.160589067255049,0.15492366563600504,0.005665401619043969
qualification/cli02,H100,ENS-C,3,397,74.56299999996554,bound,0.160589067255049,0.15492755859797142,0.005661508657077596
qualification/cli02,H100,ENS-C,3,398,74.64099999994505,bound,0.160589067255049,0.15492896519512442,0.005660102059924593
qualification/cli02,H100,ENS-C,3,399,74.64099999994505,bound,0.160589067255049,0.15492955448810564,0.005659512766943375
qualification/cli02,H100,ENS-C,3,400,74.64099999994505,bound,0.160589067255049,0.15495207348972442,0.005636993765324588
qualification/cli02,H100,ENS-C,3,401,74.64099999994505,bound,0.160589067255049,0.15497170684658207,0.005617360408466943
qualification/cli02,H100,ENS-C,3,402,74.64099999994505,bound,0.160589067255049,0.15497423794719217,0.005614829307856839
qualification/cli02,H100,ENS-C,3,403,74.70299999997951,bound,0.160589067255049,0.1549907008092012,0.005598366445847824
qualification/cli02,H100,ENS-C,3,404,74.70299999997951,bound,0.160589067255049,0.15499530223322067,0.005593765021828345
qualification/cli02,H100,ENS-C,3,405,74.70299999997951,bound,0.160589067255049,0.15501486830185007,0.005574198953198939
qualification/cli02,H100,ENS-C,3,406,74.70299999997951,bound,0.160589067255049,0.1550365634901271,0.005552503764921918
qualification/cli02,H100,ENS-C,3,407,74.70299999997951,bound,0.160589067255049,0.15505109750738316,0.00553796974766585
qualification/cli02,H100,ENS-C,3,408,74.70299999997951,bound,0.160589067255049,0.15505636457850722,0.005532702676541795
qualification/cli02,H100,ENS-C,3,409,74.78099999995902,bound,0.160589067255049,0.15505695957077342,0.005532107684275589
qualification/cli02,H100,ENS-C,3,410,74.78099999995902,bound,0.160589067255049,0.15506723575854578,0.005521831496503232
qualification/cli02,H100,ENS-C,3,411,74.84400000004098,bound,0.160589067255049,0.1550948435023462,0.005494223752702809
qualification/cli02,H100,ENS-C,3,412,74.84400000004098,bound,0.160589067255049,0.15510122051319758,0.005487846741851432
qualification/cli02,H100,ENS-C,3,413,74.90599999995902,bound,0.160589067255049,0.1551509611994731,0.005438106055575903
qualification/cli02,H100,ENS-C,3,414,74.90599999995902,bound,0.160589067255049,0.1551769865483681,0.005412080706680922
qualification/cli02,H100,ENS-C,3,415,74.90599999995902,bound,0.160589067255049,0.15520297050057158,0.005386096754477432
qualification/cli02,H100,ENS-C,3,416,74.90599999995902,bound,0.160589067255049,0.15521261084532118,0.005376456409727837
qualification/cli02,H100,ENS-C,3,417,74.96900000004098,bound,0.160589067255049,0.15522447901414846,0.005364588240900553
qualification/cli02,H100,ENS-C,3,418,75.0,bound,0.160589067255049,0.15522888270064164,0.005360184554407371
qualification/cli02,H100,ENS-C,3,419,75.06299999996554,bound,0.160589067255049,0.15524253709397245,0.005346530161076557
qualification/cli02,H100,ENS-C,3,420,75.06299999996554,bound,0.160589067255049,0.15526774744447344,0.00532131981057557
qualification/cli02,H100,ENS-C,3,421,75.06299999996554,bound,0.160589067255049,0.15529165674738635,0.005297410507662664
qualification/cli02,H100,ENS-C,3,422,75.125,bound,0.160589067255049,0.1553149059272765,0.005274161327772503
qualification/cli02,H100,ENS-C,3,423,75.125,bound,0.160589067255049,0.1553198043780476,0.005269262877001413
qualification/cli02,H100,ENS-C,3,424,75.125,bound,0.160589067255049,0.15535105852090525,0.005238008734143762
qualification/cli02,H100,ENS-C,3,425,75.18799999996554,bound,0.160589067255049,0.15537414098646696,0.005214926268582054
qualification/cli02,H100,ENS-C,3,426,75.18799999996554,bound,0.160589067255049,0.15539354972752914,0.005195517527519872
qualification/cli02,H100,ENS-C,3,427,75.18799999996554,bound,0.160589067255049,0.1554077961253835,0.005181271129665516
qualification/cli02,H100,ENS-C,3,428,75.18799999996554,bound,0.160589067255049,0.15543585032837615,0.005153216926672866
qualification/cli02,H100,ENS-C,3,429,75.18799999996554,bound,0.160589067255049,0.15545511482172503,0.005133952433323985
qualification/cli02,H100,ENS-C,3,430,75.18799999996554,bound,0.160589067255049,0.15550519575591337,0.005083871499135639
qualification/cli02,H100,ENS-C,3,431,75.18799999996554,bound,0.160589067255049,0.1555185593681328,0.005070507886916209
qualification/cli02,H100,ENS-C,3,432,75.26599999994505,bound,0.160589067255049,0.15555762347892654,0.005031443776122468
qualification/cli02,H100,ENS-C,3,433,75.26599999994505,bound,0.160589067255049,0.15556707619675672,0.005021991058292291
qualification/cli02,H100,ENS-C,3,434,75.26599999994505,bound,0.160589067255049,0.15559283864096035,0.00499622861408866
qualification/cli02,H100,ENS-C,3,435,75.26599999994505,bound,0.160589067255049,0.15559383570260635,0.004995231552442664
qualification/cli02,H100,ENS-C,3,436,75.32799999997951,bound,0.160589067255049,0.1556020109334457,0.004987056321603317
qualification/cli02,H100,ENS-C,3,437,75.32799999997951,bound,0.160589067255049,0.15560689303143505,0.0049821742236139666
qualification/cli02,H100,ENS-C,3,438,75.32799999997951,bound,0.160589067255049,0.15560798930475014,0.004981077950298868
qualification/cli02,H100,ENS-C,3,439,75.32799999997951,bound,0.160589067255049,0.155633586082725,0.004955481172324
qualification/cli02,H100,ENS-C,3,440,75.39099999994505,bound,0.160589067255049,0.1556399171747781,0.004949150080270914
qualification/cli02,H100,ENS-C,3,441,75.39099999994505,bound,0.160589067255049,0.15564176657287085,0.004947300682178163
qualification/cli02,H100,ENS-C,3,442,75.39099999994505,bound,0.160589067255049,0.15564858839094017,0.004940478864108838
qualification/cli02,H100,ENS-C,3,443,75.45299999997951,bound,0.160589067255049,0.15566266269073797,0.004926404564311038
qualification/cli02,H100,ENS-C,3,444,75.45299999997951,bound,0.160589067255049,0.1556643460639417,0.004924721191107317
qualification/cli02,H100,ENS-C,3,445,75.56299999996554,bound,0.160589067255049,0.15568065655439858,0.0049084107006504285
qualification/cli02,H100,ENS-C,3,446,75.625,bound,0.160589067255049,0.15568512242120455,0.004903944833844459
qualification/cli02,H100,ENS-C,3,447,75.625,bound,0.160589067255049,0.15568590264334242,0.00490316461170659
qualification/cli02,H100,ENS-C,3,448,75.78099999995902,bound,0.160589067255049,0.15569236109723827,0.004896706157810737
qualification/cli02,H100,ENS-C,3,449,75.78099999995902,bound,0.160589067255049,0.1557294276972237,0.004859639557825313
qualification/cli02,H100,ENS-C,3,450,75.78099999995902,bound,0.160589067255049,0.15575634110904568,0.00483272614600333
qualification/cli02,H100,ENS-C,3,451,75.78099999995902,bound,0.160589067255049,0.15576528380449436,0.004823783450554647
qualification/cli02,H100,ENS-C,3,452,75.78099999995902,bound,0.160589067255049,0.15578052198042536,0.0048085452746236546
qualification/cli02,H100,ENS-C,3,453,75.84400000004098,bound,0.160589067255049,0.15582299443124764,0.0047660728238013705
qualification/cli02,H100,ENS-C,3,454,75.84400000004098,bound,0.160589067255049,0.15582910976035025,0.004759957494698763
qualification/cli02,H100,ENS-C,3,455,75.89099999994505,bound,0.160589067255049,0.15583050794043024,0.004758559314618771
qualification/cli02,H100,ENS-C,3,456,75.89099999994505,bound,0.160589067255049,0.15583798516211939,0.004751082092929626
qualification/cli02,H100,ENS-C,3,457,75.95299999997951,bound,0.160589067255049,0.1558393914971063,0.004749675757942717
qualification/cli02,H100,ENS-C,3,458,75.95299999997951,bound,0.160589067255049,0.15585481552872527,0.004734251726323746
qualification/cli02,H100,ENS-C,3,459,76.01599999994505,bound,0.160589067255049,0.15585900665934724,0.004730060595701774
qualification/cli02,H100,ENS-C,3,460,76.03099999995902,bound,0.160589067255049,0.15586597461538568,0.004723092639663334
qualification/cli02,H100,ENS-C,3,461,76.15599999995902,bound,0.160589067255049,0.15589572382205777,0.004693343432991243
qualification/cli02,H100,ENS-C,3,462,76.15599999995902,bound,0.160589067255049,0.1559010843382347,0.004687982916814298
qualification/cli02,H100,ENS-C,3,463,76.15599999995902,bound,0.160589067255049,0.1559142043617391,0.0046748628933099
qualification/cli02,H100,ENS-C,3,464,76.15599999995902,bound,0.160589067255049,0.15591605083041596,0.004673016424633053
qualification/cli02,H100,ENS-C,3,465,76.15599999995902,bound,0.160589067255049,0.15596041481855213,0.004628652436496877
qualification/cli02,H100,ENS-C,3,466,76.21900000004098,bound,0.160589067255049,0.1559774048064231,0.004611662448625903
qualification/cli02,H100,ENS-C,3,467,76.21900000004098,bound,0.160589067255049,0.15598089235762147,0.004608174897427542
qualification/cli02,H100,ENS-C,3,468,76.29700000002049,bound,0.160589067255049,0.1560427103962371,0.004546356858811912
qualification/cli02,H100,ENS-C,3,469,76.29700000002049,bound,0.160589067255049,0.15605987069595345,0.004529196559095561
qualification/cli02,H100,ENS-C,3,470,76.29700000002049,bound,0.160589067255049,0.1560622275907085,0.004526839664340504
qualification/cli02,H100,ENS-C,3,471,76.29700000002049,bound,0.160589067255049,0.15607607593728412,0.004512991317764892
qualification/cli02,H100,ENS-C,3,472,76.34400000004098,bound,0.160589067255049,0.15609416955027053,0.004494897704778483
qualification/cli02,H100,ENS-C,3,473,76.34400000004098,bound,0.160589067255049,0.15610601892258677,0.004483048332462242
qualification/cli02,H100,ENS-C,3,474,76.40599999995902,bound,0.160589067255049,0.15612791242065405,0.004461154834394965
qualification/cli02,H100,ENS-C,3,475,76.46900000004098,bound,0.160589067255049,0.15613710617510465,0.004451961079944361
qualification/cli02,H100,ENS-C,3,476,76.46900000004098,bound,0.160589067255049,0.1561514184628335,0.004437648792215504
qualification/cli02,H100,ENS-C,3,477,76.57799999997951,bound,0.160589067255049,0.15615650483851404,0.004432562416534974
qualification/cli02,H100,ENS-C,3,478,76.67200000002049,bound,0.160589067255049,0.15618490040468214,0.004404166850366875
qualification/cli02,H100,ENS-C,3,479,76.67200000002049,bound,0.160589067255049,0.1561887852261157,0.0044002820289333056
qualification/cli02,H100,ENS-C,3,480,76.71900000004098,bound,0.160589067255049,0.15619534692229453,0.0043937203327544805
qualification/cli02,H100,ENS-C,3,481,76.71900000004098,bound,0.160589067255049,0.15620200934531112,0.004387057909737896
qualification/cli02,H100,ENS-C,3,482,76.71900000004098,bound,0.160589067255049,0.1562101565610199,0.004378910694029098
qualification/cli02,H100,ENS-C,3,483,76.73499999998603,bound,0.160589067255049,0.15621661423653027,0.0043724530185187405
qualification/cli02,H100,ENS-C,3,484,76.75,bound,0.160589067255049,0.15622091264220597,0.004368154612843039
qualification/cli02,H100,ENS-C,3,485,76.76599999994505,bound,0.160589067255049,0.15623109515764952,0.004357972097399493
qualification/cli02,H100,ENS-C,3,486,76.76599999994505,bound,0.160589067255049,0.1562543863325373,0.004334680922511713
qualification/cli02,H100,ENS-C,3,487,76.84400000004098,bound,0.160589067255049,0.15627868514705986,0.004310382107989147
qualification/cli02,H100,ENS-C,3,488,76.84400000004098,bound,0.160589067255049,0.15632173319181764,0.004267334063231376
qualification/cli02,H100,ENS-C,3,489,76.84400000004098,bound,0.160589067255049,0.15632458822462825,0.004264479030420765
qualification/cli02,H100,ENS-C,3,490,76.84400000004098,bound,0.160589067255049,0.15634329083467877,0.004245776420370245
qualification/cli02,H100,ENS-C,3,491,76.90599999995902,bound,0.160589067255049,0.15634590087038794,0.004243166384661073
qualification/cli02,H100,ENS-C,3,492,76.90599999995902,bound,0.160589067255049,0.15640135710941527,0.0041877101456337384
qualification/cli02,H100,ENS-C,3,493,76.90599999995902,bound,0.160589067255049,0.1564138169951625,0.00417525025988652
qualification/cli02,H100,ENS-C,3,494,76.96900000004098,bound,0.160589067255049,0.1564295772898436,0.004159489965205404
qualification/cli02,H100,ENS-C,3,495,76.96900000004098,bound,0.160589067255049,0.15643541217449827,0.004153655080550739
qualification/cli02,H100,ENS-C,3,496,76.96900000004098,bound,0.160589067255049,0.15643616417872366,0.004152903076325348
qualification/cli02,H100,ENS-C,3,497,76.96900000004098,bound,0.160589067255049,0.1564461761095339,0.00414289114551511
qualification/cli02,H100,ENS-C,3,498,76.96900000004098,bound,0.160589067255049,0.15644670758914647,0.00414235966590254
qualification/cli02,H100,ENS-C,3,499,76.96900000004098,bound,0.160589067255049,0.15645680381810984,0.004132263436939176
qualification/cli02,H100,ENS-C,3,500,76.96900000004098,bound,0.160589067255049,0.15646677408562332,0.004122293169425695
qualification/cli02,H100,ENS-C,3,501,76.96900000004098,bound,0.160589067255049,0.15648058495278866,0.004108482302260352
qualification/cli02,H100,ENS-C,3,502,76.96900000004098,bound,0.160589067255049,0.15649708235823423,0.004091984896814782
qualification/cli02,H100,ENS-C,3,503,76.96900000004098,bound,0.160589067255049,0.15653802806617464,0.004051039188874367
qualification/cli02,H100,ENS-C,3,504,77.09400000004098,bound,0.160589067255049,0.15659499214828201,0.003994075106766998
qualification/cli02,H100,ENS-C,3,505,77.09400000004098,bound,0.160589067255049,0.15660413006935642,0.003984937185692594
qualification/cli02,H100,ENS-C,3,506,77.09400000004098,bound,0.160589067255049,0.15661133173015435,0.0039777355248946655
qualification/cli02,H100,ENS-C,3,507,77.17200000002049,bound,0.160589067255049,0.15662923830872064,0.003959828946328375
qualification/cli02,H100,ENS-C,3,508,77.17200000002049,bound,0.160589067255049,0.1566343193909134,0.003954747864135605
qualification/cli02,H100,ENS-C,3,509,77.17200000002049,bound,0.160589067255049,0.15664525947744423,0.00394380777760478
qualification/cli02,H100,ENS-C,3,510,77.23499999998603,bound,0.160589067255049,0.15666877729625178,0.0039202899587972295
qualification/cli02,H100,ENS-C,3,511,77.23499999998603,bound,0.160589067255049,0.1566828019469851,0.0039062653080639
qualification/cli02,H100,ENS-C,3,512,77.23499999998603,bound,0.160589067255049,0.15670435116243592,0.003884716092613094
qualification/cli02,H100,ENS-C,3,513,77.23499999998603,bound,0.160589067255049,0.15671405427028523,0.0038750129847637815
qualification/cli02,H100,ENS-C,3,514,77.23499999998603,bound,0.160589067255049,0.1567408243877268,0.0038482428673222158
qualification/cli02,H100,ENS-C,3,515,77.23499999998603,bound,0.160589067255049,0.15678008327690296,0.003808983978146052
qualification/cli02,H100,ENS-C,3,516,77.23499999998603,bound,0.160589067255049,0.15684201633800215,0.003747050917046857
qualification/cli02,H100,ENS-C,3,517,77.29700000002049,bound,0.160589067255049,0.15684483315262157,0.0037442341024274406
qualification/cli02,H100,ENS-C,3,518,77.35999999998603,bound,0.160589067255049,0.15687643703361648,0.0037126302214325335
qualification/cli02,H100,ENS-C,3,519,77.35999999998603,bound,0.160589067255049,0.15694153861032523,0.0036475286447237854
qualification/cli02,H100,ENS-C,3,520,77.35999999998603,bound,0.160589067255049,0.15696158729311663,0.003627479961932384
qualification/cli02,H100,ENS-C,3,521,77.35999999998603,bound,0.160589067255049,0.15697051720516453,0.0036185500498844836
qualification/cli02,H100,ENS-C,3,522,77.40599999995902,bound,0.160589067255049,0.15697175915397674,0.003617308101072275
qualification/cli02,H100,ENS-C,3,523,77.40599999995902,bound,0.160589067255049,0.15697360781270056,0.003615459442348451
qualification/cli02,H100,ENS-C,3,524,77.46900000004098,bound,0.160589067255049,0.15697380672570638,0.0036152605293426343
qualification/cli02,H100,ENS-C,3,525,77.53099999995902,bound,0.160589067255049,0.15698305535334245,0.003606011901706563
qualification/cli02,H100,ENS-C,3,526,77.53099999995902,bound,0.160589067255049,0.15706025426425363,0.0035288129907953825
qualification/cli02,H100,ENS-C,3,527,77.59400000004098,bound,0.160589067255049,0.15706962808896818,0.003519439166080829
qualification/cli02,H100,ENS-C,3,528,77.65599999995902,bound,0.160589067255049,0.15708694158028802,0.003502125674760992
qualification/cli02,H100,ENS-C,3,529,77.65599999995902,bound,0.160589067255049,0.15709408092707805,0.0034949863279709614
qualification/cli02,H100,ENS-C,3,530,77.65599999995902,bound,0.160589067255049,0.15710164424364387,0.003487423011405144
qualification/cli02,H100,ENS-C,3,531,77.71900000004098,bound,0.160589067255049,0.1571083105467676,0.0034807567082814073
qualification/cli02,H100,ENS-C,3,532,77.71900000004098,bound,0.160589067255049,0.1571147359791459,0.003474331275903103
qualification/cli02,H100,ENS-C,3,533,77.71900000004098,bound,0.160589067255049,0.15714833859500082,0.0034407286600481868
qualification/cli02,H100,ENS-C,3,534,77.78099999995902,bound,0.160589067255049,0.15714854263468367,0.003440524620365343
qualification/cli02,H100,ENS-C,3,535,77.78099999995902,bound,0.160589067255049,0.15717031426253336,0.00341875299251565
qualification/cli02,H100,ENS-C,3,536,77.84400000004098,bound,0.160589067255049,0.15717273217130362,0.003416335083745392
qualification/cli02,H100,ENS-C,3,537,77.84400000004098,bound,0.160589067255049,0.1571794573428067,0.0034096099122423174
qualification/cli02,H100,ENS-C,3,538,77.84400000004098,bound,0.160589067255049,0.15719170339655805,0.0033973638584909593
qualification/cli02,H100,ENS-C,3,539,77.90599999995902,bound,0.160589067255049,0.1571990482454829,0.00339001900956612
qualification/cli02,H100,ENS-C,3,540,77.90599999995902,bound,0.160589067255049,0.15721756402504866,0.00337150323000035
qualification/cli02,H100,ENS-C,3,541,77.90599999995902,bound,0.160589067255049,0.157266447831762,0.0033226194232870154
qualification/cli02,H100,ENS-C,3,542,77.90599999995902,bound,0.160589067255049,0.15727904471306792,0.0033100225419810947
qualification/cli02,H100,ENS-C,3,543,77.90599999995902,bound,0.160589067255049,0.15728663297703377,0.0033024342780152427
qualification/cli02,H100,ENS-C,3,544,77.90599999995902,bound,0.160589067255049,0.15729056987377996,0.0032984973812690555
qualification/cli02,H100,ENS-C,3,545,77.92200000002049,bound,0.160589067255049,0.15729383842994576,0.003295228825103247
qualification/cli02,H100,ENS-C,3,546,78.03099999995902,bound,0.160589067255049,0.1572966650022483,0.0032924022528007246
qualification/cli02,H100,ENS-C,3,547,78.03099999995902,bound,0.160589067255049,0.15730252901424968,0.0032865382407993304
qualification/cli02,H100,ENS-C,3,548,78.03099999995902,bound,0.160589067255049,0.15730598427951828,0.0032830829755307323
qualification/cli02,H100,ENS-C,3,549,78.10999999998603,bound,0.160589067255049,0.157324916833411,0.0032641504216380235
qualification/cli02,H100,ENS-C,3,550,78.10999999998603,bound,0.160589067255049,0.15732990907524644,0.0032591581798025737
qualification/cli02,H100,ENS-C,3,551,78.10999999998603,bound,0.160589067255049,0.15734050670099228,0.0032485605540567286
qualification/cli02,H100,ENS-C,3,552,78.10999999998603,bound,0.160589067255049,0.15734914067764852,0.0032399265774004926
qualification/cli02,H100,ENS-C,3,553,78.10999999998603,bound,0.160589067255049,0.15734998766055824,0.003239079594490768
qualification/cli02,H100,ENS-C,3,554,78.10999999998603,bound,0.160589067255049,0.1573609934597269,0.0032280737953221117
qualification/cli02,H100,ENS-C,3,555,78.10999999998603,bound,0.160589067255049,0.15737328199666012,0.0032157852583888924
qualification/cli02,H100,ENS-C,3,556,78.10999999998603,bound,0.160589067255049,0.15739797812106746,0.003191089133981556
qualification/cli02,H100,ENS-C,3,557,78.10999999998603,bound,0.160589067255049,0.15740582982068535,0.0031832374343636616
qualification/cli02,H100,ENS-C,3,558,78.10999999998603,bound,0.160589067255049,0.1574110470491043,0.0031780202059447094
qualification/cli02,H100,ENS-C,3,559,78.10999999998603,bound,0.160589067255049,0.15742700540342153,0.0031620618516274845
qualification/cli02,H100,ENS-C,3,560,78.10999999998603,bound,0.160589067255049,0.15743535394241998,0.003153713312629036
qualification/cli02,H100,ENS-C,3,561,78.17200000002049,bound,0.160589067255049,0.15745912512222382,0.003129942132825192
qualification/cli02,H100,ENS-C,3,562,78.17200000002049,bound,0.160589067255049,0.1574685231910882,0.0031205440639608117
qualification/cli02,H100,ENS-C,3,563,78.20299999997951,bound,0.160589067255049,0.15746991034581032,0.003119156909238696
qualification/cli02,H100,ENS-C,3,564,78.26599999994505,bound,0.160589067255049,0.15747217521440982,0.0031168920406391964
qualification/cli02,H100,ENS-C,3,565,78.26599999994505,bound,0.160589067255049,0.15752806009163933,0.003061007163409679
qualification/cli02,H100,ENS-C,3,566,78.34400000004098,bound,0.160589067255049,0.15754754022700998,0.0030415270280390316
qualification/cli02,H100,ENS-C,3,567,78.34400000004098,bound,0.160589067255049,0.15755232198002003,0.003036745275028979
qualification/cli02,H100,ENS-C,3,568,78.34400000004098,bound,0.160589067255049,0.15757798018318228,0.0030110870718667304
qualification/cli02,H100,ENS-C,3,569,78.78099999995902,bound,0.160589067255049,0.1575890048267494,0.0030000624282996158
qualification/cli02,H100,ENS-C,3,570,78.78099999995902,bound,0.160589067255049,0.15759698716607626,0.002992080088972754
qualification/cli02,H100,ENS-C,3,571,78.92200000002049,bound,0.160589067255049,0.15763848218349802,0.002950585071550993
qualification/cli02,H100,ENS-C,3,572,78.92200000002049,bound,0.160589067255049,0.15764608326556817,0.0029429839894808407
qualification/cli02,H100,ENS-C,3,573,78.98499999998603,bound,0.160589067255049,0.15766094425807098,0.002928122996978033
qualification/cli02,H100,ENS-C,3,574,78.98499999998603,bound,0.160589067255049,0.15768811007729963,0.0029009571777493803
qualification/cli02,H100,ENS-C,3,575,78.98499999998603,bound,0.160589067255049,0.15770619502610522,0.002882872228943789
qualification/cli02,H100,ENS-C,3,576,78.98499999998603,bound,0.160589067255049,0.15773382007476466,0.002855247180284348
qualification/cli02,H100,ENS-C,3,577,79.04700000002049,bound,0.160589067255049,0.15776403125203212,0.0028250360030168953
qualification/cli02,H100,ENS-C,3,578,79.04700000002049,bound,0.160589067255049,0.15776572262287739,0.002823344632171626
qualification/cli02,H100,ENS-C,3,579,79.04700000002049,bound,0.160589067255049,0.15776763255497064,0.002821434700078368
qualification/cli02,H100,ENS-C,3,580,79.04700000002049,bound,0.160589067255049,0.15777263260319802,0.0028164346518509964
qualification/cli02,H100,ENS-C,3,581,79.04700000002049,bound,0.160589067255049,0.15777901902840583,0.002810048226643186
qualification/cli02,H100,ENS-C,3,582,79.04700000002049,bound,0.160589067255049,0.15778659065747785,0.0028024765975711574
qualification/cli02,H100,ENS-C,3,583,79.10999999998603,bound,0.160589067255049,0.15779108491402138,0.0027979823410276272
qualification/cli02,H100,ENS-C,3,584,79.10999999998603,bound,0.160589067255049,0.15779595918894615,0.0027931080661028618
qualification/cli02,H100,ENS-C,3,585,79.10999999998603,bound,0.160589067255049,0.15779744498619902,0.0027916222688499914
qualification/cli02,H100,ENS-C,3,586,79.10999999998603,bound,0.160589067255049,0.15779747639862152,0.002791590856427495
qualification/cli02,H100,ENS-C,3,587,79.10999999998603,bound,0.160589067255049,0.15780033145376438,0.0027887358012846364
qualification/cli02,H100,ENS-C,3,588,79.10999999998603,bound,0.160589067255049,0.15781603360275628,0.002773033652292728
qualification/cli02,H100,ENS-C,3,589,79.10999999998603,bound,0.160589067255049,0.15781886785915397,0.00277019939589504
qualification/cli02,H100,ENS-C,3,590,79.10999999998603,bound,0.160589067255049,0.15783123374726182,0.0027578335077871885
qualification/cli02,H100,ENS-C,3,591,79.17200000002049,bound,0.160589067255049,0.15784053768712283,0.002748529567926178
qualification/cli02,H100,ENS-C,3,592,79.17200000002049,bound,0.160589067255049,0.1578473250121976,0.002741742242851425
qualification/cli02,H100,ENS-C,3,593,79.17200000002049,bound,0.160589067255049,0.1578548222618537,0.0027342449931953006
qualification/cli02,H100,ENS-C,3,594,79.25,bound,0.160589067255049,0.1578560728304212,0.0027329944246278215
qualification/cli02,H100,ENS-C,3,595,79.25,bound,0.160589067255049,0.15786510558562292,0.002723961669426095
qualification/cli02,H100,ENS-C,3,596,79.25,bound,0.160589067255049,0.15786981451293905,0.002719252742109962
qualification/cli02,H100,ENS-C,3,597,79.31299999996554,bound,0.160589067255049,0.15790014727909657,0.002688919975952442
qualification/cli02,H100,ENS-C,3,598,79.31299999996554,bound,0.160589067255049,0.15790721128828392,0.0026818559667650954
qualification/cli02,H100,ENS-C,3,599,79.31299999996554,bound,0.160589067255049,0.15792026177813134,0.0026688054769176683
qualification/cli02,H100,ENS-C,3,600,79.375,bound,0.160589067255049,0.15792155390965923,0.0026675133453897826
qualification/cli02,H100,ENS-C,3,601,79.375,bound,0.160589067255049,0.1579235198127874,0.0026655474422616066
qualification/cli02,H100,ENS-C,3,602,79.375,bound,0.160589067255049,0.15793247785022993,0.002656589404819082
qualification/cli02,H100,ENS-C,3,603,79.375,bound,0.160589067255049,0.15793520731259345,0.0026538599424555664
qualification/cli02,H100,ENS-C,3,604,79.43799999996554,bound,0.160589067255049,0.15793583181855972,0.002653235436489293
qualification/cli02,H100,ENS-C,3,605,79.43799999996554,bound,0.160589067255049,0.15798323457367872,0.002605832681370296
qualification/cli02,H100,ENS-C,3,606,79.43799999996554,bound,0.160589067255049,0.15799067313820883,0.0025983941168401803
qualification/cli02,H100,ENS-C,3,607,79.43799999996554,bound,0.160589067255049,0.15799739108127991,0.0025916761737690974
qualification/cli02,H100,ENS-C,3,608,79.5,bound,0.160589067255049,0.15800128460647764,0.002587782648571374
qualification/cli02,H100,ENS-C,3,609,79.5,bound,0.160589067255049,0.15800445818917636,0.002584609065872656
qualification/cli02,H100,ENS-C,3,610,79.5,bound,0.160589067255049,0.15800552680384375,0.002583540451205263
qualification/cli02,H100,ENS-C,3,611,79.60999999998603,bound,0.160589067255049,0.15800554997884209,0.002583517276206926
qualification/cli02,H100,ENS-C,3,612,79.60999999998603,bound,0.160589067255049,0.1580055753068942,0.002583491948154798
qualification/cli02,H100,ENS-C,3,613,79.60999999998603,bound,0.160589067255049,0.15800733834243183,0.0025817289126171816
qualification/cli02,H100,ENS-C,3,614,79.60999999998603,bound,0.160589067255049,0.1580150549664827,0.002574012288566324
qualification/cli02,H100,ENS-C,3,615,79.67200000002049,bound,0.160589067255049,0.1580176569312502,0.0025714103237988173
qualification/cli02,H100,ENS-C,3,616,79.67200000002049,bound,0.160589067255049,0.1580214217327251,0.0025676455223239136
qualification/cli02,H100,ENS-C,3,617,79.71900000004098,bound,0.160589067255049,0.15804415234699243,0.0025449149080565836
qualification/cli02,H100,ENS-C,3,618,79.71900000004098,bound,0.160589067255049,0.15805125877083762,0.0025378084842113957
qualification/cli02,H100,ENS-C,3,619,79.71900000004098,bound,0.160589067255049,0.15805461891080336,0.0025344483442456545
qualification/cli02,H100,ENS-C,3,620,79.71900000004098,bound,0.160589067255049,0.15807973630275987,0.0025093309522891405
qualification/cli02,H100,ENS-C,3,621,79.79700000002049,bound,0.160589067255049,0.1580832175735978,0.0025058496814512055
qualification/cli02,H100,ENS-C,3,622,79.79700000002049,bound,0.160589067255049,0.15813273565133829,0.0024563316037107263
qualification/cli02,H100,ENS-C,3,623,79.79700000002049,bound,0.160589067255049,0.158149434392438,0.0024396328626110075
qualification/cli02,H100,ENS-C,3,624,79.79700000002049,bound,0.160589067255049,0.1581951548021706,0.0023939124528783995
qualification/cli02,H100,ENS-C,3,625,79.79700000002049,bound,0.160589067255049,0.15821042136633115,0.002378645888717862
qualification/cli02,H100,ENS-C,3,626,79.79700000002049,bound,0.160589067255049,0.15821374370594943,0.002375323549099584
qualification/cli02,H100,ENS-C,3,627,79.79700000002049,bound,0.160589067255049,0.15822689787510133,0.0023621693799476817
qualification/cli02,H100,ENS-C,3,628,79.79700000002049,bound,0.160589067255049,0.15824017521307807,0.002348892041970946
qualification/cli02,H100,ENS-C,3,629,79.79700000002049,bound,0.160589067255049,0.15824020712054446,0.0023488601345045546
qualification/cli02,H100,ENS-C,3,630,79.85999999998603,bound,0.160589067255049,0.15824298812829732,0.0023460791267516934
qualification/cli02,H100,ENS-C,3,631,79.85999999998603,bound,0.160589067255049,0.15824588789486785,0.0023431793601811635
qualification/cli02,H100,ENS-C,3,632,79.85999999998603,bound,0.160589067255049,0.15826275237991702,0.0023263148751319906
qualification/cli02,H100,ENS-C,3,633,79.85999999998603,bound,0.160589067255049,0.1582637679226724,0.0023252993323766014
qualification/cli02,H100,ENS-C,3,634,79.85999999998603,bound,0.160589067255049,0.15827367910390872,0.0023153881511402963
qualification/cli02,H100,ENS-C,3,635,79.85999999998603,bound,0.160589067255049,0.15828261559946458,0.002306451655584435
qualification/cli02,H100,ENS-C,3,636,79.85999999998603,bound,0.160589067255049,0.15830241853253532,0.00228664872251369
qualification/cli02,H100,ENS-C,3,637,79.92200000002049,bound,0.160589067255049,0.15833424260468154,0.0022548246503674707
qualification/cli02,H100,ENS-C,3,638,79.92200000002049,bound,0.160589067255049,0.15833443012182422,0.002254637133224796
qualification/cli02,H100,ENS-C,3,639,79.92200000002049,bound,0.160589067255049,0.15834498438218111,0.0022440828728678974
qualification/cli02,H100,ENS-C,3,640,79.92200000002049,bound,0.160589067255049,0.15836884392696982,0.002220223328079196
qualification/cli02,H100,ENS-C,3,641,80.0,bound,0.160589067255049,0.15837162683323452,0.002217440421814487
qualification/cli02,H100,ENS-C,3,642,80.0,bound,0.160589067255049,0.1583719079963573,0.0022171592586917033
qualification/cli02,H100,ENS-C,3,643,80.0,bound,0.160589067255049,0.15837835358655747,0.002210713668491543
qualification/cli02,H100,ENS-C,3,644,80.06299999996554,bound,0.160589067255049,0.15837896808908034,0.0022100991659686764
qualification/cli02,H100,ENS-C,3,645,80.06299999996554,bound,0.160589067255049,0.158383239081372,0.0022058281736770102
qualification/cli02,H100,ENS-C,3,646,80.06299999996554,bound,0.160589067255049,0.15838503996271347,0.002204027292335542
qualification/cli02,H100,ENS-C,3,647,80.10999999998603,bound,0.160589067255049,0.15839048926213461,0.0021985779929143967
qualification/cli02,H100,ENS-C,3,648,80.10999999998603,bound,0.160589067255049,0.15841643855061555,0.002172628704433466
qualification/cli02,H100,ENS-C,3,649,80.17200000002049,bound,0.160589067255049,0.15841678719199262,0.002172280063056392
qualification/cli02,H100,ENS-C,3,650,80.17200000002049,bound,0.160589067255049,0.1584203784727902,0.0021686887822588152
qualification/cli02,H100,ENS-C,3,651,80.17200000002049,bound,0.160589067255049,0.15842378942462043,0.0021652778304285802
qualification/cli02,H100,ENS-C,3,652,80.23499999998603,bound,0.160589067255049,0.15842432862430744,0.0021647386307415695
qualification/cli02,H100,ENS-C,3,653,80.23499999998603,bound,0.160589067255049,0.15843067163055516,0.002158395624493853
qualification/cli02,H100,ENS-C,3,654,80.25,bound,0.160589067255049,0.15844551478886665,0.0021435524661823635
qualification/cli02,H100,ENS-C,3,655,80.25,bound,0.160589067255049,0.1584550491757112,0.0021340180793378016
qualification/cli02,H100,ENS-C,3,656,80.32799999997951,bound,0.160589067255049,0.15848689515320083,0.002102172101848182
qualification/cli02,H100,ENS-C,3,657,80.32799999997951,bound,0.160589067255049,0.1584898123503153,0.0020992549047336995
qualification/cli02,H100,ENS-C,3,658,80.32799999997951,bound,0.160589067255049,0.15849896723587786,0.0020901000191711483
qualification/cli02,H100,ENS-C,3,659,80.32799999997951,bound,0.160589067255049,0.15850490292766178,0.002084164327387228
qualification/cli02,H100,ENS-C,3,660,80.39099999994505,bound,0.160589067255049,0.1585196399353659,0.002069427319683098
qualification/cli02,H100,ENS-C,3,661,80.39099999994505,bound,0.160589067255049,0.1585203632096395,0.002068704045409514
qualification/cli02,H100,ENS-C,3,662,80.39099999994505,bound,0.160589067255049,0.15852185478616604,0.002067212468882973
qualification/cli02,H100,ENS-C,3,663,80.42200000002049,bound,0.160589067255049,0.15852430466807674,0.002064762586972274
qualification/cli02,H100,ENS-C,3,664,80.42200000002049,bound,0.160589067255049,0.15853294687865263,0.002056120376396381
qualification/cli02,H100,ENS-C,3,665,80.42200000002049,bound,0.160589067255049,0.15853656394476454,0.002052503310284476
qualification/cli02,H100,ENS-C,3,666,80.42200000002049,bound,0.160589067255049,0.1585561693429847,0.0020328979120643187
qualification/cli02,H100,ENS-C,3,667,80.48499999998603,bound,0.160589067255049,0.15856653646433225,0.0020225307907167644
qualification/cli02,H100,ENS-C,3,668,80.48499999998603,bound,0.160589067255049,0.15856656859849808,0.002022498656550936
qualification/cli02,H100,ENS-C,3,669,80.48499999998603,bound,0.160589067255049,0.15857944116416187,0.0020096260908871455
qualification/cli02,H100,ENS-C,3,670,80.48499999998603,bound,0.160589067255049,0.1586112034564241,0.0019778637986249126
qualification/cli02,H100,ENS-C,3,671,80.48499999998603,bound,0.160589067255049,0.15863046483859408,0.00195860241645493
qualification/cli02,H100,ENS-C,3,672,80.48499999998603,bound,0.160589067255049,0.15865130208912576,0.0019377651659232553
qualification/cli02,H100,ENS-C,3,673,80.48499999998603,bound,0.160589067255049,0.15865316208322813,0.0019359051718208786
qualification/cli02,H100,ENS-C,3,674,80.48499999998603,bound,0.160589067255049,0.15865605903522778,0.0019330082198212306
qualification/cli02,H100,ENS-C,3,675,80.48499999998603,bound,0.160589067255049,0.15868836212193488,0.0019007051331141334
qualification/cli02,H100,ENS-C,3,676,80.51599999994505,bound,0.160589067255049,0.1587045989422151,0.001884468312833898
qualification/cli02,H100,ENS-C,3,677,80.51599999994505,bound,0.160589067255049,0.1587075533436607,0.0018815139113882995
qualification/cli02,H100,ENS-C,3,678,80.57799999997951,bound,0.160589067255049,0.15873156117150528,0.0018575060835437363
qualification/cli02,H100,ENS-C,3,679,80.57799999997951,bound,0.160589067255049,0.15873209260426555,0.0018569746507834661
qualification/cli02,H100,ENS-C,3,680,80.57799999997951,bound,0.160589067255049,0.15873441444439865,0.0018546528106503646
qualification/cli02,H100,ENS-C,3,681,80.57799999997951,bound,0.160589067255049,0.15876380502468934,0.00182526223035967
qualification/cli02,H100,ENS-C,3,682,80.57799999997951,bound,0.160589067255049,0.1587657539705283,0.0018233132845207056
qualification/cli02,H100,ENS-C,3,683,80.57799999997951,bound,0.160589067255049,0.15876890437884494,0.0018201628762040678
qualification/cli02,H100,ENS-C,3,684,80.65599999995902,bound,0.160589067255049,0.15879529282164173,0.0017937744334072803
qualification/cli02,H100,ENS-C,3,685,80.65599999995902,bound,0.160589067255049,0.1588020952994964,0.0017869719555526076
qualification/cli02,H100,ENS-C,3,686,80.65599999995902,bound,0.160589067255049,0.15882261448987053,0.0017664527651784778
qualification/cli02,H100,ENS-C,3,687,80.71900000004098,bound,0.160589067255049,0.15882505713841522,0.0017640101166337963
qualification/cli02,H100,ENS-C,3,688,80.71900000004098,bound,0.160589067255049,0.15883109894583564,0.0017579683092133758
qualification/cli02,H100,ENS-C,3,689,80.71900000004098,bound,0.160589067255049,0.15883125527869482,0.00175781197635419
qualification/cli02,H100,ENS-C,3,690,80.71900000004098,bound,0.160589067255049,0.15883373742961332,0.001755329825435692
qualification/cli02,H100,ENS-C,3,691,80.71900000004098,bound,0.160589067255049,0.15883657495663417,0.0017524922984148428
qualification/cli02,H100,ENS-C,3,692,80.71900000004098,bound,0.160589067255049,0.15884041447753475,0.0017486527775142646
qualification/cli02,H100,ENS-C,3,693,80.78099999995902,bound,0.160589067255049,0.15884677318846033,0.0017422940665886844
qualification/cli02,H100,ENS-C,3,694,80.78099999995902,bound,0.160589067255049,0.1588470824868112,0.0017419847682378087
qualification/cli02,H100,ENS-C,3,695,80.78099999995902,bound,0.160589067255049,0.1588496884769021,0.0017393787781469217
qualification/cli02,H100,ENS-C,3,696,80.81299999996554,bound,0.160589067255049,0.15887545311848722,0.0017136141365617918
qualification/cli02,H100,ENS-C,3,697,80.81299999996554,bound,0.160589067255049,0.1588770843871535,0.0017119828678955062
qualification/cli02,H100,ENS-C,3,698,80.875,bound,0.160589067255049,0.15890286726254008,0.0016861999925089355
qualification/cli02,H100,ENS-C,3,699,80.875,bound,0.160589067255049,0.15890564661144777,0.0016834206436012467
qualification/cli02,H100,ENS-C,3,700,80.875,bound,0.160589067255049,0.15890576404500698,0.0016833032100420364
qualification/cli02,H100,ENS-C,3,701,80.875,bound,0.160589067255049,0.1589069304395588,0.0016821368154902039
qualification/cli02,H100,ENS-C,3,702,80.93799999996554,bound,0.160589067255049,0.15890899022688018,0.0016800770281688304
qualification/cli02,H100,ENS-C,3,703,80.93799999996554,bound,0.160589067255049,0.15891276116086694,0.0016763060941820673
qualification/cli02,H100,ENS-C,3,704,80.93799999996554,bound,0.160589067255049,0.15893269600616358,0.0016563712488854299
qualification/cli02,H100,ENS-C,3,705,80.93799999996554,bound,0.160589067255049,0.15893271496376318,0.0016563522912858286
qualification/cli02,H100,ENS-C,3,706,80.93799999996554,bound,0.160589067255049,0.1589402655687498,0.0016488016862992172
qualification/cli02,H100,ENS-C,3,707,81.01599999994505,bound,0.160589067255049,0.15894175467233723,0.0016473125827117796
qualification/cli02,H100,ENS-C,3,708,81.01599999994505,bound,0.160589067255049,0.1589579649232705,0.0016311023317785167
qualification/cli02,H100,ENS-C,3,709,81.01599999994505,bound,0.160589067255049,0.15896000858820278,0.0016290586668462337
qualification/cli02,H100,ENS-C,3,710,81.01599999994505,bound,0.160589067255049,0.15896106399463839,0.0016280032604106265
qualification/cli02,H100,ENS-C,3,711,81.01599999994505,bound,0.160589067255049,0.15898213279625978,0.0016069344587892331
qualification/cli02,H100,ENS-C,3,712,81.07799999997951,bound,0.160589067255049,0.15898237419132952,0.0016066930637194943
qualification/cli02,H100,ENS-C,3,713,81.07799999997951,bound,0.160589067255049,0.15899520400320452,0.0015938632518444906
qualification/cli02,H100,ENS-C,3,714,81.07799999997951,bound,0.160589067255049,0.1589963406775729,0.0015927265774761112
qualification/cli02,H100,ENS-C,3,715,81.07799999997951,bound,0.160589067255049,0.15900436806005316,0.0015846991949958478
qualification/cli02,H100,ENS-C,3,716,81.14099999994505,bound,0.160589067255049,0.1590061683636653,0.001582898891383716
qualification/cli02,H100,ENS-C,3,717,81.14099999994505,bound,0.160589067255049,0.15900698452570322,0.0015820827293457906
qualification/cli02,H100,ENS-C,3,718,81.14099999994505,bound,0.160589067255049,0.15900767930203835,0.00158138795301066
qualification/cli02,H100,ENS-C,3,719,81.14099999994505,bound,0.160589067255049,0.15900844876834677,0.00158061848670224
qualification/cli02,H100,ENS-C,3,720,81.20299999997951,bound,0.160589067255049,0.15901181956432264,0.0015772476907263688
qualification/cli02,H100,ENS-C,3,721,81.20299999997951,bound,0.160589067255049,0.15901463264933147,0.0015744346057175451
qualification/cli02,H100,ENS-C,3,722,81.20299999997951,bound,0.160589067255049,0.15901864605420776,0.0015704212008412488
qualification/cli02,H100,ENS-C,3,723,81.20299999997951,bound,0.160589067255049,0.15906288844915448,0.0015261788058945347
qualification/cli02,H100,ENS-C,3,724,81.20299999997951,bound,0.160589067255049,0.15906522282236824,0.0015238444326807765
qualification/cli02,H100,ENS-C,3,725,81.20299999997951,bound,0.160589067255049,0.15907869859479387,0.0015103686602551403
qualification/cli02,H100,ENS-C,3,726,81.26599999994505,bound,0.160589067255049,0.15908084931764513,0.0015082179374038829
qualification/cli02,H100,ENS-C,3,727,81.26599999994505,bound,0.160589067255049,0.159094758708902,0.0014943085461470162
qualification/cli02,H100,ENS-C,3,728,81.26599999994505,bound,0.160589067255049,0.159099695621103,0.001489371633946024
qualification/cli02,H100,ENS-C,3,729,81.26599999994505,bound,0.160589067255049,0.15910233245125907,0.0014867348037899408
qualification/cli02,H100,ENS-C,3,730,81.26599999994505,bound,0.160589067255049,0.15910522986262834,0.0014838373924206671
qualification/cli02,H100,ENS-C,3,731,81.26599999994505,bound,0.160589067255049,0.15910825588266672,0.0014808113723822902
qualification/cli02,H100,ENS-C,3,732,81.26599999994505,bound,0.160589067255049,0.15911132373509923,0.0014777435199497813
qualification/cli02,H100,ENS-C,3,733,81.26599999994505,bound,0.160589067255049,0.15912193677253542,0.0014671304825135956
qualification/cli02,H100,ENS-C,3,734,81.26599999994505,bound,0.160589067255049,0.15912330756948692,0.0014657596855620902
qualification/cli02,H100,ENS-C,3,735,81.34400000004098,bound,0.160589067255049,0.15912728965327502,0.0014617776017739892
qualification/cli02,H100,ENS-C,3,736,81.34400000004098,bound,0.160589067255049,0.15912898700459013,0.0014600802504588783
qualification/cli02,H100,ENS-C,3,737,81.34400000004098,bound,0.160589067255049,0.15913470713049935,0.001454360124549664
qualification/cli02,H100,ENS-C,3,738,81.34400000004098,bound,0.160589067255049,0.15913602437133215,0.0014530428837168652
qualification/cli02,H100,ENS-C,3,739,81.34400000004098,bound,0.160589067255049,0.1591398491240828,0.0014492181309662122
qualification/cli02,H100,ENS-C,3,740,81.34400000004098,bound,0.160589067255049,0.1591574781250012,0.0014315891300478167
qualification/cli02,H100,ENS-C,3,741,81.34400000004098,bound,0.160589067255049,0.15916286265612994,0.0014262045989190675
qualification/cli02,H100,ENS-C,3,742,81.34400000004098,bound,0.160589067255049,0.15916838767302052,0.001420679582028489
qualification/cli02,H100,ENS-C,3,743,81.40599999995902,bound,0.160589067255049,0.1591782154617018,0.001410851793347212
qualification/cli02,H100,ENS-C,3,744,81.40599999995902,bound,0.160589067255049,0.15919585262600663,0.0013932146290423775
qualification/cli02,H100,ENS-C,3,745,81.40599999995902,bound,0.160589067255049,0.15919595950103588,0.0013931077540131342
qualification/cli02,H100,ENS-C,3,746,81.40599999995902,bound,0.160589067255049,0.15919789009720517,0.0013911771578438425
qualification/cli02,H100,ENS-C,3,747,81.40599999995902,bound,0.160589067255049,0.1591983660802607,0.001390701174788317
qualification/cli02,H100,ENS-C,3,748,81.40599999995902,bound,0.160589067255049,0.15919841922864006,0.0013906480264089527
qualification/cli02,H100,ENS-C,3,749,81.40599999995902,bound,0.160589067255049,0.15920265085881324,0.0013864163962357678
qualification/cli02,H100,ENS-C,3,750,81.40599999995902,bound,0.160589067255049,0.15921399646534823,0.001375070789700783
qualification/cli02,H100,ENS-C,3,751,81.46900000004098,bound,0.160589067255049,0.1592149501796852,0.0013741170753638066
qualification/cli02,H100,ENS-C,3,752,81.46900000004098,bound,0.160589067255049,0.15921506973582786,0.001373997519221154
qualification/cli02,H100,ENS-C,3,753,81.46900000004098,bound,0.160589067255049,0.159216161455274,0.0013729057997750038
qualification/cli02,H100,ENS-C,3,754,81.46900000004098,bound,0.160589067255049,0.15922279995894587,0.0013662672961031463
qualification/cli02,H100,ENS-C,3,755,81.46900000004098,bound,0.160589067255049,0.1592229717108864,0.0013660955441626155
qualification/cli02,H100,ENS-C,3,756,81.46900000004098,bound,0.160589067255049,0.1592264260274814,0.0013626412275676014
qualification/cli02,H100,ENS-C,3,757,81.53099999995902,bound,0.160589067255049,0.15923005547986632,0.0013590117751826891
qualification/cli02,H100,ENS-C,3,758,81.53099999995902,bound,0.160589067255049,0.1592311083421319,0.0013579589129171232
qualification/cli02,H100,ENS-C,3,759,81.53099999995902,bound,0.160589067255049,0.1592548083408838,0.0013342589141652206
qualification/cli02,H100,ENS-C,3,760,81.53099999995902,bound,0.160589067255049,0.15925598166715194,0.001333085587897076
qualification/cli02,H100,ENS-C,3,761,81.53099999995902,bound,0.160589067255049,0.15925841085791828,0.0013306563971307306
qualification/cli02,H100,ENS-C,3,762,81.53099999995902,bound,0.160589067255049,0.15926103392528063,0.0013280333297683855
qualification/cli02,H100,ENS-C,3,763,81.53099999995902,bound,0.160589067255049,0.15926189756046946,0.0013271696945795497
qualification/cli02,H100,ENS-C,3,764,81.53099999995902,bound,0.160589067255049,0.15927795008892046,0.0013111171661285559
qualification/cli02,H100,ENS-C,3,765,81.53099999995902,bound,0.160589067255049,0.1592794955120018,0.0013095717430472165
qualification/cli02,H100,ENS-C,3,766,81.59400000004098,bound,0.160589067255049,0.15928931728485982,0.0012997499701891957
qualification/cli02,H100,ENS-C,3,767,81.59400000004098,bound,0.160589067255049,0.15929365088979303,0.0012954163652559858
qualification/cli02,H100,ENS-C,3,768,81.59400000004098,bound,0.160589067255049,0.15929520830696076,0.0012938589480882556
qualification/cli02,H100,ENS-C,3,769,81.67200000002049,bound,0.160589067255049,0.15929911668550617,0.0012899505695428415
qualification/cli02,H100,ENS-C,3,770,81.67200000002049,bound,0.160589067255049,0.1592999021294306,0.0012891651256184133
qualification/cli02,H100,ENS-C,3,771,81.67200000002049,bound,0.160589067255049,0.1593007426521396,0.0012883246029094242
qualification/cli02,H100,ENS-C,3,772,81.67200000002049,bound,0.160589067255049,0.15930394448929958,0.0012851227657494357
qualification/cli02,H100,ENS-C,3,773,81.67200000002049,bound,0.160589067255049,0.15930820269912044,0.0012808645559285736
qualification/cli02,H100,ENS-C,3,774,81.70299999997951,bound,0.160589067255049,0.15931053728678826,0.0012785299682607498
qualification/cli02,H100,ENS-C,3,775,81.70299999997951,bound,0.160589067255049,0.15932556096390163,0.0012635062911473816
qualification/cli02,H100,ENS-C,3,776,81.70299999997951,bound,0.160589067255049,0.15934707617663044,0.001241991078418575
qualification/cli02,H100,ENS-C,3,777,81.70299999997951,bound,0.160589067255049,0.15935227597509063,0.001236791279958377
qualification/cli02,H100,ENS-C,3,778,81.70299999997951,bound,0.160589067255049,0.15937796401319934,0.0012111032418496703
qualification/cli02,H100,ENS-C,3,779,81.76599999994505,bound,0.160589067255049,0.15937862376691278,0.0012104434881362314
qualification/cli02,H100,ENS-C,3,780,81.76599999994505,bound,0.160589067255049,0.15938100803918023,0.0012080592158687786
qualification/cli02,H100,ENS-C,3,781,81.76599999994505,bound,0.160589067255049,0.15939154637989617,0.0011975208751528466
qualification/cli02,H100,ENS-C,3,782,81.76599999994505,bound,0.160589067255049,0.1593973906691524,0.0011916765858966116
qualification/cli02,H100,ENS-C,3,783,81.76599999994505,bound,0.160589067255049,0.1593990579615743,0.0011900092934747086
qualification/cli02,H100,ENS-C,3,784,81.76599999994505,bound,0.160589067255049,0.15939983354163567,0.0011892337134133402
qualification/cli02,H100,ENS-C,3,785,81.82799999997951,bound,0.160589067255049,0.15941095442762962,0.001178112827419392
qualification/cli02,H100,ENS-C,3,786,81.82799999997951,bound,0.160589067255049,0.15941628572024522,0.0011727815348037962
qualification/cli02,H100,ENS-C,3,787,81.82799999997951,bound,0.160589067255049,0.1594284294027697,0.0011606378522793226
qualification/cli02,H100,ENS-C,3,788,81.82799999997951,bound,0.160589067255049,0.15944613757183343,0.0011429296832155822
qualification/cli02,H100,ENS-C,3,789,81.89099999994505,bound,0.160589067255049,0.15944821268002426,0.0011408545750247467
qualification/cli02,H100,ENS-C,3,790,81.89099999994505,bound,0.160589067255049,0.15945441371421779,0.0011346535408312264
qualification/cli02,H100,ENS-C,3,791,81.92200000002049,bound,0.160589067255049,0.15946049988516692,0.0011285673698820942
qualification/cli02,H100,ENS-C,3,792,81.92200000002049,bound,0.160589067255049,0.15946683743725668,0.0011222298177923362
qualification/cli02,H100,ENS-C,3,793,82.0,bound,0.160589067255049,0.1594745278415134,0.0011145394135356201
qualification/cli02,H100,ENS-C,3,794,82.0,bound,0.160589067255049,0.15948163992866243,0.0011074273263865786
qualification/cli02,H100,ENS-C,3,795,82.0,bound,0.160589067255049,0.15948368759957993,0.0011053796554690853
qualification/cli02,H100,ENS-C,3,796,82.0,bound,0.160589067255049,0.15948397607428616,0.0011050911807628516
qualification/cli02,H100,ENS-C,3,797,82.0,bound,0.160589067255049,0.15949060489215192,0.0010984623628970958
qualification/cli02,H100,ENS-C,3,798,82.0,bound,0.160589067255049,0.1594992531275201,0.0010898141275288986
qualification/cli02,H100,ENS-C,3,799,82.0,bound,0.160589067255049,0.1595046258334525,0.0010844414215964993
qualification/cli02,H100,ENS-C,3,800,82.0,bound,0.160589067255049,0.1595069823214802,0.0010820849335688165
qualification/cli02,H100,ENS-C,3,801,82.0,bound,0.160589067255049,0.15950753589496694,0.001081531360082072
qualification/cli02,H100,ENS-C,3,802,82.0,bound,0.160589067255049,0.15950936263262153,0.0010797046224274853
qualification/cli02,H100,ENS-C,3,803,82.0,bound,0.160589067255049,0.15951615711211833,0.0010729101429306775
qualification/cli02,H100,ENS-C,3,804,82.0,bound,0.160589067255049,0.15954063914767874,0.0010484281073702695
qualification/cli02,H100,ENS-C,3,805,82.0,bound,0.160589067255049,0.1595411253725646,0.0010479418824844156
qualification/cli02,H100,ENS-C,3,806,82.06299999996554,bound,0.160589067255049,0.15954891384015674,0.0010401534148922753
qualification/cli02,H100,ENS-C,3,807,82.06299999996554,bound,0.160589067255049,0.1595510579492896,0.0010380093057594242
qualification/cli02,H100,ENS-C,3,808,82.06299999996554,bound,0.160589067255049,0.1595550382071607,0.001034029047888324
qualification/cli02,H100,ENS-C,3,809,82.06299999996554,bound,0.160589067255049,0.1595555854694815,0.0010334817855675027
qualification/cli02,H100,ENS-C,3,810,82.06299999996554,bound,0.160589067255049,0.15955865934128818,0.001030407913760828
qualification/cli02,H100,ENS-C,3,811,82.06299999996554,bound,0.160589067255049,0.15956127596063396,0.001027791294415048
qualification/cli02,H100,ENS-C,3,812,82.06299999996554,bound,0.160589067255049,0.1595649240640586,0.001024143190990423
qualification/cli02,H100,ENS-C,3,813,82.06299999996554,bound,0.160589067255049,0.1595766546545741,0.00101241260047491
qualification/cli02,H100,ENS-C,3,814,82.06299999996554,bound,0.160589067255049,0.1595835038073032,0.0010055634477457998
qualification/cli02,H100,ENS-C,3,815,82.125,bound,0.160589067255049,0.15958614431264642,0.0010029229424025898
qualification/cli02,H100,ENS-C,3,816,82.125,bound,0.160589067255049,0.1595874677703395,0.0010015994847095144
qualification/cli02,H100,ENS-C,3,817,82.125,bound,0.160589067255049,0.1595904131623365,0.0009986540927125198
qualification/cli02,H100,ENS-C,3,818,82.125,bound,0.160589067255049,0.15959561086390917,0.0009934563911398464
qualification/cli02,H100,ENS-C,3,819,82.18799999996554,bound,0.160589067255049,0.1595971551147771,0.0009919121402719167
qualification/cli02,H100,ENS-C,3,820,82.18799999996554,bound,0.160589067255049,0.15960931485834062,0.0009797523967083888
qualification/cli02,H100,ENS-C,3,821,82.18799999996554,bound,0.160589067255049,0.15960995656711832,0.00097911068793069
qualification/cli02,H100,ENS-C,3,822,82.18799999996554,bound,0.160589067255049,0.15962041821058948,0.0009686490444595353
qualification/cli02,H100,ENS-C,3,823,82.18799999996554,bound,0.160589067255049,0.15962041821059014,0.0009686490444588691
qualification/cli02,H100,ENS-C,3,824,82.18799999996554,bound,0.160589067255049,0.15962287496841293,0.0009661922866360806
qualification/cli02,H100,ENS-C,3,825,82.25,bound,0.160589067255049,0.1596268232375903,0.0009622440174587021
qualification/cli02,H100,ENS-C,3,826,82.25,bound,0.160589067255049,0.15962690135363256,0.0009621659014164563
qualification/cli02,H100,ENS-C,3,827,82.25,bound,0.160589067255049,0.159631882635326,0.0009571846197230227
qualification/cli02,H100,ENS-C,3,828,82.25,bound,0.160589067255049,0.15963366138155388,0.0009554058734951298
qualification/cli02,H100,ENS-C,3,829,82.25,bound,0.160589067255049,0.15963598731113535,0.000953079943913665
qualification/cli02,H100,ENS-C,3,830,82.25,bound,0.160589067255049,0.15963610893272026,0.0009529583223287508
qualification/cli02,H100,ENS-C,3,831,82.25,bound,0.160589067255049,0.15964380829766853,0.0009452589573804848
qualification/cli02,H100,ENS-C,3,832,82.25,bound,0.160589067255049,0.15964547844634538,0.000943588808703627
qualification/cli02,H100,ENS-C,3,833,82.32799999997951,bound,0.160589067255049,0.1596488536636314,0.0009402135914176046
qualification/cli02,H100,ENS-C,3,834,82.32799999997951,bound,0.160589067255049,0.15965068071121358,0.0009383865438354344
qualification/cli02,H100,ENS-C,3,835,82.32799999997951,bound,0.160589067255049,0.15965079880065602,0.0009382684543929876
qualification/cli02,H100,ENS-C,3,836,82.32799999997951,bound,0.160589067255049,0.15965129062217245,0.000937776632876558
qualification/cli02,H100,ENS-C,3,837,82.32799999997951,bound,0.160589067255049,0.15965245008864282,0.0009366171664061951
qualification/cli02,H100,ENS-C,3,838,82.32799999997951,bound,0.160589067255049,0.15966122473700964,0.0009278425180393735
qualification/cli02,H100,ENS-C,3,839,82.32799999997951,bound,0.160589067255049,0.15967196873014575,0.0009170985249032648
qualification/cli02,H100,ENS-C,3,840,82.39099999994505,bound,0.160589067255049,0.15967385478346308,0.0009152124715859355
qualification/cli02,H100,ENS-C,3,841,82.39099999994505,bound,0.160589067255049,0.15968345174263462,0.0009056155124143872
qualification/cli02,H100,ENS-C,3,842,82.39099999994505,bound,0.160589067255049,0.1596855181451642,0.0009035491098847992
qualification/cli02,H100,ENS-C,3,843,82.39099999994505,bound,0.160589067255049,0.1596908391630086,0.000898228092040404
qualification/cli02,H100,ENS-C,3,844,82.39099999994505,bound,0.160589067255049,0.15969400158749286,0.0008950656675561497
qualification/cli02,H100,ENS-C,3,845,82.39099999994505,bound,0.160589067255049,0.15970432381886462,0.0008847434361843876
qualification/cli02,H100,ENS-C,3,846,82.39099999994505,bound,0.160589067255049,0.1597077316274818,0.0008813356275672035
qualification/cli02,H100,ENS-C,3,847,82.39099999994505,bound,0.160589067255049,0.15971232665244683,0.0008767406026021773
qualification/cli02,H100,ENS-C,3,848,82.45299999997951,bound,0.160589067255049,0.15971943990929163,0.0008696273457573789
qualification/cli02,H100,ENS-C,3,849,82.45299999997951,bound,0.160589067255049,0.15972038177092898,0.0008686854841200298
qualification/cli02,H100,ENS-C,3,850,82.45299999997951,bound,0.160589067255049,0.15974604512090007,0.0008430221341489408
qualification/cli02,H100,ENS-C,3,851,82.45299999997951,bound,0.160589067255049,0.15975258195974343,0.0008364852953055835
qualification/cli02,H100,ENS-C,3,852,82.48499999998603,bound,0.160589067255049,0.1597550285091478,0.0008340387459012111
qualification/cli02,H100,ENS-C,3,853,82.48499999998603,bound,0.160589067255049,0.1597703403360518,0.0008187269189972035
qualification/cli02,H100,ENS-C,3,854,82.48499999998603,bound,0.160589067255049,0.1597739089357506,0.0008151583192984035
qualification/cli02,H100,ENS-C,3,855,82.48499999998603,bound,0.160589067255049,0.15977588617463015,0.0008131810804188622
qualification/cli02,H100,ENS-C,3,856,82.48499999998603,bound,0.160589067255049,0.1597786427207277,0.0008104245343213135
qualification/cli02,H100,ENS-C,3,857,82.48499999998603,bound,0.160589067255049,0.15978039801605692,0.000808669238992088
qualification/cli02,H100,ENS-C,3,858,82.48499999998603,bound,0.160589067255049,0.1597824373109131,0.0008066299441359115
qualification/cli02,H100,ENS-C,3,859,82.48499999998603,bound,0.160589067255049,0.15978243731091366,0.0008066299441353564
qualification/cli02,H100,ENS-C,3,860,82.48499999998603,bound,0.160589067255049,0.15979537433829413,0.000793692916754879
qualification/cli02,H100,ENS-C,3,861,82.48499999998603,bound,0.160589067255049,0.15980498219590333,0.0007840850591456783
qualification/cli02,H100,ENS-C,3,862,82.48499999998603,bound,0.160589067255049,0.1598102738812245,0.000778793373824499
qualification/cli02,H100,ENS-C,3,863,82.51599999994505,bound,0.160589067255049,0.15981034053447357,0.00077872672057544
qualification/cli02,H100,ENS-C,3,864,82.51599999994505,bound,0.160589067255049,0.15981344716207935,0.0007756200929696644
qualification/cli02,H100,ENS-C,3,865,82.51599999994505,bound,0.160589067255049,0.1598149448280598,0.00077412242698921
qualification/cli02,H100,ENS-C,3,866,82.51599999994505,bound,0.160589067255049,0.15981595823589081,0.0007731090191581969
qualification/cli02,H100,ENS-C,3,867,82.51599999994505,bound,0.160589067255049,0.15982064423431272,0.0007684230207362919
qualification/cli02,H100,ENS-C,3,868,82.51599999994505,bound,0.160589067255049,0.15982466439863333,0.0007644028564156857
qualification/cli02,H100,ENS-C,3,869,82.51599999994505,bound,0.160589067255049,0.15982625490577712,0.0007628123492718908
qualification/cli02,H100,ENS-C,3,870,82.51599999994505,bound,0.160589067255049,0.15983749211633833,0.0007515751387106862
qualification/cli02,H100,ENS-C,3,871,82.51599999994505,bound,0.160589067255049,0.15985105198514263,0.0007380152699063836
qualification/cli02,H100,ENS-C,3,872,82.59400000004098,bound,0.160589067255049,0.15985164129990734,0.000737425955141674
qualification/cli02,H100,ENS-C,3,873,82.59400000004098,bound,0.160589067255049,0.15986189764965805,0.0007271696053909593
qualification/cli02,H100,ENS-C,3,874,82.59400000004098,bound,0.160589067255049,0.15986652307949353,0.0007225441755554785
qualification/cli02,H100,ENS-C,3,875,82.59400000004098,bound,0.160589067255049,0.15987093066348787,0.0007181365915611415
qualification/cli02,H100,ENS-C,3,876,82.59400000004098,bound,0.160589067255049,0.15987108389700855,0.0007179833580404638
qualification/cli02,H100,ENS-C,3,877,82.59400000004098,bound,0.160589067255049,0.15987373668375235,0.0007153305712966629
qualification/cli02,H100,ENS-C,3,878,82.59400000004098,bound,0.160589067255049,0.1598922346116963,0.0006968326433527128
qualification/cli02,H100,ENS-C,3,879,82.59400000004098,bound,0.160589067255049,0.1598952368459091,0.0006938304091399228
qualification/cli02,H100,ENS-C,3,880,82.59400000004098,bound,0.160589067255049,0.15989929316172935,0.0006897740933196617
qualification/cli02,H100,ENS-C,3,881,82.59400000004098,bound,0.160589067255049,0.15990235323695265,0.0006867140180963627
qualification/cli02,H100,ENS-C,3,882,82.59400000004098,bound,0.160589067255049,0.15990616612004407,0.0006829011350049374
qualification/cli02,H100,ENS-C,3,883,82.59400000004098,bound,0.160589067255049,0.15991974499773456,0.0006693222573144475
qualification/cli02,H100,ENS-C,3,884,82.59400000004098,bound,0.160589067255049,0.1599232220023905,0.0006658452526585035
qualification/cli02,H100,ENS-C,3,885,82.65599999995902,bound,0.160589067255049,0.15993706444814537,0.0006520028069036399
qualification/cli02,H100,ENS-C,3,886,82.65599999995902,bound,0.160589067255049,0.15994336880671883,0.0006456984483301786
qualification/cli02,H100,ENS-C,3,887,82.65599999995902,bound,0.160589067255049,0.15995377719087622,0.0006352900641727888
qualification/cli02,H100,ENS-C,3,888,82.65599999995902,bound,0.160589067255049,0.1599560985064375,0.0006329687486115176
qualification/cli02,H100,ENS-C,3,889,82.65599999995902,bound,0.160589067255049,0.15997152099091355,0.0006175462641354601
qualification/cli02,H100,ENS-C,3,890,82.65599999995902,bound,0.160589067255049,0.15997207242606168,0.0006169948289873328
qualification/cli02,H100,ENS-C,3,891,82.65599999995902,bound,0.160589067255049,0.15997589775009555,0.0006131695049534647
qualification/cli02,H100,ENS-C,3,892,82.65599999995902,bound,0.160589067255049,0.15998625858503285,0.0006028086700161639
qualification/cli02,H100,ENS-C,3,893,82.65599999995902,bound,0.160589067255049,0.15999957681782057,0.000589490437228446
qualification/cli02,H100,ENS-C,3,894,82.65599999995902,bound,0.160589067255049,0.1600200669121722,0.0005690003428768242
qualification/cli02,H100,ENS-C,3,895,82.65599999995902,bound,0.160589067255049,0.1600203421005131,0.000568725154535904
qualification/cli02,H100,ENS-C,3,896,82.65599999995902,bound,0.160589067255049,0.16002417823313989,0.0005648890219091263
qualification/cli02,H100,ENS-C,3,897,82.65599999995902,bound,0.160589067255049,0.16003553340487653,0.0005535338501724829
qualification/cli02,H100,ENS-C,3,898,82.65599999995902,bound,0.160589067255049,0.16004672268326017,0.0005423445717888387
qualification/cli02,H100,ENS-C,3,899,82.71900000004098,bound,0.160589067255049,0.16005409624785327,0.0005349710071957392
qualification/cli02,H100,ENS-C,3,900,82.71900000004098,bound,0.160589067255049,0.16007199670117045,0.0005170705538785625
qualification/cli02,H100,ENS-C,3,901,82.71900000004098,bound,0.160589067255049,0.16008542407977636,0.0005036431752726556
qualification/cli02,H100,ENS-C,3,902,82.71900000004098,bound,0.160589067255049,0.16010417631024162,0.0004848909448073868
qualification/cli02,H100,ENS-C,3,903,82.78099999995902,bound,0.160589067255049,0.1601230206922267,0.00046604656282231427
qualification/cli02,H100,ENS-C,3,904,82.78099999995902,bound,0.160589067255049,0.16012473421485302,0.00046433304019599664
qualification/cli02,H100,ENS-C,3,905,82.78099999995902,bound,0.160589067255049,0.16012769800303422,0.0004613692520147872
qualification/cli02,H100,ENS-C,3,906,82.78099999995902,bound,0.160589067255049,0.1601410189410649,0.0004480483139841229
qualification/cli02,H100,ENS-C,3,907,82.78099999995902,bound,0.160589067255049,0.16014621863506112,0.00044284861998789005
qualification/cli02,H100,ENS-C,3,908,82.78099999995902,bound,0.160589067255049,0.16015367302640188,0.0004353942286471346
qualification/cli02,H100,ENS-C,3,909,82.78099999995902,bound,0.160589067255049,0.1601552281595748,0.0004338390954742033
qualification/cli02,H100,ENS-C,3,910,82.78099999995902,bound,0.160589067255049,0.16016023991549247,0.0004288273395565423
qualification/cli02,H100,ENS-C,3,911,82.78099999995902,bound,0.160589067255049,0.16016475706571398,0.00042431018933503095
qualification/cli02,H100,ENS-C,3,912,82.78099999995902,bound,0.160589067255049,0.1601663301186161,0.0004227371364328991
qualification/cli02,H100,ENS-C,3,913,82.78099999995902,bound,0.160589067255049,0.16017588917983028,0.0004131780752187342
qualification/cli02,H100,ENS-C,3,914,82.78099999995902,bound,0.160589067255049,0.1602020553799886,0.0003870118750604057
qualification/cli02,H100,ENS-C,3,915,82.78099999995902,bound,0.160589067255049,0.16020353657166567,0.00038553068338334495
qualification/cli02,H100,ENS-C,3,916,82.81299999996554,bound,0.160589067255049,0.16021124411049434,0.00037782314455467314
qualification/cli02,H100,ENS-C,3,917,82.81299999996554,bound,0.160589067255049,0.16021216361824553,0.0003769036368034828
qualification/cli02,H100,ENS-C,3,918,82.81299999996554,bound,0.160589067255049,0.16021986260119195,0.0003692046538570637
qualification/cli02,H100,ENS-C,3,919,82.81299999996554,bound,0.160589067255049,0.16021992321103085,0.0003691440440181659
qualification/cli02,H100,ENS-C,3,920,82.81299999996554,bound,0.160589067255049,0.16022459988747936,0.0003644673675696486
qualification/cli02,H100,ENS-C,3,921,82.81299999996554,bound,0.160589067255049,0.16022709179896993,0.0003619754560790778
qualification/cli02,H100,ENS-C,3,922,82.82799999997951,bound,0.160589067255049,0.16023497180712365,0.0003540954479253622
qualification/cli02,H100,ENS-C,3,923,82.82799999997951,bound,0.160589067255049,0.16024271449239233,0.000346352762656682
qualification/cli02,H100,ENS-C,3,924,82.875,bound,0.160589067255049,0.16026253837291063,0.0003265288821383827
qualification/cli02,H100,ENS-C,3,925,82.875,bound,0.160589067255049,0.1602746906863892,0.0003143765686598188
qualification/cli02,H100,ENS-C,3,926,82.875,bound,0.160589067255049,0.16027537973564426,0.00031368751940474837
qualification/cli02,H100,ENS-C,3,927,82.875,bound,0.160589067255049,0.16027603491308812,0.0003130323419608949
qualification/cli02,H100,ENS-C,3,928,82.875,bound,0.160589067255049,0.1602840164009647,0.00030505085408430443
qualification/cli02,H100,ENS-C,3,929,82.875,bound,0.160589067255049,0.16030190437269462,0.00028716288235439147
qualification/cli02,H100,ENS-C,3,930,82.875,bound,0.160589067255049,0.16030399498793135,0.00028507226711765865
qualification/cli02,H100,ENS-C,3,931,82.875,bound,0.160589067255049,0.1603273617535374,0.000261705501511611
qualification/cli02,H100,ENS-C,3,932,82.875,bound,0.160589067255049,0.16036333982151982,0.00022572743352919367
qualification/cli02,H100,ENS-C,3,933,82.875,bound,0.160589067255049,0.16041526183446866,0.00017380542058034743
qualification/cli02,H100,ENS-C,3,934,82.875,bound,0.160589067255049,0.16042584490123252,0.00016322235381649453
qualification/cli02,H100,ENS-C,3,935,82.875,bound,0.160589067255049,0.16045670792055505,0.00013235933449395887
qualification/cli02,H100,ENS-C,3,936,82.875,bound,0.160589067255049,0.160468641458262,0.00012042579678700482
qualification/cli02,H100,ENS-C,3,937,82.875,bound,0.160589067255049,0.16047657188040745,0.00011249537464155801
qualification/cli02,H100,ENS-C,3,938,82.875,bound,0.160589067255049,0.1605048158634207,8.425139162832052e-05
qualification/cli02,H100,ENS-C,3,939,82.875,returned,0.160589067255049,0.1605048158634207,8.425139162832052e-05
qualification/cli02,H100,M-B,4,2,0.8290000000270084,witness,0.25452870897207136,0,0.25452870897207136
qualification/cli02,H100,M-B,4,3,1.25,call,0.25452870897207136,0,0.25452870897207136
qualification/cli02,H100,M-B,4,4,1.5,returned,0.25452870897207136,0,0.25452870897207136
qualification/cli02,H100,M-B,4,5,1.9690000000409782,call,0.25452870897207136,0,0.25452870897207136
qualification/cli02,H100,M-B,4,6,2.2660000000614673,returned,0.25452870897207136,0,0.25452870897207136
qualification/cli02,H100,M-B,4,7,2.6880000000819564,call,0.25452870897207136,0,0.25452870897207136
qualification/cli02,H100,M-B,4,8,2.875,returned,0.25452870897207136,0,0.25452870897207136
qualification/cli02,H100,M-B,4,9,2.9380000000819564,call,0.25452870897207136,0,0.25452870897207136
qualification/cli02,H100,M-B,4,10,2.9380000000819564,witness,0.25452870897207136,0,0.25452870897207136
qualification/cli02,H100,M-B,4,11,3.0,bound,0.25452870897207136,0.08923519610489568,0.1652935128671757
qualification/cli02,H100,M-B,4,12,3.25,bound,0.25452870897207136,0.08927515900786623,0.16525354996420513
qualification/cli02,H100,M-B,4,13,3.3130000000819564,bound,0.25452870897207136,0.08927515900786628,0.16525354996420508
qualification/cli02,H100,M-B,4,14,4.297000000020489,bound,0.25452870897207136,0.103920200646506,0.15060850832556535
qualification/cli02,H100,M-B,4,15,4.297000000020489,returned,0.25452870897207136,0.103920200646506,0.15060850832556535
qualification/cli02,H100,M-B,4,16,4.297000000020489,call,0.25452870897207136,0.103920200646506,0.15060850832556535
qualification/cli02,H100,M-B,4,17,4.297000000020489,witness,0.25452870897207136,0.103920200646506,0.15060850832556535
qualification/cli02,H100,M-B,4,18,4.469000000040978,bound,0.25452870897207136,0.103920200646506,0.15060850832556535
qualification/cli02,H100,M-B,4,19,4.641000000061467,bound,0.25452870897207136,0.103920200646506,0.15060850832556535
qualification/cli02,H100,M-B,4,20,4.704000000027008,bound,0.25452870897207136,0.103920200646506,0.15060850832556535
qualification/cli02,H100,M-B,4,21,5.657000000006519,bound,0.25452870897207136,0.103920200646506,0.15060850832556535
qualification/cli02,H100,M-B,4,22,5.719000000040978,bound,0.25452870897207136,0.10392113009872014,0.15060757887335122
qualification/cli02,H100,M-B,4,23,5.954000000027008,bound,0.25452870897207136,0.10833348396249493,0.14619522500957643
qualification/cli02,H100,M-B,4,24,6.438000000081956,bound,0.25452870897207136,0.11326419262624915,0.1412645163458222
qualification/cli02,H100,M-B,4,25,6.73499999998603,bound,0.25452870897207136,0.11562962418654928,0.1388990847855221
qualification/cli02,H100,M-B,4,26,7.141000000061467,bound,0.25452870897207136,0.12303291375017239,0.13149579522189897
qualification/cli02,H100,M-B,4,27,7.25,bound,0.25452870897207136,0.12516587844625768,0.12936283052581368
qualification/cli02,H100,M-B,4,28,7.60999999998603,bound,0.25452870897207136,0.12569107709264055,0.12883763187943081
qualification/cli02,H100,M-B,4,29,7.60999999998603,bound,0.25452870897207136,0.12569158383875828,0.12883712513331308
qualification/cli02,H100,M-B,4,30,7.672000000020489,bound,0.25452870897207136,0.1267014733573311,0.12782723561474027
qualification/cli02,H100,M-B,4,31,7.907000000006519,bound,0.25452870897207136,0.12711348648005805,0.1274152224920133
qualification/cli02,H100,M-B,4,32,7.969000000040978,bound,0.25452870897207136,0.12717132844038254,0.12735738053168882
qualification/cli02,H100,M-B,4,33,8.266000000061467,bound,0.25452870897207136,0.1272955190542684,0.12723318991780297
qualification/cli02,H100,M-B,4,34,8.329000000027008,bound,0.25452870897207136,0.12740223861187444,0.12712647036019692
qualification/cli02,H100,M-B,4,35,8.65700000000652,bound,0.25452870897207136,0.12742747863372575,0.1271012303383456
qualification/cli02,H100,M-B,4,36,8.719000000040978,bound,0.25452870897207136,0.12743178665676183,0.12709692231530953
qualification/cli02,H100,M-B,4,37,8.719000000040978,bound,0.25452870897207136,0.1274329430184732,0.12709576595359817
qualification/cli02,H100,M-B,4,38,9.079000000027008,bound,0.25452870897207136,0.1274374061902361,0.12709130278183525
qualification/cli02,H100,M-B,4,39,9.141000000061467,bound,0.25452870897207136,0.1274375465457548,0.12709116242631657
qualification/cli02,H100,M-B,4,40,9.5,bound,0.25452870897207136,0.12761249268340472,0.12691621628866664
qualification/cli02,H100,M-B,4,41,9.563000000081956,bound,0.25452870897207136,0.12765042179185082,0.12687828718022054
qualification/cli02,H100,M-B,4,42,9.625,bound,0.25452870897207136,0.1276599812677245,0.12686872770434687
qualification/cli02,H100,M-B,4,43,9.938000000081956,bound,0.25452870897207136,0.12767447653283684,0.12685423243923452
qualification/cli02,H100,M-B,4,44,10.10999999998603,bound,0.25452870897207136,0.12767577540960534,0.12685293356246602
qualification/cli02,H100,M-B,4,45,10.422000000020489,bound,0.25452870897207136,0.1276949585062308,0.12683375046584056
qualification/cli02,H100,M-B,4,46,10.594000000040978,bound,0.25452870897207136,0.12769495850623802,0.12683375046583334
qualification/cli02,H100,M-B,4,47,10.797000000020489,witness,0.24665052148248062,0.12769495850623802,0.1189555629762426
qualification/cli02,H100,M-B,4,48,10.797000000020489,bound,0.24665052148248062,0.12769519937797605,0.11895532210450457
qualification/cli02,H100,M-B,4,49,11.219000000040978,bound,0.24665052148248062,0.12895106230846023,0.11769945917402039
qualification/cli02,H100,M-B,4,50,11.266000000061467,bound,0.24665052148248062,0.1290510823417542,0.11759943914072643
qualification/cli02,H100,M-B,4,51,13.938000000081956,witness,0.24607012760048536,0.1290510823417542,0.11701904525873116
qualification/cli02,H100,M-B,4,52,13.938000000081956,witness,0.24603840391001258,0.1290510823417542,0.11698732156825839
qualification/cli02,H100,M-B,4,53,14.10999999998603,bound,0.24603840391001258,0.12917492042837683,0.11686348348163575
qualification/cli02,H100,M-B,4,54,16.42200000002049,bound,0.24603840391001258,0.1294525462065974,0.11658585770341517
qualification/cli02,H100,M-B,4,55,25.15700000000652,witness,0.24460354240764412,0.1294525462065974,0.11515099620104671
qualification/cli02,H100,M-B,4,56,26.53200000000652,witness,0.23840120016940253,0.1294525462065974,0.10894865396280512
qualification/cli02,H100,M-B,4,57,26.969000000040978,witness,0.23325928779245175,0.1294525462065974,0.10380674158585435
qualification/cli02,H100,M-B,4,58,28.73499999998603,witness,0.23129720497501463,0.1294525462065974,0.10184465876841722
qualification/cli02,H100,M-B,4,59,28.73499999998603,bound,0.23129720497501463,0.12947139952336906,0.10182580545164557
qualification/cli02,H100,M-B,4,60,29.375,witness,0.23096999893332573,0.12947139952336906,0.10149859940995667
qualification/cli02,H100,M-B,4,61,29.391000000061467,witness,0.22821479803722725,0.12947139952336906,0.09874339851385819
qualification/cli02,H100,M-B,4,62,29.391000000061467,witness,0.22632522362875435,0.12947139952336906,0.09685382410538529
qualification/cli02,H100,M-B,4,63,29.45400000002701,witness,0.22379187110774507,0.12947139952336906,0.09432047158437601
qualification/cli02,H100,M-B,4,64,29.469000000040978,witness,0.22287765636193962,0.12947139952336906,0.09340625683857057
qualification/cli02,H100,M-B,4,65,29.641000000061467,witness,0.22027247903637404,0.12947139952336906,0.09080107951300498
qualification/cli02,H100,M-B,4,66,29.90700000000652,bound,0.22027247903637404,0.13002712505880196,0.09024535397757208
qualification/cli02,H100,M-B,4,67,34.70400000002701,witness,0.18113558676605285,0.13002712505880196,0.05110846170725089
qualification/cli02,H100,M-B,4,68,35.35999999998603,witness,0.17690396028340138,0.13002712505880196,0.04687683522459943
qualification/cli02,H100,M-B,4,69,39.20400000002701,witness,0.1708905745189927,0.13002712505880196,0.04086344946019074
qualification/cli02,H100,M-B,4,70,39.28200000000652,witness,0.160589067255049,0.13002712505880196,0.030561942196247055
qualification/cli02,H100,M-B,4,71,39.67200000002049,bound,0.160589067255049,0.1324699341183308,0.02811913313671821
qualification/cli02,H100,M-B,4,72,39.84400000004098,bound,0.160589067255049,0.13261428269746262,0.027974784557586396
qualification/cli02,H100,M-B,4,73,39.92200000002049,bound,0.160589067255049,0.13306070669835765,0.02752836055669136
qualification/cli02,H100,M-B,4,74,40.17200000002049,bound,0.160589067255049,0.13333072107745156,0.027258346177597453
qualification/cli02,H100,M-B,4,75,40.25,bound,0.160589067255049,0.1339606260495892,0.02662844120545982
qualification/cli02,H100,M-B,4,76,40.5,bound,0.160589067255049,0.13591873475719532,0.024670332497853692
qualification/cli02,H100,M-B,4,77,42.23499999998603,bound,0.160589067255049,0.13595307573757331,0.024635991517475697
qualification/cli02,H100,M-B,4,78,43.70400000002701,bound,0.160589067255049,0.13758739571551704,0.023001671539531976
qualification/cli02,H100,M-B,4,79,43.78200000000652,bound,0.160589067255049,0.1375942985260109,0.022994768729038106
qualification/cli02,H100,M-B,4,80,44.28200000000652,bound,0.160589067255049,0.13868783474493684,0.021901232510112167
qualification/cli02,H100,M-B,4,81,46.39100000006147,bound,0.160589067255049,0.14025550875785364,0.02033355849719537
qualification/cli02,H100,M-B,4,82,46.563000000081956,bound,0.160589067255049,0.1403919413041151,0.020197125950933925
qualification/cli02,H100,M-B,4,83,46.92200000002049,bound,0.160589067255049,0.14113120815823055,0.019457859096818464
qualification/cli02,H100,M-B,4,84,47.73499999998603,bound,0.160589067255049,0.14169858790021272,0.018890479354836287
qualification/cli02,H100,M-B,4,85,48.09400000004098,bound,0.160589067255049,0.14190840464828722,0.018680662606761794
qualification/cli02,H100,M-B,4,86,48.67200000002049,bound,0.160589067255049,0.14191803884279278,0.018671028412256235
qualification/cli02,H100,M-B,4,87,48.73499999998603,bound,0.160589067255049,0.14194184809621094,0.018647219158838074
qualification/cli02,H100,M-B,4,88,49.60999999998603,bound,0.160589067255049,0.14194897382957283,0.01864009342547618
qualification/cli02,H100,M-B,4,89,49.92200000002049,bound,0.160589067255049,0.1420386178852669,0.018550449369782118
qualification/cli02,H100,M-B,4,90,50.29700000002049,bound,0.160589067255049,0.14211096613102964,0.018478101124019375
qualification/cli02,H100,M-B,4,91,50.59400000004098,bound,0.160589067255049,0.14226791338891723,0.018321153866131784
qualification/cli02,H100,M-B,4,92,50.90700000000652,bound,0.160589067255049,0.1422867093008277,0.018302357954221304
qualification/cli02,H100,M-B,4,93,50.96900000004098,bound,0.160589067255049,0.1422964992908187,0.018292567964230316
qualification/cli02,H100,M-B,4,94,51.375,bound,0.160589067255049,0.14266016982522317,0.01792889742982584
qualification/cli02,H100,M-B,4,95,51.45400000002701,bound,0.160589067255049,0.14316410859822654,0.017424958656822476
qualification/cli02,H100,M-B,4,96,51.82900000002701,bound,0.160589067255049,0.14330683445788533,0.017282232797163677
qualification/cli02,H100,M-B,4,97,52.0,bound,0.160589067255049,0.14346385543085136,0.017125211824197656
qualification/cli02,H100,M-B,4,98,52.45400000002701,bound,0.160589067255049,0.14384138985441455,0.01674767740063446
qualification/cli02,H100,M-B,4,99,52.67200000002049,bound,0.160589067255049,0.14391561920607934,0.01667344804896967
qualification/cli02,H100,M-B,4,100,52.79700000002049,bound,0.160589067255049,0.14448648752608437,0.016102579728964644
qualification/cli02,H100,M-B,4,101,52.96900000004098,bound,0.160589067255049,0.1444919596239608,0.01609710763108821
qualification/cli02,H100,M-B,4,102,53.32900000002701,bound,0.160589067255049,0.14526695774361326,0.015322109511435755
qualification/cli02,H100,M-B,4,103,53.57900000002701,bound,0.160589067255049,0.14533533658271983,0.015253730672329185
qualification/cli02,H100,M-B,4,104,53.625,bound,0.160589067255049,0.14536479447284537,0.015224272782203646
qualification/cli02,H100,M-B,4,105,53.625,bound,0.160589067255049,0.14553834297380977,0.015050724281239242
qualification/cli02,H100,M-B,4,106,53.688000000081956,bound,0.160589067255049,0.14602472816953455,0.014564339085514466
qualification/cli02,H100,M-B,4,107,53.813000000081956,bound,0.160589067255049,0.1460870213726602,0.01450204588238882
qualification/cli02,H100,M-B,4,108,54.04700000002049,bound,0.160589067255049,0.14611996443964695,0.014469102815402063
qualification/cli02,H100,M-B,4,109,54.29700000002049,bound,0.160589067255049,0.14617584835472427,0.014413218900324737
qualification/cli02,H100,M-B,4,110,54.53200000000652,bound,0.160589067255049,0.14632382344053393,0.014265243814515077
qualification/cli02,H100,M-B,4,111,54.57900000002701,bound,0.160589067255049,0.1471767365495107,0.013412330705538322
qualification/cli02,H100,M-B,4,112,54.82900000002701,bound,0.160589067255049,0.14727215113929212,0.013316916115756888
qualification/cli02,H100,M-B,4,113,54.95400000002701,bound,0.160589067255049,0.14742268239465597,0.013166384860393038
qualification/cli02,H100,M-B,4,114,55.125,bound,0.160589067255049,0.14747908517766897,0.013109982077380039
qualification/cli02,H100,M-B,4,115,55.42200000002049,bound,0.160589067255049,0.14752349855186772,0.01306556870318129
qualification/cli02,H100,M-B,4,116,55.84400000004098,bound,0.160589067255049,0.14753510630652747,0.013053960948521542
qualification/cli02,H100,M-B,4,117,55.84400000004098,bound,0.160589067255049,0.14756478020569447,0.013024287049354544
qualification/cli02,H100,M-B,4,118,55.96900000004098,bound,0.160589067255049,0.14757782148424853,0.013011245770800484
qualification/cli02,H100,M-B,4,119,56.26600000006147,bound,0.160589067255049,0.14764910976433748,0.012939957490711529
qualification/cli02,H100,M-B,4,120,56.26600000006147,bound,0.160589067255049,0.147727731481543,0.01286133577350601
qualification/cli02,H100,M-B,4,121,56.35999999998603,bound,0.160589067255049,0.1480328833216863,0.012556183933362719
qualification/cli02,H100,M-B,4,122,56.48499999998603,bound,0.160589067255049,0.14818118306643047,0.012407884188618545
qualification/cli02,H100,M-B,4,123,56.71900000004098,bound,0.160589067255049,0.14823644737034208,0.012352619884706928
qualification/cli02,H100,M-B,4,124,56.71900000004098,bound,0.160589067255049,0.14832196988613552,0.012267097368913488
qualification/cli02,H100,M-B,4,125,56.78200000000652,bound,0.160589067255049,0.14871576812524634,0.011873299129802672
qualification/cli02,H100,M-B,4,126,56.84400000004098,bound,0.160589067255049,0.1487413099220033,0.011847757333045716
qualification/cli02,H100,M-B,4,127,56.84400000004098,bound,0.160589067255049,0.14879920379308276,0.011789863461966255
qualification/cli02,H100,M-B,4,128,57.32900000002701,bound,0.160589067255049,0.14895896612570497,0.01163010112934404
qualification/cli02,H100,M-B,4,129,57.39100000006147,bound,0.160589067255049,0.14899007045173612,0.011598996803312889
qualification/cli02,H100,M-B,4,130,57.57900000002701,bound,0.160589067255049,0.14915150949194303,0.011437557763105982
qualification/cli02,H100,M-B,4,131,57.75,bound,0.160589067255049,0.1491887207400945,0.011400346514954501
qualification/cli02,H100,M-B,4,132,57.84400000004098,bound,0.160589067255049,0.14921206409042487,0.011377003164624144
qualification/cli02,H100,M-B,4,133,58.26600000006147,bound,0.160589067255049,0.14922613713768018,0.01136293011736883
qualification/cli02,H100,M-B,4,134,58.26600000006147,bound,0.160589067255049,0.14927248891792624,0.011316578337122768
qualification/cli02,H100,M-B,4,135,58.39100000006147,bound,0.160589067255049,0.14932700924332548,0.01126205801172353
qualification/cli02,H100,M-B,4,136,58.563000000081956,bound,0.160589067255049,0.14935574576196087,0.011233321493088144
qualification/cli02,H100,M-B,4,137,58.688000000081956,bound,0.160589067255049,0.14952089768109592,0.011068169573953096
qualification/cli02,H100,M-B,4,138,59.15700000000652,bound,0.160589067255049,0.1496135260623621,0.0109755411926869
qualification/cli02,H100,M-B,4,139,59.26600000006147,bound,0.160589067255049,0.149631474125962,0.010957593129087007
qualification/cli02,H100,M-B,4,140,59.32900000002701,bound,0.160589067255049,0.14964129975732476,0.010947767497724248
qualification/cli02,H100,M-B,4,141,59.39100000006147,bound,0.160589067255049,0.14970088897048325,0.010888178284565758
qualification/cli02,H100,M-B,4,142,59.688000000081956,bound,0.160589067255049,0.14981315027253211,0.010775916982516898
qualification/cli02,H100,M-B,4,143,59.813000000081956,bound,0.160589067255049,0.14984002972643617,0.010749037528612837
qualification/cli02,H100,M-B,4,144,59.89100000006147,bound,0.160589067255049,0.14991851593404762,0.010670551321001392
qualification/cli02,H100,M-B,4,145,59.89100000006147,bound,0.160589067255049,0.14993225614887876,0.010656811106170255
qualification/cli02,H100,M-B,4,146,59.89100000006147,bound,0.160589067255049,0.15012674418645272,0.010462323068596291
qualification/cli02,H100,M-B,4,147,60.07900000002701,bound,0.160589067255049,0.1504122929747539,0.01017677428029512
qualification/cli02,H100,M-B,4,148,60.20400000002701,bound,0.160589067255049,0.1504424215909429,0.010146645664106113
qualification/cli02,H100,M-B,4,149,60.20400000002701,bound,0.160589067255049,0.1504989319689512,0.010090135286097812
qualification/cli02,H100,M-B,4,150,60.313000000081956,bound,0.160589067255049,0.1506701245616084,0.009918942693440624
qualification/cli02,H100,M-B,4,151,60.53200000000652,bound,0.160589067255049,0.1507351353552687,0.009853931899780316
qualification/cli02,H100,M-B,4,152,60.53200000000652,bound,0.160589067255049,0.15082976964332398,0.009759297611725032
qualification/cli02,H100,M-B,4,153,60.70400000002701,bound,0.160589067255049,0.15120864857339683,0.00938041868165218
qualification/cli02,H100,M-B,4,154,60.70400000002701,bound,0.160589067255049,0.15121203340114528,0.009377033853903732
qualification/cli02,H100,M-B,4,155,60.85999999998603,bound,0.160589067255049,0.15129097419431375,0.009298093060735257
qualification/cli02,H100,M-B,4,156,61.28200000000652,bound,0.160589067255049,0.15130959735070162,0.009279469904347387
qualification/cli02,H100,M-B,4,157,61.28200000000652,bound,0.160589067255049,0.1513891418132373,0.009199925441811724
qualification/cli02,H100,M-B,4,158,61.40700000000652,bound,0.160589067255049,0.15161616182162913,0.008972905433419887
qualification/cli02,H100,M-B,4,159,61.40700000000652,bound,0.160589067255049,0.15162058686992472,0.008968480385124294
qualification/cli02,H100,M-B,4,160,61.53200000000652,bound,0.160589067255049,0.15194452958413754,0.008644537670911473
qualification/cli02,H100,M-B,4,161,61.65700000000652,bound,0.160589067255049,0.15202339165337392,0.008565675601675093
qualification/cli02,H100,M-B,4,162,61.65700000000652,bound,0.160589067255049,0.15204612787046148,0.008542939384587528
qualification/cli02,H100,M-B,4,163,61.82900000002701,bound,0.160589067255049,0.15208683709764956,0.008502230157399454
qualification/cli02,H100,M-B,4,164,61.82900000002701,bound,0.160589067255049,0.15208753774501718,0.00850152951003183
qualification/cli02,H100,M-B,4,165,62.01600000006147,bound,0.160589067255049,0.15211011580537231,0.008478951449676697
qualification/cli02,H100,M-B,4,166,62.01600000006147,bound,0.160589067255049,0.15214386981553898,0.008445197439510027
qualification/cli02,H100,M-B,4,167,62.03200000000652,bound,0.160589067255049,0.15214758638747894,0.008441480867570073
qualification/cli02,H100,M-B,4,168,62.10999999998603,bound,0.160589067255049,0.15215215997863257,0.008436907276416439
qualification/cli02,H100,M-B,4,169,62.17200000002049,bound,0.160589067255049,0.15218307498498662,0.00840599227006239
qualification/cli02,H100,M-B,4,170,62.28200000000652,bound,0.160589067255049,0.152211127069847,0.00837794018520202
qualification/cli02,H100,M-B,4,171,62.34400000004098,bound,0.160589067255049,0.1522686915853006,0.008320375669748414
qualification/cli02,H100,M-B,4,172,62.42200000002049,bound,0.160589067255049,0.1523326870992471,0.008256380155801907
qualification/cli02,H100,M-B,4,173,62.5,bound,0.160589067255049,0.152428252938255,0.008160814316794024
qualification/cli02,H100,M-B,4,174,62.5,bound,0.160589067255049,0.15249128704534443,0.008097780209704586
qualification/cli02,H100,M-B,4,175,62.64100000006147,bound,0.160589067255049,0.15252065329928519,0.008068413955763826
qualification/cli02,H100,M-B,4,176,62.64100000006147,bound,0.160589067255049,0.1525406036445763,0.008048463610472706
qualification/cli02,H100,M-B,4,177,62.70400000002701,bound,0.160589067255049,0.15257188285214074,0.008017184402908273
qualification/cli02,H100,M-B,4,178,62.76600000006147,bound,0.160589067255049,0.1525926344589195,0.007996432796129521
qualification/cli02,H100,M-B,4,179,62.82900000002701,bound,0.160589067255049,0.15262597378621207,0.007963093468836946
qualification/cli02,H100,M-B,4,180,62.82900000002701,bound,0.160589067255049,0.1526628433617543,0.007926223893294698
qualification/cli02,H100,M-B,4,181,62.875,bound,0.160589067255049,0.1527467832442737,0.007842284010775302
qualification/cli02,H100,M-B,4,182,63.01600000006147,bound,0.160589067255049,0.1527533472477101,0.007835720007338925
qualification/cli02,H100,M-B,4,183,63.14100000006147,bound,0.160589067255049,0.1528808611403863,0.007708206114662719
qualification/cli02,H100,M-B,4,184,63.20400000002701,bound,0.160589067255049,0.15292254498419586,0.007666522270853154
qualification/cli02,H100,M-B,4,185,63.20400000002701,bound,0.160589067255049,0.1531982063020486,0.0073908609530004
qualification/cli02,H100,M-B,4,186,63.20400000002701,bound,0.160589067255049,0.15329973948777542,0.00728932776727359
qualification/cli02,H100,M-B,4,187,63.26600000006147,bound,0.160589067255049,0.15333388621069957,0.00725518104434944
qualification/cli02,H100,M-B,4,188,63.26600000006147,bound,0.160589067255049,0.15334434342693423,0.00724472382811478
qualification/cli02,H100,M-B,4,189,63.32900000002701,bound,0.160589067255049,0.15335741244548504,0.0072316548095639754
qualification/cli02,H100,M-B,4,190,63.438000000081956,bound,0.160589067255049,0.15339518984103634,0.007193877414012673
qualification/cli02,H100,M-B,4,191,63.5,bound,0.160589067255049,0.15342451241033744,0.007164554844711568
qualification/cli02,H100,M-B,4,192,63.688000000081956,bound,0.160589067255049,0.15354975386156,0.007039313393489011
qualification/cli02,H100,M-B,4,193,63.688000000081956,bound,0.160589067255049,0.1535579256920777,0.007031141562971299
qualification/cli02,H100,M-B,4,194,63.73499999998603,bound,0.160589067255049,0.15356699413795472,0.007022073117094296
qualification/cli02,H100,M-B,4,195,63.73499999998603,bound,0.160589067255049,0.15360893852737456,0.006980128727674451
qualification/cli02,H100,M-B,4,196,63.75,bound,0.160589067255049,0.15363917842760408,0.006949888827444933
qualification/cli02,H100,M-B,4,197,63.875,bound,0.160589067255049,0.15366126775855302,0.0069277994964959955
qualification/cli02,H100,M-B,4,198,63.95400000002701,bound,0.160589067255049,0.15368192711816206,0.006907140136886952
qualification/cli02,H100,M-B,4,199,64.07900000002701,bound,0.160589067255049,0.15382862900650457,0.0067604382485444425
qualification/cli02,H100,M-B,4,200,64.20400000002701,bound,0.160589067255049,0.15383830274789118,0.006750764507157836
qualification/cli02,H100,M-B,4,201,64.26600000006147,bound,0.160589067255049,0.15384295442603652,0.006746112829012496
qualification/cli02,H100,M-B,4,202,64.34400000004098,bound,0.160589067255049,0.15397626231815628,0.00661280493689273
qualification/cli02,H100,M-B,4,203,64.40700000000652,bound,0.160589067255049,0.15398304710241245,0.00660602015263656
qualification/cli02,H100,M-B,4,204,64.75,bound,0.160589067255049,0.15405141435360392,0.00653765290144509
qualification/cli02,H100,M-B,4,205,64.93800000008196,bound,0.160589067255049,0.1540633235120568,0.006525743742992224
qualification/cli02,H100,M-B,4,206,64.93800000008196,bound,0.160589067255049,0.15410172310859002,0.00648734414645899
qualification/cli02,H100,M-B,4,207,65.28200000000652,bound,0.160589067255049,0.15410891521115294,0.00648015204389607
qualification/cli02,H100,M-B,4,208,65.40700000000652,bound,0.160589067255049,0.15422215557836766,0.006366911676681353
qualification/cli02,H100,M-B,4,209,65.59400000004098,bound,0.160589067255049,0.154307596897469,0.006281470357580005
qualification/cli02,H100,M-B,4,210,65.59400000004098,bound,0.160589067255049,0.15435431029723615,0.006234756957812865
qualification/cli02,H100,M-B,4,211,65.65700000000652,bound,0.160589067255049,0.15439816056086048,0.006190906694188536
qualification/cli02,H100,M-B,4,212,65.65700000000652,bound,0.160589067255049,0.15439864643716994,0.006190420817879072
qualification/cli02,H100,M-B,4,213,65.71900000004098,bound,0.160589067255049,0.1544196812891671,0.006169385965881902
qualification/cli02,H100,M-B,4,214,65.81300000008196,bound,0.160589067255049,0.1545236154498582,0.006065451805190802
qualification/cli02,H100,M-B,4,215,65.875,bound,0.160589067255049,0.1545283119909003,0.006060755264148704
qualification/cli02,H100,M-B,4,216,65.875,bound,0.160589067255049,0.15458163640468106,0.006007430850367951
qualification/cli02,H100,M-B,4,217,65.93800000008196,bound,0.160589067255049,0.15461473679992005,0.005974330455128962
qualification/cli02,H100,M-B,4,218,66.01600000006147,bound,0.160589067255049,0.15461983206212407,0.005969235192924943
qualification/cli02,H100,M-B,4,219,66.07900000002701,bound,0.160589067255049,0.15462828118474087,0.005960786070308144
qualification/cli02,H100,M-B,4,220,66.07900000002701,bound,0.160589067255049,0.15465808163322106,0.00593098562182795
qualification/cli02,H100,M-B,4,221,66.20400000002701,bound,0.160589067255049,0.15470028773302946,0.005888779522019549
qualification/cli02,H100,M-B,4,222,66.20400000002701,bound,0.160589067255049,0.1547791154240549,0.0058099518309941145
qualification/cli02,H100,M-B,4,223,66.45400000002701,bound,0.160589067255049,0.15479601461248862,0.005793052642560387
qualification/cli02,H100,M-B,4,224,66.45400000002701,bound,0.160589067255049,0.15501721087130196,0.005571856383747048
qualification/cli02,H100,M-B,4,225,66.45400000002701,bound,0.160589067255049,0.15504029746866774,0.005548769786381275
qualification/cli02,H100,M-B,4,226,66.45400000002701,bound,0.160589067255049,0.15508670824576626,0.0055023590092827535
qualification/cli02,H100,M-B,4,227,66.45400000002701,bound,0.160589067255049,0.15510003518569646,0.005489032069352556
qualification/cli02,H100,M-B,4,228,66.53200000000652,bound,0.160589067255049,0.15515278878902428,0.005436278466024735
qualification/cli02,H100,M-B,4,229,66.59400000004098,bound,0.160589067255049,0.1551564734876705,0.005432593767378507
qualification/cli02,H100,M-B,4,230,66.625,bound,0.160589067255049,0.15516012686329902,0.005428940391749987
qualification/cli02,H100,M-B,4,231,66.96900000004098,bound,0.160589067255049,0.15517137405950213,0.0054176931955468854
qualification/cli02,H100,M-B,4,232,67.125,bound,0.160589067255049,0.15518849102704235,0.005400576228006659
qualification/cli02,H100,M-B,4,233,67.18800000008196,bound,0.160589067255049,0.15519371180883076,0.005395355446218247
qualification/cli02,H100,M-B,4,234,67.26600000006147,bound,0.160589067255049,0.15520907390577676,0.00537999334927225
qualification/cli02,H100,M-B,4,235,67.26600000006147,bound,0.160589067255049,0.15524346745076276,0.005345599804286255
qualification/cli02,H100,M-B,4,236,67.26600000006147,bound,0.160589067255049,0.15526369808774917,0.005325369167299837
qualification/cli02,H100,M-B,4,237,67.26600000006147,bound,0.160589067255049,0.15528280874328917,0.005306258511759837
qualification/cli02,H100,M-B,4,238,67.32900000002701,bound,0.160589067255049,0.15530256142201784,0.005286505833031169
qualification/cli02,H100,M-B,4,239,67.39100000006147,bound,0.160589067255049,0.15541634408813992,0.005172723166909088
qualification/cli02,H100,M-B,4,240,67.39100000006147,bound,0.160589067255049,0.155448113409213,0.005140953845836016
qualification/cli02,H100,M-B,4,241,67.39100000006147,bound,0.160589067255049,0.15546941994103547,0.005119647314013542
qualification/cli02,H100,M-B,4,242,67.39100000006147,bound,0.160589067255049,0.15551021906770646,0.005078848187342555
qualification/cli02,H100,M-B,4,243,67.53200000000652,bound,0.160589067255049,0.15554911814420855,0.005039949110840464
qualification/cli02,H100,M-B,4,244,67.53200000000652,bound,0.160589067255049,0.15556124731227233,0.005027819942776679
qualification/cli02,H100,M-B,4,245,67.53200000000652,bound,0.160589067255049,0.15559334229759986,0.004995724957449155
qualification/cli02,H100,M-B,4,246,67.59400000004098,bound,0.160589067255049,0.15565805921684692,0.004931008038202095
qualification/cli02,H100,M-B,4,247,67.59400000004098,bound,0.160589067255049,0.15567447801307288,0.0049145892419761306
qualification/cli02,H100,M-B,4,248,67.59400000004098,bound,0.160589067255049,0.15567785146105959,0.004911215793989426
qualification/cli02,H100,M-B,4,249,67.65700000000652,bound,0.160589067255049,0.15571101326786352,0.004878053987185493
qualification/cli02,H100,M-B,4,250,67.65700000000652,bound,0.160589067255049,0.15572093766820638,0.004868129586842629
qualification/cli02,H100,M-B,4,251,67.78200000000652,bound,0.160589067255049,0.15573393532987623,0.004855131925172784
qualification/cli02,H100,M-B,4,252,67.78200000000652,bound,0.160589067255049,0.1557802909064215,0.004808776348627503
qualification/cli02,H100,M-B,4,253,67.85999999998603,bound,0.160589067255049,0.15584437586315805,0.0047446913918909595
qualification/cli02,H100,M-B,4,254,67.85999999998603,bound,0.160589067255049,0.15585208799468064,0.004736979260368368
qualification/cli02,H100,M-B,4,255,67.85999999998603,bound,0.160589067255049,0.15589436887235936,0.004694698382689655
qualification/cli02,H100,M-B,4,256,67.98499999998603,bound,0.160589067255049,0.15591821651662408,0.0046708507384249365
qualification/cli02,H100,M-B,4,257,67.98499999998603,bound,0.160589067255049,0.15593507049749325,0.004653996757555762
qualification/cli02,H100,M-B,4,258,67.98499999998603,bound,0.160589067255049,0.15595218597162633,0.004636881283422684
qualification/cli02,H100,M-B,4,259,67.98499999998603,bound,0.160589067255049,0.15598385367491371,0.004605213580135298
qualification/cli02,H100,M-B,4,260,68.04700000002049,bound,0.160589067255049,0.15601152333030455,0.004577543924744465
qualification/cli02,H100,M-B,4,261,68.04700000002049,bound,0.160589067255049,0.15605990896435706,0.004529158290691948
qualification/cli02,H100,M-B,4,262,68.04700000002049,bound,0.160589067255049,0.15607324544507747,0.0045158218099715375
qualification/cli02,H100,M-B,4,263,68.125,bound,0.160589067255049,0.1560735392677926,0.004515527987256407
qualification/cli02,H100,M-B,4,264,68.25,bound,0.160589067255049,0.1560762614457989,0.00451280580925012
qualification/cli02,H100,M-B,4,265,68.25,bound,0.160589067255049,0.1560909500848731,0.004498117170175925
qualification/cli02,H100,M-B,4,266,68.375,bound,0.160589067255049,0.15609737156179823,0.00449169569325078
qualification/cli02,H100,M-B,4,267,68.375,bound,0.160589067255049,0.15611682310113975,0.0044722441539092606
qualification/cli02,H100,M-B,4,268,68.45400000002701,bound,0.160589067255049,0.15613391123970988,0.0044551560153391345
qualification/cli02,H100,M-B,4,269,68.54700000002049,bound,0.160589067255049,0.15614626068651247,0.004442806568536545
qualification/cli02,H100,M-B,4,270,68.54700000002049,bound,0.160589067255049,0.1561464908951104,0.00444257635993861
qualification/cli02,H100,M-B,4,271,68.54700000002049,bound,0.160589067255049,0.15614660809752498,0.004442459157524031
qualification/cli02,H100,M-B,4,272,68.60999999998603,bound,0.160589067255049,0.15614873198328152,0.004440335271767487
qualification/cli02,H100,M-B,4,273,68.60999999998603,bound,0.160589067255049,0.15615671546391058,0.004432351791138434
qualification/cli02,H100,M-B,4,274,68.60999999998603,bound,0.160589067255049,0.15616876888840756,0.004420298366641456
qualification/cli02,H100,M-B,4,275,68.60999999998603,bound,0.160589067255049,0.15619778998016318,0.004391277274885835
qualification/cli02,H100,M-B,4,276,68.67200000002049,bound,0.160589067255049,0.15621988363919073,0.00436918361585828
qualification/cli02,H100,M-B,4,277,68.67200000002049,bound,0.160589067255049,0.1562205983552406,0.004368468899808409
qualification/cli02,H100,M-B,4,278,68.67200000002049,bound,0.160589067255049,0.1562239867371242,0.0043650805179248076
qualification/cli02,H100,M-B,4,279,68.67200000002049,bound,0.160589067255049,0.15622741980247368,0.004361647452575335
qualification/cli02,H100,M-B,4,280,68.85999999998603,bound,0.160589067255049,0.1562312030671464,0.004357864187902599
qualification/cli02,H100,M-B,4,281,68.85999999998603,bound,0.160589067255049,0.1562580135796365,0.004331053675412505
qualification/cli02,H100,M-B,4,282,68.85999999998603,bound,0.160589067255049,0.15631709223301682,0.004271975022032193
qualification/cli02,H100,M-B,4,283,68.96900000004098,bound,0.160589067255049,0.15632000909701074,0.004269058158038269
qualification/cli02,H100,M-B,4,284,69.01600000006147,bound,0.160589067255049,0.15633154613980094,0.004257521115248075
qualification/cli02,H100,M-B,4,285,69.07900000002701,bound,0.160589067255049,0.1563357987251596,0.004253268529889415
qualification/cli02,H100,M-B,4,286,69.07900000002701,bound,0.160589067255049,0.15633807363523589,0.004250993619813126
qualification/cli02,H100,M-B,4,287,69.14100000006147,bound,0.160589067255049,0.15636996291052174,0.004219104344527269
qualification/cli02,H100,M-B,4,288,69.18800000008196,bound,0.160589067255049,0.15640325313819553,0.004185814116853481
qualification/cli02,H100,M-B,4,289,69.32900000002701,bound,0.160589067255049,0.15640793867294775,0.004181128582101262
qualification/cli02,H100,M-B,4,290,69.32900000002701,bound,0.160589067255049,0.15640916599889346,0.004179901256155555
qualification/cli02,H100,M-B,4,291,69.375,bound,0.160589067255049,0.1564233854058239,0.004165681849225111
qualification/cli02,H100,M-B,4,292,69.375,bound,0.160589067255049,0.15646425154924332,0.0041248157058056956
qualification/cli02,H100,M-B,4,293,69.5,bound,0.160589067255049,0.15646550937014603,0.004123557884902984
qualification/cli02,H100,M-B,4,294,69.56300000008196,bound,0.160589067255049,0.1564732471077038,0.004115820147345212
qualification/cli02,H100,M-B,4,295,69.56300000008196,bound,0.160589067255049,0.15649282481839857,0.004096242436650438
qualification/cli02,H100,M-B,4,296,69.68800000008196,bound,0.160589067255049,0.15650146123642558,0.00408760601862343
qualification/cli02,H100,M-B,4,297,69.68800000008196,bound,0.160589067255049,0.1565020090802313,0.00408705817481772
qualification/cli02,H100,M-B,4,298,69.73499999998603,bound,0.160589067255049,0.15651217326730057,0.004076893987748437
qualification/cli02,H100,M-B,4,299,69.85999999998603,bound,0.160589067255049,0.15652125357422791,0.004067813680821097
qualification/cli02,H100,M-B,4,300,69.92200000002049,bound,0.160589067255049,0.15656787159371321,0.004021195661335797
qualification/cli02,H100,M-B,4,301,70.23499999998603,bound,0.160589067255049,0.15659639755605717,0.003992669698991841
qualification/cli02,H100,M-B,4,302,70.29700000002049,bound,0.160589067255049,0.1566049571849793,0.003984110070069713
qualification/cli02,H100,M-B,4,303,70.29700000002049,bound,0.160589067255049,0.15661888290411852,0.003970184350930495
qualification/cli02,H100,M-B,4,304,70.29700000002049,bound,0.160589067255049,0.1566609412614731,0.0039281259935759205
qualification/cli02,H100,M-B,4,305,70.35999999998603,bound,0.160589067255049,0.1566648607951872,0.003924206459861801
qualification/cli02,H100,M-B,4,306,70.35999999998603,bound,0.160589067255049,0.1566804419815439,0.003908625273505106
qualification/cli02,H100,M-B,4,307,70.375,bound,0.160589067255049,0.1567195014284989,0.0038695658265501254
qualification/cli02,H100,M-B,4,308,70.43800000008196,bound,0.160589067255049,0.15673064463614952,0.0038584226188994875
qualification/cli02,H100,M-B,4,309,70.5,bound,0.160589067255049,0.15677239698344947,0.0038166702715995426
qualification/cli02,H100,M-B,4,310,70.5,bound,0.160589067255049,0.1568029040638034,0.0037861631912456117
qualification/cli02,H100,M-B,4,311,70.5,bound,0.160589067255049,0.1568441188659882,0.0037449483890608093
qualification/cli02,H100,M-B,4,312,70.56300000008196,bound,0.160589067255049,0.1568581499975518,0.0037309172574972183
qualification/cli02,H100,M-B,4,313,70.56300000008196,bound,0.160589067255049,0.1568939673834238,0.0036950998716252237
qualification/cli02,H100,M-B,4,314,70.56300000008196,bound,0.160589067255049,0.15693590472701058,0.003653162528038434
qualification/cli02,H100,M-B,4,315,70.59400000004098,bound,0.160589067255049,0.15695768497820334,0.003631382276845674
qualification/cli02,H100,M-B,4,316,70.59400000004098,bound,0.160589067255049,0.15697294345702845,0.003616123798020565
qualification/cli02,H100,M-B,4,317,70.65700000000652,bound,0.160589067255049,0.15698703260209784,0.0036020346529511693
qualification/cli02,H100,M-B,4,318,70.65700000000652,bound,0.160589067255049,0.1570187121007468,0.003570355154302207
qualification/cli02,H100,M-B,4,319,70.68800000008196,bound,0.160589067255049,0.15701908671747344,0.0035699805375755678
qualification/cli02,H100,M-B,4,320,70.68800000008196,bound,0.160589067255049,0.15703322018924745,0.0035558470658015595
qualification/cli02,H100,M-B,4,321,70.68800000008196,bound,0.160589067255049,0.15704031681232228,0.0035487504427267336
qualification/cli02,H100,M-B,4,322,70.76600000006147,bound,0.160589067255049,0.15704041036204305,0.003548656893005958
qualification/cli02,H100,M-B,4,323,70.76600000006147,bound,0.160589067255049,0.1570429333488384,0.0035461339062106134
qualification/cli02,H100,M-B,4,324,70.82900000002701,bound,0.160589067255049,0.1570547075137307,0.0035343597413182992
qualification/cli02,H100,M-B,4,325,70.85999999998603,bound,0.160589067255049,0.15706620093397042,0.0035228663210785938
qualification/cli02,H100,M-B,4,326,70.85999999998603,bound,0.160589067255049,0.15708435803934623,0.0035047092157027837
qualification/cli02,H100,M-B,4,327,70.92200000002049,bound,0.160589067255049,0.15708810374898752,0.003500963506061494
qualification/cli02,H100,M-B,4,328,70.98499999998603,bound,0.160589067255049,0.15708956765445717,0.0034994996005918433
qualification/cli02,H100,M-B,4,329,71.06300000008196,bound,0.160589067255049,0.15710140194364047,0.0034876653114085387
qualification/cli02,H100,M-B,4,330,71.18800000008196,bound,0.160589067255049,0.15712445490695376,0.003464612348095253
qualification/cli02,H100,M-B,4,331,71.18800000008196,bound,0.160589067255049,0.1571347195681219,0.003454347686927123
qualification/cli02,H100,M-B,4,332,71.18800000008196,bound,0.160589067255049,0.15715432067720098,0.0034347465778480357
qualification/cli02,H100,M-B,4,333,71.18800000008196,bound,0.160589067255049,0.15716536810539616,0.003423699149652848
qualification/cli02,H100,M-B,4,334,71.18800000008196,bound,0.160589067255049,0.15718923262718199,0.0033998346278670266
qualification/cli02,H100,M-B,4,335,71.25,bound,0.160589067255049,0.1571970465402226,0.003392020714826416
qualification/cli02,H100,M-B,4,336,71.25,bound,0.160589067255049,0.15724618465157925,0.0033428826034697656
qualification/cli02,H100,M-B,4,337,71.375,bound,0.160589067255049,0.1572557968054906,0.0033332704495584176
qualification/cli02,H100,M-B,4,338,71.375,bound,0.160589067255049,0.15726410606190222,0.0033249611931467915
qualification/cli02,H100,M-B,4,339,71.43800000008196,bound,0.160589067255049,0.15728190675691095,0.003307160498138062
qualification/cli02,H100,M-B,4,340,71.59400000004098,bound,0.160589067255049,0.15731298649755143,0.003276080757497579
qualification/cli02,H100,M-B,4,341,71.59400000004098,bound,0.160589067255049,0.15731423254910873,0.0032748347059402827
qualification/cli02,H100,M-B,4,342,71.59400000004098,bound,0.160589067255049,0.15732660694120176,0.0032624603138472485
qualification/cli02,H100,M-B,4,343,71.59400000004098,bound,0.160589067255049,0.15736000900676644,0.003229058248282568
qualification/cli02,H100,M-B,4,344,71.59400000004098,bound,0.160589067255049,0.15736591551042853,0.003223151744620484
qualification/cli02,H100,M-B,4,345,71.67200000002049,bound,0.160589067255049,0.15739375751582296,0.0031953097392260488
qualification/cli02,H100,M-B,4,346,71.67200000002049,bound,0.160589067255049,0.15740206901964982,0.0031869982353991966
qualification/cli02,H100,M-B,4,347,71.67200000002049,bound,0.160589067255049,0.15741500706629266,0.00317406018875635
qualification/cli02,H100,M-B,4,348,71.70400000002701,bound,0.160589067255049,0.1574330926236369,0.003155974631412123
qualification/cli02,H100,M-B,4,349,71.76600000006147,bound,0.160589067255049,0.15743806016903403,0.003151007086014984
qualification/cli02,H100,M-B,4,350,71.76600000006147,bound,0.160589067255049,0.157450497214041,0.0031385700410080097
qualification/cli02,H100,M-B,4,351,71.76600000006147,bound,0.160589067255049,0.15748955742273194,0.0030995098323170767
qualification/cli02,H100,M-B,4,352,71.76600000006147,bound,0.160589067255049,0.15751334702939107,0.003075720225657941
qualification/cli02,H100,M-B,4,353,71.76600000006147,bound,0.160589067255049,0.15755582393340714,0.003033243321641871
qualification/cli02,H100,M-B,4,354,71.76600000006147,bound,0.160589067255049,0.1575580585066828,0.003031008748366204
qualification/cli02,H100,M-B,4,355,71.84400000004098,bound,0.160589067255049,0.15757061181132118,0.0030184554437278355
qualification/cli02,H100,M-B,4,356,71.89100000006147,bound,0.160589067255049,0.15757197029559133,0.003017096959457677
qualification/cli02,H100,M-B,4,357,71.89100000006147,bound,0.160589067255049,0.15758486360471433,0.003004203650334686
qualification/cli02,H100,M-B,4,358,71.95400000002701,bound,0.160589067255049,0.15758567146998026,0.003003395785068752
qualification/cli02,H100,M-B,4,359,71.95400000002701,bound,0.160589067255049,0.15758605441659382,0.0030030128384551935
qualification/cli02,H100,M-B,4,360,71.95400000002701,bound,0.160589067255049,0.15760639031260554,0.002982676942443474
qualification/cli02,H100,M-B,4,361,71.95400000002701,bound,0.160589067255049,0.15761660859840287,0.0029724586566461375
qualification/cli02,H100,M-B,4,362,71.95400000002701,bound,0.160589067255049,0.15763416602571578,0.002954901229333229
qualification/cli02,H100,M-B,4,363,72.03200000000652,bound,0.160589067255049,0.1576445375305438,0.002944529724505207
qualification/cli02,H100,M-B,4,364,72.03200000000652,bound,0.160589067255049,0.15767511128333092,0.0029139559717180907
qualification/cli02,H100,M-B,4,365,72.09400000004098,bound,0.160589067255049,0.1577046883630318,0.002884378892017203
qualification/cli02,H100,M-B,4,366,72.09400000004098,bound,0.160589067255049,0.1577192702176707,0.002869797037378302
qualification/cli02,H100,M-B,4,367,72.09400000004098,bound,0.160589067255049,0.15772303772841031,0.002866029526638697
qualification/cli02,H100,M-B,4,368,72.09400000004098,bound,0.160589067255049,0.1577439482573766,0.0028451189976724245
qualification/cli02,H100,M-B,4,369,72.09400000004098,bound,0.160589067255049,0.15777224036131285,0.002816826893736163
qualification/cli02,H100,M-B,4,370,72.09400000004098,bound,0.160589067255049,0.15777509762978645,0.0028139696252625634
qualification/cli02,H100,M-B,4,371,72.15700000000652,bound,0.160589067255049,0.15778302829929927,0.00280603895574974
qualification/cli02,H100,M-B,4,372,72.15700000000652,bound,0.160589067255049,0.15778450291520585,0.002804564339843163
qualification/cli02,H100,M-B,4,373,72.21900000004098,bound,0.160589067255049,0.15778725716887715,0.002801810086171863
qualification/cli02,H100,M-B,4,374,72.29700000002049,bound,0.160589067255049,0.1578124900538035,0.0027765772012455225
qualification/cli02,H100,M-B,4,375,72.29700000002049,bound,0.160589067255049,0.1578160718777903,0.0027729953772587246
qualification/cli02,H100,M-B,4,376,72.29700000002049,bound,0.160589067255049,0.15782029348375143,0.0027687737712975835
qualification/cli02,H100,M-B,4,377,72.35999999998603,bound,0.160589067255049,0.15783108876616395,0.0027579784888850656
qualification/cli02,H100,M-B,4,378,72.35999999998603,bound,0.160589067255049,0.1578454429553409,0.0027436242997081195
qualification/cli02,H100,M-B,4,379,72.42200000002049,bound,0.160589067255049,0.15786369358201374,0.0027253736730352696
qualification/cli02,H100,M-B,4,380,72.42200000002049,bound,0.160589067255049,0.157893258969408,0.002695808285641005
qualification/cli02,H100,M-B,4,381,72.42200000002049,bound,0.160589067255049,0.1578965223317771,0.0026925449232719223
qualification/cli02,H100,M-B,4,382,72.42200000002049,bound,0.160589067255049,0.15790280277345953,0.0026862644815894843
qualification/cli02,H100,M-B,4,383,72.45400000002701,bound,0.160589067255049,0.15790459935977416,0.00268446789527485
qualification/cli02,H100,M-B,4,384,72.45400000002701,bound,0.160589067255049,0.1579123427110859,0.002676724543963116
qualification/cli02,H100,M-B,4,385,72.45400000002701,bound,0.160589067255049,0.1579173067602962,0.0026717604947528173
qualification/cli02,H100,M-B,4,386,72.53200000000652,bound,0.160589067255049,0.15791941322234876,0.0026696540327002527
qualification/cli02,H100,M-B,4,387,72.59400000004098,bound,0.160589067255049,0.157925112383123,0.0026639548719259998
qualification/cli02,H100,M-B,4,388,72.59400000004098,bound,0.160589067255049,0.15792726774878216,0.0026617995062668542
qualification/cli02,H100,M-B,4,389,72.59400000004098,bound,0.160589067255049,0.15792930440322225,0.002659762851826758
qualification/cli02,H100,M-B,4,390,72.65700000000652,bound,0.160589067255049,0.1579564994397527,0.002632567815296305
qualification/cli02,H100,M-B,4,391,72.65700000000652,bound,0.160589067255049,0.15797128749210967,0.0026177797629393373
qualification/cli02,H100,M-B,4,392,72.65700000000652,bound,0.160589067255049,0.1579985482149248,0.002590519040124223
qualification/cli02,H100,M-B,4,393,72.65700000000652,bound,0.160589067255049,0.1580036311728158,0.0025854360822332167
qualification/cli02,H100,M-B,4,394,72.78200000000652,bound,0.160589067255049,0.15801205263013668,0.0025770146249123327
qualification/cli02,H100,M-B,4,395,72.78200000000652,bound,0.160589067255049,0.15802193192288222,0.0025671353321667922
qualification/cli02,H100,M-B,4,396,72.78200000000652,bound,0.160589067255049,0.15803596554674612,0.0025531017083028906
qualification/cli02,H100,M-B,4,397,72.78200000000652,bound,0.160589067255049,0.15804505722154852,0.0025440100335004934
qualification/cli02,H100,M-B,4,398,72.78200000000652,bound,0.160589067255049,0.15804759142075075,0.002541475834298257
qualification/cli02,H100,M-B,4,399,72.78200000000652,bound,0.160589067255049,0.1580648108762438,0.002524256378805212
qualification/cli02,H100,M-B,4,400,72.85999999998603,bound,0.160589067255049,0.1580820973193635,0.002506969935685499
qualification/cli02,H100,M-B,4,401,72.85999999998603,bound,0.160589067255049,0.15810559912800523,0.002483468127043781
qualification/cli02,H100,M-B,4,402,72.92200000002049,bound,0.160589067255049,0.1581158355648033,0.002473231690245714
qualification/cli02,H100,M-B,4,403,72.92200000002049,bound,0.160589067255049,0.1581479447945192,0.0024411224605297988
qualification/cli02,H100,M-B,4,404,72.95400000002701,bound,0.160589067255049,0.15815027266458023,0.002438794590468779
qualification/cli02,H100,M-B,4,405,72.95400000002701,bound,0.160589067255049,0.15815183478739855,0.0024372324676504575
qualification/cli02,H100,M-B,4,406,72.95400000002701,bound,0.160589067255049,0.15821227588625097,0.002376791368798037
qualification/cli02,H100,M-B,4,407,73.07900000002701,bound,0.160589067255049,0.15822899173119206,0.002360075523856947
qualification/cli02,H100,M-B,4,408,73.125,bound,0.160589067255049,0.15823032771756557,0.0023587395374834452
qualification/cli02,H100,M-B,4,409,73.15700000000652,bound,0.160589067255049,0.1582401767765659,0.0023488904784831066
qualification/cli02,H100,M-B,4,410,73.34400000004098,bound,0.160589067255049,0.15824444750799999,0.002344619747049026
qualification/cli02,H100,M-B,4,411,73.34400000004098,bound,0.160589067255049,0.15824824241660304,0.0023408248384459707
qualification/cli02,H100,M-B,4,412,73.34400000004098,bound,0.160589067255049,0.15826500322683196,0.0023240640282170544
qualification/cli02,H100,M-B,4,413,73.34400000004098,bound,0.160589067255049,0.1582768324647079,0.0023122347903411222
qualification/cli02,H100,M-B,4,414,73.40700000000652,bound,0.160589067255049,0.15828473602495152,0.0023043312300974894
qualification/cli02,H100,M-B,4,415,73.40700000000652,bound,0.160589067255049,0.15831348943889156,0.002275577816157448
qualification/cli02,H100,M-B,4,416,73.40700000000652,bound,0.160589067255049,0.1583289718097636,0.0022600954452854094
qualification/cli02,H100,M-B,4,417,73.46900000004098,bound,0.160589067255049,0.1583468968892451,0.0022421703658039027
qualification/cli02,H100,M-B,4,418,73.46900000004098,bound,0.160589067255049,0.1583531557266301,0.002235911528418899
qualification/cli02,H100,M-B,4,419,73.51600000006147,bound,0.160589067255049,0.15837036728007822,0.002218699974970789
qualification/cli02,H100,M-B,4,420,73.51600000006147,bound,0.160589067255049,0.15837556567059713,0.0022135015844518824
qualification/cli02,H100,M-B,4,421,73.85999999998603,bound,0.160589067255049,0.158380834008625,0.002208233246424024
qualification/cli02,H100,M-B,4,422,73.85999999998603,bound,0.160589067255049,0.15838230729479463,0.0022067599602543786
qualification/cli02,H100,M-B,4,423,73.85999999998603,bound,0.160589067255049,0.15840224879545753,0.002186818459591483
qualification/cli02,H100,M-B,4,424,73.93800000008196,bound,0.160589067255049,0.15840780301439616,0.002181264240652847
qualification/cli02,H100,M-B,4,425,73.93800000008196,bound,0.160589067255049,0.1584182284224716,0.002170838832577404
qualification/cli02,H100,M-B,4,426,73.93800000008196,bound,0.160589067255049,0.15843213429938752,0.0021569329556614947
qualification/cli02,H100,M-B,4,427,73.95400000002701,bound,0.160589067255049,0.15845533708416518,0.002133730170883835
qualification/cli02,H100,M-B,4,428,74.18800000008196,bound,0.160589067255049,0.15846552311376658,0.002123544141282435
qualification/cli02,H100,M-B,4,429,74.34400000004098,bound,0.160589067255049,0.15847137014169274,0.0021176971133562705
qualification/cli02,H100,M-B,4,430,74.34400000004098,bound,0.160589067255049,0.1584791565580513,0.002109910696997702
qualification/cli02,H100,M-B,4,431,74.34400000004098,bound,0.160589067255049,0.15848953357326623,0.0020995336817827837
qualification/cli02,H100,M-B,4,432,74.42200000002049,bound,0.160589067255049,0.15850353569649583,0.0020855315585531775
qualification/cli02,H100,M-B,4,433,74.42200000002049,bound,0.160589067255049,0.1585054827439502,0.0020835845110988016
qualification/cli02,H100,M-B,4,434,74.42200000002049,bound,0.160589067255049,0.15850993229668875,0.0020791349583602625
qualification/cli02,H100,M-B,4,435,74.42200000002049,bound,0.160589067255049,0.15854362325333335,0.0020454440017156628
qualification/cli02,H100,M-B,4,436,74.42200000002049,bound,0.160589067255049,0.15856541851087966,0.002023648744169354
qualification/cli02,H100,M-B,4,437,74.48499999998603,bound,0.160589067255049,0.15857986149160536,0.0020092057634436555
qualification/cli02,H100,M-B,4,438,74.48499999998603,bound,0.160589067255049,0.15863591907423127,0.0019531481808177376
qualification/cli02,H100,M-B,4,439,74.48499999998603,bound,0.160589067255049,0.15866147313406126,0.0019275941209877523
qualification/cli02,H100,M-B,4,440,74.48499999998603,bound,0.160589067255049,0.15867077165717772,0.0019182955978712946
qualification/cli02,H100,M-B,4,441,74.48499999998603,bound,0.160589067255049,0.15872710183556912,0.0018619654194798885
qualification/cli02,H100,M-B,4,442,74.54700000002049,bound,0.160589067255049,0.1587292273608356,0.0018598398942133998
qualification/cli02,H100,M-B,4,443,74.54700000002049,bound,0.160589067255049,0.15873451207547534,0.0018545551795736692
qualification/cli02,H100,M-B,4,444,74.60999999998603,bound,0.160589067255049,0.15873755391233157,0.0018515133427174368
qualification/cli02,H100,M-B,4,445,74.60999999998603,bound,0.160589067255049,0.15874461859416913,0.0018444486608798771
qualification/cli02,H100,M-B,4,446,74.67200000002049,bound,0.160589067255049,0.15874582467966095,0.0018432425753880655
qualification/cli02,H100,M-B,4,447,74.67200000002049,bound,0.160589067255049,0.15876317022081596,0.0018258970342330538
qualification/cli02,H100,M-B,4,448,74.73499999998603,bound,0.160589067255049,0.1587631702208173,0.0018258970342317216
qualification/cli02,H100,M-B,4,449,74.73499999998603,bound,0.160589067255049,0.15877099534093667,0.0018180719141123458
qualification/cli02,H100,M-B,4,450,74.73499999998603,bound,0.160589067255049,0.15877613544163025,0.0018129318134187666
qualification/cli02,H100,M-B,4,451,74.81300000008196,bound,0.160589067255049,0.158783253545909,0.001805813709140014
qualification/cli02,H100,M-B,4,452,74.81300000008196,bound,0.160589067255049,0.15879201773077972,0.0017970495242692897
qualification/cli02,H100,M-B,4,453,74.81300000008196,bound,0.160589067255049,0.15879823342826835,0.0017908338267806634
qualification/cli02,H100,M-B,4,454,74.81300000008196,bound,0.160589067255049,0.15881244415262666,0.0017766231024223533
qualification/cli02,H100,M-B,4,455,74.81300000008196,bound,0.160589067255049,0.15881265031354702,0.0017764169415019904
qualification/cli02,H100,M-B,4,456,74.875,bound,0.160589067255049,0.15881951845487635,0.00176954880017266
qualification/cli02,H100,M-B,4,457,74.875,bound,0.160589067255049,0.15882620416172555,0.0017628630933234635
qualification/cli02,H100,M-B,4,458,74.95400000002701,bound,0.160589067255049,0.15883292861318898,0.0017561386418600278
qualification/cli02,H100,M-B,4,459,75.01600000006147,bound,0.160589067255049,0.15883964160892725,0.001749425646121766
qualification/cli02,H100,M-B,4,460,75.01600000006147,bound,0.160589067255049,0.1588396416089273,0.0017494256461217106
qualification/cli02,H100,M-B,4,461,75.06300000008196,bound,0.160589067255049,0.15883968965309406,0.0017493776019549545
qualification/cli02,H100,M-B,4,462,75.14100000006147,bound,0.160589067255049,0.15884099998314435,0.0017480672719046575
qualification/cli02,H100,M-B,4,463,75.14100000006147,bound,0.160589067255049,0.15884130254899842,0.0017477647060505919
qualification/cli02,H100,M-B,4,464,75.14100000006147,bound,0.160589067255049,0.1588435595348483,0.0017455077202007119
qualification/cli02,H100,M-B,4,465,75.14100000006147,bound,0.160589067255049,0.15884610862336465,0.0017429586316843604
qualification/cli02,H100,M-B,4,466,75.14100000006147,bound,0.160589067255049,0.15884629127241004,0.0017427759826389722
qualification/cli02,H100,M-B,4,467,75.21900000004098,bound,0.160589067255049,0.15884732541940752,0.0017417418356414915
qualification/cli02,H100,M-B,4,468,75.26600000006147,bound,0.160589067255049,0.15884893711818585,0.001740130136863166
qualification/cli02,H100,M-B,4,469,75.32900000002701,bound,0.160589067255049,0.1588496837156653,0.0017393835393837154
qualification/cli02,H100,M-B,4,470,75.32900000002701,bound,0.160589067255049,0.15885558006785938,0.0017334871871896307
qualification/cli02,H100,M-B,4,471,75.35999999998603,bound,0.160589067255049,0.158855873778852,0.0017331934761970202
qualification/cli02,H100,M-B,4,472,75.42200000002049,bound,0.160589067255049,0.1588628967650504,0.001726170489998624
qualification/cli02,H100,M-B,4,473,75.42200000002049,bound,0.160589067255049,0.15886378437856377,0.0017252828764852401
qualification/cli02,H100,M-B,4,474,75.42200000002049,bound,0.160589067255049,0.15886821179034938,0.0017208554646996332
qualification/cli02,H100,M-B,4,475,75.48499999998603,bound,0.160589067255049,0.15886949825037738,0.0017195690046716283
qualification/cli02,H100,M-B,4,476,75.48499999998603,bound,0.160589067255049,0.1588716167155838,0.001717450539465204
qualification/cli02,H100,M-B,4,477,75.54700000002049,bound,0.160589067255049,0.15887725819099036,0.0017118090640586558
qualification/cli02,H100,M-B,4,478,75.54700000002049,bound,0.160589067255049,0.15887768678742267,0.0017113804676263389
qualification/cli02,H100,M-B,4,479,75.54700000002049,bound,0.160589067255049,0.15887782902699926,0.0017112382280497496
qualification/cli02,H100,M-B,4,480,75.60999999998603,bound,0.160589067255049,0.1588833746200715,0.0017056926349775237
qualification/cli02,H100,M-B,4,481,75.67200000002049,bound,0.160589067255049,0.15889421029217438,0.0016948569628746357
qualification/cli02,H100,M-B,4,482,75.71900000004098,bound,0.160589067255049,0.1589127397825844,0.0016763274724646005
qualification/cli02,H100,M-B,4,483,75.71900000004098,bound,0.160589067255049,0.15891363101090275,0.0016754362441462611
qualification/cli02,H100,M-B,4,484,75.78200000000652,bound,0.160589067255049,0.15891630060418097,0.001672766650868046
qualification/cli02,H100,M-B,4,485,75.78200000000652,bound,0.160589067255049,0.15891671632851406,0.001672350926534949
qualification/cli02,H100,M-B,4,486,75.84400000004098,bound,0.160589067255049,0.15892459525388997,0.0016644720011590453
qualification/cli02,H100,M-B,4,487,75.92200000002049,bound,0.160589067255049,0.15893703712392873,0.00165203013112028
qualification/cli02,H100,M-B,4,488,75.92200000002049,bound,0.160589067255049,0.15893729993850925,0.001651767316539765
qualification/cli02,H100,M-B,4,489,75.92200000002049,bound,0.160589067255049,0.15894557997314587,0.0016434872819031388
qualification/cli02,H100,M-B,4,490,75.92200000002049,bound,0.160589067255049,0.15894814929133927,0.0016409179637097426
qualification/cli02,H100,M-B,4,491,76.0,bound,0.160589067255049,0.1589481492913944,0.00164091796365462
qualification/cli02,H100,M-B,4,492,76.0,bound,0.160589067255049,0.1589516712248462,0.001637396030202798
qualification/cli02,H100,M-B,4,493,76.06300000008196,bound,0.160589067255049,0.15895297460687496,0.0016360926481740479
qualification/cli02,H100,M-B,4,494,76.06300000008196,bound,0.160589067255049,0.15895390159346232,0.001635165661586696
qualification/cli02,H100,M-B,4,495,76.06300000008196,bound,0.160589067255049,0.15895815543632558,0.001630911818723435
qualification/cli02,H100,M-B,4,496,76.06300000008196,bound,0.160589067255049,0.158972914495319,0.0016161527597300107
qualification/cli02,H100,M-B,4,497,76.125,bound,0.160589067255049,0.1589740086975233,0.0016150585575257226
qualification/cli02,H100,M-B,4,498,76.125,bound,0.160589067255049,0.1589753551693412,0.001613712085707819
qualification/cli02,H100,M-B,4,499,76.125,bound,0.160589067255049,0.15898309374507696,0.0016059735099720474
qualification/cli02,H100,M-B,4,500,76.21900000004098,bound,0.160589067255049,0.15898709441511372,0.001601972839935295
qualification/cli02,H100,M-B,4,501,76.21900000004098,bound,0.160589067255049,0.15899880749274126,0.0015902597623077552
qualification/cli02,H100,M-B,4,502,76.21900000004098,bound,0.160589067255049,0.15899892397830767,0.0015901432767413404
qualification/cli02,H100,M-B,4,503,76.21900000004098,bound,0.160589067255049,0.15901452124089802,0.001574546014150996
qualification/cli02,H100,M-B,4,504,76.28200000000652,bound,0.160589067255049,0.15901793197078803,0.0015711352842609771
qualification/cli02,H100,M-B,4,505,76.28200000000652,bound,0.160589067255049,0.15902292088752093,0.0015661463675280818
qualification/cli02,H100,M-B,4,506,76.28200000000652,bound,0.160589067255049,0.15902378237023748,0.0015652848848115297
qualification/cli02,H100,M-B,4,507,76.28200000000652,bound,0.160589067255049,0.15902783462526154,0.001561232629787468
qualification/cli02,H100,M-B,4,508,76.28200000000652,bound,0.160589067255049,0.1590286654843165,0.0015604017707325224
qualification/cli02,H100,M-B,4,509,76.28200000000652,bound,0.160589067255049,0.15902974517591154,0.0015593220791374762
qualification/cli02,H100,M-B,4,510,76.28200000000652,bound,0.160589067255049,0.1590328767500734,0.001556190504975602
qualification/cli02,H100,M-B,4,511,76.28200000000652,bound,0.160589067255049,0.15903433968778372,0.001554727567265296
qualification/cli02,H100,M-B,4,512,76.28200000000652,bound,0.160589067255049,0.1590460380684879,0.0015430291865611012
qualification/cli02,H100,M-B,4,513,76.35999999998603,bound,0.160589067255049,0.15904770698438433,0.0015413602706646767
qualification/cli02,H100,M-B,4,514,76.35999999998603,bound,0.160589067255049,0.15904857306841735,0.001540494186631658
qualification/cli02,H100,M-B,4,515,76.35999999998603,bound,0.160589067255049,0.15904861946410825,0.0015404477909407577
qualification/cli02,H100,M-B,4,516,76.35999999998603,bound,0.160589067255049,0.159048719159885,0.0015403480951640125
qualification/cli02,H100,M-B,4,517,76.39100000006147,bound,0.160589067255049,0.15905810648735508,0.001530960767693934
qualification/cli02,H100,M-B,4,518,76.39100000006147,bound,0.160589067255049,0.15906885161896184,0.0015202156360871744
qualification/cli02,H100,M-B,4,519,76.39100000006147,bound,0.160589067255049,0.15906942054476425,0.001519646710284761
qualification/cli02,H100,M-B,4,520,76.39100000006147,bound,0.160589067255049,0.15907249611621438,0.0015165711388346326
qualification/cli02,H100,M-B,4,521,76.39100000006147,bound,0.160589067255049,0.159073201591932,0.0015158656631170109
qualification/cli02,H100,M-B,4,522,76.42200000002049,bound,0.160589067255049,0.15908285446780107,0.0015062127872479403
qualification/cli02,H100,M-B,4,523,76.5,bound,0.160589067255049,0.1590828769367356,0.0015061903183134218
qualification/cli02,H100,M-B,4,524,76.5,bound,0.160589067255049,0.159085667672826,0.0015033995822230084
qualification/cli02,H100,M-B,4,525,76.5,bound,0.160589067255049,0.15908675729000812,0.0015023099650408878
qualification/cli02,H100,M-B,4,526,76.56300000008196,bound,0.160589067255049,0.15910057286162924,0.0014884943934197759
qualification/cli02,H100,M-B,4,527,76.56300000008196,bound,0.160589067255049,0.159100900958719,0.0014881662963300013
qualification/cli02,H100,M-B,4,528,76.56300000008196,bound,0.160589067255049,0.1591022196483271,0.0014868476067219083
qualification/cli02,H100,M-B,4,529,76.625,bound,0.160589067255049,0.1591067116115352,0.0014823556435138163
qualification/cli02,H100,M-B,4,530,76.625,bound,0.160589067255049,0.15910671161153522,0.0014823556435137886
qualification/cli02,H100,M-B,4,531,76.70400000002701,bound,0.160589067255049,0.1591114837862952,0.001477583468753818
qualification/cli02,H100,M-B,4,532,76.70400000002701,bound,0.160589067255049,0.15911485277490142,0.0014742144801475898
qualification/cli02,H100,M-B,4,533,76.70400000002701,bound,0.160589067255049,0.15912083589404544,0.0014682313610035747
qualification/cli02,H100,M-B,4,534,76.70400000002701,bound,0.160589067255049,0.15912207045236873,0.0014669968026802815
qualification/cli02,H100,M-B,4,535,76.70400000002701,bound,0.160589067255049,0.15912434580474535,0.0014647214503036576
qualification/cli02,H100,M-B,4,536,76.70400000002701,bound,0.160589067255049,0.15912853631570475,0.0014605309393442567
qualification/cli02,H100,M-B,4,537,76.70400000002701,bound,0.160589067255049,0.1591309233403368,0.0014581439147122177
qualification/cli02,H100,M-B,4,538,76.70400000002701,bound,0.160589067255049,0.1591322393028822,0.0014568279521668115
qualification/cli02,H100,M-B,4,539,76.76600000006147,bound,0.160589067255049,0.15913906395924943,0.0014500032957995845
qualification/cli02,H100,M-B,4,540,76.76600000006147,bound,0.160589067255049,0.15914572139194003,0.0014433458631089857
qualification/cli02,H100,M-B,4,541,76.76600000006147,bound,0.160589067255049,0.15914954303915763,0.0014395242158913857
qualification/cli02,H100,M-B,4,542,76.76600000006147,bound,0.160589067255049,0.1591586223320075,0.0014304449230415073
qualification/cli02,H100,M-B,4,543,76.89100000006147,bound,0.160589067255049,0.15916054586000178,0.001428521395047233
qualification/cli02,H100,M-B,4,544,76.89100000006147,bound,0.160589067255049,0.15916469243968392,0.001424374815365087
qualification/cli02,H100,M-B,4,545,76.89100000006147,bound,0.160589067255049,0.15916480669797728,0.0014242605570717326
qualification/cli02,H100,M-B,4,546,76.95400000002701,bound,0.160589067255049,0.15918692088377254,0.0014021463712764748
qualification/cli02,H100,M-B,4,547,76.95400000002701,bound,0.160589067255049,0.15919528227233543,0.0013937849827135862
qualification/cli02,H100,M-B,4,548,76.95400000002701,bound,0.160589067255049,0.1591979699431784,0.0013910973118706205
qualification/cli02,H100,M-B,4,549,76.95400000002701,bound,0.160589067255049,0.159201343976501,0.0013877232785480254
qualification/cli02,H100,M-B,4,550,76.95400000002701,bound,0.160589067255049,0.1592026754183568,0.0013863918366922023
qualification/cli02,H100,M-B,4,551,77.01600000006147,bound,0.160589067255049,0.15920823957942437,0.0013808276756246407
qualification/cli02,H100,M-B,4,552,77.01600000006147,bound,0.160589067255049,0.15922512660421806,0.0013639406508309526
qualification/cli02,H100,M-B,4,553,77.01600000006147,bound,0.160589067255049,0.15923172966116303,0.0013573375938859822
qualification/cli02,H100,M-B,4,554,77.14100000006147,bound,0.160589067255049,0.15924296575379152,0.0013461015012574962
qualification/cli02,H100,M-B,4,555,77.14100000006147,bound,0.160589067255049,0.15924296575379177,0.0013461015012572464
qualification/cli02,H100,M-B,4,556,77.15700000000652,bound,0.160589067255049,0.15924602450743613,0.001343042747612877
qualification/cli02,H100,M-B,4,557,77.21900000004098,bound,0.160589067255049,0.15924684421578425,0.0013422230392647616
qualification/cli02,H100,M-B,4,558,77.21900000004098,bound,0.160589067255049,0.15924820708006418,0.0013408601749848315
qualification/cli02,H100,M-B,4,559,77.21900000004098,bound,0.160589067255049,0.1592568393515962,0.001332227903452804
qualification/cli02,H100,M-B,4,560,77.28200000000652,bound,0.160589067255049,0.1592581563230755,0.0013309109319735168
qualification/cli02,H100,M-B,4,561,77.28200000000652,bound,0.160589067255049,0.15925815632307572,0.0013309109319732948
qualification/cli02,H100,M-B,4,562,77.28200000000652,bound,0.160589067255049,0.15926043952900976,0.0013286277260392554
qualification/cli02,H100,M-B,4,563,77.28200000000652,bound,0.160589067255049,0.1592624916850184,0.0013265755700306026
qualification/cli02,H100,M-B,4,564,77.28200000000652,bound,0.160589067255049,0.15926789061250776,0.0013211766425412497
qualification/cli02,H100,M-B,4,565,77.28200000000652,bound,0.160589067255049,0.15927089335237038,0.001318173902678632
qualification/cli02,H100,M-B,4,566,77.29700000002049,bound,0.160589067255049,0.15927730932852113,0.001311757926527879
qualification/cli02,H100,M-B,4,567,77.29700000002049,bound,0.160589067255049,0.15928538539961812,0.0013036818554308938
qualification/cli02,H100,M-B,4,568,77.29700000002049,bound,0.160589067255049,0.15928893832027194,0.0013001289347770728
qualification/cli02,H100,M-B,4,569,77.35999999998603,bound,0.160589067255049,0.15928980807768067,0.0012992591773683393
qualification/cli02,H100,M-B,4,570,77.35999999998603,bound,0.160589067255049,0.159294567241582,0.0012945000134670093
qualification/cli02,H100,M-B,4,571,77.45400000002701,bound,0.160589067255049,0.15929592824471175,0.0012931390103372575
qualification/cli02,H100,M-B,4,572,77.45400000002701,bound,0.160589067255049,0.15930110950853668,0.0012879577465123304
qualification/cli02,H100,M-B,4,573,77.45400000002701,bound,0.160589067255049,0.15931617383198116,0.0012728934230678557
qualification/cli02,H100,M-B,4,574,77.45400000002701,bound,0.160589067255049,0.15931679019890368,0.0012722770561453267
qualification/cli02,H100,M-B,4,575,77.48499999998603,bound,0.160589067255049,0.15931736294603002,0.0012717043090189895
qualification/cli02,H100,M-B,4,576,77.48499999998603,bound,0.160589067255049,0.1593186859253454,0.0012703813297036126
qualification/cli02,H100,M-B,4,577,77.56300000008196,bound,0.160589067255049,0.15932471668720544,0.0012643505678435751
qualification/cli02,H100,M-B,4,578,77.56300000008196,bound,0.160589067255049,0.15932640379541138,0.0012626634596376307
qualification/cli02,H100,M-B,4,579,77.56300000008196,bound,0.160589067255049,0.1593349173924179,0.0012541498626311154
qualification/cli02,H100,M-B,4,580,77.56300000008196,bound,0.160589067255049,0.1593356495458367,0.0012534177092123067
qualification/cli02,H100,M-B,4,581,77.56300000008196,bound,0.160589067255049,0.15933842986992733,0.0012506373851216834
qualification/cli02,H100,M-B,4,582,77.56300000008196,bound,0.160589067255049,0.1593390548081771,0.0012500124468719231
qualification/cli02,H100,M-B,4,583,77.625,bound,0.160589067255049,0.15934547053558834,0.0012435967194606712
qualification/cli02,H100,M-B,4,584,77.625,bound,0.160589067255049,0.15934693874191083,0.0012421285131381798
qualification/cli02,H100,M-B,4,585,77.625,bound,0.160589067255049,0.1593483185217959,0.0012407487332531109
qualification/cli02,H100,M-B,4,586,77.625,bound,0.160589067255049,0.15935048722755302,0.0012385800274959946
qualification/cli02,H100,M-B,4,587,77.65700000000652,bound,0.160589067255049,0.15935516724330592,0.0012339000117430887
qualification/cli02,H100,M-B,4,588,77.65700000000652,bound,0.160589067255049,0.1593572563037612,0.0012318109512877984
qualification/cli02,H100,M-B,4,589,78.23499999998603,bound,0.160589067255049,0.1593603653455843,0.0012287019094647245
qualification/cli02,H100,M-B,4,590,79.51600000006147,bound,0.160589067255049,0.15936133110627929,0.0012277361487697258
qualification/cli02,H100,M-B,4,591,79.51600000006147,bound,0.160589067255049,0.159363150526543,0.001225916728505999
qualification/cli02,H100,M-B,4,592,79.59400000004098,bound,0.160589067255049,0.15936360629020194,0.001225460964847075
qualification/cli02,H100,M-B,4,593,79.59400000004098,bound,0.160589067255049,0.1593677596129788,0.0012213076420702074
qualification/cli02,H100,M-B,4,594,79.59400000004098,bound,0.160589067255049,0.15937219497560828,0.0012168722794407283
qualification/cli02,H100,M-B,4,595,79.59400000004098,bound,0.160589067255049,0.1593740167137552,0.0012150505412938106
qualification/cli02,H100,M-B,4,596,79.59400000004098,bound,0.160589067255049,0.15937452624331594,0.0012145410117330724
qualification/cli02,H100,M-B,4,597,79.59400000004098,bound,0.160589067255049,0.15937561070658296,0.001213456548466052
qualification/cli02,H100,M-B,4,598,79.71900000004098,bound,0.160589067255049,0.15937563984579486,0.0012134274092541475
qualification/cli02,H100,M-B,4,599,79.71900000004098,bound,0.160589067255049,0.15937646434634703,0.0012126029087019818
qualification/cli02,H100,M-B,4,600,79.71900000004098,bound,0.160589067255049,0.15937857817599907,0.0012104890790499423
qualification/cli02,H100,M-B,4,601,79.71900000004098,bound,0.160589067255049,0.1593798040149984,0.0012092632400506065
qualification/cli02,H100,M-B,4,602,79.71900000004098,bound,0.160589067255049,0.1593807359643986,0.0012083312906503996
qualification/cli02,H100,M-B,4,603,79.71900000004098,bound,0.160589067255049,0.15938771182992986,0.0012013554251191494
qualification/cli02,H100,M-B,4,604,79.78200000000652,bound,0.160589067255049,0.15938856745142685,0.0012004998036221626
qualification/cli02,H100,M-B,4,605,79.78200000000652,bound,0.160589067255049,0.15938982936654517,0.0011992378885038457
qualification/cli02,H100,M-B,4,606,79.78200000000652,bound,0.160589067255049,0.1593911206229161,0.0011979466321329069
qualification/cli02,H100,M-B,4,607,79.78200000000652,bound,0.160589067255049,0.15939127972684577,0.0011977875282032369
qualification/cli02,H100,M-B,4,608,79.78200000000652,bound,0.160589067255049,0.15939232250451685,0.0011967447505321638
qualification/cli02,H100,M-B,4,609,79.92200000002049,bound,0.160589067255049,0.15939486418403115,0.001194203071017863
qualification/cli02,H100,M-B,4,610,79.92200000002049,bound,0.160589067255049,0.15940428705197918,0.0011847802030698351
qualification/cli02,H100,M-B,4,611,79.92200000002049,bound,0.160589067255049,0.15940496595232842,0.0011841013027205916
qualification/cli02,H100,M-B,4,612,79.92200000002049,bound,0.160589067255049,0.1594050727453918,0.001183994509657199
qualification/cli02,H100,M-B,4,613,79.92200000002049,bound,0.160589067255049,0.15940575834633444,0.0011833089087145698
qualification/cli02,H100,M-B,4,614,79.92200000002049,bound,0.160589067255049,0.1594076922062811,0.0011813750487679187
qualification/cli02,H100,M-B,4,615,79.92200000002049,bound,0.160589067255049,0.1594093216715141,0.0011797455835349246
qualification/cli02,H100,M-B,4,616,79.92200000002049,bound,0.160589067255049,0.15941100635378397,0.0011780609012650434
qualification/cli02,H100,M-B,4,617,79.92200000002049,bound,0.160589067255049,0.15941102812192975,0.0011780391331192575
qualification/cli02,H100,M-B,4,618,79.96900000004098,bound,0.160589067255049,0.1594172087307979,0.0011718585242511126
qualification/cli02,H100,M-B,4,619,79.96900000004098,bound,0.160589067255049,0.1594195848406469,0.0011694824144021232
qualification/cli02,H100,M-B,4,620,80.03200000000652,bound,0.160589067255049,0.1594200208495762,0.0011690464054728011
qualification/cli02,H100,M-B,4,621,80.06300000008196,bound,0.160589067255049,0.15942185786785645,0.0011672093871925582
qualification/cli02,H100,M-B,4,622,80.06300000008196,bound,0.160589067255049,0.15942265493699342,0.0011664123180555874
qualification/cli02,H100,M-B,4,623,80.06300000008196,bound,0.160589067255049,0.15942309207175,0.0011659751832990006
qualification/cli02,H100,M-B,4,624,80.125,bound,0.160589067255049,0.15942435628023524,0.0011647109748137707
qualification/cli02,H100,M-B,4,625,80.125,bound,0.160589067255049,0.15943043331342582,0.0011586339416231883
qualification/cli02,H100,M-B,4,626,80.125,bound,0.160589067255049,0.15943083934432606,0.0011582279107229532
qualification/cli02,H100,M-B,4,627,80.125,bound,0.160589067255049,0.1594419171979319,0.0011471500571171023
qualification/cli02,H100,M-B,4,628,80.125,bound,0.160589067255049,0.15944949224625415,0.0011395750087948575
qualification/cli02,H100,M-B,4,629,80.125,bound,0.160589067255049,0.1594526714768426,0.0011363957782064005
qualification/cli02,H100,M-B,4,630,80.125,bound,0.160589067255049,0.1594530492225047,0.001136018032544317
qualification/cli02,H100,M-B,4,631,80.18800000008196,bound,0.160589067255049,0.15945423423729863,0.0011348330177503863
qualification/cli02,H100,M-B,4,632,80.18800000008196,bound,0.160589067255049,0.15945476212815343,0.0011343051268955795
qualification/cli02,H100,M-B,4,633,80.18800000008196,bound,0.160589067255049,0.15945603845328732,0.001133028801761693
qualification/cli02,H100,M-B,4,634,80.18800000008196,bound,0.160589067255049,0.15945838856809957,0.0011306786869494379
qualification/cli02,H100,M-B,4,635,80.18800000008196,bound,0.160589067255049,0.1594600960376655,0.0011289712173835065
qualification/cli02,H100,M-B,4,636,80.25,bound,0.160589067255049,0.15946193194694633,0.0011271353081026836
qualification/cli02,H100,M-B,4,637,80.25,bound,0.160589067255049,0.15946216026736548,0.0011269069876835291
qualification/cli02,H100,M-B,4,638,80.25,bound,0.160589067255049,0.15946363077627213,0.0011254364787768867
qualification/cli02,H100,M-B,4,639,80.25,bound,0.160589067255049,0.15946431899609975,0.0011247482589492597
qualification/cli02,H100,M-B,4,640,80.25,bound,0.160589067255049,0.15946677056554218,0.0011222966895068354
qualification/cli02,H100,M-B,4,641,80.25,bound,0.160589067255049,0.15946840227240439,0.0011206649826446258
qualification/cli02,H100,M-B,4,642,80.29700000002049,bound,0.160589067255049,0.1594691428319633,0.0011199244230856997
qualification/cli02,H100,M-B,4,643,80.29700000002049,bound,0.160589067255049,0.1594691428319636,0.0011199244230854222
qualification/cli02,H100,M-B,4,644,80.29700000002049,bound,0.160589067255049,0.15946961970044285,0.0011194475546061622
qualification/cli02,H100,M-B,4,645,80.29700000002049,bound,0.160589067255049,0.15947046184213717,0.0011186054129118383
qualification/cli02,H100,M-B,4,646,80.32900000002701,bound,0.160589067255049,0.15947660876073225,0.0011124584943167648
qualification/cli02,H100,M-B,4,647,80.35999999998603,bound,0.160589067255049,0.1594779505035832,0.0011111167514658016
qualification/cli02,H100,M-B,4,648,80.35999999998603,bound,0.160589067255049,0.15947818050688378,0.0011108867481652296
qualification/cli02,H100,M-B,4,649,80.35999999998603,bound,0.160589067255049,0.15948063845678537,0.0011084287982636443
qualification/cli02,H100,M-B,4,650,80.35999999998603,bound,0.160589067255049,0.15948381209559706,0.001105255159451951
qualification/cli02,H100,M-B,4,651,80.35999999998603,bound,0.160589067255049,0.15949221560849344,0.0010968516465555689
qualification/cli02,H100,M-B,4,652,80.35999999998603,bound,0.160589067255049,0.15949616867811942,0.0010928985769295962
qualification/cli02,H100,M-B,4,653,80.39100000006147,bound,0.160589067255049,0.1594980047628773,0.0010910624921717238
qualification/cli02,H100,M-B,4,654,80.39100000006147,bound,0.160589067255049,0.15950305754518807,0.0010860097098609467
qualification/cli02,H100,M-B,4,655,80.39100000006147,bound,0.160589067255049,0.15950317079292614,0.0010858964621228706
qualification/cli02,H100,M-B,4,656,80.39100000006147,bound,0.160589067255049,0.1595057667715052,0.0010833004835438254
qualification/cli02,H100,M-B,4,657,80.39100000006147,bound,0.160589067255049,0.1595076107767301,0.0010814564783189207
qualification/cli02,H100,M-B,4,658,80.45400000002701,bound,0.160589067255049,0.15950959465262352,0.0010794726024254964
qualification/cli02,H100,M-B,4,659,80.45400000002701,bound,0.160589067255049,0.15951431171787459,0.0010747555371744266
qualification/cli02,H100,M-B,4,660,80.45400000002701,bound,0.160589067255049,0.15952756798364823,0.0010614992714007843
qualification/cli02,H100,M-B,4,661,80.45400000002701,bound,0.160589067255049,0.1595288673439453,0.0010601999111037042
qualification/cli02,H100,M-B,4,662,80.48499999998603,bound,0.160589067255049,0.1595339752350177,0.0010550920200313174
qualification/cli02,H100,M-B,4,663,80.48499999998603,bound,0.160589067255049,0.15954043946553015,0.0010486277895188634
qualification/cli02,H100,M-B,4,664,80.48499999998603,bound,0.160589067255049,0.1595414854976684,0.0010475817573806223
qualification/cli02,H100,M-B,4,665,80.48499999998603,bound,0.160589067255049,0.15954205639514413,0.0010470108599048844
qualification/cli02,H100,M-B,4,666,80.48499999998603,bound,0.160589067255049,0.1595465223144429,0.0010425449406060994
qualification/cli02,H100,M-B,4,667,80.48499999998603,bound,0.160589067255049,0.15954652231444338,0.0010425449406056275
qualification/cli02,H100,M-B,4,668,80.56300000008196,bound,0.160589067255049,0.15955707603059818,0.001031991224450829
qualification/cli02,H100,M-B,4,669,80.60999999998603,bound,0.160589067255049,0.15955969265224923,0.0010293746027997819
qualification/cli02,H100,M-B,4,670,80.60999999998603,bound,0.160589067255049,0.1595611554366582,0.0010279118183908198
qualification/cli02,H100,M-B,4,671,80.60999999998603,bound,0.160589067255049,0.1595613545226725,0.0010277127323765067
qualification/cli02,H100,M-B,4,672,80.625,bound,0.160589067255049,0.15956375177606869,0.0010253154789803265
qualification/cli02,H100,M-B,4,673,80.68800000008196,bound,0.160589067255049,0.1595655075770132,0.0010235596780358014
qualification/cli02,H100,M-B,4,674,80.73499999998603,bound,0.160589067255049,0.15956550757701507,0.0010235596780339418
qualification/cli02,H100,M-B,4,675,80.75,bound,0.160589067255049,0.15956760254712238,0.0010214647079266337
qualification/cli02,H100,M-B,4,676,80.75,bound,0.160589067255049,0.15957393620390717,0.0010151310511418432
qualification/cli02,H100,M-B,4,677,80.75,bound,0.160589067255049,0.15957701085769774,0.0010120563973512742
qualification/cli02,H100,M-B,4,678,80.78200000000652,bound,0.160589067255049,0.15958210027870876,0.0010069669763402567
qualification/cli02,H100,M-B,4,679,80.78200000000652,bound,0.160589067255049,0.15959316814054936,0.0009958991144996543
qualification/cli02,H100,M-B,4,680,80.78200000000652,bound,0.160589067255049,0.1595991221771557,0.0009899450778933228
qualification/cli02,H100,M-B,4,681,80.78200000000652,bound,0.160589067255049,0.1596005805795442,0.0009884866755048016
qualification/cli02,H100,M-B,4,682,80.78200000000652,bound,0.160589067255049,0.1596032577005861,0.0009858095544629242
qualification/cli02,H100,M-B,4,683,80.78200000000652,bound,0.160589067255049,0.15960579980177295,0.0009832674532760655
qualification/cli02,H100,M-B,4,684,80.78200000000652,bound,0.160589067255049,0.15961139793943274,0.0009776693156162697
qualification/cli02,H100,M-B,4,685,80.78200000000652,bound,0.160589067255049,0.1596160851379393,0.0009729821171097219
qualification/cli02,H100,M-B,4,686,80.78200000000652,bound,0.160589067255049,0.1596181913922448,0.0009708758628041991
qualification/cli02,H100,M-B,4,687,80.78200000000652,bound,0.160589067255049,0.1596208311672108,0.0009682360878382201
qualification/cli02,H100,M-B,4,688,80.78200000000652,bound,0.160589067255049,0.1596225574950459,0.0009665097600031203
qualification/cli02,H100,M-B,4,689,80.84400000004098,bound,0.160589067255049,0.15962342486828238,0.0009656423867666353
qualification/cli02,H100,M-B,4,690,80.84400000004098,bound,0.160589067255049,0.15963550879965693,0.0009535584553920784
qualification/cli02,H100,M-B,4,691,80.84400000004098,bound,0.160589067255049,0.1596382057445352,0.000950861510513823
qualification/cli02,H100,M-B,4,692,80.84400000004098,bound,0.160589067255049,0.15964091134175667,0.0009481559132923367
qualification/cli02,H100,M-B,4,693,80.84400000004098,bound,0.160589067255049,0.15964200216635183,0.0009470650886971854
qualification/cli02,H100,M-B,4,694,80.84400000004098,bound,0.160589067255049,0.15964443284471902,0.000944634410329992
qualification/cli02,H100,M-B,4,695,80.875,bound,0.160589067255049,0.15965039177057694,0.0009386754844720735
qualification/cli02,H100,M-B,4,696,80.95400000002701,bound,0.160589067255049,0.159660860225931,0.000928207029118
qualification/cli02,H100,M-B,4,697,80.95400000002701,bound,0.160589067255049,0.15966123175705876,0.0009278354979902481
qualification/cli02,H100,M-B,4,698,80.95400000002701,bound,0.160589067255049,0.15966408213537525,0.0009249851196737602
qualification/cli02,H100,M-B,4,699,80.95400000002701,bound,0.160589067255049,0.15966949372218986,0.0009195735328591526
qualification/cli02,H100,M-B,4,700,80.95400000002701,bound,0.160589067255049,0.15967007217652704,0.0009189950785219725
qualification/cli02,H100,M-B,4,701,80.95400000002701,bound,0.160589067255049,0.15968916933916985,0.0008998979158791609
qualification/cli02,H100,M-B,4,702,81.01600000006147,bound,0.160589067255049,0.15969593269377805,0.000893134561270964
qualification/cli02,H100,M-B,4,703,81.01600000006147,bound,0.160589067255049,0.15970426077284142,0.0008848064822075952
qualification/cli02,H100,M-B,4,704,81.01600000006147,bound,0.160589067255049,0.15970803402803802,0.0008810332270109966
qualification/cli02,H100,M-B,4,705,81.01600000006147,bound,0.160589067255049,0.15971080899592371,0.0008782582591252974
qualification/cli02,H100,M-B,4,706,81.01600000006147,bound,0.160589067255049,0.15971194831771837,0.0008771189373306398
qualification/cli02,H100,M-B,4,707,81.01600000006147,bound,0.160589067255049,0.1597124038255963,0.0008766634294527231
qualification/cli02,H100,M-B,4,708,81.07900000002701,bound,0.160589067255049,0.15971425456017785,0.0008748126948711632
qualification/cli02,H100,M-B,4,709,81.07900000002701,bound,0.160589067255049,0.15971457592643384,0.0008744913286151679
qualification/cli02,H100,M-B,4,710,81.14100000006147,bound,0.160589067255049,0.1597199503882181,0.0008691168668309157
qualification/cli02,H100,M-B,4,711,81.14100000006147,bound,0.160589067255049,0.15972907520714918,0.0008599920478998269
qualification/cli02,H100,M-B,4,712,81.14100000006147,bound,0.160589067255049,0.15973079743412436,0.0008582698209246564
qualification/cli02,H100,M-B,4,713,81.14100000006147,bound,0.160589067255049,0.15973502108855492,0.0008540461664940935
qualification/cli02,H100,M-B,4,714,81.14100000006147,bound,0.160589067255049,0.15974220357299926,0.0008468636820497533
qualification/cli02,H100,M-B,4,715,81.14100000006147,bound,0.160589067255049,0.1597501524991611,0.000838914755887904
qualification/cli02,H100,M-B,4,716,81.14100000006147,bound,0.160589067255049,0.15975410893065306,0.0008349583243959513
qualification/cli02,H100,M-B,4,717,81.14100000006147,bound,0.160589067255049,0.15975575771097278,0.0008333095440762328
qualification/cli02,H100,M-B,4,718,81.14100000006147,bound,0.160589067255049,0.15975723044523588,0.0008318368098131357
qualification/cli02,H100,M-B,4,719,81.21900000004098,bound,0.160589067255049,0.15975765902161418,0.0008314082334348327
qualification/cli02,H100,M-B,4,720,81.21900000004098,bound,0.160589067255049,0.15976521543055597,0.0008238518244930437
qualification/cli02,H100,M-B,4,721,81.21900000004098,bound,0.160589067255049,0.15976927293030072,0.0008197943247482964
qualification/cli02,H100,M-B,4,722,81.21900000004098,bound,0.160589067255049,0.15977577450105718,0.0008132927539918344
qualification/cli02,H100,M-B,4,723,81.21900000004098,bound,0.160589067255049,0.1597766624034427,0.000812404851606302
qualification/cli02,H100,M-B,4,724,81.21900000004098,bound,0.160589067255049,0.1597768536127841,0.000812213642264914
qualification/cli02,H100,M-B,4,725,81.28200000000652,bound,0.160589067255049,0.1597771478840576,0.0008119193709913985
qualification/cli02,H100,M-B,4,726,81.28200000000652,bound,0.160589067255049,0.1597833778077646,0.0008056894472844023
qualification/cli02,H100,M-B,4,727,81.28200000000652,bound,0.160589067255049,0.15978702152625723,0.0008020457287917782
qualification/cli02,H100,M-B,4,728,81.28200000000652,bound,0.160589067255049,0.15978895564565423,0.0008001116093947769
qualification/cli02,H100,M-B,4,729,81.46900000004098,bound,0.160589067255049,0.1597894184070392,0.0007996488480098152
qualification/cli02,H100,M-B,4,730,81.46900000004098,bound,0.160589067255049,0.15979047338341157,0.000798593871637443
qualification/cli02,H100,M-B,4,731,81.46900000004098,bound,0.160589067255049,0.15979336254959006,0.0007957047054589494
qualification/cli02,H100,M-B,4,732,81.46900000004098,bound,0.160589067255049,0.1597984410986962,0.0007906261563528083
qualification/cli02,H100,M-B,4,733,81.46900000004098,bound,0.160589067255049,0.15980016312955417,0.0007889041254948437
qualification/cli02,H100,M-B,4,734,81.46900000004098,bound,0.160589067255049,0.15980424152906922,0.000784825725979793
qualification/cli02,H100,M-B,4,735,81.53200000000652,bound,0.160589067255049,0.15980485792617952,0.0007842093288694951
qualification/cli02,H100,M-B,4,736,81.54700000002049,bound,0.160589067255049,0.15980626464252862,0.0007828026125203946
qualification/cli02,H100,M-B,4,737,81.60999999998603,bound,0.160589067255049,0.15980626464252892,0.0007828026125200893
qualification/cli02,H100,M-B,4,738,81.60999999998603,bound,0.160589067255049,0.1598062646425291,0.0007828026125199228
qualification/cli02,H100,M-B,4,739,81.67200000002049,bound,0.160589067255049,0.15981181646396034,0.0007772507910886739
qualification/cli02,H100,M-B,4,740,81.67200000002049,bound,0.160589067255049,0.15981205996240572,0.0007770072926432947
qualification/cli02,H100,M-B,4,741,81.67200000002049,bound,0.160589067255049,0.15981705762380813,0.0007720096312408831
qualification/cli02,H100,M-B,4,742,81.67200000002049,bound,0.160589067255049,0.15982282163776643,0.0007662456172825849
qualification/cli02,H100,M-B,4,743,81.67200000002049,bound,0.160589067255049,0.1598228216377666,0.0007662456172824184
qualification/cli02,H100,M-B,4,744,81.67200000002049,bound,0.160589067255049,0.15982282163776662,0.0007662456172823906
qualification/cli02,H100,M-B,4,745,81.73499999998603,bound,0.160589067255049,0.15982443400039614,0.0007646332546528689
qualification/cli02,H100,M-B,4,746,81.73499999998603,bound,0.160589067255049,0.15982555499826703,0.0007635122567819785
qualification/cli02,H100,M-B,4,747,81.73499999998603,bound,0.160589067255049,0.15984793549890738,0.0007411317561416275
qualification/cli02,H100,M-B,4,748,81.73499999998603,bound,0.160589067255049,0.15985081312958827,0.0007382541254607466
qualification/cli02,H100,M-B,4,749,81.73499999998603,bound,0.160589067255049,0.1598525882965256,0.0007364789585234122
qualification/cli02,H100,M-B,4,750,81.73499999998603,bound,0.160589067255049,0.15985258829652563,0.0007364789585233844
qualification/cli02,H100,M-B,4,751,81.79700000002049,bound,0.160589067255049,0.15985362862137295,0.000735438633676061
qualification/cli02,H100,M-B,4,752,81.85999999998603,bound,0.160589067255049,0.1598556761907996,0.0007333910642494113
qualification/cli02,H100,M-B,4,753,81.85999999998603,bound,0.160589067255049,0.15985888434396933,0.0007301829110796798
qualification/cli02,H100,M-B,4,754,81.85999999998603,bound,0.160589067255049,0.15986017123079785,0.0007288960242511633
qualification/cli02,H100,M-B,4,755,81.85999999998603,bound,0.160589067255049,0.15986180014406623,0.0007272671109827822
qualification/cli02,H100,M-B,4,756,81.93800000008196,bound,0.160589067255049,0.15986300543646484,0.0007260618185841727
qualification/cli02,H100,M-B,4,757,81.93800000008196,bound,0.160589067255049,0.15986598692839193,0.0007230803266570773
qualification/cli02,H100,M-B,4,758,82.0,bound,0.160589067255049,0.15987134208566758,0.0007177251693814279
qualification/cli02,H100,M-B,4,759,82.0,bound,0.160589067255049,0.15987377971276662,0.0007152875422823946
qualification/cli02,H100,M-B,4,760,82.0,bound,0.160589067255049,0.1598761922756559,0.0007128749793931244
qualification/cli02,H100,M-B,4,761,82.06300000008196,bound,0.160589067255049,0.15987634236175313,0.0007127248932958796
qualification/cli02,H100,M-B,4,762,82.06300000008196,bound,0.160589067255049,0.15987650450961782,0.0007125627454311889
qualification/cli02,H100,M-B,4,763,82.06300000008196,bound,0.160589067255049,0.15987878666836583,0.0007102805866831818
qualification/cli02,H100,M-B,4,764,82.125,bound,0.160589067255049,0.15988267515294682,0.000706392102102188
qualification/cli02,H100,M-B,4,765,82.125,bound,0.160589067255049,0.15988528742710525,0.0007037798279437568
qualification/cli02,H100,M-B,4,766,82.18800000008196,bound,0.160589067255049,0.15988794320715063,0.0007011240478983771
qualification/cli02,H100,M-B,4,767,82.20400000002701,bound,0.160589067255049,0.1598934589844619,0.0006956082705871225
qualification/cli02,H100,M-B,4,768,82.25,bound,0.160589067255049,0.15989432269628,0.0006947445587690004
qualification/cli02,H100,M-B,4,769,82.26600000006147,bound,0.160589067255049,0.15989513773216926,0.0006939295228797493
qualification/cli02,H100,M-B,4,770,82.26600000006147,bound,0.160589067255049,0.15989570552774593,0.0006933617273030823
qualification/cli02,H100,M-B,4,771,82.26600000006147,bound,0.160589067255049,0.15989659972309983,0.0006924675319491813
qualification/cli02,H100,M-B,4,772,82.29700000002049,bound,0.160589067255049,0.15989719934818064,0.0006918679068683709
qualification/cli02,H100,M-B,4,773,82.29700000002049,bound,0.160589067255049,0.1599014367462198,0.0006876305088292234
qualification/cli02,H100,M-B,4,774,82.35999999998603,bound,0.160589067255049,0.15990242206501376,0.000686645190035251
qualification/cli02,H100,M-B,4,775,82.35999999998603,bound,0.160589067255049,0.15990748559200463,0.0006815816630443838
qualification/cli02,H100,M-B,4,776,82.35999999998603,bound,0.160589067255049,0.15991260348639533,0.0006764637686536845
qualification/cli02,H100,M-B,4,777,82.35999999998603,bound,0.160589067255049,0.15991546147876082,0.0006736057762881942
qualification/cli02,H100,M-B,4,778,82.35999999998603,bound,0.160589067255049,0.15991546147876173,0.0006736057762872782
qualification/cli02,H100,M-B,4,779,82.35999999998603,bound,0.160589067255049,0.15991600011113527,0.0006730671439137415
qualification/cli02,H100,M-B,4,780,82.35999999998603,bound,0.160589067255049,0.1599244466523043,0.0006646206027447199
qualification/cli02,H100,M-B,4,781,82.35999999998603,bound,0.160589067255049,0.159925279774226,0.0006637874808230193
qualification/cli02,H100,M-B,4,782,82.35999999998603,bound,0.160589067255049,0.159927408265193,0.0006616589898560121
qualification/cli02,H100,M-B,4,783,82.35999999998603,bound,0.160589067255049,0.159927696450514,0.0006613708045350164
qualification/cli02,H100,M-B,4,784,82.42200000002049,bound,0.160589067255049,0.15993015828943583,0.0006589089656131863
qualification/cli02,H100,M-B,4,785,82.5,bound,0.160589067255049,0.1599327105918179,0.0006563566632311058
qualification/cli02,H100,M-B,4,786,82.5,bound,0.160589067255049,0.15993453138517624,0.0006545358698727688
qualification/cli02,H100,M-B,4,787,82.5,bound,0.160589067255049,0.1599522508051151,0.000636816449933908
qualification/cli02,H100,M-B,4,788,82.5,bound,0.160589067255049,0.1599570933110134,0.0006319739440356076
qualification/cli02,H100,M-B,4,789,82.5,bound,0.160589067255049,0.15996185250458023,0.0006272147504687853
qualification/cli02,H100,M-B,4,790,82.56300000008196,bound,0.160589067255049,0.15996499584753482,0.0006240714075141929
qualification/cli02,H100,M-B,4,791,82.56300000008196,bound,0.160589067255049,0.15996850111696662,0.0006205661380823957
qualification/cli02,H100,M-B,4,792,82.56300000008196,bound,0.160589067255049,0.15996850111696687,0.0006205661380821459
qualification/cli02,H100,M-B,4,793,82.625,bound,0.160589067255049,0.15996941469694043,0.0006196525581085854
qualification/cli02,H100,M-B,4,794,82.625,bound,0.160589067255049,0.15997039415966652,0.0006186730953824937
qualification/cli02,H100,M-B,4,795,82.625,bound,0.160589067255049,0.15997244236213595,0.0006166248929130591
qualification/cli02,H100,M-B,4,796,82.625,bound,0.160589067255049,0.1599786658401099,0.0006104014149391213
qualification/cli02,H100,M-B,4,797,82.68800000008196,bound,0.160589067255049,0.15998388159352228,0.0006051856615267304
qualification/cli02,H100,M-B,4,798,82.70400000002701,bound,0.160589067255049,0.15999213721313593,0.0005969300419130796
qualification/cli02,H100,M-B,4,799,82.70400000002701,bound,0.160589067255049,0.15999681551254918,0.0005922517424998275
qualification/cli02,H100,M-B,4,800,82.70400000002701,bound,0.160589067255049,0.15999687251671801,0.0005921947383309978
qualification/cli02,H100,M-B,4,801,82.76600000006147,bound,0.160589067255049,0.1599989542176608,0.0005901130373882069
qualification/cli02,H100,M-B,4,802,82.76600000006147,bound,0.160589067255049,0.16000159582389625,0.0005874714311527585
qualification/cli02,H100,M-B,4,803,82.76600000006147,bound,0.160589067255049,0.1600041329720825,0.0005849342829665205
qualification/cli02,H100,M-B,4,804,82.76600000006147,bound,0.160589067255049,0.16000544290248989,0.0005836243525591256
qualification/cli02,H100,M-B,4,805,82.82900000002701,bound,0.160589067255049,0.16001336218105924,0.0005757050739897684
qualification/cli02,H100,M-B,4,806,82.82900000002701,bound,0.160589067255049,0.16001814329398303,0.0005709239610659778
qualification/cli02,H100,M-B,4,807,82.82900000002701,bound,0.160589067255049,0.16001938195781817,0.0005696852972308375
qualification/cli02,H100,M-B,4,808,82.82900000002701,bound,0.160589067255049,0.16002646748925248,0.0005625997657965343
qualification/cli02,H100,M-B,4,809,82.82900000002701,bound,0.160589067255049,0.16002646748926636,0.0005625997657826565
qualification/cli02,H100,M-B,4,810,82.95400000002701,bound,0.160589067255049,0.1600264674892665,0.0005625997657825177
qualification/cli02,H100,M-B,4,811,82.95400000002701,bound,0.160589067255049,0.16002646748926672,0.0005625997657822956
qualification/cli02,H100,M-B,4,812,82.95400000002701,bound,0.160589067255049,0.16002781131138366,0.0005612559436653508
qualification/cli02,H100,M-B,4,813,82.95400000002701,bound,0.160589067255049,0.16002958387481375,0.0005594833802352595
qualification/cli02,H100,M-B,4,814,82.95400000002701,bound,0.160589067255049,0.1600307116328832,0.0005583556221658015
qualification/cli02,H100,M-B,4,815,82.95400000002701,bound,0.160589067255049,0.1600369017332304,0.0005521655218186095
qualification/cli02,H100,M-B,4,816,82.95400000002701,bound,0.160589067255049,0.1600370860928043,0.0005519811622447246
qualification/cli02,H100,M-B,4,817,83.01600000006147,bound,0.160589067255049,0.16004414300631056,0.0005449242487384487
qualification/cli02,H100,M-B,4,818,83.01600000006147,bound,0.160589067255049,0.16004460411017024,0.0005444631448787707
qualification/cli02,H100,M-B,4,819,83.01600000006147,bound,0.160589067255049,0.16004482941404172,0.0005442378410072946
qualification/cli02,H100,M-B,4,820,83.21900000004098,bound,0.160589067255049,0.16004585710613747,0.0005432101489115382
qualification/cli02,H100,M-B,4,821,83.21900000004098,bound,0.160589067255049,0.16004585710613753,0.0005432101489114827
qualification/cli02,H100,M-B,4,822,83.21900000004098,bound,0.160589067255049,0.16004585710615182,0.0005432101488971885
qualification/cli02,H100,M-B,4,823,83.21900000004098,bound,0.160589067255049,0.16004834112561478,0.0005407261294342325
qualification/cli02,H100,M-B,4,824,83.21900000004098,bound,0.160589067255049,0.160051888840086,0.0005371784149630077
qualification/cli02,H100,M-B,4,825,83.21900000004098,bound,0.160589067255049,0.16005481465915555,0.0005342525958934585
qualification/cli02,H100,M-B,4,826,83.21900000004098,bound,0.160589067255049,0.16006184076511384,0.0005272264899351675
qualification/cli02,H100,M-B,4,827,83.21900000004098,bound,0.160589067255049,0.16006453796122802,0.0005245292938209911
qualification/cli02,H100,M-B,4,828,83.21900000004098,bound,0.160589067255049,0.16007002808682036,0.0005190391682286521
qualification/cli02,H100,M-B,4,829,83.21900000004098,bound,0.160589067255049,0.16007046451425408,0.0005186027407949323
qualification/cli02,H100,M-B,4,830,83.21900000004098,bound,0.160589067255049,0.16007265295250167,0.0005164143025473411
qualification/cli02,H100,M-B,4,831,83.21900000004098,bound,0.160589067255049,0.16007420797807118,0.000514859276977836
qualification/cli02,H100,M-B,4,832,83.21900000004098,bound,0.160589067255049,0.16007576053957595,0.0005133067154730608
qualification/cli02,H100,M-B,4,833,83.28200000000652,bound,0.160589067255049,0.16008639960096765,0.0005026676540813568
qualification/cli02,H100,M-B,4,834,83.28200000000652,bound,0.160589067255049,0.16008639960096807,0.0005026676540809405
qualification/cli02,H100,M-B,4,835,83.28200000000652,bound,0.160589067255049,0.16008639960096857,0.0005026676540804409
qualification/cli02,H100,M-B,4,836,83.28200000000652,bound,0.160589067255049,0.1600910570676573,0.0004980101873917064
qualification/cli02,H100,M-B,4,837,83.28200000000652,bound,0.160589067255049,0.16010068498101263,0.0004883822740363863
qualification/cli02,H100,M-B,4,838,83.28200000000652,bound,0.160589067255049,0.16010068498102673,0.0004883822740222865
qualification/cli02,H100,M-B,4,839,83.28200000000652,bound,0.160589067255049,0.16010295057669788,0.0004861166783511339
qualification/cli02,H100,M-B,4,840,83.28200000000652,bound,0.160589067255049,0.1601150043879759,0.0004740628670731051
qualification/cli02,H100,M-B,4,841,83.28200000000652,bound,0.160589067255049,0.1601156992720047,0.00047336798304431493
qualification/cli02,H100,M-B,4,842,83.34400000004098,bound,0.160589067255049,0.1601172272163641,0.00047184003868491753
qualification/cli02,H100,M-B,4,843,83.34400000004098,bound,0.160589067255049,0.16011722721637822,0.00047184003867078994
qualification/cli02,H100,M-B,4,844,83.40700000000652,bound,0.160589067255049,0.16011770780039292,0.0004713594546560951
qualification/cli02,H100,M-B,4,845,83.40700000000652,bound,0.160589067255049,0.16011938567720804,0.0004696815778409691
qualification/cli02,H100,M-B,4,846,83.40700000000652,bound,0.160589067255049,0.16012042714499106,0.00046864011005795514
qualification/cli02,H100,M-B,4,847,83.40700000000652,bound,0.160589067255049,0.16012182461123914,0.0004672426438098731
qualification/cli02,H100,M-B,4,848,83.48499999998603,bound,0.160589067255049,0.16012224372910347,0.0004668235259455422
qualification/cli02,H100,M-B,4,849,83.48499999998603,bound,0.160589067255049,0.16012224372910352,0.0004668235259454867
qualification/cli02,H100,M-B,4,850,83.48499999998603,bound,0.160589067255049,0.16012309647999726,0.000465970775051755
qualification/cli02,H100,M-B,4,851,83.67200000002049,bound,0.160589067255049,0.16012309647999756,0.0004659707750514497
qualification/cli02,H100,M-B,4,852,83.67200000002049,bound,0.160589067255049,0.16012309648000858,0.0004659707750404307
qualification/cli02,H100,M-B,4,853,83.73499999998603,bound,0.160589067255049,0.1601351324977471,0.0004539347573019048
qualification/cli02,H100,M-B,4,854,83.73499999998603,bound,0.160589067255049,0.1601357147486666,0.00045335250638239843
qualification/cli02,H100,M-B,4,855,83.73499999998603,bound,0.160589067255049,0.16013852694207528,0.00045054031297372954
qualification/cli02,H100,M-B,4,856,83.73499999998603,bound,0.160589067255049,0.16014409921835987,0.00044496803668914175
qualification/cli02,H100,M-B,4,857,83.875,bound,0.160589067255049,0.16014638656344143,0.0004426806916075776
qualification/cli02,H100,M-B,4,858,83.875,bound,0.160589067255049,0.16015275261112716,0.0004363146439218535
qualification/cli02,H100,M-B,4,859,83.875,bound,0.160589067255049,0.16016038298549123,0.0004286842695577775
qualification/cli02,H100,M-B,4,860,83.875,bound,0.160589067255049,0.16016038298549143,0.0004286842695575832
qualification/cli02,H100,M-B,4,861,83.875,bound,0.160589067255049,0.16016052944405137,0.00042853781099763677
qualification/cli02,H100,M-B,4,862,83.875,bound,0.160589067255049,0.16016162265378509,0.0004274446012639266
qualification/cli02,H100,M-B,4,863,83.875,bound,0.160589067255049,0.160162083297487,0.00042698395756202157
qualification/cli02,H100,M-B,4,864,83.875,bound,0.160589067255049,0.1601632067316988,0.0004258605233502244
qualification/cli02,H100,M-B,4,865,83.93800000008196,bound,0.160589067255049,0.16016487810262997,0.0004241891524190411
qualification/cli02,H100,M-B,4,866,83.93800000008196,bound,0.160589067255049,0.16016487810264313,0.00042418915240588495
qualification/cli02,H100,M-B,4,867,83.93800000008196,bound,0.160589067255049,0.16016507333204388,0.00042399392300512817
qualification/cli02,H100,M-B,4,868,84.03200000000652,bound,0.160589067255049,0.16016538880461856,0.0004236784504304536
qualification/cli02,H100,M-B,4,869,84.03200000000652,bound,0.160589067255049,0.1601661904036553,0.000422876851393722
qualification/cli02,H100,M-B,4,870,84.03200000000652,bound,0.160589067255049,0.160166287330828,0.0004227799242210173
qualification/cli02,H100,M-B,4,871,84.03200000000652,bound,0.160589067255049,0.16016628733082808,0.000422779924220934
qualification/cli02,H100,M-B,4,872,84.03200000000652,bound,0.160589067255049,0.1601662873308421,0.00042277992420691746
qualification/cli02,H100,M-B,4,873,84.03200000000652,bound,0.160589067255049,0.1601697293426748,0.0004193379123742236
qualification/cli02,H100,M-B,4,874,84.03200000000652,bound,0.160589067255049,0.16019217738724503,0.00039688986780397895
qualification/cli02,H100,M-B,4,875,84.03200000000652,bound,0.160589067255049,0.16019217738724512,0.0003968898678038957
qualification/cli02,H100,M-B,4,876,84.03200000000652,bound,0.160589067255049,0.16019217738724514,0.0003968898678038679
qualification/cli02,H100,M-B,4,877,84.09400000004098,bound,0.160589067255049,0.16019359358354654,0.00039547367150247204
qualification/cli02,H100,M-B,4,878,84.15700000000652,bound,0.160589067255049,0.16019382550888892,0.00039524174616009655
qualification/cli02,H100,M-B,4,879,84.15700000000652,bound,0.160589067255049,0.16019469875033981,0.00039436850470919715
qualification/cli02,H100,M-B,4,880,84.15700000000652,bound,0.160589067255049,0.16019678109417076,0.00039228616087824686
qualification/cli02,H100,M-B,4,881,84.15700000000652,bound,0.160589067255049,0.16020705900528007,0.00038200824976894476
qualification/cli02,H100,M-B,4,882,84.15700000000652,bound,0.160589067255049,0.1602107582003658,0.0003783090546832235
qualification/cli02,H100,M-B,4,883,84.21900000004098,bound,0.160589067255049,0.16021075820036754,0.0003783090546814749
qualification/cli02,H100,M-B,4,884,84.23499999998603,bound,0.160589067255049,0.1602172207661861,0.0003718464888629036
qualification/cli02,H100,M-B,4,885,84.26600000006147,bound,0.160589067255049,0.16021722076620018,0.00037184648884883154
qualification/cli02,H100,M-B,4,886,84.32900000002701,bound,0.160589067255049,0.16022392904749838,0.0003651382075506304
qualification/cli02,H100,M-B,4,887,84.32900000002701,bound,0.160589067255049,0.16022467945791813,0.0003643877971308829
qualification/cli02,H100,M-B,4,888,84.32900000002701,bound,0.160589067255049,0.16022975117818317,0.00035931607686584544
qualification/cli02,H100,M-B,4,889,84.32900000002701,bound,0.160589067255049,0.1602351976072374,0.00035386964781161656
qualification/cli02,H100,M-B,4,890,84.32900000002701,bound,0.160589067255049,0.16023877174858867,0.00035029550646034635
qualification/cli02,H100,M-B,4,891,84.32900000002701,bound,0.160589067255049,0.16023877174858894,0.0003502955064600688
qualification/cli02,H100,M-B,4,892,84.39100000006147,bound,0.160589067255049,0.16023877174858914,0.0003502955064598745
qualification/cli02,H100,M-B,4,893,84.39100000006147,bound,0.160589067255049,0.16024338898579016,0.00034567826925885337
qualification/cli02,H100,M-B,4,894,84.39100000006147,bound,0.160589067255049,0.16024674347820667,0.00034232377684234594
qualification/cli02,H100,M-B,4,895,84.39100000006147,bound,0.160589067255049,0.16024734677602806,0.0003417204790209516
qualification/cli02,H100,M-B,4,896,84.39100000006147,bound,0.160589067255049,0.16024914143929855,0.0003399258157504581
qualification/cli02,H100,M-B,4,897,84.39100000006147,bound,0.160589067255049,0.1602530340819158,0.00033603317313321557
qualification/cli02,H100,M-B,4,898,84.39100000006147,bound,0.160589067255049,0.1602530340819169,0.00033603317313210535
qualification/cli02,H100,M-B,4,899,84.39100000006147,bound,0.160589067255049,0.16025303408191713,0.0003360331731318833
qualification/cli02,H100,M-B,4,900,84.39100000006147,bound,0.160589067255049,0.16025686221240323,0.0003322050426457779
qualification/cli02,H100,M-B,4,901,84.42200000002049,bound,0.160589067255049,0.16025686221240326,0.0003322050426457501
qualification/cli02,H100,M-B,4,902,84.42200000002049,bound,0.160589067255049,0.1602568622124037,0.00033220504264530604
qualification/cli02,H100,M-B,4,903,84.45400000002701,bound,0.160589067255049,0.16026071734947026,0.00032834990557875643
qualification/cli02,H100,M-B,4,904,84.59400000004098,bound,0.160589067255049,0.1602607173494703,0.0003283499055787009
qualification/cli02,H100,M-B,4,905,84.59400000004098,bound,0.160589067255049,0.16026478440776554,0.0003242828472834747
qualification/cli02,H100,M-B,4,906,84.59400000004098,bound,0.160589067255049,0.16026646203996936,0.0003226052150796521
qualification/cli02,H100,M-B,4,907,84.59400000004098,bound,0.160589067255049,0.1602664620399694,0.00032260521507962436
qualification/cli02,H100,M-B,4,908,84.59400000004098,bound,0.160589067255049,0.16027776776204553,0.00031129949300348625
qualification/cli02,H100,M-B,4,909,84.59400000004098,bound,0.160589067255049,0.16027869353311783,0.0003103737219311842
qualification/cli02,H100,M-B,4,910,84.59400000004098,bound,0.160589067255049,0.160282805809321,0.00030626144572801217
qualification/cli02,H100,M-B,4,911,84.59400000004098,bound,0.160589067255049,0.16028388133054106,0.0003051859245079558
qualification/cli02,H100,M-B,4,912,84.65700000000652,bound,0.160589067255049,0.1602857239307055,0.00030334332434350797
qualification/cli02,H100,M-B,4,913,84.65700000000652,bound,0.160589067255049,0.1602871104017033,0.00030195685334571953
qualification/cli02,H100,M-B,4,914,84.65700000000652,bound,0.160589067255049,0.16029552098484756,0.0002935462702014502
qualification/cli02,H100,M-B,4,915,84.65700000000652,bound,0.160589067255049,0.16029946820022592,0.000289599054823092
qualification/cli02,H100,M-B,4,916,84.65700000000652,bound,0.160589067255049,0.1603101041004059,0.0002789631546431248
qualification/cli02,H100,M-B,4,917,84.73499999998603,bound,0.160589067255049,0.1603101041004061,0.0002789631546429028
qualification/cli02,H100,M-B,4,918,84.73499999998603,bound,0.160589067255049,0.16031422641808937,0.0002748408369596389
qualification/cli02,H100,M-B,4,919,84.76600000006147,bound,0.160589067255049,0.16032523877979296,0.00026382847525605047
qualification/cli02,H100,M-B,4,920,84.76600000006147,bound,0.160589067255049,0.16032733984529968,0.00026172740974933495
qualification/cli02,H100,M-B,4,921,84.76600000006147,bound,0.160589067255049,0.16032837344105727,0.0002606938139917414
qualification/cli02,H100,M-B,4,922,84.76600000006147,bound,0.160589067255049,0.16033275910063005,0.0002563081544189605
qualification/cli02,H100,M-B,4,923,84.76600000006147,bound,0.160589067255049,0.16033595810703655,0.00025310914801246476
qualification/cli02,H100,M-B,4,924,84.76600000006147,bound,0.160589067255049,0.16033992657073065,0.0002491406843183608
qualification/cli02,H100,M-B,4,925,84.76600000006147,bound,0.160589067255049,0.16034326997386059,0.0002457972811884257
qualification/cli02,H100,M-B,4,926,84.76600000006147,bound,0.160589067255049,0.16034887540661638,0.00024019184843263042
qualification/cli02,H100,M-B,4,927,84.875,bound,0.160589067255049,0.16036781528649588,0.00022125196855313223
qualification/cli02,H100,M-B,4,928,84.875,bound,0.160589067255049,0.16036783911567082,0.0002212281393781934
qualification/cli02,H100,M-B,4,929,84.875,bound,0.160589067255049,0.16037631051388457,0.00021275674116444376
qualification/cli02,H100,M-B,4,930,84.93800000008196,bound,0.160589067255049,0.1603763105138848,0.00021275674116422172
qualification/cli02,H100,M-B,4,931,85.0,bound,0.160589067255049,0.16038648223286844,0.00020258502218056806
qualification/cli02,H100,M-B,4,932,85.0,bound,0.160589067255049,0.16038667218739427,0.00020239506765473703
qualification/cli02,H100,M-B,4,933,85.0,bound,0.160589067255049,0.16039178810203628,0.00019727915301273602
qualification/cli02,H100,M-B,4,934,85.0,bound,0.160589067255049,0.1603942871967915,0.00019478005825751543
qualification/cli02,H100,M-B,4,935,85.0,bound,0.160589067255049,0.1603998686712652,0.0001891985837838006
qualification/cli02,H100,M-B,4,936,85.0,bound,0.160589067255049,0.1604037733782606,0.00018529387678842268
qualification/cli02,H100,M-B,4,937,85.0,bound,0.160589067255049,0.16040394130602065,0.0001851259490283641
qualification/cli02,H100,M-B,4,938,85.0,bound,0.160589067255049,0.16040615682601717,0.00018291042903184618
qualification/cli02,H100,M-B,4,939,85.0,bound,0.160589067255049,0.16042282368343214,0.0001662435716168753
qualification/cli02,H100,M-B,4,940,85.06300000008196,bound,0.160589067255049,0.16042282368343233,0.00016624357161668102
qualification/cli02,H100,M-B,4,941,85.26600000006147,bound,0.160589067255049,0.16042282368343255,0.00016624357161645897
qualification/cli02,H100,M-B,4,942,85.26600000006147,bound,0.160589067255049,0.16042282368343386,0.00016624357161515446
qualification/cli02,H100,M-B,4,943,85.26600000006147,bound,0.160589067255049,0.1604232661825383,0.00016580107251071285
qualification/cli02,H100,M-B,4,944,85.26600000006147,bound,0.160589067255049,0.1604232661825547,0.0001658010724943093
qualification/cli02,H100,M-B,4,945,85.26600000006147,bound,0.160589067255049,0.16042829257643046,0.00016077467861855266
qualification/cli02,H100,M-B,4,946,85.26600000006147,bound,0.160589067255049,0.1604303923327452,0.0001586749223038142
qualification/cli02,H100,M-B,4,947,85.26600000006147,bound,0.160589067255049,0.1604354556277045,0.00015361162734450762
qualification/cli02,H100,M-B,4,948,85.26600000006147,bound,0.160589067255049,0.16043668465727767,0.0001523825977713389
qualification/cli02,H100,M-B,4,949,85.28200000000652,bound,0.160589067255049,0.16043733126177329,0.00015173599327572562
qualification/cli02,H100,M-B,4,950,85.28200000000652,bound,0.160589067255049,0.16046148810307437,0.00012757915197464387
qualification/cli02,H100,M-B,4,951,85.28200000000652,bound,0.160589067255049,0.1604771924648346,0.00011187479021440572
qualification/cli02,H100,M-B,4,952,85.28200000000652,bound,0.160589067255049,0.16048415629345003,0.00010491096159898072
qualification/cli02,H100,M-B,4,953,85.28200000000652,bound,0.160589067255049,0.16049515453531848,9.391271973052673e-05
qualification/cli02,H100,M-B,4,954,85.35999999998603,bound,0.160589067255049,0.16049983088792788,8.923636712113159e-05
qualification/cli02,H100,M-B,4,955,85.35999999998603,bound,0.160589067255049,0.16051083995308288,7.822730196613281e-05
qualification/cli02,H100,M-B,4,956,85.35999999998603,bound,0.160589067255049,0.16054025532203609,4.8811933012926634e-05
qualification/cli02,H100,M-B,4,957,85.35999999998603,bound,0.160589067255049,0.16054156552419083,4.7501730858184876e-05
qualification/cli02,H100,M-B,4,958,85.35999999998603,bound,0.160589067255049,0.16056544298988834,2.3624265160671065e-05
qualification/cli02,H100,M-B,4,959,85.35999999998603,bound,0.160589067255049,0.16056702485583735,2.204239921166362e-05
qualification/cli02,H100,M-B,4,960,85.35999999998603,bound,0.160589067255049,0.1605691669473933,1.9900307655723593e-05
qualification/cli02,H100,M-B,4,961,85.35999999998603,bound,0.160589067255049,0.16058840901878912,6.582362598872571e-07
qualification/cli02,H100,M-B,4,962,85.35999999998603,bound,0.160589067255049,0.16058883359853476,2.3365651424800404e-07
qualification/cli02,H100,M-B,4,963,85.35999999998603,returned,0.160589067255049,0.16058883359853476,2.3365651424800404e-07
qualification/positive01,positive5over24,P-GRB,1,4,0.09399999992456287,witness,0.20833333333333331,0.075,0.1333333333333333
qualification/positive01,positive5over24,P-GRB,1,5,0.09399999992456287,bound,0.20833333333333331,0.19444444444444442,0.013888888888888895
qualification/positive01,positive5over24,P-GRB,1,6,0.09399999992456287,bound,0.20833333333333331,0.20833333333333331,0.0
qualification/positive01,positive5over24,P-GRB,1,7,0.09399999992456287,returned,0.20833333333333331,0.20833333333333331,0.0
qualification/positive01,positive5over24,P-S,2,2,0.0940000000409782,witness,0.20833333333333331,0,0.20833333333333331
qualification/positive01,positive5over24,P-S,2,3,0.0940000000409782,call,0.20833333333333331,0,0.20833333333333331
qualification/positive01,positive5over24,P-S,2,4,0.0940000000409782,witness,0.20833333333333331,0,0.20833333333333331
qualification/positive01,positive5over24,P-S,2,5,0.0940000000409782,bound,0.20833333333333331,0.075,0.1333333333333333
qualification/positive01,positive5over24,P-S,2,6,0.0940000000409782,bound,0.20833333333333331,0.19444444444444442,0.013888888888888895
qualification/positive01,positive5over24,P-S,2,7,0.0940000000409782,bound,0.20833333333333331,0.20833333333333331,0.0
qualification/positive01,positive5over24,P-S,2,8,0.0940000000409782,returned,0.20833333333333331,0.20833333333333331,0.0
qualification/zero01,ownzero,P-S,1,2,0.0940000000409782,witness,0.0,0,0.0
