leaf_id,parent_id,depth,gamma_L,gamma_U,terminal_valid,optimal,infeasible,bound_available,lower_bound,native_status,work,telemetry_seconds
L0,"",0,0,0.012135714717816735,1,1,0,1,0,"OPTIMAL",0.32498478149664428,0.26864539999999998
L0.0,"L0",1,0,0.0060678573589083677,1,1,0,1,0,"OPTIMAL",0.29470249798954284,0.52536830000000001
L0.1,"L0",1,0.0060678573589083677,0.012135714717816735,1,1,0,1,0.0060678573589083677,"OPTIMAL",0.29063035113712532,0.77917729999999996
L1,"",0,0.012135714717816735,0.024271429435633471,1,1,0,1,0.012135714717816735,"OPTIMAL",0.23133181734569111,22.567685399999998
L1.0,"L1",1,0.012135714717816735,0.018203572076725103,1,1,0,1,0.012135714717816735,"OPTIMAL",0.28525665922098653,22.810414399999999
L1.1,"L1",1,0.018203572076725103,0.024271429435633471,1,1,0,1,0.018203572076725103,"OPTIMAL",0.33193743155382183,23.0693077
