elapsed_time,native_global_LB,native_incumbent,verified_cutoff,native_gap,node_count,open_nodes,simplex_iterations,event_source
0.0129055,0,9.9999999999999993e+74,1.7493134520506337,9.9999999999999993e+74,0,1,0,global_progress
0.0130274,0,9.9999999999999993e+74,1.7493134520506337,9.9999999999999993e+74,0,1,0,global_progress
7.4943457000000002,1.4370786407040601,9.9999999999999993e+74,1.7493134520506337,9.9999999999999993e+74,0,1,13364,global_progress
274.00728040000001,1.6860823579339603,9.9999999999999993e+74,1.7493134520506337,9.9999999999999993e+74,2116,1178,1198861,global_progress
274.00905080000001,1.6860823579339603,0,1.7493134520506337,0,2116,1178,1198861,solver_final
