elapsed_time,native_global_LB,native_incumbent,verified_cutoff,native_gap,node_count,open_nodes,simplex_iterations,event_source
0.012789099999999999,0,9.9999999999999993e+74,2.4434031919432,9.9999999999999993e+74,0,1,0,global_progress
0.012913600000000001,0,9.9999999999999993e+74,2.4434031919432,9.9999999999999993e+74,0,1,0,global_progress
6.6593213000000002,2.1311471334409884,9.9999999999999993e+74,2.4434031919432,9.9999999999999993e+74,0,1,10459,global_progress
862.07426969999995,2.354289796945837,9.9999999999999993e+74,2.4434031919432,9.9999999999999993e+74,13014,7670,4761683,global_progress
862.07505219999996,2.354289796945837,0,2.4434031919432,0,13014,7670,4761683,solver_final
