elapsed_time,native_global_LB,native_incumbent,verified_cutoff,native_gap,node_count,open_nodes,simplex_iterations,event_source
0.0066217999999999997,0,9.9999999999999993e+74,0.71850407075497091,9.9999999999999993e+74,0,1,0,global_progress
0.0068627999999999996,0,9.9999999999999993e+74,0.71850407075497091,9.9999999999999993e+74,0,1,0,global_progress
3.5695353999999999,0.37822168614483404,9.9999999999999993e+74,0.71850407075497091,9.9999999999999993e+74,0,1,3069,global_progress
280.57712800000002,0.70623954896435459,9.9999999999999993e+74,0.71850407075497091,9.9999999999999993e+74,26494,7456,2152740,global_progress
280.57793939999999,0.70623954896435459,0,0.71850407075497091,0,26494,7456,2152740,solver_final
