process_seconds,sequence,kind,available_physical_U,available_global_native_L,available_gap
0.0,,analytical_nonnegative_objective_only,,0.0,
0.39099999982863665,2,witness,0.8853483009345781,0.0,0.8853483009345781
2.375,11,bound,0.8853483009345781,0.5286256494653551,0.356722651469223
2.530999999959022,12,bound,0.8853483009345781,0.5642000216834767,0.32114827925110134
2.9529999997466803,18,bound,0.8853483009345781,0.6071799602644684,0.27816834067010965
3.3909999998286366,19,bound,0.8853483009345781,0.7080903651050174,0.17725793582956062
3.4529999997466803,20,bound,0.8853483009345781,0.7081072467723646,0.17724105416221347
3.469000000040978,21,bound,0.8853483009345781,0.7147304859866289,0.17061781494794914
3.875,22,bound,0.8853483009345781,0.7626874234679653,0.1226608774666128
3.875,23,bound,0.8853483009345781,0.7626961167292405,0.12265218420533752
3.9369999999180436,24,bound,0.8853483009345781,0.7627226044802768,0.12262569645430121
4.280999999959022,25,bound,0.8853483009345781,0.7659530716084206,0.11939522932615743
4.405999999959022,26,bound,0.8853483009345781,0.7662051470955945,0.11914315383898355
4.6719999997876585,27,bound,0.8853483009345781,0.7674792866408282,0.11786901429374985
4.733999999705702,28,bound,0.8853483009345781,0.767746193533434,0.11760210740114407
5.0,29,bound,0.8853483009345781,0.7680545153569251,0.11729378557765291
5.108999999705702,30,bound,0.8853483009345781,0.7681507259017428,0.11719757503283523
5.108999999705702,31,bound,0.8853483009345781,0.7682833773190814,0.1170649236154967
5.311999999918044,32,bound,0.8853483009345781,0.7683632460101035,0.11698505492447453
5.436999999918044,33,bound,0.8853483009345781,0.7683904674586359,0.11695783347594213
5.57799999974668,34,bound,0.8853483009345781,0.7685866257357954,0.11676167519878267
6.015999999828637,35,bound,0.8853483009345781,0.7685868510601359,0.11676144987444215
6.2969999997876585,36,bound,0.8853483009345781,0.7685907700221053,0.11675753091247276
6.358999999705702,37,bound,0.8853483009345781,0.7724497905788419,0.11289851035573617
6.4219999997876585,38,bound,0.8853483009345781,0.7730102300546993,0.11233807087987879
10.094000000040978,39,bound,0.8853483009345781,0.7732660259190854,0.11208227501549262
10.155999999959022,40,bound,0.8853483009345781,0.7735176881781816,0.1118306127563965
10.219000000040978,41,bound,0.8853483009345781,0.7736617840879846,0.11168651684659348
12.421999999787658,42,bound,0.8853483009345781,0.7741315622463446,0.11121673868823345
14.469000000040978,43,bound,0.8853483009345781,0.7750889571830686,0.11025934375150948
15.625,44,bound,0.8853483009345781,0.7755057453756526,0.10984255555892541
31.280999999959022,45,bound,0.8853483009345781,0.7755390532569815,0.10980924767759659
37.311999999918044,46,witness,0.8804798756127854,0.7755390532569815,0.10494082235580393
37.375,47,witness,0.8800735076413781,0.7755390532569815,0.10453445438439668
48.45299999974668,48,witness,0.8714713427107487,0.7755390532569815,0.0959322894537672
48.45299999974668,49,witness,0.8699780578177866,0.7755390532569815,0.09443900456080512
48.84400000004098,50,bound,0.8699780578177866,0.7776219189919478,0.09235613882583882
50.57799999974668,51,bound,0.8699780578177866,0.7777498347775216,0.09222822304026501
52.57799999974668,52,bound,0.8699780578177866,0.780643460666194,0.08933459715159264
54.20299999974668,53,bound,0.8699780578177866,0.7806657914001753,0.08931226641761125
55.29699999978766,54,bound,0.8699780578177866,0.7810820102789078,0.08889604753887881
56.39099999982864,55,bound,0.8699780578177866,0.7810980177872698,0.08888004003051675
57.42199999978766,56,bound,0.8699780578177866,0.7856793710513367,0.08429868676644992
58.125,57,bound,0.8699780578177866,0.7857169867358097,0.08426107108197689
59.65599999995902,58,bound,0.8699780578177866,0.7865558923579965,0.08342216545979009
60.78099999995902,59,witness,0.8667828952865607,0.7865558923579965,0.08022700292856422
60.78099999995902,60,witness,0.8659435203229896,0.7865558923579965,0.0793876279649931
62.04699999978766,61,bound,0.8659435203229896,0.7874806811189852,0.07846283920400443
63.3589999997057,62,bound,0.8659435203229896,0.7879328360051612,0.07801068431782843
64.04699999978766,63,bound,0.8659435203229896,0.7881163889779199,0.07782713134506969
64.8589999997057,64,bound,0.8659435203229896,0.7895064650449697,0.07643705527801992
65.42199999978766,65,bound,0.8659435203229896,0.7895480355706691,0.0763954847523205
66.01599999982864,66,bound,0.8659435203229896,0.7898913873764541,0.07605213294653546
67.29699999978766,67,bound,0.8659435203229896,0.7901437489754615,0.07579977134752813
67.875,68,bound,0.8659435203229896,0.7908593595551537,0.07508416076783586
68.59400000004098,69,bound,0.8659435203229896,0.7918543142063698,0.07408920611661984
69.5,70,bound,0.8659435203229896,0.7919179280699645,0.07402559225302507
69.84400000004098,71,bound,0.8659435203229896,0.7923047262028898,0.07363879412009977
70.5,72,bound,0.8659435203229896,0.7923151150529482,0.07362840527004144
71.2339999997057,73,bound,0.8659435203229896,0.7933289837762794,0.07261453654671024
72.43699999991804,74,bound,0.8659435203229896,0.7948821719288302,0.07106134839415945
73.04699999978766,75,bound,0.8659435203229896,0.7949641068260969,0.07097941349689274
73.70299999974668,76,bound,0.8659435203229896,0.7953711088270408,0.07057241149594884
74.1089999997057,77,bound,0.8659435203229896,0.7954080772312481,0.07053544309174153
74.875,78,bound,0.8659435203229896,0.7954388272523624,0.07050469307062723
75.26599999982864,79,bound,0.8659435203229896,0.7967179519014064,0.06922556842158323
75.78099999995902,80,bound,0.8659435203229896,0.7968358955656412,0.06910762475734844
76.71900000004098,81,bound,0.8659435203229896,0.796844980238807,0.06909854008418259
77.03099999995902,82,bound,0.8659435203229896,0.796912272571542,0.06903124775144764
77.54699999978766,83,bound,0.8659435203229896,0.7971613213024147,0.06878219902057492
78.0,84,bound,0.8659435203229896,0.7972127832463201,0.06873073707666955
78.31199999991804,85,bound,0.8659435203229896,0.7972248171066658,0.06871870321632378
78.90599999995902,86,bound,0.8659435203229896,0.7972805691816629,0.0686629511413267
80.9839999997057,87,bound,0.8659435203229896,0.7973384528066032,0.0686050675163864
81.29699999978766,88,bound,0.8659435203229896,0.7974411404323338,0.06850237989065577
81.67199999978766,89,bound,0.8659435203229896,0.7977296494217374,0.0682138709012522
82.07799999974668,90,bound,0.8659435203229896,0.79786995163543,0.06807356868755965
82.39099999982864,91,bound,0.8659435203229896,0.7979113763556508,0.06803214396733881
82.9839999997057,92,bound,0.8659435203229896,0.7981791169731555,0.06776440334983413
83.43699999991804,93,bound,0.8659435203229896,0.798416030712113,0.06752748961087662
84.04699999978766,94,bound,0.8659435203229896,0.7987589179091896,0.06718460241379998
84.53099999995902,95,bound,0.8659435203229896,0.7988167552289904,0.06712676509399917
85.1089999997057,96,bound,0.8659435203229896,0.7988778960147161,0.06706562430827345
85.375,97,bound,0.8659435203229896,0.7997560867219015,0.06618743360108814
85.75,98,bound,0.8659435203229896,0.7999538229953792,0.0659896973276104
86.03099999995902,99,bound,0.8659435203229896,0.8003848412947692,0.06555867902822043
86.82799999974668,100,bound,0.8659435203229896,0.8004846216969228,0.0654588986260668
87.53099999995902,101,bound,0.8659435203229896,0.8006005446639075,0.06534297565908209
88.06199999991804,102,bound,0.8659435203229896,0.8007228193944429,0.0652207009285467
88.53099999995902,103,bound,0.8659435203229896,0.8010740680439863,0.06486945227900331
89.0,104,bound,0.8659435203229896,0.8012743107160065,0.06466920960698308
89.21900000004098,105,bound,0.8659435203229896,0.8012933226110261,0.06465019771196345
89.67199999978766,106,bound,0.8659435203229896,0.8013674530741928,0.06457606724879683
90.0,107,bound,0.8659435203229896,0.8014555186915197,0.06448800163146995
90.20299999974668,108,bound,0.8659435203229896,0.8014865675767642,0.06445695274622543
90.67199999978766,109,bound,0.8659435203229896,0.8014972963963154,0.0644462239266742
91.07799999974668,110,bound,0.8659435203229896,0.8015867310331465,0.06435678928984312
91.34400000004098,111,bound,0.8659435203229896,0.8017521848709986,0.06419133545199096
91.875,112,bound,0.8659435203229896,0.8019859914163353,0.06395752890665429
92.79699999978766,113,bound,0.8659435203229896,0.802397572082036,0.06354594824095361
93.28099999995902,114,bound,0.8659435203229896,0.8024791121054745,0.06346440821751509
93.7339999997057,115,bound,0.8659435203229896,0.8025094671826818,0.06343405314030781
94.3589999997057,116,bound,0.8659435203229896,0.8026206355827759,0.06332288474021375
94.82799999974668,117,bound,0.8659435203229896,0.8026561528786297,0.06328736744435992
95.5,118,bound,0.8659435203229896,0.8026658270044086,0.06327769331858102
95.875,119,bound,0.8659435203229896,0.8027563085189799,0.06318721180400966
96.65599999995902,120,bound,0.8659435203229896,0.8028305140665488,0.06311300625644078
97.26599999982864,121,bound,0.8659435203229896,0.8028477386054399,0.0630957817175497
97.59400000004098,122,bound,0.8659435203229896,0.8031095245262867,0.0628339957967029
98.15599999995902,123,bound,0.8659435203229896,0.8037382217029073,0.06220529862008228
98.59400000004098,124,bound,0.8659435203229896,0.8037906329744412,0.0621528873485484
99.39099999982864,125,bound,0.8659435203229896,0.8038814242885717,0.062062096034417924
99.84400000004098,126,bound,0.8659435203229896,0.8039318554548561,0.062011664868133476
100.1089999997057,127,bound,0.8659435203229896,0.8039937890108961,0.06194973131209347
100.64099999982864,128,bound,0.8659435203229896,0.8040528218968372,0.06189069842615236
100.96900000004098,129,bound,0.8659435203229896,0.8040777441893664,0.06186577613362321
101.625,130,bound,0.8659435203229896,0.8042243131027371,0.06171920722025248
102.04699999978766,131,bound,0.8659435203229896,0.8043232156788679,0.061620304644121715
102.42199999978766,132,bound,0.8659435203229896,0.8045137253431449,0.06142979497984469
102.84400000004098,133,bound,0.8659435203229896,0.8045519047939776,0.061391615529011956
103.20299999974668,134,bound,0.8659435203229896,0.8046049828934537,0.06133853742953588
103.64099999982864,135,bound,0.8659435203229896,0.8047600262963995,0.06118349402659007
103.95299999974668,136,bound,0.8659435203229896,0.8047750445765507,0.06116847574643891
104.28099999995902,137,bound,0.8659435203229896,0.8048901835306518,0.06105333679233782
104.67199999978766,138,bound,0.8659435203229896,0.8049617312525679,0.06098178907042173
105.64099999982864,139,bound,0.8659435203229896,0.8050011432073999,0.060942377115589697
106.06199999991804,140,bound,0.8659435203229896,0.8051015954012418,0.06084192492174778
106.54699999978766,141,bound,0.8659435203229896,0.8051080655241343,0.060835454798855326
107.45299999974668,142,bound,0.8659435203229896,0.8051176024641136,0.06082591785887603
107.56199999991804,143,bound,0.8659435203229896,0.8051184652941505,0.06082505502883906
107.84400000004098,144,bound,0.8659435203229896,0.8051209750409648,0.0608225452820248
108.375,145,bound,0.8659435203229896,0.805211601891773,0.060731918431216614
108.90599999995902,146,bound,0.8659435203229896,0.80526305412413,0.060680466198859584
109.5,147,bound,0.8659435203229896,0.8052781272902108,0.06066539303277885
109.78099999995902,148,bound,0.8659435203229896,0.8053338671031346,0.06060965321985501
110.21900000004098,149,bound,0.8659435203229896,0.8053627480265416,0.06058077229644798
110.82799999974668,150,bound,0.8659435203229896,0.8055614722045886,0.06038204811840098
111.21900000004098,151,bound,0.8659435203229896,0.8055693812602347,0.060374139062754906
111.76599999982864,152,bound,0.8659435203229896,0.805711045164289,0.06023247515870056
112.01599999982864,153,bound,0.8659435203229896,0.8057587332023894,0.06018478712060016
112.53099999995902,154,bound,0.8659435203229896,0.8057647500249022,0.06017877029808738
112.78099999995902,155,bound,0.8659435203229896,0.8058570908816225,0.060086429441367106
113.06199999991804,156,bound,0.8659435203229896,0.806447234366463,0.05949628595652656
113.32799999974668,157,bound,0.8659435203229896,0.8065589951389476,0.059384525184042025
113.8589999997057,158,bound,0.8659435203229896,0.8067779558381256,0.059165564484863986
114.32799999974668,159,bound,0.8659435203229896,0.8069130289779601,0.05903049134502947
114.59400000004098,160,bound,0.8659435203229896,0.8069760135799879,0.05896750674300166
115.04699999978766,161,bound,0.8659435203229896,0.8070044738762163,0.05893904644677328
115.96900000004098,162,bound,0.8659435203229896,0.8070175793355346,0.05892594098745496
116.21900000004098,163,bound,0.8659435203229896,0.8070221505016048,0.05892136982138485
116.42199999978766,164,bound,0.8659435203229896,0.8070608684464222,0.05888265187656738
116.59400000004098,165,bound,0.8659435203229896,0.8072863084484907,0.058657211874498905
118.45299999974668,166,bound,0.8659435203229896,0.8073901227527852,0.05855339757020439
118.64099999982864,167,bound,0.8659435203229896,0.8076681865797407,0.05827533374324889
118.82799999974668,168,bound,0.8659435203229896,0.8077372772996854,0.05820624302330424
119.43699999991804,169,bound,0.8659435203229896,0.8077391299643926,0.058204390358597036
119.75,170,bound,0.8659435203229896,0.8077553853926512,0.058188134930338364
120.0,171,bound,0.8659435203229896,0.80784618519222,0.058097335130769645
120.32799999974668,172,bound,0.8659435203229896,0.8078928563546959,0.058050663968293725
120.71900000004098,173,bound,0.8659435203229896,0.8079066619750032,0.05803685834798644
121.03099999995902,174,bound,0.8659435203229896,0.8082574674313997,0.0576860528915899
121.29699999978766,175,bound,0.8659435203229896,0.8082816612217019,0.05766185910128774
121.5,176,bound,0.8659435203229896,0.8083202943868952,0.05762322593609437
121.81199999991804,177,bound,0.8659435203229896,0.8086304435284223,0.05731307679456732
122.68699999991804,178,bound,0.8659435203229896,0.808635947836843,0.057307572486146596
123.09400000004098,179,bound,0.8659435203229896,0.8086396270489031,0.05730389327408647
123.6089999997057,180,bound,0.8659435203229896,0.8087842238171711,0.057159296505818524
123.95299999974668,181,bound,0.8659435203229896,0.8088173908077698,0.05712612951521978
124.20299999974668,182,bound,0.8659435203229896,0.8088392339010723,0.05710428642191734
124.40599999995902,183,bound,0.8659435203229896,0.8091697223072589,0.05677379801573068
124.65599999995902,184,bound,0.8659435203229896,0.8092966476150443,0.05664687270794533
124.90599999995902,185,bound,0.8659435203229896,0.8093138053796166,0.05662971494337299
125.34400000004098,186,bound,0.8659435203229896,0.80938785846389,0.05655566185909955
125.625,187,bound,0.8659435203229896,0.809570861071076,0.05637265925191359
126.01599999982864,188,bound,0.8659435203229896,0.8095837034900072,0.05635981683298241
126.34400000004098,189,bound,0.8659435203229896,0.809634948051167,0.05630857227182262
126.65599999995902,190,bound,0.8659435203229896,0.8097923927923076,0.056151127530681966
126.71900000004098,191,bound,0.8659435203229896,0.8098158561620158,0.05612766416097381
127.06199999991804,192,bound,0.8659435203229896,0.8100910276065775,0.05585249271641213
127.45299999974668,193,bound,0.8659435203229896,0.8101160420644169,0.055827478258572705
127.84400000004098,194,bound,0.8659435203229896,0.8101238878695725,0.055819632453417145
127.84400000004098,195,bound,0.8659435203229896,0.8102427181573397,0.055700802165649876
128.04699999978766,196,bound,0.8659435203229896,0.8103901015286713,0.0555534187943183
128.625,197,bound,0.8659435203229896,0.8104031523354657,0.05554036798752393
128.9839999997057,198,bound,0.8659435203229896,0.8104112962319237,0.05553222409106595
129.31199999991804,199,bound,0.8659435203229896,0.8104715159734154,0.05547200434957422
129.76599999982864,200,bound,0.8659435203229896,0.8104846416274478,0.05545887869554178
130.07799999974668,201,bound,0.8659435203229896,0.8106350169865957,0.05530850333639392
130.54699999978766,202,bound,0.8659435203229896,0.8106754115411952,0.055268108781794445
131.03099999995902,203,bound,0.8659435203229896,0.8106756777601366,0.055267842562853
131.6089999997057,204,bound,0.8659435203229896,0.8108345139028245,0.05510900642016514
132.125,205,bound,0.8659435203229896,0.8108651002021124,0.05507842012087716
132.42199999978766,206,bound,0.8659435203229896,0.8109121602640733,0.05503136005891629
132.7339999997057,207,bound,0.8659435203229896,0.8109926606691518,0.054950859653837836
133.01599999982864,208,bound,0.8659435203229896,0.8110765594445043,0.054866960878485305
133.39099999982864,209,bound,0.8659435203229896,0.811103879953624,0.054839640369365616
133.875,210,bound,0.8659435203229896,0.8111667259260488,0.05477679439694083
134.1089999997057,211,bound,0.8659435203229896,0.8111698159126924,0.054773704410297164
134.3589999997057,212,bound,0.8659435203229896,0.8112817264829619,0.05466179384002767
134.75,213,bound,0.8659435203229896,0.8113242982413947,0.054619222081594865
135.03099999995902,214,bound,0.8659435203229896,0.8113392174367562,0.05460430288623341
135.29699999978766,215,bound,0.8659435203229896,0.8113410848903626,0.054602435432626995
136.125,216,bound,0.8659435203229896,0.8113830525123784,0.05456046781061119
136.68699999991804,217,bound,0.8659435203229896,0.8114118356991745,0.05453168462381508
136.95299999974668,218,bound,0.8659435203229896,0.8114222522709402,0.054521268052049376
137.17199999978766,219,bound,0.8659435203229896,0.8115532465882727,0.05439027373471694
137.53099999995902,220,bound,0.8659435203229896,0.8117568785216565,0.054186641801333146
137.8589999997057,221,bound,0.8659435203229896,0.8118585152717966,0.05408500505119296
138.34400000004098,222,bound,0.8659435203229896,0.8123750651092675,0.05356845521372211
138.59400000004098,223,bound,0.8659435203229896,0.8124467801496159,0.05349674017337369
139.01599999982864,224,bound,0.8659435203229896,0.812527304735422,0.053416215587567595
139.07799999974668,225,bound,0.8659435203229896,0.8125658852187144,0.05337763510427518
139.43699999991804,226,bound,0.8659435203229896,0.8127408688094642,0.053202651513525434
139.81199999991804,227,bound,0.8659435203229896,0.8128591664109026,0.05308435391208699
140.26599999982864,228,bound,0.8659435203229896,0.8128669697845613,0.0530765505384283
140.76599999982864,229,bound,0.8659435203229896,0.8128828622669081,0.05306065805608151
141.31199999991804,230,bound,0.8659435203229896,0.8129810257673591,0.05296249455563051
141.57799999974668,231,bound,0.8659435203229896,0.8131218219109388,0.052821698412050755
141.9839999997057,232,bound,0.8659435203229896,0.8131246146012718,0.05281890572171777
142.28099999995902,233,bound,0.8659435203229896,0.813171225237369,0.052772295085620646
142.67199999978766,234,bound,0.8659435203229896,0.8131892941311515,0.052754226191838116
142.8589999997057,235,bound,0.8659435203229896,0.8131933673412971,0.0527501529816925
143.125,236,bound,0.8659435203229896,0.8132053752156896,0.052738145107300016
143.53099999995902,237,bound,0.8659435203229896,0.8132154010307394,0.052728119292250186
143.53099999995902,238,bound,0.8659435203229896,0.8132160186009321,0.052727501722057535
143.93699999991804,239,bound,0.8659435203229896,0.813412225730209,0.05253129459278061
144.14099999982864,240,bound,0.8659435203229896,0.8134652981861975,0.052478222136792096
144.40599999995902,241,bound,0.8659435203229896,0.81347597753297,0.05246754279001964
144.81199999991804,242,bound,0.8659435203229896,0.8134846333426938,0.05245888698029577
145.34400000004098,243,bound,0.8659435203229896,0.8134854533807976,0.052458066942192016
145.93699999991804,244,bound,0.8659435203229896,0.8134895235609921,0.05245399676199747
146.21900000004098,245,bound,0.8659435203229896,0.8135269841847405,0.05241653613824915
146.81199999991804,246,bound,0.8659435203229896,0.8135353941180069,0.0524081262049827
147.29699999978766,247,bound,0.8659435203229896,0.8135907647631248,0.05235275555986485
147.42199999978766,248,bound,0.8659435203229896,0.813637454675891,0.05230606564709861
147.70299999974668,249,bound,0.8659435203229896,0.8136825972177082,0.05226092310528141
148.17199999978766,250,bound,0.8659435203229896,0.8138197093369711,0.05212381098601848
148.17199999978766,251,bound,0.8659435203229896,0.8138241763886318,0.0521193439343578
148.6089999997057,252,bound,0.8659435203229896,0.8138418378155255,0.05210168250746405
148.64099999982864,253,bound,0.8659435203229896,0.8139795314076577,0.05196398891533194
148.95299999974668,254,bound,0.8659435203229896,0.814035921716511,0.051907598606478644
149.32799999974668,255,bound,0.8659435203229896,0.814058767690664,0.051884752632325615
149.64099999982864,256,bound,0.8659435203229896,0.8140727924377822,0.05187072788520741
149.90599999995902,257,bound,0.8659435203229896,0.8140740881124207,0.051869432210568944
150.17199999978766,258,bound,0.8659435203229896,0.814293555254062,0.051649965068927606
150.65599999995902,259,bound,0.8659435203229896,0.8143376975762802,0.05160582274670944
151.1089999997057,260,bound,0.8659435203229896,0.8143424970754515,0.051601023247538125
151.5,261,bound,0.8659435203229896,0.814372866667488,0.05157065365550162
151.79699999978766,262,bound,0.8659435203229896,0.8144646790561361,0.05147884126685354
154.5,263,bound,0.8659435203229896,0.8144740077931489,0.051469512529840666
154.92199999978766,264,bound,0.8659435203229896,0.8144798824708979,0.05146363785209174
155.20299999974668,265,bound,0.8659435203229896,0.8145008074493063,0.051442712873683294
155.42199999978766,266,bound,0.8659435203229896,0.8145131105132274,0.05143040980976221
155.42199999978766,267,bound,0.8659435203229896,0.8145219093744825,0.05142161094850706
155.56199999991804,268,bound,0.8659435203229896,0.8145265896459436,0.051416930677046
156.15599999995902,269,bound,0.8659435203229896,0.8145398340867204,0.05140368623626923
156.5,270,bound,0.8659435203229896,0.8145606878831095,0.051382832439880066
156.78099999995902,271,bound,0.8659435203229896,0.8146259099807318,0.05131761034225779
156.78099999995902,272,bound,0.8659435203229896,0.8146283088711669,0.05131521145182272
157.21900000004098,273,bound,0.8659435203229896,0.8146319111723471,0.05131160915064248
157.4839999997057,274,bound,0.8659435203229896,0.814647108576079,0.051296411746910575
157.67199999978766,275,bound,0.8659435203229896,0.8146726403680024,0.05127087995498725
158.92199999978766,276,bound,0.8659435203229896,0.8146735497862957,0.05126997053669391
159.1089999997057,277,bound,0.8659435203229896,0.8146958381145194,0.0512476822084702
159.375,278,bound,0.8659435203229896,0.8147232520593246,0.05122026826366499
159.43699999991804,279,bound,0.8659435203229896,0.8147982546748085,0.051145265648181115
159.64099999982864,280,bound,0.8659435203229896,0.8148074928945562,0.05113602742843337
159.92199999978766,281,bound,0.8659435203229896,0.8148860244101942,0.0510574959127954
160.2339999997057,282,bound,0.8659435203229896,0.814956906478371,0.050986613844618556
160.51599999982864,283,bound,0.8659435203229896,0.8149582615565509,0.05098525876643867
160.71900000004098,284,bound,0.8659435203229896,0.8149671038871577,0.05097641643583195
160.9839999997057,285,bound,0.8659435203229896,0.8150385485785766,0.050904971744413
161.06199999991804,286,bound,0.8659435203229896,0.8150408468542089,0.050902673468780746
161.06199999991804,287,bound,0.8659435203229896,0.8150492091187336,0.050894311204256026
161.65599999995902,288,bound,0.8659435203229896,0.8151031943309597,0.05084032599202992
161.65599999995902,289,bound,0.8659435203229896,0.8151644679222027,0.05077905240078695
161.93699999991804,290,bound,0.8659435203229896,0.8151899199716117,0.05075360035137788
162.06199999991804,291,bound,0.8659435203229896,0.815313053947406,0.05063046637558355
162.25,292,bound,0.8659435203229896,0.8153494277674636,0.05059409255552605
162.57799999974668,293,bound,0.8659435203229896,0.8153691776869233,0.050574342636066305
162.7339999997057,294,bound,0.8659435203229896,0.8153856295338275,0.05055789078916206
162.84400000004098,295,bound,0.8659435203229896,0.8155283728114088,0.05041514751158083
163.04699999978766,296,bound,0.8659435203229896,0.8155486958689557,0.05039482445403387
163.28099999995902,297,bound,0.8659435203229896,0.8156145455170813,0.050328974805908255
163.28099999995902,298,bound,0.8659435203229896,0.815614878406101,0.05032864191688857
163.67199999978766,299,bound,0.8659435203229896,0.8156541843449584,0.0502893359780312
164.0,300,bound,0.8659435203229896,0.8156961175575586,0.05024740276543105
164.26599999982864,301,bound,0.8659435203229896,0.815764979141755,0.05017854118123455
164.40599999995902,302,bound,0.8659435203229896,0.8157654637704949,0.05017805655249474
170.46900000004098,303,bound,0.8659435203229896,0.8157782363223005,0.05016528400068909
170.75,304,bound,0.8659435203229896,0.8157990871083763,0.05014443321461326
170.89099999982864,305,bound,0.8659435203229896,0.8158286874800315,0.050114832842958146
171.07799999974668,306,bound,0.8659435203229896,0.8158431761387839,0.050100344184205725
171.28099999995902,307,bound,0.8659435203229896,0.8158733788227425,0.050070141500247134
172.17199999978766,308,bound,0.8659435203229896,0.8158733799883142,0.050070140334675384
172.45299999974668,309,bound,0.8659435203229896,0.8158907636685924,0.050052756654397235
172.64099999982864,310,bound,0.8659435203229896,0.8159170368528463,0.05002648347014327
172.64099999982864,311,bound,0.8659435203229896,0.8159219044732053,0.05002161584978426
172.90599999995902,312,bound,0.8659435203229896,0.815927577833928,0.050015942489061604
172.93699999991804,313,bound,0.8659435203229896,0.8159428215756186,0.05000069874737101
173.125,314,bound,0.8659435203229896,0.8159568173085688,0.049986703014420764
173.28099999995902,315,bound,0.8659435203229896,0.8160012259430616,0.04994229437992803
173.53099999995902,316,bound,0.8659435203229896,0.8160418427207758,0.049901677602213756
173.67199999978766,317,bound,0.8659435203229896,0.8160778758612263,0.04986564446176334
173.875,318,bound,0.8659435203229896,0.8160948129848316,0.04984870733815805
174.0,319,bound,0.8659435203229896,0.8161810028200465,0.04976251750294314
174.25,320,bound,0.8659435203229896,0.8161962292617737,0.04974729106121589
174.43699999991804,321,bound,0.8659435203229896,0.8162473478709131,0.04969617245207647
174.43699999991804,322,bound,0.8659435203229896,0.8162577288960503,0.049685791426939296
174.7339999997057,323,bound,0.8659435203229896,0.8163623087941885,0.04958121152880113
174.8589999997057,324,bound,0.8659435203229896,0.8163958480966171,0.04954767222637246
175.04699999978766,325,bound,0.8659435203229896,0.8164110528706849,0.04953246745230466
175.45299999974668,326,bound,0.8659435203229896,0.8164913152779397,0.04945220504504988
175.65599999995902,327,bound,0.8659435203229896,0.8164956897267514,0.04944783059623825
175.89099999982864,328,bound,0.8659435203229896,0.8166311170803322,0.0493124032426574
176.07799999974668,329,bound,0.8659435203229896,0.8166350700103295,0.04930845031266007
176.26599999982864,330,bound,0.8659435203229896,0.8166430261514604,0.04930049417152915
177.78099999995902,331,bound,0.8659435203229896,0.8167226236790177,0.04922089664397189
177.9839999997057,332,bound,0.8659435203229896,0.8167298142301067,0.04921370609288289
178.28099999995902,333,bound,0.8659435203229896,0.8167479687095968,0.04919555161339284
178.46900000004098,334,bound,0.8659435203229896,0.8167785500520044,0.04916497027098521
178.625,335,bound,0.8659435203229896,0.8167807140587771,0.049162806264212544
178.92199999978766,336,bound,0.8659435203229896,0.8168112700502321,0.04913225027275747
179.1089999997057,337,bound,0.8659435203229896,0.8168272796952428,0.04911624062774678
179.5,338,bound,0.8659435203229896,0.8168421720840867,0.04910134823890289
179.625,339,bound,0.8659435203229896,0.816844487313612,0.04909903300937757
179.8589999997057,340,bound,0.8659435203229896,0.8168474945921984,0.04909602573079119
180.125,341,bound,0.8659435203229896,0.816909740102942,0.04903378022004756
180.34400000004098,342,bound,0.8659435203229896,0.8169445883397931,0.04899893198319649
180.56199999991804,343,bound,0.8659435203229896,0.8169917288291147,0.04895179149387485
180.625,344,bound,0.8659435203229896,0.8170019599042686,0.048941560418721
180.875,345,bound,0.8659435203229896,0.8170265406804224,0.04891697964256725
181.01599999982864,346,bound,0.8659435203229896,0.817070061409908,0.04887345891308159
181.32799999974668,347,bound,0.8659435203229896,0.8171539975276035,0.048789522795386064
181.39099999982864,348,bound,0.8659435203229896,0.8172325700713348,0.04871095025165484
181.64099999982864,349,bound,0.8659435203229896,0.8172390311794235,0.048704489143566065
182.07799999974668,350,bound,0.8659435203229896,0.8172581713187927,0.048685349004196854
182.26599999982864,351,bound,0.8659435203229896,0.8172824630545032,0.04866105726848635
182.39099999982864,352,bound,0.8659435203229896,0.8173166527637485,0.04862686755924106
182.65599999995902,353,bound,0.8659435203229896,0.8173537986560098,0.048589721666979835
182.78099999995902,354,bound,0.8659435203229896,0.8173573143332618,0.04858620598972785
183.14099999982864,355,bound,0.8659435203229896,0.817418316378058,0.04852520394493165
183.68699999991804,356,bound,0.8659435203229896,0.8174405564417004,0.04850296388128916
183.875,357,bound,0.8659435203229896,0.8175171390219055,0.04842638130108412
184.14099999982864,358,bound,0.8659435203229896,0.8175431443971622,0.048400375925827355
184.32799999974668,359,bound,0.8659435203229896,0.8175737879180534,0.04836973240493625
184.70299999974668,360,bound,0.8659435203229896,0.8176148640894874,0.04832865623350224
184.82799999974668,361,bound,0.8659435203229896,0.8176311598694787,0.04831236045351095
185.04699999978766,362,bound,0.8659435203229896,0.8176618907347041,0.048281629588285524
185.40599999995902,363,bound,0.8659435203229896,0.8176714073879554,0.048272112935034195
185.53099999995902,364,bound,0.8659435203229896,0.8177045431777081,0.04823897714528147
185.53099999995902,365,bound,0.8659435203229896,0.8177204882960406,0.048223032026949
185.71900000004098,366,bound,0.8659435203229896,0.8177850696252087,0.04815845069778091
185.9839999997057,367,bound,0.8659435203229896,0.8178094740192732,0.04813404630371643
186.20299999974668,368,bound,0.8659435203229896,0.8178988574621695,0.0480446628608201
186.40599999995902,369,bound,0.8659435203229896,0.817967212739676,0.047976307583313615
186.65599999995902,370,bound,0.8659435203229896,0.8180074188574967,0.047936101465492875
186.8589999997057,371,bound,0.8659435203229896,0.8180672200375204,0.04787630028546919
187.125,372,bound,0.8659435203229896,0.8181198418705512,0.0478236784524384
187.32799999974668,373,bound,0.8659435203229896,0.8181312015527317,0.04781231877025793
187.6089999997057,374,bound,0.8659435203229896,0.8181487100392794,0.04779481028371024
187.67199999978766,375,bound,0.8659435203229896,0.8181839150950778,0.04775960522791178
187.95299999974668,376,bound,0.8659435203229896,0.8182518967713902,0.047691623551599394
188.20299999974668,377,bound,0.8659435203229896,0.8182852446640211,0.04765827565896852
188.32799999974668,378,bound,0.8659435203229896,0.8183019851685135,0.04764153515447611
188.51599999982864,379,bound,0.8659435203229896,0.8183879448106972,0.04755557551229239
188.67199999978766,380,bound,0.8659435203229896,0.8184818530059795,0.04746166731701007
188.875,381,bound,0.8659435203229896,0.8184934800831499,0.047450040239839675
189.125,382,bound,0.8659435203229896,0.8185333260447358,0.04741019427825377
189.32799999974668,383,bound,0.8659435203229896,0.8185792892878813,0.04736423103510834
189.8589999997057,384,bound,0.8659435203229896,0.8185877386735386,0.04735578164945098
190.15599999995902,385,bound,0.8659435203229896,0.8186025550624736,0.04734096526051601
190.21900000004098,386,bound,0.8659435203229896,0.8186258181205829,0.04731770220240672
190.34400000004098,387,bound,0.8659435203229896,0.8186511163303007,0.04729240399268886
190.6089999997057,388,bound,0.8659435203229896,0.8187366011082693,0.04720691921472031
190.67199999978766,389,bound,0.8659435203229896,0.8187607342571557,0.047182786065833926
191.07799999974668,390,bound,0.8659435203229896,0.8187660019039931,0.047177518418996534
191.84400000004098,391,bound,0.8659435203229896,0.8188567577600637,0.04708676256292588
192.20299999974668,392,bound,0.8659435203229896,0.8188662969717816,0.04707722335120801
192.32799999974668,393,bound,0.8659435203229896,0.8188778856515302,0.04706563467145941
192.54699999978766,394,bound,0.8659435203229896,0.8190200611724802,0.04692345915050944
192.54699999978766,395,bound,0.8659435203229896,0.8190265415820226,0.04691697874096701
192.78099999995902,396,bound,0.8659435203229896,0.81903863151631,0.046904888806679645
193.125,397,bound,0.8659435203229896,0.8191509981497685,0.04679252217322105
193.31199999991804,398,bound,0.8659435203229896,0.8191575747160884,0.04678594560690119
193.45299999974668,399,bound,0.8659435203229896,0.8191988578460002,0.046744662476989385
193.9839999997057,400,bound,0.8659435203229896,0.8192362110649274,0.04670730925806221
194.31199999991804,401,bound,0.8659435203229896,0.8192475771051057,0.04669594321788395
194.53099999995902,402,bound,0.8659435203229896,0.8192481167354152,0.0466954035875744
194.76599999982864,403,bound,0.8659435203229896,0.8193717586705436,0.04657176165244603
194.96900000004098,404,bound,0.8659435203229896,0.8194262174746462,0.046517302848343434
195.03099999995902,405,bound,0.8659435203229896,0.819456676855717,0.04648684346727261
195.15599999995902,406,bound,0.8659435203229896,0.819556167288747,0.04638735303424257
195.18699999991804,407,bound,0.8659435203229896,0.8195696511499951,0.046373869172994464
195.39099999982864,408,bound,0.8659435203229896,0.8195776967771156,0.04636582354587404
195.67199999978766,409,bound,0.8659435203229896,0.8196097052347866,0.046333815088203
195.81199999991804,410,bound,0.8659435203229896,0.819619757758246,0.046323762564743576
196.01599999982864,411,bound,0.8659435203229896,0.8196639158437521,0.04627960447923751
196.20299999974668,412,bound,0.8659435203229896,0.819708925079623,0.046234595243366594
196.46900000004098,413,bound,0.8659435203229896,0.8197103502025834,0.046233170120406175
196.59400000004098,414,bound,0.8659435203229896,0.8197104348236028,0.04623308549938676
196.65599999995902,415,bound,0.8659435203229896,0.8197401759150539,0.04620334440793572
196.82799999974668,416,bound,0.8659435203229896,0.8197603290662794,0.04618319125671022
197.20299999974668,417,bound,0.8659435203229896,0.8198141274581346,0.04612939286485496
200.39099999982864,418,bound,0.8659435203229896,0.8198341293321774,0.04610939099081224
200.90599999995902,419,bound,0.8659435203229896,0.8198518489862958,0.046091671336693785
201.25,420,bound,0.8659435203229896,0.8198553679887053,0.046088152334284316
201.5,421,bound,0.8659435203229896,0.8199460232484455,0.04599749707454415
201.59400000004098,422,bound,0.8659435203229896,0.819994987906385,0.04594853241660457
201.84400000004098,423,bound,0.8659435203229896,0.8200437744810724,0.04589974584191725
202.04699999978766,424,bound,0.8659435203229896,0.8200457447212719,0.045897775601717705
202.40599999995902,425,bound,0.8659435203229896,0.8200662643405656,0.04587725598242398
203.42199999978766,426,bound,0.8659435203229896,0.8200681410690908,0.04587537925389884
203.53099999995902,427,bound,0.8659435203229896,0.8200874907549763,0.04585602956801327
203.67199999978766,428,bound,0.8659435203229896,0.8202303931965498,0.04571312712643982
203.8589999997057,429,bound,0.8659435203229896,0.820317096859471,0.04562642346351864
204.06199999991804,430,bound,0.8659435203229896,0.8203392789677837,0.04560424135520591
204.53099999995902,431,bound,0.8659435203229896,0.8203572982258239,0.045586222097165674
204.59400000004098,432,bound,0.8659435203229896,0.8204121275392792,0.045531392783710434
204.875,433,bound,0.8659435203229896,0.8204363036711629,0.045507216651826665
205.07799999974668,434,bound,0.8659435203229896,0.8205116318488362,0.04543188847415336
205.21900000004098,435,bound,0.8659435203229896,0.8205472463165511,0.04539627400643853
205.43699999991804,436,bound,0.8659435203229896,0.8205928342277707,0.04535068609521886
205.625,437,bound,0.8659435203229896,0.8205993160805813,0.04534420424240826
206.17199999978766,438,bound,0.8659435203229896,0.8206215699621194,0.04532195036087017
206.32799999974668,439,bound,0.8659435203229896,0.8206267541399326,0.04531676618305702
206.53099999995902,440,bound,0.8659435203229896,0.8206899165419621,0.045253603781027496
206.8589999997057,441,bound,0.8659435203229896,0.8206909034849539,0.04525261683803572
207.07799999974668,442,bound,0.8659435203229896,0.8206984146288032,0.04524510569418638
207.20299999974668,443,bound,0.8659435203229896,0.8207438133932312,0.04519970692975839
207.4839999997057,444,bound,0.8659435203229896,0.8208735459197547,0.0450699744032349
207.4839999997057,445,bound,0.8659435203229896,0.8208950745617395,0.04504844576125011
207.67199999978766,446,bound,0.8659435203229896,0.8208956599277658,0.04504786039522379
207.93699999991804,447,bound,0.8659435203229896,0.8210170503254951,0.0449264699974945
208.06199999991804,448,bound,0.8659435203229896,0.8210342722540808,0.044909248068908836
208.21900000004098,449,bound,0.8659435203229896,0.8210492333043563,0.044894287018633294
209.4839999997057,450,bound,0.8659435203229896,0.8210755278838752,0.044867992439114435
209.54699999978766,451,bound,0.8659435203229896,0.8211824099346666,0.04476111038832298
209.71900000004098,452,bound,0.8659435203229896,0.8211942898960283,0.04474923042696133
209.92199999978766,453,bound,0.8659435203229896,0.821210677820072,0.04473284250291765
210.17199999978766,454,bound,0.8659435203229896,0.8212416666915276,0.04470185363146195
211.39099999982864,455,bound,0.8659435203229896,0.82125874271753,0.044684777605459636
211.67199999978766,456,bound,0.8659435203229896,0.8212688964135878,0.0446746239094018
211.79699999978766,457,bound,0.8659435203229896,0.8212883187893196,0.044655201533669975
212.14099999982864,458,bound,0.8659435203229896,0.8212951070183986,0.04464841330459102
212.32799999974668,459,bound,0.8659435203229896,0.821349953646986,0.04459356667600356
212.45299999974668,460,bound,0.8659435203229896,0.8213650099398196,0.044578510383169956
212.71900000004098,461,bound,0.8659435203229896,0.8214642290409454,0.0444792912820442
212.90599999995902,462,bound,0.8659435203229896,0.8214979551996807,0.04444556512330888
213.1089999997057,463,bound,0.8659435203229896,0.8215138691058148,0.04442965121717479
213.46900000004098,464,bound,0.8659435203229896,0.82152016541696,0.044423354906029555
213.59400000004098,465,bound,0.8659435203229896,0.8215255365863096,0.044417983736680045
213.90599999995902,466,bound,0.8659435203229896,0.8215488770684245,0.0443946432545651
214.31199999991804,467,bound,0.8659435203229896,0.8215634865311144,0.04438003379187516
214.31199999991804,468,bound,0.8659435203229896,0.821578041874289,0.044365478448700646
214.57799999974668,469,bound,0.8659435203229896,0.8216268003122577,0.04431672001073195
214.76599999982864,470,bound,0.8659435203229896,0.8216875344066363,0.04425598591635327
214.90599999995902,471,bound,0.8659435203229896,0.8217071736207714,0.04423634670221821
215.09400000004098,472,bound,0.8659435203229896,0.8217086729862596,0.04423484733673
215.57799999974668,473,bound,0.8659435203229896,0.8217180021817202,0.044225518141269404
215.96900000004098,474,bound,0.8659435203229896,0.8217217817726685,0.04422173855032108
216.21900000004098,475,bound,0.8659435203229896,0.8217587872817665,0.04418473304122306
216.43699999991804,476,bound,0.8659435203229896,0.8219378160302072,0.04400570429278239
216.92199999978766,477,bound,0.8659435203229896,0.821978478665917,0.0439650416570726
217.125,478,bound,0.8659435203229896,0.8220191409500807,0.04392437937290894
217.39099999982864,479,bound,0.8659435203229896,0.8220341231232267,0.043909397199762945
217.57799999974668,480,bound,0.8659435203229896,0.8221024416306774,0.04384107869231224
217.875,481,bound,0.8659435203229896,0.8221291676569121,0.04381435266607747
218.0,482,bound,0.8659435203229896,0.8221300069968696,0.043813513326120046
218.2339999997057,483,bound,0.8659435203229896,0.8221362178564844,0.043807302466505216
218.29699999978766,484,bound,0.8659435203229896,0.8221401938569171,0.043803326466072545
218.54699999978766,485,bound,0.8659435203229896,0.8221589936540082,0.04378452666898136
218.75,486,bound,0.8659435203229896,0.8221674824134846,0.04377603790950502
218.93699999991804,487,bound,0.8659435203229896,0.8222251093777219,0.04371841094526774
219.15599999995902,488,bound,0.8659435203229896,0.8222290912253684,0.043714429097621244
219.21900000004098,489,bound,0.8659435203229896,0.8222581536555256,0.04368536666746403
219.78099999995902,490,bound,0.8659435203229896,0.8222943927568237,0.0436491275661659
219.90599999995902,491,bound,0.8659435203229896,0.8223179851883817,0.04362553513460787
220.15599999995902,492,bound,0.8659435203229896,0.8223320987736841,0.04361142154930553
220.3589999997057,493,bound,0.8659435203229896,0.8223642824707668,0.04357923785222284
221.56199999991804,494,bound,0.8659435203229896,0.8223695591843492,0.04357396113864043
221.82799999974668,495,bound,0.8659435203229896,0.8224144773390745,0.043529042983915134
221.95299999974668,496,bound,0.8659435203229896,0.822464135187977,0.043479385135012594
222.09400000004098,497,bound,0.8659435203229896,0.8224699993105244,0.043473521012465155
222.21900000004098,498,bound,0.8659435203229896,0.8225231574486511,0.04342036287433848
222.43699999991804,499,bound,0.8659435203229896,0.8225269751775615,0.04341654514542814
222.51599999982864,500,bound,0.8659435203229896,0.8225661075687031,0.043377412754286526
222.65599999995902,501,bound,0.8659435203229896,0.8225706406017029,0.04337287972128667
222.78099999995902,502,bound,0.8659435203229896,0.8225897920450325,0.04335372827795714
223.20299999974668,503,bound,0.8659435203229896,0.8226387958275052,0.04330472449548439
223.20299999974668,504,bound,0.8659435203229896,0.8226409886572664,0.043302531665723176
223.20299999974668,505,bound,0.8659435203229896,0.8226979472377006,0.04324557308528898
223.39099999982864,506,bound,0.8659435203229896,0.8227308671606822,0.04321265316230738
223.57799999974668,507,bound,0.8659435203229896,0.8227741926566626,0.04316932766632697
223.76599999982864,508,bound,0.8659435203229896,0.8227970542803816,0.04314646604260797
224.03099999995902,509,bound,0.8659435203229896,0.8228116283919953,0.043131891930994315
224.29699999978766,510,bound,0.8659435203229896,0.8228153553838412,0.043128164939148395
224.43699999991804,511,bound,0.8659435203229896,0.8228819196026498,0.04306160072033982
224.625,512,bound,0.8659435203229896,0.8228870542948677,0.043056466028121854
224.625,513,bound,0.8659435203229896,0.8229324729786864,0.043011047344303166
224.84400000004098,514,bound,0.8659435203229896,0.8229524385235957,0.042991081799393926
225.06199999991804,515,bound,0.8659435203229896,0.822966340212016,0.04297718011097362
225.31199999991804,516,bound,0.8659435203229896,0.8229716133278058,0.04297190699518383
225.39099999982864,517,bound,0.8659435203229896,0.823050117257907,0.0428934030650826
225.65599999995902,518,bound,0.8659435203229896,0.8230886831800518,0.04285483714293781
225.65599999995902,519,bound,0.8659435203229896,0.8231066190404726,0.04283690128251705
225.7339999997057,520,bound,0.8659435203229896,0.823126710601325,0.04281680972166457
225.93699999991804,521,bound,0.8659435203229896,0.8231474854708817,0.04279603485210792
226.29699999978766,522,bound,0.8659435203229896,0.8231578536491369,0.04278566667385275
226.67199999978766,523,bound,0.8659435203229896,0.8232252703646301,0.04271824995835949
226.8589999997057,524,bound,0.8659435203229896,0.8232268966883015,0.04271662363468809
226.93699999991804,525,bound,0.8659435203229896,0.8232338499664148,0.0427096703565748
227.28099999995902,526,bound,0.8659435203229896,0.8233160712777582,0.042627449045231414
227.40599999995902,527,bound,0.8659435203229896,0.8233527322221578,0.04259078810083183
227.54699999978766,528,bound,0.8659435203229896,0.8233579397824697,0.04258558054051986
227.8589999997057,529,bound,0.8659435203229896,0.8233755682600796,0.042567952062909975
228.07799999974668,530,bound,0.8659435203229896,0.8234127529290215,0.042530767393968105
228.21900000004098,531,bound,0.8659435203229896,0.8235208370108008,0.04242268331218879
228.3589999997057,532,bound,0.8659435203229896,0.823544620823369,0.04239889949962061
228.3589999997057,533,bound,0.8659435203229896,0.823560194332101,0.042383325990888565
228.54699999978766,534,bound,0.8659435203229896,0.8235936157881332,0.04234990453485643
228.6089999997057,535,bound,0.8659435203229896,0.8236005438307045,0.042342976492285134
228.76599999982864,536,bound,0.8659435203229896,0.8236096211822622,0.04233389914072738
228.82799999974668,537,bound,0.8659435203229896,0.8236423895031532,0.04230113081983644
229.09400000004098,538,bound,0.8659435203229896,0.8236703649705915,0.04227315535239806
229.15599999995902,539,bound,0.8659435203229896,0.8236920695852828,0.04225145073770675
229.21900000004098,540,bound,0.8659435203229896,0.8236970599611747,0.0422464603618149
229.40599999995902,541,bound,0.8659435203229896,0.8238178329849248,0.042125687338064766
229.625,542,bound,0.8659435203229896,0.8238426979895538,0.04210082233343582
229.68699999991804,543,bound,0.8659435203229896,0.823847967366438,0.04209555295655165
229.75,544,bound,0.8659435203229896,0.8238929664746173,0.04205055384837231
230.01599999982864,545,bound,0.8659435203229896,0.8239018436308453,0.042041676692144314
230.14099999982864,546,bound,0.8659435203229896,0.8239992291799718,0.04194429114301779
230.34400000004098,547,bound,0.8659435203229896,0.8240057600486783,0.041937760274311287
230.34400000004098,548,bound,0.8659435203229896,0.8240298392644759,0.041913681058513674
230.70299999974668,549,bound,0.8659435203229896,0.8240724760017905,0.04187104432119915
230.70299999974668,550,bound,0.8659435203229896,0.8241018068731539,0.04184171344983567
230.90599999995902,551,bound,0.8659435203229896,0.8241203527422033,0.0418231675807863
230.96900000004098,552,bound,0.8659435203229896,0.8241342191588292,0.04180930116416037
231.20299999974668,553,bound,0.8659435203229896,0.8241416622024215,0.041801858120568136
231.39099999982864,554,bound,0.8659435203229896,0.824143783148902,0.04179973717408758
231.57799999974668,555,bound,0.8659435203229896,0.824155079219909,0.041788441103080554
231.57799999974668,556,bound,0.8659435203229896,0.8241696077040633,0.04177391261892627
232.8589999997057,557,bound,0.8659435203229896,0.8242303024425184,0.04171321788047122
233.04699999978766,558,bound,0.8659435203229896,0.8242785038080213,0.041665016514968345
233.14099999982864,559,bound,0.8659435203229896,0.8243099941675177,0.04163352615547189
233.20299999974668,560,bound,0.8659435203229896,0.8243291757037998,0.04161434461918978
233.3589999997057,561,bound,0.8659435203229896,0.824329567181562,0.04161395314142757
233.625,562,bound,0.8659435203229896,0.8243486306112782,0.041594889711711436
233.75,563,bound,0.8659435203229896,0.8243862861205078,0.04155723420248181
233.95299999974668,564,bound,0.8659435203229896,0.824432077375997,0.041511442946992605
234.14099999982864,565,bound,0.8659435203229896,0.824443418219928,0.041500102103061653
234.14099999982864,566,bound,0.8659435203229896,0.8244456199251236,0.04149790039786605
234.40599999995902,567,bound,0.8659435203229896,0.8244461062908242,0.04149741403216545
234.625,568,bound,0.8659435203229896,0.8244570137991669,0.041486506523822686
234.82799999974668,569,bound,0.8659435203229896,0.8244601050174335,0.041483415305556104
234.9839999997057,570,bound,0.8659435203229896,0.8245603854689088,0.04138313485408085
235.20299999974668,571,bound,0.8659435203229896,0.8245606882053832,0.041382832117606405
235.39099999982864,572,bound,0.8659435203229896,0.8245743993722255,0.04136912095076406
235.53099999995902,573,bound,0.8659435203229896,0.8245861691847862,0.04135735113820338
235.71900000004098,574,bound,0.8659435203229896,0.8246128426837164,0.04133067763927323
235.90599999995902,575,bound,0.8659435203229896,0.8246298153422376,0.04131370498075204
236.04699999978766,576,bound,0.8659435203229896,0.8246501232794848,0.041293397043504765
236.25,577,bound,0.8659435203229896,0.8246501639968365,0.04129335632615305
236.375,578,bound,0.8659435203229896,0.8246520349961132,0.04129148532687643
236.59400000004098,579,bound,0.8659435203229896,0.8246976327358622,0.04124588758712744
236.75,580,bound,0.8659435203229896,0.8247185201404001,0.041225000182589455
236.75,581,bound,0.8659435203229896,0.8247290018969168,0.04121451842607282
236.875,582,bound,0.8659435203229896,0.8247507458842033,0.04119277443878633
236.95299999974668,583,bound,0.8659435203229896,0.8247912947116223,0.04115222561136733
237.26599999982864,584,bound,0.8659435203229896,0.824827923060608,0.041115597262381565
237.46900000004098,585,bound,0.8659435203229896,0.824903326785402,0.04104019353758759
237.67199999978766,586,bound,0.8659435203229896,0.8249151888903046,0.04102833143268503
237.81199999991804,587,bound,0.8659435203229896,0.8249185582287574,0.04102496209423223
237.96900000004098,588,bound,0.8659435203229896,0.8249745315648761,0.0409689887581135
238.25,589,bound,0.8659435203229896,0.8249804451808075,0.040963075142182115
238.31199999991804,590,bound,0.8659435203229896,0.8249866393503629,0.04095688097262673
238.45299999974668,591,bound,0.8659435203229896,0.8250240751601944,0.04091944516279522
238.625,592,bound,0.8659435203229896,0.8251378641901659,0.04080565613282372
238.71900000004098,593,bound,0.8659435203229896,0.8251459257190041,0.040797594603985465
238.92199999978766,594,bound,0.8659435203229896,0.8251507127980056,0.04079280752498404
238.92199999978766,595,bound,0.8659435203229896,0.8251573346499779,0.04078618567301173
239.04699999978766,596,bound,0.8659435203229896,0.8251642828232438,0.04077923749974577
239.28099999995902,597,bound,0.8659435203229896,0.8251753077223493,0.04076821260064034
239.84400000004098,598,bound,0.8659435203229896,0.8252810893560254,0.0406624309669642
240.125,599,bound,0.8659435203229896,0.8252845905738824,0.04065892974910723
240.32799999974668,600,bound,0.8659435203229896,0.8253585706285215,0.04058494969446813
240.54699999978766,601,bound,0.8659435203229896,0.8253648738336136,0.040578646489376036
240.81199999991804,602,bound,0.8659435203229896,0.825377161523297,0.040566358799692614
240.95299999974668,603,bound,0.8659435203229896,0.8253845905620861,0.04055892976090347
241.21900000004098,604,bound,0.8659435203229896,0.8254486262413612,0.04049489408162843
241.31199999991804,605,bound,0.8659435203229896,0.8254724274841908,0.040471092838798794
241.43699999991804,606,bound,0.8659435203229896,0.8254753936502764,0.040468126672713156
242.07799999974668,607,bound,0.8659435203229896,0.825483135694695,0.0404603846282946
242.28099999995902,608,bound,0.8659435203229896,0.8254900849023179,0.0404534354206717
242.54699999978766,609,bound,0.8659435203229896,0.825521938618218,0.040421581704771614
242.625,610,bound,0.8659435203229896,0.8255219513771196,0.04042156894587001
242.71900000004098,611,bound,0.8659435203229896,0.8255254557154965,0.04041806460749309
242.84400000004098,612,bound,0.8659435203229896,0.8255432145635234,0.04040030575946618
243.18699999991804,613,bound,0.8659435203229896,0.8256208892604897,0.04032263106249989
243.39099999982864,614,bound,0.8659435203229896,0.8256395977165032,0.04030392260648641
243.70299999974668,615,bound,0.8659435203229896,0.8256541981764196,0.040289322146569995
243.70299999974668,616,bound,0.8659435203229896,0.8256551332698916,0.04028838705309801
243.9839999997057,617,bound,0.8659435203229896,0.825670882925704,0.04027263739728559
244.07799999974668,618,bound,0.8659435203229896,0.8256943196805587,0.04024920064243087
244.26599999982864,619,bound,0.8659435203229896,0.8256947448242852,0.040248775498704426
244.46900000004098,620,bound,0.8659435203229896,0.8257040854648144,0.04023943485817516
244.71900000004098,621,bound,0.8659435203229896,0.8257764999246527,0.04016702039833686
244.79699999978766,622,bound,0.8659435203229896,0.825806086196636,0.04013743412635362
245.32799999974668,623,bound,0.8659435203229896,0.8258571152864542,0.04008640503653538
245.40599999995902,624,bound,0.8659435203229896,0.8258711462808823,0.040072374042107284
245.59400000004098,625,bound,0.8659435203229896,0.8259185649843581,0.040024955338631485
245.76599999982864,626,bound,0.8659435203229896,0.8259338351723187,0.04000968515067094
246.01599999982864,627,bound,0.8659435203229896,0.8259682099536876,0.03997531036930202
246.21900000004098,628,bound,0.8659435203229896,0.8260261973409346,0.03991732298205497
246.28099999995902,629,bound,0.8659435203229896,0.8260430180062437,0.03990050231674591
246.42199999978766,630,bound,0.8659435203229896,0.8260509454296469,0.03989257489334275
246.42199999978766,631,bound,0.8659435203229896,0.8260546397973019,0.03988888052568773
246.5,632,bound,0.8659435203229896,0.8260882610038628,0.03985525931912681
246.64099999982864,633,bound,0.8659435203229896,0.8261024564952112,0.03984106382777841
246.9839999997057,634,bound,0.8659435203229896,0.8261212604837515,0.03982225983923815
247.21900000004098,635,bound,0.8659435203229896,0.8261319820087791,0.03981153831421047
247.40599999995902,636,bound,0.8659435203229896,0.8261832287245493,0.0397602915984403
247.65599999995902,637,bound,0.8659435203229896,0.8261853741227645,0.03975814620022511
249.32799999974668,638,bound,0.8659435203229896,0.8262014775269649,0.03974204279602467
249.32799999974668,639,bound,0.8659435203229896,0.8262321537256329,0.039711366597356745
249.6089999997057,640,bound,0.8659435203229896,0.8262475578017404,0.039695962521249184
249.96900000004098,641,bound,0.8659435203229896,0.8262552020000707,0.03968831832291886
250.18699999991804,642,bound,0.8659435203229896,0.8262808290051094,0.03966269131788025
250.46900000004098,643,bound,0.8659435203229896,0.8262869209725628,0.03965659935042676
250.46900000004098,644,bound,0.8659435203229896,0.826297103322745,0.03964641700024463
250.59400000004098,645,bound,0.8659435203229896,0.8263010512130666,0.03964246910992297
250.7339999997057,646,bound,0.8659435203229896,0.826304097394726,0.03963942292826361
250.8589999997057,647,bound,0.8659435203229896,0.8263080258962444,0.03963549442674519
251.04699999978766,648,bound,0.8659435203229896,0.8263130208706476,0.03963049945234198
251.34400000004098,649,bound,0.8659435203229896,0.8263427191148657,0.039600801208123926
251.40599999995902,650,bound,0.8659435203229896,0.8263567681338713,0.039586752189118335
251.75,651,bound,0.8659435203229896,0.8263571623822856,0.039586357940703976
251.82799999974668,652,bound,0.8659435203229896,0.8263733005744774,0.03957021974851216
252.1089999997057,653,bound,0.8659435203229896,0.8263978002789935,0.039545720043996146
252.375,654,bound,0.8659435203229896,0.8264260065640586,0.03951751375893098
252.57799999974668,655,bound,0.8659435203229896,0.8264271348823118,0.039516385440677815
252.84400000004098,656,bound,0.8659435203229896,0.8264289674824286,0.039514552840561046
252.90599999995902,657,bound,0.8659435203229896,0.8264460780440783,0.03949744227891128
253.14099999982864,658,bound,0.8659435203229896,0.8264483415551157,0.039495178767873895
253.40599999995902,659,bound,0.8659435203229896,0.8264563342457524,0.039487186077237224
253.56199999991804,660,bound,0.8659435203229896,0.8265166059342477,0.03942691438874191
253.92199999978766,661,bound,0.8659435203229896,0.8265219042453107,0.03942161607767891
253.9839999997057,662,bound,0.8659435203229896,0.8265599611480146,0.03938355917497505
254.2339999997057,663,bound,0.8659435203229896,0.8265628064667345,0.03938071385625508
254.2339999997057,664,bound,0.8659435203229896,0.8265797981896096,0.03936372213338002
254.31199999991804,665,bound,0.8659435203229896,0.8266090074913978,0.03933451283159184
254.56199999991804,666,bound,0.8659435203229896,0.8266096530589835,0.03933386726400612
254.78099999995902,667,bound,0.8659435203229896,0.8266350480132908,0.039308472309698805
255.03099999995902,668,bound,0.8659435203229896,0.826651109151691,0.03929241117129856
255.375,669,bound,0.8659435203229896,0.8266724064567719,0.03927111386621773
255.70299999974668,670,bound,0.8659435203229896,0.8266759714346926,0.03926754888829698
255.70299999974668,671,bound,0.8659435203229896,0.8266948481122025,0.039248672210787094
255.82799999974668,672,bound,0.8659435203229896,0.8267024536300559,0.0392410666929337
255.82799999974668,673,bound,0.8659435203229896,0.8267156613737967,0.039227858949192895
256.06199999991804,674,bound,0.8659435203229896,0.826721264719254,0.0392222556037356
256.125,675,bound,0.8659435203229896,0.826721665685205,0.0392218546377846
256.125,676,bound,0.8659435203229896,0.8267551329254057,0.0391883873975839
256.17199999978766,677,bound,0.8659435203229896,0.8267585871205338,0.03918493320245575
256.31199999991804,678,bound,0.8659435203229896,0.8268010496540431,0.039142470668946494
256.375,679,bound,0.8659435203229896,0.8268114459692553,0.039132074353734336
256.43699999991804,680,bound,0.8659435203229896,0.8268183113412375,0.03912520898175209
256.56199999991804,681,bound,0.8659435203229896,0.8268203628703886,0.039123157452600976
256.780999999959,682,bound,0.8659435203229896,0.8268347724062027,0.03910874791678687
256.8589999997057,683,bound,0.8659435203229896,0.8269422309408782,0.03900128938211145
257.04699999978766,684,bound,0.8659435203229896,0.8269451640417813,0.03899835628120829
257.18699999991804,685,bound,0.8659435203229896,0.8269457849862303,0.03899773533675932
257.5,686,bound,0.8659435203229896,0.8269707205435805,0.03897279977940915
257.5779999997467,687,bound,0.8659435203229896,0.8269868678974943,0.038956652425495286
257.64099999982864,688,bound,0.8659435203229896,0.8270136089078373,0.03892991141515234
257.64099999982864,689,bound,0.8659435203229896,0.8270395304101206,0.03890398991286903
257.7029999997467,690,bound,0.8659435203229896,0.8270791127833677,0.03886440753962195
257.92199999978766,691,bound,0.8659435203229896,0.8270993285743243,0.03884419174866527
258.1089999997057,692,bound,0.8659435203229896,0.8271218343164681,0.03882168600652147
258.31199999991804,693,bound,0.8659435203229896,0.8271380819358829,0.038805438387106705
258.64099999982864,694,bound,0.8659435203229896,0.8271402098428284,0.03880331048016117
258.8589999997057,695,bound,0.8659435203229896,0.8271607036188744,0.03878281670411521
259.1089999997057,696,bound,0.8659435203229896,0.8271963278835095,0.038747192439480105
259.1089999997057,697,bound,0.8659435203229896,0.8271986671795516,0.03874485314343801
259.4529999997467,698,bound,0.8659435203229896,0.8272026108466729,0.0387409094763167
259.625,699,bound,0.8659435203229896,0.8272231173939132,0.038720402929076414
259.875,700,bound,0.8659435203229896,0.8272393171146539,0.038704203208335675
259.9529999997467,701,bound,0.8659435203229896,0.8272477001490569,0.03869582017393269
260.0779999997467,702,bound,0.8659435203229896,0.8272620424690484,0.03868147785394116
260.280999999959,703,bound,0.8659435203229896,0.827277280532148,0.038666239790841606
260.4839999997057,704,bound,0.8659435203229896,0.8272784984681026,0.03866502185488696
260.6089999997057,705,bound,0.8659435203229896,0.8273659404231265,0.0385775798998631
260.75,706,bound,0.8659435203229896,0.8273943522512799,0.038549168071709716
260.969000000041,707,bound,0.8659435203229896,0.8274237518420454,0.03851976848094418
261.094000000041,708,bound,0.8659435203229896,0.8274816455105348,0.03846187481245478
261.3589999997057,709,bound,0.8659435203229896,0.8275136544656132,0.0384298658573764
261.56199999991804,710,bound,0.8659435203229896,0.8275221255175986,0.038421394805390974
261.625,711,bound,0.8659435203229896,0.8275242803291154,0.0384192399938742
261.7029999997467,712,bound,0.8659435203229896,0.82753705250179,0.03840646782119961
261.905999999959,713,bound,0.8659435203229896,0.8275680613458516,0.03837545897713801
262.030999999959,714,bound,0.8659435203229896,0.8275733443912779,0.03837017593171166
262.18699999991804,715,bound,0.8659435203229896,0.8275791716517817,0.03836434867120786
262.39099999982864,716,bound,0.8659435203229896,0.827580516648988,0.03836300367400158
262.54699999978766,717,bound,0.8659435203229896,0.8275820695868423,0.03836145073614727
262.67199999978766,718,bound,0.8659435203229896,0.8275864351559975,0.0383570851669921
262.67199999978766,719,bound,0.8659435203229896,0.8275882826569488,0.038355237666040765
262.89099999982864,720,bound,0.8659435203229896,0.8276314382954204,0.038312082027569194
262.9529999997467,721,bound,0.8659435203229896,0.8276386243691776,0.038304895953812035
263.18699999991804,722,bound,0.8659435203229896,0.8276676060351025,0.038275914287887125
263.31199999991804,723,bound,0.8659435203229896,0.8276799503763798,0.03826356994660984
263.67199999978766,724,bound,0.8659435203229896,0.8276849003150287,0.038258620007960875
263.79699999978766,725,bound,0.8659435203229896,0.8277036836593608,0.038239836663628846
285.030999999959,726,bound,0.8659435203229896,0.8277187022134177,0.0382248181095719
285.2339999997057,727,bound,0.8659435203229896,0.8277306897293942,0.03821283059359537
285.43699999991804,728,bound,0.8659435203229896,0.8277313096509371,0.03821221067205249
285.625,729,bound,0.8659435203229896,0.827753479682619,0.03819004064037057
285.8279999997467,730,bound,0.8659435203229896,0.8277548018789709,0.03818871844401872
286.030999999959,731,bound,0.8659435203229896,0.8277591470160468,0.0381843733069428
286.280999999959,732,bound,0.8659435203229896,0.8278631862931087,0.03808033402988087
286.4839999997057,733,bound,0.8659435203229896,0.8278838074135692,0.03805971290942045
286.67199999978766,734,bound,0.8659435203229896,0.8278999773168038,0.03804354300618584
286.79699999978766,735,bound,0.8659435203229896,0.8279340043835329,0.03800951593945667
287.01599999982864,736,bound,0.8659435203229896,0.8279722252898398,0.03797129503314978
287.43699999991804,737,bound,0.8659435203229896,0.827991079847955,0.037952440475034654
287.56199999991804,738,bound,0.8659435203229896,0.8280144365513423,0.037929083771647276
287.655999999959,739,bound,0.8659435203229896,0.8280208165053169,0.03792270381767271
287.79699999978766,740,bound,0.8659435203229896,0.8280411825654131,0.037902337757576454
287.9839999997057,741,bound,0.8659435203229896,0.8280482272314944,0.0378952930914952
288.219000000041,742,bound,0.8659435203229896,0.8280762261784644,0.037867294144525165
288.3589999997057,743,bound,0.8659435203229896,0.8280897541640111,0.03785376615897851
288.4839999997057,744,bound,0.8659435203229896,0.8281194243632061,0.03782409595978353
288.655999999959,745,bound,0.8659435203229896,0.8281273598974208,0.03781616042556879
288.844000000041,746,bound,0.8659435203229896,0.8281289588039221,0.03781456151906748
288.844000000041,747,bound,0.8659435203229896,0.8282355170835558,0.037708003239433796
288.92199999978766,748,bound,0.8659435203229896,0.8282552309662943,0.037688289356695326
289.1089999997057,749,bound,0.8659435203229896,0.8282706012238783,0.0376729190991113
289.2339999997057,750,bound,0.8659435203229896,0.82831906544728,0.037624454875709645
289.29699999978766,751,bound,0.8659435203229896,0.8283243251387448,0.037619195184244836
289.29699999978766,752,bound,0.8659435203229896,0.8283522483992238,0.03759127192376577
289.43699999991804,753,bound,0.8659435203229896,0.8283564343889952,0.0375870859339944
289.5779999997467,754,bound,0.8659435203229896,0.8283636671310229,0.03757985319196666
289.844000000041,755,bound,0.8659435203229896,0.8284414809216049,0.037502039401384746
289.905999999959,756,bound,0.8659435203229896,0.8284685090739603,0.0374750112490293
290.094000000041,757,bound,0.8659435203229896,0.8285039449750363,0.03743957534795328
290.219000000041,758,bound,0.8659435203229896,0.8285135800497336,0.03742994027325597
290.43699999991804,759,bound,0.8659435203229896,0.8285161853983015,0.03742733492468808
290.5779999997467,760,bound,0.8659435203229896,0.8285306419001142,0.03741287842287544
290.76599999982864,761,bound,0.8659435203229896,0.8285337087909537,0.03740981153203593
290.969000000041,762,bound,0.8659435203229896,0.8285522835729688,0.03739123675002076
291.1089999997057,763,bound,0.8659435203229896,0.8285635693945707,0.03737995092841895
291.17199999978766,764,bound,0.8659435203229896,0.828596459563051,0.037347060759938655
291.17199999978766,765,bound,0.8659435203229896,0.8286174213557062,0.03732609896728345
291.2339999997057,766,bound,0.8659435203229896,0.8286205720916672,0.03732294823132243
291.375,767,bound,0.8659435203229896,0.8286474182960943,0.03729610202689526
291.56199999991804,768,bound,0.8659435203229896,0.8286625212051997,0.037280999117789926
291.81199999991804,769,bound,0.8659435203229896,0.8286933649055588,0.03725015541743082
292.0,770,bound,0.8659435203229896,0.8287058946152498,0.03723762570773981
292.06199999991804,771,bound,0.8659435203229896,0.8287187754108563,0.037224744912133345
292.06199999991804,772,bound,0.8659435203229896,0.8287675025244284,0.03717601779856117
292.25,773,bound,0.8659435203229896,0.8287771926059408,0.03716632771704875
292.4529999997467,774,bound,0.8659435203229896,0.8287890203387922,0.0371544999841974
292.64099999982864,775,bound,0.8659435203229896,0.828826458341451,0.037117061981538635
292.76599999982864,776,bound,0.8659435203229896,0.8288431139321242,0.037100406390865426
292.9529999997467,777,bound,0.8659435203229896,0.8288644637824814,0.03707905654050825
293.094000000041,778,bound,0.8659435203229896,0.8288790102795387,0.037064510043450904
293.31199999991804,779,bound,0.8659435203229896,0.8289022714379232,0.037041248885066436
293.39099999982864,780,bound,0.8659435203229896,0.8289024225667547,0.037041097756234875
293.54699999978766,781,bound,0.8659435203229896,0.8289404162025685,0.03700310412042107
293.54699999978766,782,bound,0.8659435203229896,0.8289580023326796,0.036985517990310024
293.67199999978766,783,bound,0.8659435203229896,0.828977653712905,0.03696586661008461
293.81199999991804,784,bound,0.8659435203229896,0.828981256847987,0.036962263475002644
293.81199999991804,785,bound,0.8659435203229896,0.8289976540487779,0.0369458662742117
293.89099999982864,786,bound,0.8659435203229896,0.8290278941564738,0.03691562616651578
293.9529999997467,787,bound,0.8659435203229896,0.829039096310299,0.03690442401269056
294.094000000041,788,bound,0.8659435203229896,0.8291135731415475,0.03682994718144206
294.42199999978766,789,bound,0.8659435203229896,0.8291195950601092,0.036823925262880364
294.56199999991804,790,bound,0.8659435203229896,0.8291311730480442,0.03681234727494542
294.56199999991804,791,bound,0.8659435203229896,0.8291944407619781,0.03674907956101148
294.625,792,bound,0.8659435203229896,0.8291992343843226,0.036744285938666965
294.625,793,bound,0.8659435203229896,0.8292164332294909,0.0367270870934987
294.8279999997467,794,bound,0.8659435203229896,0.8292274860822384,0.036716034240751205
294.8279999997467,795,bound,0.8659435203229896,0.8292447266339443,0.03669879368904527
294.89099999982864,796,bound,0.8659435203229896,0.8292726775212308,0.03667084280175881
295.01599999982864,797,bound,0.8659435203229896,0.829280805497091,0.03666271482589856
295.18699999991804,798,bound,0.8659435203229896,0.8292869215807899,0.03665659874219973
295.26599999982864,799,bound,0.8659435203229896,0.8293123484227383,0.036631171900251336
295.405999999959,800,bound,0.8659435203229896,0.8293129743643477,0.0366305459586419
295.594000000041,801,bound,0.8659435203229896,0.8293146600811095,0.03662886024188006
295.7339999997057,802,bound,0.8659435203229896,0.8293255397707183,0.03661798055227128
296.030999999959,803,bound,0.8659435203229896,0.8293552966250187,0.03658822369797088
296.280999999959,804,bound,0.8659435203229896,0.8293752944229967,0.03656822589999287
296.280999999959,805,bound,0.8659435203229896,0.8293863342855514,0.03655718603743818
296.42199999978766,806,bound,0.8659435203229896,0.8294247017813255,0.036518818541664055
296.81199999991804,807,bound,0.8659435203229896,0.8294321072160532,0.0365114131069364
296.93699999991804,808,bound,0.8659435203229896,0.8294327254165723,0.03651079490641729
297.14099999982864,809,bound,0.8659435203229896,0.8294465738483426,0.03649694647464696
297.26599999982864,810,bound,0.8659435203229896,0.829449879835265,0.03649364048772463
297.3279999997467,811,bound,0.8659435203229896,0.8294767107731843,0.0364668095498053
297.469000000041,812,bound,0.8659435203229896,0.8294776956605073,0.03646582466248227
297.625,813,bound,0.8659435203229896,0.8295267644622086,0.03641675586078097
297.68699999991804,814,bound,0.8659435203229896,0.8295596752914214,0.03638384503156822
297.905999999959,815,bound,0.8659435203229896,0.8296178316373297,0.036325688685659885
297.905999999959,816,bound,0.8659435203229896,0.8296183340834673,0.0363251862395223
298.18699999991804,817,bound,0.8659435203229896,0.8296331387689861,0.03631038155400346
298.18699999991804,818,bound,0.8659435203229896,0.8296411217307954,0.036302398592194196
298.26599999982864,819,bound,0.8659435203229896,0.8296599506528937,0.03628356967009594
298.39099999982864,820,bound,0.8659435203229896,0.829667781820242,0.03627573850274757
298.51599999982864,821,bound,0.8659435203229896,0.8296802463462489,0.03626327397674067
298.5779999997467,822,bound,0.8659435203229896,0.8297147411378258,0.03622877918516376
298.780999999959,823,bound,0.8659435203229896,0.8297412957101334,0.03620222461285616
298.844000000041,824,bound,0.8659435203229896,0.82974482084393,0.036198699479059626
299.04699999978766,825,bound,0.8659435203229896,0.8297577621824067,0.03618575814058289
299.25,826,bound,0.8659435203229896,0.8297722476399471,0.036171272683042544
299.3279999997467,827,bound,0.8659435203229896,0.8298080686880539,0.0361354516349357
299.594000000041,828,bound,0.8659435203229896,0.8298661473206914,0.036077373002298185
299.93699999991804,829,bound,0.8659435203229896,0.8298783709622076,0.03606514936078198
300.06199999991804,830,bound,0.8659435203229896,0.829886839579037,0.03605668074395263
300.219000000041,831,bound,0.8659435203229896,0.8298972934376068,0.03604622688538284
300.29699999978766,832,bound,0.8659435203229896,0.8299135895452179,0.036029930777771724
300.42199999978766,833,bound,0.8659435203229896,0.8299193306035215,0.03602418971946808
300.56199999991804,834,bound,0.8659435203229896,0.8299528225041616,0.03599069781882802
300.76599999982864,835,bound,0.8659435203229896,0.8299538975792148,0.03598962274377482
300.8279999997467,836,bound,0.8659435203229896,0.8299587750585891,0.03598474526440054
300.8589999997057,837,bound,0.8659435203229896,0.8299703862803423,0.03597313404264735
300.93699999991804,838,bound,0.8659435203229896,0.8300654935785073,0.03587802674448226
301.2029999997467,839,bound,0.8659435203229896,0.8300728748204388,0.03587064550255081
301.3279999997467,840,bound,0.8659435203229896,0.8300793481231905,0.035864172199799094
301.39099999982864,841,bound,0.8659435203229896,0.83011630279882,0.03582721752416962
301.5,842,bound,0.8659435203229896,0.8301229131037557,0.03582060721923386
301.625,843,bound,0.8659435203229896,0.8301431956059314,0.035800324717058185
301.76599999982864,844,bound,0.8659435203229896,0.8301542151310607,0.03578930519192891
301.76599999982864,845,bound,0.8659435203229896,0.830184297314561,0.0357592230084286
301.9529999997467,846,bound,0.8659435203229896,0.83018915518855,0.035754365134439636
302.01599999982864,847,bound,0.8659435203229896,0.8301898037197497,0.03575371660323989
302.14099999982864,848,bound,0.8659435203229896,0.8301925772874227,0.03575094303556692
302.14099999982864,849,bound,0.8659435203229896,0.8301987867993335,0.03574473352365615
302.280999999959,850,bound,0.8659435203229896,0.8302194526423713,0.03572406768061831
302.42199999978766,851,bound,0.8659435203229896,0.830222304763306,0.03572121555968355
302.42199999978766,852,bound,0.8659435203229896,0.8302297526307778,0.035713767692211795
302.56199999991804,853,bound,0.8659435203229896,0.8302334601400341,0.03571006018295553
302.76599999982864,854,bound,0.8659435203229896,0.830280999852831,0.03566252047015861
302.844000000041,855,bound,0.8659435203229896,0.8302912206118055,0.03565229971118411
302.9839999997057,856,bound,0.8659435203229896,0.8303013561115516,0.035642164211437954
303.155999999959,857,bound,0.8659435203229896,0.8303322992967216,0.035611221026268014
303.280999999959,858,bound,0.8659435203229896,0.830347643063852,0.0355958772591376
303.405999999959,859,bound,0.8659435203229896,0.8303569964077443,0.035586523915245305
303.67199999978766,860,bound,0.8659435203229896,0.8303597777101279,0.03558374261286168
303.7339999997057,861,bound,0.8659435203229896,0.830373009313041,0.03557051100994857
303.92199999978766,862,bound,0.8659435203229896,0.8303752399794473,0.03556828034354231
304.0,863,bound,0.8659435203229896,0.8303811130522984,0.035562407270691154
304.0,864,bound,0.8659435203229896,0.8303961449064496,0.03554737541653996
304.125,865,bound,0.8659435203229896,0.8304088512392448,0.03553466908374481
304.31199999991804,866,bound,0.8659435203229896,0.8304300367681445,0.03551348355484507
304.31199999991804,867,bound,0.8659435203229896,0.8304334039769528,0.035510116346036846
304.344000000041,868,bound,0.8659435203229896,0.8304459343408005,0.035497585982189106
304.56199999991804,869,bound,0.8659435203229896,0.8304610871414037,0.03548243318158595
304.79699999978766,870,bound,0.8659435203229896,0.8304678743489093,0.03547564597408026
304.9839999997057,871,bound,0.8659435203229896,0.8304743106858691,0.035469209637120525
304.9839999997057,872,bound,0.8659435203229896,0.8304906137636272,0.035452906559362396
305.2339999997057,873,bound,0.8659435203229896,0.8305452360967618,0.035398284226227816
305.375,874,bound,0.8659435203229896,0.8305498338714071,0.03539368645158247
305.5,875,bound,0.8659435203229896,0.8305684595999092,0.03537506072308039
305.7339999997057,876,bound,0.8659435203229896,0.8306074753744782,0.03533604494851139
305.875,877,bound,0.8659435203229896,0.8306079872106232,0.03533553311236637
306.030999999959,878,bound,0.8659435203229896,0.8306093147859546,0.035334205537035035
306.3279999997467,879,bound,0.8659435203229896,0.8306264779122732,0.035317042410716426
306.3279999997467,880,bound,0.8659435203229896,0.8306338476824443,0.0353096726405453
306.469000000041,881,bound,0.8659435203229896,0.8306548946390684,0.035288625683921215
306.655999999959,882,bound,0.8659435203229896,0.830663651674286,0.03527986864870358
306.719000000041,883,bound,0.8659435203229896,0.8306684876824124,0.035275032640577186
306.8589999997057,884,bound,0.8659435203229896,0.8306814051852054,0.03526211513778421
306.9839999997057,885,bound,0.8659435203229896,0.8307048223443458,0.03523869797864376
306.9839999997057,886,bound,0.8659435203229896,0.8307158917190712,0.03522762860391837
307.06199999991804,887,bound,0.8659435203229896,0.8307537445939903,0.035189775728999284
307.280999999959,888,bound,0.8659435203229896,0.830755798934445,0.035187721388544646
307.280999999959,889,bound,0.8659435203229896,0.8307608676695085,0.035182652653481084
307.375,890,bound,0.8659435203229896,0.8307657861739844,0.03517773414900516
307.43699999991804,891,bound,0.8659435203229896,0.8307954630958542,0.03514805722713543
307.43699999991804,892,bound,0.8659435203229896,0.8308128579246118,0.03513066239837781
307.56199999991804,893,bound,0.8659435203229896,0.8308219877556854,0.035121532567304214
307.844000000041,894,bound,0.8659435203229896,0.8308380706147355,0.03510544970825413
307.93699999991804,895,bound,0.8659435203229896,0.8308581438998623,0.03508537642312726
307.93699999991804,896,bound,0.8659435203229896,0.8308761226641062,0.03506739765888345
308.094000000041,897,bound,0.8659435203229896,0.8308981858054071,0.035045334517582516
308.094000000041,898,bound,0.8659435203229896,0.8309060035057944,0.03503751681719525
308.280999999959,899,bound,0.8659435203229896,0.8309386436499779,0.035004876673011665
308.405999999959,900,bound,0.8659435203229896,0.8309636187875179,0.0349799015354717
308.469000000041,901,bound,0.8659435203229896,0.8310296374342896,0.03491388288870001
308.6089999997057,902,bound,0.8659435203229896,0.8310301485420379,0.03491337178095166
308.6089999997057,903,bound,0.8659435203229896,0.8310307708368312,0.03491274948615841
308.67199999978766,904,bound,0.8659435203229896,0.831049287760433,0.03489423256255664
308.67199999978766,905,bound,0.8659435203229896,0.8310649384635403,0.034878581859449254
309.14099999982864,906,bound,0.8659435203229896,0.8310663004307453,0.03487721989224435
309.14099999982864,907,bound,0.8659435203229896,0.8310700772476887,0.034873443075300936
309.14099999982864,908,bound,0.8659435203229896,0.8310750763613542,0.034868443961635354
309.3589999997057,909,bound,0.8659435203229896,0.8311543637753344,0.03478915654765524
309.43699999991804,910,bound,0.8659435203229896,0.8311655482186732,0.034777972104316435
314.18699999991804,911,bound,0.8659435203229896,0.8311661469244146,0.03477737339857501
314.31199999991804,912,bound,0.8659435203229896,0.8311947706702534,0.03474874965273622
314.51599999982864,913,bound,0.8659435203229896,0.8312021019689071,0.03474141835408251
314.6089999997057,914,bound,0.8659435203229896,0.8312135818166516,0.03472993850633799
314.7339999997057,915,bound,0.8659435203229896,0.8312339768829521,0.034709543440037516
314.81199999991804,916,bound,0.8659435203229896,0.831235629372429,0.034707890950560594
315.125,917,bound,0.8659435203229896,0.8312411076160795,0.0347024127069101
315.18699999991804,918,bound,0.8659435203229896,0.831260841660998,0.034682678661991595
315.3279999997467,919,bound,0.8659435203229896,0.8312626784887475,0.03468084183424214
315.4529999997467,920,bound,0.8659435203229896,0.8312786550383785,0.0346648652846111
315.4529999997467,921,bound,0.8659435203229896,0.831279227019039,0.0346642933039506
315.655999999959,922,bound,0.8659435203229896,0.8312894685937802,0.034654051729209434
315.780999999959,923,bound,0.8659435203229896,0.831300401025008,0.034643119297981584
315.844000000041,924,bound,0.8659435203229896,0.8313140396071809,0.034629480715808736
316.25,925,bound,0.8659435203229896,0.8313254932251364,0.03461802709785322
316.344000000041,926,bound,0.8659435203229896,0.8313302345182134,0.034613285804776184
316.469000000041,927,bound,0.8659435203229896,0.831339543421373,0.03460397690161665
316.6089999997057,928,bound,0.8659435203229896,0.83138835335723,0.034555166965759554
316.6089999997057,929,bound,0.8659435203229896,0.8313936868292838,0.03454983349370577
316.7339999997057,930,bound,0.8659435203229896,0.8313937957525739,0.03454972457041572
316.81199999991804,931,bound,0.8659435203229896,0.8313987783381037,0.034544741984885885
316.9529999997467,932,bound,0.8659435203229896,0.8314176808609326,0.034525839462057006
317.155999999959,933,bound,0.8659435203229896,0.8314951763074099,0.034448344015579724
317.155999999959,934,bound,0.8659435203229896,0.8315182005082083,0.03442531981478125
317.4529999997467,935,bound,0.8659435203229896,0.8315184464137991,0.03442507390919047
317.594000000041,936,bound,0.8659435203229896,0.8315341335744123,0.0344093867485773
317.81199999991804,937,bound,0.8659435203229896,0.8315450207126083,0.03439849961038133
317.875,938,bound,0.8659435203229896,0.831566558876481,0.03437696144650859
317.9529999997467,939,bound,0.8659435203229896,0.8315812989883642,0.03436222133462541
318.06199999991804,940,bound,0.8659435203229896,0.831621477366226,0.034322042956763554
318.06199999991804,941,bound,0.8659435203229896,0.8316271179601339,0.034316402362855714
318.26599999982864,942,bound,0.8659435203229896,0.8316455873106882,0.03429793301230144
318.530999999959,943,bound,0.8659435203229896,0.831687108990603,0.03425641133238655
318.8589999997057,944,bound,0.8659435203229896,0.8316988106801324,0.034244709642857196
319.06199999991804,945,bound,0.8659435203229896,0.8317372691210441,0.03420625120194554
319.06199999991804,946,bound,0.8659435203229896,0.8317494908672937,0.03419402945569594
319.18699999991804,947,bound,0.8659435203229896,0.8317532208056697,0.03419029951731989
319.56199999991804,948,bound,0.8659435203229896,0.831753264654705,0.0341902556682846
319.56199999991804,949,bound,0.8659435203229896,0.8317587550107955,0.034184765312194054
319.8279999997467,950,bound,0.8659435203229896,0.8317590278600451,0.03418449246294453
320.14099999982864,951,bound,0.8659435203229896,0.8317908904917696,0.03415262983122003
320.280999999959,952,bound,0.8659435203229896,0.8318104108994451,0.03413310942354453
320.42199999978766,953,bound,0.8659435203229896,0.8318166000420404,0.03412692028094921
320.6089999997057,954,bound,0.8659435203229896,0.8318305961073085,0.03411292421568113
320.67199999978766,955,bound,0.8659435203229896,0.8318654931951747,0.034078027127814936
320.67199999978766,956,bound,0.8659435203229896,0.8318760120147158,0.034067508308273764
320.67199999978766,957,bound,0.8659435203229896,0.8318782242974643,0.03406529602552533
320.9529999997467,958,bound,0.8659435203229896,0.8319087488800461,0.034034771442943534
321.1089999997057,959,bound,0.8659435203229896,0.8319172528429221,0.03402626748006754
321.17199999978766,960,bound,0.8659435203229896,0.8319724356650332,0.033971084657956396
321.3589999997057,961,bound,0.8659435203229896,0.8319826159937085,0.033960904329281116
321.42199999978766,962,bound,0.8659435203229896,0.8320222106119872,0.03392130971100238
321.625,963,bound,0.8659435203229896,0.8320250429896805,0.033918477333309105
321.7029999997467,964,bound,0.8659435203229896,0.8320456228870973,0.03389789743589233
321.8279999997467,965,bound,0.8659435203229896,0.8320958745107635,0.0338476458122261
321.969000000041,966,bound,0.8659435203229896,0.8321033288117082,0.03384019151128137
322.2339999997057,967,bound,0.8659435203229896,0.832105906847121,0.033837613475868555
322.530999999959,968,bound,0.8659435203229896,0.8321374855848646,0.033806034738125046
322.594000000041,969,bound,0.8659435203229896,0.8321415671408994,0.03380195318209023
322.75,970,bound,0.8659435203229896,0.8321970195447388,0.03374650077825081
322.81199999991804,971,bound,0.8659435203229896,0.832205488495033,0.03373803182795665
322.93699999991804,972,bound,0.8659435203229896,0.8322095326889751,0.03373398763401447
323.06199999991804,973,bound,0.8659435203229896,0.8322117778698953,0.03373174245309429
323.06199999991804,974,bound,0.8659435203229896,0.8322205186478031,0.03372300167518649
323.14099999982864,975,bound,0.8659435203229896,0.8322415091636736,0.033702011159316037
323.26599999982864,976,bound,0.8659435203229896,0.8322545508502707,0.03368896947271893
323.3279999997467,977,bound,0.8659435203229896,0.83229142273888,0.033652097584109586
323.3279999997467,978,bound,0.8659435203229896,0.8323055480587865,0.033637972264203064
323.4839999997057,979,bound,0.8659435203229896,0.8323326468798431,0.033610873443146505
323.655999999959,980,bound,0.8659435203229896,0.8323472126941703,0.033596307628819266
323.8589999997057,981,bound,0.8659435203229896,0.8323540440173248,0.03358947630566478
324.04699999978766,982,bound,0.8659435203229896,0.832364139613969,0.033579380709020556
324.04699999978766,983,bound,0.8659435203229896,0.8323732609094742,0.033570259413515435
324.3279999997467,984,bound,0.8659435203229896,0.8323740843590974,0.03356943596389217
324.594000000041,985,bound,0.8659435203229896,0.8323905067684669,0.03355301355452267
324.594000000041,986,bound,0.8659435203229896,0.8323989346442046,0.033544585678785044
324.780999999959,987,bound,0.8659435203229896,0.8324152655828775,0.03352825474011212
324.844000000041,988,bound,0.8659435203229896,0.8324194484139835,0.03352407190900608
324.92199999978766,989,bound,0.8659435203229896,0.8324386408531902,0.03350487946979941
324.92199999978766,990,bound,0.8659435203229896,0.8324721607923223,0.033471359530667266
325.125,991,bound,0.8659435203229896,0.8324880728925834,0.03345544743040618
325.31199999991804,992,bound,0.8659435203229896,0.8324963557316417,0.03344716459134789
325.4529999997467,993,bound,0.8659435203229896,0.8325138461896561,0.03342967413333353
325.594000000041,994,bound,0.8659435203229896,0.8325276024443187,0.03341591787867093
325.780999999959,995,bound,0.8659435203229896,0.8325520839956477,0.03339143632734187
326.06199999991804,996,bound,0.8659435203229896,0.8325653048489525,0.033378215474037076
326.25,997,bound,0.8659435203229896,0.8325733610336267,0.03337015928936293
326.25,998,bound,0.8659435203229896,0.8325859594464978,0.033357560876491776
326.375,999,bound,0.8659435203229896,0.8325998728994031,0.03334364742358653
326.375,1000,bound,0.8659435203229896,0.8326190879122155,0.033324432410774096
326.594000000041,1001,bound,0.8659435203229896,0.8326225617210741,0.03332095860191553
326.655999999959,1002,bound,0.8659435203229896,0.832649074411081,0.033294445911908555
326.719000000041,1003,bound,0.8659435203229896,0.8326563956146771,0.03328712470831252
326.92199999978766,1004,bound,0.8659435203229896,0.8326792952322539,0.03326422509073568
327.04699999978766,1005,bound,0.8659435203229896,0.8326804867240508,0.033263033598938785
327.2339999997057,1006,bound,0.8659435203229896,0.8327077297306653,0.03323579059232429
327.2339999997057,1007,bound,0.8659435203229896,0.8327283455857396,0.03321517473725
327.5,1008,bound,0.8659435203229896,0.8327382056043724,0.03320531471861721
327.56199999991804,1009,bound,0.8659435203229896,0.8327597997685579,0.03318372055443175
327.56199999991804,1010,bound,0.8659435203229896,0.8327730107802533,0.03317050954273626
327.68699999991804,1011,bound,0.8659435203229896,0.8327823257685533,0.033161194554436335
327.68699999991804,1012,bound,0.8659435203229896,0.8327835472708547,0.03315997305213492
327.780999999959,1013,bound,0.8659435203229896,0.8327978018376896,0.03314571848530001
327.8589999997057,1014,bound,0.8659435203229896,0.8328030110306713,0.033140509292318265
327.9839999997057,1015,bound,0.8659435203229896,0.8328352241366868,0.033108296186302844
328.04699999978766,1016,bound,0.8659435203229896,0.8328590880698111,0.033084432253178475
328.25,1017,bound,0.8659435203229896,0.832862291822577,0.03308122850041262
328.375,1018,bound,0.8659435203229896,0.8328652755502206,0.033078244772768994
328.6089999997057,1019,bound,0.8659435203229896,0.832953905310314,0.03298961501267561
328.719000000041,1020,bound,0.8659435203229896,0.8329657925041397,0.03297772781884989
328.905999999959,1021,bound,0.8659435203229896,0.8329940672911673,0.032949453031822284
329.29699999978766,1022,bound,0.8659435203229896,0.8330098006237604,0.0329337196992292
329.3589999997057,1023,bound,0.8659435203229896,0.8330352579204616,0.03290826240252798
329.4839999997057,1024,bound,0.8659435203229896,0.833045638183009,0.03289788213998057
329.4839999997057,1025,bound,0.8659435203229896,0.8330483652149712,0.03289515510801844
329.68699999991804,1026,bound,0.8659435203229896,0.8330522338271842,0.032891286495805416
329.89099999982864,1027,bound,0.8659435203229896,0.8330714484256272,0.03287207189736241
329.9529999997467,1028,bound,0.8659435203229896,0.8330801628658822,0.032863357457107445
330.01599999982864,1029,bound,0.8659435203229896,0.8330839213673226,0.032859598955667035
330.2029999997467,1030,bound,0.8659435203229896,0.833089774587571,0.03285374573541855
330.3589999997057,1031,bound,0.8659435203229896,0.833095362778217,0.03284815754477255
330.3589999997057,1032,bound,0.8659435203229896,0.8331000307125129,0.03284348961047667
330.76599999982864,1033,bound,0.8659435203229896,0.8331069911359164,0.03283652918707325
330.8279999997467,1034,bound,0.8659435203229896,0.8331223212048163,0.03282119911817327
330.89099999982864,1035,bound,0.8659435203229896,0.8331460561414401,0.032797464181549496
331.01599999982864,1036,bound,0.8659435203229896,0.8331500839396053,0.03279343638338428
331.280999999959,1037,bound,0.8659435203229896,0.8332060863337164,0.0327374339892732
331.280999999959,1038,bound,0.8659435203229896,0.8332132281287993,0.032730292194190325
331.42199999978766,1039,bound,0.8659435203229896,0.8332144096235221,0.03272911069946749
331.54699999978766,1040,bound,0.8659435203229896,0.833220011210557,0.0327235091124326
331.67199999978766,1041,bound,0.8659435203229896,0.83325169294518,0.032691827377809624
331.67199999978766,1042,bound,0.8659435203229896,0.8332862718406114,0.032657248482378165
331.93699999991804,1043,bound,0.8659435203229896,0.8332878892814708,0.03265563104151881
332.14099999982864,1044,bound,0.8659435203229896,0.8332888589565352,0.03265466136645445
332.280999999959,1045,bound,0.8659435203229896,0.8333096354097411,0.03263388491324848
332.344000000041,1046,bound,0.8659435203229896,0.8333156686455858,0.032627851677403785
332.344000000041,1047,bound,0.8659435203229896,0.8333188787340584,0.03262464158893119
332.344000000041,1048,bound,0.8659435203229896,0.8333210380422087,0.03262248228078091
332.54699999978766,1049,bound,0.8659435203229896,0.8333445040736076,0.032599016249381996
332.68699999991804,1050,bound,0.8659435203229896,0.8333461616071294,0.032597358715860225
332.780999999959,1051,bound,0.8659435203229896,0.8333528555462566,0.032590664776733
332.780999999959,1052,bound,0.8659435203229896,0.8333550658128633,0.032588454510126263
333.04699999978766,1053,bound,0.8659435203229896,0.8333662741017033,0.03257724622128633
333.18699999991804,1054,bound,0.8659435203229896,0.8333783871360367,0.032565133186952866
333.18699999991804,1055,bound,0.8659435203229896,0.8333849736316407,0.032558546691348944
333.3279999997467,1056,bound,0.8659435203229896,0.8333941186895327,0.032549401633456876
333.594000000041,1057,bound,0.8659435203229896,0.8334097222475503,0.032533798075439324
333.9529999997467,1058,bound,0.8659435203229896,0.8334137592364441,0.03252976108654548
334.01599999982864,1059,bound,0.8659435203229896,0.8334207619402222,0.032522758382767414
334.155999999959,1060,bound,0.8659435203229896,0.8334274267861261,0.032516093536863466
334.25,1061,bound,0.8659435203229896,0.8334409973746465,0.032502522948343104
334.3279999997467,1062,bound,0.8659435203229896,0.8334518289113714,0.03249169141161823
334.3279999997467,1063,bound,0.8659435203229896,0.833515806758874,0.03242771356411556
334.530999999959,1064,bound,0.8659435203229896,0.8335330990104403,0.03241042131254934
334.594000000041,1065,bound,0.8659435203229896,0.8335373396213244,0.03240618070166523
334.9839999997057,1066,bound,0.8659435203229896,0.8335409855577466,0.03240253476524302
335.06199999991804,1067,bound,0.8659435203229896,0.833549325568834,0.032394194754155614
335.2029999997467,1068,bound,0.8659435203229896,0.8335695288855509,0.03237399143743869
335.4529999997467,1069,bound,0.8659435203229896,0.8335701687463831,0.03237335157660648
335.67199999978766,1070,bound,0.8659435203229896,0.8335798809707966,0.032363639352193
335.67199999978766,1071,bound,0.8659435203229896,0.8335888644748961,0.032354655848093494
335.79699999978766,1072,bound,0.8659435203229896,0.833616145464125,0.03232737485886461
335.92199999978766,1073,bound,0.8659435203229896,0.8336375923189242,0.0323059280040654
335.9839999997057,1074,bound,0.8659435203229896,0.833670885354592,0.03227263496839761
336.06199999991804,1075,bound,0.8659435203229896,0.8336738025575375,0.032269717765452066
336.18699999991804,1076,bound,0.8659435203229896,0.8336742129102261,0.03226930741276346
336.405999999959,1077,bound,0.8659435203229896,0.833675714181095,0.03226780614189462
336.54699999978766,1078,bound,0.8659435203229896,0.8336781063677852,0.032265413955204436
336.6089999997057,1079,bound,0.8659435203229896,0.8336845875854794,0.03225893273751024
336.905999999959,1080,bound,0.8659435203229896,0.8336915990164965,0.032251921306493125
336.905999999959,1081,bound,0.8659435203229896,0.8336963944354342,0.032247125887555406
336.9839999997057,1082,bound,0.8659435203229896,0.8337015553067404,0.03224196501624921
337.04699999978766,1083,bound,0.8659435203229896,0.8337218675993432,0.03222165272364641
337.1089999997057,1084,bound,0.8659435203229896,0.8337265542123793,0.03221696611061031
337.29699999978766,1085,bound,0.8659435203229896,0.8337269177175133,0.03221660260547632
337.375,1086,bound,0.8659435203229896,0.8337338973880551,0.032209622934934456
337.375,1087,bound,0.8659435203229896,0.8337671470353317,0.03217637328765788
337.51599999982864,1088,bound,0.8659435203229896,0.8338090411353822,0.03213447918760737
337.51599999982864,1089,bound,0.8659435203229896,0.8338105193458881,0.03213300097710148
337.655999999959,1090,bound,0.8659435203229896,0.8338209418488818,0.03212257847410782
337.719000000041,1091,bound,0.8659435203229896,0.83383555149732,0.032107968825669575
337.719000000041,1092,bound,0.8659435203229896,0.8338408596927503,0.032102660630239255
338.01599999982864,1093,bound,0.8659435203229896,0.8338801596876354,0.0320633606353542
338.094000000041,1094,bound,0.8659435203229896,0.8338942295097739,0.032049290813215725
338.219000000041,1095,bound,0.8659435203229896,0.8339171540277038,0.03202636629528577
338.219000000041,1096,bound,0.8659435203229896,0.8339184853182724,0.032025035004717206
338.219000000041,1097,bound,0.8659435203229896,0.833924054592224,0.03201946573076564
338.75,1098,bound,0.8659435203229896,0.8339370266113135,0.032006493711676076
338.75,1099,bound,0.8659435203229896,0.8339390760870357,0.032004444235953944
338.93699999991804,1100,bound,0.8659435203229896,0.8339535264806234,0.03198999384236623
339.01599999982864,1101,bound,0.8659435203229896,0.8339676986811688,0.03197582164182078
339.01599999982864,1102,bound,0.8659435203229896,0.833979645542856,0.03196387478013363
339.0779999997467,1103,bound,0.8659435203229896,0.8339815123598421,0.03196200796314752
339.14099999982864,1104,bound,0.8659435203229896,0.8339817065441341,0.03196181377885554
339.344000000041,1105,bound,0.8659435203229896,0.8339871965368991,0.03195632378609048
339.405999999959,1106,bound,0.8659435203229896,0.8339988574481576,0.031944662874832
339.405999999959,1107,bound,0.8659435203229896,0.8340011272031588,0.031942393119830825
339.4839999997057,1108,bound,0.8659435203229896,0.8340042673119838,0.03193925301100575
339.6089999997057,1109,bound,0.8659435203229896,0.8340058986929626,0.031937621630027
339.6089999997057,1110,bound,0.8659435203229896,0.8340087893596533,0.03193473096333632
339.75,1111,bound,0.8659435203229896,0.8340163804906346,0.031927139832354956
339.969000000041,1112,bound,0.8659435203229896,0.8340587890446701,0.03188473127831948
339.969000000041,1113,bound,0.8659435203229896,0.8340774818791193,0.03186603844387026
340.18699999991804,1114,bound,0.8659435203229896,0.834126440053417,0.03181708026957264
340.31199999991804,1115,bound,0.8659435203229896,0.8341417442266607,0.03180177609632895
340.43699999991804,1116,bound,0.8659435203229896,0.8341577843287266,0.03178573599426304
340.6089999997057,1117,bound,0.8659435203229896,0.8341643154697617,0.03177920485322794
340.67199999978766,1118,bound,0.8659435203229896,0.8341672450190759,0.03177627530391369
340.67199999978766,1119,bound,0.8659435203229896,0.8341904537580376,0.031753066564952026
340.67199999978766,1120,bound,0.8659435203229896,0.8341970733305092,0.031746446992480415
340.81199999991804,1121,bound,0.8659435203229896,0.8342006010633229,0.03174291925966666
341.0,1122,bound,0.8659435203229896,0.8342057499388866,0.03173777038410297
341.26599999982864,1123,bound,0.8659435203229896,0.8342123095105605,0.031731210812429134
341.26599999982864,1124,bound,0.8659435203229896,0.8342198499503115,0.03172367037267809
341.3279999997467,1125,bound,0.8659435203229896,0.8342375542661378,0.03170596605685183
341.3279999997467,1126,bound,0.8659435203229896,0.8342388235353734,0.03170469678761623
341.4529999997467,1127,bound,0.8659435203229896,0.8342402176363928,0.031703302686596824
341.67199999978766,1128,bound,0.8659435203229896,0.8342473960356852,0.031696124287304395
341.67199999978766,1129,bound,0.8659435203229896,0.8342490849225712,0.031694435400418386
341.8279999997467,1130,bound,0.8659435203229896,0.8342692422982325,0.031674278024757085
341.8279999997467,1131,bound,0.8659435203229896,0.8342788058633388,0.0316647144596508
341.9529999997467,1132,bound,0.8659435203229896,0.834300771467377,0.03164274885561258
341.9529999997467,1133,bound,0.8659435203229896,0.8343166298698814,0.03162689045310818
342.155999999959,1134,bound,0.8659435203229896,0.8343562930954798,0.03158722722750984
342.280999999959,1135,bound,0.8659435203229896,0.8343631506880095,0.03158036963498012
342.3589999997057,1136,bound,0.8659435203229896,0.8343670528337855,0.03157646748920406
342.5,1137,bound,0.8659435203229896,0.8343774217454369,0.03156609857755266
342.56199999991804,1138,bound,0.8659435203229896,0.8343791361437067,0.03156438417928287
342.719000000041,1139,bound,0.8659435203229896,0.8344153973489201,0.031528122974069483
342.8589999997057,1140,bound,0.8659435203229896,0.834418395402335,0.031525124920654624
342.8589999997057,1141,bound,0.8659435203229896,0.8344216379103808,0.03152188241260878
343.0,1142,bound,0.8659435203229896,0.834425689360811,0.03151783096217864
343.42199999978766,1143,bound,0.8659435203229896,0.8344460188113948,0.031497501511594805
343.42199999978766,1144,bound,0.8659435203229896,0.8344694820183695,0.031474038304620144
343.5,1145,bound,0.8659435203229896,0.8344792353224728,0.03146428500051679
343.54699999978766,1146,bound,0.8659435203229896,0.8344865141081864,0.031457006214803185
343.54699999978766,1147,bound,0.8659435203229896,0.8345022032286888,0.03144131709430076
343.7339999997057,1148,bound,0.8659435203229896,0.8345046726307748,0.03143884769221483
344.01599999982864,1149,bound,0.8659435203229896,0.8345312094856129,0.03141231083737672
344.2029999997467,1150,bound,0.8659435203229896,0.8345389632717595,0.03140455705123013
344.42199999978766,1151,bound,0.8659435203229896,0.8345415581138719,0.03140196220911773
344.4839999997057,1152,bound,0.8659435203229896,0.8345435907662068,0.031399929556782835
344.54699999978766,1153,bound,0.8659435203229896,0.834546091635144,0.03139742868784556
344.54699999978766,1154,bound,0.8659435203229896,0.8345487732368851,0.03139474708610446
344.6089999997057,1155,bound,0.8659435203229896,0.8345769309379187,0.031366589385070864
344.67199999978766,1156,bound,0.8659435203229896,0.8345938109674272,0.03134970935556236
344.81199999991804,1157,bound,0.8659435203229896,0.8345959732575511,0.03134754706543852
344.81199999991804,1158,bound,0.8659435203229896,0.8346527721455804,0.03129074817740918
344.9529999997467,1159,bound,0.8659435203229896,0.8346591351098729,0.03128438521311672
345.125,1160,bound,0.8659435203229896,0.8346595529725822,0.03128396735040739
345.26599999982864,1161,bound,0.8659435203229896,0.8346781195502252,0.03126540077276441
348.844000000041,1162,bound,0.8659435203229896,0.8346937986023715,0.03124972172061813
348.844000000041,1163,bound,0.8659435203229896,0.834722688669413,0.031220831653576586
349.04699999978766,1164,bound,0.8659435203229896,0.8347244795100175,0.03121904081297211
349.17199999978766,1165,bound,0.8659435203229896,0.8347288978318158,0.031214622491173794
349.29699999978766,1166,bound,0.8659435203229896,0.8347551441645009,0.031188376158488684
349.3589999997057,1167,bound,0.8659435203229896,0.8347553997412313,0.03118812058175835
349.42199999978766,1168,bound,0.8659435203229896,0.8347618624389189,0.03118165788407068
349.625,1169,bound,0.8659435203229896,0.8347938544692811,0.031149665853708486
349.76599999982864,1170,bound,0.8659435203229896,0.8348072769439921,0.031136243378997452
349.76599999982864,1171,bound,0.8659435203229896,0.8348082603418433,0.0311352599811463
349.89099999982864,1172,bound,0.8659435203229896,0.8348243357238057,0.031119184599183947
349.9839999997057,1173,bound,0.8659435203229896,0.8348284278434982,0.031115092479491402
349.9839999997057,1174,bound,0.8659435203229896,0.8348685944006647,0.03107492592232486
350.26599999982864,1175,bound,0.8659435203229896,0.8348953545816333,0.03104816574135627
350.39099999982864,1176,bound,0.8659435203229896,0.8349019388877698,0.031041581435219845
350.7029999997467,1177,bound,0.8659435203229896,0.8349041854059458,0.031039334917043804
350.76599999982864,1178,bound,0.8659435203229896,0.834913308027391,0.031030212295598547
351.06199999991804,1179,bound,0.8659435203229896,0.8349191106485508,0.031024409674438758
351.06199999991804,1180,bound,0.8659435203229896,0.8349295668234716,0.031013953499517966
351.280999999959,1181,bound,0.8659435203229896,0.8349349290854313,0.03100859123755828
351.469000000041,1182,bound,0.8659435203229896,0.8349467953634288,0.03099672495956085
351.67199999978766,1183,bound,0.8659435203229896,0.834961860832453,0.03098165949053655
351.67199999978766,1184,bound,0.8659435203229896,0.8349628956991603,0.030980624623829334
351.7339999997057,1185,bound,0.8659435203229896,0.8349689923714284,0.030974527951561193
351.93699999991804,1186,bound,0.8659435203229896,0.8349758903780277,0.03096762994496194
351.93699999991804,1187,bound,0.8659435203229896,0.8349869064161051,0.030956613906884534
352.0,1188,bound,0.8659435203229896,0.8349992570260786,0.030944263296911023
352.04699999978766,1189,bound,0.8659435203229896,0.8350146957654566,0.030928824557532986
352.04699999978766,1190,bound,0.8659435203229896,0.8350216174367487,0.03092190288624086
352.17199999978766,1191,bound,0.8659435203229896,0.8350259546430295,0.03091756567996007
352.3279999997467,1192,bound,0.8659435203229896,0.8350552101482756,0.03088831017471405
352.39099999982864,1193,bound,0.8659435203229896,0.8351392468520143,0.030804273470975252
352.530999999959,1194,bound,0.8659435203229896,0.8351432433421178,0.030800276980871844
352.67199999978766,1195,bound,0.8659435203229896,0.8351470223037483,0.030796498019241336
352.67199999978766,1196,bound,0.8659435203229896,0.8351519201698027,0.030791600153186938
352.67199999978766,1197,bound,0.8659435203229896,0.8351625232381673,0.030780997084822292
352.7339999997057,1198,bound,0.8659435203229896,0.8352247822596445,0.03071873806334513
352.7339999997057,1199,bound,0.8659435203229896,0.8352362244127819,0.03070729591020771
352.79699999978766,1200,bound,0.8659435203229896,0.8352563414899971,0.030687178832992545
352.79699999978766,1201,bound,0.8659435203229896,0.8352581110530447,0.030685409269944897
353.094000000041,1202,bound,0.8659435203229896,0.8352593641594437,0.030684156163545917
353.094000000041,1203,bound,0.8659435203229896,0.8352767397437141,0.03066678057927552
353.155999999959,1204,bound,0.8659435203229896,0.8352839638214733,0.030659556501516305
353.155999999959,1205,bound,0.8659435203229896,0.8352851563036249,0.030658364019364726
353.280999999959,1206,bound,0.8659435203229896,0.8352873730951067,0.0306561472278829
353.3589999997057,1207,bound,0.8659435203229896,0.8352993881484532,0.03064413217453643
353.5,1208,bound,0.8659435203229896,0.8353036361034085,0.03063988421958108
353.625,1209,bound,0.8659435203229896,0.8353176790069842,0.03062584131600543
353.75,1210,bound,0.8659435203229896,0.8353225719654312,0.030620948357558353
353.969000000041,1211,bound,0.8659435203229896,0.8353232167688863,0.03062030355410328
354.125,1212,bound,0.8659435203229896,0.8353381646090988,0.03060535571389078
354.18699999991804,1213,bound,0.8659435203229896,0.8353499333526327,0.030593586970356856
354.18699999991804,1214,bound,0.8659435203229896,0.8353500068701767,0.030593513452812915
354.25,1215,bound,0.8659435203229896,0.8353579460868751,0.03058557423611452
354.3279999997467,1216,bound,0.8659435203229896,0.8353864396480994,0.030557080674890158
354.39099999982864,1217,bound,0.8659435203229896,0.8354090163916118,0.0305345039313778
354.75,1218,bound,0.8659435203229896,0.835415094159931,0.03052842616305862
354.89099999982864,1219,bound,0.8659435203229896,0.8354229227963107,0.030520597526678905
355.1089999997057,1220,bound,0.8659435203229896,0.8354628622058695,0.030480658117120085
355.2339999997057,1221,bound,0.8659435203229896,0.8354668816516938,0.030476638671295797
355.29699999978766,1222,bound,0.8659435203229896,0.8354864800787688,0.0304570402442208
355.375,1223,bound,0.8659435203229896,0.8354946144101569,0.03044890591283267
355.375,1224,bound,0.8659435203229896,0.8355008499486147,0.03044267037437487
355.375,1225,bound,0.8659435203229896,0.8355036918767926,0.03043982844619697
355.7029999997467,1226,bound,0.8659435203229896,0.8355061920959898,0.03043732822699985
355.89099999982864,1227,bound,0.8659435203229896,0.8355171808336507,0.030426339489338927
355.969000000041,1228,bound,0.8659435203229896,0.8355368118679413,0.030406708455048337
356.030999999959,1229,bound,0.8659435203229896,0.8355507710325297,0.030392749290459875
356.155999999959,1230,bound,0.8659435203229896,0.8355522031543287,0.030391317168660947
356.3589999997057,1231,bound,0.8659435203229896,0.8355707308792486,0.030372789443741
356.3589999997057,1232,bound,0.8659435203229896,0.8355873818297088,0.030356138493280782
356.42199999978766,1233,bound,0.8659435203229896,0.8356045407744332,0.030338979548556355
356.4839999997057,1234,bound,0.8659435203229896,0.8356311736306923,0.03031234669229732
356.6089999997057,1235,bound,0.8659435203229896,0.8356370571650666,0.030306463157922958
356.75,1236,bound,0.8659435203229896,0.835639462822687,0.030304057500302628
356.875,1237,bound,0.8659435203229896,0.8356407588946653,0.030302761428324332
356.93699999991804,1238,bound,0.8659435203229896,0.8356616090242643,0.03028191129872526
357.06199999991804,1239,bound,0.8659435203229896,0.8357048470512646,0.030238673271725025
357.14099999982864,1240,bound,0.8659435203229896,0.8357061163529887,0.030237403970000853
357.219000000041,1241,bound,0.8659435203229896,0.8357110999792342,0.030232420343755395
357.219000000041,1242,bound,0.8659435203229896,0.8357353310349335,0.03020818928805613
357.280999999959,1243,bound,0.8659435203229896,0.8357545077911909,0.03018901253179873
357.405999999959,1244,bound,0.8659435203229896,0.8357597716571283,0.030183748665861265
357.530999999959,1245,bound,0.8659435203229896,0.8357601950980047,0.030183325224984903
357.6089999997057,1246,bound,0.8659435203229896,0.8357767744129531,0.03016674591003654
357.7339999997057,1247,bound,0.8659435203229896,0.8358021150104497,0.03014140531253995
357.875,1248,bound,0.8659435203229896,0.8358030411542298,0.030140479168759837
358.01599999982864,1249,bound,0.8659435203229896,0.8358116180533643,0.030131902269625255
358.0779999997467,1250,bound,0.8659435203229896,0.8358258123176036,0.030117708005386046
358.0779999997467,1251,bound,0.8659435203229896,0.8358270547753236,0.030116465547666005
358.14099999982864,1252,bound,0.8659435203229896,0.8358354044776433,0.03010811584534634
358.219000000041,1253,bound,0.8659435203229896,0.8358392988428813,0.030104221480108273
358.219000000041,1254,bound,0.8659435203229896,0.835841222151105,0.03010229817188459
358.280999999959,1255,bound,0.8659435203229896,0.8358469739960721,0.030096546326917495
358.344000000041,1256,bound,0.8659435203229896,0.8358482502221125,0.030095270100877092
358.405999999959,1257,bound,0.8659435203229896,0.8358493259465489,0.030094194376440675
358.43699999991804,1258,bound,0.8659435203229896,0.8358570937203171,0.030086426602672467
358.56199999991804,1259,bound,0.8659435203229896,0.835858969941332,0.030084550381657582
358.7029999997467,1260,bound,0.8659435203229896,0.8358591677288166,0.03008435259417297
358.8589999997057,1261,bound,0.8659435203229896,0.8358756009991731,0.030067919323816472
358.89099999982864,1262,bound,0.8659435203229896,0.8359067586165514,0.03003676170643821
358.92199999978766,1263,bound,0.8659435203229896,0.8359145220902565,0.030028998232733084
359.0,1264,bound,0.8659435203229896,0.8359259635236209,0.030017556799368683
359.125,1265,bound,0.8659435203229896,0.8359272685183263,0.030016251804663274
359.25,1266,bound,0.8659435203229896,0.835930044353813,0.030013475969176584
359.344000000041,1267,bound,0.8659435203229896,0.8359492320662649,0.029994288256724677
359.344000000041,1268,bound,0.8659435203229896,0.8359514625356098,0.02999205778737979
359.469000000041,1269,bound,0.8659435203229896,0.8359706461052413,0.029972874217748302
359.469000000041,1270,bound,0.8659435203229896,0.8359824169817187,0.02996110334127089
359.54699999978766,1271,bound,0.8659435203229896,0.8359848953511176,0.02995862497187196
359.7029999997467,1272,bound,0.8659435203229896,0.8360024806723898,0.0299410396505998
359.9529999997467,1273,bound,0.8659435203229896,0.836025394971381,0.02991812535160865
360.1089999997057,1274,bound,0.8659435203229896,0.8360444006808939,0.029899119642095684
360.17199999978766,1275,bound,0.8659435203229896,0.8360541705143757,0.029889349808613908
360.17199999978766,1276,bound,0.8659435203229896,0.836059895689283,0.02988362463370664
360.25,1277,bound,0.8659435203229896,0.8360981251529216,0.029845395170068012
360.31199999991804,1278,bound,0.8659435203229896,0.836108115574553,0.0298354047484366
360.5,1279,bound,0.8659435203229896,0.8361298104857544,0.02981370983723519
360.7339999997057,1280,bound,0.8659435203229896,0.8361304076930955,0.029813112629894056
360.79699999978766,1281,bound,0.8659435203229896,0.8361404708745448,0.029803049448444807
360.79699999978766,1282,bound,0.8659435203229896,0.836147385423623,0.02979613489936661
360.8589999997057,1283,bound,0.8659435203229896,0.8361531822779117,0.029790338045077913
361.01599999982864,1284,bound,0.8659435203229896,0.8361576289641165,0.029785891358873107
361.01599999982864,1285,bound,0.8659435203229896,0.8361595738098951,0.02978394651309446
361.155999999959,1286,bound,0.8659435203229896,0.8361646840306015,0.02977883629238809
361.155999999959,1287,bound,0.8659435203229896,0.8362037966734466,0.029739723649543026
361.31199999991804,1288,bound,0.8659435203229896,0.8362266355152131,0.029716884807776456
361.375,1289,bound,0.8659435203229896,0.8362332590571557,0.02971026126583387
361.4529999997467,1290,bound,0.8659435203229896,0.8362336934265195,0.02970982689647006
361.655999999959,1291,bound,0.8659435203229896,0.8362381025460386,0.029705417776951015
361.655999999959,1292,bound,0.8659435203229896,0.8362483503549919,0.029695169967997703
361.655999999959,1293,bound,0.8659435203229896,0.8362501113901841,0.029693408932805476
361.719000000041,1294,bound,0.8659435203229896,0.8362551663524057,0.02968835397058389
361.719000000041,1295,bound,0.8659435203229896,0.8362616919822562,0.029681828340733407
361.780999999959,1296,bound,0.8659435203229896,0.8363055072627406,0.029638013060249047
361.8589999997057,1297,bound,0.8659435203229896,0.8363097284090965,0.029633791913893148
361.8589999997057,1298,bound,0.8659435203229896,0.8363208043101381,0.02962271601285149
362.04699999978766,1299,bound,0.8659435203229896,0.8363274699041503,0.0296160504188393
362.4529999997467,1300,bound,0.8659435203229896,0.8363369419332846,0.02960657838970504
362.6089999997057,1301,bound,0.8659435203229896,0.8363428523813264,0.02960066794166316
362.6089999997057,1302,bound,0.8659435203229896,0.8363484814151262,0.029595038907863414
362.67199999978766,1303,bound,0.8659435203229896,0.8363691968811239,0.029574323441865724
362.67199999978766,1304,bound,0.8659435203229896,0.8363851962223817,0.02955832410060788
362.93699999991804,1305,bound,0.8659435203229896,0.8363911955372976,0.02955232478569203
363.01599999982864,1306,bound,0.8659435203229896,0.8364104673608731,0.0295330529621165
363.17199999978766,1307,bound,0.8659435203229896,0.8364110930214831,0.029532427301506514
363.2339999997057,1308,bound,0.8659435203229896,0.8364196090053958,0.0295239113175938
363.43699999991804,1309,bound,0.8659435203229896,0.8364480346900964,0.02949548563289317
363.51599999982864,1310,bound,0.8659435203229896,0.8364543884091359,0.029489131913853717
363.51599999982864,1311,bound,0.8659435203229896,0.8364654521771077,0.02947806814588194
363.655999999959,1312,bound,0.8659435203229896,0.8364783082999291,0.029465212023060516
363.655999999959,1313,bound,0.8659435203229896,0.8364867157850072,0.029456804537982384
363.875,1314,bound,0.8659435203229896,0.8365095117597229,0.029434008563266723
363.875,1315,bound,0.8659435203229896,0.8365322252288483,0.02941129509414131
363.969000000041,1316,bound,0.8659435203229896,0.8365417668695878,0.02940175345340179
364.17199999978766,1317,bound,0.8659435203229896,0.8365430645564268,0.029400455766562805
364.5,1318,bound,0.8659435203229896,0.8365446623216822,0.02939885800130737
364.64099999982864,1319,bound,0.8659435203229896,0.8365556561604415,0.029387864162548127
364.64099999982864,1320,bound,0.8659435203229896,0.8365792753843924,0.02936424493859724
364.7029999997467,1321,bound,0.8659435203229896,0.8365813966211963,0.029362123701793252
364.8279999997467,1322,bound,0.8659435203229896,0.8365974533167597,0.02934606700622988
364.8589999997057,1323,bound,0.8659435203229896,0.8366074893347347,0.02933603098825488
364.969000000041,1324,bound,0.8659435203229896,0.8366103966338999,0.02933312368908969
365.125,1325,bound,0.8659435203229896,0.8366398854622102,0.02930363486077936
365.125,1326,bound,0.8659435203229896,0.8366764475307038,0.029267072792285798
365.18699999991804,1327,bound,0.8659435203229896,0.8366848667606007,0.02925865356238888
365.18699999991804,1328,bound,0.8659435203229896,0.8366942713725157,0.029249248950473872
365.25,1329,bound,0.8659435203229896,0.8367017666279148,0.029241753695074757
365.375,1330,bound,0.8659435203229896,0.8367045904446466,0.02923892987834298
365.375,1331,bound,0.8659435203229896,0.8367075624237776,0.029235957899211962
365.4529999997467,1332,bound,0.8659435203229896,0.836714961881989,0.029228558441000585
365.51599999982864,1333,bound,0.8659435203229896,0.8367158202156514,0.029227700107338217
365.64099999982864,1334,bound,0.8659435203229896,0.836716636589171,0.029226883733818654
365.7029999997467,1335,bound,0.8659435203229896,0.8367218887635336,0.029221631559456007
365.8589999997057,1336,bound,0.8659435203229896,0.8367261395251213,0.029217380797868286
365.8589999997057,1337,bound,0.8659435203229896,0.8367325001766743,0.02921102014631527
366.14099999982864,1338,bound,0.8659435203229896,0.8367467970183398,0.02919672330464984
366.14099999982864,1339,bound,0.8659435203229896,0.8367470335832529,0.029196486739736738
366.219000000041,1340,bound,0.8659435203229896,0.8367838155520587,0.029159704770930883
366.280999999959,1341,bound,0.8659435203229896,0.836787708272241,0.029155812050748575
366.280999999959,1342,bound,0.8659435203229896,0.8367879686931993,0.029155551629790333
366.344000000041,1343,bound,0.8659435203229896,0.8367920486027689,0.0291514717202207
366.530999999959,1344,bound,0.8659435203229896,0.836795284282564,0.0291482360404256
366.79699999978766,1345,bound,0.8659435203229896,0.8367958727355915,0.029147647587398073
367.01599999982864,1346,bound,0.8659435203229896,0.8368038234718886,0.02913969685110096
367.1089999997057,1347,bound,0.8659435203229896,0.8368491902758606,0.029094330047129024
367.2339999997057,1348,bound,0.8659435203229896,0.8368495501737175,0.029093970149272064
367.75,1349,bound,0.8659435203229896,0.8368880924710542,0.029055427851935378
367.75,1350,bound,0.8659435203229896,0.8368931465543822,0.029050373768607418
367.89099999982864,1351,bound,0.8659435203229896,0.8368986710780071,0.029044849244982518
367.89099999982864,1352,bound,0.8659435203229896,0.8369024322373239,0.029041088085665745
368.0779999997467,1353,bound,0.8659435203229896,0.8369048359240847,0.02903868439890489
368.219000000041,1354,bound,0.8659435203229896,0.8369116239559812,0.029031896367008425
368.280999999959,1355,bound,0.8659435203229896,0.8369124486616762,0.029031071661313357
368.280999999959,1356,bound,0.8659435203229896,0.8369140307798165,0.02902948954317308
368.3589999997057,1357,bound,0.8659435203229896,0.8369496501656987,0.028993870157290935
368.42199999978766,1358,bound,0.8659435203229896,0.8369608029362348,0.02898271738675484
368.42199999978766,1359,bound,0.8659435203229896,0.8369630452117724,0.028980475111217152
368.54699999978766,1360,bound,0.8659435203229896,0.8369947466986807,0.02894877362430892
368.6089999997057,1361,bound,0.8659435203229896,0.8370111400383032,0.028932380284686365
368.68699999991804,1362,bound,0.8659435203229896,0.8370116861868522,0.028931834136137424
368.68699999991804,1363,bound,0.8659435203229896,0.8370170802614794,0.02892644006151024
368.75,1364,bound,0.8659435203229896,0.8370203728211468,0.028923147501842772
368.81199999991804,1365,bound,0.8659435203229896,0.8370223176910966,0.028921202631893017
368.81199999991804,1366,bound,0.8659435203229896,0.8370226940984911,0.02892082622449854
368.875,1367,bound,0.8659435203229896,0.8370265673486063,0.028916952974383348
369.0,1368,bound,0.8659435203229896,0.8370444331034858,0.02889908721950385
369.06199999991804,1369,bound,0.8659435203229896,0.8370597494972165,0.028883770825773092
369.06199999991804,1370,bound,0.8659435203229896,0.8370707344191612,0.028872785903828357
369.2029999997467,1371,bound,0.8659435203229896,0.8370770331732218,0.028866487149767805
369.26599999982864,1372,bound,0.8659435203229896,0.837088169916066,0.028855350406923552
369.39099999982864,1373,bound,0.8659435203229896,0.8370966530890126,0.028846867233977003
369.39099999982864,1374,bound,0.8659435203229896,0.8370979790656007,0.028845541257388918
369.51599999982864,1375,bound,0.8659435203229896,0.8371013580644631,0.028842162258526538
369.655999999959,1376,bound,0.8659435203229896,0.837132800432285,0.028810719890704606
369.7029999997467,1377,bound,0.8659435203229896,0.8371486461803117,0.028794874142677895
369.780999999959,1378,bound,0.8659435203229896,0.8371578045720915,0.028785715750898055
369.9529999997467,1379,bound,0.8659435203229896,0.8371588746149397,0.02878464570804995
370.01599999982864,1380,bound,0.8659435203229896,0.83716463064747,0.02877888967551956
370.01599999982864,1381,bound,0.8659435203229896,0.8371790570576974,0.02876446326529225
370.094000000041,1382,bound,0.8659435203229896,0.8372014984467174,0.028742021876272172
370.219000000041,1383,bound,0.8659435203229896,0.83720609007539,0.02873743024759956
370.280999999959,1384,bound,0.8659435203229896,0.8372119006799863,0.028731619643003303
370.280999999959,1385,bound,0.8659435203229896,0.8372146145701086,0.028728905752881007
370.4839999997057,1386,bound,0.8659435203229896,0.8372152389393259,0.02872828138366368
370.54699999978766,1387,bound,0.8659435203229896,0.8372175754600895,0.028725944862900143
370.68699999991804,1388,bound,0.8659435203229896,0.8372403951861889,0.028703125136800733
370.81199999991804,1389,bound,0.8659435203229896,0.8372468179862816,0.028696702336707958
370.81199999991804,1390,bound,0.8659435203229896,0.8372497947023574,0.028693725620632216
370.875,1391,bound,0.8659435203229896,0.8372610476990896,0.0286824726239
370.9839999997057,1392,bound,0.8659435203229896,0.83726850842913,0.02867501189385957
370.9839999997057,1393,bound,0.8659435203229896,0.8372797534011296,0.028663766921860012
371.18699999991804,1394,bound,0.8659435203229896,0.8372842066188051,0.028659313704184508
371.18699999991804,1395,bound,0.8659435203229896,0.8372865153715469,0.028657004951442744
371.31199999991804,1396,bound,0.8659435203229896,0.8373273833654172,0.02861613695757237
371.375,1397,bound,0.8659435203229896,0.8373321024685995,0.028611417854390142
371.375,1398,bound,0.8659435203229896,0.8373362642484277,0.028607256074561938
371.43699999991804,1399,bound,0.8659435203229896,0.8373398529157449,0.028603667407244737
371.54699999978766,1400,bound,0.8659435203229896,0.8373401653406851,0.028603354982304485
371.6089999997057,1401,bound,0.8659435203229896,0.8373532938058675,0.028590226517122064
371.68699999991804,1402,bound,0.8659435203229896,0.8373683284714419,0.028575191851547666
371.8279999997467,1403,bound,0.8659435203229896,0.8374179973699202,0.028525522953069427
372.030999999959,1404,bound,0.8659435203229896,0.8374331682181436,0.028510352104845982
372.094000000041,1405,bound,0.8659435203229896,0.8374513079583364,0.028492212364653158
372.155999999959,1406,bound,0.8659435203229896,0.8374513481856984,0.02849217213729116
372.2339999997057,1407,bound,0.8659435203229896,0.8374542116949066,0.028489308628082965
372.2339999997057,1408,bound,0.8659435203229896,0.8374560755128766,0.028487444810113005
372.375,1409,bound,0.8659435203229896,0.8374574950825108,0.02848602524047883
372.375,1410,bound,0.8659435203229896,0.8375082730380939,0.02843524728489566
372.51599999982864,1411,bound,0.8659435203229896,0.8375088367304121,0.028434683592577503
372.79699999978766,1412,bound,0.8659435203229896,0.8375145524707028,0.02842896785228677
372.79699999978766,1413,bound,0.8659435203229896,0.837516576107278,0.02842694421571157
372.92199999978766,1414,bound,0.8659435203229896,0.8375197012769923,0.028423819045997334
372.92199999978766,1415,bound,0.8659435203229896,0.8375214246078923,0.02842209571509735
373.04699999978766,1416,bound,0.8659435203229896,0.8375358702274365,0.028407650095553127
373.2029999997467,1417,bound,0.8659435203229896,0.8375438815080793,0.028399638814910255
373.344000000041,1418,bound,0.8659435203229896,0.8375449550926201,0.028398565230369543
373.405999999959,1419,bound,0.8659435203229896,0.8375939385430642,0.028349581779925415
373.594000000041,1420,bound,0.8659435203229896,0.8376020318137366,0.028341488509253
373.67199999978766,1421,bound,0.8659435203229896,0.8376093487617762,0.028334171561213428
373.7339999997057,1422,bound,0.8659435203229896,0.8376155703449997,0.02832794997798993
373.8589999997057,1423,bound,0.8659435203229896,0.8376231132519278,0.02832040707106176
373.8589999997057,1424,bound,0.8659435203229896,0.8376263714679361,0.028317148855053542
373.93699999991804,1425,bound,0.8659435203229896,0.8376392496340613,0.028304270688928268
373.93699999991804,1426,bound,0.8659435203229896,0.8376647309295403,0.0282787893934493
373.93699999991804,1427,bound,0.8659435203229896,0.8376658572339594,0.028277663089030236
374.0779999997467,1428,bound,0.8659435203229896,0.8376827816485564,0.02826073867443324
374.405999999959,1429,bound,0.8659435203229896,0.8376849609859037,0.028258559337085876
374.405999999959,1430,bound,0.8659435203229896,0.8376875801686594,0.028255940154330195
374.625,1431,bound,0.8659435203229896,0.8377108111368577,0.028232709186131855
374.719000000041,1432,bound,0.8659435203229896,0.8377113711134528,0.02823214920953676
374.905999999959,1433,bound,0.8659435203229896,0.8377192916745398,0.028224228648449756
375.030999999959,1434,bound,0.8659435203229896,0.8377301368009826,0.028213383522006974
375.094000000041,1435,bound,0.8659435203229896,0.8377399836080427,0.02820353671494691
375.094000000041,1436,bound,0.8659435203229896,0.8377659394546311,0.02817758086835853
375.155999999959,1437,bound,0.8659435203229896,0.8377691921089757,0.02817432821401389
375.155999999959,1438,bound,0.8659435203229896,0.8377899015251302,0.02815361879785938
375.219000000041,1439,bound,0.8659435203229896,0.8377923125595995,0.028151207763390085
375.29699999978766,1440,bound,0.8659435203229896,0.8378011986439694,0.0281423216790202
375.3589999997057,1441,bound,0.8659435203229896,0.8378164861351519,0.028127034187837685
375.56199999991804,1442,bound,0.8659435203229896,0.8378460151736692,0.028097505149320412
375.56199999991804,1443,bound,0.8659435203229896,0.8378538911463023,0.028089629176687336
375.719000000041,1444,bound,0.8659435203229896,0.8378847822360584,0.028058738086931156
375.844000000041,1445,bound,0.8659435203229896,0.8378904193580853,0.02805310096490432
375.969000000041,1446,bound,0.8659435203229896,0.8379117618831013,0.028031758439888255
376.1089999997057,1447,bound,0.8659435203229896,0.8379222402173738,0.028021280105615776
376.17199999978766,1448,bound,0.8659435203229896,0.8379231609590183,0.028020359363971292
376.8279999997467,1449,bound,0.8659435203229896,0.8379261863508596,0.02801733397213002
376.8279999997467,1450,bound,0.8659435203229896,0.8379442767262493,0.02799924359674033
376.9529999997467,1451,bound,0.8659435203229896,0.8379473681946153,0.027996152128374252
377.01599999982864,1452,bound,0.8659435203229896,0.8379664353607881,0.027977084962201526
377.01599999982864,1453,bound,0.8659435203229896,0.8379702429563103,0.027973277366679317
377.155999999959,1454,bound,0.8659435203229896,0.8379746140008968,0.027968906322092812
377.42199999978766,1455,bound,0.8659435203229896,0.8379807628642695,0.027962757458720122
377.42199999978766,1456,bound,0.8659435203229896,0.8379867698822383,0.0279567504407513
377.6089999997057,1457,bound,0.8659435203229896,0.8380041819157981,0.02793933840719154
377.6089999997057,1458,bound,0.8659435203229896,0.8380108563135034,0.02793266400948624
377.9529999997467,1459,bound,0.8659435203229896,0.8380166779844176,0.02792684233857201
378.01599999982864,1460,bound,0.8659435203229896,0.8380339285660908,0.027909591756898777
378.01599999982864,1461,bound,0.8659435203229896,0.8380418446577087,0.0279016756652809
378.17199999978766,1462,bound,0.8659435203229896,0.8380609471050784,0.02788257321791121
378.29699999978766,1463,bound,0.8659435203229896,0.8380862995061461,0.027857220816843498
378.469000000041,1464,bound,0.8659435203229896,0.8380971455787152,0.027846374744274427
378.469000000041,1465,bound,0.8659435203229896,0.8380973919214757,0.027846128401513903
378.594000000041,1466,bound,0.8659435203229896,0.8381002540267052,0.02784326629628442
378.594000000041,1467,bound,0.8659435203229896,0.8381003864589607,0.027843133864028924
378.7339999997057,1468,bound,0.8659435203229896,0.8381094683718433,0.0278340519511463
378.79699999978766,1469,bound,0.8659435203229896,0.8381233794027622,0.027820140920227443
379.0,1470,bound,0.8659435203229896,0.8381382804289529,0.027805239894036715
379.0,1471,bound,0.8659435203229896,0.8381436939762243,0.027799826346765255
379.06199999991804,1472,bound,0.8659435203229896,0.8381529951252467,0.027790525197742943
379.06199999991804,1473,bound,0.8659435203229896,0.8381588327122529,0.027784687610736714
379.31199999991804,1474,bound,0.8659435203229896,0.8381601229086872,0.027783397414302358
379.39099999982864,1475,bound,0.8659435203229896,0.8381723245290132,0.027771195793976355
379.39099999982864,1476,bound,0.8659435203229896,0.8381768898534935,0.027766630469496123
379.655999999959,1477,bound,0.8659435203229896,0.8381847680405405,0.027758752282449062
379.780999999959,1478,bound,0.8659435203229896,0.8382032240685774,0.02774029625441221
379.780999999959,1479,bound,0.8659435203229896,0.8382078550391067,0.027735665283882938
380.04699999978766,1480,bound,0.8659435203229896,0.8382197490892394,0.02772377123375025
380.125,1481,bound,0.8659435203229896,0.8382473951309083,0.02769612519208131
380.280999999959,1482,bound,0.8659435203229896,0.8382538575444898,0.027689662778499824
380.344000000041,1483,bound,0.8659435203229896,0.8382562080824327,0.02768731224055687
380.4839999997057,1484,bound,0.8659435203229896,0.8382590098244531,0.027684510498536485
380.54699999978766,1485,bound,0.8659435203229896,0.8382615008310975,0.027682019491892085
380.625,1486,bound,0.8659435203229896,0.8382734412850855,0.027670079037904083
380.625,1487,bound,0.8659435203229896,0.8382757840729166,0.027667736250073016
381.0779999997467,1488,bound,0.8659435203229896,0.838283537361137,0.02765998296185257
381.14099999982864,1489,bound,0.8659435203229896,0.8382948615179581,0.027648658805031534
381.280999999959,1490,bound,0.8659435203229896,0.838303306512428,0.027640213810561587
381.344000000041,1491,bound,0.8659435203229896,0.838309291821717,0.027634228501272617
381.405999999959,1492,bound,0.8659435203229896,0.83831343613386,0.0276300841891296
381.530999999959,1493,bound,0.8659435203229896,0.838317805748957,0.027625714574032623
381.530999999959,1494,bound,0.8659435203229896,0.8383326232325053,0.027610897090484254
381.625,1495,bound,0.8659435203229896,0.8383394792960047,0.027604041026984882
381.68699999991804,1496,bound,0.8659435203229896,0.8383455485401351,0.027597971782854502
381.76599999982864,1497,bound,0.8659435203229896,0.8383526425642122,0.027590877758777443
381.9529999997467,1498,bound,0.8659435203229896,0.8383637381850546,0.027579782137934994
381.9839999997057,1499,bound,0.8659435203229896,0.8383770598729027,0.027566460450086927
382.25,1500,bound,0.8659435203229896,0.8383916981475948,0.027551822175394758
382.31199999991804,1501,bound,0.8659435203229896,0.8384284996357614,0.02751502068722822
382.375,1502,bound,0.8659435203229896,0.8384597045607702,0.027483815762219366
382.5,1503,bound,0.8659435203229896,0.8384713402082102,0.027472180114779365
382.56199999991804,1504,bound,0.8659435203229896,0.8384818405694354,0.02746167975355418
382.625,1505,bound,0.8659435203229896,0.8384915257873984,0.027451994535591218
382.7339999997057,1506,bound,0.8659435203229896,0.8384992222622554,0.02744429806073423
382.8589999997057,1507,bound,0.8659435203229896,0.8385018553976659,0.02744166492532374
383.0,1508,bound,0.8659435203229896,0.838508278164955,0.027435242158034612
383.06199999991804,1509,bound,0.8659435203229896,0.8385103423120993,0.02743317801089029
383.06199999991804,1510,bound,0.8659435203229896,0.8385155459464142,0.027427974376575404
383.06199999991804,1511,bound,0.8659435203229896,0.838560589218706,0.02738293110428358
383.280999999959,1512,bound,0.8659435203229896,0.8385758265430676,0.027367693779921987
383.280999999959,1513,bound,0.8659435203229896,0.8385889679107837,0.027354552412205857
383.405999999959,1514,bound,0.8659435203229896,0.8386000366633112,0.027343483659678425
383.54699999978766,1515,bound,0.8659435203229896,0.8386022225198178,0.02734129780317185
383.54699999978766,1516,bound,0.8659435203229896,0.8386252154449,0.027318304878089616
383.79699999978766,1517,bound,0.8659435203229896,0.83862969045679,0.027313829866199568
383.93699999991804,1518,bound,0.8659435203229896,0.838648086196775,0.0272954341262146
384.14099999982864,1519,bound,0.8659435203229896,0.8386531912706672,0.027290329052322426
384.14099999982864,1520,bound,0.8659435203229896,0.8386600388302872,0.027283481492702433
384.280999999959,1521,bound,0.8659435203229896,0.8386932598092774,0.027250260513712155
384.375,1522,bound,0.8659435203229896,0.8387000454212927,0.027243474901696874
384.43699999991804,1523,bound,0.8659435203229896,0.8387078311866597,0.0272356891363299
384.780999999959,1524,bound,0.8659435203229896,0.8387187442403492,0.0272247760826404
384.844000000041,1525,bound,0.8659435203229896,0.8387273188689289,0.027216201454060673
384.844000000041,1526,bound,0.8659435203229896,0.8387308792562508,0.02721264106673882
384.905999999959,1527,bound,0.8659435203229896,0.8387574445392296,0.027186075783759978
384.905999999959,1528,bound,0.8659435203229896,0.8387828484799417,0.027160671843047934
385.04699999978766,1529,bound,0.8659435203229896,0.8387987470749861,0.027144773248003462
385.17199999978766,1530,bound,0.8659435203229896,0.8388067489304454,0.027136771392544223
385.17199999978766,1531,bound,0.8659435203229896,0.8388135385128382,0.02712998181015136
385.2339999997057,1532,bound,0.8659435203229896,0.8388150255780121,0.02712849474497747
385.2339999997057,1533,bound,0.8659435203229896,0.83882155548119,0.02712196484179963
385.26599999982864,1534,bound,0.8659435203229896,0.8388250907924737,0.02711842953051591
385.3279999997467,1535,bound,0.8659435203229896,0.8388277583244382,0.02711576199855137
385.39099999982864,1536,bound,0.8659435203229896,0.838837431472451,0.027106088850538557
385.54699999978766,1537,bound,0.8659435203229896,0.8388467354905628,0.027096784832426835
385.6089999997057,1538,bound,0.8659435203229896,0.8388582087453411,0.027085311577648485
385.68699999991804,1539,bound,0.8659435203229896,0.8388667302798078,0.027076790043181753
385.89099999982864,1540,bound,0.8659435203229896,0.8388667467539711,0.027076773569018497
385.89099999982864,1541,bound,0.8659435203229896,0.8388774949084046,0.027066025414585027
385.89099999982864,1542,bound,0.8659435203229896,0.838880878391956,0.027062641931033582
385.9529999997467,1543,bound,0.8659435203229896,0.8388830461894269,0.027060474133562717
386.01599999982864,1544,bound,0.8659435203229896,0.8388937708855969,0.02704974943739269
386.01599999982864,1545,bound,0.8659435203229896,0.8389004432170277,0.027043077105961877
386.1089999997057,1546,bound,0.8659435203229896,0.8389085518594128,0.02703496846357678
386.2339999997057,1547,bound,0.8659435203229896,0.8389246998134275,0.027018820509562058
386.2339999997057,1548,bound,0.8659435203229896,0.8389379170585708,0.02700560326441881
386.4529999997467,1549,bound,0.8659435203229896,0.8389389352696724,0.027004585053317154
386.51599999982864,1550,bound,0.8659435203229896,0.8389416217988049,0.027001898524184664
386.54699999978766,1551,bound,0.8659435203229896,0.838943083035038,0.02700043728795165
386.7339999997057,1552,bound,0.8659435203229896,0.838957998695175,0.026985521627814646
386.79699999978766,1553,bound,0.8659435203229896,0.8389615674129627,0.02698195291002692
386.875,1554,bound,0.8659435203229896,0.8389659582680175,0.02697756205497215
386.875,1555,bound,0.8659435203229896,0.8389691033599312,0.026974416963058356
387.0779999997467,1556,bound,0.8659435203229896,0.8389772216325774,0.026966298690412227
387.14099999982864,1557,bound,0.8659435203229896,0.8389973321304828,0.026946188192506826
387.219000000041,1558,bound,0.8659435203229896,0.8389980127548697,0.026945507568119864
387.280999999959,1559,bound,0.8659435203229896,0.8390010011806692,0.026942519142320376
387.280999999959,1560,bound,0.8659435203229896,0.8390072261415835,0.026936294181406084
387.280999999959,1561,bound,0.8659435203229896,0.8390078198269822,0.026935700496007353
387.344000000041,1562,bound,0.8659435203229896,0.8390117331601468,0.026931787162842835
387.344000000041,1563,bound,0.8659435203229896,0.8390331163587554,0.026910403964234164
387.4839999997057,1564,bound,0.8659435203229896,0.8390356881560193,0.026907832166970347
387.4839999997057,1565,bound,0.8659435203229896,0.8390417639191409,0.02690175640384873
387.6089999997057,1566,bound,0.8659435203229896,0.839043437722922,0.0269000826000676
387.7029999997467,1567,bound,0.8659435203229896,0.8390556607887475,0.02688785953424211
387.844000000041,1568,bound,0.8659435203229896,0.8390634779212969,0.026880042401692728
387.92199999978766,1569,bound,0.8659435203229896,0.8390635648997518,0.026879955423237845
388.06199999991804,1570,bound,0.8659435203229896,0.8390677735331198,0.026875746789869814
388.06199999991804,1571,bound,0.8659435203229896,0.8390768701048502,0.026866650218139387
388.125,1572,bound,0.8659435203229896,0.8390800244225799,0.026863495900409706
388.18699999991804,1573,bound,0.8659435203229896,0.8390931975683863,0.026850322754603306
388.18699999991804,1574,bound,0.8659435203229896,0.8390941122306301,0.026849408092359472
388.25,1575,bound,0.8659435203229896,0.8390958461938185,0.026847674129171106
388.375,1576,bound,0.8659435203229896,0.8390979045299832,0.026845615793006372
388.375,1577,bound,0.8659435203229896,0.8391103599289007,0.026833160394088895
388.51599999982864,1578,bound,0.8659435203229896,0.8391107842924015,0.02683273603058811
388.51599999982864,1579,bound,0.8659435203229896,0.8391226338379928,0.02682088648499681
388.5779999997467,1580,bound,0.8659435203229896,0.8391239905097505,0.026819529813239096
388.655999999959,1581,bound,0.8659435203229896,0.8391259498912942,0.026817570431695414
388.905999999959,1582,bound,0.8659435203229896,0.8391359967783958,0.026807523544593814
388.905999999959,1583,bound,0.8659435203229896,0.8391393437207612,0.026804176602228447
389.06199999991804,1584,bound,0.8659435203229896,0.8391437397921611,0.026799780530828543
389.06199999991804,1585,bound,0.8659435203229896,0.8391481966507797,0.026795323672209936
389.14099999982864,1586,bound,0.8659435203229896,0.8391661918669547,0.026777328456034866
389.2029999997467,1587,bound,0.8659435203229896,0.8391671554899691,0.026776364833020483
389.3589999997057,1588,bound,0.8659435203229896,0.8391678582288358,0.02677566209415383
389.42199999978766,1589,bound,0.8659435203229896,0.8391767264406562,0.026766793882333384
389.54699999978766,1590,bound,0.8659435203229896,0.8391868810934903,0.026756639229499335
389.780999999959,1591,bound,0.8659435203229896,0.8392091000909727,0.026734420232016887
389.905999999959,1592,bound,0.8659435203229896,0.8392202239284692,0.026723296394520424
389.969000000041,1593,bound,0.8659435203229896,0.8392230440709917,0.026720476251997916
390.030999999959,1594,bound,0.8659435203229896,0.8392270557601027,0.0267164645628869
390.26599999982864,1595,bound,0.8659435203229896,0.8392381473565291,0.026705372966460472
390.26599999982864,1596,bound,0.8659435203229896,0.8392431290752833,0.02670039124770629
390.39099999982864,1597,bound,0.8659435203229896,0.8392436826667832,0.026699837656206427
390.4529999997467,1598,bound,0.8659435203229896,0.8392450663169326,0.02669845400605697
390.530999999959,1599,bound,0.8659435203229896,0.8392484508035751,0.02669506951941447
390.530999999959,1600,bound,0.8659435203229896,0.8392556228907548,0.026687897432234764
390.719000000041,1601,bound,0.8659435203229896,0.8392557574749852,0.026687762848004448
390.905999999959,1602,bound,0.8659435203229896,0.8392659467489364,0.026677573574053204
390.969000000041,1603,bound,0.8659435203229896,0.8392771201702964,0.02666640015269317
391.04699999978766,1604,bound,0.8659435203229896,0.8392799782584359,0.02666354206455368
391.18699999991804,1605,bound,0.8659435203229896,0.8392872595083238,0.026656260814665766
391.375,1606,bound,0.8659435203229896,0.8392894939874103,0.02665402633557934
391.43699999991804,1607,bound,0.8659435203229896,0.8392958966404308,0.026647623682558796
391.56199999991804,1608,bound,0.8659435203229896,0.8393028305913145,0.026640689731675105
391.625,1609,bound,0.8659435203229896,0.8393634828091152,0.02658003751387439
391.8589999997057,1610,bound,0.8659435203229896,0.8393699483813141,0.026573571941675533
391.93699999991804,1611,bound,0.8659435203229896,0.8393708874439124,0.026572632879077185
391.93699999991804,1612,bound,0.8659435203229896,0.839381506448926,0.02656201387406365
392.030999999959,1613,bound,0.8659435203229896,0.8393868687513903,0.026556651571599255
392.030999999959,1614,bound,0.8659435203229896,0.8393891630355054,0.02655435728748423
392.18699999991804,1615,bound,0.8659435203229896,0.8393923676526649,0.026551152670324707
392.31199999991804,1616,bound,0.8659435203229896,0.8393940636989647,0.02654945662402486
392.43699999991804,1617,bound,0.8659435203229896,0.8394004211685632,0.02654309915442643
392.5,1618,bound,0.8659435203229896,0.8394078031485509,0.0265357171744387
392.56199999991804,1619,bound,0.8659435203229896,0.8394093130648129,0.02653420725817668
392.64099999982864,1620,bound,0.8659435203229896,0.8394119546723795,0.0265315656506101
392.64099999982864,1621,bound,0.8659435203229896,0.8394164526706481,0.026527067652341474
392.67199999978766,1622,bound,0.8659435203229896,0.8394493585373842,0.026494161785605375
392.7339999997057,1623,bound,0.8659435203229896,0.8394526443592483,0.026490875963741334
392.81199999991804,1624,bound,0.8659435203229896,0.8394583824114213,0.026485137911568257
392.81199999991804,1625,bound,0.8659435203229896,0.8394689052750035,0.026474615047986094
392.875,1626,bound,0.8659435203229896,0.8394706851833695,0.026472835139620066
392.93699999991804,1627,bound,0.8659435203229896,0.8394880760999723,0.026455444223017266
392.93699999991804,1628,bound,0.8659435203229896,0.8394897778898721,0.02645374243311749
392.93699999991804,1629,bound,0.8659435203229896,0.8395015678819827,0.02644195244100689
392.93699999991804,1630,bound,0.8659435203229896,0.8395232418152997,0.02642027850768991
393.06199999991804,1631,bound,0.8659435203229896,0.839531129352561,0.02641239097042858
393.06199999991804,1632,bound,0.8659435203229896,0.8395376475146562,0.026405872808333397
393.14099999982864,1633,bound,0.8659435203229896,0.8395480905579225,0.026395429765067147
393.2029999997467,1634,bound,0.8659435203229896,0.8395666496600136,0.026376870662976004
393.26599999982864,1635,bound,0.8659435203229896,0.839576795367881,0.02636672495510861
393.469000000041,1636,bound,0.8659435203229896,0.8395824344445678,0.026361085878421786
393.530999999959,1637,bound,0.8659435203229896,0.8395870618926958,0.026356458430293772
393.530999999959,1638,bound,0.8659435203229896,0.8395965258252562,0.026346994497733367
393.594000000041,1639,bound,0.8659435203229896,0.839598724994906,0.026344795328083648
393.655999999959,1640,bound,0.8659435203229896,0.8396047780220844,0.02633874230090516
393.7339999997057,1641,bound,0.8659435203229896,0.8396072460199893,0.02633627430300034
393.905999999959,1642,bound,0.8659435203229896,0.8396083939929776,0.026335126330012004
393.969000000041,1643,bound,0.8659435203229896,0.8396126442724877,0.026330876050501884
394.26599999982864,1644,bound,0.8659435203229896,0.8396233785715649,0.02632014175142472
394.56199999991804,1645,bound,0.8659435203229896,0.8396421641568004,0.026301356166189227
394.64099999982864,1646,bound,0.8659435203229896,0.8396488127672227,0.026294707555766905
394.7029999997467,1647,bound,0.8659435203229896,0.83967741981374,0.0262661005092496
394.7029999997467,1648,bound,0.8659435203229896,0.8396778852389271,0.026265635084062544
394.7029999997467,1649,bound,0.8659435203229896,0.8396791106098381,0.02626440971315147
394.7339999997057,1650,bound,0.8659435203229896,0.8396914609636317,0.026252059359357927
394.8589999997057,1651,bound,0.8659435203229896,0.8396971244023766,0.026246395920612953
394.89099999982864,1652,bound,0.8659435203229896,0.8397006263186463,0.02624289400434332
394.9529999997467,1653,bound,0.8659435203229896,0.8397042459721622,0.026239274350827402
395.030999999959,1654,bound,0.8659435203229896,0.8397152221561827,0.02622829816680694
395.155999999959,1655,bound,0.8659435203229896,0.8397163636548766,0.02622715666811304
395.3589999997057,1656,bound,0.8659435203229896,0.8397184968282828,0.02622502349470679
395.42199999978766,1657,bound,0.8659435203229896,0.8397270636019579,0.026216456721031678
395.68699999991804,1658,bound,0.8659435203229896,0.8397357533393934,0.02620776698359617
395.719000000041,1659,bound,0.8659435203229896,0.839737478187957,0.026206042135032637
395.8589999997057,1660,bound,0.8659435203229896,0.8397453275790138,0.026198192743975834
395.92199999978766,1661,bound,0.8659435203229896,0.8397486191431471,0.026194901179842467
396.0779999997467,1662,bound,0.8659435203229896,0.8397526801212659,0.026190840201723686
396.155999999959,1663,bound,0.8659435203229896,0.8397613680960462,0.026182152226943423
396.3279999997467,1664,bound,0.8659435203229896,0.8397690767987231,0.026174443524266455
396.3279999997467,1665,bound,0.8659435203229896,0.8397691127348568,0.02617440758813283
396.375,1666,bound,0.8659435203229896,0.8397691367429487,0.026174383580040872
396.43699999991804,1667,bound,0.8659435203229896,0.8397700607295205,0.02617345959346906
396.67199999978766,1668,bound,0.8659435203229896,0.8397714090224896,0.02617211130050001
396.67199999978766,1669,bound,0.8659435203229896,0.8397725320616233,0.026170988261366324
396.67199999978766,1670,bound,0.8659435203229896,0.8397775103536779,0.026166009969311732
396.79699999978766,1671,bound,0.8659435203229896,0.8397807357295655,0.026162784593424138
396.79699999978766,1672,bound,0.8659435203229896,0.8397840681340032,0.02615945218898641
396.8589999997057,1673,bound,0.8659435203229896,0.8397948770269921,0.02614864329599753
396.8589999997057,1674,bound,0.8659435203229896,0.8397996006647094,0.026143919658280224
396.8589999997057,1675,bound,0.8659435203229896,0.8398000814675673,0.026143438855422252
396.92199999978766,1676,bound,0.8659435203229896,0.8398038438239009,0.02613967649908866
397.06199999991804,1677,bound,0.8659435203229896,0.8398054342714848,0.026138086051504805
397.06199999991804,1678,bound,0.8659435203229896,0.8398132891318069,0.02613023119118274
397.18699999991804,1679,bound,0.8659435203229896,0.8398165417840026,0.026126978538987045
397.42199999978766,1680,bound,0.8659435203229896,0.8398182340904751,0.026125286232514533
397.42199999978766,1681,bound,0.8659435203229896,0.8398328799987392,0.026110640324250367
397.4839999997057,1682,bound,0.8659435203229896,0.8398361485496145,0.026107371773375077
397.719000000041,1683,bound,0.8659435203229896,0.8398399784895602,0.026103541833429444
397.719000000041,1684,bound,0.8659435203229896,0.8398418052420986,0.026101715080890986
397.844000000041,1685,bound,0.8659435203229896,0.83984225018027,0.026101270142719568
397.844000000041,1686,bound,0.8659435203229896,0.8398428156863061,0.02610070463668346
398.030999999959,1687,bound,0.8659435203229896,0.8398623931064636,0.026081127216526
398.094000000041,1688,bound,0.8659435203229896,0.8398728992100355,0.026070621112954107
398.18699999991804,1689,bound,0.8659435203229896,0.8398756711536937,0.026067849169295942
398.25,1690,bound,0.8659435203229896,0.8398768890507192,0.02606663127227038
398.31199999991804,1691,bound,0.8659435203229896,0.8398940766861046,0.026049443636884995
398.375,1692,bound,0.8659435203229896,0.8398975717500061,0.02604594857298348
398.375,1693,bound,0.8659435203229896,0.839908830439668,0.026034689883321582
398.51599999982864,1694,bound,0.8659435203229896,0.8399091520975379,0.026034368225451687
398.5779999997467,1695,bound,0.8659435203229896,0.8399093620558622,0.026034158267127405
398.75,1696,bound,0.8659435203229896,0.839935434967525,0.026008085355464616
398.75,1697,bound,0.8659435203229896,0.8399463510388934,0.025997169284096233
398.75,1698,bound,0.8659435203229896,0.8399686279730784,0.02597489234991124
398.81199999991804,1699,bound,0.8659435203229896,0.8399782522653413,0.025965268057648316
398.81199999991804,1700,bound,0.8659435203229896,0.8399816203486861,0.025961899974303537
398.89099999982864,1701,bound,0.8659435203229896,0.8399825754031918,0.025960944919797835
398.89099999982864,1702,bound,0.8659435203229896,0.8400255342710734,0.025917986051916198
398.9839999997057,1703,bound,0.8659435203229896,0.8400355631737018,0.02590795714928784
399.04699999978766,1704,bound,0.8659435203229896,0.8400414806833932,0.025902039639596364
399.0779999997467,1705,bound,0.8659435203229896,0.8400424611100955,0.025901059212894095
399.29699999978766,1706,bound,0.8659435203229896,0.8400479903411211,0.025895529981868504
399.7029999997467,1707,bound,0.8659435203229896,0.8400686743517869,0.02587484597120271
399.7029999997467,1708,bound,0.8659435203229896,0.8400694230746004,0.025874097248389183
399.969000000041,1709,bound,0.8659435203229896,0.8400813518687132,0.025862168454276357
400.030999999959,1710,bound,0.8659435203229896,0.8400899617321187,0.025853558590870906
400.030999999959,1711,bound,0.8659435203229896,0.8400940196451991,0.02584950067779046
400.030999999959,1712,bound,0.8659435203229896,0.8400997083357591,0.025843811987230514
400.155999999959,1713,bound,0.8659435203229896,0.8401008974001849,0.025842622922804703
400.219000000041,1714,bound,0.8659435203229896,0.8401335914872786,0.025809928835710982
400.280999999959,1715,bound,0.8659435203229896,0.8401367723742827,0.025806747948706854
400.5,1716,bound,0.8659435203229896,0.8401381452405408,0.025805375082448845
400.6089999997057,1717,bound,0.8659435203229896,0.8401581689042329,0.025785351418756708
400.67199999978766,1718,bound,0.8659435203229896,0.8401706789830589,0.02577284133993074
400.780999999959,1719,bound,0.8659435203229896,0.8401867376343328,0.025756782688656776
400.81199999991804,1720,bound,0.8659435203229896,0.8401890762735316,0.025754444049458036
400.93699999991804,1721,bound,0.8659435203229896,0.8401992790044012,0.025744241318588434
401.06199999991804,1722,bound,0.8659435203229896,0.8402011562129679,0.02574236411002173
401.2339999997057,1723,bound,0.8659435203229896,0.8402064227739121,0.025737097549077492
401.29699999978766,1724,bound,0.8659435203229896,0.8402233655235508,0.025720154799438788
401.39099999982864,1725,bound,0.8659435203229896,0.8402258872938874,0.025717633029102238
401.39099999982864,1726,bound,0.8659435203229896,0.8402511886343608,0.025692331688628833
401.4529999997467,1727,bound,0.8659435203229896,0.840266849151445,0.025676671171544596
401.530999999959,1728,bound,0.8659435203229896,0.8402751050975349,0.02566841522545471
401.655999999959,1729,bound,0.8659435203229896,0.8402774440286341,0.025666076294355467
401.719000000041,1730,bound,0.8659435203229896,0.8402932712511291,0.02565024907186053
401.780999999959,1731,bound,0.8659435203229896,0.8403143400635472,0.025629180259442386
401.780999999959,1732,bound,0.8659435203229896,0.8403189672380651,0.025624553084924506
401.9529999997467,1733,bound,0.8659435203229896,0.8403222162436387,0.025621304079350926
401.9529999997467,1734,bound,0.8659435203229896,0.8403372736025528,0.025606246720436765
402.01599999982864,1735,bound,0.8659435203229896,0.8403445126979667,0.025599007625022874
402.01599999982864,1736,bound,0.8659435203229896,0.8403519439623308,0.025591576360658785
402.219000000041,1737,bound,0.8659435203229896,0.8403664227368771,0.025577097586112485
402.3589999997057,1738,bound,0.8659435203229896,0.8403686975927918,0.025574822730197844
402.56199999991804,1739,bound,0.8659435203229896,0.8403711757247218,0.02557234459826785
402.625,1740,bound,0.8659435203229896,0.8403835577618398,0.025559962561149785
402.780999999959,1741,bound,0.8659435203229896,0.8403858081823138,0.025557712140675815
402.969000000041,1742,bound,0.8659435203229896,0.840393665581644,0.025549854741345635
403.1089999997057,1743,bound,0.8659435203229896,0.8404011871264208,0.025542333196568845
403.1089999997057,1744,bound,0.8659435203229896,0.8404149281218528,0.02552859220113679
403.17199999978766,1745,bound,0.8659435203229896,0.8404158811700476,0.025527639152941983
403.25,1746,bound,0.8659435203229896,0.8404289545173144,0.025514565805675238
403.25,1747,bound,0.8659435203229896,0.8404473280360206,0.025496192286968977
403.31199999991804,1748,bound,0.8659435203229896,0.8404518168027271,0.025491703520262532
403.39099999982864,1749,bound,0.8659435203229896,0.8404606819263073,0.025482838396682306
403.51599999982864,1750,bound,0.8659435203229896,0.8404677553781345,0.02547576494485515
403.51599999982864,1751,bound,0.8659435203229896,0.8404687541724509,0.025474766150538675
403.51599999982864,1752,bound,0.8659435203229896,0.8404700478181363,0.025473472504853323
403.51599999982864,1753,bound,0.8659435203229896,0.8404833270804749,0.025460193242514695
403.655999999959,1754,bound,0.8659435203229896,0.8405036010526377,0.02543991927035194
403.7339999997057,1755,bound,0.8659435203229896,0.8405119331302713,0.02543158719271832
403.76599999982864,1756,bound,0.8659435203229896,0.840515801358607,0.025427718964382562
403.76599999982864,1757,bound,0.8659435203229896,0.8405371479334629,0.0254063723895267
403.844000000041,1758,bound,0.8659435203229896,0.8405423328980978,0.025401187424891836
403.905999999959,1759,bound,0.8659435203229896,0.8405428608691816,0.025400659453807983
403.969000000041,1760,bound,0.8659435203229896,0.8405489508331407,0.02539456948984886
404.125,1761,bound,0.8659435203229896,0.8405497125800733,0.02539380774291633
404.18699999991804,1762,bound,0.8659435203229896,0.8405751423790366,0.02536837794395297
404.18699999991804,1763,bound,0.8659435203229896,0.8405854592369435,0.025358061086046102
404.3279999997467,1764,bound,0.8659435203229896,0.8405860268226472,0.025357493500342443
404.5,1765,bound,0.8659435203229896,0.8406038695586611,0.025339650764328536
404.625,1766,bound,0.8659435203229896,0.8406113911191532,0.02533212920383643
404.655999999959,1767,bound,0.8659435203229896,0.8406345398745307,0.025308980448458862
404.655999999959,1768,bound,0.8659435203229896,0.8406448105829062,0.025298709740083414
404.7339999997057,1769,bound,0.8659435203229896,0.8406562642615658,0.02528725606142379
404.780999999959,1770,bound,0.8659435203229896,0.8406797714716273,0.02526374885136229
404.844000000041,1771,bound,0.8659435203229896,0.8406831390736041,0.025260381249385455
404.844000000041,1772,bound,0.8659435203229896,0.8406850694388528,0.025258450884136807
404.905999999959,1773,bound,0.8659435203229896,0.8406935123258992,0.02525000799709043
405.030999999959,1774,bound,0.8659435203229896,0.8406948551105977,0.025248665212391885
405.094000000041,1775,bound,0.8659435203229896,0.8406980238652357,0.02524549645775387
405.25,1776,bound,0.8659435203229896,0.8407089911888933,0.025234529134096295
405.43699999991804,1777,bound,0.8659435203229896,0.8407187335250551,0.025224786797934495
405.43699999991804,1778,bound,0.8659435203229896,0.8407239411416241,0.025219579181365526
405.51599999982864,1779,bound,0.8659435203229896,0.8407296724164562,0.02521384790653336
405.67199999978766,1780,bound,0.8659435203229896,0.8407620116540055,0.025181508668984054
405.89099999982864,1781,bound,0.8659435203229896,0.8407828498377367,0.025160670485252945
406.155999999959,1782,bound,0.8659435203229896,0.8407870323753406,0.02515648794764902
406.219000000041,1783,bound,0.8659435203229896,0.8407882930533495,0.025155227269640146
406.29699999978766,1784,bound,0.8659435203229896,0.8407917162145123,0.025151804108477283
406.3589999997057,1785,bound,0.8659435203229896,0.8408055822320656,0.025137938090924017
406.594000000041,1786,bound,0.8659435203229896,0.8408079639889472,0.025135556334042408
406.655999999959,1787,bound,0.8659435203229896,0.8408144136671932,0.025129106655796374
406.655999999959,1788,bound,0.8659435203229896,0.8408455678083542,0.025097952514635424
406.780999999959,1789,bound,0.8659435203229896,0.8408563890129154,0.02508713131007423
406.780999999959,1790,bound,0.8659435203229896,0.8408628065311718,0.025080713791817755
406.81199999991804,1791,bound,0.8659435203229896,0.8408629260352546,0.025080594287735014
407.030999999959,1792,bound,0.8659435203229896,0.8408666579516457,0.025076862371343878
407.094000000041,1793,bound,0.8659435203229896,0.8409168175766337,0.025026702746355878
407.18699999991804,1794,bound,0.8659435203229896,0.8409175781498225,0.025025942173167115
407.18699999991804,1795,bound,0.8659435203229896,0.8409495345200771,0.024993985802912455
407.31199999991804,1796,bound,0.8659435203229896,0.840953755863394,0.024989764459595554
407.469000000041,1797,bound,0.8659435203229896,0.840959189575961,0.02498433074702855
407.54699999978766,1798,bound,0.8659435203229896,0.8409634123873814,0.02498010793560823
407.67199999978766,1799,bound,0.8659435203229896,0.8409642826521416,0.024979237670847976
407.67199999978766,1800,bound,0.8659435203229896,0.8409679626462895,0.024975557676700122
407.7339999997057,1801,bound,0.8659435203229896,0.8409692136205761,0.024974306702413518
407.79699999978766,1802,bound,0.8659435203229896,0.8409812657548009,0.02496225456818868
407.93699999991804,1803,bound,0.8659435203229896,0.840983164426089,0.0249603558969006
408.125,1804,bound,0.8659435203229896,0.8410041843178864,0.02493933600510323
408.25,1805,bound,0.8659435203229896,0.8410046402347285,0.02493888008826106
408.4529999997467,1806,bound,0.8659435203229896,0.8410113778635185,0.024932142459471063
408.51599999982864,1807,bound,0.8659435203229896,0.8410150881626148,0.02492843216037477
408.5779999997467,1808,bound,0.8659435203229896,0.8410208099305063,0.024922710392483283
408.5779999997467,1809,bound,0.8659435203229896,0.8410245472725556,0.024918973050434
408.719000000041,1810,bound,0.8659435203229896,0.8410267814340678,0.024916738888921763
408.93699999991804,1811,bound,0.8659435203229896,0.8410487233504909,0.024894796972498745
408.93699999991804,1812,bound,0.8659435203229896,0.8410503257008406,0.024893194622149006
408.93699999991804,1813,bound,0.8659435203229896,0.8410537771499198,0.0248897431730698
409.01599999982864,1814,bound,0.8659435203229896,0.8410595824278951,0.024883937895094466
409.01599999982864,1815,bound,0.8659435203229896,0.8410602036471998,0.0248833166757898
409.094000000041,1816,bound,0.8659435203229896,0.8410611688940401,0.024882351428949456
409.094000000041,1817,bound,0.8659435203229896,0.8410653854059869,0.024878134917002748
409.094000000041,1818,bound,0.8659435203229896,0.8410688820437879,0.024874638279201666
409.155999999959,1819,bound,0.8659435203229896,0.841084048160767,0.024859472162222618
409.2339999997057,1820,bound,0.8659435203229896,0.8410848436125375,0.024858676710452055
409.5,1821,bound,0.8659435203229896,0.8410898168943826,0.024853703428607044
409.56199999991804,1822,bound,0.8659435203229896,0.8411078954322153,0.024835624890774288
409.56199999991804,1823,bound,0.8659435203229896,0.8411212871782212,0.02482223314476839
409.625,1824,bound,0.8659435203229896,0.841131619367065,0.02481190095592456
409.68699999991804,1825,bound,0.8659435203229896,0.8411721098676361,0.02477141045535347
409.68699999991804,1826,bound,0.8659435203229896,0.8411813147162388,0.024762205606750798
409.68699999991804,1827,bound,0.8659435203229896,0.8411847953255159,0.02475872499747367
409.68699999991804,1828,bound,0.8659435203229896,0.8412043375342376,0.02473918278875198
409.75,1829,bound,0.8659435203229896,0.8412064824811054,0.02473703784188419
409.844000000041,1830,bound,0.8659435203229896,0.8412277689568068,0.02471575136618276
410.0779999997467,1831,bound,0.8659435203229896,0.8412304685526284,0.024713051770361205
410.0779999997467,1832,bound,0.8659435203229896,0.8412343316958159,0.02470918862717375
410.2029999997467,1833,bound,0.8659435203229896,0.8412374383209584,0.02470608200203117
410.280999999959,1834,bound,0.8659435203229896,0.841247099654082,0.024696420668907648
410.344000000041,1835,bound,0.8659435203229896,0.8412588886946265,0.024684631628363096
410.344000000041,1836,bound,0.8659435203229896,0.8412613204654338,0.02468219985755582
410.405999999959,1837,bound,0.8659435203229896,0.8412637193881486,0.024679800934841012
410.4839999997057,1838,bound,0.8659435203229896,0.8412640102652543,0.024679510057735277
410.4839999997057,1839,bound,0.8659435203229896,0.8412799151256443,0.02466360519734534
410.54699999978766,1840,bound,0.8659435203229896,0.8412825323130894,0.024660988009900242
410.625,1841,bound,0.8659435203229896,0.8413094172573674,0.024634103065622193
410.68699999991804,1842,bound,0.8659435203229896,0.8413155864277649,0.024627933895224663
410.68699999991804,1843,bound,0.8659435203229896,0.8413182939174775,0.024625226405512124
410.81199999991804,1844,bound,0.8659435203229896,0.8413304554467051,0.02461306487628445
410.875,1845,bound,0.8659435203229896,0.8413308834521003,0.024612636870889326
410.875,1846,bound,0.8659435203229896,0.841336657235541,0.024606863087448638
410.969000000041,1847,bound,0.8659435203229896,0.8413392993844333,0.024604220938556298
410.969000000041,1848,bound,0.8659435203229896,0.8413466696632469,0.02459685065974271
411.155999999959,1849,bound,0.8659435203229896,0.8413550454469593,0.02458847487603033
411.29699999978766,1850,bound,0.8659435203229896,0.8413577647812014,0.024585755541788212
411.29699999978766,1851,bound,0.8659435203229896,0.8413691085211836,0.024574411801805973
411.29699999978766,1852,bound,0.8659435203229896,0.8413763716512017,0.024567148671787886
411.4839999997057,1853,bound,0.8659435203229896,0.8413803977644567,0.02456312255853288
411.4839999997057,1854,bound,0.8659435203229896,0.8413853891192811,0.024558131203708533
411.4839999997057,1855,bound,0.8659435203229896,0.8413855050279202,0.024558015295069402
411.56199999991804,1856,bound,0.8659435203229896,0.8413958258678726,0.024547694455116953
411.625,1857,bound,0.8659435203229896,0.841397595761791,0.02454592456119864
411.75,1858,bound,0.8659435203229896,0.8414508963898457,0.024492623933143887
412.01599999982864,1859,bound,0.8659435203229896,0.8414636636289196,0.024479856694070046
412.01599999982864,1860,bound,0.8659435203229896,0.8414720996615057,0.02447142066148389
412.0779999997467,1861,bound,0.8659435203229896,0.8414854564630486,0.02445806385994098
412.155999999959,1862,bound,0.8659435203229896,0.8414879531115141,0.02445556721147546
412.219000000041,1863,bound,0.8659435203229896,0.8414907739946345,0.024452746328355146
412.219000000041,1864,bound,0.8659435203229896,0.8415043873692429,0.024439132953746667
412.31199999991804,1865,bound,0.8659435203229896,0.8415053316888889,0.024438188634100744
412.31199999991804,1866,bound,0.8659435203229896,0.8415138620759697,0.024429658247019925
412.39099999982864,1867,bound,0.8659435203229896,0.8415364838438626,0.02440703647912701
412.39099999982864,1868,bound,0.8659435203229896,0.8415430574378419,0.024400462885147745
412.4529999997467,1869,bound,0.8659435203229896,0.841549365742205,0.024394154580784644
412.530999999959,1870,bound,0.8659435203229896,0.8415539240322729,0.024389596290716686
412.530999999959,1871,bound,0.8659435203229896,0.8415761735178304,0.024367346805159174
412.594000000041,1872,bound,0.8659435203229896,0.8415853090548994,0.024358211268090235
412.68699999991804,1873,bound,0.8659435203229896,0.8415878435842671,0.02435567673872252
412.75,1874,bound,0.8659435203229896,0.8415885657569079,0.02435495456608172
412.75,1875,bound,0.8659435203229896,0.8415927362392314,0.024350784083758237
412.93699999991804,1876,bound,0.8659435203229896,0.8416057047780757,0.024337815544913877
413.06199999991804,1877,bound,0.8659435203229896,0.8416160428121696,0.024327477510819984
413.2029999997467,1878,bound,0.8659435203229896,0.8416161310506266,0.024327389272362998
413.2029999997467,1879,bound,0.8659435203229896,0.8416324330828198,0.024311087240169837
413.280999999959,1880,bound,0.8659435203229896,0.8416362138344848,0.024307306488504765
413.344000000041,1881,bound,0.8659435203229896,0.841637836481046,0.02430568384194365
413.42199999978766,1882,bound,0.8659435203229896,0.8416599165849739,0.024283603738015747
413.469000000041,1883,bound,0.8659435203229896,0.841667932314895,0.024275588008094595
413.469000000041,1884,bound,0.8659435203229896,0.8416748800444539,0.024268640278535702
413.530999999959,1885,bound,0.8659435203229896,0.8416749056822754,0.02426861464071417
413.6089999997057,1886,bound,0.8659435203229896,0.8416859553511198,0.024257564971869816
413.6089999997057,1887,bound,0.8659435203229896,0.8416878037755753,0.02425571654741432
413.655999999959,1888,bound,0.8659435203229896,0.8417074453077238,0.024236075015265812
413.655999999959,1889,bound,0.8659435203229896,0.8417083349609481,0.0242351853620415
413.75,1890,bound,0.8659435203229896,0.8417097845247143,0.024233735798275258
413.75,1891,bound,0.8659435203229896,0.8417130767169808,0.02423044360600879
413.875,1892,bound,0.8659435203229896,0.8417267341274843,0.02421678619550527
414.0,1893,bound,0.8659435203229896,0.8417455140870068,0.024198006235982783
414.0,1894,bound,0.8659435203229896,0.841745905742175,0.024197614580814597
414.0,1895,bound,0.8659435203229896,0.8417473519780183,0.02419616834497129
414.0779999997467,1896,bound,0.8659435203229896,0.8417500269902435,0.02419349333274612
414.2029999997467,1897,bound,0.8659435203229896,0.8417835814207453,0.024159938902244327
414.39099999982864,1898,bound,0.8659435203229896,0.8417850047598995,0.02415851556309012
414.530999999959,1899,bound,0.8659435203229896,0.8417881054633907,0.024155414859598934
414.625,1900,bound,0.8659435203229896,0.8417896135844636,0.02415390673852602
414.625,1901,bound,0.8659435203229896,0.8417944966662506,0.024149023656738988
414.719000000041,1902,bound,0.8659435203229896,0.8418042253828572,0.02413929494013245
414.780999999959,1903,bound,0.8659435203229896,0.8418197928347037,0.02412372748828595
414.844000000041,1904,bound,0.8659435203229896,0.8418296073452016,0.024113912977787977
414.844000000041,1905,bound,0.8659435203229896,0.8418297553802946,0.024113764942695015
414.844000000041,1906,bound,0.8659435203229896,0.841830953721863,0.024112566601126595
414.905999999959,1907,bound,0.8659435203229896,0.8418344222854282,0.02410909803756145
414.905999999959,1908,bound,0.8659435203229896,0.8418365053505246,0.024107014972465035
415.0,1909,bound,0.8659435203229896,0.8418416897633144,0.024101830559675186
415.1089999997057,1910,bound,0.8659435203229896,0.8418694102660663,0.02407411005692328
415.1089999997057,1911,bound,0.8659435203229896,0.8418864420988965,0.024057078224093087
415.1089999997057,1912,bound,0.8659435203229896,0.8418963980000216,0.024047122322968018
415.2339999997057,1913,bound,0.8659435203229896,0.8418964688151336,0.02404705150785602
415.29699999978766,1914,bound,0.8659435203229896,0.8419347395517386,0.024008780771251015
415.4529999997467,1915,bound,0.8659435203229896,0.8419429996932375,0.02400052062975211
415.54699999978766,1916,bound,0.8659435203229896,0.8419452445119596,0.02399827581102998
415.6089999997057,1917,bound,0.8659435203229896,0.8419483328558639,0.0239951874671257
415.7339999997057,1918,bound,0.8659435203229896,0.8419557723361569,0.023987747986832675
415.7339999997057,1919,bound,0.8659435203229896,0.8419664572824483,0.023977063040541258
415.79699999978766,1920,bound,0.8659435203229896,0.8419834883070877,0.02396003201590191
415.79699999978766,1921,bound,0.8659435203229896,0.8419847651518214,0.02395875517116819
415.875,1922,bound,0.8659435203229896,0.841987387648487,0.023956132674502584
415.875,1923,bound,0.8659435203229896,0.8420030555533504,0.02394046476963918
415.875,1924,bound,0.8659435203229896,0.8420301997596239,0.023913320563365703
415.93699999991804,1925,bound,0.8659435203229896,0.8420319767989835,0.02391154352400615
416.06199999991804,1926,bound,0.8659435203229896,0.842034161932547,0.023909358390442614
416.06199999991804,1927,bound,0.8659435203229896,0.8420535089404095,0.023890011382580068
416.125,1928,bound,0.8659435203229896,0.842054227632959,0.023889292690030595
416.2029999997467,1929,bound,0.8659435203229896,0.8420560189117811,0.023887501411208545
416.2029999997467,1930,bound,0.8659435203229896,0.8420641116159373,0.023879408707052296
416.26599999982864,1931,bound,0.8659435203229896,0.842067328289427,0.023876192033562615
416.344000000041,1932,bound,0.8659435203229896,0.8420740228128346,0.02386949751015499
416.56199999991804,1933,bound,0.8659435203229896,0.8420760573409717,0.023867462982017917
416.56199999991804,1934,bound,0.8659435203229896,0.8420924695550813,0.023851050767908277
416.56199999991804,1935,bound,0.8659435203229896,0.842095961142221,0.02384755918076864
416.79699999978766,1936,bound,0.8659435203229896,0.8420993959994149,0.023844124323574745
416.79699999978766,1937,bound,0.8659435203229896,0.8421003954843805,0.023843124838609064
416.8589999997057,1938,bound,0.8659435203229896,0.8421019458464756,0.023841574476514027
416.8589999997057,1939,bound,0.8659435203229896,0.8421039169912161,0.023839603331773485
416.8589999997057,1940,bound,0.8659435203229896,0.8421047477760398,0.02383877254694977
416.92199999978766,1941,bound,0.8659435203229896,0.8421105570740469,0.023832963248942685
416.92199999978766,1942,bound,0.8659435203229896,0.8421171697870966,0.023826350535892993
416.9839999997057,1943,bound,0.8659435203229896,0.8421188872369901,0.02382463308599947
416.9839999997057,1944,bound,0.8659435203229896,0.8421259789288733,0.023817541394116293
417.06199999991804,1945,bound,0.8659435203229896,0.8421260598537631,0.023817460469226504
417.125,1946,bound,0.8659435203229896,0.8421401816012736,0.023803338721716027
417.219000000041,1947,bound,0.8659435203229896,0.8421442172011926,0.02379930312179701
417.280999999959,1948,bound,0.8659435203229896,0.8421456859761494,0.02379783434684024
417.43699999991804,1949,bound,0.8659435203229896,0.8421529033461357,0.023790616976853918
417.625,1950,bound,0.8659435203229896,0.8421630453614352,0.023780474961554443
417.719000000041,1951,bound,0.8659435203229896,0.8421654673304205,0.023778052992569076
417.719000000041,1952,bound,0.8659435203229896,0.8421869506880736,0.023756569634916014
417.905999999959,1953,bound,0.8659435203229896,0.8421924155870633,0.023751104735926343
417.969000000041,1954,bound,0.8659435203229896,0.8421941733181417,0.023749347004847876
417.969000000041,1955,bound,0.8659435203229896,0.8421993060462519,0.023744214276737674
418.030999999959,1956,bound,0.8659435203229896,0.8422114902077226,0.023732030115267033
418.094000000041,1957,bound,0.8659435203229896,0.8422324216943496,0.02371109862863996
418.14099999982864,1958,bound,0.8659435203229896,0.8422336490878469,0.023709871235142677
418.14099999982864,1959,bound,0.8659435203229896,0.8422432113491921,0.02370030897379749
418.280999999959,1960,bound,0.8659435203229896,0.842248852799269,0.023694667523720625
418.280999999959,1961,bound,0.8659435203229896,0.8422550005917682,0.023688519731221436
418.469000000041,1962,bound,0.8659435203229896,0.8422682493561587,0.023675270966830864
418.469000000041,1963,bound,0.8659435203229896,0.8422832557915586,0.023660264531430997
418.6089999997057,1964,bound,0.8659435203229896,0.8422833222353182,0.02366019808767139
418.64099999982864,1965,bound,0.8659435203229896,0.842288129436945,0.023655390886044625
418.7029999997467,1966,bound,0.8659435203229896,0.8423058933795966,0.023637626943392998
418.780999999959,1967,bound,0.8659435203229896,0.8423061481888324,0.023637372134157175
418.780999999959,1968,bound,0.8659435203229896,0.8423089405462524,0.02363457977673722
418.780999999959,1969,bound,0.8659435203229896,0.8423136457685346,0.023629874554454977
418.8589999997057,1970,bound,0.8659435203229896,0.8423187601486198,0.023624760174369763
418.8589999997057,1971,bound,0.8659435203229896,0.8423339652222707,0.023609555100718937
418.92199999978766,1972,bound,0.8659435203229896,0.8423600350527753,0.023583485270214255
419.04699999978766,1973,bound,0.8659435203229896,0.8423635333125897,0.023579987010399872
419.04699999978766,1974,bound,0.8659435203229896,0.842363786653905,0.023579733669084613
419.125,1975,bound,0.8659435203229896,0.8423694464121398,0.023574073910849758
419.18699999991804,1976,bound,0.8659435203229896,0.842373111685008,0.023570408637981655
419.25,1977,bound,0.8659435203229896,0.8423731152001513,0.023570405122838256
419.25,1978,bound,0.8659435203229896,0.8423872842562021,0.023556236066787473
419.3279999997467,1979,bound,0.8659435203229896,0.8423937286096114,0.023549791713378232
419.3279999997467,1980,bound,0.8659435203229896,0.8423940676445487,0.023549452678440885
419.4529999997467,1981,bound,0.8659435203229896,0.8424089750070152,0.02353454531597443
419.655999999959,1982,bound,0.8659435203229896,0.8424134659890115,0.023530054333978145
419.905999999959,1983,bound,0.8659435203229896,0.8424191424018169,0.02352437792117268
420.04699999978766,1984,bound,0.8659435203229896,0.8424203986499114,0.02352312167307824
420.04699999978766,1985,bound,0.8659435203229896,0.8424266825156154,0.023516837807374236
420.04699999978766,1986,bound,0.8659435203229896,0.8424462006554668,0.023497319667522776
420.04699999978766,1987,bound,0.8659435203229896,0.8424474737965666,0.02349604652642301
420.1089999997057,1988,bound,0.8659435203229896,0.8424525032502195,0.023491017072770126
420.25,1989,bound,0.8659435203229896,0.8424589062433271,0.023484614079662514
420.25,1990,bound,0.8659435203229896,0.8424609835099327,0.023482536813056898
420.39099999982864,1991,bound,0.8659435203229896,0.8424773765637731,0.023466143759216518
420.4529999997467,1992,bound,0.8659435203229896,0.8424845192560995,0.02345900106689014
420.4529999997467,1993,bound,0.8659435203229896,0.8424934480315003,0.02345007229148932
420.54699999978766,1994,bound,0.8659435203229896,0.8425005287140629,0.02344299160892671
420.54699999978766,1995,bound,0.8659435203229896,0.8425057484144355,0.023437771908554117
420.625,1996,bound,0.8659435203229896,0.8425103848269778,0.02343313549601178
420.625,1997,bound,0.8659435203229896,0.842514177794389,0.023429342528600627
420.625,1998,bound,0.8659435203229896,0.8425277580378626,0.023415762285126984
420.780999999959,1999,bound,0.8659435203229896,0.8425380850407218,0.023405435282267795
420.780999999959,2000,bound,0.8659435203229896,0.8425470158085725,0.023396504514417105
420.780999999959,2001,bound,0.8659435203229896,0.8425548356097321,0.0233886847132575
420.780999999959,2002,bound,0.8659435203229896,0.8425550137909302,0.023388506532059372
420.93699999991804,2003,bound,0.8659435203229896,0.842563807188126,0.023379713134863644
421.0,2004,bound,0.8659435203229896,0.8425830365831103,0.023360483739879312
421.0779999997467,2005,bound,0.8659435203229896,0.8425974766375942,0.02334604368539539
421.0779999997467,2006,bound,0.8659435203229896,0.8426032191375051,0.02334030118548447
421.0779999997467,2007,bound,0.8659435203229896,0.8426093110066476,0.023334209316342003
421.14099999982864,2008,bound,0.8659435203229896,0.8426228557117906,0.02332066461119897
421.14099999982864,2009,bound,0.8659435203229896,0.8426380013301854,0.023305518992804197
421.26599999982864,2010,bound,0.8659435203229896,0.8426385901367373,0.02330493018625235
421.26599999982864,2011,bound,0.8659435203229896,0.8426430226521213,0.02330049767086828
421.3279999997467,2012,bound,0.8659435203229896,0.8426509177039292,0.02329260261906041
421.3279999997467,2013,bound,0.8659435203229896,0.8426617985784705,0.023281721744519146
421.405999999959,2014,bound,0.8659435203229896,0.8426671278494122,0.02327639247357738
421.405999999959,2015,bound,0.8659435203229896,0.8426735266002263,0.023269993722763282
421.54699999978766,2016,bound,0.8659435203229896,0.8426736205670492,0.023269899755940404
421.54699999978766,2017,bound,0.8659435203229896,0.8426747139465753,0.023268806376414264
421.7339999997057,2018,bound,0.8659435203229896,0.8426872006804986,0.023256319642490975
421.7339999997057,2019,bound,0.8659435203229896,0.8426919978701152,0.02325152245287443
421.76599999982864,2020,bound,0.8659435203229896,0.842701812624397,0.023241707698592573
421.79699999978766,2021,bound,0.8659435203229896,0.8427295749683709,0.023213945354618737
421.93699999991804,2022,bound,0.8659435203229896,0.8427472555357161,0.023196264787273546
421.93699999991804,2023,bound,0.8659435203229896,0.8427543092994588,0.023189211023530776
422.06199999991804,2024,bound,0.8659435203229896,0.842754542742909,0.02318897758008065
422.06199999991804,2025,bound,0.8659435203229896,0.8427582437458222,0.023185276577167402
422.280999999959,2026,bound,0.8659435203229896,0.8427615225795065,0.023181997743483063
422.280999999959,2027,bound,0.8659435203229896,0.8427654678812841,0.023178052441705455
422.469000000041,2028,bound,0.8659435203229896,0.8427747096556597,0.023168810667329898
422.530999999959,2029,bound,0.8659435203229896,0.8427758950292263,0.02316762529376326
422.530999999959,2030,bound,0.8659435203229896,0.8427784976345236,0.023165022688465986
422.67199999978766,2031,bound,0.8659435203229896,0.8427893404116242,0.02315417991136537
422.67199999978766,2032,bound,0.8659435203229896,0.8427993358937805,0.02314418442920907
422.719000000041,2033,bound,0.8659435203229896,0.8427998959285323,0.023143624394457274
422.719000000041,2034,bound,0.8659435203229896,0.842799924571365,0.023143595751624613
422.780999999959,2035,bound,0.8659435203229896,0.8428093050951243,0.023134215227865296
422.780999999959,2036,bound,0.8659435203229896,0.8428257260981665,0.023117794224823074
422.92199999978766,2037,bound,0.8659435203229896,0.8428281978263862,0.02311532249660342
422.9839999997057,2038,bound,0.8659435203229896,0.842830416098397,0.023113104224592562
423.04699999978766,2039,bound,0.8659435203229896,0.8428345244976891,0.02310899582530046
423.0779999997467,2040,bound,0.8659435203229896,0.8428354528153426,0.023108067507647045
423.14099999982864,2041,bound,0.8659435203229896,0.8428416530219265,0.023101867301063117
423.2339999997057,2042,bound,0.8659435203229896,0.842844570363925,0.023098949959064585
423.39099999982864,2043,bound,0.8659435203229896,0.8428524924900556,0.02309102783293404
423.5779999997467,2044,bound,0.8659435203229896,0.8428588678497494,0.023084652473240208
423.719000000041,2045,bound,0.8659435203229896,0.8428624798023033,0.02308104052068627
423.719000000041,2046,bound,0.8659435203229896,0.8428725471476971,0.023070973175292497
423.79699999978766,2047,bound,0.8659435203229896,0.8428920537536037,0.023051466569385948
423.8589999997057,2048,bound,0.8659435203229896,0.8428943716837388,0.023049148639250783
423.8589999997057,2049,bound,0.8659435203229896,0.8429029066852269,0.023040613637762664
423.8589999997057,2050,bound,0.8659435203229896,0.842933125747615,0.02301039457537457
423.92199999978766,2051,bound,0.8659435203229896,0.8429597995703161,0.02298372075267352
424.06199999991804,2052,bound,0.8659435203229896,0.8429709824916862,0.022972537831303375
424.06199999991804,2053,bound,0.8659435203229896,0.8429731373820938,0.022970382940895817
424.094000000041,2054,bound,0.8659435203229896,0.8429835007857712,0.02296001953721838
424.155999999959,2055,bound,0.8659435203229896,0.8429987531926345,0.022944767130355093
424.18699999991804,2056,bound,0.8659435203229896,0.8430046602383101,0.02293886008467949
424.31199999991804,2057,bound,0.8659435203229896,0.843008483164217,0.022935037158772653
424.4839999997057,2058,bound,0.8659435203229896,0.8430086361021101,0.022934884220879526
424.5779999997467,2059,bound,0.8659435203229896,0.8430119490918586,0.022931571231130987
424.5779999997467,2060,bound,0.8659435203229896,0.8430251221144989,0.02291839820849073
424.5779999997467,2061,bound,0.8659435203229896,0.8430344716202742,0.022909048702715373
424.5779999997467,2062,bound,0.8659435203229896,0.843037591727639,0.022905928595350566
424.64099999982864,2063,bound,0.8659435203229896,0.8430433126431959,0.022900207679793727
424.64099999982864,2064,bound,0.8659435203229896,0.8430489783976832,0.022894541925306378
424.7029999997467,2065,bound,0.8659435203229896,0.8430606379799923,0.02288288234299729
424.76599999982864,2066,bound,0.8659435203229896,0.8430618534228695,0.022881666900120057
424.875,2067,bound,0.8659435203229896,0.8430721967171961,0.02287132360579347
424.875,2068,bound,0.8659435203229896,0.8430797199045417,0.022863800418447933
424.93699999991804,2069,bound,0.8659435203229896,0.843084212498944,0.02285930782404555
425.0,2070,bound,0.8659435203229896,0.8431002836629855,0.022843236660004096
425.219000000041,2071,bound,0.8659435203229896,0.843100752950786,0.022842767372203587
425.219000000041,2072,bound,0.8659435203229896,0.843104517713425,0.022839002609564618
425.29699999978766,2073,bound,0.8659435203229896,0.8431177349192748,0.022825785403714827
425.3279999997467,2074,bound,0.8659435203229896,0.8431385066550655,0.02280501366792409
425.3279999997467,2075,bound,0.8659435203229896,0.8431485664710832,0.02279495385190644
425.4529999997467,2076,bound,0.8659435203229896,0.8431509262410717,0.022792594081917916
425.4529999997467,2077,bound,0.8659435203229896,0.8431671933956499,0.022776326927339663
425.51599999982864,2078,bound,0.8659435203229896,0.8431738737316022,0.02276964659138736
425.5779999997467,2079,bound,0.8659435203229896,0.8431759606102388,0.022767559712750796
425.5779999997467,2080,bound,0.8659435203229896,0.8431916506546776,0.022751869668311997
425.64099999982864,2081,bound,0.8659435203229896,0.8432090888715739,0.022734431451415738
425.7029999997467,2082,bound,0.8659435203229896,0.8432120221672335,0.022731498155756147
425.780999999959,2083,bound,0.8659435203229896,0.8432150675652882,0.02272845275770141
425.969000000041,2084,bound,0.8659435203229896,0.8432166530221449,0.022726867300844722
425.969000000041,2085,bound,0.8659435203229896,0.8432238082891279,0.022719712033861694
426.030999999959,2086,bound,0.8659435203229896,0.843230216976105,0.022713303346884595
426.030999999959,2087,bound,0.8659435203229896,0.8432384711947024,0.02270504912828719
426.094000000041,2088,bound,0.8659435203229896,0.8432407375553957,0.022702782767593854
426.155999999959,2089,bound,0.8659435203229896,0.8432409495457722,0.02270257077721738
426.2339999997057,2090,bound,0.8659435203229896,0.843247338839691,0.02269618148329855
426.29699999978766,2091,bound,0.8659435203229896,0.8432602908586582,0.022683229464331434
426.29699999978766,2092,bound,0.8659435203229896,0.8432653040373888,0.02267821628560085
426.3589999997057,2093,bound,0.8659435203229896,0.8432661967398314,0.022677323583158215
426.3589999997057,2094,bound,0.8659435203229896,0.8432795276897823,0.022663992633207286
426.3589999997057,2095,bound,0.8659435203229896,0.8432841054403318,0.02265941488265777
426.4839999997057,2096,bound,0.8659435203229896,0.8433000973622008,0.022643422960788806
426.4839999997057,2097,bound,0.8659435203229896,0.8433040783767467,0.0226394419462429
426.4839999997057,2098,bound,0.8659435203229896,0.8433055153822597,0.022638004940729872
426.7029999997467,2099,bound,0.8659435203229896,0.8433110052344107,0.022632515088578886
426.7029999997467,2100,bound,0.8659435203229896,0.8433339188713427,0.02260960145164692
426.7029999997467,2101,bound,0.8659435203229896,0.8433511787671502,0.022592341555839446
426.76599999982864,2102,bound,0.8659435203229896,0.8433515163476608,0.02259200397532879
426.8589999997057,2103,bound,0.8659435203229896,0.8433516443578817,0.02259187596510792
426.9529999997467,2104,bound,0.8659435203229896,0.8433595160840854,0.022584004238904165
427.01599999982864,2105,bound,0.8659435203229896,0.8433666686609214,0.022576851662068242
427.01599999982864,2106,bound,0.8659435203229896,0.8433667762335069,0.022576744089482736
427.0779999997467,2107,bound,0.8659435203229896,0.8433684513462268,0.022575068976762758
427.14099999982864,2108,bound,0.8659435203229896,0.8433700449545075,0.022573475368482088
427.25,2109,bound,0.8659435203229896,0.8433960437706309,0.02254747655235867
427.25,2110,bound,0.8659435203229896,0.8434103265768375,0.022533193746152147
427.31199999991804,2111,bound,0.8659435203229896,0.8434119813183776,0.022531539004612022
427.4529999997467,2112,bound,0.8659435203229896,0.8434153535257972,0.022528166797192384
427.4529999997467,2113,bound,0.8659435203229896,0.843422822996068,0.022520697326921635
427.4529999997467,2114,bound,0.8659435203229896,0.843430037177872,0.022513483145117585
427.56199999991804,2115,bound,0.8659435203229896,0.8434467269467051,0.02249679337628452
427.56199999991804,2116,bound,0.8659435203229896,0.8434560932139245,0.02248742710906515
427.7029999997467,2117,bound,0.8659435203229896,0.8434654629963175,0.022478057326672074
427.7029999997467,2118,bound,0.8659435203229896,0.8434688832580828,0.02247463706490682
427.7029999997467,2119,bound,0.8659435203229896,0.843482121986556,0.02246139833643357
427.79699999978766,2120,bound,0.8659435203229896,0.8434946819513989,0.02244883837159073
427.79699999978766,2121,bound,0.8659435203229896,0.8435043134025919,0.022439206920397692
428.0,2122,bound,0.8659435203229896,0.8435118069296891,0.022431713393300523
428.06199999991804,2123,bound,0.8659435203229896,0.8435138214796783,0.022429698843311252
428.155999999959,2124,bound,0.8659435203229896,0.8435150904596735,0.022428429863316057
428.2339999997057,2125,bound,0.8659435203229896,0.8435191862696085,0.022424334053381068
428.29699999978766,2126,bound,0.8659435203229896,0.8435195897446129,0.02242393057837666
428.43699999991804,2127,bound,0.8659435203229896,0.8435233099972607,0.02242021032572894
428.51599999982864,2128,bound,0.8659435203229896,0.84352778249363,0.022415737829359572
428.51599999982864,2129,bound,0.8659435203229896,0.843552587750917,0.022390932572072586
428.64099999982864,2130,bound,0.8659435203229896,0.8435747464294794,0.02236877389351022
428.79699999978766,2131,bound,0.8659435203229896,0.8435763550453793,0.02236716527761029
428.79699999978766,2132,bound,0.8659435203229896,0.8435805611708905,0.02236295915209907
428.875,2133,bound,0.8659435203229896,0.8435940939548606,0.022349426368128977
428.93699999991804,2134,bound,0.8659435203229896,0.8436066908311657,0.022336829491823917
428.93699999991804,2135,bound,0.8659435203229896,0.8436089342137324,0.022334586109257204
428.93699999991804,2136,bound,0.8659435203229896,0.843622336621349,0.0223211837016406
429.030999999959,2137,bound,0.8659435203229896,0.8436248549605969,0.022318665362392687
429.030999999959,2138,bound,0.8659435203229896,0.8436500251006391,0.022293495222350468
429.094000000041,2139,bound,0.8659435203229896,0.8436510501877325,0.022292470135257147
429.094000000041,2140,bound,0.8659435203229896,0.8436585555689267,0.02228496475406294
429.17199999978766,2141,bound,0.8659435203229896,0.8436616420750774,0.022281878247912168
429.17199999978766,2142,bound,0.8659435203229896,0.8436620687086216,0.02228145161436801
429.2339999997057,2143,bound,0.8659435203229896,0.8436648558593108,0.022278664463678766
429.2339999997057,2144,bound,0.8659435203229896,0.8436665683360635,0.02227695198692614
429.3589999997057,2145,bound,0.8659435203229896,0.8436795365452301,0.02226398377775951
429.3589999997057,2146,bound,0.8659435203229896,0.8436829635296579,0.02226055679333172
429.3589999997057,2147,bound,0.8659435203229896,0.8436856525415781,0.022257867781411478
429.42199999978766,2148,bound,0.8659435203229896,0.8437128221024804,0.02223069822050916
429.42199999978766,2149,bound,0.8659435203229896,0.8437241655406608,0.022219354782328837
429.56199999991804,2150,bound,0.8659435203229896,0.8437247707859628,0.02221874953702685
429.6089999997057,2151,bound,0.8659435203229896,0.8437286281341037,0.02221489218888595
429.76599999982864,2152,bound,0.8659435203229896,0.8437292460692283,0.022214274253761324
429.89099999982864,2153,bound,0.8659435203229896,0.8437335250185435,0.022209995304446117
429.89099999982864,2154,bound,0.8659435203229896,0.843745472602795,0.022198047720194625
430.04699999978766,2155,bound,0.8659435203229896,0.8437632786753623,0.02218024164762733
430.04699999978766,2156,bound,0.8659435203229896,0.843769492268177,0.02217402805481261
430.125,2157,bound,0.8659435203229896,0.8437701784085953,0.02217334191439435
430.125,2158,bound,0.8659435203229896,0.8437838329125553,0.02215968741043428
430.125,2159,bound,0.8659435203229896,0.8437977950374924,0.022145725285497186
430.2029999997467,2160,bound,0.8659435203229896,0.8438134907847243,0.02213002953826526
430.26599999982864,2161,bound,0.8659435203229896,0.8438157461851862,0.022127774137803424
430.375,2162,bound,0.8659435203229896,0.8438192559640815,0.02212426435890813
430.4839999997057,2163,bound,0.8659435203229896,0.843825633127095,0.02211788719589458
430.4839999997057,2164,bound,0.8659435203229896,0.8438480550433538,0.022095465279635795
430.4839999997057,2165,bound,0.8659435203229896,0.8438492607689307,0.02209425955405886
430.54699999978766,2166,bound,0.8659435203229896,0.8438566847999047,0.02208683552308488
430.67199999978766,2167,bound,0.8659435203229896,0.8438751521517137,0.022068368171275887
430.7339999997057,2168,bound,0.8659435203229896,0.8438753792721043,0.02206814105088528
431.0,2169,bound,0.8659435203229896,0.8438829547707979,0.022060565552191713
431.0,2170,bound,0.8659435203229896,0.843884509307753,0.02205901101523655
431.06199999991804,2171,bound,0.8659435203229896,0.8438893931499707,0.02205412717301891
431.17199999978766,2172,bound,0.8659435203229896,0.8438968859436959,0.02204663437929366
431.2339999997057,2173,bound,0.8659435203229896,0.8438981663961977,0.022045353926791855
431.2339999997057,2174,bound,0.8659435203229896,0.8439002483589206,0.022043271964068967
431.3589999997057,2175,bound,0.8659435203229896,0.8439004707325012,0.022043049590488417
431.3589999997057,2176,bound,0.8659435203229896,0.8439068754277883,0.022036644895201296
431.42199999978766,2177,bound,0.8659435203229896,0.8439133626152756,0.022030157707713993
431.4529999997467,2178,bound,0.8659435203229896,0.843914759816344,0.022028760506645595
431.4529999997467,2179,bound,0.8659435203229896,0.8439216403614406,0.02202187996154903
431.4529999997467,2180,bound,0.8659435203229896,0.8439350234997803,0.022008496823209267
431.51599999982864,2181,bound,0.8659435203229896,0.8439361611643439,0.022007359158645712
431.530999999959,2182,bound,0.8659435203229896,0.8439450362141582,0.02199848410883143
431.655999999959,2183,bound,0.8659435203229896,0.8439594462370644,0.021984074085925176
431.780999999959,2184,bound,0.8659435203229896,0.8439625027611111,0.021981017561878535
431.780999999959,2185,bound,0.8659435203229896,0.8439726939846739,0.021970826338315708
431.780999999959,2186,bound,0.8659435203229896,0.8439757718697669,0.02196774845322269
431.81199999991804,2187,bound,0.8659435203229896,0.8439765257915645,0.021966994531425144
431.875,2188,bound,0.8659435203229896,0.843977573482726,0.02196594684026365
431.875,2189,bound,0.8659435203229896,0.8439822960221366,0.02196122430085301
431.9529999997467,2190,bound,0.8659435203229896,0.8439895969293574,0.021953923393632224
431.9529999997467,2191,bound,0.8659435203229896,0.8439903681677746,0.021953152155214983
432.094000000041,2192,bound,0.8659435203229896,0.8439906653189204,0.021952855004069183
432.094000000041,2193,bound,0.8659435203229896,0.8439975856636069,0.02194593465938266
432.17199999978766,2194,bound,0.8659435203229896,0.8440066234350642,0.02193689688792544
432.2339999997057,2195,bound,0.8659435203229896,0.8440086954400294,0.02193482488296017
432.29699999978766,2196,bound,0.8659435203229896,0.8440115941288571,0.021931926194132534
432.3589999997057,2197,bound,0.8659435203229896,0.8440163367246866,0.021927183598303035
432.3589999997057,2198,bound,0.8659435203229896,0.8440263807364181,0.021917139586571488
432.5,2199,bound,0.8659435203229896,0.8440279340064749,0.02191558631651469
432.56199999991804,2200,bound,0.8659435203229896,0.8440349335414215,0.02190858678156815
432.594000000041,2201,bound,0.8659435203229896,0.844039460864418,0.021904059458571656
432.67199999978766,2202,bound,0.8659435203229896,0.8440601446243879,0.02188337569860166
432.67199999978766,2203,bound,0.8659435203229896,0.8440636676056071,0.021879852717382464
432.67199999978766,2204,bound,0.8659435203229896,0.8440697592530101,0.021873761069979514
432.81199999991804,2205,bound,0.8659435203229896,0.8440730399826329,0.021870480340356657
432.81199999991804,2206,bound,0.8659435203229896,0.8440774440837276,0.021866076239261956
432.875,2207,bound,0.8659435203229896,0.8440851109937495,0.021858409329240103
432.93699999991804,2208,bound,0.8659435203229896,0.8440940637094037,0.02184945661358595
432.93699999991804,2209,bound,0.8659435203229896,0.8440983874506561,0.021845132872333473
432.93699999991804,2210,bound,0.8659435203229896,0.8440987522644977,0.021844768058491892
433.0779999997467,2211,bound,0.8659435203229896,0.8441002185535749,0.021843301769414736
433.0779999997467,2212,bound,0.8659435203229896,0.8441061579341868,0.02183736238880285
433.14099999982864,2213,bound,0.8659435203229896,0.8441065897910613,0.021836930531928256
433.2029999997467,2214,bound,0.8659435203229896,0.8441138234764639,0.021829696846525692
433.280999999959,2215,bound,0.8659435203229896,0.84413138109115,0.021812139231839556
433.3589999997057,2216,bound,0.8659435203229896,0.8441363179118696,0.021807202411119997
433.3589999997057,2217,bound,0.8659435203229896,0.8441467593707777,0.021796760952211947
433.3589999997057,2218,bound,0.8659435203229896,0.8441570752594931,0.021786445063496473
433.42199999978766,2219,bound,0.8659435203229896,0.844162268617107,0.02178125170588263
433.5,2220,bound,0.8659435203229896,0.8441723832989204,0.021771137024069187
433.5,2221,bound,0.8659435203229896,0.8441745002279757,0.021769020095013913
433.56199999991804,2222,bound,0.8659435203229896,0.8441807793586508,0.021762740964338834
433.56199999991804,2223,bound,0.8659435203229896,0.8441861267040199,0.021757393618969667
433.76599999982864,2224,bound,0.8659435203229896,0.8441951673630963,0.021748352959893302
434.01599999982864,2225,bound,0.8659435203229896,0.8442061733489302,0.02173734697405938
434.0779999997467,2226,bound,0.8659435203229896,0.8442089608783307,0.021734559444658852
434.0779999997467,2227,bound,0.8659435203229896,0.8442126498667628,0.021730870456226792
434.14099999982864,2228,bound,0.8659435203229896,0.844243467428245,0.021700052894744637
434.17199999978766,2229,bound,0.8659435203229896,0.8442435403233151,0.021699979999674546
434.375,2230,bound,0.8659435203229896,0.8442458323604811,0.021697687962508483
434.43699999991804,2231,bound,0.8659435203229896,0.8442503287469635,0.021693191576026116
434.56199999991804,2232,bound,0.8659435203229896,0.844252093218506,0.021691427104483574
434.625,2233,bound,0.8659435203229896,0.8442523651383311,0.021691155184658473
434.625,2234,bound,0.8659435203229896,0.8442565303425024,0.021686989980487237
434.719000000041,2235,bound,0.8659435203229896,0.8442584321003171,0.021685088222672455
434.780999999959,2236,bound,0.8659435203229896,0.8442693125191326,0.021674207803856982
434.780999999959,2237,bound,0.8659435203229896,0.8442740242548895,0.02166949606810009
434.844000000041,2238,bound,0.8659435203229896,0.8442830632737853,0.021660457049204274
434.844000000041,2239,bound,0.8659435203229896,0.844286403417004,0.021657116905985596
434.92199999978766,2240,bound,0.8659435203229896,0.8442939658782708,0.021649554444718833
434.9839999997057,2241,bound,0.8659435203229896,0.844294081774048,0.021649438548941635
434.9839999997057,2242,bound,0.8659435203229896,0.8443002104656652,0.021643309857324433
435.18699999991804,2243,bound,0.8659435203229896,0.8443005600584677,0.02164296026452195
435.18699999991804,2244,bound,0.8659435203229896,0.8443064476502609,0.02163707267272874
435.18699999991804,2245,bound,0.8659435203229896,0.8443087953104169,0.021634725012572686
435.31199999991804,2246,bound,0.8659435203229896,0.8443149283944997,0.02162859192848987
435.4839999997057,2247,bound,0.8659435203229896,0.8443229526213089,0.02162056770168075
435.4839999997057,2248,bound,0.8659435203229896,0.844324472463235,0.021619047859754548
435.56199999991804,2249,bound,0.8659435203229896,0.844328778148908,0.021614742174081547
435.7029999997467,2250,bound,0.8659435203229896,0.8443413073087909,0.021602213014198735
435.7029999997467,2251,bound,0.8659435203229896,0.8443481621605159,0.02159535816247371
435.7339999997057,2252,bound,0.8659435203229896,0.8443570910659602,0.02158642925702936
435.7339999997057,2253,bound,0.8659435203229896,0.8443578126816249,0.021585707641364693
435.81199999991804,2254,bound,0.8659435203229896,0.8443580270630173,0.021585493259972277
435.81199999991804,2255,bound,0.8659435203229896,0.8443610839014546,0.021582436421535012
435.875,2256,bound,0.8659435203229896,0.8443697085083054,0.021573811814684207
435.93699999991804,2257,bound,0.8659435203229896,0.8443730255941984,0.021570494728791245
436.0,2258,bound,0.8659435203229896,0.844375543169445,0.021567977153544637
436.06199999991804,2259,bound,0.8659435203229896,0.8443862091474114,0.021557311175578242
436.125,2260,bound,0.8659435203229896,0.8443873701614659,0.02155615016152368
436.18699999991804,2261,bound,0.8659435203229896,0.8444084369640048,0.021535083358984797
436.18699999991804,2262,bound,0.8659435203229896,0.8444228741321105,0.021520646190879122
436.18699999991804,2263,bound,0.8659435203229896,0.8444235136540812,0.02152000666890841
436.39099999982864,2264,bound,0.8659435203229896,0.8444298090528894,0.021513711270100155
436.39099999982864,2265,bound,0.8659435203229896,0.8444434555298945,0.021500064793095075
436.39099999982864,2266,bound,0.8659435203229896,0.8444436019179642,0.02149991840502541
436.469000000041,2267,bound,0.8659435203229896,0.8444512294156904,0.021492290907299205
436.469000000041,2268,bound,0.8659435203229896,0.844460134646635,0.02148338567635455
436.469000000041,2269,bound,0.8659435203229896,0.8444634543346143,0.021480065988375263
436.594000000041,2270,bound,0.8659435203229896,0.8444643344534515,0.02147918586953812
436.67199999978766,2271,bound,0.8659435203229896,0.8444744924192528,0.021469027903736837
436.79699999978766,2272,bound,0.8659435203229896,0.8444773895795682,0.021466130743421408
436.79699999978766,2273,bound,0.8659435203229896,0.8444783314892867,0.021465188833702853
436.9839999997057,2274,bound,0.8659435203229896,0.8444929481075258,0.02145057221546376
436.9839999997057,2275,bound,0.8659435203229896,0.8444977692683244,0.021445751054665174
437.094000000041,2276,bound,0.8659435203229896,0.844502607722344,0.021440912600645623
437.094000000041,2277,bound,0.8659435203229896,0.8445032565895002,0.021440263733489395
437.155999999959,2278,bound,0.8659435203229896,0.844508364249524,0.021435156073465578
437.155999999959,2279,bound,0.8659435203229896,0.8445088950881947,0.02143462523479489
437.219000000041,2280,bound,0.8659435203229896,0.8445089720619504,0.021434548261039188
437.219000000041,2281,bound,0.8659435203229896,0.8445166834317157,0.021426836891273893
437.280999999959,2282,bound,0.8659435203229896,0.8445169717788612,0.0214265485441284
437.280999999959,2283,bound,0.8659435203229896,0.8445186325152113,0.021424887807778292
437.3589999997057,2284,bound,0.8659435203229896,0.8445222149686924,0.021421305354297204
437.3589999997057,2285,bound,0.8659435203229896,0.844526599564762,0.021416920758227653
437.4839999997057,2286,bound,0.8659435203229896,0.8445319709212297,0.021411549401759933
437.4839999997057,2287,bound,0.8659435203229896,0.844546808165643,0.02139671215734662
437.56199999991804,2288,bound,0.8659435203229896,0.8445559363254969,0.021387583997492743
437.625,2289,bound,0.8659435203229896,0.8445579837015255,0.02138553662146414
437.68699999991804,2290,bound,0.8659435203229896,0.8445796700301643,0.02136385029282528
437.75,2291,bound,0.8659435203229896,0.8445871394674815,0.02135638085550806
437.75,2292,bound,0.8659435203229896,0.8445894061587328,0.02135411416425681
437.8279999997467,2293,bound,0.8659435203229896,0.8445986275681507,0.021344892754838862
437.8279999997467,2294,bound,0.8659435203229896,0.8446185103510374,0.02132500997195219
437.8279999997467,2295,bound,0.8659435203229896,0.8446297269489107,0.021313793374078904
437.89099999982864,2296,bound,0.8659435203229896,0.8446364817388702,0.02130703858411942
437.89099999982864,2297,bound,0.8659435203229896,0.8446388278496371,0.021304692473352538
437.969000000041,2298,bound,0.8659435203229896,0.8446526120344838,0.021290908288505772
437.969000000041,2299,bound,0.8659435203229896,0.8446660365159032,0.021277483807086384
437.969000000041,2300,bound,0.8659435203229896,0.8446680609931928,0.021275459329796798
438.18699999991804,2301,bound,0.8659435203229896,0.8446713442453941,0.02127217607759546
438.18699999991804,2302,bound,0.8659435203229896,0.8446859116030299,0.021257608719959742
438.18699999991804,2303,bound,0.8659435203229896,0.8446875472531484,0.021255973069841172
438.18699999991804,2304,bound,0.8659435203229896,0.8447069946863748,0.021236525636614823
438.25,2305,bound,0.8659435203229896,0.8447183116399596,0.021225208683030017
438.375,2306,bound,0.8659435203229896,0.8447395059378096,0.021204014385180048
438.375,2307,bound,0.8659435203229896,0.8447471318411677,0.021196388481821926
438.5,2308,bound,0.8659435203229896,0.8447693609336109,0.02117415938937872
438.67199999978766,2309,bound,0.8659435203229896,0.8448124513969442,0.021131068926045438
438.905999999959,2310,bound,0.8659435203229896,0.8448194051728579,0.021124115150131684
438.905999999959,2311,bound,0.8659435203229896,0.8448219769395247,0.021121543383464947
439.01599999982864,2312,bound,0.8659435203229896,0.8448222893820465,0.021121230940943092
439.01599999982864,2313,bound,0.8659435203229896,0.8448413882694833,0.021102132053506306
439.01599999982864,2314,bound,0.8659435203229896,0.8448624371934765,0.021081083129513067
439.01599999982864,2315,bound,0.8659435203229896,0.8448692068864476,0.02107431343654198
439.094000000041,2316,bound,0.8659435203229896,0.8448736100523232,0.021069910270666403
439.094000000041,2317,bound,0.8659435203229896,0.8448778245242757,0.021065695798713868
439.2339999997057,2318,bound,0.8659435203229896,0.844878326855701,0.021065193467288634
439.29699999978766,2319,bound,0.8659435203229896,0.8448805078480621,0.02106301247492748
439.3279999997467,2320,bound,0.8659435203229896,0.8448867832871381,0.021056737035851536
439.3279999997467,2321,bound,0.8659435203229896,0.8449133361901973,0.02103018413279234
439.39099999982864,2322,bound,0.8659435203229896,0.8449555992621031,0.02098792106088654
439.4529999997467,2323,bound,0.8659435203229896,0.8449572276541313,0.02098629266885832
439.530999999959,2324,bound,0.8659435203229896,0.8449718180138667,0.02097170230912293
439.530999999959,2325,bound,0.8659435203229896,0.844976947982643,0.0209665723403466
439.594000000041,2326,bound,0.8659435203229896,0.8449834734463411,0.02096004687664854
439.594000000041,2327,bound,0.8659435203229896,0.8449884043021619,0.02095511602082767
439.79699999978766,2328,bound,0.8659435203229896,0.8449963655032527,0.020947154819736857
439.8589999997057,2329,bound,0.8659435203229896,0.8449978112886761,0.020945709034313476
440.0,2330,bound,0.8659435203229896,0.8450046654947458,0.020938854828243758
440.14099999982864,2331,bound,0.8659435203229896,0.845006560482871,0.020936959840118563
440.14099999982864,2332,bound,0.8659435203229896,0.8450066635695198,0.02093685675346979
440.2029999997467,2333,bound,0.8659435203229896,0.8450147420549428,0.020928778268046844
440.2029999997467,2334,bound,0.8659435203229896,0.8450203735324782,0.020923146790511438
440.26599999982864,2335,bound,0.8659435203229896,0.8450209688519242,0.020922551471065365
440.4839999997057,2336,bound,0.8659435203229896,0.8450332249093222,0.0209102954136674
440.4839999997057,2337,bound,0.8659435203229896,0.8450498857920288,0.020893634530960825
440.4839999997057,2338,bound,0.8659435203229896,0.8450557862595398,0.020887734063449792
440.6089999997057,2339,bound,0.8659435203229896,0.8450567872065219,0.020886733116467715
440.75,2340,bound,0.8659435203229896,0.8450605667624727,0.020882953560516948
440.8279999997467,2341,bound,0.8659435203229896,0.8450620614780043,0.020881458844985268
440.8279999997467,2342,bound,0.8659435203229896,0.8450685618556784,0.020874958467311244
440.8279999997467,2343,bound,0.8659435203229896,0.8450694486080764,0.020874071714913178
440.9529999997467,2344,bound,0.8659435203229896,0.8450785041102664,0.020865016212723186
441.1089999997057,2345,bound,0.8659435203229896,0.8450826652222503,0.020860855100739317
441.17199999978766,2346,bound,0.8659435203229896,0.8450869113299349,0.020856608993054748
441.17199999978766,2347,bound,0.8659435203229896,0.8451003797143951,0.02084314060859449
441.2029999997467,2348,bound,0.8659435203229896,0.845112594553577,0.02083092576941259
441.280999999959,2349,bound,0.8659435203229896,0.8451152233994738,0.020828296923515843
441.344000000041,2350,bound,0.8659435203229896,0.8451223882876588,0.02082113203533076
441.344000000041,2351,bound,0.8659435203229896,0.8451242391888368,0.020819281134152767
441.405999999959,2352,bound,0.8659435203229896,0.8451315838237733,0.02081193649921631
441.54699999978766,2353,bound,0.8659435203229896,0.8451414879801229,0.020802032342866705
441.54699999978766,2354,bound,0.8659435203229896,0.8451560414563747,0.020787478866614917
441.54699999978766,2355,bound,0.8659435203229896,0.8451587613517599,0.020784758971229667
441.625,2356,bound,0.8659435203229896,0.8451657809412879,0.020777739381701688
441.655999999959,2357,bound,0.8659435203229896,0.8451694476023581,0.020774072720631476
441.844000000041,2358,bound,0.8659435203229896,0.8451733502961353,0.02077017002685433
441.905999999959,2359,bound,0.8659435203229896,0.8451781811344055,0.020765339188584142
441.969000000041,2360,bound,0.8659435203229896,0.8451786497755377,0.020764870547451908
442.1089999997057,2361,bound,0.8659435203229896,0.8451868537716175,0.020756666551372094
442.219000000041,2362,bound,0.8659435203229896,0.8451871812342522,0.02075633908873742
442.344000000041,2363,bound,0.8659435203229896,0.8451994151488228,0.020744105174166805
442.344000000041,2364,bound,0.8659435203229896,0.8452026671956,0.020740853127389602
442.344000000041,2365,bound,0.8659435203229896,0.8452038178296211,0.02073970249336854
442.405999999959,2366,bound,0.8659435203229896,0.8452219673944541,0.020721552928535503
442.5,2367,bound,0.8659435203229896,0.8452445698208201,0.020698950502169522
442.64099999982864,2368,bound,0.8659435203229896,0.8452505007073016,0.020693019615688035
442.64099999982864,2369,bound,0.8659435203229896,0.8452526770819356,0.02069084324105397
442.719000000041,2370,bound,0.8659435203229896,0.8452775830154996,0.02066593730749
442.79699999978766,2371,bound,0.8659435203229896,0.8452844214917544,0.02065909883123518
442.9839999997057,2372,bound,0.8659435203229896,0.8452887181753842,0.0206548021476054
442.9839999997057,2373,bound,0.8659435203229896,0.8452933425241613,0.020650177798828273
442.9839999997057,2374,bound,0.8659435203229896,0.8453085304968141,0.02063498982617551
443.125,2375,bound,0.8659435203229896,0.8453124602011677,0.02063106012182192
443.125,2376,bound,0.8659435203229896,0.8453133310993799,0.020630189223609707
443.18699999991804,2377,bound,0.8659435203229896,0.845317002440084,0.020626517882905593
443.26599999982864,2378,bound,0.8659435203229896,0.845319909091455,0.020623611231534555
443.3279999997467,2379,bound,0.8659435203229896,0.8453262661750243,0.020617254147965336
443.3279999997467,2380,bound,0.8659435203229896,0.845330200670743,0.020613319652246553
443.4529999997467,2381,bound,0.8659435203229896,0.845331598437733,0.020611921885256623
443.51599999982864,2382,bound,0.8659435203229896,0.8453382736415593,0.020605246681430267
443.51599999982864,2383,bound,0.8659435203229896,0.8453395814957326,0.020603938827256973
443.51599999982864,2384,bound,0.8659435203229896,0.8453423124561269,0.020601207866862703
443.64099999982864,2385,bound,0.8659435203229896,0.845345466717166,0.020598053605823563
443.7339999997057,2386,bound,0.8659435203229896,0.8453615284617171,0.02058199186127252
443.7339999997057,2387,bound,0.8659435203229896,0.8453716654616419,0.020571854861347716
443.7339999997057,2388,bound,0.8659435203229896,0.8453752782025561,0.02056824212043351
443.875,2389,bound,0.8659435203229896,0.8453823208737486,0.020561199449240952
443.875,2390,bound,0.8659435203229896,0.8453896495749476,0.020553870748042047
443.9529999997467,2391,bound,0.8659435203229896,0.8453914732720351,0.02055204705095448
443.9529999997467,2392,bound,0.8659435203229896,0.8453958948196612,0.02054762550332845
443.9529999997467,2393,bound,0.8659435203229896,0.8453988085229107,0.020544711800078885
444.030999999959,2394,bound,0.8659435203229896,0.8454006872920998,0.020542833030889773
444.030999999959,2395,bound,0.8659435203229896,0.8454092074441009,0.02053431287888874
444.094000000041,2396,bound,0.8659435203229896,0.8454098045030523,0.020533715819937348
444.219000000041,2397,bound,0.8659435203229896,0.8454279286055443,0.020515591717445325
444.219000000041,2398,bound,0.8659435203229896,0.845430836298093,0.020512684024896588
444.344000000041,2399,bound,0.8659435203229896,0.8454310415904471,0.020512478732542472
444.530999999959,2400,bound,0.8659435203229896,0.8454601848995876,0.02048333542340197
444.530999999959,2401,bound,0.8659435203229896,0.845465627548027,0.02047789277496259
444.594000000041,2402,bound,0.8659435203229896,0.8454659276044386,0.020477592718550985
444.655999999959,2403,bound,0.8659435203229896,0.845474574911403,0.020468945411586614
444.7339999997057,2404,bound,0.8659435203229896,0.8454797625074418,0.020463757815547767
444.7339999997057,2405,bound,0.8659435203229896,0.8454818428758678,0.020461677447121795
444.7339999997057,2406,bound,0.8659435203229896,0.8454882310700428,0.020455289252946818
444.79699999978766,2407,bound,0.8659435203229896,0.8454893508725114,0.020454169450478177
444.79699999978766,2408,bound,0.8659435203229896,0.8454952132835577,0.0204483070394319
444.89099999982864,2409,bound,0.8659435203229896,0.8455182244437307,0.020425295879258898
444.9839999997057,2410,bound,0.8659435203229896,0.8455221744037155,0.020421345919274136
444.9839999997057,2411,bound,0.8659435203229896,0.8455270658807631,0.020416454442226506
444.9839999997057,2412,bound,0.8659435203229896,0.8455370783980947,0.020406441924894936
444.9839999997057,2413,bound,0.8659435203229896,0.8455377886080919,0.02040573171489768
445.2029999997467,2414,bound,0.8659435203229896,0.8455401150912452,0.020403405231744443
445.2029999997467,2415,bound,0.8659435203229896,0.8455495791412385,0.020393941181751085
445.2029999997467,2416,bound,0.8659435203229896,0.8455530285625878,0.020390491760401752
445.26599999982864,2417,bound,0.8659435203229896,0.8455545046458082,0.020389015677181432
445.3279999997467,2418,bound,0.8659435203229896,0.8455709986487023,0.02037252167428727
445.3279999997467,2419,bound,0.8659435203229896,0.845576691226262,0.0203668290967276
445.43699999991804,2420,bound,0.8659435203229896,0.8455894098528353,0.02035411047015434
445.56199999991804,2421,bound,0.8659435203229896,0.8455988615561595,0.020344658766830115
445.56199999991804,2422,bound,0.8659435203229896,0.8455995667853654,0.020343953537624193
445.625,2423,bound,0.8659435203229896,0.8455997410760508,0.020343779246938754
445.625,2424,bound,0.8659435203229896,0.8456002035202289,0.02034331680276069
445.625,2425,bound,0.8659435203229896,0.8456005806847582,0.020342939638231416
445.79699999978766,2426,bound,0.8659435203229896,0.845607698247949,0.020335822075040588
445.79699999978766,2427,bound,0.8659435203229896,0.8456375534189221,0.020305966904067496
445.79699999978766,2428,bound,0.8659435203229896,0.8456414839668358,0.020302036356153796
445.8589999997057,2429,bound,0.8659435203229896,0.845649468722781,0.020294051600208585
445.92199999978766,2430,bound,0.8659435203229896,0.8456714404147812,0.02027207990820845
445.92199999978766,2431,bound,0.8659435203229896,0.8456791562378945,0.020264364085095132
445.9839999997057,2432,bound,0.8659435203229896,0.8456855103380854,0.020258009984904235
445.9839999997057,2433,bound,0.8659435203229896,0.8456873068984722,0.020256213424517444
446.0779999997467,2434,bound,0.8659435203229896,0.8456921509818027,0.020251369341186876
446.0779999997467,2435,bound,0.8659435203229896,0.8456930860179717,0.02025043430501794
446.14099999982864,2436,bound,0.8659435203229896,0.8457030058194317,0.020240514503557905
446.14099999982864,2437,bound,0.8659435203229896,0.8457178365861369,0.02022568373685274
446.219000000041,2438,bound,0.8659435203229896,0.845730418389561,0.020213101933428623
446.344000000041,2439,bound,0.8659435203229896,0.8457370813668309,0.0202064389561587
446.344000000041,2440,bound,0.8659435203229896,0.8457447346322614,0.020198785690728194
446.344000000041,2441,bound,0.8659435203229896,0.8457512800852608,0.02019224023772881
446.405999999959,2442,bound,0.8659435203229896,0.8457513342201098,0.02019218610287976
446.655999999959,2443,bound,0.8659435203229896,0.8457519942900734,0.020191526032916185
446.655999999959,2444,bound,0.8659435203229896,0.8457528233005968,0.020190697022392845
446.75,2445,bound,0.8659435203229896,0.845755436498539,0.020188083824450587
446.75,2446,bound,0.8659435203229896,0.8457622779838264,0.020181242339163186
446.93699999991804,2447,bound,0.8659435203229896,0.8457714164309783,0.020172103892011295
447.094000000041,2448,bound,0.8659435203229896,0.8457756106552576,0.020167909667731965
447.2339999997057,2449,bound,0.8659435203229896,0.8457820126340558,0.020161507688933766
447.2339999997057,2450,bound,0.8659435203229896,0.8457822035311992,0.02016131679179045
447.29699999978766,2451,bound,0.8659435203229896,0.8457840019490467,0.02015951837394292
447.3589999997057,2452,bound,0.8659435203229896,0.8457856153585961,0.020157904964393514
447.43699999991804,2453,bound,0.8659435203229896,0.8457906898125206,0.02015283051046901
447.43699999991804,2454,bound,0.8659435203229896,0.8457974103732817,0.02014610994970789
447.5,2455,bound,0.8659435203229896,0.8457999662256468,0.02014355409734281
447.5,2456,bound,0.8659435203229896,0.8458014298095169,0.02014209051347271
447.5,2457,bound,0.8659435203229896,0.8458081537150061,0.02013536660798354
447.56199999991804,2458,bound,0.8659435203229896,0.8458145870298993,0.02012893329309029
447.56199999991804,2459,bound,0.8659435203229896,0.8458180611177075,0.02012545920528208
447.64099999982864,2460,bound,0.8659435203229896,0.8458208243245969,0.02012269599839267
447.7029999997467,2461,bound,0.8659435203229896,0.8458235731058747,0.020119947217114853
447.7029999997467,2462,bound,0.8659435203229896,0.8458310062080148,0.020112514114974833
447.7029999997467,2463,bound,0.8659435203229896,0.8458322344157467,0.02011128590724287
447.8589999997057,2464,bound,0.8659435203229896,0.8458370351103472,0.020106485212642355
447.8589999997057,2465,bound,0.8659435203229896,0.8458444758334824,0.020099044489507167
447.92199999978766,2466,bound,0.8659435203229896,0.8458521334486384,0.02009138687435119
447.92199999978766,2467,bound,0.8659435203229896,0.8458534086771431,0.02009011164584651
448.030999999959,2468,bound,0.8659435203229896,0.8458650051974274,0.020078515125562246
448.030999999959,2469,bound,0.8659435203229896,0.8458666220620914,0.0200768982608982
448.030999999959,2470,bound,0.8659435203229896,0.8458674655874022,0.02007605473558738
448.17199999978766,2471,bound,0.8659435203229896,0.845871138260325,0.020072382062664595
448.17199999978766,2472,bound,0.8659435203229896,0.8458733862842983,0.02007013403869129
448.2339999997057,2473,bound,0.8659435203229896,0.8458795451596873,0.020063975163302272
448.3589999997057,2474,bound,0.8659435203229896,0.8458843724977364,0.0200591478252532
448.43699999991804,2475,bound,0.8659435203229896,0.8458884705724681,0.020055049750521525
448.51599999982864,2476,bound,0.8659435203229896,0.8458988596946729,0.02004466062831667
448.64099999982864,2477,bound,0.8659435203229896,0.8459120163562426,0.020031503966747022
448.64099999982864,2478,bound,0.8659435203229896,0.8459244548451939,0.02001906547779575
448.79699999978766,2479,bound,0.8659435203229896,0.845928621145632,0.020014899177357548
448.79699999978766,2480,bound,0.8659435203229896,0.8459604270964348,0.019983093226554782
448.93699999991804,2481,bound,0.8659435203229896,0.8459628387073709,0.019980681615618723
449.01599999982864,2482,bound,0.8659435203229896,0.8459741209344831,0.019969399388506504
449.0779999997467,2483,bound,0.8659435203229896,0.8459756950015501,0.01996782532143948
449.155999999959,2484,bound,0.8659435203229896,0.8459763344226288,0.01996718590036084
449.219000000041,2485,bound,0.8659435203229896,0.8459822603553756,0.019961259967613998
449.219000000041,2486,bound,0.8659435203229896,0.8459865592280307,0.019956961094958925
449.280999999959,2487,bound,0.8659435203229896,0.8459915989633519,0.019951921359637748
449.344000000041,2488,bound,0.8659435203229896,0.8460009772912122,0.01994254303177745
449.405999999959,2489,bound,0.8659435203229896,0.8460080140681929,0.019935506254796675
449.469000000041,2490,bound,0.8659435203229896,0.8460095874387801,0.019933932884209526
449.54699999978766,2491,bound,0.8659435203229896,0.8460133548541967,0.019930165468792893
449.54699999978766,2492,bound,0.8659435203229896,0.8460226326681842,0.019920887654805375
449.54699999978766,2493,bound,0.8659435203229896,0.8460323305277385,0.019911189795251083
449.6089999997057,2494,bound,0.8659435203229896,0.8460692834335992,0.019874236889390384
449.6089999997057,2495,bound,0.8659435203229896,0.8460825328414465,0.01986098748154308
449.79699999978766,2496,bound,0.8659435203229896,0.846087402208712,0.019856118114277566
449.79699999978766,2497,bound,0.8659435203229896,0.8460932853182608,0.019850235004728822
449.9839999997057,2498,bound,0.8659435203229896,0.8460982065083532,0.01984531381463639
450.01599999982864,2499,bound,0.8659435203229896,0.8460989073018595,0.019844613021130053
450.04699999978766,2500,bound,0.8659435203229896,0.8461098554993542,0.019833664823635355
450.04699999978766,2501,bound,0.8659435203229896,0.8461115154896749,0.01983200483331471
450.1089999997057,2502,bound,0.8659435203229896,0.846113722045531,0.019829798277458566
450.1089999997057,2503,bound,0.8659435203229896,0.8461242636997734,0.019819256623216153
450.18699999991804,2504,bound,0.8659435203229896,0.8461288774335105,0.019814642889479095
450.39099999982864,2505,bound,0.8659435203229896,0.8461344012552776,0.01980911906771199
450.4529999997467,2506,bound,0.8659435203229896,0.8461388461169469,0.019804674206042705
450.4529999997467,2507,bound,0.8659435203229896,0.8461390779483882,0.01980444237460144
450.594000000041,2508,bound,0.8659435203229896,0.846141798838269,0.01980172148472059
450.594000000041,2509,bound,0.8659435203229896,0.8461478456026478,0.019795674720341827
450.68699999991804,2510,bound,0.8659435203229896,0.846165066512441,0.019778453810548546
450.844000000041,2511,bound,0.8659435203229896,0.8461703135321347,0.019773206790854925
450.844000000041,2512,bound,0.8659435203229896,0.8461772414521371,0.01976627887085247
450.905999999959,2513,bound,0.8659435203229896,0.8461783717211513,0.01976514860183831
450.969000000041,2514,bound,0.8659435203229896,0.8461788962914629,0.01976462403152668
451.06199999991804,2515,bound,0.8659435203229896,0.8461938321090912,0.019749688213898442
451.06199999991804,2516,bound,0.8659435203229896,0.8461975393163269,0.019745981006662694
451.125,2517,bound,0.8659435203229896,0.8462118894222148,0.019731630900774788
451.125,2518,bound,0.8659435203229896,0.8462195148671303,0.019724005455859284
451.2029999997467,2519,bound,0.8659435203229896,0.8462292095582618,0.01971431076472785
451.2029999997467,2520,bound,0.8659435203229896,0.846234715906992,0.01970880441599765
451.2029999997467,2521,bound,0.8659435203229896,0.8462352783109696,0.01970824201202004
451.26599999982864,2522,bound,0.8659435203229896,0.8462425744799615,0.01970094584302806
451.344000000041,2523,bound,0.8659435203229896,0.8462432168976816,0.01970030342530804
451.405999999959,2524,bound,0.8659435203229896,0.8462467069950813,0.01969681332790829
451.405999999959,2525,bound,0.8659435203229896,0.8462516749570181,0.01969184536597146
451.5,2526,bound,0.8659435203229896,0.8462553969994764,0.019688123323513218
451.5,2527,bound,0.8659435203229896,0.8462556192561383,0.019687901066851254
451.56199999991804,2528,bound,0.8659435203229896,0.8462582289676412,0.019685291355348356
451.625,2529,bound,0.8659435203229896,0.8462583417848237,0.01968517853816587
451.625,2530,bound,0.8659435203229896,0.8462605347649849,0.01968298555800474
451.7029999997467,2531,bound,0.8659435203229896,0.8462616088591787,0.01968191146381093
451.76599999982864,2532,bound,0.8659435203229896,0.8462652289445589,0.01967829137843069
451.8279999997467,2533,bound,0.8659435203229896,0.8462710055102456,0.019672514812744013
451.8279999997467,2534,bound,0.8659435203229896,0.8462764575219967,0.01966706280099295
452.01599999982864,2535,bound,0.8659435203229896,0.8462800832645231,0.019663437058466515
452.01599999982864,2536,bound,0.8659435203229896,0.8462923628689343,0.019651157454055324
452.094000000041,2537,bound,0.8659435203229896,0.8462972406350742,0.019646279687915436
452.094000000041,2538,bound,0.8659435203229896,0.8463006593774522,0.019642860945537355
452.155999999959,2539,bound,0.8659435203229896,0.8463085535270217,0.01963496679596788
452.219000000041,2540,bound,0.8659435203229896,0.8463148336080522,0.01962868671493745
452.280999999959,2541,bound,0.8659435203229896,0.846316965313872,0.019626555009117586
452.344000000041,2542,bound,0.8659435203229896,0.8463208935423184,0.01962262678067117
452.405999999959,2543,bound,0.8659435203229896,0.8463481986737591,0.0195953216492305
452.5,2544,bound,0.8659435203229896,0.8463520272168013,0.01959149310618835
452.56199999991804,2545,bound,0.8659435203229896,0.8463533324569451,0.019590187866044495
452.75,2546,bound,0.8659435203229896,0.8463560173013632,0.019587503021626373
452.81199999991804,2547,bound,0.8659435203229896,0.8463582307727416,0.019585289550247964
452.81199999991804,2548,bound,0.8659435203229896,0.8463588848786141,0.019584635444375498
452.89099999982864,2549,bound,0.8659435203229896,0.8463649305437462,0.019578589779243427
453.01599999982864,2550,bound,0.8659435203229896,0.8463676901167071,0.019575830206282507
453.094000000041,2551,bound,0.8659435203229896,0.8463795865157943,0.019563933807195344
453.155999999959,2552,bound,0.8659435203229896,0.846383369729682,0.019560150593307624
453.155999999959,2553,bound,0.8659435203229896,0.846384120497107,0.019559399825882617
453.3589999997057,2554,bound,0.8659435203229896,0.8463902095863467,0.019553310736642904
453.5,2555,bound,0.8659435203229896,0.8463926767099453,0.019550843613044266
453.5,2556,bound,0.8659435203229896,0.8463938232763458,0.019549697046643777
453.56199999991804,2557,bound,0.8659435203229896,0.8463995843446518,0.019543935978337812
453.56199999991804,2558,bound,0.8659435203229896,0.8464011219504307,0.01954239837255889
453.64099999982864,2559,bound,0.8659435203229896,0.846401636222364,0.01954188410062563
453.7339999997057,2560,bound,0.8659435203229896,0.84640671496185,0.019536805361139553
453.79699999978766,2561,bound,0.8659435203229896,0.8464083468092153,0.019535173513774318
453.79699999978766,2562,bound,0.8659435203229896,0.8464092956142742,0.019534224708715353
453.875,2563,bound,0.8659435203229896,0.8464145561240327,0.01952896419895689
453.969000000041,2564,bound,0.8659435203229896,0.8464160917112223,0.01952742861176726
453.969000000041,2565,bound,0.8659435203229896,0.8464215714070694,0.019521948915920184
454.04699999978766,2566,bound,0.8659435203229896,0.8464246725771033,0.019518847745886303
454.04699999978766,2567,bound,0.8659435203229896,0.8464270864717458,0.019516433851243797
454.04699999978766,2568,bound,0.8659435203229896,0.8464346296146269,0.019508890708362703
454.1089999997057,2569,bound,0.8659435203229896,0.8464394506816356,0.019504069641353983
454.2339999997057,2570,bound,0.8659435203229896,0.8464409416141196,0.019502578708869955
454.2339999997057,2571,bound,0.8659435203229896,0.846446277052077,0.019497243270912623
454.2339999997057,2572,bound,0.8659435203229896,0.8464483798618408,0.019495140461148752
454.2339999997057,2573,bound,0.8659435203229896,0.8464534294902268,0.019490090832762763
454.29699999978766,2574,bound,0.8659435203229896,0.8464758486022746,0.019467671720714952
454.29699999978766,2575,bound,0.8659435203229896,0.8464762866954387,0.019467233627550873
454.5,2576,bound,0.8659435203229896,0.8464767393661736,0.019466780956815977
454.530999999959,2577,bound,0.8659435203229896,0.8464793486631574,0.019464171659832163
454.530999999959,2578,bound,0.8659435203229896,0.8464799580705289,0.01946356225246071
454.594000000041,2579,bound,0.8659435203229896,0.8464854588757486,0.01945806144724105
454.594000000041,2580,bound,0.8659435203229896,0.8465020959405517,0.0194414243824379
454.655999999959,2581,bound,0.8659435203229896,0.8465039998447949,0.01943952047819475
454.780999999959,2582,bound,0.8659435203229896,0.8465048844112599,0.019438635911729674
454.875,2583,bound,0.8659435203229896,0.8465184683179485,0.019425052005041077
454.9839999997057,2584,bound,0.8659435203229896,0.8465238537585194,0.01941966656447025
455.0779999997467,2585,bound,0.8659435203229896,0.846529102407463,0.01941441791552656
455.0779999997467,2586,bound,0.8659435203229896,0.8465305861454758,0.019412934177513774
455.0779999997467,2587,bound,0.8659435203229896,0.8465386279991903,0.019404892323799272
455.17199999978766,2588,bound,0.8659435203229896,0.8465467071383407,0.01939681318464892
455.17199999978766,2589,bound,0.8659435203229896,0.8465473480681421,0.019396172254847466
455.2339999997057,2590,bound,0.8659435203229896,0.8465488156387561,0.019394704684233544
455.31199999991804,2591,bound,0.8659435203229896,0.846550614121168,0.019392906201821547
455.31199999991804,2592,bound,0.8659435203229896,0.8465514418166605,0.01939207850632907
455.31199999991804,2593,bound,0.8659435203229896,0.8465582889014803,0.019385231421509275
455.31199999991804,2594,bound,0.8659435203229896,0.8465672384148896,0.019376281908100035
455.31199999991804,2595,bound,0.8659435203229896,0.8465680350503672,0.01937548527262245
455.39099999982864,2596,bound,0.8659435203229896,0.8465698110356396,0.01937370928735005
455.469000000041,2597,bound,0.8659435203229896,0.8465725294957126,0.019370990827277
455.469000000041,2598,bound,0.8659435203229896,0.846596462048739,0.01934705827425065
455.54699999978766,2599,bound,0.8659435203229896,0.8465971847297146,0.019346335593275032
455.54699999978766,2600,bound,0.8659435203229896,0.8466006065256612,0.019342913797328443
455.54699999978766,2601,bound,0.8659435203229896,0.8466042692141391,0.019339251108850486
455.89099999982864,2602,bound,0.8659435203229896,0.8466075960952484,0.01933592422774122
455.89099999982864,2603,bound,0.8659435203229896,0.8466145821350846,0.019328938187905043
455.89099999982864,2604,bound,0.8659435203229896,0.8466268231132942,0.01931669720969542
455.93699999991804,2605,bound,0.8659435203229896,0.8466338344531082,0.019309685869881354
455.93699999991804,2606,bound,0.8659435203229896,0.846648263375268,0.019295256947721606
456.0779999997467,2607,bound,0.8659435203229896,0.8466495355966858,0.019293984726303837
456.0779999997467,2608,bound,0.8659435203229896,0.846656866679447,0.01928665364354265
456.0779999997467,2609,bound,0.8659435203229896,0.8466688425623589,0.019274677760630743
456.0779999997467,2610,bound,0.8659435203229896,0.8466809896198197,0.019262530703169856
456.155999999959,2611,bound,0.8659435203229896,0.8466836469931922,0.019259873329797395
456.219000000041,2612,bound,0.8659435203229896,0.8466878194280634,0.01925570089492623
456.219000000041,2613,bound,0.8659435203229896,0.8467027238656573,0.019240796457332343
456.29699999978766,2614,bound,0.8659435203229896,0.8467044721726162,0.01923904815037336
456.375,2615,bound,0.8659435203229896,0.846716480459773,0.01922703986321661
456.375,2616,bound,0.8659435203229896,0.8467254273826625,0.01921809294032706
456.51599999982864,2617,bound,0.8659435203229896,0.8467333413650936,0.019210178957896007
456.54699999978766,2618,bound,0.8659435203229896,0.8467341955226109,0.019209324800378735
456.54699999978766,2619,bound,0.8659435203229896,0.8467371467349282,0.01920637358806143
456.6089999997057,2620,bound,0.8659435203229896,0.846739778987797,0.019203741335192648
456.6089999997057,2621,bound,0.8659435203229896,0.8467413669659624,0.01920215335702724
456.67199999978766,2622,bound,0.8659435203229896,0.8467475858273779,0.019195934495611744
456.67199999978766,2623,bound,0.8659435203229896,0.8467628429535706,0.019180677369418975
456.75,2624,bound,0.8659435203229896,0.8467859246403394,0.019157595682650186
456.75,2625,bound,0.8659435203229896,0.8467872866081319,0.01915623371485775
456.75,2626,bound,0.8659435203229896,0.8468194944811961,0.019124025841793513
456.8279999997467,2627,bound,0.8659435203229896,0.8468241788308838,0.019119341492105812
456.89099999982864,2628,bound,0.8659435203229896,0.846828226440927,0.019115293882062567
456.89099999982864,2629,bound,0.8659435203229896,0.8468311681798133,0.019112352143176303
457.1089999997057,2630,bound,0.8659435203229896,0.8468318364285837,0.019111683894405873
457.18699999991804,2631,bound,0.8659435203229896,0.846838386936534,0.019105133386455586
457.26599999982864,2632,bound,0.8659435203229896,0.8468559096311417,0.019087610691847945
457.26599999982864,2633,bound,0.8659435203229896,0.8468631496833053,0.019080370639684263
457.26599999982864,2634,bound,0.8659435203229896,0.846863854706864,0.01907966561612562
457.3279999997467,2635,bound,0.8659435203229896,0.8468658040318913,0.019077716291098334
457.39099999982864,2636,bound,0.8659435203229896,0.8468725855079449,0.019070934815044738
457.39099999982864,2637,bound,0.8659435203229896,0.8468800601371806,0.019063460185808956
457.51599999982864,2638,bound,0.8659435203229896,0.846900459374253,0.019043060948736645
457.5779999997467,2639,bound,0.8659435203229896,0.8469122714950412,0.019031248827948377
457.719000000041,2640,bound,0.8659435203229896,0.8469125135708245,0.01903100675216507
457.719000000041,2641,bound,0.8659435203229896,0.8469219526626937,0.019021567660295946
457.8279999997467,2642,bound,0.8659435203229896,0.846928069151832,0.01901545117115755
457.89099999982864,2643,bound,0.8659435203229896,0.8469313188868807,0.019012201436108933
457.969000000041,2644,bound,0.8659435203229896,0.8469313790141275,0.019012141308862085
458.06199999991804,2645,bound,0.8659435203229896,0.8469460206624637,0.018997499660525885
458.06199999991804,2646,bound,0.8659435203229896,0.8469592710467786,0.018984249276211007
458.3589999997057,2647,bound,0.8659435203229896,0.8469673773451277,0.018976142977861876
458.3589999997057,2648,bound,0.8659435203229896,0.8469750157275645,0.018968504595425095
458.3589999997057,2649,bound,0.8659435203229896,0.8469760436128493,0.01896747671014032
458.42199999978766,2650,bound,0.8659435203229896,0.8469764818926758,0.018967038430313776
458.4839999997057,2651,bound,0.8659435203229896,0.8469833861894849,0.018960134133504725
458.4839999997057,2652,bound,0.8659435203229896,0.8470009372346414,0.018942583088348175
458.54699999978766,2653,bound,0.8659435203229896,0.8470141992305226,0.018929321092467033
458.54699999978766,2654,bound,0.8659435203229896,0.8470225175897742,0.018921002733215397
458.54699999978766,2655,bound,0.8659435203229896,0.8470344889880794,0.018909031334910176
458.54699999978766,2656,bound,0.8659435203229896,0.847043515050479,0.018900005272510567
458.64099999982864,2657,bound,0.8659435203229896,0.847043797531541,0.01889972279144858
458.64099999982864,2658,bound,0.8659435203229896,0.8470464143673073,0.01889710595568228
458.719000000041,2659,bound,0.8659435203229896,0.8470482763084786,0.018895244014511037
458.719000000041,2660,bound,0.8659435203229896,0.8470516748267788,0.018891845496210813
458.780999999959,2661,bound,0.8659435203229896,0.8470681882354167,0.01887533208757286
458.780999999959,2662,bound,0.8659435203229896,0.847072455966629,0.018871064356360656
458.8589999997057,2663,bound,0.8659435203229896,0.8470737273086013,0.018869793014388292
458.8589999997057,2664,bound,0.8659435203229896,0.8470796908721674,0.01886382945082221
458.8589999997057,2665,bound,0.8659435203229896,0.847082800965802,0.018860719357187583
458.8589999997057,2666,bound,0.8659435203229896,0.8470884967884406,0.018855023534549042
458.8589999997057,2667,bound,0.8659435203229896,0.8470955018056628,0.01884801851732676
459.01599999982864,2668,bound,0.8659435203229896,0.8471037678603662,0.01883975246262337
459.344000000041,2669,bound,0.8659435203229896,0.8471095315418858,0.01883398878110376
459.344000000041,2670,bound,0.8659435203229896,0.8471106886476424,0.018832831675347217
459.405999999959,2671,bound,0.8659435203229896,0.8471146552194161,0.01882886510357351
459.405999999959,2672,bound,0.8659435203229896,0.8471176574531939,0.018825862869795706
459.469000000041,2673,bound,0.8659435203229896,0.8471231113605464,0.01882040896244319
459.469000000041,2674,bound,0.8659435203229896,0.8471392853044017,0.018804235018587856
459.530999999959,2675,bound,0.8659435203229896,0.8471418916099835,0.018801628713006058
459.655999999959,2676,bound,0.8659435203229896,0.8471425260544162,0.0188009942685734
459.79699999978766,2677,bound,0.8659435203229896,0.8471564617829075,0.018787058540082113
459.8589999997057,2678,bound,0.8659435203229896,0.8471604762765894,0.018783044046400188
459.92199999978766,2679,bound,0.8659435203229896,0.8471804769438017,0.018763043379187883
459.92199999978766,2680,bound,0.8659435203229896,0.8471904601194183,0.01875306020357126
460.01599999982864,2681,bound,0.8659435203229896,0.8471964972450766,0.018747023077912983
460.0779999997467,2682,bound,0.8659435203229896,0.8472001396938073,0.01874338062918235
460.14099999982864,2683,bound,0.8659435203229896,0.8472180301482108,0.01872549017477876
460.2029999997467,2684,bound,0.8659435203229896,0.8472191866155756,0.018724333707413998
460.469000000041,2685,bound,0.8659435203229896,0.847229193556151,0.018714326766838596
460.594000000041,2686,bound,0.8659435203229896,0.8472318743677446,0.018711645955244993
460.7029999997467,2687,bound,0.8659435203229896,0.8472357623070171,0.018707758015972464
460.7029999997467,2688,bound,0.8659435203229896,0.8472361936157173,0.018707326707272265
460.780999999959,2689,bound,0.8659435203229896,0.8472371898279001,0.018706330495089518
460.905999999959,2690,bound,0.8659435203229896,0.8472435363712817,0.01869998395170791
460.9839999997057,2691,bound,0.8659435203229896,0.8472448708606998,0.01869864946228983
460.9839999997057,2692,bound,0.8659435203229896,0.8472539682142337,0.01868955210875589
460.9839999997057,2693,bound,0.8659435203229896,0.8472601422463347,0.018683378076654877
461.17199999978766,2694,bound,0.8659435203229896,0.8472665488492603,0.018676971473729265
461.17199999978766,2695,bound,0.8659435203229896,0.847268185929963,0.0186753343930266
461.3279999997467,2696,bound,0.8659435203229896,0.8472768325891717,0.018666687733817855
461.4529999997467,2697,bound,0.8659435203229896,0.8472815511283458,0.0186619691946438
461.4529999997467,2698,bound,0.8659435203229896,0.8472885942006835,0.018654926122306126
461.5,2699,bound,0.8659435203229896,0.8472908187435557,0.018652701579433884
461.655999999959,2700,bound,0.8659435203229896,0.8472964361734387,0.018647084149550852
461.655999999959,2701,bound,0.8659435203229896,0.847301314434409,0.018642205888580565
461.655999999959,2702,bound,0.8659435203229896,0.8473058846015673,0.018637635721422297
461.655999999959,2703,bound,0.8659435203229896,0.8473063933189737,0.018637127004015874
461.719000000041,2704,bound,0.8659435203229896,0.8473105358999746,0.018632984423014975
461.780999999959,2705,bound,0.8659435203229896,0.8473110720941286,0.01863244822886101
461.81199999991804,2706,bound,0.8659435203229896,0.8473314322977047,0.018612088025284912
462.51599999982864,2707,bound,0.8659435203229896,0.8473386325063104,0.01860488781667924
462.5779999997467,2708,bound,0.8659435203229896,0.8473391952812022,0.01860432504178744
462.5779999997467,2709,bound,0.8659435203229896,0.8473453970766763,0.01859812324631327
462.655999999959,2710,bound,0.8659435203229896,0.8473463608572163,0.01859715946577334
462.655999999959,2711,bound,0.8659435203229896,0.8473468094578074,0.01859671086518222
462.68699999991804,2712,bound,0.8659435203229896,0.8473475343981021,0.018595985924887537
462.68699999991804,2713,bound,0.8659435203229896,0.8473477929301091,0.018595727392880512
462.75,2714,bound,0.8659435203229896,0.8473688235692153,0.018574696753774322
462.75,2715,bound,0.8659435203229896,0.8473744539165975,0.01856906640639211
462.81199999991804,2716,bound,0.8659435203229896,0.847375828354252,0.018567691968737643
462.89099999982864,2717,bound,0.8659435203229896,0.8473797371387469,0.018563783184242677
462.89099999982864,2718,bound,0.8659435203229896,0.8473823057760377,0.01856121454695192
462.9529999997467,2719,bound,0.8659435203229896,0.8473919803927947,0.01855153993019487
462.9529999997467,2720,bound,0.8659435203229896,0.8473960295317278,0.018547490791261834
463.04699999978766,2721,bound,0.8659435203229896,0.847396780701623,0.018546739621366548
463.04699999978766,2722,bound,0.8659435203229896,0.8474016108179415,0.018541909505048082
463.04699999978766,2723,bound,0.8659435203229896,0.8474023816183919,0.018541138704597726
463.1089999997057,2724,bound,0.8659435203229896,0.8474115181893664,0.01853200213362316
463.1089999997057,2725,bound,0.8659435203229896,0.847424626307984,0.018518894015005616
463.17199999978766,2726,bound,0.8659435203229896,0.8474261153406868,0.01851740498230281
463.25,2727,bound,0.8659435203229896,0.8474352969828044,0.018508223340185204
463.25,2728,bound,0.8659435203229896,0.8474449248175159,0.018498595505473725
463.25,2729,bound,0.8659435203229896,0.8474495086691213,0.018494011653868325
463.25,2730,bound,0.8659435203229896,0.8474654752563798,0.018478045066609772
463.51599999982864,2731,bound,0.8659435203229896,0.8474713930297032,0.0184721272932864
463.64099999982864,2732,bound,0.8659435203229896,0.8474728584457306,0.018470661877258987
463.7029999997467,2733,bound,0.8659435203229896,0.8474735341992635,0.01846998612372608
463.7029999997467,2734,bound,0.8659435203229896,0.8474792683196843,0.01846425200330526
463.79699999978766,2735,bound,0.8659435203229896,0.8474801481525112,0.018463372170478443
463.79699999978766,2736,bound,0.8659435203229896,0.8474802202808861,0.018463300042103503
463.79699999978766,2737,bound,0.8659435203229896,0.8474816432979831,0.018461877025006457
463.875,2738,bound,0.8659435203229896,0.8474926566448893,0.018450863678100338
463.875,2739,bound,0.8659435203229896,0.8474970987866324,0.018446421536357227
463.93699999991804,2740,bound,0.8659435203229896,0.8475005622293289,0.0184429580936607
463.93699999991804,2741,bound,0.8659435203229896,0.8475172188001191,0.018426301522870503
464.0,2742,bound,0.8659435203229896,0.847519349241048,0.01842417108194161
464.0,2743,bound,0.8659435203229896,0.8475199807796822,0.018423539543307443
464.06199999991804,2744,bound,0.8659435203229896,0.8475200121582321,0.018423508164757463
464.06199999991804,2745,bound,0.8659435203229896,0.8475267093155338,0.018416811007455847
464.06199999991804,2746,bound,0.8659435203229896,0.8475359246006323,0.018407595722357284
464.125,2747,bound,0.8659435203229896,0.8475371810676636,0.018406339255325976
464.125,2748,bound,0.8659435203229896,0.8475474866934958,0.018396033629493824
464.2339999997057,2749,bound,0.8659435203229896,0.8475559546202077,0.018387565702781883
464.29699999978766,2750,bound,0.8659435203229896,0.8475569120603306,0.018386608262659032
464.4529999997467,2751,bound,0.8659435203229896,0.8475588561865485,0.01838466413644113
464.54699999978766,2752,bound,0.8659435203229896,0.8475699032845094,0.018373617038480172
464.54699999978766,2753,bound,0.8659435203229896,0.8475859243461739,0.018357595976815744
464.6089999997057,2754,bound,0.8659435203229896,0.8475907601826312,0.01835276014035836
464.6089999997057,2755,bound,0.8659435203229896,0.8475974144806829,0.01834610584230667
464.68699999991804,2756,bound,0.8659435203229896,0.8476068967611892,0.018336623561800436
464.79699999978766,2757,bound,0.8659435203229896,0.8476104734101072,0.0183330469128824
464.79699999978766,2758,bound,0.8659435203229896,0.847619727944524,0.018323792378465598
464.8589999997057,2759,bound,0.8659435203229896,0.8476217342932564,0.018321786029733222
464.8589999997057,2760,bound,0.8659435203229896,0.8476218037785979,0.018321716544391742
464.8589999997057,2761,bound,0.8659435203229896,0.847626745022421,0.018316775300568633
465.0,2762,bound,0.8659435203229896,0.8476272300058718,0.01831629031711779
465.0,2763,bound,0.8659435203229896,0.8476292005798952,0.018314319743094387
465.14099999982864,2764,bound,0.8659435203229896,0.847633655337988,0.018309864985001645
465.14099999982864,2765,bound,0.8659435203229896,0.8476348941059727,0.0183086262170169
465.2029999997467,2766,bound,0.8659435203229896,0.8476419800613024,0.018301540261687177
465.2029999997467,2767,bound,0.8659435203229896,0.8476522851812812,0.018291235141708384
465.26599999982864,2768,bound,0.8659435203229896,0.8476539621377205,0.018289558185269117
465.26599999982864,2769,bound,0.8659435203229896,0.8476624007315473,0.018281119591442296
465.26599999982864,2770,bound,0.8659435203229896,0.8476648124566748,0.018278707866314803
465.39099999982864,2771,bound,0.8659435203229896,0.8476648377446865,0.018278682578303118
465.39099999982864,2772,bound,0.8659435203229896,0.8476712776865598,0.018272242636429792
465.469000000041,2773,bound,0.8659435203229896,0.8476773615771978,0.01826615874579185
465.469000000041,2774,bound,0.8659435203229896,0.8476777804956648,0.018265739827324823
465.469000000041,2775,bound,0.8659435203229896,0.8476791363042654,0.01826438401872421
465.530999999959,2776,bound,0.8659435203229896,0.8476908855683467,0.018252634754642894
465.594000000041,2777,bound,0.8659435203229896,0.8477035735277468,0.018239946795242767
465.655999999959,2778,bound,0.8659435203229896,0.8477135161491695,0.018230004173820147
465.655999999959,2779,bound,0.8659435203229896,0.8477240056431203,0.018219514679869264
465.655999999959,2780,bound,0.8659435203229896,0.847737585452187,0.018205934870802576
465.7339999997057,2781,bound,0.8659435203229896,0.847754467565488,0.0181890527575016
465.81199999991804,2782,bound,0.8659435203229896,0.8477548709450337,0.018188649377955945
465.81199999991804,2783,bound,0.8659435203229896,0.8477638033867932,0.018179716936196355
465.81199999991804,2784,bound,0.8659435203229896,0.8477647296209467,0.01817879070204287
465.89099999982864,2785,bound,0.8659435203229896,0.8477927150427198,0.0181508052802698
465.89099999982864,2786,bound,0.8659435203229896,0.8477927690093419,0.01815075131364774
465.9529999997467,2787,bound,0.8659435203229896,0.8477933925182946,0.01815012780469505
466.01599999982864,2788,bound,0.8659435203229896,0.8477983179219241,0.01814520240106554
466.0779999997467,2789,bound,0.8659435203229896,0.8478223017989734,0.01812121852401616
466.0779999997467,2790,bound,0.8659435203229896,0.8478245501388237,0.01811897018416586
466.2029999997467,2791,bound,0.8659435203229896,0.8478249967965847,0.01811852352640486
466.2029999997467,2792,bound,0.8659435203229896,0.8478265911774312,0.018116929145558403
466.2029999997467,2793,bound,0.8659435203229896,0.8478266698330759,0.01811685048991374
466.280999999959,2794,bound,0.8659435203229896,0.8478340623302913,0.018109457992698252
466.3589999997057,2795,bound,0.8659435203229896,0.8478377484061573,0.01810577191683227
466.42199999978766,2796,bound,0.8659435203229896,0.8478407052733831,0.018102815049606535
466.42199999978766,2797,bound,0.8659435203229896,0.8478463008707973,0.018097219452192337
466.4839999997057,2798,bound,0.8659435203229896,0.8478481628451421,0.018095357477847518
466.625,2799,bound,0.8659435203229896,0.8478583306671285,0.018085189655861145
466.625,2800,bound,0.8659435203229896,0.8478695742992294,0.018073946023760223
466.625,2801,bound,0.8659435203229896,0.8478740868308923,0.01806943349209733
466.780999999959,2802,bound,0.8659435203229896,0.8478855276767243,0.018057992646265286
466.780999999959,2803,bound,0.8659435203229896,0.847885625550914,0.018057894772075644
466.780999999959,2804,bound,0.8659435203229896,0.8479060912424515,0.01803742908053807
466.92199999978766,2805,bound,0.8659435203229896,0.8479202183430256,0.018023301979964046
467.0,2806,bound,0.8659435203229896,0.8479334137878937,0.018010106535095938
467.14099999982864,2807,bound,0.8659435203229896,0.8479457401555844,0.017997780167405164
467.219000000041,2808,bound,0.8659435203229896,0.8479513359245394,0.017992184398450184
467.344000000041,2809,bound,0.8659435203229896,0.8479519958715288,0.017991524451460794
467.42199999978766,2810,bound,0.8659435203229896,0.8479525469529182,0.017990973370071384
467.42199999978766,2811,bound,0.8659435203229896,0.8479565550852153,0.01798696523777432
467.4839999997057,2812,bound,0.8659435203229896,0.8479656223154589,0.01797789800753069
467.4839999997057,2813,bound,0.8659435203229896,0.847973440855125,0.017970079467864553
467.4839999997057,2814,bound,0.8659435203229896,0.8479814831869833,0.017962037136006304
467.56199999991804,2815,bound,0.8659435203229896,0.8479823960367534,0.017961124286236196
467.56199999991804,2816,bound,0.8659435203229896,0.8479957853082141,0.017947735014775534
467.56199999991804,2817,bound,0.8659435203229896,0.8480055780658005,0.017937942257189143
467.56199999991804,2818,bound,0.8659435203229896,0.8480070120171055,0.017936508305884113
467.7029999997467,2819,bound,0.8659435203229896,0.8480079761540681,0.017935544168921513
467.7029999997467,2820,bound,0.8659435203229896,0.8480103774114309,0.017933142911558675
467.780999999959,2821,bound,0.8659435203229896,0.8480106114530854,0.017932908869904174
467.905999999959,2822,bound,0.8659435203229896,0.8480193122614337,0.017924208061555924
467.969000000041,2823,bound,0.8659435203229896,0.8480234959312931,0.017920024391696487
467.969000000041,2824,bound,0.8659435203229896,0.8480306369511017,0.0179128833718879
468.1089999997057,2825,bound,0.8659435203229896,0.8480362247177636,0.01790729560522597
468.1089999997057,2826,bound,0.8659435203229896,0.8480396853184937,0.017903835004495883
468.14099999982864,2827,bound,0.8659435203229896,0.848040864995957,0.017902655327032613
468.14099999982864,2828,bound,0.8659435203229896,0.8480445767922744,0.017898943530715195
468.219000000041,2829,bound,0.8659435203229896,0.8480502129310964,0.01789330739189321
468.219000000041,2830,bound,0.8659435203229896,0.8480562766403688,0.017887243682620846
468.280999999959,2831,bound,0.8659435203229896,0.848060550469389,0.017882969853600605
468.344000000041,2832,bound,0.8659435203229896,0.8480707260381499,0.017872794284839677
468.43699999991804,2833,bound,0.8659435203229896,0.8480726115941712,0.017870908728818358
468.5,2834,bound,0.8659435203229896,0.848088387372126,0.017855132950863606
468.56199999991804,2835,bound,0.8659435203229896,0.8480927649806838,0.017850755342305846
468.56199999991804,2836,bound,0.8659435203229896,0.8481048818371643,0.017838638485825342
468.655999999959,2837,bound,0.8659435203229896,0.8481106123653442,0.01783290795764536
468.655999999959,2838,bound,0.8659435203229896,0.8481125659906691,0.017830954332320514
468.719000000041,2839,bound,0.8659435203229896,0.8481227162922333,0.017820804030756254
468.719000000041,2840,bound,0.8659435203229896,0.8481439877504501,0.017799532572539523
468.719000000041,2841,bound,0.8659435203229896,0.8481478037541376,0.017795716568852038
468.79699999978766,2842,bound,0.8659435203229896,0.8481485226976855,0.01779499762530412
468.79699999978766,2843,bound,0.8659435203229896,0.8481607358015307,0.017782784521458872
477.76599999982864,2844,bound,0.8659435203229896,0.8481626133539819,0.017780906969007693
477.76599999982864,2845,bound,0.8659435203229896,0.8481639119069126,0.017779608416076953
477.76599999982864,2846,bound,0.8659435203229896,0.8481695162282565,0.017774004094733065
477.8589999997057,2847,bound,0.8659435203229896,0.8481719497256425,0.01777157059734713
477.8589999997057,2848,bound,0.8659435203229896,0.8481751169531498,0.017768403369839758
477.8589999997057,2849,bound,0.8659435203229896,0.8481831051913677,0.017760415131621854
477.8589999997057,2850,bound,0.8659435203229896,0.8481855860021803,0.0177579343208093
477.8589999997057,2851,bound,0.8659435203229896,0.8481929095358078,0.017750610787181764
478.0,2852,bound,0.8659435203229896,0.8482027516314957,0.01774076869149388
478.0,2853,bound,0.8659435203229896,0.8482074049594096,0.017736115363579996
478.06199999991804,2854,bound,0.8659435203229896,0.8482220577040221,0.017721462618967454
478.06199999991804,2855,bound,0.8659435203229896,0.8482247668292704,0.017718753493719208
478.06199999991804,2856,bound,0.8659435203229896,0.8482251174093318,0.017718402913657783
478.06199999991804,2857,bound,0.8659435203229896,0.848231024225649,0.017712496097340602
478.17199999978766,2858,bound,0.8659435203229896,0.8482350789176138,0.017708441405375752
478.17199999978766,2859,bound,0.8659435203229896,0.8482462153107343,0.017697305012255304
478.17199999978766,2860,bound,0.8659435203229896,0.8482467748677427,0.01769674545524691
478.17199999978766,2861,bound,0.8659435203229896,0.8482515973260457,0.017691922996943887
478.25,2862,bound,0.8659435203229896,0.8482531595368683,0.017690360786121295
478.25,2863,bound,0.8659435203229896,0.8482588299205244,0.01768469040246523
478.25,2864,bound,0.8659435203229896,0.8482709881299216,0.01767253219306797
478.25,2865,bound,0.8659435203229896,0.8482862181194075,0.01765730220358208
478.25,2866,bound,0.8659435203229896,0.8482931675556258,0.01765035276736382
478.375,2867,bound,0.8659435203229896,0.8483007256357007,0.01764279468728891
478.51599999982864,2868,bound,0.8659435203229896,0.8483080058091081,0.017635514513881456
478.51599999982864,2869,bound,0.8659435203229896,0.8483206672745902,0.01762285304839939
478.51599999982864,2870,bound,0.8659435203229896,0.8483278621579419,0.017615658165047732
478.5779999997467,2871,bound,0.8659435203229896,0.848333326345564,0.01761019397742558
478.5779999997467,2872,bound,0.8659435203229896,0.8483386487776617,0.01760487154532786
478.64099999982864,2873,bound,0.8659435203229896,0.8483483645330868,0.017595155789902783
478.7029999997467,2874,bound,0.8659435203229896,0.848354772290424,0.017588748032565604
478.7029999997467,2875,bound,0.8659435203229896,0.8483569532218369,0.017586567101152695
478.780999999959,2876,bound,0.8659435203229896,0.848357088096173,0.01758643222681655
478.780999999959,2877,bound,0.8659435203229896,0.8483675039678984,0.017576016355091206
478.844000000041,2878,bound,0.8659435203229896,0.8483710581715408,0.01757246215144881
478.905999999959,2879,bound,0.8659435203229896,0.8483716346083138,0.017571885714675828
478.905999999959,2880,bound,0.8659435203229896,0.8483716973454589,0.017571822977530682
478.905999999959,2881,bound,0.8659435203229896,0.8483805189364995,0.01756300138649014
479.01599999982864,2882,bound,0.8659435203229896,0.8483809256922263,0.017562594630763262
479.01599999982864,2883,bound,0.8659435203229896,0.8483835136957604,0.01756000662722923
479.01599999982864,2884,bound,0.8659435203229896,0.8483889099715131,0.01755461035147654
479.219000000041,2885,bound,0.8659435203229896,0.8483957199229807,0.017547800400008917
479.29699999978766,2886,bound,0.8659435203229896,0.8483971130160252,0.01754640730696444
479.29699999978766,2887,bound,0.8659435203229896,0.8483985329401649,0.017544987382824728
479.3589999997057,2888,bound,0.8659435203229896,0.8484124226327903,0.017531097690199338
479.3589999997057,2889,bound,0.8659435203229896,0.8484199450556775,0.017523575267312075
479.43699999991804,2890,bound,0.8659435203229896,0.8484207901222579,0.017522730200731695
479.43699999991804,2891,bound,0.8659435203229896,0.848432327669931,0.01751119265305856
479.43699999991804,2892,bound,0.8659435203229896,0.8484345959046716,0.017508924418317973
479.43699999991804,2893,bound,0.8659435203229896,0.8484346573085633,0.017508863014426335
479.5,2894,bound,0.8659435203229896,0.8484389605028195,0.017504559820170074
479.5,2895,bound,0.8659435203229896,0.8484479617645339,0.017495558558455748
479.5,2896,bound,0.8659435203229896,0.8484554429236517,0.017488077399337887
479.56199999991804,2897,bound,0.8659435203229896,0.8484558009157201,0.017487719407269453
479.625,2898,bound,0.8659435203229896,0.8484902400427783,0.017453280280211314
479.625,2899,bound,0.8659435203229896,0.8484911310090488,0.017452389313940775
479.68699999991804,2900,bound,0.8659435203229896,0.8484920577951531,0.01745146252783647
479.79699999978766,2901,bound,0.8659435203229896,0.8485163959517605,0.017427124371229064
479.8589999997057,2902,bound,0.8659435203229896,0.8485221573903161,0.01742136293267349
479.8589999997057,2903,bound,0.8659435203229896,0.8485298913579533,0.017413628965036287
479.8589999997057,2904,bound,0.8659435203229896,0.8485345441831611,0.017408976139828503
479.92199999978766,2905,bound,0.8659435203229896,0.8485473233802346,0.01739619694275496
479.92199999978766,2906,bound,0.8659435203229896,0.848571002150417,0.01737251817257257
480.0,2907,bound,0.8659435203229896,0.8485775592687252,0.017365961054264356
480.0,2908,bound,0.8659435203229896,0.8485869074594645,0.017356612863525078
480.06199999991804,2909,bound,0.8659435203229896,0.848593007888274,0.017350512434715637
480.06199999991804,2910,bound,0.8659435203229896,0.848599121697359,0.01734439862563064
480.125,2911,bound,0.8659435203229896,0.8486083442580709,0.017335176064918745
480.18699999991804,2912,bound,0.8659435203229896,0.8486090277339101,0.017334492589079487
480.25,2913,bound,0.8659435203229896,0.848609658554282,0.017333861768707548
480.31199999991804,2914,bound,0.8659435203229896,0.8486204573250736,0.017323062997915972
480.39099999982864,2915,bound,0.8659435203229896,0.8486302080931869,0.017313312229802702
480.4529999997467,2916,bound,0.8659435203229896,0.8486322388904157,0.017311281432573877
480.4529999997467,2917,bound,0.8659435203229896,0.8486339134257387,0.017309606897250918
480.51599999982864,2918,bound,0.8659435203229896,0.848645773668082,0.017297746654907575
480.5779999997467,2919,bound,0.8659435203229896,0.8486549543589884,0.01728856596400119
480.5779999997467,2920,bound,0.8659435203229896,0.8486587469847209,0.017284773338268722
480.625,2921,bound,0.8659435203229896,0.8486621766339288,0.017281343689060757
480.76599999982864,2922,bound,0.8659435203229896,0.8486661074730456,0.017277412849943996
480.76599999982864,2923,bound,0.8659435203229896,0.8486742920870929,0.017269228235896716
480.76599999982864,2924,bound,0.8659435203229896,0.8486748362842487,0.017268684038740933
480.76599999982864,2925,bound,0.8659435203229896,0.8486752453647467,0.017268274958242902
480.81199999991804,2926,bound,0.8659435203229896,0.8486850812149762,0.01725843910801339
480.875,2927,bound,0.8659435203229896,0.8486853679935528,0.017258152329436838
480.875,2928,bound,0.8659435203229896,0.8486956379387688,0.017247882384220814
480.875,2929,bound,0.8659435203229896,0.8487016044820371,0.01724191584095247
481.0779999997467,2930,bound,0.8659435203229896,0.8487156753497779,0.017227844973211726
481.14099999982864,2931,bound,0.8659435203229896,0.8487190641318573,0.01722445619113233
481.14099999982864,2932,bound,0.8659435203229896,0.8487263174899149,0.017217202833074707
481.2029999997467,2933,bound,0.8659435203229896,0.8487317522569893,0.017211768066000332
481.280999999959,2934,bound,0.8659435203229896,0.8487326152203989,0.017210905102590712
481.280999999959,2935,bound,0.8659435203229896,0.8487484005853597,0.017195119737629883
481.375,2936,bound,0.8659435203229896,0.8487493798986976,0.017194140424292015
481.375,2937,bound,0.8659435203229896,0.8487566784998314,0.017186841823158217
481.375,2938,bound,0.8659435203229896,0.8487574109083482,0.017186109414641382
481.375,2939,bound,0.8659435203229896,0.8487592277750596,0.01718429254792997
481.375,2940,bound,0.8659435203229896,0.8487630330151132,0.017180487307876358
481.43699999991804,2941,bound,0.8659435203229896,0.8487774914125977,0.017166028910391873
481.43699999991804,2942,bound,0.8659435203229896,0.848782509913568,0.01716101040942164
481.51599999982864,2943,bound,0.8659435203229896,0.848789160080701,0.017154360242288558
481.51599999982864,2944,bound,0.8659435203229896,0.8487922444645633,0.01715127585842635
481.5779999997467,2945,bound,0.8659435203229896,0.8487933565461555,0.017150163776834093
481.719000000041,2946,bound,0.8659435203229896,0.8487940855707522,0.017149434752237402
481.719000000041,2947,bound,0.8659435203229896,0.8487977854684126,0.017145734854577044
481.719000000041,2948,bound,0.8659435203229896,0.8488142597186248,0.017129260604364815
481.79699999978766,2949,bound,0.8659435203229896,0.8488194759681781,0.01712404435481152
481.79699999978766,2950,bound,0.8659435203229896,0.8488248303983854,0.01711868992460419
481.8279999997467,2951,bound,0.8659435203229896,0.8488417557901996,0.017101764532789998
481.969000000041,2952,bound,0.8659435203229896,0.8488452083080568,0.017098312014932837
481.969000000041,2953,bound,0.8659435203229896,0.8488462908644451,0.017097229458544527
481.969000000041,2954,bound,0.8659435203229896,0.8488476954835148,0.017095824839474805
481.969000000041,2955,bound,0.8659435203229896,0.8488525407050898,0.01709097961789985
482.030999999959,2956,bound,0.8659435203229896,0.8488555755432561,0.01708794477973352
482.030999999959,2957,bound,0.8659435203229896,0.8488652431300815,0.01707827719290811
482.18699999991804,2958,bound,0.8659435203229896,0.8488668893422372,0.017076630980752405
482.26599999982864,2959,bound,0.8659435203229896,0.8488736909766524,0.017069829346337162
482.3279999997467,2960,bound,0.8659435203229896,0.8488782993428576,0.017065220980131968
482.3279999997467,2961,bound,0.8659435203229896,0.8488797947675092,0.017063725555480413
482.3279999997467,2962,bound,0.8659435203229896,0.848880245791761,0.01706327453122858
482.405999999959,2963,bound,0.8659435203229896,0.8488803912445558,0.01706312907843377
482.405999999959,2964,bound,0.8659435203229896,0.848887777414586,0.017055742908403615
482.4839999997057,2965,bound,0.8659435203229896,0.8488885158638169,0.01705500445917274
482.4839999997057,2966,bound,0.8659435203229896,0.8488943684320657,0.01704915189092393
482.4839999997057,2967,bound,0.8659435203229896,0.848900127403128,0.017043392919861566
482.54699999978766,2968,bound,0.8659435203229896,0.8489213274066103,0.017022192916379297
482.54699999978766,2969,bound,0.8659435203229896,0.8489363071176932,0.017007213205296412
482.625,2970,bound,0.8659435203229896,0.8489378369877385,0.0170056833352511
482.625,2971,bound,0.8659435203229896,0.848948896304525,0.016994624018464632
482.625,2972,bound,0.8659435203229896,0.848950838372104,0.016992681950885546
482.7029999997467,2973,bound,0.8659435203229896,0.8489751679453901,0.016968352377599527
482.8279999997467,2974,bound,0.8659435203229896,0.8489784882481506,0.016965032074839015
482.8279999997467,2975,bound,0.8659435203229896,0.8489872515582663,0.016956268764723337
482.8279999997467,2976,bound,0.8659435203229896,0.8489912026758708,0.016952317647118798
482.89099999982864,2977,bound,0.8659435203229896,0.8490040568612744,0.016939463461715154
482.89099999982864,2978,bound,0.8659435203229896,0.8490059120894402,0.016937608233549395
482.9529999997467,2979,bound,0.8659435203229896,0.8490088194028022,0.01693470092018745
483.06199999991804,2980,bound,0.8659435203229896,0.8490120546601015,0.016931465662888057
483.06199999991804,2981,bound,0.8659435203229896,0.8490197815669352,0.016923738756054352
483.06199999991804,2982,bound,0.8659435203229896,0.8490262155841212,0.016917304738868433
483.06199999991804,2983,bound,0.8659435203229896,0.8490321212013406,0.016911399121648962
483.094000000041,2984,bound,0.8659435203229896,0.84903906421435,0.016904456108639554
483.094000000041,2985,bound,0.8659435203229896,0.8490396033588763,0.016903916964113308
483.155999999959,2986,bound,0.8659435203229896,0.8490421655457487,0.016901354777240862
483.280999999959,2987,bound,0.8659435203229896,0.8490468584655024,0.016896661857487172
483.280999999959,2988,bound,0.8659435203229896,0.8490507509965863,0.016892769326403267
483.280999999959,2989,bound,0.8659435203229896,0.8490569625730713,0.01688655774991832
483.344000000041,2990,bound,0.8659435203229896,0.8490596086512452,0.01688391167174441
483.344000000041,2991,bound,0.8659435203229896,0.8490691656981666,0.016874354624823007
483.51599999982864,2992,bound,0.8659435203229896,0.8490709899621677,0.016872530360821925
483.5779999997467,2993,bound,0.8659435203229896,0.8490712887122196,0.016872231610770005
483.5779999997467,2994,bound,0.8659435203229896,0.8490835214955756,0.016859998827413958
483.64099999982864,2995,bound,0.8659435203229896,0.8490849288400262,0.016858591482963425
483.67199999978766,2996,bound,0.8659435203229896,0.8490897633707993,0.01685375695219027
483.7029999997467,2997,bound,0.8659435203229896,0.8490922898202622,0.01685123050272741
483.7029999997467,2998,bound,0.8659435203229896,0.849093646806619,0.016849873516370573
483.76599999982864,2999,bound,0.8659435203229896,0.8490981200798741,0.016845400243115538
483.8279999997467,3000,bound,0.8659435203229896,0.8491023648762362,0.016841155446753353
483.8279999997467,3001,bound,0.8659435203229896,0.8491125382449999,0.01683098207798972
483.8279999997467,3002,bound,0.8659435203229896,0.849125531613225,0.016817988709764586
483.969000000041,3003,bound,0.8659435203229896,0.8491311974876679,0.016812322835321747
484.030999999959,3004,bound,0.8659435203229896,0.8491349357951974,0.016808584527792214
484.18699999991804,3005,bound,0.8659435203229896,0.8491396377338453,0.016803882589144337
484.18699999991804,3006,bound,0.8659435203229896,0.8491420172068264,0.01680150311616324
484.25,3007,bound,0.8659435203229896,0.8491465856319128,0.016796934691076792
484.31199999991804,3008,bound,0.8659435203229896,0.8491499470308714,0.01679357329211817
484.39099999982864,3009,bound,0.8659435203229896,0.8491525532442586,0.016790967078730956
484.39099999982864,3010,bound,0.8659435203229896,0.8491638087315565,0.0167797115914331
484.5779999997467,3011,bound,0.8659435203229896,0.8491690124710357,0.01677450785195389
484.5779999997467,3012,bound,0.8659435203229896,0.849169409517312,0.01677411080567759
484.5779999997467,3013,bound,0.8659435203229896,0.8491787109251272,0.0167648093978624
484.5779999997467,3014,bound,0.8659435203229896,0.8491978520318377,0.01674566829115187
484.5779999997467,3015,bound,0.8659435203229896,0.8492012118816378,0.016742308441351827
484.655999999959,3016,bound,0.8659435203229896,0.849202238949474,0.016741281373515604
484.7339999997057,3017,bound,0.8659435203229896,0.8492066250656625,0.016736895257327133
484.79699999978766,3018,bound,0.8659435203229896,0.8492134314764173,0.016730088846572344
484.79699999978766,3019,bound,0.8659435203229896,0.849213739448764,0.016729780874225608
484.92199999978766,3020,bound,0.8659435203229896,0.8492208869691824,0.016722633353807193
484.92199999978766,3021,bound,0.8659435203229896,0.8492288427529483,0.016714677570041303
485.06199999991804,3022,bound,0.8659435203229896,0.8492323931380511,0.0167111271849385
485.155999999959,3023,bound,0.8659435203229896,0.8492327673250675,0.01671075299792213
485.25,3024,bound,0.8659435203229896,0.8492335137501505,0.016710006572839053
485.25,3025,bound,0.8659435203229896,0.8492348536979829,0.016708666625006696
485.31199999991804,3026,bound,0.8659435203229896,0.8492393812977931,0.01670413902519652
485.375,3027,bound,0.8659435203229896,0.8492434312977827,0.01670008902520692
485.375,3028,bound,0.8659435203229896,0.8492536717119843,0.01668984861100531
485.43699999991804,3029,bound,0.8659435203229896,0.8492599334147304,0.016683586908259218
485.43699999991804,3030,bound,0.8659435203229896,0.8492607518537008,0.016682768469288844
485.43699999991804,3031,bound,0.8659435203229896,0.849268023327814,0.016675496995175565
485.43699999991804,3032,bound,0.8659435203229896,0.8492721851776053,0.016671335145384325
485.43699999991804,3033,bound,0.8659435203229896,0.8492805151018253,0.016663005221164262
485.51599999982864,3034,bound,0.8659435203229896,0.8492840644940831,0.01665945582890649
485.54699999978766,3035,bound,0.8659435203229896,0.8492920406837707,0.01665147963921887
485.64099999982864,3036,bound,0.8659435203229896,0.8493004185590736,0.016643101763916035
485.7339999997057,3037,bound,0.8659435203229896,0.8493076302346098,0.016635890088379846
485.7339999997057,3038,bound,0.8659435203229896,0.849322630057713,0.016620890265276578
485.81199999991804,3039,bound,0.8659435203229896,0.8493273154907546,0.016616204832235026
485.81199999991804,3040,bound,0.8659435203229896,0.8493299499147312,0.016613570408258393
485.875,3041,bound,0.8659435203229896,0.8493438927567039,0.016599627566285746
485.875,3042,bound,0.8659435203229896,0.8493459333412974,0.016597586981692225
485.875,3043,bound,0.8659435203229896,0.8493482905885333,0.016595229734456263
485.9529999997467,3044,bound,0.8659435203229896,0.8493486158843538,0.01659490443863576
485.9529999997467,3045,bound,0.8659435203229896,0.849351090666694,0.016592429656295593
486.094000000041,3046,bound,0.8659435203229896,0.8493518062881804,0.01659171403480919
486.094000000041,3047,bound,0.8659435203229896,0.8493556695054036,0.01658785081758596
486.094000000041,3048,bound,0.8659435203229896,0.8493665026587714,0.016577017664218152
486.2029999997467,3049,bound,0.8659435203229896,0.849377118310222,0.0165664020127676
486.280999999959,3050,bound,0.8659435203229896,0.8493802740886407,0.016563246234348905
486.280999999959,3051,bound,0.8659435203229896,0.8493831966261947,0.016560323696794943
486.280999999959,3052,bound,0.8659435203229896,0.8493901058079585,0.016553414515031117
486.3589999997057,3053,bound,0.8659435203229896,0.8493981273504237,0.016545392972565853
486.3589999997057,3054,bound,0.8659435203229896,0.8494011429621795,0.0165423773608101
486.42199999978766,3055,bound,0.8659435203229896,0.849401197710816,0.016542322612173588
486.42199999978766,3056,bound,0.8659435203229896,0.8494079689448981,0.016535551378091484
486.4839999997057,3057,bound,0.8659435203229896,0.8494092866591871,0.016534233663802467
486.4839999997057,3058,bound,0.8659435203229896,0.8494210530481576,0.016522467274831976
486.4839999997057,3059,bound,0.8659435203229896,0.8494244306619075,0.016519089661082065
486.4839999997057,3060,bound,0.8659435203229896,0.8494248022072316,0.016518718115758002
486.64099999982864,3061,bound,0.8659435203229896,0.8494326446434873,0.016510875679502268
486.875,3062,bound,0.8659435203229896,0.8494402115808164,0.016503308742173206
486.875,3063,bound,0.8659435203229896,0.8494452514531219,0.016498268869867716
486.93699999991804,3064,bound,0.8659435203229896,0.849458023550504,0.016485496772485564
487.01599999982864,3065,bound,0.8659435203229896,0.8494582358315019,0.016485284491487673
487.01599999982864,3066,bound,0.8659435203229896,0.8494629367728194,0.016480583550170236
487.04699999978766,3067,bound,0.8659435203229896,0.8494631452799841,0.01648037504300548
487.04699999978766,3068,bound,0.8659435203229896,0.8494666668340878,0.01647685348890182
487.1089999997057,3069,bound,0.8659435203229896,0.8494681722364463,0.016475348086543273
487.1089999997057,3070,bound,0.8659435203229896,0.849469010485916,0.016474509837073548
487.18699999991804,3071,bound,0.8659435203229896,0.8494699829850034,0.016473537337986177
487.18699999991804,3072,bound,0.8659435203229896,0.849474139930515,0.016469380392474586
487.18699999991804,3073,bound,0.8659435203229896,0.8494822256722709,0.01646129465071866
487.25,3074,bound,0.8659435203229896,0.8494841672209444,0.01645935310204516
487.25,3075,bound,0.8659435203229896,0.8494918584458904,0.016451661877099233
487.25,3076,bound,0.8659435203229896,0.8494936322588105,0.01644988806417913
487.280999999959,3077,bound,0.8659435203229896,0.849511695159519,0.016431825163470637
487.280999999959,3078,bound,0.8659435203229896,0.8495204595640174,0.016423060758972152
487.3589999997057,3079,bound,0.8659435203229896,0.8495242676078915,0.016419252715098143
487.3589999997057,3080,bound,0.8659435203229896,0.8495326559478101,0.016410864375179468
487.42199999978766,3081,bound,0.8659435203229896,0.8495358677670374,0.016407652555952223
487.42199999978766,3082,bound,0.8659435203229896,0.8495407563920452,0.01640276393094442
487.6089999997057,3083,bound,0.8659435203229896,0.8495442282561606,0.016399292066828997
487.6089999997057,3084,bound,0.8659435203229896,0.8495469384436564,0.01639658187933324
487.67199999978766,3085,bound,0.8659435203229896,0.8495499971381976,0.016393523184792036
487.719000000041,3086,bound,0.8659435203229896,0.8495577760880355,0.01638574423495409
487.719000000041,3087,bound,0.8659435203229896,0.8495653372071966,0.016378183115792977
487.780999999959,3088,bound,0.8659435203229896,0.849566485655169,0.01637703466782059
487.780999999959,3089,bound,0.8659435203229896,0.8495666781499783,0.016376842173011275
487.844000000041,3090,bound,0.8659435203229896,0.849567003195434,0.016376517127555612
487.844000000041,3091,bound,0.8659435203229896,0.8495724011813156,0.016371119141673995
487.844000000041,3092,bound,0.8659435203229896,0.8495908807030645,0.016352639619925058
488.0,3093,bound,0.8659435203229896,0.8495961917990917,0.016347328523897864
488.0,3094,bound,0.8659435203229896,0.8496036580348575,0.016339862288132112
488.030999999959,3095,bound,0.8659435203229896,0.849607594087159,0.016335926235830578
488.030999999959,3096,bound,0.8659435203229896,0.849611956500538,0.0163315638224516
488.094000000041,3097,bound,0.8659435203229896,0.8496182156416628,0.016325304681326758
488.2339999997057,3098,bound,0.8659435203229896,0.849626534746041,0.016316985576948606
488.29699999978766,3099,bound,0.8659435203229896,0.8496346663506176,0.01630885397237203
488.5,3100,bound,0.8659435203229896,0.8496369659460846,0.01630655437690498
488.56199999991804,3101,bound,0.8659435203229896,0.8496382315209932,0.016305288801996443
488.625,3102,bound,0.8659435203229896,0.8496391864673088,0.016304333855680753
488.625,3103,bound,0.8659435203229896,0.8496407062532957,0.016302814069693916
488.625,3104,bound,0.8659435203229896,0.8496409884625306,0.016302531860459046
488.7029999997467,3105,bound,0.8659435203229896,0.84964692902656,0.016296591296429574
488.7029999997467,3106,bound,0.8659435203229896,0.8496525000518675,0.01629102027112206
488.8589999997057,3107,bound,0.8659435203229896,0.8496528274904807,0.016290692832508946
488.8589999997057,3108,bound,0.8659435203229896,0.8496538390799766,0.016289681243013
488.8589999997057,3109,bound,0.8659435203229896,0.8496569921566625,0.01628652816632714
488.8589999997057,3110,bound,0.8659435203229896,0.8496596464473861,0.016283873875603483
488.8589999997057,3111,bound,0.8659435203229896,0.8496609534993375,0.016282566823652145
488.89099999982864,3112,bound,0.8659435203229896,0.8496637328365716,0.016279787486418007
488.969000000041,3113,bound,0.8659435203229896,0.8496675812845381,0.01627593903845148
488.969000000041,3114,bound,0.8659435203229896,0.8496699611651181,0.016273559157871542
488.969000000041,3115,bound,0.8659435203229896,0.84967176122412,0.016271759098869576
489.030999999959,3116,bound,0.8659435203229896,0.8496748817928305,0.01626863853015914
489.030999999959,3117,bound,0.8659435203229896,0.8496800976962967,0.01626342262669289
489.18699999991804,3118,bound,0.8659435203229896,0.8496864981733336,0.016257022149655964
489.31199999991804,3119,bound,0.8659435203229896,0.8496870574248718,0.016256462898117774
489.375,3120,bound,0.8659435203229896,0.8496925019815625,0.01625101834142706
489.375,3121,bound,0.8659435203229896,0.8496980183899187,0.01624550193307095
489.375,3122,bound,0.8659435203229896,0.8497105903332279,0.01623292998976167
489.405999999959,3123,bound,0.8659435203229896,0.8497168347566078,0.01622668556638185
489.4839999997057,3124,bound,0.8659435203229896,0.8497169902778924,0.01622653004509722
489.6089999997057,3125,bound,0.8659435203229896,0.8497193062310673,0.016224214091922318
489.68699999991804,3126,bound,0.8659435203229896,0.8497218749851053,0.016221645337884283
489.68699999991804,3127,bound,0.8659435203229896,0.8497254929803583,0.016218027342631336
489.8279999997467,3128,bound,0.8659435203229896,0.8497290141704817,0.016214506152507857
489.8279999997467,3129,bound,0.8659435203229896,0.8497366354041231,0.01620688491886646
489.8279999997467,3130,bound,0.8659435203229896,0.8497527072547436,0.01619081306824599
489.89099999982864,3131,bound,0.8659435203229896,0.8497533746527988,0.016190145670190836
489.9529999997467,3132,bound,0.8659435203229896,0.8497566423039473,0.016186878019042283
489.9529999997467,3133,bound,0.8659435203229896,0.8497765170792931,0.016167003243696465
489.9529999997467,3134,bound,0.8659435203229896,0.8497891693895675,0.0161543509334221
489.9529999997467,3135,bound,0.8659435203229896,0.849791686618833,0.016151833704156626
490.030999999959,3136,bound,0.8659435203229896,0.8497948312476619,0.016148689075327738
490.030999999959,3137,bound,0.8659435203229896,0.8497998411968485,0.01614367912614112
490.094000000041,3138,bound,0.8659435203229896,0.8498082500064338,0.016135270316555816
490.094000000041,3139,bound,0.8659435203229896,0.8498154720942894,0.016128048228700176
490.17199999978766,3140,bound,0.8659435203229896,0.8498191333300067,0.01612438699298291
490.29699999978766,3141,bound,0.8659435203229896,0.8498196959105924,0.016123824412397236
490.29699999978766,3142,bound,0.8659435203229896,0.8498231416315513,0.016120378691438342
490.29699999978766,3143,bound,0.8659435203229896,0.8498256355986411,0.016117884724348497
490.4529999997467,3144,bound,0.8659435203229896,0.8498266689011666,0.016116851421822953
490.4529999997467,3145,bound,0.8659435203229896,0.849834648967989,0.01610887135500061
490.51599999982864,3146,bound,0.8659435203229896,0.8498367385177125,0.016106781805277137
490.5779999997467,3147,bound,0.8659435203229896,0.8498375808712466,0.01610593945174299
490.5779999997467,3148,bound,0.8659435203229896,0.849838973000818,0.016104547322171592
490.5779999997467,3149,bound,0.8659435203229896,0.8498409467031777,0.016102573619811933
490.655999999959,3150,bound,0.8659435203229896,0.8498418075586285,0.01610171276436112
490.655999999959,3151,bound,0.8659435203229896,0.8498534335636906,0.016090086759299016
490.655999999959,3152,bound,0.8659435203229896,0.8498592332378668,0.016084287085122773
490.719000000041,3153,bound,0.8659435203229896,0.8498635870316996,0.016079933291289983
490.844000000041,3154,bound,0.8659435203229896,0.8498678878350509,0.01607563248793875
490.969000000041,3155,bound,0.8659435203229896,0.849873981589464,0.016069538733525568
490.969000000041,3156,bound,0.8659435203229896,0.8498739892881014,0.016069531034888174
490.969000000041,3157,bound,0.8659435203229896,0.8498742106405861,0.0160693096824035
490.969000000041,3158,bound,0.8659435203229896,0.849876709506057,0.01606681081693262
491.01599999982864,3159,bound,0.8659435203229896,0.8498771555060877,0.016066364816901935
491.01599999982864,3160,bound,0.8659435203229896,0.84988042501269,0.01606309531029959
491.01599999982864,3161,bound,0.8659435203229896,0.8498815174655715,0.0160620028574181
491.0779999997467,3162,bound,0.8659435203229896,0.8498838103574075,0.016059709965582147
491.14099999982864,3163,bound,0.8659435203229896,0.8498932301676265,0.01605029015536308
491.14099999982864,3164,bound,0.8659435203229896,0.8499064404477763,0.0160370798752133
491.2029999997467,3165,bound,0.8659435203229896,0.8499066647423326,0.01603685558065704
491.2029999997467,3166,bound,0.8659435203229896,0.8499098254886099,0.016033694834379664
491.280999999959,3167,bound,0.8659435203229896,0.849919688367721,0.016023831955268575
491.280999999959,3168,bound,0.8659435203229896,0.8499201639064697,0.016023356416519863
491.280999999959,3169,bound,0.8659435203229896,0.8499249434145892,0.01601857690840036
491.344000000041,3170,bound,0.8659435203229896,0.8499252065927335,0.016018313730256084
491.344000000041,3171,bound,0.8659435203229896,0.8499267967415658,0.01601672358142381
491.405999999959,3172,bound,0.8659435203229896,0.849927699003572,0.01601582131941759
491.54699999978766,3173,bound,0.8659435203229896,0.8499281602654201,0.01601536005756954
491.54699999978766,3174,bound,0.8659435203229896,0.849930608698136,0.016012911624853632
491.719000000041,3175,bound,0.8659435203229896,0.8499308122277638,0.016012708095225814
491.719000000041,3176,bound,0.8659435203229896,0.8499343121645118,0.01600920815847784
491.76599999982864,3177,bound,0.8659435203229896,0.8499379606012208,0.01600555972176876
491.8279999997467,3178,bound,0.8659435203229896,0.8499411601424848,0.016002360180504827
491.8279999997467,3179,bound,0.8659435203229896,0.849944181703205,0.015999338619784642
491.905999999959,3180,bound,0.8659435203229896,0.8499460354378122,0.015997484885177382
491.905999999959,3181,bound,0.8659435203229896,0.8499468723460255,0.015996647976964096
491.905999999959,3182,bound,0.8659435203229896,0.8499471875981659,0.015996332724823703
492.0,3183,bound,0.8659435203229896,0.8499502545834545,0.01599326573953508
492.0,3184,bound,0.8659435203229896,0.8499526559199891,0.01599086440300046
492.0,3185,bound,0.8659435203229896,0.8499536052115426,0.015989915111446984
492.0,3186,bound,0.8659435203229896,0.8499577910175099,0.0159857293054797
492.0,3187,bound,0.8659435203229896,0.8499638005280005,0.015979719794989133
492.0779999997467,3188,bound,0.8659435203229896,0.8499724699196058,0.015971050403383757
492.14099999982864,3189,bound,0.8659435203229896,0.849976961983096,0.015966558339893577
492.14099999982864,3190,bound,0.8659435203229896,0.8499802411875602,0.015963279135429387
492.17199999978766,3191,bound,0.8659435203229896,0.8499828647483033,0.01596065557468629
492.17199999978766,3192,bound,0.8659435203229896,0.8499844507892397,0.015959069533749926
492.17199999978766,3193,bound,0.8659435203229896,0.8499875724682348,0.01595594785475485
492.29699999978766,3194,bound,0.8659435203229896,0.8499898802946025,0.01595364002838706
492.3589999997057,3195,bound,0.8659435203229896,0.8500005877608202,0.015942932562169387
492.3589999997057,3196,bound,0.8659435203229896,0.8500022916640873,0.01594122865890235
492.3589999997057,3197,bound,0.8659435203229896,0.8500031436108071,0.015940376712182514
492.42199999978766,3198,bound,0.8659435203229896,0.8500049037390507,0.015938616583938914
492.56199999991804,3199,bound,0.8659435203229896,0.8500151934000861,0.01592832692290347
492.7029999997467,3200,bound,0.8659435203229896,0.8500193784084694,0.015924141914520185
492.7029999997467,3201,bound,0.8659435203229896,0.8500275585744612,0.015915961748528384
492.7029999997467,3202,bound,0.8659435203229896,0.8500357584102718,0.01590776191271781
492.79699999978766,3203,bound,0.8659435203229896,0.8500478288958122,0.015895691427177394
492.8279999997467,3204,bound,0.8659435203229896,0.8500498661786596,0.01589365414432997
492.89099999982864,3205,bound,0.8659435203229896,0.8500517945633762,0.015891725759613395
492.89099999982864,3206,bound,0.8659435203229896,0.8500559183083698,0.015887602014619806
492.89099999982864,3207,bound,0.8659435203229896,0.8500595485972098,0.015883971725779822
492.9529999997467,3208,bound,0.8659435203229896,0.8500795054987118,0.015864014824277795
492.9529999997467,3209,bound,0.8659435203229896,0.850081373502911,0.015862146820078582
493.01599999982864,3210,bound,0.8659435203229896,0.8500837277726591,0.015859792550330543
493.01599999982864,3211,bound,0.8659435203229896,0.8500872918329963,0.01585622848999335
493.0779999997467,3212,bound,0.8659435203229896,0.8500889247420718,0.01585459558091784
493.0779999997467,3213,bound,0.8659435203229896,0.8500948099674529,0.0158487103555367
493.155999999959,3214,bound,0.8659435203229896,0.850096939734672,0.01584658058831756
493.280999999959,3215,bound,0.8659435203229896,0.850102256915463,0.015841263407526562
493.280999999959,3216,bound,0.8659435203229896,0.8501121292322843,0.015831391090705305
493.280999999959,3217,bound,0.8659435203229896,0.8501195291459144,0.015823991177075225
493.344000000041,3218,bound,0.8659435203229896,0.8501236327766137,0.015819887546375866
493.405999999959,3219,bound,0.8659435203229896,0.8501239899794644,0.015819530343525234
493.405999999959,3220,bound,0.8659435203229896,0.8501314751225483,0.015812045200441327
493.469000000041,3221,bound,0.8659435203229896,0.8501336400872235,0.015809880235766127
493.469000000041,3222,bound,0.8659435203229896,0.8501361232361804,0.015807397086809227
493.54699999978766,3223,bound,0.8659435203229896,0.8501377277538669,0.015805792569122734
493.625,3224,bound,0.8659435203229896,0.8501462744716769,0.015797245851312702
493.625,3225,bound,0.8659435203229896,0.8501492508538591,0.01579426946913054
493.625,3226,bound,0.8659435203229896,0.8501576149492834,0.015785905373706166
493.625,3227,bound,0.8659435203229896,0.8501583672284976,0.01578515309449202
493.7029999997467,3228,bound,0.8659435203229896,0.8501583736327579,0.015785146690231677
493.76599999982864,3229,bound,0.8659435203229896,0.8501654103089383,0.015778110014051272
493.81199999991804,3230,bound,0.8659435203229896,0.8501679098988002,0.0157756104241894
493.81199999991804,3231,bound,0.8659435203229896,0.8501714549339009,0.015772065389088707
493.8589999997057,3232,bound,0.8659435203229896,0.8501724957781073,0.01577102454488233
493.8589999997057,3233,bound,0.8659435203229896,0.8501743512650981,0.015769169057891497
493.8589999997057,3234,bound,0.8659435203229896,0.8501885600406432,0.015754960282346353
493.93699999991804,3235,bound,0.8659435203229896,0.850190815220504,0.01575270510248561
493.93699999991804,3236,bound,0.8659435203229896,0.8501914637870697,0.015752056535919934
494.0,3237,bound,0.8659435203229896,0.850197392412627,0.015746127910362562
494.0,3238,bound,0.8659435203229896,0.8502078345963017,0.01573568572668793
494.155999999959,3239,bound,0.8659435203229896,0.8502084564006802,0.01573506392230939
494.155999999959,3240,bound,0.8659435203229896,0.8502085647282815,0.015734955594708055
494.155999999959,3241,bound,0.8659435203229896,0.8502094979626027,0.0157340223603869
494.2339999997057,3242,bound,0.8659435203229896,0.8502199144546027,0.015723605868386947
494.2339999997057,3243,bound,0.8659435203229896,0.8502216600431084,0.015721860279881206
494.2339999997057,3244,bound,0.8659435203229896,0.8502253720728822,0.015718148250107422
494.2339999997057,3245,bound,0.8659435203229896,0.8502322723187677,0.015711248004221856
494.29699999978766,3246,bound,0.8659435203229896,0.8502329695530151,0.01571055076997452
494.3589999997057,3247,bound,0.8659435203229896,0.8502447079374638,0.01569881238552584
494.42199999978766,3248,bound,0.8659435203229896,0.8502471823840835,0.015696337938906124
494.4839999997057,3249,bound,0.8659435203229896,0.8502487892986346,0.015694731024355035
494.625,3250,bound,0.8659435203229896,0.8502576853181169,0.01568583500487275
494.7029999997467,3251,bound,0.8659435203229896,0.8502627766796852,0.015680743643304407
494.7029999997467,3252,bound,0.8659435203229896,0.8502676719192531,0.01567584840373648
494.8279999997467,3253,bound,0.8659435203229896,0.8502704648134118,0.01567305550957776
494.8589999997057,3254,bound,0.8659435203229896,0.8502793868364308,0.015664133486558818
494.8589999997057,3255,bound,0.8659435203229896,0.8502844095895038,0.015659110733485804
494.92199999978766,3256,bound,0.8659435203229896,0.8502877024434846,0.015655817879504985
494.92199999978766,3257,bound,0.8659435203229896,0.850291888571799,0.015651631751190553
494.92199999978766,3258,bound,0.8659435203229896,0.8502929894042441,0.015650530918745464
494.92199999978766,3259,bound,0.8659435203229896,0.85029775072935,0.015645769593639614
495.0,3260,bound,0.8659435203229896,0.8503003298252824,0.015643190497707238
495.0,3261,bound,0.8659435203229896,0.850302649454296,0.01564087086869359
495.0,3262,bound,0.8659435203229896,0.8503085640010549,0.01563495632193468
495.0,3263,bound,0.8659435203229896,0.8503141719717889,0.015629348351200667
495.06199999991804,3264,bound,0.8659435203229896,0.850328797224397,0.015614723098592576
495.125,3265,bound,0.8659435203229896,0.8503310488418647,0.015612471481124879
495.18699999991804,3266,bound,0.8659435203229896,0.8503332046592622,0.015610315663727392
495.25,3267,bound,0.8659435203229896,0.8503346177148042,0.015608902608185371
495.31199999991804,3268,bound,0.8659435203229896,0.8503364452111435,0.015607075111846114
495.31199999991804,3269,bound,0.8659435203229896,0.8503369102126178,0.015606610110371788
495.39099999982864,3270,bound,0.8659435203229896,0.8503377774624048,0.015605742860584804
495.54699999978766,3271,bound,0.8659435203229896,0.850340870043286,0.015602650279703645
495.6089999997057,3272,bound,0.8659435203229896,0.8503409452829438,0.015602575040045807
495.6089999997057,3273,bound,0.8659435203229896,0.8503454568827403,0.015598063440249277
495.6089999997057,3274,bound,0.8659435203229896,0.8503484264059539,0.01559509391703573
495.67199999978766,3275,bound,0.8659435203229896,0.8503496839872436,0.015593836335745959
495.67199999978766,3276,bound,0.8659435203229896,0.8503513322352279,0.01559218808776175
495.79699999978766,3277,bound,0.8659435203229896,0.8503573651138289,0.015586155209160735
495.79699999978766,3278,bound,0.8659435203229896,0.8503708606607377,0.015572659662251853
495.8589999997057,3279,bound,0.8659435203229896,0.8503713662516911,0.015572154071298527
495.8589999997057,3280,bound,0.8659435203229896,0.8503724084146439,0.015571111908345703
495.8589999997057,3281,bound,0.8659435203229896,0.850378225219959,0.015565295103030619
495.92199999978766,3282,bound,0.8659435203229896,0.8503786549136102,0.015564865409379403
495.92199999978766,3283,bound,0.8659435203229896,0.8503817388607581,0.015561781462231528
496.0,3284,bound,0.8659435203229896,0.8503856531402125,0.015557867182777074
496.06199999991804,3285,bound,0.8659435203229896,0.850386055139414,0.015557465183575592
496.06199999991804,3286,bound,0.8659435203229896,0.8503901153846848,0.015553404938304816
496.2339999997057,3287,bound,0.8659435203229896,0.8503968294265969,0.015546690896392712
496.2339999997057,3288,bound,0.8659435203229896,0.8503990803315683,0.0155444399914213
496.2339999997057,3289,bound,0.8659435203229896,0.8504039547793892,0.015539565543600364
496.2339999997057,3290,bound,0.8659435203229896,0.8504077833281055,0.015535736994884086
496.29699999978766,3291,bound,0.8659435203229896,0.8504108046207376,0.015532715702252009
496.29699999978766,3292,bound,0.8659435203229896,0.8504162885374825,0.015527231785507078
496.29699999978766,3293,bound,0.8659435203229896,0.8504234212516776,0.015520099071312021
496.375,3294,bound,0.8659435203229896,0.8504297389288148,0.015513781394174808
496.405999999959,3295,bound,0.8659435203229896,0.850433681085484,0.015509839237505596
496.405999999959,3296,bound,0.8659435203229896,0.8504438425615735,0.015499677761416142
496.4839999997057,3297,bound,0.8659435203229896,0.8504461762355418,0.01549734408744785
496.4839999997057,3298,bound,0.8659435203229896,0.8504466083204035,0.015496912002586072
496.4839999997057,3299,bound,0.8659435203229896,0.8504470533500296,0.015496466972960032
496.54699999978766,3300,bound,0.8659435203229896,0.8504551423831145,0.01548837793987512
496.6089999997057,3301,bound,0.8659435203229896,0.8504583201196637,0.015485200203325888
496.6089999997057,3302,bound,0.8659435203229896,0.850458470172952,0.01548505015003765
496.6089999997057,3303,bound,0.8659435203229896,0.8504625051364628,0.015481015186526781
496.6089999997057,3304,bound,0.8659435203229896,0.8504653551879842,0.01547816513500544
496.6089999997057,3305,bound,0.8659435203229896,0.850479601758742,0.015463918564247559
496.6089999997057,3306,bound,0.8659435203229896,0.8504797102022583,0.01546381012073128
496.67199999978766,3307,bound,0.8659435203229896,0.8504875751786903,0.015455945144299266
496.7339999997057,3308,bound,0.8659435203229896,0.8504957228749865,0.015447797448003064
496.8589999997057,3309,bound,0.8659435203229896,0.8504982277946618,0.015445292528327825
496.92199999978766,3310,bound,0.8659435203229896,0.8505018944550174,0.015441625867972153
496.92199999978766,3311,bound,0.8659435203229896,0.8505073009584462,0.015436219364543424
496.9839999997057,3312,bound,0.8659435203229896,0.8505127152789909,0.015430805043998741
497.06199999991804,3313,bound,0.8659435203229896,0.8505168205963256,0.015426699726663995
497.125,3314,bound,0.8659435203229896,0.8505269849079939,0.015416535414995658
497.125,3315,bound,0.8659435203229896,0.8505279395078689,0.015415580815120733
497.125,3316,bound,0.8659435203229896,0.8505364371671251,0.015407083155864476
497.2029999997467,3317,bound,0.8659435203229896,0.8505366175448725,0.015406902778117071
497.2029999997467,3318,bound,0.8659435203229896,0.8505484439972286,0.015395076325760981
497.280999999959,3319,bound,0.8659435203229896,0.8505532506299855,0.015390269693004055
497.280999999959,3320,bound,0.8659435203229896,0.8505577877429953,0.015385732579994316
497.280999999959,3321,bound,0.8659435203229896,0.8505601380229395,0.015383382300050097
497.31199999991804,3322,bound,0.8659435203229896,0.8505751331050292,0.01536838721796041
497.43699999991804,3323,bound,0.8659435203229896,0.8505849394434543,0.015358580879535344
497.5,3324,bound,0.8659435203229896,0.8505948678021972,0.015348652520792427
497.530999999959,3325,bound,0.8659435203229896,0.8505954782615734,0.015348042061416156
497.67199999978766,3326,bound,0.8659435203229896,0.8505974261398498,0.015346094183139813
497.67199999978766,3327,bound,0.8659435203229896,0.8506082024731382,0.015335317849851426
497.7339999997057,3328,bound,0.8659435203229896,0.8506117389798549,0.015331781343134732
497.81199999991804,3329,bound,0.8659435203229896,0.8506196025064742,0.015323917816515431
497.875,3330,bound,0.8659435203229896,0.8506414778032608,0.015302042519728776
497.875,3331,bound,0.8659435203229896,0.8506452378072458,0.015298282515743833
497.93699999991804,3332,bound,0.8659435203229896,0.8506461372118251,0.015297383111164464
498.01599999982864,3333,bound,0.8659435203229896,0.8506564154723071,0.01528710485068252
498.01599999982864,3334,bound,0.8659435203229896,0.8506746800921633,0.015268840230826308
498.1089999997057,3335,bound,0.8659435203229896,0.8506767134731366,0.015266806849853043
498.1089999997057,3336,bound,0.8659435203229896,0.8506810363522577,0.015262483970731933
498.17199999978766,3337,bound,0.8659435203229896,0.8506884684846604,0.015255051838329203
498.2339999997057,3338,bound,0.8659435203229896,0.8506940926408902,0.015249427682099359
498.2339999997057,3339,bound,0.8659435203229896,0.8507013964962047,0.015242123826784915
498.3589999997057,3340,bound,0.8659435203229896,0.85070414494316,0.015239375379829556
498.39099999982864,3341,bound,0.8659435203229896,0.8507055894741313,0.015237930848858272
498.4529999997467,3342,bound,0.8659435203229896,0.8507059496396471,0.015237570683342527
498.51599999982864,3343,bound,0.8659435203229896,0.8507072178426451,0.015236302480344466
498.594000000041,3344,bound,0.8659435203229896,0.8507142586599691,0.015229261663020521
498.594000000041,3345,bound,0.8659435203229896,0.8507166316475465,0.015226888675443084
498.594000000041,3346,bound,0.8659435203229896,0.8507170676269137,0.01522645269607592
498.67199999978766,3347,bound,0.8659435203229896,0.8507204030462676,0.015223117276721987
498.67199999978766,3348,bound,0.8659435203229896,0.8507218653935952,0.015221654929394424
498.67199999978766,3349,bound,0.8659435203229896,0.8507246993859487,0.015218820937040856
498.67199999978766,3350,bound,0.8659435203229896,0.8507295045212725,0.015214015801717107
498.67199999978766,3351,bound,0.8659435203229896,0.8507407274187995,0.015202792904190132
498.76599999982864,3352,bound,0.8659435203229896,0.8507477457367679,0.015195774586221678
498.76599999982864,3353,bound,0.8659435203229896,0.8507508007996807,0.015192719523308917
498.76599999982864,3354,bound,0.8659435203229896,0.8507624716100906,0.015181048712899048
498.89099999982864,3355,bound,0.8659435203229896,0.8507727379013905,0.015170782421599083
498.9529999997467,3356,bound,0.8659435203229896,0.8507779709883627,0.015165549334626882
499.094000000041,3357,bound,0.8659435203229896,0.8507801165998825,0.015163403723107094
499.094000000041,3358,bound,0.8659435203229896,0.8507839677143253,0.015159552608664306
499.155999999959,3359,bound,0.8659435203229896,0.8507947028969821,0.015148817426007488
499.2339999997057,3360,bound,0.8659435203229896,0.8507991862373656,0.01514433408562399
499.2339999997057,3361,bound,0.8659435203229896,0.8508094828304791,0.015134037492510521
499.2339999997057,3362,bound,0.8659435203229896,0.8508134645701111,0.015130055752878513
499.2339999997057,3363,bound,0.8659435203229896,0.8508142398341543,0.015129280488835328
499.31199999991804,3364,bound,0.8659435203229896,0.850814880371909,0.015128639951080602
499.31199999991804,3365,bound,0.8659435203229896,0.8508184035237514,0.015125116799238225
499.4529999997467,3366,bound,0.8659435203229896,0.8508188726246155,0.015124647698374072
499.51599999982864,3367,bound,0.8659435203229896,0.8508223019018489,0.01512121842114067
499.51599999982864,3368,bound,0.8659435203229896,0.8508288320307762,0.015114688292213407
499.5779999997467,3369,bound,0.8659435203229896,0.8508455684535873,0.015097951869402326
499.5779999997467,3370,bound,0.8659435203229896,0.8508468495147105,0.015096670808279145
499.64099999982864,3371,bound,0.8659435203229896,0.8508572713709032,0.015086248952086434
499.64099999982864,3372,bound,0.8659435203229896,0.8508628519416592,0.015080668381330375
499.64099999982864,3373,bound,0.8659435203229896,0.8508734539163436,0.015070066406645988
499.7339999997057,3374,bound,0.8659435203229896,0.8508841881918114,0.01505933213117816
499.7339999997057,3375,bound,0.8659435203229896,0.8508973050596265,0.015046215263363139
499.7339999997057,3376,bound,0.8659435203229896,0.8508978373555317,0.015045682967457896
499.7339999997057,3377,bound,0.8659435203229896,0.8509070144733594,0.015036505849630233
499.79699999978766,3378,bound,0.8659435203229896,0.8509125294287043,0.015030990894285279
499.8589999997057,3379,bound,0.8659435203229896,0.8509145722927286,0.015028948030261002
499.93699999991804,3380,bound,0.8659435203229896,0.850917970227454,0.015025550095535634
499.93699999991804,3381,bound,0.8659435203229896,0.8509209347520088,0.015022585570980795
500.0,3382,bound,0.8659435203229896,0.8509293520808684,0.015014168242121206
500.0,3383,bound,0.8659435203229896,0.8509299093109959,0.015013611011993722
500.06199999991804,3384,bound,0.8659435203229896,0.850937199667517,0.015006320655472583
500.06199999991804,3385,bound,0.8659435203229896,0.8509409402018747,0.015002580121114883
500.14099999982864,3386,bound,0.8659435203229896,0.8509415383848538,0.015001981938135844
500.219000000041,3387,bound,0.8659435203229896,0.8509541913835933,0.014989328939396307
500.219000000041,3388,bound,0.8659435203229896,0.8509559189400423,0.014987601382947302
500.280999999959,3389,bound,0.8659435203229896,0.8509599964463868,0.014983523876602844
500.280999999959,3390,bound,0.8659435203229896,0.8509727554244093,0.014970764898580291
500.280999999959,3391,bound,0.8659435203229896,0.8509910573827304,0.014952462940259204
500.280999999959,3392,bound,0.8659435203229896,0.8509932876287672,0.014950232694222354
500.344000000041,3393,bound,0.8659435203229896,0.8509956588610422,0.014947861461947376
500.344000000041,3394,bound,0.8659435203229896,0.8509974902738305,0.014946030049159065
500.344000000041,3395,bound,0.8659435203229896,0.8510021947784427,0.014941325544546857
500.344000000041,3396,bound,0.8659435203229896,0.8510032495025545,0.014940270820435142
500.344000000041,3397,bound,0.8659435203229896,0.8510034536003751,0.014940066722614498
500.54699999978766,3398,bound,0.8659435203229896,0.8510052777146725,0.01493824260831711
500.54699999978766,3399,bound,0.8659435203229896,0.8510166638229341,0.014926856500055541
500.67199999978766,3400,bound,0.8659435203229896,0.8510178033769011,0.014925716946088463
500.67199999978766,3401,bound,0.8659435203229896,0.8510182961811232,0.014925224141866367
500.67199999978766,3402,bound,0.8659435203229896,0.8510195026899112,0.01492401763307838
500.7339999997057,3403,bound,0.8659435203229896,0.8510225162780308,0.014921004044958774
500.79699999978766,3404,bound,0.8659435203229896,0.8510312568604483,0.014912263462541264
500.79699999978766,3405,bound,0.8659435203229896,0.8510315734762507,0.01491194684673891
500.8589999997057,3406,bound,0.8659435203229896,0.8510328942774311,0.014910626045558484
500.8589999997057,3407,bound,0.8659435203229896,0.8510386732204231,0.014904847102566454
500.9839999997057,3408,bound,0.8659435203229896,0.8510445009486873,0.01489901937430227
501.04699999978766,3409,bound,0.8659435203229896,0.8510587481324337,0.01488477219055595
501.04699999978766,3410,bound,0.8659435203229896,0.8510701987973172,0.014873321525672445
501.1089999997057,3411,bound,0.8659435203229896,0.8510713986693761,0.014872121653613513
501.1089999997057,3412,bound,0.8659435203229896,0.8510742396108542,0.014869280712135446
501.18699999991804,3413,bound,0.8659435203229896,0.8510757802803985,0.01486774004259106
501.18699999991804,3414,bound,0.8659435203229896,0.851080549268928,0.014862971054061647
501.18699999991804,3415,bound,0.8659435203229896,0.8510893960646422,0.014854124258347423
501.25,3416,bound,0.8659435203229896,0.8510976656360505,0.014845854686939108
501.31199999991804,3417,bound,0.8659435203229896,0.8510991991543322,0.014844321168657415
501.31199999991804,3418,bound,0.8659435203229896,0.8511020320134196,0.014841488309569995
501.31199999991804,3419,bound,0.8659435203229896,0.8511060920558019,0.014837428267187702
501.375,3420,bound,0.8659435203229896,0.851113195475671,0.01483032484731861
501.375,3421,bound,0.8659435203229896,0.8511149794306266,0.014828540892362962
501.43699999991804,3422,bound,0.8659435203229896,0.8511170496785929,0.014826470644396683
501.43699999991804,3423,bound,0.8659435203229896,0.8511238951537952,0.01481962516919444
501.5,3424,bound,0.8659435203229896,0.8511257183246431,0.01481780199834648
501.7029999997467,3425,bound,0.8659435203229896,0.8511288075711704,0.014814712751819226
501.7029999997467,3426,bound,0.8659435203229896,0.8511358369155209,0.014807683407468741
501.8279999997467,3427,bound,0.8659435203229896,0.8511433090868606,0.014800211236128957
501.8279999997467,3428,bound,0.8659435203229896,0.851143992779328,0.01479952754366165
501.969000000041,3429,bound,0.8659435203229896,0.8511440975536516,0.014799422769337989
502.0,3430,bound,0.8659435203229896,0.8511445118590958,0.014799008463893815
502.0,3431,bound,0.8659435203229896,0.851147861129875,0.014795659193114652
502.06199999991804,3432,bound,0.8659435203229896,0.8511482963024272,0.014795224020562436
502.06199999991804,3433,bound,0.8659435203229896,0.8511537989280699,0.014789721394919741
502.06199999991804,3434,bound,0.8659435203229896,0.8511599850498015,0.014783535273188098
502.14099999982864,3435,bound,0.8659435203229896,0.851167895521072,0.01477562480191763
502.14099999982864,3436,bound,0.8659435203229896,0.8511707404081907,0.014772779914798861
502.2029999997467,3437,bound,0.8659435203229896,0.8511757992474741,0.014767721075515494
502.2029999997467,3438,bound,0.8659435203229896,0.8511810398241823,0.014762480498807351
502.2029999997467,3439,bound,0.8659435203229896,0.851186216177897,0.014757304145092576
502.26599999982864,3440,bound,0.8659435203229896,0.851187920998937,0.01475559932405257
502.3279999997467,3441,bound,0.8659435203229896,0.8511920397931021,0.014751480529887506
502.405999999959,3442,bound,0.8659435203229896,0.8511948210686878,0.014748699254301778
502.405999999959,3443,bound,0.8659435203229896,0.8511991855836347,0.01474433473935488
502.405999999959,3444,bound,0.8659435203229896,0.8512055496293012,0.01473797069368843
502.405999999959,3445,bound,0.8659435203229896,0.8512091867352622,0.014734333587727355
502.4839999997057,3446,bound,0.8659435203229896,0.8512162201245477,0.014727300198441928
502.4839999997057,3447,bound,0.8659435203229896,0.8512349757263402,0.014708544596649387
502.4839999997057,3448,bound,0.8659435203229896,0.8512403063178583,0.014703214005131304
502.54699999978766,3449,bound,0.8659435203229896,0.8512405210202808,0.014702999302708797
502.75,3450,bound,0.8659435203229896,0.8512412423603837,0.014702277962605925
502.81199999991804,3451,bound,0.8659435203229896,0.8512413875267228,0.014702132796266754
502.81199999991804,3452,bound,0.8659435203229896,0.851243192962796,0.014700327360193555
502.81199999991804,3453,bound,0.8659435203229896,0.8512453624732725,0.014698157849717064
502.81199999991804,3454,bound,0.8659435203229896,0.8512461952697055,0.014697325053284138
502.81199999991804,3455,bound,0.8659435203229896,0.8512488718428209,0.01469464848016866
502.875,3456,bound,0.8659435203229896,0.8512572464780829,0.014686273844906728
502.875,3457,bound,0.8659435203229896,0.8512587125185374,0.014684807804452249
502.93699999991804,3458,bound,0.8659435203229896,0.8512715416826777,0.014671978640311889
502.93699999991804,3459,bound,0.8659435203229896,0.8512737752888632,0.014669745034126436
502.93699999991804,3460,bound,0.8659435203229896,0.8512819503375634,0.014661569985426226
502.93699999991804,3461,bound,0.8659435203229896,0.8512835229317816,0.014659997391208046
502.93699999991804,3462,bound,0.8659435203229896,0.8512844173660478,0.014659102956941839
503.01599999982864,3463,bound,0.8659435203229896,0.8512849906004926,0.014658529722497038
503.01599999982864,3464,bound,0.8659435203229896,0.8512995343105362,0.014643986012453425
503.04699999978766,3465,bound,0.8659435203229896,0.8513081620425301,0.014635358280459476
503.04699999978766,3466,bound,0.8659435203229896,0.8513120694861287,0.014631450836860904
503.1089999997057,3467,bound,0.8659435203229896,0.8513130682916346,0.014630452031355046
503.1089999997057,3468,bound,0.8659435203229896,0.8513135200535186,0.014630000269471033
503.1089999997057,3469,bound,0.8659435203229896,0.8513291876542735,0.014614332668716146
503.1089999997057,3470,bound,0.8659435203229896,0.851333849560435,0.014609670762554594
503.3279999997467,3471,bound,0.8659435203229896,0.8513430712401531,0.01460044908283653
503.3279999997467,3472,bound,0.8659435203229896,0.8513431210915804,0.014600399231409211
503.405999999959,3473,bound,0.8659435203229896,0.8513513748899982,0.014592145432991366
503.405999999959,3474,bound,0.8659435203229896,0.8513725192627684,0.014571001060221245
503.530999999959,3475,bound,0.8659435203229896,0.851375103710896,0.014568416612093626
503.530999999959,3476,bound,0.8659435203229896,0.851383087393063,0.014560432929926592
503.594000000041,3477,bound,0.8659435203229896,0.8513831287357494,0.014560391587240207
503.655999999959,3478,bound,0.8659435203229896,0.8513841893720203,0.014559330950969285
503.655999999959,3479,bound,0.8659435203229896,0.8513847059413577,0.014558814381631868
503.655999999959,3480,bound,0.8659435203229896,0.8513880462698746,0.01455547405311497
503.719000000041,3481,bound,0.8659435203229896,0.8513913301985208,0.014552190124468845
503.719000000041,3482,bound,0.8659435203229896,0.851396444416477,0.014547075906512608
503.719000000041,3483,bound,0.8659435203229896,0.8513976578016235,0.014545862521366137
503.780999999959,3484,bound,0.8659435203229896,0.8514075599463267,0.014535960376662937
503.780999999959,3485,bound,0.8659435203229896,0.8514173951606696,0.014526125162319992
503.8589999997057,3486,bound,0.8659435203229896,0.851418585537714,0.014524934785275612
503.8589999997057,3487,bound,0.8659435203229896,0.8514193823920879,0.014524137930901682
503.8589999997057,3488,bound,0.8659435203229896,0.8514199190419139,0.01452360128107566
503.8589999997057,3489,bound,0.8659435203229896,0.8514242941277147,0.014519226195274904
503.92199999978766,3490,bound,0.8659435203229896,0.8514427013920939,0.01450081893089572
503.92199999978766,3491,bound,0.8659435203229896,0.8514578920180196,0.014485628304970022
503.9839999997057,3492,bound,0.8659435203229896,0.8514602059627705,0.014483314360219102
503.9839999997057,3493,bound,0.8659435203229896,0.8514605771334838,0.014482943189505826
504.04699999978766,3494,bound,0.8659435203229896,0.8514625388135728,0.01448098150941679
504.04699999978766,3495,bound,0.8659435203229896,0.8514629210190443,0.014480599303945296
504.04699999978766,3496,bound,0.8659435203229896,0.8514636781076854,0.014479842215304184
504.04699999978766,3497,bound,0.8659435203229896,0.8514663750544137,0.014477145268575908
504.1089999997057,3498,bound,0.8659435203229896,0.8514680436585634,0.014475476664426168
504.1089999997057,3499,bound,0.8659435203229896,0.8514711435763931,0.014472376746596516
504.18699999991804,3500,bound,0.8659435203229896,0.8514806528376855,0.01446286748530412
504.18699999991804,3501,bound,0.8659435203229896,0.8514900113736633,0.014453508949326288
504.25,3502,bound,0.8659435203229896,0.8514927910038641,0.0144507293191255
504.25,3503,bound,0.8659435203229896,0.851497062565664,0.01444645775732556
504.29699999978766,3504,bound,0.8659435203229896,0.8515089092343565,0.014434611088633087
504.29699999978766,3505,bound,0.8659435203229896,0.851518485746727,0.014425034576262652
504.29699999978766,3506,bound,0.8659435203229896,0.8515243961045396,0.014419124218450041
504.29699999978766,3507,bound,0.8659435203229896,0.8515252246362223,0.014418295686767335
504.39099999982864,3508,bound,0.8659435203229896,0.8515333066334055,0.014410213689584062
504.39099999982864,3509,bound,0.8659435203229896,0.8515336763221025,0.014409844000887073
504.39099999982864,3510,bound,0.8659435203229896,0.8515346380655372,0.014408882257452404
504.5,3511,bound,0.8659435203229896,0.8515346438696679,0.014408876453321673
504.5,3512,bound,0.8659435203229896,0.8515367868199682,0.014406733503021352
504.594000000041,3513,bound,0.8659435203229896,0.8515453265589026,0.01439819376408702
504.594000000041,3514,bound,0.8659435203229896,0.8515488575306408,0.0143946627923488
504.655999999959,3515,bound,0.8659435203229896,0.8515523278755707,0.014391192447418932
504.655999999959,3516,bound,0.8659435203229896,0.8515638526349475,0.014379667688042108
504.7339999997057,3517,bound,0.8659435203229896,0.8515692625514387,0.01437425777155088
504.7339999997057,3518,bound,0.8659435203229896,0.8515719511292742,0.014371569193715406
504.79699999978766,3519,bound,0.8659435203229896,0.851579739386079,0.014363780936910597
504.875,3520,bound,0.8659435203229896,0.8515809693783482,0.01436255094464145
504.875,3521,bound,0.8659435203229896,0.8515843576656313,0.01435916265735826
504.93699999991804,3522,bound,0.8659435203229896,0.8515902414757349,0.01435327884725468
504.93699999991804,3523,bound,0.8659435203229896,0.8515924402416031,0.014351080081386525
504.93699999991804,3524,bound,0.8659435203229896,0.851596376844028,0.0143471434789616
505.01599999982864,3525,bound,0.8659435203229896,0.8515996060577683,0.014343914265221303
505.01599999982864,3526,bound,0.8659435203229896,0.8516176896240288,0.014325830698960762
505.01599999982864,3527,bound,0.8659435203229896,0.8516272785794676,0.014316241743521974
505.0779999997467,3528,bound,0.8659435203229896,0.8516314028277959,0.014312117495193677
505.0779999997467,3529,bound,0.8659435203229896,0.8516314538182567,0.014312066504732934
505.14099999982864,3530,bound,0.8659435203229896,0.8516320428930506,0.01431147742993899
505.14099999982864,3531,bound,0.8659435203229896,0.8516341694388154,0.014309350884174177
505.14099999982864,3532,bound,0.8659435203229896,0.8516394871361195,0.014304033186870124
505.26599999982864,3533,bound,0.8659435203229896,0.8516446879746882,0.014298832348301427
505.43699999991804,3534,bound,0.8659435203229896,0.8516535275694262,0.014289992753563352
505.8279999997467,3535,bound,0.8659435203229896,0.8516551070757821,0.014288413247207532
505.905999999959,3536,bound,0.8659435203229896,0.8516576157629343,0.014285904560055296
506.0,3537,bound,0.8659435203229896,0.8516580667934934,0.014285453529496173
506.0,3538,bound,0.8659435203229896,0.8516610648114797,0.014282455511509862
506.06199999991804,3539,bound,0.8659435203229896,0.8516711024554752,0.01427241786751443
506.06199999991804,3540,bound,0.8659435203229896,0.8516966184201741,0.014246901902815523
506.14099999982864,3541,bound,0.8659435203229896,0.8516988557815924,0.014244664541397167
506.14099999982864,3542,bound,0.8659435203229896,0.8517105607656561,0.014232959557333502
506.14099999982864,3543,bound,0.8659435203229896,0.8517142670356272,0.014229253287362353
506.14099999982864,3544,bound,0.8659435203229896,0.8517176615983201,0.014225858724669527
506.2339999997057,3545,bound,0.8659435203229896,0.8517183154999778,0.014225204823011817
506.2339999997057,3546,bound,0.8659435203229896,0.8517192000237259,0.014224320299263682
506.29699999978766,3547,bound,0.8659435203229896,0.8517286588459672,0.014214861477022445
506.29699999978766,3548,bound,0.8659435203229896,0.8517289282335677,0.014214592089421885
506.29699999978766,3549,bound,0.8659435203229896,0.8517293417828156,0.014214178540174038
506.29699999978766,3550,bound,0.8659435203229896,0.8517318618125652,0.014211658510424385
506.29699999978766,3551,bound,0.8659435203229896,0.8517335455267564,0.014209974796233205
506.375,3552,bound,0.8659435203229896,0.8517429362239547,0.014200584099034907
506.375,3553,bound,0.8659435203229896,0.8517546568227918,0.014188863500197768
506.375,3554,bound,0.8659435203229896,0.8517559811825112,0.014187539140478433
506.43699999991804,3555,bound,0.8659435203229896,0.8517599655935777,0.014183554729411907
506.43699999991804,3556,bound,0.8659435203229896,0.851760786718421,0.014182733604568565
506.5,3557,bound,0.8659435203229896,0.8517727711341391,0.014170749188850529
506.5779999997467,3558,bound,0.8659435203229896,0.8517765840471402,0.014166936275849418
506.5779999997467,3559,bound,0.8659435203229896,0.8517769280872347,0.014166592235754893
506.719000000041,3560,bound,0.8659435203229896,0.8517807312431374,0.014162789079852245
506.719000000041,3561,bound,0.8659435203229896,0.851790106326586,0.014153413996403574
506.780999999959,3562,bound,0.8659435203229896,0.8517908847997289,0.014152635523260737
506.780999999959,3563,bound,0.8659435203229896,0.8517967441830706,0.014146776139918993
506.79699999978766,3564,bound,0.8659435203229896,0.8518027748510152,0.014140745471974414
506.8589999997057,3565,bound,0.8659435203229896,0.8518042576303818,0.01413926269260779
506.8589999997057,3566,bound,0.8659435203229896,0.8518061199852315,0.014137400337758121
506.9839999997057,3567,bound,0.8659435203229896,0.8518091051354646,0.014134415187525007
506.9839999997057,3568,bound,0.8659435203229896,0.8518161387247772,0.014127381598212363
506.9839999997057,3569,bound,0.8659435203229896,0.8518196057596144,0.01412391456337525
507.04699999978766,3570,bound,0.8659435203229896,0.8518209655101586,0.014122554812830979
507.04699999978766,3571,bound,0.8659435203229896,0.8518385290548349,0.014104991268154676
507.04699999978766,3572,bound,0.8659435203229896,0.8518390060646149,0.014104514258374667
507.1089999997057,3573,bound,0.8659435203229896,0.8518772033118464,0.014066317011143248
507.1089999997057,3574,bound,0.8659435203229896,0.8518775472492153,0.01406597307377433
507.1089999997057,3575,bound,0.8659435203229896,0.8518898988759046,0.014053621447084996
508.875,3576,bound,0.8659435203229896,0.8519187323874319,0.014024787935557725
508.875,3577,bound,0.8659435203229896,0.8519209069501058,0.014022613372883797
508.905999999959,3578,bound,0.8659435203229896,0.8519372971832522,0.014006223139737428
508.905999999959,3579,bound,0.8659435203229896,0.8519408107386078,0.014002709584381767
508.905999999959,3580,bound,0.8659435203229896,0.8519462238440834,0.01399729647890624
508.969000000041,3581,bound,0.8659435203229896,0.8519486999132747,0.013994820409714892
508.969000000041,3582,bound,0.8659435203229896,0.8519542640910208,0.013989256231968783
508.969000000041,3583,bound,0.8659435203229896,0.8519558339287935,0.01398768639419612
508.969000000041,3584,bound,0.8659435203229896,0.851968983564582,0.013974536758407652
508.969000000041,3585,bound,0.8659435203229896,0.8519806361726551,0.013962884150334531
509.030999999959,3586,bound,0.8659435203229896,0.8519820372135285,0.013961483109461104
509.030999999959,3587,bound,0.8659435203229896,0.851982978504619,0.013960541818370586
509.094000000041,3588,bound,0.8659435203229896,0.8519840222395134,0.013959498083476185
509.094000000041,3589,bound,0.8659435203229896,0.8519849617813421,0.013958558541647514
509.2339999997057,3590,bound,0.8659435203229896,0.8519852566448285,0.01395826367816111
509.2339999997057,3591,bound,0.8659435203229896,0.8519964321930795,0.013947088129910079
509.2339999997057,3592,bound,0.8659435203229896,0.8520082151196814,0.013935305203308213
509.31199999991804,3593,bound,0.8659435203229896,0.85200841785689,0.013935102466099636
509.39099999982864,3594,bound,0.8659435203229896,0.8520225506651147,0.013920969657874926
509.39099999982864,3595,bound,0.8659435203229896,0.8520294342339637,0.01391408608902589
509.51599999982864,3596,bound,0.8659435203229896,0.8520380119296331,0.01390550839335647
509.51599999982864,3597,bound,0.8659435203229896,0.8520411154773638,0.013902404845625771
509.51599999982864,3598,bound,0.8659435203229896,0.8520424049496411,0.013901115373348483
509.655999999959,3599,bound,0.8659435203229896,0.8520429507418757,0.013900569581113853
509.655999999959,3600,bound,0.8659435203229896,0.8520442856255805,0.013899234697409057
509.719000000041,3601,bound,0.8659435203229896,0.8520468045123486,0.013896715810641003
509.905999999959,3602,bound,0.8659435203229896,0.8520475804403986,0.013895939882590969
509.9839999997057,3603,bound,0.8659435203229896,0.8520485487313386,0.013894971591650984
510.04699999978766,3604,bound,0.8659435203229896,0.8520611717055068,0.013882348617482831
510.04699999978766,3605,bound,0.8659435203229896,0.8520624738182745,0.013881046504715111
510.04699999978766,3606,bound,0.8659435203229896,0.8520722900651561,0.013871230257833544
510.17199999978766,3607,bound,0.8659435203229896,0.8520734188194166,0.01387010150357304
510.17199999978766,3608,bound,0.8659435203229896,0.8520757446134986,0.013867775709491048
510.31199999991804,3609,bound,0.8659435203229896,0.8520758183183058,0.01386770200468379
510.31199999991804,3610,bound,0.8659435203229896,0.8520774972988114,0.013866023024178165
510.31199999991804,3611,bound,0.8659435203229896,0.8520778987822529,0.013865621540736672
510.31199999991804,3612,bound,0.8659435203229896,0.8520781262315985,0.013865394091391092
510.4529999997467,3613,bound,0.8659435203229896,0.8520821554505101,0.013861364872479465
510.4529999997467,3614,bound,0.8659435203229896,0.8520831188844387,0.01386040143855094
510.4529999997467,3615,bound,0.8659435203229896,0.8520836086054642,0.01385991171752543
510.530999999959,3616,bound,0.8659435203229896,0.8520852447865485,0.013858275536441145
510.530999999959,3617,bound,0.8659435203229896,0.8520853530186244,0.013858167304365177
510.594000000041,3618,bound,0.8659435203229896,0.8520866356349925,0.013856884687997062
510.594000000041,3619,bound,0.8659435203229896,0.85208737617411,0.01385614414887959
510.594000000041,3620,bound,0.8659435203229896,0.8520936537943078,0.013849866528681809
510.7029999997467,3621,bound,0.8659435203229896,0.8520947273648022,0.013848792958187417
510.7029999997467,3622,bound,0.8659435203229896,0.8520990487191645,0.01384447160382507
510.7029999997467,3623,bound,0.8659435203229896,0.8521002960193461,0.013843224303643487
510.79699999978766,3624,bound,0.8659435203229896,0.8521089572365378,0.013834563086451812
510.79699999978766,3625,bound,0.8659435203229896,0.8521089984537794,0.013834521869210192
510.79699999978766,3626,bound,0.8659435203229896,0.8521208638307594,0.013822656492230245
510.8589999997057,3627,bound,0.8659435203229896,0.8521238837999164,0.013819636523073164
510.92199999978766,3628,bound,0.8659435203229896,0.8521412736343474,0.013802246688642161
510.92199999978766,3629,bound,0.8659435203229896,0.8521508287942585,0.013792691528731083
510.9839999997057,3630,bound,0.8659435203229896,0.8521597511423187,0.013783769180670924
510.9839999997057,3631,bound,0.8659435203229896,0.852165581800998,0.013777938521991606
511.06199999991804,3632,bound,0.8659435203229896,0.8521705748546311,0.0137729454683585
511.06199999991804,3633,bound,0.8659435203229896,0.8521825357181804,0.013760984604809234
511.155999999959,3634,bound,0.8659435203229896,0.8521872066205298,0.013756313702459777
511.155999999959,3635,bound,0.8659435203229896,0.8521877156377461,0.013755804685243511
511.155999999959,3636,bound,0.8659435203229896,0.8522130427059887,0.013730477617000858
511.155999999959,3637,bound,0.8659435203229896,0.852222337758441,0.013721182564548573
511.155999999959,3638,bound,0.8659435203229896,0.852236405132152,0.01370711519083756
511.155999999959,3639,bound,0.8659435203229896,0.8522445187650098,0.013699001557979762
511.25,3640,bound,0.8659435203229896,0.8522491194128126,0.01369440091017704
511.25,3641,bound,0.8659435203229896,0.8522501136779912,0.013693406644998407
511.25,3642,bound,0.8659435203229896,0.8522736053395251,0.013669914983464482
511.375,3643,bound,0.8659435203229896,0.8522768011261558,0.01366671919683382
511.4529999997467,3644,bound,0.8659435203229896,0.852277126418472,0.013666393904517626
511.4529999997467,3645,bound,0.8659435203229896,0.8522821086809428,0.013661411642046817
511.4529999997467,3646,bound,0.8659435203229896,0.8523062052436094,0.013637315079380152
511.4529999997467,3647,bound,0.8659435203229896,0.8523074657151368,0.013636054607852777
511.4529999997467,3648,bound,0.8659435203229896,0.852307662780583,0.013635857542406593
511.4839999997057,3649,bound,0.8659435203229896,0.8523086212968932,0.013634899026096381
511.4839999997057,3650,bound,0.8659435203229896,0.8523147828909894,0.013628737432000215
511.4839999997057,3651,bound,0.8659435203229896,0.8523180628404946,0.013625457482494996
511.54699999978766,3652,bound,0.8659435203229896,0.8523194588130955,0.013624061509894148
511.54699999978766,3653,bound,0.8659435203229896,0.8523206607593801,0.013622859563609535
511.64099999982864,3654,bound,0.8659435203229896,0.8523234187679514,0.013620101555038233
511.64099999982864,3655,bound,0.8659435203229896,0.8523287879066946,0.013614732416294961
511.68699999991804,3656,bound,0.8659435203229896,0.8523518552910655,0.013591665031924105
511.75,3657,bound,0.8659435203229896,0.8523546517397781,0.01358886858321151
511.75,3658,bound,0.8659435203229896,0.8523658396886753,0.013577680634314304
511.8279999997467,3659,bound,0.8659435203229896,0.852378759660792,0.013564760662197584
511.905999999959,3660,bound,0.8659435203229896,0.8523827082338905,0.013560812089099095
511.905999999959,3661,bound,0.8659435203229896,0.8523866560208146,0.013556864302174954
511.969000000041,3662,bound,0.8659435203229896,0.852390956358667,0.013552563964322584
512.030999999959,3663,bound,0.8659435203229896,0.8523928472372885,0.013550673085701126
512.1089999997057,3664,bound,0.8659435203229896,0.8523948605987502,0.013548659724239354
512.1089999997057,3665,bound,0.8659435203229896,0.8523982520716339,0.013545268251355713
512.186999999918,3666,bound,0.8659435203229896,0.852399082961505,0.013544437361484585
512.186999999918,3667,bound,0.8659435203229896,0.852400298663475,0.013543221659514604
512.25,3668,bound,0.8659435203229896,0.8524011322809689,0.013542388042020681
512.25,3669,bound,0.8659435203229896,0.8524020568780496,0.013541463444940005
512.25,3670,bound,0.8659435203229896,0.8524027297998612,0.013540790523128399
512.280999999959,3671,bound,0.8659435203229896,0.8524037412037807,0.013539779119208895
512.280999999959,3672,bound,0.8659435203229896,0.8524085923349473,0.013534927988042345
512.280999999959,3673,bound,0.8659435203229896,0.8524128343769198,0.013530685946069765
512.3589999997057,3674,bound,0.8659435203229896,0.8524134880487135,0.013530032274276071
512.3589999997057,3675,bound,0.8659435203229896,0.8524142515853022,0.01352926873768745
512.3589999997057,3676,bound,0.8659435203229896,0.8524204000552578,0.013523120267731836
512.4219999997877,3677,bound,0.8659435203229896,0.8524282822061843,0.013515238116805328
512.4839999997057,3678,bound,0.8659435203229896,0.8524318776973502,0.01351164262563942
512.4839999997057,3679,bound,0.8659435203229896,0.8524355535649004,0.013507966758089185
512.4839999997057,3680,bound,0.8659435203229896,0.8524472158953567,0.013496304427632944
512.625,3681,bound,0.8659435203229896,0.8524554392745707,0.01348808104841892
512.625,3682,bound,0.8659435203229896,0.8524569525848857,0.01348656773810386
512.625,3683,bound,0.8659435203229896,0.8524579591231138,0.013485561199875762
512.686999999918,3684,bound,0.8659435203229896,0.852485526887035,0.013457993435954552
512.686999999918,3685,bound,0.8659435203229896,0.852490736561994,0.013452783760995568
512.686999999918,3686,bound,0.8659435203229896,0.8524953410503078,0.013448179272681826
512.7659999998286,3687,bound,0.8659435203229896,0.852499262621172,0.013444257701817564
512.7659999998286,3688,bound,0.8659435203229896,0.8525068732630695,0.013436647059920093
512.7659999998286,3689,bound,0.8659435203229896,0.8525071927477886,0.013436327575200968
512.8909999998286,3690,bound,0.8659435203229896,0.8525163305975962,0.013427189725393363
512.8909999998286,3691,bound,0.8659435203229896,0.8525215788279105,0.013421941495079137
512.9529999997467,3692,bound,0.8659435203229896,0.8525261580338976,0.01341736228909196
512.9529999997467,3693,bound,0.8659435203229896,0.8525320638322582,0.013411456490731388
512.9529999997467,3694,bound,0.8659435203229896,0.8525405224009747,0.013402997922014936
512.9529999997467,3695,bound,0.8659435203229896,0.852544602955431,0.013398917367558605
513.0159999998286,3696,bound,0.8659435203229896,0.852559431115329,0.013384089207660654
513.0159999998286,3697,bound,0.8659435203229896,0.8525601722232633,0.0133833480997263
513.0469999997877,3698,bound,0.8659435203229896,0.8525786107395231,0.013364909583466478
513.125,3699,bound,0.8659435203229896,0.8525844553209294,0.013359065002060189
513.125,3700,bound,0.8659435203229896,0.852584721816801,0.013358798506188596
513.155999999959,3701,bound,0.8659435203229896,0.8525923416292303,0.013351178693759347
513.2339999997057,3702,bound,0.8659435203229896,0.852607709369276,0.013335810953713612
513.2339999997057,3703,bound,0.8659435203229896,0.8526142821823744,0.013329238140615152
513.2339999997057,3704,bound,0.8659435203229896,0.8526156389159321,0.01332788140705754
513.311999999918,3705,bound,0.8659435203229896,0.852628260920163,0.013315259402826629
513.3589999997057,3706,bound,0.8659435203229896,0.8526316385023577,0.013311881820631921
513.3589999997057,3707,bound,0.8659435203229896,0.852636048219267,0.013307472103722628
513.3589999997057,3708,bound,0.8659435203229896,0.8526433497468698,0.013300170576119763
513.3589999997057,3709,bound,0.8659435203229896,0.8526460159636945,0.01329750435929511
513.3589999997057,3710,bound,0.8659435203229896,0.8526484692841574,0.013295051038832217
513.4219999997877,3711,bound,0.8659435203229896,0.8526506649088847,0.013292855414104854
513.5469999997877,3712,bound,0.8659435203229896,0.852650973515173,0.013292546807816552
513.5469999997877,3713,bound,0.8659435203229896,0.852656831759116,0.013286688563873605
513.5469999997877,3714,bound,0.8659435203229896,0.8526583324935278,0.013285187829461753
513.5469999997877,3715,bound,0.8659435203229896,0.8526599189139425,0.013283601409047052
513.5469999997877,3716,bound,0.8659435203229896,0.8526672998904479,0.01327622043254173
513.5469999997877,3717,bound,0.8659435203229896,0.8526719354624521,0.013271584860537478
513.6089999997057,3718,bound,0.8659435203229896,0.8526747456209988,0.013268774701990838
513.6089999997057,3719,bound,0.8659435203229896,0.8526856380559251,0.01325788226706448
513.686999999918,3720,bound,0.8659435203229896,0.8526898217752438,0.013253698547745829
513.686999999918,3721,bound,0.8659435203229896,0.8526925716638772,0.01325094865911236
513.686999999918,3722,bound,0.8659435203229896,0.8526975113592782,0.01324600896371142
513.75,3723,bound,0.8659435203229896,0.8527009606800311,0.013242559642958507
513.8279999997467,3724,bound,0.8659435203229896,0.8527029900002163,0.01324053032277328
513.8279999997467,3725,bound,0.8659435203229896,0.8527040998237116,0.013239420499277954
513.875,3726,bound,0.8659435203229896,0.8527172137754244,0.013226306547565181
513.936999999918,3727,bound,0.8659435203229896,0.8527246554697667,0.013218864853222878
513.936999999918,3728,bound,0.8659435203229896,0.8527302056078936,0.013213314715096014
513.969000000041,3729,bound,0.8659435203229896,0.8527470435165707,0.013196476806418889
513.969000000041,3730,bound,0.8659435203229896,0.8527477204941953,0.013195799828794263
514.0469999997877,3731,bound,0.8659435203229896,0.8527493063794946,0.013194213943494959
514.0469999997877,3732,bound,0.8659435203229896,0.8527538710288851,0.013189649294104488
514.0469999997877,3733,bound,0.8659435203229896,0.8527581574858876,0.013185362837102033
514.0779999997467,3734,bound,0.8659435203229896,0.8527599944878669,0.013183525835122722
514.0779999997467,3735,bound,0.8659435203229896,0.8527817827644716,0.013161737558518016
514.155999999959,3736,bound,0.8659435203229896,0.8527835090278341,0.013160011295155538
514.155999999959,3737,bound,0.8659435203229896,0.8527896519649998,0.013153868357989817
514.155999999959,3738,bound,0.8659435203229896,0.8527924042958624,0.013151116027127152
514.155999999959,3739,bound,0.8659435203229896,0.8528082087122464,0.013135311610743217
514.219000000041,3740,bound,0.8659435203229896,0.8528095790222886,0.013133941300701002
514.280999999959,3741,bound,0.8659435203229896,0.8528159882488624,0.013127532074127202
514.3279999997467,3742,bound,0.8659435203229896,0.8528250622927884,0.013118458030201174
514.3589999997057,3743,bound,0.8659435203229896,0.8528278279994899,0.013115692323499739
514.3589999997057,3744,bound,0.8659435203229896,0.8528306034819672,0.013112916841022448
514.436999999918,3745,bound,0.8659435203229896,0.8528330036494063,0.013110516673583317
514.436999999918,3746,bound,0.8659435203229896,0.8528342505525848,0.01310926977040483
514.436999999918,3747,bound,0.8659435203229896,0.8528382013083897,0.013105319014599881
514.436999999918,3748,bound,0.8659435203229896,0.8528418216689764,0.013101698654013227
514.4839999997057,3749,bound,0.8659435203229896,0.8528423015811949,0.013101218741794707
514.4839999997057,3750,bound,0.8659435203229896,0.8528454966008892,0.01309802372210045
514.4839999997057,3751,bound,0.8659435203229896,0.8528463648156291,0.013097155507360458
514.5469999997877,3752,bound,0.8659435203229896,0.852846438765674,0.013097081557315593
514.6409999998286,3753,bound,0.8659435203229896,0.8528510937433758,0.013092426579613847
514.6409999998286,3754,bound,0.8659435203229896,0.8528622536384216,0.013081266684567994
514.6409999998286,3755,bound,0.8659435203229896,0.8528624387675057,0.013081081555483931
514.6409999998286,3756,bound,0.8659435203229896,0.8528723850091344,0.013071135313855176
514.6409999998286,3757,bound,0.8659435203229896,0.852880647611386,0.013062872711603557
514.719000000041,3758,bound,0.8659435203229896,0.8528963353983302,0.013047184924659394
514.719000000041,3759,bound,0.8659435203229896,0.8529172066490014,0.01302631367398821
514.7969999997877,3760,bound,0.8659435203229896,0.8529252552478624,0.013018265075127156
514.7969999997877,3761,bound,0.8659435203229896,0.8529396380191366,0.013003882303852965
514.7969999997877,3762,bound,0.8659435203229896,0.8529407084219576,0.01300281190103203
514.7969999997877,3763,bound,0.8659435203229896,0.8529511273446035,0.012992392978386058
514.875,3764,bound,0.8659435203229896,0.852973849496285,0.012969670826704638
514.875,3765,bound,0.8659435203229896,0.8529748370147385,0.012968683308251072
514.9529999997467,3766,bound,0.8659435203229896,0.8529766284342453,0.012966891888744336
514.9529999997467,3767,bound,0.8659435203229896,0.8529768046867752,0.012966715636214432
515.030999999959,3768,bound,0.8659435203229896,0.8529773749759281,0.01296614534706153
515.1089999997057,3769,bound,0.8659435203229896,0.8529818460556167,0.012961674267372936
515.1089999997057,3770,bound,0.8659435203229896,0.8529847455752803,0.012958774747709345
515.1089999997057,3771,bound,0.8659435203229896,0.8529913336089856,0.012952186714004
515.1089999997057,3772,bound,0.8659435203229896,0.8529969537474897,0.012946566575499863
515.1089999997057,3773,bound,0.8659435203229896,0.8529998986867637,0.012943621636225866
515.1089999997057,3774,bound,0.8659435203229896,0.8530003696048735,0.012943150718116136
515.1089999997057,3775,bound,0.8659435203229896,0.8530005733180719,0.012942947004917715
515.1719999997877,3776,bound,0.8659435203229896,0.8530097638547449,0.012933756468244684
515.25,3777,bound,0.8659435203229896,0.8530109183368204,0.01293260198616919
515.25,3778,bound,0.8659435203229896,0.8530145239893204,0.012928996333669174
515.25,3779,bound,0.8659435203229896,0.853020966907848,0.012922553415141591
515.25,3780,bound,0.8659435203229896,0.8530218504947893,0.01292166982820031
515.25,3781,bound,0.8659435203229896,0.8530238305260326,0.012919689796957012
515.311999999918,3782,bound,0.8659435203229896,0.8530389229156468,0.012904597407342844
515.311999999918,3783,bound,0.8659435203229896,0.8530437476615247,0.012899772661464914
515.311999999918,3784,bound,0.8659435203229896,0.8530453928681621,0.012898127454827546
515.344000000041,3785,bound,0.8659435203229896,0.8530501325565437,0.012893387766445885
515.344000000041,3786,bound,0.8659435203229896,0.8530521944912196,0.012891325831769995
515.405999999959,3787,bound,0.8659435203229896,0.8530526797600834,0.012890840562906236
515.405999999959,3788,bound,0.8659435203229896,0.8530539515010356,0.012889568821954023
515.5,3789,bound,0.8659435203229896,0.8530541634993077,0.012889356823681863
515.5,3790,bound,0.8659435203229896,0.8530551459930394,0.012888374329950159
515.5,3791,bound,0.8659435203229896,0.8530599274196444,0.012883592903345176
515.5,3792,bound,0.8659435203229896,0.853071168208781,0.012872352114208563
515.5,3793,bound,0.8659435203229896,0.853074055689953,0.01286946463303662
515.561999999918,3794,bound,0.8659435203229896,0.85307407288967,0.012869447433319636
515.6409999998286,3795,bound,0.8659435203229896,0.8530769777128678,0.012866542610121767
515.6409999998286,3796,bound,0.8659435203229896,0.8530796265025561,0.012863893820433514
515.7029999997467,3797,bound,0.8659435203229896,0.8530804735773191,0.012863046745670514
515.7029999997467,3798,bound,0.8659435203229896,0.8530833313257771,0.01286018899721253
515.7339999997057,3799,bound,0.8659435203229896,0.8530872744151269,0.012856245907862718
515.7339999997057,3800,bound,0.8659435203229896,0.8530896738345801,0.012853846488409482
515.7339999997057,3801,bound,0.8659435203229896,0.8530902622181761,0.012853258104813525
515.875,3802,bound,0.8659435203229896,0.8530940016281706,0.012849518694818984
515.9219999997877,3803,bound,0.8659435203229896,0.8530962142966098,0.012847306026379846
516.0,3804,bound,0.8659435203229896,0.8531173030179381,0.012826217305051513
516.0779999997467,3805,bound,0.8659435203229896,0.8531203009875319,0.012823219335457714
516.0779999997467,3806,bound,0.8659435203229896,0.8531243493506849,0.012819170972304672
516.155999999959,3807,bound,0.8659435203229896,0.8531265004599187,0.012817019863070933
516.155999999959,3808,bound,0.8659435203229896,0.8531346655909091,0.012808854732080488
516.186999999918,3809,bound,0.8659435203229896,0.8531378201233655,0.012805700199624126
516.186999999918,3810,bound,0.8659435203229896,0.8531541656539724,0.012789354669017206
516.25,3811,bound,0.8659435203229896,0.8531544061692617,0.012789114153727854
516.25,3812,bound,0.8659435203229896,0.8531577592139378,0.01278576110905183
516.25,3813,bound,0.8659435203229896,0.8531673727097776,0.012776147613211997
516.311999999918,3814,bound,0.8659435203229896,0.8531675902857889,0.012775930037200678
516.311999999918,3815,bound,0.8659435203229896,0.8531717095686477,0.012771810754341861
516.375,3816,bound,0.8659435203229896,0.8531798359873789,0.012763684335610703
516.375,3817,bound,0.8659435203229896,0.8532003579944311,0.012743162328558544
516.375,3818,bound,0.8659435203229896,0.8532019405221615,0.012741579800828129
516.436999999918,3819,bound,0.8659435203229896,0.8532039712138249,0.01273954910916475
516.436999999918,3820,bound,0.8659435203229896,0.853206788103603,0.012736732219386648
516.436999999918,3821,bound,0.8659435203229896,0.8532102995932468,0.012733220729742811
516.5159999998286,3822,bound,0.8659435203229896,0.8532115365496905,0.012731983773299094
516.5159999998286,3823,bound,0.8659435203229896,0.8532206831916398,0.012722837131349807
516.5779999997467,3824,bound,0.8659435203229896,0.8532235854855147,0.012719934837474911
516.5779999997467,3825,bound,0.8659435203229896,0.8532267241751453,0.012716796147844267
516.6409999998286,3826,bound,0.8659435203229896,0.8532306543725137,0.012712865950475938
516.7029999997467,3827,bound,0.8659435203229896,0.8532462781918503,0.012697242131139319
516.7969999997877,3828,bound,0.8659435203229896,0.853249065573373,0.012694454749616613
516.7969999997877,3829,bound,0.8659435203229896,0.853264276011549,0.01267924431144063
516.9219999997877,3830,bound,0.8659435203229896,0.8532851759288738,0.012658344394115839
516.9219999997877,3831,bound,0.8659435203229896,0.8532887922951753,0.01265472802781431
516.9219999997877,3832,bound,0.8659435203229896,0.8532963969637509,0.012647123359238677
516.9219999997877,3833,bound,0.8659435203229896,0.8533023866566143,0.012641133666375315
516.9219999997877,3834,bound,0.8659435203229896,0.8533040211383658,0.012639499184623815
516.9219999997877,3835,bound,0.8659435203229896,0.8533136519998815,0.012629868323108084
516.9219999997877,3836,bound,0.8659435203229896,0.8533181263258847,0.012625393997104939
516.9219999997877,3837,bound,0.8659435203229896,0.8533282942959366,0.012615226027053006
517.0469999997877,3838,bound,0.8659435203229896,0.8533298299561182,0.012613690366871433
517.125,3839,bound,0.8659435203229896,0.8533310282995523,0.012612492023437283
517.125,3840,bound,0.8659435203229896,0.8533357523720377,0.012607767950951865
517.125,3841,bound,0.8659435203229896,0.8533358872237724,0.012607633099217197
517.125,3842,bound,0.8659435203229896,0.8533379534512373,0.012605566871752294
517.186999999918,3843,bound,0.8659435203229896,0.8533416987667785,0.012601821556211146
517.186999999918,3844,bound,0.8659435203229896,0.8533459274269927,0.012597592895996934
517.3279999997467,3845,bound,0.8659435203229896,0.8533463381865705,0.012597182136419138
517.3279999997467,3846,bound,0.8659435203229896,0.853346505636799,0.012597014686190566
517.3279999997467,3847,bound,0.8659435203229896,0.8533473315840037,0.012596188738985936
517.3279999997467,3848,bound,0.8659435203229896,0.8533547506357073,0.012588769687282286
517.3909999998286,3849,bound,0.8659435203229896,0.8533673639557839,0.01257615636720566
517.3909999998286,3850,bound,0.8659435203229896,0.8533675497994334,0.01257597052355619
517.3909999998286,3851,bound,0.8659435203229896,0.8533692696749208,0.01257425064806883
517.469000000041,3852,bound,0.8659435203229896,0.8533701110911814,0.012573409231808164
517.469000000041,3853,bound,0.8659435203229896,0.8533727149637909,0.012570805359198745
517.469000000041,3854,bound,0.8659435203229896,0.8533741171081678,0.012569403214821806
517.5,3855,bound,0.8659435203229896,0.8533746633880893,0.012568856934900285
517.530999999959,3856,bound,0.8659435203229896,0.8533750578944092,0.012568462428580451
517.530999999959,3857,bound,0.8659435203229896,0.8533757008124537,0.012567819510535871
517.6089999997057,3858,bound,0.8659435203229896,0.8533767839700714,0.012566736352918162
517.6089999997057,3859,bound,0.8659435203229896,0.8533792501950319,0.012564270127957688
517.6089999997057,3860,bound,0.8659435203229896,0.8533835446369188,0.012559975686070812
517.6089999997057,3861,bound,0.8659435203229896,0.8533836421645632,0.012559878158426407
517.75,3862,bound,0.8659435203229896,0.8533840141550753,0.012559506167914347
517.75,3863,bound,0.8659435203229896,0.8533969009719534,0.012546619351036181
517.811999999918,3864,bound,0.8659435203229896,0.8533995915001885,0.012543928822801087
517.811999999918,3865,bound,0.8659435203229896,0.8534008523556563,0.012542667967333276
517.811999999918,3866,bound,0.8659435203229896,0.8534019872930991,0.012541533029890473
517.811999999918,3867,bound,0.8659435203229896,0.8534022083833873,0.012541311939602284
517.811999999918,3868,bound,0.8659435203229896,0.8534039724454995,0.01253954787749012
517.875,3869,bound,0.8659435203229896,0.8534048633113577,0.012538657011631926
517.936999999918,3870,bound,0.8659435203229896,0.8534052758362146,0.012538244486774985
517.936999999918,3871,bound,0.8659435203229896,0.8534063843616858,0.012537135961303791
517.936999999918,3872,bound,0.8659435203229896,0.8534079196051405,0.012535600717849094
518.030999999959,3873,bound,0.8659435203229896,0.8534182472796813,0.012525273043308305
518.094000000041,3874,bound,0.8659435203229896,0.8534192450670995,0.01252427525589006
518.094000000041,3875,bound,0.8659435203229896,0.8534213650097949,0.012522155313194672
518.186999999918,3876,bound,0.8659435203229896,0.8534257998940138,0.01251772042897581
518.2969999997877,3877,bound,0.8659435203229896,0.8534296012869971,0.012513919035992527
518.2969999997877,3878,bound,0.8659435203229896,0.8534318913772871,0.012511628945702458
518.375,3879,bound,0.8659435203229896,0.8534417962891095,0.012501724033880057
518.375,3880,bound,0.8659435203229896,0.85344365572376,0.012499864599229582
518.375,3881,bound,0.8659435203229896,0.8534510105145726,0.012492509808416985
518.375,3882,bound,0.8659435203229896,0.8534554943246221,0.012488025998367513
518.4529999997467,3883,bound,0.8659435203229896,0.8534607084656851,0.012482811857304488
518.4529999997467,3884,bound,0.8659435203229896,0.8534650201830615,0.012478500139928128
518.4839999997057,3885,bound,0.8659435203229896,0.8534807139981366,0.01246280632485297
518.4839999997057,3886,bound,0.8659435203229896,0.8534887050239536,0.012454815299036026
518.5779999997467,3887,bound,0.8659435203229896,0.8534888476598993,0.012454672663090305
518.5779999997467,3888,bound,0.8659435203229896,0.8534982766065562,0.012445243716433407
518.5779999997467,3889,bound,0.8659435203229896,0.8535005375803906,0.01244298274259903
518.5779999997467,3890,bound,0.8659435203229896,0.8535020188426465,0.012441501480343065
518.5779999997467,3891,bound,0.8659435203229896,0.8535134070005937,0.012430113322395853
518.5779999997467,3892,bound,0.8659435203229896,0.85352197968978,0.012421540633209549
518.6409999998286,3893,bound,0.8659435203229896,0.8535225986248101,0.012420921698179543
518.6409999998286,3894,bound,0.8659435203229896,0.8535260309649161,0.012417489358073519
518.75,3895,bound,0.8659435203229896,0.8535263730129788,0.012417147310010757
518.75,3896,bound,0.8659435203229896,0.853528839081532,0.012414681241457615
518.75,3897,bound,0.8659435203229896,0.8535308707305101,0.012412649592479452
518.875,3898,bound,0.8659435203229896,0.8535328799812767,0.012410640341712909
518.875,3899,bound,0.8659435203229896,0.8535331092288398,0.012410411094149754
518.9219999997877,3900,bound,0.8659435203229896,0.8535335082118889,0.01241001211110071
518.9219999997877,3901,bound,0.8659435203229896,0.8535393497637745,0.012404170559215055
518.9219999997877,3902,bound,0.8659435203229896,0.8535394482638505,0.01240407205913907
518.9219999997877,3903,bound,0.8659435203229896,0.8535451994677008,0.012398320855288802
518.9529999997467,3904,bound,0.8659435203229896,0.8535505212248363,0.012392999098153279
518.9529999997467,3905,bound,0.8659435203229896,0.8535583576754419,0.012385162647547743
519.030999999959,3906,bound,0.8659435203229896,0.8535598282631373,0.012383692059852347
519.030999999959,3907,bound,0.8659435203229896,0.8535634454437102,0.01238007487927939
519.030999999959,3908,bound,0.8659435203229896,0.8535669214563688,0.012376598866620792
519.1089999997057,3909,bound,0.8659435203229896,0.8535873518691699,0.012356168453819705
519.1089999997057,3910,bound,0.8659435203229896,0.8535925632712589,0.012350957051730727
519.1089999997057,3911,bound,0.8659435203229896,0.8536017159501755,0.01234180437281407
519.1089999997057,3912,bound,0.8659435203229896,0.8536051834572743,0.012338336865715283
519.1089999997057,3913,bound,0.8659435203229896,0.8536080965356814,0.01233542378730823
519.1719999997877,3914,bound,0.8659435203229896,0.853608739737562,0.012334780585427585
519.1719999997877,3915,bound,0.8659435203229896,0.8536106129308819,0.012332907392107684
519.2339999997057,3916,bound,0.8659435203229896,0.8536111409689342,0.0123323793540554
519.2339999997057,3917,bound,0.8659435203229896,0.8536174708539448,0.012326049469044809
519.2339999997057,3918,bound,0.8659435203229896,0.8536211862484182,0.012322334074571395
519.2339999997057,3919,bound,0.8659435203229896,0.8536296181456496,0.012313902177339964
519.2969999997877,3920,bound,0.8659435203229896,0.8536303752118941,0.012313145111095491
519.2969999997877,3921,bound,0.8659435203229896,0.8536336861234517,0.012309834199537906
519.2969999997877,3922,bound,0.8659435203229896,0.85364967924201,0.01229384108097964
519.3909999998286,3923,bound,0.8659435203229896,0.8536527026930695,0.012290817629920125
519.5469999997877,3924,bound,0.8659435203229896,0.8536560406223298,0.012287479700659798
519.5469999997877,3925,bound,0.8659435203229896,0.8536589480040615,0.0122845723189281
519.5469999997877,3926,bound,0.8659435203229896,0.8536705497193605,0.012272970603629085
519.5469999997877,3927,bound,0.8659435203229896,0.8536752719265694,0.012268248396420156
519.6089999997057,3928,bound,0.8659435203229896,0.8536783771026621,0.012265143220327457
519.6089999997057,3929,bound,0.8659435203229896,0.8536806581911662,0.012262862131823371
519.6089999997057,3930,bound,0.8659435203229896,0.8536827591330323,0.012260761189957337
519.686999999918,3931,bound,0.8659435203229896,0.8536831892118147,0.01226033111117486
519.780999999959,3932,bound,0.8659435203229896,0.8536848803553968,0.0122586399675928
519.780999999959,3933,bound,0.8659435203229896,0.85369263307563,0.012250887247359565
519.780999999959,3934,bound,0.8659435203229896,0.8536985298622994,0.012244990460690164
519.844000000041,3935,bound,0.8659435203229896,0.8537010203551432,0.012242499967846432
519.844000000041,3936,bound,0.8659435203229896,0.8537021429352027,0.012241377387786856
519.844000000041,3937,bound,0.8659435203229896,0.853702164211205,0.012241356111784563
519.844000000041,3938,bound,0.8659435203229896,0.8537051678177011,0.012238352505288486
519.905999999959,3939,bound,0.8659435203229896,0.8537066433069465,0.012236877016043146
519.9529999997467,3940,bound,0.8659435203229896,0.8537153528666249,0.01222816745636468
519.9529999997467,3941,bound,0.8659435203229896,0.8537276218626608,0.012215898460328778
519.9529999997467,3942,bound,0.8659435203229896,0.8537290350028713,0.012214485320118262
520.0779999997467,3943,bound,0.8659435203229896,0.8537318600552063,0.012211660267783309
520.1409999998286,3944,bound,0.8659435203229896,0.8537325165917272,0.012211003731262382
520.1409999998286,3945,bound,0.8659435203229896,0.8537340979367378,0.012209422386251778
520.25,3946,bound,0.8659435203229896,0.8537363787962394,0.012207141526750176
520.25,3947,bound,0.8659435203229896,0.853737599211717,0.01220592111127261
520.25,3948,bound,0.8659435203229896,0.8537390146108473,0.012204505712142266
520.25,3949,bound,0.8659435203229896,0.8537431166302247,0.012200403692764872
520.25,3950,bound,0.8659435203229896,0.8537533211554236,0.01219019916756603
520.25,3951,bound,0.8659435203229896,0.8537579239277727,0.01218559639521688
520.25,3952,bound,0.8659435203229896,0.8537712216435669,0.01217229867942271
520.25,3953,bound,0.8659435203229896,0.8537845845220319,0.012158935800957726
520.25,3954,bound,0.8659435203229896,0.8537885241360597,0.012154996186929945
520.311999999918,3955,bound,0.8659435203229896,0.8537902914785203,0.012153228844469344
520.3909999998286,3956,bound,0.8659435203229896,0.8538046837233367,0.012138836599652869
520.3909999998286,3957,bound,0.8659435203229896,0.8538053753203614,0.01213814500262822
520.3909999998286,3958,bound,0.8659435203229896,0.8538074793673476,0.012136040955642025
520.3909999998286,3959,bound,0.8659435203229896,0.8538155761310217,0.012127944191967943
520.3909999998286,3960,bound,0.8659435203229896,0.8538240700330885,0.012119450289901135
520.3909999998286,3961,bound,0.8659435203229896,0.8538276346161007,0.01211588570688893
520.3909999998286,3962,bound,0.8659435203229896,0.8538302469790545,0.012113273343935083
520.469000000041,3963,bound,0.8659435203229896,0.8538325801168914,0.012110940206098153
520.469000000041,3964,bound,0.8659435203229896,0.8538328393439134,0.012110680979076194
520.469000000041,3965,bound,0.8659435203229896,0.853834834611498,0.012108685711491596
520.469000000041,3966,bound,0.8659435203229896,0.8538349794498385,0.012108540873151052
520.469000000041,3967,bound,0.8659435203229896,0.8538386652372253,0.01210485508576431
520.530999999959,3968,bound,0.8659435203229896,0.8538427016230373,0.012100818699952276
520.625,3969,bound,0.8659435203229896,0.8538439337561735,0.01209958656681609
520.686999999918,3970,bound,0.8659435203229896,0.8538499676347877,0.012093552688201892
520.686999999918,3971,bound,0.8659435203229896,0.8538512377450889,0.012092282577900737
520.719000000041,3972,bound,0.8659435203229896,0.8538545901927866,0.012088930130202957
520.719000000041,3973,bound,0.8659435203229896,0.8538587537163379,0.012084766606651698
520.905999999959,3974,bound,0.8659435203229896,0.8538605161872689,0.01208300413572072
520.905999999959,3975,bound,0.8659435203229896,0.8538702734252013,0.012073246897788326
520.905999999959,3976,bound,0.8659435203229896,0.8538785196646581,0.012065000658331493
520.936999999918,3977,bound,0.8659435203229896,0.8538801336183831,0.012063386704606494
520.936999999918,3978,bound,0.8659435203229896,0.8538821486199588,0.012061371703030788
520.936999999918,3979,bound,0.8659435203229896,0.853883847623137,0.012059672699852642
520.936999999918,3980,bound,0.8659435203229896,0.8538933181677977,0.012050202155191925
521.0,3981,bound,0.8659435203229896,0.8538972533513218,0.012046266971667774
521.0,3982,bound,0.8659435203229896,0.8538999734603598,0.012043546862629761
521.030999999959,3983,bound,0.8659435203229896,0.8539005489521696,0.01204297137082
521.030999999959,3984,bound,0.8659435203229896,0.8539006612994828,0.012042859023506769
521.030999999959,3985,bound,0.8659435203229896,0.8539034083589115,0.01204011196407806
521.030999999959,3986,bound,0.8659435203229896,0.8539038880641925,0.012039632258797117
521.0779999997467,3987,bound,0.8659435203229896,0.853907919233973,0.012035601089016579
521.1089999997057,3988,bound,0.8659435203229896,0.853913161902416,0.01203035842057365
521.1089999997057,3989,bound,0.8659435203229896,0.8539148173238595,0.012028702999130059
521.1089999997057,3990,bound,0.8659435203229896,0.8539182817122515,0.01202523861073812
521.155999999959,3991,bound,0.8659435203229896,0.8539207492199588,0.01202277110303085
521.155999999959,3992,bound,0.8659435203229896,0.8539212112288682,0.012022309094121386
521.2339999997057,3993,bound,0.8659435203229896,0.8539463681908221,0.011997152132167455
521.2339999997057,3994,bound,0.8659435203229896,0.8539473492770006,0.011996171045989046
521.2339999997057,3995,bound,0.8659435203229896,0.8539498354948463,0.011993684828143336
521.311999999918,3996,bound,0.8659435203229896,0.8539731417667016,0.01197037855628802
521.311999999918,3997,bound,0.8659435203229896,0.8539802530698728,0.011963267253116805
521.311999999918,3998,bound,0.8659435203229896,0.8540001639280344,0.011943356394955251
521.311999999918,3999,bound,0.8659435203229896,0.8540019024926784,0.011941617830311224
521.311999999918,4000,bound,0.8659435203229896,0.8540019575723867,0.011941562750602874
521.3909999998286,4001,bound,0.8659435203229896,0.8540106508202534,0.011932869502736199
521.3909999998286,4002,bound,0.8659435203229896,0.8540122298120009,0.011931290510988735
521.3909999998286,4003,bound,0.8659435203229896,0.854017831459327,0.011925688863662631
521.3909999998286,4004,bound,0.8659435203229896,0.8540237319724723,0.011919788350517324
521.3909999998286,4005,bound,0.8659435203229896,0.8540245744760571,0.011918945846932538
521.4529999997467,4006,bound,0.8659435203229896,0.8540259971311276,0.011917523191862012
521.4529999997467,4007,bound,0.8659435203229896,0.8540269158461377,0.011916604476851944
521.4529999997467,4008,bound,0.8659435203229896,0.8540330885749535,0.011910431748036077
521.4529999997467,4009,bound,0.8659435203229896,0.8540356991869286,0.011907821136061036
521.530999999959,4010,bound,0.8659435203229896,0.8540387729288609,0.011904747394128723
521.530999999959,4011,bound,0.8659435203229896,0.8540416937558521,0.011901826567137452
521.594000000041,4012,bound,0.8659435203229896,0.854055097157702,0.011888423165287598
521.594000000041,4013,bound,0.8659435203229896,0.8540654713579094,0.011878048965080157
521.655999999959,4014,bound,0.8659435203229896,0.854065875584544,0.011877644738445547
521.780999999959,4015,bound,0.8659435203229896,0.8540722552269462,0.011871265096043415
521.780999999959,4016,bound,0.8659435203229896,0.8540771270911413,0.011866393231848349
521.844000000041,4017,bound,0.8659435203229896,0.8540786791490281,0.011864841173961471
521.844000000041,4018,bound,0.8659435203229896,0.8540801668239959,0.0118633534989937
521.875,4019,bound,0.8659435203229896,0.8540839787108921,0.011859541612097457
521.875,4020,bound,0.8659435203229896,0.8540912489235737,0.011852271399415915
521.875,4021,bound,0.8659435203229896,0.8540935482788838,0.011849972044105761
521.875,4022,bound,0.8659435203229896,0.8540983754160053,0.011845144906984295
521.9529999997467,4023,bound,0.8659435203229896,0.8541021252741462,0.011841395048843406
521.9529999997467,4024,bound,0.8659435203229896,0.8541089806495155,0.011834539673474143
521.9529999997467,4025,bound,0.8659435203229896,0.8541090347822949,0.011834485540694661
521.9529999997467,4026,bound,0.8659435203229896,0.8541104491918641,0.011833071131125528
522.0159999998286,4027,bound,0.8659435203229896,0.8541143634099292,0.011829156913060412
522.0159999998286,4028,bound,0.8659435203229896,0.8541155039273917,0.01182801639559794
522.1409999998286,4029,bound,0.8659435203229896,0.8541170856818737,0.01182643464111588
522.2029999997467,4030,bound,0.8659435203229896,0.8541200048342326,0.011823515488757042
522.2029999997467,4031,bound,0.8659435203229896,0.8541226454583583,0.011820874864631348
522.2029999997467,4032,bound,0.8659435203229896,0.8541272698402462,0.011816250482743373
522.2659999998286,4033,bound,0.8659435203229896,0.8541316594802131,0.011811860842776523
522.2659999998286,4034,bound,0.8659435203229896,0.8541334756721887,0.011810044650800933
522.2659999998286,4035,bound,0.8659435203229896,0.854141112417282,0.011802407905707635
522.3279999997467,4036,bound,0.8659435203229896,0.854143339086934,0.01180018123605564
522.3279999997467,4037,bound,0.8659435203229896,0.8541447385718508,0.011798781751138798
522.3909999998286,4038,bound,0.8659435203229896,0.8541464602765972,0.01179706004639236
522.469000000041,4039,bound,0.8659435203229896,0.8541603474729679,0.011783172850021728
522.469000000041,4040,bound,0.8659435203229896,0.8541672241483359,0.0117762961746537
522.469000000041,4041,bound,0.8659435203229896,0.8541732429954664,0.011770277327523226
522.469000000041,4042,bound,0.8659435203229896,0.8541795255268909,0.011763994796098687
522.530999999959,4043,bound,0.8659435203229896,0.8541820397627691,0.011761480560220527
522.530999999959,4044,bound,0.8659435203229896,0.8541825776558645,0.01176094266712513
522.594000000041,4045,bound,0.8659435203229896,0.8541879896902583,0.01175553063273127
522.655999999959,4046,bound,0.8659435203229896,0.8541904996845427,0.011753020638446854
522.655999999959,4047,bound,0.8659435203229896,0.8541937407783045,0.011749779544685146
522.655999999959,4048,bound,0.8659435203229896,0.8541965170757856,0.011747003247204013
522.7339999997057,4049,bound,0.8659435203229896,0.8541970420479743,0.011746478275015293
522.7339999997057,4050,bound,0.8659435203229896,0.8541985172942479,0.011745003028741707
522.7969999997877,4051,bound,0.8659435203229896,0.8542015935892466,0.011741926733742969
522.7969999997877,4052,bound,0.8659435203229896,0.8542042509256783,0.011739269397311292
522.8589999997057,4053,bound,0.8659435203229896,0.8542088638816336,0.011734656441355962
522.8589999997057,4054,bound,0.8659435203229896,0.8542120717806997,0.011731448542289913
522.9219999997877,4055,bound,0.8659435203229896,0.854215946629146,0.011727573693843585
522.9219999997877,4056,bound,0.8659435203229896,0.8542226854856936,0.011720834837296024
522.9219999997877,4057,bound,0.8659435203229896,0.8542231220958221,0.011720398227167528
523.0,4058,bound,0.8659435203229896,0.854224625900912,0.01171889442207763
523.0,4059,bound,0.8659435203229896,0.8542327561925187,0.011710764130470896
523.0,4060,bound,0.8659435203229896,0.854237680652017,0.011705839670972606
523.0,4061,bound,0.8659435203229896,0.8542503220362923,0.011693198286697348
523.0,4062,bound,0.8659435203229896,0.8542548445345965,0.011688675788393055
523.0779999997467,4063,bound,0.8659435203229896,0.8542582558838814,0.011685264439108223
523.0779999997467,4064,bound,0.8659435203229896,0.8542609026445391,0.011682617678450469
523.0779999997467,4065,bound,0.8659435203229896,0.8542620953801182,0.011681424942871388
523.0779999997467,4066,bound,0.8659435203229896,0.8542642202049407,0.011679300118048852
523.1409999998286,4067,bound,0.8659435203229896,0.8542679004723798,0.01167561985060983
523.2029999997467,4068,bound,0.8659435203229896,0.8542758588542917,0.01166766146869791
523.280999999959,4069,bound,0.8659435203229896,0.8542807000554892,0.011662820267500429
523.311999999918,4070,bound,0.8659435203229896,0.8542848528934346,0.011658667429555014
523.311999999918,4071,bound,0.8659435203229896,0.8542863057898822,0.011657214533107418
523.344000000041,4072,bound,0.8659435203229896,0.8542877982973582,0.011655722025631365
523.344000000041,4073,bound,0.8659435203229896,0.8542895951985493,0.0116539251244403
523.344000000041,4074,bound,0.8659435203229896,0.8543037939892599,0.011639726333729672
523.405999999959,4075,bound,0.8659435203229896,0.8543057476142123,0.011637772708777305
523.405999999959,4076,bound,0.8659435203229896,0.8543095690050635,0.011633951317926106
523.405999999959,4077,bound,0.8659435203229896,0.8543201414592205,0.011623378863769074
523.405999999959,4078,bound,0.8659435203229896,0.8543226296159425,0.011620890707047082
523.405999999959,4079,bound,0.8659435203229896,0.8543245331437661,0.011618987179223494
523.405999999959,4080,bound,0.8659435203229896,0.854329206173584,0.011614314149405613
523.4839999997057,4081,bound,0.8659435203229896,0.8543292626475202,0.01161425767546942
523.4839999997057,4082,bound,0.8659435203229896,0.854330225615818,0.01161329470717165
523.5469999997877,4083,bound,0.8659435203229896,0.8543463923943065,0.01159712792868306
523.5469999997877,4084,bound,0.8659435203229896,0.8543580863948433,0.01158543392814626
523.686999999918,4085,bound,0.8659435203229896,0.8543626475700711,0.011580872752918525
523.686999999918,4086,bound,0.8659435203229896,0.8543686596373727,0.011574860685616861
523.875,4087,bound,0.8659435203229896,0.8543723597376086,0.01157116058538099
523.9529999997467,4088,bound,0.8659435203229896,0.8543749819134736,0.011568538409515994
523.9529999997467,4089,bound,0.8659435203229896,0.8543751035000672,0.011568416822922423
523.9529999997467,4090,bound,0.8659435203229896,0.8543890931704602,0.011554427152529412
524.030999999959,4091,bound,0.8659435203229896,0.8543925324705575,0.011550987852432137
524.030999999959,4092,bound,0.8659435203229896,0.8543927059793449,0.011550814343644689
524.061999999918,4093,bound,0.8659435203229896,0.8543952720496243,0.011548248273365314
524.1409999998286,4094,bound,0.8659435203229896,0.854407972213796,0.01153554810919355
524.1719999997877,4095,bound,0.8659435203229896,0.8544115005087013,0.011532019814288308
524.2339999997057,4096,bound,0.8659435203229896,0.854412019686683,0.01153150063630659
524.2969999997877,4097,bound,0.8659435203229896,0.8544248951426933,0.011518625180296338
524.3589999997057,4098,bound,0.8659435203229896,0.8544330905828572,0.011510429740132389
524.3589999997057,4099,bound,0.8659435203229896,0.8544424071182811,0.01150111320470848
524.3909999998286,4100,bound,0.8659435203229896,0.8544449690760024,0.011498551246987176
524.3909999998286,4101,bound,0.8659435203229896,0.8544479895566035,0.011495530766386097
524.5,4102,bound,0.8659435203229896,0.8544594414377022,0.011484078885287352
524.5,4103,bound,0.8659435203229896,0.8544614866635637,0.011482033659425905
524.5,4104,bound,0.8659435203229896,0.8544650757293081,0.011478444593681525
524.561999999918,4105,bound,0.8659435203229896,0.8544733372125441,0.011470183110445453
524.561999999918,4106,bound,0.8659435203229896,0.8544877647638356,0.011455755559154013
524.561999999918,4107,bound,0.8659435203229896,0.8544928990401504,0.011450621282839246
524.561999999918,4108,bound,0.8659435203229896,0.8545033830473155,0.011440137275674056
524.625,4109,bound,0.8659435203229896,0.8545050919298357,0.011438428393153899
524.625,4110,bound,0.8659435203229896,0.8545101670646347,0.011433353258354928
524.625,4111,bound,0.8659435203229896,0.854513114064537,0.011430406258452597
524.7029999997467,4112,bound,0.8659435203229896,0.8545170003515016,0.011426519971488025
524.7029999997467,4113,bound,0.8659435203229896,0.8545223596904072,0.011421160632582361
524.7659999998286,4114,bound,0.8659435203229896,0.8545230283441182,0.011420491978871405
524.905999999959,4115,bound,0.8659435203229896,0.8545280543345886,0.011415465988401041
524.905999999959,4116,bound,0.8659435203229896,0.8545309616046578,0.0114125587183318
524.969000000041,4117,bound,0.8659435203229896,0.8545391456819044,0.011404374641085235
525.0469999997877,4118,bound,0.8659435203229896,0.8545400967883591,0.01140342353463053
525.0469999997877,4119,bound,0.8659435203229896,0.854547038103081,0.011396482219908632
525.0469999997877,4120,bound,0.8659435203229896,0.8545536196779416,0.011389900645047968
525.1089999997057,4121,bound,0.8659435203229896,0.8545579515178506,0.011385568805138968
525.1089999997057,4122,bound,0.8659435203229896,0.8545583957189831,0.011385124604006536
525.1089999997057,4123,bound,0.8659435203229896,0.8545589540508107,0.011384566272178875
525.186999999918,4124,bound,0.8659435203229896,0.8545691714420894,0.011374348880900165
525.186999999918,4125,bound,0.8659435203229896,0.854569918137141,0.011373602185848597
525.186999999918,4126,bound,0.8659435203229896,0.8545719636052311,0.011371556717758469
525.186999999918,4127,bound,0.8659435203229896,0.8545736995180456,0.011369820804943975
525.186999999918,4128,bound,0.8659435203229896,0.8545806237651217,0.01136289655786793
525.25,4129,bound,0.8659435203229896,0.8545841742640282,0.011359346058961384
525.25,4130,bound,0.8659435203229896,0.8545848388749715,0.011358681448018104
525.25,4131,bound,0.8659435203229896,0.8545939643810471,0.011349555941942535
525.25,4132,bound,0.8659435203229896,0.8545950033197287,0.011348517003260894
525.25,4133,bound,0.8659435203229896,0.8545976471066702,0.011345873216319413
525.25,4134,bound,0.8659435203229896,0.8545984918365458,0.011345028486443809
525.25,4135,bound,0.8659435203229896,0.8545985362301524,0.01134498409283724
525.25,4136,bound,0.8659435203229896,0.854602961525845,0.011340558797144573
525.311999999918,4137,bound,0.8659435203229896,0.8546038374755432,0.011339682847446353
525.311999999918,4138,bound,0.8659435203229896,0.8546042241977184,0.011339296125271181
525.375,4139,bound,0.8659435203229896,0.8546076491253533,0.011335871197636349
525.375,4140,bound,0.8659435203229896,0.8546182729069515,0.011325247416038131
525.375,4141,bound,0.8659435203229896,0.8546195171419494,0.01132400318104021
525.4529999997467,4142,bound,0.8659435203229896,0.8546266233301882,0.011316896992801362
525.4529999997467,4143,bound,0.8659435203229896,0.8546282217831551,0.011315298539834484
525.4529999997467,4144,bound,0.8659435203229896,0.8546379497835584,0.011305570539431153
525.5159999998286,4145,bound,0.8659435203229896,0.854640551150746,0.011302969172243604
525.5159999998286,4146,bound,0.8659435203229896,0.8546461025619504,0.011297417761039208
525.5779999997467,4147,bound,0.8659435203229896,0.8546476984576774,0.011295821865312194
525.5779999997467,4148,bound,0.8659435203229896,0.8546490874414884,0.011294432881501226
525.5779999997467,4149,bound,0.8659435203229896,0.8546503096302599,0.011293210692729705
525.6409999998286,4150,bound,0.8659435203229896,0.8546571733109168,0.011286347012072762
525.6409999998286,4151,bound,0.8659435203229896,0.8546583406011027,0.011285179721886918
525.780999999959,4152,bound,0.8659435203229896,0.8546596513493012,0.011283868973688382
525.780999999959,4153,bound,0.8659435203229896,0.8546609765540075,0.011282543768982078
525.844000000041,4154,bound,0.8659435203229896,0.8546610465654884,0.011282473757501243
525.844000000041,4155,bound,0.8659435203229896,0.8546703408768763,0.01127317944611328
525.875,4156,bound,0.8659435203229896,0.8546767760235091,0.011266744299480491
525.875,4157,bound,0.8659435203229896,0.8546859525758141,0.011257567747175456
525.875,4158,bound,0.8659435203229896,0.8546881804094584,0.011255339913531226
525.875,4159,bound,0.8659435203229896,0.854689039874123,0.011254480448866566
525.905999999959,4160,bound,0.8659435203229896,0.8546977434443455,0.011245776878644143
525.905999999959,4161,bound,0.8659435203229896,0.8547004131927011,0.011243107130288532
525.905999999959,4162,bound,0.8659435203229896,0.8547030007440143,0.011240519578975317
525.905999999959,4163,bound,0.8659435203229896,0.8547030311948954,0.011240489128094167
525.905999999959,4164,bound,0.8659435203229896,0.8547052325827594,0.011238287740230168
525.969000000041,4165,bound,0.8659435203229896,0.8547065854007159,0.011236934922273734
526.1089999997057,4166,bound,0.8659435203229896,0.8547106460229078,0.011232874300081797
526.311999999918,4167,bound,0.8659435203229896,0.8547135651188211,0.011229955204168474
526.311999999918,4168,bound,0.8659435203229896,0.8547199358355814,0.011223584487408234
526.311999999918,4169,bound,0.8659435203229896,0.8547313827479581,0.011212137575031478
526.311999999918,4170,bound,0.8659435203229896,0.8547392212920915,0.011204299030898146
526.311999999918,4171,bound,0.8659435203229896,0.8547395832346055,0.011203937088384075
526.375,4172,bound,0.8659435203229896,0.8547405017649368,0.011203018558052835
526.375,4173,bound,0.8659435203229896,0.8547531061430325,0.011190414179957142
526.469000000041,4174,bound,0.8659435203229896,0.8547541201009398,0.011189400222049839
526.469000000041,4175,bound,0.8659435203229896,0.8547571591123665,0.011186361210623108
526.469000000041,4176,bound,0.8659435203229896,0.8547582980477713,0.011185222275218343
526.530999999959,4177,bound,0.8659435203229896,0.8547598502151984,0.0111836701077912
526.6089999997057,4178,bound,0.8659435203229896,0.854764118924379,0.011179401398610622
526.6089999997057,4179,bound,0.8659435203229896,0.8547701156495574,0.011173404673432197
526.655999999959,4180,bound,0.8659435203229896,0.8547707957246801,0.011172724598309536
526.655999999959,4181,bound,0.8659435203229896,0.8547735917104533,0.011169928612536295
526.655999999959,4182,bound,0.8659435203229896,0.8547810298576262,0.01116249046536344
526.7339999997057,4183,bound,0.8659435203229896,0.854784303823151,0.011159216499838642
526.7339999997057,4184,bound,0.8659435203229896,0.8547852325521093,0.011158287770880349
526.811999999918,4185,bound,0.8659435203229896,0.8547927954383177,0.011150724884671948
526.875,4186,bound,0.8659435203229896,0.854797005399959,0.011146514923030648
526.875,4187,bound,0.8659435203229896,0.8547987217268656,0.01114479859612405
526.875,4188,bound,0.8659435203229896,0.8548010459902136,0.011142474332776042
526.875,4189,bound,0.8659435203229896,0.8548221309837982,0.011121389339191379
526.9219999997877,4190,bound,0.8659435203229896,0.8548264163094881,0.011117104013501522
526.9219999997877,4191,bound,0.8659435203229896,0.8548313285763256,0.011112191746664002
526.9839999997057,4192,bound,0.8659435203229896,0.8548341617840312,0.011109358538958447
526.9839999997057,4193,bound,0.8659435203229896,0.8548346091821769,0.011108911140812694
526.9839999997057,4194,bound,0.8659435203229896,0.8548358135562566,0.011107706766733005
527.0469999997877,4195,bound,0.8659435203229896,0.8548373518443763,0.011106168478613343
527.0469999997877,4196,bound,0.8659435203229896,0.8548435138009213,0.011100006522068329
527.0469999997877,4197,bound,0.8659435203229896,0.8548570154552984,0.01108650486769125
527.0469999997877,4198,bound,0.8659435203229896,0.854877293438838,0.011066226884151598
527.0469999997877,4199,bound,0.8659435203229896,0.8548939901249916,0.011049530197998036
527.0469999997877,4200,bound,0.8659435203229896,0.8549033420966482,0.011040178226341402
527.0469999997877,4201,bound,0.8659435203229896,0.8549073456277646,0.011036174695224998
527.1089999997057,4202,bound,0.8659435203229896,0.8549125819835646,0.011030938339425034
527.1089999997057,4203,bound,0.8659435203229896,0.8549160319055353,0.011027488417454268
527.1089999997057,4204,bound,0.8659435203229896,0.8549255236710377,0.011017996651951911
527.1089999997057,4205,bound,0.8659435203229896,0.8549275781266309,0.011015942196358708
527.1719999997877,4206,bound,0.8659435203229896,0.8549279971556759,0.01101552316731369
527.2339999997057,4207,bound,0.8659435203229896,0.8549402680707745,0.011003252252215101
527.280999999959,4208,bound,0.8659435203229896,0.8549454677356442,0.01099805258734543
527.280999999959,4209,bound,0.8659435203229896,0.8549503127837278,0.010993207539261807
527.280999999959,4210,bound,0.8659435203229896,0.854953710154843,0.010989810168146597
527.280999999959,4211,bound,0.8659435203229896,0.8549638890648142,0.01097963125817536
527.3589999997057,4212,bound,0.8659435203229896,0.8549642532738605,0.010979267049129104
527.3589999997057,4213,bound,0.8659435203229896,0.8549652760098145,0.010978244313175067
527.3589999997057,4214,bound,0.8659435203229896,0.8549746112758575,0.010968909047132103
527.3589999997057,4215,bound,0.8659435203229896,0.8549772151304946,0.010966305192494974
527.3589999997057,4216,bound,0.8659435203229896,0.8549878676935861,0.010955652629403456
527.3589999997057,4217,bound,0.8659435203229896,0.8549955114191395,0.01094800890385006
527.4219999997877,4218,bound,0.8659435203229896,0.8549962096272352,0.010947310695754386
527.4839999997057,4219,bound,0.8659435203229896,0.8550032522614368,0.010940268061552794
527.561999999918,4220,bound,0.8659435203229896,0.8550038265107668,0.010939693812222817
527.561999999918,4221,bound,0.8659435203229896,0.8550163473520114,0.010927172970978227
527.6409999998286,4222,bound,0.8659435203229896,0.8550224102816715,0.010921110041318127
527.6409999998286,4223,bound,0.8659435203229896,0.8550225549669566,0.010920965356033041
527.6409999998286,4224,bound,0.8659435203229896,0.8550241257935808,0.010919394529408821
527.6409999998286,4225,bound,0.8659435203229896,0.8550247952852345,0.01091872503775515
527.6409999998286,4226,bound,0.8659435203229896,0.8550297046869079,0.010913815636081736
527.7029999997467,4227,bound,0.8659435203229896,0.8550405779763746,0.010902942346615041
527.7029999997467,4228,bound,0.8659435203229896,0.8550449176174834,0.010898602705506244
527.7659999998286,4229,bound,0.8659435203229896,0.8550456760922713,0.010897844230718268
527.7659999998286,4230,bound,0.8659435203229896,0.8550461082294311,0.010897412093558545
527.7659999998286,4231,bound,0.8659435203229896,0.8550515674500844,0.01089195287290523
527.7659999998286,4232,bound,0.8659435203229896,0.8550551501501656,0.010888370172823958
527.7659999998286,4233,bound,0.8659435203229896,0.8550559653859988,0.010887554936990784
527.780999999959,4234,bound,0.8659435203229896,0.8550679368642689,0.01087558345872075
527.780999999959,4235,bound,0.8659435203229896,0.8550718174515524,0.010871702871437239
527.844000000041,4236,bound,0.8659435203229896,0.8550766799712154,0.01086684035177421
527.844000000041,4237,bound,0.8659435203229896,0.8550852622773172,0.01085825804567242
527.844000000041,4238,bound,0.8659435203229896,0.855088337088583,0.010855183234406596
527.905999999959,4239,bound,0.8659435203229896,0.8550906183183876,0.010852902004601983
527.905999999959,4240,bound,0.8659435203229896,0.8550913847592462,0.010852135563743426
527.905999999959,4241,bound,0.8659435203229896,0.8551033356853673,0.010840184637622263
527.905999999959,4242,bound,0.8659435203229896,0.8551088370219587,0.010834683301030879
527.905999999959,4243,bound,0.8659435203229896,0.8551159609291309,0.01082755939385871
527.969000000041,4244,bound,0.8659435203229896,0.8551330948709869,0.010810425452002725
528.030999999959,4245,bound,0.8659435203229896,0.8551355362235327,0.010807984099456935
528.030999999959,4246,bound,0.8659435203229896,0.8551427374948987,0.010800782828090938
528.030999999959,4247,bound,0.8659435203229896,0.8551456615922818,0.010797858730707821
528.030999999959,4248,bound,0.8659435203229896,0.8551496276002717,0.010793892722717913
528.030999999959,4249,bound,0.8659435203229896,0.8551579240364484,0.010785596286541188
528.1089999997057,4250,bound,0.8659435203229896,0.8551590911125273,0.010784429210462299
528.1089999997057,4251,bound,0.8659435203229896,0.8551609331791102,0.010782587143879363
528.1089999997057,4252,bound,0.8659435203229896,0.8551628001259103,0.010780720197079319
528.1089999997057,4253,bound,0.8659435203229896,0.8551630398090233,0.010780480513966295
528.1089999997057,4254,bound,0.8659435203229896,0.8551661072624472,0.010777413060542362
528.1089999997057,4255,bound,0.8659435203229896,0.8551742934817088,0.010769226841280788
528.2029999997467,4256,bound,0.8659435203229896,0.8551746351971151,0.010768885125874483
528.2029999997467,4257,bound,0.8659435203229896,0.8551759289645915,0.01076759135839811
528.2029999997467,4258,bound,0.8659435203229896,0.8551779832015631,0.010765537121426472
528.2029999997467,4259,bound,0.8659435203229896,0.8551781184264463,0.010765401896543292
528.3279999997467,4260,bound,0.8659435203229896,0.8551791179123512,0.010764402410638363
528.3279999997467,4261,bound,0.8659435203229896,0.8551808967557882,0.010762623567201368
528.3279999997467,4262,bound,0.8659435203229896,0.8551836194725475,0.010759900850442095
528.3279999997467,4263,bound,0.8659435203229896,0.8551869096035789,0.010756610719410697
528.405999999959,4264,bound,0.8659435203229896,0.8551887197486434,0.01075480057434619
528.405999999959,4265,bound,0.8659435203229896,0.855191997248974,0.010751523074015612
528.405999999959,4266,bound,0.8659435203229896,0.8551924112730996,0.010751109049889962
528.405999999959,4267,bound,0.8659435203229896,0.8551962984148402,0.010747221908149363
528.4839999997057,4268,bound,0.8659435203229896,0.8552075444714518,0.010735975851537849
528.4839999997057,4269,bound,0.8659435203229896,0.8552238074984598,0.01071971282452977
528.4839999997057,4270,bound,0.8659435203229896,0.855223864410317,0.010719655912672654
528.4839999997057,4271,bound,0.8659435203229896,0.8552287372473291,0.010714783075660539
528.4839999997057,4272,bound,0.8659435203229896,0.8552292597829593,0.01071426054003033
528.4839999997057,4273,bound,0.8659435203229896,0.8552430308245207,0.010700489498468913
528.5469999997877,4274,bound,0.8659435203229896,0.855244837870951,0.010698682452038644
528.5779999997467,4275,bound,0.8659435203229896,0.855252053203333,0.010691467119656628
528.5779999997467,4276,bound,0.8659435203229896,0.8552553614092846,0.010688158913705004
528.5779999997467,4277,bound,0.8659435203229896,0.8552679135182926,0.010675606804697035
528.7029999997467,4278,bound,0.8659435203229896,0.8552740622515417,0.010669458071447924
528.7029999997467,4279,bound,0.8659435203229896,0.8552747371091747,0.010668783213814925
528.7659999998286,4280,bound,0.8659435203229896,0.8552770526618441,0.01066646766114554
528.7659999998286,4281,bound,0.8659435203229896,0.8552777221284319,0.010665798194557707
528.8279999997467,4282,bound,0.8659435203229896,0.8552792060748653,0.010664314248124307
528.8279999997467,4283,bound,0.8659435203229896,0.8552826062178033,0.010660914105186325
528.8279999997467,4284,bound,0.8659435203229896,0.8552828085092766,0.010660711813712975
528.905999999959,4285,bound,0.8659435203229896,0.855285297342408,0.010658222980581611
528.905999999959,4286,bound,0.8659435203229896,0.8552895291649916,0.010653991157998033
528.969000000041,4287,bound,0.8659435203229896,0.8552986296117607,0.010644890711228872
528.969000000041,4288,bound,0.8659435203229896,0.8553019620753068,0.010641558247682759
528.969000000041,4289,bound,0.8659435203229896,0.8553046421173337,0.0106388782056559
529.030999999959,4290,bound,0.8659435203229896,0.8553144235404734,0.010629096782516223
529.094000000041,4291,bound,0.8659435203229896,0.8553189528482882,0.010624567474701418
529.094000000041,4292,bound,0.8659435203229896,0.8553328719205164,0.010610648402473166
529.094000000041,4293,bound,0.8659435203229896,0.8553368514630876,0.010606668859902024
529.186999999918,4294,bound,0.8659435203229896,0.8553380137733118,0.010605506549677846
529.186999999918,4295,bound,0.8659435203229896,0.8553409388260416,0.010602581496948038
529.186999999918,4296,bound,0.8659435203229896,0.855341430521167,0.010602089801822645
529.25,4297,bound,0.8659435203229896,0.8553423109543474,0.010601209368642173
529.25,4298,bound,0.8659435203229896,0.8553434570676127,0.01060006325537688
529.25,4299,bound,0.8659435203229896,0.8553487217871979,0.010594798535791705
529.25,4300,bound,0.8659435203229896,0.8553529231013817,0.010590597221607934
529.25,4301,bound,0.8659435203229896,0.8553541685967976,0.01058935172619202
529.311999999918,4302,bound,0.8659435203229896,0.8553561355858275,0.010587384737162142
529.311999999918,4303,bound,0.8659435203229896,0.8553619641347151,0.010581556188274499
529.311999999918,4304,bound,0.8659435203229896,0.8553691696991385,0.010574350623851148
529.311999999918,4305,bound,0.8659435203229896,0.855376963483518,0.010566556839471608
529.405999999959,4306,bound,0.8659435203229896,0.8553779741130036,0.010565546209985954
529.405999999959,4307,bound,0.8659435203229896,0.8553932034680332,0.010550316854956443
529.405999999959,4308,bound,0.8659435203229896,0.8554003073308373,0.010543212992152329
529.4839999997057,4309,bound,0.8659435203229896,0.8554041842256582,0.010539336097331375
529.4839999997057,4310,bound,0.8659435203229896,0.8554067572727143,0.010536763050275288
529.5469999997877,4311,bound,0.8659435203229896,0.8554075533521505,0.010535966970839139
529.5469999997877,4312,bound,0.8659435203229896,0.8554164458948298,0.01052707442815981
529.5469999997877,4313,bound,0.8659435203229896,0.8554193678590984,0.010524152463891157
529.625,4314,bound,0.8659435203229896,0.8554233164531843,0.010520203869805345
529.625,4315,bound,0.8659435203229896,0.8554241561259728,0.010519364197016823
529.7029999997467,4316,bound,0.8659435203229896,0.8554317962886772,0.010511724034312442
529.7029999997467,4317,bound,0.8659435203229896,0.8554326999431747,0.010510820379814878
529.7029999997467,4318,bound,0.8659435203229896,0.8554418949808245,0.010501625342165144
529.7659999998286,4319,bound,0.8659435203229896,0.8554439657272305,0.01049955459575913
529.7659999998286,4320,bound,0.8659435203229896,0.8554469242164298,0.010496596106559841
529.8279999997467,4321,bound,0.8659435203229896,0.8554523898741552,0.01049113044883443
529.9219999997877,4322,bound,0.8659435203229896,0.8554537971634869,0.010489723159502695
529.9219999997877,4323,bound,0.8659435203229896,0.8554540161331857,0.010489504189803878
529.9839999997057,4324,bound,0.8659435203229896,0.8554570306815563,0.010486489641433283
529.9839999997057,4325,bound,0.8659435203229896,0.8554586592404602,0.01048486108252944
530.0469999997877,4326,bound,0.8659435203229896,0.8554688424834704,0.010474677839519164
530.1719999997877,4327,bound,0.8659435203229896,0.855469319595852,0.010474200727137561
530.1719999997877,4328,bound,0.8659435203229896,0.8554727187113467,0.010470801611642933
530.1719999997877,4329,bound,0.8659435203229896,0.8554796043019751,0.010463916021014485
530.1719999997877,4330,bound,0.8659435203229896,0.8554851904892004,0.010458329833789248
530.1719999997877,4331,bound,0.8659435203229896,0.8554856234570872,0.010457896865902372
530.1719999997877,4332,bound,0.8659435203229896,0.855486473651046,0.010457046671943582
530.1719999997877,4333,bound,0.8659435203229896,0.8554952579643079,0.010448262358681681
530.1719999997877,4334,bound,0.8659435203229896,0.8554964765561626,0.010447043766827036
530.1719999997877,4335,bound,0.8659435203229896,0.8554971055875679,0.010446414735421738
530.1719999997877,4336,bound,0.8659435203229896,0.8555035538068391,0.010439966516150534
530.2339999997057,4337,bound,0.8659435203229896,0.855505505058114,0.010438015264875644
530.2339999997057,4338,bound,0.8659435203229896,0.855506893802825,0.010436626520164638
530.2339999997057,4339,bound,0.8659435203229896,0.8555148246910508,0.010428695631938822
530.311999999918,4340,bound,0.8659435203229896,0.8555244022432412,0.01041911807974838
530.311999999918,4341,bound,0.8659435203229896,0.8555260325816397,0.010417487741349873
530.311999999918,4342,bound,0.8659435203229896,0.8555461904732701,0.010397329849719528
530.311999999918,4343,bound,0.8659435203229896,0.8555590636274608,0.010384456695528788
530.375,4344,bound,0.8659435203229896,0.8555600299075452,0.010383490415444396
530.375,4345,bound,0.8659435203229896,0.8555734217749662,0.010370098548023399
530.375,4346,bound,0.8659435203229896,0.8555740990191819,0.010369421303807691
530.375,4347,bound,0.8659435203229896,0.8555873846845751,0.010356135638414532
530.375,4348,bound,0.8659435203229896,0.8555949615763064,0.010348558746683167
530.375,4349,bound,0.8659435203229896,0.8556006135120834,0.010342906810906216
530.4529999997467,4350,bound,0.8659435203229896,0.8556031893057836,0.010340331017205995
530.4529999997467,4351,bound,0.8659435203229896,0.8556248393796072,0.010318680943382397
530.4529999997467,4352,bound,0.8659435203229896,0.8556253227203792,0.010318197602610435
530.4529999997467,4353,bound,0.8659435203229896,0.8556336369964002,0.010309883326589442
530.5159999998286,4354,bound,0.8659435203229896,0.8556345034687822,0.010309016854207376
530.5159999998286,4355,bound,0.8659435203229896,0.8556346426066808,0.01030887771630884
530.5159999998286,4356,bound,0.8659435203229896,0.8556399458404231,0.010303574482566469
530.5159999998286,4357,bound,0.8659435203229896,0.8556435508894623,0.01029996943352729
530.625,4358,bound,0.8659435203229896,0.855644377153734,0.01029914316925562
530.625,4359,bound,0.8659435203229896,0.8556507035973858,0.010292816725603782
530.625,4360,bound,0.8659435203229896,0.8556509500533652,0.01029257026962438
530.625,4361,bound,0.8659435203229896,0.8556535033026124,0.01029001702037724
530.625,4362,bound,0.8659435203229896,0.855667649333058,0.010275870989931657
530.625,4363,bound,0.8659435203229896,0.8556915425566196,0.01025197776636999
530.625,4364,bound,0.8659435203229896,0.8557079499161063,0.010235570406883276
530.625,4365,bound,0.8659435203229896,0.855708073452592,0.010235446870397569
530.625,4366,bound,0.8659435203229896,0.8557197132111647,0.010223807111824912
530.686999999918,4367,bound,0.8659435203229896,0.8557263136625347,0.010217206660454892
530.686999999918,4368,bound,0.8659435203229896,0.855736346604892,0.01020717371809765
530.686999999918,4369,bound,0.8659435203229896,0.8557376474425104,0.01020587288047925
530.686999999918,4370,bound,0.8659435203229896,0.8557395947237605,0.010203925599229113
530.7659999998286,4371,bound,0.8659435203229896,0.8557405030741856,0.010203017248804014
530.7659999998286,4372,bound,0.8659435203229896,0.8557433443057602,0.010200176017229445
530.811999999918,4373,bound,0.8659435203229896,0.855747714389522,0.010195805933467583
530.811999999918,4374,bound,0.8659435203229896,0.8557669213585105,0.010176598964479089
530.875,4375,bound,0.8659435203229896,0.8557688086069073,0.010174711716082308
530.875,4376,bound,0.8659435203229896,0.8557700905418401,0.010173429781149546
530.875,4377,bound,0.8659435203229896,0.8557755896220627,0.01016793070092692
530.9529999997467,4378,bound,0.8659435203229896,0.8557782847573586,0.010165235565630981
530.9529999997467,4379,bound,0.8659435203229896,0.8557803576151822,0.010163162707807372
530.9529999997467,4380,bound,0.8659435203229896,0.8557845738270629,0.010158946495926746
530.9529999997467,4381,bound,0.8659435203229896,0.8557849090618836,0.010158611261105954
530.9529999997467,4382,bound,0.8659435203229896,0.8558007630879808,0.010142757235008792
530.9529999997467,4383,bound,0.8659435203229896,0.8558075390847292,0.010135981238260428
530.9839999997057,4384,bound,0.8659435203229896,0.8558091844574232,0.010134335865566446
530.9839999997057,4385,bound,0.8659435203229896,0.8558143287484984,0.010129191574491214
530.9839999997057,4386,bound,0.8659435203229896,0.8558244593304585,0.010119060992531126
531.061999999918,4387,bound,0.8659435203229896,0.8558287266391696,0.010114793683819956
531.061999999918,4388,bound,0.8659435203229896,0.8558375328296578,0.010105987493331803
531.061999999918,4389,bound,0.8659435203229896,0.855838459698004,0.010105060624985618
531.061999999918,4390,bound,0.8659435203229896,0.8558464870581389,0.010097033264850674
531.061999999918,4391,bound,0.8659435203229896,0.8558486349128018,0.01009488541018777
531.125,4392,bound,0.8659435203229896,0.8558509643802712,0.010092555942718406
531.125,4393,bound,0.8659435203229896,0.8558525176669949,0.010091002655994719
531.125,4394,bound,0.8659435203229896,0.8558580432602457,0.010085477062743875
531.125,4395,bound,0.8659435203229896,0.8558692743840169,0.010074245938972659
531.125,4396,bound,0.8659435203229896,0.8558806879787151,0.01006283234427452
531.186999999918,4397,bound,0.8659435203229896,0.8558832351887402,0.010060285134249392
531.186999999918,4398,bound,0.8659435203229896,0.8558845111466913,0.010059009176298317
531.186999999918,4399,bound,0.8659435203229896,0.8558847378135624,0.010058782509427155
531.186999999918,4400,bound,0.8659435203229896,0.8558867576417255,0.010056762681264098
531.219000000041,4401,bound,0.8659435203229896,0.8558943996273252,0.010049120695664437
531.219000000041,4402,bound,0.8659435203229896,0.8559045003109914,0.01003902001199819
531.280999999959,4403,bound,0.8659435203229896,0.8559181476259541,0.010025372697035517
531.3589999997057,4404,bound,0.8659435203229896,0.8559197659504733,0.010023754372516347
531.3589999997057,4405,bound,0.8659435203229896,0.8559294129442816,0.010014107378708004
531.3589999997057,4406,bound,0.8659435203229896,0.8559408117556749,0.010002708567314667
531.4219999997877,4407,bound,0.8659435203229896,0.8559443037719053,0.009999216551084267
531.4219999997877,4408,bound,0.8659435203229896,0.8559453896720854,0.009998130650904158
531.4219999997877,4409,bound,0.8659435203229896,0.855949957804143,0.009993562518846644
531.4219999997877,4410,bound,0.8659435203229896,0.8559544182581726,0.009989102064816957
531.4529999997467,4411,bound,0.8659435203229896,0.855954655885933,0.0099888644370566
531.4529999997467,4412,bound,0.8659435203229896,0.8559584383309511,0.009985081992038514
531.5159999998286,4413,bound,0.8659435203229896,0.8559599928910597,0.009983527431929873
531.5159999998286,4414,bound,0.8659435203229896,0.8559630196850032,0.00998050063798639
531.5159999998286,4415,bound,0.8659435203229896,0.8559637033135749,0.009979817009414749
531.5159999998286,4416,bound,0.8659435203229896,0.8559640095107559,0.009979510812233694
531.594000000041,4417,bound,0.8659435203229896,0.8559812700806444,0.009962250242345205
531.594000000041,4418,bound,0.8659435203229896,0.8559855303195217,0.009957990003467865
531.75,4419,bound,0.8659435203229896,0.8559989649064028,0.009944555416586787
531.8279999997467,4420,bound,0.8659435203229896,0.8560143961557318,0.009929124167257775
531.8279999997467,4421,bound,0.8659435203229896,0.856017342288146,0.009926178034843636
531.8279999997467,4422,bound,0.8659435203229896,0.8560183660613766,0.009925154261613
531.8279999997467,4423,bound,0.8659435203229896,0.8560205578872967,0.009922962435692906
531.8909999998286,4424,bound,0.8659435203229896,0.8560211677335279,0.009922352589461725
531.8909999998286,4425,bound,0.8659435203229896,0.8560417402261253,0.009901780096864266
531.9839999997057,4426,bound,0.8659435203229896,0.8560449669203996,0.009898553402590049
531.9839999997057,4427,bound,0.8659435203229896,0.8560481202809488,0.009895400042040814
531.9839999997057,4428,bound,0.8659435203229896,0.856052494033346,0.009891026289643556
531.9839999997057,4429,bound,0.8659435203229896,0.856053075615424,0.009890444707565615
532.061999999918,4430,bound,0.8659435203229896,0.8560546911732411,0.009888829149748535
532.061999999918,4431,bound,0.8659435203229896,0.8560579861071307,0.009885534215858915
532.061999999918,4432,bound,0.8659435203229896,0.8560670389395655,0.009876481383424118
532.061999999918,4433,bound,0.8659435203229896,0.8560749015378989,0.00986861878509071
532.061999999918,4434,bound,0.8659435203229896,0.8560784732887625,0.009865047034227081
532.061999999918,4435,bound,0.8659435203229896,0.856083635532778,0.009859884790211604
532.061999999918,4436,bound,0.8659435203229896,0.8560939075235369,0.009849612799452734
532.1409999998286,4437,bound,0.8659435203229896,0.856094191515803,0.009849328807186586
532.1409999998286,4438,bound,0.8659435203229896,0.8560989135955573,0.009844606727432259
532.1409999998286,4439,bound,0.8659435203229896,0.8561039766240515,0.009839543698938136
532.219000000041,4440,bound,0.8659435203229896,0.8561123635988055,0.009831156724184109
532.219000000041,4441,bound,0.8659435203229896,0.8561124036315507,0.00983111669143888
532.219000000041,4442,bound,0.8659435203229896,0.8561134475543936,0.009830072768596043
532.219000000041,4443,bound,0.8659435203229896,0.8561156661483987,0.009827854174590867
532.3909999998286,4444,bound,0.8659435203229896,0.8561199428117142,0.009823577511275383
532.3909999998286,4445,bound,0.8659435203229896,0.8561330331720869,0.009810487150902714
532.3909999998286,4446,bound,0.8659435203229896,0.8561363928144693,0.009807127508520308
532.4529999997467,4447,bound,0.8659435203229896,0.8561378552280331,0.009805665094956506
532.4529999997467,4448,bound,0.8659435203229896,0.8561405739090181,0.009802946413971503
532.4529999997467,4449,bound,0.8659435203229896,0.8561472939115591,0.00979622641143052
532.5159999998286,4450,bound,0.8659435203229896,0.8561501145354431,0.009793405787546505
532.5159999998286,4451,bound,0.8659435203229896,0.856150379919316,0.009793140403673628
532.5159999998286,4452,bound,0.8659435203229896,0.8561592935912379,0.009784226731751722
532.5159999998286,4453,bound,0.8659435203229896,0.8561666479171641,0.009776872405825476
532.5779999997467,4454,bound,0.8659435203229896,0.8561777417290294,0.009765778593960217
532.5779999997467,4455,bound,0.8659435203229896,0.8561832499040388,0.009760270418950778
532.6409999998286,4456,bound,0.8659435203229896,0.8561919652207797,0.00975155510220993
532.6409999998286,4457,bound,0.8659435203229896,0.8561967648934016,0.009746755429588028
532.6409999998286,4458,bound,0.8659435203229896,0.8562046448714393,0.009738875451550277
532.7029999997467,4459,bound,0.8659435203229896,0.85621511228798,0.009728408035009628
532.7029999997467,4460,bound,0.8659435203229896,0.8562155740371875,0.009727946285802092
532.7029999997467,4461,bound,0.8659435203229896,0.856222304553701,0.009721215769288638
532.7029999997467,4462,bound,0.8659435203229896,0.8562266028916146,0.009716917431375038
532.780999999959,4463,bound,0.8659435203229896,0.8562290055386619,0.009714514784327721
532.780999999959,4464,bound,0.8659435203229896,0.8562404642314714,0.009703056091518225
532.780999999959,4465,bound,0.8659435203229896,0.8562431675751393,0.009700352747850305
532.780999999959,4466,bound,0.8659435203229896,0.856249859804167,0.009693660518822589
532.780999999959,4467,bound,0.8659435203229896,0.8562530875786383,0.00969043274435133
532.8589999997057,4468,bound,0.8659435203229896,0.8562693157408962,0.009674204582093449
532.8589999997057,4469,bound,0.8659435203229896,0.8562748847137345,0.009668635609255127
532.8589999997057,4470,bound,0.8659435203229896,0.8562832795961205,0.009660240726869107
532.8589999997057,4471,bound,0.8659435203229896,0.8562865787612686,0.009656941561721033
532.8589999997057,4472,bound,0.8659435203229896,0.8562924153574275,0.009651104965562096
532.8589999997057,4473,bound,0.8659435203229896,0.8562983038452174,0.009645216477772167
532.9529999997467,4474,bound,0.8659435203229896,0.8563008436902867,0.009642676632702907
532.9529999997467,4475,bound,0.8659435203229896,0.8563024943312972,0.009641025991692365
533.0159999998286,4476,bound,0.8659435203229896,0.8563083070248744,0.00963521329811523
533.0159999998286,4477,bound,0.8659435203229896,0.8563104595277145,0.00963306079527515
533.0159999998286,4478,bound,0.8659435203229896,0.8563126150938226,0.009630905229166986
533.0159999998286,4479,bound,0.8659435203229896,0.8563249153692297,0.00961860495375988
533.094000000041,4480,bound,0.8659435203229896,0.8563308696045525,0.009612650718437088
533.094000000041,4481,bound,0.8659435203229896,0.8563325579714709,0.009610962351518704
533.094000000041,4482,bound,0.8659435203229896,0.8563367975620357,0.009606722760953867
533.155999999959,4483,bound,0.8659435203229896,0.8563440409399928,0.009599479382996767
533.155999999959,4484,bound,0.8659435203229896,0.8563447023575779,0.009598817965411732
533.155999999959,4485,bound,0.8659435203229896,0.8563459701547667,0.009597550168222946
533.280999999959,4486,bound,0.8659435203229896,0.8563472261236702,0.0095962941993194
533.280999999959,4487,bound,0.8659435203229896,0.8563540443237618,0.00958947599922777
533.280999999959,4488,bound,0.8659435203229896,0.8563544631311764,0.009589057191813244
533.280999999959,4489,bound,0.8659435203229896,0.8563616640546982,0.009581856268291444
533.280999999959,4490,bound,0.8659435203229896,0.8563622864937469,0.009581233829242697
533.280999999959,4491,bound,0.8659435203229896,0.8563699990528008,0.009573521270188845
533.311999999918,4492,bound,0.8659435203229896,0.8563864836868992,0.009557036636090421
533.311999999918,4493,bound,0.8659435203229896,0.8563885426490706,0.009554977673918996
533.311999999918,4494,bound,0.8659435203229896,0.856394663313593,0.00954885700939656
533.4219999997877,4495,bound,0.8659435203229896,0.8563976513429353,0.009545868980054273
533.4219999997877,4496,bound,0.8659435203229896,0.8564058791152178,0.009537641207771785
533.4219999997877,4497,bound,0.8659435203229896,0.8564098210613,0.009533699261689565
533.4219999997877,4498,bound,0.8659435203229896,0.8564425421261349,0.009500978196854692
533.4219999997877,4499,bound,0.8659435203229896,0.8564463300068613,0.009497190316128279
533.4219999997877,4500,bound,0.8659435203229896,0.8564603834478935,0.009483136875096054
533.4219999997877,4501,bound,0.8659435203229896,0.8564682361067949,0.009475284216194702
533.4219999997877,4502,bound,0.8659435203229896,0.8564709642621974,0.009472556060792225
533.5159999998286,4503,bound,0.8659435203229896,0.856481864619842,0.009461655703147609
533.5159999998286,4504,bound,0.8659435203229896,0.8564876275035678,0.00945589281942183
533.5159999998286,4505,bound,0.8659435203229896,0.8564882974613264,0.009455222861663226
533.5159999998286,4506,bound,0.8659435203229896,0.8564901709546822,0.00945334936830744
533.5159999998286,4507,bound,0.8659435203229896,0.8564974465698882,0.009446073753101358
533.5779999997467,4508,bound,0.8659435203229896,0.8564982407032038,0.009445279619785807
533.5779999997467,4509,bound,0.8659435203229896,0.8565034412475488,0.009440079075440755
533.5779999997467,4510,bound,0.8659435203229896,0.8565170812436929,0.009426439079296745
533.655999999959,4511,bound,0.8659435203229896,0.85654419641495,0.009399323908039547
533.7339999997057,4512,bound,0.8659435203229896,0.8565456834250781,0.009397836897911516
533.7339999997057,4513,bound,0.8659435203229896,0.8565523484920258,0.00939117183096383
533.7339999997057,4514,bound,0.8659435203229896,0.8565524663175725,0.009391054005417065
533.7339999997057,4515,bound,0.8659435203229896,0.8565547254752028,0.009388794847786763
533.7969999997877,4516,bound,0.8659435203229896,0.8565574137338818,0.009386106589107768
533.7969999997877,4517,bound,0.8659435203229896,0.8565611361745916,0.009382384148397982
533.7969999997877,4518,bound,0.8659435203229896,0.8565627227632605,0.009380797559729093
533.7969999997877,4519,bound,0.8659435203229896,0.8565865464056927,0.009356973917296951
533.8279999997467,4520,bound,0.8659435203229896,0.8565876676701317,0.009355852652857877
533.8589999997057,4521,bound,0.8659435203229896,0.8565922882550271,0.009351232067962512
533.8589999997057,4522,bound,0.8659435203229896,0.8565927782454834,0.009350742077506191
533.936999999918,4523,bound,0.8659435203229896,0.8565988057306885,0.009344714592301129
533.936999999918,4524,bound,0.8659435203229896,0.8566075981400528,0.009335922182936773
533.936999999918,4525,bound,0.8659435203229896,0.8566084239094489,0.009335096413540689
533.936999999918,4526,bound,0.8659435203229896,0.8566154619397521,0.00932805838323747
533.936999999918,4527,bound,0.8659435203229896,0.8566382166953094,0.009305303627680228
533.936999999918,4528,bound,0.8659435203229896,0.85663923396365,0.009304286359339553
534.0,4529,bound,0.8659435203229896,0.8566395400707518,0.009303980252237776
534.0,4530,bound,0.8659435203229896,0.8566495423453708,0.009293977977618773
534.030999999959,4531,bound,0.8659435203229896,0.8566684767113271,0.009275043611662537
534.030999999959,4532,bound,0.8659435203229896,0.8566705062424775,0.009273014080512065
534.030999999959,4533,bound,0.8659435203229896,0.8566751094288555,0.009268410894134105
534.155999999959,4534,bound,0.8659435203229896,0.8566760935272134,0.00926742679577619
534.219000000041,4535,bound,0.8659435203229896,0.8566781782718321,0.009265342051157477
534.219000000041,4536,bound,0.8659435203229896,0.8566826379740387,0.00926088234895095
534.219000000041,4537,bound,0.8659435203229896,0.8566871248520788,0.009256395470910839
534.219000000041,4538,bound,0.8659435203229896,0.8566916367303392,0.00925188359265039
534.219000000041,4539,bound,0.8659435203229896,0.8567046717576137,0.009238848565375934
534.25,4540,bound,0.8659435203229896,0.8567120228731089,0.009231497449880721
534.25,4541,bound,0.8659435203229896,0.8567123160775404,0.00923120424544921
534.280999999959,4542,bound,0.8659435203229896,0.8567197426101821,0.009223777712807468
534.280999999959,4543,bound,0.8659435203229896,0.8567269801600201,0.009216540162969467
534.280999999959,4544,bound,0.8659435203229896,0.8567299454596261,0.009213574863363494
534.3589999997057,4545,bound,0.8659435203229896,0.8567322636500417,0.009211256672947865
534.3589999997057,4546,bound,0.8659435203229896,0.8567406066081342,0.009202913714855376
534.5159999998286,4547,bound,0.8659435203229896,0.856747371184094,0.009196149138895549
534.5159999998286,4548,bound,0.8659435203229896,0.8567491763980055,0.009194343924984083
534.5159999998286,4549,bound,0.8659435203229896,0.856756608012454,0.009186912310535589
534.5159999998286,4550,bound,0.8659435203229896,0.8567621510614633,0.009181369261526351
534.5159999998286,4551,bound,0.8659435203229896,0.8567762722483254,0.00916724807466418
534.561999999918,4552,bound,0.8659435203229896,0.8567767040464046,0.009166816276585
534.561999999918,4553,bound,0.8659435203229896,0.8567914454453079,0.00915207487768166
534.561999999918,4554,bound,0.8659435203229896,0.8567919143217969,0.009151606001192691
534.561999999918,4555,bound,0.8659435203229896,0.8568002009386756,0.009143319384314008
534.561999999918,4556,bound,0.8659435203229896,0.8568012954740271,0.009142224848962544
534.594000000041,4557,bound,0.8659435203229896,0.8568025444321332,0.009140975890856384
534.594000000041,4558,bound,0.8659435203229896,0.8568069798007033,0.009136540522286296
534.594000000041,4559,bound,0.8659435203229896,0.8568115255259667,0.009131994797022869
534.719000000041,4560,bound,0.8659435203229896,0.8568156533808556,0.009127866942133966
534.7659999998286,4561,bound,0.8659435203229896,0.85682016222866,0.009123358094329626
534.7659999998286,4562,bound,0.8659435203229896,0.8568206529813353,0.00912286734165435
534.7659999998286,4563,bound,0.8659435203229896,0.8568227195234746,0.00912080079951505
534.8589999997057,4564,bound,0.8659435203229896,0.8568256366576303,0.009117883665359261
534.8589999997057,4565,bound,0.8659435203229896,0.8568290766959117,0.009114443627077917
534.8589999997057,4566,bound,0.8659435203229896,0.8568356048670803,0.009107915455909277
534.8589999997057,4567,bound,0.8659435203229896,0.856837666240468,0.009105854082521625
534.936999999918,4568,bound,0.8659435203229896,0.856842393805301,0.009101126517688574
534.936999999918,4569,bound,0.8659435203229896,0.8568457847984755,0.009097735524514095
534.936999999918,4570,bound,0.8659435203229896,0.8568554169183437,0.009088103404645942
534.936999999918,4571,bound,0.8659435203229896,0.8568581631933043,0.009085357129685279
535.030999999959,4572,bound,0.8659435203229896,0.8568624062883848,0.009081114034604765
535.030999999959,4573,bound,0.8659435203229896,0.8568771963944266,0.009066323928562992
535.030999999959,4574,bound,0.8659435203229896,0.8568844457185202,0.00905907460446942
535.030999999959,4575,bound,0.8659435203229896,0.8568844567866755,0.009059063536314138
535.030999999959,4576,bound,0.8659435203229896,0.8568862764874894,0.009057243835500217
535.094000000041,4577,bound,0.8659435203229896,0.8568865134458318,0.009057006877157825
535.155999999959,4578,bound,0.8659435203229896,0.8568973716298394,0.009046148693150236
535.155999999959,4579,bound,0.8659435203229896,0.856897620801997,0.00904589952099255
535.155999999959,4580,bound,0.8659435203229896,0.8569129807880372,0.009030539534952364
535.155999999959,4581,bound,0.8659435203229896,0.8569130213935011,0.009030498929488484
535.155999999959,4582,bound,0.8659435203229896,0.8569217687076635,0.009021751615326146
535.155999999959,4583,bound,0.8659435203229896,0.8569258545214642,0.00901766580152541
535.219000000041,4584,bound,0.8659435203229896,0.8569336373742881,0.00900988294870153
535.219000000041,4585,bound,0.8659435203229896,0.8569427217829373,0.009000798540052313
535.219000000041,4586,bound,0.8659435203229896,0.8569492999448991,0.0089942203780905
535.2969999997877,4587,bound,0.8659435203229896,0.8569540474052896,0.008989472917700025
535.2969999997877,4588,bound,0.8659435203229896,0.8569616289827927,0.00898189134019689
535.3589999997057,4589,bound,0.8659435203229896,0.8569663903006488,0.008977130022340796
535.3589999997057,4590,bound,0.8659435203229896,0.8569724239296644,0.008971096393325162
535.3589999997057,4591,bound,0.8659435203229896,0.8569757360057317,0.008967784317257865
535.405999999959,4592,bound,0.8659435203229896,0.8569767715657821,0.008966748757207488
535.405999999959,4593,bound,0.8659435203229896,0.8569823222926717,0.008961198030317918
535.405999999959,4594,bound,0.8659435203229896,0.8569827011316428,0.008960819191346836
535.405999999959,4595,bound,0.8659435203229896,0.856999869779239,0.00894365054375057
535.4839999997057,4596,bound,0.8659435203229896,0.8570037711034307,0.008939749219558868
535.4839999997057,4597,bound,0.8659435203229896,0.8570240966027994,0.008919423720190167
535.4839999997057,4598,bound,0.8659435203229896,0.8570379495894801,0.008905570733509505
535.5159999998286,4599,bound,0.8659435203229896,0.8570409099797138,0.008902610343275774
535.5159999998286,4600,bound,0.8659435203229896,0.8570463822332093,0.008897138089780321
535.5159999998286,4601,bound,0.8659435203229896,0.8570515555278613,0.008891964795128326
535.5159999998286,4602,bound,0.8659435203229896,0.8570521088219362,0.008891411501053437
535.5159999998286,4603,bound,0.8659435203229896,0.8570554583096606,0.008888062013329034
535.5159999998286,4604,bound,0.8659435203229896,0.8570714722035917,0.008872048119397902
535.5469999997877,4605,bound,0.8659435203229896,0.8570779428554902,0.008865577467499386
535.5469999997877,4606,bound,0.8659435203229896,0.8570905457290446,0.008852974593944962
535.5469999997877,4607,bound,0.8659435203229896,0.8570962406030609,0.008847279719928713
535.6409999998286,4608,bound,0.8659435203229896,0.8570987147270746,0.00884480559591505
535.6409999998286,4609,bound,0.8659435203229896,0.8571067800497468,0.008836740273242771
535.7029999997467,4610,bound,0.8659435203229896,0.8571110557211488,0.00883246460184084
535.7029999997467,4611,bound,0.8659435203229896,0.8571124188512089,0.008831101471780678
535.7029999997467,4612,bound,0.8659435203229896,0.857121715552258,0.008821804770731578
535.7029999997467,4613,bound,0.8659435203229896,0.8571265403678037,0.008816979955185933
535.7029999997467,4614,bound,0.8659435203229896,0.8571335421372647,0.008809978185724932
535.7659999998286,4615,bound,0.8659435203229896,0.8571355770825664,0.008807943240423222
535.7659999998286,4616,bound,0.8659435203229896,0.8571364071485738,0.008807113174415848
535.7659999998286,4617,bound,0.8659435203229896,0.8571435352456734,0.008799985077316164
535.7659999998286,4618,bound,0.8659435203229896,0.8571470069915667,0.00879651333142295
535.875,4619,bound,0.8659435203229896,0.857151495241621,0.00879202508136856
535.875,4620,bound,0.8659435203229896,0.8571528577604998,0.008790662562489837
535.875,4621,bound,0.8659435203229896,0.8571597746696067,0.008783745653382913
535.875,4622,bound,0.8659435203229896,0.8571670254539625,0.008776494869027096
535.875,4623,bound,0.8659435203229896,0.8571718580689313,0.008771662254058343
535.9529999997467,4624,bound,0.8659435203229896,0.8571933398802986,0.008750180442691047
535.9529999997467,4625,bound,0.8659435203229896,0.8572091054581958,0.00873441486479376
536.0159999998286,4626,bound,0.8659435203229896,0.8572123677922048,0.008731152530784825
536.0779999997467,4627,bound,0.8659435203229896,0.8572132111008797,0.008730309222109933
536.0779999997467,4628,bound,0.8659435203229896,0.8572184065019961,0.008725113820993502
536.0779999997467,4629,bound,0.8659435203229896,0.8572215323827768,0.008721987940212839
536.0779999997467,4630,bound,0.8659435203229896,0.8572228172963029,0.008720703026686705
536.0779999997467,4631,bound,0.8659435203229896,0.8572257969916806,0.008717723331309046
536.155999999959,4632,bound,0.8659435203229896,0.8572271075250889,0.008716412797900697
536.155999999959,4633,bound,0.8659435203229896,0.8572334516594954,0.00871006866349422
536.155999999959,4634,bound,0.8659435203229896,0.8572348854634356,0.008708634859553976
536.155999999959,4635,bound,0.8659435203229896,0.8572423669916385,0.00870115333135113
536.155999999959,4636,bound,0.8659435203229896,0.8572459537274071,0.008697566595582518
536.1719999997877,4637,bound,0.8659435203229896,0.8572501517868782,0.008693368536111357
536.1719999997877,4638,bound,0.8659435203229896,0.8572506268755464,0.008692893447443173
536.2339999997057,4639,bound,0.8659435203229896,0.8572591639513688,0.008684356371620794
536.2339999997057,4640,bound,0.8659435203229896,0.8572605630058702,0.008682957317119433
536.2339999997057,4641,bound,0.8659435203229896,0.8572626488234485,0.00868087149954111
536.311999999918,4642,bound,0.8659435203229896,0.8572670608064986,0.008676459516490986
536.311999999918,4643,bound,0.8659435203229896,0.8572697271978964,0.008673793125093199
536.311999999918,4644,bound,0.8659435203229896,0.8572759045986358,0.008667615724353817
536.311999999918,4645,bound,0.8659435203229896,0.8572766728951818,0.008666847427807767
536.311999999918,4646,bound,0.8659435203229896,0.8572789865269466,0.008664533796043039
536.311999999918,4647,bound,0.8659435203229896,0.8572790988669582,0.008664421456031413
536.311999999918,4648,bound,0.8659435203229896,0.8572828072354967,0.008660713087492944
536.311999999918,4649,bound,0.8659435203229896,0.8572850642143434,0.00865845610864624
536.3909999998286,4650,bound,0.8659435203229896,0.8572859083687392,0.00865761195425041
536.3909999998286,4651,bound,0.8659435203229896,0.857293293192721,0.00865022713026864
536.3909999998286,4652,bound,0.8659435203229896,0.8572941773332916,0.008649342989697995
536.3909999998286,4653,bound,0.8659435203229896,0.8572964807994696,0.008647039523519973
536.3909999998286,4654,bound,0.8659435203229896,0.8573022414172615,0.008641278905728078
536.3909999998286,4655,bound,0.8659435203229896,0.8573092763121979,0.008634244010791714
536.3909999998286,4656,bound,0.8659435203229896,0.8573435500300064,0.008599970292983206
536.3909999998286,4657,bound,0.8659435203229896,0.8573473662181685,0.008596154104821063
536.3909999998286,4658,bound,0.8659435203229896,0.8573538258759182,0.008589694447071361
536.469000000041,4659,bound,0.8659435203229896,0.857354798050492,0.008588722272497629
536.469000000041,4660,bound,0.8659435203229896,0.8573590130071087,0.008584507315880896
536.469000000041,4661,bound,0.8659435203229896,0.8573626885552916,0.008580831767697972
536.469000000041,4662,bound,0.8659435203229896,0.857366531582755,0.008576988740234603
536.5469999997877,4663,bound,0.8659435203229896,0.8573737946145644,0.00856972570842518
536.5469999997877,4664,bound,0.8659435203229896,0.8573821044890649,0.008561415833924668
536.6089999997057,4665,bound,0.8659435203229896,0.8573853745350133,0.008558145787976312
536.6089999997057,4666,bound,0.8659435203229896,0.8573913120510691,0.008552208271920492
536.6409999998286,4667,bound,0.8659435203229896,0.8573936527140422,0.008549867608947381
536.6409999998286,4668,bound,0.8659435203229896,0.8573938712793736,0.008549649043615992
536.6409999998286,4669,bound,0.8659435203229896,0.8573960748984051,0.008547445424584521
536.6719999997877,4670,bound,0.8659435203229896,0.8574098984352999,0.00853362188768969
536.6719999997877,4671,bound,0.8659435203229896,0.8574226148870472,0.008520905435942416
536.6719999997877,4672,bound,0.8659435203229896,0.857424854579505,0.008518665743484588
536.6719999997877,4673,bound,0.8659435203229896,0.8574305376405373,0.008512982682452264
536.6719999997877,4674,bound,0.8659435203229896,0.8574504109477635,0.008493109375226071
536.7339999997057,4675,bound,0.8659435203229896,0.8574510096622376,0.008492510660751962
536.7339999997057,4676,bound,0.8659435203229896,0.8574651693775428,0.0084783509454468
536.7339999997057,4677,bound,0.8659435203229896,0.8574690370446588,0.00847448327833078
536.7339999997057,4678,bound,0.8659435203229896,0.8574708211017964,0.008472699221193203
536.811999999918,4679,bound,0.8659435203229896,0.8574759455005018,0.008467574822487833
536.811999999918,4680,bound,0.8659435203229896,0.8574819065250358,0.008461613797953849
536.811999999918,4681,bound,0.8659435203229896,0.8574872690305043,0.008456251292485284
536.811999999918,4682,bound,0.8659435203229896,0.8574879242101637,0.00845559611282587
536.844000000041,4683,bound,0.8659435203229896,0.8574893154504608,0.008454204872528792
536.844000000041,4684,bound,0.8659435203229896,0.8575053353347316,0.00843818498825799
536.875,4685,bound,0.8659435203229896,0.8575091150274224,0.00843440529556716
536.875,4686,bound,0.8659435203229896,0.8575109789142673,0.008432541408722294
536.875,4687,bound,0.8659435203229896,0.8575116141761274,0.008431906146862178
536.9529999997467,4688,bound,0.8659435203229896,0.857516309222964,0.008427211100025644
536.9529999997467,4689,bound,0.8659435203229896,0.8575174941204511,0.008426026202538517
536.9529999997467,4690,bound,0.8659435203229896,0.8575180982005142,0.008425422122475434
536.9529999997467,4691,bound,0.8659435203229896,0.8575264514954553,0.008417068827534346
536.9529999997467,4692,bound,0.8659435203229896,0.8575333884317238,0.008410131891265826
537.0469999997877,4693,bound,0.8659435203229896,0.8575441857350017,0.008399334587987917
537.0469999997877,4694,bound,0.8659435203229896,0.8575471661763782,0.00839635414661144
537.0469999997877,4695,bound,0.8659435203229896,0.8575539926481158,0.008389527674873776
537.0469999997877,4696,bound,0.8659435203229896,0.8575588149463571,0.008384705376632495
537.0469999997877,4697,bound,0.8659435203229896,0.8575622615607259,0.0083812587622637
537.0469999997877,4698,bound,0.8659435203229896,0.8575643344653024,0.008379185857687155
537.0469999997877,4699,bound,0.8659435203229896,0.8575816573932789,0.00836186292971075
537.1089999997057,4700,bound,0.8659435203229896,0.8575884325020819,0.008355087820907658
537.186999999918,4701,bound,0.8659435203229896,0.8575905064334951,0.008353013889494498
537.186999999918,4702,bound,0.8659435203229896,0.8575973647277265,0.008346155595263083
537.2969999997877,4703,bound,0.8659435203229896,0.8576092184240259,0.00833430189896367
537.2969999997877,4704,bound,0.8659435203229896,0.8576106238904065,0.008332896432583059
537.2969999997877,4705,bound,0.8659435203229896,0.8576126873563049,0.008330832966684687
537.2969999997877,4706,bound,0.8659435203229896,0.857622650961428,0.008320869361561622
537.2969999997877,4707,bound,0.8659435203229896,0.8576292035442273,0.008314316778762265
537.2969999997877,4708,bound,0.8659435203229896,0.8576331557082266,0.008310364614762977
537.2969999997877,4709,bound,0.8659435203229896,0.857634672666914,0.008308847656075646
537.375,4710,bound,0.8659435203229896,0.8576416230014513,0.008301897321538299
537.375,4711,bound,0.8659435203229896,0.857644705262667,0.008298815060322595
537.375,4712,bound,0.8659435203229896,0.8576482045020521,0.008295315820937454
537.375,4713,bound,0.8659435203229896,0.857652284882751,0.008291235440238576
537.375,4714,bound,0.8659435203229896,0.8576717953906108,0.008271724932378821
537.375,4715,bound,0.8659435203229896,0.8576741033561173,0.008269416966872334
537.436999999918,4716,bound,0.8659435203229896,0.8576808047046593,0.008262715618330252
537.436999999918,4717,bound,0.8659435203229896,0.8576886640638113,0.008254856259178323
537.436999999918,4718,bound,0.8659435203229896,0.8576967439784966,0.008246776344493001
537.436999999918,4719,bound,0.8659435203229896,0.8576990590611466,0.008244461261842972
537.5,4720,bound,0.8659435203229896,0.8577075454533832,0.008235974869606366
537.5,4721,bound,0.8659435203229896,0.8577139608638844,0.008229559459105196
537.561999999918,4722,bound,0.8659435203229896,0.8577173342222782,0.008226186100711352
537.561999999918,4723,bound,0.8659435203229896,0.8577290137234268,0.008214506599562799
537.561999999918,4724,bound,0.8659435203229896,0.8577293083836043,0.008214211939385319
537.561999999918,4725,bound,0.8659435203229896,0.8577324577249213,0.008211062598068253
537.625,4726,bound,0.8659435203229896,0.8577364377607015,0.008207082562288082
537.625,4727,bound,0.8659435203229896,0.8577428288587047,0.008200691464284926
537.686999999918,4728,bound,0.8659435203229896,0.8577492491853677,0.008194271137621945
537.686999999918,4729,bound,0.8659435203229896,0.8577548548810248,0.008188665441964837
537.7659999998286,4730,bound,0.8659435203229896,0.8577569870051647,0.008186533317824929
537.7659999998286,4731,bound,0.8659435203229896,0.8577596617285522,0.008183858594437377
537.7659999998286,4732,bound,0.8659435203229896,0.8577646831922294,0.008178837130760175
537.7659999998286,4733,bound,0.8659435203229896,0.8577717009925587,0.008171819330430874
537.8279999997467,4734,bound,0.8659435203229896,0.8577781220223007,0.008165398300688853
537.8279999997467,4735,bound,0.8659435203229896,0.8577885637646603,0.008154956558329318
537.8279999997467,4736,bound,0.8659435203229896,0.857793032497399,0.00815048782559058
537.8279999997467,4737,bound,0.8659435203229896,0.8578005183714492,0.008143001951540385
537.905999999959,4738,bound,0.8659435203229896,0.8578049105250973,0.008138609797892271
537.936999999918,4739,bound,0.8659435203229896,0.857805623477727,0.00813789684526256
537.936999999918,4740,bound,0.8659435203229896,0.8578137158371287,0.00812980448586087
538.0159999998286,4741,bound,0.8659435203229896,0.8578150684106476,0.008128451912342016
538.0779999997467,4742,bound,0.8659435203229896,0.8578174437838374,0.008126076539152205
538.155999999959,4743,bound,0.8659435203229896,0.8578183595921296,0.008125160730860004
538.155999999959,4744,bound,0.8659435203229896,0.8578204043847758,0.008123115938213799
538.155999999959,4745,bound,0.8659435203229896,0.8578236920759157,0.008119828247073912
538.155999999959,4746,bound,0.8659435203229896,0.8578416722544776,0.008101848068511996
538.219000000041,4747,bound,0.8659435203229896,0.8578572598076645,0.008086260515325128
538.219000000041,4748,bound,0.8659435203229896,0.857861086710492,0.008082433612497608
538.219000000041,4749,bound,0.8659435203229896,0.8578820043294447,0.008061515993544877
538.219000000041,4750,bound,0.8659435203229896,0.8578847046169445,0.008058815706045053
538.2969999997877,4751,bound,0.8659435203229896,0.8579155073158282,0.008028013007161383
538.2969999997877,4752,bound,0.8659435203229896,0.8579293504091696,0.00801416991381998
538.375,4753,bound,0.8659435203229896,0.8579312431847604,0.008012277138229162
538.375,4754,bound,0.8659435203229896,0.8579423308480438,0.008001189474945769
538.375,4755,bound,0.8659435203229896,0.8579533391428827,0.007990181180106859
538.375,4756,bound,0.8659435203229896,0.8579591240501483,0.00798439627284131
538.436999999918,4757,bound,0.8659435203229896,0.8579612286647995,0.007982291658190088
538.436999999918,4758,bound,0.8659435203229896,0.8579652132688503,0.007978307054139266
538.436999999918,4759,bound,0.8659435203229896,0.8579794299698414,0.007964090353148157
538.5,4760,bound,0.8659435203229896,0.857985458900171,0.00795806142281863
538.5779999997467,4761,bound,0.8659435203229896,0.8579986793215071,0.007944841001482517
538.5779999997467,4762,bound,0.8659435203229896,0.8580045324373461,0.007938987885643511
538.5779999997467,4763,bound,0.8659435203229896,0.8580080541897889,0.00793546613320073
538.5779999997467,4764,bound,0.8659435203229896,0.8580296836035619,0.007913836719427692
538.6719999997877,4765,bound,0.8659435203229896,0.8580336752357017,0.00790984508728787
538.6719999997877,4766,bound,0.8659435203229896,0.8580424819680427,0.007901038354946932
538.6719999997877,4767,bound,0.8659435203229896,0.8580453684652143,0.007898151857775315
538.6719999997877,4768,bound,0.8659435203229896,0.8580469377190848,0.0078965826039048
538.6719999997877,4769,bound,0.8659435203229896,0.8580473337360073,0.007896186586982323
538.6719999997877,4770,bound,0.8659435203229896,0.8580526613795737,0.007890858943415902
538.6719999997877,4771,bound,0.8659435203229896,0.8580529197837511,0.007890600539238513
538.75,4772,bound,0.8659435203229896,0.8580640014256538,0.007879518897335847
538.75,4773,bound,0.8659435203229896,0.858075805960198,0.007867714362791656
538.75,4774,bound,0.8659435203229896,0.8580767232598964,0.007866797063093234
538.75,4775,bound,0.8659435203229896,0.8580858746823529,0.007857645640636735
538.75,4776,bound,0.8659435203229896,0.8581013395649314,0.007842180758058204
538.75,4777,bound,0.8659435203229896,0.8581069184567797,0.007836601866209936
538.811999999918,4778,bound,0.8659435203229896,0.8581096850985138,0.007833835224475783
538.811999999918,4779,bound,0.8659435203229896,0.8581130630999818,0.007830457223007792
538.811999999918,4780,bound,0.8659435203229896,0.8581183412047507,0.007825179118238879
538.811999999918,4781,bound,0.8659435203229896,0.8581380339961516,0.007805486326837974
538.8909999998286,4782,bound,0.8659435203229896,0.8581402486157399,0.007803271707249704
538.8909999998286,4783,bound,0.8659435203229896,0.8581404341533251,0.007803086169664519
538.8909999998286,4784,bound,0.8659435203229896,0.8581405539266508,0.007802966396338817
538.8909999998286,4785,bound,0.8659435203229896,0.8581416236839527,0.007801896639036854
538.8909999998286,4786,bound,0.8659435203229896,0.8581442998205245,0.007799220502465065
538.936999999918,4787,bound,0.8659435203229896,0.8581514054309397,0.007792114892049895
538.936999999918,4788,bound,0.8659435203229896,0.8581524156657174,0.007791104657272174
538.936999999918,4789,bound,0.8659435203229896,0.8581569933896317,0.007786526933357907
538.936999999918,4790,bound,0.8659435203229896,0.8581605498066514,0.00778297051633825
538.936999999918,4791,bound,0.8659435203229896,0.858165124487037,0.007778395835952634
539.0,4792,bound,0.8659435203229896,0.8581830366269341,0.007760483696055531
539.0,4793,bound,0.8659435203229896,0.8581874273558989,0.0077560929670906775
539.061999999918,4794,bound,0.8659435203229896,0.8581877543482408,0.007755765974748807
539.061999999918,4795,bound,0.8659435203229896,0.8581922151808669,0.007751305142122744
539.1409999998286,4796,bound,0.8659435203229896,0.8581974786458373,0.0077460416771523155
539.1409999998286,4797,bound,0.8659435203229896,0.8581976780100149,0.0077458423129747045
539.1409999998286,4798,bound,0.8659435203229896,0.8581980335552216,0.007745486767767984
539.2029999997467,4799,bound,0.8659435203229896,0.8582050410922493,0.007738479230740336
539.2029999997467,4800,bound,0.8659435203229896,0.8582075721237505,0.007735948199239062
539.2029999997467,4801,bound,0.8659435203229896,0.8582142897319344,0.007729230591055236
539.2029999997467,4802,bound,0.8659435203229896,0.8582491231508997,0.007694397172089862
539.2029999997467,4803,bound,0.8659435203229896,0.8582492352054352,0.0076942851175544336
539.2659999998286,4804,bound,0.8659435203229896,0.8582588696439053,0.007684650679084304
539.2659999998286,4805,bound,0.8659435203229896,0.8582589862325982,0.007684534090391382
539.2659999998286,4806,bound,0.8659435203229896,0.8582590517694233,0.007684468553566304
539.2659999998286,4807,bound,0.8659435203229896,0.8582617606113189,0.007681759711670733
539.3279999997467,4808,bound,0.8659435203229896,0.8582655337199977,0.007677986602991904
539.3279999997467,4809,bound,0.8659435203229896,0.8582727155349141,0.007670804788075469
539.3909999998286,4810,bound,0.8659435203229896,0.8582785509750068,0.007664969347982775
539.3909999998286,4811,bound,0.8659435203229896,0.8582822650003207,0.007661255322668925
539.3909999998286,4812,bound,0.8659435203229896,0.8582884479514111,0.007655072371578475
539.3909999998286,4813,bound,0.8659435203229896,0.8582894236062734,0.007654096716716241
539.4529999997467,4814,bound,0.8659435203229896,0.8582898951568909,0.007653625166098688
539.4529999997467,4815,bound,0.8659435203229896,0.8582960788085704,0.0076474415144192065
539.4529999997467,4816,bound,0.8659435203229896,0.8583025369508855,0.00764098337210406
539.530999999959,4817,bound,0.8659435203229896,0.8583074537464154,0.00763606657657423
539.530999999959,4818,bound,0.8659435203229896,0.8583118213923806,0.007631698930608999
539.530999999959,4819,bound,0.8659435203229896,0.8583187491572034,0.007624771165786193
539.530999999959,4820,bound,0.8659435203229896,0.8583207427157289,0.007622777607260711
539.594000000041,4821,bound,0.8659435203229896,0.8583212408504971,0.007622279472492499
539.655999999959,4822,bound,0.8659435203229896,0.858321731503414,0.007621788819575648
539.655999999959,4823,bound,0.8659435203229896,0.8583351493517118,0.007608370971277756
539.655999999959,4824,bound,0.8659435203229896,0.8583379785101319,0.0076055418128576635
539.655999999959,4825,bound,0.8659435203229896,0.8583380043159954,0.007605516006994217
539.7339999997057,4826,bound,0.8659435203229896,0.858343849365385,0.0075996709576046095
539.7339999997057,4827,bound,0.8659435203229896,0.8583449682506222,0.0075985520723673705
539.7339999997057,4828,bound,0.8659435203229896,0.8583527123659639,0.007590807957025714
539.7339999997057,4829,bound,0.8659435203229896,0.8583678326965534,0.007575687626436234
539.7339999997057,4830,bound,0.8659435203229896,0.8584176055482021,0.007525914774787479
539.75,4831,bound,0.8659435203229896,0.858418169846992,0.007525350475997561
539.75,4832,bound,0.8659435203229896,0.8584185295674557,0.007524990755533922
539.75,4833,bound,0.8659435203229896,0.8584197900990261,0.007523730223963465
539.75,4834,bound,0.8659435203229896,0.8584216310026238,0.007521889320365793
539.811999999918,4835,bound,0.8659435203229896,0.8584300671515407,0.007513453171448914
539.811999999918,4836,bound,0.8659435203229896,0.8584390742056784,0.007504446117311159
539.811999999918,4837,bound,0.8659435203229896,0.8584400584773307,0.007503461845658865
539.8909999998286,4838,bound,0.8659435203229896,0.8584504444709039,0.0074930758520856955
539.8909999998286,4839,bound,0.8659435203229896,0.8584578729815496,0.007485647341439972
539.8909999998286,4840,bound,0.8659435203229896,0.8584597281293693,0.007483792193620276
539.8909999998286,4841,bound,0.8659435203229896,0.8584671145964471,0.007476405726542512
539.8909999998286,4842,bound,0.8659435203229896,0.8584757500944422,0.007467770228547388
539.8909999998286,4843,bound,0.8659435203229896,0.8584770898417018,0.007466430481287811
539.8909999998286,4844,bound,0.8659435203229896,0.8584860957452057,0.007457424577783867
540.0159999998286,4845,bound,0.8659435203229896,0.8585136375388365,0.00742988278415313
540.0159999998286,4846,bound,0.8659435203229896,0.8585240057572624,0.007419514565727203
540.0779999997467,4847,bound,0.8659435203229896,0.8585299540263835,0.007413566296606056
540.0779999997467,4848,bound,0.8659435203229896,0.858537838956097,0.007405681366892569
540.0779999997467,4849,bound,0.8659435203229896,0.8585411786781413,0.00740234164484832
540.155999999959,4850,bound,0.8659435203229896,0.8585429935484079,0.007400526774581695
540.155999999959,4851,bound,0.8659435203229896,0.85854475446339,0.007398765859599643
540.155999999959,4852,bound,0.8659435203229896,0.8585452666224169,0.007398253700572677
540.155999999959,4853,bound,0.8659435203229896,0.8585566839817645,0.007386836341225056
540.155999999959,4854,bound,0.8659435203229896,0.8585602887190009,0.0073832316039886825
540.155999999959,4855,bound,0.8659435203229896,0.8585613313459433,0.0073821889770463445
540.155999999959,4856,bound,0.8659435203229896,0.8585703402126685,0.007373180110321065
540.2659999998286,4857,bound,0.8659435203229896,0.8585813081683872,0.007362212154602421
540.2659999998286,4858,bound,0.8659435203229896,0.8585867090729473,0.007356811250042283
540.2659999998286,4859,bound,0.8659435203229896,0.8585883697286113,0.007355150594378301
540.2659999998286,4860,bound,0.8659435203229896,0.8585977283105988,0.007345792012390828
540.344000000041,4861,bound,0.8659435203229896,0.8586012144343687,0.007342305888620948
540.344000000041,4862,bound,0.8659435203229896,0.8586071279713794,0.00733639235161021
540.344000000041,4863,bound,0.8659435203229896,0.8586101228022692,0.007333397520720375
540.344000000041,4864,bound,0.8659435203229896,0.8586221408278448,0.007321379495144775
540.344000000041,4865,bound,0.8659435203229896,0.8586368505126138,0.007306669810375754
540.344000000041,4866,bound,0.8659435203229896,0.8586411541276993,0.007302366195290344
540.405999999959,4867,bound,0.8659435203229896,0.8586495349192639,0.007293985403725722
540.405999999959,4868,bound,0.8659435203229896,0.8586622747230127,0.007281245599976893
540.405999999959,4869,bound,0.8659435203229896,0.8586690649811498,0.007274455341839792
540.405999999959,4870,bound,0.8659435203229896,0.8586802289340834,0.007263291388906246
540.405999999959,4871,bound,0.8659435203229896,0.8586824975570219,0.0072610227659677395
540.5159999998286,4872,bound,0.8659435203229896,0.8586957554032123,0.0072477649197773
540.5159999998286,4873,bound,0.8659435203229896,0.8586996780567664,0.0072438422662232105
540.5159999998286,4874,bound,0.8659435203229896,0.8587169780291584,0.00722654229383124
540.5159999998286,4875,bound,0.8659435203229896,0.8587240381385816,0.007219482184408044
540.5159999998286,4876,bound,0.8659435203229896,0.8587293637252276,0.007214156597762034
540.5159999998286,4877,bound,0.8659435203229896,0.858743020043453,0.007200500279536559
540.5159999998286,4878,bound,0.8659435203229896,0.8587436027068422,0.0071999176161473555
540.5159999998286,4879,bound,0.8659435203229896,0.8587493296169146,0.0071941907060749655
540.5159999998286,4880,bound,0.8659435203229896,0.8587515304582631,0.007191989864726467
540.5159999998286,4881,bound,0.8659435203229896,0.85876705397673,0.007176466346259569
540.5779999997467,4882,bound,0.8659435203229896,0.8587672949517731,0.007176225371216538
540.5779999997467,4883,bound,0.8659435203229896,0.8587737667116722,0.007169753611317442
540.5779999997467,4884,bound,0.8659435203229896,0.858780836251733,0.007162684071256642
540.5779999997467,4885,bound,0.8659435203229896,0.8587837805784224,0.007159739744567184
540.5779999997467,4886,bound,0.8659435203229896,0.8588046694433725,0.007138850879617076
540.5779999997467,4887,bound,0.8659435203229896,0.8588060703057498,0.007137450017239755
540.625,4888,bound,0.8659435203229896,0.8588343458592798,0.007109174463709844
540.625,4889,bound,0.8659435203229896,0.8588476263310867,0.007095893991902913
540.625,4890,bound,0.8659435203229896,0.8588552717621089,0.00708824856088075
540.625,4891,bound,0.8659435203229896,0.8588607585421484,0.007082761780841218
540.625,4892,bound,0.8659435203229896,0.8588694339867974,0.00707408633619222
540.625,4893,bound,0.8659435203229896,0.8588713466966906,0.007072173626298972
540.7029999997467,4894,bound,0.8659435203229896,0.8588739325600742,0.007069587762915441
540.7029999997467,4895,bound,0.8659435203229896,0.8588822603596592,0.007061259963330402
540.7029999997467,4896,bound,0.8659435203229896,0.8588918862479717,0.007051634075017854
540.7029999997467,4897,bound,0.8659435203229896,0.8588988155155939,0.007044704807395719
540.7029999997467,4898,bound,0.8659435203229896,0.8589033329642454,0.007040187358744232
540.7029999997467,4899,bound,0.8659435203229896,0.8589215142917246,0.007022006031265016
540.75,4900,bound,0.8659435203229896,0.8589274430482421,0.007016077274747512
540.75,4901,bound,0.8659435203229896,0.8589283032206012,0.007015217102388394
540.75,4902,bound,0.8659435203229896,0.8589432944453245,0.007000225877665134
540.75,4903,bound,0.8659435203229896,0.858945703701381,0.006997816621608588
540.75,4904,bound,0.8659435203229896,0.858953987107835,0.006989533215154609
540.75,4905,bound,0.8659435203229896,0.8589807585627525,0.006962761760237135
540.811999999918,4906,bound,0.8659435203229896,0.8589844419391849,0.006959078383804718
540.811999999918,4907,bound,0.8659435203229896,0.8589961393417381,0.006947380981251472
540.811999999918,4908,bound,0.8659435203229896,0.8590064583107635,0.006937062012226103
540.8909999998286,4909,bound,0.8659435203229896,0.8590086642893622,0.006934856033627423
540.8909999998286,4910,bound,0.8659435203229896,0.8590146406874705,0.006928879635519136
540.8909999998286,4911,bound,0.8659435203229896,0.8590270610593512,0.006916459263638375
540.8909999998286,4912,bound,0.8659435203229896,0.8590391069391696,0.006904413383819974
540.9529999997467,4913,bound,0.8659435203229896,0.8590414164015951,0.0069021039213944535
540.9529999997467,4914,bound,0.8659435203229896,0.8590491666771454,0.006894353645844231
541.0159999998286,4915,bound,0.8659435203229896,0.8590541662897924,0.006889354033197237
541.125,4916,bound,0.8659435203229896,0.8590669687186627,0.006876551604326875
541.125,4917,bound,0.8659435203229896,0.859075676412697,0.006867843910292604
541.125,4918,bound,0.8659435203229896,0.8590875453454462,0.006855974977543422
541.125,4919,bound,0.8659435203229896,0.8590911631704363,0.006852357152553279
541.125,4920,bound,0.8659435203229896,0.8590953804923216,0.00684813983066801
541.2029999997467,4921,bound,0.8659435203229896,0.8590994074640543,0.0068441128589352695
541.2029999997467,4922,bound,0.8659435203229896,0.859118612906699,0.006824907416290604
541.2029999997467,4923,bound,0.8659435203229896,0.85911948761168,0.006824032711309602
541.280999999959,4924,bound,0.8659435203229896,0.8591198746901676,0.006823645632822006
541.280999999959,4925,bound,0.8659435203229896,0.8591210383711364,0.006822481951853199
541.280999999959,4926,bound,0.8659435203229896,0.8591265151192736,0.006817005203715976
541.280999999959,4927,bound,0.8659435203229896,0.8591272912466601,0.006816229076329505
541.280999999959,4928,bound,0.8659435203229896,0.8591399945629036,0.006803525760086027
541.344000000041,4929,bound,0.8659435203229896,0.8591432544217298,0.0068002659012598166
541.344000000041,4930,bound,0.8659435203229896,0.8591490600861353,0.006794460236854261
541.405999999959,4931,bound,0.8659435203229896,0.8591538270285738,0.006789693294415811
541.405999999959,4932,bound,0.8659435203229896,0.8591564086862599,0.006787111636729737
541.4839999997057,4933,bound,0.8659435203229896,0.8591601360360072,0.006783384286982441
541.4839999997057,4934,bound,0.8659435203229896,0.8591612890309305,0.0067822312920591266
541.4839999997057,4935,bound,0.8659435203229896,0.8591637753260164,0.006779744996973203
541.4839999997057,4936,bound,0.8659435203229896,0.8591670551943381,0.006776465128651488
541.4839999997057,4937,bound,0.8659435203229896,0.8591812844316672,0.00676223589132241
541.4839999997057,4938,bound,0.8659435203229896,0.8591854383261674,0.006758081996822152
541.4839999997057,4939,bound,0.8659435203229896,0.8591923990759672,0.006751121247022374
541.4839999997057,4940,bound,0.8659435203229896,0.8591961714653041,0.0067473488576854646
541.561999999918,4941,bound,0.8659435203229896,0.8591999292113046,0.006743591111684988
541.561999999918,4942,bound,0.8659435203229896,0.859201849738244,0.006741670584745618
541.561999999918,4943,bound,0.8659435203229896,0.8592021895188596,0.006741330804129975
541.561999999918,4944,bound,0.8659435203229896,0.8592188820865493,0.006724638236440317
541.561999999918,4945,bound,0.8659435203229896,0.8592208483457905,0.006722671977199113
541.561999999918,4946,bound,0.8659435203229896,0.8592209751672414,0.006722545155748216
541.561999999918,4947,bound,0.8659435203229896,0.8592309574537844,0.006712562869205185
541.561999999918,4948,bound,0.8659435203229896,0.8592316246236129,0.006711895699376691
541.561999999918,4949,bound,0.8659435203229896,0.8592320397595524,0.006711480563437178
541.561999999918,4950,bound,0.8659435203229896,0.8592354108232241,0.006708109499765524
541.625,4951,bound,0.8659435203229896,0.8592452776585164,0.006698242664473164
541.625,4952,bound,0.8659435203229896,0.8592561453629272,0.006687374960062442
541.7029999997467,4953,bound,0.8659435203229896,0.859257552966508,0.006685967356481637
541.7029999997467,4954,bound,0.8659435203229896,0.8592583385787703,0.006685181744219282
541.7029999997467,4955,bound,0.8659435203229896,0.8592685119741145,0.006675008348875133
541.7659999998286,4956,bound,0.8659435203229896,0.859274829271083,0.0066686910519065945
541.7659999998286,4957,bound,0.8659435203229896,0.8592814329292153,0.006662087393774274
541.7659999998286,4958,bound,0.8659435203229896,0.8592881133691861,0.006655406953803511
541.7659999998286,4959,bound,0.8659435203229896,0.8592941575084012,0.006649362814588389
541.8279999997467,4960,bound,0.8659435203229896,0.8593000992764585,0.0066434210465311505
541.8279999997467,4961,bound,0.8659435203229896,0.8593103665460092,0.006633153776980372
541.8279999997467,4962,bound,0.8659435203229896,0.8593136145248593,0.006629905798130276
541.8909999998286,4963,bound,0.8659435203229896,0.8593186957931808,0.006624824529808837
541.8909999998286,4964,bound,0.8659435203229896,0.8593203793095713,0.006623141013418321
541.8909999998286,4965,bound,0.8659435203229896,0.8593227647148162,0.006620755608173434
541.8909999998286,4966,bound,0.8659435203229896,0.8593259990420437,0.006617521280945948
541.8909999998286,4967,bound,0.8659435203229896,0.8593269284413806,0.006616591881609013
541.8909999998286,4968,bound,0.8659435203229896,0.8593288566271227,0.00661466369586694
541.8909999998286,4969,bound,0.8659435203229896,0.859331006121904,0.006612514201085551
541.9529999997467,4970,bound,0.8659435203229896,0.8593323176730845,0.006611202649905112
541.9529999997467,4971,bound,0.8659435203229896,0.8593391807560049,0.006604339566984696
541.9529999997467,4972,bound,0.8659435203229896,0.8593522604366003,0.006591259886389311
541.9529999997467,4973,bound,0.8659435203229896,0.8593627815259506,0.006580738797039021
541.9529999997467,4974,bound,0.8659435203229896,0.8593650518200967,0.006578468502892898
542.0159999998286,4975,bound,0.8659435203229896,0.8593752678289884,0.00656825249400117
542.0159999998286,4976,bound,0.8659435203229896,0.8593768775739884,0.006566642749001206
542.1089999997057,4977,bound,0.8659435203229896,0.8593776214058683,0.006565898917121338
542.1089999997057,4978,bound,0.8659435203229896,0.8593800280716452,0.006563492251344449
542.1089999997057,4979,bound,0.8659435203229896,0.8593801567752168,0.00656336354777276
542.1089999997057,4980,bound,0.8659435203229896,0.859385626758885,0.006557893564104633
542.1719999997877,4981,bound,0.8659435203229896,0.8593996290065542,0.006543891316435402
542.1719999997877,4982,bound,0.8659435203229896,0.8594075112229446,0.006536009100045037
542.1719999997877,4983,bound,0.8659435203229896,0.8594083378677151,0.006535182455274513
542.1719999997877,4984,bound,0.8659435203229896,0.8594138120569484,0.0065297082660411565
542.2339999997057,4985,bound,0.8659435203229896,0.8594144238682805,0.006529096454709116
542.2339999997057,4986,bound,0.8659435203229896,0.8594286171327539,0.006514903190235732
542.2339999997057,4987,bound,0.8659435203229896,0.859435838156713,0.006507682166276618
542.2339999997057,4988,bound,0.8659435203229896,0.8594815445143889,0.006461975808600751
542.2339999997057,4989,bound,0.8659435203229896,0.8594816690998952,0.006461851223094395
542.2339999997057,4990,bound,0.8659435203229896,0.8594949436093018,0.006448576713687815
542.2339999997057,4991,bound,0.8659435203229896,0.8595056246104924,0.006437895712497199
542.311999999918,4992,bound,0.8659435203229896,0.8595131405062338,0.00643037981675576
542.311999999918,4993,bound,0.8659435203229896,0.8595137276609056,0.0064297926620839885
542.311999999918,4994,bound,0.8659435203229896,0.8595153296516276,0.006428190671362022
542.375,4995,bound,0.8659435203229896,0.8595158768015915,0.00642764352139813
542.375,4996,bound,0.8659435203229896,0.85951685178753,0.00642666853545959
542.375,4997,bound,0.8659435203229896,0.8595203522995397,0.006423168023449888
542.375,4998,bound,0.8659435203229896,0.8595263337248729,0.006417186598116742
542.375,4999,bound,0.8659435203229896,0.8595287524802189,0.00641476784277073
542.530999999959,5000,bound,0.8659435203229896,0.859539177045826,0.006404343277163549
542.530999999959,5001,bound,0.8659435203229896,0.859550709505258,0.006392810817731576
542.530999999959,5002,bound,0.8659435203229896,0.8595518411128256,0.006391679210164036
542.530999999959,5003,bound,0.8659435203229896,0.8595603093915588,0.006383210931430794
542.530999999959,5004,bound,0.8659435203229896,0.8595734978475792,0.0063700224754104084
542.530999999959,5005,bound,0.8659435203229896,0.8595931219677984,0.006350398355191245
542.5779999997467,5006,bound,0.8659435203229896,0.8596102587959684,0.006333261527021183
542.5779999997467,5007,bound,0.8659435203229896,0.859612943728918,0.006330576594071546
542.5779999997467,5008,bound,0.8659435203229896,0.8596171706874652,0.006326349635524364
542.5779999997467,5009,bound,0.8659435203229896,0.8596193065313593,0.006324213791630284
542.655999999959,5010,bound,0.8659435203229896,0.8596299152371346,0.00631360508585499
542.655999999959,5011,bound,0.8659435203229896,0.8596364182618423,0.006307102061147263
542.655999999959,5012,bound,0.8659435203229896,0.8596411100959033,0.00630241022708633
542.655999999959,5013,bound,0.8659435203229896,0.8596423413268933,0.006301178996096279
542.655999999959,5014,bound,0.8659435203229896,0.8596515778458602,0.006291942477129386
542.719000000041,5015,bound,0.8659435203229896,0.8596583208778413,0.006285199445148271
542.7969999997877,5016,bound,0.8659435203229896,0.8596666773885935,0.006276842934396121
542.7969999997877,5017,bound,0.8659435203229896,0.8596681564071941,0.006275363915795529
542.7969999997877,5018,bound,0.8659435203229896,0.8596761294333137,0.006267390889675872
542.7969999997877,5019,bound,0.8659435203229896,0.8596774409059339,0.006266079417055703
542.7969999997877,5020,bound,0.8659435203229896,0.8596819518519426,0.006261568471046974
542.7969999997877,5021,bound,0.8659435203229896,0.8596840975169547,0.0062594228060348645
542.8589999997057,5022,bound,0.8659435203229896,0.859697467795228,0.006246052527761559
542.8589999997057,5023,bound,0.8659435203229896,0.8597024909161273,0.006241029406862331
542.8589999997057,5024,bound,0.8659435203229896,0.8597108413276635,0.006232678995326091
542.8589999997057,5025,bound,0.8659435203229896,0.8597300483644092,0.006213471958580352
542.8589999997057,5026,bound,0.8659435203229896,0.8597324883882821,0.006211031934707512
542.9219999997877,5027,bound,0.8659435203229896,0.8597482585708595,0.006195261752130143
542.9219999997877,5028,bound,0.8659435203229896,0.8597497335762022,0.006193786746787389
542.9219999997877,5029,bound,0.8659435203229896,0.8597521141183715,0.006191406204618111
542.9219999997877,5030,bound,0.8659435203229896,0.859765659900793,0.0061778604221965905
542.9219999997877,5031,bound,0.8659435203229896,0.8597791342541173,0.006164386068872263
542.9219999997877,5032,bound,0.8659435203229896,0.8598024245645706,0.006141095758419035
542.9219999997877,5033,bound,0.8659435203229896,0.8598024274965771,0.006141092826412509
542.9219999997877,5034,bound,0.8659435203229896,0.8598073185597889,0.006136201763200733
542.9839999997057,5035,bound,0.8659435203229896,0.8598273886184444,0.006116131704545169
542.9839999997057,5036,bound,0.8659435203229896,0.8598288511206418,0.006114669202347822
543.061999999918,5037,bound,0.8659435203229896,0.8598344796452205,0.006109040677769073
543.061999999918,5038,bound,0.8659435203229896,0.8598460748953557,0.006097445427633907
543.061999999918,5039,bound,0.8659435203229896,0.859848614681669,0.006094905641320647
543.061999999918,5040,bound,0.8659435203229896,0.859852483234329,0.006091037088660656
543.061999999918,5041,bound,0.8659435203229896,0.8598528210722031,0.006090699250786535
543.061999999918,5042,bound,0.8659435203229896,0.8598565322520697,0.0060869880709198965
543.061999999918,5043,bound,0.8659435203229896,0.8598834677974446,0.006060052525544979
543.061999999918,5044,bound,0.8659435203229896,0.8598880805175508,0.006055439805438767
543.125,5045,bound,0.8659435203229896,0.8598962842958163,0.006047236027173275
543.125,5046,bound,0.8659435203229896,0.8599003218835632,0.006043198439426356
543.125,5047,bound,0.8659435203229896,0.8599082812329611,0.006035239090028455
543.125,5048,bound,0.8659435203229896,0.8599092734922046,0.006034246830785017
543.125,5049,bound,0.8659435203229896,0.8599176418258975,0.00602587849709213
543.125,5050,bound,0.8659435203229896,0.859921389791349,0.006022130531640579
543.186999999918,5051,bound,0.8659435203229896,0.8599226594865941,0.006020860836395525
543.186999999918,5052,bound,0.8659435203229896,0.8599379832940435,0.0060055370289461285
543.186999999918,5053,bound,0.8659435203229896,0.8599470799878004,0.0059964403351892015
543.2659999998286,5054,bound,0.8659435203229896,0.8599493676248134,0.005994152698176158
543.2659999998286,5055,bound,0.8659435203229896,0.8599498099604614,0.00599371036252816
543.2659999998286,5056,bound,0.8659435203229896,0.859954928947221,0.0059885913757685705
543.3589999997057,5057,bound,0.8659435203229896,0.8599641843288985,0.005979335994091062
543.3589999997057,5058,bound,0.8659435203229896,0.8599698465923439,0.005973673730645723
543.3589999997057,5059,bound,0.8659435203229896,0.8599752325147539,0.005968287808235662
543.3589999997057,5060,bound,0.8659435203229896,0.8599816471800336,0.005961873142956042
543.3589999997057,5061,bound,0.8659435203229896,0.8599818485252703,0.005961671797719337
543.3589999997057,5062,bound,0.8659435203229896,0.859983272779551,0.0059602475434386015
543.3589999997057,5063,bound,0.8659435203229896,0.8599938271705123,0.005949693152477287
543.3589999997057,5064,bound,0.8659435203229896,0.8599953329840605,0.005948187338929101
543.3589999997057,5065,bound,0.8659435203229896,0.8600124846820305,0.0059310356409590925
543.3589999997057,5066,bound,0.8659435203229896,0.8600181884783094,0.005925331844680248
543.3589999997057,5067,bound,0.8659435203229896,0.860029247048432,0.005914273274557624
543.3589999997057,5068,bound,0.8659435203229896,0.8600323046506809,0.005911215672308678
543.4219999997877,5069,bound,0.8659435203229896,0.8600337145080785,0.005909805814911073
543.4219999997877,5070,bound,0.8659435203229896,0.8600369007082332,0.005906619614756359
543.4219999997877,5071,bound,0.8659435203229896,0.8600376080730923,0.005905912249897338
543.4219999997877,5072,bound,0.8659435203229896,0.8600430170133411,0.00590050330964853
543.4219999997877,5073,bound,0.8659435203229896,0.8600447236382575,0.005898796684732144
543.4219999997877,5074,bound,0.8659435203229896,0.8600471696260776,0.005896350696911967
543.5,5075,bound,0.8659435203229896,0.8600528013967425,0.0058907189262471515
543.5,5076,bound,0.8659435203229896,0.860058714170415,0.005884806152574584
543.5,5077,bound,0.8659435203229896,0.860081004875837,0.00586251544715255
543.5,5078,bound,0.8659435203229896,0.8600863883103469,0.005857132012642707
543.6089999997057,5079,bound,0.8659435203229896,0.8600905104913708,0.0058530098316188495
543.6089999997057,5080,bound,0.8659435203229896,0.8600941277593355,0.005849392563654132
543.6089999997057,5081,bound,0.8659435203229896,0.8601053349119246,0.005838185411064956
543.6089999997057,5082,bound,0.8659435203229896,0.8601061598732005,0.0058373604497891085
543.6719999997877,5083,bound,0.8659435203229896,0.8601102150509519,0.0058333052720377365
543.6719999997877,5084,bound,0.8659435203229896,0.8601292380162779,0.00581428230671166
543.6719999997877,5085,bound,0.8659435203229896,0.8601522371911111,0.0057912831318784885
543.6719999997877,5086,bound,0.8659435203229896,0.8601642085908516,0.0057793117321379706
543.75,5087,bound,0.8659435203229896,0.8601694358796841,0.005774084443305516
543.75,5088,bound,0.8659435203229896,0.8601728300644893,0.0057706902585002995
543.75,5089,bound,0.8659435203229896,0.8601731679407173,0.0057703523822723035
543.75,5090,bound,0.8659435203229896,0.8601939124020582,0.005749607920931377
543.75,5091,bound,0.8659435203229896,0.8602023552717517,0.005741165051237895
543.75,5092,bound,0.8659435203229896,0.8602056150300951,0.0057379052928945296
543.75,5093,bound,0.8659435203229896,0.8602092011163538,0.005734319206635807
543.75,5094,bound,0.8659435203229896,0.8602134897774623,0.005730030545527343
543.780999999959,5095,bound,0.8659435203229896,0.8602256621472344,0.005717858175755208
543.780999999959,5096,bound,0.8659435203229896,0.8602354397345549,0.00570808058843475
543.780999999959,5097,bound,0.8659435203229896,0.8602402921188039,0.005703228204185673
543.780999999959,5098,bound,0.8659435203229896,0.8602411396961192,0.005702380626870451
543.8589999997057,5099,bound,0.8659435203229896,0.8602520541523869,0.005691466170602677
543.8589999997057,5100,bound,0.8659435203229896,0.8603039853529986,0.0056395349699910335
543.8589999997057,5101,bound,0.8659435203229896,0.8603047368200121,0.005638783502977529
543.8589999997057,5102,bound,0.8659435203229896,0.860305205861313,0.005638314461676619
543.8589999997057,5103,bound,0.8659435203229896,0.8603160190596219,0.005627501263367751
543.8589999997057,5104,bound,0.8659435203229896,0.8603383891600711,0.0056051311629184974
543.8589999997057,5105,bound,0.8659435203229896,0.860344355255405,0.005599165067584622
543.9529999997467,5106,bound,0.8659435203229896,0.8603744203390128,0.005569099983976811
543.9529999997467,5107,bound,0.8659435203229896,0.86037860237418,0.0055649179488096445
543.9529999997467,5108,bound,0.8659435203229896,0.8603830324067524,0.0055604879162372
543.9529999997467,5109,bound,0.8659435203229896,0.8603866962714376,0.005556824051552001
543.9529999997467,5110,bound,0.8659435203229896,0.8604136936149723,0.005529826708017271
543.9529999997467,5111,bound,0.8659435203229896,0.8604209484618965,0.005522571861093062
543.9529999997467,5112,bound,0.8659435203229896,0.8604212450541839,0.005522275268805665
544.030999999959,5113,bound,0.8659435203229896,0.8604372958157112,0.0055062245072784455
544.030999999959,5114,bound,0.8659435203229896,0.8604395091852761,0.005504011137713483
544.030999999959,5115,bound,0.8659435203229896,0.8604483212585265,0.005495199064463052
544.030999999959,5116,bound,0.8659435203229896,0.8604578965194418,0.005485623803547779
544.030999999959,5117,bound,0.8659435203229896,0.8604713796601915,0.005472140662798108
544.030999999959,5118,bound,0.8659435203229896,0.860473673639709,0.005469846683280655
544.030999999959,5119,bound,0.8659435203229896,0.8604754974977804,0.005468022825209196
544.1089999997057,5120,bound,0.8659435203229896,0.8604773431649798,0.005466177158009788
544.1089999997057,5121,bound,0.8659435203229896,0.860487259436222,0.00545626088676765
544.1089999997057,5122,bound,0.8659435203229896,0.8604988570894577,0.005444663233531877
544.155999999959,5123,bound,0.8659435203229896,0.8605216243006121,0.005421896022377526
544.155999999959,5124,bound,0.8659435203229896,0.8605246006611655,0.005418919661824062
544.155999999959,5125,bound,0.8659435203229896,0.8605562074089185,0.0053873129140711296
544.155999999959,5126,bound,0.8659435203229896,0.860574183516851,0.005369336806138603
544.155999999959,5127,bound,0.8659435203229896,0.860599926836185,0.0053435934868045765
544.155999999959,5128,bound,0.8659435203229896,0.8606021886262022,0.00534133169678741
544.2339999997057,5129,bound,0.8659435203229896,0.8606041371481594,0.005339383174830181
544.2339999997057,5130,bound,0.8659435203229896,0.8606247187759519,0.005318801547037677
544.2339999997057,5131,bound,0.8659435203229896,0.8606306338191151,0.005312886503874514
544.2339999997057,5132,bound,0.8659435203229896,0.8606400007099904,0.005303519612999241
544.2339999997057,5133,bound,0.8659435203229896,0.8606591293891721,0.0052843909338174955
544.2339999997057,5134,bound,0.8659435203229896,0.8606672489928011,0.005276271330188487
544.2339999997057,5135,bound,0.8659435203229896,0.8606686844948102,0.005274835828179447
544.2339999997057,5136,bound,0.8659435203229896,0.8606748628184786,0.0052686575045109985
544.2339999997057,5137,bound,0.8659435203229896,0.8606856159672146,0.0052579043557750005
544.2339999997057,5138,bound,0.8659435203229896,0.8606895825878573,0.005253937735132275
544.2339999997057,5139,bound,0.8659435203229896,0.8606924373062463,0.005251083016743263
544.2659999998286,5140,bound,0.8659435203229896,0.8606934358607244,0.005250084462265159
544.2659999998286,5141,bound,0.8659435203229896,0.860722349736609,0.005221170586380608
544.2659999998286,5142,bound,0.8659435203229896,0.860726013172825,0.005217507150164558
544.3589999997057,5143,bound,0.8659435203229896,0.8607349467858386,0.0052085735371509845
544.3589999997057,5144,bound,0.8659435203229896,0.860736085582745,0.005207434740244654
544.3589999997057,5145,bound,0.8659435203229896,0.8607410530418608,0.005202467281128831
544.3589999997057,5146,bound,0.8659435203229896,0.860748567697678,0.005194952625311555
544.3589999997057,5147,bound,0.8659435203229896,0.8607609169239312,0.005182603399058405
544.3589999997057,5148,bound,0.8659435203229896,0.8607744829541073,0.005169037368882301
544.469000000041,5149,bound,0.8659435203229896,0.8607804520926918,0.005163068230297774
544.469000000041,5150,bound,0.8659435203229896,0.8607937969551729,0.0051497233678167165
544.469000000041,5151,bound,0.8659435203229896,0.8607977246376866,0.005145795685303045
544.469000000041,5152,bound,0.8659435203229896,0.8608063302907586,0.005137190032231009
544.469000000041,5153,bound,0.8659435203229896,0.8608100395242748,0.005133480798714785
544.469000000041,5154,bound,0.8659435203229896,0.8608159716793389,0.005127548643650726
544.469000000041,5155,bound,0.8659435203229896,0.860817274955099,0.005126245367890636
544.469000000041,5156,bound,0.8659435203229896,0.8608228513633353,0.005120668959654351
544.469000000041,5157,bound,0.8659435203229896,0.8608360435245499,0.005107476798439703
544.469000000041,5158,bound,0.8659435203229896,0.8608390726432477,0.005104447679741941
544.469000000041,5159,bound,0.8659435203229896,0.8608492164489807,0.0050943038740088875
544.5469999997877,5160,bound,0.8659435203229896,0.8608553739954673,0.005088146327522303
544.5469999997877,5161,bound,0.8659435203229896,0.8608582360776339,0.0050852842453557034
544.5469999997877,5162,bound,0.8659435203229896,0.8608615863262663,0.005081933996723298
544.5779999997467,5163,bound,0.8659435203229896,0.8608718051811829,0.00507171514180671
544.5779999997467,5164,bound,0.8659435203229896,0.8608739254996548,0.0050695948233348
544.5779999997467,5165,bound,0.8659435203229896,0.8608764584199956,0.005067061902993997
544.5779999997467,5166,bound,0.8659435203229896,0.8609024017755256,0.00504111854746403
544.5779999997467,5167,bound,0.8659435203229896,0.8609107887677755,0.005032731555214109
544.6409999998286,5168,bound,0.8659435203229896,0.8609125850478194,0.005030935275170179
544.719000000041,5169,bound,0.8659435203229896,0.8609189020941623,0.005024618228827271
544.719000000041,5170,bound,0.8659435203229896,0.8609225502137942,0.005020970109195444
544.719000000041,5171,bound,0.8659435203229896,0.8609243384279859,0.0050191818950037215
544.780999999959,5172,bound,0.8659435203229896,0.8609274019850854,0.005016118337904163
544.780999999959,5173,bound,0.8659435203229896,0.8609302604124861,0.005013259910503498
544.780999999959,5174,bound,0.8659435203229896,0.8609456011540262,0.004997919168963416
544.780999999959,5175,bound,0.8659435203229896,0.8609481647334996,0.004995355589490047
544.8589999997057,5176,bound,0.8659435203229896,0.860949123938796,0.004994396384193633
544.8589999997057,5177,bound,0.8659435203229896,0.8609505119040597,0.004993008418929912
544.8589999997057,5178,bound,0.8659435203229896,0.8609565035639314,0.004987016759058216
544.8589999997057,5179,bound,0.8659435203229896,0.8609712908390326,0.004972229483957036
544.9219999997877,5180,bound,0.8659435203229896,0.8609756941753336,0.004967826147656007
544.9219999997877,5181,bound,0.8659435203229896,0.8609820798785025,0.004961440444487097
544.9219999997877,5182,bound,0.8659435203229896,0.8609942983010561,0.004949222021933486
544.9219999997877,5183,bound,0.8659435203229896,0.8609969002461315,0.004946620076858088
544.9219999997877,5184,bound,0.8659435203229896,0.8609974476053713,0.004946072717618266
544.9219999997877,5185,bound,0.8659435203229896,0.8610087788111948,0.004934741511794849
544.9219999997877,5186,bound,0.8659435203229896,0.8610093316002607,0.004934188722728883
544.9839999997057,5187,bound,0.8659435203229896,0.8610264181861972,0.004917102136792417
544.9839999997057,5188,bound,0.8659435203229896,0.8610272468340692,0.004916273488920431
544.9839999997057,5189,bound,0.8659435203229896,0.8610281242876182,0.004915396035371389
544.9839999997057,5190,bound,0.8659435203229896,0.8610520363658698,0.004891483957119802
544.9839999997057,5191,bound,0.8659435203229896,0.8610830498780583,0.00486047044493132
545.0779999997467,5192,bound,0.8659435203229896,0.8610982778845927,0.004845242438396902
545.0779999997467,5193,bound,0.8659435203229896,0.861112461555225,0.004831058767764573
545.0779999997467,5194,bound,0.8659435203229896,0.861151160971773,0.00479235935121658
545.0779999997467,5195,bound,0.8659435203229896,0.86117239084084,0.004771129482149639
545.0779999997467,5196,bound,0.8659435203229896,0.8611754889589838,0.004768031364005831
545.0779999997467,5197,bound,0.8659435203229896,0.8611847797274778,0.004758740595511846
545.0779999997467,5198,bound,0.8659435203229896,0.8612023109230588,0.004741209399930835
545.0779999997467,5199,bound,0.8659435203229896,0.8612170682154059,0.004726452107583712
545.0779999997467,5200,bound,0.8659435203229896,0.8612257947446077,0.004717725578381904
545.155999999959,5201,bound,0.8659435203229896,0.8612402216971817,0.004703298625807872
545.155999999959,5202,bound,0.8659435203229896,0.8612446143641617,0.004698905958827937
545.155999999959,5203,bound,0.8659435203229896,0.8612568536136208,0.004686666709368792
545.2339999997057,5204,bound,0.8659435203229896,0.8612653209663411,0.0046781993566484825
545.2339999997057,5205,bound,0.8659435203229896,0.8612672142346179,0.004676306088371662
545.2339999997057,5206,bound,0.8659435203229896,0.861268824486738,0.0046746958362515745
545.2339999997057,5207,bound,0.8659435203229896,0.8612800257290572,0.004663494593932449
545.2339999997057,5208,bound,0.8659435203229896,0.8612929460780829,0.004650574244906669
545.2339999997057,5209,bound,0.8659435203229896,0.861299792229779,0.004643728093210564
545.2339999997057,5210,bound,0.8659435203229896,0.8613188545860025,0.004624665736987055
545.2339999997057,5211,bound,0.8659435203229896,0.8613229480831794,0.004620572239810161
545.311999999918,5212,bound,0.8659435203229896,0.8613463041057785,0.0045972162172110975
545.311999999918,5213,bound,0.8659435203229896,0.8613583128609827,0.004585207462006857
545.311999999918,5214,bound,0.8659435203229896,0.8613619751886098,0.004581545134379805
545.311999999918,5215,bound,0.8659435203229896,0.8613659662082804,0.00457755411470917
545.3909999998286,5216,bound,0.8659435203229896,0.8613719213588037,0.004571598964185908
545.3909999998286,5217,bound,0.8659435203229896,0.8613770615695469,0.004566458753442748
545.3909999998286,5218,bound,0.8659435203229896,0.8613851713131293,0.004558349009860296
545.3909999998286,5219,bound,0.8659435203229896,0.8614012867157985,0.004542233607191082
545.3909999998286,5220,bound,0.8659435203229896,0.8614386752595715,0.004504845063418084
545.4529999997467,5221,bound,0.8659435203229896,0.8614510804896147,0.004492439833374884
545.4529999997467,5222,bound,0.8659435203229896,0.8615183976136765,0.004425122709313056
545.4529999997467,5223,bound,0.8659435203229896,0.8615187196364384,0.004424800686551156
545.4529999997467,5224,bound,0.8659435203229896,0.8615488136616678,0.004394706661321801
545.530999999959,5225,bound,0.8659435203229896,0.8615602219717772,0.004383298351212428
545.530999999959,5226,bound,0.8659435203229896,0.8615653133966366,0.004378206926353045
545.530999999959,5227,bound,0.8659435203229896,0.8615664051971291,0.004377115125860476
545.530999999959,5228,bound,0.8659435203229896,0.8615958950798551,0.004347625243134479
545.594000000041,5229,bound,0.8659435203229896,0.8616153315881658,0.004328188734823768
545.594000000041,5230,bound,0.8659435203229896,0.8616497655055024,0.004293754817487172
545.594000000041,5231,bound,0.8659435203229896,0.8616501104702873,0.0042934098527023234
545.594000000041,5232,bound,0.8659435203229896,0.8616564302177473,0.004287090105242308
545.594000000041,5233,bound,0.8659435203229896,0.8616572094678997,0.004286310855089903
545.6409999998286,5234,bound,0.8659435203229896,0.861658993841269,0.0042845264817206186
545.7029999997467,5235,bound,0.8659435203229896,0.8616874020150826,0.004256118307906953
545.7029999997467,5236,bound,0.8659435203229896,0.8616998428156712,0.004243677507318355
545.7029999997467,5237,bound,0.8659435203229896,0.8617100254208335,0.004233494902156076
545.7029999997467,5238,bound,0.8659435203229896,0.8617211627893663,0.004222357533623322
545.7029999997467,5239,bound,0.8659435203229896,0.8617407579115547,0.004202762411434913
545.7029999997467,5240,bound,0.8659435203229896,0.8617441263418733,0.0041993939811163505
545.7029999997467,5241,bound,0.8659435203229896,0.8617648937482227,0.004178626574766864
545.780999999959,5242,bound,0.8659435203229896,0.861765229105643,0.004178291217346586
545.780999999959,5243,bound,0.8659435203229896,0.8617737521573813,0.004169768165608323
545.780999999959,5244,bound,0.8659435203229896,0.8617929659315802,0.004150554391409433
545.780999999959,5245,bound,0.8659435203229896,0.8618124114600215,0.00413110886296808
545.780999999959,5246,bound,0.8659435203229896,0.8618216281669011,0.004121892156088491
545.8909999998286,5247,bound,0.8659435203229896,0.8618348287354549,0.004108691587534685
545.8909999998286,5248,bound,0.8659435203229896,0.8618479436326818,0.004095576690307801
545.8909999998286,5249,bound,0.8659435203229896,0.8618635559275922,0.004079964395397373
545.8909999998286,5250,bound,0.8659435203229896,0.8618640084478362,0.00407951187515343
545.8909999998286,5251,bound,0.8659435203229896,0.8618652716250172,0.004078248697972353
545.8909999998286,5252,bound,0.8659435203229896,0.8618890788113932,0.004054441511596396
545.8909999998286,5253,bound,0.8659435203229896,0.8618910513626096,0.004052468960380029
545.8909999998286,5254,bound,0.8659435203229896,0.861905909991326,0.00403761033166361
545.8909999998286,5255,bound,0.8659435203229896,0.8619859984710194,0.0039575218519701805
545.8909999998286,5256,bound,0.8659435203229896,0.8619860732851048,0.003957447037884809
545.8909999998286,5257,bound,0.8659435203229896,0.8619956695095489,0.003947850813440734
545.8909999998286,5258,bound,0.8659435203229896,0.8619975600731288,0.003945960249860825
545.9839999997057,5259,bound,0.8659435203229896,0.8620037059046731,0.0039398144183164785
545.9839999997057,5260,bound,0.8659435203229896,0.8620062419006611,0.003937278422328494
545.9839999997057,5261,bound,0.8659435203229896,0.8620091587247914,0.003934361598198155
545.9839999997057,5262,bound,0.8659435203229896,0.8620103982580022,0.0039331220649874155
545.9839999997057,5263,bound,0.8659435203229896,0.8620104303510814,0.003933089971908221
545.9839999997057,5264,bound,0.8659435203229896,0.8620164339696142,0.003927086353375353
545.9839999997057,5265,bound,0.8659435203229896,0.8620211721541018,0.003922348168887813
545.9839999997057,5266,bound,0.8659435203229896,0.8620372248351974,0.0039062954877922
545.9839999997057,5267,bound,0.8659435203229896,0.8620490835303264,0.003894436792663214
545.9839999997057,5268,bound,0.8659435203229896,0.8620919430861624,0.003851577236827164
545.9839999997057,5269,bound,0.8659435203229896,0.8621128006069592,0.0038307197160304396
545.9839999997057,5270,bound,0.8659435203229896,0.8621131230415866,0.0038303972814029974
545.9839999997057,5271,bound,0.8659435203229896,0.8621553373609615,0.003788182962028097
545.9839999997057,5272,bound,0.8659435203229896,0.8621636908899726,0.0037798294330170235
545.9839999997057,5273,bound,0.8659435203229896,0.8621640247663793,0.0037794955566102795
545.9839999997057,5274,bound,0.8659435203229896,0.8621665886173484,0.0037769317056411955
546.061999999918,5275,bound,0.8659435203229896,0.8621756872072551,0.0037678331157344758
546.061999999918,5276,bound,0.8659435203229896,0.8621771505924862,0.0037663697305033716
546.061999999918,5277,bound,0.8659435203229896,0.8622227222242241,0.0037207980987654654
546.061999999918,5278,bound,0.8659435203229896,0.8622343035552507,0.003709216767738943
546.061999999918,5279,bound,0.8659435203229896,0.8622423395370739,0.0037011807859157475
546.061999999918,5280,bound,0.8659435203229896,0.8622542128198286,0.003689307503160988
546.061999999918,5281,bound,0.8659435203229896,0.862301064741315,0.003642455581674642
546.061999999918,5282,bound,0.8659435203229896,0.8623036721744747,0.0036398481485149237
546.061999999918,5283,bound,0.8659435203229896,0.8623164601701677,0.0036270601528218815
546.1409999998286,5284,bound,0.8659435203229896,0.8623275851928084,0.0036159351301812137
546.1409999998286,5285,bound,0.8659435203229896,0.8623623357387502,0.003581184584239394
546.1409999998286,5286,bound,0.8659435203229896,0.8623640431311955,0.003579477191794078
546.1409999998286,5287,bound,0.8659435203229896,0.862371224771989,0.0035722955510005816
546.1409999998286,5288,bound,0.8659435203229896,0.8623759468661428,0.003567573456846773
546.1409999998286,5289,bound,0.8659435203229896,0.8623869973425934,0.003556522980396215
546.1409999998286,5290,bound,0.8659435203229896,0.8624112580497901,0.0035322622731994713
546.1409999998286,5291,bound,0.8659435203229896,0.8624140975003144,0.00352942282267521
546.1409999998286,5292,bound,0.8659435203229896,0.862430221973647,0.003513298349342553
546.1409999998286,5293,bound,0.8659435203229896,0.8624453347867905,0.003498185536199072
546.1409999998286,5294,bound,0.8659435203229896,0.8624525234627226,0.0034909968602669927
546.1409999998286,5295,bound,0.8659435203229896,0.8625058343395156,0.003437685983474048
546.1719999997877,5296,bound,0.8659435203229896,0.862513302343072,0.0034302179799176047
546.1719999997877,5297,bound,0.8659435203229896,0.8625197981470689,0.003423722175920685
546.1719999997877,5298,bound,0.8659435203229896,0.8625251265349825,0.0034183937880071236
546.1719999997877,5299,bound,0.8659435203229896,0.8625339413223069,0.0034095790006827276
546.1719999997877,5300,bound,0.8659435203229896,0.86253897377038,0.0034045465526095775
546.25,5301,bound,0.8659435203229896,0.8625613177230083,0.003382202599981343
546.25,5302,bound,0.8659435203229896,0.862582599771203,0.003360920551786606
546.25,5303,bound,0.8659435203229896,0.8626232192562983,0.0033203010666913446
546.25,5304,bound,0.8659435203229896,0.8626444260007896,0.0032990943221999913
546.375,5305,bound,0.8659435203229896,0.8626515847079992,0.0032919356149904155
546.375,5306,bound,0.8659435203229896,0.8626520983347479,0.0032914219882417273
546.375,5307,bound,0.8659435203229896,0.8626658007176972,0.0032777196052924396
546.375,5308,bound,0.8659435203229896,0.8626904393758217,0.003253080947167919
546.375,5309,bound,0.8659435203229896,0.8627299717317453,0.0032135485912443418
546.375,5310,bound,0.8659435203229896,0.8627588959936032,0.0031846243293863763
546.375,5311,bound,0.8659435203229896,0.8627697724840647,0.0031737478389248786
546.375,5312,bound,0.8659435203229896,0.8627918759090719,0.003151644413917687
546.375,5313,bound,0.8659435203229896,0.8628348078432979,0.0031087124796916887
546.375,5314,bound,0.8659435203229896,0.8628448226134778,0.0030986977095117663
546.375,5315,bound,0.8659435203229896,0.8628779596483483,0.0030655606746412545
546.375,5316,bound,0.8659435203229896,0.8628998955567557,0.0030436247662338767
546.375,5317,bound,0.8659435203229896,0.8629205057259419,0.0030230145970476796
546.375,5318,bound,0.8659435203229896,0.8629269820103236,0.0030165383126660172
546.375,5319,bound,0.8659435203229896,0.8629550005682707,0.0029885197547189213
546.375,5320,bound,0.8659435203229896,0.8629665537973504,0.0029769665256391686
546.375,5321,bound,0.8659435203229896,0.8629705640618485,0.0029729562611411353
546.375,5322,bound,0.8659435203229896,0.8630069352025256,0.002936585120464019
546.375,5323,bound,0.8659435203229896,0.8630102480659783,0.0029332722570113434
546.375,5324,bound,0.8659435203229896,0.8630677429438861,0.0028757773791034946
546.436999999918,5325,bound,0.8659435203229896,0.863100991462797,0.00284252886019265
546.436999999918,5326,bound,0.8659435203229896,0.8631061235851277,0.0028373967378618747
546.436999999918,5327,bound,0.8659435203229896,0.8631209765220513,0.002822543800938271
546.436999999918,5328,bound,0.8659435203229896,0.8631598910950831,0.0027836292279065367
546.436999999918,5329,bound,0.8659435203229896,0.863171248149659,0.0027722721733306477
546.436999999918,5330,bound,0.8659435203229896,0.8632084335647382,0.002735086758251404
546.436999999918,5331,bound,0.8659435203229896,0.863214079716239,0.0027294406067506216
546.436999999918,5332,bound,0.8659435203229896,0.8632385223584828,0.00270499796450685
546.436999999918,5333,bound,0.8659435203229896,0.8632420030951132,0.002701517227876371
546.436999999918,5334,bound,0.8659435203229896,0.8632550494146194,0.0026884709083702107
546.5159999998286,5335,bound,0.8659435203229896,0.8632591577212573,0.0026843626017323263
546.5159999998286,5336,bound,0.8659435203229896,0.8632925042333308,0.0026510160896587864
546.5159999998286,5337,bound,0.8659435203229896,0.8633278350304607,0.0026156852925288687
546.5159999998286,5338,bound,0.8659435203229896,0.8633544247264906,0.0025890955964990026
546.5159999998286,5339,bound,0.8659435203229896,0.8634036626989827,0.0025398576240068804
546.530999999959,5340,bound,0.8659435203229896,0.8634612009251083,0.0024823193978813496
546.561999999918,5341,bound,0.8659435203229896,0.8635026136029829,0.0024409067200067414
546.561999999918,5342,bound,0.8659435203229896,0.863511028081327,0.0024324922416626427
546.561999999918,5343,bound,0.8659435203229896,0.8635222222916192,0.002421298031370367
546.561999999918,5344,bound,0.8659435203229896,0.8635273234596363,0.0024161968633532593
546.561999999918,5345,bound,0.8659435203229896,0.8635350602358526,0.002408460087137021
546.625,5346,bound,0.8659435203229896,0.8635602381343619,0.002383282188627711
546.625,5347,bound,0.8659435203229896,0.8635769968512229,0.0023665234717666905
546.625,5348,bound,0.8659435203229896,0.863586363863346,0.002357156459643628
546.625,5349,bound,0.8659435203229896,0.8636283438246679,0.0023151764983216916
546.625,5350,bound,0.8659435203229896,0.8636398074157358,0.002303712907253841
546.625,5351,bound,0.8659435203229896,0.8636521413012036,0.0022913790217859997
546.625,5352,bound,0.8659435203229896,0.8637041125274393,0.002239407795550319
546.625,5353,bound,0.8659435203229896,0.8637044491343262,0.0022390711886633996
546.625,5354,bound,0.8659435203229896,0.8637459136102709,0.002197606712718736
546.625,5355,bound,0.8659435203229896,0.8637593543304528,0.0021841659925367907
546.625,5356,bound,0.8659435203229896,0.8637706351137462,0.0021728852092434137
546.625,5357,bound,0.8659435203229896,0.8637786659182171,0.0021648544047725427
546.625,5358,bound,0.8659435203229896,0.863799603980899,0.002143916342090657
546.625,5359,bound,0.8659435203229896,0.8638270623256767,0.0021164579973128594
546.655999999959,5360,bound,0.8659435203229896,0.8638547940013122,0.0020887263216774477
546.655999999959,5361,bound,0.8659435203229896,0.8638618144988975,0.0020817058240920616
546.6719999997877,5362,bound,0.8659435203229896,0.8638737350974032,0.002069785225586429
546.7029999997467,5363,bound,0.8659435203229896,0.8638767078225427,0.002066812500446935
546.7029999997467,5364,bound,0.8659435203229896,0.8639040046362073,0.0020395156867822894
546.7029999997467,5365,bound,0.8659435203229896,0.8639449828815351,0.0019985374414545065
546.7029999997467,5366,bound,0.8659435203229896,0.8639796304117493,0.001963889911240302
546.7029999997467,5367,bound,0.8659435203229896,0.864018871798596,0.0019246485243935574
546.7029999997467,5368,bound,0.8659435203229896,0.8640858628453595,0.0018576574776301147
546.780999999959,5369,bound,0.8659435203229896,0.8640895784282706,0.0018539418947189912
546.780999999959,5370,bound,0.8659435203229896,0.8641088692152571,0.00183465110773251
546.780999999959,5371,bound,0.8659435203229896,0.8641170373206316,0.0018264830023579925
546.780999999959,5372,bound,0.8659435203229896,0.8641400749549146,0.001803445368074974
546.780999999959,5373,bound,0.8659435203229896,0.8641450875366531,0.0017984327863365124
546.780999999959,5374,bound,0.8659435203229896,0.8642050447392058,0.0017384755837838162
546.780999999959,5375,bound,0.8659435203229896,0.8642136494534083,0.001729870869581318
546.780999999959,5376,bound,0.8659435203229896,0.8642385960784038,0.0017049242445857926
546.780999999959,5377,bound,0.8659435203229896,0.8642543088380149,0.0016892114849746953
546.780999999959,5378,bound,0.8659435203229896,0.8642591883608984,0.0016843319620911679
546.780999999959,5379,bound,0.8659435203229896,0.8642738415618956,0.001669678761094029
546.780999999959,5380,bound,0.8659435203229896,0.8642879013345272,0.0016556189884624484
546.844000000041,5381,bound,0.8659435203229896,0.8642943049789665,0.0016492153440230695
546.844000000041,5382,bound,0.8659435203229896,0.8643143088974999,0.0016292114254896628
546.844000000041,5383,bound,0.8659435203229896,0.8643310562269937,0.0016124640959959136
546.844000000041,5384,bound,0.8659435203229896,0.8643767927115451,0.0015667276114444961
546.844000000041,5385,bound,0.8659435203229896,0.8644245242879055,0.001518996035084097
546.844000000041,5386,bound,0.8659435203229896,0.8644496284169901,0.001493891905999467
546.844000000041,5387,bound,0.8659435203229896,0.8644735539052115,0.0014699664177780791
546.875,5388,bound,0.8659435203229896,0.8644778257049932,0.0014656946179963937
546.875,5389,bound,0.8659435203229896,0.8644807508957636,0.0014627694272260072
546.875,5390,bound,0.8659435203229896,0.8645114271382126,0.0014320931847769947
546.875,5391,bound,0.8659435203229896,0.8645163259071003,0.0014271944158893435
546.905999999959,5392,bound,0.8659435203229896,0.864518373768253,0.0014251465547365783
546.905999999959,5393,bound,0.8659435203229896,0.8645406832059488,0.0014028371170408116
546.905999999959,5394,bound,0.8659435203229896,0.8645413043759469,0.0014022159470427065
546.905999999959,5395,bound,0.8659435203229896,0.8645801918257706,0.0013633284972189852
546.905999999959,5396,bound,0.8659435203229896,0.8647309653096159,0.001212555013373695
546.905999999959,5397,bound,0.8659435203229896,0.8648279542208035,0.0011155661021861052
546.905999999959,5398,bound,0.8659435203229896,0.864861354479844,0.0010821658431455772
546.905999999959,5399,bound,0.8659435203229896,0.864861619804866,0.001081900518123624
546.905999999959,5400,bound,0.8659435203229896,0.8648742780446919,0.001069242278297744
547.0,5401,bound,0.8659435203229896,0.864892164826278,0.0010513554967116479
547.0,5402,bound,0.8659435203229896,0.8649102632624541,0.0010332570605354752
547.0,5403,bound,0.8659435203229896,0.8650245336151444,0.0009189867078451819
547.0,5404,bound,0.8659435203229896,0.8650451753960264,0.0008983449269631683
547.0,5405,bound,0.8659435203229896,0.8650542688737374,0.0008892514492522263
547.0,5406,bound,0.8659435203229896,0.8650942444689188,0.0008492758540707968
547.0,5407,bound,0.8659435203229896,0.8650947273667903,0.000848792956199329
547.0,5408,bound,0.8659435203229896,0.8651054223651614,0.0008380979578281877
547.0,5409,bound,0.8659435203229896,0.8651312154359307,0.0008123048870588567
547.0,5410,bound,0.8659435203229896,0.8651462651314097,0.0007972551915799153
547.0,5411,bound,0.8659435203229896,0.8651530269330324,0.0007904933899571809
547.0,5412,bound,0.8659435203229896,0.8651717041065154,0.0007718162164741527
547.0,5413,bound,0.8659435203229896,0.865182490824494,0.0007610294984955468
547.0,5414,bound,0.8659435203229896,0.8652183588006379,0.0007251615223516916
547.0,5415,bound,0.8659435203229896,0.8652204171087275,0.0007231032142620553
547.0,5416,bound,0.8659435203229896,0.8653058953913234,0.0006376249316661919
547.061999999918,5417,bound,0.8659435203229896,0.865317230268993,0.0006262900539966143
547.061999999918,5418,bound,0.8659435203229896,0.8655181918225879,0.00042532850040166714
547.061999999918,5419,bound,0.8659435203229896,0.865548924323442,0.00039459599954760893
547.061999999918,5420,bound,0.8659435203229896,0.8656188208593377,0.0003246994636518785
547.061999999918,5421,bound,0.8659435203229896,0.8656601932649903,0.00028332705799927194
547.061999999918,5422,bound,0.8659435203229896,0.8656729724109935,0.0002705479119960996
547.061999999918,5423,bound,0.8659435203229896,0.8657339413225072,0.00020957900048235167
547.061999999918,5424,bound,0.8659435203229896,0.8657368811878743,0.00020663913511531629
547.061999999918,5425,bound,0.8659435203229896,0.865793470810115,0.00015004951287456159
547.061999999918,5426,bound,0.8659435203229896,0.8657969704572022,0.00014654986578743756
547.061999999918,5427,bound,0.8659435203229896,0.8657975007362634,0.0001460195867262204
547.061999999918,5428,bound,0.8659435203229896,0.8658240440932975,0.00011947622969210592
547.061999999918,5429,bound,0.8659435203229896,0.8658612562811376,8.22640418519649e-05
547.061999999918,5430,bound,0.8659435203229896,0.8658904335310448,5.308679194482302e-05
547.061999999918,5431,bound,0.8659435203229896,0.8658936893031601,4.983101982947158e-05
547.061999999918,5432,bound,0.8659435203229896,0.8659012734982643,4.2246824725311605e-05
547.061999999918,5433,bound,0.8659435203229896,0.8659209045882913,2.26157346983058e-05
547.061999999918,5434,bound,0.8659435203229896,0.8659320584028611,1.146192012846381e-05
547.061999999918,5435,bound,0.8659435203229896,0.8659393883281531,4.1319948365092785e-06
