elapsed_seconds,event,leaf_id,gamma_L,gamma_U,attempt,native_status,native_bound,native_bound_available,incumbent,incumbent_available,global_lb,verified_ub,open_leaf_count,failure_reason
0.40085169999999998,attempt,L0,0,0.23749999999999999,0,INFEASIBLE,1e+100,1,0,0,0.23749999999999999,2.3524097575828193,1,none
1.1361745999999999,attempt,L1,0.23749999999999999,0.47499999999999998,0,INFEASIBLE,1e+100,1,0,0,0.47499999999999998,2.3524097575828193,1,none
31.296487200000001,attempt,L2,0.47499999999999998,0.71249999999999991,0,TIME_LIMIT,2.2639910993400219,1,0,0,0.71249999999999991,2.3524097575828193,1,none
32.155330499999998,attempt,L3,0.71249999999999991,0.94999999999999996,0,INFEASIBLE,1e+100,1,0,0,2.2639910993400219,2.3524097575828193,1,none
92.175844100000006,attempt,L2,0.47499999999999998,0.71249999999999991,1,TIME_LIMIT,2.3257086494986439,1,0,0,2.3257086494986439,2.3524097575828193,1,none
92.175921599999995,split,L2,0.47499999999999998,0.71249999999999991,-1,not_run,0,false,0,false,2.3257086494986439,2.3524097575828193,2,none
122.3709484,attempt,L2.0,0.47499999999999998,0.59375,0,TIME_LIMIT,2.2704679781979258,1,0,0,2.3257086494986439,2.3524097575828193,2,none
144.71987859999999,attempt,L2.1,0.59375,0.71249999999999991,0,INFEASIBLE,1e+100,1,0,0,2.3257086494986439,2.3524097575828193,1,none
203.83514479999999,attempt,L2.0,0.47499999999999998,0.59375,1,OPTIMAL,2.352409757582818,1,2.3524097575828193,1,2.3524097575828193,2.3524097575828193,0,none
