leaf_id,attempt,time_limit_seconds,solver_runtime_seconds,work,nodes,simplex_iterations,barrier_iterations,cumulative_runtime,cumulative_work,cumulative_nodes,cumulative_simplex_iterations,cumulative_barrier_iterations,optimize_return_code
L0,0,30,0.249,0.431974,1,247,0,0.249,0.431974,1,247,0,0
L1,0,30,0.588,1.25004,1,4331,0,0.588,1.25004,1,4331,0,0
L2,0,30,30.009,52.0522,540,79382,0,30.009,52.0522,540,79382,0,0
L3,0,30,0.722,1.36211,1,4500,0,0.722,1.36211,1,4500,0,0
L2,1,60,60.002,98.8732,1534,201670,0,90.011,150.925,2074,281052,0,0
L2.0,0,30,30.051,51.2922,540,80003,0,30.051,51.2922,540,80003,0,0
L2.1,0,30,22.197,39.2044,960,112283,0,22.197,39.2044,960,112283,0,0
L2.0,1,60,59.097,100.004,1260,219502,0,89.148,151.296,1800,299505,0,0
