elapsed_seconds,event,leaf_id,gamma_L,gamma_U,attempt,native_status,native_bound,native_bound_available,incumbent,incumbent_available,global_lb,verified_ub,open_leaf_count,failure_reason
0.40368290000000001,attempt,L0,0,0.23749999999999999,0,INFEASIBLE,1e+100,1,0,0,0.23749999999999999,2.3524097575828193,1,none
1.1397919999999999,attempt,L1,0.23749999999999999,0.47499999999999998,0,INFEASIBLE,1e+100,1,0,0,0.47499999999999998,2.3524097575828193,1,none
31.302478700000002,attempt,L2,0.47499999999999998,0.71249999999999991,0,TIME_LIMIT,2.2639910993400219,1,0,0,0.71249999999999991,2.3524097575828193,1,none
32.166972199999996,attempt,L3,0.71249999999999991,0.94999999999999996,0,INFEASIBLE,1e+100,1,0,0,2.2639910993400219,2.3524097575828193,1,none
79.331045000000003,attempt,L2,0.47499999999999998,0.71249999999999991,1,OPTIMAL,2.3524097575828171,1,2.3524097575828193,1,2.3524097575828193,2.3524097575828193,0,none
