elapsed_time,native_global_LB,native_incumbent,verified_cutoff,native_gap,node_count,open_nodes,simplex_iterations,event_source
0.017851100000000002,0,9.9999999999999993e+74,0.10725273413394144,9.9999999999999993e+74,0,1,0,global_progress
0.0179571,0,9.9999999999999993e+74,0.10725273413394144,9.9999999999999993e+74,0,1,0,global_progress
2.9387848999999999,0.0080089345381311825,9.9999999999999993e+74,0.10725273413394144,9.9999999999999993e+74,0,1,3109,global_progress
10.023558100000001,0.008398860590789814,9.9999999999999993e+74,0.10725273413394144,9.9999999999999993e+74,60,48,13598,global_progress
10.0243001,0.008398860590789814,0,0.10725273413394144,0,60,48,13598,solver_final
