elapsed_time,native_global_LB,native_incumbent,verified_cutoff,native_gap,node_count,open_nodes,simplex_iterations,event_source
0.0174512,0,9.9999999999999993e+74,0.19563620654901237,9.9999999999999993e+74,0,1,0,global_progress
0.017669799999999999,0,9.9999999999999993e+74,0.19563620654901237,9.9999999999999993e+74,0,1,0,global_progress
7.3196820000000002,0.10941596008621492,9.9999999999999993e+74,0.19563620654901237,9.9999999999999993e+74,0,1,16775,global_progress
1751.2412328,0.14595585402289274,9.9999999999999993e+74,0.19563620654901237,9.9999999999999993e+74,19965,12797,6141044,global_progress
1751.2423071999999,0.14595585402289274,0,0.19563620654901237,0,19965,12797,6141044,solver_final
