elapsed_time,native_global_LB,native_incumbent,verified_cutoff,native_gap,node_count,open_nodes,simplex_iterations,event_source
0.018337200000000001,0,9.9999999999999993e+74,0.10725273413394144,9.9999999999999993e+74,0,1,0,global_progress
0.018561299999999999,0,9.9999999999999993e+74,0.10725273413394144,9.9999999999999993e+74,0,1,0,global_progress
1.9266601999999999,0.0077339630292816049,9.9999999999999993e+74,0.10725273413394144,9.9999999999999993e+74,0,1,2862,global_progress
280.01037079999998,0.017408970641995921,9.9999999999999993e+74,0.10725273413394144,9.9999999999999993e+74,9604,6019,1370064,global_progress
280.01135829999998,0.017408970641995921,0,0.10725273413394144,0,9604,6019,1370064,solver_final
