elapsed_time,native_global_LB,native_incumbent,verified_cutoff,native_gap,node_count,open_nodes,simplex_iterations,event_source
0.0061602000000000002,0,9.9999999999999993e+74,0.35720058320841552,9.9999999999999993e+74,0,1,0,global_progress
0.0062579999999999997,0,9.9999999999999993e+74,0.35720058320841552,9.9999999999999993e+74,0,1,0,global_progress
1.3961498000000001,0.24154981534663592,9.9999999999999993e+74,0.35720058320841552,9.9999999999999993e+74,0,1,909,global_progress
99.106692100000004,0.355315815811308,0.35720058320768794,0.35720058320841552,,18517,2461,773574,native_candidate
118.4820618,0.35719986149047245,0.35720058320768794,0.35720058320841552,7.2171721549052492e-07,22251,2,837966,global_progress
118.48232659999999,0.35719986149047245,0.35720058320768794,0.35720058320841552,7.2171721549052492e-07,22251,2,837966,solver_final
