elapsed_time,native_global_LB,native_incumbent,verified_cutoff,native_gap,node_count,open_nodes,simplex_iterations,event_source
0.0058741000000000002,0,9.9999999999999993e+74,0.71850407075497091,9.9999999999999993e+74,0,1,0,global_progress
0.0060068999999999999,0,9.9999999999999993e+74,0.71850407075497091,9.9999999999999993e+74,0,1,0,global_progress
1.8947132,0.37621674608966832,9.9999999999999993e+74,0.71850407075497091,9.9999999999999993e+74,0,1,1218,global_progress
15.5925125,0.66048591435884874,9.9999999999999993e+74,0.71850407075497091,9.9999999999999993e+74,1226,627,62249,global_progress
15.592886999999999,0.66048591435884874,0,0.71850407075497091,0,1226,627,62249,solver_final
