elapsed_time,native_global_LB,native_incumbent,verified_cutoff,native_gap,node_count,open_nodes,simplex_iterations,event_source
0.033056799999999997,0,9.9999999999999993e+74,0.60070443668510809,9.9999999999999993e+74,0,1,0,global_progress
0.033172300000000002,0,9.9999999999999993e+74,0.60070443668510809,9.9999999999999993e+74,0,1,0,global_progress
3.0727701999999999,0.43710249354748165,9.9999999999999993e+74,0.60070443668510809,9.9999999999999993e+74,0,1,3688,global_progress
280.0697323,0.50702078187747923,9.9999999999999993e+74,0.60070443668510809,9.9999999999999993e+74,1559,1020,349000,global_progress
280.07222009999998,0.50702078187747923,0,0.60070443668510809,0,1559,1020,349000,solver_final
