elapsed_time,native_global_LB,native_incumbent,verified_cutoff,native_gap,node_count,open_nodes,simplex_iterations,event_source
0.017281000000000001,0,9.9999999999999993e+74,0.19563620654901237,9.9999999999999993e+74,0,1,0,global_progress
0.017387900000000001,0,9.9999999999999993e+74,0.19563620654901237,9.9999999999999993e+74,0,1,0,global_progress
2.2304537999999998,0.12156205413135568,9.9999999999999993e+74,0.19563620654901237,9.9999999999999993e+74,0,1,3372,global_progress
280.01804429999999,0.13955086779318876,9.9999999999999993e+74,0.19563620654901237,9.9999999999999993e+74,5646,4344,1095421,global_progress
280.0188263,0.13955086779318876,0,0.19563620654901237,0,5646,4344,1095421,solver_final
