elapsed_time,native_global_LB,native_incumbent,verified_cutoff,native_gap,node_count,open_nodes,simplex_iterations,event_source
0.017858099999999998,0,9.9999999999999993e+74,0.04915255266474515,9.9999999999999993e+74,0,1,0,global_progress
0.0180641,0,9.9999999999999993e+74,0.04915255266474515,9.9999999999999993e+74,0,1,0,global_progress
5.0304129,0.034723045409823461,9.9999999999999993e+74,0.04915255266474515,9.9999999999999993e+74,0,1,16205,global_progress
861.97036879999996,0.046443635802410038,9.9999999999999993e+74,0.04915255266474515,9.9999999999999993e+74,7311,3013,1276691,global_progress
861.97115410000004,0.046443635802410038,0,0.04915255266474515,0,7311,3013,1276691,solver_final
