elapsed_time,native_global_LB,native_incumbent,verified_cutoff,native_gap,node_count,open_nodes,simplex_iterations,event_source
0.0063977000000000001,0,9.9999999999999993e+74,0.71850407075497091,9.9999999999999993e+74,0,1,0,global_progress
0.0066924999999999997,0,9.9999999999999993e+74,0.71850407075497091,9.9999999999999993e+74,0,1,0,global_progress
3.5459002000000002,0.37822168614483404,9.9999999999999993e+74,0.71850407075497091,9.9999999999999993e+74,0,1,3069,global_progress
648.10370869999997,0.7170813066907985,0.71850407075497125,0.71850407075497091,,68695,4932,4579691,native_candidate
687.06722860000002,0.71850407075497125,0.71850407075497125,0.71850407075497091,0,73175,0,4650388,global_progress
687.06846889999997,0.71850407075497125,0.71850407075497125,0.71850407075497091,0,73175,0,4650388,global_progress
687.07088160000001,0.71850407075497125,0.71850407075497125,0.71850407075497091,0,73175,0,4650388,solver_final
