elapsed_time,native_global_LB,native_incumbent,verified_cutoff,native_gap,node_count,open_nodes,simplex_iterations,event_source
0.017523199999999999,0,9.9999999999999993e+74,0.10725273413394144,9.9999999999999993e+74,0,1,0,global_progress
0.0176312,0,9.9999999999999993e+74,0.10725273413394144,9.9999999999999993e+74,0,1,0,global_progress
1.9937788000000001,0.0077339630292816049,9.9999999999999993e+74,0.10725273413394144,9.9999999999999993e+74,0,1,2862,global_progress
10.0194852,0.0079331488068195774,9.9999999999999993e+74,0.10725273413394144,9.9999999999999993e+74,39,32,11824,global_progress
10.0198225,0.0079331488068195774,0,0.10725273413394144,0,39,32,11824,solver_final
