elapsed_time,native_global_LB,native_incumbent,verified_cutoff,native_gap,node_count,open_nodes,simplex_iterations,event_source
0.017795200000000001,0,9.9999999999999993e+74,0.60070443668510809,9.9999999999999993e+74,0,1,0,global_progress
0.0180068,0,9.9999999999999993e+74,0.60070443668510809,9.9999999999999993e+74,0,1,0,global_progress
4.8995230999999997,0.46113585657166217,9.9999999999999993e+74,0.60070443668510809,9.9999999999999993e+74,0,1,8510,global_progress
862.00228749999997,0.55369409718631013,9.9999999999999993e+74,0.60070443668510809,9.9999999999999993e+74,8359,3748,4462700,global_progress
862.00305249999997,0.55369409718631013,0,0.60070443668510809,0,8359,3748,4462700,solver_final
