elapsed_seconds,event,leaf_id,gamma_L,gamma_U,attempt,native_status,native_bound,native_bound_available,incumbent,incumbent_available,global_lb,verified_ub,open_leaf_count,failure_reason
0.49700610000000001,attempt,L0,0,0.17962601768874273,0,INFEASIBLE,1e+100,1,0,0,0.17962601768874273,0.71850407075497091,1,none
1.0895412,attempt,L1,0.17962601768874273,0.35925203537748546,0,INFEASIBLE,1e+100,1,0,0,0.35925203537748546,0.71850407075497091,1,none
31.288232600000001,attempt,L2,0.35925203537748546,0.53887805306622816,0,TIME_LIMIT,0.64891290321260364,1,0,0,0.53887805306622816,0.71850407075497091,1,none
31.923399100000001,attempt,L3,0.53887805306622816,0.71850407075497091,0,INFEASIBLE,1e+100,1,0,0,0.64891290321260364,0.71850407075497091,1,none
91.947070400000001,attempt,L2,0.35925203537748546,0.53887805306622816,1,TIME_LIMIT,0.68273176624257026,1,0,0,0.68273176624257026,0.71850407075497091,1,none
91.947141200000004,split,L2,0.35925203537748546,0.53887805306622816,-1,not_run,0,false,0,false,0.68273176624257026,0.71850407075497091,2,none
105.8277523,attempt,L2.0,0.35925203537748546,0.44906504422185678,0,INFEASIBLE,1e+100,1,0,0,0.68273176624257026,0.71850407075497091,1,none
136.01834450000001,attempt,L2.1,0.44906504422185678,0.53887805306622816,0,TIME_LIMIT,0.69386848406815527,1,0,0,0.69386848406815527,0.71850407075497091,1,none
185.11492050000001,attempt,L2.1,0.44906504422185678,0.53887805306622816,1,OPTIMAL,0.71850407075497114,1,0.71850407075497091,1,0.71850407075497114,0.71850407075497091,0,none
