leaf_id,attempt,time_limit_seconds,solver_runtime_seconds,work,nodes,simplex_iterations,barrier_iterations,cumulative_runtime,cumulative_work,cumulative_nodes,cumulative_simplex_iterations,cumulative_barrier_iterations,optimize_return_code
L0,0,30,0.303,0.490128,0,0,0,0.303,0.490128,0,0,0,0
L1,0,30,0.408,0.801655,1,638,0,0.408,0.801655,1,638,0,0
L2,0,30,30.011,53.7031,630,77789,0,30.011,53.7031,630,77789,0,0
L3,0,30,0.452,0.943456,1,1005,0,0.452,0.943456,1,1005,0,0
L2,1,60,60.003,126.202,1412,246406,0,90.014,179.905,2042,324195,0,0
L2.0,0,30,13.698,25.0644,235,34192,0,13.698,25.0644,235,34192,0,0
L2.1,0,30,30.003,54.774,776,97933,0,30.003,54.774,776,97933,0,0
L2.1,1,60,49.075,103.382,2718,265473,0,79.078,158.156,3494,363406,0,0
