elapsed_time,native_global_LB,native_incumbent,verified_cutoff,native_gap,node_count,open_nodes,simplex_iterations,event_source
0.0171188,0,9.9999999999999993e+74,0.04915255266474515,9.9999999999999993e+74,0,1,0,global_progress
0.017240800000000001,0,9.9999999999999993e+74,0.04915255266474515,9.9999999999999993e+74,0,1,0,global_progress
6.3444675000000004,0.03453798009362849,9.9999999999999993e+74,0.04915255266474515,9.9999999999999993e+74,0,1,13958,global_progress
274.00521709999998,0.044997442892852749,9.9999999999999993e+74,0.04915255266474515,9.9999999999999993e+74,2217,1060,647998,global_progress
274.00573400000002,0.044997442892852749,0,0.04915255266474515,0,2217,1060,647998,solver_final
