leaf_id,attempt,time_limit_seconds,solver_runtime_seconds,work,nodes,simplex_iterations,barrier_iterations,cumulative_runtime,cumulative_work,cumulative_nodes,cumulative_simplex_iterations,cumulative_barrier_iterations,optimize_return_code
L0,0,30,1.586,3.00607,1,7247,0,1.586,3.00607,1,7247,0,0
L1,0,30,30.001,60.3505,158,114351,0,30.001,60.3505,158,114351,0,0
L1,1,60,60.004,106.531,590,222570,0,90.005,166.882,748,336921,0,0
L1.0,0,30,30.001,61.9848,80,79009,0,30.001,61.9848,80,79009,0,0
L1.1,0,30,30.001,62.5681,510,127820,0,30.001,62.5681,510,127820,0,0
L1.1,1,60,60.001,113.81,603,238854,0,90.002,176.379,1113,366674,0,0
L1.1.0,0,30,30.008,54.1574,232,86436,0,30.008,54.1574,232,86436,0,0
L1.1.1,0,26.0625,26.066,51.7609,232,95833,0,26.066,51.7609,232,95833,0,0
