elapsed_time,native_global_LB,native_incumbent,verified_cutoff,native_gap,node_count,open_nodes,simplex_iterations,event_source
0.0137111,0,9.9999999999999993e+74,1.7493134520506337,9.9999999999999993e+74,0,1,0,global_progress
0.0139355,0,9.9999999999999993e+74,1.7493134520506337,9.9999999999999993e+74,0,1,0,global_progress
7.2229862000000002,1.4487906835495981,9.9999999999999993e+74,1.7493134520506337,9.9999999999999993e+74,0,1,15073,global_progress
274.0131068,1.6881608457768031,9.9999999999999993e+74,1.7493134520506337,9.9999999999999993e+74,2260,1277,1220776,global_progress
274.0134797,1.6881608457768031,0,1.7493134520506337,0,2260,1277,1220776,solver_final
