elapsed_time,native_global_LB,native_incumbent,verified_cutoff,native_gap,node_count,open_nodes,simplex_iterations,event_source
0.0062411999999999997,0,9.9999999999999993e+74,0.71850407075497091,9.9999999999999993e+74,0,1,0,global_progress
0.0063651999999999997,0,9.9999999999999993e+74,0.71850407075497091,9.9999999999999993e+74,0,1,0,global_progress
1.7463099,0.37089921896969885,9.9999999999999993e+74,0.71850407075497091,9.9999999999999993e+74,0,1,1268,global_progress
285.93650029999998,0.71170492088756154,9.9999999999999993e+74,0.71850407075497091,9.9999999999999993e+74,45819,7324,2296861,global_progress
285.93692119999997,0.71170492088756154,0,0.71850407075497091,0,45819,7324,2296861,solver_final
