run_id,parent_uid,parent_parent_uid,parent_native_depth,parent_gini_generation,child_gini_generation,parent_gamma_L,parent_gamma_U,split,parent_relaxation,lower_uid,lower_gamma_L,lower_gamma_U,lower_estimate,lower_gamma_floor,lower_weighted_penalty_lb,lower_domain_estimate,lower_lift,lower_station_deviation_lbs,upper_uid,upper_gamma_L,upper_gamma_U,upper_estimate,upper_gamma_floor,upper_weighted_penalty_lb,upper_domain_estimate,upper_lift,upper_station_deviation_lbs,estimate_mode,sibling_discriminated,creation_time,creation_node_count,open_nodes,simplex_iterations,validity_status,failure_reason
stage0__tight_T_seed3101__f2__30s,0,-1,0,0,1,0,0.10725273413394144,0.053626367066970722,0.014983326841413751,1,0,0.053626367066970722,0.014983326841413751,0,0,0,0,0|0|0|0|0|0|0|0|0|0|0|0|0|0|0|0|0|0|0|0,2,0.053626367066970722,0.10725273413394144,0.014983326841413751,0.053626367066970722,0,0.053626367066970722,0.038643040225556972,0|0|0|0|0|0|0|0|0|0|0|0|0|0|0|0|0|0|0|0,parent-copy,false,6.9229533999999999,0,1,18837,passed,
stage0__tight_T_seed3101__f2__30s,1,0,1,1,2,0,0.053626367066970722,0.026813183533485361,0.015561898860966395,3,0,0.026813183533485361,0.015561898860966395,0,0,0,0,0|0|0|0|0|0|0|0|0|0|0|0|0|0|0|0|0|0|0|0,4,0.026813183533485361,0.053626367066970722,0.015561898860966395,0.026813183533485361,0,0.026813183533485361,0.011251284672518966,0|0|0|0|0|0|0|0|0|0|0|0|0|0|0|0|0|0|0|0,parent-copy,false,7.0242513999999998,1,2,18837,passed,
stage0__tight_T_seed3101__f2__30s,3,1,2,2,3,0,0.026813183533485361,0.01340659176674268,0.022697544455803194,5,0,0.01340659176674268,0.022697544455803194,0,0,0,0,0|0|0|0|0|0|0|0|0|0|0|0|0|0|0|0|0|0|0|0,6,0.01340659176674268,0.026813183533485361,0.022697544455803194,0.01340659176674268,0,0.01340659176674268,0,0|0|0|0|0|0|0|0|0|0|0|0|0|0|0|0|0|0|0|0,parent-copy,false,7.4219784999999998,2,3,19149,passed,
stage0__tight_T_seed3101__f2__30s,4,1,2,2,3,0.026813183533485361,0.053626367066970722,0.040219775300228043,0.033789897634210378,7,0.026813183533485361,0.040219775300228043,0.033789897634210378,0.026813183533485361,0,0.026813183533485361,0,0|0|0|0|0|0|0|0|0|0|0|0|0|0|0|0|0|0|0|0,8,0.040219775300228043,0.053626367066970722,0.033789897634210378,0.040219775300228043,0,0.040219775300228043,0.0064298776660176651,0|0|0|0|0|0|0|0|0|0|0|0|0|0|0|0|0|0|0|0,parent-copy,false,7.9509666000000001,3,4,21060,passed,
