run_id,node_uid,parent_uid,native_depth,gini_generation,relaxation_pass,gamma_L,gamma_U,pre_local_row_relaxation,post_local_row_relaxation,delta_rows_attached,duplicates_omitted,row_factory_seconds,row_api_seconds,status
stage0__tight_T_seed3101__f2__30s,1,0,1,1,1,0,0.053626367066970722,0.014983326841413751,,1442,0,0.014137,0.00053970000000000005,awaiting_reoptimization
stage0__tight_T_seed3101__f2__30s,1,0,1,1,2,0,0.053626367066970722,0.014983326841413751,0.015561898860966395,,,0.014137,0.00053970000000000005,passed
stage0__tight_T_seed3101__f2__30s,3,1,2,2,1,0,0.026813183533485361,0.015561898860966395,,1442,0,0.014223599999999999,0.00049410000000000003,awaiting_reoptimization
stage0__tight_T_seed3101__f2__30s,3,1,2,2,2,0,0.026813183533485361,0.015561898860966395,0.022697544455803194,,,0.014223599999999999,0.00049410000000000003,passed
stage0__tight_T_seed3101__f2__30s,4,1,2,2,1,0.026813183533485361,0.053626367066970722,0.033789897634210399,,1442,0,0.014424299999999999,0.00049430000000000003,awaiting_reoptimization
stage0__tight_T_seed3101__f2__30s,4,1,2,2,2,0.026813183533485361,0.053626367066970722,0.033789897634210399,0.033789897634210378,,,0.014424299999999999,0.00049430000000000003,passed
stage0__tight_T_seed3101__f2__30s,5,3,3,3,1,0,0.01340659176674268,0.030304567918845962,,1442,0,0.014397999999999999,0.0004795,awaiting_reoptimization
