run_id,child_uid,parent_uid,sibling_uid,creation_time,first_process_time,delay_seconds,creation_node_count,first_process_node_count,delay_processed_nodes,child_estimate,domain_estimate,estimate_lift,estimate_mode
stage0__tight_T_seed3101__f2__30s,1,0,2,6.9229533999999999,6.9238961999999997,0.00094279999999979935,0,1,1,0.014983326841413751,0,0,parent-copy
stage0__tight_T_seed3101__f2__30s,3,1,4,7.0242513999999998,7.025118,0.00086660000000016169,1,2,1,0.015561898860966395,0,0,parent-copy
stage0__tight_T_seed3101__f2__30s,4,1,3,7.0242513999999998,7.8810051999999997,0.8567537999999999,1,3,2,0.015561898860966395,0.026813183533485361,0,parent-copy
stage0__tight_T_seed3101__f2__30s,5,3,6,7.4219784999999998,7.9930307000000003,0.57105220000000045,2,4,2,0.022697544455803194,0,0,parent-copy
