elapsed_time,native_global_LB,native_incumbent,verified_cutoff,native_gap,node_count,open_nodes,simplex_iterations,event_source
0.017811199999999999,0,9.9999999999999993e+74,0.10725273413394144,9.9999999999999993e+74,0,1,0,global_progress
0.017920999999999999,0,9.9999999999999993e+74,0.10725273413394144,9.9999999999999993e+74,0,1,0,global_progress
2.9385265,0.0080089345381311825,9.9999999999999993e+74,0.10725273413394144,9.9999999999999993e+74,0,1,3109,global_progress
9.9976421000000002,0.0080089345381311825,9.9999999999999993e+74,0.10725273413394144,9.9999999999999993e+74,68,51,16533,global_progress
9.9981054999999994,0.0080089345381311825,0,0.10725273413394144,0,68,51,16533,solver_final
