elapsed_time,native_global_LB,native_incumbent,verified_cutoff,native_gap,node_count,open_nodes,simplex_iterations,event_source
0.017200900000000002,0,9.9999999999999993e+74,0.19563620654901237,9.9999999999999993e+74,0,1,0,global_progress
0.017332500000000001,0,9.9999999999999993e+74,0.19563620654901237,9.9999999999999993e+74,0,1,0,global_progress
7.6463343000000004,0.1112111636855197,9.9999999999999993e+74,0.19563620654901237,9.9999999999999993e+74,0,1,13018,global_progress
252.9143948,0.14142098387771446,9.9999999999999993e+74,0.19563620654901237,9.9999999999999993e+74,4807,3540,1003433,global_progress
252.9147906,0.14142098387771446,0,0.19563620654901237,0,4807,3540,1003433,solver_final
