elapsed_time,native_global_LB,native_incumbent,verified_cutoff,native_gap,node_count,open_nodes,simplex_iterations,event_source
0.0056762000000000002,0,9.9999999999999993e+74,0.71850407075497091,9.9999999999999993e+74,0,1,0,global_progress
0.0058345000000000003,0,9.9999999999999993e+74,0.71850407075497091,9.9999999999999993e+74,0,1,0,global_progress
1.9426863000000001,0.37621674608966832,9.9999999999999993e+74,0.71850407075497091,9.9999999999999993e+74,0,1,1218,global_progress
15.610005299999999,0.65390170127913894,9.9999999999999993e+74,0.71850407075497091,9.9999999999999993e+74,287,111,21470,global_progress
15.611909000000001,0.65390170127913894,0,0.71850407075497091,0,287,111,21470,solver_final
