elapsed_time,native_global_LB,native_incumbent,verified_cutoff,native_gap,node_count,open_nodes,simplex_iterations,event_source
0.017419,0,9.9999999999999993e+74,0.19563620654901237,9.9999999999999993e+74,0,1,0,global_progress
0.017634,0,9.9999999999999993e+74,0.19563620654901237,9.9999999999999993e+74,0,1,0,global_progress
6.2616405000000004,0.11194996592548223,9.9999999999999993e+74,0.19563620654901237,9.9999999999999993e+74,0,1,13983,global_progress
274.0137919,0.14134849959521661,9.9999999999999993e+74,0.19563620654901237,9.9999999999999993e+74,3864,2784,1209543,global_progress
274.01420139999999,0.14134849959521661,0,0.19563620654901237,0,3864,2784,1209543,solver_final
