elapsed_time,native_global_LB,native_incumbent,verified_cutoff,native_gap,node_count,open_nodes,simplex_iterations,event_source
0.017436799999999999,0,9.9999999999999993e+74,0.60070443668510809,9.9999999999999993e+74,0,1,0,global_progress
0.017562100000000001,0,9.9999999999999993e+74,0.60070443668510809,9.9999999999999993e+74,0,1,0,global_progress
5.1921866000000003,0.45967788796666581,9.9999999999999993e+74,0.60070443668510809,9.9999999999999993e+74,0,1,8827,global_progress
861.9999699,0.5523927622828233,9.9999999999999993e+74,0.60070443668510809,9.9999999999999993e+74,13382,6935,4052973,global_progress
862.00075270000002,0.5523927622828233,0,0.60070443668510809,0,13382,6935,4052973,solver_final
