elapsed_time,native_global_LB,native_incumbent,verified_cutoff,native_gap,node_count,open_nodes,simplex_iterations,event_source
0.0174635,0,9.9999999999999993e+74,0.04915255266474515,9.9999999999999993e+74,0,1,0,global_progress
0.017677999999999999,0,9.9999999999999993e+74,0.04915255266474515,9.9999999999999993e+74,0,1,0,global_progress
6.3043139000000004,0.03453798009362849,9.9999999999999993e+74,0.04915255266474515,9.9999999999999993e+74,0,1,13958,global_progress
1750.6050702,0.046152142701886702,9.9999999999999993e+74,0.04915255266474515,9.9999999999999993e+74,10541,5129,3681519,global_progress
1750.6059499999999,0.046152142701886702,0,0.04915255266474515,0,10541,5129,3681519,solver_final
