elapsed_time,native_global_LB,native_incumbent,verified_cutoff,native_gap,node_count,open_nodes,simplex_iterations,event_source
0.0143631,0,9.9999999999999993e+74,1.7493134520506337,9.9999999999999993e+74,0,1,0,global_progress
0.014636100000000001,0,9.9999999999999993e+74,1.7493134520506337,9.9999999999999993e+74,0,1,0,global_progress
6.8672063000000003,1.4465434620914606,9.9999999999999993e+74,1.7493134520506337,9.9999999999999993e+74,0,1,13736,global_progress
880.01830310000003,1.7113258446378405,9.9999999999999993e+74,1.7493134520506337,9.9999999999999993e+74,7702,3207,3748180,global_progress
880.01877060000004,1.7113258446378405,0,1.7493134520506337,0,7702,3207,3748180,solver_final
