elapsed_time,native_global_LB,native_incumbent,verified_cutoff,native_gap,node_count,open_nodes,simplex_iterations,event_source
0.0128424,0,9.9999999999999993e+74,1.7493134520506337,9.9999999999999993e+74,0,1,0,global_progress
0.0129722,0,9.9999999999999993e+74,1.7493134520506337,9.9999999999999993e+74,0,1,0,global_progress
7.1834572999999997,1.4325186138917922,9.9999999999999993e+74,1.7493134520506337,9.9999999999999993e+74,0,1,13704,global_progress
273.99542919999999,1.6738107586650117,9.9999999999999993e+74,1.7493134520506337,9.9999999999999993e+74,2259,1278,1072956,global_progress
273.9957971,1.6738107586650117,0,1.7493134520506337,0,2259,1278,1072956,solver_final
