elapsed_time,native_global_LB,native_incumbent,verified_cutoff,native_gap,node_count,open_nodes,simplex_iterations,event_source
0.0137818,0,9.9999999999999993e+74,1.7493134520506337,9.9999999999999993e+74,0,1,0,global_progress
0.014013100000000001,0,9.9999999999999993e+74,1.7493134520506337,9.9999999999999993e+74,0,1,0,global_progress
7.2264263,1.4325186138917922,9.9999999999999993e+74,1.7493134520506337,9.9999999999999993e+74,0,1,13704,global_progress
8.0029971,1.6375586386187162,9.9999999999999993e+74,1.7493134520506337,9.9999999999999993e+74,3,4,18486,global_progress
8.0033034000000001,1.6375586386187162,0,1.7493134520506337,0,3,4,18486,solver_final
