run_id,node_uid,parent_uid,native_depth,gini_generation,relaxation_pass,gamma_L,gamma_U,pre_local_row_relaxation,post_local_row_relaxation,delta_rows_attached,duplicates_omitted,row_factory_seconds,row_api_seconds,status
stage0__high_imbalance_seed3202__f2__30s,1,0,1,1,1,0,0.47499999999999998,1.432518613891792,,1416,0,0.0127429,0.00062080000000000002,awaiting_reoptimization
stage0__high_imbalance_seed3202__f2__30s,1,0,1,1,2,0,0.47499999999999998,1.432518613891792,1.7399298959922136,,,0.0127429,0.00062080000000000002,passed
stage0__high_imbalance_seed3202__f2__30s,2,0,1,1,1,0.47499999999999998,0.94999999999999996,1.6126112865829829,,1416,0,0.0099500000000000005,0.00052559999999999998,awaiting_reoptimization
stage0__high_imbalance_seed3202__f2__30s,2,0,1,1,2,0.47499999999999998,0.94999999999999996,1.6126112865829829,1.6375586386187155,,,0.0099500000000000005,0.00052559999999999998,passed
