elapsed_time,native_global_LB,native_incumbent,verified_cutoff,native_gap,node_count,open_nodes,simplex_iterations,event_source
0.018093000000000001,0,9.9999999999999993e+74,0.04915255266474515,9.9999999999999993e+74,0,1,0,global_progress
0.018211399999999999,0,9.9999999999999993e+74,0.04915255266474515,9.9999999999999993e+74,0,1,0,global_progress
6.3362537000000003,0.03453798009362849,9.9999999999999993e+74,0.04915255266474515,9.9999999999999993e+74,0,1,13958,global_progress
3550.1260185000001,0.04645929906778639,9.9999999999999993e+74,0.04915255266474515,9.9999999999999993e+74,18224,8517,6235304,global_progress
3550.1274033,0.04645929906778639,0,0.04915255266474515,0,18224,8517,6235304,solver_final
