elapsed_seconds,event,leaf_id,gamma_L,gamma_U,attempt,native_status,native_bound,native_bound_available,incumbent,incumbent_available,global_lb,verified_ub,open_leaf_count,failure_reason
0.487234,attempt,L0,0,0.17962601768874273,0,INFEASIBLE,1e+100,1,0,0,0.17962601768874273,0.71850407075497091,1,none
1.0905514000000001,attempt,L1,0.17962601768874273,0.35925203537748546,0,INFEASIBLE,1e+100,1,0,0,0.35925203537748546,0.71850407075497091,1,none
31.2854879,attempt,L2,0.35925203537748546,0.53887805306622816,0,TIME_LIMIT,0.64891290321260364,1,0,0,0.53887805306622816,0.71850407075497091,1,none
31.921068999999999,attempt,L3,0.53887805306622816,0.71850407075497091,0,INFEASIBLE,1e+100,1,0,0,0.64891290321260364,0.71850407075497091,1,none
91.942929199999995,attempt,L2,0.35925203537748546,0.53887805306622816,1,TIME_LIMIT,0.6831855602457092,1,0,0,0.6831855602457092,0.71850407075497091,1,none
91.943000400000003,split,L2,0.35925203537748546,0.53887805306622816,-1,not_run,0,false,0,false,0.6831855602457092,0.71850407075497091,2,none
105.9438098,attempt,L2.0,0.35925203537748546,0.44906504422185678,0,INFEASIBLE,1e+100,1,0,0,0.6831855602457092,0.71850407075497091,1,none
136.12989820000001,attempt,L2.1,0.44906504422185678,0.53887805306622816,0,TIME_LIMIT,0.69386848406815527,1,0,0,0.69386848406815527,0.71850407075497091,1,none
169.8015413,attempt,L2.1,0.44906504422185678,0.53887805306622816,1,OPTIMAL,0.71850407072844502,1,0.71850407075497091,1,0.71850407075497091,0.71850407075497091,0,none
