leaf_id,attempt,time_limit_seconds,solver_runtime_seconds,work,nodes,simplex_iterations,barrier_iterations,cumulative_runtime,cumulative_work,cumulative_nodes,cumulative_simplex_iterations,cumulative_barrier_iterations,optimize_return_code
L0,0,30,0.297,0.490128,0,0,0,0.297,0.490128,0,0,0,0
L1,0,30,0.418,0.801655,1,638,0,0.418,0.801655,1,638,0,0
L2,0,30,30.009,53.674,630,77789,0,30.009,53.674,630,77789,0,0
L3,0,30,0.451,0.943456,1,1005,0,0.451,0.943456,1,1005,0,0
L2,1,60,60.001,130.124,1439,253190,0,90.01,183.798,2069,330979,0,0
L2.0,0,30,13.815,25.0644,235,34192,0,13.815,25.0644,235,34192,0,0
L2.1,0,30,30.002,54.4769,776,97887,0,30.002,54.4769,776,97887,0,0
L2.1,1,60,33.65,76.1421,1689,211056,0,63.652,130.619,2465,308943,0,0
