elapsed_time,native_global_LB,native_incumbent,verified_cutoff,native_gap,node_count,open_nodes,simplex_iterations,event_source
0.0061827000000000002,0,9.9999999999999993e+74,0.71850407075497091,9.9999999999999993e+74,0,1,0,global_progress
0.0063232000000000002,0,9.9999999999999993e+74,0.71850407075497091,9.9999999999999993e+74,0,1,0,global_progress
1.7157926999999999,0.37089921896969885,9.9999999999999993e+74,0.71850407075497091,9.9999999999999993e+74,0,1,1268,global_progress
15.899609099999999,0.66203955160210926,9.9999999999999993e+74,0.71850407075497091,9.9999999999999993e+74,670,269,65468,global_progress
15.900295699999999,0.66203955160210926,0,0.71850407075497091,0,670,269,65468,solver_final
