campaign,number,role,arm,source,path,line,seconds_rounded,incumbent_rounded,bound_rounded,raw,sequence,call,available_seconds,U,G,native_bound,global_bound,global_available
development01,1,F2,ENS-C,committed_witness,,,,,,,2,0,0.8280000000013388,0.885348300934578,0.240347727609524,,,
development01,1,F2,ENS-C,committed_witness,,,,,,,46,5,35.85900000000038,0.8804798756127853,0.241993933002017,,,
development01,1,F2,ENS-C,committed_witness,,,,,,,47,5,36.75,0.8802107830610713,0.2426990044113418,,,
development01,1,F2,ENS-C,committed_witness,,,,,,,48,5,36.75,0.880073507641378,0.2435358929526876,,,
development01,1,F2,ENS-C,committed_witness,,,,,,,62,5,61.70300000000134,0.8667828952865607,0.247609194723701,,,
development01,1,F2,ENS-C,committed_witness,,,,,,,89,5,78.31200000000172,0.8659435203229894,0.2475656548391811,,,
development01,2,F2,ENS-Q,committed_witness,,,,,,,2,0,0.4219999999986612,0.885348300934578,0.240347727609524,,,
development01,2,F2,ENS-Q,committed_witness,,,,,,,34,5,5.2189999999973224,0.8845533231173723,0.24287420365945114,,,
development01,2,F2,ENS-Q,committed_witness,,,,,,,35,5,5.2189999999973224,0.8811439402166801,0.24168383364487273,,,
development01,2,F2,ENS-Q,committed_witness,,,,,,,36,5,5.2189999999973224,0.8802107830610713,0.2426990044113418,,,
development01,2,F2,ENS-Q,committed_witness,,,,,,,37,5,5.2189999999973224,0.880073507641378,0.2435358929526876,,,
development01,2,F2,ENS-Q,committed_witness,,,,,,,46,5,7.2189999999973224,0.8735233890889604,0.24232214662005025,,,
development01,2,F2,ENS-Q,committed_witness,,,,,,,47,5,7.671999999998661,0.8716403327288789,0.24286735107815055,,,
development01,2,F2,ENS-Q,committed_witness,,,,,,,48,5,8.296999999998661,0.8699780578177863,0.2436333369852398,,,
development01,2,F2,ENS-Q,committed_witness,,,,,,,62,5,37.75,0.8659435203229894,0.2475656548391811,,,
development01,3,F2,M-B,committed_witness,,,,,,,2,0,0.39100000000325963,0.885348300934578,0.240347727609524,,,
development01,3,F2,M-B,committed_witness,,,,,,,33,5,5.188000000001921,0.8699780578177863,0.2436333369852398,,,
development01,3,F2,M-B,committed_witness,,,,,,,56,5,24.64100000000326,0.8667828952865607,0.247609194723701,,,
development01,3,F2,M-B,committed_witness,,,,,,,68,5,46.51600000000326,0.8659435203229894,0.2475656548391811,,,
development01,4,F2,P-GRB,committed_witness,,,,,,,4,1,0.25,1.210909989628803,0.2971535967762762,,,
development01,4,F2,P-GRB,committed_witness,,,,,,,7,1,0.4220000000022992,1.1571430853473328,0.2897454663378327,,,
development01,4,F2,P-GRB,committed_witness,,,,,,,16,1,0.7659999999996217,1.1461492589061673,0.2856521094618845,,,
development01,4,F2,P-GRB,committed_witness,,,,,,,21,1,0.9220000000022992,1.1250647574641661,0.283019793585101,,,
development01,4,F2,P-GRB,committed_witness,,,,,,,27,1,1.0630000000019209,1.0598050643415207,0.2789743619034492,,,
development01,4,F2,P-GRB,committed_witness,,,,,,,28,1,1.0940000000009604,1.0341357173645962,0.27505419892652466,,,
development01,4,F2,P-GRB,committed_witness,,,,,,,33,1,1.4690000000009604,1.02733925766609,0.26858947935788885,,,
development01,4,F2,P-GRB,committed_witness,,,,,,,34,1,1.6720000000022992,0.9579454504617582,0.2612934662055046,,,
development01,4,F2,P-GRB,committed_witness,,,,,,,35,1,1.75,0.9310572283359337,0.25866036670813874,,,
development01,4,F2,P-GRB,committed_witness,,,,,,,36,1,1.8130000000019209,0.895338573951999,0.24939046946706128,,,
development01,4,F2,P-GRB,committed_witness,,,,,,,37,1,2.375,0.8931405442522463,0.25174215345787887,,,
development01,4,F2,P-GRB,committed_witness,,,,,,,38,1,2.438000000001921,0.8846829406463916,0.24989673913773844,,,
development01,4,F2,P-GRB,committed_witness,,,,,,,39,1,2.5,0.8747743869104383,0.24898849706186432,,,
development01,4,F2,P-GRB,committed_witness,,,,,,,41,1,3.0159999999996217,0.8739458005274743,0.24895574575795168,,,
development01,4,F2,P-GRB,committed_witness,,,,,,,43,1,3.4690000000009604,0.8659435203229894,0.2475656548391811,,,
development01,5,R98-C1,M-B,committed_witness,,,,,,,2,0,0.75,0.3778461674562581,0.10595772446785764,,,
development01,5,R98-C1,M-B,committed_witness,,,,,,,51,4,8.28099999999904,0.36861227564986765,0.11624788182202886,,,
development01,5,R98-C1,M-B,committed_witness,,,,,,,53,4,8.5,0.36651525174272487,0.11549853291488608,,,
development01,5,R98-C1,M-B,committed_witness,,,,,,,58,4,9.342999999997119,0.36000287016074783,0.11302970355513126,,,
development01,5,R98-C1,M-B,committed_witness,,,,,,,62,4,12.5,0.35994372505977246,0.11227938257696293,,,
development01,5,R98-C1,M-B,committed_witness,,,,,,,64,4,12.984000000000378,0.358936411701548,0.11334730850445272,,,
development01,5,R98-C1,M-B,committed_witness,,,,,,,76,4,18.2029999999977,0.3587412415544071,0.1138433142345049,,,
development01,6,R98-C1,P-GRB,committed_witness,,,,,,,4,1,0.25,1.0789181822113878,0.2317953141102055,,,
development01,6,R98-C1,P-GRB,committed_witness,,,,,,,25,1,1.3129999999982829,0.9484494807643005,0.22127881544089584,,,
development01,6,R98-C1,P-GRB,committed_witness,,,,,,,26,1,1.3279999999977008,0.9398515550872344,0.2180575619860521,,,
development01,6,R98-C1,P-GRB,committed_witness,,,,,,,27,1,1.3279999999977008,0.9339087410815743,0.21740059798039182,,,
development01,6,R98-C1,P-GRB,committed_witness,,,,,,,28,1,1.3279999999977008,0.9323307168379986,0.2183527598479273,,,
development01,6,R98-C1,P-GRB,committed_witness,,,,,,,29,1,1.3279999999977008,0.9307514805124866,0.21736388602241513,,,
development01,6,R98-C1,P-GRB,committed_witness,,,,,,,30,1,1.3279999999977008,0.9240324574914891,0.21889735050141776,,,
development01,6,R98-C1,P-GRB,committed_witness,,,,,,,31,1,1.375,0.8665696091540734,0.2134935021640021,,,
development01,6,R98-C1,P-GRB,committed_witness,,,,,,,32,1,1.375,0.8596387657381499,0.21260443374807872,,,
development01,6,R98-C1,P-GRB,committed_witness,,,,,,,33,1,1.4689999999973224,0.798812724363974,0.19810520253873792,,,
development01,6,R98-C1,P-GRB,committed_witness,,,,,,,34,1,1.4689999999973224,0.7896847382645104,0.19559977468103243,,,
development01,6,R98-C1,P-GRB,committed_witness,,,,,,,35,1,1.4689999999973224,0.7789470954701154,0.1938872390294945,,,
development01,6,R98-C1,P-GRB,committed_witness,,,,,,,36,1,1.4689999999973224,0.7780506266647381,0.19419204467466675,,,
development01,6,R98-C1,P-GRB,committed_witness,,,,,,,38,1,2.2189999999973224,0.7635342459832168,0.18556254256457405,,,
development01,6,R98-C1,P-GRB,committed_witness,,,,,,,39,1,2.2189999999973224,0.7598405829184742,0.18564475449983148,,,
development01,6,R98-C1,P-GRB,committed_witness,,,,,,,40,1,2.2189999999973224,0.7587014045955062,0.18578578093876805,,,
development01,6,R98-C1,P-GRB,committed_witness,,,,,,,41,1,2.2189999999973224,0.7584197469427238,0.1856539435240811,,,
development01,6,R98-C1,P-GRB,committed_witness,,,,,,,42,1,2.3439999999973224,0.7487673859654502,0.18380109524522018,,,
development01,6,R98-C1,P-GRB,committed_witness,,,,,,,45,1,3.0939999999973224,0.7474797445930306,0.1835892280791497,,,
development01,6,R98-C1,P-GRB,committed_witness,,,,,,,46,1,3.5159999999996217,0.6844537816428553,0.16704996671627598,,,
development01,6,R98-C1,P-GRB,committed_witness,,,,,,,47,1,3.5159999999996217,0.6793232937273332,0.16712537880075393,,,
development01,6,R98-C1,P-GRB,committed_witness,,,,,,,48,1,3.5469999999986612,0.6300029715828255,0.15932044772767479,,,
development01,6,R98-C1,P-GRB,committed_witness,,,,,,,49,1,3.5469999999986612,0.6280075326312711,0.1601489909189775,,,
development01,6,R98-C1,P-GRB,committed_witness,,,,,,,50,1,3.6409999999996217,0.6268192671239634,0.1607089333481777,,,
development01,6,R98-C1,P-GRB,committed_witness,,,,,,,51,1,3.6409999999996217,0.6227214450178242,0.1608560707658481,,,
development01,6,R98-C1,P-GRB,committed_witness,,,,,,,67,1,6.5,0.6185925031412871,0.16054316103216798,,,
development01,6,R98-C1,P-GRB,committed_witness,,,,,,,71,1,8.062999999998283,0.5952163239277326,0.1448547818186136,,,
development01,6,R98-C1,P-GRB,committed_witness,,,,,,,72,1,8.171999999998661,0.5843648699276246,0.1434813119454897,,,
development01,6,R98-C1,P-GRB,committed_witness,,,,,,,73,1,8.171999999998661,0.5502820840437512,0.13290759931558457,,,
development01,6,R98-C1,P-GRB,committed_witness,,,,,,,74,1,8.312999999998283,0.5419120693745191,0.1325985763130191,,,
development01,6,R98-C1,P-GRB,committed_witness,,,,,,,76,1,8.875,0.5311190950918021,0.13083070917315914,,,
development01,6,R98-C1,P-GRB,committed_witness,,,,,,,77,1,9.3279999999977,0.5180534058712907,0.1303042574526478,,,
development01,6,R98-C1,P-GRB,committed_witness,,,,,,,78,1,9.40599999999904,0.5151135433335445,0.12779939062918738,,,
development01,6,R98-C1,P-GRB,committed_witness,,,,,,,79,1,9.60899999999674,0.511229077664939,0.12638328210343905,,,
development01,6,R98-C1,P-GRB,committed_witness,,,,,,,80,1,9.60899999999674,0.5089408665789006,0.12681477935073404,,,
development01,6,R98-C1,P-GRB,committed_witness,,,,,,,81,1,9.890999999999622,0.5089208221344561,0.12681477935073404,,,
development01,6,R98-C1,P-GRB,committed_witness,,,,,,,82,1,9.890999999999622,0.508121310661243,0.12623276573466374,,,
development01,6,R98-C1,P-GRB,committed_witness,,,,,,,83,1,9.890999999999622,0.5025248274093804,0.12313477146776358,,,
development01,6,R98-C1,P-GRB,committed_witness,,,,,,,84,1,9.890999999999622,0.5020766029497061,0.12336740446422956,,,
development01,6,R98-C1,P-GRB,committed_witness,,,,,,,85,1,9.9529999999977,0.5020025795624894,0.1239742385331533,,,
development01,6,R98-C1,P-GRB,committed_witness,,,,,,,86,1,10.140999999999622,0.5017498830487894,0.12361074916231041,,,
development01,6,R98-C1,P-GRB,committed_witness,,,,,,,87,1,10.343999999997322,0.4959932460537235,0.12167014431010163,,,
development01,6,R98-C1,P-GRB,committed_witness,,,,,,,88,1,10.343999999997322,0.48577037401336015,0.12691731046940408,,,
development01,6,R98-C1,P-GRB,committed_witness,,,,,,,89,1,10.546999999998661,0.4833627744588279,0.12724946369264964,,,
development01,6,R98-C1,P-GRB,committed_witness,,,,,,,90,1,10.73399999999674,0.4784286541262147,0.12688329336003648,,,
development01,6,R98-C1,P-GRB,committed_witness,,,,,,,91,1,11.5,0.477676178735856,0.1265658136839635,,,
development01,6,R98-C1,P-GRB,committed_witness,,,,,,,92,1,11.5,0.4776262064024809,0.1262983434934455,,,
development01,6,R98-C1,P-GRB,committed_witness,,,,,,,93,1,12.843999999997322,0.4710411141792981,0.12348912627026272,,,
development01,6,R98-C1,P-GRB,committed_witness,,,,,,,94,1,13.3279999999977,0.46488523936626924,0.12136678145723385,,,
development01,6,R98-C1,P-GRB,committed_witness,,,,,,,95,1,13.890999999999622,0.4619325779720773,0.1201099194281213,,,
development01,6,R98-C1,P-GRB,committed_witness,,,,,,,96,1,15.593999999997322,0.4610773487356334,0.12061238741389958,,,
development01,6,R98-C1,P-GRB,committed_witness,,,,,,,97,1,16.968999999997322,0.4601512848089268,0.12111220063005017,,,
development01,6,R98-C1,P-GRB,committed_witness,,,,,,,98,1,17.04699999999866,0.45976805738795357,0.11959879606621976,,,
development01,6,R98-C1,P-GRB,committed_witness,,,,,,,107,1,32.9529999999977,0.45423344347766614,0.1176388012035514,,,
development01,6,R98-C1,P-GRB,committed_witness,,,,,,,108,1,32.9529999999977,0.4452315947974296,0.11405554085664817,,,
development01,6,R98-C1,P-GRB,committed_witness,,,,,,,109,1,32.9529999999977,0.44055521125432606,0.11468305731354464,,,
development01,6,R98-C1,P-GRB,committed_witness,,,,,,,110,1,33.46899999999732,0.4373652313404408,0.11337292739965937,,,
development01,6,R98-C1,P-GRB,committed_witness,,,,,,,160,1,62.68799999999828,0.43597296426281434,0.11367607936965202,,,
development01,6,R98-C1,P-GRB,committed_witness,,,,,,,168,1,65.67199999999866,0.4359602259283564,0.11378293424032226,,,
development01,6,R98-C1,P-GRB,committed_witness,,,,,,,169,1,65.67199999999866,0.4295131462702603,0.11205165458222612,,,
development01,6,R98-C1,P-GRB,committed_witness,,,,,,,170,1,65.78099999999904,0.42110377148793254,0.11024114908561264,,,
development01,6,R98-C1,P-GRB,committed_witness,,,,,,,171,1,65.78099999999904,0.41466432935310854,0.10851750695078861,,,
development01,6,R98-C1,P-GRB,committed_witness,,,,,,,172,1,65.84399999999732,0.4122514354160459,0.10679725861812163,,,
development01,6,R98-C1,P-GRB,committed_witness,,,,,,,195,1,79.29699999999866,0.41024794954561616,0.10570391620923034,,,
development01,6,R98-C1,P-GRB,committed_witness,,,,,,,229,1,108.3279999999977,0.4091642239554143,0.10650004061902849,,,
development01,6,R98-C1,P-GRB,committed_witness,,,,,,,230,1,148.375,0.4091222425746869,0.10725013423830106,,,
development01,6,R98-C1,P-GRB,committed_witness,,,,,,,231,1,152.85899999999674,0.4088482663029227,0.10603623296653694,,,
development01,6,R98-C1,P-GRB,committed_witness,,,,,,,238,1,207.0779999999977,0.4076717406659222,0.10620738232953647,,,
development01,7,R98-C1,ENS-Q,committed_witness,,,,,,,2,0,0.7819999999992433,0.3778461674562581,0.10595772446785764,,,
development01,7,R98-C1,ENS-Q,committed_witness,,,,,,,27,4,5.125,0.37399068630085197,0.10747306609022929,,,
development01,7,R98-C1,ENS-Q,committed_witness,,,,,,,34,4,5.735000000000582,0.36261472071575346,0.10604401050513078,,,
development01,7,R98-C1,ENS-Q,committed_witness,,,,,,,35,4,5.735000000000582,0.36223505685798707,0.10378449664736432,,,
development01,7,R98-C1,ENS-Q,committed_witness,,,,,,,36,4,5.735000000000582,0.36216462113222436,0.10465398592160177,,,
development01,7,R98-C1,ENS-Q,committed_witness,,,,,,,53,4,7.452999999997701,0.36199961085695287,0.10447895342410804,,,
development01,7,R98-C1,ENS-Q,committed_witness,,,,,,,68,4,25.14099999999962,0.3597874630803405,0.11363136631599378,,,
development01,7,R98-C1,ENS-Q,committed_witness,,,,,,,69,4,26.51599999999962,0.3587412415544071,0.1138433142345049,,,
development01,8,R98-C1,ENS-C,committed_witness,,,,,,,2,0,0.7659999999996217,0.3778461674562581,0.10595772446785764,,,
development01,8,R98-C1,ENS-C,committed_witness,,,,,,,62,4,8.781999999999243,0.37758992614416936,0.10567682862360511,,,
development01,8,R98-C1,ENS-C,committed_witness,,,,,,,63,4,8.781999999999243,0.3766839074213695,0.10546198577799817,,,
development01,8,R98-C1,ENS-C,committed_witness,,,,,,,64,4,8.781999999999243,0.3705736540624126,0.10468299353015251,,,
development01,8,R98-C1,ENS-C,committed_witness,,,,,,,65,4,8.781999999999243,0.36960084459243786,0.10506788128239998,,,
development01,8,R98-C1,ENS-C,committed_witness,,,,,,,66,4,8.906999999999243,0.3641155078958166,0.10361607458577879,,,
development01,8,R98-C1,ENS-C,committed_witness,,,,,,,67,4,9.5779999999977,0.362070112207477,0.10360952977463213,,,
development01,8,R98-C1,ENS-C,committed_witness,,,,,,,68,4,11.156999999999243,0.36199961085695287,0.10447895342410804,,,
development01,8,R98-C1,ENS-C,committed_witness,,,,,,,86,4,40.375,0.3612278893872459,0.11299655333718492,,,
development01,8,R98-C1,ENS-C,committed_witness,,,,,,,87,4,40.64099999999962,0.3605434060805056,0.11229202558600018,,,
development01,8,R98-C1,ENS-C,committed_witness,,,,,,,90,4,44.46900000000096,0.35944851210981466,0.11327237090102348,,,
development01,8,R98-C1,ENS-C,committed_witness,,,,,,,1078,4,116.0,0.3587412415544071,0.1138433142345049,,,
development01,9,R98-C2,P-GRB,committed_witness,,,,,,,4,1,0.5470000000022992,1.675364464963297,0.27708008300600634,,,
development01,9,R98-C2,P-GRB,committed_witness,,,,,,,14,1,3.6560000000026776,1.614785081961061,0.27103233059587584,,,
development01,9,R98-C2,P-GRB,committed_witness,,,,,,,18,1,4.514999999999418,1.6082834009749787,0.270714680044576,,,
development01,9,R98-C2,P-GRB,committed_witness,,,,,,,19,1,4.514999999999418,1.4991364426217533,0.2668170750078618,,,
development01,9,R98-C2,P-GRB,committed_witness,,,,,,,20,1,4.514999999999418,1.4907325689486552,0.2706678450847636,,,
development01,9,R98-C2,P-GRB,committed_witness,,,,,,,21,1,4.547000000002299,1.37169756272059,0.2725791946276214,,,
development01,9,R98-C2,P-GRB,committed_witness,,,,,,,22,1,4.547000000002299,1.365372088005811,0.2720061224128423,,,
development01,9,R98-C2,P-GRB,committed_witness,,,,,,,23,1,4.547000000002299,1.3306626824117629,0.2615578143187944,,,
development01,9,R98-C2,P-GRB,committed_witness,,,,,,,24,1,4.547000000002299,1.3303554759771257,0.26163153371749065,,,
development01,9,R98-C2,P-GRB,committed_witness,,,,,,,25,1,4.578000000001339,1.3142997676128407,0.24677114960915808,,,
development01,9,R98-C2,P-GRB,committed_witness,,,,,,,28,1,5.514999999999418,1.078456737090091,0.2209510769038685,,,
development01,9,R98-C2,P-GRB,committed_witness,,,,,,,29,1,5.514999999999418,1.0549311826789303,0.21731727360381892,,,
development01,9,R98-C2,P-GRB,committed_witness,,,,,,,30,1,5.514999999999418,1.0532823546656136,0.21726220630478804,,,
development01,9,R98-C2,P-GRB,committed_witness,,,,,,,31,1,5.514999999999418,1.0487471155441466,0.21649523162776538,,,
development01,9,R98-C2,P-GRB,committed_witness,,,,,,,32,1,5.514999999999418,1.0443625882517467,0.21587896877980994,,,
development01,9,R98-C2,P-GRB,committed_witness,,,,,,,33,1,5.672000000002299,1.0413616739770373,0.21535564875113217,,,
development01,9,R98-C2,P-GRB,committed_witness,,,,,,,34,1,5.672000000002299,1.0302554726241653,0.2142833245411172,,,
development01,9,R98-C2,P-GRB,committed_witness,,,,,,,35,1,5.672000000002299,1.0062871463598462,0.21259233260219504,,,
development01,9,R98-C2,P-GRB,committed_witness,,,,,,,40,1,7.062000000001717,1.0028716818747077,0.2104490914305488,,,
development01,9,R98-C2,P-GRB,committed_witness,,,,,,,41,1,7.062000000001717,0.9943064106121856,0.21111380975135985,,,
development01,9,R98-C2,P-GRB,committed_witness,,,,,,,42,1,7.453000000001339,0.9331950674472652,0.19654831673664264,,,
development01,9,R98-C2,P-GRB,committed_witness,,,,,,,43,1,7.453000000001339,0.9321893684247723,0.19749105123063312,,,
development01,9,R98-C2,P-GRB,committed_witness,,,,,,,44,1,7.453000000001339,0.9028408180564672,0.19176806648732803,,,
development01,9,R98-C2,P-GRB,committed_witness,,,,,,,45,1,7.453000000001339,0.9019924957459012,0.19287206096187912,,,
development01,9,R98-C2,P-GRB,committed_witness,,,,,,,46,1,7.514999999999418,0.8654623016534069,0.1842895888686084,,,
development01,9,R98-C2,P-GRB,committed_witness,,,,,,,47,1,7.514999999999418,0.8576454758095817,0.1827525937940139,,,
development01,9,R98-C2,P-GRB,committed_witness,,,,,,,48,1,7.514999999999418,0.8564071782461323,0.18280918003491245,,,
development01,9,R98-C2,P-GRB,committed_witness,,,,,,,49,1,7.59400000000096,0.8549546652680731,0.18392469919971027,,,
development01,9,R98-C2,P-GRB,committed_witness,,,,,,,50,1,7.59400000000096,0.82860837720325,0.1805225772063158,,,
development01,9,R98-C2,P-GRB,committed_witness,,,,,,,51,1,7.59400000000096,0.8274850411162643,0.18062143583982707,,,
development01,9,R98-C2,P-GRB,committed_witness,,,,,,,52,1,7.734000000000378,0.8198356698202978,0.17979903329386046,,,
development01,9,R98-C2,P-GRB,committed_witness,,,,,,,53,1,7.812000000001717,0.8089334748636086,0.17707252438980275,,,
development01,9,R98-C2,P-GRB,committed_witness,,,,,,,54,1,7.984000000000378,0.8008471314548182,0.17606067241024542,,,
development01,9,R98-C2,P-GRB,committed_witness,,,,,,,55,1,7.984000000000378,0.7743293895116842,0.17273216435600044,,,
development01,9,R98-C2,P-GRB,committed_witness,,,,,,,56,1,8.078000000001339,0.7718511068772741,0.17291712513428867,,,
development01,9,R98-C2,P-GRB,committed_witness,,,,,,,57,1,8.078000000001339,0.7623019277129375,0.17262268152550764,,,
development01,9,R98-C2,P-GRB,committed_witness,,,,,,,58,1,8.734000000000378,0.7586652101719034,0.17250657483006174,,,
development01,9,R98-C2,P-GRB,committed_witness,,,,,,,59,1,9.34400000000096,0.7527837689074395,0.17158696927988362,,,
development01,9,R98-C2,P-GRB,committed_witness,,,,,,,60,1,9.5,0.7470344271469556,0.1707994632336854,,,
development01,9,R98-C2,P-GRB,committed_witness,,,,,,,61,1,9.5,0.7317757891707427,0.16721672525747244,,,
development01,9,R98-C2,P-GRB,committed_witness,,,,,,,62,1,9.578000000001339,0.7192940531273828,0.17314832206738132,,,
development01,9,R98-C2,P-GRB,committed_witness,,,,,,,63,1,9.734000000000378,0.7188046710928071,0.1734558203899484,,,
development01,9,R98-C2,P-GRB,committed_witness,,,,,,,64,1,9.7970000000023,0.698236653276482,0.17739776580366542,,,
development01,9,R98-C2,P-GRB,committed_witness,,,,,,,65,1,9.859000000000378,0.6904511763905123,0.15341354465089366,,,
development01,9,R98-C2,P-GRB,committed_witness,,,,,,,66,1,10.014999999999418,0.6424533356232426,0.16490136368048405,,,
development01,9,R98-C2,P-GRB,committed_witness,,,,,,,67,1,10.014999999999418,0.6214840282601226,0.16093869820488835,,,
development01,9,R98-C2,P-GRB,committed_witness,,,,,,,68,1,10.078000000001339,0.5958306591143498,0.15671380548768693,,,
development01,9,R98-C2,P-GRB,committed_witness,,,,,,,69,1,10.203000000001339,0.5931410863974165,0.1575990250509734,,,
development01,9,R98-C2,P-GRB,committed_witness,,,,,,,70,1,10.203000000001339,0.5817372437697965,0.15524273956621065,,,
development01,9,R98-C2,P-GRB,committed_witness,,,,,,,71,1,10.484000000000378,0.5809035749472805,0.15528518502940888,,,
development01,9,R98-C2,P-GRB,committed_witness,,,,,,,72,1,11.953000000001339,0.5440100720899479,0.14014753008874295,,,
development01,9,R98-C2,P-GRB,committed_witness,,,,,,,73,1,11.953000000001339,0.5414006064766155,0.14279436655874386,,,
development01,9,R98-C2,P-GRB,committed_witness,,,,,,,76,1,15.46900000000096,0.5357171237849198,0.1412867615799603,,,
development01,9,R98-C2,P-GRB,committed_witness,,,,,,,77,1,15.46900000000096,0.49233940606786475,0.12642205100576234,,,
development01,9,R98-C2,P-GRB,committed_witness,,,,,,,78,1,15.734000000000378,0.4860124001110789,0.12548403821136972,,,
development01,9,R98-C2,P-GRB,committed_witness,,,,,,,79,1,17.187000000001717,0.46918184324369383,0.12267190009398465,,,
development01,9,R98-C2,P-GRB,committed_witness,,,,,,,80,1,17.35900000000038,0.4619130648089268,0.12034207790921761,,,
development01,9,R98-C2,P-GRB,committed_witness,,,,,,,81,1,19.0470000000023,0.46155986361690315,0.11923621046719397,,,
development01,9,R98-C2,P-GRB,committed_witness,,,,,,,82,1,24.25,0.4613104975143393,0.11780245975678695,,,
development01,9,R98-C2,P-GRB,committed_witness,,,,,,,83,1,24.32800000000134,0.46098845337320116,0.11936675605682529,,,
development01,9,R98-C2,P-GRB,committed_witness,,,,,,,84,1,24.32800000000134,0.46095384239396753,0.11838897485700348,,,
development01,9,R98-C2,P-GRB,committed_witness,,,,,,,98,1,36.09400000000096,0.44868507669903535,0.11697908951921417,,,
development01,9,R98-C2,P-GRB,committed_witness,,,,,,,99,1,36.23400000000038,0.4463882675385645,0.11725972098374325,,,
development01,9,R98-C2,P-GRB,committed_witness,,,,,,,100,1,36.2970000000023,0.43832639319041733,0.11537600377845322,,,
development01,9,R98-C2,P-GRB,committed_witness,,,,,,,103,1,37.5470000000023,0.4342720185645065,0.11441043470809795,,,
development01,9,R98-C2,P-GRB,committed_witness,,,,,,,113,1,58.28100000000268,0.39565282131701474,0.11168139712447175,,,
development01,9,R98-C2,P-GRB,committed_witness,,,,,,,114,1,58.28100000000268,0.3947972282609275,0.11150439480179325,,,
development01,9,R98-C2,P-GRB,committed_witness,,,,,,,121,1,64.96900000000096,0.39335114567801394,0.11119198641005612,,,
development01,9,R98-C2,P-GRB,committed_witness,,,,,,,122,1,64.96900000000096,0.38456571016374497,0.1102636139940778,,,
development01,9,R98-C2,P-GRB,committed_witness,,,,,,,123,1,64.96900000000096,0.3819852082214661,0.10942466931675614,,,
development01,9,R98-C2,P-GRB,committed_witness,,,,,,,124,1,64.96900000000096,0.38050786456199154,0.10929457394787996,,,
development01,9,R98-C2,P-GRB,committed_witness,,,,,,,127,1,105.81200000000172,0.37910954753285514,0.10924350520934183,,,
development01,9,R98-C2,P-GRB,committed_witness,,,,,,,128,1,110.21900000000096,0.37898853838914964,0.10824282388518518,,,
development01,9,R98-C2,P-GRB,committed_witness,,,,,,,134,1,173.09400000000096,0.3617141992042766,0.09991128757711959,,,
development01,9,R98-C2,P-GRB,committed_witness,,,,,,,135,1,174.0,0.354947686316224,0.10136693377148456,,,
development01,9,R98-C2,P-GRB,committed_witness,,,,,,,136,1,174.0,0.3548818146501451,0.10163129095155948,,,
development01,9,R98-C2,P-GRB,committed_witness,,,,,,,137,1,177.48400000000038,0.3539492074977262,0.10116374291025167,,,
development01,9,R98-C2,P-GRB,committed_witness,,,,,,,138,1,178.63999999999942,0.349966745466214,0.10015040193137104,,,
development01,9,R98-C2,P-GRB,committed_witness,,,,,,,139,1,181.25,0.2895877495914506,0.08442046027298192,,,
development01,9,R98-C2,P-GRB,committed_witness,,,,,,,141,1,205.84400000000096,0.28892085150931895,0.08471947180623489,,,
development01,9,R98-C2,P-GRB,committed_witness,,,,,,,143,1,232.76499999999942,0.2881409289812535,0.08575771723652688,,,
development01,9,R98-C2,P-GRB,committed_witness,,,,,,,144,1,232.76499999999942,0.2797162376108874,0.08292627291879232,,,
development01,9,R98-C2,P-GRB,committed_witness,,,,,,,145,1,232.76499999999942,0.2795288643207958,0.08288397362870077,,,
development01,9,R98-C2,P-GRB,committed_witness,,,,,,,146,1,255.7970000000023,0.2703555451347227,0.0804652269701002,,,
development01,9,R98-C2,P-GRB,committed_witness,,,,,,,150,1,326.1870000000017,0.2565554085026925,0.07851164627698398,,,
development01,9,R98-C2,P-GRB,committed_witness,,,,,,,151,1,326.6090000000004,0.2554168945328975,0.07816497653795824,,,
development01,9,R98-C2,P-GRB,committed_witness,,,,,,,153,1,364.9060000000027,0.23810504065472404,0.07341278419824633,,,
development01,9,R98-C2,P-GRB,committed_witness,,,,,,,169,1,584.6720000000023,0.22955475016851326,0.07057504571203554,,,
development01,9,R98-C2,P-GRB,committed_witness,,,,,,,218,1,1025.125,0.22816226898667405,0.07006744647464078,,,
development01,9,R98-C2,P-GRB,committed_witness,,,,,,,219,1,1031.8280000000013,0.22533732926873973,0.06904154762209104,,,
development01,9,R98-C2,P-GRB,committed_witness,,,,,,,220,1,1032.0149999999994,0.21978508682305367,0.06708738690717428,,,
development01,9,R98-C2,P-GRB,committed_witness,,,,,,,223,1,1103.1720000000023,0.2192891908423042,0.06698741304180937,,,
development01,9,R98-C2,P-GRB,committed_witness,,,,,,,224,1,1114.7030000000013,0.21754358723721018,0.06697105559056148,,,
development01,9,R98-C2,P-GRB,committed_witness,,,,,,,226,1,1135.969000000001,0.20865399250175767,0.06295028792989532,,,
development01,9,R98-C2,P-GRB,committed_witness,,,,,,,227,1,1135.969000000001,0.20651589573096202,0.0631400518727749,,,
development01,9,R98-C2,P-GRB,committed_witness,,,,,,,228,1,1135.969000000001,0.20632894028605847,0.06410592719710212,,,
development01,9,R98-C2,P-GRB,committed_witness,,,,,,,229,1,1145.6720000000023,0.20582503115644704,0.0640114710148591,,,
development01,9,R98-C2,P-GRB,committed_witness,,,,,,,234,1,1269.0,0.20154728315556653,0.06370108154231868,,,
development01,9,R98-C2,P-GRB,committed_witness,,,,,,,235,1,1269.0,0.20103132964826148,0.06549078957347516,,,
development01,9,R98-C2,P-GRB,committed_witness,,,,,,,237,1,1279.2649999999994,0.2006434949454977,0.06640085963994218,,,
development01,9,R98-C2,P-GRB,committed_witness,,,,,,,239,1,1302.719000000001,0.2005435490932453,0.06572449840307436,,,
development01,9,R98-C2,P-GRB,committed_witness,,,,,,,242,1,1323.4370000000017,0.20053984202554717,0.06514437595076086,,,
development01,9,R98-C2,P-GRB,committed_witness,,,,,,,244,1,1343.2649999999994,0.2002509276905069,0.06500053561572058,,,
development01,9,R98-C2,P-GRB,committed_witness,,,,,,,252,1,1455.0620000000017,0.20012758710970008,0.06603002580414455,,,
development01,9,R98-C2,P-GRB,committed_witness,,,,,,,254,1,1466.7649999999994,0.19934222471609048,0.06608545774251876,,,
development01,9,R98-C2,P-GRB,committed_witness,,,,,,,276,1,1721.3120000000017,0.1983028485838244,0.06593096355469713,,,
development01,10,R98-C2,ENS-Q,committed_witness,,,,,,,2,0,3.9219999999986612,0.39162089674952894,0.10291075184702156,,,
development01,10,R98-C2,ENS-Q,committed_witness,,,,,,,26,5,32.42199999999866,0.3693974959973262,0.09686020953611438,,,
development01,10,R98-C2,ENS-Q,committed_witness,,,,,,,27,5,32.48500000000058,0.32700134233150235,0.09081268967017483,,,
development01,10,R98-C2,ENS-Q,committed_witness,,,,,,,28,5,32.48500000000058,0.3254008551692273,0.08879650635405358,,,
development01,10,R98-C2,ENS-Q,committed_witness,,,,,,,29,5,33.29699999999866,0.3247124099408352,0.08783093035643078,,,
development01,10,R98-C2,ENS-Q,committed_witness,,,,,,,30,5,37.2029999999977,0.31594165362389975,0.08697142755640354,,,
development01,10,R98-C2,ENS-Q,committed_witness,,,,,,,35,5,173.01599999999962,0.2983924187071236,0.08185458045071332,,,
development01,10,R98-C2,ENS-Q,committed_witness,,,,,,,37,5,236.67199999999866,0.2857526045482948,0.07940796869573075,,,
development01,10,R98-C2,ENS-Q,committed_witness,,,,,,,40,5,646.844000000001,0.23067987264691586,0.07064264331436979,,,
development01,10,R98-C2,ENS-Q,committed_witness,,,,,,,41,5,847.3909999999996,0.2282770483334377,0.06689437143134276,,,
development01,10,R98-C2,ENS-Q,committed_witness,,,,,,,44,5,1013.719000000001,0.22727452942361087,0.0678523382358016,,,
development01,10,R98-C2,ENS-Q,committed_witness,,,,,,,46,5,1121.4529999999977,0.22545771979445878,0.06829571322203415,,,
development01,10,R98-C2,ENS-Q,committed_witness,,,,,,,47,5,1155.2659999999996,0.22310575331917518,0.06802642699675054,,,
development01,10,R98-C2,ENS-Q,committed_witness,,,,,,,50,5,1402.1100000000006,0.22272886196229846,0.06725312313987382,,,
development01,10,R98-C2,ENS-Q,committed_witness,,,,,,,51,5,1492.4069999999992,0.22252920143940236,0.06718560011697773,,,
development01,10,R98-C2,ENS-Q,committed_witness,,,,,,,52,5,1602.344000000001,0.20481291243643018,0.06377057063781508,,,
development01,10,R98-C2,ENS-Q,committed_witness,,,,,,,53,5,1602.4850000000006,0.20468231507458984,0.06350783577597471,,,
development01,10,R98-C2,ENS-Q,committed_witness,,,,,,,54,5,1605.6569999999992,0.2045518337818567,0.06346535607054317,,,
development01,11,R98-C2,ENS-C,committed_witness,,,,,,,2,0,3.8439999999973224,0.39162089674952894,0.10291075184702156,,,
development01,11,R98-C2,ENS-C,committed_witness,,,,,,,29,5,28.92199999999866,0.3861881986964941,0.1072229366175952,,,
development01,11,R98-C2,ENS-C,committed_witness,,,,,,,30,5,28.92199999999866,0.3856076513078591,0.1059623141277456,,,
development01,11,R98-C2,ENS-C,committed_witness,,,,,,,31,5,29.2029999999977,0.3675964536168212,0.09868383037540059,,,
development01,11,R98-C2,ENS-C,committed_witness,,,,,,,32,5,29.2029999999977,0.3674332705804675,0.09878502628641528,,,
development01,11,R98-C2,ENS-C,committed_witness,,,,,,,33,5,29.35899999999674,0.36736554504956015,0.09831435642352408,,,
development01,11,R98-C2,ENS-C,committed_witness,,,,,,,34,5,29.437999999998283,0.3673376158573973,0.09841224079411434,,,
development01,11,R98-C2,ENS-C,committed_witness,,,,,,,35,5,31.85899999999674,0.36515764919890836,0.10340013196498143,,,
development01,11,R98-C2,ENS-C,committed_witness,,,,,,,36,5,31.85899999999674,0.3567072725082143,0.09792929670906998,,,
development01,11,R98-C2,ENS-C,committed_witness,,,,,,,37,5,32.0,0.35634373798174307,0.09739030503974157,,,
development01,11,R98-C2,ENS-C,committed_witness,,,,,,,38,5,32.06299999999828,0.3497186242602607,0.09225740476962684,,,
development01,11,R98-C2,ENS-C,committed_witness,,,,,,,39,5,34.89099999999962,0.33692333830276594,0.09220017400161166,,,
development01,11,R98-C2,ENS-C,committed_witness,,,,,,,40,5,37.5779999999977,0.33367645200498575,0.09161688464827597,,,
development01,11,R98-C2,ENS-C,committed_witness,,,,,,,41,5,38.40599999999904,0.33342410940022466,0.09176748637549871,,,
development01,11,R98-C2,ENS-C,committed_witness,,,,,,,42,5,44.98399999999674,0.3171021114972541,0.0909216128686634,,,
development01,11,R98-C2,ENS-C,committed_witness,,,,,,,43,5,45.42199999999866,0.31667392924637067,0.09035486523316454,,,
development01,11,R98-C2,ENS-C,committed_witness,,,,,,,44,5,45.71899999999732,0.31641177860439673,0.08995414920657524,,,
development01,11,R98-C2,ENS-C,committed_witness,,,,,,,45,5,46.17199999999866,0.3159702219425512,0.08977697149209814,,,
development01,11,R98-C2,ENS-C,committed_witness,,,,,,,46,5,46.9529999999977,0.29453739763150943,0.08125736518542456,,,
development01,11,R98-C2,ENS-C,committed_witness,,,,,,,47,5,47.25,0.2783021306055728,0.07642392021927048,,,
development01,11,R98-C2,ENS-C,committed_witness,,,,,,,49,5,70.75,0.27758880505447375,0.0761115529099297,,,
development01,11,R98-C2,ENS-C,committed_witness,,,,,,,50,5,86.64099999999962,0.26965565694812577,0.0735157676144551,,,
development01,11,R98-C2,ENS-C,committed_witness,,,,,,,51,5,113.92199999999866,0.2689413526845796,0.07320242159266714,,,
development01,11,R98-C2,ENS-C,committed_witness,,,,,,,52,5,114.03099999999904,0.2612198471966775,0.07081827891563841,,,
development01,11,R98-C2,ENS-C,committed_witness,,,,,,,53,5,153.0779999999977,0.2592476398616487,0.07230456388830188,,,
development01,11,R98-C2,ENS-C,committed_witness,,,,,,,54,5,155.92199999999866,0.25879031125255253,0.07167177813634858,,,
development01,11,R98-C2,ENS-C,committed_witness,,,,,,,59,5,298.75,0.25173115630979376,0.0738839945397436,,,
development01,11,R98-C2,ENS-C,committed_witness,,,,,,,60,5,300.5,0.24347219096907818,0.07211522277913214,,,
development01,11,R98-C2,ENS-C,committed_witness,,,,,,,63,5,573.2969999999987,0.24309038096907815,0.07211522277913214,,,
development01,11,R98-C2,ENS-C,committed_witness,,,,,,,64,5,689.2029999999977,0.24299918815318317,0.07144761457862175,,,
development01,11,R98-C2,ENS-C,committed_witness,,,,,,,65,5,691.280999999999,0.24251121243327678,0.07136059710047359,,,
development01,11,R98-C2,ENS-C,committed_witness,,,,,,,66,5,692.0939999999973,0.24242038868802818,0.07069335797060967,,,
development01,11,R98-C2,ENS-C,committed_witness,,,,,,,69,5,944.5159999999996,0.23406942732750818,0.06825617480557838,,,
development01,11,R98-C2,ENS-C,committed_witness,,,,,,,72,5,1073.8589999999967,0.2326725223275082,0.06825617480557838,,,
development01,11,R98-C2,ENS-C,committed_witness,,,,,,,77,5,1395.4529999999977,0.2323678164377984,0.07060424697676602,,,
development01,11,R98-C2,ENS-C,committed_witness,,,,,,,78,5,1416.3279999999977,0.23217651163158365,0.07081390041230952,,,
development01,11,R98-C2,ENS-C,committed_witness,,,,,,,79,5,1438.3279999999977,0.22708189471687062,0.07440279399759646,,,
development01,11,R98-C2,ENS-C,committed_witness,,,,,,,80,5,1466.5469999999987,0.21838081670690737,0.07161549418312194,,,
development01,11,R98-C2,ENS-C,committed_witness,,,,,,,81,5,1466.7189999999973,0.2169306934139643,0.06871079102906777,,,
development01,11,R98-C2,ENS-C,committed_witness,,,,,,,82,5,1771.655999999999,0.21679898339989198,0.06742625024576471,,,
development01,11,R98-C2,ENS-C,committed_witness,,,,,,,83,5,1771.7189999999973,0.21679306527176728,0.06799674750225536,,,
development01,12,R98-C2,M-B,committed_witness,,,,,,,2,0,3.875,0.39162089674952894,0.10291075184702156,,,
development01,12,R98-C2,M-B,committed_witness,,,,,,,29,5,36.84299999999712,0.38836424139149645,0.10114856552745059,,,
development01,12,R98-C2,M-B,committed_witness,,,,,,,30,5,36.96799999999712,0.37417092477318753,0.0984600539091417,,,
development01,12,R98-C2,M-B,committed_witness,,,,,,,31,5,37.76499999999942,0.37024772766947317,0.0986041018603724,,,
development01,12,R98-C2,M-B,committed_witness,,,,,,,32,5,37.76499999999942,0.37016872946387114,0.09838653827015492,,,
development01,12,R98-C2,M-B,committed_witness,,,,,,,33,5,37.76499999999942,0.3699434283952237,0.09781032291579324,,,
development01,12,R98-C2,M-B,committed_witness,,,,,,,34,5,65.06199999999808,0.36573638100952366,0.09645955153009324,,,
development01,12,R98-C2,M-B,committed_witness,,,,,,,35,5,70.60900000000038,0.32954026099568506,0.09042091928263264,,,
development01,12,R98-C2,M-B,committed_witness,,,,,,,36,5,71.59299999999712,0.3183655551290614,0.087854891916009,,,
development01,12,R98-C2,M-B,committed_witness,,,,,,,37,5,71.73400000000038,0.3182903437708381,0.08821951664801125,,,
development01,12,R98-C2,M-B,committed_witness,,,,,,,38,5,71.92199999999866,0.30964697330117524,0.08503733646174919,,,
development01,12,R98-C2,M-B,committed_witness,,,,,,,39,5,71.98400000000038,0.29911056859915425,0.08261145391357437,,,
development01,12,R98-C2,M-B,committed_witness,,,,,,,64,5,186.98400000000038,0.27511797068810323,0.07980505461349077,,,
development01,12,R98-C2,M-B,committed_witness,,,,,,,65,5,186.98400000000038,0.2750142116182303,0.08067623907302963,,,
development01,12,R98-C2,M-B,committed_witness,,,,,,,66,5,186.98400000000038,0.27491100765188453,0.08154797863609563,,,
development01,12,R98-C2,M-B,committed_witness,,,,,,,67,5,188.48400000000038,0.26116436602945586,0.07909059519411808,,,
development01,12,R98-C2,M-B,committed_witness,,,,,,,69,5,197.18699999999808,0.2576749409428397,0.07312736823250196,,,
development01,12,R98-C2,M-B,committed_witness,,,,,,,73,5,207.17199999999866,0.25191020380209594,0.0737056233994505,,,
development01,12,R98-C2,M-B,committed_witness,,,,,,,74,5,207.17199999999866,0.23904715586876396,0.07010899213278514,,,
development01,12,R98-C2,M-B,committed_witness,,,,,,,75,5,207.31199999999808,0.2266745971495801,0.06715617956744747,,,
development01,12,R98-C2,M-B,committed_witness,,,,,,,96,5,301.0149999999994,0.22467394027576654,0.0677719202168537,,,
development01,12,R98-C2,M-B,committed_witness,,,,,,,101,5,313.40599999999904,0.2237918958221231,0.06715425471057869,,,
development01,12,R98-C2,M-B,committed_witness,,,,,,,104,5,324.9369999999981,0.22361910520813483,0.06703257392565022,,,
development01,12,R98-C2,M-B,committed_witness,,,,,,,108,5,336.03099999999904,0.22035121434902838,0.06606904415251667,,,
development01,12,R98-C2,M-B,committed_witness,,,,,,,109,5,336.03099999999904,0.20929947275227667,0.06423474689965632,,,
development01,12,R98-C2,M-B,committed_witness,,,,,,,110,5,336.15599999999904,0.20848210086427157,0.06661654688665128,,,
development01,12,R98-C2,M-B,committed_witness,,,,,,,115,5,358.53099999999904,0.20773770640190276,0.0673151311935132,,,
development01,12,R98-C2,M-B,committed_witness,,,,,,,117,5,365.67199999999866,0.20036453430900836,0.06494459179292648,,,
development01,12,R98-C2,M-B,committed_witness,,,,,,,128,5,484.375,0.19911142967736106,0.0644959823001681,,,
development01,12,R98-C2,M-B,committed_witness,,,,,,,129,5,503.29699999999866,0.19785605006574972,0.06407373393855675,,,
development01,12,R98-C2,M-B,committed_witness,,,,,,,131,5,532.0,0.19737754791712697,0.06456114140531861,,,
development01,12,R98-C2,M-B,committed_witness,,,,,,,132,5,532.0779999999977,0.1970344851410143,0.06056932935035977,,,
development01,12,R98-C2,M-B,committed_witness,,,,,,,135,5,578.2340000000004,0.19552813812255757,0.058000062059467165,,,
development01,12,R98-C2,M-B,committed_witness,,,,,,,139,5,846.8590000000004,0.19542829238178963,0.057579685175842076,,,
development01,12,R98-C2,M-B,committed_witness,,,,,,,140,5,857.7340000000004,0.19511699719086745,0.056773629609919926,,,
development01,12,R98-C2,M-B,committed_witness,,,,,,,141,5,875.25,0.19482965146908965,0.05824979380023003,,,
development01,12,R98-C2,M-B,committed_witness,,,,,,,150,5,1391.2029999999977,0.19481851445685902,0.057196636260526866,,,
development01,12,R98-C2,M-B,committed_witness,,,,,,,151,5,1391.2029999999977,0.19476995138594422,0.06030206209345821,,,
development01,12,R98-C2,M-B,committed_witness,,,,,,,152,5,1391.2029999999977,0.19470127911559185,0.05901714006349045,,,
development01,12,R98-C2,M-B,committed_witness,,,,,,,153,5,1391.2029999999977,0.19463481569156232,0.05773442687984558,,,
certification_CF01,1,R98-C2,P-GRB,committed_witness,,,,,,,4,1,0.5,1.675364464963297,0.27708008300600634,,,
certification_CF01,1,R98-C2,P-GRB,committed_witness,,,,,,,14,1,3.4839999999967404,1.614785081961061,0.27103233059587584,,,
certification_CF01,1,R98-C2,P-GRB,committed_witness,,,,,,,18,1,4.328000000001339,1.6082834009749787,0.270714680044576,,,
certification_CF01,1,R98-C2,P-GRB,committed_witness,,,,,,,19,1,4.35899999999674,1.4991364426217533,0.2668170750078618,,,
certification_CF01,1,R98-C2,P-GRB,committed_witness,,,,,,,20,1,4.35899999999674,1.4907325689486552,0.2706678450847636,,,
certification_CF01,1,R98-C2,P-GRB,committed_witness,,,,,,,21,1,4.35899999999674,1.37169756272059,0.2725791946276214,,,
certification_CF01,1,R98-C2,P-GRB,committed_witness,,,,,,,22,1,4.35899999999674,1.365372088005811,0.2720061224128423,,,
certification_CF01,1,R98-C2,P-GRB,committed_witness,,,,,,,23,1,4.405999999995402,1.3306626824117629,0.2615578143187944,,,
certification_CF01,1,R98-C2,P-GRB,committed_witness,,,,,,,24,1,4.405999999995402,1.3303554759771257,0.26163153371749065,,,
certification_CF01,1,R98-C2,P-GRB,committed_witness,,,,,,,25,1,4.405999999995402,1.3142997676128407,0.24677114960915808,,,
certification_CF01,1,R98-C2,P-GRB,committed_witness,,,,,,,28,1,5.389999999999418,1.078456737090091,0.2209510769038685,,,
certification_CF01,1,R98-C2,P-GRB,committed_witness,,,,,,,29,1,5.389999999999418,1.0549311826789303,0.21731727360381892,,,
certification_CF01,1,R98-C2,P-GRB,committed_witness,,,,,,,30,1,5.389999999999418,1.0532823546656136,0.21726220630478804,,,
certification_CF01,1,R98-C2,P-GRB,committed_witness,,,,,,,31,1,5.389999999999418,1.0487471155441466,0.21649523162776538,,,
certification_CF01,1,R98-C2,P-GRB,committed_witness,,,,,,,32,1,5.389999999999418,1.0443625882517467,0.21587896877980994,,,
certification_CF01,1,R98-C2,P-GRB,committed_witness,,,,,,,33,1,5.514999999999418,1.0413616739770373,0.21535564875113217,,,
certification_CF01,1,R98-C2,P-GRB,committed_witness,,,,,,,34,1,5.514999999999418,1.0302554726241653,0.2142833245411172,,,
certification_CF01,1,R98-C2,P-GRB,committed_witness,,,,,,,35,1,5.514999999999418,1.0062871463598462,0.21259233260219504,,,
certification_CF01,1,R98-C2,P-GRB,committed_witness,,,,,,,40,1,6.905999999995402,1.0028716818747077,0.2104490914305488,,,
certification_CF01,1,R98-C2,P-GRB,committed_witness,,,,,,,41,1,6.905999999995402,0.9943064106121856,0.21111380975135985,,,
certification_CF01,1,R98-C2,P-GRB,committed_witness,,,,,,,42,1,7.23399999999674,0.9331950674472652,0.19654831673664264,,,
certification_CF01,1,R98-C2,P-GRB,committed_witness,,,,,,,43,1,7.296999999998661,0.9321893684247723,0.19749105123063312,,,
certification_CF01,1,R98-C2,P-GRB,committed_witness,,,,,,,44,1,7.296999999998661,0.9028408180564672,0.19176806648732803,,,
certification_CF01,1,R98-C2,P-GRB,committed_witness,,,,,,,45,1,7.296999999998661,0.9019924957459012,0.19287206096187912,,,
certification_CF01,1,R98-C2,P-GRB,committed_witness,,,,,,,46,1,7.296999999998661,0.8654623016534069,0.1842895888686084,,,
certification_CF01,1,R98-C2,P-GRB,committed_witness,,,,,,,47,1,7.296999999998661,0.8576454758095817,0.1827525937940139,,,
certification_CF01,1,R98-C2,P-GRB,committed_witness,,,,,,,48,1,7.296999999998661,0.8564071782461323,0.18280918003491245,,,
certification_CF01,1,R98-C2,P-GRB,committed_witness,,,,,,,49,1,7.35899999999674,0.8549546652680731,0.18392469919971027,,,
certification_CF01,1,R98-C2,P-GRB,committed_witness,,,,,,,50,1,7.35899999999674,0.82860837720325,0.1805225772063158,,,
certification_CF01,1,R98-C2,P-GRB,committed_witness,,,,,,,51,1,7.375,0.8274850411162643,0.18062143583982707,,,
certification_CF01,1,R98-C2,P-GRB,committed_witness,,,,,,,52,1,7.561999999998079,0.8198356698202978,0.17979903329386046,,,
certification_CF01,1,R98-C2,P-GRB,committed_witness,,,,,,,53,1,7.639999999999418,0.8089334748636086,0.17707252438980275,,,
certification_CF01,1,R98-C2,P-GRB,committed_witness,,,,,,,54,1,7.764999999999418,0.8008471314548182,0.17606067241024542,,,
certification_CF01,1,R98-C2,P-GRB,committed_witness,,,,,,,55,1,7.796999999998661,0.7743293895116842,0.17273216435600044,,,
certification_CF01,1,R98-C2,P-GRB,committed_witness,,,,,,,56,1,7.875,0.7718511068772741,0.17291712513428867,,,
certification_CF01,1,R98-C2,P-GRB,committed_witness,,,,,,,57,1,7.875,0.7623019277129375,0.17262268152550764,,,
certification_CF01,1,R98-C2,P-GRB,committed_witness,,,,,,,58,1,8.56199999999808,0.7586652101719034,0.17250657483006174,,,
certification_CF01,1,R98-C2,P-GRB,committed_witness,,,,,,,59,1,9.203000000001339,0.7527837689074395,0.17158696927988362,,,
certification_CF01,1,R98-C2,P-GRB,committed_witness,,,,,,,60,1,9.343000000000757,0.7470344271469556,0.1707994632336854,,,
certification_CF01,1,R98-C2,P-GRB,committed_witness,,,,,,,61,1,9.389999999999418,0.7317757891707427,0.16721672525747244,,,
certification_CF01,1,R98-C2,P-GRB,committed_witness,,,,,,,62,1,9.389999999999418,0.7192940531273828,0.17314832206738132,,,
certification_CF01,1,R98-C2,P-GRB,committed_witness,,,,,,,63,1,9.546999999998661,0.7188046710928071,0.1734558203899484,,,
certification_CF01,1,R98-C2,P-GRB,committed_witness,,,,,,,64,1,9.703000000001339,0.698236653276482,0.17739776580366542,,,
certification_CF01,1,R98-C2,P-GRB,committed_witness,,,,,,,65,1,9.780999999995402,0.6904511763905123,0.15341354465089366,,,
certification_CF01,1,R98-C2,P-GRB,committed_witness,,,,,,,66,1,9.921999999998661,0.6424533356232426,0.16490136368048405,,,
certification_CF01,1,R98-C2,P-GRB,committed_witness,,,,,,,67,1,9.921999999998661,0.6214840282601226,0.16093869820488835,,,
certification_CF01,1,R98-C2,P-GRB,committed_witness,,,,,,,68,1,9.98399999999674,0.5958306591143498,0.15671380548768693,,,
certification_CF01,1,R98-C2,P-GRB,committed_witness,,,,,,,69,1,10.10899999999674,0.5931410863974165,0.1575990250509734,,,
certification_CF01,1,R98-C2,P-GRB,committed_witness,,,,,,,70,1,10.10899999999674,0.5817372437697965,0.15524273956621065,,,
certification_CF01,1,R98-C2,P-GRB,committed_witness,,,,,,,71,1,10.35899999999674,0.5809035749472805,0.15528518502940888,,,
certification_CF01,1,R98-C2,P-GRB,committed_witness,,,,,,,72,1,11.73399999999674,0.5440100720899479,0.14014753008874295,,,
certification_CF01,1,R98-C2,P-GRB,committed_witness,,,,,,,73,1,11.764999999999418,0.5414006064766155,0.14279436655874386,,,
certification_CF01,1,R98-C2,P-GRB,committed_witness,,,,,,,76,1,15.405999999995402,0.5357171237849198,0.1412867615799603,,,
certification_CF01,1,R98-C2,P-GRB,committed_witness,,,,,,,77,1,15.405999999995402,0.49233940606786475,0.12642205100576234,,,
certification_CF01,1,R98-C2,P-GRB,committed_witness,,,,,,,78,1,15.60899999999674,0.4860124001110789,0.12548403821136972,,,
certification_CF01,1,R98-C2,P-GRB,committed_witness,,,,,,,79,1,17.093000000000757,0.46918184324369383,0.12267190009398465,,,
certification_CF01,1,R98-C2,P-GRB,committed_witness,,,,,,,80,1,17.2809999999954,0.4619130648089268,0.12034207790921761,,,
certification_CF01,1,R98-C2,P-GRB,committed_witness,,,,,,,81,1,18.95300000000134,0.46155986361690315,0.11923621046719397,,,
certification_CF01,1,R98-C2,P-GRB,committed_witness,,,,,,,82,1,24.139999999999418,0.4613104975143393,0.11780245975678695,,,
certification_CF01,1,R98-C2,P-GRB,committed_witness,,,,,,,83,1,24.23399999999674,0.46098845337320116,0.11936675605682529,,,
certification_CF01,1,R98-C2,P-GRB,committed_witness,,,,,,,84,1,24.23399999999674,0.46095384239396753,0.11838897485700348,,,
certification_CF01,1,R98-C2,P-GRB,committed_witness,,,,,,,98,1,35.95300000000134,0.44868507669903535,0.11697908951921417,,,
certification_CF01,1,R98-C2,P-GRB,committed_witness,,,,,,,99,1,36.17199999999866,0.4463882675385645,0.11725972098374325,,,
certification_CF01,1,R98-C2,P-GRB,committed_witness,,,,,,,100,1,36.25,0.43832639319041733,0.11537600377845322,,,
certification_CF01,1,R98-C2,P-GRB,committed_witness,,,,,,,103,1,37.46800000000076,0.4342720185645065,0.11441043470809795,,,
certification_CF01,1,R98-C2,P-GRB,committed_witness,,,,,,,113,1,57.79699999999866,0.39565282131701474,0.11168139712447175,,,
certification_CF01,1,R98-C2,P-GRB,committed_witness,,,,,,,114,1,57.79699999999866,0.3947972282609275,0.11150439480179325,,,
certification_CF01,1,R98-C2,P-GRB,committed_witness,,,,,,,121,1,64.59300000000076,0.39335114567801394,0.11119198641005612,,,
certification_CF01,1,R98-C2,P-GRB,committed_witness,,,,,,,122,1,64.59300000000076,0.38456571016374497,0.1102636139940778,,,
certification_CF01,1,R98-C2,P-GRB,committed_witness,,,,,,,123,1,64.59300000000076,0.3819852082214661,0.10942466931675614,,,
certification_CF01,1,R98-C2,P-GRB,committed_witness,,,,,,,124,1,64.59300000000076,0.38050786456199154,0.10929457394787996,,,
certification_CF01,1,R98-C2,P-GRB,committed_witness,,,,,,,127,1,104.5309999999954,0.37910954753285514,0.10924350520934183,,,
certification_CF01,1,R98-C2,P-GRB,committed_witness,,,,,,,128,1,108.85899999999674,0.37898853838914964,0.10824282388518518,,,
certification_CF01,1,R98-C2,P-GRB,committed_witness,,,,,,,134,1,170.79699999999866,0.3617141992042766,0.09991128757711959,,,
certification_CF01,1,R98-C2,P-GRB,committed_witness,,,,,,,135,1,171.71800000000076,0.354947686316224,0.10136693377148456,,,
certification_CF01,1,R98-C2,P-GRB,committed_witness,,,,,,,136,1,171.71800000000076,0.3548818146501451,0.10163129095155948,,,
certification_CF01,1,R98-C2,P-GRB,committed_witness,,,,,,,137,1,175.29699999999866,0.3539492074977262,0.10116374291025167,,,
certification_CF01,1,R98-C2,P-GRB,committed_witness,,,,,,,138,1,176.45300000000134,0.349966745466214,0.10015040193137104,,,
certification_CF01,1,R98-C2,P-GRB,committed_witness,,,,,,,139,1,179.18699999999808,0.2895877495914506,0.08442046027298192,,,
certification_CF01,1,R98-C2,P-GRB,committed_witness,,,,,,,141,1,203.375,0.28892085150931895,0.08471947180623489,,,
certification_CF01,1,R98-C2,P-GRB,committed_witness,,,,,,,143,1,229.84300000000076,0.2881409289812535,0.08575771723652688,,,
certification_CF01,1,R98-C2,P-GRB,committed_witness,,,,,,,144,1,229.84300000000076,0.2797162376108874,0.08292627291879232,,,
certification_CF01,1,R98-C2,P-GRB,committed_witness,,,,,,,145,1,229.84300000000076,0.2795288643207958,0.08288397362870077,,,
certification_CF01,1,R98-C2,P-GRB,committed_witness,,,,,,,146,1,252.45300000000134,0.2703555451347227,0.0804652269701002,,,
certification_CF01,1,R98-C2,P-GRB,committed_witness,,,,,,,150,1,321.82800000000134,0.2565554085026925,0.07851164627698398,,,
certification_CF01,1,R98-C2,P-GRB,committed_witness,,,,,,,151,1,322.3119999999981,0.2554168945328975,0.07816497653795824,,,
certification_CF01,1,R98-C2,P-GRB,committed_witness,,,,,,,153,1,359.7809999999954,0.23810504065472404,0.07341278419824633,,,
certification_CF01,1,R98-C2,P-GRB,committed_witness,,,,,,,169,1,576.4839999999967,0.22955475016851326,0.07057504571203554,,,
certification_CF01,1,R98-C2,P-GRB,committed_witness,,,,,,,218,1,1012.8119999999981,0.22816226898667405,0.07006744647464078,,,
certification_CF01,1,R98-C2,P-GRB,committed_witness,,,,,,,219,1,1019.5149999999994,0.22533732926873973,0.06904154762209104,,,
certification_CF01,1,R98-C2,P-GRB,committed_witness,,,,,,,220,1,1019.6399999999994,0.21978508682305367,0.06708738690717428,,,
certification_CF01,1,R98-C2,P-GRB,committed_witness,,,,,,,223,1,1090.2969999999987,0.2192891908423042,0.06698741304180937,,,
certification_CF01,1,R98-C2,P-GRB,committed_witness,,,,,,,224,1,1101.6089999999967,0.21754358723721018,0.06697105559056148,,,
certification_CF01,1,R98-C2,P-GRB,committed_witness,,,,,,,226,1,1122.75,0.20865399250175767,0.06295028792989532,,,
certification_CF01,1,R98-C2,P-GRB,committed_witness,,,,,,,227,1,1122.75,0.20651589573096202,0.0631400518727749,,,
certification_CF01,1,R98-C2,P-GRB,committed_witness,,,,,,,228,1,1122.75,0.20632894028605847,0.06410592719710212,,,
certification_CF01,1,R98-C2,P-GRB,committed_witness,,,,,,,229,1,1132.186999999998,0.20582503115644704,0.0640114710148591,,,
certification_CF01,1,R98-C2,P-GRB,committed_witness,,,,,,,234,1,1254.5309999999954,0.20154728315556653,0.06370108154231868,,,
certification_CF01,1,R98-C2,P-GRB,committed_witness,,,,,,,235,1,1254.5309999999954,0.20103132964826148,0.06549078957347516,,,
certification_CF01,1,R98-C2,P-GRB,committed_witness,,,,,,,237,1,1264.8589999999967,0.2006434949454977,0.06640085963994218,,,
certification_CF01,1,R98-C2,P-GRB,committed_witness,,,,,,,239,1,1288.0930000000008,0.2005435490932453,0.06572449840307436,,,
certification_CF01,1,R98-C2,P-GRB,committed_witness,,,,,,,242,1,1308.5930000000008,0.20053984202554717,0.06514437595076086,,,
certification_CF01,1,R98-C2,P-GRB,committed_witness,,,,,,,244,1,1328.3430000000008,0.2002509276905069,0.06500053561572058,,,
certification_CF01,1,R98-C2,P-GRB,committed_witness,,,,,,,252,1,1439.0,0.20012758710970008,0.06603002580414455,,,
certification_CF01,1,R98-C2,P-GRB,committed_witness,,,,,,,254,1,1450.561999999998,0.19934222471609048,0.06608545774251876,,,
certification_CF01,1,R98-C2,P-GRB,committed_witness,,,,,,,276,1,1701.9059999999954,0.1983028485838244,0.06593096355469713,,,
certification_CF01,2,R98-C2,ENS-C,committed_witness,,,,,,,2,0,3.812000000005355,0.39162089674952894,0.10291075184702156,,,
certification_CF01,2,R98-C2,ENS-C,committed_witness,,,,,,,29,5,28.4690000000046,0.3861881986964941,0.1072229366175952,,,
certification_CF01,2,R98-C2,ENS-C,committed_witness,,,,,,,30,5,28.4690000000046,0.3856076513078591,0.1059623141277456,,,
certification_CF01,2,R98-C2,ENS-C,committed_witness,,,,,,,31,5,28.7190000000046,0.3675964536168212,0.09868383037540059,,,
certification_CF01,2,R98-C2,ENS-C,committed_witness,,,,,,,32,5,28.7190000000046,0.3674332705804675,0.09878502628641528,,,
certification_CF01,2,R98-C2,ENS-C,committed_witness,,,,,,,33,5,28.89100000000326,0.36736554504956015,0.09831435642352408,,,
certification_CF01,2,R98-C2,ENS-C,committed_witness,,,,,,,34,5,28.9690000000046,0.3673376158573973,0.09841224079411434,,,
certification_CF01,2,R98-C2,ENS-C,committed_witness,,,,,,,35,5,31.4690000000046,0.36515764919890836,0.10340013196498143,,,
certification_CF01,2,R98-C2,ENS-C,committed_witness,,,,,,,36,5,31.4690000000046,0.3567072725082143,0.09792929670906998,,,
certification_CF01,2,R98-C2,ENS-C,committed_witness,,,,,,,37,5,31.609000000004016,0.35634373798174307,0.09739030503974157,,,
certification_CF01,2,R98-C2,ENS-C,committed_witness,,,,,,,38,5,31.734000000004016,0.3497186242602607,0.09225740476962684,,,
certification_CF01,2,R98-C2,ENS-C,committed_witness,,,,,,,39,5,34.45300000000134,0.33692333830276594,0.09220017400161166,,,
certification_CF01,2,R98-C2,ENS-C,committed_witness,,,,,,,40,5,37.2190000000046,0.33367645200498575,0.09161688464827597,,,
certification_CF01,2,R98-C2,ENS-C,committed_witness,,,,,,,41,5,38.07800000000134,0.33342410940022466,0.09176748637549871,,,
certification_CF01,2,R98-C2,ENS-C,committed_witness,,,,,,,42,5,44.562000000005355,0.3171021114972541,0.0909216128686634,,,
certification_CF01,2,R98-C2,ENS-C,committed_witness,,,,,,,43,5,44.95300000000134,0.31667392924637067,0.09035486523316454,,,
certification_CF01,2,R98-C2,ENS-C,committed_witness,,,,,,,44,5,45.312000000005355,0.31641177860439673,0.08995414920657524,,,
certification_CF01,2,R98-C2,ENS-C,committed_witness,,,,,,,45,5,45.70300000000134,0.3159702219425512,0.08977697149209814,,,
certification_CF01,2,R98-C2,ENS-C,committed_witness,,,,,,,46,5,46.5,0.29453739763150943,0.08125736518542456,,,
certification_CF01,2,R98-C2,ENS-C,committed_witness,,,,,,,47,5,46.812000000005355,0.2783021306055728,0.07642392021927048,,,
certification_CF01,2,R98-C2,ENS-C,committed_witness,,,,,,,49,5,69.81200000000536,0.27758880505447375,0.0761115529099297,,,
certification_CF01,2,R98-C2,ENS-C,committed_witness,,,,,,,50,5,85.56200000000536,0.26965565694812577,0.0735157676144551,,,
certification_CF01,2,R98-C2,ENS-C,committed_witness,,,,,,,51,5,112.70300000000134,0.2689413526845796,0.07320242159266714,,,
certification_CF01,2,R98-C2,ENS-C,committed_witness,,,,,,,52,5,112.79700000000594,0.2612198471966775,0.07081827891563841,,,
certification_CF01,2,R98-C2,ENS-C,committed_witness,,,,,,,53,5,151.85900000000402,0.2592476398616487,0.07230456388830188,,,
certification_CF01,2,R98-C2,ENS-C,committed_witness,,,,,,,54,5,154.76600000000326,0.25879031125255253,0.07167177813634858,,,
certification_CF01,2,R98-C2,ENS-C,committed_witness,,,,,,,59,5,296.5940000000046,0.25173115630979376,0.0738839945397436,,,
certification_CF01,2,R98-C2,ENS-C,committed_witness,,,,,,,60,5,298.31200000000536,0.24347219096907818,0.07211522277913214,,,
certification_CF01,2,R98-C2,ENS-C,committed_witness,,,,,,,63,5,569.9220000000059,0.24309038096907815,0.07211522277913214,,,
certification_CF01,2,R98-C2,ENS-C,committed_witness,,,,,,,64,5,685.2030000000013,0.24299918815318317,0.07144761457862175,,,
certification_CF01,2,R98-C2,ENS-C,committed_witness,,,,,,,65,5,687.375,0.24251121243327678,0.07136059710047359,,,
certification_CF01,2,R98-C2,ENS-C,committed_witness,,,,,,,66,5,688.1560000000027,0.24242038868802818,0.07069335797060967,,,
certification_CF01,2,R98-C2,ENS-C,committed_witness,,,,,,,69,5,941.9530000000013,0.23406942732750818,0.06825617480557838,,,
certification_CF01,2,R98-C2,ENS-C,committed_witness,,,,,,,72,5,1071.0620000000054,0.2326725223275082,0.06825617480557838,,,
certification_CF01,2,R98-C2,ENS-C,committed_witness,,,,,,,77,5,1392.5160000000033,0.2323678164377984,0.07060424697676602,,,
certification_CF01,2,R98-C2,ENS-C,committed_witness,,,,,,,78,5,1413.375,0.23217651163158365,0.07081390041230952,,,
certification_CF01,2,R98-C2,ENS-C,committed_witness,,,,,,,79,5,1435.3910000000033,0.22708189471687062,0.07440279399759646,,,
certification_CF01,2,R98-C2,ENS-C,committed_witness,,,,,,,80,5,1463.734000000004,0.21838081670690737,0.07161549418312194,,,
certification_CF01,2,R98-C2,ENS-C,committed_witness,,,,,,,81,5,1463.9060000000027,0.2169306934139643,0.06871079102906777,,,
certification_CF01,2,R98-C2,ENS-C,committed_witness,,,,,,,82,5,1768.75,0.21679898339989198,0.06742625024576471,,,
certification_CF01,2,R98-C2,ENS-C,committed_witness,,,,,,,83,5,1768.8120000000054,0.21679306527176728,0.06799674750225536,,,
certification_CF01,2,R98-C2,ENS-C,committed_witness,,,,,,,84,5,2075.4370000000054,0.21579360855211863,0.06788217272705116,,,
certification_CF01,2,R98-C2,ENS-C,committed_witness,,,,,,,85,5,2629.6870000000054,0.21513428889428304,0.06649556313866,,,
certification_CF01,2,R98-C2,ENS-C,committed_witness,,,,,,,106,5,5694.781000000003,0.2131794301627292,0.06206690253210617,,,
certification_CF01,3,R98-C2,M-B,committed_witness,,,,,,,2,0,3.7969999999986612,0.39162089674952894,0.10291075184702156,,,
certification_CF01,3,R98-C2,M-B,committed_witness,,,,,,,29,5,36.61000000000058,0.38836424139149645,0.10114856552745059,,,
certification_CF01,3,R98-C2,M-B,committed_witness,,,,,,,30,5,36.78199999999924,0.37417092477318753,0.0984600539091417,,,
certification_CF01,3,R98-C2,M-B,committed_witness,,,,,,,31,5,37.54699999999866,0.37024772766947317,0.0986041018603724,,,
certification_CF01,3,R98-C2,M-B,committed_witness,,,,,,,32,5,37.59399999999732,0.37016872946387114,0.09838653827015492,,,
certification_CF01,3,R98-C2,M-B,committed_witness,,,,,,,33,5,37.59399999999732,0.3699434283952237,0.09781032291579324,,,
certification_CF01,3,R98-C2,M-B,committed_witness,,,,,,,34,5,64.86000000000058,0.36573638100952366,0.09645955153009324,,,
certification_CF01,3,R98-C2,M-B,committed_witness,,,,,,,35,5,70.42199999999866,0.32954026099568506,0.09042091928263264,,,
certification_CF01,3,R98-C2,M-B,committed_witness,,,,,,,36,5,71.45300000000134,0.3183655551290614,0.087854891916009,,,
certification_CF01,3,R98-C2,M-B,committed_witness,,,,,,,37,5,71.53199999999924,0.3182903437708381,0.08821951664801125,,,
certification_CF01,3,R98-C2,M-B,committed_witness,,,,,,,38,5,71.78199999999924,0.30964697330117524,0.08503733646174919,,,
certification_CF01,3,R98-C2,M-B,committed_witness,,,,,,,39,5,71.78199999999924,0.29911056859915425,0.08261145391357437,,,
certification_CF01,3,R98-C2,M-B,committed_witness,,,,,,,64,5,186.98500000000058,0.27511797068810323,0.07980505461349077,,,
certification_CF01,3,R98-C2,M-B,committed_witness,,,,,,,65,5,186.98500000000058,0.2750142116182303,0.08067623907302963,,,
certification_CF01,3,R98-C2,M-B,committed_witness,,,,,,,66,5,186.98500000000058,0.27491100765188453,0.08154797863609563,,,
certification_CF01,3,R98-C2,M-B,committed_witness,,,,,,,67,5,188.40699999999924,0.26116436602945586,0.07909059519411808,,,
certification_CF01,3,R98-C2,M-B,committed_witness,,,,,,,69,5,197.23500000000058,0.2576749409428397,0.07312736823250196,,,
certification_CF01,3,R98-C2,M-B,committed_witness,,,,,,,73,5,207.26599999999598,0.25191020380209594,0.0737056233994505,,,
certification_CF01,3,R98-C2,M-B,committed_witness,,,,,,,74,5,207.26599999999598,0.23904715586876396,0.07010899213278514,,,
certification_CF01,3,R98-C2,M-B,committed_witness,,,,,,,75,5,207.32800000000134,0.2266745971495801,0.06715617956744747,,,
certification_CF01,3,R98-C2,M-B,committed_witness,,,,,,,96,5,301.17199999999866,0.22467394027576654,0.0677719202168537,,,
certification_CF01,3,R98-C2,M-B,committed_witness,,,,,,,101,5,313.625,0.2237918958221231,0.06715425471057869,,,
certification_CF01,3,R98-C2,M-B,committed_witness,,,,,,,104,5,325.15699999999924,0.22361910520813483,0.06703257392565022,,,
certification_CF01,3,R98-C2,M-B,committed_witness,,,,,,,108,5,336.2350000000006,0.22035121434902838,0.06606904415251667,,,
certification_CF01,3,R98-C2,M-B,committed_witness,,,,,,,109,5,336.3130000000019,0.20929947275227667,0.06423474689965632,,,
certification_CF01,3,R98-C2,M-B,committed_witness,,,,,,,110,5,336.375,0.20848210086427157,0.06661654688665128,,,
certification_CF01,3,R98-C2,M-B,committed_witness,,,,,,,115,5,358.79699999999866,0.20773770640190276,0.0673151311935132,,,
certification_CF01,3,R98-C2,M-B,committed_witness,,,,,,,117,5,366.0,0.20036453430900836,0.06494459179292648,,,
certification_CF01,3,R98-C2,M-B,committed_witness,,,,,,,128,5,484.65699999999924,0.19911142967736106,0.0644959823001681,,,
certification_CF01,3,R98-C2,M-B,committed_witness,,,,,,,129,5,503.4380000000019,0.19785605006574972,0.06407373393855675,,,
certification_CF01,3,R98-C2,M-B,committed_witness,,,,,,,131,5,532.1569999999992,0.19737754791712697,0.06456114140531861,,,
certification_CF01,3,R98-C2,M-B,committed_witness,,,,,,,132,5,532.2189999999973,0.1970344851410143,0.06056932935035977,,,
certification_CF01,3,R98-C2,M-B,committed_witness,,,,,,,135,5,577.9850000000006,0.19552813812255757,0.058000062059467165,,,
certification_CF01,3,R98-C2,M-B,committed_witness,,,,,,,139,5,845.875,0.19542829238178963,0.057579685175842076,,,
certification_CF01,3,R98-C2,M-B,committed_witness,,,,,,,140,5,856.625,0.19511699719086745,0.056773629609919926,,,
certification_CF01,3,R98-C2,M-B,committed_witness,,,,,,,141,5,874.015999999996,0.19482965146908965,0.05824979380023003,,,
certification_CF01,3,R98-C2,M-B,committed_witness,,,,,,,150,5,1387.625,0.19481851445685902,0.057196636260526866,,,
certification_CF01,3,R98-C2,M-B,committed_witness,,,,,,,151,5,1387.625,0.19476995138594422,0.06030206209345821,,,
certification_CF01,3,R98-C2,M-B,committed_witness,,,,,,,152,5,1387.625,0.19470127911559185,0.05901714006349045,,,
certification_CF01,3,R98-C2,M-B,committed_witness,,,,,,,153,5,1387.625,0.19463481569156232,0.05773442687984558,,,
certification_CF01,3,R98-C2,M-B,committed_witness,,,,,,,196,5,2439.265999999996,0.19443969903610578,0.057218779081531855,,,
certification_CF01,4,F5,ENS-C,committed_witness,,,,,,,2,0,12.485000000000582,0.38430409168754603,0.07956430998935292,,,
certification_CF01,4,F5,ENS-C,committed_witness,,,,,,,29,7,552.2819999999992,0.38415671784513805,0.07941689639539222,,,
certification_CF01,4,F5,ENS-C,committed_witness,,,,,,,30,7,552.515999999996,0.3835867685908011,0.08044522167521669,,,
certification_CF01,4,F5,ENS-C,committed_witness,,,,,,,31,7,556.8129999999946,0.36887562321071843,0.08060524858791485,,,
certification_CF01,4,F5,ENS-C,committed_witness,,,,,,,32,7,560.0319999999992,0.36114666576571025,0.07550482997101694,,,
certification_CF01,4,F5,ENS-C,committed_witness,,,,,,,33,7,562.1569999999992,0.36073188522523814,0.07473778348851584,,,
certification_CF01,4,F5,ENS-C,committed_witness,,,,,,,34,7,564.125,0.3527241902518654,0.07605862471215152,,,
certification_CF01,4,F5,ENS-C,committed_witness,,,,,,,35,7,566.9219999999987,0.3524778486444216,0.07629001788731644,,,
certification_CF01,4,F5,ENS-C,committed_witness,,,,,,,36,7,567.5,0.35140664398300037,0.07684186176485625,,,
certification_CF01,4,F5,ENS-C,committed_witness,,,,,,,37,7,567.6719999999987,0.33346575790920724,0.07642250978197217,,,
certification_CF01,4,F5,ENS-C,committed_witness,,,,,,,38,7,570.875,0.33329141004083557,0.07627475952229612,,,
certification_CF01,4,F5,ENS-C,committed_witness,,,,,,,39,7,571.9219999999987,0.3332303238411612,0.075945165442187,,,
certification_CF01,4,F5,ENS-C,committed_witness,,,,,,,40,7,608.2189999999973,0.3332219561003331,0.07578986645135896,,,
certification_CF01,4,F5,ENS-C,committed_witness,,,,,,,41,7,617.5469999999987,0.33316121082432537,0.07510834735288743,,,
certification_CF01,4,F5,ENS-C,committed_witness,,,,,,,42,7,620.640999999996,0.3331090624953472,0.07542336424130065,,,
certification_CF01,4,F5,ENS-C,committed_witness,,,,,,,43,7,627.4219999999987,0.3331053852996538,0.07556661829560711,,,
certification_CF01,4,F5,ENS-C,committed_witness,,,,,,,44,7,640.75,0.330690923576632,0.07602791032258539,,,
certification_CF01,4,F5,ENS-C,committed_witness,,,,,,,45,7,948.5469999999987,0.33052949038936363,0.07483127554440795,,,
certification_CF01,4,F5,ENS-C,committed_witness,,,,,,,46,7,948.5469999999987,0.33015375215179255,0.07534257900644156,,,
certification_CF01,4,F5,ENS-C,committed_witness,,,,,,,47,7,948.6719999999987,0.33003557790562,0.07546327215157339,,,
certification_CF01,4,F5,ENS-C,committed_witness,,,,,,,48,7,988.1569999999992,0.3297571657322476,0.0747643562444348,,,
certification_CF01,4,F5,ENS-C,committed_witness,,,,,,,49,7,988.265999999996,0.32962126460809155,0.07496336226313588,,,
certification_CF01,4,F5,ENS-C,committed_witness,,,,,,,50,7,996.4219999999987,0.3296149261662086,0.0748663163212529,,,
certification_CF01,4,F5,ENS-C,committed_witness,,,,,,,51,7,1083.140999999996,0.3295422859420775,0.07464674484712179,,,
certification_CF01,4,F5,ENS-C,committed_witness,,,,,,,52,7,1160.3129999999946,0.3295369905242713,0.07428918348728661,,,
certification_CF01,4,F5,ENS-C,committed_witness,,,,,,,53,7,1196.453999999998,0.32950410717326206,0.07452480801671214,,,
certification_CF01,4,F5,ENS-C,committed_witness,,,,,,,64,7,3591.4219999999987,0.32932369464104827,0.07668690146793514,,,
certification_CF01,4,F5,ENS-C,committed_witness,,,,,,,65,7,4055.9219999999987,0.32303055888275073,0.07622445394721525,,,
certification_CF01,4,F5,ENS-C,committed_witness,,,,,,,66,7,4057.8439999999973,0.3229494511025287,0.07611632821244785,,,
certification_CF01,4,F5,ENS-C,committed_witness,,,,,,,67,7,4106.546999999999,0.3167977620914811,0.07638448590594563,,,
certification_CF01,4,F5,ENS-C,committed_witness,,,,,,,68,7,4122.093999999997,0.3158123137539637,0.07775697071280102,,,
certification_CF01,4,F5,ENS-C,committed_witness,,,,,,,69,7,4122.093999999997,0.31543156924849225,0.07649413757096594,,,
certification_CF01,4,F5,ENS-C,committed_witness,,,,,,,70,7,4147.360000000001,0.3153846866783129,0.07643304372259106,,,
certification_CF01,4,F5,ENS-C,committed_witness,,,,,,,71,7,4186.328999999998,0.3146005305012389,0.07618564384803807,,,
certification_CF01,4,F5,ENS-C,committed_witness,,,,,,,72,7,4204.390999999996,0.3145194440641997,0.07684150977921887,,,
certification_CF01,4,F5,ENS-C,committed_witness,,,,,,,73,7,4204.390999999996,0.31443967423063424,0.07617368085474432,,,
certification_CF01,4,F5,ENS-C,committed_witness,,,,,,,74,7,4797.562999999995,0.31442682783237696,0.0764548640019416,,,
certification_CF01,4,F5,ENS-C,committed_witness,,,,,,,75,7,4958.328999999998,0.3139451474403393,0.0760247950970581,,,
certification_CF01,4,F5,ENS-C,committed_witness,,,,,,,76,7,5846.360000000001,0.3136277562774781,0.07821941553639908,,,
certification_CF01,4,F5,ENS-C,committed_witness,,,,,,,77,7,5846.578999999998,0.3131707601076356,0.07688033073019297,,,
certification_CF01,4,F5,ENS-C,committed_witness,,,,,,,78,7,5846.843999999997,0.31290339626665775,0.07736347756468091,,,
certification_CF01,4,F5,ENS-C,committed_witness,,,,,,,79,7,5869.593999999997,0.31286684580574164,0.07762095664921935,,,
certification_CF01,5,F5,M-B,committed_witness,,,,,,,2,0,12.218000000000757,0.38430409168754603,0.07956430998935292,,,
certification_CF01,5,F5,M-B,committed_witness,,,,,,,31,7,1977.9059999999954,0.3839089394566721,0.07926761728228858,,,
certification_CF01,5,F5,M-B,committed_witness,,,,,,,32,7,2038.0149999999994,0.383880895904282,0.07888730778786948,,,
certification_CF01,5,F5,M-B,committed_witness,,,,,,,33,7,2103.9839999999967,0.3838706393635205,0.07945082578126945,,,
certification_CF01,5,F5,M-B,committed_witness,,,,,,,34,7,2104.1089999999967,0.38387011396640525,0.08005633299284982,,,
certification_CF01,5,F5,M-B,committed_witness,,,,,,,35,7,2183.6089999999967,0.383868859402001,0.08032209001935472,,,
certification_CF01,5,F5,M-B,committed_witness,,,,,,,36,7,2195.9219999999987,0.38185249418665207,0.07722975031572232,,,
certification_CF01,5,F5,M-B,committed_witness,,,,,,,37,7,2195.9680000000008,0.37739247002059506,0.07689478370401306,,,
certification_CF01,5,F5,M-B,committed_witness,,,,,,,38,7,2195.9680000000008,0.3766982064442783,0.07834902130005666,,,
certification_CF01,5,F5,M-B,committed_witness,,,,,,,39,7,2196.0780000000013,0.37643014429823407,0.07781755995111381,,,
certification_CF01,5,F5,M-B,committed_witness,,,,,,,40,7,2196.0780000000013,0.3763530266483712,0.07610307246429454,,,
certification_CF01,5,F5,M-B,committed_witness,,,,,,,41,7,2196.2030000000013,0.3757678261641448,0.07593633937137238,,,
certification_CF01,5,F5,M-B,committed_witness,,,,,,,42,7,2240.936999999998,0.3748599178308114,0.07593633937137238,,,
certification_CF01,5,F5,M-B,committed_witness,,,,,,,43,7,2241.2809999999954,0.3748322340321655,0.07573235148181737,,,
certification_CF01,5,F5,M-B,committed_witness,,,,,,,44,7,2339.7180000000008,0.3746856911750398,0.0759362790792372,,,
certification_CF01,5,F5,M-B,committed_witness,,,,,,,45,7,2578.5930000000008,0.3742832289378799,0.07547022993731536,,,
certification_CF01,5,F5,M-B,committed_witness,,,,,,,46,7,2607.8430000000008,0.37423941015831236,0.07482037854905214,,,
certification_CF01,5,F5,M-B,committed_witness,,,,,,,47,7,2760.1719999999987,0.374235020038567,0.07499229252021589,,,
certification_CF01,5,F5,M-B,committed_witness,,,,,,,48,7,3270.0930000000008,0.37382368495730933,0.07625806713428095,,,
certification_CF01,5,F5,M-B,committed_witness,,,,,,,49,7,3271.125,0.37346714867056446,0.07563302296710134,,,
certification_CF01,5,F5,M-B,committed_witness,,,,,,,50,7,5140.718000000001,0.34884818550637914,0.0820238738093624,,,
certification_CF01,5,F5,M-B,committed_witness,,,,,,,51,7,5149.530999999995,0.3462164688985453,0.08247124470152854,,,
certification_CF01,5,F5,M-B,committed_witness,,,,,,,52,7,5164.546999999999,0.3450212708782665,0.0821129814638585,,,
certification_CF01,5,F5,M-B,committed_witness,,,,,,,54,7,6115.686999999998,0.3449676329796237,0.08229821095651994,,,
certification_CF01,5,F5,M-B,committed_witness,,,,,,,55,7,6123.171999999999,0.3449413791221559,0.08252572376571887,,,
certification_CF01,5,F5,M-B,committed_witness,,,,,,,56,7,6124.389999999992,0.3351624168077998,0.08363282978140231,,,
certification_CF01,5,F5,M-B,committed_witness,,,,,,,57,7,6127.514999999992,0.3341030890231459,0.08352055699674837,,,
certification_CF01,5,F5,M-B,committed_witness,,,,,,,58,7,6364.546999999999,0.3330258612629852,0.08370389401919645,,,
certification_CF01,5,F5,M-B,committed_witness,,,,,,,59,7,6373.749999999993,0.3272257700013552,0.0843781008553925,,,
certification_CF01,5,F5,M-B,committed_witness,,,,,,,60,7,6411.389999999992,0.32629960627475874,0.08129190374370289,,,
certification_CF01,5,F5,M-B,committed_witness,,,,,,,61,7,7115.468000000001,0.32626300335641073,0.08041536821665919,,,
certification_CF01,5,F5,M-B,committed_witness,,,,,,,62,7,7115.546999999999,0.3245686105498169,0.08322181935416473,,,
certification_CF01,5,F5,M-B,committed_witness,,,,,,,63,7,7115.609000000004,0.32449915068726815,0.08399229210031169,,,
certification_CF01,5,F5,M-B,committed_witness,,,,,,,64,7,7119.859000000004,0.3241440643600855,0.0830753724397957,,,
certification_CF01,5,F5,M-B,committed_witness,,,,,,,65,7,7119.905999999995,0.3239010525066471,0.08303569433635723,,,
certification_CF01,5,F5,M-B,committed_witness,,,,,,,66,7,7119.968000000001,0.32384185110474845,0.08357966168445857,,,
certification_CF01,5,F5,M-B,committed_witness,,,,,,,67,7,7123.624999999993,0.3236240625097546,0.08353860923076914,,,
certification_CF01,6,F5,P-GRB,committed_witness,,,,,,,4,1,1.562999999994645,1.8522826333175892,0.22914144239661344,,,
certification_CF01,6,F5,P-GRB,committed_witness,,,,,,,16,1,17.781999999991967,1.5979210883934685,0.2116807413957712,,,
certification_CF01,6,F5,P-GRB,committed_witness,,,,,,,17,1,17.781999999991967,1.5914829279238378,0.21121926842614064,,,
certification_CF01,6,F5,P-GRB,committed_witness,,,,,,,18,1,17.843999999997322,1.5516987726632259,0.21090782624097668,,,
certification_CF01,6,F5,P-GRB,committed_witness,,,,,,,19,1,17.843999999997322,1.5474038507566161,0.2105888359133142,,,
certification_CF01,6,F5,P-GRB,committed_witness,,,,,,,20,1,17.906999999991967,1.4960910913697314,0.20643754747305712,,,
certification_CF01,6,F5,P-GRB,committed_witness,,,,,,,21,1,17.906999999991967,1.4697618567495772,0.2055052028529028,,,
certification_CF01,6,F5,P-GRB,committed_witness,,,,,,,22,1,17.968999999997322,1.4682240664608528,0.20606811844653142,,,
certification_CF01,6,F5,P-GRB,committed_witness,,,,,,,23,1,18.031999999991967,1.4584765591515405,0.20552472926221912,,,
certification_CF01,6,F5,P-GRB,committed_witness,,,,,,,24,1,18.031999999991967,1.4498356929364364,0.2051464986721153,,,
certification_CF01,6,F5,P-GRB,committed_witness,,,,,,,25,1,18.031999999991967,1.4209542507326185,0.20497950732614068,,,
certification_CF01,6,F5,P-GRB,committed_witness,,,,,,,26,1,18.093999999997322,1.4110336995903852,0.20436194088785467,,,
certification_CF01,6,F5,P-GRB,committed_witness,,,,,,,27,1,18.093999999997322,1.3444602770042495,0.19898918580171923,,,
certification_CF01,6,F5,P-GRB,committed_witness,,,,,,,28,1,18.093999999997322,1.3073561953253297,0.19486010706397572,,,
certification_CF01,6,F5,P-GRB,committed_witness,,,,,,,31,1,22.953999999997905,1.275838602712722,0.19113026445136788,,,
certification_CF01,6,F5,P-GRB,committed_witness,,,,,,,32,1,23.01600000000326,1.263909731790111,0.190394975881698,,,
certification_CF01,6,F5,P-GRB,committed_witness,,,,,,,33,1,23.01600000000326,1.2602975038494977,0.19025621669108483,,,
certification_CF01,6,F5,P-GRB,committed_witness,,,,,,,34,1,23.110000000000582,1.2424192040310535,0.18606338115835497,,,
certification_CF01,6,F5,P-GRB,committed_witness,,,,,,,35,1,23.110000000000582,1.231819718679379,0.18458753866382346,,,
certification_CF01,6,F5,P-GRB,committed_witness,,,,,,,36,1,23.26600000000326,1.1751831527359884,0.17856089289900431,,,
certification_CF01,6,F5,P-GRB,committed_witness,,,,,,,37,1,23.343999999997322,1.1696411810000398,0.1767751383059127,,,
certification_CF01,6,F5,P-GRB,committed_witness,,,,,,,38,1,23.343999999997322,1.1657414655708906,0.17663164001962076,,,
certification_CF01,6,F5,P-GRB,committed_witness,,,,,,,39,1,23.343999999997322,1.1645321471734298,0.17730043019358838,,,
certification_CF01,6,F5,P-GRB,committed_witness,,,,,,,40,1,23.610000000000582,1.133871268064801,0.17464003316829294,,,
certification_CF01,6,F5,P-GRB,committed_witness,,,,,,,41,1,23.735000000000582,1.0880509405987546,0.17158586454188532,,,
certification_CF01,6,F5,P-GRB,committed_witness,,,,,,,52,1,42.687999999994645,1.0733276098368445,0.1690530587799753,,,
certification_CF01,6,F5,P-GRB,committed_witness,,,,,,,53,1,43.40699999999197,1.0604688472965087,0.16318046171582973,,,
certification_CF01,6,F5,P-GRB,committed_witness,,,,,,,54,1,43.59399999999732,1.043461419717827,0.16001394485143372,,,
certification_CF01,6,F5,P-GRB,committed_witness,,,,,,,55,1,43.703999999997905,1.0326982631700121,0.1596314713393333,,,
certification_CF01,6,F5,P-GRB,committed_witness,,,,,,,56,1,43.828999999997905,1.0318484811233941,0.15937172887604847,,,
certification_CF01,6,F5,P-GRB,committed_witness,,,,,,,59,1,53.953999999997905,1.0194768118887443,0.15860141578810746,,,
certification_CF01,6,F5,P-GRB,committed_witness,,,,,,,60,1,56.96899999999732,0.9745089303510412,0.15672426819425453,,,
certification_CF01,6,F5,P-GRB,committed_witness,,,,,,,61,1,56.96899999999732,0.9654803502102856,0.15733344668445123,,,
certification_CF01,6,F5,P-GRB,committed_witness,,,,,,,62,1,57.03199999999197,0.9597687666396203,0.15714499019711928,,,
certification_CF01,6,F5,P-GRB,committed_witness,,,,,,,63,1,57.09399999999732,0.9562145033519232,0.15668774357608883,,,
certification_CF01,6,F5,P-GRB,committed_witness,,,,,,,64,1,57.21899999999732,0.9505258566303636,0.15719313018786274,,,
certification_CF01,6,F5,P-GRB,committed_witness,,,,,,,66,1,61.171999999991385,0.8908433537792716,0.15416603935328677,,,
certification_CF01,6,F5,P-GRB,committed_witness,,,,,,,67,1,61.171999999991385,0.8872703621411385,0.15171773125552646,,,
certification_CF01,6,F5,P-GRB,committed_witness,,,,,,,68,1,61.171999999991385,0.8807587043173122,0.15089808771741425,,,
certification_CF01,6,F5,P-GRB,committed_witness,,,,,,,69,1,61.171999999991385,0.8802419229206949,0.15097134590413028,,,
certification_CF01,6,F5,P-GRB,committed_witness,,,,,,,70,1,78.01600000000326,0.8787823101756902,0.15108608857579245,,,
certification_CF01,6,F5,P-GRB,committed_witness,,,,,,,71,1,78.0789999999979,0.8782654438984131,0.15115926188184856,,,
certification_CF01,6,F5,P-GRB,committed_witness,,,,,,,72,1,81.23500000000058,0.8768986058470473,0.14755349084629296,,,
certification_CF01,6,F5,P-GRB,committed_witness,,,,,,,73,1,81.71899999999732,0.8761250035792254,0.1476327789951378,,,
certification_CF01,6,F5,P-GRB,committed_witness,,,,,,,74,1,81.71899999999732,0.8756914800305742,0.1477892950298199,,,
certification_CF01,6,F5,P-GRB,committed_witness,,,,,,,75,1,85.65699999999197,0.8740059903390639,0.1480996101209184,,,
certification_CF01,6,F5,P-GRB,committed_witness,,,,,,,76,1,86.73500000000058,0.8703317597627188,0.14675645704457327,,,
certification_CF01,6,F5,P-GRB,committed_witness,,,,,,,77,1,89.0,0.8592146446452886,0.14510614192714313,,,
certification_CF01,6,F5,P-GRB,committed_witness,,,,,,,78,1,89.14100000000326,0.8590207534818826,0.14551675576373715,,,
certification_CF01,6,F5,P-GRB,committed_witness,,,,,,,79,1,91.26600000000326,0.8474326385366885,0.14301035478593424,,,
certification_CF01,6,F5,P-GRB,committed_witness,,,,,,,80,1,99.09399999999732,0.7927627286268589,0.13706313435980044,,,
certification_CF01,6,F5,P-GRB,committed_witness,,,,,,,81,1,100.17199999999139,0.7350102483786094,0.13417462731289656,,,
certification_CF01,6,F5,P-GRB,committed_witness,,,,,,,82,1,101.40699999999197,0.7326228624239575,0.1307068928722199,,,
certification_CF01,6,F5,P-GRB,committed_witness,,,,,,,83,1,101.54699999999139,0.7323269767723621,0.13076447950323317,,,
certification_CF01,6,F5,P-GRB,committed_witness,,,,,,,84,1,101.61000000000058,0.7323011738312725,0.13234214139133618,,,
certification_CF01,6,F5,P-GRB,committed_witness,,,,,,,85,1,101.73500000000058,0.7320411377945156,0.1320001570626538,,,
certification_CF01,6,F5,P-GRB,committed_witness,,,,,,,86,1,101.79699999999139,0.7319003564873332,0.1327881543268999,,,
certification_CF01,6,F5,P-GRB,committed_witness,,,,,,,87,1,101.86000000000058,0.7316013542487303,0.13284262437090577,,,
certification_CF01,6,F5,P-GRB,committed_witness,,,,,,,88,1,101.86000000000058,0.7314262472260925,0.13235792449112513,,,
certification_CF01,6,F5,P-GRB,committed_witness,,,,,,,89,1,109.59399999999732,0.7310311811294065,0.13248578553729615,,,
certification_CF01,6,F5,P-GRB,committed_witness,,,,,,,90,1,109.59399999999732,0.7309499167386779,0.13209831375526337,,,
certification_CF01,6,F5,P-GRB,committed_witness,,,,,,,91,1,109.65699999999197,0.7307451285127469,0.1334531109330589,,,
certification_CF01,6,F5,P-GRB,committed_witness,,,,,,,92,1,109.65699999999197,0.730729097837203,0.134062076530807,,,
certification_CF01,6,F5,P-GRB,committed_witness,,,,,,,93,1,118.79699999999139,0.7206976633170661,0.13272551884570832,,,
certification_CF01,6,F5,P-GRB,committed_witness,,,,,,,94,1,118.79699999999139,0.7199307298050893,0.13246893098590554,,,
certification_CF01,6,F5,P-GRB,committed_witness,,,,,,,95,1,118.86000000000058,0.7198072860304756,0.1331780072112919,,,
certification_CF01,6,F5,P-GRB,committed_witness,,,,,,,96,1,118.86000000000058,0.7197868641838018,0.13325965449505284,,,
certification_CF01,6,F5,P-GRB,committed_witness,,,,,,,97,1,124.78199999999197,0.7196066849601057,0.1322942201626611,,,
certification_CF01,6,F5,P-GRB,committed_witness,,,,,,,98,1,124.78199999999197,0.7193108105394299,0.13303500400285495,,,
certification_CF01,6,F5,P-GRB,committed_witness,,,,,,,99,1,124.84399999999732,0.719290416093477,0.13311667868733673,,,
certification_CF01,6,F5,P-GRB,committed_witness,,,,,,,100,1,125.54699999999139,0.7116429164040551,0.13074872280085095,,,
certification_CF01,6,F5,P-GRB,committed_witness,,,,,,,101,1,125.54699999999139,0.7019856652554948,0.12909131450943356,,,
certification_CF01,6,F5,P-GRB,committed_witness,,,,,,,102,1,125.54699999999139,0.7014297423622027,0.1304045698770111,,,
certification_CF01,6,F5,P-GRB,committed_witness,,,,,,,103,1,125.54699999999139,0.7012781916662245,0.13035508831146764,,,
certification_CF01,6,F5,P-GRB,committed_witness,,,,,,,104,1,125.625,0.6990563132382818,0.1299932317017067,,,
certification_CF01,6,F5,P-GRB,committed_witness,,,,,,,105,1,125.625,0.6977844481689328,0.12980633291200194,,,
certification_CF01,6,F5,P-GRB,committed_witness,,,,,,,106,1,125.75,0.6976176320008615,0.13070531061744836,,,
certification_CF01,6,F5,P-GRB,committed_witness,,,,,,,107,1,125.75,0.6974936469264882,0.13061692907568387,,,
certification_CF01,6,F5,P-GRB,committed_witness,,,,,,,108,1,125.81299999999464,0.697194803699563,0.13063595459875865,,,
certification_CF01,6,F5,P-GRB,committed_witness,,,,,,,109,1,126.79699999999139,0.6954339668145942,0.1307170640906015,,,
certification_CF01,6,F5,P-GRB,committed_witness,,,,,,,110,1,126.79699999999139,0.6946565772065852,0.1311921323630273,,,
certification_CF01,6,F5,P-GRB,committed_witness,,,,,,,111,1,127.65699999999197,0.627305138334424,0.11599788030504828,,,
certification_CF01,6,F5,P-GRB,committed_witness,,,,,,,112,1,127.73500000000058,0.6247079304103542,0.11673432043998477,,,
certification_CF01,6,F5,P-GRB,committed_witness,,,,,,,113,1,127.73500000000058,0.624258488016111,0.11815986686561727,,,
certification_CF01,6,F5,P-GRB,committed_witness,,,,,,,114,1,128.42199999999139,0.6102959745742261,0.11638787842373244,,,
certification_CF01,6,F5,P-GRB,committed_witness,,,,,,,115,1,128.48500000000058,0.5985556753817763,0.11555113140519573,,,
certification_CF01,6,F5,P-GRB,committed_witness,,,,,,,116,1,128.625,0.5985341888897849,0.11577218661280904,,,
certification_CF01,6,F5,P-GRB,committed_witness,,,,,,,117,1,129.61000000000058,0.5985268216205667,0.11600736104319549,,,
certification_CF01,6,F5,P-GRB,committed_witness,,,,,,,118,1,130.86000000000058,0.590845342586274,0.11324464854381723,,,
certification_CF01,6,F5,P-GRB,committed_witness,,,,,,,119,1,130.86000000000058,0.5908238368061067,0.11317229537234554,,,
certification_CF01,6,F5,P-GRB,committed_witness,,,,,,,120,1,130.86000000000058,0.5905264693102037,0.11316831696735169,,,
certification_CF01,6,F5,P-GRB,committed_witness,,,,,,,121,1,130.92199999999139,0.5902850828372608,0.11365455559322298,,,
certification_CF01,6,F5,P-GRB,committed_witness,,,,,,,122,1,132.78199999999197,0.5824476779934552,0.11204793824941735,,,
certification_CF01,6,F5,P-GRB,committed_witness,,,,,,,123,1,132.78199999999197,0.5680980870515672,0.10883790412571116,,,
certification_CF01,6,F5,P-GRB,committed_witness,,,,,,,124,1,132.78199999999197,0.5671573282531056,0.10873408010985829,,,
certification_CF01,6,F5,P-GRB,committed_witness,,,,,,,125,1,135.17199999999139,0.5598883267346534,0.10692064525807275,,,
certification_CF01,6,F5,P-GRB,committed_witness,,,,,,,126,1,138.04699999999139,0.554338498486545,0.10914406086866003,,,
certification_CF01,6,F5,P-GRB,committed_witness,,,,,,,127,1,141.59399999999732,0.5494794184682478,0.10885419543369604,,,
certification_CF01,6,F5,P-GRB,committed_witness,,,,,,,128,1,153.18799999999464,0.5429969329065437,0.10800221711836877,,,
certification_CF01,6,F5,P-GRB,committed_witness,,,,,,,129,1,179.61000000000058,0.5426878110509983,0.10777298964688141,,,
certification_CF01,6,F5,P-GRB,committed_witness,,,,,,,130,1,179.61000000000058,0.542182501250236,0.10762115212872775,,,
certification_CF01,6,F5,P-GRB,committed_witness,,,,,,,131,1,179.73500000000058,0.5421540747886394,0.10794619794973981,,,
certification_CF01,6,F5,P-GRB,committed_witness,,,,,,,132,1,184.46899999999732,0.5414256823723749,0.10833684720014196,,,
certification_CF01,6,F5,P-GRB,committed_witness,,,,,,,133,1,192.09399999999732,0.5221631701522156,0.10553374330296401,,,
certification_CF01,6,F5,P-GRB,committed_witness,,,,,,,134,1,214.92199999999139,0.5221383453085898,0.10515544617672955,,,
certification_CF01,6,F5,P-GRB,committed_witness,,,,,,,135,1,276.14100000000326,0.5128442077055304,0.10378527103485038,,,
certification_CF01,6,F5,P-GRB,committed_witness,,,,,,,136,1,276.2039999999979,0.5124164963769952,0.10390680974513496,,,
certification_CF01,6,F5,P-GRB,committed_witness,,,,,,,137,1,276.2039999999979,0.5116451900513298,0.10438796129990445,,,
certification_CF01,6,F5,P-GRB,committed_witness,,,,,,,149,1,323.65699999999197,0.5115426581330905,0.10518815170309372,,,
certification_CF01,6,F5,P-GRB,committed_witness,,,,,,,150,1,323.75,0.47226690472558036,0.09154327536080085,,,
certification_CF01,6,F5,P-GRB,committed_witness,,,,,,,151,1,323.75,0.4633706548298845,0.09060364950237212,,,
certification_CF01,6,F5,P-GRB,committed_witness,,,,,,,152,1,323.75,0.4633223406113763,0.0923607799267211,,,
certification_CF01,6,F5,P-GRB,committed_witness,,,,,,,153,1,323.75,0.4631844447499075,0.09054059500469325,,,
certification_CF01,6,F5,P-GRB,committed_witness,,,,,,,154,1,323.75,0.4628255394607278,0.09060015710681796,,,
certification_CF01,6,F5,P-GRB,committed_witness,,,,,,,159,1,343.76600000000326,0.4626989096579647,0.09118809893448959,,,
certification_CF01,6,F5,P-GRB,committed_witness,,,,,,,163,1,360.9539999999979,0.46266873104214884,0.09151139260128245,,,
certification_CF01,6,F5,P-GRB,committed_witness,,,,,,,164,1,362.40699999999197,0.46028063162327626,0.09339516533927264,,,
certification_CF01,6,F5,P-GRB,committed_witness,,,,,,,167,1,376.2039999999979,0.46026811836303233,0.0932059159377243,,,
certification_CF01,6,F5,P-GRB,committed_witness,,,,,,,179,1,441.2039999999979,0.4600578835728675,0.0960278822239287,,,
certification_CF01,6,F5,P-GRB,committed_witness,,,,,,,180,1,441.2039999999979,0.4597523680308248,0.0961408340731904,,,
certification_CF01,6,F5,P-GRB,committed_witness,,,,,,,181,1,441.26600000000326,0.45971755158302774,0.09520329530396472,,,
certification_CF01,6,F5,P-GRB,committed_witness,,,,,,,187,1,584.7350000000006,0.4597083493438589,0.09514324567349157,,,
certification_CF01,6,F5,P-GRB,committed_witness,,,,,,,193,1,614.2350000000006,0.45968333444518744,0.09563831317530008,,,
certification_CF01,6,F5,P-GRB,committed_witness,,,,,,,194,1,614.2350000000006,0.45968156746160316,0.09473382387028723,,,
certification_CF01,6,F5,P-GRB,committed_witness,,,,,,,195,1,614.2350000000006,0.45962609927860115,0.09563192540001814,,,
certification_CF01,6,F5,P-GRB,committed_witness,,,,,,,196,1,641.0,0.4477311107320998,0.09044710428364101,,,
certification_CF01,6,F5,P-GRB,committed_witness,,,,,,,197,1,641.0629999999946,0.44758487336008956,0.09210631155448787,,,
certification_CF01,6,F5,P-GRB,committed_witness,,,,,,,198,1,641.0629999999946,0.4474363505046788,0.09176646873860277,,,
certification_CF01,6,F5,P-GRB,committed_witness,,,,,,,199,1,646.406999999992,0.4413723404204218,0.08833903575061908,,,
certification_CF01,6,F5,P-GRB,committed_witness,,,,,,,200,1,646.406999999992,0.4395781235236441,0.08943237453565964,,,
certification_CF01,6,F5,P-GRB,committed_witness,,,,,,,201,1,646.406999999992,0.43924568711544143,0.08945484134174267,,,
certification_CF01,6,F5,P-GRB,committed_witness,,,,,,,202,1,646.4219999999914,0.43893606664694096,0.09005111246415128,,,
certification_CF01,6,F5,P-GRB,committed_witness,,,,,,,203,1,646.4850000000006,0.438769469334426,0.09168995979449346,,,
certification_CF01,6,F5,P-GRB,committed_witness,,,,,,,204,1,648.8129999999946,0.4375238437399184,0.09170409475899212,,,
certification_CF01,6,F5,P-GRB,committed_witness,,,,,,,205,1,665.9539999999979,0.43604670069629914,0.09130906275433388,,,
certification_CF01,6,F5,P-GRB,committed_witness,,,,,,,206,1,666.0629999999946,0.4357799434161353,0.0928477501170271,,,
certification_CF01,6,F5,P-GRB,committed_witness,,,,,,,211,1,2553.0,0.4351504274358068,0.09152315992862407,,,
certification_CF01,6,F5,P-GRB,committed_witness,,,,,,,212,1,2553.0,0.4348604401279193,0.09303861726359375,,,
certification_CF01,6,F5,P-GRB,committed_witness,,,,,,,217,1,3243.9850000000006,0.4346130950973569,0.09294381440694438,,,
certification_CF01,6,F5,P-GRB,committed_witness,,,,,,,218,1,3259.625,0.4345353294845699,0.0914378624846336,,,
certification_CF01,6,F5,P-GRB,committed_witness,,,,,,,219,1,3259.625,0.43423583676402355,0.0929438144069444,,,
certification_CF01,6,F5,P-GRB,committed_witness,,,,,,,224,1,4136.985000000001,0.43418706239702326,0.09260165094903498,,,
certification_CF01,6,F5,P-GRB,committed_witness,,,,,,,229,1,4579.562999999995,0.42594864900303453,0.09207337480994818,,,
certification_CF01,6,F5,P-GRB,committed_witness,,,,,,,230,1,4580.125,0.4247330718110738,0.09203082997092868,,,
certification_CF01,6,F5,P-GRB,committed_witness,,,,,,,231,1,4582.75,0.42242895976239214,0.09096388416265619,,,
certification_CF01,6,F5,P-GRB,committed_witness,,,,,,,232,1,4600.718999999997,0.42068899561432294,0.09092147932831247,,,
certification_CF01,6,F5,P-GRB,committed_witness,,,,,,,233,1,4601.375,0.4194192752326284,0.09104002670024114,,,
certification_CF01,6,F5,P-GRB,committed_witness,,,,,,,234,1,4613.328999999998,0.41745337599228327,0.09078486909362457,,,
certification_CF01,6,F5,P-GRB,committed_witness,,,,,,,235,1,4615.516000000003,0.41705836803245383,0.0914556550073129,,,
certification_CF01,6,F5,P-GRB,committed_witness,,,,,,,236,1,4624.531999999992,0.4160039101021439,0.0917894648306262,,,
certification_CF01,6,F5,P-GRB,committed_witness,,,,,,,243,1,5450.735000000001,0.4046409758206469,0.08945253679912918,,,
certification_CF01,6,F5,P-GRB,committed_witness,,,,,,,245,1,5486.735000000001,0.39306355675054594,0.08803577814569488,,,
certification_CF01,6,F5,P-GRB,committed_witness,,,,,,,246,1,5594.593999999997,0.3928517817116391,0.08914519281952094,,,
certification_CF01,6,F5,P-GRB,committed_witness,,,,,,,247,1,5594.593999999997,0.3927338340871516,0.08812452287360494,,,
certification_CF01,6,F5,P-GRB,committed_witness,,,,,,,249,1,5656.046999999991,0.38755112868720004,0.08151684665302467,,,
certification_CF01,6,F5,P-GRB,committed_witness,,,,,,,250,1,5656.046999999991,0.3856587979314319,0.08117692423058982,,,
certification_CF01,6,F5,P-GRB,committed_witness,,,,,,,251,1,5656.141000000003,0.38459459379986843,0.0837236093847407,,,
certification_CF01,6,F5,P-GRB,committed_witness,,,,,,,252,1,5656.141000000003,0.38390578022151645,0.08360580537160611,,,
certification_CF01,6,F5,P-GRB,committed_witness,,,,,,,253,1,5656.156999999992,0.38386069033553505,0.0835098680943204,,,
certification_CF01,6,F5,P-GRB,committed_witness,,,,,,,254,1,5672.046999999991,0.38380901118781596,0.08341731134919877,,,
certification_CF01,6,F5,P-GRB,committed_witness,,,,,,,256,1,5790.421999999991,0.38324095727584484,0.08397545221983624,,,
certification_CF01,6,F5,P-GRB,committed_witness,,,,,,,257,1,5801.75,0.3826873122233562,0.08539088294656842,,,
certification_CF01,6,F5,P-GRB,committed_witness,,,,,,,259,1,5975.406999999992,0.3822528329648366,0.08394455687127865,,,
certification_CF01,6,F5,P-GRB,committed_witness,,,,,,,260,1,5975.468999999997,0.3819133854846688,0.08541055403396797,,,
certification_CF01,6,F5,P-GRB,committed_witness,,,,,,,261,1,5975.468999999997,0.38130929215625037,0.08583096070554957,,,
certification_CF01,6,F5,P-GRB,committed_witness,,,,,,,263,1,6136.235000000001,0.3809604254139808,0.08608812657197559,,,
certification_CF01,6,F5,P-GRB,committed_witness,,,,,,,266,1,6385.062999999995,0.37933271916038214,0.08365012418154269,,,
certification_CF01,6,F5,P-GRB,committed_witness,,,,,,,267,1,6385.062999999995,0.37851495449646466,0.08463780416048243,,,
certification_CF01,6,F5,P-GRB,committed_witness,,,,,,,268,1,6385.235000000001,0.37813399052033614,0.08606228482721107,,,
certification_CF01,6,F5,P-GRB,committed_witness,,,,,,,269,1,6385.312999999995,0.3757960112130851,0.08782230551996008,,,
certification_CF01,6,F5,P-GRB,committed_witness,,,,,,,270,1,6576.968999999997,0.3756112424671621,0.0881189458649461,,,
certification_CF01,6,F5,P-GRB,committed_witness,,,,,,,271,1,6753.735000000001,0.37456257002010107,0.08716941621200279,,,
certification_CF01,6,F5,P-GRB,committed_witness,,,,,,,272,1,6812.406999999992,0.37237313697282104,0.0873260478706051,,,
certification_CF01,6,F5,P-GRB,committed_witness,,,,,,,273,1,6813.031999999992,0.3719740887084527,0.08672361004101939,,,
certification_N201,1,R99-N2,M-B,committed_witness,,,,,,,2,0,4.468000000008033,0.24990233360418215,0.06738433940288346,,,
certification_N201,1,R99-N2,M-B,committed_witness,,,,,,,24,5,42.92200000000594,0.24452433740042068,0.06104661740691416,,,
certification_N201,1,R99-N2,M-B,committed_witness,,,,,,,25,5,43.04700000000594,0.24092233206243052,0.05950074064035259,,,
certification_N201,1,R99-N2,M-B,committed_witness,,,,,,,26,5,44.84300000000803,0.23784242835772895,0.058660915507079574,,,
certification_N201,1,R99-N2,M-B,committed_witness,,,,,,,27,5,45.75,0.23132268364054692,0.05945737536132613,,,
certification_N201,1,R99-N2,M-B,committed_witness,,,,,,,28,5,45.88999999999942,0.2272953669588354,0.05809768010818605,,,
certification_N201,1,R99-N2,M-B,committed_witness,,,,,,,29,5,46.375,0.22498598741158984,0.05739657198951193,,,
certification_N201,1,R99-N2,M-B,committed_witness,,,,,,,30,5,47.10900000001129,0.20801395708892473,0.05917340660191175,,,
certification_N201,1,R99-N2,M-B,committed_witness,,,,,,,31,5,47.54700000000594,0.20703131535086977,0.058746736292428256,,,
certification_N201,1,R99-N2,M-B,committed_witness,,,,,,,32,5,56.09300000000803,0.20484778973803444,0.059216687952320164,,,
certification_N201,1,R99-N2,M-B,committed_witness,,,,,,,33,5,58.88999999999942,0.2038892377037341,0.05742869306087697,,,
certification_N201,1,R99-N2,M-B,committed_witness,,,,,,,34,5,59.59300000000803,0.2019193954659024,0.05637860082304528,,,
certification_N201,1,R99-N2,M-B,committed_witness,,,,,,,35,5,62.187000000005355,0.20172364655692526,0.056854209056925245,,,
certification_N201,1,R99-N2,M-B,committed_witness,,,,,,,43,5,279.125,0.19002700946173773,0.059359074640309144,,,
certification_N201,1,R99-N2,M-B,committed_witness,,,,,,,44,5,279.3590000000113,0.1835747354442971,0.06032114437286851,,,
certification_N201,1,R99-N2,M-B,committed_witness,,,,,,,46,5,367.93700000000536,0.18270023427288412,0.06028770545145557,,,
certification_N201,1,R99-N2,M-B,committed_witness,,,,,,,58,5,750.8280000000086,0.18168879168063373,0.060759131609205166,,,
certification_N201,1,R99-N2,M-B,committed_witness,,,,,,,69,5,1491.797000000006,0.18044508573820084,0.060514753298351195,,,
certification_N201,1,R99-N2,M-B,committed_witness,,,,,,,70,5,1587.2810000000027,0.17705435071389727,0.06171087992818299,,,
certification_N201,1,R99-N2,M-B,committed_witness,,,,,,,71,5,1912.468000000008,0.17612895228829736,0.0608926104798558,,,
certification_N201,1,R99-N2,M-B,committed_witness,,,,,,,72,5,1913.093000000008,0.17514756943171558,0.06108183614600129,,,
certification_N201,1,R99-N2,M-B,committed_witness,,,,,,,82,5,2768.875,0.17330231329269985,0.06093541315915946,,,
certification_N201,1,R99-N2,M-B,committed_witness,,,,,,,83,5,2770.1870000000054,0.17238977704589004,0.06286636291601992,,,
certification_N201,1,R99-N2,M-B,committed_witness,,,,,,,84,5,2776.6560000000027,0.1716007228598219,0.062358640216964766,,,
certification_N201,1,R99-N2,M-B,committed_witness,,,,,,,85,5,2803.9840000000113,0.17128891415883757,0.06278675294455185,,,
certification_N201,2,R99-N2,P-GRB,committed_witness,,,,,,,4,1,0.5320000000065193,1.4416836937277677,0.23798641003350732,,,
certification_N201,2,R99-N2,P-GRB,committed_witness,,,,,,,13,1,2.9690000000118744,1.3643526057824922,0.23618288007695357,,,
certification_N201,2,R99-N2,P-GRB,committed_witness,,,,,,,14,1,2.9690000000118744,1.3427357221324019,0.23555652499829213,,,
certification_N201,2,R99-N2,P-GRB,committed_witness,,,,,,,15,1,2.9690000000118744,1.3122429189554248,0.22921046881379595,,,
certification_N201,2,R99-N2,P-GRB,committed_witness,,,,,,,18,1,3.688000000009197,1.153788651023016,0.21995132317724012,,,
certification_N201,2,R99-N2,P-GRB,committed_witness,,,,,,,19,1,3.688000000009197,1.1505464292678673,0.21860318462367243,,,
certification_N201,2,R99-N2,P-GRB,committed_witness,,,,,,,20,1,3.688000000009197,1.1463763435851595,0.21646354179810737,,,
certification_N201,2,R99-N2,P-GRB,committed_witness,,,,,,,21,1,3.688000000009197,1.1300828338997435,0.2167062657436439,,,
certification_N201,2,R99-N2,P-GRB,committed_witness,,,,,,,22,1,3.688000000009197,1.121371086055725,0.21360238284527766,,,
certification_N201,2,R99-N2,P-GRB,committed_witness,,,,,,,23,1,3.735000000000582,1.0954434580113672,0.21164635596551615,,,
certification_N201,2,R99-N2,P-GRB,committed_witness,,,,,,,24,1,3.735000000000582,1.0747965330674984,0.20597481668417314,,,
certification_N201,2,R99-N2,P-GRB,committed_witness,,,,,,,25,1,3.735000000000582,1.0669968126332647,0.2053354129166061,,,
certification_N201,2,R99-N2,P-GRB,committed_witness,,,,,,,26,1,3.735000000000582,1.0529423780159242,0.20228165062069417,,,
certification_N201,2,R99-N2,P-GRB,committed_witness,,,,,,,34,1,5.969000000011874,0.9302824345236174,0.1888943546758715,,,
certification_N201,2,R99-N2,P-GRB,committed_witness,,,,,,,43,1,8.39100000000326,0.9033746629451566,0.18337302472145156,,,
certification_N201,2,R99-N2,P-GRB,committed_witness,,,,,,,44,1,8.563000000009197,0.8809478124336972,0.18193670278142068,,,
certification_N201,2,R99-N2,P-GRB,committed_witness,,,,,,,48,1,9.219000000011874,0.8503218629762419,0.1780456749352186,,,
certification_N201,2,R99-N2,P-GRB,committed_witness,,,,,,,49,1,9.219000000011874,0.8340784994195825,0.17542726957183655,,,
certification_N201,2,R99-N2,P-GRB,committed_witness,,,,,,,50,1,9.219000000011874,0.7541719210505372,0.16484998532043826,,,
certification_N201,2,R99-N2,P-GRB,committed_witness,,,,,,,53,1,9.610000000000582,0.736562247238199,0.16292175361336314,,,
certification_N201,2,R99-N2,P-GRB,committed_witness,,,,,,,54,1,9.688000000009197,0.6880431178819092,0.14797541221083574,,,
certification_N201,2,R99-N2,P-GRB,committed_witness,,,,,,,55,1,9.688000000009197,0.6781445500345963,0.14654700604830542,,,
certification_N201,2,R99-N2,P-GRB,committed_witness,,,,,,,56,1,9.813000000009197,0.6769915801551103,0.14539403616881938,,,
certification_N201,2,R99-N2,P-GRB,committed_witness,,,,,,,57,1,9.813000000009197,0.6574893792387227,0.1428321586219972,,,
certification_N201,2,R99-N2,P-GRB,committed_witness,,,,,,,58,1,9.875,0.62333217456784,0.14003783816164067,,,
certification_N201,2,R99-N2,P-GRB,committed_witness,,,,,,,59,1,9.938000000009197,0.6108472930034553,0.138036037847256,,,
certification_N201,2,R99-N2,P-GRB,committed_witness,,,,,,,60,1,10.28200000000652,0.5957384227364284,0.1347164855926515,,,
certification_N201,2,R99-N2,P-GRB,committed_witness,,,,,,,61,1,10.28200000000652,0.5859395916245104,0.13163789019501912,,,
certification_N201,2,R99-N2,P-GRB,committed_witness,,,,,,,62,1,10.547000000005937,0.5305106178195633,0.12043453412252811,,,
certification_N201,2,R99-N2,P-GRB,committed_witness,,,,,,,63,1,10.547000000005937,0.5293249486711115,0.12157783657495344,,,
certification_N201,2,R99-N2,P-GRB,committed_witness,,,,,,,64,1,10.547000000005937,0.5282020782529263,0.12156071122255782,,,
certification_N201,2,R99-N2,P-GRB,committed_witness,,,,,,,65,1,10.547000000005937,0.5273527447334072,0.12181712276882814,,,
certification_N201,2,R99-N2,P-GRB,committed_witness,,,,,,,66,1,10.78200000000652,0.5255291633281569,0.12233575932299855,,,
certification_N201,2,R99-N2,P-GRB,committed_witness,,,,,,,67,1,10.78200000000652,0.5188370273097418,0.12012378044744051,,,
certification_N201,2,R99-N2,P-GRB,committed_witness,,,,,,,68,1,10.78200000000652,0.5179764800299232,0.12036897823341146,,,
certification_N201,2,R99-N2,P-GRB,committed_witness,,,,,,,69,1,10.938000000009197,0.506382710798708,0.11762450864334462,,,
certification_N201,2,R99-N2,P-GRB,committed_witness,,,,,,,70,1,11.03200000000652,0.49754344635841585,0.12114723569741329,,,
certification_N201,2,R99-N2,P-GRB,committed_witness,,,,,,,71,1,12.125,0.4969251817464986,0.12110554755608435,,,
certification_N201,2,R99-N2,P-GRB,committed_witness,,,,,,,72,1,12.235000000000582,0.4813726821125759,0.11322962765638352,,,
certification_N201,2,R99-N2,P-GRB,committed_witness,,,,,,,73,1,12.297000000005937,0.4792051166532222,0.11305935905850165,,,
certification_N201,2,R99-N2,P-GRB,committed_witness,,,,,,,74,1,12.297000000005937,0.47801638533808766,0.11327608131479565,,,
certification_N201,2,R99-N2,P-GRB,committed_witness,,,,,,,75,1,12.297000000005937,0.47779301801933793,0.1130846802298123,,,
certification_N201,2,R99-N2,P-GRB,committed_witness,,,,,,,76,1,12.297000000005937,0.4776979667258901,0.11302159517013068,,,
certification_N201,2,R99-N2,P-GRB,committed_witness,,,,,,,77,1,12.485000000000582,0.47739241893968776,0.11301707887743478,,,
certification_N201,2,R99-N2,P-GRB,committed_witness,,,,,,,78,1,12.672000000005937,0.4772255585796847,0.11315125001093818,,,
certification_N201,2,R99-N2,P-GRB,committed_witness,,,,,,,79,1,12.672000000005937,0.46920410729490447,0.11146004872615808,,,
certification_N201,2,R99-N2,P-GRB,committed_witness,,,,,,,80,1,12.76600000000326,0.42590908216193546,0.10315615386916308,,,
certification_N201,2,R99-N2,P-GRB,committed_witness,,,,,,,81,1,13.297000000005937,0.42434313884362346,0.1011709391222796,,,
certification_N201,2,R99-N2,P-GRB,committed_witness,,,,,,,82,1,13.703000000008615,0.4236889410253227,0.10097310104423862,,,
certification_N201,2,R99-N2,P-GRB,committed_witness,,,,,,,83,1,14.235000000000582,0.418134227085981,0.09922879781918263,,,
certification_N201,2,R99-N2,P-GRB,committed_witness,,,,,,,84,1,15.453000000008615,0.38083755829930405,0.09587791640912906,,,
certification_N201,2,R99-N2,P-GRB,committed_witness,,,,,,,85,1,15.453000000008615,0.37767874606204466,0.09495918274329816,,,
certification_N201,2,R99-N2,P-GRB,committed_witness,,,,,,,86,1,15.453000000008615,0.37733381757157686,0.09402846098334987,,,
certification_N201,2,R99-N2,P-GRB,committed_witness,,,,,,,87,1,15.453000000008615,0.3772018029343205,0.09382210486882082,,,
certification_N201,2,R99-N2,P-GRB,committed_witness,,,,,,,88,1,17.828000000008615,0.37585953458116306,0.0943107003955335,,,
certification_N201,2,R99-N2,P-GRB,committed_witness,,,,,,,89,1,17.828000000008615,0.37571877320823366,0.09424428049987685,,,
certification_N201,2,R99-N2,P-GRB,committed_witness,,,,,,,91,1,18.51600000000326,0.3708355595338424,0.09435419107548555,,,
certification_N201,2,R99-N2,P-GRB,committed_witness,,,,,,,92,1,26.610000000000582,0.3693893043004043,0.09449796911477473,,,
certification_N201,2,R99-N2,P-GRB,committed_witness,,,,,,,93,1,26.610000000000582,0.367994866518673,0.09469356460577073,,,
certification_N201,2,R99-N2,P-GRB,committed_witness,,,,,,,107,1,38.828000000008615,0.3643513230350731,0.09404983410918383,,,
certification_N201,2,R99-N2,P-GRB,committed_witness,,,,,,,113,1,45.594000000011874,0.3639465261905427,0.09322576583608191,,,
certification_N201,2,R99-N2,P-GRB,committed_witness,,,,,,,114,1,45.594000000011874,0.363942753147529,0.093431628507354,,,
certification_N201,2,R99-N2,P-GRB,committed_witness,,,,,,,115,1,46.203000000008615,0.3377028639835839,0.08183033739535693,,,
certification_N201,2,R99-N2,P-GRB,committed_witness,,,,,,,116,1,46.375,0.31274013260122463,0.08864063181819246,,,
certification_N201,2,R99-N2,P-GRB,committed_witness,,,,,,,117,1,46.719000000011874,0.31232086117265323,0.08864063181819248,,,
certification_N201,2,R99-N2,P-GRB,committed_witness,,,,,,,118,1,47.89100000000326,0.27540821238018887,0.07987326019146854,,,
certification_N201,2,R99-N2,P-GRB,committed_witness,,,,,,,119,1,47.89100000000326,0.2715104519337749,0.08075086139918992,,,
certification_N201,2,R99-N2,P-GRB,committed_witness,,,,,,,121,1,48.578000000008615,0.2699608390199431,0.08216486187821527,,,
certification_N201,2,R99-N2,P-GRB,committed_witness,,,,,,,122,1,48.578000000008615,0.26992996581455675,0.08192435295854314,,,
certification_N201,2,R99-N2,P-GRB,committed_witness,,,,,,,131,1,51.203000000008615,0.2554970060330276,0.07305830746272829,,,
certification_N201,2,R99-N2,P-GRB,committed_witness,,,,,,,132,1,51.203000000008615,0.2544061060330276,0.07305830746272829,,,
certification_N201,2,R99-N2,P-GRB,committed_witness,,,,,,,133,1,52.04700000000594,0.24945341339563337,0.06901565232533413,,,
certification_N201,2,R99-N2,P-GRB,committed_witness,,,,,,,134,1,60.203000000008615,0.21708860173466,0.06385415615349116,,,
certification_N201,2,R99-N2,P-GRB,committed_witness,,,,,,,135,1,61.92200000000594,0.2156728421403043,0.06391054477342117,,,
certification_N201,2,R99-N2,P-GRB,committed_witness,,,,,,,137,1,63.39100000000326,0.20592396716233366,0.060349658545450574,,,
certification_N201,2,R99-N2,P-GRB,committed_witness,,,,,,,138,1,66.34400000001187,0.20585150622160925,0.05985556010472614,,,
certification_N201,2,R99-N2,P-GRB,committed_witness,,,,,,,139,1,71.48500000000058,0.20287880975178857,0.05862803863490547,,,
certification_N201,2,R99-N2,P-GRB,committed_witness,,,,,,,141,1,74.6880000000092,0.2016902549105976,0.05750804807942878,,,
certification_N201,2,R99-N2,P-GRB,committed_witness,,,,,,,142,1,75.5,0.19847944622789196,0.05548112307529456,,,
certification_N201,2,R99-N2,P-GRB,committed_witness,,,,,,,143,1,75.875,0.19830468485205904,0.05572578644946162,,,
certification_N201,2,R99-N2,P-GRB,committed_witness,,,,,,,144,1,82.54700000000594,0.19752871610205902,0.05572578644946162,,,
certification_N201,2,R99-N2,P-GRB,committed_witness,,,,,,,148,1,118.5,0.1968948131494648,0.05521790874686741,,,
certification_N201,2,R99-N2,P-GRB,committed_witness,,,,,,,149,1,118.79700000000594,0.19588828636698385,0.0548519216165604,,,
certification_N201,2,R99-N2,P-GRB,committed_witness,,,,,,,150,1,119.01600000000326,0.19585783911058174,0.05524089911015829,,,
certification_N201,2,R99-N2,P-GRB,committed_witness,,,,,,,151,1,119.73500000000058,0.19535091351665798,0.05489215245412271,,,
certification_N201,2,R99-N2,P-GRB,committed_witness,,,,,,,152,1,119.73500000000058,0.19514127780237228,0.05489215245412274,,,
certification_N201,2,R99-N2,P-GRB,committed_witness,,,,,,,153,1,119.73500000000058,0.19510222318756545,0.05527252258931589,,,
certification_N201,2,R99-N2,P-GRB,committed_witness,,,,,,,155,1,135.21900000001187,0.19448627858006734,0.056084357036165614,,,
certification_N201,2,R99-N2,P-GRB,committed_witness,,,,,,,156,1,136.86000000000058,0.19163514789888952,0.055817641212412984,,,
certification_N201,2,R99-N2,P-GRB,committed_witness,,,,,,,157,1,136.95300000000861,0.1898559603921441,0.055555371562810395,,,
certification_N201,2,R99-N2,P-GRB,committed_witness,,,,,,,158,1,137.79700000000594,0.18951320090892043,0.05674249965722647,,,
certification_N201,2,R99-N2,P-GRB,committed_witness,,,,,,,173,1,213.32800000000861,0.18950970962655567,0.056555058374861716,,,
certification_N201,2,R99-N2,P-GRB,committed_witness,,,,,,,175,1,214.71900000001187,0.18938213096020157,0.057068019360681496,,,
certification_N201,2,R99-N2,P-GRB,committed_witness,,,,,,,176,1,215.07800000000861,0.18936097915227007,0.057230817552750016,,,
certification_N201,2,R99-N2,P-GRB,committed_witness,,,,,,,177,1,215.40700000000652,0.188713153302719,0.05713896313177042,,,
certification_N201,2,R99-N2,P-GRB,committed_witness,,,,,,,178,1,215.40700000000652,0.18811462804939638,0.057096409307019196,,,
certification_N201,2,R99-N2,P-GRB,committed_witness,,,,,,,179,1,215.46900000001187,0.18161199159220506,0.06051395767125645,,,
certification_N201,2,R99-N2,P-GRB,committed_witness,,,,,,,180,1,215.48500000000058,0.1808432813185024,0.058958075968982386,,,
certification_N201,2,R99-N2,P-GRB,committed_witness,,,,,,,181,1,215.6880000000092,0.18067870100094613,0.05943403530360002,,,
certification_N201,2,R99-N2,P-GRB,committed_witness,,,,,,,193,1,264.76600000000326,0.1775563942513127,0.06059513165955666,,,
certification_N201,2,R99-N2,P-GRB,committed_witness,,,,,,,200,1,291.7190000000119,0.177417089226834,0.06048151234936363,,,
certification_N201,2,R99-N2,P-GRB,committed_witness,,,,,,,211,1,332.25,0.17741262860181475,0.06126422315291583,,,
certification_N201,2,R99-N2,P-GRB,committed_witness,,,,,,,212,1,332.25,0.1773643614431274,0.06082237027994275,,,
certification_N201,2,R99-N2,P-GRB,committed_witness,,,,,,,301,1,2479.9530000000086,0.17710493898831908,0.06336699872857884,,,
certification_N201,2,R99-N2,P-GRB,committed_witness,,,,,,,302,1,2479.9530000000086,0.17700580262468274,0.06336699872857884,,,
certification_N201,2,R99-N2,P-GRB,committed_witness,,,,,,,303,1,2510.0320000000065,0.17672712520263772,0.06313969273510527,,,
certification_N201,3,R99-N2,ENS-C,committed_witness,,,,,,,2,0,4.48399999999674,0.24990233360418215,0.06738433940288346,,,
certification_N201,3,R99-N2,ENS-C,committed_witness,,,,,,,26,5,30.922000000005937,0.24215228051571208,0.06448646488584193,,,
certification_N201,3,R99-N2,ENS-C,committed_witness,,,,,,,29,5,38.828000000008615,0.2264072008245902,0.05632305207783697,,,
certification_N201,3,R99-N2,ENS-C,committed_witness,,,,,,,31,5,50.84399999999732,0.22411577440261238,0.05668510292858641,,,
certification_N201,3,R99-N2,ENS-C,committed_witness,,,,,,,32,5,101.625,0.22209031307734317,0.05678137910331724,,,
certification_N201,3,R99-N2,ENS-C,committed_witness,,,,,,,36,5,122.82800000000861,0.2203558799791895,0.05631015307038096,,,
certification_N201,3,R99-N2,ENS-C,committed_witness,,,,,,,40,5,128.04700000000594,0.21901378850158099,0.05638256345612643,,,
certification_N201,3,R99-N2,ENS-C,committed_witness,,,,,,,42,5,134.875,0.218829838501581,0.05638256345612643,,,
certification_N201,3,R99-N2,ENS-C,committed_witness,,,,,,,43,5,134.96899999999732,0.2188156705101179,0.05671618523739067,,,
certification_N201,3,R99-N2,ENS-C,committed_witness,,,,,,,65,5,244.5,0.2157383164531749,0.05587890975187624,,,
certification_N201,3,R99-N2,ENS-C,committed_witness,,,,,,,66,5,244.5,0.2118397040264886,0.056223772325189894,,,
certification_N201,3,R99-N2,ENS-C,committed_witness,,,,,,,69,5,344.25,0.2088881251017911,0.055949902329063855,,,
certification_N201,3,R99-N2,ENS-C,committed_witness,,,,,,,75,5,689.7030000000086,0.2038120527410434,0.0562140567540304,,,
certification_N201,3,R99-N2,ENS-C,committed_witness,,,,,,,76,5,802.25,0.20244455455353022,0.05558647999508866,,,
certification_N201,3,R99-N2,ENS-C,committed_witness,,,,,,,87,5,1212.125,0.2010737356474534,0.05540452667695651,,,
certification_N201,3,R99-N2,ENS-C,committed_witness,,,,,,,88,5,1212.4839999999967,0.2010610753491791,0.05546620785595492,,,
certification_N201,3,R99-N2,ENS-C,committed_witness,,,,,,,89,5,1245.0,0.19986444726888805,0.055868031639017934,,,
certification_N201,3,R99-N2,ENS-C,committed_witness,,,,,,,93,5,1566.7030000000086,0.19951607509452013,0.05619101660750713,,,
certification_N201,3,R99-N2,ENS-C,committed_witness,,,,,,,106,5,2125.3280000000086,0.199331536414043,0.055583573579203925,,,
certification_N201,3,R99-N2,ENS-C,committed_witness,,,,,,,112,5,2309.2810000000027,0.19850820022857235,0.0562465857415594,,,
certification_N201,3,R99-N2,ENS-C,committed_witness,,,,,,,133,5,2951.5780000000086,0.19658447249623923,0.05560393731357408,,,
holdout01,1,H100,P-GRB,committed_witness,,,,,,,4,1,0.2970000000059372,0.7873897825709573,0.21355498965390346,,,
holdout01,1,H100,P-GRB,committed_witness,,,,,,,15,1,0.9380000000091968,0.7589529207437186,0.21111450737211937,,,
holdout01,1,H100,P-GRB,committed_witness,,,,,,,16,1,0.9380000000091968,0.7498779460270929,0.20959590538276643,,,
holdout01,1,H100,P-GRB,committed_witness,,,,,,,21,1,1.1720000000059372,0.6998164880859681,0.19625070464214614,,,
holdout01,1,H100,P-GRB,committed_witness,,,,,,,22,1,1.1720000000059372,0.6622945356046046,0.1840437843544585,,,
holdout01,1,H100,P-GRB,committed_witness,,,,,,,23,1,1.1720000000059372,0.6541215504388024,0.18199498350683804,,,
holdout01,1,H100,P-GRB,committed_witness,,,,,,,26,1,1.3280000000086147,0.6446387298404784,0.17765903290851415,,,
holdout01,1,H100,P-GRB,committed_witness,,,,,,,29,1,1.4220000000059372,0.637456824640008,0.17571844134440723,,,
holdout01,1,H100,P-GRB,committed_witness,,,,,,,33,1,1.625,0.6349285778134915,0.17539773593665517,,,
holdout01,1,H100,P-GRB,committed_witness,,,,,,,37,1,2.110000000000582,0.5410056718614489,0.16558769417225558,,,
holdout01,1,H100,P-GRB,committed_witness,,,,,,,38,1,2.110000000000582,0.5195247274708972,0.1632236781453402,,,
holdout01,1,H100,P-GRB,committed_witness,,,,,,,39,1,2.235000000000582,0.4970161775400753,0.15415973621451834,,,
holdout01,1,H100,P-GRB,committed_witness,,,,,,,40,1,2.5320000000065193,0.4866483195089072,0.15160859310429886,,,
holdout01,1,H100,P-GRB,committed_witness,,,,,,,42,1,2.938000000009197,0.473083104776697,0.15452951578835664,,,
holdout01,1,H100,P-GRB,committed_witness,,,,,,,43,1,2.938000000009197,0.465308790723749,0.15001300795550424,,,
holdout01,1,H100,P-GRB,committed_witness,,,,,,,44,1,3.5160000000032596,0.45203814837279066,0.1481273686260771,,,
holdout01,1,H100,P-GRB,committed_witness,,,,,,,45,1,3.6570000000065193,0.434354602205699,0.14325308403585238,,,
holdout01,1,H100,P-GRB,committed_witness,,,,,,,46,1,3.6570000000065193,0.427165863526211,0.14130565899272804,,,
holdout01,1,H100,P-GRB,committed_witness,,,,,,,48,1,3.8440000000118744,0.4248055242068342,0.14132450262789675,,,
holdout01,1,H100,P-GRB,committed_witness,,,,,,,49,1,4.01600000000326,0.421506216938885,0.1427835612690385,,,
holdout01,1,H100,P-GRB,committed_witness,,,,,,,50,1,4.235000000000582,0.41953358396960705,0.1410218123906696,,,
holdout01,1,H100,P-GRB,committed_witness,,,,,,,51,1,4.235000000000582,0.4186980212557518,0.14165925649499617,,,
holdout01,1,H100,P-GRB,committed_witness,,,,,,,52,1,4.235000000000582,0.4178662431156119,0.1403254923158952,,,
holdout01,1,H100,P-GRB,committed_witness,,,,,,,53,1,4.235000000000582,0.4164278359724658,0.1412662681272946,,,
holdout01,1,H100,P-GRB,committed_witness,,,,,,,54,1,4.235000000000582,0.4150256505266574,0.14335941404512256,,,
holdout01,1,H100,P-GRB,committed_witness,,,,,,,55,1,4.25,0.413230914554926,0.14158755752003147,,,
holdout01,1,H100,P-GRB,committed_witness,,,,,,,56,1,4.532000000006519,0.38675612847086094,0.13222389504580614,,,
holdout01,1,H100,P-GRB,committed_witness,,,,,,,57,1,4.594000000011874,0.38673502027352613,0.136075899820105,,,
holdout01,1,H100,P-GRB,committed_witness,,,,,,,58,1,4.594000000011874,0.38101349960231695,0.13512744230679058,,,
holdout01,1,H100,P-GRB,committed_witness,,,,,,,60,1,5.172000000005937,0.3808807384109143,0.1345556179335698,,,
holdout01,1,H100,P-GRB,committed_witness,,,,,,,61,1,5.328000000008615,0.3761427343902521,0.13162774261420623,,,
holdout01,1,H100,P-GRB,committed_witness,,,,,,,62,1,5.39100000000326,0.3744450961770189,0.13117578404383015,,,
holdout01,1,H100,P-GRB,committed_witness,,,,,,,63,1,5.469000000011874,0.3708466589390651,0.13181637177340888,,,
holdout01,1,H100,P-GRB,committed_witness,,,,,,,64,1,5.469000000011874,0.3614388683935957,0.12915808122793943,,,
holdout01,1,H100,P-GRB,committed_witness,,,,,,,67,1,6.532000000006519,0.36101237355130744,0.1287945092427941,,,
holdout01,1,H100,P-GRB,committed_witness,,,,,,,94,1,15.360000000000582,0.3600839413935596,0.128120355292117,,,
holdout01,1,H100,P-GRB,committed_witness,,,,,,,95,1,15.360000000000582,0.3449372310996363,0.13149751507900173,,,
holdout01,1,H100,P-GRB,committed_witness,,,,,,,96,1,15.360000000000582,0.3444753697789496,0.13118486580376956,,,
holdout01,1,H100,P-GRB,committed_witness,,,,,,,97,1,15.422000000005937,0.3437017469386241,0.13122912202910061,,,
holdout01,1,H100,P-GRB,committed_witness,,,,,,,101,1,15.875,0.3243992946428309,0.12245555062545872,,,
holdout01,1,H100,P-GRB,committed_witness,,,,,,,102,1,15.875,0.3196884528652683,0.12194443134789618,,,
holdout01,1,H100,P-GRB,committed_witness,,,,,,,103,1,16.0,0.3158132402544854,0.1189640778197094,,,
holdout01,1,H100,P-GRB,committed_witness,,,,,,,104,1,16.0,0.3029875525535955,0.11563680440453379,,,
holdout01,1,H100,P-GRB,committed_witness,,,,,,,105,1,16.0,0.30245973208657734,0.11844990623549542,,,
holdout01,1,H100,P-GRB,committed_witness,,,,,,,106,1,16.0,0.30045741812529053,0.11413120414289547,,,
holdout01,1,H100,P-GRB,committed_witness,,,,,,,109,1,16.438000000009197,0.29869514185581775,0.11151059037342266,,,
holdout01,1,H100,P-GRB,committed_witness,,,,,,,110,1,16.625,0.2972074648509876,0.10991747132313796,,,
holdout01,1,H100,P-GRB,committed_witness,,,,,,,111,1,16.625,0.2969081549941435,0.11149540146629393,,,
holdout01,1,H100,P-GRB,committed_witness,,,,,,,112,1,16.65700000000652,0.2961535827914364,0.1106353872181322,,,
holdout01,1,H100,P-GRB,committed_witness,,,,,,,113,1,16.860000000000582,0.29049422055536966,0.10661615536484063,,,
holdout01,1,H100,P-GRB,committed_witness,,,,,,,114,1,17.063000000009197,0.2725501316811878,0.10173835512702238,,,
holdout01,1,H100,P-GRB,committed_witness,,,,,,,115,1,17.125,0.27243523107111983,0.10189811338059078,,,
holdout01,1,H100,P-GRB,committed_witness,,,,,,,116,1,17.40700000000652,0.2707501766196999,0.10198485688371636,,,
holdout01,1,H100,P-GRB,committed_witness,,,,,,,117,1,17.844000000011874,0.26947067131909275,0.10318997658310913,,,
holdout01,1,H100,P-GRB,committed_witness,,,,,,,118,1,18.063000000009197,0.2691591320835015,0.10262573595862902,,,
holdout01,1,H100,P-GRB,committed_witness,,,,,,,119,1,20.360000000000582,0.2685956626901795,0.10223116548875198,,,
holdout01,1,H100,P-GRB,committed_witness,,,,,,,135,1,60.328000000008615,0.24859149091954028,0.10458468552636363,,,
holdout01,1,H100,P-GRB,committed_witness,,,,,,,203,1,95.79700000000594,0.22174582611949922,0.0956831409057484,,,
holdout01,1,H100,P-GRB,committed_witness,,,,,,,204,1,95.79700000000594,0.21785408032558223,0.09441205193001324,,,
holdout01,1,H100,P-GRB,committed_witness,,,,,,,205,1,95.79700000000594,0.21205615060015293,0.0933871853624787,,,
holdout01,1,H100,P-GRB,committed_witness,,,,,,,217,1,101.76600000000326,0.20425896301526297,0.09087394995150178,,,
holdout01,1,H100,P-GRB,committed_witness,,,,,,,218,1,101.95300000000861,0.19494884594735198,0.0910452948453133,,,
holdout01,1,H100,P-GRB,committed_witness,,,,,,,219,1,102.21900000001187,0.1843908395570955,0.0806684360627123,,,
holdout01,1,H100,P-GRB,committed_witness,,,,,,,220,1,102.65700000000652,0.1819034562861251,0.07949434209380139,,,
holdout01,1,H100,P-GRB,committed_witness,,,,,,,222,1,103.96900000001187,0.1790660134276747,0.07871033138534062,,,
holdout01,1,H100,P-GRB,committed_witness,,,,,,,223,1,103.96900000001187,0.17897158041145325,0.07816462629818094,,,
holdout01,1,H100,P-GRB,committed_witness,,,,,,,224,1,103.96900000001187,0.1766166769717295,0.07796212919817012,,,
holdout01,1,H100,P-GRB,committed_witness,,,,,,,225,1,103.96900000001187,0.17521522139383175,0.07828377644635931,,,
holdout01,1,H100,P-GRB,committed_witness,,,,,,,226,1,103.96900000001187,0.1748955130344104,0.08042082588442079,,,
holdout01,1,H100,P-GRB,committed_witness,,,,,,,227,1,103.96900000001187,0.17426564098072356,0.08065250524377743,,,
holdout01,1,H100,P-GRB,committed_witness,,,,,,,230,1,104.54700000000594,0.1737015391498169,0.08079300949982729,,,
holdout01,1,H100,P-GRB,committed_witness,,,,,,,233,1,105.64100000000326,0.1727717755251461,0.07870949404767112,,,
holdout01,1,H100,P-GRB,committed_witness,,,,,,,1370,1,583.5780000000086,0.171001692653122,0.07554338471319642,,,
holdout01,1,H100,P-GRB,committed_witness,,,,,,,1371,1,583.5780000000086,0.17088985663217726,0.07709070329751486,,,
holdout01,1,H100,P-GRB,committed_witness,,,,,,,1374,1,586.4530000000086,0.17004624668969795,0.07679641108230827,,,
holdout01,1,H100,P-GRB,committed_witness,,,,,,,3220,1,1051.5,0.16997427062953857,0.07531798180577462,,,
holdout01,2,H100,M-B,committed_witness,,,,,,,2,0,0.8289999999979045,0.25452870897207147,0.10245570872036679,,,
holdout01,2,H100,M-B,committed_witness,,,,,,,47,5,11.375,0.2466505214824807,0.10340067463986694,,,
holdout01,2,H100,M-B,committed_witness,,,,,,,51,5,14.656999999991967,0.24607012760048536,0.10299790075787157,,,
holdout01,2,H100,M-B,committed_witness,,,,,,,52,5,14.718999999997322,0.24603840391001258,0.10138711138558061,,,
holdout01,2,H100,M-B,committed_witness,,,,,,,55,5,26.218999999997322,0.24460354240764418,0.10212988499432332,,,
holdout01,2,H100,M-B,committed_witness,,,,,,,56,5,27.562999999994645,0.23840120016940256,0.09995925732678876,,,
holdout01,2,H100,M-B,committed_witness,,,,,,,57,5,28.062999999994645,0.23325928779245175,0.09901706744983797,,,
holdout01,2,H100,M-B,committed_witness,,,,,,,58,5,29.906999999991967,0.23129720497501477,0.10127434428152375,,,
holdout01,2,H100,M-B,committed_witness,,,,,,,60,5,30.578999999997905,0.23096999893332587,0.10235359145620913,,,
holdout01,2,H100,M-B,committed_witness,,,,,,,61,5,30.578999999997905,0.22821479803722722,0.09923567679110466,,,
holdout01,2,H100,M-B,committed_witness,,,,,,,62,5,30.578999999997905,0.2263252236287544,0.09952373749374295,,,
holdout01,2,H100,M-B,committed_witness,,,,,,,63,5,30.671999999991385,0.2237918711077452,0.0974918950399852,,,
holdout01,2,H100,M-B,committed_witness,,,,,,,64,5,30.671999999991385,0.2228776563619398,0.09939058672692834,,,
holdout01,2,H100,M-B,committed_witness,,,,,,,65,5,30.828999999997905,0.22027247903637412,0.09987789655925741,,,
holdout01,2,H100,M-B,committed_witness,,,,,,,67,5,36.078999999997905,0.18113558676605296,0.07567531042368184,,,
holdout01,2,H100,M-B,committed_witness,,,,,,,68,5,36.75,0.17690396028340138,0.07389544183576713,,,
holdout01,2,H100,M-B,committed_witness,,,,,,,69,5,40.73500000000058,0.17089057451899275,0.08091346700786313,,,
holdout01,2,H100,M-B,committed_witness,,,,,,,70,5,40.796999999991385,0.16058906725504907,0.07794890728937402,,,
holdout01,3,H100,ENS-C,committed_witness,,,,,,,2,0,0.7969999999913853,0.25452870897207147,0.10245570872036679,,,
holdout01,3,H100,ENS-C,committed_witness,,,,,,,41,5,11.01600000000326,0.24416194691855456,0.09832106780694652,,,
holdout01,3,H100,ENS-C,committed_witness,,,,,,,42,5,11.01600000000326,0.24169983231672001,0.09741669961815544,,,
holdout01,3,H100,ENS-C,committed_witness,,,,,,,43,5,11.01600000000326,0.23948013881483593,0.09675475252931486,,,
holdout01,3,H100,ENS-C,committed_witness,,,,,,,44,5,11.078999999997905,0.23806374429228533,0.09689610441980769,,,
holdout01,3,H100,ENS-C,committed_witness,,,,,,,45,5,11.078999999997905,0.23780312922962987,0.09821455503897046,,,
holdout01,3,H100,ENS-C,committed_witness,,,,,,,46,5,11.593999999997322,0.22397960789711716,0.0936257174960354,,,
holdout01,3,H100,ENS-C,committed_witness,,,,,,,47,5,11.593999999997322,0.2233922542008014,0.09301704453094493,,,
holdout01,3,H100,ENS-C,committed_witness,,,,,,,48,5,11.625,0.20959767138754498,0.08844560795775512,,,
holdout01,3,H100,ENS-C,committed_witness,,,,,,,49,5,11.625,0.2083283218864314,0.0879474403513784,,,
holdout01,3,H100,ENS-C,committed_witness,,,,,,,50,5,11.625,0.20740796096480638,0.08779826132449017,,,
holdout01,3,H100,ENS-C,committed_witness,,,,,,,52,5,17.51600000000326,0.2050345731331903,0.08848732759335257,,,
holdout01,3,H100,ENS-C,committed_witness,,,,,,,58,5,36.03199999999197,0.2032638783357174,0.08077218393604728,,,
holdout01,3,H100,ENS-C,committed_witness,,,,,,,59,5,36.03199999999197,0.1948698932348415,0.077619512471535,,,
holdout01,3,H100,ENS-C,committed_witness,,,,,,,61,5,36.703999999997905,0.1926322798765239,0.0783506815821615,,,
holdout01,3,H100,ENS-C,committed_witness,,,,,,,62,5,36.703999999997905,0.19240684455183135,0.07795634733402398,,,
holdout01,3,H100,ENS-C,committed_witness,,,,,,,63,5,37.39100000000326,0.19184344327547984,0.078097552144629,,,
holdout01,3,H100,ENS-C,committed_witness,,,,,,,65,5,45.75,0.18216458238327943,0.07600452662012155,,,
holdout01,3,H100,ENS-C,committed_witness,,,,,,,66,5,45.90699999999197,0.18176488517205264,0.07806389106851147,,,
holdout01,3,H100,ENS-C,committed_witness,,,,,,,67,5,45.90699999999197,0.17302579172258709,0.07245084732040741,,,
holdout01,3,H100,ENS-C,committed_witness,,,,,,,76,5,54.53199999999197,0.16180115922679872,0.07409472544533421,,,
holdout01,3,H100,ENS-C,committed_witness,,,,,,,78,5,54.75,0.16058906725504907,0.07794890728937402,,,
