generation,elapsed_seconds,best_fitness,strict_improvement
0,0.0016795,-0.58920363320703806,true
1,0.0034428000000000002,-0.58920363320703806,false
2,0.0062084000000000002,-0.5593738929298131,true
3,0.0087059000000000008,-0.5328939821925277,true
4,0.011769099999999999,-0.5328939821925277,false
5,0.0140558,-0.5328939821925277,false
6,0.017480200000000001,-0.5328939821925277,false
7,0.019529999999999999,-0.5328939821925277,false
8,0.021538700000000001,-0.52193651959591936,true
9,0.023486799999999999,-0.52193651959591936,false
10,0.025406100000000001,-0.52193651959591936,false
11,0.027109100000000001,-0.52193651959591936,false
12,0.028753000000000001,-0.49165260790282583,true
13,0.030413800000000001,-0.49165260790282583,false
14,0.032154099999999998,-0.49165260790282583,false
15,0.033856900000000002,-0.47788125531397541,true
16,0.036246599999999997,-0.47788125531397541,false
17,0.039065299999999997,-0.47788125531397541,false
18,0.0411066,-0.47788125531397541,false
19,0.043663399999999998,-0.47193799621538268,true
20,0.045571199999999999,-0.47193799621538268,false
21,0.047742899999999998,-0.47193799621538268,false
22,0.0498935,-0.47193799621538268,false
23,0.054115999999999997,-0.47193799621538268,false
24,0.057239600000000002,-0.47193799621538268,false
25,0.059039000000000001,-0.47193799621538268,false
26,0.063267599999999993,-0.47193799621538268,false
27,0.066063700000000003,-0.47193799621538268,false
28,0.067554199999999995,-0.47193799621538268,false
29,0.069601399999999994,-0.47193799621538268,false
30,0.071687500000000001,-0.47193799621538268,false
31,0.073730400000000001,-0.47193799621538268,false
32,0.075284199999999996,-0.47193799621538268,false
33,0.077046199999999995,-0.47193799621538268,false
34,0.0788996,-0.47193799621538268,false
35,0.081548599999999999,-0.47193799621538268,false
36,0.083691100000000004,-0.47193799621538268,false
37,0.086261400000000002,-0.47193799621538268,false
38,0.088149400000000003,-0.47193799621538268,false
39,0.089557800000000007,-0.47193799621538268,false
40,0.091406699999999994,-0.47193799621538268,false
41,0.092560600000000007,-0.47193799621538268,false
42,0.095366599999999996,-0.47193799621538268,false
43,0.096882200000000002,-0.47193799621538268,false
44,0.097861900000000002,-0.47193799621538268,false
45,0.099781099999999998,-0.47193799621538268,false
46,0.1022868,-0.47193799621538268,false
47,0.10375570000000001,-0.47193799621538268,false
48,0.1057623,-0.47193799621538268,false
49,0.10774889999999999,-0.47193799621538268,false
50,0.109526,-0.47193799621538268,false
51,0.1121133,-0.47193799621538268,false
52,0.11443929999999999,-0.47193799621538268,false
53,0.1160501,-0.47193799621538268,false
54,0.1172721,-0.47193799621538268,false
55,0.1187714,-0.47193799621538268,false
56,0.1214368,-0.47193799621538268,false
57,0.12237779999999999,-0.47193799621538268,false
58,0.1233484,-0.47193799621538268,false
59,0.1249238,-0.47193799621538268,false
60,0.12635250000000001,-0.47193799621538268,false
61,0.12759809999999999,-0.47193799621538268,false
62,0.12903220000000001,-0.47193799621538268,false
63,0.13029160000000001,-0.47193799621538268,false
64,0.13129969999999999,-0.47193799621538268,false
65,0.13230120000000001,-0.47193799621538268,false
66,0.13346450000000001,-0.47193799621538268,false
67,0.13498009999999999,-0.47193799621538268,false
68,0.1361453,-0.47193799621538268,false
69,0.1377437,-0.47193799621538268,false
70,0.13887769999999999,-0.47193799621538268,false
71,0.14051749999999999,-0.47193799621538268,false
72,0.1436258,-0.47193799621538268,false
73,0.14666190000000001,-0.47193799621538268,false
74,0.148979,-0.47193799621538268,false
75,0.15099779999999999,-0.47193799621538268,false
76,0.15293370000000001,-0.47193799621538268,false
77,0.1559016,-0.46901765084026642,true
78,0.15931819999999999,-0.46901765084026642,false
79,0.16139010000000001,-0.46901765084026642,false
80,0.1633648,-0.46901765084026642,false
81,0.1648173,-0.46901765084026642,false
82,0.1662033,-0.46901765084026642,false
83,0.1676301,-0.46901765084026642,false
84,0.16967579999999999,-0.46901765084026642,false
85,0.17059849999999999,-0.46901765084026642,false
86,0.17284820000000001,-0.46837511254986636,true
87,0.17480299999999999,-0.46837511254986636,false
88,0.17637720000000001,-0.46837511254986636,false
89,0.1794366,-0.46837511254986636,false
90,0.1816391,-0.46837511254986636,false
91,0.18280260000000001,-0.46837511254986636,false
92,0.18381359999999999,-0.46837511254986636,false
93,0.18584719999999999,-0.46837511254986636,false
94,0.1873754,-0.46837511254986636,false
95,0.1888328,-0.46837511254986636,false
96,0.19003049999999999,-0.46837511254986636,false
97,0.19118969999999999,-0.46837511254986636,false
98,0.19234609999999999,-0.46837511254986636,false
99,0.19428419999999999,-0.46837511254986636,false
100,0.19596630000000001,-0.46837511254986636,false
101,0.19862579999999999,-0.46837511254986636,false
102,0.20187550000000001,-0.46837511254986636,false
103,0.20421790000000001,-0.46837511254986636,false
104,0.20584140000000001,-0.46837511254986636,false
105,0.20699790000000001,-0.46837511254986636,false
106,0.2091874,-0.46837511254986636,false
107,0.2108643,-0.46837511254986636,false
108,0.2125831,-0.46837511254986636,false
109,0.21372759999999999,-0.46837511254986636,false
110,0.21482280000000001,-0.45507708791034718,true
111,0.2168146,-0.45507708791034718,false
112,0.22072130000000001,-0.45507708791034718,false
113,0.22399359999999999,-0.44749361971754509,true
114,0.2258474,-0.44749361971754509,false
115,0.2291783,-0.4374188176022239,true
116,0.2319794,-0.4374188176022239,false
117,0.23343620000000001,-0.43310438926045486,true
118,0.23555219999999999,-0.43310438926045486,false
119,0.23712730000000001,-0.42322445954761678,true
120,0.24112610000000001,-0.41835551930002357,true
121,0.24252290000000001,-0.41835551930002357,false
122,0.2446207,-0.41835551930002357,false
123,0.24701580000000001,-0.41835551930002357,false
124,0.2483146,-0.40399387326507136,true
125,0.25172899999999998,-0.40399387326507136,false
126,0.25319849999999999,-0.40399387326507136,false
127,0.25502649999999999,-0.40399387326507136,false
128,0.2566717,-0.40399387326507136,false
129,0.25870270000000001,-0.40399387326507136,false
130,0.26071810000000001,-0.40399387326507136,false
131,0.26193759999999999,-0.40399387326507136,false
132,0.26363330000000001,-0.40399387326507136,false
133,0.26509090000000002,-0.40399387326507136,false
134,0.2689954,-0.40399387326507136,false
135,0.27178970000000002,-0.40399387326507136,false
136,0.27443919999999999,-0.40399387326507136,false
137,0.2759991,-0.40399387326507136,false
138,0.2770627,-0.40399387326507136,false
139,0.2785897,-0.40399387326507136,false
140,0.28092709999999999,-0.40399387326507136,false
141,0.28315659999999998,-0.40399387326507136,false
142,0.28706999999999999,-0.40399387326507136,false
143,0.29108869999999998,-0.40399387326507136,false
144,0.2927961,-0.40399387326507136,false
145,0.29448360000000001,-0.40399387326507136,false
146,0.29598340000000001,-0.40399387326507136,false
147,0.29925580000000002,-0.40399387326507136,false
148,0.30103279999999999,-0.40399387326507136,false
149,0.30326809999999998,-0.40399387326507136,false
150,0.30478749999999999,-0.40399387326507136,false
151,0.30686010000000002,-0.40399387326507136,false
152,0.30876189999999998,-0.40399387326507136,false
153,0.31041839999999998,-0.40399387326507136,false
154,0.31141029999999997,-0.40399387326507136,false
155,0.3127819,-0.40399387326507136,false
156,0.31559389999999998,-0.40399387326507136,false
157,0.31738250000000001,-0.40399387326507136,false
158,0.31846849999999999,-0.40399387326507136,false
159,0.31979239999999998,-0.40399387326507136,false
160,0.32218180000000002,-0.40399387326507136,false
161,0.32392290000000001,-0.40399387326507136,false
162,0.32532899999999998,-0.40399387326507136,false
163,0.32712059999999998,-0.40399387326507136,false
164,0.32980930000000003,-0.40399387326507136,false
165,0.33145740000000001,-0.40399387326507136,false
166,0.33364640000000001,-0.40399387326507136,false
167,0.33478819999999998,-0.40399387326507136,false
168,0.3367232,-0.40399387326507136,false
169,0.3385029,-0.40399387326507136,false
170,0.33999069999999998,-0.40399387326507136,false
171,0.34270230000000002,-0.40399387326507136,false
172,0.344385,-0.40399387326507136,false
173,0.34601959999999998,-0.40399387326507136,false
174,0.34836850000000003,-0.40399387326507136,false
175,0.3507613,-0.40399387326507136,false
176,0.35251939999999998,-0.40399387326507136,false
177,0.35398750000000001,-0.40399387326507136,false
178,0.35563109999999998,-0.40399387326507136,false
179,0.35763149999999999,-0.40399387326507136,false
180,0.36074060000000002,-0.40399387326507136,false
181,0.36340149999999999,-0.40399387326507136,false
182,0.36488949999999998,-0.40399387326507136,false
183,0.36712410000000001,-0.40399387326507136,false
184,0.3686488,-0.40399387326507136,false
185,0.37017699999999998,-0.40399387326507136,false
186,0.37196430000000003,-0.40399387326507136,false
187,0.37353120000000001,-0.40399387326507136,false
188,0.37609949999999998,-0.40399387326507136,false
189,0.37785530000000001,-0.40399387326507136,false
190,0.37974459999999999,-0.40399387326507136,false
191,0.38198090000000001,-0.40399387326507136,false
192,0.38381979999999999,-0.40399387326507136,false
193,0.3859744,-0.40399387326507136,false
194,0.38989020000000002,-0.40399387326507136,false
195,0.39253189999999999,-0.40399387326507136,false
196,0.39465790000000001,-0.40399387326507136,false
197,0.39690049999999999,-0.40399387326507136,false
198,0.40059519999999998,-0.40399387326507136,false
199,0.40264870000000003,-0.40399387326507136,false
200,0.40385900000000002,-0.40399387326507136,false
201,0.40554000000000001,-0.40399387326507136,false
202,0.40749649999999998,-0.40399387326507136,false
203,0.40957929999999998,-0.40399387326507136,false
204,0.4110819,-0.40399387326507136,false
205,0.41187380000000001,-0.40399387326507136,false
206,0.41324640000000001,-0.40399387326507136,false
207,0.41509499999999999,-0.40399387326507136,false
208,0.4162209,-0.40399387326507136,false
209,0.41781499999999999,-0.40399387326507136,false
210,0.41913260000000002,-0.40399387326507136,false
211,0.42100979999999999,-0.40399387326507136,false
212,0.42257250000000002,-0.40399387326507136,false
213,0.42420039999999998,-0.40399387326507136,false
214,0.42627749999999998,-0.40399387326507136,false
215,0.42874810000000002,-0.40399387326507136,false
216,0.43080550000000001,-0.40399387326507136,false
217,0.43208669999999999,-0.40399387326507136,false
218,0.43362889999999998,-0.40399387326507136,false
219,0.43536940000000002,-0.40399387326507136,false
220,0.43739359999999999,-0.40399387326507136,false
221,0.43929699999999999,-0.40399387326507136,false
222,0.44155230000000001,-0.40399387326507136,false
223,0.44303019999999999,-0.40399387326507136,false
224,0.44560949999999999,-0.40399387326507136,false
225,0.44707150000000001,-0.40399387326507136,false
226,0.44877240000000002,-0.40399387326507136,false
227,0.45075549999999998,-0.40399387326507136,false
228,0.45198500000000003,-0.40399387326507136,false
229,0.45381329999999998,-0.40399387326507136,false
230,0.45526,-0.40399387326507136,false
231,0.45611800000000002,-0.40399387326507136,false
232,0.45758219999999999,-0.40399387326507136,false
233,0.45880739999999998,-0.40399387326507136,false
234,0.46011609999999997,-0.40399387326507136,false
235,0.46144679999999999,-0.40399387326507136,false
236,0.46531250000000002,-0.40399387326507136,false
237,0.4665974,-0.40399387326507136,false
238,0.46801989999999999,-0.40399387326507136,false
239,0.46901229999999999,-0.40399387326507136,false
240,0.4712808,-0.40399387326507136,false
241,0.47267720000000002,-0.40399387326507136,false
242,0.47412130000000002,-0.40399387326507136,false
243,0.47579979999999999,-0.40399387326507136,false
244,0.47727829999999999,-0.40399387326507136,false
245,0.47901779999999999,-0.40399387326507136,false
246,0.48049649999999999,-0.40399387326507136,false
247,0.48194290000000001,-0.40399387326507136,false
248,0.4834888,-0.40399387326507136,false
249,0.48666900000000002,-0.40399387326507136,false
250,0.48831170000000002,-0.40399387326507136,false
251,0.48895630000000001,-0.40399387326507136,false
252,0.4900989,-0.40399387326507136,false
253,0.49308069999999998,-0.40399387326507136,false
254,0.49450559999999999,-0.40399387326507136,false
255,0.49602800000000002,-0.40399387326507136,false
256,0.49736530000000001,-0.40399387326507136,false
257,0.49906070000000002,-0.40399387326507136,false
258,0.50012889999999999,-0.40399387326507136,false
259,0.50278909999999999,-0.40399387326507136,false
260,0.50457540000000001,-0.40399387326507136,false
261,0.50670760000000004,-0.40399387326507136,false
262,0.50797150000000002,-0.40399387326507136,false
263,0.50949909999999998,-0.40399387326507136,false
264,0.51057640000000004,-0.40399387326507136,false
265,0.51230850000000006,-0.40399387326507136,false
266,0.51394910000000005,-0.40399387326507136,false
267,0.51843819999999996,-0.40399387326507136,false
268,0.51999850000000003,-0.40399387326507136,false
269,0.52150540000000001,-0.40399387326507136,false
270,0.52366840000000003,-0.40399387326507136,false
271,0.52538759999999995,-0.40399387326507136,false
272,0.52670240000000002,-0.40399387326507136,false
273,0.52829289999999995,-0.40399387326507136,false
274,0.53100040000000004,-0.40399387326507136,false
275,0.53361780000000003,-0.40399387326507136,false
276,0.53509410000000002,-0.40399387326507136,false
277,0.53671559999999996,-0.40399387326507136,false
278,0.53867489999999996,-0.40399387326507136,false
279,0.54079029999999995,-0.40399387326507136,false
280,0.54293820000000004,-0.40399387326507136,false
281,0.54434769999999999,-0.40399387326507136,false
282,0.54627979999999998,-0.40399387326507136,false
283,0.54749460000000005,-0.40399387326507136,false
284,0.54919530000000005,-0.40399387326507136,false
285,0.55034680000000002,-0.40399387326507136,false
286,0.55258660000000004,-0.40399387326507136,false
287,0.55520899999999995,-0.40399387326507136,false
288,0.55706290000000003,-0.40399387326507136,false
289,0.55840389999999995,-0.40399387326507136,false
290,0.56004869999999995,-0.40399387326507136,false
291,0.56195709999999999,-0.40399387326507136,false
292,0.56425119999999995,-0.40399387326507136,false
293,0.56658719999999996,-0.40399387326507136,false
294,0.56977429999999996,-0.40399387326507136,false
295,0.57236640000000005,-0.40399387326507136,false
296,0.57400810000000002,-0.40399387326507136,false
297,0.57558830000000005,-0.40399387326507136,false
298,0.57697019999999999,-0.40399387326507136,false
299,0.58032280000000003,-0.40399387326507136,false
300,0.58222260000000003,-0.40399387326507136,false
301,0.58380370000000004,-0.40399387326507136,false
302,0.58491720000000003,-0.40399387326507136,false
303,0.58696459999999995,-0.40399387326507136,false
304,0.58868379999999998,-0.40399387326507136,false
305,0.5894952,-0.40399387326507136,false
306,0.59113190000000004,-0.40399387326507136,false
307,0.59433290000000005,-0.40399387326507136,false
308,0.59681419999999996,-0.40399387326507136,false
309,0.59862230000000005,-0.40399387326507136,false
310,0.60055919999999996,-0.40399387326507136,false
311,0.60295949999999998,-0.40399387326507136,false
312,0.60430410000000001,-0.40399387326507136,false
313,0.60572930000000003,-0.40399387326507136,false
314,0.60810019999999998,-0.40399387326507136,false
315,0.61011510000000002,-0.40399387326507136,false
316,0.61218939999999999,-0.39676297773922997,true
317,0.61509309999999995,-0.39676297773922997,false
318,0.61941500000000005,-0.39676297773922997,false
319,0.62124860000000004,-0.39676297773922997,false
320,0.62299369999999998,-0.39676297773922997,false
321,0.62460780000000005,-0.39676297773922997,false
322,0.62718649999999998,-0.39676297773922997,false
323,0.62893429999999995,-0.39676297773922997,false
324,0.63244020000000001,-0.39676297773922997,false
325,0.63505250000000002,-0.39676297773922997,false
326,0.63714899999999997,-0.39676297773922997,false
327,0.63894430000000002,-0.39676297773922997,false
328,0.64111549999999995,-0.39676297773922997,false
329,0.64259290000000002,-0.39676297773922997,false
330,0.6443953,-0.39676297773922997,false
331,0.64688140000000005,-0.39676297773922997,false
332,0.64844659999999998,-0.39676297773922997,false
333,0.65012760000000003,-0.39676297773922997,false
334,0.65228580000000003,-0.39676297773922997,false
335,0.65405670000000005,-0.39676297773922997,false
336,0.65576100000000004,-0.39676297773922997,false
337,0.65858090000000002,-0.39676297773922997,false
338,0.6599237,-0.39676297773922997,false
339,0.66156749999999998,-0.39676297773922997,false
340,0.66289759999999998,-0.39676297773922997,false
341,0.66468510000000003,-0.39676297773922997,false
342,0.66675819999999997,-0.39676297773922997,false
343,0.66841010000000001,-0.39676297773922997,false
344,0.67077399999999998,-0.39676297773922997,false
345,0.67274270000000003,-0.39676297773922997,false
346,0.67625460000000004,-0.39676297773922997,false
347,0.67866950000000004,-0.39676297773922997,false
348,0.68115150000000002,-0.39676297773922997,false
349,0.68441759999999996,-0.39676297773922997,false
350,0.68748589999999998,-0.39676297773922997,false
351,0.69005570000000005,-0.39676297773922997,false
352,0.69238809999999995,-0.39676297773922997,false
353,0.69453770000000004,-0.39676297773922997,false
354,0.69786720000000002,-0.39676297773922997,false
355,0.70112459999999999,-0.39676297773922997,false
356,0.70369519999999997,-0.39676297773922997,false
357,0.70591570000000003,-0.39676297773922997,false
358,0.70740420000000004,-0.39676297773922997,false
359,0.71108079999999996,-0.39676297773922997,false
360,0.71392429999999996,-0.39676297773922997,false
361,0.71638170000000001,-0.39676297773922997,false
362,0.71904100000000004,-0.39676297773922997,false
363,0.72091000000000005,-0.39676297773922997,false
364,0.72308249999999996,-0.39676297773922997,false
365,0.72569629999999996,-0.39676297773922997,false
366,0.72794210000000004,-0.39676297773922997,false
367,0.73126769999999996,-0.35849858551144798,true
368,0.73467839999999995,-0.35849858551144798,false
369,0.73636509999999999,-0.35849858551144798,false
370,0.73870630000000004,-0.35849858551144798,false
371,0.74099090000000001,-0.35849858551144798,false
372,0.74309159999999996,-0.35849858551144798,false
373,0.74471169999999998,-0.35849858551144798,false
374,0.74621789999999999,-0.35849858551144798,false
375,0.75003660000000005,-0.35740895996499367,true
376,0.75184510000000004,-0.35740895996499367,false
377,0.753301,-0.35740895996499367,false
378,0.75423439999999997,-0.35740895996499367,false
379,0.75531320000000002,-0.35740895996499367,false
380,0.75695769999999996,-0.35740895996499367,false
381,0.75897190000000003,-0.35740895996499367,false
382,0.76047699999999996,-0.35740895996499367,false
383,0.76172649999999997,-0.35740895996499367,false
384,0.76362189999999996,-0.35740895996499367,false
385,0.76505639999999997,-0.35740895996499367,false
386,0.76654949999999999,-0.35740895996499367,false
387,0.76909110000000003,-0.35740895996499367,false
388,0.77035529999999997,-0.35740895996499367,false
389,0.77169589999999999,-0.35740895996499367,false
390,0.77353729999999998,-0.35740895996499367,false
391,0.77455300000000005,-0.35740895996499367,false
392,0.77643039999999997,-0.35740895996499367,false
393,0.77742650000000002,-0.35740895996499367,false
394,0.78008149999999998,-0.35740895996499367,false
395,0.78184600000000004,-0.35740895996499367,false
396,0.78412970000000004,-0.35740895996499367,false
397,0.78491840000000002,-0.35740895996499367,false
398,0.78620140000000005,-0.35740895996499367,false
399,0.78792329999999999,-0.35740895996499367,false
400,0.78922420000000004,-0.35740895996499367,false
401,0.79003900000000005,-0.35740895996499367,false
402,0.79268539999999998,-0.35740895996499367,false
403,0.79401239999999995,-0.35740895996499367,false
404,0.79516730000000002,-0.35740895996499367,false
405,0.796736,-0.35740895996499367,false
406,0.7978189,-0.35740895996499367,false
407,0.79895490000000002,-0.35740895996499367,false
408,0.79938989999999999,-0.35740895996499367,false
409,0.80136790000000002,-0.35740895996499367,false
410,0.80326410000000004,-0.35740895996499367,false
411,0.8042996,-0.35740895996499367,false
412,0.80565960000000003,-0.35740895996499367,false
413,0.80687410000000004,-0.35740895996499367,false
414,0.80799980000000005,-0.35740895996499367,false
415,0.80912329999999999,-0.35740895996499367,false
416,0.80962020000000001,-0.35740895996499367,false
417,0.811006,-0.35740895996499367,false
418,0.81194189999999999,-0.35740895996499367,false
419,0.81331889999999996,-0.35740895996499367,false
420,0.81475960000000003,-0.35740895996499367,false
421,0.81623679999999998,-0.35740895996499367,false
422,0.81815789999999999,-0.35740895996499367,false
423,0.81898959999999998,-0.35740895996499367,false
424,0.82063359999999996,-0.35740895996499367,false
425,0.8228181,-0.35740895996499367,false
426,0.8248278,-0.35740895996499367,false
427,0.82557460000000005,-0.35740895996499367,false
428,0.82704040000000001,-0.35740895996499367,false
429,0.82828670000000004,-0.35740895996499367,false
430,0.82939050000000003,-0.35740895996499367,false
431,0.83158940000000003,-0.35740895996499367,false
432,0.83278099999999999,-0.35740895996499367,false
433,0.83439850000000004,-0.35740895996499367,false
434,0.83556010000000003,-0.35740895996499367,false
435,0.83734710000000001,-0.35740895996499367,false
436,0.83859320000000004,-0.35740895996499367,false
437,0.84006499999999995,-0.35740895996499367,false
438,0.84293249999999997,-0.35740895996499367,false
439,0.84402239999999995,-0.35740895996499367,false
440,0.84552939999999999,-0.35740895996499367,false
441,0.84648650000000003,-0.35740895996499367,false
442,0.84835579999999999,-0.35740895996499367,false
443,0.84966430000000004,-0.35740895996499367,false
444,0.85121550000000001,-0.35740895996499367,false
445,0.85229880000000002,-0.35740895996499367,false
446,0.857599,-0.35740895996499367,false
447,0.85942669999999999,-0.35740895996499367,false
448,0.86185630000000002,-0.35740895996499367,false
449,0.86392449999999998,-0.35740895996499367,false
450,0.86470029999999998,-0.35740895996499367,false
451,0.86622809999999995,-0.35740895996499367,false
452,0.86812659999999997,-0.35740895996499367,false
453,0.87026720000000002,-0.35740895996499367,false
454,0.87165669999999995,-0.35740895996499367,false
455,0.8737414,-0.35740895996499367,false
456,0.87755139999999998,-0.35740895996499367,false
457,0.87956480000000004,-0.35740895996499367,false
458,0.88192429999999999,-0.35740895996499367,false
459,0.88300480000000003,-0.35740895996499367,false
460,0.8843259,-0.35740895996499367,false
461,0.88641709999999996,-0.35740895996499367,false
462,0.88735090000000005,-0.35740895996499367,false
463,0.89056659999999999,-0.35740895996499367,false
464,0.89225429999999994,-0.35740895996499367,false
465,0.89311600000000002,-0.35740895996499367,false
466,0.8945227,-0.35740895996499367,false
467,0.89593440000000002,-0.35740895996499367,false
468,0.89820069999999996,-0.35740895996499367,false
469,0.8999142,-0.35740895996499367,false
470,0.90146979999999999,-0.35740895996499367,false
471,0.90275320000000003,-0.35740895996499367,false
472,0.90320489999999998,-0.35740895996499367,false
473,0.90515610000000002,-0.35740895996499367,false
474,0.90632820000000003,-0.35740895996499367,false
475,0.90745549999999997,-0.35740895996499367,false
476,0.9090549,-0.35740895996499367,false
477,0.91114740000000005,-0.35740895996499367,false
478,0.912381,-0.35740895996499367,false
479,0.91323909999999997,-0.35740895996499367,false
480,0.91522599999999998,-0.35740895996499367,false
481,0.91598360000000001,-0.35740895996499367,false
482,0.91882070000000005,-0.35363892908469974,true
483,0.92171349999999996,-0.35363892908469974,false
484,0.92296900000000004,-0.35363892908469974,false
485,0.92433889999999996,-0.35363892908469974,false
486,0.92676639999999999,-0.35363892908469974,false
487,0.92827139999999997,-0.35363892908469974,false
488,0.92992229999999998,-0.35363892908469974,false
489,0.93190859999999998,-0.35363892908469974,false
490,0.93328049999999996,-0.35363892908469974,false
491,0.93493530000000002,-0.35363892908469974,false
492,0.93705419999999995,-0.35363892908469974,false
493,0.93887790000000004,-0.35363892908469974,false
494,0.94049550000000004,-0.35363892908469974,false
495,0.94147650000000005,-0.35363892908469974,false
496,0.94336299999999995,-0.35363892908469974,false
497,0.94508780000000003,-0.35363892908469974,false
498,0.94740429999999998,-0.35363892908469974,false
499,0.94834280000000004,-0.35363892908469974,false
500,0.95019819999999999,-0.35363892908469974,false
501,0.95388600000000001,-0.35363892908469974,false
502,0.95503499999999997,-0.35363892908469974,false
503,0.95634580000000002,-0.35363892908469974,false
504,0.9578004,-0.35363892908469974,false
505,0.95961149999999995,-0.35363892908469974,false
506,0.96129830000000005,-0.35363892908469974,false
507,0.96403349999999999,-0.35363892908469974,false
508,0.96693430000000002,-0.35363892908469974,false
509,0.96871819999999997,-0.35363892908469974,false
510,0.97036009999999995,-0.35363892908469974,false
511,0.97215379999999996,-0.35363892908469974,false
512,0.97371419999999997,-0.35363892908469974,false
513,0.97542530000000005,-0.35363892908469974,false
514,0.97709840000000003,-0.35363892908469974,false
515,0.97984119999999997,-0.35363892908469974,false
516,0.98134250000000001,-0.35363892908469974,false
517,0.9833115,-0.35363892908469974,false
518,0.98590679999999997,-0.35363892908469974,false
519,0.98828499999999997,-0.35363892908469974,false
520,0.99075869999999999,-0.35363892908469974,false
521,0.99256750000000005,-0.35363892908469974,false
522,0.99569529999999995,-0.35363892908469974,false
523,0.99793580000000004,-0.35363892908469974,false
524,0.99995480000000003,-0.35363892908469974,false
525,1.0023435000000001,-0.35363892908469974,false
526,1.0043928,-0.35363892908469974,false
527,1.008758,-0.35363892908469974,false
528,1.010451,-0.35363892908469974,false
529,1.0128136999999999,-0.35363892908469974,false
530,1.0148933,-0.35363892908469974,false
531,1.0165708,-0.35363892908469974,false
532,1.0184930000000001,-0.35363892908469974,false
533,1.0200853000000001,-0.35363892908469974,false
534,1.0217464999999999,-0.35363892908469974,false
535,1.0243294999999999,-0.35363892908469974,false
536,1.0267938000000001,-0.35363892908469974,false
537,1.0285557000000001,-0.35363892908469974,false
538,1.0323481999999999,-0.35363892908469974,false
539,1.0349147000000001,-0.35363892908469974,false
540,1.0364712,-0.35363892908469974,false
541,1.0385656999999999,-0.35363892908469974,false
542,1.0410599,-0.35363892908469974,false
543,1.0430828999999999,-0.35363892908469974,false
544,1.0454239000000001,-0.35363892908469974,false
545,1.0471524999999999,-0.35363892908469974,false
546,1.0484728999999999,-0.35363892908469974,false
547,1.0496998,-0.35363892908469974,false
548,1.0515584,-0.35363892908469974,false
549,1.0535692999999999,-0.35363892908469974,false
550,1.0557516,-0.35363892908469974,false
551,1.0577726000000001,-0.35363892908469974,false
552,1.0599053000000001,-0.35363892908469974,false
553,1.0614109,-0.35363892908469974,false
554,1.0637433999999999,-0.35363892908469974,false
555,1.0652778000000001,-0.35363892908469974,false
556,1.0684541999999999,-0.35363892908469974,false
557,1.0703256999999999,-0.35363892908469974,false
558,1.072236,-0.35363892908469974,false
559,1.0749960000000001,-0.35363892908469974,false
560,1.0776401,-0.35363892908469974,false
561,1.0793927999999999,-0.35363892908469974,false
562,1.0819525999999999,-0.35363892908469974,false
563,1.0839232000000001,-0.35363892908469974,false
564,1.0868747999999999,-0.35363892908469974,false
565,1.0886384,-0.35363892908469974,false
566,1.0916132000000001,-0.35363892908469974,false
567,1.0939677000000001,-0.35363892908469974,false
568,1.0970675000000001,-0.35363892908469974,false
569,1.0996736,-0.35363892908469974,false
570,1.1012531000000001,-0.35363892908469974,false
571,1.1053975,-0.35363892908469974,false
572,1.1079175000000001,-0.35363892908469974,false
573,1.1094318000000001,-0.35363892908469974,false
574,1.1117473,-0.35363892908469974,false
575,1.1141856000000001,-0.35363892908469974,false
576,1.1162418999999999,-0.35363892908469974,false
577,1.1198041999999999,-0.35363892908469974,false
578,1.1225791000000001,-0.35363892908469974,false
579,1.1245894000000001,-0.35363892908469974,false
580,1.1264462,-0.35363892908469974,false
581,1.1285742999999999,-0.35363892908469974,false
582,1.1312982,-0.35363892908469974,false
583,1.1339334999999999,-0.35363892908469974,false
584,1.1361744,-0.35363892908469974,false
585,1.1385276,-0.35363892908469974,false
586,1.1395925,-0.35363892908469974,false
587,1.1414715,-0.35363892908469974,false
588,1.1445168999999999,-0.35363892908469974,false
589,1.1465160000000001,-0.35363892908469974,false
590,1.1484877,-0.35363892908469974,false
591,1.1504072999999999,-0.35363892908469974,false
592,1.1519572,-0.35363892908469974,false
593,1.1544648,-0.35363892908469974,false
594,1.1560379000000001,-0.35363892908469974,false
595,1.1578728,-0.35363892908469974,false
596,1.1604140999999999,-0.35363892908469974,false
597,1.1622669999999999,-0.35363892908469974,false
598,1.1657963,-0.35363892908469974,false
599,1.1681431,-0.35363892908469974,false
600,1.1710233999999999,-0.35363892908469974,false
601,1.1733019,-0.35363892908469974,false
602,1.1756441,-0.35363892908469974,false
603,1.1781283,-0.35363892908469974,false
604,1.1826744,-0.35363892908469974,false
605,1.1843003000000001,-0.35363892908469974,false
606,1.1869082,-0.35363892908469974,false
607,1.1891954,-0.35363892908469974,false
608,1.1914931,-0.35363892908469974,false
609,1.1931311,-0.35363892908469974,false
610,1.1942299999999999,-0.35363892908469974,false
611,1.1970038999999999,-0.35363892908469974,false
612,1.1981151999999999,-0.35363892908469974,false
613,1.2001447000000001,-0.35363892908469974,false
614,1.2020356999999999,-0.35363892908469974,false
615,1.2037363999999999,-0.35363892908469974,false
616,1.2077667000000001,-0.35363892908469974,false
617,1.2100782000000001,-0.35363892908469974,false
618,1.2124382,-0.35363892908469974,false
619,1.2153654,-0.35363892908469974,false
620,1.2173636000000001,-0.35363892908469974,false
621,1.2189966000000001,-0.35363892908469974,false
622,1.2205708,-0.35363892908469974,false
623,1.2237827999999999,-0.35363892908469974,false
624,1.2261744999999999,-0.35363892908469974,false
625,1.2287967,-0.35363892908469974,false
626,1.2308760999999999,-0.35363892908469974,false
627,1.2325041999999999,-0.35363892908469974,false
628,1.2343512999999999,-0.35363892908469974,false
629,1.2368729999999999,-0.35363892908469974,false
630,1.2389334000000001,-0.35363892908469974,false
631,1.2404580999999999,-0.35363892908469974,false
632,1.2416944999999999,-0.35363892908469974,false
633,1.2441040999999999,-0.35363892908469974,false
634,1.2477423000000001,-0.35363892908469974,false
635,1.2493308000000001,-0.35363892908469974,false
636,1.2503993,-0.35363892908469974,false
637,1.2529634000000001,-0.35363892908469974,false
638,1.2550384000000001,-0.35363892908469974,false
639,1.2569239000000001,-0.35363892908469974,false
640,1.2611171999999999,-0.35363892908469974,false
641,1.2631456000000001,-0.35363892908469974,false
642,1.2654306,-0.35363892908469974,false
643,1.2681366000000001,-0.35363892908469974,false
644,1.2701416000000001,-0.35363892908469974,false
645,1.2723043999999999,-0.35363892908469974,false
646,1.2737221000000001,-0.35363892908469974,false
647,1.2770655,-0.35363892908469974,false
648,1.2795345,-0.35363892908469974,false
649,1.2824466000000001,-0.35363892908469974,false
650,1.2854506000000001,-0.35363892908469974,false
651,1.2866974,-0.35363892908469974,false
652,1.2882591000000001,-0.35363892908469974,false
653,1.2903639,-0.35363892908469974,false
654,1.2929048000000001,-0.35363892908469974,false
655,1.2976030999999999,-0.35363892908469974,false
656,1.3001361,-0.35363892908469974,false
657,1.3030651,-0.35363892908469974,false
658,1.3050648,-0.35363892908469974,false
659,1.3065530000000001,-0.35363892908469974,false
660,1.3097392999999999,-0.35363892908469974,false
661,1.3113763000000001,-0.35363892908469974,false
662,1.3133911,-0.35363892908469974,false
663,1.3156030000000001,-0.35363892908469974,false
664,1.3174218,-0.35363892908469974,false
665,1.3186530000000001,-0.35363892908469974,false
666,1.3212512000000001,-0.35363892908469974,false
667,1.3239631999999999,-0.35363892908469974,false
668,1.3260767,-0.35363892908469974,false
669,1.3277558,-0.35363892908469974,false
670,1.3292813999999999,-0.35363892908469974,false
671,1.3308617,-0.35363892908469974,false
672,1.3328602000000001,-0.35363892908469974,false
673,1.3351173000000001,-0.35363892908469974,false
674,1.3401957,-0.35363892908469974,false
675,1.3415618,-0.35363892908469974,false
676,1.3447366000000001,-0.35363892908469974,false
677,1.3466180000000001,-0.35363892908469974,false
678,1.3484879999999999,-0.35363892908469974,false
679,1.3498701,-0.35363892908469974,false
680,1.3512542999999999,-0.35363892908469974,false
681,1.3536490999999999,-0.35363892908469974,false
682,1.3563460000000001,-0.35363892908469974,false
683,1.3582341,-0.35363892908469974,false
684,1.3606855,-0.35363892908469974,false
685,1.3619729,-0.35363892908469974,false
686,1.3637987,-0.35363892908469974,false
687,1.3651234000000001,-0.35363892908469974,false
688,1.3667388,-0.35363892908469974,false
689,1.3698977000000001,-0.35363892908469974,false
690,1.3713747999999999,-0.35363892908469974,false
691,1.3739755,-0.35363892908469974,false
692,1.3771599999999999,-0.35363892908469974,false
693,1.3790743000000001,-0.35363892908469974,false
694,1.3799676999999999,-0.35363892908469974,false
695,1.383283,-0.35363892908469974,false
696,1.3851268999999999,-0.35363892908469974,false
697,1.3870722,-0.35363892908469974,false
698,1.3887415000000001,-0.35363892908469974,false
699,1.3910393000000001,-0.35363892908469974,false
700,1.3920572,-0.35363892908469974,false
701,1.3944593000000001,-0.35363892908469974,false
702,1.3961831,-0.35363892908469974,false
703,1.3974420999999999,-0.35363892908469974,false
704,1.3997869999999999,-0.35363892908469974,false
705,1.4017891,-0.35363892908469974,false
706,1.4046067,-0.35363892908469974,false
707,1.4063482,-0.35363892908469974,false
708,1.4081087999999999,-0.35363892908469974,false
709,1.4097922000000001,-0.35363892908469974,false
710,1.4136747999999999,-0.35363892908469974,false
711,1.4160683999999999,-0.35363892908469974,false
712,1.4188807000000001,-0.35363892908469974,false
713,1.4206266999999999,-0.35363892908469974,false
714,1.4231792999999999,-0.35363892908469974,false
715,1.4263649,-0.35363892908469974,false
716,1.4286771,-0.35363892908469974,false
717,1.4308425,-0.35363892908469974,false
718,1.4343869,-0.35363892908469974,false
719,1.4363421999999999,-0.35363892908469974,false
720,1.4399390999999999,-0.35363892908469974,false
721,1.4411186,-0.35363892908469974,false
722,1.4430874,-0.35363892908469974,false
723,1.4451286999999999,-0.35363892908469974,false
724,1.4472463,-0.35363892908469974,false
725,1.4497487,-0.35363892908469974,false
726,1.4521116999999999,-0.35363892908469974,false
727,1.4541644,-0.35363892908469974,false
728,1.456496,-0.35363892908469974,false
729,1.4601017000000001,-0.35363892908469974,false
730,1.4609335999999999,-0.35363892908469974,false
731,1.4636129,-0.35363892908469974,false
732,1.4647584,-0.35363892908469974,false
733,1.4678662,-0.35363892908469974,false
734,1.4701055999999999,-0.35363892908469974,false
735,1.4711475000000001,-0.35363892908469974,false
736,1.4739317999999999,-0.35363892908469974,false
737,1.4762255,-0.35363892908469974,false
738,1.4790182999999999,-0.35363892908469974,false
739,1.4807357000000001,-0.35363892908469974,false
740,1.4840388,-0.35363892908469974,false
741,1.4883774000000001,-0.35363892908469974,false
742,1.4910848000000001,-0.35363892908469974,false
743,1.492156,-0.35363892908469974,false
744,1.4952288,-0.35363892908469974,false
745,1.4971717,-0.35363892908469974,false
746,1.4986280000000001,-0.35363892908469974,false
747,1.5008699999999999,-0.35363892908469974,false
748,1.5022333999999999,-0.35363892908469974,false
749,1.5042264999999999,-0.35363892908469974,false
750,1.5062720000000001,-0.35363892908469974,false
751,1.5082397999999999,-0.35363892908469974,false
752,1.5096683,-0.35363892908469974,false
753,1.5122287000000001,-0.35363892908469974,false
754,1.5145478000000001,-0.35363892908469974,false
755,1.5170771999999999,-0.35363892908469974,false
756,1.5193236000000001,-0.35363892908469974,false
757,1.5222523999999999,-0.35363892908469974,false
758,1.5244453,-0.35363892908469974,false
759,1.5274303,-0.35363892908469974,false
760,1.5312323999999999,-0.35363892908469974,false
761,1.5347557000000001,-0.35363892908469974,false
762,1.5366637000000001,-0.35363892908469974,false
763,1.5394402,-0.35363892908469974,false
764,1.5412355,-0.35363892908469974,false
765,1.5436824,-0.35363892908469974,false
766,1.5447767999999999,-0.35363892908469974,false
767,1.5460623,-0.35363892908469974,false
768,1.5486884999999999,-0.35363892908469974,false
769,1.5521421,-0.35363892908469974,false
770,1.5550423,-0.35363892908469974,false
771,1.5565681,-0.35363892908469974,false
772,1.5593041999999999,-0.35363892908469974,false
773,1.5617067,-0.35363892908469974,false
774,1.5650326000000001,-0.35363892908469974,false
775,1.5670989,-0.35363892908469974,false
776,1.5702281,-0.35363892908469974,false
777,1.5720187999999999,-0.35363892908469974,false
778,1.5737006,-0.35363892908469974,false
779,1.575731,-0.35363892908469974,false
780,1.577763,-0.35363892908469974,false
781,1.5791151999999999,-0.35363892908469974,false
782,1.5816087000000001,-0.35363892908469974,false
783,1.5846731999999999,-0.35363892908469974,false
784,1.5870845,-0.35363892908469974,false
785,1.5911063000000001,-0.35363892908469974,false
786,1.5931493000000001,-0.35363892908469974,false
787,1.5958819,-0.35363892908469974,false
788,1.5976125000000001,-0.35363892908469974,false
789,1.6023221999999999,-0.35363892908469974,false
790,1.6066324000000001,-0.35363892908469974,false
791,1.6092721999999999,-0.35363892908469974,false
792,1.6107883000000001,-0.35363892908469974,false
793,1.6131099,-0.35363892908469974,false
794,1.6148750999999999,-0.35363892908469974,false
795,1.6166535,-0.35363892908469974,false
796,1.6190621000000001,-0.35363892908469974,false
797,1.6212464,-0.35363892908469974,false
798,1.6242669999999999,-0.35363892908469974,false
799,1.6272818,-0.35363892908469974,false
800,1.6295094999999999,-0.35363892908469974,false
801,1.6322243999999999,-0.35363892908469974,false
802,1.6341045999999999,-0.35363892908469974,false
803,1.6373548,-0.35363892908469974,false
804,1.6398714000000001,-0.35363892908469974,false
805,1.6436408,-0.35363892908469974,false
806,1.6461376000000001,-0.35363892908469974,false
807,1.6487592,-0.35363892908469974,false
808,1.6521653999999999,-0.35363892908469974,false
809,1.6558854000000001,-0.35363892908469974,false
810,1.6595361,-0.35363892908469974,false
811,1.6619367,-0.35363892908469974,false
812,1.663875,-0.35363892908469974,false
813,1.6676937999999999,-0.35363892908469974,false
814,1.6699332,-0.35363892908469974,false
815,1.6717253000000001,-0.35363892908469974,false
816,1.6747411999999999,-0.35363892908469974,false
817,1.6774397000000001,-0.35363892908469974,false
818,1.680669,-0.35363892908469974,false
819,1.6824235000000001,-0.35363892908469974,false
820,1.6847463,-0.35363892908469974,false
821,1.6873233999999999,-0.35363892908469974,false
822,1.6901861,-0.35363892908469974,false
823,1.6926123,-0.35363892908469974,false
824,1.6954239,-0.35363892908469974,false
825,1.6969430000000001,-0.35363892908469974,false
826,1.7002693,-0.35363892908469974,false
827,1.7017431000000001,-0.35363892908469974,false
828,1.7029924999999999,-0.35363892908469974,false
829,1.7055399,-0.35363892908469974,false
830,1.7077726,-0.35363892908469974,false
831,1.7105102999999999,-0.35363892908469974,false
832,1.7122816999999999,-0.35363892908469974,false
833,1.7140829,-0.35363892908469974,false
834,1.7167547999999999,-0.35363892908469974,false
835,1.7191012999999999,-0.35363892908469974,false
836,1.7213727999999999,-0.35363892908469974,false
837,1.7230909999999999,-0.35363892908469974,false
838,1.7250496,-0.35363892908469974,false
839,1.7317020999999999,-0.35363892908469974,false
840,1.7336425,-0.35363892908469974,false
841,1.7356061,-0.35363892908469974,false
842,1.7371113,-0.35363892908469974,false
843,1.7387083000000001,-0.35363892908469974,false
844,1.7416178,-0.35363892908469974,false
845,1.7438625000000001,-0.35363892908469974,false
846,1.7457236,-0.35363892908469974,false
847,1.7489250999999999,-0.35363892908469974,false
848,1.7517195000000001,-0.35363892908469974,false
849,1.754148,-0.35363892908469974,false
850,1.7555978999999999,-0.35363892908469974,false
851,1.7589775000000001,-0.35363892908469974,false
852,1.7631327000000001,-0.35363892908469974,false
853,1.7675479000000001,-0.35363892908469974,false
854,1.7694623,-0.35363892908469974,false
855,1.7709511,-0.35363892908469974,false
856,1.7726614000000001,-0.35363892908469974,false
857,1.7751714000000001,-0.35363892908469974,false
858,1.7774017,-0.35363892908469974,false
859,1.7791853,-0.35363892908469974,false
860,1.7818027999999999,-0.35363892908469974,false
861,1.7844807,-0.35363892908469974,false
862,1.7863011,-0.35363892908469974,false
863,1.789974,-0.35363892908469974,false
864,1.7937593999999999,-0.35363892908469974,false
865,1.795803,-0.35363892908469974,false
866,1.7993064999999999,-0.35363892908469974,false
867,1.8027148,-0.35363892908469974,false
868,1.8055353000000001,-0.35363892908469974,false
869,1.8084963000000001,-0.35363892908469974,false
870,1.8121571000000001,-0.35363892908469974,false
871,1.8150662,-0.35363892908469974,false
872,1.8168953999999999,-0.35363892908469974,false
873,1.8187926999999999,-0.35363892908469974,false
874,1.8217623999999999,-0.35363892908469974,false
875,1.8243327,-0.35363892908469974,false
876,1.8269721999999999,-0.35363892908469974,false
877,1.8306008,-0.35363892908469974,false
878,1.8324919,-0.35363892908469974,false
879,1.8360696000000001,-0.35363892908469974,false
880,1.8390340000000001,-0.35363892908469974,false
881,1.8408100999999999,-0.35363892908469974,false
882,1.8431982,-0.35363892908469974,false
883,1.8455314,-0.35363892908469974,false
884,1.8484932999999999,-0.35363892908469974,false
885,1.850654,-0.35363892908469974,false
886,1.8537828000000001,-0.35363892908469974,false
887,1.8554672000000001,-0.35363892908469974,false
888,1.8572777,-0.35363892908469974,false
889,1.8593858999999999,-0.35363892908469974,false
890,1.8639711999999999,-0.35363892908469974,false
891,1.8652565000000001,-0.35363892908469974,false
892,1.8667705999999999,-0.35363892908469974,false
893,1.8698509000000001,-0.35363892908469974,false
894,1.8719271,-0.35363892908469974,false
895,1.8731850000000001,-0.35363892908469974,false
896,1.8759292999999999,-0.35363892908469974,false
897,1.8784311,-0.35363892908469974,false
898,1.8802725,-0.35363892908469974,false
899,1.8845257,-0.35363892908469974,false
900,1.8862989999999999,-0.35363892908469974,false
901,1.8877638000000001,-0.35363892908469974,false
902,1.8913728999999999,-0.35363892908469974,false
903,1.8929081999999999,-0.35363892908469974,false
904,1.8960147999999999,-0.35363892908469974,false
905,1.8988375,-0.35363892908469974,false
906,1.9015318999999999,-0.35363892908469974,false
907,1.9047274999999999,-0.35363892908469974,false
908,1.9068830000000001,-0.35363892908469974,false
909,1.9096662,-0.35363892908469974,false
910,1.9120166000000001,-0.35363892908469974,false
911,1.9152089000000001,-0.35363892908469974,false
912,1.9186384000000001,-0.35363892908469974,false
913,1.9211752,-0.35363892908469974,false
914,1.9231581,-0.35363892908469974,false
915,1.9266772999999999,-0.35363892908469974,false
916,1.9291904,-0.35363892908469974,false
917,1.9316295999999999,-0.35363892908469974,false
918,1.9345796,-0.35363892908469974,false
919,1.9364246000000001,-0.35363892908469974,false
920,1.9386178000000001,-0.35363892908469974,false
921,1.9415861999999999,-0.35363892908469974,false
922,1.9436644999999999,-0.35363892908469974,false
923,1.9466447,-0.35363892908469974,false
924,1.9490772999999999,-0.35363892908469974,false
925,1.9517717999999999,-0.35363892908469974,false
926,1.9554962,-0.35363892908469974,false
927,1.9596655999999999,-0.35363892908469974,false
928,1.9620409000000001,-0.35363892908469974,false
929,1.9648156999999999,-0.35363892908469974,false
930,1.9673388999999999,-0.35363892908469974,false
931,1.9692905999999999,-0.35363892908469974,false
932,1.9735566,-0.35363892908469974,false
933,1.9762542999999999,-0.35363892908469974,false
934,1.9789539,-0.35363892908469974,false
935,1.9809524000000001,-0.35363892908469974,false
936,1.9835973,-0.35363892908469974,false
937,1.9855902000000001,-0.35363892908469974,false
938,1.9876754000000001,-0.35363892908469974,false
939,1.9902682,-0.35363892908469974,false
940,1.9927336,-0.35363892908469974,false
941,1.9962769,-0.35363892908469974,false
942,1.9994554,-0.35363892908469974,false
943,2.0013065999999999,-0.35363892908469974,false
944,2.0039701000000001,-0.35363892908469974,false
945,2.0062152000000002,-0.35363892908469974,false
946,2.0092642000000001,-0.35363892908469974,false
947,2.0101743999999999,-0.35363892908469974,false
948,2.0127367,-0.35363892908469974,false
949,2.0146682999999999,-0.35363892908469974,false
950,2.0177917000000001,-0.35363892908469974,false
951,2.0201812000000001,-0.35363892908469974,false
952,2.0247030000000001,-0.35363892908469974,false
953,2.0268408,-0.35363892908469974,false
954,2.0296807000000001,-0.35363892908469974,false
955,2.0327039,-0.35363892908469974,false
956,2.0359904000000002,-0.35363892908469974,false
957,2.0383648999999999,-0.35363892908469974,false
958,2.0411106000000001,-0.35363892908469974,false
959,2.0436190999999999,-0.35363892908469974,false
960,2.0465553999999999,-0.35363892908469974,false
961,2.0488287000000001,-0.35363892908469974,false
962,2.0512085,-0.35363892908469974,false
963,2.0556546999999998,-0.35363892908469974,false
964,2.0575568999999998,-0.35363892908469974,false
965,2.0588776000000002,-0.35363892908469974,false
966,2.0609630000000001,-0.35363892908469974,false
967,2.0639481000000002,-0.35363892908469974,false
968,2.0662463999999998,-0.35363892908469974,false
969,2.0717235999999999,-0.35363892908469974,false
970,2.0733101999999999,-0.35363892908469974,false
971,2.0759295999999998,-0.35363892908469974,false
972,2.0786693999999999,-0.35363892908469974,false
973,2.0803978999999999,-0.35363892908469974,false
974,2.0835243999999999,-0.35363892908469974,false
975,2.0868186999999998,-0.35363892908469974,false
976,2.0890920999999998,-0.35363892908469974,false
977,2.0923050000000001,-0.35363892908469974,false
978,2.0947027999999999,-0.35363892908469974,false
979,2.0975266000000001,-0.35363892908469974,false
980,2.1001034999999999,-0.35363892908469974,false
981,2.1032012999999998,-0.35363892908469974,false
982,2.1074761,-0.35363892908469974,false
983,2.1096637,-0.35363892908469974,false
984,2.1113233999999999,-0.35363892908469974,false
985,2.1139744999999999,-0.35363892908469974,false
986,2.1162532999999999,-0.35363892908469974,false
987,2.1193423999999998,-0.35363892908469974,false
988,2.1220340000000002,-0.35363892908469974,false
989,2.1247018,-0.35363892908469974,false
990,2.1276904999999999,-0.35363892908469974,false
991,2.1314910999999999,-0.35363892908469974,false
992,2.1346721,-0.35363892908469974,false
993,2.1381952000000002,-0.35363892908469974,false
994,2.1416974,-0.35363892908469974,false
995,2.1444424,-0.35363892908469974,false
996,2.1483658000000001,-0.35363892908469974,false
997,2.1520724000000002,-0.35363892908469974,false
998,2.1541032000000002,-0.35363892908469974,false
999,2.1567493999999998,-0.35363892908469974,false
1000,2.1595588000000001,-0.35363892908469974,false
1001,2.1617381,-0.35363892908469974,false
1002,2.1635702000000001,-0.35363892908469974,false
1003,2.1653125000000002,-0.35363892908469974,false
1004,2.1673068,-0.35363892908469974,false
1005,2.1683542,-0.35363892908469974,false
1006,2.1704401999999998,-0.35363892908469974,false
1007,2.1730955000000001,-0.35363892908469974,false
1008,2.1751152,-0.35363892908469974,false
1009,2.1764177999999998,-0.35363892908469974,false
1010,2.1786267000000001,-0.35363892908469974,false
1011,2.1822194000000001,-0.35363892908469974,false
1012,2.1850174999999998,-0.35363892908469974,false
1013,2.1865258999999999,-0.35363892908469974,false
1014,2.1886701,-0.35363892908469974,false
1015,2.1898982,-0.35363892908469974,false
1016,2.1910577,-0.35363892908469974,false
1017,2.1939796,-0.35363892908469974,false
1018,2.1953871999999999,-0.35363892908469974,false
1019,2.1989405999999998,-0.35363892908469974,false
1020,2.2008173000000002,-0.35363892908469974,false
1021,2.2034926000000001,-0.35363892908469974,false
1022,2.2061508999999999,-0.35363892908469974,false
1023,2.2084573999999999,-0.35363892908469974,false
1024,2.2110153000000001,-0.35363892908469974,false
1025,2.2125827999999998,-0.35363892908469974,false
1026,2.2141356000000001,-0.35363892908469974,false
1027,2.2158576000000001,-0.35363892908469974,false
1028,2.2178718000000002,-0.35363892908469974,false
1029,2.2220822,-0.35363892908469974,false
1030,2.2238193000000002,-0.35363892908469974,false
1031,2.2255588999999998,-0.35363892908469974,false
1032,2.2279719999999998,-0.35363892908469974,false
1033,2.2294279000000001,-0.35363892908469974,false
1034,2.2315672000000002,-0.35363892908469974,false
1035,2.2333569999999998,-0.35363892908469974,false
1036,2.2365514000000002,-0.35363892908469974,false
1037,2.2388897999999999,-0.35363892908469974,false
1038,2.2409522000000002,-0.35363892908469974,false
1039,2.2434189999999998,-0.35363892908469974,false
1040,2.2458276000000001,-0.35363892908469974,false
1041,2.2480083,-0.35363892908469974,false
1042,2.2501771000000002,-0.35363892908469974,false
1043,2.2516433999999999,-0.35363892908469974,false
1044,2.253787,-0.35363892908469974,false
1045,2.2586216000000001,-0.35363892908469974,false
1046,2.2606714000000001,-0.35363892908469974,false
1047,2.2624254000000001,-0.35363892908469974,false
1048,2.2638037999999998,-0.35363892908469974,false
1049,2.2671923999999999,-0.35363892908469974,false
1050,2.2693167999999999,-0.35363892908469974,false
1051,2.2708192999999999,-0.35363892908469974,false
1052,2.2727455000000001,-0.35363892908469974,false
1053,2.2739066999999999,-0.35363892908469974,false
1054,2.2773083999999999,-0.35363892908469974,false
1055,2.2802389000000001,-0.35363892908469974,false
1056,2.2828602999999998,-0.35363892908469974,false
1057,2.2848221999999998,-0.35363892908469974,false
1058,2.2868518999999998,-0.35363892908469974,false
1059,2.2897281,-0.35363892908469974,false
1060,2.2918862999999998,-0.35363892908469974,false
1061,2.2943471,-0.35363892908469974,false
1062,2.2955622,-0.35363892908469974,false
1063,2.2982952000000001,-0.35363892908469974,false
1064,2.3003711999999998,-0.35363892908469974,false
1065,2.3033174999999999,-0.35363892908469974,false
1066,2.3052163000000001,-0.35363892908469974,false
1067,2.3072286000000002,-0.35363892908469974,false
1068,2.3095659999999998,-0.35363892908469974,false
1069,2.3112547000000001,-0.35363892908469974,false
1070,2.3137819999999998,-0.35363892908469974,false
1071,2.3154338999999999,-0.35363892908469974,false
1072,2.3165279000000001,-0.35363892908469974,false
1073,2.3184657,-0.35363892908469974,false
1074,2.3208619000000001,-0.35363892908469974,false
1075,2.3232675999999999,-0.35363892908469974,false
1076,2.3256559000000001,-0.35363892908469974,false
1077,2.3275142999999998,-0.35363892908469974,false
1078,2.3292362999999998,-0.35363892908469974,false
1079,2.3311156999999998,-0.35363892908469974,false
1080,2.3328327999999998,-0.35363892908469974,false
1081,2.3360929000000001,-0.35363892908469974,false
1082,2.3393999999999999,-0.35363892908469974,false
1083,2.3417802999999999,-0.35363892908469974,false
1084,2.3438922,-0.35363892908469974,false
1085,2.346759,-0.35363892908469974,false
1086,2.3494386,-0.35363892908469974,false
1087,2.3525445,-0.35363892908469974,false
1088,2.3535414000000001,-0.35363892908469974,false
1089,2.3561314000000002,-0.35363892908469974,false
1090,2.3579837000000001,-0.35363892908469974,false
1091,2.3622003999999999,-0.35363892908469974,false
1092,2.3658011999999999,-0.35363892908469974,false
1093,2.3691205000000002,-0.35363892908469974,false
1094,2.3718153000000002,-0.35363892908469974,false
1095,2.3748874999999998,-0.35363892908469974,false
1096,2.3768820000000002,-0.35363892908469974,false
1097,2.3791091999999998,-0.35363892908469974,false
1098,2.3810685999999999,-0.35363892908469974,false
1099,2.3834580999999999,-0.35363892908469974,false
1100,2.3861393,-0.35363892908469974,false
1101,2.3879134,-0.35363892908469974,false
1102,2.3892441,-0.35363892908469974,false
1103,2.3909931000000002,-0.35363892908469974,false
1104,2.3928492000000001,-0.35363892908469974,false
1105,2.3949220000000002,-0.35363892908469974,false
1106,2.3973558000000001,-0.35363892908469974,false
1107,2.4017168,-0.35363892908469974,false
1108,2.4049854000000002,-0.35363892908469974,false
1109,2.4080370000000002,-0.35363892908469974,false
1110,2.4100581999999999,-0.35363892908469974,false
1111,2.4122636000000002,-0.35363892908469974,false
1112,2.4144974000000001,-0.35363892908469974,false
1113,2.4160455000000001,-0.35363892908469974,false
1114,2.4181252,-0.35363892908469974,false
1115,2.4212031999999999,-0.35363892908469974,false
1116,2.4230144,-0.35363892908469974,false
1117,2.4245383,-0.35363892908469974,false
1118,2.4266573999999999,-0.35363892908469974,false
1119,2.4287898999999999,-0.35363892908469974,false
1120,2.4304903000000002,-0.35363892908469974,false
1121,2.4319394999999999,-0.35363892908469974,false
1122,2.4354849999999999,-0.35363892908469974,false
1123,2.4373904999999998,-0.35363892908469974,false
1124,2.4397012,-0.35363892908469974,false
1125,2.4409519999999998,-0.35363892908469974,false
1126,2.4426744,-0.35363892908469974,false
1127,2.4448101000000002,-0.35363892908469974,false
1128,2.4465878999999999,-0.35363892908469974,false
1129,2.4489331999999999,-0.35363892908469974,false
1130,2.4509091000000001,-0.35363892908469974,false
1131,2.4526043,-0.35363892908469974,false
1132,2.4554429,-0.35363892908469974,false
1133,2.4574923000000002,-0.35363892908469974,false
1134,2.4629373000000001,-0.35363892908469974,false
1135,2.4649467999999999,-0.35363892908469974,false
1136,2.4668448999999999,-0.35363892908469974,false
1137,2.4693565,-0.35363892908469974,false
1138,2.4712187000000001,-0.35363892908469974,false
1139,2.4753964000000002,-0.35363892908469974,false
1140,2.4773345,-0.35363892908469974,false
1141,2.4790000000000001,-0.35363892908469974,false
1142,2.4809196,-0.35363892908469974,false
1143,2.4827221000000002,-0.35363892908469974,false
1144,2.4853222000000001,-0.35363892908469974,false
1145,2.4867170999999999,-0.35363892908469974,false
1146,2.4886287,-0.35363892908469974,false
1147,2.4894148,-0.35363892908469974,false
1148,2.4913530000000002,-0.35363892908469974,false
1149,2.4924542000000001,-0.35363892908469974,false
1150,2.4940144000000002,-0.35363892908469974,false
1151,2.4956231,-0.35363892908469974,false
1152,2.4976596999999998,-0.35363892908469974,false
1153,2.5000338000000002,-0.35363892908469974,false
1154,2.5018351999999999,-0.35363892908469974,false
1155,2.5035786999999998,-0.35363892908469974,false
1156,2.5046415999999998,-0.35363892908469974,false
1157,2.5068513000000001,-0.35363892908469974,false
1158,2.5091861999999998,-0.35363892908469974,false
1159,2.5115503000000001,-0.35363892908469974,false
1160,2.5131033,-0.35363892908469974,false
1161,2.5151808,-0.35363892908469974,false
1162,2.5167820000000001,-0.35363892908469974,false
1163,2.5192608999999999,-0.35363892908469974,false
1164,2.5222821,-0.35363892908469974,false
1165,2.5243085000000001,-0.35363892908469974,false
1166,2.5265559,-0.35363892908469974,false
1167,2.5287139000000001,-0.35363892908469974,false
1168,2.5319699,-0.35363892908469974,false
1169,2.5363315000000002,-0.35363892908469974,false
1170,2.5387656999999999,-0.35363892908469974,false
1171,2.5416371999999998,-0.35363892908469974,false
1172,2.5443679000000001,-0.35363892908469974,false
1173,2.5460946999999998,-0.35363892908469974,false
1174,2.5479147000000002,-0.35363892908469974,false
1175,2.5500134000000001,-0.35363892908469974,false
1176,2.5519984999999998,-0.35363892908469974,false
1177,2.5542804000000001,-0.35363892908469974,false
1178,2.5564393999999999,-0.35363892908469974,false
1179,2.5582045999999998,-0.35363892908469974,false
1180,2.5610542000000001,-0.35363892908469974,false
1181,2.5628440000000001,-0.35363892908469974,false
1182,2.5673328,-0.35363892908469974,false
1183,2.5702451000000002,-0.35363892908469974,false
1184,2.5723175,-0.35363892908469974,false
1185,2.5749613,-0.35363892908469974,false
1186,2.5782530000000001,-0.35363892908469974,false
1187,2.5795914,-0.35363892908469974,false
1188,2.5811443999999999,-0.35363892908469974,false
1189,2.5849012999999998,-0.35363892908469974,false
1190,2.587018,-0.35363892908469974,false
1191,2.5912915999999999,-0.35363892908469974,false
1192,2.5933562999999999,-0.35363892908469974,false
1193,2.5960776000000001,-0.35363892908469974,false
1194,2.5981687999999998,-0.35363892908469974,false
1195,2.6007913999999999,-0.35363892908469974,false
1196,2.6024668000000002,-0.35363892908469974,false
1197,2.6043115000000001,-0.35363892908469974,false
1198,2.6076942000000001,-0.35363892908469974,false
1199,2.6093128000000001,-0.35363892908469974,false
1200,2.6106927,-0.35363892908469974,false
1201,2.6133666,-0.35363892908469974,false
1202,2.6146161000000001,-0.35363892908469974,false
1203,2.6171014000000001,-0.35363892908469974,false
1204,2.6182558,-0.35363892908469974,false
1205,2.6198966000000001,-0.35363892908469974,false
1206,2.6214024,-0.35363892908469974,false
1207,2.6228088999999999,-0.35363892908469974,false
1208,2.6245514999999999,-0.35363892908469974,false
1209,2.6268839000000002,-0.35363892908469974,false
1210,2.6281167000000001,-0.35363892908469974,false
1211,2.6306799000000001,-0.35363892908469974,false
1212,2.6335573000000001,-0.35363892908469974,false
1213,2.6347073000000001,-0.35363892908469974,false
1214,2.6371566999999998,-0.35363892908469974,false
1215,2.6394365999999998,-0.35363892908469974,false
1216,2.6414859000000002,-0.35363892908469974,false
1217,2.6436625,-0.35363892908469974,false
1218,2.6461801,-0.35363892908469974,false
1219,2.6485804000000002,-0.35363892908469974,false
1220,2.6511792999999999,-0.35363892908469974,false
1221,2.6535752000000001,-0.35363892908469974,false
1222,2.6554503,-0.35363892908469974,false
1223,2.6583119000000002,-0.35363892908469974,false
1224,2.6608553000000001,-0.35363892908469974,false
1225,2.6635811999999999,-0.35363892908469974,false
1226,2.6649744000000002,-0.35363892908469974,false
1227,2.6662754999999998,-0.35363892908469974,false
1228,2.6687349,-0.35363892908469974,false
1229,2.6705157000000002,-0.35363892908469974,false
1230,2.6729417999999998,-0.35363892908469974,false
1231,2.6756126,-0.35363892908469974,false
1232,2.6797610999999999,-0.35363892908469974,false
1233,2.6817606,-0.35363892908469974,false
1234,2.6834372000000002,-0.35363892908469974,false
1235,2.6849717000000002,-0.35363892908469974,false
1236,2.6869187999999999,-0.35363892908469974,false
1237,2.6881520999999999,-0.35363892908469974,false
1238,2.689343,-0.35363892908469974,false
1239,2.6909350000000001,-0.35363892908469974,false
1240,2.6931508000000002,-0.35363892908469974,false
1241,2.6948433000000001,-0.35363892908469974,false
1242,2.6964207,-0.35363892908469974,false
1243,2.6999780000000002,-0.35363892908469974,false
1244,2.7037887999999999,-0.35363892908469974,false
1245,2.7053962,-0.35363892908469974,false
1246,2.7082079999999999,-0.35363892908469974,false
1247,2.7103828999999999,-0.35363892908469974,false
1248,2.7124350000000002,-0.35363892908469974,false
1249,2.7140233999999999,-0.35363892908469974,false
1250,2.7172132000000002,-0.35363892908469974,false
1251,2.7203154999999999,-0.35363892908469974,false
1252,2.7213856000000001,-0.35363892908469974,false
1253,2.722909,-0.35363892908469974,false
1254,2.7242511999999999,-0.35363892908469974,false
1255,2.7268262000000001,-0.35363892908469974,false
1256,2.7286888999999999,-0.35363892908469974,false
1257,2.7310935999999999,-0.35363892908469974,false
1258,2.7346384000000001,-0.35363892908469974,false
1259,2.7362342000000002,-0.35363892908469974,false
1260,2.7394527000000002,-0.35363892908469974,false
1261,2.7429988000000001,-0.35363892908469974,false
1262,2.7445290999999998,-0.35363892908469974,false
1263,2.7464954000000001,-0.35363892908469974,false
1264,2.7484023,-0.35363892908469974,false
1265,2.7514417,-0.35363892908469974,false
1266,2.754108,-0.35363892908469974,false
1267,2.7562660999999999,-0.35363892908469974,false
1268,2.7581704999999999,-0.35363892908469974,false
1269,2.7613546000000002,-0.35363892908469974,false
1270,2.7631841000000001,-0.35363892908469974,false
1271,2.766124,-0.35363892908469974,false
1272,2.7681437999999998,-0.35363892908469974,false
1273,2.7698518000000001,-0.35363892908469974,false
1274,2.7730459000000001,-0.35363892908469974,false
1275,2.7744081999999999,-0.35363892908469974,false
1276,2.7766202,-0.35363892908469974,false
1277,2.779617,-0.35363892908469974,false
1278,2.7816651999999999,-0.35363892908469974,false
1279,2.7837350000000001,-0.35363892908469974,false
1280,2.7861729999999998,-0.35363892908469974,false
1281,2.7884817000000002,-0.35363892908469974,false
1282,2.7909478000000001,-0.35363892908469974,false
1283,2.7924956999999999,-0.35363892908469974,false
1284,2.797069,-0.35363892908469974,false
1285,2.8001708000000001,-0.35363892908469974,false
1286,2.8022760999999998,-0.35363892908469974,false
1287,2.8053268,-0.35363892908469974,false
1288,2.8072396999999998,-0.35363892908469974,false
1289,2.8093849999999998,-0.35363892908469974,false
1290,2.8121775000000002,-0.35363892908469974,false
1291,2.8155929,-0.35363892908469974,false
1292,2.8172929,-0.35363892908469974,false
1293,2.8196808999999998,-0.35363892908469974,false
1294,2.8217452000000001,-0.35363892908469974,false
1295,2.8241629000000001,-0.35363892908469974,false
1296,2.8257737999999999,-0.35363892908469974,false
1297,2.8281597999999999,-0.35363892908469974,false
1298,2.8320987999999998,-0.35363892908469974,false
1299,2.8334701999999998,-0.35363892908469974,false
1300,2.8354165999999998,-0.35363892908469974,false
1301,2.8389929999999999,-0.35363892908469974,false
1302,2.8406380000000002,-0.35363892908469974,false
1303,2.841952,-0.35363892908469974,false
1304,2.843442,-0.35363892908469974,false
1305,2.8448224,-0.35363892908469974,false
1306,2.8469608000000002,-0.35363892908469974,false
1307,2.8494839000000001,-0.35363892908469974,false
1308,2.8520118999999999,-0.35363892908469974,false
1309,2.8555041999999999,-0.35363892908469974,false
1310,2.8581610999999998,-0.35363892908469974,false
1311,2.8593057000000002,-0.35363892908469974,false
1312,2.8618545000000002,-0.35363892908469974,false
1313,2.8634553999999999,-0.35363892908469974,false
1314,2.8659564999999998,-0.35363892908469974,false
1315,2.8684167999999999,-0.35363892908469974,false
1316,2.8711790000000001,-0.35363892908469974,false
1317,2.8732514,-0.35363892908469974,false
1318,2.8756572999999999,-0.35363892908469974,false
1319,2.8774877000000001,-0.35363892908469974,false
1320,2.8793785999999999,-0.35363892908469974,false
1321,2.8821528999999999,-0.35363892908469974,false
1322,2.8842911,-0.35363892908469974,false
1323,2.8871718,-0.35363892908469974,false
1324,2.8894220000000002,-0.35363892908469974,false
1325,2.8908182999999998,-0.35363892908469974,false
1326,2.8927013000000001,-0.35363892908469974,false
1327,2.8952593000000002,-0.35363892908469974,false
1328,2.8988537000000001,-0.35363892908469974,false
1329,2.9010422999999999,-0.35363892908469974,false
1330,2.9035381999999998,-0.35363892908469974,false
1331,2.9051827000000001,-0.35363892908469974,false
1332,2.9065477,-0.35363892908469974,false
1333,2.9087071999999998,-0.35363892908469974,false
1334,2.9105338000000001,-0.35363892908469974,false
1335,2.9137127,-0.35363892908469974,false
1336,2.9166998,-0.35363892908469974,false
1337,2.9184036999999998,-0.35363892908469974,false
1338,2.9207266000000001,-0.35363892908469974,false
1339,2.923219,-0.35363892908469974,false
1340,2.9255912999999998,-0.35363892908469974,false
1341,2.9282735,-0.35363892908469974,false
1342,2.9297200999999999,-0.35363892908469974,false
1343,2.9310774999999998,-0.35363892908469974,false
1344,2.9336812000000001,-0.35363892908469974,false
1345,2.9350388999999999,-0.35363892908469974,false
1346,2.9365899,-0.35363892908469974,false
1347,2.9380457999999998,-0.35363892908469974,false
1348,2.9408731000000001,-0.35363892908469974,false
1349,2.9445155000000001,-0.35363892908469974,false
1350,2.9466217000000001,-0.35363892908469974,false
1351,2.9487991,-0.35363892908469974,false
1352,2.9526029,-0.35363892908469974,false
1353,2.9543092,-0.35363892908469974,false
1354,2.9572310000000002,-0.35363892908469974,false
1355,2.9598696000000002,-0.35363892908469974,false
1356,2.9620413999999999,-0.35363892908469974,false
1357,2.9655534000000001,-0.35363892908469974,false
1358,2.9678977,-0.35363892908469974,false
1359,2.9691735000000001,-0.35363892908469974,false
1360,2.9715435000000001,-0.35363892908469974,false
1361,2.9730865999999998,-0.35363892908469974,false
1362,2.9766778999999999,-0.35363892908469974,false
1363,2.9787404,-0.35363892908469974,false
1364,2.9815589,-0.35363892908469974,false
1365,2.9839639999999998,-0.35363892908469974,false
1366,2.9851119000000002,-0.35363892908469974,false
1367,2.9864231000000001,-0.35363892908469974,false
1368,2.9881424000000001,-0.35363892908469974,false
1369,2.9902853,-0.35363892908469974,false
1370,2.9933304000000001,-0.35363892908469974,false
1371,2.9952907,-0.35363892908469974,false
1372,2.9982498999999998,-0.35363892908469974,false
1373,3.0016726999999999,-0.35363892908469974,false
1374,3.0030196999999998,-0.35363892908469974,false
1375,3.0056965999999998,-0.35363892908469974,false
1376,3.0072736999999998,-0.35363892908469974,false
1377,3.0095063,-0.35363892908469974,false
1378,3.0115245000000002,-0.35363892908469974,false
1379,3.0138511000000001,-0.35363892908469974,false
1380,3.0155962000000001,-0.35363892908469974,false
1381,3.0173334000000001,-0.35363892908469974,false
1382,3.0216048999999998,-0.35363892908469974,false
1383,3.0241867,-0.35363892908469974,false
1384,3.0257977,-0.35363892908469974,false
1385,3.0280961999999998,-0.35363892908469974,false
1386,3.0300438000000001,-0.35363892908469974,false
1387,3.0321387,-0.35363892908469974,false
1388,3.0330127999999998,-0.35363892908469974,false
1389,3.0342845000000001,-0.35363892908469974,false
1390,3.0360369999999999,-0.35363892908469974,false
1391,3.0386185999999999,-0.35363892908469974,false
1392,3.0410832999999999,-0.35363892908469974,false
1393,3.0434158999999998,-0.35363892908469974,false
1394,3.0460767,-0.35363892908469974,false
1395,3.0490189999999999,-0.35363892908469974,false
1396,3.0513452999999999,-0.35363892908469974,false
1397,3.0537721000000002,-0.35363892908469974,false
1398,3.0569603999999999,-0.35363892908469974,false
1399,3.0583857999999999,-0.35363892908469974,false
1400,3.0611525999999998,-0.35363892908469974,false
1401,3.0635591,-0.35363892908469974,false
1402,3.0665022,-0.35363892908469974,false
1403,3.0703322000000002,-0.35363892908469974,false
1404,3.0722741999999998,-0.35363892908469974,false
1405,3.0743510000000001,-0.35363892908469974,false
1406,3.0788720999999999,-0.35363892908469974,false
1407,3.080692,-0.35363892908469974,false
1408,3.0835206999999998,-0.35363892908469974,false
1409,3.0847924999999998,-0.35363892908469974,false
1410,3.0878619,-0.35363892908469974,false
1411,3.0891079000000001,-0.35363892908469974,false
1412,3.0905306000000001,-0.35363892908469974,false
1413,3.0930582000000002,-0.35363892908469974,false
1414,3.0948666999999999,-0.35363892908469974,false
1415,3.0973481999999999,-0.35363892908469974,false
1416,3.0995908999999999,-0.35363892908469974,false
1417,3.1026115999999999,-0.35363892908469974,false
1418,3.1062433,-0.35363892908469974,false
1419,3.1082054000000001,-0.35363892908469974,false
1420,3.1100116,-0.35363892908469974,false
1421,3.1120071,-0.35363892908469974,false
1422,3.1139923,-0.35363892908469974,false
1423,3.1158095000000001,-0.35363892908469974,false
1424,3.1174702999999999,-0.35363892908469974,false
1425,3.1197100999999998,-0.35363892908469974,false
1426,3.1218951000000001,-0.35363892908469974,false
1427,3.1246415999999999,-0.35363892908469974,false
1428,3.1266607999999998,-0.35363892908469974,false
1429,3.1286439000000001,-0.35363892908469974,false
1430,3.1309103,-0.35363892908469974,false
1431,3.1327251,-0.35363892908469974,false
1432,3.1339453000000002,-0.35363892908469974,false
1433,3.1371780999999999,-0.35363892908469974,false
1434,3.1389670000000001,-0.35363892908469974,false
1435,3.1410187999999999,-0.35363892908469974,false
1436,3.1424937000000002,-0.35363892908469974,false
1437,3.1444033999999998,-0.35363892908469974,false
1438,3.1467103000000001,-0.35363892908469974,false
1439,3.1490505999999998,-0.35363892908469974,false
1440,3.1509794000000002,-0.35363892908469974,false
1441,3.1538059999999999,-0.35363892908469974,false
1442,3.1555694999999999,-0.35363892908469974,false
1443,3.1565083999999999,-0.35363892908469974,false
1444,3.1600187000000002,-0.35363892908469974,false
1445,3.1657459000000001,-0.35363892908469974,false
1446,3.1676932,-0.35363892908469974,false
1447,3.1697706000000001,-0.35363892908469974,false
1448,3.1732117999999998,-0.35363892908469974,false
1449,3.1749390000000002,-0.35363892908469974,false
1450,3.1774659000000001,-0.35363892908469974,false
1451,3.1793844999999998,-0.35363892908469974,false
1452,3.1820433000000001,-0.35363892908469974,false
1453,3.1839178000000001,-0.35363892908469974,false
1454,3.186407,-0.35363892908469974,false
1455,3.1885683,-0.35363892908469974,false
1456,3.1915450999999999,-0.35363892908469974,false
1457,3.1959694999999999,-0.35363892908469974,false
1458,3.1994280000000002,-0.35363892908469974,false
1459,3.201759,-0.35363892908469974,false
1460,3.2052158999999998,-0.35363892908469974,false
1461,3.2076405000000001,-0.35363892908469974,false
1462,3.2093896000000002,-0.35363892908469974,false
1463,3.2105763,-0.35363892908469974,false
1464,3.2123428000000001,-0.35363892908469974,false
1465,3.2142065999999998,-0.35363892908469974,false
1466,3.2166850999999999,-0.35363892908469974,false
1467,3.2193067000000002,-0.35363892908469974,false
1468,3.2204942999999999,-0.35363892908469974,false
1469,3.2218602999999999,-0.35363892908469974,false
1470,3.2259619000000002,-0.35363892908469974,false
1471,3.2273749,-0.35363892908469974,false
1472,3.2294105000000002,-0.35363892908469974,false
1473,3.2313795999999999,-0.35363892908469974,false
1474,3.2353838000000001,-0.35363892908469974,false
1475,3.2376285,-0.35363892908469974,false
1476,3.2398747000000001,-0.35363892908469974,false
1477,3.2423833000000002,-0.35363892908469974,false
1478,3.2455064,-0.35363892908469974,false
1479,3.2472496999999998,-0.35363892908469974,false
1480,3.2486887000000002,-0.35363892908469974,false
1481,3.2508414000000001,-0.35363892908469974,false
1482,3.2530649999999999,-0.35363892908469974,false
1483,3.2556216999999998,-0.35363892908469974,false
1484,3.2584341000000001,-0.35363892908469974,false
1485,3.2616736999999998,-0.35363892908469974,false
1486,3.264732,-0.35363892908469974,false
1487,3.2662140000000002,-0.35363892908469974,false
1488,3.2680818,-0.35363892908469974,false
1489,3.2712970000000001,-0.35363892908469974,false
1490,3.2733552000000001,-0.35363892908469974,false
1491,3.2756433999999999,-0.35363892908469974,false
1492,3.2775569999999998,-0.35363892908469974,false
1493,3.2813536999999999,-0.35363892908469974,false
1494,3.2830029999999999,-0.35363892908469974,false
1495,3.2873177,-0.35363892908469974,false
1496,3.2902065,-0.35363892908469974,false
1497,3.2920424000000001,-0.35363892908469974,false
1498,3.2931756999999999,-0.35363892908469974,false
1499,3.2954881999999999,-0.35363892908469974,false
1500,3.2977053999999999,-0.35363892908469974,false
1501,3.3011180000000002,-0.35363892908469974,false
1502,3.3025783999999998,-0.35363892908469974,false
1503,3.3045646999999998,-0.35363892908469974,false
1504,3.3075122000000001,-0.35363892908469974,false
1505,3.3099721999999998,-0.35363892908469974,false
1506,3.3110675999999999,-0.35363892908469974,false
1507,3.3128351999999999,-0.35363892908469974,false
1508,3.3158468000000001,-0.35363892908469974,false
1509,3.3187858000000001,-0.35363892908469974,false
1510,3.3198093000000002,-0.35363892908469974,false
1511,3.3215020000000002,-0.35363892908469974,false
1512,3.3234566000000001,-0.35363892908469974,false
1513,3.3250014999999999,-0.35363892908469974,false
1514,3.327976,-0.35363892908469974,false
1515,3.3306602999999999,-0.35363892908469974,false
1516,3.3346637000000001,-0.35363892908469974,false
1517,3.3366729999999998,-0.35363892908469974,false
1518,3.3390742000000002,-0.35363892908469974,false
1519,3.3409819999999999,-0.35363892908469974,false
1520,3.3428897000000002,-0.35363892908469974,false
1521,3.3439632000000001,-0.35363892908469974,false
1522,3.3457504,-0.35363892908469974,false
1523,3.3471337999999999,-0.35363892908469974,false
1524,3.3483817999999999,-0.35363892908469974,false
1525,3.351988,-0.35363892908469974,false
1526,3.3546089000000001,-0.35363892908469974,false
1527,3.3566421000000002,-0.35363892908469974,false
1528,3.357917,-0.35363892908469974,false
1529,3.3614733999999999,-0.35363892908469974,false
1530,3.3647152,-0.35363892908469974,false
1531,3.3659943999999999,-0.35363892908469974,false
1532,3.3681173000000002,-0.35363892908469974,false
1533,3.3704890999999999,-0.35363892908469974,false
1534,3.372039,-0.35363892908469974,false
1535,3.3739835,-0.35363892908469974,false
1536,3.3760313000000002,-0.35363892908469974,false
1537,3.3780231999999999,-0.35363892908469974,false
1538,3.3798756000000001,-0.35363892908469974,false
1539,3.3814631999999998,-0.35363892908469974,false
1540,3.3826974999999999,-0.35363892908469974,false
1541,3.3861964000000002,-0.35363892908469974,false
1542,3.3896242999999999,-0.35363892908469974,false
1543,3.3917443,-0.35363892908469974,false
1544,3.3935854000000001,-0.35363892908469974,false
1545,3.3958716,-0.35363892908469974,false
1546,3.3974902999999999,-0.35363892908469974,false
1547,3.3991533,-0.35363892908469974,false
1548,3.4009204,-0.35363892908469974,false
1549,3.4035795000000002,-0.35363892908469974,false
1550,3.4053526999999999,-0.35363892908469974,false
1551,3.4073136000000002,-0.35363892908469974,false
1552,3.4097979,-0.35363892908469974,false
1553,3.4118582000000002,-0.35363892908469974,false
1554,3.4141547000000001,-0.35363892908469974,false
1555,3.4160843000000001,-0.35363892908469974,false
1556,3.4185170999999999,-0.35363892908469974,false
1557,3.4203266999999999,-0.35363892908469974,false
1558,3.4219322000000001,-0.35363892908469974,false
1559,3.4242292999999999,-0.35363892908469974,false
1560,3.4262879000000002,-0.35363892908469974,false
1561,3.4287185999999998,-0.35363892908469974,false
1562,3.4308746000000001,-0.35363892908469974,false
1563,3.4335010000000001,-0.35363892908469974,false
1564,3.4359291999999999,-0.35363892908469974,false
1565,3.4373225999999999,-0.35363892908469974,false
1566,3.4382437000000001,-0.35363892908469974,false
1567,3.4408661999999999,-0.35363892908469974,false
1568,3.4422676999999999,-0.35363892908469974,false
1569,3.4441866999999999,-0.35363892908469974,false
1570,3.4449969999999999,-0.35363892908469974,false
1571,3.4475848999999998,-0.35363892908469974,false
1572,3.4491309000000001,-0.35363892908469974,false
1573,3.4505941999999998,-0.35363892908469974,false
1574,3.4527079999999999,-0.35363892908469974,false
1575,3.4552934999999998,-0.35363892908469974,false
1576,3.4562518,-0.35363892908469974,false
1577,3.4585794999999999,-0.35363892908469974,false
1578,3.4615566000000002,-0.35363892908469974,false
1579,3.4632963000000001,-0.35363892908469974,false
1580,3.4652425999999998,-0.35363892908469974,false
1581,3.4669167999999999,-0.35363892908469974,false
1582,3.4685918,-0.35363892908469974,false
1583,3.4702065000000002,-0.35363892908469974,false
1584,3.4722236999999998,-0.35363892908469974,false
1585,3.4747026999999999,-0.35363892908469974,false
1586,3.4762146,-0.35363892908469974,false
1587,3.4791363999999998,-0.35363892908469974,false
1588,3.4806626000000001,-0.35363892908469974,false
1589,3.4825037000000001,-0.35363892908469974,false
1590,3.4843894,-0.35363892908469974,false
1591,3.4860232999999998,-0.35363892908469974,false
1592,3.4871044000000002,-0.35363892908469974,false
1593,3.4893448999999999,-0.35363892908469974,false
1594,3.4909530000000002,-0.35363892908469974,false
1595,3.4925478000000001,-0.35363892908469974,false
1596,3.4945618999999999,-0.35363892908469974,false
1597,3.4966438000000002,-0.35363892908469974,false
1598,3.4987447999999999,-0.35363892908469974,false
1599,3.5005104999999999,-0.35363892908469974,false
1600,3.5023786000000001,-0.35363892908469974,false
1601,3.503606,-0.35363892908469974,false
1602,3.5061591000000001,-0.35363892908469974,false
1603,3.50861,-0.35363892908469974,false
1604,3.5100661,-0.35363892908469974,false
1605,3.5113075,-0.35363892908469974,false
1606,3.5129095000000001,-0.35363892908469974,false
1607,3.5151157999999998,-0.35363892908469974,false
1608,3.5168848000000001,-0.35363892908469974,false
1609,3.5190400999999998,-0.35363892908469974,false
1610,3.5213828999999999,-0.35363892908469974,false
1611,3.5235957,-0.35363892908469974,false
1612,3.5253896999999998,-0.35363892908469974,false
1613,3.5265738999999998,-0.35363892908469974,false
1614,3.5279218000000001,-0.35363892908469974,false
1615,3.5320882,-0.35363892908469974,false
1616,3.5342965999999998,-0.35363892908469974,false
1617,3.5357463,-0.35363892908469974,false
1618,3.5365452999999998,-0.35363892908469974,false
1619,3.5387409000000001,-0.35363892908469974,false
1620,3.5401297999999999,-0.35363892908469974,false
1621,3.5439778999999998,-0.35363892908469974,false
1622,3.5454726000000001,-0.35363892908469974,false
1623,3.5470394999999999,-0.35363892908469974,false
1624,3.5495760999999999,-0.35363892908469974,false
1625,3.5509767999999999,-0.35363892908469974,false
1626,3.5528255999999998,-0.35363892908469974,false
1627,3.5541776,-0.35363892908469974,false
1628,3.5570338000000001,-0.35363892908469974,false
1629,3.5588161999999999,-0.35363892908469974,false
1630,3.5616685000000001,-0.35363892908469974,false
1631,3.5639436,-0.35363892908469974,false
1632,3.5654401,-0.35363892908469974,false
1633,3.5671818000000002,-0.35363892908469974,false
1634,3.5691096,-0.35363892908469974,false
1635,3.5716242999999999,-0.35363892908469974,false
1636,3.5734686999999998,-0.35363892908469974,false
1637,3.5750369000000002,-0.35363892908469974,false
1638,3.5765400000000001,-0.35363892908469974,false
1639,3.5781189000000002,-0.35363892908469974,false
1640,3.5798496000000002,-0.35363892908469974,false
1641,3.5822120000000002,-0.35363892908469974,false
1642,3.5842375,-0.35363892908469974,false
1643,3.5858267000000001,-0.35363892908469974,false
1644,3.5877721,-0.35363892908469974,false
1645,3.5886971000000001,-0.35363892908469974,false
1646,3.5902691,-0.35363892908469974,false
1647,3.5920475999999999,-0.35363892908469974,false
1648,3.5937372999999999,-0.35363892908469974,false
1649,3.5954703000000001,-0.35363892908469974,false
1650,3.5978720000000002,-0.35363892908469974,false
1651,3.6002095999999999,-0.35363892908469974,false
1652,3.6013842,-0.35363892908469974,false
1653,3.6033833,-0.35363892908469974,false
1654,3.6047441999999998,-0.35363892908469974,false
1655,3.6071246000000001,-0.35363892908469974,false
1656,3.6082048000000002,-0.35363892908469974,false
1657,3.6093983000000001,-0.35363892908469974,false
1658,3.6108311,-0.35363892908469974,false
1659,3.6125788999999999,-0.35363892908469974,false
1660,3.6144826999999999,-0.35363892908469974,false
1661,3.6168908000000002,-0.35363892908469974,false
1662,3.6211009999999999,-0.35363892908469974,false
1663,3.6233588999999999,-0.35363892908469974,false
1664,3.6258292999999999,-0.35363892908469974,false
1665,3.6268756,-0.35363892908469974,false
1666,3.6299263000000002,-0.35363892908469974,false
1667,3.6323642999999999,-0.35363892908469974,false
1668,3.6342458,-0.35363892908469974,false
1669,3.6357930000000001,-0.35363892908469974,false
1670,3.6389149999999999,-0.35363892908469974,false
1671,3.6407750000000001,-0.35363892908469974,false
1672,3.6426693000000001,-0.35363892908469974,false
1673,3.6458013,-0.35363892908469974,false
1674,3.6472655999999999,-0.35363892908469974,false
1675,3.6499198000000002,-0.35363892908469974,false
1676,3.6517610999999999,-0.35363892908469974,false
1677,3.6536255999999998,-0.35363892908469974,false
1678,3.6554921999999999,-0.35363892908469974,false
1679,3.6573224,-0.35363892908469974,false
1680,3.6586202000000001,-0.35363892908469974,false
1681,3.6601943000000001,-0.35363892908469974,false
1682,3.6614605999999998,-0.35363892908469974,false
1683,3.6634579999999999,-0.35363892908469974,false
1684,3.665667,-0.35363892908469974,false
1685,3.6670446999999999,-0.35363892908469974,false
1686,3.668088,-0.35363892908469974,false
1687,3.6710474999999998,-0.35363892908469974,false
1688,3.6736789999999999,-0.35363892908469974,false
1689,3.6759362000000002,-0.35363892908469974,false
1690,3.6770179999999999,-0.35363892908469974,false
1691,3.6782105999999999,-0.35363892908469974,false
1692,3.6791735999999999,-0.35363892908469974,false
1693,3.6809495999999999,-0.35363892908469974,false
1694,3.6824482000000001,-0.35363892908469974,false
1695,3.6844646000000001,-0.35363892908469974,false
1696,3.6858384000000002,-0.35363892908469974,false
1697,3.6865652,-0.35363892908469974,false
1698,3.6883249,-0.35363892908469974,false
1699,3.6917048000000001,-0.35363892908469974,false
1700,3.6929234000000002,-0.35363892908469974,false
1701,3.6944328,-0.35363892908469974,false
1702,3.6970800000000001,-0.35363892908469974,false
1703,3.6994121999999998,-0.35363892908469974,false
1704,3.7014005000000001,-0.35363892908469974,false
1705,3.7038601999999998,-0.35363892908469974,false
1706,3.7053329000000002,-0.35363892908469974,false
1707,3.7064963,-0.35363892908469974,false
1708,3.7087173999999998,-0.35363892908469974,false
1709,3.7099047000000001,-0.35363892908469974,false
1710,3.7115002000000001,-0.35363892908469974,false
1711,3.7142415999999998,-0.35363892908469974,false
1712,3.7159078999999999,-0.35363892908469974,false
1713,3.7191109,-0.35363892908469974,false
1714,3.7205886000000001,-0.35363892908469974,false
1715,3.7213641000000002,-0.35363892908469974,false
1716,3.7231078000000002,-0.35363892908469974,false
1717,3.7238099999999998,-0.35363892908469974,false
1718,3.7247446000000002,-0.35363892908469974,false
1719,3.7259802999999998,-0.35363892908469974,false
1720,3.7279664000000001,-0.35363892908469974,false
1721,3.7292931,-0.35363892908469974,false
1722,3.7317423000000001,-0.35363892908469974,false
1723,3.7342057,-0.35363892908469974,false
1724,3.7361596000000001,-0.35363892908469974,false
1725,3.7374952000000001,-0.35363892908469974,false
1726,3.7386203,-0.35363892908469974,false
1727,3.7408530999999998,-0.35363892908469974,false
1728,3.7425291999999999,-0.35363892908469974,false
1729,3.7439399999999998,-0.35363892908469974,false
1730,3.7446662000000002,-0.35363892908469974,false
1731,3.7461278,-0.35363892908469974,false
1732,3.7483922999999999,-0.35363892908469974,false
1733,3.7521282999999999,-0.35363892908469974,false
1734,3.7530355000000002,-0.35363892908469974,false
1735,3.7546138999999998,-0.35363892908469974,false
1736,3.7563211000000001,-0.35363892908469974,false
1737,3.7578833,-0.35363892908469974,false
1738,3.7605788000000002,-0.35363892908469974,false
1739,3.7624396,-0.35363892908469974,false
1740,3.7633857000000002,-0.35363892908469974,false
1741,3.7649248000000002,-0.35363892908469974,false
1742,3.7660309000000001,-0.35363892908469974,false
1743,3.7676878999999999,-0.35363892908469974,false
1744,3.7687271,-0.35363892908469974,false
1745,3.7700535999999998,-0.35363892908469974,false
1746,3.7709921999999998,-0.35363892908469974,false
1747,3.7721124000000001,-0.35363892908469974,false
1748,3.7740854000000001,-0.35363892908469974,false
1749,3.7754645999999998,-0.35363892908469974,false
1750,3.7768128999999999,-0.35363892908469974,false
1751,3.7784485999999999,-0.35363892908469974,false
1752,3.7795858999999998,-0.35363892908469974,false
1753,3.7817072,-0.35363892908469974,false
1754,3.7837702000000002,-0.35363892908469974,false
1755,3.7851965999999999,-0.35363892908469974,false
1756,3.7868506000000002,-0.35363892908469974,false
1757,3.7882983000000001,-0.35363892908469974,false
1758,3.7908251000000002,-0.35363892908469974,false
1759,3.7929941,-0.35363892908469974,false
1760,3.7944795999999998,-0.35363892908469974,false
1761,3.7957290000000001,-0.35363892908469974,false
1762,3.7971450999999998,-0.35363892908469974,false
1763,3.7998688,-0.35363892908469974,false
1764,3.8023600000000002,-0.35363892908469974,false
1765,3.8044552999999999,-0.35363892908469974,false
1766,3.8070018000000001,-0.35363892908469974,false
1767,3.8085205000000002,-0.35363892908469974,false
1768,3.8101004000000001,-0.35363892908469974,false
1769,3.8114724999999998,-0.35363892908469974,false
1770,3.8126104000000001,-0.35363892908469974,false
1771,3.8136424,-0.35363892908469974,false
1772,3.8156922,-0.35363892908469974,false
1773,3.8173336,-0.35363892908469974,false
1774,3.8187156,-0.35363892908469974,false
1775,3.8199789000000002,-0.35363892908469974,false
1776,3.8210554999999999,-0.35363892908469974,false
1777,3.8229166999999999,-0.35363892908469974,false
1778,3.8239592,-0.35363892908469974,false
1779,3.8249949000000001,-0.35363892908469974,false
1780,3.8265946,-0.35363892908469974,false
1781,3.8282598999999999,-0.35363892908469974,false
1782,3.8289106999999998,-0.35363892908469974,false
1783,3.8309962999999998,-0.35363892908469974,false
1784,3.8317085999999998,-0.35363892908469974,false
1785,3.8330153999999999,-0.35363892908469974,false
1786,3.8361526000000001,-0.35363892908469974,false
1787,3.8369471000000002,-0.35363892908469974,false
1788,3.8386279000000001,-0.35363892908469974,false
1789,3.8397144999999999,-0.35363892908469974,false
1790,3.8412839999999999,-0.35363892908469974,false
1791,3.8435334999999999,-0.35363892908469974,false
1792,3.8459699000000001,-0.35363892908469974,false
1793,3.8473099999999998,-0.35363892908469974,false
1794,3.8487944000000001,-0.35363892908469974,false
1795,3.8501082000000002,-0.35363892908469974,false
1796,3.8516653000000001,-0.35363892908469974,false
1797,3.8525461000000001,-0.35363892908469974,false
1798,3.8531811,-0.35363892908469974,false
1799,3.8544282999999999,-0.35363892908469974,false
1800,3.8554257999999999,-0.35363892908469974,false
1801,3.8568851999999998,-0.35363892908469974,false
1802,3.8615214,-0.35363892908469974,false
1803,3.8625010999999998,-0.35363892908469974,false
1804,3.8638425000000001,-0.35363892908469974,false
1805,3.8656326000000001,-0.35363892908469974,false
1806,3.8671494000000002,-0.35363892908469974,false
1807,3.8684869000000002,-0.35363892908469974,false
1808,3.8701226000000002,-0.35363892908469974,false
1809,3.87208,-0.35363892908469974,false
1810,3.8731775000000002,-0.35363892908469974,false
1811,3.8752200000000001,-0.35363892908469974,false
1812,3.8776709,-0.35363892908469974,false
1813,3.8797644,-0.35363892908469974,false
1814,3.8813588000000001,-0.35363892908469974,false
1815,3.8823433000000001,-0.35363892908469974,false
1816,3.8831899000000001,-0.35363892908469974,false
1817,3.8845805000000002,-0.35363892908469974,false
1818,3.8861875000000001,-0.35363892908469974,false
1819,3.8877459000000001,-0.35363892908469974,false
1820,3.8893187999999999,-0.35363892908469974,false
1821,3.8904928000000001,-0.35363892908469974,false
1822,3.8919185999999999,-0.35363892908469974,false
1823,3.8931135000000001,-0.35363892908469974,false
1824,3.8941102000000001,-0.35363892908469974,false
1825,3.8950377,-0.35363892908469974,false
1826,3.8957503,-0.35363892908469974,false
1827,3.8970696999999999,-0.35363892908469974,false
1828,3.8985815000000001,-0.35363892908469974,false
1829,3.9001353999999999,-0.35363892908469974,false
1830,3.9008810999999999,-0.35363892908469974,false
1831,3.9020858999999999,-0.35363892908469974,false
1832,3.9038056000000001,-0.35363892908469974,false
1833,3.9052715,-0.35363892908469974,false
1834,3.9071628999999999,-0.35363892908469974,false
1835,3.9084677000000001,-0.35363892908469974,false
1836,3.9099796000000002,-0.35363892908469974,false
1837,3.9110057,-0.35363892908469974,false
1838,3.9120309999999998,-0.35363892908469974,false
1839,3.9138826,-0.35363892908469974,false
1840,3.9150147999999998,-0.35363892908469974,false
1841,3.9166791999999999,-0.35363892908469974,false
1842,3.9191232,-0.35363892908469974,false
1843,3.9212106000000002,-0.35363892908469974,false
1844,3.9259444000000001,-0.35363892908469974,false
1845,3.9273321000000001,-0.35363892908469974,false
1846,3.9280235999999999,-0.35363892908469974,false
1847,3.9293816000000001,-0.35363892908469974,false
1848,3.9307059999999998,-0.35363892908469974,false
1849,3.9324998999999998,-0.35363892908469974,false
1850,3.9342717999999999,-0.35363892908469974,false
1851,3.9363212000000001,-0.35363892908469974,false
1852,3.9380736000000001,-0.35363892908469974,false
1853,3.9401362,-0.35363892908469974,false
1854,3.9408118999999999,-0.35363892908469974,false
1855,3.9426157000000002,-0.35363892908469974,false
1856,3.9438550999999999,-0.35363892908469974,false
1857,3.9468619999999999,-0.35363892908469974,false
1858,3.9489811000000001,-0.35363892908469974,false
1859,3.9502503999999998,-0.35363892908469974,false
1860,3.9513875999999999,-0.35363892908469974,false
1861,3.9528992000000001,-0.35363892908469974,false
1862,3.9543137000000002,-0.35363892908469974,false
1863,3.9571689999999999,-0.35363892908469974,false
1864,3.9582484,-0.35363892908469974,false
1865,3.9614853999999999,-0.35363892908469974,false
1866,3.9632364,-0.35363892908469974,false
1867,3.9649104999999998,-0.35363892908469974,false
1868,3.9664573000000001,-0.35363892908469974,false
1869,3.9670733,-0.35363892908469974,false
1870,3.9692044000000002,-0.35363892908469974,false
1871,3.9714003999999998,-0.35363892908469974,false
1872,3.9727472000000001,-0.35363892908469974,false
1873,3.9752364999999998,-0.35363892908469974,false
1874,3.9771084000000001,-0.35363892908469974,false
1875,3.9780655999999999,-0.35363892908469974,false
1876,3.9798987000000001,-0.35363892908469974,false
1877,3.9807518000000002,-0.35363892908469974,false
1878,3.9835569,-0.35363892908469974,false
1879,3.9851131999999998,-0.35363892908469974,false
1880,3.9864795000000002,-0.35363892908469974,false
1881,3.9878197000000002,-0.35363892908469974,false
1882,3.9887009999999998,-0.35363892908469974,false
1883,3.9906288999999999,-0.35363892908469974,false
1884,3.9920393999999999,-0.35363892908469974,false
1885,3.9936668000000002,-0.35363892908469974,false
1886,3.9953430999999999,-0.35363892908469974,false
1887,3.9968461999999998,-0.35363892908469974,false
1888,3.9996982999999999,-0.35363892908469974,false
1889,4.0010127000000004,-0.35363892908469974,false
1890,4.0021569000000001,-0.35363892908469974,false
1891,4.0043226000000001,-0.35363892908469974,false
1892,4.0057957000000002,-0.35363892908469974,false
1893,4.0072824000000002,-0.35363892908469974,false
1894,4.0089645999999997,-0.35363892908469974,false
1895,4.0107419999999996,-0.35363892908469974,false
1896,4.0118634999999996,-0.35363892908469974,false
1897,4.0140012,-0.35363892908469974,false
1898,4.0160362999999997,-0.35363892908469974,false
1899,4.0194815999999998,-0.35363892908469974,false
1900,4.0221083000000002,-0.35363892908469974,false
1901,4.0235060999999996,-0.35363892908469974,false
1902,4.0253668999999999,-0.35363892908469974,false
1903,4.0267748000000001,-0.35363892908469974,false
1904,4.0280237000000003,-0.35363892908469974,false
1905,4.0290584999999997,-0.35363892908469974,false
1906,4.0305092,-0.35363892908469974,false
1907,4.0327985000000002,-0.35363892908469974,false
1908,4.0339422000000003,-0.35363892908469974,false
1909,4.0359758000000001,-0.35363892908469974,false
1910,4.0375192000000002,-0.35363892908469974,false
1911,4.0387021000000001,-0.35363892908469974,false
1912,4.0401936000000003,-0.35363892908469974,false
1913,4.0425535999999997,-0.35363892908469974,false
1914,4.0445738000000002,-0.35363892908469974,false
1915,4.0479630000000002,-0.35363892908469974,false
1916,4.0497705000000002,-0.35363892908469974,false
1917,4.0515601999999999,-0.35363892908469974,false
1918,4.0527894,-0.35363892908469974,false
1919,4.054233,-0.35363892908469974,false
1920,4.0554807000000004,-0.35363892908469974,false
1921,4.0577931999999999,-0.35363892908469974,false
1922,4.0600575000000001,-0.35363892908469974,false
1923,4.0613903000000002,-0.35363892908469974,false
1924,4.0642579000000003,-0.35363892908469974,false
1925,4.0659217999999999,-0.35363892908469974,false
1926,4.0669015000000002,-0.35363892908469974,false
1927,4.0688769999999996,-0.35363892908469974,false
1928,4.07043,-0.35363892908469974,false
1929,4.0720564000000001,-0.35363892908469974,false
1930,4.0731111000000002,-0.35363892908469974,false
1931,4.0741345999999998,-0.35363892908469974,false
1932,4.0753973999999999,-0.35363892908469974,false
1933,4.0769916000000004,-0.35363892908469974,false
1934,4.0785258000000004,-0.35363892908469974,false
1935,4.0803222999999997,-0.35363892908469974,false
1936,4.0832993000000002,-0.35363892908469974,false
1937,4.0849099999999998,-0.35363892908469974,false
1938,4.0862693999999999,-0.35363892908469974,false
1939,4.0871649000000003,-0.35363892908469974,false
1940,4.0885705000000003,-0.35363892908469974,false
1941,4.0904919,-0.35363892908469974,false
1942,4.0931864999999998,-0.35363892908469974,false
1943,4.0965255000000003,-0.35363892908469974,false
1944,4.0988680999999998,-0.35363892908469974,false
1945,4.1019142999999998,-0.35363892908469974,false
1946,4.1033559999999998,-0.35363892908469974,false
1947,4.1047789000000003,-0.35363892908469974,false
1948,4.1057996000000001,-0.35363892908469974,false
1949,4.1070576000000001,-0.35363892908469974,false
1950,4.108867,-0.35363892908469974,false
1951,4.1106575000000003,-0.35363892908469974,false
1952,4.1112571999999998,-0.35363892908469974,false
1953,4.1125384,-0.35363892908469974,false
1954,4.1148444,-0.35363892908469974,false
1955,4.1156528000000003,-0.35363892908469974,false
1956,4.1173856999999998,-0.35363892908469974,false
1957,4.1185532,-0.35363892908469974,false
1958,4.1203038999999997,-0.35363892908469974,false
1959,4.1215272000000001,-0.35363892908469974,false
1960,4.1232610999999997,-0.35363892908469974,false
1961,4.1243363000000004,-0.35363892908469974,false
1962,4.1251284000000004,-0.35363892908469974,false
1963,4.1265282000000001,-0.35363892908469974,false
1964,4.1279963999999998,-0.35363892908469974,false
1965,4.1295697000000002,-0.35363892908469974,false
1966,4.1318853999999998,-0.35363892908469974,false
1967,4.1335018000000003,-0.35363892908469974,false
1968,4.1356146999999996,-0.35363892908469974,false
1969,4.1364970000000003,-0.35363892908469974,false
1970,4.1382056,-0.35363892908469974,false
1971,4.1400063999999999,-0.35363892908469974,false
1972,4.1416626000000001,-0.35363892908469974,false
1973,4.1433733999999998,-0.35363892908469974,false
1974,4.1449262999999998,-0.35363892908469974,false
1975,4.1466028000000001,-0.35363892908469974,false
1976,4.1485688999999999,-0.35363892908469974,false
1977,4.1508953999999996,-0.35363892908469974,false
1978,4.1520213999999998,-0.35363892908469974,false
1979,4.1541494999999999,-0.35363892908469974,false
1980,4.1568807000000003,-0.35363892908469974,false
1981,4.1596640999999996,-0.35363892908469974,false
1982,4.1628414999999999,-0.35363892908469974,false
1983,4.1641909000000004,-0.35363892908469974,false
1984,4.1662071000000003,-0.35363892908469974,false
1985,4.1675874000000004,-0.35363892908469974,false
1986,4.1690646999999998,-0.35363892908469974,false
1987,4.1702083999999999,-0.35363892908469974,false
1988,4.1719359999999996,-0.35363892908469974,false
1989,4.1729438999999999,-0.35363892908469974,false
1990,4.1742452999999999,-0.35363892908469974,false
1991,4.1754733000000002,-0.35363892908469974,false
1992,4.1777522999999999,-0.35363892908469974,false
1993,4.1799125000000004,-0.35363892908469974,false
1994,4.1809193000000002,-0.35363892908469974,false
1995,4.1829371999999996,-0.35363892908469974,false
1996,4.1851645,-0.35363892908469974,false
1997,4.1868943999999999,-0.35363892908469974,false
1998,4.1877886000000002,-0.35363892908469974,false
1999,4.1898567,-0.35363892908469974,false
2000,4.1914129000000004,-0.35363892908469974,false
2001,4.1922946999999997,-0.35363892908469974,false
2002,4.1960236000000002,-0.35363892908469974,false
2003,4.1973250999999996,-0.35363892908469974,false
2004,4.1983034999999997,-0.35363892908469974,false
2005,4.1991319000000003,-0.35363892908469974,false
2006,4.2003085000000002,-0.35363892908469974,false
2007,4.2011938000000004,-0.35363892908469974,false
2008,4.2026176,-0.35363892908469974,false
2009,4.2035197999999996,-0.35363892908469974,false
2010,4.2049405000000002,-0.35363892908469974,false
2011,4.2069315999999999,-0.35363892908469974,false
2012,4.2097832999999998,-0.35363892908469974,false
2013,4.2109031999999997,-0.35363892908469974,false
2014,4.2132228999999999,-0.35363892908469974,false
2015,4.2152352000000004,-0.35363892908469974,false
2016,4.2162905999999998,-0.35363892908469974,false
2017,4.2176733000000004,-0.35363892908469974,false
2018,4.2193021000000002,-0.35363892908469974,false
2019,4.2206182999999999,-0.35363892908469974,false
2020,4.2220841,-0.35363892908469974,false
2021,4.2238556999999997,-0.35363892908469974,false
2022,4.2246714000000001,-0.35363892908469974,false
2023,4.2256743999999999,-0.35363892908469974,false
2024,4.2274133999999997,-0.35363892908469974,false
2025,4.2285858000000003,-0.35363892908469974,false
2026,4.2304133999999998,-0.35363892908469974,false
2027,4.2314824,-0.35363892908469974,false
2028,4.2322214000000002,-0.35363892908469974,false
2029,4.2344322999999999,-0.35363892908469974,false
2030,4.2366602999999996,-0.35363892908469974,false
2031,4.2385659000000002,-0.35363892908469974,false
2032,4.2392905000000001,-0.35363892908469974,false
2033,4.2411875999999999,-0.35363892908469974,false
2034,4.2433190999999999,-0.35363892908469974,false
2035,4.2444072999999998,-0.35363892908469974,false
2036,4.2456550000000002,-0.35363892908469974,false
2037,4.246696,-0.35363892908469974,false
2038,4.2478296000000002,-0.35363892908469974,false
2039,4.2502082999999997,-0.35363892908469974,false
2040,4.2527945999999996,-0.35363892908469974,false
2041,4.2535068999999996,-0.35363892908469974,false
2042,4.2542831999999997,-0.35363892908469974,false
2043,4.2558417000000004,-0.35363892908469974,false
2044,4.2576878000000002,-0.35363892908469974,false
2045,4.2612968999999996,-0.35363892908469974,false
2046,4.2624599999999999,-0.35363892908469974,false
2047,4.2634596,-0.35363892908469974,false
2048,4.2650946000000003,-0.35363892908469974,false
2049,4.2663684000000002,-0.35363892908469974,false
2050,4.2678723999999999,-0.35363892908469974,false
2051,4.2688658000000004,-0.35363892908469974,false
2052,4.2708748999999999,-0.35363892908469974,false
2053,4.2723922999999999,-0.35363892908469974,false
2054,4.2740662,-0.35363892908469974,false
2055,4.2761665999999998,-0.35363892908469974,false
2056,4.2772556000000002,-0.35363892908469974,false
2057,4.2785333000000003,-0.35363892908469974,false
2058,4.2823925999999997,-0.35363892908469974,false
2059,4.2835789999999996,-0.35363892908469974,false
2060,4.2868209000000004,-0.35363892908469974,false
2061,4.2885153999999996,-0.35363892908469974,false
2062,4.2906677999999996,-0.35363892908469974,false
2063,4.2914133000000003,-0.35363892908469974,false
2064,4.2930637999999997,-0.35363892908469974,false
2065,4.2942492999999997,-0.35363892908469974,false
2066,4.2949941000000003,-0.35363892908469974,false
2067,4.2961457999999997,-0.35363892908469974,false
2068,4.2968700999999996,-0.35363892908469974,false
2069,4.2978611999999998,-0.35363892908469974,false
2070,4.2998222999999998,-0.35363892908469974,false
2071,4.3007340000000003,-0.35363892908469974,false
2072,4.3021503000000001,-0.35363892908469974,false
2073,4.3031929,-0.35363892908469974,false
2074,4.3043205000000002,-0.35363892908469974,false
2075,4.3055747000000002,-0.35363892908469974,false
2076,4.3064682999999997,-0.35363892908469974,false
2077,4.3075491000000001,-0.35363892908469974,false
2078,4.3087868,-0.35363892908469974,false
2079,4.3096275000000004,-0.35363892908469974,false
2080,4.3117951000000003,-0.35363892908469974,false
2081,4.313269,-0.35363892908469974,false
2082,4.3153028000000004,-0.35363892908469974,false
2083,4.3177671999999996,-0.35363892908469974,false
2084,4.3184956999999997,-0.35363892908469974,false
2085,4.3197874000000001,-0.35363892908469974,false
2086,4.3219098999999996,-0.35363892908469974,false
2087,4.3227314999999997,-0.35363892908469974,false
2088,4.3241554000000004,-0.35363892908469974,false
2089,4.3254213999999997,-0.35363892908469974,false
2090,4.3267894,-0.35363892908469974,false
2091,4.3278566999999999,-0.35363892908469974,false
2092,4.3295646999999997,-0.35363892908469974,false
2093,4.3308312999999998,-0.35363892908469974,false
2094,4.3318908,-0.35363892908469974,false
2095,4.3327821000000002,-0.35363892908469974,false
2096,4.3336930999999996,-0.35363892908469974,false
2097,4.3348477000000001,-0.35363892908469974,false
2098,4.3364475999999996,-0.35363892908469974,false
2099,4.3377724999999998,-0.35363892908469974,false
2100,4.3388125999999998,-0.35363892908469974,false
2101,4.3398357000000001,-0.35363892908469974,false
2102,4.3410662000000002,-0.35363892908469974,false
2103,4.3420468000000003,-0.35363892908469974,false
2104,4.3435528999999997,-0.35363892908469974,false
2105,4.3445780999999997,-0.35363892908469974,false
2106,4.3467757999999996,-0.35363892908469974,false
2107,4.3488378000000001,-0.35363892908469974,false
2108,4.3497497000000003,-0.35363892908469974,false
2109,4.3509975000000001,-0.35363892908469974,false
2110,4.3525704000000003,-0.35363892908469974,false
2111,4.3537594000000004,-0.35363892908469974,false
2112,4.3556233999999998,-0.35363892908469974,false
2113,4.3567308000000002,-0.35363892908469974,false
2114,4.3591819000000003,-0.35363892908469974,false
2115,4.3600627999999997,-0.35363892908469974,false
2116,4.3612641999999999,-0.35363892908469974,false
2117,4.3624244000000001,-0.35363892908469974,false
2118,4.3640973000000001,-0.35363892908469974,false
2119,4.3655168,-0.35363892908469974,false
2120,4.3682135000000004,-0.35363892908469974,false
2121,4.3694017000000001,-0.35363892908469974,false
2122,4.3702708000000001,-0.35363892908469974,false
2123,4.3715871999999996,-0.35363892908469974,false
2124,4.3720530999999996,-0.35363892908469974,false
2125,4.3730187000000003,-0.35363892908469974,false
2126,4.3767697999999999,-0.35363892908469974,false
2127,4.3786939,-0.35363892908469974,false
2128,4.3790487000000002,-0.35363892908469974,false
2129,4.3803099999999997,-0.35363892908469974,false
2130,4.3818564999999996,-0.35363892908469974,false
2131,4.3831141000000002,-0.35363892908469974,false
2132,4.3842676000000003,-0.35363892908469974,false
2133,4.3854195000000002,-0.35363892908469974,false
2134,4.3865097000000004,-0.35363892908469974,false
2135,4.3880733000000003,-0.35363892908469974,false
2136,4.3890731000000001,-0.35363892908469974,false
2137,4.3900316999999998,-0.35363892908469974,false
2138,4.3907163999999996,-0.35363892908469974,false
2139,4.3926181,-0.35363892908469974,false
2140,4.3932194999999998,-0.35363892908469974,false
2141,4.3946614999999998,-0.35363892908469974,false
2142,4.3964302999999996,-0.35363892908469974,false
2143,4.3975249999999999,-0.35363892908469974,false
2144,4.3990917999999999,-0.35363892908469974,false
2145,4.4007234999999998,-0.35363892908469974,false
2146,4.4017929999999996,-0.35363892908469974,false
2147,4.4039244000000002,-0.35363892908469974,false
2148,4.4057212999999997,-0.35363892908469974,false
2149,4.4067717999999996,-0.35363892908469974,false
2150,4.4076591000000001,-0.35363892908469974,false
2151,4.4085032999999996,-0.35363892908469974,false
2152,4.4099062,-0.35363892908469974,false
2153,4.4113182999999996,-0.35363892908469974,false
2154,4.4155552,-0.35363892908469974,false
2155,4.4175331,-0.35363892908469974,false
2156,4.4186414000000003,-0.35363892908469974,false
2157,4.4196508000000003,-0.35363892908469974,false
2158,4.4211112000000004,-0.35363892908469974,false
2159,4.4220356000000001,-0.35363892908469974,false
2160,4.4233858000000001,-0.35363892908469974,false
2161,4.4253252999999999,-0.35363892908469974,false
2162,4.4272684,-0.35363892908469974,false
2163,4.4285122000000001,-0.35363892908469974,false
2164,4.4301991999999997,-0.35363892908469974,false
2165,4.4316928000000004,-0.35363892908469974,false
2166,4.4328000999999997,-0.35363892908469974,false
2167,4.4349607000000004,-0.35363892908469974,false
2168,4.4372161999999999,-0.35363892908469974,false
2169,4.4394080000000002,-0.35363892908469974,false
2170,4.4404136000000003,-0.35363892908469974,false
2171,4.4414761,-0.35363892908469974,false
2172,4.4429300999999999,-0.35363892908469974,false
2173,4.4455431000000001,-0.35363892908469974,false
2174,4.4463020000000002,-0.35363892908469974,false
2175,4.4469010000000004,-0.35363892908469974,false
2176,4.4484307999999997,-0.35363892908469974,false
2177,4.4496264999999999,-0.35363892908469974,false
2178,4.4506606,-0.35363892908469974,false
2179,4.4517223000000001,-0.35363892908469974,false
2180,4.4538640999999997,-0.35363892908469974,false
2181,4.4558352000000001,-0.35363892908469974,false
2182,4.4568228999999997,-0.35363892908469974,false
2183,4.4579015999999996,-0.35363892908469974,false
2184,4.4589809000000002,-0.35363892908469974,false
2185,4.4617342000000004,-0.35363892908469974,false
2186,4.4626995999999997,-0.35363892908469974,false
2187,4.4646099000000001,-0.35363892908469974,false
2188,4.4670103000000001,-0.35363892908469974,false
2189,4.4689934999999998,-0.35363892908469974,false
2190,4.4697766000000003,-0.35363892908469974,false
2191,4.4707052000000003,-0.35363892908469974,false
2192,4.4717377999999997,-0.35363892908469974,false
2193,4.4726092,-0.35363892908469974,false
2194,4.4732346999999999,-0.35363892908469974,false
2195,4.4742137,-0.35363892908469974,false
2196,4.4770820999999996,-0.35363892908469974,false
2197,4.4781947999999998,-0.35363892908469974,false
2198,4.4790789999999996,-0.35363892908469974,false
2199,4.4801545999999997,-0.35363892908469974,false
2200,4.4810043000000004,-0.35363892908469974,false
2201,4.4819285000000004,-0.35363892908469974,false
2202,4.4829816999999998,-0.35363892908469974,false
2203,4.4842551999999998,-0.35363892908469974,false
2204,4.4853204,-0.35363892908469974,false
2205,4.4866149999999996,-0.35363892908469974,false
2206,4.4879845999999999,-0.35363892908469974,false
2207,4.4889089000000002,-0.35363892908469974,false
2208,4.4899259000000002,-0.35363892908469974,false
2209,4.4918437000000004,-0.35363892908469974,false
2210,4.4930102999999999,-0.35363892908469974,false
2211,4.4939958000000004,-0.35363892908469974,false
2212,4.4953038999999997,-0.35363892908469974,false
2213,4.4957902000000001,-0.35363892908469974,false
2214,4.4972013000000004,-0.35363892908469974,false
2215,4.4979772000000002,-0.35363892908469974,false
2216,4.4992109999999998,-0.35363892908469974,false
2217,4.4998231999999998,-0.35363892908469974,false
2218,4.5010596999999999,-0.35363892908469974,false
2219,4.5026976999999997,-0.35363892908469974,false
2220,4.5035593,-0.35363892908469974,false
2221,4.5044114000000004,-0.35363892908469974,false
2222,4.5054312000000003,-0.35363892908469974,false
2223,4.5081083,-0.35363892908469974,false
2224,4.5094937000000002,-0.35363892908469974,false
2225,4.5121457999999999,-0.35363892908469974,false
2226,4.5130020000000002,-0.35363892908469974,false
2227,4.51424,-0.35363892908469974,false
2228,4.5158138000000001,-0.35363892908469974,false
2229,4.5176447,-0.35363892908469974,false
2230,4.5187333000000001,-0.35363892908469974,false
2231,4.5207294999999998,-0.35363892908469974,false
2232,4.5216889,-0.35363892908469974,false
2233,4.5235067999999998,-0.35363892908469974,false
2234,4.5244552999999996,-0.35363892908469974,false
2235,4.5255739999999998,-0.35363892908469974,false
2236,4.5272287999999996,-0.35363892908469974,false
2237,4.5285137000000004,-0.35363892908469974,false
2238,4.5306164000000004,-0.35363892908469974,false
2239,4.5321417000000004,-0.35363892908469974,false
2240,4.5337291000000004,-0.35363892908469974,false
2241,4.5358787999999999,-0.35363892908469974,false
2242,4.5377267000000003,-0.35363892908469974,false
2243,4.5390082999999999,-0.35363892908469974,false
2244,4.5414551000000003,-0.35363892908469974,false
2245,4.5427049999999998,-0.35363892908469974,false
2246,4.5444290000000001,-0.35363892908469974,false
2247,4.5468916999999998,-0.35363892908469974,false
2248,4.5499799999999997,-0.35363892908469974,false
2249,4.5504721000000004,-0.35363892908469974,false
2250,4.5536079000000003,-0.35363892908469974,false
2251,4.5554671999999998,-0.35363892908469974,false
2252,4.5573661999999997,-0.35363892908469974,false
2253,4.5587289999999996,-0.35363892908469974,false
2254,4.5598701999999998,-0.35363892908469974,false
2255,4.5618715999999999,-0.35363892908469974,false
2256,4.5633267000000002,-0.35363892908469974,false
2257,4.5643256000000001,-0.35363892908469974,false
2258,4.5666618999999997,-0.35363892908469974,false
2259,4.5677368999999999,-0.35363892908469974,false
2260,4.5688608000000004,-0.35363892908469974,false
2261,4.5708649000000001,-0.35363892908469974,false
2262,4.5718573999999998,-0.35363892908469974,false
2263,4.5729807999999998,-0.35363892908469974,false
2264,4.5749180999999997,-0.35363892908469974,false
2265,4.5761788000000001,-0.35363892908469974,false
2266,4.5768832000000002,-0.35363892908469974,false
2267,4.5789292000000001,-0.35363892908469974,false
2268,4.5798721000000002,-0.35363892908469974,false
2269,4.5814298999999998,-0.35363892908469974,false
2270,4.5830437000000002,-0.35363892908469974,false
2271,4.5844291999999998,-0.35363892908469974,false
2272,4.5871265000000001,-0.35363892908469974,false
2273,4.5881990999999998,-0.35363892908469974,false
2274,4.5901094999999996,-0.35363892908469974,false
2275,4.591297,-0.35363892908469974,false
2276,4.5935680000000003,-0.35363892908469974,false
2277,4.5948488000000003,-0.35363892908469974,false
2278,4.5964133,-0.35363892908469974,false
2279,4.5982120999999996,-0.35363892908469974,false
2280,4.6001995000000004,-0.35363892908469974,false
2281,4.6017326000000001,-0.35363892908469974,false
2282,4.6030293000000002,-0.35363892908469974,false
2283,4.604088,-0.35363892908469974,false
2284,4.6058310999999996,-0.35363892908469974,false
2285,4.6102413999999996,-0.35363892908469974,false
2286,4.6110727000000002,-0.35363892908469974,false
2287,4.6135617,-0.35363892908469974,false
2288,4.6145579999999997,-0.35363892908469974,false
2289,4.6157025999999997,-0.35363892908469974,false
2290,4.6171315000000002,-0.35363892908469974,false
2291,4.6190936000000002,-0.35363892908469974,false
2292,4.6206212000000004,-0.35363892908469974,false
2293,4.6218263999999998,-0.35363892908469974,false
2294,4.6233741000000004,-0.35363892908469974,false
2295,4.6247467999999996,-0.35363892908469974,false
2296,4.6264450999999998,-0.35363892908469974,false
2297,4.6271072000000002,-0.35363892908469974,false
2298,4.6282342999999999,-0.35363892908469974,false
2299,4.6300596000000001,-0.35363892908469974,false
2300,4.6312470000000001,-0.35363892908469974,false
2301,4.6322915,-0.35363892908469974,false
2302,4.6338774000000003,-0.35363892908469974,false
2303,4.6364010000000002,-0.35363892908469974,false
2304,4.6385278000000003,-0.35363892908469974,false
2305,4.6398736999999999,-0.35363892908469974,false
2306,4.6426477000000004,-0.35363892908469974,false
2307,4.6435461,-0.35363892908469974,false
2308,4.6455595000000001,-0.35363892908469974,false
2309,4.6476123999999999,-0.35363892908469974,false
2310,4.6503658000000003,-0.35363892908469974,false
2311,4.6516316,-0.35363892908469974,false
2312,4.6534677000000002,-0.35363892908469974,false
2313,4.6551112999999997,-0.35363892908469974,false
2314,4.6570530000000003,-0.35363892908469974,false
2315,4.6580769000000002,-0.35363892908469974,false
2316,4.6590065999999997,-0.35363892908469974,false
2317,4.6602728000000004,-0.35363892908469974,false
2318,4.6618231999999997,-0.35363892908469974,false
2319,4.6629757999999999,-0.35363892908469974,false
2320,4.6642402000000001,-0.35363892908469974,false
2321,4.6652288999999998,-0.35363892908469974,false
2322,4.6663483000000001,-0.35363892908469974,false
2323,4.6671899000000003,-0.35363892908469974,false
2324,4.6679667,-0.35363892908469974,false
2325,4.6703096999999998,-0.35363892908469974,false
2326,4.6716809000000001,-0.35363892908469974,false
2327,4.6728358999999999,-0.35363892908469974,false
2328,4.6737235000000004,-0.35363892908469974,false
2329,4.6747315,-0.35363892908469974,false
2330,4.6759890000000004,-0.35363892908469974,false
2331,4.6767605999999997,-0.35363892908469974,false
2332,4.6785345999999999,-0.35363892908469974,false
2333,4.6797567000000004,-0.35363892908469974,false
2334,4.6813402999999996,-0.35363892908469974,false
2335,4.6821713999999997,-0.35363892908469974,false
2336,4.6841153999999996,-0.35363892908469974,false
2337,4.6850247999999999,-0.35363892908469974,false
2338,4.6867958999999999,-0.35363892908469974,false
2339,4.6879812000000003,-0.35363892908469974,false
2340,4.6890478,-0.35363892908469974,false
2341,4.6908349999999999,-0.35363892908469974,false
2342,4.6926572000000002,-0.35363892908469974,false
2343,4.6936495999999996,-0.35363892908469974,false
2344,4.6964300999999997,-0.35363892908469974,false
2345,4.6984728999999996,-0.35363892908469974,false
2346,4.6999146999999999,-0.35363892908469974,false
2347,4.7023885999999999,-0.35363892908469974,false
2348,4.7034624999999997,-0.35363892908469974,false
2349,4.7042143999999997,-0.35363892908469974,false
2350,4.7056339999999999,-0.35363892908469974,false
2351,4.7076235000000004,-0.35363892908469974,false
2352,4.7082252999999996,-0.35363892908469974,false
2353,4.7102444999999999,-0.35363892908469974,false
2354,4.7128544999999997,-0.35363892908469974,false
2355,4.7133918000000001,-0.35363892908469974,false
2356,4.7152453000000003,-0.35363892908469974,false
2357,4.7170502000000001,-0.35363892908469974,false
2358,4.7177167999999998,-0.35363892908469974,false
2359,4.7189876000000002,-0.35363892908469974,false
2360,4.7200515999999997,-0.35363892908469974,false
2361,4.7208812,-0.35363892908469974,false
2362,4.7221111000000002,-0.35363892908469974,false
2363,4.7240636,-0.35363892908469974,false
2364,4.7253255000000003,-0.35363892908469974,false
2365,4.7268673000000003,-0.35363892908469974,false
2366,4.7308102999999999,-0.35363892908469974,false
2367,4.7319500000000003,-0.35363892908469974,false
2368,4.7332713999999996,-0.35363892908469974,false
2369,4.7347051999999996,-0.35363892908469974,false
2370,4.7363011000000004,-0.35363892908469974,false
2371,4.7373035999999997,-0.35363892908469974,false
2372,4.7381504000000003,-0.35363892908469974,false
2373,4.7395421000000004,-0.35363892908469974,false
2374,4.7410632000000001,-0.35363892908469974,false
2375,4.7425069000000004,-0.35363892908469974,false
2376,4.7449076000000003,-0.35363892908469974,false
2377,4.7462713000000001,-0.35363892908469974,false
2378,4.7483288999999997,-0.35363892908469974,false
2379,4.7491310000000002,-0.35363892908469974,false
2380,4.7539173000000003,-0.35363892908469974,false
2381,4.7551673000000001,-0.35363892908469974,false
2382,4.7569629999999998,-0.35363892908469974,false
2383,4.7599514000000003,-0.35363892908469974,false
2384,4.7615964000000002,-0.35363892908469974,false
2385,4.7627879000000002,-0.35363892908469974,false
2386,4.7641739000000003,-0.35363892908469974,false
2387,4.7654299,-0.35363892908469974,false
2388,4.7671446,-0.35363892908469974,false
2389,4.7684607999999997,-0.35363892908469974,false
2390,4.7698217999999999,-0.35363892908469974,false
2391,4.7714485,-0.35363892908469974,false
2392,4.7737848999999999,-0.35363892908469974,false
2393,4.7748556999999998,-0.35363892908469974,false
2394,4.7757098999999998,-0.35363892908469974,false
2395,4.7770254999999997,-0.35363892908469974,false
2396,4.7776439999999996,-0.35363892908469974,false
2397,4.7805080000000002,-0.35363892908469974,false
2398,4.7815320000000003,-0.35363892908469974,false
2399,4.7831843000000003,-0.35363892908469974,false
2400,4.7852050000000004,-0.35363892908469974,false
2401,4.7867350999999996,-0.35363892908469974,false
2402,4.7878238,-0.35363892908469974,false
2403,4.7887912999999998,-0.35363892908469974,false
2404,4.7895023999999999,-0.35363892908469974,false
2405,4.7908496999999999,-0.35363892908469974,false
2406,4.7918830999999997,-0.35363892908469974,false
2407,4.7934127000000002,-0.35363892908469974,false
2408,4.7953659000000002,-0.35363892908469974,false
2409,4.7974046000000001,-0.35363892908469974,false
2410,4.7987862999999997,-0.35363892908469974,false
2411,4.7999049999999999,-0.35363892908469974,false
2412,4.8014231000000001,-0.35363892908469974,false
2413,4.8027575999999996,-0.35363892908469974,false
2414,4.8047398000000001,-0.35363892908469974,false
2415,4.8083061999999996,-0.35363892908469974,false
2416,4.8090710000000003,-0.35363892908469974,false
2417,4.8101184999999997,-0.35363892908469974,false
2418,4.8112444999999999,-0.35363892908469974,false
2419,4.8125356000000004,-0.35363892908469974,false
2420,4.8141720000000001,-0.35363892908469974,false
2421,4.8151641999999999,-0.35363892908469974,false
2422,4.8168536,-0.35363892908469974,false
2423,4.8177906999999998,-0.35363892908469974,false
2424,4.8185412999999997,-0.35363892908469974,false
2425,4.8200507999999997,-0.35363892908469974,false
2426,4.8210759000000003,-0.35363892908469974,false
2427,4.8229290999999996,-0.35363892908469974,false
2428,4.8242772,-0.35363892908469974,false
2429,4.8248671999999999,-0.35363892908469974,false
2430,4.8265348000000001,-0.35363892908469974,false
2431,4.8275870000000003,-0.35363892908469974,false
2432,4.8282274000000003,-0.35363892908469974,false
2433,4.8297353000000003,-0.35363892908469974,false
2434,4.8305398000000004,-0.35363892908469974,false
2435,4.8318323999999997,-0.35363892908469974,false
2436,4.8336823999999998,-0.35363892908469974,false
2437,4.8351907000000001,-0.35363892908469974,false
2438,4.8366351999999999,-0.35363892908469974,false
2439,4.8384029999999996,-0.35363892908469974,false
2440,4.8399644000000004,-0.35363892908469974,false
2441,4.8415528999999999,-0.35363892908469974,false
2442,4.8432842000000003,-0.35363892908469974,false
2443,4.8458572999999996,-0.35363892908469974,false
2444,4.8472048000000001,-0.35363892908469974,false
2445,4.8489635,-0.35363892908469974,false
2446,4.8505140999999998,-0.35363892908469974,false
2447,4.8521580000000002,-0.35363892908469974,false
2448,4.8534269999999999,-0.35363892908469974,false
2449,4.8544095,-0.35363892908469974,false
2450,4.8550300999999996,-0.35363892908469974,false
2451,4.8586895999999999,-0.35363892908469974,false
2452,4.8594879999999998,-0.35363892908469974,false
2453,4.8616653999999997,-0.35363892908469974,false
2454,4.8633512999999997,-0.35363892908469974,false
2455,4.8645936000000001,-0.35363892908469974,false
2456,4.8649956999999997,-0.35363892908469974,false
2457,4.8676358999999998,-0.35363892908469974,false
2458,4.8694584000000001,-0.35363892908469974,false
2459,4.8709563999999999,-0.35363892908469974,false
2460,4.8732663000000001,-0.35363892908469974,false
2461,4.8744740000000002,-0.35363892908469974,false
2462,4.8761406999999997,-0.35363892908469974,false
2463,4.8776343000000004,-0.35363892908469974,false
2464,4.8787118999999999,-0.35363892908469974,false
2465,4.8802091000000001,-0.35363892908469974,false
2466,4.8814535000000001,-0.35363892908469974,false
2467,4.8828180999999997,-0.35363892908469974,false
2468,4.8840700000000004,-0.35363892908469974,false
2469,4.8852950000000002,-0.35363892908469974,false
2470,4.8864162999999996,-0.35363892908469974,false
2471,4.8873018999999998,-0.35363892908469974,false
2472,4.8885810999999997,-0.35363892908469974,false
2473,4.8894517999999998,-0.35363892908469974,false
2474,4.8911576999999999,-0.35363892908469974,false
2475,4.8935323000000004,-0.35363892908469974,false
2476,4.8948799000000003,-0.35363892908469974,false
2477,4.8967209,-0.35363892908469974,false
2478,4.8977934999999997,-0.35363892908469974,false
2479,4.8986689999999999,-0.35363892908469974,false
2480,4.9018601999999998,-0.35363892908469974,false
2481,4.9030969999999998,-0.35363892908469974,false
2482,4.9039605999999996,-0.35363892908469974,false
