leaf_id,attempt,time_limit_seconds,solver_runtime_seconds,work,nodes,simplex_iterations,barrier_iterations,cumulative_runtime,cumulative_work,cumulative_nodes,cumulative_simplex_iterations,cumulative_barrier_iterations,optimize_return_code
L0,0,30,0.3,0.490128,0,0,0,0.3,0.490128,0,0,0,0
L1,0,30,0.403,0.801655,1,638,0,0.403,0.801655,1,638,0,0
L2,0,30,30.009,53.5846,630,77789,0,30.009,53.5846,630,77789,0,0
L3,0,30,0.448,0.943456,1,1005,0,0.448,0.943456,1,1005,0,0
L2,1,60,60.001,129.929,1449,257475,0,90.01,183.514,2079,335264,0,0
L2.0,0,30,13.704,25.0644,235,34192,0,13.704,25.0644,235,34192,0,0
L2.1,0,30,30.002,54.9152,776,97933,0,30.002,54.9152,776,97933,0,0
L2.1,1,60,21.352,51.6669,1716,188430,0,51.354,106.582,2492,286363,0,0
