elapsed_time,native_global_LB,native_incumbent,verified_cutoff,native_gap,node_count,open_nodes,simplex_iterations,event_source
0.0066220999999999997,0,9.9999999999999993e+74,0.71850407075497091,9.9999999999999993e+74,0,1,0,global_progress
0.0068675000000000003,0,9.9999999999999993e+74,0.71850407075497091,9.9999999999999993e+74,0,1,0,global_progress
3.6799662999999998,0.37822168614483404,9.9999999999999993e+74,0.71850407075497091,9.9999999999999993e+74,0,1,3069,global_progress
280.77975889999999,0.70630649359007569,9.9999999999999993e+74,0.71850407075497091,9.9999999999999993e+74,26614,7448,2161634,global_progress
280.7802542,0.70630649359007569,0,0.71850407075497091,0,26614,7448,2161634,solver_final
