run_id,stage,instance,arm,verified_ub,observed_horizon_seconds,normalized_bound_progress_auc,raw_area,observation_count
stage1__high_imbalance_seed3202__plain__120s__dense_on,stage1,high_imbalance_seed3202,plain,2.5474512160974627,117.596663,0.39446009850865266,46.38719127126883,393
stage1__high_imbalance_seed3202__s0__120s__dense_on,stage1,high_imbalance_seed3202,S0,1.7493134520506337,97.6108461,0.9404164907659207,91.79484935005436,502
stage1__high_imbalance_seed3202__s1__120s__dense_on,stage1,high_imbalance_seed3202,S1,1.7493134520506337,97.5953483,0.93737513766734,91.4834530484045,591
stage1__moderate_seed3301__plain__120s__dense_on,stage1,moderate_seed3301,plain,0.0726964960846658,117.60114929999999,0.5470845281192555,64.3377692710726,570
stage1__moderate_seed3301__s0__120s__dense_on,stage1,moderate_seed3301,S0,0.04915255266474515,97.5856175,0.861226888657085,84.04335773720538,677
stage1__moderate_seed3301__s1__120s__dense_on,stage1,moderate_seed3301,S1,0.04915255266474515,97.62132919999999,0.8530608366210113,83.27693275940715,469
stage1__V12_M2__plain__120s__dense_on,stage1,V12_M2,plain,0.7243949354801448,117.6075019,0.7434869780624654,87.43964618510667,7984
stage1__V12_M2__s0__120s__dense_on,stage1,V12_M2,S0,0.7185040707549709,104.3306379,0.9358356423527653,97.63632953622026,4539
stage1__V12_M2__s1__120s__dense_on,stage1,V12_M2,S1,0.7185040707549709,104.3704692,0.9287179526325214,96.93072847071964,5528
