elapsed_seconds,event,leaf_id,gamma_L,gamma_U,attempt,native_status,native_bound,native_bound_available,incumbent,incumbent_available,global_lb,verified_ub,open_leaf_count,failure_reason
5.3844032999999998,attempt,L0,0,0.0048195127858143257,0,INFEASIBLE,1e+100,1,0,0,0.0048195127858143257,0.019278051143257303,1,none
35.533918499999999,attempt,L1,0.0048195127858143257,0.0096390255716286514,0,TIME_LIMIT,0.0066303732109891994,1,0,0,0.0066303732109891994,0.019278051143257303,1,none
92.599357800000007,attempt,L1,0.0048195127858143257,0.0096390255716286514,1,TIME_LIMIT,0.0066897598148367163,1,0,0,0.0066897598148367163,0.019278051143257303,1,none
