elapsed_time,native_global_LB,native_incumbent,verified_cutoff,native_gap,node_count,open_nodes,simplex_iterations,event_source
0.017270600000000001,0,9.9999999999999993e+74,0.19563620654901237,9.9999999999999993e+74,0,1,0,global_progress
0.017384799999999999,0,9.9999999999999993e+74,0.19563620654901237,9.9999999999999993e+74,0,1,0,global_progress
2.2238625999999999,0.12156205413135568,9.9999999999999993e+74,0.19563620654901237,9.9999999999999993e+74,0,1,3372,global_progress
10.013696700000001,0.12156205413135698,9.9999999999999993e+74,0.19563620654901237,9.9999999999999993e+74,40,35,19801,global_progress
10.0143374,0.12156205413135698,0,0.19563620654901237,0,40,35,19801,solver_final
