elapsed_time,native_global_LB,native_incumbent,verified_cutoff,native_gap,node_count,open_nodes,simplex_iterations,event_source
0.013213300000000001,0,9.9999999999999993e+74,1.7493134520506337,9.9999999999999993e+74,0,1,0,global_progress
0.0133372,0,9.9999999999999993e+74,1.7493134520506337,9.9999999999999993e+74,0,1,0,global_progress
7.1484179000000001,1.4487906835495981,9.9999999999999993e+74,1.7493134520506337,9.9999999999999993e+74,0,1,15073,global_progress
274.0458059,1.6881250884079226,9.9999999999999993e+74,1.7493134520506337,9.9999999999999993e+74,2244,1267,1212329,global_progress
274.04614620000001,1.6881250884079226,0,1.7493134520506337,0,2244,1267,1212329,solver_final
