elapsed_time,native_global_LB,native_incumbent,verified_cutoff,native_gap,node_count,open_nodes,simplex_iterations,event_source
0.016824800000000001,0,9.9999999999999993e+74,0.60070443668510809,9.9999999999999993e+74,0,1,0,global_progress
0.016929099999999999,0,9.9999999999999993e+74,0.60070443668510809,9.9999999999999993e+74,0,1,0,global_progress
3.0408667999999999,0.43710249354748165,9.9999999999999993e+74,0.60070443668510809,9.9999999999999993e+74,0,1,3688,global_progress
280.00693230000002,0.50776179435395163,9.9999999999999993e+74,0.60070443668510809,9.9999999999999993e+74,2702,1545,778358,global_progress
280.00714909999999,0.50776179435395163,0,0.60070443668510809,0,2702,1545,778358,solver_final
