event_sequence,elapsed_runtime_seconds,work,incumbent_available,incumbent,best_bound_available,best_bound,processed_nodes,open_nodes,solution_count,callback_where,phase,context
0,0.07500004768371582,0.14780530748563184,true,0.10725273413394144,true,0,0,0,4.9406564584124654e-324,3,1,MIP
1,0.14700007438659668,0.33313868784115974,true,0.10725273413394144,true,0.000591312119952574,0,0,4.9406564584124654e-324,3,1,MIP
2,0.18799996376037598,0.4009499132284513,true,0.10725273413394144,true,0.00081766544910511461,0,0,4.9406564584124654e-324,3,1,MIP
3,0.37899994850158691,0.72224202352191424,true,0.10725273413394144,true,0.0067289585279150764,0,0,4.9406564584124654e-324,3,1,MIP
4,0.39499998092651367,0.74260957358884483,true,0.10725273413394144,true,0.006733025754841305,0,0,4.9406564584124654e-324,3,1,MIP
5,0.41700005531311035,0.79087667024460073,true,0.10725273413394144,true,0.0075378561142197768,0,0,4.9406564584124654e-324,3,1,MIP
6,0.63700008392333984,1.2588474748786451,true,0.10725273413394144,true,0.013193313552178032,0,0,4.9406564584124654e-324,3,1,MIP
7,0.6530001163482666,1.2774461994532853,true,0.10725273413394144,true,0.013257487946822827,0,0,4.9406564584124654e-324,3,1,MIP
8,0.68300008773803711,1.3400054894222864,true,0.10725273413394144,true,0.014545042344725772,0,0,4.9406564584124654e-324,3,1,MIP
9,0.85899996757507324,1.6661806712862084,true,0.10725273413394144,true,0.016209365589267166,0,0,4.9406564584124654e-324,3,1,MIP
10,0.91700005531311035,1.7830795432638735,true,0.10725273413394144,true,0.017015425065805823,0,0,4.9406564584124654e-324,3,1,MIP
11,1.0659999847412109,2.0423354070752886,true,0.10725273413394144,true,0.017323559821471084,0,0,4.9406564584124654e-324,3,1,MIP
12,1.1159999370574951,2.1289829908860134,true,0.10725273413394144,true,0.01733208097001392,0,0,4.9406564584124654e-324,3,1,MIP
13,1.2139999866485596,2.283777477115255,true,0.10725273413394144,true,0.017360324724757376,0,0,4.9406564584124654e-324,3,1,MIP
14,1.2400000095367432,2.3213689786606335,true,0.10725273413394144,true,0.017369027224592805,0,0,4.9406564584124654e-324,3,1,MIP
15,1.3570001125335693,2.5405076842137175,true,0.10725273413394144,true,0.017390796727675989,0,0,4.9406564584124654e-324,3,1,MIP
16,1.3810000419616699,2.5693553024787814,true,0.10725273413394144,true,0.01748229208236509,0,0,4.9406564584124654e-324,3,1,MIP
17,1.5069999694824219,2.8090278439753393,true,0.10725273413394144,true,0.01748229208236509,0,0,4.9406564584124654e-324,3,1,MIP
18,1.5510001182556152,2.9150937736305957,true,0.10725273413394144,true,0.017523565704574591,0,0,4.9406564584124654e-324,3,1,MIP
19,1.6700000762939453,3.1132607989386605,true,0.10725273413394144,true,0.017532215365087124,0,0,4.9406564584124654e-324,3,1,MIP
20,1.7230000495910645,3.2011865777233282,true,0.10725273413394144,true,0.017539804177941515,0,0,4.9406564584124654e-324,3,1,MIP
21,1.8280000686645508,3.3897823821421342,true,0.10725273413394144,true,0.017540138357925172,0,0,4.9406564584124654e-324,3,1,MIP
22,1.8989999294281006,3.5258358186418124,true,0.10725273413394144,true,0.017540468341240206,0,0,4.9406564584124654e-324,3,1,MIP
23,1.9890000820159912,3.6742481601696313,true,0.10725273413394144,true,0.017540481969508276,0,0,4.9406564584124654e-324,3,1,MIP
24,2.1059999465942383,3.8266351955663751,true,0.10725273413394144,true,0.017540481969508276,0,0,4.9406564584124654e-324,3,1,MIP
25,2.312999963760376,4.1621801304685739,true,0.10725273413394144,true,0.01755273618535776,0,0,4.9406564584124654e-324,3,1,MIP
26,2.3470001220703125,4.2057942243128128,true,0.10725273413394144,true,0.017565447713835412,0,2,4.9406564584124654e-324,3,1,MIP
27,2.4570000171661377,4.4129091244647034,true,0.10725273413394144,true,0.017565447713835412,8,10,4.9406564584124654e-324,3,1,MIP
28,2.6710000038146973,4.7032360854838453,true,0.10725273413394144,true,0.017565447713835412,11,13,4.9406564584124654e-324,3,1,MIP
29,2.7960000038146973,4.9209747209120334,true,0.10725273413394144,true,0.017565447713835412,17,19,4.9406564584124654e-324,3,1,MIP
30,2.9119999408721924,5.1462786905685389,true,0.10725273413394144,true,0.017565447713835412,27,29,4.9406564584124654e-324,3,1,MIP
31,3.0239999294281006,5.3756838648346799,true,0.10725273413394144,true,0.017565447713835412,34,36,4.9406564584124654e-324,3,1,MIP
32,3.1370000839233398,5.6143490236635794,true,0.10725273413394144,true,0.017565447713835412,38,38,4.9406564584124654e-324,3,1,MIP
33,3.2420001029968262,5.799086598952937,true,0.10725273413394144,true,0.017565447713835412,44,42,4.9406564584124654e-324,3,1,MIP
34,3.5989999771118164,6.2518757801875342,true,0.10725273413394144,true,0.017565447713835412,54,52,4.9406564584124654e-324,3,1,MIP
35,3.7239999771118164,6.501480065810572,true,0.10725273413394144,true,0.017565447713835412,60,58,4.9406564584124654e-324,3,1,MIP
36,3.8399999141693115,6.7190184744551331,true,0.10725273413394144,true,0.017565447713835412,72,67,4.9406564584124654e-324,3,1,MIP
37,3.9409999847412109,6.9127043790562102,true,0.10725273413394144,true,0.017565447713835412,81,70,4.9406564584124654e-324,3,1,MIP
38,4.0699999332427979,7.1382776435188848,true,0.10725273413394144,true,0.017565447713835412,98,77,4.9406564584124654e-324,3,1,MIP
39,4.1760001182556152,7.3788262731167364,true,0.10725273413394144,true,0.017565447713835412,99,78,4.9406564584124654e-324,3,1,MIP
40,4.2769999504089355,7.5791087095641121,true,0.10725273413394144,true,0.017565447713835412,107,86,4.9406564584124654e-324,3,1,MIP
41,4.3849999904632568,7.7814370111854503,true,0.10725273413394144,true,0.017565447713835412,118,97,4.9406564584124654e-324,3,1,MIP
42,4.4869999885559082,7.9610839055342524,true,0.10725273413394144,true,0.017565447713835412,126,105,4.9406564584124654e-324,3,1,MIP
43,4.5910000801086426,8.1291981349941196,true,0.10725273413394144,true,0.017565447713835412,142,121,4.9406564584124654e-324,3,1,MIP
44,4.6949999332427979,8.2990202875566723,true,0.10725273413394144,true,0.017565447713835412,156,135,4.9406564584124654e-324,3,1,MIP
45,4.8570001125335693,8.553504855587029,true,0.10725273413394144,true,0.017565447713835412,168,141,4.9406564584124654e-324,3,1,MIP
46,5.0260000228881836,8.8706243471627033,true,0.10725273413394144,true,0.017565447713835412,178,144,4.9406564584124654e-324,3,1,MIP
47,5.1540000438690186,9.132566726970083,true,0.10725273413394144,true,0.017565447713835412,182,148,4.9406564584124654e-324,3,1,MIP
48,5.2650001049041748,9.3545529520701649,true,0.10725273413394144,true,0.017565447713835412,189,155,4.9406564584124654e-324,3,1,MIP
49,5.4790000915527344,9.681936966315245,true,0.10725273413394144,true,0.017565447713835412,194,160,4.9406564584124654e-324,3,1,MIP
50,5.5980000495910645,9.8771543794124028,true,0.10725273413394144,true,0.017565447713835412,200,166,4.9406564584124654e-324,3,1,MIP
51,5.7149999141693115,10.07453292082028,true,0.10725273413394144,true,0.017565447713835412,212,178,4.9406564584124654e-324,3,1,MIP
52,5.8580000400543213,10.303576071023445,true,0.10725273413394144,true,0.017565447713835412,218,184,4.9406564584124654e-324,3,1,MIP
53,6.0139999389648438,10.551482914773821,true,0.10725273413394144,true,0.017565447713835412,226,192,4.9406564584124654e-324,3,1,MIP
54,6.1389999389648438,10.751960937143224,true,0.10725273413394144,true,0.017565447713835412,231,193,4.9406564584124654e-324,3,1,MIP
55,6.3650000095367432,11.084975728104784,true,0.10725273413394144,true,0.017565447713835412,232,194,4.9406564584124654e-324,3,1,MIP
56,6.5669999122619629,11.425250815342045,true,0.10725273413394144,true,0.017565447713835412,233,195,4.9406564584124654e-324,3,1,MIP
57,6.6710000038146973,11.639484673651449,true,0.10725273413394144,true,0.017565447713835412,234,194,4.9406564584124654e-324,3,1,MIP
58,6.7769999504089355,11.790730581346356,true,0.10725273413394144,true,0.017565447713835412,235,195,4.9406564584124654e-324,3,1,MIP
59,6.8859999179840088,11.98200826979344,true,0.10725273413394144,true,0.017565447713835412,242,198,4.9406564584124654e-324,3,1,MIP
60,7,12.166771147276229,true,0.10725273413394144,true,0.017565447713835412,249,203,4.9406564584124654e-324,3,1,MIP
61,7.1700000762939453,12.474048700903285,true,0.10725273413394144,true,0.017565447713835412,261,203,4.9406564584124654e-324,3,1,MIP
62,7.1940000057220459,12.522745003730751,true,0.10725273413394144,true,0.01756566168604385,262,204,4.9406564584124654e-324,3,1,MIP
63,7.3619999885559082,12.787148534252104,true,0.10725273413394144,true,0.01756566168604385,265,207,4.9406564584124654e-324,3,1,MIP
64,7.4690001010894775,13.012668035532162,true,0.10725273413394144,true,0.01756566168604385,272,214,4.9406564584124654e-324,3,1,MIP
65,7.628000020980835,13.320213616972303,true,0.10725273413394144,true,0.01756566168604385,282,224,4.9406564584124654e-324,3,1,MIP
66,7.7960000038146973,13.572690277930906,true,0.10725273413394144,true,0.01756566168604385,283,225,4.9406564584124654e-324,3,1,MIP
67,7.9019999504089355,13.769401765139325,true,0.10725273413394144,true,0.01756566168604385,288,230,4.9406564584124654e-324,3,1,MIP
68,8.0180001258850098,13.994268024714046,true,0.10725273413394144,true,0.01756566168604385,301,243,4.9406564584124654e-324,3,1,MIP
69,8.1200001239776611,14.165866663628757,true,0.10725273413394144,true,0.01756566168604385,311,253,4.9406564584124654e-324,3,1,MIP
70,8.2249999046325684,14.287612731656585,true,0.10725273413394144,true,0.01756566168604385,327,269,4.9406564584124654e-324,3,1,MIP
71,8.3269999027252197,14.465274446643605,true,0.10725273413394144,true,0.01756566168604385,340,281,4.9406564584124654e-324,3,1,MIP
72,8.7920000553131104,15.07767822085742,true,0.10725273413394144,true,0.01756566168604385,359,296,4.9406564584124654e-324,3,1,MIP
73,9.0109999179840088,15.337056550668603,true,0.10725273413394144,true,0.01756566168604385,360,297,4.9406564584124654e-324,3,1,MIP
74,9.1119999885559082,15.472947852943982,true,0.10725273413394144,true,0.01756566168604385,386,321,4.9406564584124654e-324,3,1,MIP
75,9.2630000114440918,15.732424868343243,true,0.10725273413394144,true,0.01756566168604385,426,352,4.9406564584124654e-324,3,1,MIP
76,9.372999906539917,15.96360785363184,true,0.10725273413394144,true,0.01756566168604385,432,358,4.9406564584124654e-324,3,1,MIP
77,9.5180001258850098,16.250255902431935,true,0.10725273413394144,true,0.01756566168604385,439,365,4.9406564584124654e-324,3,1,MIP
78,9.6389999389648438,16.483959171736956,true,0.10725273413394144,true,0.01756566168604385,453,379,4.9406564584124654e-324,3,1,MIP
79,9.7450001239776611,16.678992633093802,true,0.10725273413394144,true,0.01756566168604385,466,392,4.9406564584124654e-324,3,1,MIP
80,9.8459999561309814,16.851896093916945,true,0.10725273413394144,true,0.01756566168604385,488,412,4.9406564584124654e-324,3,1,MIP
81,10.072999954223633,17.234853901886385,true,0.10725273413394144,true,0.01756566168604385,495,411,4.9406564584124654e-324,3,1,MIP
82,10.08299994468689,17.24929263161291,true,0.10725273413394144,true,0.017584506634334349,496,412,4.9406564584124654e-324,3,1,MIP
83,10.190000057220459,17.440221474196441,true,0.10725273413394144,true,0.017584506634334349,515,431,4.9406564584124654e-324,3,1,MIP
84,10.302999973297119,17.644450613745132,true,0.10725273413394144,true,0.017584506634334349,523,439,4.9406564584124654e-324,3,1,MIP
85,10.403000116348267,17.80995890613368,true,0.10725273413394144,true,0.017584506634334349,547,461,4.9406564584124654e-324,3,1,MIP
86,11.591000080108643,20.204344627135153,true,0.10725273413394144,true,0.017584506634334349,565,478,4.9406564584124654e-324,3,1,MIP
87,11.809000015258789,20.61305475933931,true,0.10725273413394144,true,0.017584506634334349,566,479,4.9406564584124654e-324,3,1,MIP
88,11.972000122070312,20.831232649499533,true,0.10725273413394144,true,0.017584506634334349,567,479,4.9406564584124654e-324,3,1,MIP
89,12.319000005722046,21.447435869654729,true,0.10725273413394144,true,0.017584506634334349,567,479,4.9406564584124654e-324,3,1,MIP
90,12.476000070571899,21.78157986535069,true,0.10725273413394144,true,0.017584506634334349,568,480,4.9406564584124654e-324,3,1,MIP
91,12.686000108718872,22.120986384440478,true,0.10725273413394144,true,0.017584506634334349,569,481,4.9406564584124654e-324,3,1,MIP
92,13.148000001907349,22.966409381162574,true,0.10725273413394144,true,0.01765731705167518,569,481,4.9406564584124654e-324,3,1,MIP
93,13.177000045776367,23.00828081129378,true,0.10725273413394144,true,0.017772599951513868,570,481,4.9406564584124654e-324,3,1,MIP
94,13.420000076293945,23.419115120034284,true,0.10725273413394144,true,0.017772599951513868,571,482,4.9406564584124654e-324,3,1,MIP
95,13.697000026702881,23.884521556754084,true,0.10725273413394144,true,0.018057756856684218,571,482,4.9406564584124654e-324,3,1,MIP
96,13.746000051498413,23.968519746470665,true,0.10725273413394144,true,0.01811012072888224,572,483,4.9406564584124654e-324,3,1,MIP
97,13.92900013923645,24.269784292588461,true,0.10725273413394144,true,0.01811012072888224,573,483,4.9406564584124654e-324,3,1,MIP
98,14.279000043869019,24.899312652185959,true,0.10725273413394144,true,0.018226636538695946,573,483,4.9406564584124654e-324,3,1,MIP
99,14.364000082015991,25.064335844527506,true,0.10725273413394144,true,0.018240487602877484,574,484,4.9406564584124654e-324,3,1,MIP
100,14.565000057220459,25.405640707705306,true,0.10725273413394144,true,0.018240487602877484,575,485,4.9406564584124654e-324,3,1,MIP
101,14.891999959945679,25.979645874375404,true,0.10725273413394144,true,0.018267462815144311,575,485,4.9406564584124654e-324,3,1,MIP
102,14.944000005722046,26.072161461001819,true,0.10725273413394144,true,0.018275276168113055,576,485,4.9406564584124654e-324,3,1,MIP
103,15.150000095367432,26.417649805792564,true,0.10725273413394144,true,0.018275276168113055,577,486,4.9406564584124654e-324,3,1,MIP
104,15.508000135421753,27.0598027419746,true,0.10725273413394144,true,0.018291215437174969,577,486,4.9406564584124654e-324,3,1,MIP
105,15.546999931335449,27.109982128024793,true,0.10725273413394144,true,0.018347992503373534,578,487,4.9406564584124654e-324,3,1,MIP
106,15.67300009727478,27.416286526795467,true,0.10725273413394144,true,0.018347992503373534,578,487,4.9406564584124654e-324,3,1,MIP
107,15.880000114440918,27.756538189819867,true,0.10725273413394144,true,0.018347992503373534,579,487,4.9406564584124654e-324,3,1,MIP
108,16.125,28.183426006139719,true,0.10725273413394144,true,0.018347992503373534,579,487,4.9406564584124654e-324,3,1,MIP
109,16.36299991607666,28.612931775508617,true,0.10725273413394144,true,0.018347992503373534,581,489,4.9406564584124654e-324,3,1,MIP
110,16.661999940872192,29.151530177504409,true,0.10725273413394144,true,0.018347992503373534,581,489,4.9406564584124654e-324,3,1,MIP
111,16.74399995803833,29.301755685945231,true,0.10725273413394144,true,0.018367986342147785,582,489,4.9406564584124654e-324,3,1,MIP
112,16.943000078201294,29.64444500924883,true,0.10725273413394144,true,0.018367986342147785,583,490,4.9406564584124654e-324,3,1,MIP
113,17.281000137329102,30.278746184529012,true,0.10725273413394144,true,0.018393541135915032,583,490,4.9406564584124654e-324,3,1,MIP
114,17.361999988555908,30.451458969210254,true,0.10725273413394144,true,0.018410472103514201,584,491,4.9406564584124654e-324,3,1,MIP
115,17.627000093460083,30.931076193570995,true,0.10725273413394144,true,0.018419506578326812,585,491,4.9406564584124654e-324,3,1,MIP
116,17.697999954223633,31.028705337516701,true,0.10725273413394144,true,0.018419614863008943,586,492,4.9406564584124654e-324,3,1,MIP
117,17.770999908447266,31.206810506261483,true,0.10725273413394144,true,0.018420598366103963,586,492,4.9406564584124654e-324,3,1,MIP
118,18.062999963760376,31.745629788966962,true,0.10725273413394144,true,0.018422130669300516,587,493,4.9406564584124654e-324,3,1,MIP
119,18.141000032424927,31.903907785032608,true,0.10725273413394144,true,0.018422326143619147,588,493,4.9406564584124654e-324,3,1,MIP
120,18.483000040054321,32.546440803721161,true,0.10725273413394144,true,0.01842243554420879,589,494,4.9406564584124654e-324,3,1,MIP
121,18.615999937057495,32.770576817908022,true,0.10725273413394144,true,0.01842243554420879,590,495,4.9406564584124654e-324,3,1,MIP
122,18.782999992370605,33.060402852863049,true,0.10725273413394144,true,0.01842243739004603,591,495,4.9406564584124654e-324,3,1,MIP
123,18.805999994277954,33.094256698010156,true,0.10725273413394144,true,0.018422447795844635,592,496,4.9406564584124654e-324,3,1,MIP
124,18.934999942779541,33.359704005492226,true,0.10725273413394144,true,0.018422447795844635,593,497,4.9406564584124654e-324,3,1,MIP
125,19.134000062942505,33.759381909055101,true,0.10725273413394144,true,0.018422447795844635,593,497,4.9406564584124654e-324,3,1,MIP
126,19.620000123977661,34.287759753359929,true,0.10725273413394144,true,0.018422447795844635,594,497,4.9406564584124654e-324,3,1,MIP
127,19.730999946594238,34.556966738437801,true,0.10725273413394144,true,0.018422447795844635,594,497,4.9406564584124654e-324,3,1,MIP
128,19.976000070571899,34.967849143749447,true,0.10725273413394144,true,0.018422447795844635,595,498,4.9406564584124654e-324,3,1,MIP
129,20.163000106811523,35.283433003035206,true,0.10725273413394144,true,0.018422447795844635,597,499,4.9406564584124654e-324,3,1,MIP
130,20.398000001907349,35.671227241728097,true,0.10725273413394144,true,0.018433673613021534,597,499,4.9406564584124654e-324,3,1,MIP
131,20.523999929428101,35.951903266972174,true,0.10725273413394144,true,0.018439585909915734,598,500,4.9406564584124654e-324,3,1,MIP
132,20.806999921798706,36.377315503287761,true,0.10725273413394144,true,0.018441978711119494,599,501,4.9406564584124654e-324,3,1,MIP
133,20.920000076293945,36.630587538787765,true,0.10725273413394144,true,0.018444727247042374,600,501,4.9406564584124654e-324,3,1,MIP
134,21.141000032424927,36.994043938366481,true,0.10725273413394144,true,0.018448279309128335,601,502,4.9406564584124654e-324,3,1,MIP
135,21.212000131607056,37.147447769552613,true,0.10725273413394144,true,0.018450530214710159,602,503,4.9406564584124654e-324,3,1,MIP
136,21.42300009727478,37.497425657955489,true,0.10725273413394144,true,0.018451164828656847,603,503,4.9406564584124654e-324,3,1,MIP
137,21.532999992370605,37.729447689888836,true,0.10725273413394144,true,0.018451164828656847,604,504,4.9406564584124654e-324,3,1,MIP
138,21.760999917984009,38.103165580850686,true,0.10725273413394144,true,0.018451164828656847,605,505,4.9406564584124654e-324,3,1,MIP
139,21.86299991607666,38.331155655806555,true,0.10725273413394144,true,0.018451164828656847,606,505,4.9406564584124654e-324,3,1,MIP
140,22.066999912261963,38.644316231481774,true,0.10725273413394144,true,0.018451164828656847,607,506,4.9406564584124654e-324,3,1,MIP
141,22.095000028610229,38.68259866374536,true,0.10725273413394144,true,0.018451476722413172,608,507,4.9406564584124654e-324,3,1,MIP
142,22.335000038146973,39.109257838014287,true,0.10725273413394144,true,0.018451476722413172,609,507,4.9406564584124654e-324,3,1,MIP
143,22.460000038146973,39.33004504948611,true,0.10725273413394144,true,0.018451476722413172,611,509,4.9406564584124654e-324,3,1,MIP
144,22.604000091552734,39.572940089863764,true,0.10725273413394144,true,0.018451476722413172,611,509,4.9406564584124654e-324,3,1,MIP
145,22.805000066757202,40.036678114732418,true,0.10725273413394144,true,0.018451476722413172,615,513,4.9406564584124654e-324,3,1,MIP
146,22.91100001335144,40.28479070669075,true,0.10725273413394144,true,0.018451476722413172,616,514,4.9406564584124654e-324,3,1,MIP
147,23.085999965667725,40.590128946624723,true,0.10725273413394144,true,0.018451476722413172,616,514,4.9406564584124654e-324,3,1,MIP
148,23.273000001907349,40.878841001220259,true,0.10725273413394144,true,0.018451476722413172,617,514,4.9406564584124654e-324,3,1,MIP
149,23.667999982833862,41.603276254938578,true,0.10725273413394144,true,0.018451476722413172,617,514,4.9406564584124654e-324,3,1,MIP
150,23.847000122070312,41.982077756803868,true,0.10725273413394144,true,0.018451476722413172,618,515,4.9406564584124654e-324,3,1,MIP
151,24.062000036239624,42.330951652359097,true,0.10725273413394144,true,0.018451476722413172,619,516,4.9406564584124654e-324,3,1,MIP
152,24.51800012588501,43.182284867889379,true,0.10725273413394144,true,0.018451476722413172,619,516,4.9406564584124654e-324,3,1,MIP
153,24.602999925613403,43.358949468494828,true,0.10725273413394144,true,0.018461326000518183,620,516,4.9406564584124654e-324,3,1,MIP
154,24.782999992370605,43.658909863095232,true,0.10725273413394144,true,0.018461326000518183,621,517,4.9406564584124654e-324,3,1,MIP
155,25.069999933242798,44.173881580960973,true,0.10725273413394144,true,0.018510378552422456,621,517,4.9406564584124654e-324,3,1,MIP
156,25.16700005531311,44.389532482875595,true,0.10725273413394144,true,0.018542769593608961,622,518,4.9406564584124654e-324,3,1,MIP
157,25.388000011444092,44.75506135691969,true,0.10725273413394144,true,0.018542769593608961,623,518,4.9406564584124654e-324,3,1,MIP
158,25.76800012588501,45.448946085332416,true,0.10725273413394144,true,0.018565800872312049,623,518,4.9406564584124654e-324,3,1,MIP
159,25.891999959945679,45.721054122326215,true,0.10725273413394144,true,0.01856611460353777,624,519,4.9406564584124654e-324,3,1,MIP
160,26.131999969482422,46.102332500897404,true,0.10725273413394144,true,0.01856611460353777,625,520,4.9406564584124654e-324,3,1,MIP
161,26.483999967575073,46.731652425553548,true,0.10725273413394144,true,0.018578755268085112,625,520,4.9406564584124654e-324,3,1,MIP
162,26.513999938964844,46.77351696451381,true,0.10725273413394144,true,0.018580038539478452,626,520,4.9406564584124654e-324,3,1,MIP
163,26.552999973297119,46.861249578718002,true,0.10725273413394144,true,0.018580454540090344,626,520,4.9406564584124654e-324,3,1,MIP
164,26.742000102996826,47.184583325406415,true,0.10725273413394144,true,0.018580454540090344,627,521,4.9406564584124654e-324,3,1,MIP
165,27.079999923706055,47.775434491768728,true,0.10725273413394144,true,0.018582403037388628,627,521,4.9406564584124654e-324,3,1,MIP
166,27.187000036239624,47.999793907254926,true,0.10725273413394144,true,0.018582975813940868,628,522,4.9406564584124654e-324,3,1,MIP
167,27.404000043869019,48.365159299015168,true,0.10725273413394144,true,0.018582975813940868,629,522,4.9406564584124654e-324,3,1,MIP
168,27.79200005531311,49.082772770455492,true,0.10725273413394144,true,0.018582975814133949,629,522,4.9406564584124654e-324,3,1,MIP
169,27.91700005531311,49.36392072637662,true,0.10725273413394144,true,0.018582978901303247,630,523,4.9406564584124654e-324,3,1,MIP
170,28.135999917984009,49.728287826227323,true,0.10725273413394144,true,0.018582978901303247,631,524,4.9406564584124654e-324,3,1,MIP
171,28.30400013923645,50.04134930420345,true,0.10725273413394144,true,0.018584061361567688,631,524,4.9406564584124654e-324,3,1,MIP
172,28.430999994277954,50.271205329277102,true,0.10725273413394144,true,0.018584215042600334,632,524,4.9406564584124654e-324,3,1,MIP
173,28.674000024795532,50.687361003746751,true,0.10725273413394144,true,0.018584220702672714,633,525,4.9406564584124654e-324,3,1,MIP
174,28.822000026702881,50.964807796204084,true,0.10725273413394144,true,0.018584220702672714,635,526,4.9406564584124654e-324,3,1,MIP
175,29.039999961853027,51.358685223333232,true,0.10725273413394144,true,0.018584693492647769,635,526,4.9406564584124654e-324,3,1,MIP
176,29.151000022888184,51.575377064771615,true,0.10725273413394144,true,0.018584829835443406,636,527,4.9406564584124654e-324,3,1,MIP
177,29.51800012588501,52.263977796501898,true,0.10725273413394144,true,0.018584829835443406,637,528,4.9406564584124654e-324,3,1,MIP
178,29.638000011444092,52.439802064798194,true,0.10725273413394144,true,0.018584829835443406,638,528,4.9406564584124654e-324,3,1,MIP
179,30.255000114440918,53.763110343386799,true,0.10725273413394144,true,0.018585076973911357,639,529,4.9406564584124654e-324,3,1,MIP
180,30.450999975204468,54.092223355216049,true,0.10725273413394144,true,0.018586523501400928,640,530,4.9406564584124654e-324,3,1,MIP
181,30.509999990463257,54.167208774791739,true,0.10725273413394144,true,0.018651015263112806,640,532,4.9406564584124654e-324,3,1,MIP
182,30.694999933242798,54.47433526671243,true,0.10725273413394144,true,0.018651015263112806,641,532,4.9406564584124654e-324,3,1,MIP
183,31.002000093460083,54.980567731018844,true,0.10725273413394144,true,0.018764480161434574,642,533,4.9406564584124654e-324,3,1,MIP
184,31.282000064849854,55.465121838581609,true,0.10725273413394144,true,0.018831528663177055,644,534,4.9406564584124654e-324,3,1,MIP
185,31.829999923706055,56.235570619591222,true,0.10725273413394144,true,0.018831528663177055,645,535,4.9406564584124654e-324,3,1,MIP
186,31.966000080108643,56.456927562154235,true,0.10725273413394144,true,0.018831528663177055,647,536,4.9406564584124654e-324,3,1,MIP
187,32.118000030517578,56.710831595914193,true,0.10725273413394144,true,0.018831528663177055,649,538,4.9406564584124654e-324,3,1,MIP
188,32.227999925613403,56.905081162205683,true,0.10725273413394144,true,0.018831528663177055,650,538,4.9406564584124654e-324,3,1,MIP
189,32.360000133514404,57.104820256357812,true,0.10725273413394144,true,0.018831528663177055,652,540,4.9406564584124654e-324,3,1,MIP
190,32.575999975204468,57.47307718114574,true,0.10725273413394144,true,0.018831528663177055,654,541,4.9406564584124654e-324,3,1,MIP
191,32.839999914169312,57.908290938721095,true,0.10725273413394144,true,0.018831528663177055,656,542,4.9406564584124654e-324,3,1,MIP
192,33.457000017166138,58.784456543265172,true,0.10725273413394144,true,0.018831528663177055,657,543,4.9406564584124654e-324,3,1,MIP
193,33.651999950408936,59.135138368986027,true,0.10725273413394144,true,0.018831528663177055,658,544,4.9406564584124654e-324,3,1,MIP
194,33.759000062942505,59.294041474602821,true,0.10725273413394144,true,0.018831528663177055,659,544,4.9406564584124654e-324,3,1,MIP
195,33.947000026702881,59.572709080598941,true,0.10725273413394144,true,0.018831528663177055,660,545,4.9406564584124654e-324,3,1,MIP
196,34.130000114440918,59.835166014319348,true,0.10725273413394144,true,0.018831528663177055,661,546,4.9406564584124654e-324,3,1,MIP
197,34.311000108718872,60.102706706147117,true,0.10725273413394144,true,0.018831528663177055,663,547,4.9406564584124654e-324,3,1,MIP
198,34.559000015258789,60.473268087357383,true,0.10725273413394144,true,0.018831528663177055,664,548,4.9406564584124654e-324,3,1,MIP
199,34.766000032424927,60.802655992001434,true,0.10725273413394144,true,0.018831528663177055,665,548,4.9406564584124654e-324,3,1,MIP
200,34.943000078201294,61.054865516469327,true,0.10725273413394144,true,0.018831528663177055,666,549,4.9406564584124654e-324,3,1,MIP
201,35.171999931335449,61.388178889741035,true,0.10725273413394144,true,0.018831528663177055,667,550,4.9406564584124654e-324,3,1,MIP
202,35.282000064849854,61.578745306907464,true,0.10725273413394144,true,0.018831528663177055,670,552,4.9406564584124654e-324,3,1,MIP
203,35.414999961853027,61.809476918711667,true,0.10725273413394144,true,0.018831528663177055,673,554,4.9406564584124654e-324,3,1,MIP
204,35.529000043869019,62.005674391871317,true,0.10725273413394144,true,0.018831528663177055,675,555,4.9406564584124654e-324,3,1,MIP
205,35.644999980926514,62.246707340756444,true,0.10725273413394144,true,0.018831528663177055,676,556,4.9406564584124654e-324,3,1,MIP
206,35.760999917984009,62.426179417140261,true,0.10725273413394144,true,0.018831528663177055,679,558,4.9406564584124654e-324,3,1,MIP
207,35.867000102996826,62.594785489649531,true,0.10725273413394144,true,0.018831528663177055,682,560,4.9406564584124654e-324,3,1,MIP
208,35.980000019073486,62.77860109786338,true,0.10725273413394144,true,0.018831528663177055,686,562,4.9406564584124654e-324,3,1,MIP
209,36.102999925613403,62.975308367075108,true,0.10725273413394144,true,0.018831528663177055,689,564,4.9406564584124654e-324,3,1,MIP
210,36.214999914169312,63.166167244792973,true,0.10725273413394144,true,0.018831528663177055,693,567,4.9406564584124654e-324,3,1,MIP
211,36.329999923706055,63.368531372499859,true,0.10725273413394144,true,0.018831528663177055,696,569,4.9406564584124654e-324,3,1,MIP
212,36.449000120162964,63.557409025393348,true,0.10725273413394144,true,0.018831528663177055,699,571,4.9406564584124654e-324,3,1,MIP
213,36.561000108718872,63.739022012975106,true,0.10725273413394144,true,0.018831528663177055,702,573,4.9406564584124654e-324,3,1,MIP
214,36.681999921798706,63.950801727155614,true,0.10725273413394144,true,0.018831528663177055,706,576,4.9406564584124654e-324,3,1,MIP
215,36.799999952316284,64.12642452101899,true,0.10725273413394144,true,0.018831528663177055,709,578,4.9406564584124654e-324,3,1,MIP
216,36.913000106811523,64.310858987378978,true,0.10725273413394144,true,0.018831528663177055,713,580,4.9406564584124654e-324,3,1,MIP
217,37.023999929428101,64.498713677402066,true,0.10725273413394144,true,0.018831528663177055,716,582,4.9406564584124654e-324,3,1,MIP
218,37.163000106811523,64.719047521972996,true,0.10725273413394144,true,0.018831528663177055,720,585,4.9406564584124654e-324,3,1,MIP
219,37.269999980926514,64.896659304838295,true,0.10725273413394144,true,0.018831528663177055,724,588,4.9406564584124654e-324,3,1,MIP
220,37.404999971389771,65.141534611388863,true,0.10725273413394144,true,0.018831528663177055,728,588,4.9406564584124654e-324,3,1,MIP
221,37.509000062942505,65.316254864425019,true,0.10725273413394144,true,0.018831528663177055,731,588,4.9406564584124654e-324,3,1,MIP
222,37.610000133514404,65.478326881337608,true,0.10725273413394144,true,0.018831528663177055,734,590,4.9406564584124654e-324,3,1,MIP
223,37.743000030517578,65.692268830829917,true,0.10725273413394144,true,0.018831528663177055,738,593,4.9406564584124654e-324,3,1,MIP
224,37.877000093460083,65.916648851060245,true,0.10725273413394144,true,0.018831528663177055,742,596,4.9406564584124654e-324,3,1,MIP
225,38.01800012588501,66.157343053497399,true,0.10725273413394144,true,0.018831528663177055,746,598,4.9406564584124654e-324,3,1,MIP
226,38.163000106811523,66.393059814686538,true,0.10725273413394144,true,0.018831528663177055,750,601,4.9406564584124654e-324,3,1,MIP
227,38.281000137329102,66.5842778677669,true,0.10725273413394144,true,0.018831528663177055,753,603,4.9406564584124654e-324,3,1,MIP
228,38.400000095367432,66.794996115241887,true,0.10725273413394144,true,0.018831528663177055,755,604,4.9406564584124654e-324,3,1,MIP
229,38.508000135421753,66.978329923647962,true,0.10725273413394144,true,0.018831528663177055,758,606,4.9406564584124654e-324,3,1,MIP
230,38.648000001907349,67.247508669051697,true,0.10725273413394144,true,0.018831528663177055,760,608,4.9406564584124654e-324,3,1,MIP
231,38.788000106811523,67.48209121851076,true,0.10725273413394144,true,0.018831528663177055,764,610,4.9406564584124654e-324,3,1,MIP
232,38.888999938964844,67.639351815605693,true,0.10725273413394144,true,0.018831528663177055,771,611,4.9406564584124654e-324,3,1,MIP
233,39.003000020980835,67.845010587847497,true,0.10725273413394144,true,0.018831528663177055,776,610,4.9406564584124654e-324,3,1,MIP
234,39.11299991607666,68.017579103575116,true,0.10725273413394144,true,0.018831528663177055,781,612,4.9406564584124654e-324,3,1,MIP
235,39.23799991607666,68.213962066703886,true,0.10725273413394144,true,0.018831528663177055,785,612,4.9406564584124654e-324,3,1,MIP
236,39.338000059127808,68.39940193901262,true,0.10725273413394144,true,0.018831528663177055,788,610,4.9406564584124654e-324,3,1,MIP
237,39.454999923706055,68.58219754022042,true,0.10725273413394144,true,0.018831528663177055,792,611,4.9406564584124654e-324,3,1,MIP
238,39.562999963760376,68.754566743878641,true,0.10725273413394144,true,0.018831528663177055,795,612,4.9406564584124654e-324,3,1,MIP
239,39.691999912261963,68.964295835645117,true,0.10725273413394144,true,0.018831528663177055,798,614,4.9406564584124654e-324,3,1,MIP
240,39.941999912261963,69.427462472339016,true,0.10725273413394144,true,0.018831528663177055,807,606,4.9406564584124654e-324,3,1,MIP
241,40.066999912261963,69.660531956226237,true,0.10725273413394144,true,0.018831528663177055,808,607,4.9406564584124654e-324,3,1,MIP
242,41.108000040054321,71.358926706126525,true,0.10725273413394144,true,0.018831528663177055,809,607,4.9406564584124654e-324,3,1,MIP
243,41.315999984741211,71.74579812405473,true,0.10725273413394144,true,0.018831528663177055,811,609,4.9406564584124654e-324,3,1,MIP
244,41.441999912261963,71.962376543013136,true,0.10725273413394144,true,0.018831528663177055,813,610,4.9406564584124654e-324,3,1,MIP
245,41.542999982833862,72.130135690825171,true,0.10725273413394144,true,0.018831528663177055,815,611,4.9406564584124654e-324,3,1,MIP
246,41.664000034332275,72.35088021341592,true,0.10725273413394144,true,0.018831528663177055,817,613,4.9406564584124654e-324,3,1,MIP
247,41.785000085830688,72.530968524427919,true,0.10725273413394144,true,0.018831528663177055,821,615,4.9406564584124654e-324,3,1,MIP
248,41.894000053405762,72.711924834764403,true,0.10725273413394144,true,0.018831528663177055,823,617,4.9406564584124654e-324,3,1,MIP
249,41.996999979019165,72.882142966483286,true,0.10725273413394144,true,0.018831528663177055,826,619,4.9406564584124654e-324,3,1,MIP
250,42.118000030517578,73.057376844068742,true,0.10725273413394144,true,0.018831528663177055,830,621,4.9406564584124654e-324,3,1,MIP
251,42.223000049591064,73.219501199117872,true,0.10725273413394144,true,0.018831528663177055,833,623,4.9406564584124654e-324,3,1,MIP
252,42.328999996185303,73.374424794575987,true,0.10725273413394144,true,0.018831528663177055,836,625,4.9406564584124654e-324,3,1,MIP
253,42.485000133514404,73.660534230033036,true,0.10725273413394144,true,0.018831528663177055,838,627,4.9406564584124654e-324,3,1,MIP
254,42.601999998092651,73.896742952814634,true,0.10725273413394144,true,0.018831528663177055,840,626,4.9406564584124654e-324,3,1,MIP
255,42.706000089645386,74.060280271629182,true,0.10725273413394144,true,0.018831528663177055,843,628,4.9406564584124654e-324,3,1,MIP
256,42.857000112533569,74.340874366752701,true,0.10725273413394144,true,0.018831528663177055,846,627,4.9406564584124654e-324,3,1,MIP
257,42.976000070571899,74.530308030633151,true,0.10725273413394144,true,0.018831528663177055,849,629,4.9406564584124654e-324,3,1,MIP
258,43.08299994468689,74.710335016685477,true,0.10725273413394144,true,0.018831528663177055,854,626,4.9406564584124654e-324,3,1,MIP
259,43.371000051498413,75.287761797283864,true,0.10725273413394144,true,0.018831528663177055,857,624,4.9406564584124654e-324,3,1,MIP
260,43.45799994468689,75.463268224755524,true,0.10725273413394144,true,0.018831954215543949,858,625,4.9406564584124654e-324,3,1,MIP
261,43.574000120162964,75.684372035197953,true,0.10725273413394144,true,0.018831954215543949,859,626,4.9406564584124654e-324,3,1,MIP
262,43.776000022888184,76.07641322203736,true,0.10725273413394144,true,0.018831954215543949,861,627,4.9406564584124654e-324,3,1,MIP
263,43.937999963760376,76.387579711835073,true,0.10725273413394144,true,0.018831954215543949,863,628,4.9406564584124654e-324,3,1,MIP
264,44.101999998092651,76.704199230546479,true,0.10725273413394144,true,0.018831954215543949,865,630,4.9406564584124654e-324,3,1,MIP
265,44.38100004196167,77.243072280523478,true,0.10725273413394144,true,0.018831954215543949,868,632,4.9406564584124654e-324,3,1,MIP
266,44.51200008392334,77.451162875394971,true,0.10725273413394144,true,0.018831954215543949,871,634,4.9406564584124654e-324,3,1,MIP
267,44.641000032424927,77.642202684116725,true,0.10725273413394144,true,0.018831954215543949,874,636,4.9406564584124654e-324,3,1,MIP
268,44.781000137329102,77.870176096337318,true,0.10725273413394144,true,0.018831954215543949,878,638,4.9406564584124654e-324,3,1,MIP
269,44.894000053405762,78.082061961570261,true,0.10725273413394144,true,0.018831954215543949,879,639,4.9406564584124654e-324,3,1,MIP
270,45.026000022888184,78.334385263256962,true,0.10725273413394144,true,0.018831954215543949,881,638,4.9406564584124654e-324,3,1,MIP
271,45.150000095367432,78.524595452784041,true,0.10725273413394144,true,0.018831954215543949,884,640,4.9406564584124654e-324,3,1,MIP
272,45.276000022888184,78.718964578903609,true,0.10725273413394144,true,0.018831954215543949,887,642,4.9406564584124654e-324,3,1,MIP
273,45.401999950408936,78.912839025694311,true,0.10725273413394144,true,0.018831954215543949,890,644,4.9406564584124654e-324,3,1,MIP
274,45.50600004196167,79.065154137441496,true,0.10725273413394144,true,0.018831954215543949,893,646,4.9406564584124654e-324,3,1,MIP
275,45.650000095367432,79.269788765980195,true,0.10725273413394144,true,0.018831954215543949,897,649,4.9406564584124654e-324,3,1,MIP
276,45.763999938964844,79.434445411467976,true,0.10725273413394144,true,0.018831954215543949,900,651,4.9406564584124654e-324,3,1,MIP
277,45.897000074386597,79.651092715594814,true,0.10725273413394144,true,0.018831954215543949,903,653,4.9406564584124654e-324,3,1,MIP
278,46.026999950408936,79.840378735271031,true,0.10725273413394144,true,0.018831954215543949,906,655,4.9406564584124654e-324,3,1,MIP
279,46.151000022888184,80.033303839340093,true,0.10725273413394144,true,0.018831954215543949,909,657,4.9406564584124654e-324,3,1,MIP
280,46.259000062942505,80.211407829913256,true,0.10725273413394144,true,0.018831954215543949,911,658,4.9406564584124654e-324,3,1,MIP
281,46.365000009536743,80.373061520711204,true,0.10725273413394144,true,0.018831954215543949,914,660,4.9406564584124654e-324,3,1,MIP
282,46.476000070571899,80.553559945116135,true,0.10725273413394144,true,0.018831954215543949,917,660,4.9406564584124654e-324,3,1,MIP
283,46.594000101089478,80.742570087666465,true,0.10725273413394144,true,0.018831954215543949,920,662,4.9406564584124654e-324,3,1,MIP
284,46.753999948501587,81.037370699539068,true,0.10725273413394144,true,0.018831954215543949,923,662,4.9406564584124654e-324,3,1,MIP
285,46.858000040054321,81.192347806939708,true,0.10725273413394144,true,0.018831954215543949,926,664,4.9406564584124654e-324,3,1,MIP
286,46.990000009536743,81.416122459304646,true,0.10725273413394144,true,0.018831954215543949,929,664,4.9406564584124654e-324,3,1,MIP
287,47.13100004196167,81.658422449226876,true,0.10725273413394144,true,0.018831954215543949,932,665,4.9406564584124654e-324,3,1,MIP
288,47.23799991607666,81.856297027608889,true,0.10725273413394144,true,0.018831954215543949,934,665,4.9406564584124654e-324,3,1,MIP
289,47.360000133514404,82.075358002529526,true,0.10725273413394144,true,0.018831954215543949,937,665,4.9406564584124654e-324,3,1,MIP
290,47.510999917984009,82.314599380131156,true,0.10725273413394144,true,0.018831954215543949,940,667,4.9406564584124654e-324,3,1,MIP
291,47.654000043869019,82.561020799567373,true,0.10725273413394144,true,0.018831954215543949,943,666,4.9406564584124654e-324,3,1,MIP
292,47.838000059127808,82.88110691853295,true,0.10725273413394144,true,0.018831954215543949,946,666,4.9406564584124654e-324,3,1,MIP
293,47.969000101089478,83.100521747145933,true,0.10725273413394144,true,0.018831954215543949,949,666,4.9406564584124654e-324,3,1,MIP
294,48.101000070571899,83.327797410273917,true,0.10725273413394144,true,0.018831954215543949,952,666,4.9406564584124654e-324,3,1,MIP
295,48.236999988555908,83.544719322398848,true,0.10725273413394144,true,0.018831954215543949,956,666,4.9406564584124654e-324,3,1,MIP
296,48.611000061035156,84.318178966513145,true,0.10725273413394144,true,0.018831954215543949,962,662,4.9406564584124654e-324,3,1,MIP
297,48.750999927520752,84.596886664215958,true,0.10725273413394144,true,0.018831954215543949,963,663,4.9406564584124654e-324,3,1,MIP
298,48.901000022888184,84.872111123936392,true,0.10725273413394144,true,0.018831954215543949,965,664,4.9406564584124654e-324,3,1,MIP
299,49.013000011444092,85.093357365364653,true,0.10725273413394144,true,0.018831954215543949,966,665,4.9406564584124654e-324,3,1,MIP
300,49.138999938964844,85.300489707561894,true,0.10725273413394144,true,0.018831954215543949,968,666,4.9406564584124654e-324,3,1,MIP
301,49.293999910354614,85.586344558985999,true,0.10725273413394144,true,0.018831954215543949,970,668,4.9406564584124654e-324,3,1,MIP
302,49.462000131607056,85.86846905270329,true,0.10725273413394144,true,0.018831954215543949,972,669,4.9406564584124654e-324,3,1,MIP
303,49.579999923706055,86.080960472703836,true,0.10725273413394144,true,0.018831954215543949,974,670,4.9406564584124654e-324,3,1,MIP
304,49.704999923706055,86.300167821380796,true,0.10725273413394144,true,0.018831954215543949,977,672,4.9406564584124654e-324,3,1,MIP
305,49.809000015258789,86.480765949968472,true,0.10725273413394144,true,0.018831954215543949,979,674,4.9406564584124654e-324,3,1,MIP
306,49.927000045776367,86.683026955060626,true,0.10725273413394144,true,0.018831954215543949,982,676,4.9406564584124654e-324,3,1,MIP
307,50.052000045776367,86.880194916386472,true,0.10725273413394144,true,0.018831954215543949,985,678,4.9406564584124654e-324,3,1,MIP
308,50.233000040054321,87.234439182246575,true,0.10725273413394144,true,0.018831954215543949,986,678,4.9406564584124654e-324,3,1,MIP
309,50.348000049591064,87.41379146666182,true,0.10725273413394144,true,0.018831954215543949,989,680,4.9406564584124654e-324,3,1,MIP
310,50.474999904632568,87.616468908466217,true,0.10725273413394144,true,0.018831954215543949,992,682,4.9406564584124654e-324,3,1,MIP
311,50.605999946594238,87.828417831213159,true,0.10725273413394144,true,0.018831954215543949,996,685,4.9406564584124654e-324,3,1,MIP
312,50.743000030517578,88.099557880853837,true,0.10725273413394144,true,0.018831954215543949,997,686,4.9406564584124654e-324,3,1,MIP
313,50.874000072479248,88.292017052452493,true,0.10725273413394144,true,0.018831954215543949,1000,688,4.9406564584124654e-324,3,1,MIP
314,50.980000019073486,88.461978256394247,true,0.10725273413394144,true,0.018831954215543949,1003,690,4.9406564584124654e-324,3,1,MIP
315,51.120000123977661,88.69805585974467,true,0.10725273413394144,true,0.018831954215543949,1006,692,4.9406564584124654e-324,3,1,MIP
316,51.233999967575073,88.885565641733407,true,0.10725273413394144,true,0.018831954215543949,1010,694,4.9406564584124654e-324,3,1,MIP
317,51.401000022888184,89.157780316751243,true,0.10725273413394144,true,0.018831954215543949,1014,697,4.9406564584124654e-324,3,1,MIP
318,51.538000106811523,89.416565690890295,true,0.10725273413394144,true,0.018831954215543949,1016,696,4.9406564584124654e-324,3,1,MIP
319,51.651999950408936,89.587390876337835,true,0.10725273413394144,true,0.018831954215543949,1019,698,4.9406564584124654e-324,3,1,MIP
320,51.776000022888184,89.80656969127412,true,0.10725273413394144,true,0.018831954215543949,1022,700,4.9406564584124654e-324,3,1,MIP
321,51.904000043869019,90.04443992620709,true,0.10725273413394144,true,0.018831954215543949,1024,702,4.9406564584124654e-324,3,1,MIP
322,52.031000137329102,90.248811771848153,true,0.10725273413394144,true,0.018831954215543949,1028,704,4.9406564584124654e-324,3,1,MIP
323,52.145999908447266,90.460355425407954,true,0.10725273413394144,true,0.018831954215543949,1030,706,4.9406564584124654e-324,3,1,MIP
324,52.259999990463257,90.659620452594496,true,0.10725273413394144,true,0.018831954215543949,1032,707,4.9406564584124654e-324,3,1,MIP
325,52.391999959945679,90.879885651988104,true,0.10725273413394144,true,0.018831954215543949,1036,710,4.9406564584124654e-324,3,1,MIP
326,53.73799991607666,92.915235108671069,true,0.10725273331427823,true,0.018831954215543949,1039,685,9.8813129168249309e-324,3,1,MIP
327,53.883000135421753,93.153671338746378,true,0.10725273331427823,true,0.018831954215543949,1042,687,9.8813129168249309e-324,3,1,MIP
328,53.986000061035156,93.321021906318734,true,0.10725273331427823,true,0.018831954215543949,1044,688,9.8813129168249309e-324,3,1,MIP
329,54.115000009536743,93.519673339030078,true,0.10725273331427823,true,0.018831954215543949,1047,690,9.8813129168249309e-324,3,1,MIP
330,54.224999904632568,93.695256479166545,true,0.10725273331427823,true,0.018831954215543949,1050,691,9.8813129168249309e-324,3,1,MIP
331,54.335000038146973,93.858285463715845,true,0.10725273331427823,true,0.018831954215543949,1053,693,9.8813129168249309e-324,3,1,MIP
332,54.449000120162964,94.044209124864707,true,0.10725273331427823,true,0.018831954215543949,1056,695,9.8813129168249309e-324,3,1,MIP
333,54.589999914169312,94.257346570762778,true,0.10725273331427823,true,0.018831954215543949,1060,698,9.8813129168249309e-324,3,1,MIP
334,54.697999954223633,94.420396944747196,true,0.10725273331427823,true,0.018831954215543949,1063,700,9.8813129168249309e-324,3,1,MIP
335,54.825000047683716,94.630874383772522,true,0.10725273331427823,true,0.018831954215543949,1066,702,9.8813129168249309e-324,3,1,MIP
336,54.957000017166138,94.846897766938923,true,0.10725273331427823,true,0.018831954215543949,1070,703,9.8813129168249309e-324,3,1,MIP
337,55.08299994468689,95.051097085524276,true,0.10725273331427823,true,0.018831954215543949,1074,706,9.8813129168249309e-324,3,1,MIP
338,55.199000120162964,95.247780771512538,true,0.10725273331427823,true,0.018831954215543949,1078,709,9.8813129168249309e-324,3,1,MIP
339,55.338000059127808,95.477608263098105,true,0.10725273331427823,true,0.018831954215543949,1082,711,9.8813129168249309e-324,3,1,MIP
340,55.463000059127808,95.699670862952644,true,0.10725273331427823,true,0.018831954215543949,1086,712,9.8813129168249309e-324,3,1,MIP
341,55.584000110626221,95.893690864508741,true,0.10725273331427823,true,0.018831954215543949,1091,715,9.8813129168249309e-324,3,1,MIP
342,55.693000078201294,96.083711077983153,true,0.10725273331427823,true,0.018831954215543949,1095,715,9.8813129168249309e-324,3,1,MIP
343,55.802000045776367,96.273353469005059,true,0.10725273331427823,true,0.018831954215543949,1098,715,9.8813129168249309e-324,3,1,MIP
344,55.916000127792358,96.461852119595775,true,0.10725273331427823,true,0.018831954215543949,1103,718,9.8813129168249309e-324,3,1,MIP
345,56.01800012588501,96.650828928655827,true,0.10725273331427823,true,0.018831954215543949,1106,718,9.8813129168249309e-324,3,1,MIP
346,56.130000114440918,96.848876911783364,true,0.10725273331427823,true,0.018831954215543949,1110,718,9.8813129168249309e-324,3,1,MIP
347,56.26800012588501,97.092117231294267,true,0.10725273331427823,true,0.018831954215543949,1114,719,9.8813129168249309e-324,3,1,MIP
348,56.36899995803833,97.274584163235971,true,0.10725273331427823,true,0.018831954215543949,1117,720,9.8813129168249309e-324,3,1,MIP
349,56.490000009536743,97.480018394385397,true,0.10725273331427823,true,0.018831954215543949,1123,722,9.8813129168249309e-324,3,1,MIP
350,56.605000019073486,97.686535566018577,true,0.10725273331427823,true,0.018831954215543949,1128,725,9.8813129168249309e-324,3,1,MIP
351,56.729000091552734,97.882120324012746,true,0.10725273331427823,true,0.018831954215543949,1134,729,9.8813129168249309e-324,3,1,MIP
352,56.854000091552734,98.095968425005807,true,0.10725273331427823,true,0.018831954215543949,1140,733,9.8813129168249309e-324,3,1,MIP
353,56.982000112533569,98.307642872801509,true,0.10725273331427823,true,0.018831954215543949,1144,736,9.8813129168249309e-324,3,1,MIP
354,57.120000123977661,98.538315973491152,true,0.10725273331427823,true,0.018831954215543949,1149,739,9.8813129168249309e-324,3,1,MIP
355,57.240000009536743,98.76276963783944,true,0.10725273331427823,true,0.018831954215543949,1151,738,9.8813129168249309e-324,3,1,MIP
356,57.510999917984009,99.305491676585916,true,0.10725273331427823,true,0.018831954215543949,1157,732,9.8813129168249309e-324,3,1,MIP
357,57.569000005722046,99.397744474538314,true,0.10725273331427823,true,0.018834600181318221,1158,733,9.8813129168249309e-324,3,1,MIP
358,57.733999967575073,99.698180532978398,true,0.10725273331427823,true,0.018834600181318221,1161,735,9.8813129168249309e-324,3,1,MIP
359,57.839999914169312,99.899777009664064,true,0.10725273331427823,true,0.018834600181318221,1162,736,9.8813129168249309e-324,3,1,MIP
360,57.962000131607056,100.12815484468044,true,0.10725273331427823,true,0.018834600181318221,1163,736,9.8813129168249309e-324,3,1,MIP
361,58.13100004196167,100.43910894662829,true,0.10725273331427823,true,0.018834600181318221,1165,738,9.8813129168249309e-324,3,1,MIP
362,58.246999979019165,100.61253355877446,true,0.10725273331427823,true,0.018834600181318221,1168,740,9.8813129168249309e-324,3,1,MIP
363,58.446000099182129,100.96854926846086,true,0.10725273331427823,true,0.018834600181318221,1171,742,9.8813129168249309e-324,3,1,MIP
364,58.574000120162964,101.20330813552349,true,0.10725273331427823,true,0.018834600181318221,1173,743,9.8813129168249309e-324,3,1,MIP
365,58.689000129699707,101.3978262498955,true,0.10725273331427823,true,0.018834600181318221,1177,746,9.8813129168249309e-324,3,1,MIP
366,58.829999923706055,101.66618322864893,true,0.10725273331427823,true,0.018834600181318221,1179,745,9.8813129168249309e-324,3,1,MIP
367,58.966000080108643,101.88218058565893,true,0.10725273331427823,true,0.018834600181318221,1183,748,9.8813129168249309e-324,3,1,MIP
368,59.075000047683716,102.06366331536393,true,0.10725273331427823,true,0.018834600181318221,1186,750,9.8813129168249309e-324,3,1,MIP
369,59.180000066757202,102.23827900204189,true,0.10725273331427823,true,0.018834600181318221,1189,752,9.8813129168249309e-324,3,1,MIP
370,59.332000017166138,102.51200206363109,true,0.10725273331427823,true,0.018834600181318221,1191,753,9.8813129168249309e-324,3,1,MIP
371,59.453999996185303,102.71318874377585,true,0.10725273331427823,true,0.018834600181318221,1195,756,9.8813129168249309e-324,3,1,MIP
372,59.574000120162964,102.90669519700035,true,0.10725273331427823,true,0.018834600181318221,1198,758,9.8813129168249309e-324,3,1,MIP
373,59.686000108718872,103.09739976102462,true,0.10725273331427823,true,0.018834600181318221,1200,759,9.8813129168249309e-324,3,1,MIP
374,59.815999984741211,103.31730593366686,true,0.10725273331427823,true,0.018834600181318221,1204,762,9.8813129168249309e-324,3,1,MIP
375,59.95199990272522,103.55413921655079,true,0.10725273331427823,true,0.018834600181318221,1209,765,9.8813129168249309e-324,3,1,MIP
376,60.078999996185303,103.77153495478041,true,0.10725273331427823,true,0.018834600181318221,1213,766,9.8813129168249309e-324,3,1,MIP
377,60.203999996185303,103.99478942581672,true,0.10725273331427823,true,0.018834600181318221,1217,765,9.8813129168249309e-324,3,1,MIP
378,60.328999996185303,104.20730120060173,true,0.10725273331427823,true,0.018834600181318221,1221,766,9.8813129168249309e-324,3,1,MIP
379,60.434999942779541,104.39183965821512,true,0.10725273331427823,true,0.018834600181318221,1225,765,9.8813129168249309e-324,3,1,MIP
380,60.559999942779541,104.59988386018603,true,0.10725273331427823,true,0.018834600181318221,1230,764,9.8813129168249309e-324,3,1,MIP
381,60.67300009727478,104.79339457171044,true,0.10725273331427823,true,0.018834600181318221,1235,763,9.8813129168249309e-324,3,1,MIP
382,60.944000005722046,105.33638036452932,true,0.10725273331427823,true,0.018834600181318221,1240,759,9.8813129168249309e-324,3,1,MIP
383,61.11299991607666,105.65787061321355,true,0.10725273331427823,true,0.018834600181318221,1242,760,9.8813129168249309e-324,3,1,MIP
384,61.285000085830688,105.95515783164535,true,0.10725273331427823,true,0.018834600181318221,1244,761,9.8813129168249309e-324,3,1,MIP
385,61.430999994277954,106.22837951983045,true,0.10725273331427823,true,0.018834600181318221,1246,763,9.8813129168249309e-324,3,1,MIP
386,61.539000034332275,106.41629558487763,true,0.10725273331427823,true,0.018834600181318221,1248,764,9.8813129168249309e-324,3,1,MIP
387,61.671999931335449,106.66251708183127,true,0.10725273331427823,true,0.018834600181318221,1250,765,9.8813129168249309e-324,3,1,MIP
388,61.805000066757202,106.87688312728149,true,0.10725273331427823,true,0.018834600181318221,1253,767,9.8813129168249309e-324,3,1,MIP
389,61.976000070571899,107.16880738577338,true,0.10725273331427823,true,0.018834600181318221,1256,769,9.8813129168249309e-324,3,1,MIP
390,62.099999904632568,107.37463601953591,true,0.10725273331427823,true,0.018834600181318221,1259,771,9.8813129168249309e-324,3,1,MIP
391,62.204999923706055,107.55330885346329,true,0.10725273331427823,true,0.018834600181318221,1263,774,9.8813129168249309e-324,3,1,MIP
392,62.308000087738037,107.70570493028981,true,0.10725273331427823,true,0.018834600181318221,1265,775,9.8813129168249309e-324,3,1,MIP
393,62.444000005722046,107.92352259945622,true,0.10725273331427823,true,0.018834600181318221,1269,778,9.8813129168249309e-324,3,1,MIP
394,62.562000036239624,108.10842252891852,true,0.10725273331427823,true,0.018834600181318221,1273,781,9.8813129168249309e-324,3,1,MIP
395,62.66700005531311,108.2856479326165,true,0.10725273331427823,true,0.018834600181318221,1275,782,9.8813129168249309e-324,3,1,MIP
396,62.769999980926514,108.45273924449428,true,0.10725273331427823,true,0.018834600181318221,1278,784,9.8813129168249309e-324,3,1,MIP
397,62.877000093460083,108.61858513909922,true,0.10725273331427823,true,0.018834600181318221,1281,786,9.8813129168249309e-324,3,1,MIP
398,62.99399995803833,108.81454713674474,true,0.10725273331427823,true,0.018834600181318221,1284,788,9.8813129168249309e-324,3,1,MIP
399,63.131999969482422,109.02699575374157,true,0.10725273331427823,true,0.018834600181318221,1288,791,9.8813129168249309e-324,3,1,MIP
400,63.246999979019165,109.21366624620178,true,0.10725273331427823,true,0.018834600181318221,1292,793,9.8813129168249309e-324,3,1,MIP
401,63.351000070571899,109.37484640654328,true,0.10725273331427823,true,0.018834600181318221,1296,796,9.8813129168249309e-324,3,1,MIP
402,63.467000007629395,109.56619200813493,true,0.10725273331427823,true,0.018834600181318221,1301,798,9.8813129168249309e-324,3,1,MIP
403,63.595000028610229,109.77671379458427,true,0.10725273331427823,true,0.018834600181318221,1306,802,9.8813129168249309e-324,3,1,MIP
404,63.703999996185303,109.95665662476848,true,0.10725273331427823,true,0.018834600181318221,1311,805,9.8813129168249309e-324,3,1,MIP
405,63.828999996185303,110.15640002955952,true,0.10725273331427823,true,0.018834600181318221,1316,807,9.8813129168249309e-324,3,1,MIP
406,63.940999984741211,110.33185575014237,true,0.10725273331427823,true,0.018834600181318221,1322,810,9.8813129168249309e-324,3,1,MIP
407,64.046000003814697,110.50512469608383,true,0.10725273331427823,true,0.018834600181318221,1327,814,9.8813129168249309e-324,3,1,MIP
408,64.157000064849854,110.68907620190089,true,0.10725273331427823,true,0.018834600181318221,1332,813,9.8813129168249309e-324,3,1,MIP
409,64.265000104904175,110.84865630577241,true,0.10725273331427823,true,0.018834600181318221,1337,815,9.8813129168249309e-324,3,1,MIP
410,64.365999937057495,111.01377538140886,true,0.10725273331427823,true,0.018834600181318221,1342,815,9.8813129168249309e-324,3,1,MIP
411,64.466000080108643,111.17705049881513,true,0.10725273331427823,true,0.018834600181318221,1346,815,9.8813129168249309e-324,3,1,MIP
412,64.575000047683716,111.34753806974133,true,0.10725273331427823,true,0.018834600181318221,1351,815,9.8813129168249309e-324,3,1,MIP
413,64.676000118255615,111.50795587316,true,0.10725273331427823,true,0.018834600181318221,1357,813,9.8813129168249309e-324,3,1,MIP
414,64.781000137329102,111.68702955953972,true,0.10725273331427823,true,0.018834600181318221,1361,815,9.8813129168249309e-324,3,1,MIP
415,64.881999969482422,111.83851696967275,true,0.10725273331427823,true,0.018834600181318221,1365,818,9.8813129168249309e-324,3,1,MIP
416,64.983999967575073,112.01154286507631,true,0.10725273331427823,true,0.018834600181318221,1371,818,9.8813129168249309e-324,3,1,MIP
417,65.091000080108643,112.18774820689875,true,0.10725273331427823,true,0.018834600181318221,1376,817,9.8813129168249309e-324,3,1,MIP
418,65.193000078201294,112.34683342896116,true,0.10725273331427823,true,0.018834600181318221,1383,820,9.8813129168249309e-324,3,1,MIP
419,65.30400013923645,112.52995465709084,true,0.10725273331427823,true,0.018834600181318221,1388,823,9.8813129168249309e-324,3,1,MIP
420,65.426000118255615,112.72910221475701,true,0.10725273331427823,true,0.018834600181318221,1394,826,9.8813129168249309e-324,3,1,MIP
421,65.528000116348267,112.8916212050992,true,0.10725273331427823,true,0.018834600181318221,1400,830,9.8813129168249309e-324,3,1,MIP
422,65.628999948501587,113.05994431150314,true,0.10725273331427823,true,0.018834600181318221,1406,830,9.8813129168249309e-324,3,1,MIP
423,65.732000112533569,113.21797103333462,true,0.10725273331427823,true,0.018834600181318221,1411,831,9.8813129168249309e-324,3,1,MIP
424,65.844000101089478,113.38203327097128,true,0.10725273331427823,true,0.018834600181318221,1417,835,9.8813129168249309e-324,3,1,MIP
425,65.953000068664551,113.55908517107157,true,0.10725273331427823,true,0.018834600181318221,1422,837,9.8813129168249309e-324,3,1,MIP
426,66.055999994277954,113.72912104743995,true,0.10725273331427823,true,0.018834600181318221,1430,841,9.8813129168249309e-324,3,1,MIP
427,66.166000127792358,113.90129629485894,true,0.10725273331427823,true,0.018834600181318221,1440,842,9.8813129168249309e-324,3,1,MIP
428,66.26800012588501,114.06658353461196,true,0.10725273331427823,true,0.018834600181318221,1458,842,9.8813129168249309e-324,3,1,MIP
429,66.5,114.4833556495589,true,0.10725273331427823,true,0.018834600181318221,1468,839,9.8813129168249309e-324,3,1,MIP
430,66.621999979019165,114.69969135231644,true,0.10725273331427823,true,0.019005707246179775,1469,839,9.8813129168249309e-324,3,1,MIP
431,66.723000049591064,114.87723902819988,true,0.10725273331427823,true,0.019005707246179775,1470,840,9.8813129168249309e-324,3,1,MIP
432,67.026999950408936,115.47185681651483,true,0.10725273331427823,true,0.019005707246179775,1472,841,9.8813129168249309e-324,3,1,MIP
433,67.157000064849854,115.67505458732197,true,0.10725273331427823,true,0.019005707246179775,1474,843,9.8813129168249309e-324,3,1,MIP
434,67.269000053405762,115.84964958119011,true,0.10725273331427823,true,0.019005707246179775,1477,845,9.8813129168249309e-324,3,1,MIP
435,67.372999906539917,115.96806092239923,true,0.10725273331427823,true,0.019005707246179775,1478,845,9.8813129168249309e-324,3,1,MIP
436,67.483999967575073,116.1299210842744,true,0.10725273331427823,true,0.019005707246179775,1482,848,9.8813129168249309e-324,3,1,MIP
437,67.605999946594238,116.31520241761613,true,0.10725273331427823,true,0.019005707246179775,1486,851,9.8813129168249309e-324,3,1,MIP
438,67.710000038146973,116.48137002732119,true,0.10725273331427823,true,0.019005707246179775,1489,853,9.8813129168249309e-324,3,1,MIP
439,67.82699990272522,116.66406543918679,true,0.10725273331427823,true,0.019005707246179775,1494,856,9.8813129168249309e-324,3,1,MIP
440,67.936000108718872,116.82202227905087,true,0.10725273331427823,true,0.019005707246179775,1498,859,9.8813129168249309e-324,3,1,MIP
441,68.043999910354614,116.99650314605437,true,0.10725273331427823,true,0.019005707246179775,1505,863,9.8813129168249309e-324,3,1,MIP
442,68.157999992370605,117.19491832358756,true,0.10725273331427823,true,0.019005707246179775,1507,863,9.8813129168249309e-324,3,1,MIP
443,68.269000053405762,117.39306728722534,true,0.10725273331427823,true,0.019005707246179775,1510,863,9.8813129168249309e-324,3,1,MIP
444,68.374000072479248,117.55727064658015,true,0.10725273331427823,true,0.019005707246179775,1515,864,9.8813129168249309e-324,3,1,MIP
445,68.483999967575073,117.73875868578861,true,0.10725273331427823,true,0.019005707246179775,1521,866,9.8813129168249309e-324,3,1,MIP
446,68.598999977111816,117.92045733601923,true,0.10725273331427823,true,0.019005707246179775,1528,865,9.8813129168249309e-324,3,1,MIP
447,68.722000122070312,118.11528857781754,true,0.10725273331427823,true,0.019005707246179775,1532,864,9.8813129168249309e-324,3,1,MIP
448,68.822999954223633,118.26949556881158,true,0.10725273331427823,true,0.019005707246179775,1539,865,9.8813129168249309e-324,3,1,MIP
449,68.927999973297119,118.43212127137392,true,0.10725273331427823,true,0.019005707246179775,1543,868,9.8813129168249309e-324,3,1,MIP
450,69.066999912261963,118.64543950108576,true,0.10725273331427823,true,0.019005707246179775,1549,868,9.8813129168249309e-324,3,1,MIP
451,69.177000045776367,118.8157727564535,true,0.10725273331427823,true,0.019005707246179775,1555,864,9.8813129168249309e-324,3,1,MIP
452,69.278000116348267,118.95859085472337,true,0.10725273331427823,true,0.019005707246179775,1560,864,9.8813129168249309e-324,3,1,MIP
453,69.394999980926514,119.12430278856405,true,0.10725273331427823,true,0.019005707246179775,1565,867,9.8813129168249309e-324,3,1,MIP
454,69.503000020980835,119.28261932345094,true,0.10725273331427823,true,0.019005707246179775,1569,870,9.8813129168249309e-324,3,1,MIP
455,69.607000112533569,119.44230235907142,true,0.10725273331427823,true,0.019005707246179775,1573,873,9.8813129168249309e-324,3,1,MIP
456,70.480000019073486,120.81664522079235,true,0.10725273331427823,true,0.019005707246179775,1577,875,9.8813129168249309e-324,3,1,MIP
457,70.592000007629395,120.97470927490185,true,0.10725273331427823,true,0.019005707246179775,1581,878,9.8813129168249309e-324,3,1,MIP
458,70.706000089645386,121.14299432531284,true,0.10725273331427823,true,0.019005707246179775,1586,881,9.8813129168249309e-324,3,1,MIP
459,70.814000129699707,121.30699389728812,true,0.10725273331427823,true,0.019005707246179775,1590,884,9.8813129168249309e-324,3,1,MIP
460,70.930999994277954,121.48983217020458,true,0.10725273331427823,true,0.019005707246179775,1595,887,9.8813129168249309e-324,3,1,MIP
461,71.05400013923645,121.69283894773078,true,0.10725273331427823,true,0.019005707246179775,1599,890,9.8813129168249309e-324,3,1,MIP
462,71.16100001335144,121.8686390795508,true,0.10725273331427823,true,0.019005707246179775,1602,890,9.8813129168249309e-324,3,1,MIP
463,71.263000011444092,122.041725853022,true,0.10725273331427823,true,0.019005707246179775,1609,887,9.8813129168249309e-324,3,1,MIP
464,71.365000009536743,122.21378882723282,true,0.10725273331427823,true,0.019005707246179775,1616,883,9.8813129168249309e-324,3,1,MIP
465,71.480999946594238,122.39830515893833,true,0.10725273331427823,true,0.019005707246179775,1621,887,9.8813129168249309e-324,3,1,MIP
466,71.581000089645386,122.54609142064618,true,0.10725273331427823,true,0.019005707246179775,1626,890,9.8813129168249309e-324,3,1,MIP
467,71.687999963760376,122.71553167199379,true,0.10725273331427823,true,0.019005707246179775,1631,893,9.8813129168249309e-324,3,1,MIP
468,71.796000003814697,122.88414858057816,true,0.10725273331427823,true,0.019005707246179775,1636,897,9.8813129168249309e-324,3,1,MIP
469,71.910000085830688,123.04945596798227,true,0.10725273331427823,true,0.019005707246179775,1647,894,9.8813129168249309e-324,3,1,MIP
470,72.015000104904175,123.20680346479357,true,0.10725273331427823,true,0.019005707246179775,1658,893,9.8813129168249309e-324,3,1,MIP
471,72.115999937057495,123.35852892620754,true,0.10725273331427823,true,0.019005707246179775,1666,897,9.8813129168249309e-324,3,1,MIP
472,72.226000070571899,123.50767696541921,true,0.10725273331427823,true,0.019005707246179775,1675,894,9.8813129168249309e-324,3,1,MIP
473,72.444000005722046,123.91260624012943,true,0.10725273331427823,true,0.019005707246179775,1680,890,9.8813129168249309e-324,3,1,MIP
474,72.51200008392334,124.02907648335744,true,0.10725273331427823,true,0.019057677718863152,1681,891,9.8813129168249309e-324,3,1,MIP
475,72.67900013923645,124.33318467813127,true,0.10725273331427823,true,0.019057677718863152,1683,892,9.8813129168249309e-324,3,1,MIP
476,72.855000019073486,124.66434032545028,true,0.10725273331427823,true,0.019057677718863152,1685,893,9.8813129168249309e-324,3,1,MIP
477,73.008000135421753,124.91447089735694,true,0.10725273331427823,true,0.019057677718863152,1687,895,9.8813129168249309e-324,3,1,MIP
478,73.148999929428101,125.14982990950067,true,0.10725273331427823,true,0.019057677718863152,1689,896,9.8813129168249309e-324,3,1,MIP
479,73.260999917984009,125.33057068189994,true,0.10725273331427823,true,0.019057677718863152,1691,897,9.8813129168249309e-324,3,1,MIP
480,73.404000043869019,125.57259004527886,true,0.10725273331427823,true,0.019057677718863152,1693,899,9.8813129168249309e-324,3,1,MIP
481,73.542999982833862,125.85168238575693,true,0.10725273331427823,true,0.019057677718863152,1694,899,9.8813129168249309e-324,3,1,MIP
482,73.64300012588501,126.06517131601119,true,0.10725273331427823,true,0.019057677718863152,1696,897,9.8813129168249309e-324,3,1,MIP
483,73.760999917984009,126.29661198108114,true,0.10725273331427823,true,0.019057677718863152,1699,895,9.8813129168249309e-324,3,1,MIP
484,73.890000104904175,126.52343010953774,true,0.10725273331427823,true,0.019057677718863152,1701,896,9.8813129168249309e-324,3,1,MIP
485,74.04800009727478,126.78390346152632,true,0.10725273331427823,true,0.019057677718863152,1704,898,9.8813129168249309e-324,3,1,MIP
486,74.153000116348267,126.93674629905961,true,0.10725273331427823,true,0.019057677718863152,1707,900,9.8813129168249309e-324,3,1,MIP
487,74.288000106811523,127.1638332370114,true,0.10725273331427823,true,0.019057677718863152,1710,902,9.8813129168249309e-324,3,1,MIP
488,74.390000104904175,127.34056729684006,true,0.10725273331427823,true,0.019057677718863152,1712,903,9.8813129168249309e-324,3,1,MIP
489,74.541000127792358,127.6184965841057,true,0.10725273331427823,true,0.019057677718863152,1715,905,9.8813129168249309e-324,3,1,MIP
490,74.661999940872192,127.81703773582538,true,0.10725273331427823,true,0.019057677718863152,1718,907,9.8813129168249309e-324,3,1,MIP
491,74.783999919891357,128.01507875866037,true,0.10725273331427823,true,0.019057677718863152,1721,909,9.8813129168249309e-324,3,1,MIP
492,74.906000137329102,128.23333763135781,true,0.10725273331427823,true,0.019057677718863152,1724,911,9.8813129168249309e-324,3,1,MIP
493,75.023000001907349,128.45186485214955,true,0.10725273331427823,true,0.019057677718863152,1727,913,9.8813129168249309e-324,3,1,MIP
494,75.131999969482422,128.6369378870217,true,0.10725273331427823,true,0.019057677718863152,1729,914,9.8813129168249309e-324,3,1,MIP
495,75.233999967575073,128.81853358845726,true,0.10725273331427823,true,0.019057677718863152,1731,915,9.8813129168249309e-324,3,1,MIP
496,75.357000112533569,129.03800462831677,true,0.10725273331427823,true,0.019057677718863152,1735,918,9.8813129168249309e-324,3,1,MIP
497,75.479000091552734,129.26834332489827,true,0.10725273331427823,true,0.019057677718863152,1738,920,9.8813129168249309e-324,3,1,MIP
498,75.587000131607056,129.45780325940856,true,0.10725273331427823,true,0.019057677718863152,1742,922,9.8813129168249309e-324,3,1,MIP
499,75.697000026702881,129.64780926566397,true,0.10725273331427823,true,0.019057677718863152,1744,924,9.8813129168249309e-324,3,1,MIP
500,75.834000110626221,129.89423972050628,true,0.10725273331427823,true,0.019057677718863152,1748,926,9.8813129168249309e-324,3,1,MIP
501,75.95799994468689,130.08877503889173,true,0.10725273331427823,true,0.019057677718863152,1751,928,9.8813129168249309e-324,3,1,MIP
502,76.078999996185303,130.30061865498743,true,0.10725273331427823,true,0.019057677718863152,1756,932,9.8813129168249309e-324,3,1,MIP
503,76.180000066757202,130.45610845121172,true,0.10725273331427823,true,0.019057677718863152,1759,934,9.8813129168249309e-324,3,1,MIP
504,76.302999973297119,130.65439386515021,true,0.10725273331427823,true,0.019057677718863152,1764,937,9.8813129168249309e-324,3,1,MIP
505,76.407999992370605,130.83129708918474,true,0.10725273331427823,true,0.019057677718863152,1768,938,9.8813129168249309e-324,3,1,MIP
506,76.513999938964844,131.00635257366616,true,0.10725273331427823,true,0.019057677718863152,1772,940,9.8813129168249309e-324,3,1,MIP
507,76.61899995803833,131.17965914517382,true,0.10725273331427823,true,0.019057677718863152,1776,941,9.8813129168249309e-324,3,1,MIP
508,76.724999904632568,131.36077097466915,true,0.10725273331427823,true,0.019057677718863152,1782,943,9.8813129168249309e-324,3,1,MIP
509,76.83899998664856,131.551185145559,true,0.10725273331427823,true,0.019057677718863152,1787,942,9.8813129168249309e-324,3,1,MIP
510,77.186000108718872,132.22773699685712,true,0.10725273331427823,true,0.019057677718863152,1793,938,9.8813129168249309e-324,3,1,MIP
511,77.324000120162964,132.46162133254188,true,0.10725273331427823,true,0.019057677718863152,1795,940,9.8813129168249309e-324,3,1,MIP
512,77.474999904632568,132.727556930986,true,0.10725273331427823,true,0.019057677718863152,1797,941,9.8813129168249309e-324,3,1,MIP
513,77.581000089645386,132.92452303164089,true,0.10725273331427823,true,0.019057677718863152,1798,942,9.8813129168249309e-324,3,1,MIP
514,77.714999914169312,133.15912813061544,true,0.10725273331427823,true,0.019057677718863152,1800,943,9.8813129168249309e-324,3,1,MIP
515,77.822999954223633,133.35761418393091,true,0.10725273331427823,true,0.019057677718863152,1804,946,9.8813129168249309e-324,3,1,MIP
516,77.95199990272522,133.59088009279989,true,0.10725273331427823,true,0.019057677718863152,1807,948,9.8813129168249309e-324,3,1,MIP
517,78.081000089645386,133.82911252140116,true,0.10725273331427823,true,0.019057677718863152,1810,950,9.8813129168249309e-324,3,1,MIP
518,78.187000036239624,134.03188032726277,true,0.10725273331427823,true,0.019057677718863152,1814,952,9.8813129168249309e-324,3,1,MIP
519,78.29200005531311,134.23226363812478,true,0.10725273331427823,true,0.019057677718863152,1817,954,9.8813129168249309e-324,3,1,MIP
520,78.413000106811523,134.44160803163643,true,0.10725273331427823,true,0.019057677718863152,1822,958,9.8813129168249309e-324,3,1,MIP
521,78.541000127792358,134.64895897939184,true,0.10725273331427823,true,0.019057677718863152,1831,964,9.8813129168249309e-324,3,1,MIP
522,78.645999908447266,134.82814860190899,true,0.10725273331427823,true,0.019057677718863152,1840,970,9.8813129168249309e-324,3,1,MIP
523,78.756999969482422,135.01237950439409,true,0.10725273331427823,true,0.019057677718863152,1843,972,9.8813129168249309e-324,3,1,MIP
524,78.86299991607666,135.18194310049091,true,0.10725273331427823,true,0.019057677718863152,1855,980,9.8813129168249309e-324,3,1,MIP
525,78.976000070571899,135.37023260519348,true,0.10725273331427823,true,0.019057677718863152,1863,985,9.8813129168249309e-324,3,1,MIP
526,79.087000131607056,135.54868136407259,true,0.10725273331427823,true,0.019057677718863152,1870,990,9.8813129168249309e-324,3,1,MIP
527,79.190000057220459,135.70080730691811,true,0.10725273331427823,true,0.019057677718863152,1877,990,9.8813129168249309e-324,3,1,MIP
528,79.302000045776367,135.87178372691076,true,0.10725273331427823,true,0.019057677718863152,1889,992,9.8813129168249309e-324,3,1,MIP
529,79.697999954223633,136.66820255490174,true,0.10725273331427823,true,0.019057677718863152,1894,988,9.8813129168249309e-324,3,1,MIP
530,79.80400013923645,136.8724305195376,true,0.10725273331427823,true,0.019113862372527685,1895,988,9.8813129168249309e-324,3,1,MIP
531,79.963000059127808,137.1418657870195,true,0.10725273331427823,true,0.019128967612452884,1897,990,9.8813129168249309e-324,3,1,MIP
532,80.120000123977661,137.4235018746773,true,0.10725273331427823,true,0.019128967612452884,1899,991,9.8813129168249309e-324,3,1,MIP
533,80.263999938964844,137.69185419129755,true,0.10725273331427823,true,0.019128967612452884,1901,992,9.8813129168249309e-324,3,1,MIP
534,80.41100001335144,137.90992287497906,true,0.10725273331427823,true,0.019128967612452884,1904,994,9.8813129168249309e-324,3,1,MIP
535,80.536999940872192,138.11313504116217,true,0.10725273331427823,true,0.019128967612452884,1908,997,9.8813129168249309e-324,3,1,MIP
536,80.638999938964844,138.27482388597224,true,0.10725273331427823,true,0.019128967612452884,1911,999,9.8813129168249309e-324,3,1,MIP
537,81.391000032424927,139.37905083781297,true,0.10725273331427823,true,0.019128967612452884,1914,1001,9.8813129168249309e-324,3,1,MIP
538,81.496999979019165,139.56459814985718,true,0.10725273331427823,true,0.019128967612452884,1916,1002,9.8813129168249309e-324,3,1,MIP
539,81.621000051498413,139.76226323408727,true,0.10725273331427823,true,0.019128967612452884,1919,1004,9.8813129168249309e-324,3,1,MIP
540,81.75600004196167,139.97231376473511,true,0.10725273331427823,true,0.019128967612452884,1923,1007,9.8813129168249309e-324,3,1,MIP
541,81.871999979019165,140.14582300623709,true,0.10725273331427823,true,0.019128967612452884,1926,1009,9.8813129168249309e-324,3,1,MIP
542,81.992000102996826,140.30935105594443,true,0.10725273331427823,true,0.019128967612452884,1930,1012,9.8813129168249309e-324,3,1,MIP
543,82.114000082015991,140.53755812703821,true,0.10725273331427823,true,0.019128967612452884,1932,1011,9.8813129168249309e-324,3,1,MIP
544,82.220999956130981,140.69853086999345,true,0.10725273331427823,true,0.019128967612452884,1935,1013,9.8813129168249309e-324,3,1,MIP
545,82.325999975204468,140.85704554143945,true,0.10725273331427823,true,0.019128967612452884,1938,1015,9.8813129168249309e-324,3,1,MIP
546,82.459000110626221,141.08896797684702,true,0.10725273331427823,true,0.019128967612452884,1941,1017,9.8813129168249309e-324,3,1,MIP
547,82.582000017166138,141.26760609060247,true,0.10725273331427823,true,0.019128967612452884,1946,1020,9.8813129168249309e-324,3,1,MIP
548,82.706000089645386,141.45117713685048,true,0.10725273331427823,true,0.019128967612452884,1950,1023,9.8813129168249309e-324,3,1,MIP
549,82.808000087738037,141.59867814102597,true,0.10725273331427823,true,0.019128967612452884,1955,1026,9.8813129168249309e-324,3,1,MIP
550,82.91700005531311,141.76387438924414,true,0.10725273331427823,true,0.019128967612452884,1962,1031,9.8813129168249309e-324,3,1,MIP
551,83.025000095367432,141.89623761706534,true,0.10725273331427823,true,0.019128967612452884,1968,1035,9.8813129168249309e-324,3,1,MIP
552,85.023000001907349,145.32647309438968,true,0.10725273331427823,true,0.019128967612452884,1975,1040,9.8813129168249309e-324,3,1,MIP
553,85.13700008392334,145.48225961927938,true,0.10725273331427823,true,0.019128967612452884,1980,1043,9.8813129168249309e-324,3,1,MIP
554,85.249000072479248,145.64366931950309,true,0.10725273331427823,true,0.019128967612452884,1985,1046,9.8813129168249309e-324,3,1,MIP
555,85.360000133514404,145.85559037050734,true,0.10725273331427823,true,0.019128967612452884,1988,1044,9.8813129168249309e-324,3,1,MIP
556,85.611000061035156,146.34519252874784,true,0.10725273331427823,true,0.019128967612452884,1992,1041,9.8813129168249309e-324,3,1,MIP
557,85.694000005722046,146.496620808355,true,0.10725273331427823,true,0.01914436703639124,1993,1042,9.8813129168249309e-324,3,1,MIP
558,85.880000114440918,146.88029587936632,true,0.10725273331427823,true,0.01914436703639124,1994,1042,9.8813129168249309e-324,3,1,MIP
559,86.016000032424927,147.11791808797128,true,0.10725273331427823,true,0.01914436703639124,1997,1044,9.8813129168249309e-324,3,1,MIP
560,86.128000020980835,147.28904152538303,true,0.10725273331427823,true,0.01914436703639124,2000,1046,9.8813129168249309e-324,3,1,MIP
561,86.252000093460083,147.48050442934704,true,0.10725273331427823,true,0.01914436703639124,2003,1048,9.8813129168249309e-324,3,1,MIP
562,86.430000066757202,147.76406168439877,true,0.10725273331427823,true,0.01914436703639124,2006,1050,9.8813129168249309e-324,3,1,MIP
563,86.562999963760376,147.96402833032377,true,0.10725273331427823,true,0.01914436703639124,2010,1053,9.8813129168249309e-324,3,1,MIP
564,86.67900013923645,148.15512296082861,true,0.10725273331427823,true,0.01914436703639124,2012,1054,9.8813129168249309e-324,3,1,MIP
565,86.781000137329102,148.29525989845337,true,0.10725273331427823,true,0.01914436703639124,2016,1057,9.8813129168249309e-324,3,1,MIP
566,86.888999938964844,148.46233356331541,true,0.10725273331427823,true,0.01914436703639124,2019,1059,9.8813129168249309e-324,3,1,MIP
567,86.990999937057495,148.62221874780892,true,0.10725273331427823,true,0.01914436703639124,2023,1062,9.8813129168249309e-324,3,1,MIP
568,87.220999956130981,149.03769861771048,true,0.10725273331427823,true,0.01914436703639124,2029,1058,9.8813129168249309e-324,3,1,MIP
569,87.291000127792358,149.15419170633317,true,0.10725273331427823,true,0.019175164913462484,2030,1058,9.8813129168249309e-324,3,1,MIP
570,87.440999984741211,149.4158320396329,true,0.10725273331427823,true,0.019175164913462484,2032,1060,9.8813129168249309e-324,3,1,MIP
571,87.54200005531311,149.58129842211216,true,0.10725273331427823,true,0.019175164913462484,2034,1061,9.8813129168249309e-324,3,1,MIP
572,87.704999923706055,149.89882445222847,true,0.10725273331427823,true,0.019175164913462484,2036,1062,9.8813129168249309e-324,3,1,MIP
573,87.828999996185303,150.09314534193066,true,0.10725273331427823,true,0.019175164913462484,2039,1064,9.8813129168249309e-324,3,1,MIP
574,87.99399995803833,150.40175897978483,true,0.10725273331427823,true,0.019175164913462484,2041,1066,9.8813129168249309e-324,3,1,MIP
575,88.147000074386597,150.69447732571399,true,0.10725273331427823,true,0.019175164913462484,2043,1065,9.8813129168249309e-324,3,1,MIP
576,88.314000129699707,150.97837011909246,true,0.10725273331427823,true,0.019175164913462484,2046,1067,9.8813129168249309e-324,3,1,MIP
577,88.41700005531311,151.14283193100789,true,0.10725273331427823,true,0.019175164913462484,2048,1068,9.8813129168249309e-324,3,1,MIP
578,88.525000095367432,151.33874137253449,true,0.10725273331427823,true,0.019175164913462484,2050,1070,9.8813129168249309e-324,3,1,MIP
579,88.63700008392334,151.52111306630897,true,0.10725273331427823,true,0.019175164913462484,2053,1072,9.8813129168249309e-324,3,1,MIP
580,88.759000062942505,151.69360119727259,true,0.10725273331427823,true,0.019175164913462484,2057,1074,9.8813129168249309e-324,3,1,MIP
581,88.890000104904175,151.92119123738973,true,0.10725273331427823,true,0.019175164913462484,2059,1076,9.8813129168249309e-324,3,1,MIP
582,89.046999931335449,152.21377650514691,true,0.10725273331427823,true,0.019175164913462484,2061,1077,9.8813129168249309e-324,3,1,MIP
583,89.167999982833862,152.40691962628344,true,0.10725273331427823,true,0.019175164913462484,2064,1079,9.8813129168249309e-324,3,1,MIP
584,89.328999996185303,152.67934939044147,true,0.10725273331427823,true,0.019175164913462484,2067,1081,9.8813129168249309e-324,3,1,MIP
585,89.431999921798706,152.8662092449149,true,0.10725273331427823,true,0.019175164913462484,2069,1082,9.8813129168249309e-324,3,1,MIP
586,89.549999952316284,153.06433368100008,true,0.10725273331427823,true,0.019175164913462484,2071,1084,9.8813129168249309e-324,3,1,MIP
587,92.183000087738037,157.18685227727593,true,0.10725273331427823,true,0.019175164913462484,2073,1085,9.8813129168249309e-324,3,1,MIP
588,92.299000024795532,157.36507567316551,true,0.10725273331427823,true,0.019175164913462484,2076,1087,9.8813129168249309e-324,3,1,MIP
589,92.403000116348267,157.52815584515722,true,0.10725273331427823,true,0.019175164913462484,2079,1089,9.8813129168249309e-324,3,1,MIP
590,92.503999948501587,157.67397489183799,true,0.10725273331427823,true,0.019175164913462484,2083,1092,9.8813129168249309e-324,3,1,MIP
591,92.64300012588501,157.89234254852454,true,0.10725273331427823,true,0.019175164913462484,2088,1095,9.8813129168249309e-324,3,1,MIP
592,92.763000011444092,158.08332147192797,true,0.10725273331427823,true,0.019175164913462484,2092,1097,9.8813129168249309e-324,3,1,MIP
593,92.875,158.29006472050656,true,0.10725273331427823,true,0.019175164913462484,2095,1097,9.8813129168249309e-324,3,1,MIP
594,92.986999988555908,158.50605823897953,true,0.10725273331427823,true,0.019175164913462484,2101,1091,9.8813129168249309e-324,3,1,MIP
595,93.194000005722046,158.88037301418493,true,0.10725273331427823,true,0.019175164913462484,2103,1090,9.8813129168249309e-324,3,1,MIP
596,93.291000127792358,159.04946449906151,true,0.10725273331427823,true,0.019215672174352778,2104,1091,9.8813129168249309e-324,3,1,MIP
597,93.401999950408936,159.23975899950278,true,0.10725273331427823,true,0.019215672174352778,2106,1092,9.8813129168249309e-324,3,1,MIP
598,93.552999973297119,159.52110151480096,true,0.10725273331427823,true,0.019215672174352778,2108,1093,9.8813129168249309e-324,3,1,MIP
599,93.658999919891357,159.71417331783306,true,0.10725273331427823,true,0.019215672174352778,2110,1095,9.8813129168249309e-324,3,1,MIP
600,93.786999940872192,159.94231129788417,true,0.10725273331427823,true,0.019215672174352778,2112,1096,9.8813129168249309e-324,3,1,MIP
601,93.913000106811523,160.15605440389209,true,0.10725273331427823,true,0.019215672174352778,2114,1097,9.8813129168249309e-324,3,1,MIP
602,94.019000053405762,160.31671038623125,true,0.10725273331427823,true,0.019215672174352778,2117,1099,9.8813129168249309e-324,3,1,MIP
603,94.13700008392334,160.49516417516062,true,0.10725273331427823,true,0.019215672174352778,2121,1102,9.8813129168249309e-324,3,1,MIP
604,94.240000009536743,160.65835105956901,true,0.10725273331427823,true,0.019215672174352778,2123,1103,9.8813129168249309e-324,3,1,MIP
605,94.357000112533569,160.83854186188771,true,0.10725273331427823,true,0.019215672174352778,2126,1105,9.8813129168249309e-324,3,1,MIP
606,94.466000080108643,160.99730314734765,true,0.10725273331427823,true,0.019215672174352778,2130,1108,9.8813129168249309e-324,3,1,MIP
607,94.575999975204468,161.15245937306813,true,0.10725273331427823,true,0.019215672174352778,2134,1111,9.8813129168249309e-324,3,1,MIP
608,94.684000015258789,161.30172814497433,true,0.10725273331427823,true,0.019215672174352778,2138,1113,9.8813129168249309e-324,3,1,MIP
609,94.795000076293945,161.45619857739075,true,0.10725273331427823,true,0.019215672174352778,2142,1116,9.8813129168249309e-324,3,1,MIP
610,94.913000106811523,161.61646241942196,true,0.10725273331427823,true,0.019215672174352778,2149,1121,9.8813129168249309e-324,3,1,MIP
611,95.035000085830688,161.80300235217658,true,0.10725273331427823,true,0.019215672174352778,2153,1125,9.8813129168249309e-324,3,1,MIP
612,95.138000011444092,161.94356688614425,true,0.10725273331427823,true,0.019215672174352778,2158,1128,9.8813129168249309e-324,3,1,MIP
613,95.243000030517578,162.10295387891742,true,0.10725273331427823,true,0.019215672174352778,2161,1131,9.8813129168249309e-324,3,1,MIP
614,95.352999925613403,162.25991865547388,true,0.10725273331427823,true,0.019215672174352778,2166,1136,9.8813129168249309e-324,3,1,MIP
615,95.45799994468689,162.40229178667798,true,0.10725273331427823,true,0.019215672174352778,2172,1141,9.8813129168249309e-324,3,1,MIP
616,95.559999942779541,162.54728705635597,true,0.10725273331427823,true,0.019215672174352778,2179,1141,9.8813129168249309e-324,3,1,MIP
617,95.735000133514404,162.91626779796511,true,0.10725273331427823,true,0.019215672174352778,2182,1138,9.8813129168249309e-324,3,1,MIP
618,95.927999973297119,163.26532198861403,true,0.10725273331427823,true,0.019226658802279323,2183,1139,9.8813129168249309e-324,3,1,MIP
619,95.983000040054321,163.3502778953,true,0.10725273331427823,true,0.019242237837719983,2184,1140,9.8813129168249309e-324,3,1,MIP
620,96.110000133514404,163.56475881952269,true,0.10725273331427823,true,0.019242237837719983,2186,1142,9.8813129168249309e-324,3,1,MIP
621,96.210999965667725,163.72269701420433,true,0.10725273331427823,true,0.019242237837719983,2188,1144,9.8813129168249309e-324,3,1,MIP
622,96.334000110626221,163.91796465326129,true,0.10725273331427823,true,0.019242237837719983,2190,1146,9.8813129168249309e-324,3,1,MIP
623,96.441999912261963,164.09239039907959,true,0.10725273331427823,true,0.019242237837719983,2192,1148,9.8813129168249309e-324,3,1,MIP
624,96.588000059127808,164.35822544707585,true,0.10725273331427823,true,0.019242237837719983,2194,1150,9.8813129168249309e-324,3,1,MIP
625,96.700999975204468,164.56309657518958,true,0.10725273331427823,true,0.019242237837719983,2196,1152,9.8813129168249309e-324,3,1,MIP
626,96.844000101089478,164.79357403591806,true,0.10725273331427823,true,0.019242237837719983,2199,1155,9.8813129168249309e-324,3,1,MIP
627,96.980000019073486,165.02420258269424,true,0.10725273331427823,true,0.019242237837719983,2202,1158,9.8813129168249309e-324,3,1,MIP
628,97.095000028610229,165.19251740525377,true,0.10725273331427823,true,0.019242237837719983,2205,1161,9.8813129168249309e-324,3,1,MIP
629,97.214999914169312,165.37285005762226,true,0.10725273331427823,true,0.019242237837719983,2208,1164,9.8813129168249309e-324,3,1,MIP
630,97.322999954223633,165.532827343306,true,0.10725273331427823,true,0.019242237837719983,2211,1167,9.8813129168249309e-324,3,1,MIP
631,97.446000099182129,165.71009659118516,true,0.10725273331427823,true,0.019242237837719983,2216,1172,9.8813129168249309e-324,3,1,MIP
632,97.558000087738037,165.87525457102606,true,0.10725273331427823,true,0.019242237837719983,2220,1174,9.8813129168249309e-324,3,1,MIP
633,97.67300009727478,166.04837493220646,true,0.10725273331427823,true,0.019242237837719983,2223,1177,9.8813129168249309e-324,3,1,MIP
634,97.789000034332275,166.20978324746599,true,0.10725273331427823,true,0.019242237837719983,2227,1181,9.8813129168249309e-324,3,1,MIP
635,97.914999961853027,166.40161532199872,true,0.10725273331427823,true,0.019242237837719983,2231,1185,9.8813129168249309e-324,3,1,MIP
636,98.029999971389771,166.58018239463846,true,0.10725273331427823,true,0.019242237837719983,2235,1189,9.8813129168249309e-324,3,1,MIP
637,98.145999908447266,166.75091400996183,true,0.10725273331427823,true,0.019242237837719983,2240,1194,9.8813129168249309e-324,3,1,MIP
638,98.25,166.90852564870792,true,0.10725273331427823,true,0.019242237837719983,2244,1198,9.8813129168249309e-324,3,1,MIP
639,98.486000061035156,167.32241714488416,true,0.10725273331427823,true,0.019242237837719983,2251,1194,9.8813129168249309e-324,3,1,MIP
640,98.54200005531311,167.4069137106531,true,0.10725273331427823,true,0.019243910757598345,2252,1195,9.8813129168249309e-324,3,1,MIP
641,98.654999971389771,167.59333215472711,true,0.10725273331427823,true,0.019243910757598345,2254,1197,9.8813129168249309e-324,3,1,MIP
642,98.773999929428101,167.78137324087567,true,0.10725273331427823,true,0.019243910757598345,2256,1199,9.8813129168249309e-324,3,1,MIP
643,98.918999910354614,168.06911340484524,true,0.10725273331427823,true,0.019243910757598345,2257,1200,9.8813129168249309e-324,3,1,MIP
644,99.078000068664551,168.34465144030642,true,0.10725273331427823,true,0.019243910757598345,2259,1202,9.8813129168249309e-324,3,1,MIP
645,99.21399998664856,168.56460700889971,true,0.10725273331427823,true,0.019243910757598345,2262,1205,9.8813129168249309e-324,3,1,MIP
646,99.335999965667725,168.78223118253985,true,0.10725273331427823,true,0.019243910757598345,2264,1207,9.8813129168249309e-324,3,1,MIP
647,99.459000110626221,169.01688085283627,true,0.10725273331427823,true,0.019243910757598345,2265,1208,9.8813129168249309e-324,3,1,MIP
648,99.565999984741211,169.18653869662575,true,0.10725273331427823,true,0.019243910757598345,2267,1210,9.8813129168249309e-324,3,1,MIP
649,99.687000036239624,169.36896792265804,true,0.10725273331427823,true,0.019243910757598345,2271,1214,9.8813129168249309e-324,3,1,MIP
650,99.805000066757202,169.55156033309461,true,0.10725273331427823,true,0.019243910757598345,2274,1217,9.8813129168249309e-324,3,1,MIP
651,99.914000034332275,169.75630342029538,true,0.10725273331427823,true,0.019243910757598345,2275,1218,9.8813129168249309e-324,3,1,MIP
652,100.03999996185303,169.94932008041721,true,0.10725273331427823,true,0.019243910757598345,2279,1222,9.8813129168249309e-324,3,1,MIP
653,100.15499997138977,170.11735880808516,true,0.10725273331427823,true,0.019243910757598345,2283,1226,9.8813129168249309e-324,3,1,MIP
654,100.26099991798401,170.28179636101345,true,0.10725273331427823,true,0.019243910757598345,2286,1229,9.8813129168249309e-324,3,1,MIP
655,100.37100005149841,170.43294287093858,true,0.10725273331427823,true,0.019243910757598345,2292,1235,9.8813129168249309e-324,3,1,MIP
656,100.47900009155273,170.58306770562163,true,0.10725273331427823,true,0.019243910757598345,2297,1240,9.8813129168249309e-324,3,1,MIP
657,100.58100008964539,170.71342425462896,true,0.10725273331427823,true,0.019243910757598345,2304,1245,9.8813129168249309e-324,3,1,MIP
658,100.68499994277954,170.86060238176202,true,0.10725273331427823,true,0.019243910757598345,2309,1249,9.8813129168249309e-324,3,1,MIP
659,100.79900002479553,171.01828223037214,true,0.10725273331427823,true,0.019243910757598345,2315,1253,9.8813129168249309e-324,3,1,MIP
660,100.90199995040894,171.16349773751298,true,0.10725273331427823,true,0.019243910757598345,2321,1256,9.8813129168249309e-324,3,1,MIP
661,101.19600009918213,171.72041128503551,true,0.10725273331427823,true,0.019243910757598345,2329,1254,9.8813129168249309e-324,3,1,MIP
662,101.26200008392334,171.82953310900788,true,0.10725273331427823,true,0.019272503484541161,2330,1255,9.8813129168249309e-324,3,1,MIP
663,101.37800002098083,172.04708139988247,true,0.10725273331427823,true,0.019272503484541161,2331,1256,9.8813129168249309e-324,3,1,MIP
664,101.4850001335144,172.21689312798111,true,0.10725273331427823,true,0.019272503484541161,2333,1258,9.8813129168249309e-324,3,1,MIP
665,101.59500002861023,172.38744210746404,true,0.10725273331427823,true,0.019272503484541161,2335,1260,9.8813129168249309e-324,3,1,MIP
666,101.77800011634827,172.71785936561278,true,0.10725273331427823,true,0.019272503484541161,2339,1262,9.8813129168249309e-324,3,1,MIP
667,101.8840000629425,172.86832025013416,true,0.10725273331427823,true,0.019272503484541161,2343,1266,9.8813129168249309e-324,3,1,MIP
668,102.0220000743866,173.08924275024754,true,0.10725273331427823,true,0.019272503484541161,2347,1270,9.8813129168249309e-324,3,1,MIP
669,102.14199995994568,173.27327404163447,true,0.10725273331427823,true,0.019272503484541161,2351,1274,9.8813129168249309e-324,3,1,MIP
670,102.25399994850159,173.45486918424149,true,0.10725273331427823,true,0.019272503484541161,2355,1278,9.8813129168249309e-324,3,1,MIP
671,102.37299990653992,173.62196614376037,true,0.10725273331427823,true,0.019272503484541161,2361,1284,9.8813129168249309e-324,3,1,MIP
672,102.48600006103516,173.77879344630637,true,0.10725273331427823,true,0.019272503484541161,2367,1286,9.8813129168249309e-324,3,1,MIP
673,102.65199995040894,174.04513434375551,true,0.10725273331427823,true,0.019272503484541161,2373,1286,9.8813129168249309e-324,3,1,MIP
674,102.72900009155273,174.17664731048581,true,0.10725273331427823,true,0.01927921899617336,2374,1287,9.8813129168249309e-324,3,1,MIP
675,102.83299994468689,174.33634756712004,true,0.10725273331427823,true,0.01927921899617336,2376,1289,9.8813129168249309e-324,3,1,MIP
676,103.00800013542175,174.67596188832277,true,0.10725273331427823,true,0.01927921899617336,2378,1291,9.8813129168249309e-324,3,1,MIP
677,103.11199998855591,174.86310246273803,true,0.10725273331427823,true,0.01927921899617336,2380,1293,9.8813129168249309e-324,3,1,MIP
678,103.23000001907349,175.06881872657959,true,0.10725273331427823,true,0.01927921899617336,2384,1291,9.8813129168249309e-324,3,1,MIP
679,103.3510000705719,175.28789006539964,true,0.10725273331427823,true,0.01927921899617336,2387,1290,9.8813129168249309e-324,3,1,MIP
680,103.39400005340576,175.3507985806902,true,0.10725273331427823,true,0.019290609388751479,2388,1291,9.8813129168249309e-324,3,1,MIP
681,103.49900007247925,175.52222361887627,true,0.10725273331427823,true,0.019290609388751479,2390,1293,9.8813129168249309e-324,3,1,MIP
682,103.60899996757507,175.73397202124175,true,0.10725273331427823,true,0.019290609388751479,2391,1294,9.8813129168249309e-324,3,1,MIP
683,103.76699995994568,176.01745768351574,true,0.10725273331427823,true,0.019290609388751479,2393,1296,9.8813129168249309e-324,3,1,MIP
684,103.89300012588501,176.23515198834582,true,0.10725273331427823,true,0.019290609388751479,2395,1298,9.8813129168249309e-324,3,1,MIP
685,104.02500009536743,176.46998472977236,true,0.10725273331427823,true,0.019290609388751479,2397,1300,9.8813129168249309e-324,3,1,MIP
686,104.15700006484985,176.66996598572743,true,0.10725273331427823,true,0.019290609388751479,2400,1303,9.8813129168249309e-324,3,1,MIP
687,104.31400012969971,176.91989223320186,true,0.10725273331427823,true,0.019290609388751479,2403,1306,9.8813129168249309e-324,3,1,MIP
688,104.41799998283386,177.06891822403315,true,0.10725273331427823,true,0.019290609388751479,2407,1310,9.8813129168249309e-324,3,1,MIP
689,104.51999998092651,177.25536602579871,true,0.10725273331427823,true,0.019290609388751479,2409,1312,9.8813129168249309e-324,3,1,MIP
690,104.62199997901917,177.41711947495821,true,0.10725273331427823,true,0.019290609388751479,2413,1316,9.8813129168249309e-324,3,1,MIP
691,104.74000000953674,177.6148763103775,true,0.10725273331427823,true,0.019290609388751479,2417,1320,9.8813129168249309e-324,3,1,MIP
692,104.84500002861023,177.78529682963367,true,0.10725273331427823,true,0.019290609388751479,2423,1323,9.8813129168249309e-324,3,1,MIP
693,104.95700001716614,177.96252532893135,true,0.10725273331427823,true,0.019290609388751479,2427,1327,9.8813129168249309e-324,3,1,MIP
694,105.06900000572205,178.12328535163974,true,0.10725273331427823,true,0.019290609388751479,2432,1330,9.8813129168249309e-324,3,1,MIP
695,105.19400000572205,178.34174460230221,true,0.10725273331427823,true,0.019290609388751479,2437,1333,9.8813129168249309e-324,3,1,MIP
696,105.29500007629395,178.49201085189739,true,0.10725273331427823,true,0.019290609388751479,2442,1338,9.8813129168249309e-324,3,1,MIP
697,105.41600012779236,178.68209544230771,true,0.10725273331427823,true,0.019290609388751479,2447,1343,9.8813129168249309e-324,3,1,MIP
698,105.51699995994568,178.84142227834727,true,0.10725273331427823,true,0.019290609388751479,2453,1349,9.8813129168249309e-324,3,1,MIP
699,105.63700008392334,179.02914698317065,true,0.10725273331427823,true,0.019290609388751479,2458,1354,9.8813129168249309e-324,3,1,MIP
700,105.74600005149841,179.21222268656533,true,0.10725273331427823,true,0.019290609388751479,2463,1358,9.8813129168249309e-324,3,1,MIP
701,105.87400007247925,179.41523834944519,true,0.10725273331427823,true,0.019290609388751479,2468,1363,9.8813129168249309e-324,3,1,MIP
702,105.97699999809265,179.59485732795852,true,0.10725273331427823,true,0.019290609388751479,2473,1367,9.8813129168249309e-324,3,1,MIP
703,106.08100008964539,179.76062665985512,true,0.10725273331427823,true,0.019290609388751479,2478,1372,9.8813129168249309e-324,3,1,MIP
704,106.19099998474121,179.92181597711283,true,0.10725273331427823,true,0.019290609388751479,2485,1375,9.8813129168249309e-324,3,1,MIP
705,106.29699993133545,180.09564605979435,true,0.10725273331427823,true,0.019290609388751479,2494,1378,9.8813129168249309e-324,3,1,MIP
706,106.39800000190735,180.25337469019132,true,0.10725273331427823,true,0.019290609388751479,2500,1380,9.8813129168249309e-324,3,1,MIP
707,106.50200009346008,180.42157231501682,true,0.10725273331427823,true,0.019290609388751479,2502,1382,9.8813129168249309e-324,3,1,MIP
708,106.60899996757507,180.62321572296977,true,0.10725273331427823,true,0.019290609388751479,2507,1385,9.8813129168249309e-324,3,1,MIP
709,106.79500007629395,180.94545216616015,true,0.10725273331427823,true,0.019290609388751479,2521,1384,9.8813129168249309e-324,3,1,MIP
710,106.83599996566772,181.01799158440008,true,0.10725273331427823,true,0.019291544514449647,2522,1385,9.8813129168249309e-324,3,1,MIP
711,106.95000004768372,181.20994115536254,true,0.10725273331427823,true,0.019291544514449647,2524,1387,9.8813129168249309e-324,3,1,MIP
712,107.06200003623962,181.40027760122399,true,0.10725273331427823,true,0.019291544514449647,2526,1389,9.8813129168249309e-324,3,1,MIP
713,107.17300009727478,181.59392339033991,true,0.10725273331427823,true,0.019291544514449647,2528,1389,9.8813129168249309e-324,3,1,MIP
714,107.31200003623962,181.8050670612684,true,0.10725273331427823,true,0.019291544514449647,2531,1392,9.8813129168249309e-324,3,1,MIP
715,107.43099999427795,182.01222729887408,true,0.10725273331427823,true,0.019291544514449647,2533,1394,9.8813129168249309e-324,3,1,MIP
716,107.53699994087219,182.16271702630607,true,0.10725273331427823,true,0.019291544514449647,2537,1398,9.8813129168249309e-324,3,1,MIP
717,107.6489999294281,182.32524989311821,true,0.10725273331427823,true,0.019291544514449647,2541,1402,9.8813129168249309e-324,3,1,MIP
718,107.75099992752075,182.47545882619488,true,0.10725273331427823,true,0.019291544514449647,2548,1409,9.8813129168249309e-324,3,1,MIP
719,107.85199999809265,182.63677148203146,true,0.10725273331427823,true,0.019291544514449647,2568,1420,9.8813129168249309e-324,3,1,MIP
720,107.95900011062622,182.82507547345307,true,0.10725273331427823,true,0.019291544514449647,2570,1420,9.8813129168249309e-324,3,1,MIP
721,107.99399995803833,182.87463781370789,true,0.10725273331427823,true,0.019297373740744896,2571,1421,9.8813129168249309e-324,3,1,MIP
722,108.12199997901917,183.06683888470869,true,0.10725273331427823,true,0.019297373740744896,2574,1424,9.8813129168249309e-324,3,1,MIP
723,108.24699997901917,183.27292321303838,true,0.10725273331427823,true,0.019297373740744896,2577,1427,9.8813129168249309e-324,3,1,MIP
724,108.3510000705719,183.4459166035183,true,0.10725273331427823,true,0.019297373740744896,2581,1431,9.8813129168249309e-324,3,1,MIP
725,108.46000003814697,183.59997105393069,true,0.10725273331427823,true,0.019297373740744896,2588,1438,9.8813129168249309e-324,3,1,MIP
726,108.57299995422363,183.81606247993128,true,0.10725273331427823,true,0.019297373740744896,2594,1438,9.8813129168249309e-324,3,1,MIP
727,108.80100011825562,184.3037917419999,true,0.10725273331427823,true,0.019297373740744896,2596,1438,9.8813129168249309e-324,3,1,MIP
728,108.89400005340576,184.47671053149404,true,0.10725273331427823,true,0.019304880718937184,2597,1439,9.8813129168249309e-324,3,1,MIP
729,109.00999999046326,184.68084730704945,true,0.10725273331427823,true,0.019304880718937184,2599,1441,9.8813129168249309e-324,3,1,MIP
730,109.16000008583069,184.95146648223826,true,0.10725273331427823,true,0.019304880718937184,2601,1443,9.8813129168249309e-324,3,1,MIP
731,109.26200008392334,185.11972105310031,true,0.10725273331427823,true,0.019304880718937184,2603,1445,9.8813129168249309e-324,3,1,MIP
732,109.38199996948242,185.31052122001009,true,0.10725273331427823,true,0.019304880718937184,2606,1448,9.8813129168249309e-324,3,1,MIP
733,109.51200008392334,185.52704698188711,true,0.10725273331427823,true,0.019304880718937184,2609,1451,9.8813129168249309e-324,3,1,MIP
734,109.61800003051758,185.70369257609849,true,0.10725273331427823,true,0.019304880718937184,2611,1453,9.8813129168249309e-324,3,1,MIP
735,109.73399996757507,185.88273230132168,true,0.10725273331427823,true,0.019304880718937184,2616,1458,9.8813129168249309e-324,3,1,MIP
736,109.83500003814697,186.03167784903883,true,0.10725273331427823,true,0.019304880718937184,2621,1463,9.8813129168249309e-324,3,1,MIP
737,109.94099998474121,186.19739818893518,true,0.10725273331427823,true,0.019304880718937184,2624,1466,9.8813129168249309e-324,3,1,MIP
738,110.08100008964539,186.41384212244458,true,0.10725273331427823,true,0.019304880718937184,2628,1470,9.8813129168249309e-324,3,1,MIP
739,110.19900012016296,186.59707056626766,true,0.10725273331427823,true,0.019304880718937184,2633,1475,9.8813129168249309e-324,3,1,MIP
740,110.3050000667572,186.77119814614591,true,0.10725273331427823,true,0.019304880718937184,2638,1480,9.8813129168249309e-324,3,1,MIP
741,110.43300008773804,186.95715292617541,true,0.10725273331427823,true,0.019304880718937184,2648,1490,9.8813129168249309e-324,3,1,MIP
742,110.53900003433228,187.11020346462041,true,0.10725273331427823,true,0.019304880718937184,2656,1498,9.8813129168249309e-324,3,1,MIP
743,110.6560001373291,187.28393788392398,true,0.10725273331427823,true,0.019304880718937184,2667,1507,9.8813129168249309e-324,3,1,MIP
744,110.91000008583069,187.78305910176928,true,0.10725273331427823,true,0.019304880718937184,2676,1507,9.8813129168249309e-324,3,1,MIP
745,110.96600008010864,187.88064230676346,true,0.10725273331427823,true,0.019310458747641535,2677,1508,9.8813129168249309e-324,3,1,MIP
746,111.06900000572205,188.09621944087857,true,0.10725273331427823,true,0.019310458747641535,2678,1509,9.8813129168249309e-324,3,1,MIP
747,111.21799993515015,188.39105881768185,true,0.10725273331427823,true,0.019310458747641535,2681,1508,9.8813129168249309e-324,3,1,MIP
748,111.36899995803833,188.63829375799153,true,0.10725273331427823,true,0.019310458747641535,2684,1511,9.8813129168249309e-324,3,1,MIP
749,111.47699999809265,188.80858332947682,true,0.10725273331427823,true,0.019310458747641535,2687,1514,9.8813129168249309e-324,3,1,MIP
750,111.58500003814697,188.98494475635425,true,0.10725273331427823,true,0.019310458747641535,2690,1517,9.8813129168249309e-324,3,1,MIP
751,111.69099998474121,189.14817507000745,true,0.10725273331427823,true,0.019310458747641535,2693,1520,9.8813129168249309e-324,3,1,MIP
752,111.80599999427795,189.35666906996255,true,0.10725273331427823,true,0.019310458747641535,2696,1523,9.8813129168249309e-324,3,1,MIP
753,111.91300010681152,189.52398494162557,true,0.10725273331427823,true,0.019310458747641535,2699,1526,9.8813129168249309e-324,3,1,MIP
754,112.02999997138977,189.72028828320941,true,0.10725273331427823,true,0.019310458747641535,2705,1532,9.8813129168249309e-324,3,1,MIP
755,112.13100004196167,189.88420174324096,true,0.10725273331427823,true,0.019310458747641535,2709,1536,9.8813129168249309e-324,3,1,MIP
756,112.26300001144409,190.09919685090955,true,0.10725273331427823,true,0.019310458747641535,2716,1535,9.8813129168249309e-324,3,1,MIP
757,112.43300008773804,190.42313293620361,true,0.10725273331427823,true,0.019310458747641535,2719,1538,9.8813129168249309e-324,3,1,MIP
758,112.55400013923645,190.63797530917557,true,0.10725273331427823,true,0.019310458747641535,2722,1541,9.8813129168249309e-324,3,1,MIP
759,112.65499997138977,190.81569991292517,true,0.10725273331427823,true,0.019310458747641535,2724,1543,9.8813129168249309e-324,3,1,MIP
760,112.77500009536743,191.01779895717323,true,0.10725273331427823,true,0.019310458747641535,2729,1548,9.8813129168249309e-324,3,1,MIP
761,112.87800002098083,191.17205992139699,true,0.10725273331427823,true,0.019310458747641535,2732,1551,9.8813129168249309e-324,3,1,MIP
762,112.99000000953674,191.36104479551537,true,0.10725273331427823,true,0.019310458747641535,2735,1554,9.8813129168249309e-324,3,1,MIP
763,113.09599995613098,191.53712219676771,true,0.10725273331427823,true,0.019310458747641535,2745,1564,9.8813129168249309e-324,3,1,MIP
764,113.2279999256134,191.74762925860034,true,0.10725273331427823,true,0.019310458747641535,2754,1567,9.8813129168249309e-324,3,1,MIP
765,113.34500002861023,191.90849357820147,true,0.10725273331427823,true,0.019310458747641535,2761,1574,9.8813129168249309e-324,3,1,MIP
766,113.51399993896484,192.17419552132617,true,0.10725273331427823,true,0.019310458747641535,2774,1577,9.8813129168249309e-324,3,1,MIP
767,113.56800007820129,192.27435986798318,true,0.10725273331427823,true,0.01931469439342846,2775,1578,9.8813129168249309e-324,3,1,MIP
768,113.6800000667572,192.48619879483803,true,0.10725273331427823,true,0.01931469439342846,2776,1579,9.8813129168249309e-324,3,1,MIP
769,113.78299999237061,192.6697070848966,true,0.10725273331427823,true,0.01931469439342846,2778,1581,9.8813129168249309e-324,3,1,MIP
770,113.88800001144409,192.87240170978583,true,0.10725273331427823,true,0.01931469439342846,2780,1583,9.8813129168249309e-324,3,1,MIP
771,114,193.05942295315853,true,0.10725273331427823,true,0.01931469439342846,2789,1582,9.8813129168249309e-324,3,1,MIP
772,114.12800002098083,193.2879675522997,true,0.10725273331427823,true,0.01931469439342846,2790,1583,9.8813129168249309e-324,3,1,MIP
773,114.24500012397766,193.52982558729994,true,0.10725273331427823,true,0.019361188331541747,2791,1584,9.8813129168249309e-324,3,1,MIP
774,114.37199997901917,193.74805455637758,true,0.10725273331427823,true,0.019361188331541747,2793,1586,9.8813129168249309e-324,3,1,MIP
775,114.47499990463257,193.94076594048229,true,0.10725273331427823,true,0.019361188331541747,2795,1588,9.8813129168249309e-324,3,1,MIP
776,114.59500002861023,194.14186586848737,true,0.10725273331427823,true,0.019361188331541747,2798,1591,9.8813129168249309e-324,3,1,MIP
777,114.70799994468689,194.34762192139806,true,0.10725273331427823,true,0.019361188331541747,2800,1593,9.8813129168249309e-324,3,1,MIP
778,114.84599995613098,194.57485046662691,true,0.10725273331427823,true,0.019361188331541747,2804,1597,9.8813129168249309e-324,3,1,MIP
779,114.97499990463257,194.80065214950349,true,0.10725273331427823,true,0.019361188331541747,2808,1601,9.8813129168249309e-324,3,1,MIP
780,115.09500002861023,194.98666270077666,true,0.10725273331427823,true,0.019361188331541747,2813,1606,9.8813129168249309e-324,3,1,MIP
781,115.19900012016296,195.14616976758205,true,0.10725273331427823,true,0.019361188331541747,2819,1608,9.8813129168249309e-324,3,1,MIP
782,115.30400013923645,195.30172016838122,true,0.10725273331427823,true,0.019361188331541747,2825,1610,9.8813129168249309e-324,3,1,MIP
783,115.48900008201599,195.64722779998093,true,0.10725273331427823,true,0.019361188331541747,2834,1609,9.8813129168249309e-324,3,1,MIP
784,115.53900003433228,195.72920854798812,true,0.10725273331427823,true,0.019385402718973849,2835,1610,9.8813129168249309e-324,3,1,MIP
785,115.66100001335144,195.91488646639164,true,0.10725273331427823,true,0.019385402718973849,2838,1613,9.8813129168249309e-324,3,1,MIP
786,115.79299998283386,196.12023732118718,true,0.10725273331427823,true,0.019385402718973849,2843,1618,9.8813129168249309e-324,3,1,MIP
787,115.89800000190735,196.27505635153247,true,0.10725273331427823,true,0.019385402718973849,2846,1621,9.8813129168249309e-324,3,1,MIP
788,116.00500011444092,196.43251527062552,true,0.10725273331427823,true,0.019385402718973849,2850,1625,9.8813129168249309e-324,3,1,MIP
789,116.10599994659424,196.59455893493083,true,0.10725273331427823,true,0.019385402718973849,2855,1630,9.8813129168249309e-324,3,1,MIP
790,116.20700001716614,196.75021282053652,true,0.10725273331427823,true,0.019385402718973849,2857,1632,9.8813129168249309e-324,3,1,MIP
791,116.33200001716614,196.98740687688374,true,0.10725273331427823,true,0.019385402718973849,2863,1628,9.8813129168249309e-324,3,1,MIP
792,116.48200011253357,197.22900046626046,true,0.10725273331427823,true,0.019392020079954983,2865,1630,9.8813129168249309e-324,3,1,MIP
793,116.6159999370575,197.46373494759186,true,0.10725273331427823,true,0.019392020079954983,2867,1632,9.8813129168249309e-324,3,1,MIP
794,116.72300004959106,197.63958778589162,true,0.10725273331427823,true,0.019392020079954983,2869,1634,9.8813129168249309e-324,3,1,MIP
795,116.8289999961853,197.80070521397192,true,0.10725273331427823,true,0.019392020079954983,2874,1639,9.8813129168249309e-324,3,1,MIP
796,116.93400001525879,197.95132756189994,true,0.10725273331427823,true,0.019392020079954983,2879,1644,9.8813129168249309e-324,3,1,MIP
797,117.04500007629395,198.13561814653298,true,0.10725273331427823,true,0.019392020079954983,2882,1647,9.8813129168249309e-324,3,1,MIP
798,117.16000008583069,198.30766476706501,true,0.10725273331427823,true,0.019392020079954983,2887,1652,9.8813129168249309e-324,3,1,MIP
799,117.27500009536743,198.48429753290537,true,0.10725273331427823,true,0.019392020079954983,2894,1659,9.8813129168249309e-324,3,1,MIP
800,117.38100004196167,198.64955497795034,true,0.10725273331427823,true,0.019392020079954983,2898,1662,9.8813129168249309e-324,3,1,MIP
801,117.48300004005432,198.81938378720966,true,0.10725273331427823,true,0.019392020079954983,2913,1673,9.8813129168249309e-324,3,1,MIP
802,117.59200000762939,198.97489080328086,true,0.10725273331427823,true,0.019392020079954983,2920,1680,9.8813129168249309e-324,3,1,MIP
803,117.75800013542175,199.23897954498719,true,0.10725273331427823,true,0.019392020079954983,2931,1682,9.8813129168249309e-324,3,1,MIP
804,117.79200005531311,199.30071182985336,true,0.10725273331427823,true,0.019407960576752072,2932,1683,9.8813129168249309e-324,3,1,MIP
805,117.93600010871887,199.59762166363751,true,0.10725273331427823,true,0.019407960576752072,2934,1685,9.8813129168249309e-324,3,1,MIP
806,118.05200004577637,199.78991242031685,true,0.10725273331427823,true,0.019407960576752072,2937,1688,9.8813129168249309e-324,3,1,MIP
807,118.16799998283386,199.97171400097844,true,0.10725273331427823,true,0.019407960576752072,2940,1691,9.8813129168249309e-324,3,1,MIP
808,118.28299999237061,200.14156571282905,true,0.10725273331427823,true,0.019407960576752072,2945,1696,9.8813129168249309e-324,3,1,MIP
809,118.41300010681152,200.38024773967513,true,0.10725273331427823,true,0.019407960576752072,2947,1698,9.8813129168249309e-324,3,1,MIP
810,118.6100001335144,200.75163663668101,true,0.10725273331427823,true,0.019407960576752072,2956,1700,9.8813129168249309e-324,3,1,MIP
811,118.6560001373291,200.83689093779583,true,0.10725273331427823,true,0.019409072178903079,2957,1701,9.8813129168249309e-324,3,1,MIP
812,118.79399991035461,201.0748712235515,true,0.10725273331427823,true,0.019409072178903079,2958,1702,9.8813129168249309e-324,3,1,MIP
813,118.91499996185303,201.28110598873948,true,0.10725273331427823,true,0.019409072178903079,2960,1704,9.8813129168249309e-324,3,1,MIP
814,119.03200006484985,201.46416508582575,true,0.10725273331427823,true,0.019409072178903079,2963,1707,9.8813129168249309e-324,3,1,MIP
815,119.13499999046326,201.64433531895875,true,0.10725273331427823,true,0.019409072178903079,2970,1714,9.8813129168249309e-324,3,1,MIP
816,119.26099991798401,201.86642000172534,true,0.10725273331427823,true,0.019409072178903079,2974,1718,9.8813129168249309e-324,3,1,MIP
817,119.36500000953674,202.03828651269845,true,0.10725273331427823,true,0.019409072178903079,2984,1728,9.8813129168249309e-324,3,1,MIP
818,119.48799991607666,202.22766005020262,true,0.10725273331427823,true,0.019409072178903079,2994,1732,9.8813129168249309e-324,3,1,MIP
819,119.58999991416931,202.37053095318234,true,0.10725273331427823,true,0.019409072178903079,3010,1745,9.8813129168249309e-324,3,1,MIP
820,119.78200006484985,202.72018751392403,true,0.10725273331427823,true,0.019409072178903079,3025,1742,9.8813129168249309e-324,3,1,MIP
821,119.87299990653992,202.8627710696002,true,0.10725273331427823,true,0.019427277612097203,3026,1743,9.8813129168249309e-324,3,1,MIP
822,120.04800009727478,203.19578222181548,true,0.10725273331427823,true,0.019427277612097203,3028,1745,9.8813129168249309e-324,3,1,MIP
823,120.15199995040894,203.3921720627998,true,0.10725273331427823,true,0.019427277612097203,3032,1749,9.8813129168249309e-324,3,1,MIP
824,120.2960000038147,203.66992780680451,true,0.10725273331427823,true,0.019427277612097203,3036,1753,9.8813129168249309e-324,3,1,MIP
825,120.44900012016296,203.95056929153489,true,0.10725273331427823,true,0.019427277612097203,3037,1752,9.8813129168249309e-324,3,1,MIP
826,120.60500001907349,204.28117482304592,true,0.10725273331427823,true,0.019427277612097203,3038,1751,9.8813129168249309e-324,3,1,MIP
827,120.78699994087219,204.5828705855979,true,0.10725273331427823,true,0.019427277612097203,3041,1754,9.8813129168249309e-324,3,1,MIP
828,120.91000008583069,204.80718158914493,true,0.10725273331427823,true,0.019427277612097203,3043,1756,9.8813129168249309e-324,3,1,MIP
829,121.03999996185303,204.98626093505683,true,0.10725273331427823,true,0.019427277612097203,3048,1761,9.8813129168249309e-324,3,1,MIP
830,121.15799999237061,205.15491474555773,true,0.10725273331427823,true,0.019427277612097203,3051,1764,9.8813129168249309e-324,3,1,MIP
831,121.26699995994568,205.3381227512362,true,0.10725273331427823,true,0.019427277612097203,3058,1771,9.8813129168249309e-324,3,1,MIP
832,121.40400004386902,205.56973221110624,true,0.10725273331427823,true,0.019427277612097203,3068,1774,9.8813129168249309e-324,3,1,MIP
833,121.46499991416931,205.65539703689393,true,0.10725273331427823,true,0.019429596818392812,3069,1775,9.8813129168249309e-324,3,1,MIP
834,121.60700011253357,205.90032596520328,true,0.10725273331427823,true,0.019429596818392812,3072,1778,9.8813129168249309e-324,3,1,MIP
835,121.71200013160706,206.07557471383055,true,0.10725273331427823,true,0.019429596818392812,3074,1780,9.8813129168249309e-324,3,1,MIP
836,121.83800005912781,206.28470179999934,true,0.10725273331427823,true,0.019429596818392812,3078,1784,9.8813129168249309e-324,3,1,MIP
837,121.94799995422363,206.46925581377803,true,0.10725273331427823,true,0.019429596818392812,3085,1789,9.8813129168249309e-324,3,1,MIP
838,122.05100011825562,206.63721513787976,true,0.10725273331427823,true,0.019429596818392812,3100,1800,9.8813129168249309e-324,3,1,MIP
839,122.18400001525879,206.87058563753754,true,0.10725273331427823,true,0.019429596818392812,3110,1802,9.8813129168249309e-324,3,1,MIP
840,122.3529999256134,207.20819861696077,true,0.10725273331427823,true,0.01944011660500429,3111,1803,9.8813129168249309e-324,3,1,MIP
841,122.45799994468689,207.38201947650663,true,0.10725273331427823,true,0.01944011660500429,3114,1806,9.8813129168249309e-324,3,1,MIP
842,122.59599995613098,207.64344814851341,true,0.10725273331427823,true,0.01944011660500429,3120,1812,9.8813129168249309e-324,3,1,MIP
843,122.70000004768372,207.84815006970692,true,0.10725273331427823,true,0.01944011660500429,3123,1815,9.8813129168249309e-324,3,1,MIP
844,122.85700011253357,208.11248247852055,true,0.10725273331427823,true,0.01944011660500429,3130,1822,9.8813129168249309e-324,3,1,MIP
845,122.97399997711182,208.32443708772036,true,0.10725273331427823,true,0.01944011660500429,3132,1824,9.8813129168249309e-324,3,1,MIP
846,123.09500002861023,208.50591044439133,true,0.10725273331427823,true,0.01944011660500429,3137,1829,9.8813129168249309e-324,3,1,MIP
847,123.24000000953674,208.75228852862577,true,0.10725273331427823,true,0.01944011660500429,3139,1831,9.8813129168249309e-324,3,1,MIP
848,123.34700012207031,208.93231303582857,true,0.10725273331427823,true,0.01944011660500429,3143,1835,9.8813129168249309e-324,3,1,MIP
849,123.44799995422363,209.10314499908051,true,0.10725273331427823,true,0.01944011660500429,3146,1838,9.8813129168249309e-324,3,1,MIP
850,123.56299996376038,209.3053255091265,true,0.10725273331427823,true,0.01944011660500429,3149,1841,9.8813129168249309e-324,3,1,MIP
851,123.68400001525879,209.52441452951132,true,0.10725273331427823,true,0.01944011660500429,3152,1844,9.8813129168249309e-324,3,1,MIP
852,123.80299997329712,209.73520593054761,true,0.10725273331427823,true,0.01944011660500429,3155,1846,9.8813129168249309e-324,3,1,MIP
853,123.91899991035461,209.91336178921009,true,0.10725273331427823,true,0.01944011660500429,3160,1851,9.8813129168249309e-324,3,1,MIP
854,124.01900005340576,210.09008242994881,true,0.10725273331427823,true,0.01944011660500429,3162,1853,9.8813129168249309e-324,3,1,MIP
855,124.13899993896484,210.27178545799063,true,0.10725273331427823,true,0.01944011660500429,3165,1855,9.8813129168249309e-324,3,1,MIP
856,124.26800012588501,210.51188265525022,true,0.10725273331427823,true,0.01944011660500429,3169,1857,9.8813129168249309e-324,3,1,MIP
857,124.3970000743866,210.70848636899555,true,0.10725273331427823,true,0.01944011660500429,3174,1862,9.8813129168249309e-324,3,1,MIP
858,124.50300002098083,210.85890905817448,true,0.10725273331427823,true,0.01944011660500429,3181,1867,9.8813129168249309e-324,3,1,MIP
859,124.60599994659424,211.00046499202622,true,0.10725273331427823,true,0.01944011660500429,3191,1873,9.8813129168249309e-324,3,1,MIP
860,124.86800003051758,211.48810049966255,true,0.10725273331427823,true,0.01944011660500429,3201,1875,9.8813129168249309e-324,3,1,MIP
861,124.98799991607666,211.66582080439949,true,0.10725273331427823,true,0.01944011660500429,3204,1878,9.8813129168249309e-324,3,1,MIP
862,125.10800004005432,211.83078179930075,true,0.10725273331427823,true,0.01944011660500429,3207,1881,9.8813129168249309e-324,3,1,MIP
863,125.25500011444092,212.09356007389408,true,0.10725273331427823,true,0.01944011660500429,3209,1883,9.8813129168249309e-324,3,1,MIP
864,125.42000007629395,212.44644860944632,true,0.10725273331427823,true,0.01944011660500429,3210,1882,9.8813129168249309e-324,3,1,MIP
865,125.57100009918213,212.72599979807825,true,0.10725273331427823,true,0.01944011660500429,3212,1883,9.8813129168249309e-324,3,1,MIP
866,125.67600011825562,212.90684555668145,true,0.10725273331427823,true,0.01944011660500429,3217,1884,9.8813129168249309e-324,3,1,MIP
867,125.92700004577637,213.38756015237968,true,0.10725273331427823,true,0.01944011660500429,3224,1883,9.8813129168249309e-324,3,1,MIP
868,125.97099995613098,213.47010856347171,true,0.10725273331427823,true,0.019488457172233319,3225,1884,9.8813129168249309e-324,3,1,MIP
869,126.10199999809265,213.72643368567242,true,0.10725273331427823,true,0.019488457172233319,3228,1887,9.8813129168249309e-324,3,1,MIP
870,126.20700001716614,213.9161247549813,true,0.10725273331427823,true,0.019488457172233319,3231,1890,9.8813129168249309e-324,3,1,MIP
871,126.31299996376038,214.09246898236853,true,0.10725273331427823,true,0.019488457172233319,3235,1894,9.8813129168249309e-324,3,1,MIP
872,126.42199993133545,214.29153220371225,true,0.10725273331427823,true,0.019488457172233319,3240,1899,9.8813129168249309e-324,3,1,MIP
873,126.55299997329712,214.51613494869483,true,0.10725273331427823,true,0.019488457172233319,3246,1905,9.8813129168249309e-324,3,1,MIP
874,126.65300011634827,214.67096725288465,true,0.10725273331427823,true,0.019488457172233319,3253,1906,9.8813129168249309e-324,3,1,MIP
875,126.82100009918213,215.00142498550025,true,0.10725273331427823,true,0.019488457172233319,3257,1904,9.8813129168249309e-324,3,1,MIP
876,126.84500002861023,215.04398227790514,true,0.10725273331427823,true,0.019523659095255053,3258,1905,9.8813129168249309e-324,3,1,MIP
877,126.97300004959106,215.27293665965243,true,0.10725273331427823,true,0.019523659095255053,3263,1910,9.8813129168249309e-324,3,1,MIP
878,127.08999991416931,215.48599424805786,true,0.10725273331427823,true,0.019523659095255053,3268,1915,9.8813129168249309e-324,3,1,MIP
879,127.1949999332428,215.69430552194518,true,0.10725273331427823,true,0.019523659095255053,3281,1928,9.8813129168249309e-324,3,1,MIP
880,127.29699993133545,215.89993729340384,true,0.10725273331427823,true,0.019523659095255053,3289,1936,9.8813129168249309e-324,3,1,MIP
881,127.49799990653992,216.28428736591957,true,0.10725273331427823,true,0.019523659095255053,3306,1947,9.8813129168249309e-324,3,1,MIP
882,127.57200002670288,216.45102058836542,true,0.10725273331427823,true,0.019524393367110954,3307,1948,9.8813129168249309e-324,3,1,MIP
883,127.67300009727478,216.6642925727927,true,0.10725273331427823,true,0.019524393367110954,3309,1948,9.8813129168249309e-324,3,1,MIP
884,127.79699993133545,216.90893454864465,true,0.10725273331427823,true,0.019524393367110954,3312,1951,9.8813129168249309e-324,3,1,MIP
885,127.91000008583069,217.11753993324095,true,0.10725273331427823,true,0.019567226205291458,3322,1951,9.8813129168249309e-324,3,1,MIP
886,128.06599998474121,217.42933554082856,true,0.10725273331427823,true,0.019567226205291458,3325,1954,9.8813129168249309e-324,3,1,MIP
887,128.17700004577637,217.61333191453502,true,0.10725273331427823,true,0.019567226205291458,3329,1958,9.8813129168249309e-324,3,1,MIP
888,128.28200006484985,217.7899722018752,true,0.10725273331427823,true,0.019567226205291458,3335,1964,9.8813129168249309e-324,3,1,MIP
889,128.3989999294281,218.00951170498229,true,0.10725273331427823,true,0.019567226205291458,3340,1969,9.8813129168249309e-324,3,1,MIP
890,128.61199998855591,218.34712646842428,true,0.10725273331427823,true,0.019567226205291458,3345,1972,9.8813129168249309e-324,3,1,MIP
891,128.73200011253357,218.57587701421028,true,0.10725273331427823,true,0.019567226205291458,3347,1972,9.8813129168249309e-324,3,1,MIP
892,128.8529999256134,218.7962264147574,true,0.10725273331427823,true,0.019567226205291458,3350,1971,9.8813129168249309e-324,3,1,MIP
893,128.87400007247925,218.83082974830685,true,0.10725273331427823,true,0.019584632036114519,3351,1972,9.8813129168249309e-324,3,1,MIP
894,128.98799991607666,219.05572043589214,true,0.10725273331427823,true,0.019584632036114519,3354,1975,9.8813129168249309e-324,3,1,MIP
895,129.10899996757507,219.27791521235568,true,0.10725273331427823,true,0.019584632036114519,3360,1981,9.8813129168249309e-324,3,1,MIP
896,129.21600008010864,219.49882166447739,true,0.10725273331427823,true,0.019584632036114519,3364,1985,9.8813129168249309e-324,3,1,MIP
897,129.3600001335144,219.80024165392621,true,0.10725273331427823,true,0.019584632036114519,3370,1991,9.8813129168249309e-324,3,1,MIP
898,129.4760000705719,220.04204423936179,true,0.10725273331427823,true,0.019584632036114519,3372,1993,9.8813129168249309e-324,3,1,MIP
899,129.58299994468689,220.24108346513799,true,0.10725273331427823,true,0.019584632036114519,3376,1997,9.8813129168249309e-324,3,1,MIP
900,129.6949999332428,220.46229919081006,true,0.10725273331427823,true,0.019584632036114519,3380,2001,9.8813129168249309e-324,3,1,MIP
901,129.82400012016296,220.71330392011399,true,0.10725273331427823,true,0.019584632036114519,3382,2003,9.8813129168249309e-324,3,1,MIP
902,129.93499994277954,220.9482293899402,true,0.10725273331427823,true,0.019584632036114519,3387,1998,9.8813129168249309e-324,3,1,MIP
903,130.09400010108948,221.2647800591478,true,0.10725273331427823,true,0.019584632036114519,3390,1997,9.8813129168249309e-324,3,1,MIP
904,130.16100001335144,221.41620607508463,true,0.10725273331427823,true,0.019623643406982499,3391,1998,9.8813129168249309e-324,3,1,MIP
905,130.27500009536743,221.63710306513957,true,0.10725273331427823,true,0.019623643406982499,3395,2002,9.8813129168249309e-324,3,1,MIP
906,130.37599992752075,221.78432741953887,true,0.10725273331427823,true,0.019623643406982499,3400,2007,9.8813129168249309e-324,3,1,MIP
907,130.48099994659424,221.99648168469932,true,0.10725273331427823,true,0.019623643406982499,3403,2006,9.8813129168249309e-324,3,1,MIP
908,130.62100005149841,222.28306135866046,true,0.10725273331427823,true,0.019623643406982499,3408,2005,9.8813129168249309e-324,3,1,MIP
909,130.67600011825562,222.37436941120254,true,0.10725273331427823,true,0.019640476265307044,3409,2006,9.8813129168249309e-324,3,1,MIP
910,130.79999995231628,222.59360912739572,true,0.10725273331427823,true,0.019640476265307044,3415,2012,9.8813129168249309e-324,3,1,MIP
911,130.90300011634827,222.77680543056644,true,0.10725273331427823,true,0.019640476265307044,3420,2017,9.8813129168249309e-324,3,1,MIP
912,131.01099991798401,222.97406800440382,true,0.10725273331427823,true,0.019640476265307044,3427,2024,9.8813129168249309e-324,3,1,MIP
913,131.11500000953674,223.18575419912443,true,0.10725273331427823,true,0.019640476265307044,3437,2029,9.8813129168249309e-324,3,1,MIP
914,131.22900009155273,223.39738020120521,true,0.10725273331427823,true,0.01967828562710278,3447,2028,9.8813129168249309e-324,3,1,MIP
915,131.36400008201599,223.6354046186886,true,0.10725273331427823,true,0.01967828562710278,3451,2032,9.8813129168249309e-324,3,1,MIP
916,131.51399993896484,223.92132438511484,true,0.10725273331427823,true,0.01967828562710278,3456,2037,9.8813129168249309e-324,3,1,MIP
917,131.61400008201599,224.07110316503037,true,0.10725273331427823,true,0.01967828562710278,3465,2046,9.8813129168249309e-324,3,1,MIP
918,131.72300004959106,224.29040753836222,true,0.10725273331427823,true,0.01967828562710278,3470,2046,9.8813129168249309e-324,3,1,MIP
919,131.83200001716614,224.48895618761867,true,0.10725273331427823,true,0.01969153185525653,3473,2047,9.8813129168249309e-324,3,1,MIP
920,132.01099991798401,224.81110684700198,true,0.10725273331427823,true,0.01969153185525653,3479,2053,9.8813129168249309e-324,3,1,MIP
921,132.12599992752075,225.042981880171,true,0.10725273331427823,true,0.01969153185525653,3482,2056,9.8813129168249309e-324,3,1,MIP
922,132.25300002098083,225.2881844433735,true,0.10725273331427823,true,0.01969153185525653,3491,2055,9.8813129168249309e-324,3,1,MIP
923,132.2739999294281,225.31979275827868,true,0.10725273331427823,true,0.019704313631325666,3492,2056,9.8813129168249309e-324,3,1,MIP
924,132.38199996948242,225.53075843152774,true,0.10725273331427823,true,0.019704313631325666,3494,2058,9.8813129168249309e-324,3,1,MIP
925,132.49399995803833,225.76125048056971,true,0.10725273331427823,true,0.019704313631325666,3498,2062,9.8813129168249309e-324,3,1,MIP
926,132.6010000705719,225.96201034816718,true,0.10725273331427823,true,0.019704313631325666,3501,2065,9.8813129168249309e-324,3,1,MIP
927,132.71300005912781,226.19368142504393,true,0.10725273331427823,true,0.019704313631325666,3505,2069,9.8813129168249309e-324,3,1,MIP
928,132.82500004768372,226.41854006070059,true,0.10725273331427823,true,0.019704313631325666,3510,2074,9.8813129168249309e-324,3,1,MIP
929,132.92799997329712,226.61362454965996,true,0.10725273331427823,true,0.019704313631325666,3515,2078,9.8813129168249309e-324,3,1,MIP
930,133.02800011634827,226.79579274193833,true,0.10725273331427823,true,0.019704313631325666,3523,2086,9.8813129168249309e-324,3,1,MIP
931,133.13000011444092,226.96678764185967,true,0.10725273331427823,true,0.019704313631325666,3549,2112,9.8813129168249309e-324,3,1,MIP
932,133.23200011253357,227.13705307110286,true,0.10725273331427823,true,0.019704313631325666,3564,2127,9.8813129168249309e-324,3,1,MIP
933,133.33500003814697,227.30283376091387,true,0.10725273331427823,true,0.019704313631325666,3590,2144,9.8813129168249309e-324,3,1,MIP
934,133.51399993896484,227.65334795150872,true,0.10725273331427823,true,0.019704313631325666,3602,2144,9.8813129168249309e-324,3,1,MIP
935,133.61500000953674,227.84539351068204,true,0.10725273331427823,true,0.019704313631325666,3606,2148,9.8813129168249309e-324,3,1,MIP
936,133.75,228.12111094132436,true,0.10725273331427823,true,0.019704313631325666,3611,2153,9.8813129168249309e-324,3,1,MIP
937,133.86199998855591,228.36777791881033,true,0.10725273331427823,true,0.019704313631325666,3614,2156,9.8813129168249309e-324,3,1,MIP
938,133.97499990463257,228.58291987472603,true,0.10725273331427823,true,0.019704313631325666,3616,2158,9.8813129168249309e-324,3,1,MIP
939,134.08700013160706,228.79762607578564,true,0.10725273331427823,true,0.019704313631325666,3619,2161,9.8813129168249309e-324,3,1,MIP
940,134.25699996948242,229.13953774633495,true,0.10725273331427823,true,0.019704313631325666,3623,2165,9.8813129168249309e-324,3,1,MIP
941,134.38100004196167,229.40255974455204,true,0.10725273331427823,true,0.019704313631325666,3627,2165,9.8813129168249309e-324,3,1,MIP
942,134.55800008773804,229.78472763991914,true,0.10725273331427823,true,0.019704313631325666,3633,2163,9.8813129168249309e-324,3,1,MIP
943,134.57599997520447,229.8138935306504,true,0.10725273331427823,true,0.019708594227426185,3634,2164,9.8813129168249309e-324,3,1,MIP
944,134.75300002098083,230.13037338470352,true,0.10725273331427823,true,0.019708594227426185,3638,2168,9.8813129168249309e-324,3,1,MIP
945,134.85800004005432,230.30722442934939,true,0.10725273331427823,true,0.019708594227426185,3642,2172,9.8813129168249309e-324,3,1,MIP
946,134.96399998664856,230.5219225054266,true,0.10725273331427823,true,0.019708594227426185,3647,2177,9.8813129168249309e-324,3,1,MIP
947,135.0699999332428,230.70917136849957,true,0.10725273331427823,true,0.019708594227426185,3655,2185,9.8813129168249309e-324,3,1,MIP
948,135.17300009727478,230.88668518119653,true,0.10725273331427823,true,0.019708594227426185,3668,2198,9.8813129168249309e-324,3,1,MIP
949,135.2810001373291,231.05464719820438,true,0.10725273331427823,true,0.019708594227426185,3686,2216,9.8813129168249309e-324,3,1,MIP
950,135.43700003623962,231.34563385747285,true,0.10725273331427823,true,0.019708594227426185,3697,2217,9.8813129168249309e-324,3,1,MIP
951,135.47399997711182,231.42518357992071,true,0.10725273331427823,true,0.019713269108019477,3698,2218,9.8813129168249309e-324,3,1,MIP
952,135.58800005912781,231.66200983389828,true,0.10725273331427823,true,0.019713269108019477,3703,2223,9.8813129168249309e-324,3,1,MIP
953,135.6949999332428,231.86907595168867,true,0.10725273331427823,true,0.019713269108019477,3709,2229,9.8813129168249309e-324,3,1,MIP
954,135.80200004577637,232.06907759902103,true,0.10725273331427823,true,0.019713269108019477,3714,2232,9.8813129168249309e-324,3,1,MIP
955,135.93099999427795,232.32311393264851,true,0.10725273331427823,true,0.019713269108019477,3722,2230,9.8813129168249309e-324,3,1,MIP
956,135.96799993515015,232.39635049026205,true,0.10725273331427823,true,0.019754554888888401,3723,2231,9.8813129168249309e-324,3,1,MIP
957,136.08899998664856,232.61929473229156,true,0.10725273331427823,true,0.019754554888888401,3727,2235,9.8813129168249309e-324,3,1,MIP
958,136.19199991226196,232.83535774638159,true,0.10725273331427823,true,0.019754554888888401,3740,2248,9.8813129168249309e-324,3,1,MIP
959,136.29399991035461,233.03739737954129,true,0.10725273331427823,true,0.019754554888888401,3752,2260,9.8813129168249309e-324,3,1,MIP
960,136.39400005340576,233.23001718060536,true,0.10725273331427823,true,0.019754554888888401,3769,2277,9.8813129168249309e-324,3,1,MIP
961,136.50699996948242,233.41760617686521,true,0.10725273331427823,true,0.019754554888888401,3776,2279,9.8813129168249309e-324,3,1,MIP
962,136.60700011253357,233.57461720549585,true,0.10725273331427823,true,0.019754554888888401,3781,2277,9.8813129168249309e-324,3,1,MIP
963,136.69700002670288,233.74012762170739,true,0.10725273331427823,true,0.019755137007467487,3783,2279,9.8813129168249309e-324,3,1,MIP
964,136.80699992179871,233.92613509031781,true,0.10725273331427823,true,0.019755137007467487,3787,2283,9.8813129168249309e-324,3,1,MIP
965,136.93199992179871,234.15142340473895,true,0.10725273331427823,true,0.019755137007467487,3792,2288,9.8813129168249309e-324,3,1,MIP
966,137.03399991989136,234.34218845349463,true,0.10725273331427823,true,0.019755137007467487,3796,2292,9.8813129168249309e-324,3,1,MIP
967,137.13700008392334,234.5214109553892,true,0.10725273331427823,true,0.019755137007467487,3801,2297,9.8813129168249309e-324,3,1,MIP
968,137.24399995803833,234.72330146752657,true,0.10725273331427823,true,0.019755137007467487,3807,2303,9.8813129168249309e-324,3,1,MIP
969,137.35199999809265,234.89706713120549,true,0.10725273331427823,true,0.019755137007467487,3820,2316,9.8813129168249309e-324,3,1,MIP
970,137.46300005912781,235.08862606396042,true,0.10725273331427823,true,0.019783708453614098,3837,2324,9.8813129168249309e-324,3,1,MIP
971,137.56900000572205,235.2837554799973,true,0.10725273331427823,true,0.019783708453614098,3840,2327,9.8813129168249309e-324,3,1,MIP
972,137.67400002479553,235.49164933998591,true,0.10725273331427823,true,0.019783708453614098,3843,2330,9.8813129168249309e-324,3,1,MIP
973,137.77800011634827,235.66746892563563,true,0.10725273331427823,true,0.019783708453614098,3848,2335,9.8813129168249309e-324,3,1,MIP
974,137.88000011444092,235.8550892448321,true,0.10725273331427823,true,0.019783708453614098,3868,2355,9.8813129168249309e-324,3,1,MIP
975,138.06699991226196,236.17900715814281,true,0.10725273331427823,true,0.019783708453614098,3913,2392,9.8813129168249309e-324,3,1,MIP
976,138.09800004959106,236.22924952405447,true,0.10725273331427823,true,0.019784903689035682,3914,2393,9.8813129168249309e-324,3,1,MIP
977,138.20199990272522,236.44337206211961,true,0.10725273331427823,true,0.019784903689035682,3916,2395,9.8813129168249309e-324,3,1,MIP
978,138.35500001907349,236.76711932336516,true,0.10725273331427823,true,0.019784903689035682,3919,2396,9.8813129168249309e-324,3,1,MIP
979,138.46300005912781,236.98380641452707,true,0.10725273331427823,true,0.019784903689035682,3922,2397,9.8813129168249309e-324,3,1,MIP
980,138.62599992752075,237.32113325669434,true,0.10725273331427823,true,0.019784903689035682,3924,2399,9.8813129168249309e-324,3,1,MIP
981,138.76999998092651,237.59867527975211,true,0.10725273331427823,true,0.019784903689035682,3928,2403,9.8813129168249309e-324,3,1,MIP
982,138.89300012588501,237.83439938078882,true,0.10725273331427823,true,0.019784903689035682,3931,2406,9.8813129168249309e-324,3,1,MIP
983,139.08200001716614,238.20942897673839,true,0.10725273331427823,true,0.019784903689035682,3941,2407,9.8813129168249309e-324,3,1,MIP
984,139.13700008392334,238.30277126061551,true,0.10725273331427823,true,0.019803661226751382,3942,2408,9.8813129168249309e-324,3,1,MIP
985,139.24900007247925,238.50477096772985,true,0.10725273331427823,true,0.019803661226751382,3946,2412,9.8813129168249309e-324,3,1,MIP
986,139.4060001373291,238.82551808773394,true,0.10725273331427823,true,0.019803661226751382,3951,2415,9.8813129168249309e-324,3,1,MIP
987,139.50699996948242,239.00767271906562,true,0.10725273331427823,true,0.019803661226751382,3957,2419,9.8813129168249309e-324,3,1,MIP
988,139.62100005149841,239.23440756211534,true,0.10725273331427823,true,0.019803661226751382,3962,2422,9.8813129168249309e-324,3,1,MIP
989,139.7409999370575,239.46407011014071,true,0.10725273331427823,true,0.019803661226751382,3968,2426,9.8813129168249309e-324,3,1,MIP
990,139.84299993515015,239.65496009750478,true,0.10725273331427823,true,0.019803661226751382,3977,2435,9.8813129168249309e-324,3,1,MIP
991,140.01300001144409,239.96879395109374,true,0.10725273331427823,true,0.019803661226751382,3993,2441,9.8813129168249309e-324,3,1,MIP
992,140.08800005912781,240.11821185305524,true,0.10725273331427823,true,0.019805509028945702,3994,2442,9.8813129168249309e-324,3,1,MIP
993,140.19400000572205,240.32204641418758,true,0.10725273331427823,true,0.019805509028945702,3997,2445,9.8813129168249309e-324,3,1,MIP
994,140.2960000038147,240.51961773926425,true,0.10725273331427823,true,0.019805509028945702,4001,2449,9.8813129168249309e-324,3,1,MIP
995,140.42700004577637,240.76272007127886,true,0.10725273331427823,true,0.019805509028945702,4005,2451,9.8813129168249309e-324,3,1,MIP
996,140.5460000038147,240.988458446897,true,0.10725273331427823,true,0.019805509028945702,4010,2454,9.8813129168249309e-324,3,1,MIP
997,140.6560001373291,241.20496415734436,true,0.10725273331427823,true,0.019805509028945702,4016,2455,9.8813129168249309e-324,3,1,MIP
998,140.76200008392334,241.3969970003505,true,0.10725273331427823,true,0.019805509028945702,4027,2457,9.8813129168249309e-324,3,1,MIP
999,140.96499991416931,241.79372331271688,true,0.10725273331427823,true,0.019805509028945702,4041,2455,9.8813129168249309e-324,3,1,MIP
1000,141,241.85490150587751,true,0.10725273331427823,true,0.01981824207672047,4042,2456,9.8813129168249309e-324,3,1,MIP
1001,141.1100001335144,242.04279461448223,true,0.10725273331427823,true,0.01981824207672047,4046,2460,9.8813129168249309e-324,3,1,MIP
1002,141.26999998092651,242.35013744019255,true,0.10725273331427823,true,0.01981824207672047,4049,2461,9.8813129168249309e-324,3,1,MIP
1003,141.51999998092651,242.88366095423962,true,0.10725273331427823,true,0.01981824207672047,4050,2460,9.8813129168249309e-324,3,1,MIP
1004,141.63800001144409,243.1021689802287,true,0.10725273331427823,true,0.01981824207672047,4054,2464,9.8813129168249309e-324,3,1,MIP
1005,141.74000000953674,243.27994483740639,true,0.10725273331427823,true,0.01981824207672047,4058,2468,9.8813129168249309e-324,3,1,MIP
1006,141.85599994659424,243.50468275913468,true,0.10725273331427823,true,0.01981824207672047,4063,2473,9.8813129168249309e-324,3,1,MIP
1007,141.97099995613098,243.71292912478324,true,0.10725273331427823,true,0.01981824207672047,4072,2474,9.8813129168249309e-324,3,1,MIP
1008,142.06100010871887,243.89599349893973,true,0.10725273331427823,true,0.019819164084943081,4073,2475,9.8813129168249309e-324,3,1,MIP
1009,142.18400001525879,244.12853183579912,true,0.10725273331427823,true,0.019819164084943081,4075,2477,9.8813129168249309e-324,3,1,MIP
1010,142.32400012016296,244.38171123821976,true,0.10725273331427823,true,0.019819164084943081,4078,2480,9.8813129168249309e-324,3,1,MIP
1011,142.44700002670288,244.60558071820827,true,0.10725273331427823,true,0.019819164084943081,4082,2484,9.8813129168249309e-324,3,1,MIP
1012,142.55299997329712,244.79122099675681,true,0.10725273331427823,true,0.019819164084943081,4087,2489,9.8813129168249309e-324,3,1,MIP
1013,142.66600012779236,245.02665860679349,true,0.10725273331427823,true,0.019819164084943081,4091,2493,9.8813129168249309e-324,3,1,MIP
1014,142.76699995994568,245.21033367263828,true,0.10725273331427823,true,0.019819164084943081,4095,2495,9.8813129168249309e-324,3,1,MIP
1015,142.86800003051758,245.3829433055096,true,0.10725273331427823,true,0.019819164084943081,4104,2502,9.8813129168249309e-324,3,1,MIP
1016,142.96900010108948,245.54361264731384,true,0.10725273331427823,true,0.019819164084943081,4133,2525,9.8813129168249309e-324,3,1,MIP
1017,143.12000012397766,245.84791078497585,true,0.10725273331427823,true,0.019819164084943081,4136,2524,9.8813129168249309e-324,3,1,MIP
1018,143.16899991035461,245.9498069192727,true,0.10725273331427823,true,0.019840194763143495,4137,2525,9.8813129168249309e-324,3,1,MIP
1019,143.2720000743866,246.15896825655858,true,0.10725273331427823,true,0.019840194763143495,4140,2528,9.8813129168249309e-324,3,1,MIP
1020,143.37400007247925,246.35345245925964,true,0.10725273331427823,true,0.019840194763143495,4145,2529,9.8813129168249309e-324,3,1,MIP
1021,143.54800009727478,246.71852652557848,true,0.10725273331427823,true,0.019840194763143495,4148,2528,9.8813129168249309e-324,3,1,MIP
1022,143.59100008010864,246.79057172021663,true,0.10725273331427823,true,0.019840684309223568,4149,2529,9.8813129168249309e-324,3,1,MIP
1023,143.7409999370575,247.07159923605926,true,0.10725273331427823,true,0.019840684309223568,4152,2532,9.8813129168249309e-324,3,1,MIP
1024,143.8989999294281,247.36569430418757,true,0.10725273331427823,true,0.019840684309223568,4155,2535,9.8813129168249309e-324,3,1,MIP
1025,144.04299998283386,247.66887263868244,true,0.10725273331427823,true,0.019840684309223568,4156,2536,9.8813129168249309e-324,3,1,MIP
1026,144.18900012969971,247.93684383901459,true,0.10725273331427823,true,0.019840684309223568,4159,2539,9.8813129168249309e-324,3,1,MIP
1027,144.32299995422363,248.19016337139507,true,0.10725273331427823,true,0.019840684309223568,4162,2542,9.8813129168249309e-324,3,1,MIP
1028,144.49200010299683,248.55327424309189,true,0.10725273331427823,true,0.019840684309223568,4165,2545,9.8813129168249309e-324,3,1,MIP
1029,144.62299990653992,248.81238921946868,true,0.10725273331427823,true,0.019840684309223568,4167,2547,9.8813129168249309e-324,3,1,MIP
1030,144.7960000038147,249.12752547921656,true,0.10725273331427823,true,0.019840684309223568,4169,2549,9.8813129168249309e-324,3,1,MIP
1031,144.90400004386902,249.35113870106545,true,0.10725273331427823,true,0.019840684309223568,4170,2550,9.8813129168249309e-324,3,1,MIP
1032,145.06500005722046,249.67731940801872,true,0.10725273331427823,true,0.019840684309223568,4172,2552,9.8813129168249309e-324,3,1,MIP
1033,145.19199991226196,249.93040346806887,true,0.10725273331427823,true,0.019840684309223568,4175,2554,9.8813129168249309e-324,3,1,MIP
1034,145.34800004959106,250.25745533502521,true,0.10725273331427823,true,0.019840684309223568,4177,2553,9.8813129168249309e-324,3,1,MIP
1035,145.55599999427795,250.67795119535364,true,0.10725273331427823,true,0.019840684309223568,4181,2552,9.8813129168249309e-324,3,1,MIP
1036,145.63800001144409,250.8482950039926,true,0.10725273331427823,true,0.019841979995433651,4182,2553,9.8813129168249309e-324,3,1,MIP
1037,145.76500010490417,251.07418654114576,true,0.10725273331427823,true,0.019841979995433651,4187,2558,9.8813129168249309e-324,3,1,MIP
1038,145.87800002098083,251.26392870136226,true,0.10725273331427823,true,0.019841979995433651,4192,2563,9.8813129168249309e-324,3,1,MIP
1039,145.98799991607666,251.49695052393619,true,0.10725273331427823,true,0.019841979995433651,4196,2567,9.8813129168249309e-324,3,1,MIP
1040,146.09599995613098,251.67961554829847,true,0.10725273331427823,true,0.019841979995433651,4204,2575,9.8813129168249309e-324,3,1,MIP
1041,146.19700002670288,251.87217479421517,true,0.10725273331427823,true,0.019841979995433651,4217,2579,9.8813129168249309e-324,3,1,MIP
1042,146.33200001716614,252.14928452700906,true,0.10725273331427823,true,0.019841979995433651,4220,2578,9.8813129168249309e-324,3,1,MIP
1043,146.38199996948242,252.24497626506005,true,0.10725273331427823,true,0.01984926509442874,4221,2579,9.8813129168249309e-324,3,1,MIP
1044,146.49900007247925,252.47814231855645,true,0.10725273331427823,true,0.01984926509442874,4230,2588,9.8813129168249309e-324,3,1,MIP
1045,146.63800001144409,252.75384314878156,true,0.10725273331427823,true,0.01984926509442874,4235,2593,9.8813129168249309e-324,3,1,MIP
1046,146.74600005149841,252.94928871520742,true,0.10725273331427823,true,0.01984926509442874,4240,2598,9.8813129168249309e-324,3,1,MIP
1047,146.84700012207031,253.13738354275861,true,0.10725273331427823,true,0.01984926509442874,4246,2598,9.8813129168249309e-324,3,1,MIP
1048,146.97900009155273,253.41172552967947,true,0.10725273331427823,true,0.01984926509442874,4248,2598,9.8813129168249309e-324,3,1,MIP
1049,147.03699994087219,253.52681607245907,true,0.10725273331427823,true,0.019874169860272649,4249,2599,9.8813129168249309e-324,3,1,MIP
1050,147.15400004386902,253.74767165294088,true,0.10725273331427823,true,0.019874169860272649,4252,2602,9.8813129168249309e-324,3,1,MIP
1051,147.26200008392334,253.92761093564951,true,0.10725273331427823,true,0.019874169860272649,4258,2608,9.8813129168249309e-324,3,1,MIP
1052,147.37000012397766,254.12652024381475,true,0.10725273331427823,true,0.019874169860272649,4271,2621,9.8813129168249309e-324,3,1,MIP
1053,147.47300004959106,254.29246616708545,true,0.10725273331427823,true,0.019874169860272649,4283,2633,9.8813129168249309e-324,3,1,MIP
1054,147.57599997520447,254.4621152511001,true,0.10725273331427823,true,0.019874169860272649,4298,2645,9.8813129168249309e-324,3,1,MIP
1055,147.70700001716614,254.71699348685186,true,0.10725273331427823,true,0.019874169860272649,4301,2645,9.8813129168249309e-324,3,1,MIP
1056,147.84100008010864,254.983756111627,true,0.10725273331427823,true,0.019874169860272649,4305,2649,9.8813129168249309e-324,3,1,MIP
1057,147.95300006866455,255.21068976173032,true,0.10725273331427823,true,0.019874169860272649,4311,2651,9.8813129168249309e-324,3,1,MIP
1058,148.06900000572205,255.45176310080228,true,0.10725273331427823,true,0.019874169860272649,4318,2652,9.8813129168249309e-324,3,1,MIP
1059,148.1800000667572,255.66538132480224,true,0.10725273331427823,true,0.019874169860272649,4328,2654,9.8813129168249309e-324,3,1,MIP
1060,148.20000004768372,255.69931853119942,true,0.10725273331427823,true,0.019883386156290629,4329,2655,9.8813129168249309e-324,3,1,MIP
1061,148.30800008773804,255.92560642974561,true,0.10725273331427823,true,0.019883386156290629,4331,2657,9.8813129168249309e-324,3,1,MIP
1062,148.43099999427795,256.11951068128724,true,0.10725273331427823,true,0.019883386156290629,4335,2661,9.8813129168249309e-324,3,1,MIP
1063,148.56500005722046,256.39126892020232,true,0.10725273331427823,true,0.019883386156290629,4340,2660,9.8813129168249309e-324,3,1,MIP
1064,148.67000007629395,256.61027937450882,true,0.10725273331427823,true,0.019883386156290629,4344,2664,9.8813129168249309e-324,3,1,MIP
1065,148.77099990844727,256.81672449433069,true,0.10725273331427823,true,0.019883386156290629,4350,2666,9.8813129168249309e-324,3,1,MIP
1066,148.9779999256134,257.24957102793712,true,0.10725273331427823,true,0.019883386156290629,4355,2665,9.8813129168249309e-324,3,1,MIP
1067,149.03200006484985,257.35407788640129,true,0.10725273331427823,true,0.019900354256405163,4356,2666,9.8813129168249309e-324,3,1,MIP
1068,149.16100001335144,257.59601521665058,true,0.10725273331427823,true,0.019900354256405163,4359,2669,9.8813129168249309e-324,3,1,MIP
1069,149.26500010490417,257.77618637354175,true,0.10725273331427823,true,0.019900354256405163,4362,2672,9.8813129168249309e-324,3,1,MIP
1070,149.40000009536743,258.02544546434444,true,0.10725273331427823,true,0.019900354256405163,4366,2676,9.8813129168249309e-324,3,1,MIP
1071,149.50099992752075,258.21572801874021,true,0.10725273331427823,true,0.019900354256405163,4370,2676,9.8813129168249309e-324,3,1,MIP
1072,149.66100001335144,258.50140866316877,true,0.10725273331427823,true,0.019900354256405163,4382,2676,9.8813129168249309e-324,3,1,MIP
1073,149.71099996566772,258.60405214119987,true,0.10725273331427823,true,0.019901567706900859,4383,2677,9.8813129168249309e-324,3,1,MIP
1074,149.85199999809265,258.85665710702864,true,0.10725273331427823,true,0.019901567706900859,4386,2680,9.8813129168249309e-324,3,1,MIP
1075,149.95600008964539,259.02942993218471,true,0.10725273331427823,true,0.019901567706900859,4391,2685,9.8813129168249309e-324,3,1,MIP
1076,150.08299994468689,259.24379298360725,true,0.10725273331427823,true,0.019901567706900859,4397,2691,9.8813129168249309e-324,3,1,MIP
1077,150.1949999332428,259.46303235328884,true,0.10725273331427823,true,0.019901567706900859,4402,2694,9.8813129168249309e-324,3,1,MIP
1078,150.40300011634827,259.86370440126666,true,0.10725273331427823,true,0.019901567706900859,4415,2697,9.8813129168249309e-324,3,1,MIP
1079,150.45600008964539,259.97380608244396,true,0.10725273331427823,true,0.019902438452837321,4416,2698,9.8813129168249309e-324,3,1,MIP
1080,150.5699999332428,260.2242172246265,true,0.10725273331427823,true,0.019902438452837321,4419,2701,9.8813129168249309e-324,3,1,MIP
1081,150.72000002861023,260.48535762772872,true,0.10725273331427823,true,0.019902438452837321,4421,2703,9.8813129168249309e-324,3,1,MIP
1082,150.87899994850159,260.82028096380066,true,0.10725273331427823,true,0.019902438452837321,4424,2704,9.8813129168249309e-324,3,1,MIP
1083,151.0220000743866,261.11750496420188,true,0.10725273331427823,true,0.019902438452837321,4427,2707,9.8813129168249309e-324,3,1,MIP
1084,151.21900010108948,261.53587007314849,true,0.10725273331427823,true,0.019902438452837321,4430,2708,9.8813129168249309e-324,3,1,MIP
1085,151.36199998855591,261.83629878861524,true,0.10725273331427823,true,0.019902438452837321,4435,2709,9.8813129168249309e-324,3,1,MIP
1086,151.46300005912781,262.04324246528961,true,0.10725273331427823,true,0.019902438452837321,4439,2709,9.8813129168249309e-324,3,1,MIP
1087,151.67000007629395,262.44323615270861,true,0.10725273331427823,true,0.019902438452837321,4444,2708,9.8813129168249309e-324,3,1,MIP
1088,151.70700001716614,262.50764439973858,true,0.10725273331427823,true,0.019906034315139737,4445,2709,9.8813129168249309e-324,3,1,MIP
1089,151.82200002670288,262.73396250101138,true,0.10725273331427823,true,0.019906034315139737,4448,2712,9.8813129168249309e-324,3,1,MIP
1090,151.93499994277954,262.92477717563952,true,0.10725273331427823,true,0.019906034315139737,4454,2718,9.8813129168249309e-324,3,1,MIP
1091,152.03900003433228,263.10209159256789,true,0.10725273331427823,true,0.019906034315139737,4462,2726,9.8813129168249309e-324,3,1,MIP
1092,152.14199995994568,263.25830200200437,true,0.10725273331427823,true,0.019906034315139737,4473,2735,9.8813129168249309e-324,3,1,MIP
1093,152.24300003051758,263.42891455787156,true,0.10725273331427823,true,0.019906034315139737,4485,2747,9.8813129168249309e-324,3,1,MIP
1094,152.34599995613098,263.60967000456219,true,0.10725273331427823,true,0.019906034315139737,4503,2756,9.8813129168249309e-324,3,1,MIP
1095,152.46799993515015,263.82168974974064,true,0.10725273331427823,true,0.019907722075529249,4512,2755,9.8813129168249309e-324,3,1,MIP
1096,152.57800006866455,264.02837621997423,true,0.10725273331427823,true,0.019907722075529249,4516,2759,9.8813129168249309e-324,3,1,MIP
1097,152.79699993133545,264.47249654895711,true,0.10725273331427823,true,0.019907722075529249,4523,2762,9.8813129168249309e-324,3,1,MIP
1098,152.92199993133545,264.70771739585393,true,0.10725273331427823,true,0.019907722075529249,4526,2765,9.8813129168249309e-324,3,1,MIP
1099,153.03500008583069,264.91925343015879,true,0.10725273331427823,true,0.019907722075529249,4531,2770,9.8813129168249309e-324,3,1,MIP
1100,153.15400004386902,265.1507643515514,true,0.10725273331427823,true,0.019907722075529249,4539,2769,9.8813129168249309e-324,3,1,MIP
1101,153.17400002479553,265.18422635891886,true,0.10725273331427823,true,0.019912870362313369,4540,2770,9.8813129168249309e-324,3,1,MIP
1102,153.33100008964539,265.49396828346471,true,0.10725273331427823,true,0.019912870362313369,4546,2776,9.8813129168249309e-324,3,1,MIP
1103,153.53800010681152,265.92469787279481,true,0.10725273331427823,true,0.019912870362313369,4551,2777,9.8813129168249309e-324,3,1,MIP
1104,153.77500009536743,266.41347818137336,true,0.10725273331427823,true,0.019912870362313369,4553,2777,9.8813129168249309e-324,3,1,MIP
1105,153.87599992752075,266.6230226199832,true,0.10725273331427823,true,0.019912870362313369,4559,2779,9.8813129168249309e-324,3,1,MIP
1106,153.99000000953674,266.84674083108456,true,0.10725273331427823,true,0.019919297240744125,4565,2779,9.8813129168249309e-324,3,1,MIP
1107,154.11100006103516,267.063711219948,true,0.10725273331427823,true,0.019919297240744125,4569,2783,9.8813129168249309e-324,3,1,MIP
1108,154.21200013160706,267.26527402118808,true,0.10725273331427823,true,0.019919297240744125,4575,2789,9.8813129168249309e-324,3,1,MIP
1109,154.31500005722046,267.45556155563708,true,0.10725273331427823,true,0.019919297240744125,4581,2795,9.8813129168249309e-324,3,1,MIP
1110,154.41600012779236,267.65134433858998,true,0.10725273331427823,true,0.019919297240744125,4585,2799,9.8813129168249309e-324,3,1,MIP
1111,154.51999998092651,267.84334315901486,true,0.10725273331427823,true,0.019919297240744125,4599,2811,9.8813129168249309e-324,3,1,MIP
1112,154.75999999046326,268.32371257631343,true,0.10725273331427823,true,0.019919297240744125,4637,2835,9.8813129168249309e-324,3,1,MIP
1113,154.83800005912781,268.47526456104214,true,0.10725273331427823,true,0.019931748122354771,4638,2836,9.8813129168249309e-324,3,1,MIP
1114,154.96300005912781,268.73348798234821,true,0.10725273331427823,true,0.019931748122354771,4640,2838,9.8813129168249309e-324,3,1,MIP
1115,155.0789999961853,268.97534698552744,true,0.10725273331427823,true,0.019931748122354771,4645,2843,9.8813129168249309e-324,3,1,MIP
1116,155.21000003814697,269.25342747191701,true,0.10725273331427823,true,0.019931748122354771,4650,2848,9.8813129168249309e-324,3,1,MIP
1117,155.31900000572205,269.48112632560088,true,0.10725273331427823,true,0.019931748122354771,4655,2853,9.8813129168249309e-324,3,1,MIP
1118,155.45499992370605,269.76074869033027,true,0.10725273331427823,true,0.019931748122354771,4657,2851,9.8813129168249309e-324,3,1,MIP
1119,155.58400011062622,270.00264590856301,true,0.10725273331427823,true,0.019931748122354771,4661,2855,9.8813129168249309e-324,3,1,MIP
1120,155.69700002670288,270.22235217440306,true,0.10725273331427823,true,0.019931748122354771,4666,2858,9.8813129168249309e-324,3,1,MIP
1121,155.82800006866455,270.4535680846422,true,0.10725273331427823,true,0.019931748122354771,4672,2864,9.8813129168249309e-324,3,1,MIP
1122,155.92900013923645,270.62847987142368,true,0.10725273331427823,true,0.019931748122354771,4683,2873,9.8813129168249309e-324,3,1,MIP
1123,156.0310001373291,270.79834314668216,true,0.10725273331427823,true,0.019931748122354771,4709,2896,9.8813129168249309e-324,3,1,MIP
1124,156.1710000038147,271.08489318007378,true,0.10725273331427823,true,0.019931748122354771,4731,2904,9.8813129168249309e-324,3,1,MIP
1125,156.2260000705719,271.19930404163097,true,0.10725273331427823,true,0.019963794122777434,4732,2905,9.8813129168249309e-324,3,1,MIP
1126,156.43499994277954,271.62682863118795,true,0.10725273331427823,true,0.019963794122777434,4734,2905,9.8813129168249309e-324,3,1,MIP
1127,156.6340000629425,272.06749163872797,true,0.10725273331427823,true,0.019963794122777434,4735,2904,9.8813129168249309e-324,3,1,MIP
1128,156.7590000629425,272.30055140975213,true,0.10725273331427823,true,0.019963794122777434,4738,2907,9.8813129168249309e-324,3,1,MIP
1129,156.90300011634827,272.58754359167966,true,0.10725273331427823,true,0.019963794122777434,4743,2912,9.8813129168249309e-324,3,1,MIP
1130,157.01500010490417,272.80166210550914,true,0.10725273331427823,true,0.019963794122777434,4750,2919,9.8813129168249309e-324,3,1,MIP
1131,157.12400007247925,273.02196254940048,true,0.10725273331427823,true,0.019963794122777434,4757,2925,9.8813129168249309e-324,3,1,MIP
1132,157.41300010681152,273.63142923097274,true,0.10725273331427823,true,0.019963794122777434,4763,2925,9.8813129168249309e-324,3,1,MIP
1133,157.43600010871887,273.66951033880167,true,0.10725273331427823,true,0.019964195985330446,4764,2926,9.8813129168249309e-324,3,1,MIP
1134,157.53800010681152,273.86086969067435,true,0.10725273331427823,true,0.019964195985330446,4771,2933,9.8813129168249309e-324,3,1,MIP
1135,157.64499998092651,274.06714262133681,true,0.10725273331427823,true,0.019964195985330446,4781,2943,9.8813129168249309e-324,3,1,MIP
1136,157.75399994850159,274.25653160837737,true,0.10725273331427823,true,0.019964195985330446,4790,2944,9.8813129168249309e-324,3,1,MIP
1137,157.77800011634827,274.29839253095491,true,0.10725273331427823,true,0.019965018061403793,4791,2945,9.8813129168249309e-324,3,1,MIP
1138,157.88599991798401,274.502448727233,true,0.10725273331427823,true,0.019965018061403793,4795,2949,9.8813129168249309e-324,3,1,MIP
1139,157.99200010299683,274.71989277390304,true,0.10725273331427823,true,0.019965018061403793,4797,2949,9.8813129168249309e-324,3,1,MIP
1140,158.09299993515015,274.9179669361456,true,0.10725273331427823,true,0.019965018061403793,4798,2950,9.8813129168249309e-324,3,1,MIP
1141,158.23300004005432,275.22053459235696,true,0.10725273331427823,true,0.019965018061403793,4803,2947,9.8813129168249309e-324,3,1,MIP
1142,158.48699998855591,275.7868107035863,true,0.10725273331427823,true,0.019965018061403793,4804,2948,9.8813129168249309e-324,3,1,MIP
1143,158.51300001144409,275.83405524810155,true,0.10725273331427823,true,0.019968840493272556,4805,2949,9.8813129168249309e-324,3,1,MIP
1144,158.63800001144409,276.09146008536754,true,0.10725273331427823,true,0.019968840493272556,4807,2951,9.8813129168249309e-324,3,1,MIP
1145,158.74799990653992,276.31745660705246,true,0.10725273331427823,true,0.019968840493272556,4809,2953,9.8813129168249309e-324,3,1,MIP
1146,158.87599992752075,276.55437703952111,true,0.10725273331427823,true,0.019968840493272556,4814,2958,9.8813129168249309e-324,3,1,MIP
1147,158.97699999809265,276.75384014143452,true,0.10725273331427823,true,0.019968840493272556,4828,2966,9.8813129168249309e-324,3,1,MIP
1148,159.11299991607666,277.01051213208376,true,0.10725273331427823,true,0.019972803164712404,4838,2968,9.8813129168249309e-324,3,1,MIP
1149,159.23699998855591,277.23100944396032,true,0.10725273331427823,true,0.019972803164712404,4847,2977,9.8813129168249309e-324,3,1,MIP
1150,159.34500002861023,277.41624014134487,true,0.10725273331427823,true,0.019972803164712404,4861,2991,9.8813129168249309e-324,3,1,MIP
1151,159.45000004768372,277.61159869651146,true,0.10725273331427823,true,0.019972803164712404,4877,3005,9.8813129168249309e-324,3,1,MIP
1152,159.55699992179871,277.79935104456507,true,0.10725273331427823,true,0.019972803164712404,4892,3018,9.8813129168249309e-324,3,1,MIP
1153,159.68600010871887,278.06143599214352,true,0.10725273331427823,true,0.019972803164712404,4897,3017,9.8813129168249309e-324,3,1,MIP
1154,159.70900011062622,278.10747667106671,true,0.10725273331427823,true,0.019997473060090049,4898,3018,9.8813129168249309e-324,3,1,MIP
1155,159.81599998474121,278.31799221892504,true,0.10725273331427823,true,0.019997473060090049,4905,3025,9.8813129168249309e-324,3,1,MIP
1156,159.93700003623962,278.55598081253737,true,0.10725273331427823,true,0.019997473060090049,4908,3028,9.8813129168249309e-324,3,1,MIP
1157,160.05200004577637,278.76606630655886,true,0.10725273331427823,true,0.019997473060090049,4915,3035,9.8813129168249309e-324,3,1,MIP
1158,160.17600011825562,278.98952473389443,true,0.10725273331427823,true,0.019997473060090049,4919,3038,9.8813129168249309e-324,3,1,MIP
1159,160.27800011634827,279.18300727046034,true,0.10725273331427823,true,0.019997473060090049,4924,3043,9.8813129168249309e-324,3,1,MIP
1160,160.3970000743866,279.40673945493205,true,0.10725273331427823,true,0.019997473060090049,4927,3044,9.8813129168249309e-324,3,1,MIP
1161,160.5,279.6131264252644,true,0.10725273331427823,true,0.019997473060090049,4931,3046,9.8813129168249309e-324,3,1,MIP
1162,160.65300011634827,279.92031945282804,true,0.10725273331427823,true,0.019997473060090049,4950,3047,9.8813129168249309e-324,3,1,MIP
1163,160.67799997329712,279.95741509035452,true,0.10725273331427823,true,0.020004643324017541,4951,3048,9.8813129168249309e-324,3,1,MIP
1164,160.79200005531311,280.17299837857308,true,0.10725273331427823,true,0.020004643324017541,4954,3051,9.8813129168249309e-324,3,1,MIP
1165,160.90899991989136,280.38241949658368,true,0.10725273331427823,true,0.020004643324017541,4958,3055,9.8813129168249309e-324,3,1,MIP
1166,161.01200008392334,280.56307599627343,true,0.10725273331427823,true,0.020004643324017541,4964,3061,9.8813129168249309e-324,3,1,MIP
1167,161.12199997901917,280.75546029788416,true,0.10725273331427823,true,0.020004643324017541,4974,3067,9.8813129168249309e-324,3,1,MIP
1168,161.23200011253357,280.94547828979285,true,0.10725273331427823,true,0.020004643324017541,4980,3071,9.8813129168249309e-324,3,1,MIP
1169,161.35700011253357,281.18196915326894,true,0.10725273331427823,true,0.020004643324017541,4988,3077,9.8813129168249309e-324,3,1,MIP
1170,161.47399997711182,281.40144129131829,true,0.10725273331427823,true,0.020004643324017541,4998,3081,9.8813129168249309e-324,3,1,MIP
1171,161.57699990272522,281.58567059265152,true,0.10725273331427823,true,0.020004643324017541,5010,3081,9.8813129168249309e-324,3,1,MIP
1172,161.69000005722046,281.77807030233345,true,0.10725273331427823,true,0.020007736111739283,5015,3081,9.8813129168249309e-324,3,1,MIP
1173,161.80299997329712,281.99507163562947,true,0.10725273331427823,true,0.020007736111739283,5016,3082,9.8813129168249309e-324,3,1,MIP
1174,161.99300003051758,282.38881602848312,true,0.10725273331427823,true,0.020007736111739283,5020,3086,9.8813129168249309e-324,3,1,MIP
1175,162.10500001907349,282.60439458041196,true,0.10725273331427823,true,0.020007736111739283,5028,3089,9.8813129168249309e-324,3,1,MIP
1176,162.21499991416931,282.81404252390729,true,0.10725273331427823,true,0.020007736111739283,5042,3093,9.8813129168249309e-324,3,1,MIP
1177,162.3199999332428,282.98821809972179,true,0.10725273331427823,true,0.020007736111739283,5051,3092,9.8813129168249309e-324,3,1,MIP
1178,162.36400008201599,283.05528329570154,true,0.10725273331427823,true,0.020009972355782595,5052,3093,9.8813129168249309e-324,3,1,MIP
1179,162.4779999256134,283.25133349342849,true,0.10725273331427823,true,0.020009972355782595,5055,3096,9.8813129168249309e-324,3,1,MIP
1180,162.59800004959106,283.45135139567196,true,0.10725273331427823,true,0.020009972355782595,5062,3103,9.8813129168249309e-324,3,1,MIP
1181,162.70199990272522,283.64280095849841,true,0.10725273331427823,true,0.020009972355782595,5068,3109,9.8813129168249309e-324,3,1,MIP
1182,162.80299997329712,283.80737655667065,true,0.10725273331427823,true,0.020009972355782595,5077,3118,9.8813129168249309e-324,3,1,MIP
1183,162.93099999427795,284.04214049979464,true,0.10725273331427823,true,0.020009972355782595,5086,3119,9.8813129168249309e-324,3,1,MIP
1184,162.96700000762939,284.10179056416189,true,0.10725273331427823,true,0.020010408156479056,5087,3120,9.8813129168249309e-324,3,1,MIP
1185,163.08599996566772,284.30306421453668,true,0.10725273331427823,true,0.020010408156479056,5090,3123,9.8813129168249309e-324,3,1,MIP
1186,163.19199991226196,284.47618098018944,true,0.10725273331427823,true,0.020010408156479056,5097,3130,9.8813129168249309e-324,3,1,MIP
1187,163.69400000572205,285.38294491349359,true,0.10725273331427823,true,0.020010408156479056,5101,3132,9.8813129168249309e-324,3,1,MIP
1188,163.89400005340576,285.8142263718758,true,0.10725273331427823,true,0.020010408156479056,5105,3130,9.8813129168249309e-324,3,1,MIP
1189,163.93600010871887,285.89496738066265,true,0.10725273331427823,true,0.020013555171093995,5106,3131,9.8813129168249309e-324,3,1,MIP
1190,164.04500007629395,286.0895943252267,true,0.10725273331427823,true,0.020013555171093995,5112,3137,9.8813129168249309e-324,3,1,MIP
1191,164.15400004386902,286.28136034593115,true,0.10725273331427823,true,0.020013555171093995,5117,3142,9.8813129168249309e-324,3,1,MIP
1192,164.26399993896484,286.46845681462185,true,0.10725273331427823,true,0.020013555171093995,5123,3148,9.8813129168249309e-324,3,1,MIP
1193,164.37000012397766,286.64119957199665,true,0.10725273331427823,true,0.020013555171093995,5130,3155,9.8813129168249309e-324,3,1,MIP
1194,164.49500012397766,286.85747396254322,true,0.10725273331427823,true,0.020013555171093995,5135,3154,9.8813129168249309e-324,3,1,MIP
1195,164.64499998092651,287.13310202835248,true,0.10725273331427823,true,0.020013555171093995,5144,3156,9.8813129168249309e-324,3,1,MIP
1196,164.67300009727478,287.17464853594464,true,0.10725273331427823,true,0.020022060871926536,5145,3157,9.8813129168249309e-324,3,1,MIP
1197,164.79200005531311,287.3667247485759,true,0.10725273331427823,true,0.020022060871926536,5150,3162,9.8813129168249309e-324,3,1,MIP
1198,164.91600012779236,287.58017243097157,true,0.10725273331427823,true,0.020022060871926536,5155,3167,9.8813129168249309e-324,3,1,MIP
1199,165.01800012588501,287.77878394515307,true,0.10725273331427823,true,0.020022060871926536,5160,3172,9.8813129168249309e-324,3,1,MIP
1200,165.12400007247925,287.99390682046248,true,0.10725273331427823,true,0.020022060871926536,5167,3179,9.8813129168249309e-324,3,1,MIP
1201,165.22499990463257,288.17331163951434,true,0.10725273331427823,true,0.020022060871926536,5194,3203,9.8813129168249309e-324,3,1,MIP
1202,165.36700010299683,288.4374598751491,true,0.10725273331427823,true,0.020022060871926536,5210,3206,9.8813129168249309e-324,3,1,MIP
1203,165.3840000629425,288.46605570619323,true,0.10725273331427823,true,0.020077742079937975,5211,3207,9.8813129168249309e-324,3,1,MIP
1204,165.49399995803833,288.66053839817391,true,0.10725273331427823,true,0.020077742079937975,5216,3212,9.8813129168249309e-324,3,1,MIP
1205,165.59800004959106,288.8732919182201,true,0.10725273331427823,true,0.020077742079937975,5221,3215,9.8813129168249309e-324,3,1,MIP
1206,165.7260000705719,289.14385861050403,true,0.10725273331427823,true,0.020077742079937975,5224,3214,9.8813129168249309e-324,3,1,MIP
1207,165.83299994468689,289.33991252034997,true,0.10725273331427823,true,0.020077742079937975,5228,3218,9.8813129168249309e-324,3,1,MIP
1208,165.95199990272522,289.5449569339425,true,0.10725273331427823,true,0.020077742079937975,5234,3222,9.8813129168249309e-324,3,1,MIP
1209,166.05299997329712,289.71256520182311,true,0.10725273331427823,true,0.020077742079937975,5242,3228,9.8813129168249309e-324,3,1,MIP
1210,166.16600012779236,289.92797459929545,true,0.10725273331427823,true,0.020077742079937975,5249,3227,9.8813129168249309e-324,3,1,MIP
1211,166.18400001525879,289.96285318439794,true,0.10725273331427823,true,0.020082715558513368,5250,3228,9.8813129168249309e-324,3,1,MIP
1212,166.28999996185303,290.17721061545882,true,0.10725273331427823,true,0.020082715558513368,5253,3231,9.8813129168249309e-324,3,1,MIP
1213,166.39199995994568,290.36557277420644,true,0.10725273331427823,true,0.020082715558513368,5263,3241,9.8813129168249309e-324,3,1,MIP
1214,166.51300001144409,290.59078779213945,true,0.10725273331427823,true,0.020082715558513368,5271,3249,9.8813129168249309e-324,3,1,MIP
1215,166.61899995803833,290.78428445657227,true,0.10725273331427823,true,0.020082715558513368,5283,3260,9.8813129168249309e-324,3,1,MIP
1216,166.76099991798401,291.03293229618998,true,0.10725273331427823,true,0.020082715558513368,5298,3261,9.8813129168249309e-324,3,1,MIP
1217,166.87599992752075,291.24386129768953,true,0.10725273331427823,true,0.020082715558513368,5303,3266,9.8813129168249309e-324,3,1,MIP
1218,166.99300003051758,291.46666031641371,true,0.10725273331427823,true,0.020082715558513368,5309,3272,9.8813129168249309e-324,3,1,MIP
1219,167.12800002098083,291.72225174847671,true,0.10725273331427823,true,0.020082715558513368,5317,3280,9.8813129168249309e-324,3,1,MIP
1220,167.24200010299683,291.92495145267588,true,0.10725273331427823,true,0.020082715558513368,5323,3286,9.8813129168249309e-324,3,1,MIP
1221,167.34299993515015,292.10252517016238,true,0.10725273331427823,true,0.020082715558513368,5330,3292,9.8813129168249309e-324,3,1,MIP
1222,167.5090000629425,292.40287487941089,true,0.10725273331427823,true,0.020082715558513368,5350,3298,9.8813129168249309e-324,3,1,MIP
1223,167.51699995994568,292.41634703094513,true,0.10725273331427823,true,0.020093893617956174,5351,3299,9.8813129168249309e-324,3,1,MIP
1224,167.62599992752075,292.64188107689182,true,0.10725273331427823,true,0.020093893617956174,5360,3308,9.8813129168249309e-324,3,1,MIP
1225,167.73399996757507,292.85585262471551,true,0.10725273331427823,true,0.020093893617956174,5364,3312,9.8813129168249309e-324,3,1,MIP
1226,167.83800005912781,293.03952258682074,true,0.10725273331427823,true,0.020093893617956174,5378,3326,9.8813129168249309e-324,3,1,MIP
1227,167.9449999332428,293.24135371237412,true,0.10725273331427823,true,0.020093893617956174,5386,3332,9.8813129168249309e-324,3,1,MIP
1228,168.13899993896484,293.61545278616614,true,0.10725273331427823,true,0.020093893617956174,5413,3345,9.8813129168249309e-324,3,1,MIP
1229,168.24500012397766,293.8381501921674,true,0.10725273331427823,true,0.020103330353272289,5414,3344,9.8813129168249309e-324,3,1,MIP
1230,168.49500012397766,294.37673301091792,true,0.10725273331427823,true,0.020103330353272289,5415,3343,9.8813129168249309e-324,3,1,MIP
1231,168.64499998092651,294.65708039193186,true,0.10725273331427823,true,0.020113261009479765,5417,3343,9.8813129168249309e-324,3,1,MIP
1232,168.68400001525879,294.72214409507609,true,0.10725273331427823,true,0.020122931198635736,5418,3344,9.8813129168249309e-324,3,1,MIP
1233,168.83299994468689,295.02381124314309,true,0.10725273331427823,true,0.020122931198635736,5420,3346,9.8813129168249309e-324,3,1,MIP
1234,168.96200013160706,295.29836599730106,true,0.10725273331427823,true,0.020122931198635736,5421,3347,9.8813129168249309e-324,3,1,MIP
1235,169.0699999332428,295.50442711158564,true,0.10725273331427823,true,0.020122931198635736,5426,3350,9.8813129168249309e-324,3,1,MIP
1236,169.24200010299683,295.84508657418269,true,0.10725273331427823,true,0.020122931198635736,5432,3349,9.8813129168249309e-324,3,1,MIP
1237,169.3199999332428,295.99326690181522,true,0.10725273331427823,true,0.020137089986002291,5433,3350,9.8813129168249309e-324,3,1,MIP
1238,169.62700009346008,296.65246189203992,true,0.10725273331427823,true,0.020137089986002291,5435,3348,9.8813129168249309e-324,3,1,MIP
1239,169.75300002098083,296.88176525649027,true,0.10725273331427823,true,0.020137089986002291,5438,3351,9.8813129168249309e-324,3,1,MIP
1240,169.86299991607666,297.08763560368413,true,0.10725273331427823,true,0.020137089986002291,5440,3353,9.8813129168249309e-324,3,1,MIP
1241,170.03399991989136,297.43271492465431,true,0.10725273331427823,true,0.020137089986002291,5442,3355,9.8813129168249309e-324,3,1,MIP
1242,170.13700008392334,297.62007329965888,true,0.10725273331427823,true,0.020137089986002291,5445,3358,9.8813129168249309e-324,3,1,MIP
1243,170.25200009346008,297.83570463121492,true,0.10725273331427823,true,0.020137089986002291,5449,3362,9.8813129168249309e-324,3,1,MIP
1244,170.35899996757507,298.02845187477067,true,0.10725273331427823,true,0.020137089986002291,5459,3368,9.8813129168249309e-324,3,1,MIP
1245,170.46499991416931,298.22540840039989,true,0.10725273331427823,true,0.020137089986002291,5464,3367,9.8813129168249309e-324,3,1,MIP
1246,170.49799990653992,298.27912426454566,true,0.10725273331427823,true,0.020172174478363909,5465,3368,9.8813129168249309e-324,3,1,MIP
1247,170.8050000667572,298.9251165394229,true,0.10725273331427823,true,0.020172174478363909,5468,3367,9.8813129168249309e-324,3,1,MIP
1248,170.94199991226196,299.18538387166905,true,0.10725273331427823,true,0.020172174478363909,5470,3369,9.8813129168249309e-324,3,1,MIP
1249,171.11700010299683,299.49010924209574,true,0.10725273331427823,true,0.020172174478363909,5474,3373,9.8813129168249309e-324,3,1,MIP
1250,171.22699999809265,299.67645628549315,true,0.10725273331427823,true,0.020172174478363909,5478,3377,9.8813129168249309e-324,3,1,MIP
1251,171.36199998855591,299.92644737775902,true,0.10725273331427823,true,0.020172174478363909,5480,3377,9.8813129168249309e-324,3,1,MIP
1252,171.47200012207031,300.13079369109249,true,0.10725273331427823,true,0.020172174478363909,5487,3384,9.8813129168249309e-324,3,1,MIP
1253,171.57699990272522,300.31646254063384,true,0.10725273331427823,true,0.020172174478363909,5494,3389,9.8813129168249309e-324,3,1,MIP
1254,171.70000004768372,300.52831688300643,true,0.10725273331427823,true,0.020172174478363909,5504,3389,9.8813129168249309e-324,3,1,MIP
1255,171.74000000953674,300.59251521852462,true,0.10725273331427823,true,0.020172828544878008,5505,3390,9.8813129168249309e-324,3,1,MIP
1256,171.89800000190735,300.89445234795539,true,0.10725273331427823,true,0.020172828544878008,5507,3392,9.8813129168249309e-324,3,1,MIP
1257,172.1340000629425,301.38716354333229,true,0.10725273331427823,true,0.020172828544878008,5509,3392,9.8813129168249309e-324,3,1,MIP
1258,172.23900008201599,301.59558068603462,true,0.10725273331427823,true,0.020172828544878008,5511,3394,9.8813129168249309e-324,3,1,MIP
1259,172.34599995613098,301.79788180152116,true,0.10725273331427823,true,0.020172828544878008,5518,3401,9.8813129168249309e-324,3,1,MIP
1260,172.50500011444092,302.12258170697834,true,0.10725273331427823,true,0.020172828544878008,5525,3398,9.8813129168249309e-324,3,1,MIP
1261,172.5550000667572,302.21532302726894,true,0.10725273331427823,true,0.020178627242342817,5526,3399,9.8813129168249309e-324,3,1,MIP
1262,172.71600008010864,302.52823688266847,true,0.10725273331427823,true,0.020178627242342817,5529,3402,9.8813129168249309e-324,3,1,MIP
1263,172.82500004768372,302.73742886291768,true,0.10725273331427823,true,0.020178627242342817,5530,3403,9.8813129168249309e-324,3,1,MIP
1264,172.95099997520447,302.93067009394537,true,0.10725273331427823,true,0.020178627242342817,5535,3408,9.8813129168249309e-324,3,1,MIP
1265,173.07100009918213,303.1626445515252,true,0.10725273331427823,true,0.020178627242342817,5537,3410,9.8813129168249309e-324,3,1,MIP
1266,173.17600011825562,303.33735872413416,true,0.10725273331427823,true,0.020178627242342817,5542,3415,9.8813129168249309e-324,3,1,MIP
1267,173.27699995040894,303.52796198404661,true,0.10725273331427823,true,0.020178627242342817,5548,3417,9.8813129168249309e-324,3,1,MIP
1268,173.43300008773804,303.83521391642842,true,0.10725273331427823,true,0.020178627242342817,5556,3417,9.8813129168249309e-324,3,1,MIP
1269,173.47699999809265,303.91175536620756,true,0.10725273331427823,true,0.020185420169565781,5557,3418,9.8813129168249309e-324,3,1,MIP
1270,173.62599992752075,304.21528961035352,true,0.10725273331427823,true,0.020185420169565781,5559,3418,9.8813129168249309e-324,3,1,MIP
1271,173.76399993896484,304.50313747490935,true,0.10725273331427823,true,0.020185420169565781,5561,3418,9.8813129168249309e-324,3,1,MIP
1272,174.00699996948242,305.02116435150526,true,0.10725273331427823,true,0.020185420169565781,5562,3417,9.8813129168249309e-324,3,1,MIP
1273,174.19600009918213,305.4103369538928,true,0.10725273331427823,true,0.020185420169565781,5563,3418,9.8813129168249309e-324,3,1,MIP
1274,174.32200002670288,305.64588602205248,true,0.10725273331427823,true,0.020185420169565781,5568,3423,9.8813129168249309e-324,3,1,MIP
1275,174.48699998855591,305.97206247452812,true,0.10725273331427823,true,0.020185420169565781,5571,3426,9.8813129168249309e-324,3,1,MIP
1276,174.60899996757507,306.19451679052281,true,0.10725273331427823,true,0.020185420169565781,5574,3429,9.8813129168249309e-324,3,1,MIP
1277,174.71300005912781,306.39510290681403,true,0.10725273331427823,true,0.020185420169565781,5578,3433,9.8813129168249309e-324,3,1,MIP
1278,174.81599998474121,306.59580546959171,true,0.10725273331427823,true,0.020185420169565781,5582,3437,9.8813129168249309e-324,3,1,MIP
1279,174.92799997329712,306.8150690205851,true,0.10725273331427823,true,0.020185420169565781,5593,3443,9.8813129168249309e-324,3,1,MIP
1280,175.05100011825562,307.05335166924766,true,0.10725273331427823,true,0.020185420169565781,5603,3443,9.8813129168249309e-324,3,1,MIP
1281,175.0789999961853,307.10054051864239,true,0.10725273331427823,true,0.020231002156676479,5604,3444,9.8813129168249309e-324,3,1,MIP
1282,175.28800010681152,307.55113635575066,true,0.10725273331427823,true,0.020231002156676479,5605,3445,9.8813129168249309e-324,3,1,MIP
1283,175.39300012588501,307.74349605362153,true,0.10725273331427823,true,0.020231002156676479,5608,3448,9.8813129168249309e-324,3,1,MIP
1284,175.5310001373291,308.00039977015695,true,0.10725273331427823,true,0.020231002156676479,5611,3451,9.8813129168249309e-324,3,1,MIP
1285,175.65300011634827,308.22351002702186,true,0.10725273331427823,true,0.020231002156676479,5614,3454,9.8813129168249309e-324,3,1,MIP
1286,175.76399993896484,308.42537906740472,true,0.10725273331427823,true,0.020231002156676479,5618,3458,9.8813129168249309e-324,3,1,MIP
1287,175.86500000953674,308.59788888017363,true,0.10725273331427823,true,0.020231002156676479,5625,3465,9.8813129168249309e-324,3,1,MIP
1288,175.9909999370575,308.83337689783241,true,0.10725273331427823,true,0.020231002156676479,5630,3470,9.8813129168249309e-324,3,1,MIP
1289,176.10899996757507,309.05370846149208,true,0.10725273331427823,true,0.020231002156676479,5634,3472,9.8813129168249309e-324,3,1,MIP
1290,176.20900011062622,309.22770725296681,true,0.10725273331427823,true,0.020231002156676479,5645,3481,9.8813129168249309e-324,3,1,MIP
1291,176.3199999332428,309.42951763702268,true,0.10725273331427823,true,0.020231002156676479,5657,3489,9.8813129168249309e-324,3,1,MIP
1292,176.42600011825562,309.61713533179636,true,0.10725273331427823,true,0.020231002156676479,5673,3503,9.8813129168249309e-324,3,1,MIP
1293,176.54100012779236,309.80701302849138,true,0.10725273331427823,true,0.020231002156676479,5692,3512,9.8813129168249309e-324,3,1,MIP
1294,176.7039999961853,310.09260208055889,true,0.10725273331427823,true,0.020231002156676479,5710,3512,9.8813129168249309e-324,3,1,MIP
1295,176.74000000953674,310.15314966927491,true,0.10725273331427823,true,0.020239626899749289,5711,3513,9.8813129168249309e-324,3,1,MIP
1296,176.87599992752075,310.40374982404308,true,0.10725273331427823,true,0.020239626899749289,5713,3515,9.8813129168249309e-324,3,1,MIP
1297,176.98099994659424,310.59412515354489,true,0.10725273331427823,true,0.020239626899749289,5717,3519,9.8813129168249309e-324,3,1,MIP
1298,177.09100008010864,310.7911917251671,true,0.10725273331427823,true,0.020239626899749289,5723,3525,9.8813129168249309e-324,3,1,MIP
1299,177.2039999961853,310.98897111767877,true,0.10725273331427823,true,0.020239626899749289,5732,3534,9.8813129168249309e-324,3,1,MIP
1300,177.39100003242493,311.35923214390129,true,0.10725273331427823,true,0.020239626899749289,5744,3538,9.8813129168249309e-324,3,1,MIP
1301,177.41799998283386,311.40782560683294,true,0.10725273331427823,true,0.020252062556590088,5745,3539,9.8813129168249309e-324,3,1,MIP
1302,177.5310001373291,311.63602751075086,true,0.10725273331427823,true,0.020252062556590088,5750,3544,9.8813129168249309e-324,3,1,MIP
1303,177.64300012588501,311.8356467461328,true,0.10725273331427823,true,0.020252062556590088,5758,3550,9.8813129168249309e-324,3,1,MIP
1304,177.75099992752075,312.03716250946627,true,0.10725273331427823,true,0.020252062556590088,5769,3557,9.8813129168249309e-324,3,1,MIP
1305,177.8840000629425,312.28097354846159,true,0.10725273331427823,true,0.020252062556590088,5780,3558,9.8813129168249309e-324,3,1,MIP
1306,177.91199994087219,312.33054045829829,true,0.10725273331427823,true,0.020313900577841562,5781,3559,9.8813129168249309e-324,3,1,MIP
1307,178.02900004386902,312.53815378999644,true,0.10725273331427823,true,0.020313900577841562,5784,3562,9.8813129168249309e-324,3,1,MIP
1308,178.14100003242493,312.74429548825401,true,0.10725273331427823,true,0.020313900577841562,5791,3569,9.8813129168249309e-324,3,1,MIP
1309,178.25200009346008,312.96471298201686,true,0.10725273331427823,true,0.020313900577841562,5797,3573,9.8813129168249309e-324,3,1,MIP
1310,178.3600001335144,313.14901240971426,true,0.10725273331427823,true,0.020313900577841562,5806,3578,9.8813129168249309e-324,3,1,MIP
1311,178.53600001335144,313.4658193964446,true,0.10725273331427823,true,0.020313900577841562,5821,3579,9.8813129168249309e-324,3,1,MIP
1312,178.59100008010864,313.56925297611082,true,0.10725273331427823,true,0.020336628304088247,5822,3580,9.8813129168249309e-324,3,1,MIP
1313,178.70600008964539,313.76622770852651,true,0.10725273331427823,true,0.020336628304088247,5825,3583,9.8813129168249309e-324,3,1,MIP
1314,178.82200002670288,313.98424483150848,true,0.10725273331427823,true,0.020336628304088247,5828,3586,9.8813129168249309e-324,3,1,MIP
1315,178.94600009918213,314.23864047255034,true,0.10725273331427823,true,0.020336628304088247,5830,3588,9.8813129168249309e-324,3,1,MIP
1316,179.06599998474121,314.46233031526083,true,0.10725273331427823,true,0.020336628304088247,5834,3592,9.8813129168249309e-324,3,1,MIP
1317,179.1710000038147,314.6634136565948,true,0.10725273331427823,true,0.020336628304088247,5837,3595,9.8813129168249309e-324,3,1,MIP
1318,179.31400012969971,314.95398888351417,true,0.10725273331427823,true,0.020336628304088247,5845,3599,9.8813129168249309e-324,3,1,MIP
1319,179.41799998283386,315.17719427684654,true,0.10725273331427823,true,0.020336628304088247,5847,3601,9.8813129168249309e-324,3,1,MIP
1320,179.51900005340576,315.33642074719933,true,0.10725273331427823,true,0.020336628304088247,5852,3606,9.8813129168249309e-324,3,1,MIP
1321,179.62100005149841,315.51360861642598,true,0.10725273331427823,true,0.020336628304088247,5872,3624,9.8813129168249309e-324,3,1,MIP
1322,179.83999991416931,315.94094577532002,true,0.10725273331427823,true,0.020336628304088247,5898,3616,9.8813129168249309e-324,3,1,MIP
1323,179.98399996757507,316.22088825651065,true,0.10725273331427823,true,0.020336628304088247,5901,3619,9.8813129168249309e-324,3,1,MIP
1324,180.20600008964539,316.67971373773645,true,0.10725273331427823,true,0.020336628304088247,5903,3617,9.8813129168249309e-324,3,1,MIP
1325,180.31100010871887,316.88007967897437,true,0.10725273331427823,true,0.020336628304088247,5906,3620,9.8813129168249309e-324,3,1,MIP
1326,180.41499996185303,317.06158732572209,true,0.10725273331427823,true,0.020336628304088247,5910,3624,9.8813129168249309e-324,3,1,MIP
1327,180.52900004386902,317.28753820825546,true,0.10725273331427823,true,0.020336628304088247,5914,3628,9.8813129168249309e-324,3,1,MIP
1328,180.64300012588501,317.47977542275515,true,0.10725273331427823,true,0.020336628304088247,5920,3634,9.8813129168249309e-324,3,1,MIP
1329,180.75699996948242,317.68695790217487,true,0.10725273331427823,true,0.020336628304088247,5927,3639,9.8813129168249309e-324,3,1,MIP
1330,180.96399998664856,318.08205076027639,true,0.10725273331427823,true,0.020336628304088247,5934,3638,9.8813129168249309e-324,3,1,MIP
1331,180.98200011253357,318.10808907058066,true,0.10725273331427823,true,0.020343959605335367,5935,3639,9.8813129168249309e-324,3,1,MIP
1332,181.27800011634827,318.72151632258169,true,0.10725273331427823,true,0.020343959605335367,5937,3639,9.8813129168249309e-324,3,1,MIP
1333,181.39800000190735,318.97305593519337,true,0.10725273331427823,true,0.020343959605335367,5940,3642,9.8813129168249309e-324,3,1,MIP
1334,181.51399993896484,319.2076613001845,true,0.10725273331427823,true,0.020343959605335367,5949,3649,9.8813129168249309e-324,3,1,MIP
1335,181.625,319.41898172071001,true,0.10725273331427823,true,0.020343959605335367,5957,3649,9.8813129168249309e-324,3,1,MIP
1336,181.69700002670288,319.57155073743172,true,0.10725273331427823,true,0.020345400173177819,5958,3650,9.8813129168249309e-324,3,1,MIP
1337,181.79800009727478,319.77999079168779,true,0.10725273331427823,true,0.020345400173177819,5963,3653,9.8813129168249309e-324,3,1,MIP
1338,181.90300011634827,319.99064620678473,true,0.10725273331427823,true,0.020345400173177819,5969,3653,9.8813129168249309e-324,3,1,MIP
1339,182.08400011062622,320.37755638353946,true,0.10725273331427823,true,0.020345400173177819,5972,3652,9.8813129168249309e-324,3,1,MIP
1340,182.15899991989136,320.52966420934501,true,0.10725273331427823,true,0.020345842799348569,5973,3653,9.8813129168249309e-324,3,1,MIP
1341,182.28399991989136,320.79172818734696,true,0.10725273331427823,true,0.020345842799348569,5976,3654,9.8813129168249309e-324,3,1,MIP
1342,182.4760000705719,321.18908831014858,true,0.10725273331427823,true,0.020345842799348569,5981,3653,9.8813129168249309e-324,3,1,MIP
1343,182.60599994659424,321.43584899299469,true,0.10725273331427823,true,0.020345842799348569,5982,3654,9.8813129168249309e-324,3,1,MIP
1344,182.72499990463257,321.67709323832406,true,0.10725273331427823,true,0.020345842799348569,5983,3655,9.8813129168249309e-324,3,1,MIP
1345,182.86899995803833,321.97341492000731,true,0.10725273331427823,true,0.020345842799348569,5986,3656,9.8813129168249309e-324,3,1,MIP
1346,183.03500008583069,322.31850009924102,true,0.10725273331427823,true,0.020345842799348569,5989,3657,9.8813129168249309e-324,3,1,MIP
1347,183.14800000190735,322.56546747418986,true,0.10725273331427823,true,0.020345842799348569,5994,3660,9.8813129168249309e-324,3,1,MIP
1348,183.24900007247925,322.77372390807051,true,0.10725273331427823,true,0.020345842799348569,6007,3666,9.8813129168249309e-324,3,1,MIP
1349,183.4539999961853,323.20365727225129,true,0.10725273331427823,true,0.020345842799348569,6016,3664,9.8813129168249309e-324,3,1,MIP
1350,183.50800013542175,323.2961281992188,true,0.10725273331427823,true,0.020361036416583971,6017,3665,9.8813129168249309e-324,3,1,MIP
1351,183.61899995803833,323.48953143247502,true,0.10725273331427823,true,0.020361036416583971,6021,3669,9.8813129168249309e-324,3,1,MIP
1352,183.72499990463257,323.67228470785528,true,0.10725273331427823,true,0.020361036416583971,6025,3673,9.8813129168249309e-324,3,1,MIP
1353,183.86299991607666,323.94064932348999,true,0.10725273331427823,true,0.020361036416583971,6028,3674,9.8813129168249309e-324,3,1,MIP
1354,183.98000001907349,324.14868033402331,true,0.10725273331427823,true,0.020361036416583971,6035,3679,9.8813129168249309e-324,3,1,MIP
1355,184.08299994468689,324.34983902679926,true,0.10725273331427823,true,0.020361036416583971,6039,3679,9.8813129168249309e-324,3,1,MIP
1356,184.19900012016296,324.56124862571738,true,0.10725273331427823,true,0.020361036416583971,6044,3684,9.8813129168249309e-324,3,1,MIP
1357,184.30400013923645,324.76219047731519,true,0.10725273331427823,true,0.020361036416583971,6054,3688,9.8813129168249309e-324,3,1,MIP
1358,184.42199993133545,324.99099609877032,true,0.10725273331427823,true,0.020363757705047544,6062,3688,9.8813129168249309e-324,3,1,MIP
1359,184.5239999294281,325.1912319969382,true,0.10725273331427823,true,0.020363757705047544,6064,3690,9.8813129168249309e-324,3,1,MIP
1360,184.6340000629425,325.40959866336499,true,0.10725273331427823,true,0.020363757705047544,6069,3695,9.8813129168249309e-324,3,1,MIP
1361,184.74200010299683,325.61215435353296,true,0.10725273331427823,true,0.020363757705047544,6074,3700,9.8813129168249309e-324,3,1,MIP
1362,184.86299991607666,325.83548832293582,true,0.10725273331427823,true,0.020363757705047544,6079,3705,9.8813129168249309e-324,3,1,MIP
1363,185.04699993133545,326.19919629261659,true,0.10725273331427823,true,0.020363757705047544,6085,3705,9.8813129168249309e-324,3,1,MIP
1364,185.07500004768372,326.24839621999729,true,0.10725273331427823,true,0.020369268096532927,6086,3706,9.8813129168249309e-324,3,1,MIP
1365,185.17700004577637,326.47218032547119,true,0.10725273331427823,true,0.020369268096532927,6087,3707,9.8813129168249309e-324,3,1,MIP
1366,185.29100012779236,326.71558096263612,true,0.10725273331427823,true,0.020369268096532927,6090,3710,9.8813129168249309e-324,3,1,MIP
1367,185.4210000038147,326.99551468113918,true,0.10725273331427823,true,0.020369268096532927,6098,3714,9.8813129168249309e-324,3,1,MIP
1368,185.59200000762939,327.33544624952441,true,0.10725273331427823,true,0.020369268096532927,6114,3716,9.8813129168249309e-324,3,1,MIP
1369,185.62199997901917,327.37710926967981,true,0.10725273331427823,true,0.020371508437579466,6115,3717,9.8813129168249309e-324,3,1,MIP
1370,185.73099994659424,327.55924864118123,true,0.10725273331427823,true,0.020371508437579466,6119,3721,9.8813129168249309e-324,3,1,MIP
1371,185.85400009155273,327.78413309041804,true,0.10725273331427823,true,0.020371508437579466,6124,3726,9.8813129168249309e-324,3,1,MIP
1372,185.96099996566772,327.97890673386831,true,0.10725273331427823,true,0.020371508437579466,6131,3733,9.8813129168249309e-324,3,1,MIP
1373,186.06900000572205,328.19096599592041,true,0.10725273331427823,true,0.020371508437579466,6138,3734,9.8813129168249309e-324,3,1,MIP
1374,186.18400001525879,328.43595227470234,true,0.10725273331427823,true,0.020371508437579466,6149,3733,9.8813129168249309e-324,3,1,MIP
1375,186.37400007247925,328.8236317059181,true,0.10725273331427823,true,0.020371508437579466,6150,3732,9.8813129168249309e-324,3,1,MIP
1376,186.44199991226196,328.96190243422296,true,0.10725273331427823,true,0.02037971468515502,6151,3733,9.8813129168249309e-324,3,1,MIP
1377,186.50500011444092,329.06362971068035,true,0.10725273331427823,true,0.020379990308249944,6152,3734,9.8813129168249309e-324,3,1,MIP
1378,186.61800003051758,329.26304255454932,true,0.10725273331427823,true,0.020379990308249944,6156,3738,9.8813129168249309e-324,3,1,MIP
1379,186.72499990463257,329.44931627351218,true,0.10725273331427823,true,0.020379990308249944,6161,3743,9.8813129168249309e-324,3,1,MIP
1380,186.83100008964539,329.64572102702283,true,0.10725273331427823,true,0.020379990308249944,6165,3747,9.8813129168249309e-324,3,1,MIP
1381,186.96499991416931,329.8867179719731,true,0.10725273331427823,true,0.020379990308249944,6172,3754,9.8813129168249309e-324,3,1,MIP
1382,187.07699990272522,330.10973508983733,true,0.10725273331427823,true,0.020379990308249944,6177,3759,9.8813129168249309e-324,3,1,MIP
1383,187.18600010871887,330.32545003922797,true,0.10725273331427823,true,0.020379990308249944,6181,3763,9.8813129168249309e-324,3,1,MIP
1384,187.28800010681152,330.49217606413174,true,0.10725273331427823,true,0.020379990308249944,6189,3771,9.8813129168249309e-324,3,1,MIP
1385,187.40000009536743,330.68640387645343,true,0.10725273331427823,true,0.020379990308249944,6200,3782,9.8813129168249309e-324,3,1,MIP
1386,187.50099992752075,330.84970045974353,true,0.10725273331427823,true,0.020379990308249944,6211,3793,9.8813129168249309e-324,3,1,MIP
1387,187.60199999809265,331.02263054922525,true,0.10725273331427823,true,0.020379990308249944,6228,3808,9.8813129168249309e-324,3,1,MIP
1388,187.71399998664856,331.21987253421759,true,0.10725273331427823,true,0.020379990308249944,6253,3821,9.8813129168249309e-324,3,1,MIP
1389,187.94799995422363,331.71531034787063,true,0.10725273331427823,true,0.020379990308249944,6262,3817,9.8813129168249309e-324,3,1,MIP
1390,187.99500012397766,331.80182578979986,true,0.10725273331427823,true,0.020388332080547755,6263,3818,9.8813129168249309e-324,3,1,MIP
1391,188.10199999809265,332.00675611846361,true,0.10725273331427823,true,0.020388332080547755,6270,3825,9.8813129168249309e-324,3,1,MIP
1392,188.22900009155273,332.27771113260144,true,0.10725273331427823,true,0.020388332080547755,6277,3832,9.8813129168249309e-324,3,1,MIP
1393,188.33200001716614,332.47393740355761,true,0.10725273331427823,true,0.020388332080547755,6285,3840,9.8813129168249309e-324,3,1,MIP
1394,188.65499997138977,333.16017490737585,true,0.10725273331427823,true,0.020388332080547755,6299,3847,9.8813129168249309e-324,3,1,MIP
1395,188.68199992179871,333.20174241103496,true,0.10725273331427823,true,0.02040068427734212,6300,3848,9.8813129168249309e-324,3,1,MIP
1396,188.79399991035461,333.40838971920732,true,0.10725273331427823,true,0.02040068427734212,6309,3857,9.8813129168249309e-324,3,1,MIP
1397,188.89400005340576,333.61060562018133,true,0.10725273331427823,true,0.02040068427734212,6317,3865,9.8813129168249309e-324,3,1,MIP
1398,189.01999998092651,333.85266018780305,true,0.10725273331427823,true,0.02040068427734212,6329,3877,9.8813129168249309e-324,3,1,MIP
1399,189.12599992752075,334.05553526881744,true,0.10725273331427823,true,0.02040068427734212,6339,3881,9.8813129168249309e-324,3,1,MIP
1400,189.24600005149841,334.27300393925765,true,0.10725273331427823,true,0.02040068427734212,6347,3881,9.8813129168249309e-324,3,1,MIP
1401,189.2720000743866,334.31842186640557,true,0.10725273331427823,true,0.020401760838998688,6348,3882,9.8813129168249309e-324,3,1,MIP
1402,189.38000011444092,334.53776486338199,true,0.10725273331427823,true,0.020401760838998688,6353,3887,9.8813129168249309e-324,3,1,MIP
1403,189.48300004005432,334.74933733500484,true,0.10725273331427823,true,0.020401760838998688,6358,3892,9.8813129168249309e-324,3,1,MIP
1404,189.59200000762939,334.95582272263306,true,0.10725273331427823,true,0.020401760838998688,6368,3900,9.8813129168249309e-324,3,1,MIP
1405,189.71099996566772,335.19364199010835,true,0.10725273331427823,true,0.020401760838998688,6374,3902,9.8813129168249309e-324,3,1,MIP
1406,189.8840000629425,335.5391431744722,true,0.10725273331427823,true,0.020401760838998688,6385,3905,9.8813129168249309e-324,3,1,MIP
1407,190.01800012588501,335.75688787908751,true,0.10725273331427823,true,0.020401760838998688,6387,3907,9.8813129168249309e-324,3,1,MIP
1408,190.15700006484985,336.02067225706486,true,0.10725273331427823,true,0.020401760838998688,6390,3910,9.8813129168249309e-324,3,1,MIP
1409,190.2739999294281,336.20584980144218,true,0.10725273331427823,true,0.020401760838998688,6395,3915,9.8813129168249309e-324,3,1,MIP
1410,190.39400005340576,336.42707114969176,true,0.10725273331427823,true,0.020401760838998688,6397,3917,9.8813129168249309e-324,3,1,MIP
1411,190.56299996376038,336.77930541860343,true,0.10725273331427823,true,0.020401760838998688,6400,3918,9.8813129168249309e-324,3,1,MIP
1412,190.73000001907349,337.10633248613397,true,0.10725273331427823,true,0.020401760838998688,6407,3919,9.8813129168249309e-324,3,1,MIP
1413,190.83599996566772,337.33968075904306,true,0.10725273331427823,true,0.020401760838998688,6411,3922,9.8813129168249309e-324,3,1,MIP
1414,190.94300007820129,337.54586213735337,true,0.10725273331427823,true,0.020401760838998688,6420,3924,9.8813129168249309e-324,3,1,MIP
1415,191.04100012779236,337.73845841047546,true,0.10725273331427823,true,0.02043197285044206,6424,3924,9.8813129168249309e-324,3,1,MIP
1416,191.14599990844727,337.92431858378814,true,0.10725273331427823,true,0.02043197285044206,6430,3930,9.8813129168249309e-324,3,1,MIP
1417,191.25399994850159,338.11982454272083,true,0.10725273331427823,true,0.02043197285044206,6436,3936,9.8813129168249309e-324,3,1,MIP
1418,191.36299991607666,338.30060760272426,true,0.10725273331427823,true,0.02043197285044206,6446,3942,9.8813129168249309e-324,3,1,MIP
1419,191.46399998664856,338.4720459771566,true,0.10725273331427823,true,0.02043197285044206,6459,3949,9.8813129168249309e-324,3,1,MIP
1420,191.58800005912781,338.71223521390459,true,0.10725273331427823,true,0.02043197285044206,6467,3947,9.8813129168249309e-324,3,1,MIP
1421,191.63199996948242,338.79801284372456,true,0.10725273331427823,true,0.020445124970317533,6468,3948,9.8813129168249309e-324,3,1,MIP
1422,191.75500011444092,339.04090862844362,true,0.10725273331427823,true,0.020445124970317533,6471,3951,9.8813129168249309e-324,3,1,MIP
1423,191.86299991607666,339.26115201184871,true,0.10725273331427823,true,0.020445124970317533,6475,3955,9.8813129168249309e-324,3,1,MIP
1424,191.96300005912781,339.44520424726136,true,0.10725273331427823,true,0.020445124970317533,6479,3959,9.8813129168249309e-324,3,1,MIP
1425,192.07100009918213,339.6508135508227,true,0.10725273331427823,true,0.020445124970317533,6483,3963,9.8813129168249309e-324,3,1,MIP
1426,192.17600011825562,339.85902064160626,true,0.10725273331427823,true,0.020445124970317533,6487,3967,9.8813129168249309e-324,3,1,MIP
1427,192.28200006484985,340.06675759296553,true,0.10725273331427823,true,0.020445124970317533,6499,3972,9.8813129168249309e-324,3,1,MIP
1428,192.39400005340576,340.26412282703598,true,0.10725273331427823,true,0.020445124970317533,6508,3974,9.8813129168249309e-324,3,1,MIP
1429,192.41100001335144,340.29041325285147,true,0.10725273331427823,true,0.020451920350805557,6509,3975,9.8813129168249309e-324,3,1,MIP
1430,192.54800009727478,340.5315951456007,true,0.10725273331427823,true,0.020451920350805557,6513,3979,9.8813129168249309e-324,3,1,MIP
1431,192.69400000572205,340.82787905857407,true,0.10725273331427823,true,0.020451920350805557,6515,3981,9.8813129168249309e-324,3,1,MIP
1432,192.80900001525879,341.0449942444306,true,0.10725273331427823,true,0.020451920350805557,6518,3984,9.8813129168249309e-324,3,1,MIP
1433,192.94199991226196,341.32244869606495,true,0.10725273331427823,true,0.020451920350805557,6520,3986,9.8813129168249309e-324,3,1,MIP
1434,193.05800008773804,341.54561701985142,true,0.10725273331427823,true,0.020451920350805557,6526,3990,9.8813129168249309e-324,3,1,MIP
1435,193.17700004577637,341.78991406966912,true,0.10725273331427823,true,0.020451920350805557,6532,3994,9.8813129168249309e-324,3,1,MIP
1436,193.29100012779236,342.00068543588259,true,0.10725273331427823,true,0.020451920350805557,6540,3998,9.8813129168249309e-324,3,1,MIP
1437,193.43199992179871,342.26192283187265,true,0.10725273331427823,true,0.020451920350805557,6555,4003,9.8813129168249309e-324,3,1,MIP
1438,193.53699994087219,342.45991511525835,true,0.10725273331427823,true,0.020451920350805557,6561,4007,9.8813129168249309e-324,3,1,MIP
1439,193.64800000190735,342.6544459502046,true,0.10725273331427823,true,0.020451920350805557,6569,4006,9.8813129168249309e-324,3,1,MIP
1440,193.79299998283386,342.92753872602833,true,0.10725273331427823,true,0.020459936333942053,6572,4007,9.8813129168249309e-324,3,1,MIP
1441,193.94799995422363,343.245746463052,true,0.10725273331427823,true,0.020459936333942053,6573,4006,9.8813129168249309e-324,3,1,MIP
1442,194.18499994277954,343.75748742456636,true,0.10725273331427823,true,0.020459936333942053,6576,4005,9.8813129168249309e-324,3,1,MIP
1443,194.29999995231628,343.99902686811708,true,0.10725273331427823,true,0.020459936333942053,6577,4006,9.8813129168249309e-324,3,1,MIP
1444,194.42400002479553,344.24086844238462,true,0.10725273331427823,true,0.020459936333942053,6581,4010,9.8813129168249309e-324,3,1,MIP
1445,194.52699995040894,344.45873740960081,true,0.10725273331427823,true,0.020459936333942053,6589,4016,9.8813129168249309e-324,3,1,MIP
1446,194.64100003242493,344.65995747892026,true,0.10725273331427823,true,0.020459936333942053,6594,4019,9.8813129168249309e-324,3,1,MIP
1447,194.75399994850159,344.85078975114857,true,0.10725273331427823,true,0.020459936333942053,6601,4022,9.8813129168249309e-324,3,1,MIP
1448,194.95300006866455,345.24651781601574,true,0.10725273331427823,true,0.020459936333942053,6609,4022,9.8813129168249309e-324,3,1,MIP
1449,194.98399996757507,345.3071764532757,true,0.10725273331427823,true,0.020460285366846312,6610,4023,9.8813129168249309e-324,3,1,MIP
1450,195.09700012207031,345.54281265590595,true,0.10725273331427823,true,0.020460285366846312,6611,4024,9.8813129168249309e-324,3,1,MIP
1451,195.26999998092651,345.91765441846138,true,0.10725273331427823,true,0.020460285366846312,6614,4025,9.8813129168249309e-324,3,1,MIP
1452,195.38000011444092,346.15337074280353,true,0.10725273331427823,true,0.020460285366846312,6616,4023,9.8813129168249309e-324,3,1,MIP
1453,195.51800012588501,346.41710613627947,true,0.10725273331427823,true,0.020460285366846312,6622,4027,9.8813129168249309e-324,3,1,MIP
1454,195.64800000190735,346.68269606703836,true,0.10725273331427823,true,0.020460285366846312,6629,4026,9.8813129168249309e-324,3,1,MIP
1455,195.66700005531311,346.71099607215626,true,0.10725273331427823,true,0.020466809506689689,6630,4027,9.8813129168249309e-324,3,1,MIP
1456,195.77099990844727,346.88966995242953,true,0.10725273331427823,true,0.020466809506689689,6635,4032,9.8813129168249309e-324,3,1,MIP
1457,195.87700009346008,347.08024811017754,true,0.10725273331427823,true,0.020466809506689689,6640,4037,9.8813129168249309e-324,3,1,MIP
1458,195.9850001335144,347.24884616991346,true,0.10725273331427823,true,0.020466809506689689,6652,4049,9.8813129168249309e-324,3,1,MIP
1459,196.23300004005432,347.74395744583683,true,0.10725273331427823,true,0.020466809506689689,6662,4051,9.8813129168249309e-324,3,1,MIP
1460,196.23399996757507,347.74445838483683,true,0.10725273331427823,true,0.020469519184483538,6663,4050,9.8813129168249309e-324,3,1,MIP
1461,196.44300007820129,348.18225034753857,true,0.10725273331427823,true,0.020469519184483538,6664,4049,9.8813129168249309e-324,3,1,MIP
1462,196.57800006866455,348.45783621691237,true,0.10725273331427823,true,0.020469519184483538,6665,4050,9.8813129168249309e-324,3,1,MIP
1463,196.73099994659424,348.7700700309702,true,0.10725273331427823,true,0.020471376350541023,6666,4051,9.8813129168249309e-324,3,1,MIP
1464,196.8529999256134,349.02826238422307,true,0.10725273331427823,true,0.020471376350541023,6668,4053,9.8813129168249309e-324,3,1,MIP
1465,196.95600008964539,349.25812189263297,true,0.10725273331427823,true,0.020471376350541023,6675,4054,9.8813129168249309e-324,3,1,MIP
1466,197.07299995422363,349.49153995857313,true,0.10725273331427823,true,0.020471376350541023,6682,4053,9.8813129168249309e-324,3,1,MIP
1467,197.1800000667572,349.71308194538165,true,0.10725273331427823,true,0.020471376350541023,6689,4054,9.8813129168249309e-324,3,1,MIP
1468,197.2960000038147,349.92072331927443,true,0.10725273331427823,true,0.020471376350541023,6693,4052,9.8813129168249309e-324,3,1,MIP
1469,197.32299995422363,349.95821450653796,true,0.10725273331427823,true,0.020472484439973078,6694,4053,9.8813129168249309e-324,3,1,MIP
1470,197.44199991226196,350.17681133747936,true,0.10725273331427823,true,0.020472484439973078,6697,4056,9.8813129168249309e-324,3,1,MIP
1471,197.5460000038147,350.35437045206294,true,0.10725273331427823,true,0.020472484439973078,6704,4062,9.8813129168249309e-324,3,1,MIP
1472,197.65700006484985,350.5777123240739,true,0.10725273331427823,true,0.020472484439973078,6711,4061,9.8813129168249309e-324,3,1,MIP
1473,197.71200013160706,350.67733223149486,true,0.10725273331427823,true,0.020478279899434078,6712,4062,9.8813129168249309e-324,3,1,MIP
1474,197.87000012397766,351.00298084802967,true,0.10725273331427823,true,0.020478279899434078,6714,4064,9.8813129168249309e-324,3,1,MIP
1475,197.98399996757507,351.22277345734551,true,0.10725273331427823,true,0.020478279899434078,6718,4068,9.8813129168249309e-324,3,1,MIP
1476,198.13800001144409,351.50336573240679,true,0.10725273331427823,true,0.020478279899434078,6724,4073,9.8813129168249309e-324,3,1,MIP
1477,198.23900008201599,351.69175384813843,true,0.10725273331427823,true,0.020478279899434078,6733,4077,9.8813129168249309e-324,3,1,MIP
1478,198.36100006103516,351.91034216266138,true,0.10725273331427823,true,0.020478789799439935,6736,4078,9.8813129168249309e-324,3,1,MIP
1479,198.48699998855591,352.15148777622591,true,0.10725273331427823,true,0.020478789799439935,6739,4081,9.8813129168249309e-324,3,1,MIP
1480,198.60199999809265,352.36844258798487,true,0.10725273331427823,true,0.020478789799439935,6744,4086,9.8813129168249309e-324,3,1,MIP
1481,198.71700000762939,352.55390511793968,true,0.10725273331427823,true,0.020478789799439935,6752,4094,9.8813129168249309e-324,3,1,MIP
1482,198.82699990272522,352.73297485540411,true,0.10725273331427823,true,0.020478789799439935,6761,4103,9.8813129168249309e-324,3,1,MIP
1483,198.92700004577637,352.90189573566778,true,0.10725273331427823,true,0.020478789799439935,6771,4109,9.8813129168249309e-324,3,1,MIP
1484,199.03299999237061,353.07002452865692,true,0.10725273331427823,true,0.020478789799439935,6784,4122,9.8813129168249309e-324,3,1,MIP
1485,199.17400002479553,353.3449443492118,true,0.10725273331427823,true,0.020478789799439935,6792,4122,9.8813129168249309e-324,3,1,MIP
1486,199.29399991035461,353.5516491704779,true,0.10725273331427823,true,0.020478789799439935,6796,4126,9.8813129168249309e-324,3,1,MIP
1487,199.43799996376038,353.80315987455492,true,0.10725273331427823,true,0.020478789799439935,6800,4130,9.8813129168249309e-324,3,1,MIP
1488,199.54699993133545,354.0031358940131,true,0.10725273331427823,true,0.020478789799439935,6806,4136,9.8813129168249309e-324,3,1,MIP
1489,199.65199995040894,354.19928247708663,true,0.10725273331427823,true,0.020478789799439935,6818,4148,9.8813129168249309e-324,3,1,MIP
1490,199.75399994850159,354.37309524397904,true,0.10725273331427823,true,0.020478789799439935,6833,4159,9.8813129168249309e-324,3,1,MIP
1491,199.87000012397766,354.59766059007234,true,0.10725273331427823,true,0.020478789799439935,6841,4159,9.8813129168249309e-324,3,1,MIP
1492,199.88599991798401,354.6255768066647,true,0.10725273331427823,true,0.020511389175994457,6842,4160,9.8813129168249309e-324,3,1,MIP
1493,200.03399991989136,354.9119186941146,true,0.10725273331427823,true,0.020511389175994457,6845,4163,9.8813129168249309e-324,3,1,MIP
1494,200.16700005531311,355.1485495426441,true,0.10725273331427823,true,0.020511389175994457,6848,4166,9.8813129168249309e-324,3,1,MIP
1495,200.2960000038147,355.3961203744347,true,0.10725273331427823,true,0.020511389175994457,6855,4173,9.8813129168249309e-324,3,1,MIP
1496,200.42400002479553,355.62504482336118,true,0.10725273331427823,true,0.020511389175994457,6859,4176,9.8813129168249309e-324,3,1,MIP
1497,200.53800010681152,355.81849245302442,true,0.10725273331427823,true,0.020511389175994457,6866,4181,9.8813129168249309e-324,3,1,MIP
1498,200.69000005722046,356.11577110861123,true,0.10725273331427823,true,0.020511389175994457,6874,4184,9.8813129168249309e-324,3,1,MIP
1499,200.71700000762939,356.15817652801866,true,0.10725273331427823,true,0.020527234434320994,6875,4185,9.8813129168249309e-324,3,1,MIP
1500,200.83700013160706,356.41122702843467,true,0.10725273331427823,true,0.020527234434320994,6877,4187,9.8813129168249309e-324,3,1,MIP
1501,200.96600008010864,356.64172481590816,true,0.10725273331427823,true,0.020527234434320994,6882,4192,9.8813129168249309e-324,3,1,MIP
1502,201.07400012016296,356.84676813502301,true,0.10725273331427823,true,0.020527234434320994,6888,4198,9.8813129168249309e-324,3,1,MIP
1503,201.17700004577637,357.04101296005467,true,0.10725273331427823,true,0.020527234434320994,6892,4198,9.8813129168249309e-324,3,1,MIP
1504,201.29900002479553,357.28082932530509,true,0.10725273331427823,true,0.020527234434320994,6894,4198,9.8813129168249309e-324,3,1,MIP
1505,201.3659999370575,357.4131400174046,true,0.10725273331427823,true,0.020531809713460889,6895,4199,9.8813129168249309e-324,3,1,MIP
1506,201.47699999809265,357.64940454542494,true,0.10725273331427823,true,0.020531809713460889,6898,4202,9.8813129168249309e-324,3,1,MIP
1507,201.59999990463257,357.90926543105559,true,0.10725273331427823,true,0.020531809713460889,6904,4208,9.8813129168249309e-324,3,1,MIP
1508,201.77999997138977,358.26265479684633,true,0.10725273331427823,true,0.020531809713460889,6918,4212,9.8813129168249309e-324,3,1,MIP
1509,201.88199996948242,358.4332828400477,true,0.10725273331427823,true,0.020531809713460889,6921,4215,9.8813129168249309e-324,3,1,MIP
1510,202.04299998283386,358.74657323313278,true,0.10725273331427823,true,0.020531809713460889,6924,4218,9.8813129168249309e-324,3,1,MIP
1511,202.16499996185303,358.9879461210611,true,0.10725273331427823,true,0.020531809713460889,6926,4220,9.8813129168249309e-324,3,1,MIP
1512,202.26999998092651,359.16019229725242,true,0.10725273331427823,true,0.020531809713460889,6930,4224,9.8813129168249309e-324,3,1,MIP
1513,202.38800001144409,359.38274241592643,true,0.10725273331427823,true,0.020531809713460889,6937,4231,9.8813129168249309e-324,3,1,MIP
1514,202.5310001373291,359.66447417758229,true,0.10725273331427823,true,0.020531809713460889,6944,4234,9.8813129168249309e-324,3,1,MIP
1515,202.65400004386902,359.91087412229354,true,0.10725273331427823,true,0.020531809713460889,6951,4239,9.8813129168249309e-324,3,1,MIP
1516,202.76600003242493,360.13708350816887,true,0.10725273331427823,true,0.020531809713460889,6953,4239,9.8813129168249309e-324,3,1,MIP
1517,202.89300012588501,360.38754199729107,true,0.10725273331427823,true,0.020531809713460889,6957,4240,9.8813129168249309e-324,3,1,MIP
1518,202.99799990653992,360.59170972186456,true,0.10725273331427823,true,0.020531809713460889,6966,4241,9.8813129168249309e-324,3,1,MIP
1519,203.1470000743866,360.87902824176723,true,0.10725273331427823,true,0.020531809713460889,6983,4240,9.8813129168249309e-324,3,1,MIP
1520,203.29200005531311,361.16891635135755,true,0.10725273331427823,true,0.020540533372564212,6984,4241,9.8813129168249309e-324,3,1,MIP
1521,203.3970000743866,361.35132762520573,true,0.10725273331427823,true,0.020540533372564212,6986,4243,9.8813129168249309e-324,3,1,MIP
1522,203.58200001716614,361.69165229945401,true,0.10725273331427823,true,0.020540533372564212,6991,4248,9.8813129168249309e-324,3,1,MIP
1523,203.69400000572205,361.88341332953331,true,0.10725273331427823,true,0.020540533372564212,6995,4252,9.8813129168249309e-324,3,1,MIP
1524,203.83100008964539,362.13958590467786,true,0.10725273331427823,true,0.020540533372564212,7000,4257,9.8813129168249309e-324,3,1,MIP
1525,203.93499994277954,362.33537852927856,true,0.10725273331427823,true,0.020540533372564212,7004,4261,9.8813129168249309e-324,3,1,MIP
1526,204.03900003433228,362.51701647788701,true,0.10725273331427823,true,0.020540533372564212,7013,4270,9.8813129168249309e-324,3,1,MIP
1527,204.25200009346008,362.90591867532669,true,0.10725273331427823,true,0.020540533372564212,7042,4289,9.8813129168249309e-324,3,1,MIP
1528,204.35800004005432,363.09470063565209,true,0.10725273331427823,true,0.020540533372564212,7045,4292,9.8813129168249309e-324,3,1,MIP
1529,204.47200012207031,363.32713630763209,true,0.10725273331427823,true,0.020540533372564212,7048,4295,9.8813129168249309e-324,3,1,MIP
1530,204.58500003814697,363.54708440142582,true,0.10725273331427823,true,0.020540533372564212,7051,4298,9.8813129168249309e-324,3,1,MIP
1531,204.69400000572205,363.7591148391819,true,0.10725273331427823,true,0.020540533372564212,7058,4305,9.8813129168249309e-324,3,1,MIP
1532,204.80200004577637,363.96373923942201,true,0.10725273331427823,true,0.020540533372564212,7062,4309,9.8813129168249309e-324,3,1,MIP
1533,204.9300000667572,364.21892754080307,true,0.10725273331427823,true,0.020540533372564212,7068,4315,9.8813129168249309e-324,3,1,MIP
1534,205.05999994277954,364.49653077963967,true,0.10725273331427823,true,0.020540533372564212,7074,4321,9.8813129168249309e-324,3,1,MIP
1535,205.16300010681152,364.69095351679641,true,0.10725273331427823,true,0.020540533372564212,7080,4325,9.8813129168249309e-324,3,1,MIP
1536,205.28200006484985,364.88472251524666,true,0.10725273331427823,true,0.020540533372564212,7086,4331,9.8813129168249309e-324,3,1,MIP
1537,205.39400005340576,365.08565230707018,true,0.10725273331427823,true,0.020540533372564212,7094,4335,9.8813129168249309e-324,3,1,MIP
1538,205.49900007247925,365.26136254047111,true,0.10725273331427823,true,0.020540533372564212,7102,4343,9.8813129168249309e-324,3,1,MIP
1539,205.62000012397766,365.46716139212225,true,0.10725273331427823,true,0.020540533372564212,7134,4357,9.8813129168249309e-324,3,1,MIP
1540,205.66899991035461,365.5526316922851,true,0.10725273331427823,true,0.020548114748470632,7135,4358,9.8813129168249309e-324,3,1,MIP
1541,205.85899996757507,365.94271612038392,true,0.10725273331427823,true,0.020548114748470632,7138,4361,9.8813129168249309e-324,3,1,MIP
1542,205.98900008201599,366.19534587448163,true,0.10725273331427823,true,0.020548114748470632,7141,4364,9.8813129168249309e-324,3,1,MIP
1543,206.09500002861023,366.37615860959369,true,0.10725273331427823,true,0.020548114748470632,7146,4369,9.8813129168249309e-324,3,1,MIP
1544,206.20700001716614,366.59448813509027,true,0.10725273331427823,true,0.020548114748470632,7153,4372,9.8813129168249309e-324,3,1,MIP
1545,206.35700011253357,366.88497257284121,true,0.10725273331427823,true,0.020548114748470632,7159,4376,9.8813129168249309e-324,3,1,MIP
1546,206.45900011062622,367.09114072825781,true,0.10725273331427823,true,0.020548114748470632,7165,4375,9.8813129168249309e-324,3,1,MIP
1547,206.56900000572205,367.31921143985744,true,0.10725273331427823,true,0.020548406545903161,7166,4376,9.8813129168249309e-324,3,1,MIP
1548,206.70900011062622,367.58466887304451,true,0.10725273331427823,true,0.020548406545903161,7168,4378,9.8813129168249309e-324,3,1,MIP
1549,206.82400012016296,367.80251230897682,true,0.10725273331427823,true,0.020548406545903161,7170,4380,9.8813129168249309e-324,3,1,MIP
1550,206.96499991416931,368.06618005191058,true,0.10725273331427823,true,0.020548406545903161,7174,4384,9.8813129168249309e-324,3,1,MIP
1551,207.06900000572205,368.2507789932119,true,0.10725273331427823,true,0.020548406545903161,7181,4391,9.8813129168249309e-324,3,1,MIP
1552,207.17199993133545,368.42099711437328,true,0.10725273331427823,true,0.020548406545903161,7189,4399,9.8813129168249309e-324,3,1,MIP
1553,207.27900004386902,368.62015167170836,true,0.10725273331427823,true,0.020548406545903161,7198,4399,9.8813129168249309e-324,3,1,MIP
1554,207.3199999332428,368.6890158524501,true,0.10725273331427823,true,0.020557803002127527,7199,4400,9.8813129168249309e-324,3,1,MIP
1555,207.43099999427795,368.87630664494407,true,0.10725273331427823,true,0.020557803002127527,7203,4404,9.8813129168249309e-324,3,1,MIP
1556,207.54699993133545,369.10000938826619,true,0.10725273331427823,true,0.020557803002127527,7206,4407,9.8813129168249309e-324,3,1,MIP
1557,207.66700005531311,369.33684159354141,true,0.10725273331427823,true,0.020557803002127527,7213,4414,9.8813129168249309e-324,3,1,MIP
1558,207.85199999809265,369.67838110513446,true,0.10725273331427823,true,0.020557803002127527,7225,4419,9.8813129168249309e-324,3,1,MIP
1559,207.87299990653992,369.71297522720528,true,0.10725273331427823,true,0.020559407322287847,7226,4420,9.8813129168249309e-324,3,1,MIP
1560,207.9760000705719,369.92652000385067,true,0.10725273331427823,true,0.020559407322287847,7228,4422,9.8813129168249309e-324,3,1,MIP
1561,208.09100008010864,370.12817900084849,true,0.10725273331427823,true,0.020559407322287847,7229,4423,9.8813129168249309e-324,3,1,MIP
1562,208.21099996566772,370.35001348992353,true,0.10725273331427823,true,0.020559407322287847,7234,4428,9.8813129168249309e-324,3,1,MIP
1563,208.32200002670288,370.56815138932842,true,0.10725273331427823,true,0.020559407322287847,7241,4435,9.8813129168249309e-324,3,1,MIP
1564,208.42300009727478,370.76055913742198,true,0.10725273331427823,true,0.020559407322287847,7250,4444,9.8813129168249309e-324,3,1,MIP
1565,208.55800008773804,371.01723127955904,true,0.10725273331427823,true,0.020559407322287847,7255,4449,9.8813129168249309e-324,3,1,MIP
1566,208.67600011825562,371.22354790657533,true,0.10725273331427823,true,0.020559407322287847,7261,4448,9.8813129168249309e-324,3,1,MIP
1567,208.75,371.35223125870266,true,0.10725273331427823,true,0.020567360863072683,7263,4450,9.8813129168249309e-324,3,1,MIP
1568,208.8970000743866,371.63191548999902,true,0.10725273331427823,true,0.020567360863072683,7266,4453,9.8813129168249309e-324,3,1,MIP
1569,209.01399993896484,371.88476661916275,true,0.10725273331427823,true,0.020567360863072683,7267,4452,9.8813129168249309e-324,3,1,MIP
1570,209.16700005531311,372.20100508344609,true,0.10725273331427823,true,0.020567360863072683,7269,4452,9.8813129168249309e-324,3,1,MIP
1571,209.27500009536743,372.40013391856928,true,0.10725273331427823,true,0.020567360863072683,7272,4455,9.8813129168249309e-324,3,1,MIP
1572,209.38599991798401,372.62813860165159,true,0.10725273331427823,true,0.020567360863072683,7274,4457,9.8813129168249309e-324,3,1,MIP
1573,209.52600002288818,372.89826357093079,true,0.10725273331427823,true,0.020567360863072683,7278,4461,9.8813129168249309e-324,3,1,MIP
1574,209.64199995994568,373.08146654062631,true,0.10725273331427823,true,0.020567360863072683,7284,4465,9.8813129168249309e-324,3,1,MIP
1575,209.75600004196167,373.2853477478792,true,0.10725273331427823,true,0.020567360863072683,7290,4468,9.8813129168249309e-324,3,1,MIP
1576,209.86100006103516,373.45771549581616,true,0.10725273331427823,true,0.020567360863072683,7304,4473,9.8813129168249309e-324,3,1,MIP
1577,210.09599995613098,373.91641749578673,true,0.10725273331427823,true,0.020581071300444703,7313,4472,9.8813129168249309e-324,3,1,MIP
1578,210.21499991416931,374.12764810678169,true,0.10725273331427823,true,0.020581071300444703,7316,4475,9.8813129168249309e-324,3,1,MIP
1579,210.32500004768372,374.33426360086742,true,0.10725273331427823,true,0.020581071300444703,7318,4477,9.8813129168249309e-324,3,1,MIP
1580,210.46099996566772,374.62113985047114,true,0.10725273331427823,true,0.020581071300444703,7322,4479,9.8813129168249309e-324,3,1,MIP
1581,210.57200002670288,374.84963021428933,true,0.10725273331427823,true,0.020581071300444703,7328,4483,9.8813129168249309e-324,3,1,MIP
1582,210.69900012016296,375.12827551678396,true,0.10725273331427823,true,0.020581071300444703,7331,4484,9.8813129168249309e-324,3,1,MIP
1583,210.80699992179871,375.34152134561725,true,0.10725273331427823,true,0.020581071300444703,7340,4487,9.8813129168249309e-324,3,1,MIP
1584,211,375.7316503515811,true,0.10725273331427823,true,0.020581071300444703,7350,4488,9.8813129168249309e-324,3,1,MIP
1585,211.02800011634827,375.78661977515338,true,0.10725273331427823,true,0.02061064700997331,7351,4489,9.8813129168249309e-324,3,1,MIP
1586,211.14199995994568,376.00024540428797,true,0.10725273331427823,true,0.02061064700997331,7355,4493,9.8813129168249309e-324,3,1,MIP
1587,211.25,376.19724355597702,true,0.10725273331427823,true,0.02061064700997331,7361,4499,9.8813129168249309e-324,3,1,MIP
1588,211.47099995613098,376.6477470559899,true,0.10725273331427823,true,0.02061064700997331,7369,4498,9.8813129168249309e-324,3,1,MIP
1589,211.53999996185303,376.78688503075364,true,0.10725273331427823,true,0.02061238012619945,7370,4499,9.8813129168249309e-324,3,1,MIP
1590,211.68799996376038,377.06502810573579,true,0.10725273331427823,true,0.02061238012619945,7372,4501,9.8813129168249309e-324,3,1,MIP
1591,211.79100012779236,377.28399532390159,true,0.10725273331427823,true,0.02061238012619945,7373,4502,9.8813129168249309e-324,3,1,MIP
1592,211.89400005340576,377.4817757611105,true,0.10725273331427823,true,0.02061238012619945,7376,4505,9.8813129168249309e-324,3,1,MIP
1593,212.01300001144409,377.71986646942611,true,0.10725273331427823,true,0.02061238012619945,7379,4506,9.8813129168249309e-324,3,1,MIP
1594,212.11800003051758,377.94481928323586,true,0.10725273331427823,true,0.02061238012619945,7382,4505,9.8813129168249309e-324,3,1,MIP
1595,212.36800003051758,378.45634577314598,true,0.10725273331427823,true,0.02061238012619945,7384,4505,9.8813129168249309e-324,3,1,MIP
1596,212.45099997520447,378.63578662146006,true,0.10725273331427823,true,0.020612780354411518,7385,4506,9.8813129168249309e-324,3,1,MIP
1597,212.67400002479553,379.0974144414684,true,0.10725273331427823,true,0.020612780354411518,7387,4506,9.8813129168249309e-324,3,1,MIP
1598,212.77699995040894,379.30116484982005,true,0.10725273331427823,true,0.020612780354411518,7392,4509,9.8813129168249309e-324,3,1,MIP
1599,212.97399997711182,379.69604896248683,true,0.10725273331427823,true,0.020612780354411518,7396,4509,9.8813129168249309e-324,3,1,MIP
1600,213.07999992370605,379.92956530943837,true,0.10725273331427823,true,0.020612780354411518,7403,4509,9.8813129168249309e-324,3,1,MIP
1601,213.24900007247925,380.2853258732647,true,0.10725273331427823,true,0.020612780354411518,7406,4508,9.8813129168249309e-324,3,1,MIP
1602,213.34599995613098,380.48862841123213,true,0.10725273331427823,true,0.020615158619016999,7407,4507,9.8813129168249309e-324,3,1,MIP
1603,213.60500001907349,381.03195438203977,true,0.10725273331427823,true,0.020615158619016999,7408,4506,9.8813129168249309e-324,3,1,MIP
1604,213.71200013160706,381.24537330294402,true,0.10725273331427823,true,0.020615158619016999,7409,4507,9.8813129168249309e-324,3,1,MIP
1605,213.74000000953674,381.28606516143287,true,0.10725273331427823,true,0.020620405667127625,7410,4508,9.8813129168249309e-324,3,1,MIP
1606,213.87199997901917,381.5215952944215,true,0.10725273331427823,true,0.020620405667127625,7413,4511,9.8813129168249309e-324,3,1,MIP
1607,214.01999998092651,381.80282314604335,true,0.10725273331427823,true,0.020620405667127625,7416,4514,9.8813129168249309e-324,3,1,MIP
1608,214.13599991798401,382.02559733454109,true,0.10725273331427823,true,0.020620405667127625,7419,4517,9.8813129168249309e-324,3,1,MIP
1609,214.32299995422363,382.39334580099757,true,0.10725273331427823,true,0.020620405667127625,7422,4520,9.8813129168249309e-324,3,1,MIP
1610,214.44199991226196,382.63050009627585,true,0.10725273331427823,true,0.020620405667127625,7425,4523,9.8813129168249309e-324,3,1,MIP
1611,214.55400013923645,382.85097026223872,true,0.10725273331427823,true,0.020620405667127625,7428,4526,9.8813129168249309e-324,3,1,MIP
1612,214.67700004577637,383.07544881357842,true,0.10725273331427823,true,0.020620405667127625,7433,4531,9.8813129168249309e-324,3,1,MIP
1613,214.78999996185303,383.2719816191979,true,0.10725273331427823,true,0.020620405667127625,7437,4535,9.8813129168249309e-324,3,1,MIP
1614,214.89000010490417,383.47212546026907,true,0.10725273331427823,true,0.020620405667127625,7441,4539,9.8813129168249309e-324,3,1,MIP
1615,214.99900007247925,383.67460410038797,true,0.10725273331427823,true,0.020620405667127625,7447,4544,9.8813129168249309e-324,3,1,MIP
1616,215.10400009155273,383.87495058414305,true,0.10725273331427823,true,0.020620405667127625,7455,4550,9.8813129168249309e-324,3,1,MIP
1617,215.20700001716614,384.05516167689689,true,0.10725273331427823,true,0.020620405667127625,7463,4558,9.8813129168249309e-324,3,1,MIP
1618,215.31800007820129,384.21987545625723,true,0.10725273331427823,true,0.020620405667127625,7473,4566,9.8813129168249309e-324,3,1,MIP
1619,215.41899991035461,384.38415453393776,true,0.10725273331427823,true,0.020620405667127625,7486,4576,9.8813129168249309e-324,3,1,MIP
1620,215.5220000743866,384.54648777945499,true,0.10725273331427823,true,0.020620405667127625,7498,4588,9.8813129168249309e-324,3,1,MIP
1621,215.62299990653992,384.69883867584156,true,0.10725273331427823,true,0.020620405667127625,7510,4600,9.8813129168249309e-324,3,1,MIP
1622,215.84400010108948,385.13002030727637,true,0.10725273331427823,true,0.020620405667127625,7518,4594,9.8813129168249309e-324,3,1,MIP
1623,215.93300008773804,385.30408354875698,true,0.10725273331427823,true,0.020634740919347597,7519,4595,9.8813129168249309e-324,3,1,MIP
1624,215.97699999809265,385.37675944354976,true,0.10725273331427823,true,0.020639893498680652,7520,4596,9.8813129168249309e-324,3,1,MIP
1625,216.09899997711182,385.60896080815036,true,0.10725273331427823,true,0.020639893498680652,7521,4597,9.8813129168249309e-324,3,1,MIP
1626,216.20499992370605,385.8224767762913,true,0.10725273331427823,true,0.020639893498680652,7527,4599,9.8813129168249309e-324,3,1,MIP
1627,216.35500001907349,386.13458224966121,true,0.10725273331427823,true,0.020639893498680652,7533,4595,9.8813129168249309e-324,3,1,MIP
1628,216.46799993515015,386.37128690758971,true,0.10725273331427823,true,0.020639893498680652,7534,4596,9.8813129168249309e-324,3,1,MIP
1629,216.58400011062622,386.58545702606762,true,0.10725273331427823,true,0.020639893498680652,7536,4598,9.8813129168249309e-324,3,1,MIP
1630,216.6949999332428,386.80250204488357,true,0.10725273331427823,true,0.020639893498680652,7538,4600,9.8813129168249309e-324,3,1,MIP
1631,216.80699992179871,387.00659266435679,true,0.10725273331427823,true,0.020639893498680652,7541,4601,9.8813129168249309e-324,3,1,MIP
1632,216.92300009727478,387.21873888798837,true,0.10725273331427823,true,0.020639893498680652,7545,4603,9.8813129168249309e-324,3,1,MIP
1633,217.13800001144409,387.58901346024709,true,0.10725273331427823,true,0.020639893498680652,7547,4603,9.8813129168249309e-324,3,1,MIP
1634,217.38599991798401,388.09643845280516,true,0.10725273331427823,true,0.020639893498680652,7553,4599,9.8813129168249309e-324,3,1,MIP
1635,217.52300000190735,388.38387769282213,true,0.10725273331427823,true,0.020639893498680652,7554,4598,9.8813129168249309e-324,3,1,MIP
1636,218.77800011634827,390.3587154085497,true,0.10725273331427823,true,0.020639893498680652,7555,4599,9.8813129168249309e-324,3,1,MIP
1637,218.82599997520447,390.44308633892473,true,0.10725273331427823,true,0.020652434166259996,7556,4600,9.8813129168249309e-324,3,1,MIP
1638,218.92700004577637,390.65128185219231,true,0.10725273331427823,true,0.020652434166259996,7559,4603,9.8813129168249309e-324,3,1,MIP
1639,219.0460000038147,390.87580117562044,true,0.10725273331427823,true,0.020652434166259996,7564,4608,9.8813129168249309e-324,3,1,MIP
1640,219.15400004386902,391.05630883775024,true,0.10725273331427823,true,0.020652434166259996,7570,4614,9.8813129168249309e-324,3,1,MIP
1641,219.33500003814697,391.3855208560966,true,0.10725273331427823,true,0.020652434166259996,7595,4624,9.8813129168249309e-324,3,1,MIP
1642,219.37000012397766,391.44713455887421,true,0.10725273331427823,true,0.020657546614503614,7596,4625,9.8813129168249309e-324,3,1,MIP
1643,219.48200011253357,391.65258854619185,true,0.10725273331427823,true,0.020657546614503614,7599,4628,9.8813129168249309e-324,3,1,MIP
1644,219.60199999809265,391.87509268964857,true,0.10725273331427823,true,0.020657546614503614,7602,4631,9.8813129168249309e-324,3,1,MIP
1645,219.79299998283386,392.18411468331959,true,0.10725273331427823,true,0.020657546614503614,7606,4635,9.8813129168249309e-324,3,1,MIP
1646,219.96200013160706,392.51781163980451,true,0.10725273331427823,true,0.020657546614503614,7609,4636,9.8813129168249309e-324,3,1,MIP
1647,220.07999992370605,392.71132860404794,true,0.10725273331427823,true,0.020657546614503614,7611,4636,9.8813129168249309e-324,3,1,MIP
1648,220.1800000667572,392.90688562394018,true,0.10725273331427823,true,0.020657546614503614,7616,4639,9.8813129168249309e-324,3,1,MIP
1649,220.33899998664856,393.21893204767213,true,0.10725273331427823,true,0.020657546614503614,7622,4637,9.8813129168249309e-324,3,1,MIP
1650,220.36400008201599,393.25826437837208,true,0.10725273331427823,true,0.020657829329084811,7623,4638,9.8813129168249309e-324,3,1,MIP
1651,220.5239999294281,393.5731655732161,true,0.10725273331427823,true,0.020657829329084811,7626,4641,9.8813129168249309e-324,3,1,MIP
1652,220.6489999294281,393.79613493626056,true,0.10725273331427823,true,0.020657829329084811,7631,4646,9.8813129168249309e-324,3,1,MIP
1653,220.75399994850159,393.99340573910121,true,0.10725273331427823,true,0.020657829329084811,7635,4650,9.8813129168249309e-324,3,1,MIP
1654,220.85599994659424,394.20042331698278,true,0.10725273331427823,true,0.020657829329084811,7640,4655,9.8813129168249309e-324,3,1,MIP
1655,220.96900010108948,394.40418956327238,true,0.10725273331427823,true,0.020657829329084811,7644,4659,9.8813129168249309e-324,3,1,MIP
1656,221.0699999332428,394.60856114424297,true,0.10725273331427823,true,0.020657829329084811,7650,4665,9.8813129168249309e-324,3,1,MIP
1657,221.23600006103516,394.95321557471169,true,0.10725273331427823,true,0.020657829329084811,7659,4665,9.8813129168249309e-324,3,1,MIP
1658,221.25999999046326,394.99306123001435,true,0.10725273331427823,true,0.020679326681524425,7660,4666,9.8813129168249309e-324,3,1,MIP
1659,221.36199998855591,395.18191673347405,true,0.10725273331427823,true,0.020679326681524425,7663,4669,9.8813129168249309e-324,3,1,MIP
1660,221.49399995803833,395.44670702484274,true,0.10725273331427823,true,0.020679326681524425,7666,4672,9.8813129168249309e-324,3,1,MIP
1661,221.60899996757507,395.6566144721541,true,0.10725273331427823,true,0.020679326681524425,7670,4676,9.8813129168249309e-324,3,1,MIP
1662,221.71399998664856,395.84272345331692,true,0.10725273331427823,true,0.020679326681524425,7674,4680,9.8813129168249309e-324,3,1,MIP
1663,221.83299994468689,396.08126992416595,true,0.10725273331427823,true,0.020679326681524425,7680,4686,9.8813129168249309e-324,3,1,MIP
1664,221.96799993515015,396.33293991660253,true,0.10725273331427823,true,0.020679326681524425,7683,4687,9.8813129168249309e-324,3,1,MIP
1665,222.07100009918213,396.54802087794445,true,0.10725273331427823,true,0.020679326681524425,7688,4690,9.8813129168249309e-324,3,1,MIP
1666,222.28800010681152,396.97052241063676,true,0.10725273331427823,true,0.020679326681524425,7703,4691,9.8813129168249309e-324,3,1,MIP
1667,222.33899998664856,397.06866751721742,true,0.10725273331427823,true,0.020680303288799402,7704,4692,9.8813129168249309e-324,3,1,MIP
1668,222.46799993515015,397.29517355077246,true,0.10725273331427823,true,0.020680303288799402,7709,4697,9.8813129168249309e-324,3,1,MIP
1669,222.61700010299683,397.60094670061397,true,0.10725273331427823,true,0.020680303288799402,7710,4696,9.8813129168249309e-324,3,1,MIP
1670,222.73099994659424,397.81988848845731,true,0.10725273331427823,true,0.020680303288799402,7713,4697,9.8813129168249309e-324,3,1,MIP
1671,222.83200001716614,397.98591244022623,true,0.10725273331427823,true,0.020680303288799402,7717,4701,9.8813129168249309e-324,3,1,MIP
1672,222.94799995422363,398.18842001674602,true,0.10725273331427823,true,0.020680303288799402,7723,4704,9.8813129168249309e-324,3,1,MIP
1673,223.05900001525879,398.38747669611524,true,0.10725273331427823,true,0.020680303288799402,7730,4711,9.8813129168249309e-324,3,1,MIP
1674,223.21300005912781,398.6622196020287,true,0.10725273331427823,true,0.020680303288799402,7745,4718,9.8813129168249309e-324,3,1,MIP
1675,223.23600006103516,398.69827555105752,true,0.10725273331427823,true,0.020704500595658357,7746,4719,9.8813129168249309e-324,3,1,MIP
1676,223.38800001144409,398.98831136486911,true,0.10725273331427823,true,0.020704500595658357,7749,4722,9.8813129168249309e-324,3,1,MIP
1677,223.49799990653992,399.19673825752238,true,0.10725273331427823,true,0.020704500595658357,7752,4725,9.8813129168249309e-324,3,1,MIP
1678,223.62000012397766,399.42115599725116,true,0.10725273331427823,true,0.020704500595658357,7757,4730,9.8813129168249309e-324,3,1,MIP
1679,223.73300004005432,399.63648617867648,true,0.10725273331427823,true,0.020704500595658357,7761,4734,9.8813129168249309e-324,3,1,MIP
1680,223.86400008201599,399.8781679002426,true,0.10725273331427823,true,0.020704500595658357,7766,4735,9.8813129168249309e-324,3,1,MIP
1681,223.98699998855591,400.1072993603658,true,0.10725273331427823,true,0.020704500595658357,7782,4743,9.8813129168249309e-324,3,1,MIP
1682,224.02099990844727,400.16737031936594,true,0.10725273331427823,true,0.020704934349255789,7783,4744,9.8813129168249309e-324,3,1,MIP
1683,224.16499996185303,400.46812182940897,true,0.10725273331427823,true,0.020704934349255789,7786,4747,9.8813129168249309e-324,3,1,MIP
1684,224.26699995994568,400.66749489855368,true,0.10725273331427823,true,0.020704934349255789,7789,4750,9.8813129168249309e-324,3,1,MIP
1685,224.37199997901917,400.84281498657293,true,0.10725273331427823,true,0.020704934349255789,7795,4756,9.8813129168249309e-324,3,1,MIP
1686,224.47499990463257,401.04585764805529,true,0.10725273331427823,true,0.020704934349255789,7798,4759,9.8813129168249309e-324,3,1,MIP
1687,224.57599997520447,401.24182659465129,true,0.10725273331427823,true,0.020704934349255789,7803,4764,9.8813129168249309e-324,3,1,MIP
1688,224.68099999427795,401.45981941929631,true,0.10725273331427823,true,0.020704934349255789,7806,4767,9.8813129168249309e-324,3,1,MIP
1689,224.79299998283386,401.67738448580138,true,0.10725273331427823,true,0.020704934349255789,7811,4772,9.8813129168249309e-324,3,1,MIP
1690,224.90100002288818,401.87449400309907,true,0.10725273331427823,true,0.020704934349255789,7818,4777,9.8813129168249309e-324,3,1,MIP
1691,225.00699996948242,402.04576062363941,true,0.10725273331427823,true,0.020704934349255789,7829,4786,9.8813129168249309e-324,3,1,MIP
1692,225.12100005149841,402.23531674746897,true,0.10725273331427823,true,0.020704934349255789,7840,4794,9.8813129168249309e-324,3,1,MIP
1693,225.22300004959106,402.40200071051703,true,0.10725273331427823,true,0.020704934349255789,7853,4807,9.8813129168249309e-324,3,1,MIP
1694,225.33200001716614,402.56990607736236,true,0.10725273331427823,true,0.020704934349255789,7865,4813,9.8813129168249309e-324,3,1,MIP
1695,225.44300007820129,402.75061510763464,true,0.10725273331427823,true,0.020704934349255789,7875,4823,9.8813129168249309e-324,3,1,MIP
1696,225.5550000667572,402.93760812264384,true,0.10725273331427823,true,0.020704934349255789,7884,4830,9.8813129168249309e-324,3,1,MIP
1697,225.70099997520447,403.19656621851396,true,0.10725273331427823,true,0.020704934349255789,7897,4831,9.8813129168249309e-324,3,1,MIP
1698,225.73099994659424,403.25030515949049,true,0.10725273331427823,true,0.020715245906020228,7898,4832,9.8813129168249309e-324,3,1,MIP
1699,225.83500003814697,403.45924446752059,true,0.10725273331427823,true,0.020715245906020228,7900,4834,9.8813129168249309e-324,3,1,MIP
1700,225.96700000762939,403.7162809190055,true,0.10725273331427823,true,0.020715245906020228,7904,4838,9.8813129168249309e-324,3,1,MIP
1701,226.07400012016296,403.90364957072603,true,0.10725273331427823,true,0.020715245906020228,7910,4844,9.8813129168249309e-324,3,1,MIP
1702,226.18600010871887,404.09915088924788,true,0.10725273331427823,true,0.020715245906020228,7915,4849,9.8813129168249309e-324,3,1,MIP
1703,226.29900002479553,404.29501780146512,true,0.10725273331427823,true,0.020715245906020228,7922,4856,9.8813129168249309e-324,3,1,MIP
1704,226.40100002288818,404.48454080904878,true,0.10725273331427823,true,0.020715245906020228,7933,4857,9.8813129168249309e-324,3,1,MIP
1705,226.46000003814697,404.59618664687582,true,0.10725273331427823,true,0.020742012887587334,7934,4858,9.8813129168249309e-324,3,1,MIP
1706,226.56800007820129,404.82766759940961,true,0.10725273331427823,true,0.020742012887587334,7936,4860,9.8813129168249309e-324,3,1,MIP
1707,226.67700004577637,405.02411262914751,true,0.10725273331427823,true,0.020742012887587334,7939,4863,9.8813129168249309e-324,3,1,MIP
1708,226.79500007629395,405.27266362022982,true,0.10725273331427823,true,0.020742012887587334,7943,4865,9.8813129168249309e-324,3,1,MIP
1709,226.92400002479553,405.50425914575209,true,0.10725273331427823,true,0.020742012887587334,7948,4870,9.8813129168249309e-324,3,1,MIP
1710,227.02500009536743,405.72403398801333,true,0.10725273331427823,true,0.020742012887587334,7952,4872,9.8813129168249309e-324,3,1,MIP
1711,227.13700008392334,405.93410838328799,true,0.10725273331427823,true,0.020742012887587334,7957,4875,9.8813129168249309e-324,3,1,MIP
1712,227.24500012397766,406.11564144812257,true,0.10725273331427823,true,0.020742012887587334,7962,4880,9.8813129168249309e-324,3,1,MIP
1713,227.34800004959106,406.30220709826278,true,0.10725273331427823,true,0.020742012887587334,7967,4885,9.8813129168249309e-324,3,1,MIP
1714,227.45199990272522,406.49419606233124,true,0.10725273331427823,true,0.020742012887587334,7972,4890,9.8813129168249309e-324,3,1,MIP
1715,227.56900000572205,406.70520505233134,true,0.10725273331427823,true,0.020742012887587334,7976,4892,9.8813129168249309e-324,3,1,MIP
1716,227.67700004577637,406.87494568786349,true,0.10725273331427823,true,0.020742012887587334,7982,4898,9.8813129168249309e-324,3,1,MIP
1717,227.8529999256134,407.21793698178305,true,0.10725273331427823,true,0.020742012887587334,7992,4899,9.8813129168249309e-324,3,1,MIP
1718,228.02800011634827,407.56566142484189,true,0.10725273331427823,true,0.020743513316317273,7993,4900,9.8813129168249309e-324,3,1,MIP
1719,228.15100002288818,407.80137454932418,true,0.10725273331427823,true,0.020743513316317273,7996,4903,9.8813129168249309e-324,3,1,MIP
1720,228.25399994850159,407.98636017158179,true,0.10725273331427823,true,0.020743513316317273,8000,4907,9.8813129168249309e-324,3,1,MIP
1721,228.37100005149841,408.2133036414204,true,0.10725273331427823,true,0.020743513316317273,8006,4913,9.8813129168249309e-324,3,1,MIP
1722,228.47499990463257,408.41100236379918,true,0.10725273331427823,true,0.020743513316317273,8011,4918,9.8813129168249309e-324,3,1,MIP
1723,228.59899997711182,408.63917558618073,true,0.10725273331427823,true,0.020743513316317273,8016,4923,9.8813129168249309e-324,3,1,MIP
1724,228.70499992370605,408.85099597867975,true,0.10725273331427823,true,0.020743513316317273,8023,4930,9.8813129168249309e-324,3,1,MIP
1725,228.93300008773804,409.31694434181793,true,0.10725273331427823,true,0.020743513316317273,8032,4932,9.8813129168249309e-324,3,1,MIP
1726,228.97300004959106,409.39206594255103,true,0.10725273331427823,true,0.020754196426752275,8033,4933,9.8813129168249309e-324,3,1,MIP
1727,229.08999991416931,409.62340823000579,true,0.10725273331427823,true,0.020754196426752275,8036,4936,9.8813129168249309e-324,3,1,MIP
1728,229.20600008964539,409.83890450148755,true,0.10725273331427823,true,0.020754196426752275,8040,4940,9.8813129168249309e-324,3,1,MIP
1729,229.31299996376038,410.04418501477323,true,0.10725273331427823,true,0.020754196426752275,8044,4944,9.8813129168249309e-324,3,1,MIP
1730,229.43499994277954,410.28810687005625,true,0.10725273331427823,true,0.020754196426752275,8048,4948,9.8813129168249309e-324,3,1,MIP
1731,229.54500007629395,410.50121397809335,true,0.10725273331427823,true,0.020754196426752275,8054,4952,9.8813129168249309e-324,3,1,MIP
1732,229.7039999961853,410.80632625287694,true,0.10725273331427823,true,0.020754196426752275,8058,4952,9.8813129168249309e-324,3,1,MIP
1733,229.75800013542175,410.91253432912072,true,0.10725273331427823,true,0.020774105500512684,8059,4953,9.8813129168249309e-324,3,1,MIP
1734,229.875,411.147355460092,true,0.10725273331427823,true,0.020774105500512684,8065,4959,9.8813129168249309e-324,3,1,MIP
1735,229.9779999256134,411.35210281078264,true,0.10725273331427823,true,0.020774105500512684,8073,4965,9.8813129168249309e-324,3,1,MIP
1736,230.21700000762939,411.83023388577294,true,0.10725273331427823,true,0.020774105500512684,8094,4972,9.8813129168249309e-324,3,1,MIP
1737,230.32699990272522,412.07531953340219,true,0.10725273331427823,true,0.02077519554525965,8095,4973,9.8813129168249309e-324,3,1,MIP
1738,230.35700011253357,412.11849907652828,true,0.10725273331427823,true,0.020775793262258181,8096,4974,9.8813129168249309e-324,3,1,MIP
1739,230.47300004959106,412.33921413932325,true,0.10725273331427823,true,0.020775793262258181,8099,4977,9.8813129168249309e-324,3,1,MIP
1740,230.5789999961853,412.54521219509706,true,0.10725273331427823,true,0.020775793262258181,8103,4981,9.8813129168249309e-324,3,1,MIP
1741,230.69799995422363,412.7499437095488,true,0.10725273331427823,true,0.020775793262258181,8109,4987,9.8813129168249309e-324,3,1,MIP
1742,230.81900000572205,412.97325844317226,true,0.10725273331427823,true,0.020775793262258181,8116,4994,9.8813129168249309e-324,3,1,MIP
1743,230.92499995231628,413.17042537382059,true,0.10725273331427823,true,0.020775793262258181,8120,4996,9.8813129168249309e-324,3,1,MIP
1744,231.04399991035461,413.41029454025352,true,0.10725273331427823,true,0.020775793262258181,8125,4995,9.8813129168249309e-324,3,1,MIP
1745,231.08299994468689,413.48290392358001,true,0.10725273331427823,true,0.020781344322222749,8126,4996,9.8813129168249309e-324,3,1,MIP
1746,231.19799995422363,413.68734748967984,true,0.10725273331427823,true,0.020781344322222749,8130,5000,9.8813129168249309e-324,3,1,MIP
1747,231.30100011825562,413.88873663831106,true,0.10725273331427823,true,0.020781344322222749,8134,5004,9.8813129168249309e-324,3,1,MIP
1748,231.41300010681152,414.1040015175065,true,0.10725273331427823,true,0.020781344322222749,8139,5009,9.8813129168249309e-324,3,1,MIP
1749,231.5310001373291,414.35377910193193,true,0.10725273331427823,true,0.020781344322222749,8142,5012,9.8813129168249309e-324,3,1,MIP
1750,231.65799999237061,414.58119743879985,true,0.10725273331427823,true,0.020781344322222749,8152,5022,9.8813129168249309e-324,3,1,MIP
1751,231.76300001144409,414.78116415808972,true,0.10725273331427823,true,0.020781344322222749,8166,5036,9.8813129168249309e-324,3,1,MIP
1752,231.89499998092651,415.02717202705986,true,0.10725273331427823,true,0.020781344322222749,8178,5036,9.8813129168249309e-324,3,1,MIP
1753,232.03399991989136,415.3089583885058,true,0.10725273331427823,true,0.02079041327846258,8179,5037,9.8813129168249309e-324,3,1,MIP
1754,232.27900004386902,415.81832775941081,true,0.10725273331427823,true,0.02079041327846258,8182,5040,9.8813129168249309e-324,3,1,MIP
1755,232.41799998283386,416.11763274939983,true,0.10725273331427823,true,0.02079041327846258,8184,5042,9.8813129168249309e-324,3,1,MIP
1756,232.54200005531311,416.33553490080322,true,0.10725273331427823,true,0.02079041327846258,8189,5047,9.8813129168249309e-324,3,1,MIP
1757,232.64599990844727,416.51008307718968,true,0.10725273331427823,true,0.02079041327846258,8197,5049,9.8813129168249309e-324,3,1,MIP
1758,232.74600005149841,416.70510772663192,true,0.10725273331427823,true,0.02079041327846258,8202,5054,9.8813129168249309e-324,3,1,MIP
1759,232.85500001907349,416.92137614124925,true,0.10725273331427823,true,0.02079041327846258,8211,5055,9.8813129168249309e-324,3,1,MIP
1760,232.99300003051758,417.17102969111147,true,0.10725273331427823,true,0.020816320792871129,8217,5055,9.8813129168249309e-324,3,1,MIP
1761,233.10400009155273,417.3832181083431,true,0.10725273331427823,true,0.020816320792871129,8220,5058,9.8813129168249309e-324,3,1,MIP
1762,233.24799990653992,417.64797532507896,true,0.10725273331427823,true,0.020816320792871129,8225,5063,9.8813129168249309e-324,3,1,MIP
1763,233.35800004005432,417.85904204612507,true,0.10725273331427823,true,0.020816320792871129,8231,5069,9.8813129168249309e-324,3,1,MIP
1764,233.46399998664856,418.06555247841607,true,0.10725273331427823,true,0.020816320792871129,8242,5080,9.8813129168249309e-324,3,1,MIP
1765,233.56800007820129,418.24823642254734,true,0.10725273331427823,true,0.020816320792871129,8261,5091,9.8813129168249309e-324,3,1,MIP
1766,233.67799997329712,418.45553748345611,true,0.10725273331427823,true,0.02082269516555554,8270,5092,9.8813129168249309e-324,3,1,MIP
1767,233.82599997520447,418.74180052466937,true,0.10725273331427823,true,0.02082269516555554,8274,5096,9.8813129168249309e-324,3,1,MIP
1768,233.93099999427795,418.94791353758745,true,0.10725273331427823,true,0.02082269516555554,8280,5102,9.8813129168249309e-324,3,1,MIP
1769,234.03200006484985,419.14562629503877,true,0.10725273331427823,true,0.02082269516555554,8290,5109,9.8813129168249309e-324,3,1,MIP
1770,234.14800000190735,419.36574350737891,true,0.10725273331427823,true,0.02082269516555554,8294,5107,9.8813129168249309e-324,3,1,MIP
1771,234.25399994850159,419.56357144963653,true,0.10725273331427823,true,0.02082269516555554,8301,5114,9.8813129168249309e-324,3,1,MIP
1772,234.37899994850159,419.81860784739604,true,0.10725273331427823,true,0.02082269516555554,8303,5116,9.8813129168249309e-324,3,1,MIP
1773,234.97200012207031,420.7569349505273,true,0.10725273331427823,true,0.02082269516555554,8312,5115,9.8813129168249309e-324,3,1,MIP
1774,234.99300003051758,420.7882018400698,true,0.10725273331427823,true,0.020824372296405505,8313,5116,9.8813129168249309e-324,3,1,MIP
1775,235.12000012397766,421.03200273189367,true,0.10725273331427823,true,0.020824372296405505,8317,5120,9.8813129168249309e-324,3,1,MIP
1776,235.29200005531311,421.37117881340532,true,0.10725273331427823,true,0.020824372296405505,8320,5123,9.8813129168249309e-324,3,1,MIP
1777,235.40499997138977,421.57156395855492,true,0.10725273331427823,true,0.020824372296405505,8326,5129,9.8813129168249309e-324,3,1,MIP
1778,235.50699996948242,421.76761015034435,true,0.10725273331427823,true,0.020824372296405505,8331,5134,9.8813129168249309e-324,3,1,MIP
1779,235.62400007247925,421.96156342139415,true,0.10725273331427823,true,0.020824372296405505,8339,5142,9.8813129168249309e-324,3,1,MIP
1780,235.74399995803833,422.18543702602722,true,0.10725273331427823,true,0.020824372296405505,8346,5147,9.8813129168249309e-324,3,1,MIP
1781,235.84700012207031,422.38295201870892,true,0.10725273331427823,true,0.020824372296405505,8354,5147,9.8813129168249309e-324,3,1,MIP
1782,235.96200013160706,422.58962979982385,true,0.10725273331427823,true,0.020828079206336704,8363,5148,9.8813129168249309e-324,3,1,MIP
1783,236.09700012207031,422.86815173215626,true,0.10725273331427823,true,0.020828079206336704,8366,5151,9.8813129168249309e-324,3,1,MIP
1784,236.21099996566772,423.10309303108659,true,0.10725273331427823,true,0.020828079206336704,8371,5156,9.8813129168249309e-324,3,1,MIP
1785,236.35199999809265,423.38260858549825,true,0.10725273331427823,true,0.020828079206336704,8381,5158,9.8813129168249309e-324,3,1,MIP
1786,236.375,423.41978441400386,true,0.10725273331427823,true,0.020829501013628689,8382,5159,9.8813129168249309e-324,3,1,MIP
1787,236.49500012397766,423.64934209248315,true,0.10725273331427823,true,0.020829501013628689,8386,5163,9.8813129168249309e-324,3,1,MIP
1788,236.59800004959106,423.8650803791266,true,0.10725273331427823,true,0.020829501013628689,8389,5164,9.8813129168249309e-324,3,1,MIP
1789,236.70000004768372,424.0854169938176,true,0.10725273331427823,true,0.020829501013628689,8397,5164,9.8813129168249309e-324,3,1,MIP
1790,236.86400008201599,424.41308831191571,true,0.10725273331427823,true,0.020829501013628689,8405,5164,9.8813129168249309e-324,3,1,MIP
1791,236.92400002479553,424.5382347034751,true,0.10725273331427823,true,0.020833712979317704,8406,5163,9.8813129168249309e-324,3,1,MIP
1792,237.05400013923645,424.78828320673034,true,0.10725273331427823,true,0.020833712979317704,8409,5166,9.8813129168249309e-324,3,1,MIP
1793,237.16100001335144,424.99770340490204,true,0.10725273331427823,true,0.020833712979317704,8415,5168,9.8813129168249309e-324,3,1,MIP
1794,237.26300001144409,425.17071583870262,true,0.10725273331427823,true,0.020833712979317704,8419,5172,9.8813129168249309e-324,3,1,MIP
1795,237.37599992752075,425.36781798447953,true,0.10725273331427823,true,0.020833712979317704,8425,5178,9.8813129168249309e-324,3,1,MIP
1796,237.47699999809265,425.53396303172741,true,0.10725273331427823,true,0.020833712979317704,8433,5186,9.8813129168249309e-324,3,1,MIP
1797,237.58100008964539,425.6988243826637,true,0.10725273331427823,true,0.020833712979317704,8448,5193,9.8813129168249309e-324,3,1,MIP
1798,237.80400013923645,426.13322440683947,true,0.10725273331427823,true,0.020833712979317704,8462,5190,9.8813129168249309e-324,3,1,MIP
1799,237.89599990844727,426.32945512235631,true,0.10725273331427823,true,0.020838288537087489,8463,5191,9.8813129168249309e-324,3,1,MIP
1800,237.90899991989136,426.35590181489084,true,0.10725273331427823,true,0.020839790330637008,8464,5192,9.8813129168249309e-324,3,1,MIP
1801,238.02500009536743,426.57769692228362,true,0.10725273331427823,true,0.020839790330637008,8470,5198,9.8813129168249309e-324,3,1,MIP
1802,238.12800002098083,426.78282580920006,true,0.10725273331427823,true,0.020839790330637008,8475,5203,9.8813129168249309e-324,3,1,MIP
1803,238.25,427.01744665848776,true,0.10725273331427823,true,0.020839790330637008,8486,5210,9.8813129168249309e-324,3,1,MIP
1804,238.41300010681152,427.32134250952276,true,0.10725273331427823,true,0.020839790330637008,8493,5208,9.8813129168249309e-324,3,1,MIP
1805,238.45499992370605,427.39749195688518,true,0.10725273331427823,true,0.020843934380397312,8494,5209,9.8813129168249309e-324,3,1,MIP
1806,238.63000011444092,427.73657223543353,true,0.10725273331427823,true,0.020843934380397312,8497,5210,9.8813129168249309e-324,3,1,MIP
1807,238.73699998855591,427.91758068263323,true,0.10725273331427823,true,0.020843934380397312,8500,5213,9.8813129168249309e-324,3,1,MIP
1808,238.86199998855591,428.13942825281902,true,0.10725273331427823,true,0.020843934380397312,8505,5218,9.8813129168249309e-324,3,1,MIP
1809,238.96799993515015,428.32152928822234,true,0.10725273331427823,true,0.020843934380397312,8510,5223,9.8813129168249309e-324,3,1,MIP
1810,239.06800007820129,428.51244150460616,true,0.10725273331427823,true,0.020843934380397312,8514,5225,9.8813129168249309e-324,3,1,MIP
1811,239.16899991035461,428.68564265913147,true,0.10725273331427823,true,0.020843934380397312,8523,5232,9.8813129168249309e-324,3,1,MIP
1812,239.27500009536743,428.85906811131343,true,0.10725273331427823,true,0.020843934380397312,8530,5239,9.8813129168249309e-324,3,1,MIP
1813,239.38300013542175,429.03052762742283,true,0.10725273331427823,true,0.020843934380397312,8540,5246,9.8813129168249309e-324,3,1,MIP
1814,239.49500012397766,429.24401565066842,true,0.10725273331427823,true,0.020843934380397312,8545,5249,9.8813129168249309e-324,3,1,MIP
1815,239.625,429.49584616814445,true,0.10725273331427823,true,0.020843934380397312,8550,5247,9.8813129168249309e-324,3,1,MIP
1816,239.6489999294281,429.53201204211649,true,0.10725273331427823,true,0.020846464257854674,8551,5248,9.8813129168249309e-324,3,1,MIP
1817,239.76099991798401,429.74403584263592,true,0.10725273331427823,true,0.020846464257854674,8556,5253,9.8813129168249309e-324,3,1,MIP
1818,239.86100006103516,429.94739779415488,true,0.10725273331427823,true,0.020846464257854674,8563,5258,9.8813129168249309e-324,3,1,MIP
1819,239.96200013160706,430.16442774028201,true,0.10725273331427823,true,0.020846464257854674,8567,5257,9.8813129168249309e-324,3,1,MIP
1820,240.02500009536743,430.29117598362484,true,0.10725273331427823,true,0.02085124527050055,8568,5258,9.8813129168249309e-324,3,1,MIP
1821,240.13100004196167,430.49583884414716,true,0.10725273331427823,true,0.02085124527050055,8579,5263,9.8813129168249309e-324,3,1,MIP
1822,240.92900013923645,431.70630657346987,true,0.10725273331427823,true,0.020852198452577676,8585,5261,9.8813129168249309e-324,3,1,MIP
1823,241.0310001373291,431.90035641642277,true,0.10725273331427823,true,0.020852198452577676,8590,5266,9.8813129168249309e-324,3,1,MIP
1824,241.23600006103516,432.32049033739537,true,0.10725273331427823,true,0.020852198452577676,8599,5266,9.8813129168249309e-324,3,1,MIP
1825,241.31699991226196,432.49027642185558,true,0.10725273331427823,true,0.020858259907316691,8600,5267,9.8813129168249309e-324,3,1,MIP
1826,241.44099998474121,432.71604650930084,true,0.10725273331427823,true,0.020858259907316691,8604,5271,9.8813129168249309e-324,3,1,MIP
1827,241.55599999427795,432.95980362968504,true,0.10725273331427823,true,0.020858259907316691,8611,5270,9.8813129168249309e-324,3,1,MIP
1828,241.68499994277954,433.21159539016151,true,0.10725273331427823,true,0.020858259907316691,8613,5270,9.8813129168249309e-324,3,1,MIP
1829,241.71300005912781,433.25509167821338,true,0.10725273331427823,true,0.02086518779689616,8614,5271,9.8813129168249309e-324,3,1,MIP
1830,241.81800007820129,433.44840518300362,true,0.10725273331427823,true,0.02086518779689616,8617,5274,9.8813129168249309e-324,3,1,MIP
1831,241.91899991035461,433.65585118631532,true,0.10725273331427823,true,0.02086518779689616,8620,5277,9.8813129168249309e-324,3,1,MIP
1832,242.02699995040894,433.84104243839045,true,0.10725273331427823,true,0.02086518779689616,8627,5284,9.8813129168249309e-324,3,1,MIP
1833,242.12800002098083,434.02799493841303,true,0.10725273331427823,true,0.02086518779689616,8632,5289,9.8813129168249309e-324,3,1,MIP
1834,242.24300003051758,434.24622139330921,true,0.10725273331427823,true,0.02086518779689616,8638,5295,9.8813129168249309e-324,3,1,MIP
1835,242.36800003051758,434.5079468182816,true,0.10725273331427823,true,0.02086518779689616,8644,5300,9.8813129168249309e-324,3,1,MIP
1836,242.4779999256134,434.73730877053129,true,0.10725273331427823,true,0.02086518779689616,8651,5303,9.8813129168249309e-324,3,1,MIP
1837,242.58200001716614,434.95059250917296,true,0.10725273331427823,true,0.02086518779689616,8660,5304,9.8813129168249309e-324,3,1,MIP
1838,242.75300002098083,435.28191250609342,true,0.10725273331427823,true,0.020885901027428946,8662,5306,9.8813129168249309e-324,3,1,MIP
1839,242.87800002098083,435.50667998199259,true,0.10725273331427823,true,0.020885901027428946,8667,5311,9.8813129168249309e-324,3,1,MIP
1840,242.98600006103516,435.73357660762707,true,0.10725273331427823,true,0.020885901027428946,8672,5314,9.8813129168249309e-324,3,1,MIP
1841,243.11199998855591,435.94934535322756,true,0.10725273331427823,true,0.020885901027428946,8679,5321,9.8813129168249309e-324,3,1,MIP
1842,243.21300005912781,436.12444934483216,true,0.10725273331427823,true,0.020885901027428946,8689,5331,9.8813129168249309e-324,3,1,MIP
1843,243.33299994468689,436.33638379196094,true,0.10725273331427823,true,0.020885901027428946,8700,5332,9.8813129168249309e-324,3,1,MIP
1844,243.46700000762939,436.57027498967096,true,0.10725273331427823,true,0.020885901027428946,8703,5335,9.8813129168249309e-324,3,1,MIP
1845,243.57100009918213,436.74145958765666,true,0.10725273331427823,true,0.020885901027428946,8709,5341,9.8813129168249309e-324,3,1,MIP
1846,243.67700004577637,436.91721459725767,true,0.10725273331427823,true,0.020885901027428946,8716,5348,9.8813129168249309e-324,3,1,MIP
1847,243.78200006484985,437.09154145734652,true,0.10725273331427823,true,0.020885901027428946,8726,5354,9.8813129168249309e-324,3,1,MIP
1848,243.88800001144409,437.27292094775754,true,0.10725273331427823,true,0.020885901027428946,8738,5365,9.8813129168249309e-324,3,1,MIP
1849,243.99000000953674,437.43342499258972,true,0.10725273331427823,true,0.020885901027428946,8753,5377,9.8813129168249309e-324,3,1,MIP
1850,244.13300013542175,437.69565561442801,true,0.10725273331427823,true,0.020894923859696962,8763,5380,9.8813129168249309e-324,3,1,MIP
1851,244.26200008392334,437.92723575493648,true,0.10725273331427823,true,0.020894923859696962,8766,5383,9.8813129168249309e-324,3,1,MIP
1852,244.37100005149841,438.11890594208393,true,0.10725273331427823,true,0.020894923859696962,8770,5387,9.8813129168249309e-324,3,1,MIP
1853,244.50099992752075,438.37240284563768,true,0.10725273331427823,true,0.020894923859696962,8776,5393,9.8813129168249309e-324,3,1,MIP
1854,244.6010000705719,438.55388772044961,true,0.10725273331427823,true,0.020894923859696962,8787,5403,9.8813129168249309e-324,3,1,MIP
1855,244.76500010490417,438.87702508181792,true,0.10725273331427823,true,0.020894923859696962,8796,5404,9.8813129168249309e-324,3,1,MIP
1856,244.78299999237061,438.90420239037189,true,0.10725273331427823,true,0.020902146063810897,8797,5405,9.8813129168249309e-324,3,1,MIP
1857,244.88300013542175,439.10365053785586,true,0.10725273331427823,true,0.020902146063810897,8799,5407,9.8813129168249309e-324,3,1,MIP
1858,244.98900008201599,439.30200083600602,true,0.10725273331427823,true,0.020902146063810897,8805,5413,9.8813129168249309e-324,3,1,MIP
1859,245.14100003242493,439.59112697402685,true,0.10725273331427823,true,0.020902146063810897,8823,5421,9.8813129168249309e-324,3,1,MIP
1860,245.2590000629425,439.81865629062622,true,0.10725273331427823,true,0.020902146063810897,8825,5423,9.8813129168249309e-324,3,1,MIP
1861,245.39000010490417,440.08617300081937,true,0.10725273331427823,true,0.020902146063810897,8832,5422,9.8813129168249309e-324,3,1,MIP
1862,245.5550000667572,440.399952360013,true,0.10725273331427823,true,0.020911125879344565,8835,5423,9.8813129168249309e-324,3,1,MIP
1863,245.72200012207031,440.75873339503329,true,0.10725273331427823,true,0.020911125879344565,8837,5421,9.8813129168249309e-324,3,1,MIP
1864,247.86400008201599,443.97510933665399,true,0.10725273331427823,true,0.020911125879344565,8838,5422,9.8813129168249309e-324,3,1,MIP
1865,247.97200012207031,444.19513529129642,true,0.10725273331427823,true,0.020911125879344565,8843,5423,9.8813129168249309e-324,3,1,MIP
1866,248.22000002861023,444.70373306900575,true,0.10725273331427823,true,0.020911125879344565,8846,5422,9.8813129168249309e-324,3,1,MIP
1867,248.24799990653992,444.76159566944125,true,0.10725273331427823,true,0.020925314740165804,8847,5423,9.8813129168249309e-324,3,1,MIP
1868,249.46300005912781,446.78278706475663,true,0.10725273331427823,true,0.020925314740165804,8849,5423,9.8813129168249309e-324,3,1,MIP
1869,249.56599998474121,446.97627492143403,true,0.10725273331427823,true,0.020925314740165804,8854,5428,9.8813129168249309e-324,3,1,MIP
1870,249.7350001335144,447.28245698281029,true,0.10725273331427823,true,0.020925314740165804,8877,5434,9.8813129168249309e-324,3,1,MIP
1871,249.78500008583069,447.37384604866514,true,0.10725273331427823,true,0.020927377647037344,8878,5435,9.8813129168249309e-324,3,1,MIP
1872,249.8970000743866,447.58670240683881,true,0.10725273331427823,true,0.020927377647037344,8880,5437,9.8813129168249309e-324,3,1,MIP
1873,250.01200008392334,447.81071015191247,true,0.10725273331427823,true,0.020927377647037344,8886,5441,9.8813129168249309e-324,3,1,MIP
1874,250.12700009346008,448.05994139749089,true,0.10725273331427823,true,0.020927377647037344,8888,5439,9.8813129168249309e-324,3,1,MIP
1875,250.28699994087219,448.34961447768546,true,0.10725273331427823,true,0.020927377647037344,8894,5439,9.8813129168249309e-324,3,1,MIP
1876,250.31400012969971,448.39054040501833,true,0.10725273331427823,true,0.02092963403507267,8895,5440,9.8813129168249309e-324,3,1,MIP
1877,250.4300000667572,448.60738840935539,true,0.10725273331427823,true,0.02092963403507267,8897,5442,9.8813129168249309e-324,3,1,MIP
1878,250.53399991989136,448.80668891580075,true,0.10725273331427823,true,0.02092963403507267,8902,5445,9.8813129168249309e-324,3,1,MIP
1879,250.73699998855591,449.19667778375623,true,0.10725273331427823,true,0.02092963403507267,8919,5444,9.8813129168249309e-324,3,1,MIP
1880,250.7960000038147,449.32069642798285,true,0.10725273331427823,true,0.02094245789346549,8920,5445,9.8813129168249309e-324,3,1,MIP
1881,250.92300009727478,449.537165733981,true,0.10725273331427823,true,0.02094245789346549,8924,5449,9.8813129168249309e-324,3,1,MIP
1882,251.02699995040894,449.74009586380862,true,0.10725273331427823,true,0.02094245789346549,8929,5454,9.8813129168249309e-324,3,1,MIP
1883,251.12700009346008,449.93744152631029,true,0.10725273331427823,true,0.02094245789346549,8940,5457,9.8813129168249309e-324,3,1,MIP
1884,251.2960000038147,450.30234320741852,true,0.10725273331427823,true,0.02094245789346549,8941,5456,9.8813129168249309e-324,3,1,MIP
1885,251.46900010108948,450.65437194043272,true,0.10725273331427823,true,0.020945494035016311,8942,5455,9.8813129168249309e-324,3,1,MIP
1886,251.55699992179871,450.81324646582073,true,0.10725273331427823,true,0.020967423804133967,8943,5456,9.8813129168249309e-324,3,1,MIP
1887,251.67499995231628,451.05228956625064,true,0.10725273331427823,true,0.020973337042038163,8944,5457,9.8813129168249309e-324,3,1,MIP
1888,251.78699994087219,451.26413519191686,true,0.10725273331427823,true,0.020973337042038163,8947,5460,9.8813129168249309e-324,3,1,MIP
1889,251.92700004577637,451.54920287850939,true,0.10725273331427823,true,0.020973337042038163,8951,5464,9.8813129168249309e-324,3,1,MIP
1890,252.02999997138977,451.75510058895702,true,0.10725273331427823,true,0.020973337042038163,8958,5467,9.8813129168249309e-324,3,1,MIP
1891,252.1470000743866,451.9878180582989,true,0.10725273331427823,true,0.020973337042038163,8961,5466,9.8813129168249309e-324,3,1,MIP
1892,252.18300008773804,452.04786381265342,true,0.10725273331427823,true,0.020983249175488255,8962,5467,9.8813129168249309e-324,3,1,MIP
1893,252.30200004577637,452.27272075750778,true,0.10725273331427823,true,0.020983249175488255,8965,5470,9.8813129168249309e-324,3,1,MIP
1894,252.40799999237061,452.44084647489819,true,0.10725273331427823,true,0.020983249175488255,8971,5474,9.8813129168249309e-324,3,1,MIP
1895,252.53699994087219,452.67473225384595,true,0.10725273331427823,true,0.020983249175488255,8973,5476,9.8813129168249309e-324,3,1,MIP
1896,252.65899991989136,452.87399156979052,true,0.10725273331427823,true,0.020983249175488255,8976,5479,9.8813129168249309e-324,3,1,MIP
1897,252.7590000629425,453.06232718855728,true,0.10725273331427823,true,0.020983249175488255,8980,5481,9.8813129168249309e-324,3,1,MIP
1898,252.86899995803833,453.27017573844415,true,0.10725273331427823,true,0.020983249175488255,8987,5486,9.8813129168249309e-324,3,1,MIP
1899,252.96900010108948,453.47605640121895,true,0.10725273331427823,true,0.020983249175488255,8993,5488,9.8813129168249309e-324,3,1,MIP
1900,253.11700010299683,453.75047581466885,true,0.10725273331427823,true,0.020983249175488255,9001,5487,9.8813129168249309e-324,3,1,MIP
1901,253.16100001335144,453.82631396314497,true,0.10725273331427823,true,0.0209856865290927,9002,5488,9.8813129168249309e-324,3,1,MIP
1902,253.26800012588501,454.01426513769286,true,0.10725273331427823,true,0.0209856865290927,9007,5493,9.8813129168249309e-324,3,1,MIP
1903,253.375,454.20674005809821,true,0.10725273331427823,true,0.0209856865290927,9010,5496,9.8813129168249309e-324,3,1,MIP
1904,253.4760000705719,454.38184209742559,true,0.10725273331427823,true,0.0209856865290927,9013,5499,9.8813129168249309e-324,3,1,MIP
1905,253.61100006103516,454.62979347777912,true,0.10725273331427823,true,0.0209856865290927,9018,5504,9.8813129168249309e-324,3,1,MIP
1906,253.71499991416931,454.80209444612711,true,0.10725273331427823,true,0.0209856865290927,9023,5509,9.8813129168249309e-324,3,1,MIP
1907,253.81900000572205,454.94831461134123,true,0.10725273331427823,true,0.0209856865290927,9026,5512,9.8813129168249309e-324,3,1,MIP
1908,253.92700004577637,455.11922153919585,true,0.10725273331427823,true,0.0209856865290927,9032,5518,9.8813129168249309e-324,3,1,MIP
1909,254.03900003433228,455.31825179392155,true,0.10725273331427823,true,0.0209856865290927,9045,5516,9.8813129168249309e-324,3,1,MIP
1910,254.14800000190735,455.51740955943779,true,0.10725273331427823,true,0.020991592699399594,9048,5517,9.8813129168249309e-324,3,1,MIP
1911,254.26500010490417,455.733028574694,true,0.10725273331427823,true,0.020991592699399594,9051,5520,9.8813129168249309e-324,3,1,MIP
1912,254.38800001144409,455.97095220644917,true,0.10725273331427823,true,0.020991592699399594,9054,5523,9.8813129168249309e-324,3,1,MIP
1913,254.49399995803833,456.16939845644032,true,0.10725273331427823,true,0.020991592699399594,9057,5526,9.8813129168249309e-324,3,1,MIP
1914,254.6010000705719,456.37871186749243,true,0.10725273331427823,true,0.020991592699399594,9061,5530,9.8813129168249309e-324,3,1,MIP
1915,254.70199990272522,456.54144024037407,true,0.10725273331427823,true,0.020991592699399594,9070,5539,9.8813129168249309e-324,3,1,MIP
1916,254.86800003051758,456.84989982618259,true,0.10725273331427823,true,0.020991592699399594,9083,5540,9.8813129168249309e-324,3,1,MIP
1917,254.94000005722046,456.99481650465827,true,0.10725273331427823,true,0.020993895208768442,9084,5541,9.8813129168249309e-324,3,1,MIP
1918,255.12100005149841,457.34580121489682,true,0.10725273331427823,true,0.020993895208768442,9087,5542,9.8813129168249309e-324,3,1,MIP
1919,255.23699998855591,457.58774911650687,true,0.10725273331427823,true,0.020993895208768442,9089,5540,9.8813129168249309e-324,3,1,MIP
1920,255.40199995040894,457.83215231332554,true,0.10725273331427823,true,0.020993895208768442,9094,5541,9.8813129168249309e-324,3,1,MIP
1921,255.59200000762939,458.22507339473373,true,0.10725273331427823,true,0.020993895208768442,9096,5539,9.8813129168249309e-324,3,1,MIP
1922,255.6710000038147,458.37297104470036,true,0.10725273331427823,true,0.020994953836974532,9097,5540,9.8813129168249309e-324,3,1,MIP
1923,255.7409999370575,458.50368817132204,true,0.10725273331427823,true,0.020999335069808906,9098,5541,9.8813129168249309e-324,3,1,MIP
1924,255.89300012588501,458.82637413760813,true,0.10725273331427823,true,0.020999335069808906,9099,5542,9.8813129168249309e-324,3,1,MIP
1925,255.99699997901917,459.03739826133375,true,0.10725273331427823,true,0.020999335069808906,9103,5546,9.8813129168249309e-324,3,1,MIP
1926,256.13300013542175,459.30643634967475,true,0.10725273331427823,true,0.020999335069808906,9108,5550,9.8813129168249309e-324,3,1,MIP
1927,256.23699998855591,459.51696903958765,true,0.10725273331427823,true,0.020999335069808906,9114,5554,9.8813129168249309e-324,3,1,MIP
1928,256.43499994277954,459.92423535374252,true,0.10725273331427823,true,0.020999335069808906,9123,5553,9.8813129168249309e-324,3,1,MIP
1929,256.50600004196167,460.08209173613318,true,0.10725273331427823,true,0.020999801599432089,9124,5554,9.8813129168249309e-324,3,1,MIP
1930,256.64300012588501,460.37834703758836,true,0.10725273331427823,true,0.020999801599432089,9126,5556,9.8813129168249309e-324,3,1,MIP
1931,256.90700006484985,460.93270871145904,true,0.10725273331427823,true,0.020999801599432089,9130,5552,9.8813129168249309e-324,3,1,MIP
1932,257.06900000572205,461.28014340728691,true,0.10725273331427823,true,0.020999801599432089,9131,5553,9.8813129168249309e-324,3,1,MIP
1933,257.13800001144409,461.40417403780236,true,0.10725273331427823,true,0.021017144260812221,9132,5554,9.8813129168249309e-324,3,1,MIP
1934,257.25399994850159,461.61312781979757,true,0.10725273331427823,true,0.021017144260812221,9136,5558,9.8813129168249309e-324,3,1,MIP
1935,257.37299990653992,461.83593158355166,true,0.10725273331427823,true,0.021017144260812221,9140,5562,9.8813129168249309e-324,3,1,MIP
1936,257.50099992752075,462.0958382243536,true,0.10725273331427823,true,0.021017144260812221,9146,5561,9.8813129168249309e-324,3,1,MIP
1937,257.61500000953674,462.32663675446395,true,0.10725273331427823,true,0.021017144260812221,9147,5562,9.8813129168249309e-324,3,1,MIP
1938,257.66000008583069,462.41322315850806,true,0.10725273331427823,true,0.021020730160555237,9148,5563,9.8813129168249309e-324,3,1,MIP
1939,257.76099991798401,462.59471466342285,true,0.10725273331427823,true,0.021020730160555237,9151,5566,9.8813129168249309e-324,3,1,MIP
1940,257.87299990653992,462.80196701508447,true,0.10725273331427823,true,0.021020730160555237,9155,5570,9.8813129168249309e-324,3,1,MIP
1941,257.98900008201599,463.03478390262495,true,0.10725273331427823,true,0.021020730160555237,9160,5575,9.8813129168249309e-324,3,1,MIP
1942,258.10400009155273,463.22819343351352,true,0.10725273331427823,true,0.021020730160555237,9168,5583,9.8813129168249309e-324,3,1,MIP
1943,258.21099996566772,463.41704701174655,true,0.10725273331427823,true,0.021020730160555237,9174,5589,9.8813129168249309e-324,3,1,MIP
1944,258.3199999332428,463.60910513025499,true,0.10725273331427823,true,0.021020730160555237,9177,5592,9.8813129168249309e-324,3,1,MIP
1945,258.42199993133545,463.78008341179191,true,0.10725273331427823,true,0.021020730160555237,9186,5601,9.8813129168249309e-324,3,1,MIP
1946,258.5220000743866,463.9511204287985,true,0.10725273331427823,true,0.021020730160555237,9196,5611,9.8813129168249309e-324,3,1,MIP
1947,258.62400007247925,464.12451072886483,true,0.10725273331427823,true,0.021020730160555237,9209,5618,9.8813129168249309e-324,3,1,MIP
1948,258.7409999370575,464.32528155162748,true,0.10725273331427823,true,0.021020730160555237,9220,5617,9.8813129168249309e-324,3,1,MIP
1949,258.76999998092651,464.37481506211151,true,0.10725273331427823,true,0.021023755740548579,9221,5618,9.8813129168249309e-324,3,1,MIP
1950,258.89499998092651,464.60402944218333,true,0.10725273331427823,true,0.021023755740548579,9224,5621,9.8813129168249309e-324,3,1,MIP
1951,259.03699994087219,464.8741265873827,true,0.10725273331427823,true,0.021023755740548579,9230,5625,9.8813129168249309e-324,3,1,MIP
1952,259.14199995994568,465.05174187326321,true,0.10725273331427823,true,0.021023755740548579,9236,5631,9.8813129168249309e-324,3,1,MIP
1953,259.24200010299683,465.24293940085289,true,0.10725273331427823,true,0.021023755740548579,9246,5641,9.8813129168249309e-324,3,1,MIP
1954,259.34299993515015,465.42728692343979,true,0.10725273331427823,true,0.021023755740548579,9253,5646,9.8813129168249309e-324,3,1,MIP
1955,259.44700002670288,465.58605704041474,true,0.10725273331427823,true,0.021023755740548579,9263,5652,9.8813129168249309e-324,3,1,MIP
1956,259.60400009155273,465.8679510466377,true,0.10725273331427823,true,0.021023755740548579,9268,5652,9.8813129168249309e-324,3,1,MIP
1957,259.65100002288818,465.94525560063329,true,0.10725273331427823,true,0.021030399571700914,9269,5653,9.8813129168249309e-324,3,1,MIP
1958,259.75699996948242,466.11399386624157,true,0.10725273331427823,true,0.021030399571700914,9272,5656,9.8813129168249309e-324,3,1,MIP
1959,259.87299990653992,466.32867805839453,true,0.10725273331427823,true,0.021030399571700914,9275,5659,9.8813129168249309e-324,3,1,MIP
1960,259.98000001907349,466.50990475359521,true,0.10725273331427823,true,0.021030399571700914,9286,5670,9.8813129168249309e-324,3,1,MIP
1961,260.21200013160706,466.9563174274561,true,0.10725273331427823,true,0.021030399571700914,9307,5680,9.8813129168249309e-324,3,1,MIP
1962,260.24699997901917,467.01550383091836,true,0.10725273331427823,true,0.021034933088800851,9308,5681,9.8813129168249309e-324,3,1,MIP
1963,260.36299991607666,467.2289112467148,true,0.10725273331427823,true,0.021034933088800851,9312,5685,9.8813129168249309e-324,3,1,MIP
1964,260.46499991416931,467.38513473224674,true,0.10725273331427823,true,0.021034933088800851,9317,5690,9.8813129168249309e-324,3,1,MIP
1965,260.59500002861023,467.5944770755633,true,0.10725273331427823,true,0.021034933088800851,9325,5698,9.8813129168249309e-324,3,1,MIP
1966,260.75,467.85011266633848,true,0.10725273331427823,true,0.02103560672352698,9335,5700,9.8813129168249309e-324,3,1,MIP
1967,260.86400008201599,468.06005319538178,true,0.10725273331427823,true,0.02103560672352698,9339,5704,9.8813129168249309e-324,3,1,MIP
1968,260.97499990463257,468.27368192689977,true,0.10725273331427823,true,0.02103560672352698,9343,5708,9.8813129168249309e-324,3,1,MIP
1969,261.08800005912781,468.50445017960783,true,0.10725273331427823,true,0.02103560672352698,9347,5711,9.8813129168249309e-324,3,1,MIP
1970,261.23699998855591,468.78178090222769,true,0.10725273331427823,true,0.02103560672352698,9358,5713,9.8813129168249309e-324,3,1,MIP
1971,261.32800006866455,468.96925861269557,true,0.10725273331427823,true,0.021040358743280332,9359,5714,9.8813129168249309e-324,3,1,MIP
1972,261.4760000705719,469.26092384594818,true,0.10725273331427823,true,0.021040358743280332,9363,5718,9.8813129168249309e-324,3,1,MIP
1973,261.5789999961853,469.43454874996502,true,0.10725273331427823,true,0.021040358743280332,9368,5719,9.8813129168249309e-324,3,1,MIP
1974,261.70499992370605,469.70314500583839,true,0.10725273331427823,true,0.021040358743280332,9373,5720,9.8813129168249309e-324,3,1,MIP
1975,261.80599999427795,469.90647849711939,true,0.10725273331427823,true,0.021040358743280332,9379,5722,9.8813129168249309e-324,3,1,MIP
1976,261.93300008773804,470.19102364825289,true,0.10725273331427823,true,0.021040358743280332,9381,5720,9.8813129168249309e-324,3,1,MIP
1977,262.05400013923645,470.41632111288385,true,0.10725273331427823,true,0.021040358743280332,9382,5721,9.8813129168249309e-324,3,1,MIP
1978,262.12100005149841,470.55089144846818,true,0.10725273331427823,true,0.021046548542692715,9383,5722,9.8813129168249309e-324,3,1,MIP
1979,262.25699996948242,470.80924755234184,true,0.10725273331427823,true,0.021046548542692715,9386,5725,9.8813129168249309e-324,3,1,MIP
1980,262.38700008392334,471.03739882932865,true,0.10725273331427823,true,0.021046548542692715,9392,5731,9.8813129168249309e-324,3,1,MIP
1981,262.49500012397766,471.24653747965613,true,0.10725273331427823,true,0.021046548542692715,9398,5737,9.8813129168249309e-324,3,1,MIP
1982,262.59700012207031,471.43605175031536,true,0.10725273331427823,true,0.021046548542692715,9409,5746,9.8813129168249309e-324,3,1,MIP
1983,262.70199990272522,471.62386791178812,true,0.10725273331427823,true,0.021046548542692715,9419,5744,9.8813129168249309e-324,3,1,MIP
1984,262.75800013542175,471.72530577216071,true,0.10725273331427823,true,0.02104923791530159,9420,5745,9.8813129168249309e-324,3,1,MIP
1985,262.88300013542175,471.97261574282402,true,0.10725273331427823,true,0.02104923791530159,9423,5748,9.8813129168249309e-324,3,1,MIP
1986,262.98900008201599,472.17035632046378,true,0.10725273331427823,true,0.02104923791530159,9426,5751,9.8813129168249309e-324,3,1,MIP
1987,263.10400009155273,472.37421153956723,true,0.10725273331427823,true,0.02104923791530159,9432,5757,9.8813129168249309e-324,3,1,MIP
1988,263.21300005912781,472.59106285541424,true,0.10725273331427823,true,0.02104923791530159,9437,5756,9.8813129168249309e-324,3,1,MIP
1989,263.47900009155273,473.05413165456196,true,0.10725273331427823,true,0.02104923791530159,9443,5756,9.8813129168249309e-324,3,1,MIP
1990,263.50399994850159,473.09623392543455,true,0.10725273331427823,true,0.021059594435532712,9444,5756,9.8813129168249309e-324,3,1,MIP
1991,263.60700011253357,473.27847391021606,true,0.10725273331427823,true,0.021059594435532712,9451,5760,9.8813129168249309e-324,3,1,MIP
1992,263.71200013160706,473.48090365508659,true,0.10725273331427823,true,0.021059594435532712,9457,5766,9.8813129168249309e-324,3,1,MIP
1993,263.84400010108948,473.73364786923844,true,0.10725273331427823,true,0.021059594435532712,9464,5765,9.8813129168249309e-324,3,1,MIP
1994,263.8659999370575,473.76941450117118,true,0.10725273331427823,true,0.021070087686011221,9465,5766,9.8813129168249309e-324,3,1,MIP
1995,263.98699998855591,473.99761173570602,true,0.10725273331427823,true,0.021070087686011221,9469,5770,9.8813129168249309e-324,3,1,MIP
1996,264.16499996185303,474.34433750876093,true,0.10725273331427823,true,0.021070087686011221,9474,5773,9.8813129168249309e-324,3,1,MIP
1997,264.27600002288818,474.55008305496239,true,0.10725273331427823,true,0.021070087686011221,9478,5777,9.8813129168249309e-324,3,1,MIP
1998,264.38000011444092,474.74848531456621,true,0.10725273331427823,true,0.021070087686011221,9485,5784,9.8813129168249309e-324,3,1,MIP
1999,264.48900008201599,474.93832183422126,true,0.10725273331427823,true,0.021070087686011221,9492,5791,9.8813129168249309e-324,3,1,MIP
2000,265.06599998474121,475.86800788941866,true,0.10725273331427823,true,0.021070087686011221,9497,5795,9.8813129168249309e-324,3,1,MIP
2001,265.17799997329712,476.04374033401962,true,0.10725273331427823,true,0.021070087686011221,9510,5806,9.8813129168249309e-324,3,1,MIP
2002,265.40000009536743,476.46936107153692,true,0.10725273331427823,true,0.021072923793889503,9519,5807,9.8813129168249309e-324,3,1,MIP
2003,265.56500005722046,476.78213412926522,true,0.10725273331427823,true,0.021072923793889503,9521,5809,9.8813129168249309e-324,3,1,MIP
2004,265.68700003623962,477.012943327767,true,0.10725273331427823,true,0.021072923793889503,9523,5811,9.8813129168249309e-324,3,1,MIP
2005,265.81500005722046,477.25187361608414,true,0.10725273331427823,true,0.021072923793889503,9525,5813,9.8813129168249309e-324,3,1,MIP
2006,265.98399996757507,477.59879707179181,true,0.10725273331427823,true,0.021072923793889503,9527,5815,9.8813129168249309e-324,3,1,MIP
2007,266.18499994277954,477.98763848538687,true,0.10725273331427823,true,0.021072923793889503,9532,5814,9.8813129168249309e-324,3,1,MIP
2008,266.30400013923645,478.24152124426274,true,0.10725273331427823,true,0.021072923793889503,9534,5816,9.8813129168249309e-324,3,1,MIP
2009,266.44199991226196,478.48485026769396,true,0.10725273331427823,true,0.021072923793889503,9537,5819,9.8813129168249309e-324,3,1,MIP
2010,266.59800004959106,478.82861895425572,true,0.10725273331427823,true,0.021072923793889503,9538,5818,9.8813129168249309e-324,3,1,MIP
2011,266.71900010108948,479.04887869668767,true,0.10725273331427823,true,0.021072923793889503,9541,5821,9.8813129168249309e-324,3,1,MIP
2012,266.82500004768372,479.23692912585585,true,0.10725273331427823,true,0.021072923793889503,9544,5824,9.8813129168249309e-324,3,1,MIP
2013,266.93600010871887,479.45835207961795,true,0.10725273331427823,true,0.021072923793889503,9547,5827,9.8813129168249309e-324,3,1,MIP
2014,267.08200001716614,479.72513572379285,true,0.10725273331427823,true,0.021072923793889503,9551,5829,9.8813129168249309e-324,3,1,MIP
2015,267.18300008773804,479.91070736939298,true,0.10725273331427823,true,0.021072923793889503,9554,5832,9.8813129168249309e-324,3,1,MIP
2016,267.28399991989136,480.10305316044702,true,0.10725273331427823,true,0.021072923793889503,9558,5834,9.8813129168249309e-324,3,1,MIP
2017,267.39800000190735,480.30051741394277,true,0.10725273331427823,true,0.021072923793889503,9562,5838,9.8813129168249309e-324,3,1,MIP
2018,267.50200009346008,480.47932991500636,true,0.10725273331427823,true,0.021072923793889503,9569,5842,9.8813129168249309e-324,3,1,MIP
2019,267.64499998092651,480.74567816855182,true,0.10725273331427823,true,0.021072923793889503,9578,5841,9.8813129168249309e-324,3,1,MIP
2020,267.74600005149841,480.95529875821961,true,0.10725273331427823,true,0.021076792930391799,9579,5842,9.8813129168249309e-324,3,1,MIP
2021,267.85899996757507,481.17459284122469,true,0.10725273331427823,true,0.021076792930391799,9582,5845,9.8813129168249309e-324,3,1,MIP
2022,267.95900011062622,481.38213537181679,true,0.10725273331427823,true,0.021076792930391799,9585,5848,9.8813129168249309e-324,3,1,MIP
2023,268.07299995422363,481.61954021211653,true,0.10725273331427823,true,0.021076792930391799,9591,5854,9.8813129168249309e-324,3,1,MIP
2024,268.18199992179871,481.84877675989293,true,0.10725273331427823,true,0.021076792930391799,9595,5856,9.8813129168249309e-324,3,1,MIP
2025,268.28399991989136,482.02982514420881,true,0.10725273331427823,true,0.021076792930391799,9604,5865,9.8813129168249309e-324,3,1,MIP
2026,268.38800001144409,482.21308970361815,true,0.10725273331427823,true,0.021076792930391799,9612,5873,9.8813129168249309e-324,3,1,MIP
2027,268.48900008201599,482.35886821655646,true,0.10725273331427823,true,0.021076792930391799,9627,5888,9.8813129168249309e-324,3,1,MIP
2028,268.59400010108948,482.519813287695,true,0.10725273331427823,true,0.021076792930391799,9639,5900,9.8813129168249309e-324,3,1,MIP
2029,268.75099992752075,482.83318360640544,true,0.10725273331427823,true,0.021076792930391799,9654,5908,9.8813129168249309e-324,3,1,MIP
2030,268.79299998283386,482.91773548835454,true,0.10725273331427823,true,0.021078223779089508,9655,5909,9.8813129168249309e-324,3,1,MIP
2031,268.93199992179871,483.19336307670585,true,0.10725273331427823,true,0.021078223779089508,9660,5914,9.8813129168249309e-324,3,1,MIP
2032,269.05800008773804,483.44126369924618,true,0.10725273331427823,true,0.021078223779089508,9665,5913,9.8813129168249309e-324,3,1,MIP
2033,269.16000008583069,483.63356253401054,true,0.10725273331427823,true,0.021078223779089508,9670,5918,9.8813129168249309e-324,3,1,MIP
2034,269.26200008392334,483.83274126590163,true,0.10725273331427823,true,0.021078223779089508,9682,5920,9.8813129168249309e-324,3,1,MIP
2035,269.44099998474121,484.21149348228289,true,0.10725273331427823,true,0.021078223779089508,9686,5920,9.8813129168249309e-324,3,1,MIP
2036,269.44900012016296,484.2299987173875,true,0.10725273331427823,true,0.021082342731327773,9687,5921,9.8813129168249309e-324,3,1,MIP
2037,269.55900001525879,484.46218434606828,true,0.10725273331427823,true,0.021082342731327773,9696,5930,9.8813129168249309e-324,3,1,MIP
2038,269.66000008583069,484.68500348335868,true,0.10725273331427823,true,0.021082342731327773,9705,5935,9.8813129168249309e-324,3,1,MIP
2039,269.79299998283386,484.94759006957628,true,0.10725273331427823,true,0.021083019901281044,9712,5936,9.8813129168249309e-324,3,1,MIP
2040,269.91199994087219,485.18971295488024,true,0.10725273331427823,true,0.021083019901281044,9714,5938,9.8813129168249309e-324,3,1,MIP
2041,270.04200005531311,485.43117069863575,true,0.10725273331427823,true,0.021083019901281044,9718,5942,9.8813129168249309e-324,3,1,MIP
2042,270.15300011634827,485.63074315481708,true,0.10725273331427823,true,0.021083019901281044,9725,5949,9.8813129168249309e-324,3,1,MIP
2043,270.38700008392334,486.08752971707969,true,0.10725273331427823,true,0.021083019901281044,9737,5949,9.8813129168249309e-324,3,1,MIP
2044,270.42499995231628,486.16281711164061,true,0.10725273331427823,true,0.021087923794318186,9738,5950,9.8813129168249309e-324,3,1,MIP
2045,270.56100010871887,486.43578496577965,true,0.10725273331427823,true,0.021087923794318186,9741,5953,9.8813129168249309e-324,3,1,MIP
2046,271.15499997138977,487.45550039022686,true,0.10725273331427823,true,0.021087923794318186,9745,5957,9.8813129168249309e-324,3,1,MIP
2047,271.26900005340576,487.67848894832719,true,0.10725273331427823,true,0.021087923794318186,9749,5961,9.8813129168249309e-324,3,1,MIP
2048,271.37100005149841,487.8940333001907,true,0.10725273331427823,true,0.021087923794318186,9755,5961,9.8813129168249309e-324,3,1,MIP
2049,271.51099991798401,488.15502102977791,true,0.10725273331427823,true,0.021087923794318186,9762,5960,9.8813129168249309e-324,3,1,MIP
2050,271.63800001144409,488.38621986485322,true,0.10725273331427823,true,0.021087923794318186,9765,5963,9.8813129168249309e-324,3,1,MIP
2051,271.74600005149841,488.57793840092472,true,0.10725273331427823,true,0.021087923794318186,9776,5973,9.8813129168249309e-324,3,1,MIP
2052,271.91199994087219,488.88727574565542,true,0.10725273331427823,true,0.021087923794318186,9789,5971,9.8813129168249309e-324,3,1,MIP
2053,271.96499991416931,488.98885676849818,true,0.10725273331427823,true,0.021091863883055742,9790,5972,9.8813129168249309e-324,3,1,MIP
2054,272.08599996566772,489.17332293422004,true,0.10725273331427823,true,0.021091863883055742,9793,5975,9.8813129168249309e-324,3,1,MIP
2055,272.19000005722046,489.36296739381339,true,0.10725273331427823,true,0.021091863883055742,9801,5978,9.8813129168249309e-324,3,1,MIP
2056,272.36700010299683,489.69497163459937,true,0.10725273331427823,true,0.021091863883055742,9811,5976,9.8813129168249309e-324,3,1,MIP
2057,272.39400005340576,489.74136403599812,true,0.10725273331427823,true,0.021100964666946893,9812,5977,9.8813129168249309e-324,3,1,MIP
2058,272.50999999046326,489.97839419299561,true,0.10725273331427823,true,0.021100964666946893,9815,5980,9.8813129168249309e-324,3,1,MIP
2059,272.62299990653992,490.17833580869228,true,0.10725273331427823,true,0.021100964666946893,9820,5985,9.8813129168249309e-324,3,1,MIP
2060,272.73399996757507,490.36064884462616,true,0.10725273331427823,true,0.021100964666946893,9826,5991,9.8813129168249309e-324,3,1,MIP
2061,273.01200008392334,490.9261793748384,true,0.10725273331427823,true,0.021100964666946893,9836,5993,9.8813129168249309e-324,3,1,MIP
2062,273.03900003433228,490.97018496784784,true,0.10725273331427823,true,0.021110165178150099,9837,5994,9.8813129168249309e-324,3,1,MIP
2063,273.15700006484985,491.20107013379669,true,0.10725273331427823,true,0.021110165178150099,9839,5994,9.8813129168249309e-324,3,1,MIP
2064,273.28800010681152,491.429746704308,true,0.10725273331427823,true,0.021110165178150099,9844,5999,9.8813129168249309e-324,3,1,MIP
2065,273.38899993896484,491.60880744786482,true,0.10725273331427823,true,0.021110165178150099,9847,6002,9.8813129168249309e-324,3,1,MIP
2066,273.49399995803833,491.8071375660391,true,0.10725273331427823,true,0.021110165178150099,9851,6004,9.8813129168249309e-324,3,1,MIP
2067,273.63599991798401,492.08045367125163,true,0.10725273331427823,true,0.021110165178150099,9856,6007,9.8813129168249309e-324,3,1,MIP
2068,273.75200009346008,492.30470330998008,true,0.10725273331427823,true,0.021110165178150099,9859,6008,9.8813129168249309e-324,3,1,MIP
2069,273.875,492.53661931086305,true,0.10725273331427823,true,0.021110165178150099,9864,6013,9.8813129168249309e-324,3,1,MIP
2070,273.98200011253357,492.74346629574916,true,0.10725273331427823,true,0.021110165178150099,9874,6017,9.8813129168249309e-324,3,1,MIP
2071,274.17799997329712,493.11182348903441,true,0.10725273331427823,true,0.021113482875930817,9879,6018,9.8813129168249309e-324,3,1,MIP
2072,274.29500007629395,493.33534042654674,true,0.10725273331427823,true,0.021113482875930817,9881,6020,9.8813129168249309e-324,3,1,MIP
2073,274.41300010681152,493.56298949136095,true,0.10725273331427823,true,0.021113482875930817,9886,6025,9.8813129168249309e-324,3,1,MIP
2074,274.54100012779236,493.79861318980011,true,0.10725273331427823,true,0.021113482875930817,9894,6033,9.8813129168249309e-324,3,1,MIP
2075,274.65400004386902,493.97450531076601,true,0.10725273331427823,true,0.021113482875930817,9900,6039,9.8813129168249309e-324,3,1,MIP
2076,274.77600002288818,494.16193609734211,true,0.10725273331427823,true,0.021113482875930817,9907,6046,9.8813129168249309e-324,3,1,MIP
2077,274.88899993896484,494.34005804592022,true,0.10725273331427823,true,0.021113482875930817,9917,6056,9.8813129168249309e-324,3,1,MIP
2078,275.0090000629425,494.54667426591112,true,0.10725273331427823,true,0.021120699003974456,9927,6056,9.8813129168249309e-324,3,1,MIP
2079,275.11700010299683,494.76253100025889,true,0.10725273331427823,true,0.021120699003974456,9930,6059,9.8813129168249309e-324,3,1,MIP
2080,275.2279999256134,494.97606670389297,true,0.10725273331427823,true,0.021120699003974456,9937,6060,9.8813129168249309e-324,3,1,MIP
2081,275.39100003242493,495.31324460224459,true,0.10725273331427823,true,0.021125983111178501,9941,6058,9.8813129168249309e-324,3,1,MIP
2082,275.63599991798401,495.81694654930345,true,0.10725273331427823,true,0.021140558662634885,9942,6057,9.8813129168249309e-324,3,1,MIP
2083,275.75399994850159,496.04707783966512,true,0.10725273331427823,true,0.021140558662634885,9948,6059,9.8813129168249309e-324,3,1,MIP
2084,275.8659999370575,496.26244766300493,true,0.10725273331427823,true,0.021140558662634885,9952,6061,9.8813129168249309e-324,3,1,MIP
2085,275.97200012207031,496.46638432750365,true,0.10725273331427823,true,0.021140558662634885,9958,6055,9.8813129168249309e-324,3,1,MIP
2086,276.02600002288818,496.56208395856692,true,0.10725273331427823,true,0.021149374629118683,9959,6056,9.8813129168249309e-324,3,1,MIP
2087,276.04699993133545,496.59531442983763,true,0.10725273331427823,true,0.021149755891038902,9960,6057,9.8813129168249309e-324,3,1,MIP
2088,276.21900010108948,496.94788154349976,true,0.10725273331427823,true,0.021149755891038902,9961,6058,9.8813129168249309e-324,3,1,MIP
2089,276.34500002861023,497.20640939934697,true,0.10725273331427823,true,0.021149755891038902,9967,6064,9.8813129168249309e-324,3,1,MIP
2090,276.51399993896484,497.54362219992584,true,0.10725273331427823,true,0.021149755891038902,9974,6063,9.8813129168249309e-324,3,1,MIP
2091,276.53999996185303,497.58883390064773,true,0.10725273331427823,true,0.02115104021135232,9975,6064,9.8813129168249309e-324,3,1,MIP
2092,276.66100001335144,497.80548767449841,true,0.10725273331427823,true,0.02115104021135232,9978,6067,9.8813129168249309e-324,3,1,MIP
2093,277.13800001144409,498.50777261508915,true,0.10725273331427823,true,0.02115104021135232,9980,6069,9.8813129168249309e-324,3,1,MIP
2094,277.3970000743866,499.05092057641133,true,0.10725273331427823,true,0.02115104021135232,9982,6067,9.8813129168249309e-324,3,1,MIP
2095,277.50399994850159,499.24878190450738,true,0.10725273331427823,true,0.02115104021135232,9986,6071,9.8813129168249309e-324,3,1,MIP
2096,277.61400008201599,499.45800497302281,true,0.10725273331427823,true,0.02115104021135232,9990,6075,9.8813129168249309e-324,3,1,MIP
2097,277.72900009155273,499.66667389417688,true,0.10725273331427823,true,0.02115104021135232,9995,6080,9.8813129168249309e-324,3,1,MIP
2098,277.83700013160706,499.88517913826723,true,0.10725273331427823,true,0.02115104021135232,10000,6085,9.8813129168249309e-324,3,1,MIP
2099,278.03699994087219,500.26984922886402,true,0.10725273331427823,true,0.02115104021135232,10008,6086,9.8813129168249309e-324,3,1,MIP
2100,278.05800008773804,500.30478086707387,true,0.10725273331427823,true,0.021160700029693422,10009,6087,9.8813129168249309e-324,3,1,MIP
2101,278.16400003433228,500.49604705739097,true,0.10725273331427823,true,0.021160700029693422,10012,6090,9.8813129168249309e-324,3,1,MIP
2102,278.28800010681152,500.73704444608325,true,0.10725273331427823,true,0.021160700029693422,10017,6095,9.8813129168249309e-324,3,1,MIP
2103,278.41400003433228,500.99391642838447,true,0.10725273331427823,true,0.021160700029693422,10021,6097,9.8813129168249309e-324,3,1,MIP
2104,278.56299996376038,501.29937024866223,true,0.10725273331427823,true,0.021160700029693422,10027,6095,9.8813129168249309e-324,3,1,MIP
2105,278.66400003433228,501.48510032106111,true,0.10725273331427823,true,0.021166537519106941,10028,6096,9.8813129168249309e-324,3,1,MIP
2106,278.85899996757507,501.88235126347536,true,0.10725273331427823,true,0.021166537519106941,10034,6096,9.8813129168249309e-324,3,1,MIP
2107,278.97399997711182,502.10172399355457,true,0.10725273331427823,true,0.021166537519106941,10037,6099,9.8813129168249309e-324,3,1,MIP
2108,279.08700013160706,502.32190806811951,true,0.10725273331427823,true,0.021166537519106941,10042,6104,9.8813129168249309e-324,3,1,MIP
2109,279.19300007820129,502.51288090888363,true,0.10725273331427823,true,0.021166537519106941,10046,6108,9.8813129168249309e-324,3,1,MIP
2110,279.29399991035461,502.69030886603446,true,0.10725273331427823,true,0.021166537519106941,10055,6109,9.8813129168249309e-324,3,1,MIP
2111,279.3289999961853,502.74606830498612,true,0.10725273331427823,true,0.021167757250498812,10056,6110,9.8813129168249309e-324,3,1,MIP
2112,279.47300004959106,503.04633108619282,true,0.10725273331427823,true,0.021167757250498812,10059,6113,9.8813129168249309e-324,3,1,MIP
2113,279.53500008583069,503.17800935801296,true,0.10725273331427822,true,0.021167757250498812,10061,0,1,-1,-1,solver_final
