elapsed_time,native_global_LB,verified_UB,gap,node_count,active_gini_interval,event_source
0.0150016,0,0.04915255266474515,0.04915255266474515,0,,global_progress
0.015106899999999999,0,0.04915255266474515,0.04915255266474515,0,,global_progress
2.2607113000000001,0.034406211531441244,0.04915255266474515,0.014746341133303906,0,,global_progress
279.99374990000001,0.045838195768008475,0.04915255266474515,0.0033143568967366754,5406,,global_progress
279.9943146,0.045838195768008475,0.04915255266474515,0.0033143568967366754,5406,,solver_final
