elapsed_time,native_global_LB,verified_UB,gap,node_count,active_gini_interval,event_source
0.0047111999999999996,0,0.35720058320841552,0.35720058320841552,0,,global_progress
0.0048018000000000002,0,0.35720058320841552,0.35720058320841552,0,,global_progress
1.3220959000000001,0.24001564212301657,0.35720058320841552,0.11718494108539895,0,,global_progress
128.41636159999999,0.35720026683431161,0.35720058320841552,3.1637410391471832e-07,24479,,global_progress
128.4166142,0.35720026683431161,0.35720058320841552,3.1637410391471832e-07,24479,,solver_final
