instance_id,role,run_id,lookahead_policy,injection_policy,scope,parent_id,parent_parent_id,depth,lower,upper,K0,injection,family,old_c6_action,target,L_I,L_E,L_D,lookahead_cells,Vlocal,Venvelope,Vresidual,tau,D_R43,P_profile,M_root,F,H,decisive,rho_F,rho_M,rho_H,selected_facets,final_action,reason,decision_hash_input,width,facet_count,violated_facet_count,predicted_veto_rho_05,predicted_veto_promotion_rho_05_m_0007
round39_small_easy_V12_M3_Q30_slot08_seed1167625600,development_context,stage1-atlas__round39_small_easy_V12_M3_Q30_slot08_seed1167625600__d1-none,fixed-d1,none,parent,L0,,0,0,0.0053342515099451416,4,none,c6-overlay,split,0.016002754529835427,0.014301735848744952,0.014301735848744952,0.015840192406942923,"[0,0.0026671257549725708];[0.0026671257549725708,0.0053342515099451416]",1.1280155753124299e-05,9.7433349858384166e-06,1.5368207672858828e-06,0.86375890538034239,0.040951418573951417,0.13624109461965761,0.0066451302532179648,0.90443248819096489,0.0060100716892709802,0,0.5,0.01,0.01,0,split,deterministic_bound_only_refinement_rule,L0|fixed-d1|none|parent|c6-overlay|0.016003|0.014302|0.015840|0.904432|0.006645|0.006010,0.005334251509945142,2,2,True,True
round39_small_easy_V12_M3_Q30_slot08_seed1167625600,development_context,stage1-atlas__round39_small_easy_V12_M3_Q30_slot08_seed1167625600__d1-none,fixed-d1,none,parent,L1,,0,0.0053342515099451416,0.010668503019890283,4,none,c6-overlay,split,0.016002754529835427,0.014748167326727513,0.014748167326727513,0.015601403508861182,"[0.0053342515099451416,0.0080013772649177133];[0.0080013772649177133,0.010668503019890283]",7.0239278865458284e-06,5.7876521397160933e-06,1.2362757468297351e-06,0.82399082581730476,0.03517490910748703,0.17600917418269524,0.0053455897665193996,0.68009316532162811,0.0036354990648230813,0,0.5,0.01,0.01,0,split,deterministic_bound_only_refinement_rule,L1|fixed-d1|none|parent|c6-overlay|0.016003|0.014748|0.015601|0.680093|0.005346|0.003635,0.005334251509945142,2,2,True,True
round39_small_easy_V12_M3_Q30_slot08_seed1167625600,development_context,stage1-atlas__round39_small_easy_V12_M3_Q30_slot08_seed1167625600__d1-none,fixed-d1,none,parent,L2,,0,0.010668503019890283,0.016002754529835427,4,none,c6-overlay,split,0.021336906039780567,0.017964388963836342,0.017964388963836342,0.01813822142257706,"[0.010668503019890283,0.013335628774862855];[0.013335628774862855,0.016002754529835427]",5.2060953961445977e-06,3.0666807258298721e-06,2.1394146703147255e-06,0.58905580717958406,0.11891987557156797,0.410944192820416,0.0092507138454370596,0.05154383353034582,0.00047681725448607304,0,0.5,0.01,0.01,0,split,deterministic_bound_only_refinement_rule,L2|fixed-d1|none|parent|c6-overlay|0.021337|0.017964|0.018138|0.051544|0.009251|0.000477,0.005334251509945143,2,1,False,False
round39_small_easy_V12_M3_Q30_slot08_seed1167625600,development_context,stage1-atlas__round39_small_easy_V12_M3_Q30_slot08_seed1167625600__d1-all,fixed-d1,all,parent,L0,,0,0,0.0053342515099451416,4,all,c6-overlay,split,0.016002754529835427,0.014301735848744952,0.015840192406942937,0.015840192406942923,"[0,0.0026671257549725708];[0.0026671257549725708,0.0053342515099451416]",1.1280155753124299e-05,9.7433349858384166e-06,1.5368207672858828e-06,0.86375890538034239,0.040951418573951417,0.13624109461965761,0.0066451302532179648,0,0,0,0.5,0.01,0.01,2,split,deterministic_bound_only_refinement_rule,L0|fixed-d1|all|parent|c6-overlay|0.016003|0.015840|0.015840|0.000000|0.006645|0.000000,0.005334251509945142,2,2,False,False
round39_small_easy_V12_M3_Q30_slot08_seed1167625600,development_context,stage1-atlas__round39_small_easy_V12_M3_Q30_slot08_seed1167625600__d1-all,fixed-d1,all,parent,L1,,0,0.0053342515099451416,0.010668503019890283,4,all,c6-overlay,split,0.016002754529835427,0.014748167326727513,0.015601403508861208,0.015601403508861182,"[0.0053342515099451416,0.0080013772649177133];[0.0080013772649177133,0.010668503019890283]",7.0239278865458284e-06,5.7876521397160933e-06,1.2362757468297351e-06,0.82399082581730476,0.03517490910748703,0.17600917418269524,0.0053455897665193996,0,0,0,0.5,0.01,0.01,2,split,deterministic_bound_only_refinement_rule,L1|fixed-d1|all|parent|c6-overlay|0.016003|0.015601|0.015601|0.000000|0.005346|0.000000,0.005334251509945142,2,2,False,False
round39_small_easy_V12_M3_Q30_slot08_seed1167625600,development_context,stage1-atlas__round39_small_easy_V12_M3_Q30_slot08_seed1167625600__d1-all,fixed-d1,all,parent,L2,,0,0.010668503019890283,0.016002754529835427,4,all,c6-overlay,split,0.021336906039780567,0.017964388963836342,0.018138221422577122,0.01813822142257706,"[0.010668503019890283,0.013335628774862855];[0.013335628774862855,0.016002754529835427]",5.2060953961445977e-06,3.0666807258298721e-06,2.1394146703147255e-06,0.58905580717958406,0.11891987557156797,0.410944192820416,0.0092507138454370596,0,0,0,0.5,0.01,0.01,2,split,deterministic_bound_only_refinement_rule,L2|fixed-d1|all|parent|c6-overlay|0.021337|0.018138|0.018138|0.000000|0.009251|0.000000,0.005334251509945143,2,1,False,False
round39_small_easy_V12_M3_Q30_slot08_seed1167625600,development_context,stage1-atlas__round39_small_easy_V12_M3_Q30_slot08_seed1167625600__d1-violated,fixed-d1,violated,parent,L0,,0,0,0.0053342515099451416,4,violated,c6-overlay,split,0.016002754529835427,0.014301735848744952,0.015840192406942937,0.015840192406942923,"[0,0.0026671257549725708];[0.0026671257549725708,0.0053342515099451416]",1.1280155753124299e-05,9.7433349858384166e-06,1.5368207672858828e-06,0.86375890538034239,0.040951418573951417,0.13624109461965761,0.0066451302532179648,0,0,0,0.5,0.01,0.01,2,split,deterministic_bound_only_refinement_rule,L0|fixed-d1|violated|parent|c6-overlay|0.016003|0.015840|0.015840|0.000000|0.006645|0.000000,0.005334251509945142,2,2,False,False
round39_small_easy_V12_M3_Q30_slot08_seed1167625600,development_context,stage1-atlas__round39_small_easy_V12_M3_Q30_slot08_seed1167625600__d1-violated,fixed-d1,violated,parent,L1,,0,0.0053342515099451416,0.010668503019890283,4,violated,c6-overlay,split,0.016002754529835427,0.014748167326727513,0.015601403508861208,0.015601403508861182,"[0.0053342515099451416,0.0080013772649177133];[0.0080013772649177133,0.010668503019890283]",7.0239278865458284e-06,5.7876521397160933e-06,1.2362757468297351e-06,0.82399082581730476,0.03517490910748703,0.17600917418269524,0.0053455897665193996,0,0,0,0.5,0.01,0.01,2,split,deterministic_bound_only_refinement_rule,L1|fixed-d1|violated|parent|c6-overlay|0.016003|0.015601|0.015601|0.000000|0.005346|0.000000,0.005334251509945142,2,2,False,False
round39_small_easy_V12_M3_Q30_slot08_seed1167625600,development_context,stage1-atlas__round39_small_easy_V12_M3_Q30_slot08_seed1167625600__d1-violated,fixed-d1,violated,parent,L2,,0,0.010668503019890283,0.016002754529835427,4,violated,c6-overlay,split,0.021336906039780567,0.017964388963836342,0.018138221422577112,0.01813822142257706,"[0.010668503019890283,0.013335628774862855];[0.013335628774862855,0.016002754529835427]",5.2060953961445977e-06,3.0666807258298721e-06,2.1394146703147255e-06,0.58905580717958406,0.11891987557156797,0.410944192820416,0.0092507138454370596,0,0,0,0.5,0.01,0.01,1,split,deterministic_bound_only_refinement_rule,L2|fixed-d1|violated|parent|c6-overlay|0.021337|0.018138|0.018138|0.000000|0.009251|0.000000,0.005334251509945143,2,1,False,False
round39_small_easy_V12_M3_Q30_slot08_seed1167625600,development_context,stage1-atlas__round39_small_easy_V12_M3_Q30_slot08_seed1167625600__d1-active-one,fixed-d1,active-one,parent,L0,,0,0,0.0053342515099451416,4,active-one,c6-overlay,split,0.016002754529835427,0.014301735848744952,0.015499743378546331,0.015840192406942923,"[0,0.0026671257549725708];[0.0026671257549725708,0.0053342515099451416]",1.1280155753124299e-05,9.7433349858384166e-06,1.5368207672858828e-06,0.86375890538034239,0.040951418573951417,0.13624109461965761,0.0066451302532179648,0.67682202973851358,0.0044975705458597855,0,0.5,0.01,0.01,1,split,deterministic_bound_only_refinement_rule,L0|fixed-d1|active-one|parent|c6-overlay|0.016003|0.015500|0.015840|0.676822|0.006645|0.004498,0.005334251509945142,2,2,True,True
round39_small_easy_V12_M3_Q30_slot08_seed1167625600,development_context,stage1-atlas__round39_small_easy_V12_M3_Q30_slot08_seed1167625600__d1-active-one,fixed-d1,active-one,parent,L1,,0,0.0053342515099451416,0.010668503019890283,4,active-one,c6-overlay,split,0.016002754529835427,0.014748167326727513,0.015601403508861208,0.015601403508861182,"[0.0053342515099451416,0.0080013772649177133];[0.0080013772649177133,0.010668503019890283]",7.0239278865458284e-06,5.7876521397160933e-06,1.2362757468297351e-06,0.82399082581730476,0.03517490910748703,0.17600917418269524,0.0053455897665193996,0,0,0,0.5,0.01,0.01,1,split,deterministic_bound_only_refinement_rule,L1|fixed-d1|active-one|parent|c6-overlay|0.016003|0.015601|0.015601|0.000000|0.005346|0.000000,0.005334251509945142,2,2,False,False
round39_small_easy_V12_M3_Q30_slot08_seed1167625600,development_context,stage1-atlas__round39_small_easy_V12_M3_Q30_slot08_seed1167625600__d1-active-one,fixed-d1,active-one,parent,L2,,0,0.010668503019890283,0.016002754529835427,4,active-one,c6-overlay,split,0.021336906039780567,0.017964388963836342,0.018138221422577112,0.01813822142257706,"[0.010668503019890283,0.013335628774862855];[0.013335628774862855,0.016002754529835427]",5.2060953961445977e-06,3.0666807258298721e-06,2.1394146703147255e-06,0.58905580717958406,0.11891987557156797,0.410944192820416,0.0092507138454370596,0,0,0,0.5,0.01,0.01,1,split,deterministic_bound_only_refinement_rule,L2|fixed-d1|active-one|parent|c6-overlay|0.021337|0.018138|0.018138|0.000000|0.009251|0.000000,0.005334251509945143,2,1,False,False
round39_small_easy_V12_M3_Q30_slot08_seed1167625600,development_context,stage1-atlas__round39_small_easy_V12_M3_Q30_slot08_seed1167625600__d2-none,fixed-d2,none,parent,L0,,0,0,0.0053342515099451416,4,none,c6-overlay,split,0.016002754529835427,0.014301735848744952,0.014301735848744952,0.016609882628101456,"[0,0.0013335628774862854];[0.0013335628774862854,0.0026671257549725708];[0.0026671257549725708,0.0040006886324588566];[0.0040006886324588566,0.0053342515099451416]",1.6868172532090663e-05,1.5667362101284366e-05,1.2008104308062978e-06,0.92881206138235606,0.031997804575976299,0.071187938617643942,0.0051922396495350425,1,0.0051922396495350425,1,0.5,0.01,0.01,0,split,deterministic_bound_only_refinement_rule,L0|fixed-d2|none|parent|c6-overlay|0.016003|0.014302|0.016610|1.000000|0.005192|0.005192,0.005334251509945142,3,3,True,True
round39_small_easy_V12_M3_Q30_slot08_seed1167625600,development_context,stage1-atlas__round39_small_easy_V12_M3_Q30_slot08_seed1167625600__d2-none,fixed-d2,none,parent,L1,,0,0.0053342515099451416,0.010668503019890283,4,none,c6-overlay,split,0.016002754529835427,0.014748167326727513,0.014748167326727513,0.016319131737611941,"[0.0053342515099451416,0.0066678143874314274];[0.0066678143874314274,0.0080013772649177133];[0.0080013772649177133,0.0093349401424039982];[0.0093349401424039982,0.010668503019890283]",1.0336724913523407e-05,9.6036815347286052e-06,7.3304337879480154e-07,0.92908359418216013,0.020856782386190018,0.070916405817839853,0.0031696401018534042,1,0.0031696401018534042,1,0.5,0.01,0.01,0,split,deterministic_bound_only_refinement_rule,L1|fixed-d2|none|parent|c6-overlay|0.016003|0.014748|0.016319|1.000000|0.003170|0.003170,0.005334251509945142,4,4,True,True
round39_small_easy_V12_M3_Q30_slot08_seed1167625600,development_context,stage1-atlas__round39_small_easy_V12_M3_Q30_slot08_seed1167625600__d2-none,fixed-d2,none,parent,L2,,0,0.010668503019890283,0.016002754529835427,4,none,c6-overlay,split,0.021336906039780567,0.017964388963836342,0.017964388963836342,0.018223801372270691,"[0.010668503019890283,0.012002065897376568];[0.012002065897376568,0.013335628774862855];[0.013335628774862855,0.014669191652349142];[0.014669191652349142,0.016002754529835427]",7.8090376269808405e-06,6.1999814365677703e-06,1.6090561904130701e-06,0.79394948938987642,0.08943977275963734,0.20605051061012361,0.0069574723335662191,0.076919524080310261,0.00053516546069983916,0,0.5,0.01,0.01,0,split,deterministic_bound_only_refinement_rule,L2|fixed-d2|none|parent|c6-overlay|0.021337|0.017964|0.018224|0.076920|0.006957|0.000535,0.005334251509945143,2,2,False,False
round39_small_easy_V12_M3_Q30_slot08_seed1167625600,development_context,stage1-atlas__round39_small_easy_V12_M3_Q30_slot08_seed1167625600__d2-all,fixed-d2,all,parent,L0,,0,0,0.0053342515099451416,4,all,c6-overlay,split,0.016002754529835427,0.014301735848744952,0.016609882628101459,0.016609882628101456,"[0,0.0013335628774862854];[0.0013335628774862854,0.0026671257549725708];[0.0026671257549725708,0.0040006886324588566];[0.0040006886324588566,0.0053342515099451416]",1.6868172532090663e-05,1.5667362101284366e-05,1.2008104308062978e-06,0.92881206138235606,0.031997804575976299,0.071187938617643942,0.0051922396495350425,0,0,0,0.5,0.01,0.01,3,split,deterministic_bound_only_refinement_rule,L0|fixed-d2|all|parent|c6-overlay|0.016003|0.016610|0.016610|0.000000|0.005192|0.000000,0.005334251509945142,3,3,False,False
round39_small_easy_V12_M3_Q30_slot08_seed1167625600,development_context,stage1-atlas__round39_small_easy_V12_M3_Q30_slot08_seed1167625600__d2-all,fixed-d2,all,parent,L1,,0,0.0053342515099451416,0.010668503019890283,4,all,c6-overlay,split,0.016002754529835427,0.014748167326727513,0.016319131737611944,0.016319131737611941,"[0.0053342515099451416,0.0066678143874314274];[0.0066678143874314274,0.0080013772649177133];[0.0080013772649177133,0.0093349401424039982];[0.0093349401424039982,0.010668503019890283]",1.0336724913523407e-05,9.6036815347286052e-06,7.3304337879480154e-07,0.92908359418216013,0.020856782386190018,0.070916405817839853,0.0031696401018534042,0,0,0,0.5,0.01,0.01,4,split,deterministic_bound_only_refinement_rule,L1|fixed-d2|all|parent|c6-overlay|0.016003|0.016319|0.016319|0.000000|0.003170|0.000000,0.005334251509945142,4,4,False,False
round39_small_easy_V12_M3_Q30_slot08_seed1167625600,development_context,stage1-atlas__round39_small_easy_V12_M3_Q30_slot08_seed1167625600__d2-all,fixed-d2,all,parent,L2,,0,0.010668503019890283,0.016002754529835427,4,all,c6-overlay,split,0.021336906039780567,0.017964388963836342,0.01822380137227075,0.018223801372270691,"[0.010668503019890283,0.012002065897376568];[0.012002065897376568,0.013335628774862855];[0.013335628774862855,0.014669191652349142];[0.014669191652349142,0.016002754529835427]",7.8090376269808405e-06,6.1999814365677703e-06,1.6090561904130701e-06,0.79394948938987642,0.08943977275963734,0.20605051061012361,0.0069574723335662191,0,0,0,0.5,0.01,0.01,2,split,deterministic_bound_only_refinement_rule,L2|fixed-d2|all|parent|c6-overlay|0.021337|0.018224|0.018224|0.000000|0.006957|0.000000,0.005334251509945143,2,2,False,False
round39_small_easy_V12_M3_Q30_slot08_seed1167625600,development_context,stage1-atlas__round39_small_easy_V12_M3_Q30_slot08_seed1167625600__d2-violated,fixed-d2,violated,parent,L0,,0,0,0.0053342515099451416,4,violated,c6-overlay,split,0.016002754529835427,0.014301735848744952,0.016609882628101459,0.016609882628101456,"[0,0.0013335628774862854];[0.0013335628774862854,0.0026671257549725708];[0.0026671257549725708,0.0040006886324588566];[0.0040006886324588566,0.0053342515099451416]",1.6868172532090663e-05,1.5667362101284366e-05,1.2008104308062978e-06,0.92881206138235606,0.031997804575976299,0.071187938617643942,0.0051922396495350425,0,0,0,0.5,0.01,0.01,3,split,deterministic_bound_only_refinement_rule,L0|fixed-d2|violated|parent|c6-overlay|0.016003|0.016610|0.016610|0.000000|0.005192|0.000000,0.005334251509945142,3,3,False,False
round39_small_easy_V12_M3_Q30_slot08_seed1167625600,development_context,stage1-atlas__round39_small_easy_V12_M3_Q30_slot08_seed1167625600__d2-violated,fixed-d2,violated,parent,L1,,0,0.0053342515099451416,0.010668503019890283,4,violated,c6-overlay,split,0.016002754529835427,0.014748167326727513,0.016319131737611944,0.016319131737611941,"[0.0053342515099451416,0.0066678143874314274];[0.0066678143874314274,0.0080013772649177133];[0.0080013772649177133,0.0093349401424039982];[0.0093349401424039982,0.010668503019890283]",1.0336724913523407e-05,9.6036815347286052e-06,7.3304337879480154e-07,0.92908359418216013,0.020856782386190018,0.070916405817839853,0.0031696401018534042,0,0,0,0.5,0.01,0.01,4,split,deterministic_bound_only_refinement_rule,L1|fixed-d2|violated|parent|c6-overlay|0.016003|0.016319|0.016319|0.000000|0.003170|0.000000,0.005334251509945142,4,4,False,False
round39_small_easy_V12_M3_Q30_slot08_seed1167625600,development_context,stage1-atlas__round39_small_easy_V12_M3_Q30_slot08_seed1167625600__d2-violated,fixed-d2,violated,parent,L2,,0,0.010668503019890283,0.016002754529835427,4,violated,c6-overlay,split,0.021336906039780567,0.017964388963836342,0.01822380137227075,0.018223801372270691,"[0.010668503019890283,0.012002065897376568];[0.012002065897376568,0.013335628774862855];[0.013335628774862855,0.014669191652349142];[0.014669191652349142,0.016002754529835427]",7.8090376269808405e-06,6.1999814365677703e-06,1.6090561904130701e-06,0.79394948938987642,0.08943977275963734,0.20605051061012361,0.0069574723335662191,0,0,0,0.5,0.01,0.01,2,split,deterministic_bound_only_refinement_rule,L2|fixed-d2|violated|parent|c6-overlay|0.021337|0.018224|0.018224|0.000000|0.006957|0.000000,0.005334251509945143,2,2,False,False
round39_small_easy_V12_M3_Q30_slot08_seed1167625600,development_context,stage1-atlas__round39_small_easy_V12_M3_Q30_slot08_seed1167625600__d2-active-one,fixed-d2,active-one,parent,L0,,0,0,0.0053342515099451416,4,active-one,c6-overlay,split,0.016002754529835427,0.014301735848744952,0.016301063944434608,0.016609882628101456,"[0,0.0013335628774862854];[0.0013335628774862854,0.0026671257549725708];[0.0026671257549725708,0.0040006886324588566];[0.0040006886324588566,0.0053342515099451416]",1.6868172532090663e-05,1.5667362101284366e-05,1.2008104308062978e-06,0.92881206138235606,0.031997804575976299,0.071187938617643942,0.0051922396495350425,0,0,0,0.5,0.01,0.01,1,split,deterministic_bound_only_refinement_rule,L0|fixed-d2|active-one|parent|c6-overlay|0.016003|0.016301|0.016610|0.000000|0.005192|0.000000,0.005334251509945142,3,3,False,False
round39_small_easy_V12_M3_Q30_slot08_seed1167625600,development_context,stage1-atlas__round39_small_easy_V12_M3_Q30_slot08_seed1167625600__d2-active-one,fixed-d2,active-one,parent,L1,,0,0.0053342515099451416,0.010668503019890283,4,active-one,c6-overlay,split,0.016002754529835427,0.014748167326727513,0.016319131737611937,0.016319131737611941,"[0.0053342515099451416,0.0066678143874314274];[0.0066678143874314274,0.0080013772649177133];[0.0080013772649177133,0.0093349401424039982];[0.0093349401424039982,0.010668503019890283]",1.0336724913523407e-05,9.6036815347286052e-06,7.3304337879480154e-07,0.92908359418216013,0.020856782386190018,0.070916405817839853,0.0031696401018534042,0,0,0,0.5,0.01,0.01,1,split,deterministic_bound_only_refinement_rule,L1|fixed-d2|active-one|parent|c6-overlay|0.016003|0.016319|0.016319|0.000000|0.003170|0.000000,0.005334251509945142,4,4,False,False
round39_small_easy_V12_M3_Q30_slot08_seed1167625600,development_context,stage1-atlas__round39_small_easy_V12_M3_Q30_slot08_seed1167625600__d2-active-one,fixed-d2,active-one,parent,L2,,0,0.010668503019890283,0.016002754529835427,4,active-one,c6-overlay,split,0.021336906039780567,0.017964388963836342,0.018029548433332796,0.018223801372270691,"[0.010668503019890283,0.012002065897376568];[0.012002065897376568,0.013335628774862855];[0.013335628774862855,0.014669191652349142];[0.014669191652349142,0.016002754529835427]",7.8090376269808405e-06,6.1999814365677703e-06,1.6090561904130701e-06,0.79394948938987642,0.08943977275963734,0.20605051061012361,0.0069574723335662191,0.058733575879183576,0.00040863722923083196,0,0.5,0.01,0.01,1,split,deterministic_bound_only_refinement_rule,L2|fixed-d2|active-one|parent|c6-overlay|0.021337|0.018030|0.018224|0.058734|0.006957|0.000409,0.005334251509945143,2,2,False,False
round39_small_easy_V12_M3_Q30_slot08_seed1167625600,development_context,stage1-atlas__round39_small_easy_V12_M3_Q30_slot08_seed1167625600__frontier-d2-none,frontier-d2,none,parent,L0,,0,0,0.0053342515099451416,4,none,c6-overlay,split,0.016002754529835427,0.014301735848744952,0.014301735848744952,0.016609882628101456,"[0,0.0026671257549725708];[0.0026671257549725708,0.0040006886324588566];[0.0040006886324588566,0.0053342515099451416]",1.3970602273211163e-05,1.3077821134734423e-05,8.9278113847673992e-07,0.93609573008969982,0.0237897970114356,0.06390426991030021,0.0038603375742192569,1,0.0038603375742192569,1,0.5,0.01,0.01,0,split,deterministic_bound_only_refinement_rule,L0|frontier-d2|none|parent|c6-overlay|0.016003|0.014302|0.016610|1.000000|0.003860|0.003860,0.005334251509945142,2,2,True,True
round39_small_easy_V12_M3_Q30_slot08_seed1167625600,development_context,stage1-atlas__round39_small_easy_V12_M3_Q30_slot08_seed1167625600__frontier-d2-none,frontier-d2,none,parent,L1,,0,0.0053342515099451416,0.010668503019890283,4,none,c6-overlay,split,0.016002754529835427,0.014748167326727513,0.014748167326727513,0.016319131737611941,"[0.0053342515099451416,0.0066678143874314274];[0.0066678143874314274,0.0080013772649177133];[0.0080013772649177133,0.010668503019890283]",9.0385502145475147e-06,8.7986293180959457e-06,2.3992089645156895e-07,0.97345582081677029,0.0068263053346407079,0.026544179183229752,0.0010374050385882892,1,0.0010374050385882892,1,0.5,0.01,0.01,0,split,deterministic_bound_only_refinement_rule,L1|frontier-d2|none|parent|c6-overlay|0.016003|0.014748|0.016319|1.000000|0.001037|0.001037,0.005334251509945142,2,2,True,True
round39_small_easy_V12_M3_Q30_slot08_seed1167625600,development_context,stage1-atlas__round39_small_easy_V12_M3_Q30_slot08_seed1167625600__frontier-d2-none,frontier-d2,none,parent,L2,,0,0.010668503019890283,0.016002754529835427,4,none,c6-overlay,split,0.021336906039780567,0.017964388963836342,0.017964388963836342,0.018223801372270691,"[0.010668503019890283,0.012002065897376568];[0.012002065897376568,0.013335628774862855];[0.013335628774862855,0.014669191652349142];[0.014669191652349142,0.016002754529835427]",7.8090376269808405e-06,6.1999814365677703e-06,1.6090561904130701e-06,0.79394948938987642,0.08943977275963734,0.20605051061012361,0.0069574723335662191,0.076919524080310261,0.00053516546069983916,0,0.5,0.01,0.01,0,split,deterministic_bound_only_refinement_rule,L2|frontier-d2|none|parent|c6-overlay|0.021337|0.017964|0.018224|0.076920|0.006957|0.000535,0.005334251509945143,2,2,False,False
round39_small_easy_V12_M3_Q30_slot08_seed1167625600,development_context,stage1-atlas__round39_small_easy_V12_M3_Q30_slot08_seed1167625600__frontier-d2-all,frontier-d2,all,parent,L0,,0,0,0.0053342515099451416,4,all,c6-overlay,split,0.016002754529835427,0.014301735848744952,0.0166098826281014,0.016609882628101456,"[0,0.0026671257549725708];[0.0026671257549725708,0.0040006886324588566];[0.0040006886324588566,0.0053342515099451416]",1.3970602273211163e-05,1.3077821134734423e-05,8.9278113847673992e-07,0.93609573008969982,0.0237897970114356,0.06390426991030021,0.0038603375742192569,0,0,0,0.5,0.01,0.01,2,split,deterministic_bound_only_refinement_rule,L0|frontier-d2|all|parent|c6-overlay|0.016003|0.016610|0.016610|0.000000|0.003860|0.000000,0.005334251509945142,2,2,False,False
round39_small_easy_V12_M3_Q30_slot08_seed1167625600,development_context,stage1-atlas__round39_small_easy_V12_M3_Q30_slot08_seed1167625600__frontier-d2-all,frontier-d2,all,parent,L1,,0,0.0053342515099451416,0.010668503019890283,4,all,c6-overlay,split,0.016002754529835427,0.014748167326727513,0.016319131737611882,0.016319131737611941,"[0.0053342515099451416,0.0066678143874314274];[0.0066678143874314274,0.0080013772649177133];[0.0080013772649177133,0.010668503019890283]",9.0385502145475147e-06,8.7986293180959457e-06,2.3992089645156895e-07,0.97345582081677029,0.0068263053346407079,0.026544179183229752,0.0010374050385882892,0,0,0,0.5,0.01,0.01,2,split,deterministic_bound_only_refinement_rule,L1|frontier-d2|all|parent|c6-overlay|0.016003|0.016319|0.016319|0.000000|0.001037|0.000000,0.005334251509945142,2,2,False,False
round39_small_easy_V12_M3_Q30_slot08_seed1167625600,development_context,stage1-atlas__round39_small_easy_V12_M3_Q30_slot08_seed1167625600__frontier-d2-all,frontier-d2,all,parent,L2,,0,0.010668503019890283,0.016002754529835427,4,all,c6-overlay,split,0.021336906039780567,0.017964388963836342,0.01822380137227075,0.018223801372270691,"[0.010668503019890283,0.012002065897376568];[0.012002065897376568,0.013335628774862855];[0.013335628774862855,0.014669191652349142];[0.014669191652349142,0.016002754529835427]",7.8090376269808405e-06,6.1999814365677703e-06,1.6090561904130701e-06,0.79394948938987642,0.08943977275963734,0.20605051061012361,0.0069574723335662191,0,0,0,0.5,0.01,0.01,2,split,deterministic_bound_only_refinement_rule,L2|frontier-d2|all|parent|c6-overlay|0.021337|0.018224|0.018224|0.000000|0.006957|0.000000,0.005334251509945143,2,2,False,False
round39_small_easy_V12_M3_Q30_slot08_seed1167625600,development_context,stage1-atlas__round39_small_easy_V12_M3_Q30_slot08_seed1167625600__frontier-d2-violated,frontier-d2,violated,parent,L0,,0,0,0.0053342515099451416,4,violated,c6-overlay,split,0.016002754529835427,0.014301735848744952,0.0166098826281014,0.016609882628101456,"[0,0.0026671257549725708];[0.0026671257549725708,0.0040006886324588566];[0.0040006886324588566,0.0053342515099451416]",1.3970602273211163e-05,1.3077821134734423e-05,8.9278113847673992e-07,0.93609573008969982,0.0237897970114356,0.06390426991030021,0.0038603375742192569,0,0,0,0.5,0.01,0.01,2,split,deterministic_bound_only_refinement_rule,L0|frontier-d2|violated|parent|c6-overlay|0.016003|0.016610|0.016610|0.000000|0.003860|0.000000,0.005334251509945142,2,2,False,False
round39_small_easy_V12_M3_Q30_slot08_seed1167625600,development_context,stage1-atlas__round39_small_easy_V12_M3_Q30_slot08_seed1167625600__frontier-d2-violated,frontier-d2,violated,parent,L1,,0,0.0053342515099451416,0.010668503019890283,4,violated,c6-overlay,split,0.016002754529835427,0.014748167326727513,0.016319131737611882,0.016319131737611941,"[0.0053342515099451416,0.0066678143874314274];[0.0066678143874314274,0.0080013772649177133];[0.0080013772649177133,0.010668503019890283]",9.0385502145475147e-06,8.7986293180959457e-06,2.3992089645156895e-07,0.97345582081677029,0.0068263053346407079,0.026544179183229752,0.0010374050385882892,0,0,0,0.5,0.01,0.01,2,split,deterministic_bound_only_refinement_rule,L1|frontier-d2|violated|parent|c6-overlay|0.016003|0.016319|0.016319|0.000000|0.001037|0.000000,0.005334251509945142,2,2,False,False
round39_small_easy_V12_M3_Q30_slot08_seed1167625600,development_context,stage1-atlas__round39_small_easy_V12_M3_Q30_slot08_seed1167625600__frontier-d2-violated,frontier-d2,violated,parent,L2,,0,0.010668503019890283,0.016002754529835427,4,violated,c6-overlay,split,0.021336906039780567,0.017964388963836342,0.01822380137227075,0.018223801372270691,"[0.010668503019890283,0.012002065897376568];[0.012002065897376568,0.013335628774862855];[0.013335628774862855,0.014669191652349142];[0.014669191652349142,0.016002754529835427]",7.8090376269808405e-06,6.1999814365677703e-06,1.6090561904130701e-06,0.79394948938987642,0.08943977275963734,0.20605051061012361,0.0069574723335662191,0,0,0,0.5,0.01,0.01,2,split,deterministic_bound_only_refinement_rule,L2|frontier-d2|violated|parent|c6-overlay|0.021337|0.018224|0.018224|0.000000|0.006957|0.000000,0.005334251509945143,2,2,False,False
round39_small_easy_V12_M3_Q30_slot08_seed1167625600,development_context,stage1-atlas__round39_small_easy_V12_M3_Q30_slot08_seed1167625600__frontier-d2-active-one,frontier-d2,active-one,parent,L0,,0,0,0.0053342515099451416,4,active-one,c6-overlay,split,0.016002754529835427,0.014301735848744952,0.016560594447646081,0.016609882628101456,"[0,0.0026671257549725708];[0.0026671257549725708,0.0040006886324588566];[0.0040006886324588566,0.0053342515099451416]",1.3970602273211163e-05,1.3077821134734423e-05,8.9278113847673992e-07,0.93609573008969982,0.0237897970114356,0.06390426991030021,0.0038603375742192569,0,0,0,0.5,0.01,0.01,1,split,deterministic_bound_only_refinement_rule,L0|frontier-d2|active-one|parent|c6-overlay|0.016003|0.016561|0.016610|0.000000|0.003860|0.000000,0.005334251509945142,2,2,False,False
round39_small_easy_V12_M3_Q30_slot08_seed1167625600,development_context,stage1-atlas__round39_small_easy_V12_M3_Q30_slot08_seed1167625600__frontier-d2-active-one,frontier-d2,active-one,parent,L1,,0,0.0053342515099451416,0.010668503019890283,4,active-one,c6-overlay,split,0.016002754529835427,0.014748167326727513,0.016319131737611937,0.016319131737611941,"[0.0053342515099451416,0.0066678143874314274];[0.0066678143874314274,0.0080013772649177133];[0.0080013772649177133,0.010668503019890283]",9.0385502145475147e-06,8.7986293180959457e-06,2.3992089645156895e-07,0.97345582081677029,0.0068263053346407079,0.026544179183229752,0.0010374050385882892,0,0,0,0.5,0.01,0.01,1,split,deterministic_bound_only_refinement_rule,L1|frontier-d2|active-one|parent|c6-overlay|0.016003|0.016319|0.016319|0.000000|0.001037|0.000000,0.005334251509945142,2,2,False,False
round39_small_easy_V12_M3_Q30_slot08_seed1167625600,development_context,stage1-atlas__round39_small_easy_V12_M3_Q30_slot08_seed1167625600__frontier-d2-active-one,frontier-d2,active-one,parent,L2,,0,0.010668503019890283,0.016002754529835427,4,active-one,c6-overlay,split,0.021336906039780567,0.017964388963836342,0.018029548433332796,0.018223801372270691,"[0.010668503019890283,0.012002065897376568];[0.012002065897376568,0.013335628774862855];[0.013335628774862855,0.014669191652349142];[0.014669191652349142,0.016002754529835427]",7.8090376269808405e-06,6.1999814365677703e-06,1.6090561904130701e-06,0.79394948938987642,0.08943977275963734,0.20605051061012361,0.0069574723335662191,0.058733575879183576,0.00040863722923083196,0,0.5,0.01,0.01,1,split,deterministic_bound_only_refinement_rule,L2|frontier-d2|active-one|parent|c6-overlay|0.021337|0.018030|0.018224|0.058734|0.006957|0.000409,0.005334251509945143,2,2,False,False
round39_small_medium_V12_M3_Q30_slot08_seed1343324363,major_fragmentation_regression,stage1-atlas__round39_small_medium_V12_M3_Q30_slot08_seed1343324363__d1-none,fixed-d1,none,parent,L0,,0,0,0.012367170653604861,4,none,c6-overlay,split,0.037101511960814584,0.028210692227058676,0.028210692227058676,0.02993232489654531,"[0,0.0061835853268024307];[0.0061835853268024307,0.012367170653604861]",3.5478057855542644e-05,2.8384891440952527e-05,7.0931664145901173e-06,0.80006892024722343,0.026980350614274319,0.19993107975277655,0.0050326793498051631,0.19364161247697836,0.00097453614437586285,0,0.5,0.01,0.01,0,split,deterministic_bound_only_refinement_rule,L0|fixed-d1|none|parent|c6-overlay|0.037102|0.028211|0.029932|0.193642|0.005033|0.000975,0.012367170653604861,2,2,False,False
round39_small_medium_V12_M3_Q30_slot08_seed1343324363,major_fragmentation_regression,stage1-atlas__round39_small_medium_V12_M3_Q30_slot08_seed1343324363__d1-none,fixed-d1,none,parent,L1,,0,0.012367170653604861,0.024734341307209723,4,none,c6-overlay,split,0.037101511960814584,0.032852225758396171,0.032852225758396171,0.034528448501144372,"[0.012367170653604861,0.018550755980407292];[0.018550755980407292,0.024734341307209723]",3.5010730971214519e-05,2.7870431842117556e-05,7.140299129096963e-06,0.79605398313540932,0.034746225047039184,0.20394601686459066,0.0050661205275718312,0.39447160367644946,0.0019984406889294406,0,0.5,0.01,0.01,0,split,deterministic_bound_only_refinement_rule,L1|fixed-d1|none|parent|c6-overlay|0.037102|0.032852|0.034528|0.394472|0.005066|0.001998,0.012367170653604861,2,2,False,False
round39_small_medium_V12_M3_Q30_slot08_seed1343324363,major_fragmentation_regression,stage1-atlas__round39_small_medium_V12_M3_Q30_slot08_seed1343324363__d1-none,fixed-d1,none,parent,L2,,0,0.024734341307209723,0.037101511960814584,4,none,c6-overlay,split,0.049468582614419443,0.037802754977028653,0.037802754977028653,0.039154805079827541,"[0.024734341307209723,0.030917926634012154];[0.030917926634012154,0.037101511960814584]",3.40498087942906e-05,2.538542157391418e-05,8.66438722037642e-06,0.7455378597653316,0.060054868628481847,0.2544621402346684,0.006147477740408254,0.11589834384877738,0.00071248248896054085,0,0.5,0.01,0.01,0,split,deterministic_bound_only_refinement_rule,L2|fixed-d1|none|parent|c6-overlay|0.049469|0.037803|0.039155|0.115898|0.006147|0.000712,0.012367170653604861,2,2,False,False
round39_small_medium_V12_M3_Q30_slot08_seed1343324363,major_fragmentation_regression,stage1-atlas__round39_small_medium_V12_M3_Q30_slot08_seed1343324363__d1-none,fixed-d1,none,parent,L3,,0,0.037101511960814584,0.049468682614419446,4,none,c6-overlay,split,0.049468582614419443,0.046945261960814583,0.046945261960814583,0.046945261960814583,"[0.037101511960814584,0.043285097287617015];[0.043285097287617015,0.049468682614419446]",1.5603786926981232e-05,7.8018934634906806e-06,7.8018934634905518e-06,0.50000000000000411,0.24999999999999795,0.49999999999999589,0.0055355289624003136,0,0,0,0.5,0.01,0.01,0,split,deterministic_bound_only_refinement_rule,L3|fixed-d1|none|parent|c6-overlay|0.049469|0.046945|0.046945|0.000000|0.005536|0.000000,0.012367170653604861,2,0,False,False
round39_small_medium_V12_M3_Q30_slot08_seed1343324363,major_fragmentation_regression,stage1-atlas__round39_small_medium_V12_M3_Q30_slot08_seed1343324363__d1-all,fixed-d1,all,parent,L0,,0,0,0.012367170653604861,4,all,c6-overlay,split,0.037101511960814584,0.028210692227058676,0.029932324896545147,0.02993232489654531,"[0,0.0061835853268024307];[0.0061835853268024307,0.012367170653604861]",3.5478057855542644e-05,2.8384891440952527e-05,7.0931664145901173e-06,0.80006892024722343,0.026980350614274319,0.19993107975277655,0.0050326793498051631,2.2745118139616657e-14,1.1446888637012758e-16,0,0.5,0.01,0.01,2,split,deterministic_bound_only_refinement_rule,L0|fixed-d1|all|parent|c6-overlay|0.037102|0.029932|0.029932|0.000000|0.005033|0.000000,0.012367170653604861,2,2,False,False
round39_small_medium_V12_M3_Q30_slot08_seed1343324363,major_fragmentation_regression,stage1-atlas__round39_small_medium_V12_M3_Q30_slot08_seed1343324363__d1-all,fixed-d1,all,parent,L1,,0,0.012367170653604861,0.024734341307209723,4,all,c6-overlay,split,0.037101511960814584,0.032852225758396171,0.034528448501144372,0.034528448501144372,"[0.012367170653604861,0.018550755980407292];[0.018550755980407292,0.024734341307209723]",3.5010730971214519e-05,2.7870431842117556e-05,7.140299129096963e-06,0.79605398313540932,0.034746225047039184,0.20394601686459066,0.0050661205275718312,0,0,0,0.5,0.01,0.01,2,split,deterministic_bound_only_refinement_rule,L1|fixed-d1|all|parent|c6-overlay|0.037102|0.034528|0.034528|0.000000|0.005066|0.000000,0.012367170653604861,2,2,False,False
round39_small_medium_V12_M3_Q30_slot08_seed1343324363,major_fragmentation_regression,stage1-atlas__round39_small_medium_V12_M3_Q30_slot08_seed1343324363__d1-all,fixed-d1,all,parent,L2,,0,0.024734341307209723,0.037101511960814584,4,all,c6-overlay,split,0.049468582614419443,0.037802754977028653,0.039154805079827527,0.039154805079827541,"[0.024734341307209723,0.030917926634012154];[0.030917926634012154,0.037101511960814584]",3.40498087942906e-05,2.538542157391418e-05,8.66438722037642e-06,0.7455378597653316,0.060054868628481847,0.2544621402346684,0.006147477740408254,1.3455581877027134e-15,8.2717890073265027e-18,0,0.5,0.01,0.01,2,split,deterministic_bound_only_refinement_rule,L2|fixed-d1|all|parent|c6-overlay|0.049469|0.039155|0.039155|0.000000|0.006147|0.000000,0.012367170653604861,2,2,False,False
round39_small_medium_V12_M3_Q30_slot08_seed1343324363,major_fragmentation_regression,stage1-atlas__round39_small_medium_V12_M3_Q30_slot08_seed1343324363__d1-all,fixed-d1,all,parent,L3,,0,0.037101511960814584,0.049468682614419446,4,all,c6-overlay,split,0.049468582614419443,0.046945261960814583,0.046945261960814583,0.046945261960814583,"[0.037101511960814584,0.043285097287617015];[0.043285097287617015,0.049468682614419446]",1.5603786926981232e-05,7.8018934634906806e-06,7.8018934634905518e-06,0.50000000000000411,0.24999999999999795,0.49999999999999589,0.0055355289624003136,0,0,0,0.5,0.01,0.01,2,split,deterministic_bound_only_refinement_rule,L3|fixed-d1|all|parent|c6-overlay|0.049469|0.046945|0.046945|0.000000|0.005536|0.000000,0.012367170653604861,2,0,False,False
round39_small_medium_V12_M3_Q30_slot08_seed1343324363,major_fragmentation_regression,stage1-atlas__round39_small_medium_V12_M3_Q30_slot08_seed1343324363__d1-violated,fixed-d1,violated,parent,L0,,0,0,0.012367170653604861,4,violated,c6-overlay,split,0.037101511960814584,0.028210692227058676,0.029932324896545147,0.02993232489654531,"[0,0.0061835853268024307];[0.0061835853268024307,0.012367170653604861]",3.5478057855542644e-05,2.8384891440952527e-05,7.0931664145901173e-06,0.80006892024722343,0.026980350614274319,0.19993107975277655,0.0050326793498051631,2.2745118139616657e-14,1.1446888637012758e-16,0,0.5,0.01,0.01,2,split,deterministic_bound_only_refinement_rule,L0|fixed-d1|violated|parent|c6-overlay|0.037102|0.029932|0.029932|0.000000|0.005033|0.000000,0.012367170653604861,2,2,False,False
round39_small_medium_V12_M3_Q30_slot08_seed1343324363,major_fragmentation_regression,stage1-atlas__round39_small_medium_V12_M3_Q30_slot08_seed1343324363__d1-violated,fixed-d1,violated,parent,L1,,0,0.012367170653604861,0.024734341307209723,4,violated,c6-overlay,split,0.037101511960814584,0.032852225758396171,0.034528448501144372,0.034528448501144372,"[0.012367170653604861,0.018550755980407292];[0.018550755980407292,0.024734341307209723]",3.5010730971214519e-05,2.7870431842117556e-05,7.140299129096963e-06,0.79605398313540932,0.034746225047039184,0.20394601686459066,0.0050661205275718312,0,0,0,0.5,0.01,0.01,2,split,deterministic_bound_only_refinement_rule,L1|fixed-d1|violated|parent|c6-overlay|0.037102|0.034528|0.034528|0.000000|0.005066|0.000000,0.012367170653604861,2,2,False,False
round39_small_medium_V12_M3_Q30_slot08_seed1343324363,major_fragmentation_regression,stage1-atlas__round39_small_medium_V12_M3_Q30_slot08_seed1343324363__d1-violated,fixed-d1,violated,parent,L2,,0,0.024734341307209723,0.037101511960814584,4,violated,c6-overlay,split,0.049468582614419443,0.037802754977028653,0.039154805079827527,0.039154805079827541,"[0.024734341307209723,0.030917926634012154];[0.030917926634012154,0.037101511960814584]",3.40498087942906e-05,2.538542157391418e-05,8.66438722037642e-06,0.7455378597653316,0.060054868628481847,0.2544621402346684,0.006147477740408254,1.3455581877027134e-15,8.2717890073265027e-18,0,0.5,0.01,0.01,2,split,deterministic_bound_only_refinement_rule,L2|fixed-d1|violated|parent|c6-overlay|0.049469|0.039155|0.039155|0.000000|0.006147|0.000000,0.012367170653604861,2,2,False,False
round39_small_medium_V12_M3_Q30_slot08_seed1343324363,major_fragmentation_regression,stage1-atlas__round39_small_medium_V12_M3_Q30_slot08_seed1343324363__d1-violated,fixed-d1,violated,parent,L3,,0,0.037101511960814584,0.049468682614419446,4,violated,c6-overlay,split,0.049468582614419443,0.046945261960814583,0.046945261960814583,0.046945261960814583,"[0.037101511960814584,0.043285097287617015];[0.043285097287617015,0.049468682614419446]",1.5603786926981232e-05,7.8018934634906806e-06,7.8018934634905518e-06,0.50000000000000411,0.24999999999999795,0.49999999999999589,0.0055355289624003136,0,0,0,0.5,0.01,0.01,0,split,deterministic_bound_only_refinement_rule,L3|fixed-d1|violated|parent|c6-overlay|0.049469|0.046945|0.046945|0.000000|0.005536|0.000000,0.012367170653604861,2,0,False,False
round39_small_medium_V12_M3_Q30_slot08_seed1343324363,major_fragmentation_regression,stage1-atlas__round39_small_medium_V12_M3_Q30_slot08_seed1343324363__d1-active-one,fixed-d1,active-one,parent,L0,,0,0,0.012367170653604861,4,active-one,c6-overlay,split,0.037101511960814584,0.028210692227058676,0.029932324896545282,0.02993232489654531,"[0,0.0061835853268024307];[0.0061835853268024307,0.012367170653604861]",3.5478057855542644e-05,2.8384891440952527e-05,7.0931664145901173e-06,0.80006892024722343,0.026980350614274319,0.19993107975277655,0.0050326793498051631,3.8715094705731206e-15,1.9484065765128465e-17,0,0.5,0.01,0.01,1,split,deterministic_bound_only_refinement_rule,L0|fixed-d1|active-one|parent|c6-overlay|0.037102|0.029932|0.029932|0.000000|0.005033|0.000000,0.012367170653604861,2,2,False,False
round39_small_medium_V12_M3_Q30_slot08_seed1343324363,major_fragmentation_regression,stage1-atlas__round39_small_medium_V12_M3_Q30_slot08_seed1343324363__d1-active-one,fixed-d1,active-one,parent,L1,,0,0.012367170653604861,0.024734341307209723,4,active-one,c6-overlay,split,0.037101511960814584,0.032852225758396171,0.034528448501144324,0.034528448501144372,"[0.012367170653604861,0.018550755980407292];[0.018550755980407292,0.024734341307209723]",3.5010730971214519e-05,2.7870431842117556e-05,7.140299129096963e-06,0.79605398313540932,0.034746225047039184,0.20394601686459066,0.0050661205275718312,1.8877209244413722e-14,9.5634217256393102e-17,0,0.5,0.01,0.01,1,split,deterministic_bound_only_refinement_rule,L1|fixed-d1|active-one|parent|c6-overlay|0.037102|0.034528|0.034528|0.000000|0.005066|0.000000,0.012367170653604861,2,2,False,False
round39_small_medium_V12_M3_Q30_slot08_seed1343324363,major_fragmentation_regression,stage1-atlas__round39_small_medium_V12_M3_Q30_slot08_seed1343324363__d1-active-one,fixed-d1,active-one,parent,L2,,0,0.024734341307209723,0.037101511960814584,4,active-one,c6-overlay,split,0.049468582614419443,0.037802754977028653,0.039154805079827548,0.039154805079827541,"[0.024734341307209723,0.030917926634012154];[0.030917926634012154,0.037101511960814584]",3.40498087942906e-05,2.538542157391418e-05,8.66438722037642e-06,0.7455378597653316,0.060054868628481847,0.2544621402346684,0.006147477740408254,0,0,0,0.5,0.01,0.01,1,split,deterministic_bound_only_refinement_rule,L2|fixed-d1|active-one|parent|c6-overlay|0.049469|0.039155|0.039155|0.000000|0.006147|0.000000,0.012367170653604861,2,2,False,False
round39_small_medium_V12_M3_Q30_slot08_seed1343324363,major_fragmentation_regression,stage1-atlas__round39_small_medium_V12_M3_Q30_slot08_seed1343324363__d1-active-one,fixed-d1,active-one,parent,L3,,0,0.037101511960814584,0.049468682614419446,4,active-one,c6-overlay,split,0.049468582614419443,0.046945261960814583,0.046945261960814583,0.046945261960814583,"[0.037101511960814584,0.043285097287617015];[0.043285097287617015,0.049468682614419446]",1.5603786926981232e-05,7.8018934634906806e-06,7.8018934634905518e-06,0.50000000000000411,0.24999999999999795,0.49999999999999589,0.0055355289624003136,0,0,0,0.5,0.01,0.01,0,split,deterministic_bound_only_refinement_rule,L3|fixed-d1|active-one|parent|c6-overlay|0.049469|0.046945|0.046945|0.000000|0.005536|0.000000,0.012367170653604861,2,0,False,False
round39_small_medium_V12_M3_Q30_slot08_seed1343324363,major_fragmentation_regression,stage1-atlas__round39_small_medium_V12_M3_Q30_slot08_seed1343324363__d2-none,fixed-d2,none,parent,L0,,0,0,0.012367170653604861,4,none,c6-overlay,split,0.037101511960814584,0.028210692227058676,0.028210692227058676,0.031799220620925196,"[0,0.0030917926634012154];[0.0030917926634012154,0.0061835853268024307];[0.0061835853268024307,0.0092753779902036461];[0.0092753779902036461,0.012367170653604861]",5.6349066862939033e-05,5.2586149865587579e-05,3.762916997351454e-06,0.9332213077014353,0.014313046386748456,0.066778692298564701,0.0026698308711111539,0.40362176957000945,0.0010776018606505238,0,0.5,0.01,0.01,0,split,deterministic_bound_only_refinement_rule,L0|fixed-d2|none|parent|c6-overlay|0.037102|0.028211|0.031799|0.403622|0.002670|0.001078,0.012367170653604861,4,4,False,False
round39_small_medium_V12_M3_Q30_slot08_seed1343324363,major_fragmentation_regression,stage1-atlas__round39_small_medium_V12_M3_Q30_slot08_seed1343324363__d2-none,fixed-d2,none,parent,L1,,0,0.012367170653604861,0.024734341307209723,4,none,c6-overlay,split,0.037101511960814584,0.032852225758396171,0.032852225758396171,0.035379603639645915,"[0.012367170653604861,0.015458963317006077];[0.015458963317006077,0.018550755980407292];[0.018550755980407292,0.021642548643808508];[0.021642548643808508,0.024734341307209723]",5.2578488678553769e-05,4.7245090749904511e-05,5.3333979286492581e-06,0.89856311844077985,0.025953456759128336,0.10143688155922019,0.0037841043126517131,0.59477704274457377,0.002250698372515974,0,0.5,0.01,0.01,0,split,deterministic_bound_only_refinement_rule,L1|fixed-d2|none|parent|c6-overlay|0.037102|0.032852|0.035380|0.594777|0.003784|0.002251,0.012367170653604861,4,4,True,True
round39_small_medium_V12_M3_Q30_slot08_seed1343324363,major_fragmentation_regression,stage1-atlas__round39_small_medium_V12_M3_Q30_slot08_seed1343324363__d2-none,fixed-d2,none,parent,L2,,0,0.024734341307209723,0.037101511960814584,4,none,c6-overlay,split,0.049468582614419443,0.037802754977028653,0.037802754977028653,0.039983404280085677,"[0.024734341307209723,0.027826133970610938];[0.027826133970610938,0.030917926634012154];[0.030917926634012154,0.034009719297413366];[0.034009719297413366,0.037101511960814584]",5.0302802273871896e-05,4.3998004311939323e-05,6.304797961932573e-06,0.87466308680764315,0.043700010595386481,0.12533691319235685,0.0044733232879529553,0.18692624054102291,0.00083618150494165367,0,0.5,0.01,0.01,0,split,deterministic_bound_only_refinement_rule,L2|fixed-d2|none|parent|c6-overlay|0.049469|0.037803|0.039983|0.186926|0.004473|0.000836,0.012367170653604861,4,4,False,False
round39_small_medium_V12_M3_Q30_slot08_seed1343324363,major_fragmentation_regression,stage1-atlas__round39_small_medium_V12_M3_Q30_slot08_seed1343324363__d2-none,fixed-d2,none,parent,L3,,0,0.037101511960814584,0.049468682614419446,4,none,c6-overlay,split,0.049468582614419443,0.046945261960814583,0.046945261960814583,0.046945261960814583,"[0.037101511960814584,0.040193304624215803];[0.040193304624215803,0.043285097287617015];[0.043285097287617015,0.046376889951018227];[0.046376889951018227,0.049468682614419446]",2.3405680390471838e-05,1.1702840195235912e-05,1.1702840195235926e-05,0.49999999999999972,0.37500000000000006,0.50000000000000033,0.0083032934436005398,0,0,0,0.5,0.01,0.01,0,split,deterministic_bound_only_refinement_rule,L3|fixed-d2|none|parent|c6-overlay|0.049469|0.046945|0.046945|0.000000|0.008303|0.000000,0.012367170653604861,2,0,False,False
round39_small_medium_V12_M3_Q30_slot08_seed1343324363,major_fragmentation_regression,stage1-atlas__round39_small_medium_V12_M3_Q30_slot08_seed1343324363__d2-all,fixed-d2,all,parent,L0,,0,0,0.012367170653604861,4,all,c6-overlay,split,0.037101511960814584,0.028210692227058676,0.031799220620925266,0.031799220620925196,"[0,0.0030917926634012154];[0.0030917926634012154,0.0061835853268024307];[0.0061835853268024307,0.0092753779902036461];[0.0092753779902036461,0.012367170653604861]",5.6349066862939033e-05,5.2586149865587579e-05,3.762916997351454e-06,0.9332213077014353,0.014313046386748456,0.066778692298564701,0.0026698308711111539,0,0,0,0.5,0.01,0.01,4,split,deterministic_bound_only_refinement_rule,L0|fixed-d2|all|parent|c6-overlay|0.037102|0.031799|0.031799|0.000000|0.002670|0.000000,0.012367170653604861,4,4,False,False
round39_small_medium_V12_M3_Q30_slot08_seed1343324363,major_fragmentation_regression,stage1-atlas__round39_small_medium_V12_M3_Q30_slot08_seed1343324363__d2-all,fixed-d2,all,parent,L1,,0,0.012367170653604861,0.024734341307209723,4,all,c6-overlay,split,0.037101511960814584,0.032852225758396171,0.035379603639645936,0.035379603639645915,"[0.012367170653604861,0.015458963317006077];[0.015458963317006077,0.018550755980407292];[0.018550755980407292,0.021642548643808508];[0.021642548643808508,0.024734341307209723]",5.2578488678553769e-05,4.7245090749904511e-05,5.3333979286492581e-06,0.89856311844077985,0.025953456759128336,0.10143688155922019,0.0037841043126517131,0,0,0,0.5,0.01,0.01,4,split,deterministic_bound_only_refinement_rule,L1|fixed-d2|all|parent|c6-overlay|0.037102|0.035380|0.035380|0.000000|0.003784|0.000000,0.012367170653604861,4,4,False,False
round39_small_medium_V12_M3_Q30_slot08_seed1343324363,major_fragmentation_regression,stage1-atlas__round39_small_medium_V12_M3_Q30_slot08_seed1343324363__d2-all,fixed-d2,all,parent,L2,,0,0.024734341307209723,0.037101511960814584,4,all,c6-overlay,split,0.049468582614419443,0.037802754977028653,0.039983404280085677,0.039983404280085677,"[0.024734341307209723,0.027826133970610938];[0.027826133970610938,0.030917926634012154];[0.030917926634012154,0.034009719297413366];[0.034009719297413366,0.037101511960814584]",5.0302802273871896e-05,4.3998004311939323e-05,6.304797961932573e-06,0.87466308680764315,0.043700010595386481,0.12533691319235685,0.0044733232879529553,0,0,0,0.5,0.01,0.01,4,split,deterministic_bound_only_refinement_rule,L2|fixed-d2|all|parent|c6-overlay|0.049469|0.039983|0.039983|0.000000|0.004473|0.000000,0.012367170653604861,4,4,False,False
round39_small_medium_V12_M3_Q30_slot08_seed1343324363,major_fragmentation_regression,stage1-atlas__round39_small_medium_V12_M3_Q30_slot08_seed1343324363__d2-all,fixed-d2,all,parent,L3,,0,0.037101511960814584,0.049468682614419446,4,all,c6-overlay,split,0.049468582614419443,0.046945261960814583,0.046945261960814583,0.046945261960814583,"[0.037101511960814584,0.040193304624215803];[0.040193304624215803,0.043285097287617015];[0.043285097287617015,0.046376889951018227];[0.046376889951018227,0.049468682614419446]",2.3405680390471838e-05,1.1702840195235912e-05,1.1702840195235926e-05,0.49999999999999972,0.37500000000000006,0.50000000000000033,0.0083032934436005398,0,0,0,0.5,0.01,0.01,2,split,deterministic_bound_only_refinement_rule,L3|fixed-d2|all|parent|c6-overlay|0.049469|0.046945|0.046945|0.000000|0.008303|0.000000,0.012367170653604861,2,0,False,False
round39_small_medium_V12_M3_Q30_slot08_seed1343324363,major_fragmentation_regression,stage1-atlas__round39_small_medium_V12_M3_Q30_slot08_seed1343324363__d2-violated,fixed-d2,violated,parent,L0,,0,0,0.012367170653604861,4,violated,c6-overlay,split,0.037101511960814584,0.028210692227058676,0.031799220620925266,0.031799220620925196,"[0,0.0030917926634012154];[0.0030917926634012154,0.0061835853268024307];[0.0061835853268024307,0.0092753779902036461];[0.0092753779902036461,0.012367170653604861]",5.6349066862939033e-05,5.2586149865587579e-05,3.762916997351454e-06,0.9332213077014353,0.014313046386748456,0.066778692298564701,0.0026698308711111539,0,0,0,0.5,0.01,0.01,4,split,deterministic_bound_only_refinement_rule,L0|fixed-d2|violated|parent|c6-overlay|0.037102|0.031799|0.031799|0.000000|0.002670|0.000000,0.012367170653604861,4,4,False,False
round39_small_medium_V12_M3_Q30_slot08_seed1343324363,major_fragmentation_regression,stage1-atlas__round39_small_medium_V12_M3_Q30_slot08_seed1343324363__d2-violated,fixed-d2,violated,parent,L1,,0,0.012367170653604861,0.024734341307209723,4,violated,c6-overlay,split,0.037101511960814584,0.032852225758396171,0.035379603639645936,0.035379603639645915,"[0.012367170653604861,0.015458963317006077];[0.015458963317006077,0.018550755980407292];[0.018550755980407292,0.021642548643808508];[0.021642548643808508,0.024734341307209723]",5.2578488678553769e-05,4.7245090749904511e-05,5.3333979286492581e-06,0.89856311844077985,0.025953456759128336,0.10143688155922019,0.0037841043126517131,0,0,0,0.5,0.01,0.01,4,split,deterministic_bound_only_refinement_rule,L1|fixed-d2|violated|parent|c6-overlay|0.037102|0.035380|0.035380|0.000000|0.003784|0.000000,0.012367170653604861,4,4,False,False
round39_small_medium_V12_M3_Q30_slot08_seed1343324363,major_fragmentation_regression,stage1-atlas__round39_small_medium_V12_M3_Q30_slot08_seed1343324363__d2-violated,fixed-d2,violated,parent,L2,,0,0.024734341307209723,0.037101511960814584,4,violated,c6-overlay,split,0.049468582614419443,0.037802754977028653,0.039983404280085677,0.039983404280085677,"[0.024734341307209723,0.027826133970610938];[0.027826133970610938,0.030917926634012154];[0.030917926634012154,0.034009719297413366];[0.034009719297413366,0.037101511960814584]",5.0302802273871896e-05,4.3998004311939323e-05,6.304797961932573e-06,0.87466308680764315,0.043700010595386481,0.12533691319235685,0.0044733232879529553,0,0,0,0.5,0.01,0.01,4,split,deterministic_bound_only_refinement_rule,L2|fixed-d2|violated|parent|c6-overlay|0.049469|0.039983|0.039983|0.000000|0.004473|0.000000,0.012367170653604861,4,4,False,False
round39_small_medium_V12_M3_Q30_slot08_seed1343324363,major_fragmentation_regression,stage1-atlas__round39_small_medium_V12_M3_Q30_slot08_seed1343324363__d2-violated,fixed-d2,violated,parent,L3,,0,0.037101511960814584,0.049468682614419446,4,violated,c6-overlay,split,0.049468582614419443,0.046945261960814583,0.046945261960814583,0.046945261960814583,"[0.037101511960814584,0.040193304624215803];[0.040193304624215803,0.043285097287617015];[0.043285097287617015,0.046376889951018227];[0.046376889951018227,0.049468682614419446]",2.3405680390471838e-05,1.1702840195235912e-05,1.1702840195235926e-05,0.49999999999999972,0.37500000000000006,0.50000000000000033,0.0083032934436005398,0,0,0,0.5,0.01,0.01,0,split,deterministic_bound_only_refinement_rule,L3|fixed-d2|violated|parent|c6-overlay|0.049469|0.046945|0.046945|0.000000|0.008303|0.000000,0.012367170653604861,2,0,False,False
round39_small_medium_V12_M3_Q30_slot08_seed1343324363,major_fragmentation_regression,stage1-atlas__round39_small_medium_V12_M3_Q30_slot08_seed1343324363__d2-active-one,fixed-d2,active-one,parent,L0,,0,0,0.012367170653604861,4,active-one,c6-overlay,split,0.037101511960814584,0.028210692227058676,0.031696162752407442,0.031799220620925196,"[0,0.0030917926634012154];[0.0030917926634012154,0.0061835853268024307];[0.0061835853268024307,0.0092753779902036461];[0.0092753779902036461,0.012367170653604861]",5.6349066862939033e-05,5.2586149865587579e-05,3.762916997351454e-06,0.9332213077014353,0.014313046386748456,0.066778692298564701,0.0026698308711111539,0.019065903893399638,5.0902738800236695e-05,0,0.5,0.01,0.01,1,split,deterministic_bound_only_refinement_rule,L0|fixed-d2|active-one|parent|c6-overlay|0.037102|0.031696|0.031799|0.019066|0.002670|0.000051,0.012367170653604861,4,4,False,False
round39_small_medium_V12_M3_Q30_slot08_seed1343324363,major_fragmentation_regression,stage1-atlas__round39_small_medium_V12_M3_Q30_slot08_seed1343324363__d2-active-one,fixed-d2,active-one,parent,L1,,0,0.012367170653604861,0.024734341307209723,4,active-one,c6-overlay,split,0.037101511960814584,0.032852225758396171,0.034761152683261617,0.035379603639645915,"[0.012367170653604861,0.015458963317006077];[0.015458963317006077,0.018550755980407292];[0.018550755980407292,0.021642548643808508];[0.021642548643808508,0.024734341307209723]",5.2578488678553769e-05,4.7245090749904511e-05,5.3333979286492581e-06,0.89856311844077985,0.025953456759128336,0.10143688155922019,0.0037841043126517131,0.26425470752120489,0.00099996737836950851,0,0.5,0.01,0.01,1,split,deterministic_bound_only_refinement_rule,L1|fixed-d2|active-one|parent|c6-overlay|0.037102|0.034761|0.035380|0.264255|0.003784|0.001000,0.012367170653604861,4,4,False,False
round39_small_medium_V12_M3_Q30_slot08_seed1343324363,major_fragmentation_regression,stage1-atlas__round39_small_medium_V12_M3_Q30_slot08_seed1343324363__d2-active-one,fixed-d2,active-one,parent,L2,,0,0.024734341307209723,0.037101511960814584,4,active-one,c6-overlay,split,0.049468582614419443,0.037802754977028653,0.039357472739834219,0.039983404280085677,"[0.024734341307209723,0.027826133970610938];[0.027826133970610938,0.030917926634012154];[0.030917926634012154,0.034009719297413366];[0.034009719297413366,0.037101511960814584]",5.0302802273871896e-05,4.3998004311939323e-05,6.304797961932573e-06,0.87466308680764315,0.043700010595386481,0.12533691319235685,0.0044733232879529553,0.061905324738362091,0.00027692253080040534,0,0.5,0.01,0.01,1,split,deterministic_bound_only_refinement_rule,L2|fixed-d2|active-one|parent|c6-overlay|0.049469|0.039357|0.039983|0.061905|0.004473|0.000277,0.012367170653604861,4,4,False,False
round39_small_medium_V12_M3_Q30_slot08_seed1343324363,major_fragmentation_regression,stage1-atlas__round39_small_medium_V12_M3_Q30_slot08_seed1343324363__d2-active-one,fixed-d2,active-one,parent,L3,,0,0.037101511960814584,0.049468682614419446,4,active-one,c6-overlay,split,0.049468582614419443,0.046945261960814583,0.046945261960814583,0.046945261960814583,"[0.037101511960814584,0.040193304624215803];[0.040193304624215803,0.043285097287617015];[0.043285097287617015,0.046376889951018227];[0.046376889951018227,0.049468682614419446]",2.3405680390471838e-05,1.1702840195235912e-05,1.1702840195235926e-05,0.49999999999999972,0.37500000000000006,0.50000000000000033,0.0083032934436005398,0,0,0,0.5,0.01,0.01,0,split,deterministic_bound_only_refinement_rule,L3|fixed-d2|active-one|parent|c6-overlay|0.049469|0.046945|0.046945|0.000000|0.008303|0.000000,0.012367170653604861,2,0,False,False
round39_small_medium_V12_M3_Q30_slot08_seed1343324363,major_fragmentation_regression,stage1-atlas__round39_small_medium_V12_M3_Q30_slot08_seed1343324363__frontier-d2-none,frontier-d2,none,parent,L0,,0,0,0.012367170653604861,4,none,c6-overlay,split,0.037101511960814584,0.028210692227058676,0.028210692227058676,0.031799220620925196,"[0,0.0030917926634012154];[0.0030917926634012154,0.0061835853268024307];[0.0061835853268024307,0.0092753779902036461];[0.0092753779902036461,0.012367170653604861]",5.6349066862939033e-05,5.2586149865587579e-05,3.762916997351454e-06,0.9332213077014353,0.014313046386748456,0.066778692298564701,0.0026698308711111539,0.40362176957000945,0.0010776018606505238,0,0.5,0.01,0.01,0,split,deterministic_bound_only_refinement_rule,L0|frontier-d2|none|parent|c6-overlay|0.037102|0.028211|0.031799|0.403622|0.002670|0.001078,0.012367170653604861,4,4,False,False
round39_small_medium_V12_M3_Q30_slot08_seed1343324363,major_fragmentation_regression,stage1-atlas__round39_small_medium_V12_M3_Q30_slot08_seed1343324363__frontier-d2-none,frontier-d2,none,parent,L1,,0,0.012367170653604861,0.024734341307209723,4,none,c6-overlay,split,0.037101511960814584,0.032852225758396171,0.032852225758396171,0.035379603639645915,"[0.012367170653604861,0.015458963317006077];[0.015458963317006077,0.018550755980407292];[0.018550755980407292,0.021642548643808508];[0.021642548643808508,0.024734341307209723]",5.2578488678553769e-05,4.7245090749904511e-05,5.3333979286492581e-06,0.89856311844077985,0.025953456759128336,0.10143688155922019,0.0037841043126517131,0.59477704274457377,0.002250698372515974,0,0.5,0.01,0.01,0,split,deterministic_bound_only_refinement_rule,L1|frontier-d2|none|parent|c6-overlay|0.037102|0.032852|0.035380|0.594777|0.003784|0.002251,0.012367170653604861,4,4,True,True
round39_small_medium_V12_M3_Q30_slot08_seed1343324363,major_fragmentation_regression,stage1-atlas__round39_small_medium_V12_M3_Q30_slot08_seed1343324363__frontier-d2-none,frontier-d2,none,parent,L2,,0,0.024734341307209723,0.037101511960814584,4,none,c6-overlay,split,0.049468582614419443,0.037802754977028653,0.037802754977028653,0.039983404280085677,"[0.024734341307209723,0.027826133970610938];[0.027826133970610938,0.030917926634012154];[0.030917926634012154,0.034009719297413366];[0.034009719297413366,0.037101511960814584]",5.0302802273871896e-05,4.3998004311939323e-05,6.304797961932573e-06,0.87466308680764315,0.043700010595386481,0.12533691319235685,0.0044733232879529553,0.18692624054102291,0.00083618150494165367,0,0.5,0.01,0.01,0,split,deterministic_bound_only_refinement_rule,L2|frontier-d2|none|parent|c6-overlay|0.049469|0.037803|0.039983|0.186926|0.004473|0.000836,0.012367170653604861,4,4,False,False
round39_small_medium_V12_M3_Q30_slot08_seed1343324363,major_fragmentation_regression,stage1-atlas__round39_small_medium_V12_M3_Q30_slot08_seed1343324363__frontier-d2-none,frontier-d2,none,parent,L3,,0,0.037101511960814584,0.049468682614419446,4,none,c6-overlay,split,0.049468582614419443,0.046945261960814583,0.046945261960814583,0.046945261960814583,"[0.037101511960814584,0.040193304624215803];[0.040193304624215803,0.043285097287617015];[0.043285097287617015,0.049468682614419446]",2.3405680390471838e-05,1.1702840195235912e-05,1.1702840195235926e-05,0.49999999999999972,0.37500000000000006,0.50000000000000033,0.0083032934436005398,0,0,0,0.5,0.01,0.01,0,split,deterministic_bound_only_refinement_rule,L3|frontier-d2|none|parent|c6-overlay|0.049469|0.046945|0.046945|0.000000|0.008303|0.000000,0.012367170653604861,2,0,False,False
round39_small_medium_V12_M3_Q30_slot08_seed1343324363,major_fragmentation_regression,stage1-atlas__round39_small_medium_V12_M3_Q30_slot08_seed1343324363__frontier-d2-all,frontier-d2,all,parent,L0,,0,0,0.012367170653604861,4,all,c6-overlay,split,0.037101511960814584,0.028210692227058676,0.031799220620925266,0.031799220620925196,"[0,0.0030917926634012154];[0.0030917926634012154,0.0061835853268024307];[0.0061835853268024307,0.0092753779902036461];[0.0092753779902036461,0.012367170653604861]",5.6349066862939033e-05,5.2586149865587579e-05,3.762916997351454e-06,0.9332213077014353,0.014313046386748456,0.066778692298564701,0.0026698308711111539,0,0,0,0.5,0.01,0.01,4,split,deterministic_bound_only_refinement_rule,L0|frontier-d2|all|parent|c6-overlay|0.037102|0.031799|0.031799|0.000000|0.002670|0.000000,0.012367170653604861,4,4,False,False
round39_small_medium_V12_M3_Q30_slot08_seed1343324363,major_fragmentation_regression,stage1-atlas__round39_small_medium_V12_M3_Q30_slot08_seed1343324363__frontier-d2-all,frontier-d2,all,parent,L1,,0,0.012367170653604861,0.024734341307209723,4,all,c6-overlay,split,0.037101511960814584,0.032852225758396171,0.035379603639645936,0.035379603639645915,"[0.012367170653604861,0.015458963317006077];[0.015458963317006077,0.018550755980407292];[0.018550755980407292,0.021642548643808508];[0.021642548643808508,0.024734341307209723]",5.2578488678553769e-05,4.7245090749904511e-05,5.3333979286492581e-06,0.89856311844077985,0.025953456759128336,0.10143688155922019,0.0037841043126517131,0,0,0,0.5,0.01,0.01,4,split,deterministic_bound_only_refinement_rule,L1|frontier-d2|all|parent|c6-overlay|0.037102|0.035380|0.035380|0.000000|0.003784|0.000000,0.012367170653604861,4,4,False,False
round39_small_medium_V12_M3_Q30_slot08_seed1343324363,major_fragmentation_regression,stage1-atlas__round39_small_medium_V12_M3_Q30_slot08_seed1343324363__frontier-d2-all,frontier-d2,all,parent,L2,,0,0.024734341307209723,0.037101511960814584,4,all,c6-overlay,split,0.049468582614419443,0.037802754977028653,0.039983404280085677,0.039983404280085677,"[0.024734341307209723,0.027826133970610938];[0.027826133970610938,0.030917926634012154];[0.030917926634012154,0.034009719297413366];[0.034009719297413366,0.037101511960814584]",5.0302802273871896e-05,4.3998004311939323e-05,6.304797961932573e-06,0.87466308680764315,0.043700010595386481,0.12533691319235685,0.0044733232879529553,0,0,0,0.5,0.01,0.01,4,split,deterministic_bound_only_refinement_rule,L2|frontier-d2|all|parent|c6-overlay|0.049469|0.039983|0.039983|0.000000|0.004473|0.000000,0.012367170653604861,4,4,False,False
round39_small_medium_V12_M3_Q30_slot08_seed1343324363,major_fragmentation_regression,stage1-atlas__round39_small_medium_V12_M3_Q30_slot08_seed1343324363__frontier-d2-all,frontier-d2,all,parent,L3,,0,0.037101511960814584,0.049468682614419446,4,all,c6-overlay,split,0.049468582614419443,0.046945261960814583,0.046945261960814583,0.046945261960814583,"[0.037101511960814584,0.040193304624215803];[0.040193304624215803,0.043285097287617015];[0.043285097287617015,0.049468682614419446]",2.3405680390471838e-05,1.1702840195235912e-05,1.1702840195235926e-05,0.49999999999999972,0.37500000000000006,0.50000000000000033,0.0083032934436005398,0,0,0,0.5,0.01,0.01,2,split,deterministic_bound_only_refinement_rule,L3|frontier-d2|all|parent|c6-overlay|0.049469|0.046945|0.046945|0.000000|0.008303|0.000000,0.012367170653604861,2,0,False,False
round39_small_medium_V12_M3_Q30_slot08_seed1343324363,major_fragmentation_regression,stage1-atlas__round39_small_medium_V12_M3_Q30_slot08_seed1343324363__frontier-d2-violated,frontier-d2,violated,parent,L0,,0,0,0.012367170653604861,4,violated,c6-overlay,split,0.037101511960814584,0.028210692227058676,0.031799220620925266,0.031799220620925196,"[0,0.0030917926634012154];[0.0030917926634012154,0.0061835853268024307];[0.0061835853268024307,0.0092753779902036461];[0.0092753779902036461,0.012367170653604861]",5.6349066862939033e-05,5.2586149865587579e-05,3.762916997351454e-06,0.9332213077014353,0.014313046386748456,0.066778692298564701,0.0026698308711111539,0,0,0,0.5,0.01,0.01,4,split,deterministic_bound_only_refinement_rule,L0|frontier-d2|violated|parent|c6-overlay|0.037102|0.031799|0.031799|0.000000|0.002670|0.000000,0.012367170653604861,4,4,False,False
round39_small_medium_V12_M3_Q30_slot08_seed1343324363,major_fragmentation_regression,stage1-atlas__round39_small_medium_V12_M3_Q30_slot08_seed1343324363__frontier-d2-violated,frontier-d2,violated,parent,L1,,0,0.012367170653604861,0.024734341307209723,4,violated,c6-overlay,split,0.037101511960814584,0.032852225758396171,0.035379603639645936,0.035379603639645915,"[0.012367170653604861,0.015458963317006077];[0.015458963317006077,0.018550755980407292];[0.018550755980407292,0.021642548643808508];[0.021642548643808508,0.024734341307209723]",5.2578488678553769e-05,4.7245090749904511e-05,5.3333979286492581e-06,0.89856311844077985,0.025953456759128336,0.10143688155922019,0.0037841043126517131,0,0,0,0.5,0.01,0.01,4,split,deterministic_bound_only_refinement_rule,L1|frontier-d2|violated|parent|c6-overlay|0.037102|0.035380|0.035380|0.000000|0.003784|0.000000,0.012367170653604861,4,4,False,False
round39_small_medium_V12_M3_Q30_slot08_seed1343324363,major_fragmentation_regression,stage1-atlas__round39_small_medium_V12_M3_Q30_slot08_seed1343324363__frontier-d2-violated,frontier-d2,violated,parent,L2,,0,0.024734341307209723,0.037101511960814584,4,violated,c6-overlay,split,0.049468582614419443,0.037802754977028653,0.039983404280085677,0.039983404280085677,"[0.024734341307209723,0.027826133970610938];[0.027826133970610938,0.030917926634012154];[0.030917926634012154,0.034009719297413366];[0.034009719297413366,0.037101511960814584]",5.0302802273871896e-05,4.3998004311939323e-05,6.304797961932573e-06,0.87466308680764315,0.043700010595386481,0.12533691319235685,0.0044733232879529553,0,0,0,0.5,0.01,0.01,4,split,deterministic_bound_only_refinement_rule,L2|frontier-d2|violated|parent|c6-overlay|0.049469|0.039983|0.039983|0.000000|0.004473|0.000000,0.012367170653604861,4,4,False,False
round39_small_medium_V12_M3_Q30_slot08_seed1343324363,major_fragmentation_regression,stage1-atlas__round39_small_medium_V12_M3_Q30_slot08_seed1343324363__frontier-d2-violated,frontier-d2,violated,parent,L3,,0,0.037101511960814584,0.049468682614419446,4,violated,c6-overlay,split,0.049468582614419443,0.046945261960814583,0.046945261960814583,0.046945261960814583,"[0.037101511960814584,0.040193304624215803];[0.040193304624215803,0.043285097287617015];[0.043285097287617015,0.049468682614419446]",2.3405680390471838e-05,1.1702840195235912e-05,1.1702840195235926e-05,0.49999999999999972,0.37500000000000006,0.50000000000000033,0.0083032934436005398,0,0,0,0.5,0.01,0.01,0,split,deterministic_bound_only_refinement_rule,L3|frontier-d2|violated|parent|c6-overlay|0.049469|0.046945|0.046945|0.000000|0.008303|0.000000,0.012367170653604861,2,0,False,False
round39_small_medium_V12_M3_Q30_slot08_seed1343324363,major_fragmentation_regression,stage1-atlas__round39_small_medium_V12_M3_Q30_slot08_seed1343324363__frontier-d2-active-one,frontier-d2,active-one,parent,L0,,0,0,0.012367170653604861,4,active-one,c6-overlay,split,0.037101511960814584,0.028210692227058676,0.031696162752407442,0.031799220620925196,"[0,0.0030917926634012154];[0.0030917926634012154,0.0061835853268024307];[0.0061835853268024307,0.0092753779902036461];[0.0092753779902036461,0.012367170653604861]",5.6349066862939033e-05,5.2586149865587579e-05,3.762916997351454e-06,0.9332213077014353,0.014313046386748456,0.066778692298564701,0.0026698308711111539,0.019065903893399638,5.0902738800236695e-05,0,0.5,0.01,0.01,1,split,deterministic_bound_only_refinement_rule,L0|frontier-d2|active-one|parent|c6-overlay|0.037102|0.031696|0.031799|0.019066|0.002670|0.000051,0.012367170653604861,4,4,False,False
round39_small_medium_V12_M3_Q30_slot08_seed1343324363,major_fragmentation_regression,stage1-atlas__round39_small_medium_V12_M3_Q30_slot08_seed1343324363__frontier-d2-active-one,frontier-d2,active-one,parent,L1,,0,0.012367170653604861,0.024734341307209723,4,active-one,c6-overlay,split,0.037101511960814584,0.032852225758396171,0.034761152683261617,0.035379603639645915,"[0.012367170653604861,0.015458963317006077];[0.015458963317006077,0.018550755980407292];[0.018550755980407292,0.021642548643808508];[0.021642548643808508,0.024734341307209723]",5.2578488678553769e-05,4.7245090749904511e-05,5.3333979286492581e-06,0.89856311844077985,0.025953456759128336,0.10143688155922019,0.0037841043126517131,0.26425470752120489,0.00099996737836950851,0,0.5,0.01,0.01,1,split,deterministic_bound_only_refinement_rule,L1|frontier-d2|active-one|parent|c6-overlay|0.037102|0.034761|0.035380|0.264255|0.003784|0.001000,0.012367170653604861,4,4,False,False
round39_small_medium_V12_M3_Q30_slot08_seed1343324363,major_fragmentation_regression,stage1-atlas__round39_small_medium_V12_M3_Q30_slot08_seed1343324363__frontier-d2-active-one,frontier-d2,active-one,parent,L2,,0,0.024734341307209723,0.037101511960814584,4,active-one,c6-overlay,split,0.049468582614419443,0.037802754977028653,0.039357472739834219,0.039983404280085677,"[0.024734341307209723,0.027826133970610938];[0.027826133970610938,0.030917926634012154];[0.030917926634012154,0.034009719297413366];[0.034009719297413366,0.037101511960814584]",5.0302802273871896e-05,4.3998004311939323e-05,6.304797961932573e-06,0.87466308680764315,0.043700010595386481,0.12533691319235685,0.0044733232879529553,0.061905324738362091,0.00027692253080040534,0,0.5,0.01,0.01,1,split,deterministic_bound_only_refinement_rule,L2|frontier-d2|active-one|parent|c6-overlay|0.049469|0.039357|0.039983|0.061905|0.004473|0.000277,0.012367170653604861,4,4,False,False
round39_small_medium_V12_M3_Q30_slot08_seed1343324363,major_fragmentation_regression,stage1-atlas__round39_small_medium_V12_M3_Q30_slot08_seed1343324363__frontier-d2-active-one,frontier-d2,active-one,parent,L3,,0,0.037101511960814584,0.049468682614419446,4,active-one,c6-overlay,split,0.049468582614419443,0.046945261960814583,0.046945261960814583,0.046945261960814583,"[0.037101511960814584,0.040193304624215803];[0.040193304624215803,0.043285097287617015];[0.043285097287617015,0.049468682614419446]",2.3405680390471838e-05,1.1702840195235912e-05,1.1702840195235926e-05,0.49999999999999972,0.37500000000000006,0.50000000000000033,0.0083032934436005398,0,0,0,0.5,0.01,0.01,0,split,deterministic_bound_only_refinement_rule,L3|frontier-d2|active-one|parent|c6-overlay|0.049469|0.046945|0.046945|0.000000|0.008303|0.000000,0.012367170653604861,2,0,False,False
round39_small_medium_V8_M3_Q30_slot03_seed1177285734,development_context,stage1-atlas__round39_small_medium_V8_M3_Q30_slot03_seed1177285734__d1-none,fixed-d1,none,parent,L0,,0,0,0.0058494774412028265,4,none,c6-overlay,split,0.011698954882405653,0.0098007938069843408,0.0098007938069843408,0.010998270067282361,"[0,0.0029247387206014133];[0.0029247387206014133,0.0058494774412028265]",9.0541351795300132e-06,8.0293727752596086e-06,1.0247624042704046e-06,0.88681830081494339,0.012884255018483538,0.11318169918505662,0.0027016282897208972,0.63086124555168788,0.0017043525878710016,0,0.5,0.01,0.01,0,split,deterministic_bound_only_refinement_rule,L0|fixed-d1|none|parent|c6-overlay|0.011699|0.009801|0.010998|0.630861|0.002702|0.001704,0.0058494774412028265,2,2,True,True
round39_small_medium_V8_M3_Q30_slot03_seed1177285734,development_context,stage1-atlas__round39_small_medium_V8_M3_Q30_slot03_seed1177285734__d1-none,fixed-d1,none,parent,L1,,0,0.0058494774412028265,0.011698954882405653,4,none,c6-overlay,split,0.01754843232360848,0.012070718837518674,0.012070718837518674,0.012792993524424801,"[0.0058494774412028265,0.0087742161618042398];[0.0087742161618042398,0.011698954882405653]",7.7388220108596227e-06,5.9818757491344202e-06,1.7569462617252026e-06,0.7729698060945529,0.026516682400955921,0.22703019390544715,0.0046319182909287243,0.13185696709772857,0.00061075069768635592,0,0.5,0.01,0.01,0,split,deterministic_bound_only_refinement_rule,L1|fixed-d1|none|parent|c6-overlay|0.017548|0.012071|0.012793|0.131857|0.004632|0.000611,0.0058494774412028265,2,2,False,False
round39_small_medium_V8_M3_Q30_slot03_seed1177285734,development_context,stage1-atlas__round39_small_medium_V8_M3_Q30_slot03_seed1177285734__d1-none,fixed-d1,none,parent,L2,,0,0.011698954882405653,0.01754843232360848,4,none,c6-overlay,exact-closure,0.01754843232360848,0.015477600823378363,0.015477600823378363,0.015477600823378368,"[0.011698954882405653,0.014623693603007066];[0.014623693603007066,0.01754843232360848]",6.9034903764263658e-06,3.4517451882131833e-06,3.4517451882131825e-06,0.50000000000000011,0.074503990670324302,0.49999999999999994,0.0090999947017221337,2.5130825117118993e-15,2.2869037541568834e-17,0,0.5,0.01,0.01,0,exact-closure,deterministic_bound_only_refinement_rule,L2|fixed-d1|none|parent|c6-overlay|0.017548|0.015478|0.015478|0.000000|0.009100|0.000000,0.0058494774412028265,2,0,False,False
round39_small_medium_V8_M3_Q30_slot03_seed1177285734,development_context,stage1-atlas__round39_small_medium_V8_M3_Q30_slot03_seed1177285734__d1-none,fixed-d1,none,parent,L3,,0,0.01754843232360848,0.023397909764811306,4,none,c6-overlay,split,0.023397809764811307,0.020762718037894194,0.020762718037894194,0.020762718037894194,"[0.01754843232360848,0.020473171044209891];[0.020473171044209891,0.023397909764811306]",7.7072472799229878e-06,3.8536236399614821e-06,3.8536236399615058e-06,0.49999999999999845,0.25000000000000094,0.50000000000000155,0.010159485359993798,0,0,0,0.5,0.01,0.01,0,split,deterministic_bound_only_refinement_rule,L3|fixed-d1|none|parent|c6-overlay|0.023398|0.020763|0.020763|0.000000|0.010159|0.000000,0.0058494774412028265,2,0,False,False
round39_small_medium_V8_M3_Q30_slot03_seed1177285734,development_context,stage1-atlas__round39_small_medium_V8_M3_Q30_slot03_seed1177285734__d1-all,fixed-d1,all,parent,L0,,0,0,0.0058494774412028265,4,all,c6-overlay,split,0.011698954882405653,0.0098007938069843408,0.010998270067282157,0.010998270067282361,"[0,0.0029247387206014133];[0.0029247387206014133,0.0058494774412028265]",9.0541351795300132e-06,8.0293727752596086e-06,1.0247624042704046e-06,0.88681830081494339,0.012884255018483538,0.11318169918505662,0.0027016282897208972,2.9213901278734731e-13,7.8925102147743241e-16,0,0.5,0.01,0.01,2,split,deterministic_bound_only_refinement_rule,L0|fixed-d1|all|parent|c6-overlay|0.011699|0.010998|0.010998|0.000000|0.002702|0.000000,0.0058494774412028265,2,2,False,False
round39_small_medium_V8_M3_Q30_slot03_seed1177285734,development_context,stage1-atlas__round39_small_medium_V8_M3_Q30_slot03_seed1177285734__d1-all,fixed-d1,all,parent,L1,,0,0.0058494774412028265,0.011698954882405653,4,all,c6-overlay,split,0.01754843232360848,0.012070718837518674,0.012792993524424826,0.012792993524424801,"[0.0058494774412028265,0.0087742161618042398];[0.0087742161618042398,0.011698954882405653]",7.7388220108596227e-06,5.9818757491344202e-06,1.7569462617252026e-06,0.7729698060945529,0.026516682400955921,0.22703019390544715,0.0046319182909287243,0,0,0,0.5,0.01,0.01,2,split,deterministic_bound_only_refinement_rule,L1|fixed-d1|all|parent|c6-overlay|0.017548|0.012793|0.012793|0.000000|0.004632|0.000000,0.0058494774412028265,2,2,False,False
round39_small_medium_V8_M3_Q30_slot03_seed1177285734,development_context,stage1-atlas__round39_small_medium_V8_M3_Q30_slot03_seed1177285734__d1-all,fixed-d1,all,parent,L2,,0,0.011698954882405653,0.01754843232360848,4,all,c6-overlay,exact-closure,0.01754843232360848,0.015477600823378363,0.015477600823378363,0.015477600823378368,"[0.011698954882405653,0.014623693603007066];[0.014623693603007066,0.01754843232360848]",6.9034903764263658e-06,3.4517451882131833e-06,3.4517451882131825e-06,0.50000000000000011,0.074503990670324302,0.49999999999999994,0.0090999947017221337,2.5130825117118993e-15,2.2869037541568834e-17,0,0.5,0.01,0.01,2,exact-closure,deterministic_bound_only_refinement_rule,L2|fixed-d1|all|parent|c6-overlay|0.017548|0.015478|0.015478|0.000000|0.009100|0.000000,0.0058494774412028265,2,0,False,False
round39_small_medium_V8_M3_Q30_slot03_seed1177285734,development_context,stage1-atlas__round39_small_medium_V8_M3_Q30_slot03_seed1177285734__d1-all,fixed-d1,all,parent,L3,,0,0.01754843232360848,0.023397909764811306,4,all,c6-overlay,split,0.023397809764811307,0.020762718037894194,0.020762718037894198,0.020762718037894194,"[0.01754843232360848,0.020473171044209891];[0.020473171044209891,0.023397909764811306]",7.7072472799229878e-06,3.8536236399614821e-06,3.8536236399615058e-06,0.49999999999999845,0.25000000000000094,0.50000000000000155,0.010159485359993798,0,0,0,0.5,0.01,0.01,2,split,deterministic_bound_only_refinement_rule,L3|fixed-d1|all|parent|c6-overlay|0.023398|0.020763|0.020763|0.000000|0.010159|0.000000,0.0058494774412028265,2,0,False,False
round39_small_medium_V8_M3_Q30_slot03_seed1177285734,development_context,stage1-atlas__round39_small_medium_V8_M3_Q30_slot03_seed1177285734__d1-violated,fixed-d1,violated,parent,L0,,0,0,0.0058494774412028265,4,violated,c6-overlay,split,0.011698954882405653,0.0098007938069843408,0.010998270067282157,0.010998270067282361,"[0,0.0029247387206014133];[0.0029247387206014133,0.0058494774412028265]",9.0541351795300132e-06,8.0293727752596086e-06,1.0247624042704046e-06,0.88681830081494339,0.012884255018483538,0.11318169918505662,0.0027016282897208972,2.9213901278734731e-13,7.8925102147743241e-16,0,0.5,0.01,0.01,2,split,deterministic_bound_only_refinement_rule,L0|fixed-d1|violated|parent|c6-overlay|0.011699|0.010998|0.010998|0.000000|0.002702|0.000000,0.0058494774412028265,2,2,False,False
round39_small_medium_V8_M3_Q30_slot03_seed1177285734,development_context,stage1-atlas__round39_small_medium_V8_M3_Q30_slot03_seed1177285734__d1-violated,fixed-d1,violated,parent,L1,,0,0.0058494774412028265,0.011698954882405653,4,violated,c6-overlay,split,0.01754843232360848,0.012070718837518674,0.012792993524424826,0.012792993524424801,"[0.0058494774412028265,0.0087742161618042398];[0.0087742161618042398,0.011698954882405653]",7.7388220108596227e-06,5.9818757491344202e-06,1.7569462617252026e-06,0.7729698060945529,0.026516682400955921,0.22703019390544715,0.0046319182909287243,0,0,0,0.5,0.01,0.01,2,split,deterministic_bound_only_refinement_rule,L1|fixed-d1|violated|parent|c6-overlay|0.017548|0.012793|0.012793|0.000000|0.004632|0.000000,0.0058494774412028265,2,2,False,False
round39_small_medium_V8_M3_Q30_slot03_seed1177285734,development_context,stage1-atlas__round39_small_medium_V8_M3_Q30_slot03_seed1177285734__d1-violated,fixed-d1,violated,parent,L2,,0,0.011698954882405653,0.01754843232360848,4,violated,c6-overlay,exact-closure,0.01754843232360848,0.015477600823378363,0.015477600823378363,0.015477600823378368,"[0.011698954882405653,0.014623693603007066];[0.014623693603007066,0.01754843232360848]",6.9034903764263658e-06,3.4517451882131833e-06,3.4517451882131825e-06,0.50000000000000011,0.074503990670324302,0.49999999999999994,0.0090999947017221337,2.5130825117118993e-15,2.2869037541568834e-17,0,0.5,0.01,0.01,0,exact-closure,deterministic_bound_only_refinement_rule,L2|fixed-d1|violated|parent|c6-overlay|0.017548|0.015478|0.015478|0.000000|0.009100|0.000000,0.0058494774412028265,2,0,False,False
round39_small_medium_V8_M3_Q30_slot03_seed1177285734,development_context,stage1-atlas__round39_small_medium_V8_M3_Q30_slot03_seed1177285734__d1-violated,fixed-d1,violated,parent,L3,,0,0.01754843232360848,0.023397909764811306,4,violated,c6-overlay,split,0.023397809764811307,0.020762718037894194,0.020762718037894194,0.020762718037894194,"[0.01754843232360848,0.020473171044209891];[0.020473171044209891,0.023397909764811306]",7.7072472799229878e-06,3.8536236399614821e-06,3.8536236399615058e-06,0.49999999999999845,0.25000000000000094,0.50000000000000155,0.010159485359993798,0,0,0,0.5,0.01,0.01,0,split,deterministic_bound_only_refinement_rule,L3|fixed-d1|violated|parent|c6-overlay|0.023398|0.020763|0.020763|0.000000|0.010159|0.000000,0.0058494774412028265,2,0,False,False
round39_small_medium_V8_M3_Q30_slot03_seed1177285734,development_context,stage1-atlas__round39_small_medium_V8_M3_Q30_slot03_seed1177285734__d1-active-one,fixed-d1,active-one,parent,L0,,0,0,0.0058494774412028265,4,active-one,c6-overlay,split,0.011698954882405653,0.0098007938069843408,0.01099827006728217,0.010998270067282361,"[0,0.0029247387206014133];[0.0029247387206014133,0.0058494774412028265]",9.0541351795300132e-06,8.0293727752596086e-06,1.0247624042704046e-06,0.88681830081494339,0.012884255018483538,0.11318169918505662,0.0027016282897208972,2.7233297802210882e-13,7.357424776484685e-16,0,0.5,0.01,0.01,1,split,deterministic_bound_only_refinement_rule,L0|fixed-d1|active-one|parent|c6-overlay|0.011699|0.010998|0.010998|0.000000|0.002702|0.000000,0.0058494774412028265,2,2,False,False
round39_small_medium_V8_M3_Q30_slot03_seed1177285734,development_context,stage1-atlas__round39_small_medium_V8_M3_Q30_slot03_seed1177285734__d1-active-one,fixed-d1,active-one,parent,L1,,0,0.0058494774412028265,0.011698954882405653,4,active-one,c6-overlay,split,0.01754843232360848,0.012070718837518674,0.012792993524424805,0.012792993524424801,"[0.0058494774412028265,0.0087742161618042398];[0.0087742161618042398,0.011698954882405653]",7.7388220108596227e-06,5.9818757491344202e-06,1.7569462617252026e-06,0.7729698060945529,0.026516682400955921,0.22703019390544715,0.0046319182909287243,0,0,0,0.5,0.01,0.01,1,split,deterministic_bound_only_refinement_rule,L1|fixed-d1|active-one|parent|c6-overlay|0.017548|0.012793|0.012793|0.000000|0.004632|0.000000,0.0058494774412028265,2,2,False,False
round39_small_medium_V8_M3_Q30_slot03_seed1177285734,development_context,stage1-atlas__round39_small_medium_V8_M3_Q30_slot03_seed1177285734__d1-active-one,fixed-d1,active-one,parent,L2,,0,0.011698954882405653,0.01754843232360848,4,active-one,c6-overlay,exact-closure,0.01754843232360848,0.015477600823378363,0.015477600823378363,0.015477600823378368,"[0.011698954882405653,0.014623693603007066];[0.014623693603007066,0.01754843232360848]",6.9034903764263658e-06,3.4517451882131833e-06,3.4517451882131825e-06,0.50000000000000011,0.074503990670324302,0.49999999999999994,0.0090999947017221337,2.5130825117118993e-15,2.2869037541568834e-17,0,0.5,0.01,0.01,0,exact-closure,deterministic_bound_only_refinement_rule,L2|fixed-d1|active-one|parent|c6-overlay|0.017548|0.015478|0.015478|0.000000|0.009100|0.000000,0.0058494774412028265,2,0,False,False
round39_small_medium_V8_M3_Q30_slot03_seed1177285734,development_context,stage1-atlas__round39_small_medium_V8_M3_Q30_slot03_seed1177285734__d1-active-one,fixed-d1,active-one,parent,L3,,0,0.01754843232360848,0.023397909764811306,4,active-one,c6-overlay,split,0.023397809764811307,0.020762718037894194,0.020762718037894194,0.020762718037894194,"[0.01754843232360848,0.020473171044209891];[0.020473171044209891,0.023397909764811306]",7.7072472799229878e-06,3.8536236399614821e-06,3.8536236399615058e-06,0.49999999999999845,0.25000000000000094,0.50000000000000155,0.010159485359993798,0,0,0,0.5,0.01,0.01,0,split,deterministic_bound_only_refinement_rule,L3|fixed-d1|active-one|parent|c6-overlay|0.023398|0.020763|0.020763|0.000000|0.010159|0.000000,0.0058494774412028265,2,0,False,False
round39_small_medium_V8_M3_Q30_slot03_seed1177285734,development_context,stage1-atlas__round39_small_medium_V8_M3_Q30_slot03_seed1177285734__d2-none,fixed-d2,none,parent,L0,,0,0,0.0058494774412028265,4,none,c6-overlay,split,0.011698954882405653,0.0098007938069843408,0.0098007938069843408,0.011740926580771808,"[0,0.0014623693603007066];[0.0014623693603007066,0.0029247387206014133];[0.0029247387206014133,0.0043871080809021199];[0.0043871080809021199,0.0058494774412028265]",1.3450688236599713e-05,1.2787708344370638e-05,6.6297989222907472e-07,0.95071033685658646,0.0083355926876413286,0.049289663143413522,0.0017478444026617068,1,0.0017478444026617068,1,0.5,0.01,0.01,0,split,deterministic_bound_only_refinement_rule,L0|fixed-d2|none|parent|c6-overlay|0.011699|0.009801|0.011741|1.000000|0.001748|0.001748,0.0058494774412028265,4,4,True,True
round39_small_medium_V8_M3_Q30_slot03_seed1177285734,development_context,stage1-atlas__round39_small_medium_V8_M3_Q30_slot03_seed1177285734__d2-none,fixed-d2,none,parent,L1,,0,0.0058494774412028265,0.011698954882405653,4,none,c6-overlay,split,0.01754843232360848,0.012070718837518674,0.012070718837518674,0.013193168278316335,"[0.0058494774412028265,0.0073118468015035331];[0.0073118468015035331,0.0087742161618042398];[0.0087742161618042398,0.010236585522104946];[0.010236585522104946,0.011698954882405653]",1.1537124667763009e-05,1.02480646419729e-05,1.2890600257901083e-06,0.88826851898445758,0.019455117122410069,0.11173148101554238,0.0033984082732839609,0.20491203923827483,0.00069637476944284086,0,0.5,0.01,0.01,0,split,deterministic_bound_only_refinement_rule,L1|fixed-d2|none|parent|c6-overlay|0.017548|0.012071|0.013193|0.204912|0.003398|0.000696,0.0058494774412028265,3,3,False,False
round39_small_medium_V8_M3_Q30_slot03_seed1177285734,development_context,stage1-atlas__round39_small_medium_V8_M3_Q30_slot03_seed1177285734__d2-none,fixed-d2,none,parent,L2,,0,0.011698954882405653,0.01754843232360848,4,none,c6-overlay,exact-closure,0.01754843232360848,0.015477600823378363,0.015477600823378363,0.015660426293167093,"[0.011698954882405653,0.013161324242706361];[0.013161324242706361,0.014623693603007066];[0.014623693603007066,0.016086062963307772];[0.016086062963307772,0.01754843232360848]",1.0824952614010498e-05,8.1634971295815829e-06,2.6614554844289152e-06,0.75413698522945483,0.057446029115498211,0.24586301477054523,0.0070165175835907164,0.088286019296313453,0.00061946040677781267,0,0.5,0.01,0.01,0,exact-closure,deterministic_bound_only_refinement_rule,L2|fixed-d2|none|parent|c6-overlay|0.017548|0.015478|0.015660|0.088286|0.007017|0.000619,0.0058494774412028265,4,1,False,False
round39_small_medium_V8_M3_Q30_slot03_seed1177285734,development_context,stage1-atlas__round39_small_medium_V8_M3_Q30_slot03_seed1177285734__d2-none,fixed-d2,none,parent,L3,,0,0.01754843232360848,0.023397909764811306,4,none,c6-overlay,split,0.023397809764811307,0.020762718037894194,0.020762718037894194,0.020762718037894194,"[0.01754843232360848,0.019010801683909187];[0.019010801683909187,0.020473171044209891];[0.020473171044209891,0.021935540404510599];[0.021935540404510599,0.023397909764811306]",9.8457714258692826e-06,5.7804354599422366e-06,4.065335965927046e-06,0.58709827903930667,0.2637346265324233,0.41290172096069333,0.010717632308718304,0,0,0,0.5,0.01,0.01,0,split,deterministic_bound_only_refinement_rule,L3|fixed-d2|none|parent|c6-overlay|0.023398|0.020763|0.020763|0.000000|0.010718|0.000000,0.0058494774412028265,2,0,False,False
round39_small_medium_V8_M3_Q30_slot03_seed1177285734,development_context,stage1-atlas__round39_small_medium_V8_M3_Q30_slot03_seed1177285734__d2-all,fixed-d2,all,parent,L0,,0,0,0.0058494774412028265,4,all,c6-overlay,split,0.011698954882405653,0.0098007938069843408,0.011740926580771801,0.011740926580771808,"[0,0.0014623693603007066];[0.0014623693603007066,0.0029247387206014133];[0.0029247387206014133,0.0043871080809021199];[0.0043871080809021199,0.0058494774412028265]",1.3450688236599713e-05,1.2787708344370638e-05,6.6297989222907472e-07,0.95071033685658646,0.0083355926876413286,0.049289663143413522,0.0017478444026617068,0,0,0,0.5,0.01,0.01,4,split,deterministic_bound_only_refinement_rule,L0|fixed-d2|all|parent|c6-overlay|0.011699|0.011741|0.011741|0.000000|0.001748|0.000000,0.0058494774412028265,4,4,False,False
round39_small_medium_V8_M3_Q30_slot03_seed1177285734,development_context,stage1-atlas__round39_small_medium_V8_M3_Q30_slot03_seed1177285734__d2-all,fixed-d2,all,parent,L1,,0,0.0058494774412028265,0.011698954882405653,4,all,c6-overlay,split,0.01754843232360848,0.012070718837518674,0.013193168278316405,0.013193168278316335,"[0.0058494774412028265,0.0073118468015035331];[0.0073118468015035331,0.0087742161618042398];[0.0087742161618042398,0.010236585522104946];[0.010236585522104946,0.011698954882405653]",1.1537124667763009e-05,1.02480646419729e-05,1.2890600257901083e-06,0.88826851898445758,0.019455117122410069,0.11173148101554238,0.0033984082732839609,0,0,0,0.5,0.01,0.01,3,split,deterministic_bound_only_refinement_rule,L1|fixed-d2|all|parent|c6-overlay|0.017548|0.013193|0.013193|0.000000|0.003398|0.000000,0.0058494774412028265,3,3,False,False
round39_small_medium_V8_M3_Q30_slot03_seed1177285734,development_context,stage1-atlas__round39_small_medium_V8_M3_Q30_slot03_seed1177285734__d2-all,fixed-d2,all,parent,L2,,0,0.011698954882405653,0.01754843232360848,4,all,c6-overlay,exact-closure,0.01754843232360848,0.015477600823378363,0.015660426293167082,0.015660426293167093,"[0.011698954882405653,0.013161324242706361];[0.013161324242706361,0.014623693603007066];[0.014623693603007066,0.016086062963307772];[0.016086062963307772,0.01754843232360848]",1.0824952614010498e-05,8.1634971295815829e-06,2.6614554844289152e-06,0.75413698522945483,0.057446029115498211,0.24586301477054523,0.0070165175835907164,5.512874793851943e-15,3.8681182927196207e-17,0,0.5,0.01,0.01,4,exact-closure,deterministic_bound_only_refinement_rule,L2|fixed-d2|all|parent|c6-overlay|0.017548|0.015660|0.015660|0.000000|0.007017|0.000000,0.0058494774412028265,4,1,False,False
round39_small_medium_V8_M3_Q30_slot03_seed1177285734,development_context,stage1-atlas__round39_small_medium_V8_M3_Q30_slot03_seed1177285734__d2-all,fixed-d2,all,parent,L3,,0,0.01754843232360848,0.023397909764811306,4,all,c6-overlay,split,0.023397809764811307,0.020762718037894194,0.020762718037894208,0.020762718037894194,"[0.01754843232360848,0.019010801683909187];[0.019010801683909187,0.020473171044209891];[0.020473171044209891,0.021935540404510599];[0.021935540404510599,0.023397909764811306]",9.8457714258692826e-06,5.7804354599422366e-06,4.065335965927046e-06,0.58709827903930667,0.2637346265324233,0.41290172096069333,0.010717632308718304,0,0,0,0.5,0.01,0.01,2,split,deterministic_bound_only_refinement_rule,L3|fixed-d2|all|parent|c6-overlay|0.023398|0.020763|0.020763|0.000000|0.010718|0.000000,0.0058494774412028265,2,0,False,False
round39_small_medium_V8_M3_Q30_slot03_seed1177285734,development_context,stage1-atlas__round39_small_medium_V8_M3_Q30_slot03_seed1177285734__d2-violated,fixed-d2,violated,parent,L0,,0,0,0.0058494774412028265,4,violated,c6-overlay,split,0.011698954882405653,0.0098007938069843408,0.011740926580771801,0.011740926580771808,"[0,0.0014623693603007066];[0.0014623693603007066,0.0029247387206014133];[0.0029247387206014133,0.0043871080809021199];[0.0043871080809021199,0.0058494774412028265]",1.3450688236599713e-05,1.2787708344370638e-05,6.6297989222907472e-07,0.95071033685658646,0.0083355926876413286,0.049289663143413522,0.0017478444026617068,0,0,0,0.5,0.01,0.01,4,split,deterministic_bound_only_refinement_rule,L0|fixed-d2|violated|parent|c6-overlay|0.011699|0.011741|0.011741|0.000000|0.001748|0.000000,0.0058494774412028265,4,4,False,False
round39_small_medium_V8_M3_Q30_slot03_seed1177285734,development_context,stage1-atlas__round39_small_medium_V8_M3_Q30_slot03_seed1177285734__d2-violated,fixed-d2,violated,parent,L1,,0,0.0058494774412028265,0.011698954882405653,4,violated,c6-overlay,split,0.01754843232360848,0.012070718837518674,0.013193168278316405,0.013193168278316335,"[0.0058494774412028265,0.0073118468015035331];[0.0073118468015035331,0.0087742161618042398];[0.0087742161618042398,0.010236585522104946];[0.010236585522104946,0.011698954882405653]",1.1537124667763009e-05,1.02480646419729e-05,1.2890600257901083e-06,0.88826851898445758,0.019455117122410069,0.11173148101554238,0.0033984082732839609,0,0,0,0.5,0.01,0.01,3,split,deterministic_bound_only_refinement_rule,L1|fixed-d2|violated|parent|c6-overlay|0.017548|0.013193|0.013193|0.000000|0.003398|0.000000,0.0058494774412028265,3,3,False,False
round39_small_medium_V8_M3_Q30_slot03_seed1177285734,development_context,stage1-atlas__round39_small_medium_V8_M3_Q30_slot03_seed1177285734__d2-violated,fixed-d2,violated,parent,L2,,0,0.011698954882405653,0.01754843232360848,4,violated,c6-overlay,exact-closure,0.01754843232360848,0.015477600823378363,0.015660426293167079,0.015660426293167093,"[0.011698954882405653,0.013161324242706361];[0.013161324242706361,0.014623693603007066];[0.014623693603007066,0.016086062963307772];[0.016086062963307772,0.01754843232360848]",1.0824952614010498e-05,8.1634971295815829e-06,2.6614554844289152e-06,0.75413698522945483,0.057446029115498211,0.24586301477054523,0.0070165175835907164,7.3504997251359104e-15,5.1574910569594844e-17,0,0.5,0.01,0.01,1,exact-closure,deterministic_bound_only_refinement_rule,L2|fixed-d2|violated|parent|c6-overlay|0.017548|0.015660|0.015660|0.000000|0.007017|0.000000,0.0058494774412028265,4,1,False,False
round39_small_medium_V8_M3_Q30_slot03_seed1177285734,development_context,stage1-atlas__round39_small_medium_V8_M3_Q30_slot03_seed1177285734__d2-violated,fixed-d2,violated,parent,L3,,0,0.01754843232360848,0.023397909764811306,4,violated,c6-overlay,split,0.023397809764811307,0.020762718037894194,0.020762718037894194,0.020762718037894194,"[0.01754843232360848,0.019010801683909187];[0.019010801683909187,0.020473171044209891];[0.020473171044209891,0.021935540404510599];[0.021935540404510599,0.023397909764811306]",9.8457714258692826e-06,5.7804354599422366e-06,4.065335965927046e-06,0.58709827903930667,0.2637346265324233,0.41290172096069333,0.010717632308718304,0,0,0,0.5,0.01,0.01,0,split,deterministic_bound_only_refinement_rule,L3|fixed-d2|violated|parent|c6-overlay|0.023398|0.020763|0.020763|0.000000|0.010718|0.000000,0.0058494774412028265,2,0,False,False
round39_small_medium_V8_M3_Q30_slot03_seed1177285734,development_context,stage1-atlas__round39_small_medium_V8_M3_Q30_slot03_seed1177285734__d2-active-one,fixed-d2,active-one,parent,L0,,0,0,0.0058494774412028265,4,active-one,c6-overlay,split,0.011698954882405653,0.0098007938069843408,0.011620707295148084,0.011740926580771808,"[0,0.0014623693603007066];[0.0014623693603007066,0.0029247387206014133];[0.0029247387206014133,0.0043871080809021199];[0.0043871080809021199,0.0058494774412028265]",1.3450688236599713e-05,1.2787708344370638e-05,6.6297989222907472e-07,0.95071033685658646,0.0083355926876413286,0.049289663143413522,0.0017478444026617068,1,0.0017478444026617068,1,0.5,0.01,0.01,1,split,deterministic_bound_only_refinement_rule,L0|fixed-d2|active-one|parent|c6-overlay|0.011699|0.011621|0.011741|1.000000|0.001748|0.001748,0.0058494774412028265,4,4,True,True
round39_small_medium_V8_M3_Q30_slot03_seed1177285734,development_context,stage1-atlas__round39_small_medium_V8_M3_Q30_slot03_seed1177285734__d2-active-one,fixed-d2,active-one,parent,L1,,0,0.0058494774412028265,0.011698954882405653,4,active-one,c6-overlay,split,0.01754843232360848,0.012070718837518674,0.012879557358083398,0.013193168278316335,"[0.0058494774412028265,0.0073118468015035331];[0.0073118468015035331,0.0087742161618042398];[0.0087742161618042398,0.010236585522104946];[0.010236585522104946,0.011698954882405653]",1.1537124667763009e-05,1.02480646419729e-05,1.2890600257901083e-06,0.88826851898445758,0.019455117122410069,0.11173148101554238,0.0033984082732839609,0.067170554480177072,0.00022827296806650479,0,0.5,0.01,0.01,1,split,deterministic_bound_only_refinement_rule,L1|fixed-d2|active-one|parent|c6-overlay|0.017548|0.012880|0.013193|0.067171|0.003398|0.000228,0.0058494774412028265,3,3,False,False
round39_small_medium_V8_M3_Q30_slot03_seed1177285734,development_context,stage1-atlas__round39_small_medium_V8_M3_Q30_slot03_seed1177285734__d2-active-one,fixed-d2,active-one,parent,L2,,0,0.011698954882405653,0.01754843232360848,4,active-one,c6-overlay,exact-closure,0.01754843232360848,0.015477600823378363,0.015660426293167079,0.015660426293167093,"[0.011698954882405653,0.013161324242706361];[0.013161324242706361,0.014623693603007066];[0.014623693603007066,0.016086062963307772];[0.016086062963307772,0.01754843232360848]",1.0824952614010498e-05,8.1634971295815829e-06,2.6614554844289152e-06,0.75413698522945483,0.057446029115498211,0.24586301477054523,0.0070165175835907164,7.3504997251359104e-15,5.1574910569594844e-17,0,0.5,0.01,0.01,1,exact-closure,deterministic_bound_only_refinement_rule,L2|fixed-d2|active-one|parent|c6-overlay|0.017548|0.015660|0.015660|0.000000|0.007017|0.000000,0.0058494774412028265,4,1,False,False
round39_small_medium_V8_M3_Q30_slot03_seed1177285734,development_context,stage1-atlas__round39_small_medium_V8_M3_Q30_slot03_seed1177285734__d2-active-one,fixed-d2,active-one,parent,L3,,0,0.01754843232360848,0.023397909764811306,4,active-one,c6-overlay,split,0.023397809764811307,0.020762718037894194,0.020762718037894194,0.020762718037894194,"[0.01754843232360848,0.019010801683909187];[0.019010801683909187,0.020473171044209891];[0.020473171044209891,0.021935540404510599];[0.021935540404510599,0.023397909764811306]",9.8457714258692826e-06,5.7804354599422366e-06,4.065335965927046e-06,0.58709827903930667,0.2637346265324233,0.41290172096069333,0.010717632308718304,0,0,0,0.5,0.01,0.01,0,split,deterministic_bound_only_refinement_rule,L3|fixed-d2|active-one|parent|c6-overlay|0.023398|0.020763|0.020763|0.000000|0.010718|0.000000,0.0058494774412028265,2,0,False,False
round39_small_medium_V8_M3_Q30_slot03_seed1177285734,development_context,stage1-atlas__round39_small_medium_V8_M3_Q30_slot03_seed1177285734__frontier-d2-none,frontier-d2,none,parent,L0,,0,0,0.0058494774412028265,4,none,c6-overlay,split,0.011698954882405653,0.0098007938069843408,0.0098007938069843408,0.011699024905348503,"[0,0.0014623693603007066];[0.0014623693603007066,0.0029247387206014133];[0.0029247387206014133,0.0058494774412028265]",1.1473971192896881e-05,1.1164935714355137e-05,3.0903547854174372e-07,0.97306638884250851,0.0038854781349299699,0.026933611157491519,0.00081472445503133907,1,0.00081472445503133907,1,0.5,0.01,0.01,0,split,deterministic_bound_only_refinement_rule,L0|frontier-d2|none|parent|c6-overlay|0.011699|0.009801|0.011699|1.000000|0.000815|0.000815,0.0058494774412028265,2,2,True,True
round39_small_medium_V8_M3_Q30_slot03_seed1177285734,development_context,stage1-atlas__round39_small_medium_V8_M3_Q30_slot03_seed1177285734__frontier-d2-none,frontier-d2,none,parent,L1,,0,0.0058494774412028265,0.011698954882405653,4,none,c6-overlay,split,0.01754843232360848,0.012070718837518674,0.012070718837518674,0.013193168278316335,"[0.0058494774412028265,0.0073118468015035331];[0.0073118468015035331,0.0087742161618042398];[0.0087742161618042398,0.010236585522104946];[0.010236585522104946,0.011698954882405653]",1.1537124667763009e-05,1.02480646419729e-05,1.2890600257901083e-06,0.88826851898445758,0.019455117122410069,0.11173148101554238,0.0033984082732839609,0.20491203923827483,0.00069637476944284086,0,0.5,0.01,0.01,0,split,deterministic_bound_only_refinement_rule,L1|frontier-d2|none|parent|c6-overlay|0.017548|0.012071|0.013193|0.204912|0.003398|0.000696,0.0058494774412028265,3,3,False,False
round39_small_medium_V8_M3_Q30_slot03_seed1177285734,development_context,stage1-atlas__round39_small_medium_V8_M3_Q30_slot03_seed1177285734__frontier-d2-none,frontier-d2,none,parent,L2,,0,0.011698954882405653,0.01754843232360848,4,none,c6-overlay,exact-closure,0.01754843232360848,0.015477600823378363,0.015477600823378363,0.015660426293167093,"[0.011698954882405653,0.013161324242706361];[0.013161324242706361,0.014623693603007066];[0.014623693603007066,0.01754843232360848]",8.6864284680642033e-06,5.8460136955738206e-06,2.8404147724903827e-06,0.67300544948557228,0.061308765326047246,0.32699455051442766,0.0074883161910731929,0.088286019296313453,0.00066111362774198433,0,0.5,0.01,0.01,0,exact-closure,deterministic_bound_only_refinement_rule,L2|frontier-d2|none|parent|c6-overlay|0.017548|0.015478|0.015660|0.088286|0.007488|0.000661,0.0058494774412028265,2,1,False,False
round39_small_medium_V8_M3_Q30_slot03_seed1177285734,development_context,stage1-atlas__round39_small_medium_V8_M3_Q30_slot03_seed1177285734__frontier-d2-none,frontier-d2,none,parent,L3,,0,0.01754843232360848,0.023397909764811306,4,none,c6-overlay,split,0.023397809764811307,0.020762718037894194,0.020762718037894194,0.020762718037894194,"[0.01754843232360848,0.019010801683909187];[0.019010801683909187,0.020473171044209891];[0.020473171044209891,0.023397909764811306]",9.8457714258692826e-06,5.7804354599422366e-06,4.065335965927046e-06,0.58709827903930667,0.2637346265324233,0.41290172096069333,0.010717632308718304,0,0,0,0.5,0.01,0.01,0,split,deterministic_bound_only_refinement_rule,L3|frontier-d2|none|parent|c6-overlay|0.023398|0.020763|0.020763|0.000000|0.010718|0.000000,0.0058494774412028265,2,0,False,False
round39_small_medium_V8_M3_Q30_slot03_seed1177285734,development_context,stage1-atlas__round39_small_medium_V8_M3_Q30_slot03_seed1177285734__frontier-d2-all,frontier-d2,all,parent,L0,,0,0,0.0058494774412028265,4,all,c6-overlay,split,0.011698954882405653,0.0098007938069843408,0.011699024905348469,0.011699024905348503,"[0,0.0014623693603007066];[0.0014623693603007066,0.0029247387206014133];[0.0029247387206014133,0.0058494774412028265]",1.1473971192896881e-05,1.1164935714355137e-05,3.0903547854174372e-07,0.97306638884250851,0.0038854781349299699,0.026933611157491519,0.00081472445503133907,0,0,0,0.5,0.01,0.01,2,split,deterministic_bound_only_refinement_rule,L0|frontier-d2|all|parent|c6-overlay|0.011699|0.011699|0.011699|0.000000|0.000815|0.000000,0.0058494774412028265,2,2,False,False
round39_small_medium_V8_M3_Q30_slot03_seed1177285734,development_context,stage1-atlas__round39_small_medium_V8_M3_Q30_slot03_seed1177285734__frontier-d2-all,frontier-d2,all,parent,L1,,0,0.0058494774412028265,0.011698954882405653,4,all,c6-overlay,split,0.01754843232360848,0.012070718837518674,0.013193168278316405,0.013193168278316335,"[0.0058494774412028265,0.0073118468015035331];[0.0073118468015035331,0.0087742161618042398];[0.0087742161618042398,0.010236585522104946];[0.010236585522104946,0.011698954882405653]",1.1537124667763009e-05,1.02480646419729e-05,1.2890600257901083e-06,0.88826851898445758,0.019455117122410069,0.11173148101554238,0.0033984082732839609,0,0,0,0.5,0.01,0.01,3,split,deterministic_bound_only_refinement_rule,L1|frontier-d2|all|parent|c6-overlay|0.017548|0.013193|0.013193|0.000000|0.003398|0.000000,0.0058494774412028265,3,3,False,False
round39_small_medium_V8_M3_Q30_slot03_seed1177285734,development_context,stage1-atlas__round39_small_medium_V8_M3_Q30_slot03_seed1177285734__frontier-d2-all,frontier-d2,all,parent,L2,,0,0.011698954882405653,0.01754843232360848,4,all,c6-overlay,exact-closure,0.01754843232360848,0.015477600823378363,0.015660426293167082,0.015660426293167093,"[0.011698954882405653,0.013161324242706361];[0.013161324242706361,0.014623693603007066];[0.014623693603007066,0.01754843232360848]",8.6864284680642033e-06,5.8460136955738206e-06,2.8404147724903827e-06,0.67300544948557228,0.061308765326047246,0.32699455051442766,0.0074883161910731929,5.512874793851943e-15,4.1282149578160794e-17,0,0.5,0.01,0.01,2,exact-closure,deterministic_bound_only_refinement_rule,L2|frontier-d2|all|parent|c6-overlay|0.017548|0.015660|0.015660|0.000000|0.007488|0.000000,0.0058494774412028265,2,1,False,False
round39_small_medium_V8_M3_Q30_slot03_seed1177285734,development_context,stage1-atlas__round39_small_medium_V8_M3_Q30_slot03_seed1177285734__frontier-d2-all,frontier-d2,all,parent,L3,,0,0.01754843232360848,0.023397909764811306,4,all,c6-overlay,split,0.023397809764811307,0.020762718037894194,0.020762718037894208,0.020762718037894194,"[0.01754843232360848,0.019010801683909187];[0.019010801683909187,0.020473171044209891];[0.020473171044209891,0.023397909764811306]",9.8457714258692826e-06,5.7804354599422366e-06,4.065335965927046e-06,0.58709827903930667,0.2637346265324233,0.41290172096069333,0.010717632308718304,0,0,0,0.5,0.01,0.01,2,split,deterministic_bound_only_refinement_rule,L3|frontier-d2|all|parent|c6-overlay|0.023398|0.020763|0.020763|0.000000|0.010718|0.000000,0.0058494774412028265,2,0,False,False
round39_small_medium_V8_M3_Q30_slot03_seed1177285734,development_context,stage1-atlas__round39_small_medium_V8_M3_Q30_slot03_seed1177285734__frontier-d2-violated,frontier-d2,violated,parent,L0,,0,0,0.0058494774412028265,4,violated,c6-overlay,split,0.011698954882405653,0.0098007938069843408,0.011699024905348469,0.011699024905348503,"[0,0.0014623693603007066];[0.0014623693603007066,0.0029247387206014133];[0.0029247387206014133,0.0058494774412028265]",1.1473971192896881e-05,1.1164935714355137e-05,3.0903547854174372e-07,0.97306638884250851,0.0038854781349299699,0.026933611157491519,0.00081472445503133907,0,0,0,0.5,0.01,0.01,2,split,deterministic_bound_only_refinement_rule,L0|frontier-d2|violated|parent|c6-overlay|0.011699|0.011699|0.011699|0.000000|0.000815|0.000000,0.0058494774412028265,2,2,False,False
round39_small_medium_V8_M3_Q30_slot03_seed1177285734,development_context,stage1-atlas__round39_small_medium_V8_M3_Q30_slot03_seed1177285734__frontier-d2-violated,frontier-d2,violated,parent,L1,,0,0.0058494774412028265,0.011698954882405653,4,violated,c6-overlay,split,0.01754843232360848,0.012070718837518674,0.013193168278316405,0.013193168278316335,"[0.0058494774412028265,0.0073118468015035331];[0.0073118468015035331,0.0087742161618042398];[0.0087742161618042398,0.010236585522104946];[0.010236585522104946,0.011698954882405653]",1.1537124667763009e-05,1.02480646419729e-05,1.2890600257901083e-06,0.88826851898445758,0.019455117122410069,0.11173148101554238,0.0033984082732839609,0,0,0,0.5,0.01,0.01,3,split,deterministic_bound_only_refinement_rule,L1|frontier-d2|violated|parent|c6-overlay|0.017548|0.013193|0.013193|0.000000|0.003398|0.000000,0.0058494774412028265,3,3,False,False
round39_small_medium_V8_M3_Q30_slot03_seed1177285734,development_context,stage1-atlas__round39_small_medium_V8_M3_Q30_slot03_seed1177285734__frontier-d2-violated,frontier-d2,violated,parent,L2,,0,0.011698954882405653,0.01754843232360848,4,violated,c6-overlay,exact-closure,0.01754843232360848,0.015477600823378363,0.015660426293167079,0.015660426293167093,"[0.011698954882405653,0.013161324242706361];[0.013161324242706361,0.014623693603007066];[0.014623693603007066,0.01754843232360848]",8.6864284680642033e-06,5.8460136955738206e-06,2.8404147724903827e-06,0.67300544948557228,0.061308765326047246,0.32699455051442766,0.0074883161910731929,7.3504997251359104e-15,5.5042866104214294e-17,0,0.5,0.01,0.01,1,exact-closure,deterministic_bound_only_refinement_rule,L2|frontier-d2|violated|parent|c6-overlay|0.017548|0.015660|0.015660|0.000000|0.007488|0.000000,0.0058494774412028265,2,1,False,False
round39_small_medium_V8_M3_Q30_slot03_seed1177285734,development_context,stage1-atlas__round39_small_medium_V8_M3_Q30_slot03_seed1177285734__frontier-d2-violated,frontier-d2,violated,parent,L3,,0,0.01754843232360848,0.023397909764811306,4,violated,c6-overlay,split,0.023397809764811307,0.020762718037894194,0.020762718037894194,0.020762718037894194,"[0.01754843232360848,0.019010801683909187];[0.019010801683909187,0.020473171044209891];[0.020473171044209891,0.023397909764811306]",9.8457714258692826e-06,5.7804354599422366e-06,4.065335965927046e-06,0.58709827903930667,0.2637346265324233,0.41290172096069333,0.010717632308718304,0,0,0,0.5,0.01,0.01,0,split,deterministic_bound_only_refinement_rule,L3|frontier-d2|violated|parent|c6-overlay|0.023398|0.020763|0.020763|0.000000|0.010718|0.000000,0.0058494774412028265,2,0,False,False
round39_small_medium_V8_M3_Q30_slot03_seed1177285734,development_context,stage1-atlas__round39_small_medium_V8_M3_Q30_slot03_seed1177285734__frontier-d2-active-one,frontier-d2,active-one,parent,L0,,0,0,0.0058494774412028265,4,active-one,c6-overlay,split,0.011698954882405653,0.0098007938069843408,0.011684507637013683,0.011699024905348503,"[0,0.0014623693603007066];[0.0014623693603007066,0.0029247387206014133];[0.0029247387206014133,0.0058494774412028265]",1.1473971192896881e-05,1.1164935714355137e-05,3.0903547854174372e-07,0.97306638884250851,0.0038854781349299699,0.026933611157491519,0.00081472445503133907,1,0.00081472445503133907,1,0.5,0.01,0.01,1,split,deterministic_bound_only_refinement_rule,L0|frontier-d2|active-one|parent|c6-overlay|0.011699|0.011685|0.011699|1.000000|0.000815|0.000815,0.0058494774412028265,2,2,True,True
round39_small_medium_V8_M3_Q30_slot03_seed1177285734,development_context,stage1-atlas__round39_small_medium_V8_M3_Q30_slot03_seed1177285734__frontier-d2-active-one,frontier-d2,active-one,parent,L1,,0,0.0058494774412028265,0.011698954882405653,4,active-one,c6-overlay,split,0.01754843232360848,0.012070718837518674,0.012879557358083398,0.013193168278316335,"[0.0058494774412028265,0.0073118468015035331];[0.0073118468015035331,0.0087742161618042398];[0.0087742161618042398,0.010236585522104946];[0.010236585522104946,0.011698954882405653]",1.1537124667763009e-05,1.02480646419729e-05,1.2890600257901083e-06,0.88826851898445758,0.019455117122410069,0.11173148101554238,0.0033984082732839609,0.067170554480177072,0.00022827296806650479,0,0.5,0.01,0.01,1,split,deterministic_bound_only_refinement_rule,L1|frontier-d2|active-one|parent|c6-overlay|0.017548|0.012880|0.013193|0.067171|0.003398|0.000228,0.0058494774412028265,3,3,False,False
round39_small_medium_V8_M3_Q30_slot03_seed1177285734,development_context,stage1-atlas__round39_small_medium_V8_M3_Q30_slot03_seed1177285734__frontier-d2-active-one,frontier-d2,active-one,parent,L2,,0,0.011698954882405653,0.01754843232360848,4,active-one,c6-overlay,exact-closure,0.01754843232360848,0.015477600823378363,0.015660426293167079,0.015660426293167093,"[0.011698954882405653,0.013161324242706361];[0.013161324242706361,0.014623693603007066];[0.014623693603007066,0.01754843232360848]",8.6864284680642033e-06,5.8460136955738206e-06,2.8404147724903827e-06,0.67300544948557228,0.061308765326047246,0.32699455051442766,0.0074883161910731929,7.3504997251359104e-15,5.5042866104214294e-17,0,0.5,0.01,0.01,1,exact-closure,deterministic_bound_only_refinement_rule,L2|frontier-d2|active-one|parent|c6-overlay|0.017548|0.015660|0.015660|0.000000|0.007488|0.000000,0.0058494774412028265,2,1,False,False
round39_small_medium_V8_M3_Q30_slot03_seed1177285734,development_context,stage1-atlas__round39_small_medium_V8_M3_Q30_slot03_seed1177285734__frontier-d2-active-one,frontier-d2,active-one,parent,L3,,0,0.01754843232360848,0.023397909764811306,4,active-one,c6-overlay,split,0.023397809764811307,0.020762718037894194,0.020762718037894194,0.020762718037894194,"[0.01754843232360848,0.019010801683909187];[0.019010801683909187,0.020473171044209891];[0.020473171044209891,0.023397909764811306]",9.8457714258692826e-06,5.7804354599422366e-06,4.065335965927046e-06,0.58709827903930667,0.2637346265324233,0.41290172096069333,0.010717632308718304,0,0,0,0.5,0.01,0.01,0,split,deterministic_bound_only_refinement_rule,L3|frontier-d2|active-one|parent|c6-overlay|0.023398|0.020763|0.020763|0.000000|0.010718|0.000000,0.0058494774412028265,2,0,False,False
round39_small_medium_V10_M2_Q20_slot05_seed968549317,medium_c6_win_guard,stage1-atlas__round39_small_medium_V10_M2_Q20_slot05_seed968549317__d1-none,fixed-d1,none,parent,L0,,0,0,0.033903265420673713,4,none,c6-overlay,split,0.067806530841347426,0.048439634117466955,0.048439634117466955,0.058331711462993117,"[0,0.016951632710336857];[0.016951632710336857,0.033903265420673713]",0.00036130939129699121,0.00034834155755209938,1.2967833744891824e-05,0.96410878306168235,0.0043877490616155588,0.035891216938317691,0.00095369918692536388,0.51077245294175988,0.0004871232730744301,0,0.5,0.01,0.01,0,split,deterministic_bound_only_refinement_rule,L0|fixed-d1|none|parent|c6-overlay|0.067807|0.048440|0.058332|0.510772|0.000954|0.000487,0.03390326542067371,2,2,True,True
round39_small_medium_V10_M2_Q20_slot05_seed968549317,medium_c6_win_guard,stage1-atlas__round39_small_medium_V10_M2_Q20_slot05_seed968549317__d1-none,fixed-d1,none,parent,L1,,0,0.033903265420673713,0.067806530841347426,4,none,c6-overlay,split,0.067806530841347426,0.060092413194888339,0.060092413194888339,0.065244643817023606,"[0.033903265420673713,0.050854898131010573];[0.050854898131010573,0.067806530841347426]",0.00028943089389882684,0.00023205416809480087,5.7376725804025972e-05,0.8017601886546275,0.022409311908408499,0.19823981134537255,0.004219682163128749,0.66789629848336962,0.0028183100975299898,0,0.5,0.01,0.01,0,split,deterministic_bound_only_refinement_rule,L1|fixed-d1|none|parent|c6-overlay|0.067807|0.060092|0.065245|0.667896|0.004220|0.002818,0.03390326542067371,2,2,True,True
round39_small_medium_V10_M2_Q20_slot05_seed968549317,medium_c6_win_guard,stage1-atlas__round39_small_medium_V10_M2_Q20_slot05_seed968549317__d1-none,fixed-d1,none,parent,L2,,0,0.067806530841347426,0.10170979626202115,4,none,c6-overlay,exact-closure,0.10170979626202115,0.084667838225087375,0.084667838225087375,0.084667838225087375,"[0.067806530841347426,0.084758163551684279];[0.084758163551684279,0.10170979626202115]",0.00028344418400890554,0.00014172209200445261,0.00014172209200445293,0.49999999999999944,0.082052638963882957,0.50000000000000056,0.010422731087777056,0,0,0,0.5,0.01,0.01,0,exact-closure,deterministic_bound_only_refinement_rule,L2|fixed-d1|none|parent|c6-overlay|0.101710|0.084668|0.084668|0.000000|0.010423|0.000000,0.03390326542067372,2,0,False,False
round39_small_medium_V10_M2_Q20_slot05_seed968549317,medium_c6_win_guard,stage1-atlas__round39_small_medium_V10_M2_Q20_slot05_seed968549317__d1-none,fixed-d1,none,parent,L3,,0,0.10170979626202115,0.13561306168269485,4,none,c6-overlay,exact-closure,0.13561296168269485,0.11834023104462985,0.11834023104462985,0.11834023104462985,"[0.10170979626202115,0.118661428972358];[0.118661428972358,0.13561306168269485]",0.00028735785154616211,0.00014367892577308097,0.00014367892577308114,0.49999999999999972,0.24535111044537891,0.50000000000000033,0.01056664338730233,0,0,0,0.5,0.01,0.01,0,exact-closure,deterministic_bound_only_refinement_rule,L3|fixed-d1|none|parent|c6-overlay|0.135613|0.118340|0.118340|0.000000|0.010567|0.000000,0.033903265420673706,2,0,False,False
round39_small_medium_V10_M2_Q20_slot05_seed968549317,medium_c6_win_guard,stage1-atlas__round39_small_medium_V10_M2_Q20_slot05_seed968549317__d1-all,fixed-d1,all,parent,L0,,0,0,0.033903265420673713,4,all,c6-overlay,split,0.067806530841347426,0.048439634117466955,0.058331711462992999,0.058331711462993117,"[0,0.016951632710336857];[0.016951632710336857,0.033903265420673713]",0.00036130939129699121,0.00034834155755209938,1.2967833744891824e-05,0.96410878306168235,0.0043877490616155588,0.035891216938317691,0.00095369918692536388,1.2449967820590815e-14,1.1873524187744406e-17,0,0.5,0.01,0.01,2,split,deterministic_bound_only_refinement_rule,L0|fixed-d1|all|parent|c6-overlay|0.067807|0.058332|0.058332|0.000000|0.000954|0.000000,0.03390326542067371,2,2,False,False
round39_small_medium_V10_M2_Q20_slot05_seed968549317,medium_c6_win_guard,stage1-atlas__round39_small_medium_V10_M2_Q20_slot05_seed968549317__d1-all,fixed-d1,all,parent,L1,,0,0.033903265420673713,0.067806530841347426,4,all,c6-overlay,split,0.067806530841347426,0.060092413194888339,0.065244643817023593,0.065244643817023606,"[0.033903265420673713,0.050854898131010573];[0.050854898131010573,0.067806530841347426]",0.00028943089389882684,0.00023205416809480087,5.7376725804025972e-05,0.8017601886546275,0.022409311908408499,0.19823981134537255,0.004219682163128749,5.4170178762965799e-15,2.2858093709958254e-17,0,0.5,0.01,0.01,2,split,deterministic_bound_only_refinement_rule,L1|fixed-d1|all|parent|c6-overlay|0.067807|0.065245|0.065245|0.000000|0.004220|0.000000,0.03390326542067371,2,2,False,False
round39_small_medium_V10_M2_Q20_slot05_seed968549317,medium_c6_win_guard,stage1-atlas__round39_small_medium_V10_M2_Q20_slot05_seed968549317__d1-all,fixed-d1,all,parent,L2,,0,0.067806530841347426,0.10170979626202115,4,all,c6-overlay,exact-closure,0.10170979626202115,0.084667838225087375,0.084667838225087388,0.084667838225087375,"[0.067806530841347426,0.084758163551684279];[0.084758163551684279,0.10170979626202115]",0.00028344418400890554,0.00014172209200445261,0.00014172209200445293,0.49999999999999944,0.082052638963882957,0.50000000000000056,0.010422731087777056,0,0,0,0.5,0.01,0.01,2,exact-closure,deterministic_bound_only_refinement_rule,L2|fixed-d1|all|parent|c6-overlay|0.101710|0.084668|0.084668|0.000000|0.010423|0.000000,0.03390326542067372,2,0,False,False
round39_small_medium_V10_M2_Q20_slot05_seed968549317,medium_c6_win_guard,stage1-atlas__round39_small_medium_V10_M2_Q20_slot05_seed968549317__d1-all,fixed-d1,all,parent,L3,,0,0.10170979626202115,0.13561306168269485,4,all,c6-overlay,exact-closure,0.13561296168269485,0.11834023104462985,0.11834023104462985,0.11834023104462985,"[0.10170979626202115,0.118661428972358];[0.118661428972358,0.13561306168269485]",0.00028735785154616211,0.00014367892577308097,0.00014367892577308114,0.49999999999999972,0.24535111044537891,0.50000000000000033,0.01056664338730233,0,0,0,0.5,0.01,0.01,2,exact-closure,deterministic_bound_only_refinement_rule,L3|fixed-d1|all|parent|c6-overlay|0.135613|0.118340|0.118340|0.000000|0.010567|0.000000,0.033903265420673706,2,0,False,False
round39_small_medium_V10_M2_Q20_slot05_seed968549317,medium_c6_win_guard,stage1-atlas__round39_small_medium_V10_M2_Q20_slot05_seed968549317__d1-violated,fixed-d1,violated,parent,L0,,0,0,0.033903265420673713,4,violated,c6-overlay,split,0.067806530841347426,0.048439634117466955,0.058331711462992999,0.058331711462993117,"[0,0.016951632710336857];[0.016951632710336857,0.033903265420673713]",0.00036130939129699121,0.00034834155755209938,1.2967833744891824e-05,0.96410878306168235,0.0043877490616155588,0.035891216938317691,0.00095369918692536388,1.2449967820590815e-14,1.1873524187744406e-17,0,0.5,0.01,0.01,2,split,deterministic_bound_only_refinement_rule,L0|fixed-d1|violated|parent|c6-overlay|0.067807|0.058332|0.058332|0.000000|0.000954|0.000000,0.03390326542067371,2,2,False,False
round39_small_medium_V10_M2_Q20_slot05_seed968549317,medium_c6_win_guard,stage1-atlas__round39_small_medium_V10_M2_Q20_slot05_seed968549317__d1-violated,fixed-d1,violated,parent,L1,,0,0.033903265420673713,0.067806530841347426,4,violated,c6-overlay,split,0.067806530841347426,0.060092413194888339,0.065244643817023593,0.065244643817023606,"[0.033903265420673713,0.050854898131010573];[0.050854898131010573,0.067806530841347426]",0.00028943089389882684,0.00023205416809480087,5.7376725804025972e-05,0.8017601886546275,0.022409311908408499,0.19823981134537255,0.004219682163128749,5.4170178762965799e-15,2.2858093709958254e-17,0,0.5,0.01,0.01,2,split,deterministic_bound_only_refinement_rule,L1|fixed-d1|violated|parent|c6-overlay|0.067807|0.065245|0.065245|0.000000|0.004220|0.000000,0.03390326542067371,2,2,False,False
round39_small_medium_V10_M2_Q20_slot05_seed968549317,medium_c6_win_guard,stage1-atlas__round39_small_medium_V10_M2_Q20_slot05_seed968549317__d1-violated,fixed-d1,violated,parent,L2,,0,0.067806530841347426,0.10170979626202115,4,violated,c6-overlay,exact-closure,0.10170979626202115,0.084667838225087375,0.084667838225087375,0.084667838225087375,"[0.067806530841347426,0.084758163551684279];[0.084758163551684279,0.10170979626202115]",0.00028344418400890554,0.00014172209200445261,0.00014172209200445293,0.49999999999999944,0.082052638963882957,0.50000000000000056,0.010422731087777056,0,0,0,0.5,0.01,0.01,0,exact-closure,deterministic_bound_only_refinement_rule,L2|fixed-d1|violated|parent|c6-overlay|0.101710|0.084668|0.084668|0.000000|0.010423|0.000000,0.03390326542067372,2,0,False,False
round39_small_medium_V10_M2_Q20_slot05_seed968549317,medium_c6_win_guard,stage1-atlas__round39_small_medium_V10_M2_Q20_slot05_seed968549317__d1-violated,fixed-d1,violated,parent,L3,,0,0.10170979626202115,0.13561306168269485,4,violated,c6-overlay,exact-closure,0.13561296168269485,0.11834023104462985,0.11834023104462985,0.11834023104462985,"[0.10170979626202115,0.118661428972358];[0.118661428972358,0.13561306168269485]",0.00028735785154616211,0.00014367892577308097,0.00014367892577308114,0.49999999999999972,0.24535111044537891,0.50000000000000033,0.01056664338730233,0,0,0,0.5,0.01,0.01,0,exact-closure,deterministic_bound_only_refinement_rule,L3|fixed-d1|violated|parent|c6-overlay|0.135613|0.118340|0.118340|0.000000|0.010567|0.000000,0.033903265420673706,2,0,False,False
round39_small_medium_V10_M2_Q20_slot05_seed968549317,medium_c6_win_guard,stage1-atlas__round39_small_medium_V10_M2_Q20_slot05_seed968549317__d1-active-one,fixed-d1,active-one,parent,L0,,0,0,0.033903265420673713,4,active-one,c6-overlay,split,0.067806530841347426,0.048439634117466955,0.05833171146299311,0.058331711462993117,"[0,0.016951632710336857];[0.016951632710336857,0.033903265420673713]",0.00036130939129699121,0.00034834155755209938,1.2967833744891824e-05,0.96410878306168235,0.0043877490616155588,0.035891216938317691,0.00095369918692536388,7.323510482700565e-16,6.9844259927909078e-19,0,0.5,0.01,0.01,1,split,deterministic_bound_only_refinement_rule,L0|fixed-d1|active-one|parent|c6-overlay|0.067807|0.058332|0.058332|0.000000|0.000954|0.000000,0.03390326542067371,2,2,False,False
round39_small_medium_V10_M2_Q20_slot05_seed968549317,medium_c6_win_guard,stage1-atlas__round39_small_medium_V10_M2_Q20_slot05_seed968549317__d1-active-one,fixed-d1,active-one,parent,L1,,0,0.033903265420673713,0.067806530841347426,4,active-one,c6-overlay,split,0.067806530841347426,0.060092413194888339,0.065244643817023606,0.065244643817023606,"[0.033903265420673713,0.050854898131010573];[0.050854898131010573,0.067806530841347426]",0.00028943089389882684,0.00023205416809480087,5.7376725804025972e-05,0.8017601886546275,0.022409311908408499,0.19823981134537255,0.004219682163128749,0,0,0,0.5,0.01,0.01,1,split,deterministic_bound_only_refinement_rule,L1|fixed-d1|active-one|parent|c6-overlay|0.067807|0.065245|0.065245|0.000000|0.004220|0.000000,0.03390326542067371,2,2,False,False
round39_small_medium_V10_M2_Q20_slot05_seed968549317,medium_c6_win_guard,stage1-atlas__round39_small_medium_V10_M2_Q20_slot05_seed968549317__d1-active-one,fixed-d1,active-one,parent,L2,,0,0.067806530841347426,0.10170979626202115,4,active-one,c6-overlay,exact-closure,0.10170979626202115,0.084667838225087375,0.084667838225087375,0.084667838225087375,"[0.067806530841347426,0.084758163551684279];[0.084758163551684279,0.10170979626202115]",0.00028344418400890554,0.00014172209200445261,0.00014172209200445293,0.49999999999999944,0.082052638963882957,0.50000000000000056,0.010422731087777056,0,0,0,0.5,0.01,0.01,0,exact-closure,deterministic_bound_only_refinement_rule,L2|fixed-d1|active-one|parent|c6-overlay|0.101710|0.084668|0.084668|0.000000|0.010423|0.000000,0.03390326542067372,2,0,False,False
round39_small_medium_V10_M2_Q20_slot05_seed968549317,medium_c6_win_guard,stage1-atlas__round39_small_medium_V10_M2_Q20_slot05_seed968549317__d1-active-one,fixed-d1,active-one,parent,L3,,0,0.10170979626202115,0.13561306168269485,4,active-one,c6-overlay,exact-closure,0.13561296168269485,0.11834023104462985,0.11834023104462985,0.11834023104462985,"[0.10170979626202115,0.118661428972358];[0.118661428972358,0.13561306168269485]",0.00028735785154616211,0.00014367892577308097,0.00014367892577308114,0.49999999999999972,0.24535111044537891,0.50000000000000033,0.01056664338730233,0,0,0,0.5,0.01,0.01,0,exact-closure,deterministic_bound_only_refinement_rule,L3|fixed-d1|active-one|parent|c6-overlay|0.135613|0.118340|0.118340|0.000000|0.010567|0.000000,0.033903265420673706,2,0,False,False
round39_small_medium_V10_M2_Q20_slot05_seed968549317,medium_c6_win_guard,stage1-atlas__round39_small_medium_V10_M2_Q20_slot05_seed968549317__d2-none,fixed-d2,none,parent,L0,,0,0,0.033903265420673713,4,none,c6-overlay,split,0.067806530841347426,0.048439634117466955,0.048439634117466955,0.063306681186802521,"[0,0.0084758163551684283];[0.0084758163551684283,0.016951632710336857];[0.016951632710336857,0.025427449065505286];[0.025427449065505286,0.033903265420673713]",0.00054007781202289741,0.0005246873492424373,1.5390462780460112e-05,0.97150324927659204,0.0052074610109335848,0.028496750723408001,0.0011318676757335561,0.76765251972473536,0.00086888107327184405,0,0.5,0.01,0.01,0,split,deterministic_bound_only_refinement_rule,L0|fixed-d2|none|parent|c6-overlay|0.067807|0.048440|0.063307|0.767653|0.001132|0.000869,0.03390326542067371,3,3,True,True
round39_small_medium_V10_M2_Q20_slot05_seed968549317,medium_c6_win_guard,stage1-atlas__round39_small_medium_V10_M2_Q20_slot05_seed968549317__d2-none,fixed-d2,none,parent,L1,,0,0.033903265420673713,0.067806530841347426,4,none,c6-overlay,split,0.067806530841347426,0.060092413194888339,0.060092413194888339,0.068221109627523369,"[0.033903265420673713,0.04237908177584214];[0.04237908177584214,0.050854898131010573];[0.050854898131010573,0.059330714486179];[0.059330714486179,0.067806530841347426]",0.00042658240411094865,0.00038501562360742205,4.1566780503526598e-05,0.90255861446006669,0.016234508614406177,0.097441385539933353,0.0030569642971351244,1,0.0030569642971351244,1,0.5,0.01,0.01,0,split,deterministic_bound_only_refinement_rule,L1|fixed-d2|none|parent|c6-overlay|0.067807|0.060092|0.068221|1.000000|0.003057|0.003057,0.03390326542067371,4,4,True,True
round39_small_medium_V10_M2_Q20_slot05_seed968549317,medium_c6_win_guard,stage1-atlas__round39_small_medium_V10_M2_Q20_slot05_seed968549317__d2-none,fixed-d2,none,parent,L2,,0,0.067806530841347426,0.10170979626202115,4,none,c6-overlay,exact-closure,0.10170979626202115,0.084667838225087375,0.084667838225087375,0.084667838225087375,"[0.067806530841347426,0.076282347196515859];[0.076282347196515859,0.084758163551684279];[0.084758163551684279,0.093233979906852713];[0.093233979906852713,0.10170979626202115]",0.00042516627601335821,0.0003183854985678615,0.00010678077744549671,0.74884937148180164,0.06182271554206796,0.25115062851819836,0.0078530263907141077,0,0,0,0.5,0.01,0.01,0,exact-closure,deterministic_bound_only_refinement_rule,L2|fixed-d2|none|parent|c6-overlay|0.101710|0.084668|0.084668|0.000000|0.007853|0.000000,0.03390326542067372,3,0,False,False
round39_small_medium_V10_M2_Q20_slot05_seed968549317,medium_c6_win_guard,stage1-atlas__round39_small_medium_V10_M2_Q20_slot05_seed968549317__d2-none,fixed-d2,none,parent,L3,,0,0.10170979626202115,0.13561306168269485,4,none,c6-overlay,exact-closure,0.13561296168269485,0.11834023104462985,0.11834023104462985,0.11834023104462985,"[0.10170979626202115,0.11018561261718957];[0.11018561261718957,0.118661428972358];[0.118661428972358,0.12713724532752643];[0.12713724532752643,0.13561306168269485]",0.00036191972908178734,0.00021960201063324879,0.00014231771844853855,0.60676993539532265,0.24302666566806783,0.3932300646046773,0.010466535509287276,0,0,0,0.5,0.01,0.01,0,exact-closure,deterministic_bound_only_refinement_rule,L3|fixed-d2|none|parent|c6-overlay|0.135613|0.118340|0.118340|0.000000|0.010467|0.000000,0.033903265420673706,2,0,False,False
round39_small_medium_V10_M2_Q20_slot05_seed968549317,medium_c6_win_guard,stage1-atlas__round39_small_medium_V10_M2_Q20_slot05_seed968549317__d2-all,fixed-d2,all,parent,L0,,0,0,0.033903265420673713,4,all,c6-overlay,split,0.067806530841347426,0.048439634117466955,0.063306681186802508,0.063306681186802521,"[0,0.0084758163551684283];[0.0084758163551684283,0.016951632710336857];[0.016951632710336857,0.025427449065505286];[0.025427449065505286,0.033903265420673713]",0.00054007781202289741,0.0005246873492424373,1.5390462780460112e-05,0.97150324927659204,0.0052074610109335848,0.028496750723408001,0.0011318676757335561,3.0840558847999897e-15,3.4907431661609603e-18,0,0.5,0.01,0.01,3,split,deterministic_bound_only_refinement_rule,L0|fixed-d2|all|parent|c6-overlay|0.067807|0.063307|0.063307|0.000000|0.001132|0.000000,0.03390326542067371,3,3,False,False
round39_small_medium_V10_M2_Q20_slot05_seed968549317,medium_c6_win_guard,stage1-atlas__round39_small_medium_V10_M2_Q20_slot05_seed968549317__d2-all,fixed-d2,all,parent,L1,,0,0.033903265420673713,0.067806530841347426,4,all,c6-overlay,split,0.067806530841347426,0.060092413194888339,0.068221109627523369,0.068221109627523369,"[0.033903265420673713,0.04237908177584214];[0.04237908177584214,0.050854898131010573];[0.050854898131010573,0.059330714486179];[0.059330714486179,0.067806530841347426]",0.00042658240411094865,0.00038501562360742205,4.1566780503526598e-05,0.90255861446006669,0.016234508614406177,0.097441385539933353,0.0030569642971351244,0,0,0,0.5,0.01,0.01,4,split,deterministic_bound_only_refinement_rule,L1|fixed-d2|all|parent|c6-overlay|0.067807|0.068221|0.068221|0.000000|0.003057|0.000000,0.03390326542067371,4,4,False,False
round39_small_medium_V10_M2_Q20_slot05_seed968549317,medium_c6_win_guard,stage1-atlas__round39_small_medium_V10_M2_Q20_slot05_seed968549317__d2-all,fixed-d2,all,parent,L2,,0,0.067806530841347426,0.10170979626202115,4,all,c6-overlay,exact-closure,0.10170979626202115,0.084667838225087375,0.084667838225087444,0.084667838225087375,"[0.067806530841347426,0.076282347196515859];[0.076282347196515859,0.084758163551684279];[0.084758163551684279,0.093233979906852713];[0.093233979906852713,0.10170979626202115]",0.00042516627601335821,0.0003183854985678615,0.00010678077744549671,0.74884937148180164,0.06182271554206796,0.25115062851819836,0.0078530263907141077,0,0,0,0.5,0.01,0.01,3,exact-closure,deterministic_bound_only_refinement_rule,L2|fixed-d2|all|parent|c6-overlay|0.101710|0.084668|0.084668|0.000000|0.007853|0.000000,0.03390326542067372,3,0,False,False
round39_small_medium_V10_M2_Q20_slot05_seed968549317,medium_c6_win_guard,stage1-atlas__round39_small_medium_V10_M2_Q20_slot05_seed968549317__d2-all,fixed-d2,all,parent,L3,,0,0.10170979626202115,0.13561306168269485,4,all,c6-overlay,exact-closure,0.13561296168269485,0.11834023104462985,0.11834023104462985,0.11834023104462985,"[0.10170979626202115,0.11018561261718957];[0.11018561261718957,0.118661428972358];[0.118661428972358,0.12713724532752643];[0.12713724532752643,0.13561306168269485]",0.00036191972908178734,0.00021960201063324879,0.00014231771844853855,0.60676993539532265,0.24302666566806783,0.3932300646046773,0.010466535509287276,0,0,0,0.5,0.01,0.01,2,exact-closure,deterministic_bound_only_refinement_rule,L3|fixed-d2|all|parent|c6-overlay|0.135613|0.118340|0.118340|0.000000|0.010467|0.000000,0.033903265420673706,2,0,False,False
round39_small_medium_V10_M2_Q20_slot05_seed968549317,medium_c6_win_guard,stage1-atlas__round39_small_medium_V10_M2_Q20_slot05_seed968549317__d2-violated,fixed-d2,violated,parent,L0,,0,0,0.033903265420673713,4,violated,c6-overlay,split,0.067806530841347426,0.048439634117466955,0.063306681186802508,0.063306681186802521,"[0,0.0084758163551684283];[0.0084758163551684283,0.016951632710336857];[0.016951632710336857,0.025427449065505286];[0.025427449065505286,0.033903265420673713]",0.00054007781202289741,0.0005246873492424373,1.5390462780460112e-05,0.97150324927659204,0.0052074610109335848,0.028496750723408001,0.0011318676757335561,3.0840558847999897e-15,3.4907431661609603e-18,0,0.5,0.01,0.01,3,split,deterministic_bound_only_refinement_rule,L0|fixed-d2|violated|parent|c6-overlay|0.067807|0.063307|0.063307|0.000000|0.001132|0.000000,0.03390326542067371,3,3,False,False
round39_small_medium_V10_M2_Q20_slot05_seed968549317,medium_c6_win_guard,stage1-atlas__round39_small_medium_V10_M2_Q20_slot05_seed968549317__d2-violated,fixed-d2,violated,parent,L1,,0,0.033903265420673713,0.067806530841347426,4,violated,c6-overlay,split,0.067806530841347426,0.060092413194888339,0.068221109627523369,0.068221109627523369,"[0.033903265420673713,0.04237908177584214];[0.04237908177584214,0.050854898131010573];[0.050854898131010573,0.059330714486179];[0.059330714486179,0.067806530841347426]",0.00042658240411094865,0.00038501562360742205,4.1566780503526598e-05,0.90255861446006669,0.016234508614406177,0.097441385539933353,0.0030569642971351244,0,0,0,0.5,0.01,0.01,4,split,deterministic_bound_only_refinement_rule,L1|fixed-d2|violated|parent|c6-overlay|0.067807|0.068221|0.068221|0.000000|0.003057|0.000000,0.03390326542067371,4,4,False,False
round39_small_medium_V10_M2_Q20_slot05_seed968549317,medium_c6_win_guard,stage1-atlas__round39_small_medium_V10_M2_Q20_slot05_seed968549317__d2-violated,fixed-d2,violated,parent,L2,,0,0.067806530841347426,0.10170979626202115,4,violated,c6-overlay,exact-closure,0.10170979626202115,0.084667838225087375,0.084667838225087375,0.084667838225087375,"[0.067806530841347426,0.076282347196515859];[0.076282347196515859,0.084758163551684279];[0.084758163551684279,0.093233979906852713];[0.093233979906852713,0.10170979626202115]",0.00042516627601335821,0.0003183854985678615,0.00010678077744549671,0.74884937148180164,0.06182271554206796,0.25115062851819836,0.0078530263907141077,0,0,0,0.5,0.01,0.01,0,exact-closure,deterministic_bound_only_refinement_rule,L2|fixed-d2|violated|parent|c6-overlay|0.101710|0.084668|0.084668|0.000000|0.007853|0.000000,0.03390326542067372,3,0,False,False
round39_small_medium_V10_M2_Q20_slot05_seed968549317,medium_c6_win_guard,stage1-atlas__round39_small_medium_V10_M2_Q20_slot05_seed968549317__d2-violated,fixed-d2,violated,parent,L3,,0,0.10170979626202115,0.13561306168269485,4,violated,c6-overlay,exact-closure,0.13561296168269485,0.11834023104462985,0.11834023104462985,0.11834023104462985,"[0.10170979626202115,0.11018561261718957];[0.11018561261718957,0.118661428972358];[0.118661428972358,0.12713724532752643];[0.12713724532752643,0.13561306168269485]",0.00036191972908178734,0.00021960201063324879,0.00014231771844853855,0.60676993539532265,0.24302666566806783,0.3932300646046773,0.010466535509287276,0,0,0,0.5,0.01,0.01,0,exact-closure,deterministic_bound_only_refinement_rule,L3|fixed-d2|violated|parent|c6-overlay|0.135613|0.118340|0.118340|0.000000|0.010467|0.000000,0.033903265420673706,2,0,False,False
round39_small_medium_V10_M2_Q20_slot05_seed968549317,medium_c6_win_guard,stage1-atlas__round39_small_medium_V10_M2_Q20_slot05_seed968549317__d2-active-one,fixed-d2,active-one,parent,L0,,0,0,0.033903265420673713,4,active-one,c6-overlay,split,0.067806530841347426,0.048439634117466955,0.062662405009430239,0.063306681186802521,"[0,0.0084758163551684283];[0.0084758163551684283,0.016951632710336857];[0.016951632710336857,0.025427449065505286];[0.025427449065505286,0.033903265420673713]",0.00054007781202289741,0.0005246873492424373,1.5390462780460112e-05,0.97150324927659204,0.0052074610109335848,0.028496750723408001,0.0011318676757335561,0.12524502673997859,0.00014176079731336664,0,0.5,0.01,0.01,1,split,deterministic_bound_only_refinement_rule,L0|fixed-d2|active-one|parent|c6-overlay|0.067807|0.062662|0.063307|0.125245|0.001132|0.000142,0.03390326542067371,3,3,False,False
round39_small_medium_V10_M2_Q20_slot05_seed968549317,medium_c6_win_guard,stage1-atlas__round39_small_medium_V10_M2_Q20_slot05_seed968549317__d2-active-one,fixed-d2,active-one,parent,L1,,0,0.033903265420673713,0.067806530841347426,4,active-one,c6-overlay,split,0.067806530841347426,0.060092413194888339,0.06822110962752341,0.068221109627523369,"[0.033903265420673713,0.04237908177584214];[0.04237908177584214,0.050854898131010573];[0.050854898131010573,0.059330714486179];[0.059330714486179,0.067806530841347426]",0.00042658240411094865,0.00038501562360742205,4.1566780503526598e-05,0.90255861446006669,0.016234508614406177,0.097441385539933353,0.0030569642971351244,0,0,0,0.5,0.01,0.01,1,split,deterministic_bound_only_refinement_rule,L1|fixed-d2|active-one|parent|c6-overlay|0.067807|0.068221|0.068221|0.000000|0.003057|0.000000,0.03390326542067371,4,4,False,False
round39_small_medium_V10_M2_Q20_slot05_seed968549317,medium_c6_win_guard,stage1-atlas__round39_small_medium_V10_M2_Q20_slot05_seed968549317__d2-active-one,fixed-d2,active-one,parent,L2,,0,0.067806530841347426,0.10170979626202115,4,active-one,c6-overlay,exact-closure,0.10170979626202115,0.084667838225087375,0.084667838225087375,0.084667838225087375,"[0.067806530841347426,0.076282347196515859];[0.076282347196515859,0.084758163551684279];[0.084758163551684279,0.093233979906852713];[0.093233979906852713,0.10170979626202115]",0.00042516627601335821,0.0003183854985678615,0.00010678077744549671,0.74884937148180164,0.06182271554206796,0.25115062851819836,0.0078530263907141077,0,0,0,0.5,0.01,0.01,0,exact-closure,deterministic_bound_only_refinement_rule,L2|fixed-d2|active-one|parent|c6-overlay|0.101710|0.084668|0.084668|0.000000|0.007853|0.000000,0.03390326542067372,3,0,False,False
round39_small_medium_V10_M2_Q20_slot05_seed968549317,medium_c6_win_guard,stage1-atlas__round39_small_medium_V10_M2_Q20_slot05_seed968549317__d2-active-one,fixed-d2,active-one,parent,L3,,0,0.10170979626202115,0.13561306168269485,4,active-one,c6-overlay,exact-closure,0.13561296168269485,0.11834023104462985,0.11834023104462985,0.11834023104462985,"[0.10170979626202115,0.11018561261718957];[0.11018561261718957,0.118661428972358];[0.118661428972358,0.12713724532752643];[0.12713724532752643,0.13561306168269485]",0.00036191972908178734,0.00021960201063324879,0.00014231771844853855,0.60676993539532265,0.24302666566806783,0.3932300646046773,0.010466535509287276,0,0,0,0.5,0.01,0.01,0,exact-closure,deterministic_bound_only_refinement_rule,L3|fixed-d2|active-one|parent|c6-overlay|0.135613|0.118340|0.118340|0.000000|0.010467|0.000000,0.033903265420673706,2,0,False,False
round39_small_medium_V10_M2_Q20_slot05_seed968549317,medium_c6_win_guard,stage1-atlas__round39_small_medium_V10_M2_Q20_slot05_seed968549317__frontier-d2-none,frontier-d2,none,parent,L0,,0,0,0.033903265420673713,4,none,c6-overlay,split,0.067806530841347426,0.048439634117466955,0.048439634117466955,0.063306681186802521,"[0,0.0084758163551684283];[0.0084758163551684283,0.016951632710336857];[0.016951632710336857,0.025427449065505286];[0.025427449065505286,0.033903265420673713]",0.00054007781202289741,0.0005246873492424373,1.5390462780460112e-05,0.97150324927659204,0.0052074610109335848,0.028496750723408001,0.0011318676757335561,0.76765251972473536,0.00086888107327184405,0,0.5,0.01,0.01,0,split,deterministic_bound_only_refinement_rule,L0|frontier-d2|none|parent|c6-overlay|0.067807|0.048440|0.063307|0.767653|0.001132|0.000869,0.03390326542067371,3,3,True,True
round39_small_medium_V10_M2_Q20_slot05_seed968549317,medium_c6_win_guard,stage1-atlas__round39_small_medium_V10_M2_Q20_slot05_seed968549317__frontier-d2-none,frontier-d2,none,parent,L1,,0,0.033903265420673713,0.067806530841347426,4,none,c6-overlay,split,0.067806530841347426,0.060092413194888339,0.060092413194888339,0.068221109627523369,"[0.033903265420673713,0.04237908177584214];[0.04237908177584214,0.050854898131010573];[0.050854898131010573,0.067806530841347426]",0.00036245884953047143,0.00032381247498989739,3.8646374540574047e-05,0.89337720794888442,0.015093901735817303,0.10662279205111558,0.0028421875775109275,1,0.0028421875775109275,1,0.5,0.01,0.01,0,split,deterministic_bound_only_refinement_rule,L1|frontier-d2|none|parent|c6-overlay|0.067807|0.060092|0.068221|1.000000|0.002842|0.002842,0.03390326542067371,2,2,True,True
round39_small_medium_V10_M2_Q20_slot05_seed968549317,medium_c6_win_guard,stage1-atlas__round39_small_medium_V10_M2_Q20_slot05_seed968549317__frontier-d2-none,frontier-d2,none,parent,L2,,0,0.067806530841347426,0.10170979626202115,4,none,c6-overlay,exact-closure,0.10170979626202115,0.084667838225087375,0.084667838225087375,0.084667838225087375,"[0.067806530841347426,0.076282347196515859];[0.076282347196515859,0.084758163551684279];[0.084758163551684279,0.093233979906852713];[0.093233979906852713,0.10170979626202115]",0.00042516627601335821,0.0003183854985678615,0.00010678077744549671,0.74884937148180164,0.06182271554206796,0.25115062851819836,0.0078530263907141077,0,0,0,0.5,0.01,0.01,0,exact-closure,deterministic_bound_only_refinement_rule,L2|frontier-d2|none|parent|c6-overlay|0.101710|0.084668|0.084668|0.000000|0.007853|0.000000,0.03390326542067372,3,0,False,False
round39_small_medium_V10_M2_Q20_slot05_seed968549317,medium_c6_win_guard,stage1-atlas__round39_small_medium_V10_M2_Q20_slot05_seed968549317__frontier-d2-none,frontier-d2,none,parent,L3,,0,0.10170979626202115,0.13561306168269485,4,none,c6-overlay,exact-closure,0.13561296168269485,0.11834023104462985,0.11834023104462985,0.11834023104462985,"[0.10170979626202115,0.11018561261718957];[0.11018561261718957,0.118661428972358];[0.118661428972358,0.12713724532752643];[0.12713724532752643,0.13561306168269485]",0.00036191972908178734,0.00021960201063324879,0.00014231771844853855,0.60676993539532265,0.24302666566806783,0.3932300646046773,0.010466535509287276,0,0,0,0.5,0.01,0.01,0,exact-closure,deterministic_bound_only_refinement_rule,L3|frontier-d2|none|parent|c6-overlay|0.135613|0.118340|0.118340|0.000000|0.010467|0.000000,0.033903265420673706,2,0,False,False
round39_small_medium_V10_M2_Q20_slot05_seed968549317,medium_c6_win_guard,stage1-atlas__round39_small_medium_V10_M2_Q20_slot05_seed968549317__frontier-d2-all,frontier-d2,all,parent,L0,,0,0,0.033903265420673713,4,all,c6-overlay,split,0.067806530841347426,0.048439634117466955,0.063306681186802508,0.063306681186802521,"[0,0.0084758163551684283];[0.0084758163551684283,0.016951632710336857];[0.016951632710336857,0.025427449065505286];[0.025427449065505286,0.033903265420673713]",0.00054007781202289741,0.0005246873492424373,1.5390462780460112e-05,0.97150324927659204,0.0052074610109335848,0.028496750723408001,0.0011318676757335561,3.0840558847999897e-15,3.4907431661609603e-18,0,0.5,0.01,0.01,3,split,deterministic_bound_only_refinement_rule,L0|frontier-d2|all|parent|c6-overlay|0.067807|0.063307|0.063307|0.000000|0.001132|0.000000,0.03390326542067371,3,3,False,False
round39_small_medium_V10_M2_Q20_slot05_seed968549317,medium_c6_win_guard,stage1-atlas__round39_small_medium_V10_M2_Q20_slot05_seed968549317__frontier-d2-all,frontier-d2,all,parent,L1,,0,0.033903265420673713,0.067806530841347426,4,all,c6-overlay,split,0.067806530841347426,0.060092413194888339,0.068221109627523396,0.068221109627523369,"[0.033903265420673713,0.04237908177584214];[0.04237908177584214,0.050854898131010573];[0.050854898131010573,0.067806530841347426]",0.00036245884953047143,0.00032381247498989739,3.8646374540574047e-05,0.89337720794888442,0.015093901735817303,0.10662279205111558,0.0028421875775109275,0,0,0,0.5,0.01,0.01,2,split,deterministic_bound_only_refinement_rule,L1|frontier-d2|all|parent|c6-overlay|0.067807|0.068221|0.068221|0.000000|0.002842|0.000000,0.03390326542067371,2,2,False,False
round39_small_medium_V10_M2_Q20_slot05_seed968549317,medium_c6_win_guard,stage1-atlas__round39_small_medium_V10_M2_Q20_slot05_seed968549317__frontier-d2-all,frontier-d2,all,parent,L2,,0,0.067806530841347426,0.10170979626202115,4,all,c6-overlay,exact-closure,0.10170979626202115,0.084667838225087375,0.084667838225087444,0.084667838225087375,"[0.067806530841347426,0.076282347196515859];[0.076282347196515859,0.084758163551684279];[0.084758163551684279,0.093233979906852713];[0.093233979906852713,0.10170979626202115]",0.00042516627601335821,0.0003183854985678615,0.00010678077744549671,0.74884937148180164,0.06182271554206796,0.25115062851819836,0.0078530263907141077,0,0,0,0.5,0.01,0.01,3,exact-closure,deterministic_bound_only_refinement_rule,L2|frontier-d2|all|parent|c6-overlay|0.101710|0.084668|0.084668|0.000000|0.007853|0.000000,0.03390326542067372,3,0,False,False
round39_small_medium_V10_M2_Q20_slot05_seed968549317,medium_c6_win_guard,stage1-atlas__round39_small_medium_V10_M2_Q20_slot05_seed968549317__frontier-d2-all,frontier-d2,all,parent,L3,,0,0.10170979626202115,0.13561306168269485,4,all,c6-overlay,exact-closure,0.13561296168269485,0.11834023104462985,0.11834023104462985,0.11834023104462985,"[0.10170979626202115,0.11018561261718957];[0.11018561261718957,0.118661428972358];[0.118661428972358,0.12713724532752643];[0.12713724532752643,0.13561306168269485]",0.00036191972908178734,0.00021960201063324879,0.00014231771844853855,0.60676993539532265,0.24302666566806783,0.3932300646046773,0.010466535509287276,0,0,0,0.5,0.01,0.01,2,exact-closure,deterministic_bound_only_refinement_rule,L3|frontier-d2|all|parent|c6-overlay|0.135613|0.118340|0.118340|0.000000|0.010467|0.000000,0.033903265420673706,2,0,False,False
round39_small_medium_V10_M2_Q20_slot05_seed968549317,medium_c6_win_guard,stage1-atlas__round39_small_medium_V10_M2_Q20_slot05_seed968549317__frontier-d2-violated,frontier-d2,violated,parent,L0,,0,0,0.033903265420673713,4,violated,c6-overlay,split,0.067806530841347426,0.048439634117466955,0.063306681186802508,0.063306681186802521,"[0,0.0084758163551684283];[0.0084758163551684283,0.016951632710336857];[0.016951632710336857,0.025427449065505286];[0.025427449065505286,0.033903265420673713]",0.00054007781202289741,0.0005246873492424373,1.5390462780460112e-05,0.97150324927659204,0.0052074610109335848,0.028496750723408001,0.0011318676757335561,3.0840558847999897e-15,3.4907431661609603e-18,0,0.5,0.01,0.01,3,split,deterministic_bound_only_refinement_rule,L0|frontier-d2|violated|parent|c6-overlay|0.067807|0.063307|0.063307|0.000000|0.001132|0.000000,0.03390326542067371,3,3,False,False
round39_small_medium_V10_M2_Q20_slot05_seed968549317,medium_c6_win_guard,stage1-atlas__round39_small_medium_V10_M2_Q20_slot05_seed968549317__frontier-d2-violated,frontier-d2,violated,parent,L1,,0,0.033903265420673713,0.067806530841347426,4,violated,c6-overlay,split,0.067806530841347426,0.060092413194888339,0.068221109627523396,0.068221109627523369,"[0.033903265420673713,0.04237908177584214];[0.04237908177584214,0.050854898131010573];[0.050854898131010573,0.067806530841347426]",0.00036245884953047143,0.00032381247498989739,3.8646374540574047e-05,0.89337720794888442,0.015093901735817303,0.10662279205111558,0.0028421875775109275,0,0,0,0.5,0.01,0.01,2,split,deterministic_bound_only_refinement_rule,L1|frontier-d2|violated|parent|c6-overlay|0.067807|0.068221|0.068221|0.000000|0.002842|0.000000,0.03390326542067371,2,2,False,False
round39_small_medium_V10_M2_Q20_slot05_seed968549317,medium_c6_win_guard,stage1-atlas__round39_small_medium_V10_M2_Q20_slot05_seed968549317__frontier-d2-violated,frontier-d2,violated,parent,L2,,0,0.067806530841347426,0.10170979626202115,4,violated,c6-overlay,exact-closure,0.10170979626202115,0.084667838225087375,0.084667838225087375,0.084667838225087375,"[0.067806530841347426,0.076282347196515859];[0.076282347196515859,0.084758163551684279];[0.084758163551684279,0.093233979906852713];[0.093233979906852713,0.10170979626202115]",0.00042516627601335821,0.0003183854985678615,0.00010678077744549671,0.74884937148180164,0.06182271554206796,0.25115062851819836,0.0078530263907141077,0,0,0,0.5,0.01,0.01,0,exact-closure,deterministic_bound_only_refinement_rule,L2|frontier-d2|violated|parent|c6-overlay|0.101710|0.084668|0.084668|0.000000|0.007853|0.000000,0.03390326542067372,3,0,False,False
round39_small_medium_V10_M2_Q20_slot05_seed968549317,medium_c6_win_guard,stage1-atlas__round39_small_medium_V10_M2_Q20_slot05_seed968549317__frontier-d2-violated,frontier-d2,violated,parent,L3,,0,0.10170979626202115,0.13561306168269485,4,violated,c6-overlay,exact-closure,0.13561296168269485,0.11834023104462985,0.11834023104462985,0.11834023104462985,"[0.10170979626202115,0.11018561261718957];[0.11018561261718957,0.118661428972358];[0.118661428972358,0.12713724532752643];[0.12713724532752643,0.13561306168269485]",0.00036191972908178734,0.00021960201063324879,0.00014231771844853855,0.60676993539532265,0.24302666566806783,0.3932300646046773,0.010466535509287276,0,0,0,0.5,0.01,0.01,0,exact-closure,deterministic_bound_only_refinement_rule,L3|frontier-d2|violated|parent|c6-overlay|0.135613|0.118340|0.118340|0.000000|0.010467|0.000000,0.033903265420673706,2,0,False,False
round39_small_medium_V10_M2_Q20_slot05_seed968549317,medium_c6_win_guard,stage1-atlas__round39_small_medium_V10_M2_Q20_slot05_seed968549317__frontier-d2-active-one,frontier-d2,active-one,parent,L0,,0,0,0.033903265420673713,4,active-one,c6-overlay,split,0.067806530841347426,0.048439634117466955,0.062662405009430239,0.063306681186802521,"[0,0.0084758163551684283];[0.0084758163551684283,0.016951632710336857];[0.016951632710336857,0.025427449065505286];[0.025427449065505286,0.033903265420673713]",0.00054007781202289741,0.0005246873492424373,1.5390462780460112e-05,0.97150324927659204,0.0052074610109335848,0.028496750723408001,0.0011318676757335561,0.12524502673997859,0.00014176079731336664,0,0.5,0.01,0.01,1,split,deterministic_bound_only_refinement_rule,L0|frontier-d2|active-one|parent|c6-overlay|0.067807|0.062662|0.063307|0.125245|0.001132|0.000142,0.03390326542067371,3,3,False,False
round39_small_medium_V10_M2_Q20_slot05_seed968549317,medium_c6_win_guard,stage1-atlas__round39_small_medium_V10_M2_Q20_slot05_seed968549317__frontier-d2-active-one,frontier-d2,active-one,parent,L1,,0,0.033903265420673713,0.067806530841347426,4,active-one,c6-overlay,split,0.067806530841347426,0.060092413194888339,0.06822110962752341,0.068221109627523369,"[0.033903265420673713,0.04237908177584214];[0.04237908177584214,0.050854898131010573];[0.050854898131010573,0.067806530841347426]",0.00036245884953047143,0.00032381247498989739,3.8646374540574047e-05,0.89337720794888442,0.015093901735817303,0.10662279205111558,0.0028421875775109275,0,0,0,0.5,0.01,0.01,1,split,deterministic_bound_only_refinement_rule,L1|frontier-d2|active-one|parent|c6-overlay|0.067807|0.068221|0.068221|0.000000|0.002842|0.000000,0.03390326542067371,2,2,False,False
round39_small_medium_V10_M2_Q20_slot05_seed968549317,medium_c6_win_guard,stage1-atlas__round39_small_medium_V10_M2_Q20_slot05_seed968549317__frontier-d2-active-one,frontier-d2,active-one,parent,L2,,0,0.067806530841347426,0.10170979626202115,4,active-one,c6-overlay,exact-closure,0.10170979626202115,0.084667838225087375,0.084667838225087375,0.084667838225087375,"[0.067806530841347426,0.076282347196515859];[0.076282347196515859,0.084758163551684279];[0.084758163551684279,0.093233979906852713];[0.093233979906852713,0.10170979626202115]",0.00042516627601335821,0.0003183854985678615,0.00010678077744549671,0.74884937148180164,0.06182271554206796,0.25115062851819836,0.0078530263907141077,0,0,0,0.5,0.01,0.01,0,exact-closure,deterministic_bound_only_refinement_rule,L2|frontier-d2|active-one|parent|c6-overlay|0.101710|0.084668|0.084668|0.000000|0.007853|0.000000,0.03390326542067372,3,0,False,False
round39_small_medium_V10_M2_Q20_slot05_seed968549317,medium_c6_win_guard,stage1-atlas__round39_small_medium_V10_M2_Q20_slot05_seed968549317__frontier-d2-active-one,frontier-d2,active-one,parent,L3,,0,0.10170979626202115,0.13561306168269485,4,active-one,c6-overlay,exact-closure,0.13561296168269485,0.11834023104462985,0.11834023104462985,0.11834023104462985,"[0.10170979626202115,0.11018561261718957];[0.11018561261718957,0.118661428972358];[0.118661428972358,0.12713724532752643];[0.12713724532752643,0.13561306168269485]",0.00036191972908178734,0.00021960201063324879,0.00014231771844853855,0.60676993539532265,0.24302666566806783,0.3932300646046773,0.010466535509287276,0,0,0,0.5,0.01,0.01,0,exact-closure,deterministic_bound_only_refinement_rule,L3|frontier-d2|active-one|parent|c6-overlay|0.135613|0.118340|0.118340|0.000000|0.010467|0.000000,0.033903265420673706,2,0,False,False
round39_small_hard_V10_M1_Q30_slot02_seed1721447042,development_context,stage1-atlas__round39_small_hard_V10_M1_Q30_slot02_seed1721447042__d1-none,fixed-d1,none,parent,L1,,0,0.22500000000000001,0.45000000000000001,4,none,c6-overlay,exact-closure,0.67500000000000004,0.65221616426262996,0.65221616426262996,0.65221616426263007,"[0.22500000000000001,0.33750000000000002];[0.33750000000000002,0.45000000000000001]",0.011719226400024112,0.0058596132000120482,0.0058596132000120638,0.49999999999999933,0.096652509592154157,0.50000000000000067,0.0155383961929148,4.8728538838794684e-15,7.5716334237902823e-17,0,0.5,0.01,0.01,0,exact-closure,deterministic_bound_only_refinement_rule,L1|fixed-d1|none|parent|c6-overlay|0.675000|0.652216|0.652216|0.000000|0.015538|0.000000,0.225,2,0,False,False
round39_small_hard_V10_M1_Q30_slot02_seed1721447042,development_context,stage1-atlas__round39_small_hard_V10_M1_Q30_slot02_seed1721447042__d1-none,fixed-d1,none,parent,L2,,0,0.45000000000000001,0.67500000000000004,4,none,c6-overlay,split,0.92166302889168905,0.86888706559617757,0.86888706559617757,0.86888706559617734,"[0.45000000000000001,0.5625];[0.5625,0.67500000000000004]",0.0059373071207450383,0.0029686535603725139,0.0029686535603725243,0.49999999999999911,0.2500000000000005,0.50000000000000089,0.0078722116300237073,0,0,0,0.5,0.01,0.01,0,split,deterministic_bound_only_refinement_rule,L2|fixed-d1|none|parent|c6-overlay|0.921663|0.868887|0.868887|0.000000|0.007872|0.000000,0.22500000000000003,2,0,False,False
round39_small_hard_V10_M1_Q30_slot02_seed1721447042,development_context,stage1-atlas__round39_small_hard_V10_M1_Q30_slot02_seed1721447042__d1-all,fixed-d1,all,parent,L1,,0,0.22500000000000001,0.45000000000000001,4,all,c6-overlay,exact-closure,0.67500000000000004,0.65221616426262996,0.65221616426262996,0.65221616426263007,"[0.22500000000000001,0.33750000000000002];[0.33750000000000002,0.45000000000000001]",0.011719226400024112,0.0058596132000120482,0.0058596132000120638,0.49999999999999933,0.096652509592154157,0.50000000000000067,0.0155383961929148,4.8728538838794684e-15,7.5716334237902823e-17,0,0.5,0.01,0.01,2,exact-closure,deterministic_bound_only_refinement_rule,L1|fixed-d1|all|parent|c6-overlay|0.675000|0.652216|0.652216|0.000000|0.015538|0.000000,0.225,2,0,False,False
round39_small_hard_V10_M1_Q30_slot02_seed1721447042,development_context,stage1-atlas__round39_small_hard_V10_M1_Q30_slot02_seed1721447042__d1-all,fixed-d1,all,parent,L2,,0,0.45000000000000001,0.67500000000000004,4,all,c6-overlay,split,0.92166302889168905,0.86888706559617757,0.86888706559617734,0.86888706559617734,"[0.45000000000000001,0.5625];[0.5625,0.67500000000000004]",0.0059373071207450383,0.0029686535603725139,0.0029686535603725243,0.49999999999999911,0.2500000000000005,0.50000000000000089,0.0078722116300237073,0,0,0,0.5,0.01,0.01,2,split,deterministic_bound_only_refinement_rule,L2|fixed-d1|all|parent|c6-overlay|0.921663|0.868887|0.868887|0.000000|0.007872|0.000000,0.22500000000000003,2,0,False,False
round39_small_hard_V10_M1_Q30_slot02_seed1721447042,development_context,stage1-atlas__round39_small_hard_V10_M1_Q30_slot02_seed1721447042__d1-violated,fixed-d1,violated,parent,L1,,0,0.22500000000000001,0.45000000000000001,4,violated,c6-overlay,exact-closure,0.67500000000000004,0.65221616426262996,0.65221616426262996,0.65221616426263007,"[0.22500000000000001,0.33750000000000002];[0.33750000000000002,0.45000000000000001]",0.011719226400024112,0.0058596132000120482,0.0058596132000120638,0.49999999999999933,0.096652509592154157,0.50000000000000067,0.0155383961929148,4.8728538838794684e-15,7.5716334237902823e-17,0,0.5,0.01,0.01,0,exact-closure,deterministic_bound_only_refinement_rule,L1|fixed-d1|violated|parent|c6-overlay|0.675000|0.652216|0.652216|0.000000|0.015538|0.000000,0.225,2,0,False,False
round39_small_hard_V10_M1_Q30_slot02_seed1721447042,development_context,stage1-atlas__round39_small_hard_V10_M1_Q30_slot02_seed1721447042__d1-violated,fixed-d1,violated,parent,L2,,0,0.45000000000000001,0.67500000000000004,4,violated,c6-overlay,split,0.92166302889168905,0.86888706559617757,0.86888706559617757,0.86888706559617734,"[0.45000000000000001,0.5625];[0.5625,0.67500000000000004]",0.0059373071207450383,0.0029686535603725139,0.0029686535603725243,0.49999999999999911,0.2500000000000005,0.50000000000000089,0.0078722116300237073,0,0,0,0.5,0.01,0.01,0,split,deterministic_bound_only_refinement_rule,L2|fixed-d1|violated|parent|c6-overlay|0.921663|0.868887|0.868887|0.000000|0.007872|0.000000,0.22500000000000003,2,0,False,False
round39_small_hard_V10_M1_Q30_slot02_seed1721447042,development_context,stage1-atlas__round39_small_hard_V10_M1_Q30_slot02_seed1721447042__d1-active-one,fixed-d1,active-one,parent,L1,,0,0.22500000000000001,0.45000000000000001,4,active-one,c6-overlay,exact-closure,0.67500000000000004,0.65221616426262996,0.65221616426262996,0.65221616426263007,"[0.22500000000000001,0.33750000000000002];[0.33750000000000002,0.45000000000000001]",0.011719226400024112,0.0058596132000120482,0.0058596132000120638,0.49999999999999933,0.096652509592154157,0.50000000000000067,0.0155383961929148,4.8728538838794684e-15,7.5716334237902823e-17,0,0.5,0.01,0.01,0,exact-closure,deterministic_bound_only_refinement_rule,L1|fixed-d1|active-one|parent|c6-overlay|0.675000|0.652216|0.652216|0.000000|0.015538|0.000000,0.225,2,0,False,False
round39_small_hard_V10_M1_Q30_slot02_seed1721447042,development_context,stage1-atlas__round39_small_hard_V10_M1_Q30_slot02_seed1721447042__d1-active-one,fixed-d1,active-one,parent,L2,,0,0.45000000000000001,0.67500000000000004,4,active-one,c6-overlay,split,0.92166302889168905,0.86888706559617757,0.86888706559617757,0.86888706559617734,"[0.45000000000000001,0.5625];[0.5625,0.67500000000000004]",0.0059373071207450383,0.0029686535603725139,0.0029686535603725243,0.49999999999999911,0.2500000000000005,0.50000000000000089,0.0078722116300237073,0,0,0,0.5,0.01,0.01,0,split,deterministic_bound_only_refinement_rule,L2|fixed-d1|active-one|parent|c6-overlay|0.921663|0.868887|0.868887|0.000000|0.007872|0.000000,0.22500000000000003,2,0,False,False
round39_small_hard_V10_M1_Q30_slot02_seed1721447042,development_context,stage1-atlas__round39_small_hard_V10_M1_Q30_slot02_seed1721447042__d2-none,fixed-d2,none,parent,L1,,0,0.22500000000000001,0.45000000000000001,4,none,c6-overlay,exact-closure,0.67500000000000004,0.65221616426262996,0.65221616426262996,0.65221616426263007,"[0.22500000000000001,0.28125];[0.28125,0.33750000000000002];[0.33750000000000002,0.39375000000000004];[0.39375000000000004,0.45000000000000001]",0.017578839600036141,0.013067001750030116,0.0045118378500060251,0.74333699193678582,0.074421371546342638,0.25666300806321418,0.01196439452205449,4.8728538838794684e-15,5.8300746315059461e-17,0,0.5,0.01,0.01,0,exact-closure,deterministic_bound_only_refinement_rule,L1|fixed-d2|none|parent|c6-overlay|0.675000|0.652216|0.652216|0.000000|0.011964|0.000000,0.225,3,0,False,False
round39_small_hard_V10_M1_Q30_slot02_seed1721447042,development_context,stage1-atlas__round39_small_hard_V10_M1_Q30_slot02_seed1721447042__d2-none,fixed-d2,none,parent,L2,,0,0.45000000000000001,0.67500000000000004,4,none,c6-overlay,split,0.92166302889168905,0.86888706559617757,0.86888706559617757,0.86888706559617734,"[0.45000000000000001,0.50624999999999998];[0.50624999999999998,0.5625];[0.5625,0.61875000000000002];[0.61875000000000002,0.67500000000000004]",0.0089059606811175574,0.0044529803405587709,0.0044529803405587865,0.49999999999999911,0.37500000000000072,0.50000000000000089,0.011808317445035561,0,0,0,0.5,0.01,0.01,0,split,deterministic_bound_only_refinement_rule,L2|fixed-d2|none|parent|c6-overlay|0.921663|0.868887|0.868887|0.000000|0.011808|0.000000,0.22500000000000003,2,0,False,False
round39_small_hard_V10_M1_Q30_slot02_seed1721447042,development_context,stage1-atlas__round39_small_hard_V10_M1_Q30_slot02_seed1721447042__d2-all,fixed-d2,all,parent,L1,,0,0.22500000000000001,0.45000000000000001,4,all,c6-overlay,exact-closure,0.67500000000000004,0.65221616426262996,0.65221616426262996,0.65221616426263007,"[0.22500000000000001,0.28125];[0.28125,0.33750000000000002];[0.33750000000000002,0.39375000000000004];[0.39375000000000004,0.45000000000000001]",0.017578839600036141,0.013067001750030116,0.0045118378500060251,0.74333699193678582,0.074421371546342638,0.25666300806321418,0.01196439452205449,4.8728538838794684e-15,5.8300746315059461e-17,0,0.5,0.01,0.01,3,exact-closure,deterministic_bound_only_refinement_rule,L1|fixed-d2|all|parent|c6-overlay|0.675000|0.652216|0.652216|0.000000|0.011964|0.000000,0.225,3,0,False,False
round39_small_hard_V10_M1_Q30_slot02_seed1721447042,development_context,stage1-atlas__round39_small_hard_V10_M1_Q30_slot02_seed1721447042__d2-all,fixed-d2,all,parent,L2,,0,0.45000000000000001,0.67500000000000004,4,all,c6-overlay,split,0.92166302889168905,0.86888706559617757,0.86888706559617734,0.86888706559617734,"[0.45000000000000001,0.50624999999999998];[0.50624999999999998,0.5625];[0.5625,0.61875000000000002];[0.61875000000000002,0.67500000000000004]",0.0089059606811175574,0.0044529803405587709,0.0044529803405587865,0.49999999999999911,0.37500000000000072,0.50000000000000089,0.011808317445035561,0,0,0,0.5,0.01,0.01,2,split,deterministic_bound_only_refinement_rule,L2|fixed-d2|all|parent|c6-overlay|0.921663|0.868887|0.868887|0.000000|0.011808|0.000000,0.22500000000000003,2,0,False,False
round39_small_hard_V10_M1_Q30_slot02_seed1721447042,development_context,stage1-atlas__round39_small_hard_V10_M1_Q30_slot02_seed1721447042__d2-violated,fixed-d2,violated,parent,L1,,0,0.22500000000000001,0.45000000000000001,4,violated,c6-overlay,exact-closure,0.67500000000000004,0.65221616426262996,0.65221616426262996,0.65221616426263007,"[0.22500000000000001,0.28125];[0.28125,0.33750000000000002];[0.33750000000000002,0.39375000000000004];[0.39375000000000004,0.45000000000000001]",0.017578839600036141,0.013067001750030116,0.0045118378500060251,0.74333699193678582,0.074421371546342638,0.25666300806321418,0.01196439452205449,4.8728538838794684e-15,5.8300746315059461e-17,0,0.5,0.01,0.01,0,exact-closure,deterministic_bound_only_refinement_rule,L1|fixed-d2|violated|parent|c6-overlay|0.675000|0.652216|0.652216|0.000000|0.011964|0.000000,0.225,3,0,False,False
round39_small_hard_V10_M1_Q30_slot02_seed1721447042,development_context,stage1-atlas__round39_small_hard_V10_M1_Q30_slot02_seed1721447042__d2-violated,fixed-d2,violated,parent,L2,,0,0.45000000000000001,0.67500000000000004,4,violated,c6-overlay,split,0.92166302889168905,0.86888706559617757,0.86888706559617757,0.86888706559617734,"[0.45000000000000001,0.50624999999999998];[0.50624999999999998,0.5625];[0.5625,0.61875000000000002];[0.61875000000000002,0.67500000000000004]",0.0089059606811175574,0.0044529803405587709,0.0044529803405587865,0.49999999999999911,0.37500000000000072,0.50000000000000089,0.011808317445035561,0,0,0,0.5,0.01,0.01,0,split,deterministic_bound_only_refinement_rule,L2|fixed-d2|violated|parent|c6-overlay|0.921663|0.868887|0.868887|0.000000|0.011808|0.000000,0.22500000000000003,2,0,False,False
round39_small_hard_V10_M1_Q30_slot02_seed1721447042,development_context,stage1-atlas__round39_small_hard_V10_M1_Q30_slot02_seed1721447042__d2-active-one,fixed-d2,active-one,parent,L1,,0,0.22500000000000001,0.45000000000000001,4,active-one,c6-overlay,exact-closure,0.67500000000000004,0.65221616426262996,0.65221616426262996,0.65221616426263007,"[0.22500000000000001,0.28125];[0.28125,0.33750000000000002];[0.33750000000000002,0.39375000000000004];[0.39375000000000004,0.45000000000000001]",0.017578839600036141,0.013067001750030116,0.0045118378500060251,0.74333699193678582,0.074421371546342638,0.25666300806321418,0.01196439452205449,4.8728538838794684e-15,5.8300746315059461e-17,0,0.5,0.01,0.01,0,exact-closure,deterministic_bound_only_refinement_rule,L1|fixed-d2|active-one|parent|c6-overlay|0.675000|0.652216|0.652216|0.000000|0.011964|0.000000,0.225,3,0,False,False
round39_small_hard_V10_M1_Q30_slot02_seed1721447042,development_context,stage1-atlas__round39_small_hard_V10_M1_Q30_slot02_seed1721447042__d2-active-one,fixed-d2,active-one,parent,L2,,0,0.45000000000000001,0.67500000000000004,4,active-one,c6-overlay,split,0.92166302889168905,0.86888706559617757,0.86888706559617757,0.86888706559617734,"[0.45000000000000001,0.50624999999999998];[0.50624999999999998,0.5625];[0.5625,0.61875000000000002];[0.61875000000000002,0.67500000000000004]",0.0089059606811175574,0.0044529803405587709,0.0044529803405587865,0.49999999999999911,0.37500000000000072,0.50000000000000089,0.011808317445035561,0,0,0,0.5,0.01,0.01,0,split,deterministic_bound_only_refinement_rule,L2|fixed-d2|active-one|parent|c6-overlay|0.921663|0.868887|0.868887|0.000000|0.011808|0.000000,0.22500000000000003,2,0,False,False
round39_small_hard_V10_M1_Q30_slot02_seed1721447042,development_context,stage1-atlas__round39_small_hard_V10_M1_Q30_slot02_seed1721447042__frontier-d2-none,frontier-d2,none,parent,L1,,0,0.22500000000000001,0.45000000000000001,4,none,c6-overlay,exact-closure,0.67500000000000004,0.65221616426262996,0.65221616426262996,0.65221616426263007,"[0.22500000000000001,0.28125];[0.28125,0.33750000000000002];[0.33750000000000002,0.45000000000000001]",0.01441477710003615,0.0087894198000181001,0.0056253573000180496,0.60975065649791127,0.09278853088769913,0.39024934350208873,0.014917201438177862,4.8728538838794684e-15,7.2689342964637383e-17,0,0.5,0.01,0.01,0,exact-closure,deterministic_bound_only_refinement_rule,L1|frontier-d2|none|parent|c6-overlay|0.675000|0.652216|0.652216|0.000000|0.014917|0.000000,0.225,2,0,False,False
round39_small_hard_V10_M1_Q30_slot02_seed1721447042,development_context,stage1-atlas__round39_small_hard_V10_M1_Q30_slot02_seed1721447042__frontier-d2-none,frontier-d2,none,parent,L2,,0,0.45000000000000001,0.67500000000000004,4,none,c6-overlay,split,0.92166302889168905,0.86888706559617757,0.86888706559617757,0.86888706559617734,"[0.45000000000000001,0.50624999999999998];[0.50624999999999998,0.5625];[0.5625,0.67500000000000004]",0.0089059606811175574,0.0044529803405587709,0.0044529803405587865,0.49999999999999911,0.37500000000000072,0.50000000000000089,0.011808317445035561,0,0,0,0.5,0.01,0.01,0,split,deterministic_bound_only_refinement_rule,L2|frontier-d2|none|parent|c6-overlay|0.921663|0.868887|0.868887|0.000000|0.011808|0.000000,0.22500000000000003,2,0,False,False
round39_small_hard_V10_M1_Q30_slot02_seed1721447042,development_context,stage1-atlas__round39_small_hard_V10_M1_Q30_slot02_seed1721447042__frontier-d2-all,frontier-d2,all,parent,L1,,0,0.22500000000000001,0.45000000000000001,4,all,c6-overlay,exact-closure,0.67500000000000004,0.65221616426262996,0.65221616426262996,0.65221616426263007,"[0.22500000000000001,0.28125];[0.28125,0.33750000000000002];[0.33750000000000002,0.45000000000000001]",0.01441477710003615,0.0087894198000181001,0.0056253573000180496,0.60975065649791127,0.09278853088769913,0.39024934350208873,0.014917201438177862,4.8728538838794684e-15,7.2689342964637383e-17,0,0.5,0.01,0.01,2,exact-closure,deterministic_bound_only_refinement_rule,L1|frontier-d2|all|parent|c6-overlay|0.675000|0.652216|0.652216|0.000000|0.014917|0.000000,0.225,2,0,False,False
round39_small_hard_V10_M1_Q30_slot02_seed1721447042,development_context,stage1-atlas__round39_small_hard_V10_M1_Q30_slot02_seed1721447042__frontier-d2-all,frontier-d2,all,parent,L2,,0,0.45000000000000001,0.67500000000000004,4,all,c6-overlay,split,0.92166302889168905,0.86888706559617757,0.86888706559617734,0.86888706559617734,"[0.45000000000000001,0.50624999999999998];[0.50624999999999998,0.5625];[0.5625,0.67500000000000004]",0.0089059606811175574,0.0044529803405587709,0.0044529803405587865,0.49999999999999911,0.37500000000000072,0.50000000000000089,0.011808317445035561,0,0,0,0.5,0.01,0.01,2,split,deterministic_bound_only_refinement_rule,L2|frontier-d2|all|parent|c6-overlay|0.921663|0.868887|0.868887|0.000000|0.011808|0.000000,0.22500000000000003,2,0,False,False
round39_small_hard_V10_M1_Q30_slot02_seed1721447042,development_context,stage1-atlas__round39_small_hard_V10_M1_Q30_slot02_seed1721447042__frontier-d2-violated,frontier-d2,violated,parent,L1,,0,0.22500000000000001,0.45000000000000001,4,violated,c6-overlay,exact-closure,0.67500000000000004,0.65221616426262996,0.65221616426262996,0.65221616426263007,"[0.22500000000000001,0.28125];[0.28125,0.33750000000000002];[0.33750000000000002,0.45000000000000001]",0.01441477710003615,0.0087894198000181001,0.0056253573000180496,0.60975065649791127,0.09278853088769913,0.39024934350208873,0.014917201438177862,4.8728538838794684e-15,7.2689342964637383e-17,0,0.5,0.01,0.01,0,exact-closure,deterministic_bound_only_refinement_rule,L1|frontier-d2|violated|parent|c6-overlay|0.675000|0.652216|0.652216|0.000000|0.014917|0.000000,0.225,2,0,False,False
round39_small_hard_V10_M1_Q30_slot02_seed1721447042,development_context,stage1-atlas__round39_small_hard_V10_M1_Q30_slot02_seed1721447042__frontier-d2-violated,frontier-d2,violated,parent,L2,,0,0.45000000000000001,0.67500000000000004,4,violated,c6-overlay,split,0.92166302889168905,0.86888706559617757,0.86888706559617757,0.86888706559617734,"[0.45000000000000001,0.50624999999999998];[0.50624999999999998,0.5625];[0.5625,0.67500000000000004]",0.0089059606811175574,0.0044529803405587709,0.0044529803405587865,0.49999999999999911,0.37500000000000072,0.50000000000000089,0.011808317445035561,0,0,0,0.5,0.01,0.01,0,split,deterministic_bound_only_refinement_rule,L2|frontier-d2|violated|parent|c6-overlay|0.921663|0.868887|0.868887|0.000000|0.011808|0.000000,0.22500000000000003,2,0,False,False
round39_small_hard_V10_M1_Q30_slot02_seed1721447042,development_context,stage1-atlas__round39_small_hard_V10_M1_Q30_slot02_seed1721447042__frontier-d2-active-one,frontier-d2,active-one,parent,L1,,0,0.22500000000000001,0.45000000000000001,4,active-one,c6-overlay,exact-closure,0.67500000000000004,0.65221616426262996,0.65221616426262996,0.65221616426263007,"[0.22500000000000001,0.28125];[0.28125,0.33750000000000002];[0.33750000000000002,0.45000000000000001]",0.01441477710003615,0.0087894198000181001,0.0056253573000180496,0.60975065649791127,0.09278853088769913,0.39024934350208873,0.014917201438177862,4.8728538838794684e-15,7.2689342964637383e-17,0,0.5,0.01,0.01,0,exact-closure,deterministic_bound_only_refinement_rule,L1|frontier-d2|active-one|parent|c6-overlay|0.675000|0.652216|0.652216|0.000000|0.014917|0.000000,0.225,2,0,False,False
round39_small_hard_V10_M1_Q30_slot02_seed1721447042,development_context,stage1-atlas__round39_small_hard_V10_M1_Q30_slot02_seed1721447042__frontier-d2-active-one,frontier-d2,active-one,parent,L2,,0,0.45000000000000001,0.67500000000000004,4,active-one,c6-overlay,split,0.92166302889168905,0.86888706559617757,0.86888706559617757,0.86888706559617734,"[0.45000000000000001,0.50624999999999998];[0.50624999999999998,0.5625];[0.5625,0.67500000000000004]",0.0089059606811175574,0.0044529803405587709,0.0044529803405587865,0.49999999999999911,0.37500000000000072,0.50000000000000089,0.011808317445035561,0,0,0,0.5,0.01,0.01,0,split,deterministic_bound_only_refinement_rule,L2|frontier-d2|active-one|parent|c6-overlay|0.921663|0.868887|0.868887|0.000000|0.011808|0.000000,0.22500000000000003,2,0,False,False
round39_small_hard_V10_M1_Q20_slot01_seed561355351,hard_p_grb_win_guard,stage1-atlas__round39_small_hard_V10_M1_Q20_slot01_seed561355351__d1-none,fixed-d1,none,parent,L1,,0,0.21462936533140137,0.42925873066280273,4,none,c6-overlay,split,0.64388809599420416,0.64085743536993733,0.64085743536993733,0.64382670792172925,"[0.21462936533140137,0.32194404799710208];[0.32194404799710208,0.42925873066280273]",0.0093449365705228927,0.0049911148269049521,0.0043538217436179406,0.53409830973584405,0.093197191697516293,0.46590169026415595,0.014175076707414802,0.97974432637446451,0.013887950980012477,0,0.5,0.01,0.01,0,split,deterministic_bound_only_refinement_rule,L1|fixed-d1|none|parent|c6-overlay|0.643888|0.640857|0.643827|0.979744|0.014175|0.013888,0.21462936533140137,2,1,True,True
round39_small_hard_V10_M1_Q20_slot01_seed561355351,hard_p_grb_win_guard,stage1-atlas__round39_small_hard_V10_M1_Q20_slot01_seed561355351__d1-none,fixed-d1,none,parent,L2,,0,0.42925873066280273,0.64388809599420416,4,none,c6-overlay,split,0.85851736132560552,0.83228260324293657,0.83228260324293657,0.83228260324293657,"[0.42925873066280273,0.53657341332850339];[0.53657341332850339,0.64388809599420416]",0.0028153854699213077,0.0014076927349606361,0.0014076927349606716,0.49999999999999367,0.25000000000000328,0.50000000000000633,0.0045831349268692263,0,0,0,0.5,0.01,0.01,0,split,deterministic_bound_only_refinement_rule,L2|fixed-d1|none|parent|c6-overlay|0.858517|0.832283|0.832283|0.000000|0.004583|0.000000,0.21462936533140142,2,0,False,False
round39_small_hard_V10_M1_Q20_slot01_seed561355351,hard_p_grb_win_guard,stage1-atlas__round39_small_hard_V10_M1_Q20_slot01_seed561355351__d1-all,fixed-d1,all,parent,L1,,0,0.21462936533140137,0.42925873066280273,4,all,c6-overlay,split,0.64388809599420416,0.64085743536993733,0.64382670792172936,0.64382670792172925,"[0.21462936533140137,0.32194404799710208];[0.32194404799710208,0.42925873066280273]",0.0093449365705228927,0.0049911148269049521,0.0043538217436179406,0.53409830973584405,0.093197191697516293,0.46590169026415595,0.014175076707414802,0,0,0,0.5,0.01,0.01,2,split,deterministic_bound_only_refinement_rule,L1|fixed-d1|all|parent|c6-overlay|0.643888|0.643827|0.643827|0.000000|0.014175|0.000000,0.21462936533140137,2,1,False,False
round39_small_hard_V10_M1_Q20_slot01_seed561355351,hard_p_grb_win_guard,stage1-atlas__round39_small_hard_V10_M1_Q20_slot01_seed561355351__d1-all,fixed-d1,all,parent,L2,,0,0.42925873066280273,0.64388809599420416,4,all,c6-overlay,split,0.85851736132560552,0.83228260324293657,0.83228260324293657,0.83228260324293657,"[0.42925873066280273,0.53657341332850339];[0.53657341332850339,0.64388809599420416]",0.0028153854699213077,0.0014076927349606361,0.0014076927349606716,0.49999999999999367,0.25000000000000328,0.50000000000000633,0.0045831349268692263,0,0,0,0.5,0.01,0.01,2,split,deterministic_bound_only_refinement_rule,L2|fixed-d1|all|parent|c6-overlay|0.858517|0.832283|0.832283|0.000000|0.004583|0.000000,0.21462936533140142,2,0,False,False
round39_small_hard_V10_M1_Q20_slot01_seed561355351,hard_p_grb_win_guard,stage1-atlas__round39_small_hard_V10_M1_Q20_slot01_seed561355351__d1-violated,fixed-d1,violated,parent,L1,,0,0.21462936533140137,0.42925873066280273,4,violated,c6-overlay,split,0.64388809599420416,0.64085743536993733,0.64382670792172891,0.64382670792172925,"[0.21462936533140137,0.32194404799710208];[0.32194404799710208,0.42925873066280273]",0.0093449365705228927,0.0049911148269049521,0.0043538217436179406,0.53409830973584405,0.093197191697516293,0.46590169026415595,0.014175076707414802,5.4255964384916189e-12,7.6908245699095253e-14,0,0.5,0.01,0.01,1,split,deterministic_bound_only_refinement_rule,L1|fixed-d1|violated|parent|c6-overlay|0.643888|0.643827|0.643827|0.000000|0.014175|0.000000,0.21462936533140137,2,1,False,False
round39_small_hard_V10_M1_Q20_slot01_seed561355351,hard_p_grb_win_guard,stage1-atlas__round39_small_hard_V10_M1_Q20_slot01_seed561355351__d1-violated,fixed-d1,violated,parent,L2,,0,0.42925873066280273,0.64388809599420416,4,violated,c6-overlay,split,0.85851736132560552,0.83228260324293657,0.83228260324293657,0.83228260324293657,"[0.42925873066280273,0.53657341332850339];[0.53657341332850339,0.64388809599420416]",0.0028153854699213077,0.0014076927349606361,0.0014076927349606716,0.49999999999999367,0.25000000000000328,0.50000000000000633,0.0045831349268692263,0,0,0,0.5,0.01,0.01,0,split,deterministic_bound_only_refinement_rule,L2|fixed-d1|violated|parent|c6-overlay|0.858517|0.832283|0.832283|0.000000|0.004583|0.000000,0.21462936533140142,2,0,False,False
round39_small_hard_V10_M1_Q20_slot01_seed561355351,hard_p_grb_win_guard,stage1-atlas__round39_small_hard_V10_M1_Q20_slot01_seed561355351__d1-active-one,fixed-d1,active-one,parent,L1,,0,0.21462936533140137,0.42925873066280273,4,active-one,c6-overlay,split,0.64388809599420416,0.64085743536993733,0.64382670792172891,0.64382670792172925,"[0.21462936533140137,0.32194404799710208];[0.32194404799710208,0.42925873066280273]",0.0093449365705228927,0.0049911148269049521,0.0043538217436179406,0.53409830973584405,0.093197191697516293,0.46590169026415595,0.014175076707414802,5.4255964384916189e-12,7.6908245699095253e-14,0,0.5,0.01,0.01,1,split,deterministic_bound_only_refinement_rule,L1|fixed-d1|active-one|parent|c6-overlay|0.643888|0.643827|0.643827|0.000000|0.014175|0.000000,0.21462936533140137,2,1,False,False
round39_small_hard_V10_M1_Q20_slot01_seed561355351,hard_p_grb_win_guard,stage1-atlas__round39_small_hard_V10_M1_Q20_slot01_seed561355351__d1-active-one,fixed-d1,active-one,parent,L2,,0,0.42925873066280273,0.64388809599420416,4,active-one,c6-overlay,split,0.85851736132560552,0.83228260324293657,0.83228260324293657,0.83228260324293657,"[0.42925873066280273,0.53657341332850339];[0.53657341332850339,0.64388809599420416]",0.0028153854699213077,0.0014076927349606361,0.0014076927349606716,0.49999999999999367,0.25000000000000328,0.50000000000000633,0.0045831349268692263,0,0,0,0.5,0.01,0.01,0,split,deterministic_bound_only_refinement_rule,L2|fixed-d1|active-one|parent|c6-overlay|0.858517|0.832283|0.832283|0.000000|0.004583|0.000000,0.21462936533140142,2,0,False,False
round39_small_hard_V10_M1_Q20_slot01_seed561355351,hard_p_grb_win_guard,stage1-atlas__round39_small_hard_V10_M1_Q20_slot01_seed561355351__d2-none,fixed-d2,none,parent,L1,,0,0.21462936533140137,0.42925873066280273,4,none,c6-overlay,split,0.64388809599420416,0.64085743536993733,0.64085743536993733,0.65373286762717797,"[0.21462936533140137,0.2682867066642517];[0.2682867066642517,0.32194404799710208];[0.32194404799710208,0.37560138932995241];[0.37560138932995241,0.42925873066280273]",0.014463898210338274,0.011113201295380792,0.0033506969149574815,0.76834067370838355,0.071724466708201512,0.23165932629161645,0.010909125037662169,1,0.010909125037662169,1,0.5,0.01,0.01,0,split,deterministic_bound_only_refinement_rule,L1|fixed-d2|none|parent|c6-overlay|0.643888|0.640857|0.653733|1.000000|0.010909|0.010909,0.21462936533140137,4,1,True,True
round39_small_hard_V10_M1_Q20_slot01_seed561355351,hard_p_grb_win_guard,stage1-atlas__round39_small_hard_V10_M1_Q20_slot01_seed561355351__d2-none,fixed-d2,none,parent,L2,,0,0.42925873066280273,0.64388809599420416,4,none,c6-overlay,split,0.85851736132560552,0.83228260324293657,0.83228260324293657,0.83228260324293657,"[0.42925873066280273,0.48291607199565306];[0.48291607199565306,0.53657341332850339];[0.53657341332850339,0.59023075466135377];[0.59023075466135377,0.64388809599420416]",0.0042230782048819603,0.002111539102440968,0.0021115391024409923,0.49999999999999711,0.37500000000000222,0.50000000000000289,0.0068747023903037892,0,0,0,0.5,0.01,0.01,0,split,deterministic_bound_only_refinement_rule,L2|fixed-d2|none|parent|c6-overlay|0.858517|0.832283|0.832283|0.000000|0.006875|0.000000,0.21462936533140142,2,0,False,False
round39_small_hard_V10_M1_Q20_slot01_seed561355351,hard_p_grb_win_guard,stage1-atlas__round39_small_hard_V10_M1_Q20_slot01_seed561355351__d2-all,fixed-d2,all,parent,L1,,0,0.21462936533140137,0.42925873066280273,4,all,c6-overlay,split,0.64388809599420416,0.64085743536993733,0.65373286762717775,0.65373286762717797,"[0.21462936533140137,0.2682867066642517];[0.2682867066642517,0.32194404799710208];[0.32194404799710208,0.37560138932995241];[0.37560138932995241,0.42925873066280273]",0.014463898210338274,0.011113201295380792,0.0033506969149574815,0.76834067370838355,0.071724466708201512,0.23165932629161645,0.010909125037662169,0,0,0,0.5,0.01,0.01,4,split,deterministic_bound_only_refinement_rule,L1|fixed-d2|all|parent|c6-overlay|0.643888|0.653733|0.653733|0.000000|0.010909|0.000000,0.21462936533140137,4,1,False,False
round39_small_hard_V10_M1_Q20_slot01_seed561355351,hard_p_grb_win_guard,stage1-atlas__round39_small_hard_V10_M1_Q20_slot01_seed561355351__d2-all,fixed-d2,all,parent,L2,,0,0.42925873066280273,0.64388809599420416,4,all,c6-overlay,split,0.85851736132560552,0.83228260324293657,0.83228260324293657,0.83228260324293657,"[0.42925873066280273,0.48291607199565306];[0.48291607199565306,0.53657341332850339];[0.53657341332850339,0.59023075466135377];[0.59023075466135377,0.64388809599420416]",0.0042230782048819603,0.002111539102440968,0.0021115391024409923,0.49999999999999711,0.37500000000000222,0.50000000000000289,0.0068747023903037892,0,0,0,0.5,0.01,0.01,2,split,deterministic_bound_only_refinement_rule,L2|fixed-d2|all|parent|c6-overlay|0.858517|0.832283|0.832283|0.000000|0.006875|0.000000,0.21462936533140142,2,0,False,False
round39_small_hard_V10_M1_Q20_slot01_seed561355351,hard_p_grb_win_guard,stage1-atlas__round39_small_hard_V10_M1_Q20_slot01_seed561355351__d2-violated,fixed-d2,violated,parent,L1,,0,0.21462936533140137,0.42925873066280273,4,violated,c6-overlay,split,0.64388809599420416,0.64085743536993733,0.65373286762717797,0.65373286762717797,"[0.21462936533140137,0.2682867066642517];[0.2682867066642517,0.32194404799710208];[0.32194404799710208,0.37560138932995241];[0.37560138932995241,0.42925873066280273]",0.014463898210338274,0.011113201295380792,0.0033506969149574815,0.76834067370838355,0.071724466708201512,0.23165932629161645,0.010909125037662169,0,0,0,0.5,0.01,0.01,1,split,deterministic_bound_only_refinement_rule,L1|fixed-d2|violated|parent|c6-overlay|0.643888|0.653733|0.653733|0.000000|0.010909|0.000000,0.21462936533140137,4,1,False,False
round39_small_hard_V10_M1_Q20_slot01_seed561355351,hard_p_grb_win_guard,stage1-atlas__round39_small_hard_V10_M1_Q20_slot01_seed561355351__d2-violated,fixed-d2,violated,parent,L2,,0,0.42925873066280273,0.64388809599420416,4,violated,c6-overlay,split,0.85851736132560552,0.83228260324293657,0.83228260324293657,0.83228260324293657,"[0.42925873066280273,0.48291607199565306];[0.48291607199565306,0.53657341332850339];[0.53657341332850339,0.59023075466135377];[0.59023075466135377,0.64388809599420416]",0.0042230782048819603,0.002111539102440968,0.0021115391024409923,0.49999999999999711,0.37500000000000222,0.50000000000000289,0.0068747023903037892,0,0,0,0.5,0.01,0.01,0,split,deterministic_bound_only_refinement_rule,L2|fixed-d2|violated|parent|c6-overlay|0.858517|0.832283|0.832283|0.000000|0.006875|0.000000,0.21462936533140142,2,0,False,False
round39_small_hard_V10_M1_Q20_slot01_seed561355351,hard_p_grb_win_guard,stage1-atlas__round39_small_hard_V10_M1_Q20_slot01_seed561355351__d2-active-one,fixed-d2,active-one,parent,L1,,0,0.21462936533140137,0.42925873066280273,4,active-one,c6-overlay,split,0.64388809599420416,0.64085743536993733,0.65373286762717797,0.65373286762717797,"[0.21462936533140137,0.2682867066642517];[0.2682867066642517,0.32194404799710208];[0.32194404799710208,0.37560138932995241];[0.37560138932995241,0.42925873066280273]",0.014463898210338274,0.011113201295380792,0.0033506969149574815,0.76834067370838355,0.071724466708201512,0.23165932629161645,0.010909125037662169,0,0,0,0.5,0.01,0.01,1,split,deterministic_bound_only_refinement_rule,L1|fixed-d2|active-one|parent|c6-overlay|0.643888|0.653733|0.653733|0.000000|0.010909|0.000000,0.21462936533140137,4,1,False,False
round39_small_hard_V10_M1_Q20_slot01_seed561355351,hard_p_grb_win_guard,stage1-atlas__round39_small_hard_V10_M1_Q20_slot01_seed561355351__d2-active-one,fixed-d2,active-one,parent,L2,,0,0.42925873066280273,0.64388809599420416,4,active-one,c6-overlay,split,0.85851736132560552,0.83228260324293657,0.83228260324293657,0.83228260324293657,"[0.42925873066280273,0.48291607199565306];[0.48291607199565306,0.53657341332850339];[0.53657341332850339,0.59023075466135377];[0.59023075466135377,0.64388809599420416]",0.0042230782048819603,0.002111539102440968,0.0021115391024409923,0.49999999999999711,0.37500000000000222,0.50000000000000289,0.0068747023903037892,0,0,0,0.5,0.01,0.01,0,split,deterministic_bound_only_refinement_rule,L2|fixed-d2|active-one|parent|c6-overlay|0.858517|0.832283|0.832283|0.000000|0.006875|0.000000,0.21462936533140142,2,0,False,False
round39_small_hard_V10_M1_Q20_slot01_seed561355351,hard_p_grb_win_guard,stage1-atlas__round39_small_hard_V10_M1_Q20_slot01_seed561355351__frontier-d2-none,frontier-d2,none,parent,L1,,0,0.21462936533140137,0.42925873066280273,4,none,c6-overlay,split,0.64388809599420416,0.64085743536993733,0.64085743536993733,0.65373286762717797,"[0.21462936533140137,0.2682867066642517];[0.2682867066642517,0.32194404799710208];[0.32194404799710208,0.42925873066280273]",0.011584787931428281,0.008350891868263044,0.0032338960631652369,0.72084978315468118,0.06922424689767033,0.27915021684531882,0.010528847403173938,1,0.010528847403173938,1,0.5,0.01,0.01,0,split,deterministic_bound_only_refinement_rule,L1|frontier-d2|none|parent|c6-overlay|0.643888|0.640857|0.653733|1.000000|0.010529|0.010529,0.21462936533140137,3,1,True,True
round39_small_hard_V10_M1_Q20_slot01_seed561355351,hard_p_grb_win_guard,stage1-atlas__round39_small_hard_V10_M1_Q20_slot01_seed561355351__frontier-d2-none,frontier-d2,none,parent,L2,,0,0.42925873066280273,0.64388809599420416,4,none,c6-overlay,split,0.85851736132560552,0.83228260324293657,0.83228260324293657,0.83228260324293657,"[0.42925873066280273,0.48291607199565306];[0.48291607199565306,0.53657341332850339];[0.53657341332850339,0.64388809599420416]",0.0042230782048819603,0.002111539102440968,0.0021115391024409923,0.49999999999999711,0.37500000000000222,0.50000000000000289,0.0068747023903037892,0,0,0,0.5,0.01,0.01,0,split,deterministic_bound_only_refinement_rule,L2|frontier-d2|none|parent|c6-overlay|0.858517|0.832283|0.832283|0.000000|0.006875|0.000000,0.21462936533140142,2,0,False,False
round39_small_hard_V10_M1_Q20_slot01_seed561355351,hard_p_grb_win_guard,stage1-atlas__round39_small_hard_V10_M1_Q20_slot01_seed561355351__frontier-d2-all,frontier-d2,all,parent,L1,,0,0.21462936533140137,0.42925873066280273,4,all,c6-overlay,split,0.64388809599420416,0.64085743536993733,0.65373286762717797,0.65373286762717797,"[0.21462936533140137,0.2682867066642517];[0.2682867066642517,0.32194404799710208];[0.32194404799710208,0.42925873066280273]",0.011584787931428281,0.008350891868263044,0.0032338960631652369,0.72084978315468118,0.06922424689767033,0.27915021684531882,0.010528847403173938,0,0,0,0.5,0.01,0.01,3,split,deterministic_bound_only_refinement_rule,L1|frontier-d2|all|parent|c6-overlay|0.643888|0.653733|0.653733|0.000000|0.010529|0.000000,0.21462936533140137,3,1,False,False
round39_small_hard_V10_M1_Q20_slot01_seed561355351,hard_p_grb_win_guard,stage1-atlas__round39_small_hard_V10_M1_Q20_slot01_seed561355351__frontier-d2-all,frontier-d2,all,parent,L2,,0,0.42925873066280273,0.64388809599420416,4,all,c6-overlay,split,0.85851736132560552,0.83228260324293657,0.83228260324293657,0.83228260324293657,"[0.42925873066280273,0.48291607199565306];[0.48291607199565306,0.53657341332850339];[0.53657341332850339,0.64388809599420416]",0.0042230782048819603,0.002111539102440968,0.0021115391024409923,0.49999999999999711,0.37500000000000222,0.50000000000000289,0.0068747023903037892,0,0,0,0.5,0.01,0.01,2,split,deterministic_bound_only_refinement_rule,L2|frontier-d2|all|parent|c6-overlay|0.858517|0.832283|0.832283|0.000000|0.006875|0.000000,0.21462936533140142,2,0,False,False
round39_small_hard_V10_M1_Q20_slot01_seed561355351,hard_p_grb_win_guard,stage1-atlas__round39_small_hard_V10_M1_Q20_slot01_seed561355351__frontier-d2-violated,frontier-d2,violated,parent,L1,,0,0.21462936533140137,0.42925873066280273,4,violated,c6-overlay,split,0.64388809599420416,0.64085743536993733,0.65373286762717797,0.65373286762717797,"[0.21462936533140137,0.2682867066642517];[0.2682867066642517,0.32194404799710208];[0.32194404799710208,0.42925873066280273]",0.011584787931428281,0.008350891868263044,0.0032338960631652369,0.72084978315468118,0.06922424689767033,0.27915021684531882,0.010528847403173938,0,0,0,0.5,0.01,0.01,1,split,deterministic_bound_only_refinement_rule,L1|frontier-d2|violated|parent|c6-overlay|0.643888|0.653733|0.653733|0.000000|0.010529|0.000000,0.21462936533140137,3,1,False,False
round39_small_hard_V10_M1_Q20_slot01_seed561355351,hard_p_grb_win_guard,stage1-atlas__round39_small_hard_V10_M1_Q20_slot01_seed561355351__frontier-d2-violated,frontier-d2,violated,parent,L2,,0,0.42925873066280273,0.64388809599420416,4,violated,c6-overlay,split,0.85851736132560552,0.83228260324293657,0.83228260324293657,0.83228260324293657,"[0.42925873066280273,0.48291607199565306];[0.48291607199565306,0.53657341332850339];[0.53657341332850339,0.64388809599420416]",0.0042230782048819603,0.002111539102440968,0.0021115391024409923,0.49999999999999711,0.37500000000000222,0.50000000000000289,0.0068747023903037892,0,0,0,0.5,0.01,0.01,0,split,deterministic_bound_only_refinement_rule,L2|frontier-d2|violated|parent|c6-overlay|0.858517|0.832283|0.832283|0.000000|0.006875|0.000000,0.21462936533140142,2,0,False,False
round39_small_hard_V10_M1_Q20_slot01_seed561355351,hard_p_grb_win_guard,stage1-atlas__round39_small_hard_V10_M1_Q20_slot01_seed561355351__frontier-d2-active-one,frontier-d2,active-one,parent,L1,,0,0.21462936533140137,0.42925873066280273,4,active-one,c6-overlay,split,0.64388809599420416,0.64085743536993733,0.65373286762717797,0.65373286762717797,"[0.21462936533140137,0.2682867066642517];[0.2682867066642517,0.32194404799710208];[0.32194404799710208,0.42925873066280273]",0.011584787931428281,0.008350891868263044,0.0032338960631652369,0.72084978315468118,0.06922424689767033,0.27915021684531882,0.010528847403173938,0,0,0,0.5,0.01,0.01,1,split,deterministic_bound_only_refinement_rule,L1|frontier-d2|active-one|parent|c6-overlay|0.643888|0.653733|0.653733|0.000000|0.010529|0.000000,0.21462936533140137,3,1,False,False
round39_small_hard_V10_M1_Q20_slot01_seed561355351,hard_p_grb_win_guard,stage1-atlas__round39_small_hard_V10_M1_Q20_slot01_seed561355351__frontier-d2-active-one,frontier-d2,active-one,parent,L2,,0,0.42925873066280273,0.64388809599420416,4,active-one,c6-overlay,split,0.85851736132560552,0.83228260324293657,0.83228260324293657,0.83228260324293657,"[0.42925873066280273,0.48291607199565306];[0.48291607199565306,0.53657341332850339];[0.53657341332850339,0.64388809599420416]",0.0042230782048819603,0.002111539102440968,0.0021115391024409923,0.49999999999999711,0.37500000000000222,0.50000000000000289,0.0068747023903037892,0,0,0,0.5,0.01,0.01,0,split,deterministic_bound_only_refinement_rule,L2|frontier-d2|active-one|parent|c6-overlay|0.858517|0.832283|0.832283|0.000000|0.006875|0.000000,0.21462936533140142,2,0,False,False
round39_small_hard_V12_M3_Q20_slot07_seed621538683,numerical_fail_closed_endpoint,stage1-atlas__round39_small_hard_V12_M3_Q20_slot07_seed621538683__d1-none,fixed-d1,none,parent,L0,,0,0,0.16177910836387552,4,none,c6-overlay,exact-closure,0.16177910836387552,0.051828010205628217,0.051828010205628217,0.051828010205628182,"[0,0.080889554181937759];[0.080889554181937759,0.16177910836387552]",0.005767257371107678,0.0028836286855538403,0.0028836286855538377,0.50000000000000022,0.02994259684122947,0.49999999999999978,0.0074856492103073675,0,0,0,0.5,0.01,0.01,0,exact-closure,deterministic_bound_only_refinement_rule,L0|fixed-d1|none|parent|c6-overlay|0.161779|0.051828|0.051828|0.000000|0.007486|0.000000,0.16177910836387552,2,0,False,False
round39_small_hard_V12_M3_Q20_slot07_seed621538683,numerical_fail_closed_endpoint,stage1-atlas__round39_small_hard_V12_M3_Q20_slot07_seed621538683__d1-none,fixed-d1,none,parent,L1,,0,0.16177910836387552,0.32355821672775104,4,none,c6-overlay,exact-closure,0.32355821672775104,0.20401548943405479,0.20401548943405479,0.20401548943405462,"[0.16177910836387552,0.24266866254581326];[0.24266866254581326,0.32355821672775104]",0.0065431199757526332,0.0032715599878763157,0.0032715599878763175,0.49999999999999989,0.045638333247391125,0.50000000000000011,0.0084926851235758074,0,0,0,0.5,0.01,0.01,0,exact-closure,deterministic_bound_only_refinement_rule,L1|fixed-d1|none|parent|c6-overlay|0.323558|0.204015|0.204015|0.000000|0.008493|0.000000,0.16177910836387552,2,0,False,False
round39_small_hard_V12_M3_Q20_slot07_seed621538683,numerical_fail_closed_endpoint,stage1-atlas__round39_small_hard_V12_M3_Q20_slot07_seed621538683__d1-none,fixed-d1,none,parent,L2,,0,0.32355821672775104,0.48533732509162653,4,none,c6-overlay,exact-closure,0.48533732509162653,0.36579459779793011,0.36579459779793011,0.36579459779793017,"[0.32355821672775104,0.40444777090968875];[0.40444777090968875,0.48533732509162653]",0.0065431199757526462,0.0032715599878763227,0.0032715599878763236,0.49999999999999994,0.07188346577582895,0.50000000000000011,0.008492685123575823,4.643624291327757e-16,3.9436838938434565e-18,0,0.5,0.01,0.01,0,exact-closure,deterministic_bound_only_refinement_rule,L2|fixed-d1|none|parent|c6-overlay|0.485337|0.365795|0.365795|0.000000|0.008493|0.000000,0.1617791083638755,2,0,False,False
round39_small_hard_V12_M3_Q20_slot07_seed621538683,numerical_fail_closed_endpoint,stage1-atlas__round39_small_hard_V12_M3_Q20_slot07_seed621538683__d1-none,fixed-d1,none,parent,L3,,0,0.48533732509162653,0.64711643345550207,4,none,c6-overlay,exact-closure,0.64711633345550212,0.52757370616180554,0.52757370616180554,0.52757370616180554,"[0.48533732509162653,0.5662268792735643];[0.5662268792735643,0.64711643345550207]",0.0065431199757526644,0.0032715599878763296,0.0032715599878763348,0.49999999999999961,0.16916452387606551,0.50000000000000044,0.0084926851235758525,0,0,0,0.5,0.01,0.01,0,exact-closure,deterministic_bound_only_refinement_rule,L3|fixed-d1|none|parent|c6-overlay|0.647116|0.527574|0.527574|0.000000|0.008493|0.000000,0.16177910836387555,2,0,False,False
round39_small_hard_V12_M3_Q20_slot07_seed621538683,numerical_fail_closed_endpoint,stage1-atlas__round39_small_hard_V12_M3_Q20_slot07_seed621538683__d1-all,fixed-d1,all,parent,L0,,0,0,0.16177910836387552,4,all,c6-overlay,exact-closure,0.16177910836387552,0.051828010205628217,0.05182801020562821,0.051828010205628182,"[0,0.080889554181937759];[0.080889554181937759,0.16177910836387552]",0.005767257371107678,0.0028836286855538403,0.0028836286855538377,0.50000000000000022,0.02994259684122947,0.49999999999999978,0.0074856492103073675,0,0,0,0.5,0.01,0.01,2,exact-closure,deterministic_bound_only_refinement_rule,L0|fixed-d1|all|parent|c6-overlay|0.161779|0.051828|0.051828|0.000000|0.007486|0.000000,0.16177910836387552,2,0,False,False
round39_small_hard_V12_M3_Q20_slot07_seed621538683,numerical_fail_closed_endpoint,stage1-atlas__round39_small_hard_V12_M3_Q20_slot07_seed621538683__d1-all,fixed-d1,all,parent,L1,,0,0.16177910836387552,0.32355821672775104,4,all,c6-overlay,exact-closure,0.32355821672775104,0.20401548943405479,0.20401548943405479,0.20401548943405462,"[0.16177910836387552,0.24266866254581326];[0.24266866254581326,0.32355821672775104]",0.0065431199757526332,0.0032715599878763157,0.0032715599878763175,0.49999999999999989,0.045638333247391125,0.50000000000000011,0.0084926851235758074,0,0,0,0.5,0.01,0.01,2,exact-closure,deterministic_bound_only_refinement_rule,L1|fixed-d1|all|parent|c6-overlay|0.323558|0.204015|0.204015|0.000000|0.008493|0.000000,0.16177910836387552,2,0,False,False
round39_small_hard_V12_M3_Q20_slot07_seed621538683,numerical_fail_closed_endpoint,stage1-atlas__round39_small_hard_V12_M3_Q20_slot07_seed621538683__d1-all,fixed-d1,all,parent,L2,,0,0.32355821672775104,0.48533732509162653,4,all,c6-overlay,exact-closure,0.48533732509162653,0.36579459779793011,0.36579459779793011,0.36579459779793017,"[0.32355821672775104,0.40444777090968875];[0.40444777090968875,0.48533732509162653]",0.0065431199757526462,0.0032715599878763227,0.0032715599878763236,0.49999999999999994,0.07188346577582895,0.50000000000000011,0.008492685123575823,4.643624291327757e-16,3.9436838938434565e-18,0,0.5,0.01,0.01,2,exact-closure,deterministic_bound_only_refinement_rule,L2|fixed-d1|all|parent|c6-overlay|0.485337|0.365795|0.365795|0.000000|0.008493|0.000000,0.1617791083638755,2,0,False,False
round39_small_hard_V12_M3_Q20_slot07_seed621538683,numerical_fail_closed_endpoint,stage1-atlas__round39_small_hard_V12_M3_Q20_slot07_seed621538683__d1-all,fixed-d1,all,parent,L3,,0,0.48533732509162653,0.64711643345550207,4,all,c6-overlay,exact-closure,0.64711633345550212,0.52757370616180554,0.52757370616180554,0.52757370616180554,"[0.48533732509162653,0.5662268792735643];[0.5662268792735643,0.64711643345550207]",0.0065431199757526644,0.0032715599878763296,0.0032715599878763348,0.49999999999999961,0.16916452387606551,0.50000000000000044,0.0084926851235758525,0,0,0,0.5,0.01,0.01,2,exact-closure,deterministic_bound_only_refinement_rule,L3|fixed-d1|all|parent|c6-overlay|0.647116|0.527574|0.527574|0.000000|0.008493|0.000000,0.16177910836387555,2,0,False,False
round39_small_hard_V12_M3_Q20_slot07_seed621538683,numerical_fail_closed_endpoint,stage1-atlas__round39_small_hard_V12_M3_Q20_slot07_seed621538683__d1-violated,fixed-d1,violated,parent,L0,,0,0,0.16177910836387552,4,violated,c6-overlay,exact-closure,0.16177910836387552,0.051828010205628217,0.051828010205628217,0.051828010205628182,"[0,0.080889554181937759];[0.080889554181937759,0.16177910836387552]",0.005767257371107678,0.0028836286855538403,0.0028836286855538377,0.50000000000000022,0.02994259684122947,0.49999999999999978,0.0074856492103073675,0,0,0,0.5,0.01,0.01,0,exact-closure,deterministic_bound_only_refinement_rule,L0|fixed-d1|violated|parent|c6-overlay|0.161779|0.051828|0.051828|0.000000|0.007486|0.000000,0.16177910836387552,2,0,False,False
round39_small_hard_V12_M3_Q20_slot07_seed621538683,numerical_fail_closed_endpoint,stage1-atlas__round39_small_hard_V12_M3_Q20_slot07_seed621538683__d1-violated,fixed-d1,violated,parent,L1,,0,0.16177910836387552,0.32355821672775104,4,violated,c6-overlay,exact-closure,0.32355821672775104,0.20401548943405479,0.20401548943405479,0.20401548943405462,"[0.16177910836387552,0.24266866254581326];[0.24266866254581326,0.32355821672775104]",0.0065431199757526332,0.0032715599878763157,0.0032715599878763175,0.49999999999999989,0.045638333247391125,0.50000000000000011,0.0084926851235758074,0,0,0,0.5,0.01,0.01,0,exact-closure,deterministic_bound_only_refinement_rule,L1|fixed-d1|violated|parent|c6-overlay|0.323558|0.204015|0.204015|0.000000|0.008493|0.000000,0.16177910836387552,2,0,False,False
round39_small_hard_V12_M3_Q20_slot07_seed621538683,numerical_fail_closed_endpoint,stage1-atlas__round39_small_hard_V12_M3_Q20_slot07_seed621538683__d1-violated,fixed-d1,violated,parent,L2,,0,0.32355821672775104,0.48533732509162653,4,violated,c6-overlay,exact-closure,0.48533732509162653,0.36579459779793011,0.36579459779793011,0.36579459779793017,"[0.32355821672775104,0.40444777090968875];[0.40444777090968875,0.48533732509162653]",0.0065431199757526462,0.0032715599878763227,0.0032715599878763236,0.49999999999999994,0.07188346577582895,0.50000000000000011,0.008492685123575823,4.643624291327757e-16,3.9436838938434565e-18,0,0.5,0.01,0.01,0,exact-closure,deterministic_bound_only_refinement_rule,L2|fixed-d1|violated|parent|c6-overlay|0.485337|0.365795|0.365795|0.000000|0.008493|0.000000,0.1617791083638755,2,0,False,False
round39_small_hard_V12_M3_Q20_slot07_seed621538683,numerical_fail_closed_endpoint,stage1-atlas__round39_small_hard_V12_M3_Q20_slot07_seed621538683__d1-violated,fixed-d1,violated,parent,L3,,0,0.48533732509162653,0.64711643345550207,4,violated,c6-overlay,exact-closure,0.64711633345550212,0.52757370616180554,0.52757370616180554,0.52757370616180554,"[0.48533732509162653,0.5662268792735643];[0.5662268792735643,0.64711643345550207]",0.0065431199757526644,0.0032715599878763296,0.0032715599878763348,0.49999999999999961,0.16916452387606551,0.50000000000000044,0.0084926851235758525,0,0,0,0.5,0.01,0.01,0,exact-closure,deterministic_bound_only_refinement_rule,L3|fixed-d1|violated|parent|c6-overlay|0.647116|0.527574|0.527574|0.000000|0.008493|0.000000,0.16177910836387555,2,0,False,False
round39_small_hard_V12_M3_Q20_slot07_seed621538683,numerical_fail_closed_endpoint,stage1-atlas__round39_small_hard_V12_M3_Q20_slot07_seed621538683__d1-active-one,fixed-d1,active-one,parent,L0,,0,0,0.16177910836387552,4,active-one,c6-overlay,exact-closure,0.16177910836387552,0.051828010205628217,0.051828010205628217,0.051828010205628182,"[0,0.080889554181937759];[0.080889554181937759,0.16177910836387552]",0.005767257371107678,0.0028836286855538403,0.0028836286855538377,0.50000000000000022,0.02994259684122947,0.49999999999999978,0.0074856492103073675,0,0,0,0.5,0.01,0.01,0,exact-closure,deterministic_bound_only_refinement_rule,L0|fixed-d1|active-one|parent|c6-overlay|0.161779|0.051828|0.051828|0.000000|0.007486|0.000000,0.16177910836387552,2,0,False,False
round39_small_hard_V12_M3_Q20_slot07_seed621538683,numerical_fail_closed_endpoint,stage1-atlas__round39_small_hard_V12_M3_Q20_slot07_seed621538683__d1-active-one,fixed-d1,active-one,parent,L1,,0,0.16177910836387552,0.32355821672775104,4,active-one,c6-overlay,exact-closure,0.32355821672775104,0.20401548943405479,0.20401548943405479,0.20401548943405462,"[0.16177910836387552,0.24266866254581326];[0.24266866254581326,0.32355821672775104]",0.0065431199757526332,0.0032715599878763157,0.0032715599878763175,0.49999999999999989,0.045638333247391125,0.50000000000000011,0.0084926851235758074,0,0,0,0.5,0.01,0.01,0,exact-closure,deterministic_bound_only_refinement_rule,L1|fixed-d1|active-one|parent|c6-overlay|0.323558|0.204015|0.204015|0.000000|0.008493|0.000000,0.16177910836387552,2,0,False,False
round39_small_hard_V12_M3_Q20_slot07_seed621538683,numerical_fail_closed_endpoint,stage1-atlas__round39_small_hard_V12_M3_Q20_slot07_seed621538683__d1-active-one,fixed-d1,active-one,parent,L2,,0,0.32355821672775104,0.48533732509162653,4,active-one,c6-overlay,exact-closure,0.48533732509162653,0.36579459779793011,0.36579459779793011,0.36579459779793017,"[0.32355821672775104,0.40444777090968875];[0.40444777090968875,0.48533732509162653]",0.0065431199757526462,0.0032715599878763227,0.0032715599878763236,0.49999999999999994,0.07188346577582895,0.50000000000000011,0.008492685123575823,4.643624291327757e-16,3.9436838938434565e-18,0,0.5,0.01,0.01,0,exact-closure,deterministic_bound_only_refinement_rule,L2|fixed-d1|active-one|parent|c6-overlay|0.485337|0.365795|0.365795|0.000000|0.008493|0.000000,0.1617791083638755,2,0,False,False
round39_small_hard_V12_M3_Q20_slot07_seed621538683,numerical_fail_closed_endpoint,stage1-atlas__round39_small_hard_V12_M3_Q20_slot07_seed621538683__d1-active-one,fixed-d1,active-one,parent,L3,,0,0.48533732509162653,0.64711643345550207,4,active-one,c6-overlay,exact-closure,0.64711633345550212,0.52757370616180554,0.52757370616180554,0.52757370616180554,"[0.48533732509162653,0.5662268792735643];[0.5662268792735643,0.64711643345550207]",0.0065431199757526644,0.0032715599878763296,0.0032715599878763348,0.49999999999999961,0.16916452387606551,0.50000000000000044,0.0084926851235758525,0,0,0,0.5,0.01,0.01,0,exact-closure,deterministic_bound_only_refinement_rule,L3|fixed-d1|active-one|parent|c6-overlay|0.647116|0.527574|0.527574|0.000000|0.008493|0.000000,0.16177910836387555,2,0,False,False
round39_small_hard_V12_M3_Q20_slot07_seed621538683,numerical_fail_closed_endpoint,stage1-atlas__round39_small_hard_V12_M3_Q20_slot07_seed621538683__d2-none,fixed-d2,none,parent,L0,,0,0,0.16177910836387552,4,none,c6-overlay,exact-closure,0.16177910836387552,0.051828010205628217,0.051828010205628217,0.051913047317645296,"[0,0.040444777090968879];[0.040444777090968879,0.080889554181937759];[0.080889554181937759,0.12133433127290663];[0.12133433127290663,0.16177910836387552]",0.0086543253637015038,0.0063963406774754979,0.0022579846862260059,0.73909177303448959,0.023446127260434702,0.26090822696551047,0.0058615318151086756,0.00077340848287562756,4.5333584284504242e-06,0,0.5,0.01,0.01,0,exact-closure,deterministic_bound_only_refinement_rule,L0|fixed-d2|none|parent|c6-overlay|0.161779|0.051828|0.051913|0.000773|0.005862|0.000005,0.16177910836387552,3,1,False,False
round39_small_hard_V12_M3_Q20_slot07_seed621538683,numerical_fail_closed_endpoint,stage1-atlas__round39_small_hard_V12_M3_Q20_slot07_seed621538683__d2-none,fixed-d2,none,parent,L1,,0,0.16177910836387552,0.32355821672775104,4,none,c6-overlay,exact-closure,0.32355821672775104,0.20401548943405479,0.20401548943405479,0.20401548943405462,"[0.16177910836387552,0.20222388545484438];[0.20222388545484438,0.24266866254581326];[0.24266866254581326,0.28311343963678215];[0.28311343963678215,0.32355821672775104]",0.0098146799636289559,0.0073610099727216965,0.0024536699909072594,0.74999999999999789,0.034228749935543638,0.25000000000000205,0.0063695138426819106,0,0,0,0.5,0.01,0.01,0,exact-closure,deterministic_bound_only_refinement_rule,L1|fixed-d2|none|parent|c6-overlay|0.323558|0.204015|0.204015|0.000000|0.006370|0.000000,0.16177910836387552,2,0,False,False
round39_small_hard_V12_M3_Q20_slot07_seed621538683,numerical_fail_closed_endpoint,stage1-atlas__round39_small_hard_V12_M3_Q20_slot07_seed621538683__d2-none,fixed-d2,none,parent,L2,,0,0.32355821672775104,0.48533732509162653,4,none,c6-overlay,exact-closure,0.48533732509162653,0.36579459779793011,0.36579459779793011,0.36579459779793017,"[0.32355821672775104,0.36400299381871992];[0.36400299381871992,0.40444777090968875];[0.40444777090968875,0.44489254800065764];[0.44489254800065764,0.48533732509162653]",0.0098146799636289542,0.0073610099727216827,0.0024536699909072715,0.74999999999999667,0.053912599331872348,0.25000000000000333,0.0063695138426819418,4.643624291327757e-16,2.9577629203826271e-18,0,0.5,0.01,0.01,0,exact-closure,deterministic_bound_only_refinement_rule,L2|fixed-d2|none|parent|c6-overlay|0.485337|0.365795|0.365795|0.000000|0.006370|0.000000,0.1617791083638755,2,0,False,False
round39_small_hard_V12_M3_Q20_slot07_seed621538683,numerical_fail_closed_endpoint,stage1-atlas__round39_small_hard_V12_M3_Q20_slot07_seed621538683__d2-none,fixed-d2,none,parent,L3,,0,0.48533732509162653,0.64711643345550207,4,none,c6-overlay,exact-closure,0.64711633345550212,0.52757370616180554,0.52757370616180554,0.52757370616180554,"[0.48533732509162653,0.52578210218259547];[0.52578210218259547,0.5662268792735643];[0.5662268792735643,0.60667165636453313];[0.60667165636453313,0.64711643345550207]",0.0097422189400545294,0.0072523184373600447,0.0024899005026944847,0.74442162324463745,0.12874678581409835,0.25557837675536249,0.006463565099457013,0,0,0,0.5,0.01,0.01,0,exact-closure,deterministic_bound_only_refinement_rule,L3|fixed-d2|none|parent|c6-overlay|0.647116|0.527574|0.527574|0.000000|0.006464|0.000000,0.16177910836387555,2,0,False,False
round39_small_hard_V12_M3_Q20_slot07_seed621538683,numerical_fail_closed_endpoint,stage1-atlas__round39_small_hard_V12_M3_Q20_slot07_seed621538683__d2-all,fixed-d2,all,parent,L0,,0,0,0.16177910836387552,4,all,c6-overlay,exact-closure,0.16177910836387552,0.051828010205628217,0.051913047317645296,0.051913047317645296,"[0,0.040444777090968879];[0.040444777090968879,0.080889554181937759];[0.080889554181937759,0.12133433127290663];[0.12133433127290663,0.16177910836387552]",0.0086543253637015038,0.0063963406774754979,0.0022579846862260059,0.73909177303448959,0.023446127260434702,0.26090822696551047,0.0058615318151086756,0,0,0,0.5,0.01,0.01,3,exact-closure,deterministic_bound_only_refinement_rule,L0|fixed-d2|all|parent|c6-overlay|0.161779|0.051913|0.051913|0.000000|0.005862|0.000000,0.16177910836387552,3,1,False,False
round39_small_hard_V12_M3_Q20_slot07_seed621538683,numerical_fail_closed_endpoint,stage1-atlas__round39_small_hard_V12_M3_Q20_slot07_seed621538683__d2-all,fixed-d2,all,parent,L1,,0,0.16177910836387552,0.32355821672775104,4,all,c6-overlay,exact-closure,0.32355821672775104,0.20401548943405479,0.20401548943405479,0.20401548943405462,"[0.16177910836387552,0.20222388545484438];[0.20222388545484438,0.24266866254581326];[0.24266866254581326,0.28311343963678215];[0.28311343963678215,0.32355821672775104]",0.0098146799636289559,0.0073610099727216965,0.0024536699909072594,0.74999999999999789,0.034228749935543638,0.25000000000000205,0.0063695138426819106,0,0,0,0.5,0.01,0.01,2,exact-closure,deterministic_bound_only_refinement_rule,L1|fixed-d2|all|parent|c6-overlay|0.323558|0.204015|0.204015|0.000000|0.006370|0.000000,0.16177910836387552,2,0,False,False
round39_small_hard_V12_M3_Q20_slot07_seed621538683,numerical_fail_closed_endpoint,stage1-atlas__round39_small_hard_V12_M3_Q20_slot07_seed621538683__d2-all,fixed-d2,all,parent,L2,,0,0.32355821672775104,0.48533732509162653,4,all,c6-overlay,exact-closure,0.48533732509162653,0.36579459779793011,0.36579459779793011,0.36579459779793017,"[0.32355821672775104,0.36400299381871992];[0.36400299381871992,0.40444777090968875];[0.40444777090968875,0.44489254800065764];[0.44489254800065764,0.48533732509162653]",0.0098146799636289542,0.0073610099727216827,0.0024536699909072715,0.74999999999999667,0.053912599331872348,0.25000000000000333,0.0063695138426819418,4.643624291327757e-16,2.9577629203826271e-18,0,0.5,0.01,0.01,2,exact-closure,deterministic_bound_only_refinement_rule,L2|fixed-d2|all|parent|c6-overlay|0.485337|0.365795|0.365795|0.000000|0.006370|0.000000,0.1617791083638755,2,0,False,False
round39_small_hard_V12_M3_Q20_slot07_seed621538683,numerical_fail_closed_endpoint,stage1-atlas__round39_small_hard_V12_M3_Q20_slot07_seed621538683__d2-all,fixed-d2,all,parent,L3,,0,0.48533732509162653,0.64711643345550207,4,all,c6-overlay,exact-closure,0.64711633345550212,0.52757370616180554,0.52757370616180554,0.52757370616180554,"[0.48533732509162653,0.52578210218259547];[0.52578210218259547,0.5662268792735643];[0.5662268792735643,0.60667165636453313];[0.60667165636453313,0.64711643345550207]",0.0097422189400545294,0.0072523184373600447,0.0024899005026944847,0.74442162324463745,0.12874678581409835,0.25557837675536249,0.006463565099457013,0,0,0,0.5,0.01,0.01,2,exact-closure,deterministic_bound_only_refinement_rule,L3|fixed-d2|all|parent|c6-overlay|0.647116|0.527574|0.527574|0.000000|0.006464|0.000000,0.16177910836387555,2,0,False,False
round39_small_hard_V12_M3_Q20_slot07_seed621538683,numerical_fail_closed_endpoint,stage1-atlas__round39_small_hard_V12_M3_Q20_slot07_seed621538683__d2-violated,fixed-d2,violated,parent,L0,,0,0,0.16177910836387552,4,violated,c6-overlay,exact-closure,0.16177910836387552,0.051828010205628217,0.051913047317645296,0.051913047317645296,"[0,0.040444777090968879];[0.040444777090968879,0.080889554181937759];[0.080889554181937759,0.12133433127290663];[0.12133433127290663,0.16177910836387552]",0.0086543253637015038,0.0063963406774754979,0.0022579846862260059,0.73909177303448959,0.023446127260434702,0.26090822696551047,0.0058615318151086756,0,0,0,0.5,0.01,0.01,1,exact-closure,deterministic_bound_only_refinement_rule,L0|fixed-d2|violated|parent|c6-overlay|0.161779|0.051913|0.051913|0.000000|0.005862|0.000000,0.16177910836387552,3,1,False,False
round39_small_hard_V12_M3_Q20_slot07_seed621538683,numerical_fail_closed_endpoint,stage1-atlas__round39_small_hard_V12_M3_Q20_slot07_seed621538683__d2-violated,fixed-d2,violated,parent,L1,,0,0.16177910836387552,0.32355821672775104,4,violated,c6-overlay,exact-closure,0.32355821672775104,0.20401548943405479,0.20401548943405479,0.20401548943405462,"[0.16177910836387552,0.20222388545484438];[0.20222388545484438,0.24266866254581326];[0.24266866254581326,0.28311343963678215];[0.28311343963678215,0.32355821672775104]",0.0098146799636289559,0.0073610099727216965,0.0024536699909072594,0.74999999999999789,0.034228749935543638,0.25000000000000205,0.0063695138426819106,0,0,0,0.5,0.01,0.01,0,exact-closure,deterministic_bound_only_refinement_rule,L1|fixed-d2|violated|parent|c6-overlay|0.323558|0.204015|0.204015|0.000000|0.006370|0.000000,0.16177910836387552,2,0,False,False
round39_small_hard_V12_M3_Q20_slot07_seed621538683,numerical_fail_closed_endpoint,stage1-atlas__round39_small_hard_V12_M3_Q20_slot07_seed621538683__d2-violated,fixed-d2,violated,parent,L2,,0,0.32355821672775104,0.48533732509162653,4,violated,c6-overlay,exact-closure,0.48533732509162653,0.36579459779793011,0.36579459779793011,0.36579459779793017,"[0.32355821672775104,0.36400299381871992];[0.36400299381871992,0.40444777090968875];[0.40444777090968875,0.44489254800065764];[0.44489254800065764,0.48533732509162653]",0.0098146799636289542,0.0073610099727216827,0.0024536699909072715,0.74999999999999667,0.053912599331872348,0.25000000000000333,0.0063695138426819418,4.643624291327757e-16,2.9577629203826271e-18,0,0.5,0.01,0.01,0,exact-closure,deterministic_bound_only_refinement_rule,L2|fixed-d2|violated|parent|c6-overlay|0.485337|0.365795|0.365795|0.000000|0.006370|0.000000,0.1617791083638755,2,0,False,False
round39_small_hard_V12_M3_Q20_slot07_seed621538683,numerical_fail_closed_endpoint,stage1-atlas__round39_small_hard_V12_M3_Q20_slot07_seed621538683__d2-violated,fixed-d2,violated,parent,L3,,0,0.48533732509162653,0.64711643345550207,4,violated,c6-overlay,exact-closure,0.64711633345550212,0.52757370616180554,0.52757370616180554,0.52757370616180554,"[0.48533732509162653,0.52578210218259547];[0.52578210218259547,0.5662268792735643];[0.5662268792735643,0.60667165636453313];[0.60667165636453313,0.64711643345550207]",0.0097422189400545294,0.0072523184373600447,0.0024899005026944847,0.74442162324463745,0.12874678581409835,0.25557837675536249,0.006463565099457013,0,0,0,0.5,0.01,0.01,0,exact-closure,deterministic_bound_only_refinement_rule,L3|fixed-d2|violated|parent|c6-overlay|0.647116|0.527574|0.527574|0.000000|0.006464|0.000000,0.16177910836387555,2,0,False,False
round39_small_hard_V12_M3_Q20_slot07_seed621538683,numerical_fail_closed_endpoint,stage1-atlas__round39_small_hard_V12_M3_Q20_slot07_seed621538683__d2-active-one,fixed-d2,active-one,parent,L0,,0,0,0.16177910836387552,4,active-one,c6-overlay,exact-closure,0.16177910836387552,0.051828010205628217,0.051913047317645296,0.051913047317645296,"[0,0.040444777090968879];[0.040444777090968879,0.080889554181937759];[0.080889554181937759,0.12133433127290663];[0.12133433127290663,0.16177910836387552]",0.0086543253637015038,0.0063963406774754979,0.0022579846862260059,0.73909177303448959,0.023446127260434702,0.26090822696551047,0.0058615318151086756,0,0,0,0.5,0.01,0.01,1,exact-closure,deterministic_bound_only_refinement_rule,L0|fixed-d2|active-one|parent|c6-overlay|0.161779|0.051913|0.051913|0.000000|0.005862|0.000000,0.16177910836387552,3,1,False,False
round39_small_hard_V12_M3_Q20_slot07_seed621538683,numerical_fail_closed_endpoint,stage1-atlas__round39_small_hard_V12_M3_Q20_slot07_seed621538683__d2-active-one,fixed-d2,active-one,parent,L1,,0,0.16177910836387552,0.32355821672775104,4,active-one,c6-overlay,exact-closure,0.32355821672775104,0.20401548943405479,0.20401548943405479,0.20401548943405462,"[0.16177910836387552,0.20222388545484438];[0.20222388545484438,0.24266866254581326];[0.24266866254581326,0.28311343963678215];[0.28311343963678215,0.32355821672775104]",0.0098146799636289559,0.0073610099727216965,0.0024536699909072594,0.74999999999999789,0.034228749935543638,0.25000000000000205,0.0063695138426819106,0,0,0,0.5,0.01,0.01,0,exact-closure,deterministic_bound_only_refinement_rule,L1|fixed-d2|active-one|parent|c6-overlay|0.323558|0.204015|0.204015|0.000000|0.006370|0.000000,0.16177910836387552,2,0,False,False
round39_small_hard_V12_M3_Q20_slot07_seed621538683,numerical_fail_closed_endpoint,stage1-atlas__round39_small_hard_V12_M3_Q20_slot07_seed621538683__d2-active-one,fixed-d2,active-one,parent,L2,,0,0.32355821672775104,0.48533732509162653,4,active-one,c6-overlay,exact-closure,0.48533732509162653,0.36579459779793011,0.36579459779793011,0.36579459779793017,"[0.32355821672775104,0.36400299381871992];[0.36400299381871992,0.40444777090968875];[0.40444777090968875,0.44489254800065764];[0.44489254800065764,0.48533732509162653]",0.0098146799636289542,0.0073610099727216827,0.0024536699909072715,0.74999999999999667,0.053912599331872348,0.25000000000000333,0.0063695138426819418,4.643624291327757e-16,2.9577629203826271e-18,0,0.5,0.01,0.01,0,exact-closure,deterministic_bound_only_refinement_rule,L2|fixed-d2|active-one|parent|c6-overlay|0.485337|0.365795|0.365795|0.000000|0.006370|0.000000,0.1617791083638755,2,0,False,False
round39_small_hard_V12_M3_Q20_slot07_seed621538683,numerical_fail_closed_endpoint,stage1-atlas__round39_small_hard_V12_M3_Q20_slot07_seed621538683__d2-active-one,fixed-d2,active-one,parent,L3,,0,0.48533732509162653,0.64711643345550207,4,active-one,c6-overlay,exact-closure,0.64711633345550212,0.52757370616180554,0.52757370616180554,0.52757370616180554,"[0.48533732509162653,0.52578210218259547];[0.52578210218259547,0.5662268792735643];[0.5662268792735643,0.60667165636453313];[0.60667165636453313,0.64711643345550207]",0.0097422189400545294,0.0072523184373600447,0.0024899005026944847,0.74442162324463745,0.12874678581409835,0.25557837675536249,0.006463565099457013,0,0,0,0.5,0.01,0.01,0,exact-closure,deterministic_bound_only_refinement_rule,L3|fixed-d2|active-one|parent|c6-overlay|0.647116|0.527574|0.527574|0.000000|0.006464|0.000000,0.16177910836387555,2,0,False,False
round39_small_hard_V12_M3_Q20_slot07_seed621538683,numerical_fail_closed_endpoint,stage1-atlas__round39_small_hard_V12_M3_Q20_slot07_seed621538683__frontier-d2-none,frontier-d2,none,parent,L0,,0,0,0.16177910836387552,4,none,c6-overlay,exact-closure,0.16177910836387552,0.051828010205628217,0.051828010205628217,0.051913047317645296,"[0,0.040444777090968879];[0.040444777090968879,0.080889554181937759];[0.080889554181937759,0.12133433127290663];[0.12133433127290663,0.16177910836387552]",0.0086543253637015038,0.0063963406774754979,0.0022579846862260059,0.73909177303448959,0.023446127260434702,0.26090822696551047,0.0058615318151086756,0.00077340848287562756,4.5333584284504242e-06,0,0.5,0.01,0.01,0,exact-closure,deterministic_bound_only_refinement_rule,L0|frontier-d2|none|parent|c6-overlay|0.161779|0.051828|0.051913|0.000773|0.005862|0.000005,0.16177910836387552,3,1,False,False
round39_small_hard_V12_M3_Q20_slot07_seed621538683,numerical_fail_closed_endpoint,stage1-atlas__round39_small_hard_V12_M3_Q20_slot07_seed621538683__frontier-d2-none,frontier-d2,none,parent,L1,,0,0.16177910836387552,0.32355821672775104,4,none,c6-overlay,exact-closure,0.32355821672775104,0.20401548943405479,0.20401548943405479,0.20401548943405462,"[0.16177910836387552,0.20222388545484438];[0.20222388545484438,0.24266866254581326];[0.24266866254581326,0.28311343963678215];[0.28311343963678215,0.32355821672775104]",0.0098146799636289559,0.0073610099727216965,0.0024536699909072594,0.74999999999999789,0.034228749935543638,0.25000000000000205,0.0063695138426819106,0,0,0,0.5,0.01,0.01,0,exact-closure,deterministic_bound_only_refinement_rule,L1|frontier-d2|none|parent|c6-overlay|0.323558|0.204015|0.204015|0.000000|0.006370|0.000000,0.16177910836387552,2,0,False,False
round39_small_hard_V12_M3_Q20_slot07_seed621538683,numerical_fail_closed_endpoint,stage1-atlas__round39_small_hard_V12_M3_Q20_slot07_seed621538683__frontier-d2-none,frontier-d2,none,parent,L2,,0,0.32355821672775104,0.48533732509162653,4,none,c6-overlay,exact-closure,0.48533732509162653,0.36579459779793011,0.36579459779793011,0.36579459779793017,"[0.32355821672775104,0.36400299381871992];[0.36400299381871992,0.40444777090968875];[0.40444777090968875,0.44489254800065764];[0.44489254800065764,0.48533732509162653]",0.0098146799636289542,0.0073610099727216827,0.0024536699909072715,0.74999999999999667,0.053912599331872348,0.25000000000000333,0.0063695138426819418,4.643624291327757e-16,2.9577629203826271e-18,0,0.5,0.01,0.01,0,exact-closure,deterministic_bound_only_refinement_rule,L2|frontier-d2|none|parent|c6-overlay|0.485337|0.365795|0.365795|0.000000|0.006370|0.000000,0.1617791083638755,2,0,False,False
round39_small_hard_V12_M3_Q20_slot07_seed621538683,numerical_fail_closed_endpoint,stage1-atlas__round39_small_hard_V12_M3_Q20_slot07_seed621538683__frontier-d2-none,frontier-d2,none,parent,L3,,0,0.48533732509162653,0.64711643345550207,4,none,c6-overlay,exact-closure,0.64711633345550212,0.52757370616180554,0.52757370616180554,0.52757370616180554,"[0.48533732509162653,0.52578210218259547];[0.52578210218259547,0.5662268792735643];[0.5662268792735643,0.60667165636453313];[0.60667165636453313,0.64711643345550207]",0.0097422189400545294,0.0072523184373600447,0.0024899005026944847,0.74442162324463745,0.12874678581409835,0.25557837675536249,0.006463565099457013,0,0,0,0.5,0.01,0.01,0,exact-closure,deterministic_bound_only_refinement_rule,L3|frontier-d2|none|parent|c6-overlay|0.647116|0.527574|0.527574|0.000000|0.006464|0.000000,0.16177910836387555,2,0,False,False
round39_small_hard_V12_M3_Q20_slot07_seed621538683,numerical_fail_closed_endpoint,stage1-atlas__round39_small_hard_V12_M3_Q20_slot07_seed621538683__frontier-d2-all,frontier-d2,all,parent,L0,,0,0,0.16177910836387552,4,all,c6-overlay,exact-closure,0.16177910836387552,0.051828010205628217,0.051913047317645296,0.051913047317645296,"[0,0.040444777090968879];[0.040444777090968879,0.080889554181937759];[0.080889554181937759,0.12133433127290663];[0.12133433127290663,0.16177910836387552]",0.0086543253637015038,0.0063963406774754979,0.0022579846862260059,0.73909177303448959,0.023446127260434702,0.26090822696551047,0.0058615318151086756,0,0,0,0.5,0.01,0.01,3,exact-closure,deterministic_bound_only_refinement_rule,L0|frontier-d2|all|parent|c6-overlay|0.161779|0.051913|0.051913|0.000000|0.005862|0.000000,0.16177910836387552,3,1,False,False
round39_small_hard_V12_M3_Q20_slot07_seed621538683,numerical_fail_closed_endpoint,stage1-atlas__round39_small_hard_V12_M3_Q20_slot07_seed621538683__frontier-d2-all,frontier-d2,all,parent,L1,,0,0.16177910836387552,0.32355821672775104,4,all,c6-overlay,exact-closure,0.32355821672775104,0.20401548943405479,0.20401548943405479,0.20401548943405462,"[0.16177910836387552,0.20222388545484438];[0.20222388545484438,0.24266866254581326];[0.24266866254581326,0.28311343963678215];[0.28311343963678215,0.32355821672775104]",0.0098146799636289559,0.0073610099727216965,0.0024536699909072594,0.74999999999999789,0.034228749935543638,0.25000000000000205,0.0063695138426819106,0,0,0,0.5,0.01,0.01,2,exact-closure,deterministic_bound_only_refinement_rule,L1|frontier-d2|all|parent|c6-overlay|0.323558|0.204015|0.204015|0.000000|0.006370|0.000000,0.16177910836387552,2,0,False,False
round39_small_hard_V12_M3_Q20_slot07_seed621538683,numerical_fail_closed_endpoint,stage1-atlas__round39_small_hard_V12_M3_Q20_slot07_seed621538683__frontier-d2-all,frontier-d2,all,parent,L2,,0,0.32355821672775104,0.48533732509162653,4,all,c6-overlay,exact-closure,0.48533732509162653,0.36579459779793011,0.36579459779793011,0.36579459779793017,"[0.32355821672775104,0.36400299381871992];[0.36400299381871992,0.40444777090968875];[0.40444777090968875,0.44489254800065764];[0.44489254800065764,0.48533732509162653]",0.0098146799636289542,0.0073610099727216827,0.0024536699909072715,0.74999999999999667,0.053912599331872348,0.25000000000000333,0.0063695138426819418,4.643624291327757e-16,2.9577629203826271e-18,0,0.5,0.01,0.01,2,exact-closure,deterministic_bound_only_refinement_rule,L2|frontier-d2|all|parent|c6-overlay|0.485337|0.365795|0.365795|0.000000|0.006370|0.000000,0.1617791083638755,2,0,False,False
round39_small_hard_V12_M3_Q20_slot07_seed621538683,numerical_fail_closed_endpoint,stage1-atlas__round39_small_hard_V12_M3_Q20_slot07_seed621538683__frontier-d2-all,frontier-d2,all,parent,L3,,0,0.48533732509162653,0.64711643345550207,4,all,c6-overlay,exact-closure,0.64711633345550212,0.52757370616180554,0.52757370616180554,0.52757370616180554,"[0.48533732509162653,0.52578210218259547];[0.52578210218259547,0.5662268792735643];[0.5662268792735643,0.60667165636453313];[0.60667165636453313,0.64711643345550207]",0.0097422189400545294,0.0072523184373600447,0.0024899005026944847,0.74442162324463745,0.12874678581409835,0.25557837675536249,0.006463565099457013,0,0,0,0.5,0.01,0.01,2,exact-closure,deterministic_bound_only_refinement_rule,L3|frontier-d2|all|parent|c6-overlay|0.647116|0.527574|0.527574|0.000000|0.006464|0.000000,0.16177910836387555,2,0,False,False
round39_small_hard_V12_M3_Q20_slot07_seed621538683,numerical_fail_closed_endpoint,stage1-atlas__round39_small_hard_V12_M3_Q20_slot07_seed621538683__frontier-d2-violated,frontier-d2,violated,parent,L0,,0,0,0.16177910836387552,4,violated,c6-overlay,exact-closure,0.16177910836387552,0.051828010205628217,0.051913047317645296,0.051913047317645296,"[0,0.040444777090968879];[0.040444777090968879,0.080889554181937759];[0.080889554181937759,0.12133433127290663];[0.12133433127290663,0.16177910836387552]",0.0086543253637015038,0.0063963406774754979,0.0022579846862260059,0.73909177303448959,0.023446127260434702,0.26090822696551047,0.0058615318151086756,0,0,0,0.5,0.01,0.01,1,exact-closure,deterministic_bound_only_refinement_rule,L0|frontier-d2|violated|parent|c6-overlay|0.161779|0.051913|0.051913|0.000000|0.005862|0.000000,0.16177910836387552,3,1,False,False
round39_small_hard_V12_M3_Q20_slot07_seed621538683,numerical_fail_closed_endpoint,stage1-atlas__round39_small_hard_V12_M3_Q20_slot07_seed621538683__frontier-d2-violated,frontier-d2,violated,parent,L1,,0,0.16177910836387552,0.32355821672775104,4,violated,c6-overlay,exact-closure,0.32355821672775104,0.20401548943405479,0.20401548943405479,0.20401548943405462,"[0.16177910836387552,0.20222388545484438];[0.20222388545484438,0.24266866254581326];[0.24266866254581326,0.28311343963678215];[0.28311343963678215,0.32355821672775104]",0.0098146799636289559,0.0073610099727216965,0.0024536699909072594,0.74999999999999789,0.034228749935543638,0.25000000000000205,0.0063695138426819106,0,0,0,0.5,0.01,0.01,0,exact-closure,deterministic_bound_only_refinement_rule,L1|frontier-d2|violated|parent|c6-overlay|0.323558|0.204015|0.204015|0.000000|0.006370|0.000000,0.16177910836387552,2,0,False,False
round39_small_hard_V12_M3_Q20_slot07_seed621538683,numerical_fail_closed_endpoint,stage1-atlas__round39_small_hard_V12_M3_Q20_slot07_seed621538683__frontier-d2-violated,frontier-d2,violated,parent,L2,,0,0.32355821672775104,0.48533732509162653,4,violated,c6-overlay,exact-closure,0.48533732509162653,0.36579459779793011,0.36579459779793011,0.36579459779793017,"[0.32355821672775104,0.36400299381871992];[0.36400299381871992,0.40444777090968875];[0.40444777090968875,0.44489254800065764];[0.44489254800065764,0.48533732509162653]",0.0098146799636289542,0.0073610099727216827,0.0024536699909072715,0.74999999999999667,0.053912599331872348,0.25000000000000333,0.0063695138426819418,4.643624291327757e-16,2.9577629203826271e-18,0,0.5,0.01,0.01,0,exact-closure,deterministic_bound_only_refinement_rule,L2|frontier-d2|violated|parent|c6-overlay|0.485337|0.365795|0.365795|0.000000|0.006370|0.000000,0.1617791083638755,2,0,False,False
round39_small_hard_V12_M3_Q20_slot07_seed621538683,numerical_fail_closed_endpoint,stage1-atlas__round39_small_hard_V12_M3_Q20_slot07_seed621538683__frontier-d2-violated,frontier-d2,violated,parent,L3,,0,0.48533732509162653,0.64711643345550207,4,violated,c6-overlay,exact-closure,0.64711633345550212,0.52757370616180554,0.52757370616180554,0.52757370616180554,"[0.48533732509162653,0.52578210218259547];[0.52578210218259547,0.5662268792735643];[0.5662268792735643,0.60667165636453313];[0.60667165636453313,0.64711643345550207]",0.0097422189400545294,0.0072523184373600447,0.0024899005026944847,0.74442162324463745,0.12874678581409835,0.25557837675536249,0.006463565099457013,0,0,0,0.5,0.01,0.01,0,exact-closure,deterministic_bound_only_refinement_rule,L3|frontier-d2|violated|parent|c6-overlay|0.647116|0.527574|0.527574|0.000000|0.006464|0.000000,0.16177910836387555,2,0,False,False
round39_small_hard_V12_M3_Q20_slot07_seed621538683,numerical_fail_closed_endpoint,stage1-atlas__round39_small_hard_V12_M3_Q20_slot07_seed621538683__frontier-d2-active-one,frontier-d2,active-one,parent,L0,,0,0,0.16177910836387552,4,active-one,c6-overlay,exact-closure,0.16177910836387552,0.051828010205628217,0.051913047317645296,0.051913047317645296,"[0,0.040444777090968879];[0.040444777090968879,0.080889554181937759];[0.080889554181937759,0.12133433127290663];[0.12133433127290663,0.16177910836387552]",0.0086543253637015038,0.0063963406774754979,0.0022579846862260059,0.73909177303448959,0.023446127260434702,0.26090822696551047,0.0058615318151086756,0,0,0,0.5,0.01,0.01,1,exact-closure,deterministic_bound_only_refinement_rule,L0|frontier-d2|active-one|parent|c6-overlay|0.161779|0.051913|0.051913|0.000000|0.005862|0.000000,0.16177910836387552,3,1,False,False
round39_small_hard_V12_M3_Q20_slot07_seed621538683,numerical_fail_closed_endpoint,stage1-atlas__round39_small_hard_V12_M3_Q20_slot07_seed621538683__frontier-d2-active-one,frontier-d2,active-one,parent,L1,,0,0.16177910836387552,0.32355821672775104,4,active-one,c6-overlay,exact-closure,0.32355821672775104,0.20401548943405479,0.20401548943405479,0.20401548943405462,"[0.16177910836387552,0.20222388545484438];[0.20222388545484438,0.24266866254581326];[0.24266866254581326,0.28311343963678215];[0.28311343963678215,0.32355821672775104]",0.0098146799636289559,0.0073610099727216965,0.0024536699909072594,0.74999999999999789,0.034228749935543638,0.25000000000000205,0.0063695138426819106,0,0,0,0.5,0.01,0.01,0,exact-closure,deterministic_bound_only_refinement_rule,L1|frontier-d2|active-one|parent|c6-overlay|0.323558|0.204015|0.204015|0.000000|0.006370|0.000000,0.16177910836387552,2,0,False,False
round39_small_hard_V12_M3_Q20_slot07_seed621538683,numerical_fail_closed_endpoint,stage1-atlas__round39_small_hard_V12_M3_Q20_slot07_seed621538683__frontier-d2-active-one,frontier-d2,active-one,parent,L2,,0,0.32355821672775104,0.48533732509162653,4,active-one,c6-overlay,exact-closure,0.48533732509162653,0.36579459779793011,0.36579459779793011,0.36579459779793017,"[0.32355821672775104,0.36400299381871992];[0.36400299381871992,0.40444777090968875];[0.40444777090968875,0.44489254800065764];[0.44489254800065764,0.48533732509162653]",0.0098146799636289542,0.0073610099727216827,0.0024536699909072715,0.74999999999999667,0.053912599331872348,0.25000000000000333,0.0063695138426819418,4.643624291327757e-16,2.9577629203826271e-18,0,0.5,0.01,0.01,0,exact-closure,deterministic_bound_only_refinement_rule,L2|frontier-d2|active-one|parent|c6-overlay|0.485337|0.365795|0.365795|0.000000|0.006370|0.000000,0.1617791083638755,2,0,False,False
round39_small_hard_V12_M3_Q20_slot07_seed621538683,numerical_fail_closed_endpoint,stage1-atlas__round39_small_hard_V12_M3_Q20_slot07_seed621538683__frontier-d2-active-one,frontier-d2,active-one,parent,L3,,0,0.48533732509162653,0.64711643345550207,4,active-one,c6-overlay,exact-closure,0.64711633345550212,0.52757370616180554,0.52757370616180554,0.52757370616180554,"[0.48533732509162653,0.52578210218259547];[0.52578210218259547,0.5662268792735643];[0.5662268792735643,0.60667165636453313];[0.60667165636453313,0.64711643345550207]",0.0097422189400545294,0.0072523184373600447,0.0024899005026944847,0.74442162324463745,0.12874678581409835,0.25557837675536249,0.006463565099457013,0,0,0,0.5,0.01,0.01,0,exact-closure,deterministic_bound_only_refinement_rule,L3|frontier-d2|active-one|parent|c6-overlay|0.647116|0.527574|0.527574|0.000000|0.006464|0.000000,0.16177910836387555,2,0,False,False
round39_small_hard_V12_M3_Q30_slot08_seed1288546114,strongest_k4_positive_control,stage1-atlas__round39_small_hard_V12_M3_Q30_slot08_seed1288546114__d1-none,fixed-d1,none,parent,L0,,0,0,0.12660569730604074,4,none,c6-overlay,native-target,0.12660569730604074,0.093948255393593263,0.093948255393593263,0.094812110477775102,"[0,0.063302848653020369];[0.063302848653020369,0.12660569730604074]",0.0026959826631355794,0.0014026758192198941,0.0012933068439156853,0.52028369410525188,0.024765732964636529,0.47971630589474812,0.0061914332411591323,0.026452013188840062,0.00016377587375296414,0,0.5,0.01,0.01,0,native-target,deterministic_bound_only_refinement_rule,L0|fixed-d1|none|parent|c6-overlay|0.126606|0.093948|0.094812|0.026452|0.006191|0.000164,0.12660569730604074,2,1,False,False
round39_small_hard_V12_M3_Q30_slot08_seed1288546114,strongest_k4_positive_control,stage1-atlas__round39_small_hard_V12_M3_Q30_slot08_seed1288546114__d1-none,fixed-d1,none,parent,L1,,0,0.12660569730604074,0.25321139461208148,4,none,c6-overlay,exact-closure,0.25321139461208148,0.1983636356358682,0.1983636356358682,0.19836363563586817,"[0.12660569730604074,0.18990854595906109];[0.18990854595906109,0.25321139461208148]",0.0040072506475871995,0.002003625323793598,0.0020036253237936015,0.49999999999999956,0.051372315929963726,0.50000000000000044,0.0095919328741854819,0,0,0,0.5,0.01,0.01,0,exact-closure,deterministic_bound_only_refinement_rule,L1|fixed-d1|none|parent|c6-overlay|0.253211|0.198364|0.198364|0.000000|0.009592|0.000000,0.12660569730604074,2,0,False,False
round39_small_hard_V12_M3_Q30_slot08_seed1288546114,strongest_k4_positive_control,stage1-atlas__round39_small_hard_V12_M3_Q30_slot08_seed1288546114__d1-none,fixed-d1,none,parent,L2,,0,0.25321139461208148,0.37981709191812218,4,none,c6-overlay,exact-closure,0.37981709191812218,0.32496933294190877,0.32496933294190877,0.32496933294190883,"[0.25321139461208148,0.3165142432651018];[0.3165142432651018,0.37981709191812218]",0.0040072506475872117,0.002003625323793605,0.0020036253237936067,0.49999999999999978,0.087216372107224854,0.50000000000000022,0.0095919328741855062,1.0120951569841188e-15,9.7079488080799098e-18,0,0.5,0.01,0.01,0,exact-closure,deterministic_bound_only_refinement_rule,L2|fixed-d1|none|parent|c6-overlay|0.379817|0.324969|0.324969|0.000000|0.009592|0.000000,0.1266056973060407,2,0,False,False
round39_small_hard_V12_M3_Q30_slot08_seed1288546114,strongest_k4_positive_control,stage1-atlas__round39_small_hard_V12_M3_Q30_slot08_seed1288546114__d1-none,fixed-d1,none,parent,L3,,0,0.37981709191812218,0.50642278922416295,4,none,c6-overlay,split,0.506422689224163,0.45157503024794959,0.45157503024794959,0.45157503024794959,"[0.37981709191812218,0.44311994057114257];[0.44311994057114257,0.50642278922416295]",0.0034720193854285743,0.0017360096927142923,0.0017360096927142819,0.50000000000000155,0.24999999999999925,0.4999999999999985,0.0083107795872348882,0,0,0,0.5,0.01,0.01,0,split,deterministic_bound_only_refinement_rule,L3|fixed-d1|none|parent|c6-overlay|0.506423|0.451575|0.451575|0.000000|0.008311|0.000000,0.12660569730604077,2,0,False,False
round39_small_hard_V12_M3_Q30_slot08_seed1288546114,strongest_k4_positive_control,stage1-atlas__round39_small_hard_V12_M3_Q30_slot08_seed1288546114__d1-all,fixed-d1,all,parent,L0,,0,0,0.12660569730604074,4,all,c6-overlay,native-target,0.12660569730604074,0.093948255393593263,0.094812110477775061,0.094812110477775102,"[0,0.063302848653020369];[0.063302848653020369,0.12660569730604074]",0.0026959826631355794,0.0014026758192198941,0.0012933068439156853,0.52028369410525188,0.024765732964636529,0.47971630589474812,0.0061914332411591323,1.3094893523127049e-15,8.1076159048528236e-18,0,0.5,0.01,0.01,2,native-target,deterministic_bound_only_refinement_rule,L0|fixed-d1|all|parent|c6-overlay|0.126606|0.094812|0.094812|0.000000|0.006191|0.000000,0.12660569730604074,2,1,False,False
round39_small_hard_V12_M3_Q30_slot08_seed1288546114,strongest_k4_positive_control,stage1-atlas__round39_small_hard_V12_M3_Q30_slot08_seed1288546114__d1-all,fixed-d1,all,parent,L1,,0,0.12660569730604074,0.25321139461208148,4,all,c6-overlay,exact-closure,0.25321139461208148,0.1983636356358682,0.19836363563586815,0.19836363563586817,"[0.12660569730604074,0.18990854595906109];[0.18990854595906109,0.25321139461208148]",0.0040072506475871995,0.002003625323793598,0.0020036253237936015,0.49999999999999956,0.051372315929963726,0.50000000000000044,0.0095919328741854819,5.0604757849206019e-16,4.8539744040399503e-18,0,0.5,0.01,0.01,2,exact-closure,deterministic_bound_only_refinement_rule,L1|fixed-d1|all|parent|c6-overlay|0.253211|0.198364|0.198364|0.000000|0.009592|0.000000,0.12660569730604074,2,0,False,False
round39_small_hard_V12_M3_Q30_slot08_seed1288546114,strongest_k4_positive_control,stage1-atlas__round39_small_hard_V12_M3_Q30_slot08_seed1288546114__d1-all,fixed-d1,all,parent,L2,,0,0.25321139461208148,0.37981709191812218,4,all,c6-overlay,exact-closure,0.37981709191812218,0.32496933294190877,0.32496933294190888,0.32496933294190883,"[0.25321139461208148,0.3165142432651018];[0.3165142432651018,0.37981709191812218]",0.0040072506475872117,0.002003625323793605,0.0020036253237936067,0.49999999999999978,0.087216372107224854,0.50000000000000022,0.0095919328741855062,0,0,0,0.5,0.01,0.01,2,exact-closure,deterministic_bound_only_refinement_rule,L2|fixed-d1|all|parent|c6-overlay|0.379817|0.324969|0.324969|0.000000|0.009592|0.000000,0.1266056973060407,2,0,False,False
round39_small_hard_V12_M3_Q30_slot08_seed1288546114,strongest_k4_positive_control,stage1-atlas__round39_small_hard_V12_M3_Q30_slot08_seed1288546114__d1-all,fixed-d1,all,parent,L3,,0,0.37981709191812218,0.50642278922416295,4,all,c6-overlay,split,0.506422689224163,0.45157503024794959,0.45157503024794959,0.45157503024794959,"[0.37981709191812218,0.44311994057114257];[0.44311994057114257,0.50642278922416295]",0.0034720193854285743,0.0017360096927142923,0.0017360096927142819,0.50000000000000155,0.24999999999999925,0.4999999999999985,0.0083107795872348882,0,0,0,0.5,0.01,0.01,2,split,deterministic_bound_only_refinement_rule,L3|fixed-d1|all|parent|c6-overlay|0.506423|0.451575|0.451575|0.000000|0.008311|0.000000,0.12660569730604077,2,0,False,False
round39_small_hard_V12_M3_Q30_slot08_seed1288546114,strongest_k4_positive_control,stage1-atlas__round39_small_hard_V12_M3_Q30_slot08_seed1288546114__d1-violated,fixed-d1,violated,parent,L0,,0,0,0.12660569730604074,4,violated,c6-overlay,native-target,0.12660569730604074,0.093948255393593263,0.094812110477775061,0.094812110477775102,"[0,0.063302848653020369];[0.063302848653020369,0.12660569730604074]",0.0026959826631355794,0.0014026758192198941,0.0012933068439156853,0.52028369410525188,0.024765732964636529,0.47971630589474812,0.0061914332411591323,1.3094893523127049e-15,8.1076159048528236e-18,0,0.5,0.01,0.01,1,native-target,deterministic_bound_only_refinement_rule,L0|fixed-d1|violated|parent|c6-overlay|0.126606|0.094812|0.094812|0.000000|0.006191|0.000000,0.12660569730604074,2,1,False,False
round39_small_hard_V12_M3_Q30_slot08_seed1288546114,strongest_k4_positive_control,stage1-atlas__round39_small_hard_V12_M3_Q30_slot08_seed1288546114__d1-violated,fixed-d1,violated,parent,L1,,0,0.12660569730604074,0.25321139461208148,4,violated,c6-overlay,exact-closure,0.25321139461208148,0.1983636356358682,0.1983636356358682,0.19836363563586817,"[0.12660569730604074,0.18990854595906109];[0.18990854595906109,0.25321139461208148]",0.0040072506475871995,0.002003625323793598,0.0020036253237936015,0.49999999999999956,0.051372315929963726,0.50000000000000044,0.0095919328741854819,0,0,0,0.5,0.01,0.01,0,exact-closure,deterministic_bound_only_refinement_rule,L1|fixed-d1|violated|parent|c6-overlay|0.253211|0.198364|0.198364|0.000000|0.009592|0.000000,0.12660569730604074,2,0,False,False
round39_small_hard_V12_M3_Q30_slot08_seed1288546114,strongest_k4_positive_control,stage1-atlas__round39_small_hard_V12_M3_Q30_slot08_seed1288546114__d1-violated,fixed-d1,violated,parent,L2,,0,0.25321139461208148,0.37981709191812218,4,violated,c6-overlay,exact-closure,0.37981709191812218,0.32496933294190877,0.32496933294190877,0.32496933294190883,"[0.25321139461208148,0.3165142432651018];[0.3165142432651018,0.37981709191812218]",0.0040072506475872117,0.002003625323793605,0.0020036253237936067,0.49999999999999978,0.087216372107224854,0.50000000000000022,0.0095919328741855062,1.0120951569841188e-15,9.7079488080799098e-18,0,0.5,0.01,0.01,0,exact-closure,deterministic_bound_only_refinement_rule,L2|fixed-d1|violated|parent|c6-overlay|0.379817|0.324969|0.324969|0.000000|0.009592|0.000000,0.1266056973060407,2,0,False,False
round39_small_hard_V12_M3_Q30_slot08_seed1288546114,strongest_k4_positive_control,stage1-atlas__round39_small_hard_V12_M3_Q30_slot08_seed1288546114__d1-violated,fixed-d1,violated,parent,L3,,0,0.37981709191812218,0.50642278922416295,4,violated,c6-overlay,split,0.506422689224163,0.45157503024794959,0.45157503024794959,0.45157503024794959,"[0.37981709191812218,0.44311994057114257];[0.44311994057114257,0.50642278922416295]",0.0034720193854285743,0.0017360096927142923,0.0017360096927142819,0.50000000000000155,0.24999999999999925,0.4999999999999985,0.0083107795872348882,0,0,0,0.5,0.01,0.01,0,split,deterministic_bound_only_refinement_rule,L3|fixed-d1|violated|parent|c6-overlay|0.506423|0.451575|0.451575|0.000000|0.008311|0.000000,0.12660569730604077,2,0,False,False
round39_small_hard_V12_M3_Q30_slot08_seed1288546114,strongest_k4_positive_control,stage1-atlas__round39_small_hard_V12_M3_Q30_slot08_seed1288546114__d1-active-one,fixed-d1,active-one,parent,L0,,0,0,0.12660569730604074,4,active-one,c6-overlay,native-target,0.12660569730604074,0.093948255393593263,0.094812110477775061,0.094812110477775102,"[0,0.063302848653020369];[0.063302848653020369,0.12660569730604074]",0.0026959826631355794,0.0014026758192198941,0.0012933068439156853,0.52028369410525188,0.024765732964636529,0.47971630589474812,0.0061914332411591323,1.3094893523127049e-15,8.1076159048528236e-18,0,0.5,0.01,0.01,1,native-target,deterministic_bound_only_refinement_rule,L0|fixed-d1|active-one|parent|c6-overlay|0.126606|0.094812|0.094812|0.000000|0.006191|0.000000,0.12660569730604074,2,1,False,False
round39_small_hard_V12_M3_Q30_slot08_seed1288546114,strongest_k4_positive_control,stage1-atlas__round39_small_hard_V12_M3_Q30_slot08_seed1288546114__d1-active-one,fixed-d1,active-one,parent,L1,,0,0.12660569730604074,0.25321139461208148,4,active-one,c6-overlay,exact-closure,0.25321139461208148,0.1983636356358682,0.1983636356358682,0.19836363563586817,"[0.12660569730604074,0.18990854595906109];[0.18990854595906109,0.25321139461208148]",0.0040072506475871995,0.002003625323793598,0.0020036253237936015,0.49999999999999956,0.051372315929963726,0.50000000000000044,0.0095919328741854819,0,0,0,0.5,0.01,0.01,0,exact-closure,deterministic_bound_only_refinement_rule,L1|fixed-d1|active-one|parent|c6-overlay|0.253211|0.198364|0.198364|0.000000|0.009592|0.000000,0.12660569730604074,2,0,False,False
round39_small_hard_V12_M3_Q30_slot08_seed1288546114,strongest_k4_positive_control,stage1-atlas__round39_small_hard_V12_M3_Q30_slot08_seed1288546114__d1-active-one,fixed-d1,active-one,parent,L2,,0,0.25321139461208148,0.37981709191812218,4,active-one,c6-overlay,exact-closure,0.37981709191812218,0.32496933294190877,0.32496933294190877,0.32496933294190883,"[0.25321139461208148,0.3165142432651018];[0.3165142432651018,0.37981709191812218]",0.0040072506475872117,0.002003625323793605,0.0020036253237936067,0.49999999999999978,0.087216372107224854,0.50000000000000022,0.0095919328741855062,1.0120951569841188e-15,9.7079488080799098e-18,0,0.5,0.01,0.01,0,exact-closure,deterministic_bound_only_refinement_rule,L2|fixed-d1|active-one|parent|c6-overlay|0.379817|0.324969|0.324969|0.000000|0.009592|0.000000,0.1266056973060407,2,0,False,False
round39_small_hard_V12_M3_Q30_slot08_seed1288546114,strongest_k4_positive_control,stage1-atlas__round39_small_hard_V12_M3_Q30_slot08_seed1288546114__d1-active-one,fixed-d1,active-one,parent,L3,,0,0.37981709191812218,0.50642278922416295,4,active-one,c6-overlay,split,0.506422689224163,0.45157503024794959,0.45157503024794959,0.45157503024794959,"[0.37981709191812218,0.44311994057114257];[0.44311994057114257,0.50642278922416295]",0.0034720193854285743,0.0017360096927142923,0.0017360096927142819,0.50000000000000155,0.24999999999999925,0.4999999999999985,0.0083107795872348882,0,0,0,0.5,0.01,0.01,0,split,deterministic_bound_only_refinement_rule,L3|fixed-d1|active-one|parent|c6-overlay|0.506423|0.451575|0.451575|0.000000|0.008311|0.000000,0.12660569730604077,2,0,False,False
round39_small_hard_V12_M3_Q30_slot08_seed1288546114,strongest_k4_positive_control,stage1-atlas__round39_small_hard_V12_M3_Q30_slot08_seed1288546114__d2-none,fixed-d2,none,parent,L0,,0,0,0.12660569730604074,4,none,c6-overlay,native-target,0.12660569730604074,0.093948255393593263,0.093948255393593263,0.11484319998575677,"[0,0.031651424326510184];[0.031651424326510184,0.063302848653020369];[0.063302848653020369,0.094954272979530546];[0.094954272979530546,0.12660569730604074]",0.0050847175899051411,0.0041947154751716693,0.00089000211473347184,0.82496528096261967,0.017042788271897463,0.1750347190373803,0.0042606970679743656,0.63982184055265345,0.0027260870400686527,0,0.5,0.01,0.01,0,native-target,deterministic_bound_only_refinement_rule,L0|fixed-d2|none|parent|c6-overlay|0.126606|0.093948|0.114843|0.639822|0.004261|0.002726,0.12660569730604074,4,2,False,False
round39_small_hard_V12_M3_Q30_slot08_seed1288546114,strongest_k4_positive_control,stage1-atlas__round39_small_hard_V12_M3_Q30_slot08_seed1288546114__d2-none,fixed-d2,none,parent,L1,,0,0.12660569730604074,0.25321139461208148,4,none,c6-overlay,exact-closure,0.25321139461208148,0.1983636356358682,0.1983636356358682,0.19836363563586815,"[0.12660569730604074,0.1582571216325509];[0.1582571216325509,0.18990854595906109];[0.18990854595906109,0.22155997028557128];[0.22155997028557128,0.25321139461208148]",0.0060108759713808002,0.004508156978535599,0.0015027189928452011,0.74999999999999978,0.038529236947472796,0.25000000000000017,0.0071939496556391114,0,0,0,0.5,0.01,0.01,0,exact-closure,deterministic_bound_only_refinement_rule,L1|fixed-d2|none|parent|c6-overlay|0.253211|0.198364|0.198364|0.000000|0.007194|0.000000,0.12660569730604074,2,0,False,False
round39_small_hard_V12_M3_Q30_slot08_seed1288546114,strongest_k4_positive_control,stage1-atlas__round39_small_hard_V12_M3_Q30_slot08_seed1288546114__d2-none,fixed-d2,none,parent,L2,,0,0.25321139461208148,0.37981709191812218,4,none,c6-overlay,exact-closure,0.37981709191812218,0.32496933294190877,0.32496933294190877,0.32496933294190883,"[0.25321139461208148,0.28486281893859167];[0.28486281893859167,0.3165142432651018];[0.3165142432651018,0.34816566759161199];[0.34816566759161199,0.37981709191812218]",0.0060108759713808141,0.004508156978535606,0.0015027189928452081,0.74999999999999922,0.065412279080418773,0.25000000000000078,0.0071939496556391444,1.0120951569841188e-15,7.2809616060599478e-18,0,0.5,0.01,0.01,0,exact-closure,deterministic_bound_only_refinement_rule,L2|fixed-d2|none|parent|c6-overlay|0.379817|0.324969|0.324969|0.000000|0.007194|0.000000,0.1266056973060407,2,0,False,False
round39_small_hard_V12_M3_Q30_slot08_seed1288546114,strongest_k4_positive_control,stage1-atlas__round39_small_hard_V12_M3_Q30_slot08_seed1288546114__d2-none,fixed-d2,none,parent,L3,,0,0.37981709191812218,0.50642278922416295,4,none,c6-overlay,split,0.506422689224163,0.45157503024794959,0.45157503024794959,0.45157503024794976,"[0.37981709191812218,0.41146851624463238];[0.41146851624463238,0.44311994057114257];[0.44311994057114257,0.47477136489765276];[0.47477136489765276,0.50642278922416295]",0.0044738320473253785,0.002604014539071442,0.0018698175082539365,0.5820546036430263,0.2692694511011684,0.4179453963569737,0.0089513562307101599,3.0362910068048026e-15,2.7178922422011394e-17,0,0.5,0.01,0.01,0,split,deterministic_bound_only_refinement_rule,L3|fixed-d2|none|parent|c6-overlay|0.506423|0.451575|0.451575|0.000000|0.008951|0.000000,0.12660569730604077,2,0,False,False
round39_small_hard_V12_M3_Q30_slot08_seed1288546114,strongest_k4_positive_control,stage1-atlas__round39_small_hard_V12_M3_Q30_slot08_seed1288546114__d2-all,fixed-d2,all,parent,L0,,0,0,0.12660569730604074,4,all,c6-overlay,native-target,0.12660569730604074,0.093948255393593263,0.11484319998575675,0.11484319998575677,"[0,0.031651424326510184];[0.031651424326510184,0.063302848653020369];[0.063302848653020369,0.094954272979530546];[0.094954272979530546,0.12660569730604074]",0.0050847175899051411,0.0041947154751716693,0.00089000211473347184,0.82496528096261967,0.017042788271897463,0.1750347190373803,0.0042606970679743656,2.3596669023478079e-15,1.0053825852229459e-17,0,0.5,0.01,0.01,4,native-target,deterministic_bound_only_refinement_rule,L0|fixed-d2|all|parent|c6-overlay|0.126606|0.114843|0.114843|0.000000|0.004261|0.000000,0.12660569730604074,4,2,False,False
round39_small_hard_V12_M3_Q30_slot08_seed1288546114,strongest_k4_positive_control,stage1-atlas__round39_small_hard_V12_M3_Q30_slot08_seed1288546114__d2-all,fixed-d2,all,parent,L1,,0,0.12660569730604074,0.25321139461208148,4,all,c6-overlay,exact-closure,0.25321139461208148,0.1983636356358682,0.19836363563586815,0.19836363563586815,"[0.12660569730604074,0.1582571216325509];[0.1582571216325509,0.18990854595906109];[0.18990854595906109,0.22155997028557128];[0.22155997028557128,0.25321139461208148]",0.0060108759713808002,0.004508156978535599,0.0015027189928452011,0.74999999999999978,0.038529236947472796,0.25000000000000017,0.0071939496556391114,0,0,0,0.5,0.01,0.01,2,exact-closure,deterministic_bound_only_refinement_rule,L1|fixed-d2|all|parent|c6-overlay|0.253211|0.198364|0.198364|0.000000|0.007194|0.000000,0.12660569730604074,2,0,False,False
round39_small_hard_V12_M3_Q30_slot08_seed1288546114,strongest_k4_positive_control,stage1-atlas__round39_small_hard_V12_M3_Q30_slot08_seed1288546114__d2-all,fixed-d2,all,parent,L2,,0,0.25321139461208148,0.37981709191812218,4,all,c6-overlay,exact-closure,0.37981709191812218,0.32496933294190877,0.32496933294190888,0.32496933294190883,"[0.25321139461208148,0.28486281893859167];[0.28486281893859167,0.3165142432651018];[0.3165142432651018,0.34816566759161199];[0.34816566759161199,0.37981709191812218]",0.0060108759713808141,0.004508156978535606,0.0015027189928452081,0.74999999999999922,0.065412279080418773,0.25000000000000078,0.0071939496556391444,0,0,0,0.5,0.01,0.01,2,exact-closure,deterministic_bound_only_refinement_rule,L2|fixed-d2|all|parent|c6-overlay|0.379817|0.324969|0.324969|0.000000|0.007194|0.000000,0.1266056973060407,2,0,False,False
round39_small_hard_V12_M3_Q30_slot08_seed1288546114,strongest_k4_positive_control,stage1-atlas__round39_small_hard_V12_M3_Q30_slot08_seed1288546114__d2-all,fixed-d2,all,parent,L3,,0,0.37981709191812218,0.50642278922416295,4,all,c6-overlay,split,0.506422689224163,0.45157503024794959,0.45157503024794959,0.45157503024794976,"[0.37981709191812218,0.41146851624463238];[0.41146851624463238,0.44311994057114257];[0.44311994057114257,0.47477136489765276];[0.47477136489765276,0.50642278922416295]",0.0044738320473253785,0.002604014539071442,0.0018698175082539365,0.5820546036430263,0.2692694511011684,0.4179453963569737,0.0089513562307101599,3.0362910068048026e-15,2.7178922422011394e-17,0,0.5,0.01,0.01,2,split,deterministic_bound_only_refinement_rule,L3|fixed-d2|all|parent|c6-overlay|0.506423|0.451575|0.451575|0.000000|0.008951|0.000000,0.12660569730604077,2,0,False,False
round39_small_hard_V12_M3_Q30_slot08_seed1288546114,strongest_k4_positive_control,stage1-atlas__round39_small_hard_V12_M3_Q30_slot08_seed1288546114__d2-violated,fixed-d2,violated,parent,L0,,0,0,0.12660569730604074,4,violated,c6-overlay,native-target,0.12660569730604074,0.093948255393593263,0.11484319998575677,0.11484319998575677,"[0,0.031651424326510184];[0.031651424326510184,0.063302848653020369];[0.063302848653020369,0.094954272979530546];[0.094954272979530546,0.12660569730604074]",0.0050847175899051411,0.0041947154751716693,0.00089000211473347184,0.82496528096261967,0.017042788271897463,0.1750347190373803,0.0042606970679743656,0,0,0,0.5,0.01,0.01,2,native-target,deterministic_bound_only_refinement_rule,L0|fixed-d2|violated|parent|c6-overlay|0.126606|0.114843|0.114843|0.000000|0.004261|0.000000,0.12660569730604074,4,2,False,False
round39_small_hard_V12_M3_Q30_slot08_seed1288546114,strongest_k4_positive_control,stage1-atlas__round39_small_hard_V12_M3_Q30_slot08_seed1288546114__d2-violated,fixed-d2,violated,parent,L1,,0,0.12660569730604074,0.25321139461208148,4,violated,c6-overlay,exact-closure,0.25321139461208148,0.1983636356358682,0.1983636356358682,0.19836363563586815,"[0.12660569730604074,0.1582571216325509];[0.1582571216325509,0.18990854595906109];[0.18990854595906109,0.22155997028557128];[0.22155997028557128,0.25321139461208148]",0.0060108759713808002,0.004508156978535599,0.0015027189928452011,0.74999999999999978,0.038529236947472796,0.25000000000000017,0.0071939496556391114,0,0,0,0.5,0.01,0.01,0,exact-closure,deterministic_bound_only_refinement_rule,L1|fixed-d2|violated|parent|c6-overlay|0.253211|0.198364|0.198364|0.000000|0.007194|0.000000,0.12660569730604074,2,0,False,False
round39_small_hard_V12_M3_Q30_slot08_seed1288546114,strongest_k4_positive_control,stage1-atlas__round39_small_hard_V12_M3_Q30_slot08_seed1288546114__d2-violated,fixed-d2,violated,parent,L2,,0,0.25321139461208148,0.37981709191812218,4,violated,c6-overlay,exact-closure,0.37981709191812218,0.32496933294190877,0.32496933294190877,0.32496933294190883,"[0.25321139461208148,0.28486281893859167];[0.28486281893859167,0.3165142432651018];[0.3165142432651018,0.34816566759161199];[0.34816566759161199,0.37981709191812218]",0.0060108759713808141,0.004508156978535606,0.0015027189928452081,0.74999999999999922,0.065412279080418773,0.25000000000000078,0.0071939496556391444,1.0120951569841188e-15,7.2809616060599478e-18,0,0.5,0.01,0.01,0,exact-closure,deterministic_bound_only_refinement_rule,L2|fixed-d2|violated|parent|c6-overlay|0.379817|0.324969|0.324969|0.000000|0.007194|0.000000,0.1266056973060407,2,0,False,False
round39_small_hard_V12_M3_Q30_slot08_seed1288546114,strongest_k4_positive_control,stage1-atlas__round39_small_hard_V12_M3_Q30_slot08_seed1288546114__d2-violated,fixed-d2,violated,parent,L3,,0,0.37981709191812218,0.50642278922416295,4,violated,c6-overlay,split,0.506422689224163,0.45157503024794959,0.45157503024794959,0.45157503024794976,"[0.37981709191812218,0.41146851624463238];[0.41146851624463238,0.44311994057114257];[0.44311994057114257,0.47477136489765276];[0.47477136489765276,0.50642278922416295]",0.0044738320473253785,0.002604014539071442,0.0018698175082539365,0.5820546036430263,0.2692694511011684,0.4179453963569737,0.0089513562307101599,3.0362910068048026e-15,2.7178922422011394e-17,0,0.5,0.01,0.01,0,split,deterministic_bound_only_refinement_rule,L3|fixed-d2|violated|parent|c6-overlay|0.506423|0.451575|0.451575|0.000000|0.008951|0.000000,0.12660569730604077,2,0,False,False
round39_small_hard_V12_M3_Q30_slot08_seed1288546114,strongest_k4_positive_control,stage1-atlas__round39_small_hard_V12_M3_Q30_slot08_seed1288546114__d2-active-one,fixed-d2,active-one,parent,L0,,0,0,0.12660569730604074,4,active-one,c6-overlay,native-target,0.12660569730604074,0.093948255393593263,0.11345644229156139,0.11484319998575677,"[0,0.031651424326510184];[0.031651424326510184,0.063302848653020369];[0.063302848653020369,0.094954272979530546];[0.094954272979530546,0.12660569730604074]",0.0050847175899051411,0.0041947154751716693,0.00089000211473347184,0.82496528096261967,0.017042788271897463,0.1750347190373803,0.0042606970679743656,0.10546283364862505,0.00044934518610696499,0,0.5,0.01,0.01,1,native-target,deterministic_bound_only_refinement_rule,L0|fixed-d2|active-one|parent|c6-overlay|0.126606|0.113456|0.114843|0.105463|0.004261|0.000449,0.12660569730604074,4,2,False,False
round39_small_hard_V12_M3_Q30_slot08_seed1288546114,strongest_k4_positive_control,stage1-atlas__round39_small_hard_V12_M3_Q30_slot08_seed1288546114__d2-active-one,fixed-d2,active-one,parent,L1,,0,0.12660569730604074,0.25321139461208148,4,active-one,c6-overlay,exact-closure,0.25321139461208148,0.1983636356358682,0.1983636356358682,0.19836363563586815,"[0.12660569730604074,0.1582571216325509];[0.1582571216325509,0.18990854595906109];[0.18990854595906109,0.22155997028557128];[0.22155997028557128,0.25321139461208148]",0.0060108759713808002,0.004508156978535599,0.0015027189928452011,0.74999999999999978,0.038529236947472796,0.25000000000000017,0.0071939496556391114,0,0,0,0.5,0.01,0.01,0,exact-closure,deterministic_bound_only_refinement_rule,L1|fixed-d2|active-one|parent|c6-overlay|0.253211|0.198364|0.198364|0.000000|0.007194|0.000000,0.12660569730604074,2,0,False,False
round39_small_hard_V12_M3_Q30_slot08_seed1288546114,strongest_k4_positive_control,stage1-atlas__round39_small_hard_V12_M3_Q30_slot08_seed1288546114__d2-active-one,fixed-d2,active-one,parent,L2,,0,0.25321139461208148,0.37981709191812218,4,active-one,c6-overlay,exact-closure,0.37981709191812218,0.32496933294190877,0.32496933294190877,0.32496933294190883,"[0.25321139461208148,0.28486281893859167];[0.28486281893859167,0.3165142432651018];[0.3165142432651018,0.34816566759161199];[0.34816566759161199,0.37981709191812218]",0.0060108759713808141,0.004508156978535606,0.0015027189928452081,0.74999999999999922,0.065412279080418773,0.25000000000000078,0.0071939496556391444,1.0120951569841188e-15,7.2809616060599478e-18,0,0.5,0.01,0.01,0,exact-closure,deterministic_bound_only_refinement_rule,L2|fixed-d2|active-one|parent|c6-overlay|0.379817|0.324969|0.324969|0.000000|0.007194|0.000000,0.1266056973060407,2,0,False,False
round39_small_hard_V12_M3_Q30_slot08_seed1288546114,strongest_k4_positive_control,stage1-atlas__round39_small_hard_V12_M3_Q30_slot08_seed1288546114__d2-active-one,fixed-d2,active-one,parent,L3,,0,0.37981709191812218,0.50642278922416295,4,active-one,c6-overlay,split,0.506422689224163,0.45157503024794959,0.45157503024794959,0.45157503024794976,"[0.37981709191812218,0.41146851624463238];[0.41146851624463238,0.44311994057114257];[0.44311994057114257,0.47477136489765276];[0.47477136489765276,0.50642278922416295]",0.0044738320473253785,0.002604014539071442,0.0018698175082539365,0.5820546036430263,0.2692694511011684,0.4179453963569737,0.0089513562307101599,3.0362910068048026e-15,2.7178922422011394e-17,0,0.5,0.01,0.01,0,split,deterministic_bound_only_refinement_rule,L3|fixed-d2|active-one|parent|c6-overlay|0.506423|0.451575|0.451575|0.000000|0.008951|0.000000,0.12660569730604077,2,0,False,False
round39_small_hard_V12_M3_Q30_slot08_seed1288546114,strongest_k4_positive_control,stage1-atlas__round39_small_hard_V12_M3_Q30_slot08_seed1288546114__frontier-d2-none,frontier-d2,none,parent,L0,,0,0,0.12660569730604074,4,none,c6-overlay,native-target,0.12660569730604074,0.093948255393593263,0.093948255393593263,0.11484319998575677,"[0,0.031651424326510184];[0.031651424326510184,0.063302848653020369];[0.063302848653020369,0.12660569730604074]",0.0041022838332815288,0.0033738514317717353,0.00072843240150979351,0.82243247149305598,0.013948864821561664,0.17756752850694404,0.0034872162053904161,0.63982184055265345,0.0022311970909379359,0,0.5,0.01,0.01,0,native-target,deterministic_bound_only_refinement_rule,L0|frontier-d2|none|parent|c6-overlay|0.126606|0.093948|0.114843|0.639822|0.003487|0.002231,0.12660569730604074,3,3,False,False
round39_small_hard_V12_M3_Q30_slot08_seed1288546114,strongest_k4_positive_control,stage1-atlas__round39_small_hard_V12_M3_Q30_slot08_seed1288546114__frontier-d2-none,frontier-d2,none,parent,L1,,0,0.12660569730604074,0.25321139461208148,4,none,c6-overlay,exact-closure,0.25321139461208148,0.1983636356358682,0.1983636356358682,0.19836363563586815,"[0.12660569730604074,0.1582571216325509];[0.1582571216325509,0.18990854595906109];[0.18990854595906109,0.25321139461208148]",0.0050090633094839994,0.0030054379856903971,0.0020036253237936024,0.59999999999999953,0.051372315929963747,0.40000000000000052,0.0095919328741854853,0,0,0,0.5,0.01,0.01,0,exact-closure,deterministic_bound_only_refinement_rule,L1|frontier-d2|none|parent|c6-overlay|0.253211|0.198364|0.198364|0.000000|0.009592|0.000000,0.12660569730604074,2,0,False,False
round39_small_hard_V12_M3_Q30_slot08_seed1288546114,strongest_k4_positive_control,stage1-atlas__round39_small_hard_V12_M3_Q30_slot08_seed1288546114__frontier-d2-none,frontier-d2,none,parent,L2,,0,0.25321139461208148,0.37981709191812218,4,none,c6-overlay,exact-closure,0.37981709191812218,0.32496933294190877,0.32496933294190877,0.32496933294190883,"[0.25321139461208148,0.28486281893859167];[0.28486281893859167,0.3165142432651018];[0.3165142432651018,0.37981709191812218]",0.0050090633094840159,0.003005437985690404,0.0020036253237936119,0.59999999999999887,0.087216372107225076,0.40000000000000113,0.0095919328741855322,1.0120951569841188e-15,9.707948808079936e-18,0,0.5,0.01,0.01,0,exact-closure,deterministic_bound_only_refinement_rule,L2|frontier-d2|none|parent|c6-overlay|0.379817|0.324969|0.324969|0.000000|0.009592|0.000000,0.1266056973060407,2,0,False,False
round39_small_hard_V12_M3_Q30_slot08_seed1288546114,strongest_k4_positive_control,stage1-atlas__round39_small_hard_V12_M3_Q30_slot08_seed1288546114__frontier-d2-none,frontier-d2,none,parent,L3,,0,0.37981709191812218,0.50642278922416295,4,none,c6-overlay,split,0.506422689224163,0.45157503024794959,0.45157503024794959,0.45157503024794976,"[0.37981709191812218,0.41146851624463238];[0.41146851624463238,0.44311994057114257];[0.44311994057114257,0.50642278922416295]",0.0044738320473253785,0.002604014539071442,0.0018698175082539365,0.5820546036430263,0.2692694511011684,0.4179453963569737,0.0089513562307101599,3.0362910068048026e-15,2.7178922422011394e-17,0,0.5,0.01,0.01,0,split,deterministic_bound_only_refinement_rule,L3|frontier-d2|none|parent|c6-overlay|0.506423|0.451575|0.451575|0.000000|0.008951|0.000000,0.12660569730604077,2,0,False,False
round39_small_hard_V12_M3_Q30_slot08_seed1288546114,strongest_k4_positive_control,stage1-atlas__round39_small_hard_V12_M3_Q30_slot08_seed1288546114__frontier-d2-all,frontier-d2,all,parent,L0,,0,0,0.12660569730604074,4,all,c6-overlay,native-target,0.12660569730604074,0.093948255393593263,0.11484319998575677,0.11484319998575677,"[0,0.031651424326510184];[0.031651424326510184,0.063302848653020369];[0.063302848653020369,0.12660569730604074]",0.0041022838332815288,0.0033738514317717353,0.00072843240150979351,0.82243247149305598,0.013948864821561664,0.17756752850694404,0.0034872162053904161,0,0,0,0.5,0.01,0.01,3,native-target,deterministic_bound_only_refinement_rule,L0|frontier-d2|all|parent|c6-overlay|0.126606|0.114843|0.114843|0.000000|0.003487|0.000000,0.12660569730604074,3,3,False,False
round39_small_hard_V12_M3_Q30_slot08_seed1288546114,strongest_k4_positive_control,stage1-atlas__round39_small_hard_V12_M3_Q30_slot08_seed1288546114__frontier-d2-all,frontier-d2,all,parent,L1,,0,0.12660569730604074,0.25321139461208148,4,all,c6-overlay,exact-closure,0.25321139461208148,0.1983636356358682,0.19836363563586815,0.19836363563586815,"[0.12660569730604074,0.1582571216325509];[0.1582571216325509,0.18990854595906109];[0.18990854595906109,0.25321139461208148]",0.0050090633094839994,0.0030054379856903971,0.0020036253237936024,0.59999999999999953,0.051372315929963747,0.40000000000000052,0.0095919328741854853,0,0,0,0.5,0.01,0.01,2,exact-closure,deterministic_bound_only_refinement_rule,L1|frontier-d2|all|parent|c6-overlay|0.253211|0.198364|0.198364|0.000000|0.009592|0.000000,0.12660569730604074,2,0,False,False
round39_small_hard_V12_M3_Q30_slot08_seed1288546114,strongest_k4_positive_control,stage1-atlas__round39_small_hard_V12_M3_Q30_slot08_seed1288546114__frontier-d2-all,frontier-d2,all,parent,L2,,0,0.25321139461208148,0.37981709191812218,4,all,c6-overlay,exact-closure,0.37981709191812218,0.32496933294190877,0.32496933294190888,0.32496933294190883,"[0.25321139461208148,0.28486281893859167];[0.28486281893859167,0.3165142432651018];[0.3165142432651018,0.37981709191812218]",0.0050090633094840159,0.003005437985690404,0.0020036253237936119,0.59999999999999887,0.087216372107225076,0.40000000000000113,0.0095919328741855322,0,0,0,0.5,0.01,0.01,2,exact-closure,deterministic_bound_only_refinement_rule,L2|frontier-d2|all|parent|c6-overlay|0.379817|0.324969|0.324969|0.000000|0.009592|0.000000,0.1266056973060407,2,0,False,False
round39_small_hard_V12_M3_Q30_slot08_seed1288546114,strongest_k4_positive_control,stage1-atlas__round39_small_hard_V12_M3_Q30_slot08_seed1288546114__frontier-d2-all,frontier-d2,all,parent,L3,,0,0.37981709191812218,0.50642278922416295,4,all,c6-overlay,split,0.506422689224163,0.45157503024794959,0.45157503024794959,0.45157503024794976,"[0.37981709191812218,0.41146851624463238];[0.41146851624463238,0.44311994057114257];[0.44311994057114257,0.50642278922416295]",0.0044738320473253785,0.002604014539071442,0.0018698175082539365,0.5820546036430263,0.2692694511011684,0.4179453963569737,0.0089513562307101599,3.0362910068048026e-15,2.7178922422011394e-17,0,0.5,0.01,0.01,2,split,deterministic_bound_only_refinement_rule,L3|frontier-d2|all|parent|c6-overlay|0.506423|0.451575|0.451575|0.000000|0.008951|0.000000,0.12660569730604077,2,0,False,False
round39_small_hard_V12_M3_Q30_slot08_seed1288546114,strongest_k4_positive_control,stage1-atlas__round39_small_hard_V12_M3_Q30_slot08_seed1288546114__frontier-d2-violated,frontier-d2,violated,parent,L0,,0,0,0.12660569730604074,4,violated,c6-overlay,native-target,0.12660569730604074,0.093948255393593263,0.11484319998575677,0.11484319998575677,"[0,0.031651424326510184];[0.031651424326510184,0.063302848653020369];[0.063302848653020369,0.12660569730604074]",0.0041022838332815288,0.0033738514317717353,0.00072843240150979351,0.82243247149305598,0.013948864821561664,0.17756752850694404,0.0034872162053904161,0,0,0,0.5,0.01,0.01,3,native-target,deterministic_bound_only_refinement_rule,L0|frontier-d2|violated|parent|c6-overlay|0.126606|0.114843|0.114843|0.000000|0.003487|0.000000,0.12660569730604074,3,3,False,False
round39_small_hard_V12_M3_Q30_slot08_seed1288546114,strongest_k4_positive_control,stage1-atlas__round39_small_hard_V12_M3_Q30_slot08_seed1288546114__frontier-d2-violated,frontier-d2,violated,parent,L1,,0,0.12660569730604074,0.25321139461208148,4,violated,c6-overlay,exact-closure,0.25321139461208148,0.1983636356358682,0.1983636356358682,0.19836363563586815,"[0.12660569730604074,0.1582571216325509];[0.1582571216325509,0.18990854595906109];[0.18990854595906109,0.25321139461208148]",0.0050090633094839994,0.0030054379856903971,0.0020036253237936024,0.59999999999999953,0.051372315929963747,0.40000000000000052,0.0095919328741854853,0,0,0,0.5,0.01,0.01,0,exact-closure,deterministic_bound_only_refinement_rule,L1|frontier-d2|violated|parent|c6-overlay|0.253211|0.198364|0.198364|0.000000|0.009592|0.000000,0.12660569730604074,2,0,False,False
round39_small_hard_V12_M3_Q30_slot08_seed1288546114,strongest_k4_positive_control,stage1-atlas__round39_small_hard_V12_M3_Q30_slot08_seed1288546114__frontier-d2-violated,frontier-d2,violated,parent,L2,,0,0.25321139461208148,0.37981709191812218,4,violated,c6-overlay,exact-closure,0.37981709191812218,0.32496933294190877,0.32496933294190877,0.32496933294190883,"[0.25321139461208148,0.28486281893859167];[0.28486281893859167,0.3165142432651018];[0.3165142432651018,0.37981709191812218]",0.0050090633094840159,0.003005437985690404,0.0020036253237936119,0.59999999999999887,0.087216372107225076,0.40000000000000113,0.0095919328741855322,1.0120951569841188e-15,9.707948808079936e-18,0,0.5,0.01,0.01,0,exact-closure,deterministic_bound_only_refinement_rule,L2|frontier-d2|violated|parent|c6-overlay|0.379817|0.324969|0.324969|0.000000|0.009592|0.000000,0.1266056973060407,2,0,False,False
round39_small_hard_V12_M3_Q30_slot08_seed1288546114,strongest_k4_positive_control,stage1-atlas__round39_small_hard_V12_M3_Q30_slot08_seed1288546114__frontier-d2-violated,frontier-d2,violated,parent,L3,,0,0.37981709191812218,0.50642278922416295,4,violated,c6-overlay,split,0.506422689224163,0.45157503024794959,0.45157503024794959,0.45157503024794976,"[0.37981709191812218,0.41146851624463238];[0.41146851624463238,0.44311994057114257];[0.44311994057114257,0.50642278922416295]",0.0044738320473253785,0.002604014539071442,0.0018698175082539365,0.5820546036430263,0.2692694511011684,0.4179453963569737,0.0089513562307101599,3.0362910068048026e-15,2.7178922422011394e-17,0,0.5,0.01,0.01,0,split,deterministic_bound_only_refinement_rule,L3|frontier-d2|violated|parent|c6-overlay|0.506423|0.451575|0.451575|0.000000|0.008951|0.000000,0.12660569730604077,2,0,False,False
round39_small_hard_V12_M3_Q30_slot08_seed1288546114,strongest_k4_positive_control,stage1-atlas__round39_small_hard_V12_M3_Q30_slot08_seed1288546114__frontier-d2-active-one,frontier-d2,active-one,parent,L0,,0,0,0.12660569730604074,4,active-one,c6-overlay,native-target,0.12660569730604074,0.093948255393593263,0.11345644229156139,0.11484319998575677,"[0,0.031651424326510184];[0.031651424326510184,0.063302848653020369];[0.063302848653020369,0.12660569730604074]",0.0041022838332815288,0.0033738514317717353,0.00072843240150979351,0.82243247149305598,0.013948864821561664,0.17756752850694404,0.0034872162053904161,0.10546283364862505,0.00036777170256587893,0,0.5,0.01,0.01,1,native-target,deterministic_bound_only_refinement_rule,L0|frontier-d2|active-one|parent|c6-overlay|0.126606|0.113456|0.114843|0.105463|0.003487|0.000368,0.12660569730604074,3,3,False,False
round39_small_hard_V12_M3_Q30_slot08_seed1288546114,strongest_k4_positive_control,stage1-atlas__round39_small_hard_V12_M3_Q30_slot08_seed1288546114__frontier-d2-active-one,frontier-d2,active-one,parent,L1,,0,0.12660569730604074,0.25321139461208148,4,active-one,c6-overlay,exact-closure,0.25321139461208148,0.1983636356358682,0.1983636356358682,0.19836363563586815,"[0.12660569730604074,0.1582571216325509];[0.1582571216325509,0.18990854595906109];[0.18990854595906109,0.25321139461208148]",0.0050090633094839994,0.0030054379856903971,0.0020036253237936024,0.59999999999999953,0.051372315929963747,0.40000000000000052,0.0095919328741854853,0,0,0,0.5,0.01,0.01,0,exact-closure,deterministic_bound_only_refinement_rule,L1|frontier-d2|active-one|parent|c6-overlay|0.253211|0.198364|0.198364|0.000000|0.009592|0.000000,0.12660569730604074,2,0,False,False
round39_small_hard_V12_M3_Q30_slot08_seed1288546114,strongest_k4_positive_control,stage1-atlas__round39_small_hard_V12_M3_Q30_slot08_seed1288546114__frontier-d2-active-one,frontier-d2,active-one,parent,L2,,0,0.25321139461208148,0.37981709191812218,4,active-one,c6-overlay,exact-closure,0.37981709191812218,0.32496933294190877,0.32496933294190877,0.32496933294190883,"[0.25321139461208148,0.28486281893859167];[0.28486281893859167,0.3165142432651018];[0.3165142432651018,0.37981709191812218]",0.0050090633094840159,0.003005437985690404,0.0020036253237936119,0.59999999999999887,0.087216372107225076,0.40000000000000113,0.0095919328741855322,1.0120951569841188e-15,9.707948808079936e-18,0,0.5,0.01,0.01,0,exact-closure,deterministic_bound_only_refinement_rule,L2|frontier-d2|active-one|parent|c6-overlay|0.379817|0.324969|0.324969|0.000000|0.009592|0.000000,0.1266056973060407,2,0,False,False
round39_small_hard_V12_M3_Q30_slot08_seed1288546114,strongest_k4_positive_control,stage1-atlas__round39_small_hard_V12_M3_Q30_slot08_seed1288546114__frontier-d2-active-one,frontier-d2,active-one,parent,L3,,0,0.37981709191812218,0.50642278922416295,4,active-one,c6-overlay,split,0.506422689224163,0.45157503024794959,0.45157503024794959,0.45157503024794976,"[0.37981709191812218,0.41146851624463238];[0.41146851624463238,0.44311994057114257];[0.44311994057114257,0.50642278922416295]",0.0044738320473253785,0.002604014539071442,0.0018698175082539365,0.5820546036430263,0.2692694511011684,0.4179453963569737,0.0089513562307101599,3.0362910068048026e-15,2.7178922422011394e-17,0,0.5,0.01,0.01,0,split,deterministic_bound_only_refinement_rule,L3|frontier-d2|active-one|parent|c6-overlay|0.506423|0.451575|0.451575|0.000000|0.008951|0.000000,0.12660569730604077,2,0,False,False
round39_small_hard_V10_M3_Q20_slot04_seed1145042375,hard_c6_win_guard,stage1-atlas__round39_small_hard_V10_M3_Q20_slot04_seed1145042375__d1-none,fixed-d1,none,parent,L0,,0,0,0.12613596304105185,4,none,c6-overlay,split,0.25227192608210369,0.16198301142887575,0.16198301142887575,0.20218132964034852,"[0,0.063067981520525923];[0.063067981520525923,0.12613596304105185]",0.024139847563269107,0.014605150571751935,0.0095346969915171727,0.60502248547645976,0.22066337316519891,0.3949775145235403,0.054624461721688701,0.44521875543484146,0.024319834864028382,0,0.5,0.01,0.01,0,split,deterministic_bound_only_refinement_rule,L0|fixed-d1|none|parent|c6-overlay|0.252272|0.161983|0.202181|0.445219|0.054624|0.024320,0.12613596304105185,2,2,False,False
round39_small_hard_V10_M3_Q20_slot04_seed1145042375,hard_c6_win_guard,stage1-atlas__round39_small_hard_V10_M3_Q20_slot04_seed1145042375__d1-none,fixed-d1,none,parent,L1,,0,0.12613596304105185,0.25227192608210369,4,none,c6-overlay,exact-closure,0.25227192608210369,0.24909075776238776,0.24909075776238776,0.24909075776238776,"[0.12613596304105185,0.18920394456157777];[0.18920394456157777,0.25227192608210369]",0.0039497783271917886,0.0019748891635958943,0.0019748891635958943,0.5,0.061290424826030705,0.5,0.011314177851419711,0,0,0,0.5,0.01,0.01,0,exact-closure,deterministic_bound_only_refinement_rule,L1|fixed-d1|none|parent|c6-overlay|0.252272|0.249091|0.249091|0.000000|0.011314|0.000000,0.12613596304105185,2,0,False,False
round39_small_hard_V10_M3_Q20_slot04_seed1145042375,hard_c6_win_guard,stage1-atlas__round39_small_hard_V10_M3_Q20_slot04_seed1145042375__d1-none,fixed-d1,none,parent,L2,,0,0.25227192608210369,0.37840788912315554,4,none,c6-overlay,exact-closure,0.37840788912315554,0.37478605399896031,0.37478605399896031,0.37478605399896031,"[0.25227192608210369,0.31533990760262964];[0.31533990760262964,0.37840788912315554]",0.0039775702930733995,0.0019887851465366993,0.0019887851465367002,0.49999999999999989,0.12151096583846277,0.50000000000000011,0.011393788203894532,0,0,0,0.5,0.01,0.01,0,exact-closure,deterministic_bound_only_refinement_rule,L2|fixed-d1|none|parent|c6-overlay|0.378408|0.374786|0.374786|0.000000|0.011394|0.000000,0.12613596304105185,2,0,False,False
round39_small_hard_V10_M3_Q20_slot04_seed1145042375,hard_c6_win_guard,stage1-atlas__round39_small_hard_V10_M3_Q20_slot04_seed1145042375__d1-none,fixed-d1,none,parent,L3,,0,0.37840788912315554,0.50454385216420738,4,none,c6-overlay,split,0.50454375216420744,0.50092201704001205,0.50092201704001205,0.50092201704001205,"[0.37840788912315554,0.44147587064368143];[0.44147587064368143,0.50454385216420738]",0.00022842183068314342,0.00011421091534156991,0.00011421091534157351,0.49999999999999212,0.25000000000000405,0.50000000000000788,0.00065431652194351483,0,0,0,0.5,0.01,0.01,0,split,deterministic_bound_only_refinement_rule,L3|fixed-d1|none|parent|c6-overlay|0.504544|0.500922|0.500922|0.000000|0.000654|0.000000,0.12613596304105185,2,0,False,False
round39_small_hard_V10_M3_Q20_slot04_seed1145042375,hard_c6_win_guard,stage1-atlas__round39_small_hard_V10_M3_Q20_slot04_seed1145042375__d1-all,fixed-d1,all,parent,L0,,0,0,0.12613596304105185,4,all,c6-overlay,split,0.25227192608210369,0.16198301142887575,0.20218132964034854,0.20218132964034852,"[0,0.063067981520525923];[0.063067981520525923,0.12613596304105185]",0.024139847563269107,0.014605150571751935,0.0095346969915171727,0.60502248547645976,0.22066337316519891,0.3949775145235403,0.054624461721688701,0,0,0,0.5,0.01,0.01,2,split,deterministic_bound_only_refinement_rule,L0|fixed-d1|all|parent|c6-overlay|0.252272|0.202181|0.202181|0.000000|0.054624|0.000000,0.12613596304105185,2,2,False,False
round39_small_hard_V10_M3_Q20_slot04_seed1145042375,hard_c6_win_guard,stage1-atlas__round39_small_hard_V10_M3_Q20_slot04_seed1145042375__d1-all,fixed-d1,all,parent,L1,,0,0.12613596304105185,0.25227192608210369,4,all,c6-overlay,exact-closure,0.25227192608210369,0.24909075776238776,0.24909075776238779,0.24909075776238776,"[0.12613596304105185,0.18920394456157777];[0.18920394456157777,0.25227192608210369]",0.0039497783271917886,0.0019748891635958943,0.0019748891635958943,0.5,0.061290424826030705,0.5,0.011314177851419711,0,0,0,0.5,0.01,0.01,2,exact-closure,deterministic_bound_only_refinement_rule,L1|fixed-d1|all|parent|c6-overlay|0.252272|0.249091|0.249091|0.000000|0.011314|0.000000,0.12613596304105185,2,0,False,False
round39_small_hard_V10_M3_Q20_slot04_seed1145042375,hard_c6_win_guard,stage1-atlas__round39_small_hard_V10_M3_Q20_slot04_seed1145042375__d1-all,fixed-d1,all,parent,L2,,0,0.25227192608210369,0.37840788912315554,4,all,c6-overlay,exact-closure,0.37840788912315554,0.37478605399896031,0.37478605399896037,0.37478605399896031,"[0.25227192608210369,0.31533990760262964];[0.31533990760262964,0.37840788912315554]",0.0039775702930733995,0.0019887851465366993,0.0019887851465367002,0.49999999999999989,0.12151096583846277,0.50000000000000011,0.011393788203894532,0,0,0,0.5,0.01,0.01,2,exact-closure,deterministic_bound_only_refinement_rule,L2|fixed-d1|all|parent|c6-overlay|0.378408|0.374786|0.374786|0.000000|0.011394|0.000000,0.12613596304105185,2,0,False,False
round39_small_hard_V10_M3_Q20_slot04_seed1145042375,hard_c6_win_guard,stage1-atlas__round39_small_hard_V10_M3_Q20_slot04_seed1145042375__d1-all,fixed-d1,all,parent,L3,,0,0.37840788912315554,0.50454385216420738,4,all,c6-overlay,split,0.50454375216420744,0.50092201704001205,0.50092201704001205,0.50092201704001205,"[0.37840788912315554,0.44147587064368143];[0.44147587064368143,0.50454385216420738]",0.00022842183068314342,0.00011421091534156991,0.00011421091534157351,0.49999999999999212,0.25000000000000405,0.50000000000000788,0.00065431652194351483,0,0,0,0.5,0.01,0.01,2,split,deterministic_bound_only_refinement_rule,L3|fixed-d1|all|parent|c6-overlay|0.504544|0.500922|0.500922|0.000000|0.000654|0.000000,0.12613596304105185,2,0,False,False
round39_small_hard_V10_M3_Q20_slot04_seed1145042375,hard_c6_win_guard,stage1-atlas__round39_small_hard_V10_M3_Q20_slot04_seed1145042375__d1-violated,fixed-d1,violated,parent,L0,,0,0,0.12613596304105185,4,violated,c6-overlay,split,0.25227192608210369,0.16198301142887575,0.20218132964034854,0.20218132964034852,"[0,0.063067981520525923];[0.063067981520525923,0.12613596304105185]",0.024139847563269107,0.014605150571751935,0.0095346969915171727,0.60502248547645976,0.22066337316519891,0.3949775145235403,0.054624461721688701,0,0,0,0.5,0.01,0.01,2,split,deterministic_bound_only_refinement_rule,L0|fixed-d1|violated|parent|c6-overlay|0.252272|0.202181|0.202181|0.000000|0.054624|0.000000,0.12613596304105185,2,2,False,False
round39_small_hard_V10_M3_Q20_slot04_seed1145042375,hard_c6_win_guard,stage1-atlas__round39_small_hard_V10_M3_Q20_slot04_seed1145042375__d1-violated,fixed-d1,violated,parent,L1,,0,0.12613596304105185,0.25227192608210369,4,violated,c6-overlay,exact-closure,0.25227192608210369,0.24909075776238776,0.24909075776238776,0.24909075776238776,"[0.12613596304105185,0.18920394456157777];[0.18920394456157777,0.25227192608210369]",0.0039497783271917886,0.0019748891635958943,0.0019748891635958943,0.5,0.061290424826030705,0.5,0.011314177851419711,0,0,0,0.5,0.01,0.01,0,exact-closure,deterministic_bound_only_refinement_rule,L1|fixed-d1|violated|parent|c6-overlay|0.252272|0.249091|0.249091|0.000000|0.011314|0.000000,0.12613596304105185,2,0,False,False
round39_small_hard_V10_M3_Q20_slot04_seed1145042375,hard_c6_win_guard,stage1-atlas__round39_small_hard_V10_M3_Q20_slot04_seed1145042375__d1-violated,fixed-d1,violated,parent,L2,,0,0.25227192608210369,0.37840788912315554,4,violated,c6-overlay,exact-closure,0.37840788912315554,0.37478605399896031,0.37478605399896031,0.37478605399896031,"[0.25227192608210369,0.31533990760262964];[0.31533990760262964,0.37840788912315554]",0.0039775702930733995,0.0019887851465366993,0.0019887851465367002,0.49999999999999989,0.12151096583846277,0.50000000000000011,0.011393788203894532,0,0,0,0.5,0.01,0.01,0,exact-closure,deterministic_bound_only_refinement_rule,L2|fixed-d1|violated|parent|c6-overlay|0.378408|0.374786|0.374786|0.000000|0.011394|0.000000,0.12613596304105185,2,0,False,False
round39_small_hard_V10_M3_Q20_slot04_seed1145042375,hard_c6_win_guard,stage1-atlas__round39_small_hard_V10_M3_Q20_slot04_seed1145042375__d1-violated,fixed-d1,violated,parent,L3,,0,0.37840788912315554,0.50454385216420738,4,violated,c6-overlay,split,0.50454375216420744,0.50092201704001205,0.50092201704001205,0.50092201704001205,"[0.37840788912315554,0.44147587064368143];[0.44147587064368143,0.50454385216420738]",0.00022842183068314342,0.00011421091534156991,0.00011421091534157351,0.49999999999999212,0.25000000000000405,0.50000000000000788,0.00065431652194351483,0,0,0,0.5,0.01,0.01,0,split,deterministic_bound_only_refinement_rule,L3|fixed-d1|violated|parent|c6-overlay|0.504544|0.500922|0.500922|0.000000|0.000654|0.000000,0.12613596304105185,2,0,False,False
round39_small_hard_V10_M3_Q20_slot04_seed1145042375,hard_c6_win_guard,stage1-atlas__round39_small_hard_V10_M3_Q20_slot04_seed1145042375__d1-active-one,fixed-d1,active-one,parent,L0,,0,0,0.12613596304105185,4,active-one,c6-overlay,split,0.25227192608210369,0.16198301142887575,0.18887905704984986,0.20218132964034852,"[0,0.063067981520525923];[0.063067981520525923,0.12613596304105185]",0.024139847563269107,0.014605150571751935,0.0095346969915171727,0.60502248547645976,0.22066337316519891,0.3949775145235403,0.054624461721688701,0.20983862686086277,0.011462322040692917,0,0.5,0.01,0.01,1,split,deterministic_bound_only_refinement_rule,L0|fixed-d1|active-one|parent|c6-overlay|0.252272|0.188879|0.202181|0.209839|0.054624|0.011462,0.12613596304105185,2,2,False,False
round39_small_hard_V10_M3_Q20_slot04_seed1145042375,hard_c6_win_guard,stage1-atlas__round39_small_hard_V10_M3_Q20_slot04_seed1145042375__d1-active-one,fixed-d1,active-one,parent,L1,,0,0.12613596304105185,0.25227192608210369,4,active-one,c6-overlay,exact-closure,0.25227192608210369,0.24909075776238776,0.24909075776238776,0.24909075776238776,"[0.12613596304105185,0.18920394456157777];[0.18920394456157777,0.25227192608210369]",0.0039497783271917886,0.0019748891635958943,0.0019748891635958943,0.5,0.061290424826030705,0.5,0.011314177851419711,0,0,0,0.5,0.01,0.01,0,exact-closure,deterministic_bound_only_refinement_rule,L1|fixed-d1|active-one|parent|c6-overlay|0.252272|0.249091|0.249091|0.000000|0.011314|0.000000,0.12613596304105185,2,0,False,False
round39_small_hard_V10_M3_Q20_slot04_seed1145042375,hard_c6_win_guard,stage1-atlas__round39_small_hard_V10_M3_Q20_slot04_seed1145042375__d1-active-one,fixed-d1,active-one,parent,L2,,0,0.25227192608210369,0.37840788912315554,4,active-one,c6-overlay,exact-closure,0.37840788912315554,0.37478605399896031,0.37478605399896031,0.37478605399896031,"[0.25227192608210369,0.31533990760262964];[0.31533990760262964,0.37840788912315554]",0.0039775702930733995,0.0019887851465366993,0.0019887851465367002,0.49999999999999989,0.12151096583846277,0.50000000000000011,0.011393788203894532,0,0,0,0.5,0.01,0.01,0,exact-closure,deterministic_bound_only_refinement_rule,L2|fixed-d1|active-one|parent|c6-overlay|0.378408|0.374786|0.374786|0.000000|0.011394|0.000000,0.12613596304105185,2,0,False,False
round39_small_hard_V10_M3_Q20_slot04_seed1145042375,hard_c6_win_guard,stage1-atlas__round39_small_hard_V10_M3_Q20_slot04_seed1145042375__d1-active-one,fixed-d1,active-one,parent,L3,,0,0.37840788912315554,0.50454385216420738,4,active-one,c6-overlay,split,0.50454375216420744,0.50092201704001205,0.50092201704001205,0.50092201704001205,"[0.37840788912315554,0.44147587064368143];[0.44147587064368143,0.50454385216420738]",0.00022842183068314342,0.00011421091534156991,0.00011421091534157351,0.49999999999999212,0.25000000000000405,0.50000000000000788,0.00065431652194351483,0,0,0,0.5,0.01,0.01,0,split,deterministic_bound_only_refinement_rule,L3|fixed-d1|active-one|parent|c6-overlay|0.504544|0.500922|0.500922|0.000000|0.000654|0.000000,0.12613596304105185,2,0,False,False
round39_small_hard_V10_M3_Q20_slot04_seed1145042375,hard_c6_win_guard,stage1-atlas__round39_small_hard_V10_M3_Q20_slot04_seed1145042375__d2-none,fixed-d2,none,parent,L0,,0,0,0.12613596304105185,4,none,c6-overlay,split,0.25227192608210369,0.16198301142887575,0.16198301142887575,0.22373680478873925,"[0,0.031533990760262962];[0.031533990760262962,0.063067981520525923];[0.063067981520525923,0.094601972280788885];[0.094601972280788885,0.12613596304105185]",0.034354274708948702,0.021071824452916589,0.013282450256032113,0.61336834008105945,0.30739836619901117,0.3866316599189405,0.076095411970235102,0.68395764415865334,0.052046038702444189,0,0.5,0.01,0.01,0,split,deterministic_bound_only_refinement_rule,L0|fixed-d2|none|parent|c6-overlay|0.252272|0.161983|0.223737|0.683958|0.076095|0.052046,0.12613596304105185,2,2,True,True
round39_small_hard_V10_M3_Q20_slot04_seed1145042375,hard_c6_win_guard,stage1-atlas__round39_small_hard_V10_M3_Q20_slot04_seed1145042375__d2-none,fixed-d2,none,parent,L1,,0,0.12613596304105185,0.25227192608210369,4,none,c6-overlay,exact-closure,0.25227192608210369,0.24909075776238776,0.24909075776238776,0.24909075776238779,"[0.12613596304105185,0.15766995380131482];[0.15766995380131482,0.18920394456157777];[0.18920394456157777,0.22073793532184072];[0.22073793532184072,0.25227192608210369]",0.0059246674907876828,0.0044400266223555557,0.0014846408684321272,0.7494136386994531,0.046075633619159229,0.25058636130054696,0.0085055359766835169,8.7249629149165527e-15,7.4210485968052226e-17,0,0.5,0.01,0.01,0,exact-closure,deterministic_bound_only_refinement_rule,L1|fixed-d2|none|parent|c6-overlay|0.252272|0.249091|0.249091|0.000000|0.008506|0.000000,0.12613596304105185,3,0,False,False
round39_small_hard_V10_M3_Q20_slot04_seed1145042375,hard_c6_win_guard,stage1-atlas__round39_small_hard_V10_M3_Q20_slot04_seed1145042375__d2-none,fixed-d2,none,parent,L2,,0,0.25227192608210369,0.37840788912315554,4,none,c6-overlay,exact-closure,0.37840788912315554,0.37478605399896031,0.37478605399896031,0.37478605399896031,"[0.25227192608210369,0.28380591684236667];[0.28380591684236667,0.31533990760262964];[0.31533990760262964,0.34687389836289262];[0.34687389836289262,0.37840788912315554]",0.0059663554396100988,0.0044747665797075717,0.0014915888599025271,0.74999999999999956,0.091133224378847202,0.25000000000000039,0.00854534115292091,0,0,0,0.5,0.01,0.01,0,exact-closure,deterministic_bound_only_refinement_rule,L2|fixed-d2|none|parent|c6-overlay|0.378408|0.374786|0.374786|0.000000|0.008545|0.000000,0.12613596304105185,2,0,False,False
round39_small_hard_V10_M3_Q20_slot04_seed1145042375,hard_c6_win_guard,stage1-atlas__round39_small_hard_V10_M3_Q20_slot04_seed1145042375__d2-none,fixed-d2,none,parent,L3,,0,0.37840788912315554,0.50454385216420738,4,none,c6-overlay,split,0.50454375216420744,0.50092201704001205,0.50092201704001205,0.50092201704001205,"[0.37840788912315554,0.40994187988341846];[0.40994187988341846,0.44147587064368143];[0.44147587064368143,0.47300986140394441];[0.47300986140394441,0.50454385216420738]",0.00034263274602471514,0.0001713163730123618,0.00017131637301235334,0.50000000000001232,0.37499999999999095,0.49999999999998768,0.00098147478291523262,0,0,0,0.5,0.01,0.01,0,split,deterministic_bound_only_refinement_rule,L3|fixed-d2|none|parent|c6-overlay|0.504544|0.500922|0.500922|0.000000|0.000981|0.000000,0.12613596304105185,2,0,False,False
round39_small_hard_V10_M3_Q20_slot04_seed1145042375,hard_c6_win_guard,stage1-atlas__round39_small_hard_V10_M3_Q20_slot04_seed1145042375__d2-all,fixed-d2,all,parent,L0,,0,0,0.12613596304105185,4,all,c6-overlay,split,0.25227192608210369,0.16198301142887575,0.22373680478873922,0.22373680478873925,"[0,0.031533990760262962];[0.031533990760262962,0.063067981520525923];[0.063067981520525923,0.094601972280788885];[0.094601972280788885,0.12613596304105185]",0.034354274708948702,0.021071824452916589,0.013282450256032113,0.61336834008105945,0.30739836619901117,0.3866316599189405,0.076095411970235102,9.7268118576678941e-16,7.4016575546620622e-17,0,0.5,0.01,0.01,2,split,deterministic_bound_only_refinement_rule,L0|fixed-d2|all|parent|c6-overlay|0.252272|0.223737|0.223737|0.000000|0.076095|0.000000,0.12613596304105185,2,2,False,False
round39_small_hard_V10_M3_Q20_slot04_seed1145042375,hard_c6_win_guard,stage1-atlas__round39_small_hard_V10_M3_Q20_slot04_seed1145042375__d2-all,fixed-d2,all,parent,L1,,0,0.12613596304105185,0.25227192608210369,4,all,c6-overlay,exact-closure,0.25227192608210369,0.24909075776238776,0.24909075776238779,0.24909075776238779,"[0.12613596304105185,0.15766995380131482];[0.15766995380131482,0.18920394456157777];[0.18920394456157777,0.22073793532184072];[0.22073793532184072,0.25227192608210369]",0.0059246674907876828,0.0044400266223555557,0.0014846408684321272,0.7494136386994531,0.046075633619159229,0.25058636130054696,0.0085055359766835169,0,0,0,0.5,0.01,0.01,3,exact-closure,deterministic_bound_only_refinement_rule,L1|fixed-d2|all|parent|c6-overlay|0.252272|0.249091|0.249091|0.000000|0.008506|0.000000,0.12613596304105185,3,0,False,False
round39_small_hard_V10_M3_Q20_slot04_seed1145042375,hard_c6_win_guard,stage1-atlas__round39_small_hard_V10_M3_Q20_slot04_seed1145042375__d2-all,fixed-d2,all,parent,L2,,0,0.25227192608210369,0.37840788912315554,4,all,c6-overlay,exact-closure,0.37840788912315554,0.37478605399896031,0.37478605399896037,0.37478605399896031,"[0.25227192608210369,0.28380591684236667];[0.28380591684236667,0.31533990760262964];[0.31533990760262964,0.34687389836289262];[0.34687389836289262,0.37840788912315554]",0.0059663554396100988,0.0044747665797075717,0.0014915888599025271,0.74999999999999956,0.091133224378847202,0.25000000000000039,0.00854534115292091,0,0,0,0.5,0.01,0.01,2,exact-closure,deterministic_bound_only_refinement_rule,L2|fixed-d2|all|parent|c6-overlay|0.378408|0.374786|0.374786|0.000000|0.008545|0.000000,0.12613596304105185,2,0,False,False
round39_small_hard_V10_M3_Q20_slot04_seed1145042375,hard_c6_win_guard,stage1-atlas__round39_small_hard_V10_M3_Q20_slot04_seed1145042375__d2-all,fixed-d2,all,parent,L3,,0,0.37840788912315554,0.50454385216420738,4,all,c6-overlay,split,0.50454375216420744,0.50092201704001205,0.50092201704001205,0.50092201704001205,"[0.37840788912315554,0.40994187988341846];[0.40994187988341846,0.44147587064368143];[0.44147587064368143,0.47300986140394441];[0.47300986140394441,0.50454385216420738]",0.00034263274602471514,0.0001713163730123618,0.00017131637301235334,0.50000000000001232,0.37499999999999095,0.49999999999998768,0.00098147478291523262,0,0,0,0.5,0.01,0.01,2,split,deterministic_bound_only_refinement_rule,L3|fixed-d2|all|parent|c6-overlay|0.504544|0.500922|0.500922|0.000000|0.000981|0.000000,0.12613596304105185,2,0,False,False
round39_small_hard_V10_M3_Q20_slot04_seed1145042375,hard_c6_win_guard,stage1-atlas__round39_small_hard_V10_M3_Q20_slot04_seed1145042375__d2-violated,fixed-d2,violated,parent,L0,,0,0,0.12613596304105185,4,violated,c6-overlay,split,0.25227192608210369,0.16198301142887575,0.22373680478873922,0.22373680478873925,"[0,0.031533990760262962];[0.031533990760262962,0.063067981520525923];[0.063067981520525923,0.094601972280788885];[0.094601972280788885,0.12613596304105185]",0.034354274708948702,0.021071824452916589,0.013282450256032113,0.61336834008105945,0.30739836619901117,0.3866316599189405,0.076095411970235102,9.7268118576678941e-16,7.4016575546620622e-17,0,0.5,0.01,0.01,2,split,deterministic_bound_only_refinement_rule,L0|fixed-d2|violated|parent|c6-overlay|0.252272|0.223737|0.223737|0.000000|0.076095|0.000000,0.12613596304105185,2,2,False,False
round39_small_hard_V10_M3_Q20_slot04_seed1145042375,hard_c6_win_guard,stage1-atlas__round39_small_hard_V10_M3_Q20_slot04_seed1145042375__d2-violated,fixed-d2,violated,parent,L1,,0,0.12613596304105185,0.25227192608210369,4,violated,c6-overlay,exact-closure,0.25227192608210369,0.24909075776238776,0.24909075776238776,0.24909075776238779,"[0.12613596304105185,0.15766995380131482];[0.15766995380131482,0.18920394456157777];[0.18920394456157777,0.22073793532184072];[0.22073793532184072,0.25227192608210369]",0.0059246674907876828,0.0044400266223555557,0.0014846408684321272,0.7494136386994531,0.046075633619159229,0.25058636130054696,0.0085055359766835169,8.7249629149165527e-15,7.4210485968052226e-17,0,0.5,0.01,0.01,0,exact-closure,deterministic_bound_only_refinement_rule,L1|fixed-d2|violated|parent|c6-overlay|0.252272|0.249091|0.249091|0.000000|0.008506|0.000000,0.12613596304105185,3,0,False,False
round39_small_hard_V10_M3_Q20_slot04_seed1145042375,hard_c6_win_guard,stage1-atlas__round39_small_hard_V10_M3_Q20_slot04_seed1145042375__d2-violated,fixed-d2,violated,parent,L2,,0,0.25227192608210369,0.37840788912315554,4,violated,c6-overlay,exact-closure,0.37840788912315554,0.37478605399896031,0.37478605399896031,0.37478605399896031,"[0.25227192608210369,0.28380591684236667];[0.28380591684236667,0.31533990760262964];[0.31533990760262964,0.34687389836289262];[0.34687389836289262,0.37840788912315554]",0.0059663554396100988,0.0044747665797075717,0.0014915888599025271,0.74999999999999956,0.091133224378847202,0.25000000000000039,0.00854534115292091,0,0,0,0.5,0.01,0.01,0,exact-closure,deterministic_bound_only_refinement_rule,L2|fixed-d2|violated|parent|c6-overlay|0.378408|0.374786|0.374786|0.000000|0.008545|0.000000,0.12613596304105185,2,0,False,False
round39_small_hard_V10_M3_Q20_slot04_seed1145042375,hard_c6_win_guard,stage1-atlas__round39_small_hard_V10_M3_Q20_slot04_seed1145042375__d2-violated,fixed-d2,violated,parent,L3,,0,0.37840788912315554,0.50454385216420738,4,violated,c6-overlay,split,0.50454375216420744,0.50092201704001205,0.50092201704001205,0.50092201704001205,"[0.37840788912315554,0.40994187988341846];[0.40994187988341846,0.44147587064368143];[0.44147587064368143,0.47300986140394441];[0.47300986140394441,0.50454385216420738]",0.00034263274602471514,0.0001713163730123618,0.00017131637301235334,0.50000000000001232,0.37499999999999095,0.49999999999998768,0.00098147478291523262,0,0,0,0.5,0.01,0.01,0,split,deterministic_bound_only_refinement_rule,L3|fixed-d2|violated|parent|c6-overlay|0.504544|0.500922|0.500922|0.000000|0.000981|0.000000,0.12613596304105185,2,0,False,False
round39_small_hard_V10_M3_Q20_slot04_seed1145042375,hard_c6_win_guard,stage1-atlas__round39_small_hard_V10_M3_Q20_slot04_seed1145042375__d2-active-one,fixed-d2,active-one,parent,L0,,0,0,0.12613596304105185,4,active-one,c6-overlay,split,0.25227192608210369,0.16198301142887575,0.21911411840491968,0.22373680478873925,"[0,0.031533990760262962];[0.031533990760262962,0.063067981520525923];[0.063067981520525923,0.094601972280788885];[0.094601972280788885,0.12613596304105185]",0.034354274708948702,0.021071824452916589,0.013282450256032113,0.61336834008105945,0.30739836619901117,0.3866316599189405,0.076095411970235102,0.13941471730655033,0.010608820348155813,0,0.5,0.01,0.01,1,split,deterministic_bound_only_refinement_rule,L0|fixed-d2|active-one|parent|c6-overlay|0.252272|0.219114|0.223737|0.139415|0.076095|0.010609,0.12613596304105185,2,2,False,False
round39_small_hard_V10_M3_Q20_slot04_seed1145042375,hard_c6_win_guard,stage1-atlas__round39_small_hard_V10_M3_Q20_slot04_seed1145042375__d2-active-one,fixed-d2,active-one,parent,L1,,0,0.12613596304105185,0.25227192608210369,4,active-one,c6-overlay,exact-closure,0.25227192608210369,0.24909075776238776,0.24909075776238776,0.24909075776238779,"[0.12613596304105185,0.15766995380131482];[0.15766995380131482,0.18920394456157777];[0.18920394456157777,0.22073793532184072];[0.22073793532184072,0.25227192608210369]",0.0059246674907876828,0.0044400266223555557,0.0014846408684321272,0.7494136386994531,0.046075633619159229,0.25058636130054696,0.0085055359766835169,8.7249629149165527e-15,7.4210485968052226e-17,0,0.5,0.01,0.01,0,exact-closure,deterministic_bound_only_refinement_rule,L1|fixed-d2|active-one|parent|c6-overlay|0.252272|0.249091|0.249091|0.000000|0.008506|0.000000,0.12613596304105185,3,0,False,False
round39_small_hard_V10_M3_Q20_slot04_seed1145042375,hard_c6_win_guard,stage1-atlas__round39_small_hard_V10_M3_Q20_slot04_seed1145042375__d2-active-one,fixed-d2,active-one,parent,L2,,0,0.25227192608210369,0.37840788912315554,4,active-one,c6-overlay,exact-closure,0.37840788912315554,0.37478605399896031,0.37478605399896031,0.37478605399896031,"[0.25227192608210369,0.28380591684236667];[0.28380591684236667,0.31533990760262964];[0.31533990760262964,0.34687389836289262];[0.34687389836289262,0.37840788912315554]",0.0059663554396100988,0.0044747665797075717,0.0014915888599025271,0.74999999999999956,0.091133224378847202,0.25000000000000039,0.00854534115292091,0,0,0,0.5,0.01,0.01,0,exact-closure,deterministic_bound_only_refinement_rule,L2|fixed-d2|active-one|parent|c6-overlay|0.378408|0.374786|0.374786|0.000000|0.008545|0.000000,0.12613596304105185,2,0,False,False
round39_small_hard_V10_M3_Q20_slot04_seed1145042375,hard_c6_win_guard,stage1-atlas__round39_small_hard_V10_M3_Q20_slot04_seed1145042375__d2-active-one,fixed-d2,active-one,parent,L3,,0,0.37840788912315554,0.50454385216420738,4,active-one,c6-overlay,split,0.50454375216420744,0.50092201704001205,0.50092201704001205,0.50092201704001205,"[0.37840788912315554,0.40994187988341846];[0.40994187988341846,0.44147587064368143];[0.44147587064368143,0.47300986140394441];[0.47300986140394441,0.50454385216420738]",0.00034263274602471514,0.0001713163730123618,0.00017131637301235334,0.50000000000001232,0.37499999999999095,0.49999999999998768,0.00098147478291523262,0,0,0,0.5,0.01,0.01,0,split,deterministic_bound_only_refinement_rule,L3|fixed-d2|active-one|parent|c6-overlay|0.504544|0.500922|0.500922|0.000000|0.000981|0.000000,0.12613596304105185,2,0,False,False
round39_small_hard_V10_M3_Q20_slot04_seed1145042375,hard_c6_win_guard,stage1-atlas__round39_small_hard_V10_M3_Q20_slot04_seed1145042375__frontier-d2-none,frontier-d2,none,parent,L0,,0,0,0.12613596304105185,4,none,c6-overlay,split,0.25227192608210369,0.16198301142887575,0.16198301142887575,0.22373680478873925,"[0,0.063067981520525923];[0.063067981520525923,0.094601972280788885];[0.094601972280788885,0.12613596304105185]",0.034354274708948702,0.021071824452916589,0.013282450256032113,0.61336834008105945,0.30739836619901117,0.3866316599189405,0.076095411970235102,0.68395764415865334,0.052046038702444189,0,0.5,0.01,0.01,0,split,deterministic_bound_only_refinement_rule,L0|frontier-d2|none|parent|c6-overlay|0.252272|0.161983|0.223737|0.683958|0.076095|0.052046,0.12613596304105185,2,2,True,True
round39_small_hard_V10_M3_Q20_slot04_seed1145042375,hard_c6_win_guard,stage1-atlas__round39_small_hard_V10_M3_Q20_slot04_seed1145042375__frontier-d2-none,frontier-d2,none,parent,L1,,0,0.12613596304105185,0.25227192608210369,4,none,c6-overlay,exact-closure,0.25227192608210369,0.24909075776238776,0.24909075776238776,0.24909075776238779,"[0.12613596304105185,0.15766995380131482];[0.15766995380131482,0.18920394456157777];[0.18920394456157777,0.25227192608210369]",0.0049302749175193323,0.0029623337453938414,0.0019679411721254909,0.60084555018776509,0.061074794826758608,0.39915444981223491,0.011274372675182298,8.7249629149165527e-15,9.8368483479914079e-17,0,0.5,0.01,0.01,0,exact-closure,deterministic_bound_only_refinement_rule,L1|frontier-d2|none|parent|c6-overlay|0.252272|0.249091|0.249091|0.000000|0.011274|0.000000,0.12613596304105185,2,0,False,False
round39_small_hard_V10_M3_Q20_slot04_seed1145042375,hard_c6_win_guard,stage1-atlas__round39_small_hard_V10_M3_Q20_slot04_seed1145042375__frontier-d2-none,frontier-d2,none,parent,L2,,0,0.25227192608210369,0.37840788912315554,4,none,c6-overlay,exact-closure,0.37840788912315554,0.37478605399896031,0.37478605399896031,0.37478605399896031,"[0.25227192608210369,0.28380591684236667];[0.28380591684236667,0.31533990760262964];[0.31533990760262964,0.37840788912315554]",0.00497196286634175,0.0029831777198050524,0.0019887851465366976,0.60000000000000053,0.1215109658384626,0.39999999999999952,0.011393788203894516,0,0,0,0.5,0.01,0.01,0,exact-closure,deterministic_bound_only_refinement_rule,L2|frontier-d2|none|parent|c6-overlay|0.378408|0.374786|0.374786|0.000000|0.011394|0.000000,0.12613596304105185,2,0,False,False
round39_small_hard_V10_M3_Q20_slot04_seed1145042375,hard_c6_win_guard,stage1-atlas__round39_small_hard_V10_M3_Q20_slot04_seed1145042375__frontier-d2-none,frontier-d2,none,parent,L3,,0,0.37840788912315554,0.50454385216420738,4,none,c6-overlay,split,0.50454375216420744,0.50092201704001205,0.50092201704001205,0.50092201704001205,"[0.37840788912315554,0.40994187988341846];[0.40994187988341846,0.44147587064368143];[0.44147587064368143,0.50454385216420738]",0.00034263274602471514,0.0001713163730123618,0.00017131637301235334,0.50000000000001232,0.37499999999999095,0.49999999999998768,0.00098147478291523262,0,0,0,0.5,0.01,0.01,0,split,deterministic_bound_only_refinement_rule,L3|frontier-d2|none|parent|c6-overlay|0.504544|0.500922|0.500922|0.000000|0.000981|0.000000,0.12613596304105185,2,0,False,False
round39_small_hard_V10_M3_Q20_slot04_seed1145042375,hard_c6_win_guard,stage1-atlas__round39_small_hard_V10_M3_Q20_slot04_seed1145042375__frontier-d2-all,frontier-d2,all,parent,L0,,0,0,0.12613596304105185,4,all,c6-overlay,split,0.25227192608210369,0.16198301142887575,0.22373680478873922,0.22373680478873925,"[0,0.063067981520525923];[0.063067981520525923,0.094601972280788885];[0.094601972280788885,0.12613596304105185]",0.034354274708948702,0.021071824452916589,0.013282450256032113,0.61336834008105945,0.30739836619901117,0.3866316599189405,0.076095411970235102,9.7268118576678941e-16,7.4016575546620622e-17,0,0.5,0.01,0.01,2,split,deterministic_bound_only_refinement_rule,L0|frontier-d2|all|parent|c6-overlay|0.252272|0.223737|0.223737|0.000000|0.076095|0.000000,0.12613596304105185,2,2,False,False
round39_small_hard_V10_M3_Q20_slot04_seed1145042375,hard_c6_win_guard,stage1-atlas__round39_small_hard_V10_M3_Q20_slot04_seed1145042375__frontier-d2-all,frontier-d2,all,parent,L1,,0,0.12613596304105185,0.25227192608210369,4,all,c6-overlay,exact-closure,0.25227192608210369,0.24909075776238776,0.24909075776238779,0.24909075776238779,"[0.12613596304105185,0.15766995380131482];[0.15766995380131482,0.18920394456157777];[0.18920394456157777,0.25227192608210369]",0.0049302749175193323,0.0029623337453938414,0.0019679411721254909,0.60084555018776509,0.061074794826758608,0.39915444981223491,0.011274372675182298,0,0,0,0.5,0.01,0.01,2,exact-closure,deterministic_bound_only_refinement_rule,L1|frontier-d2|all|parent|c6-overlay|0.252272|0.249091|0.249091|0.000000|0.011274|0.000000,0.12613596304105185,2,0,False,False
round39_small_hard_V10_M3_Q20_slot04_seed1145042375,hard_c6_win_guard,stage1-atlas__round39_small_hard_V10_M3_Q20_slot04_seed1145042375__frontier-d2-all,frontier-d2,all,parent,L2,,0,0.25227192608210369,0.37840788912315554,4,all,c6-overlay,exact-closure,0.37840788912315554,0.37478605399896031,0.37478605399896037,0.37478605399896031,"[0.25227192608210369,0.28380591684236667];[0.28380591684236667,0.31533990760262964];[0.31533990760262964,0.37840788912315554]",0.00497196286634175,0.0029831777198050524,0.0019887851465366976,0.60000000000000053,0.1215109658384626,0.39999999999999952,0.011393788203894516,0,0,0,0.5,0.01,0.01,2,exact-closure,deterministic_bound_only_refinement_rule,L2|frontier-d2|all|parent|c6-overlay|0.378408|0.374786|0.374786|0.000000|0.011394|0.000000,0.12613596304105185,2,0,False,False
round39_small_hard_V10_M3_Q20_slot04_seed1145042375,hard_c6_win_guard,stage1-atlas__round39_small_hard_V10_M3_Q20_slot04_seed1145042375__frontier-d2-all,frontier-d2,all,parent,L3,,0,0.37840788912315554,0.50454385216420738,4,all,c6-overlay,split,0.50454375216420744,0.50092201704001205,0.50092201704001205,0.50092201704001205,"[0.37840788912315554,0.40994187988341846];[0.40994187988341846,0.44147587064368143];[0.44147587064368143,0.50454385216420738]",0.00034263274602471514,0.0001713163730123618,0.00017131637301235334,0.50000000000001232,0.37499999999999095,0.49999999999998768,0.00098147478291523262,0,0,0,0.5,0.01,0.01,2,split,deterministic_bound_only_refinement_rule,L3|frontier-d2|all|parent|c6-overlay|0.504544|0.500922|0.500922|0.000000|0.000981|0.000000,0.12613596304105185,2,0,False,False
round39_small_hard_V10_M3_Q20_slot04_seed1145042375,hard_c6_win_guard,stage1-atlas__round39_small_hard_V10_M3_Q20_slot04_seed1145042375__frontier-d2-violated,frontier-d2,violated,parent,L0,,0,0,0.12613596304105185,4,violated,c6-overlay,split,0.25227192608210369,0.16198301142887575,0.22373680478873922,0.22373680478873925,"[0,0.063067981520525923];[0.063067981520525923,0.094601972280788885];[0.094601972280788885,0.12613596304105185]",0.034354274708948702,0.021071824452916589,0.013282450256032113,0.61336834008105945,0.30739836619901117,0.3866316599189405,0.076095411970235102,9.7268118576678941e-16,7.4016575546620622e-17,0,0.5,0.01,0.01,2,split,deterministic_bound_only_refinement_rule,L0|frontier-d2|violated|parent|c6-overlay|0.252272|0.223737|0.223737|0.000000|0.076095|0.000000,0.12613596304105185,2,2,False,False
round39_small_hard_V10_M3_Q20_slot04_seed1145042375,hard_c6_win_guard,stage1-atlas__round39_small_hard_V10_M3_Q20_slot04_seed1145042375__frontier-d2-violated,frontier-d2,violated,parent,L1,,0,0.12613596304105185,0.25227192608210369,4,violated,c6-overlay,exact-closure,0.25227192608210369,0.24909075776238776,0.24909075776238776,0.24909075776238779,"[0.12613596304105185,0.15766995380131482];[0.15766995380131482,0.18920394456157777];[0.18920394456157777,0.25227192608210369]",0.0049302749175193323,0.0029623337453938414,0.0019679411721254909,0.60084555018776509,0.061074794826758608,0.39915444981223491,0.011274372675182298,8.7249629149165527e-15,9.8368483479914079e-17,0,0.5,0.01,0.01,0,exact-closure,deterministic_bound_only_refinement_rule,L1|frontier-d2|violated|parent|c6-overlay|0.252272|0.249091|0.249091|0.000000|0.011274|0.000000,0.12613596304105185,2,0,False,False
round39_small_hard_V10_M3_Q20_slot04_seed1145042375,hard_c6_win_guard,stage1-atlas__round39_small_hard_V10_M3_Q20_slot04_seed1145042375__frontier-d2-violated,frontier-d2,violated,parent,L2,,0,0.25227192608210369,0.37840788912315554,4,violated,c6-overlay,exact-closure,0.37840788912315554,0.37478605399896031,0.37478605399896031,0.37478605399896031,"[0.25227192608210369,0.28380591684236667];[0.28380591684236667,0.31533990760262964];[0.31533990760262964,0.37840788912315554]",0.00497196286634175,0.0029831777198050524,0.0019887851465366976,0.60000000000000053,0.1215109658384626,0.39999999999999952,0.011393788203894516,0,0,0,0.5,0.01,0.01,0,exact-closure,deterministic_bound_only_refinement_rule,L2|frontier-d2|violated|parent|c6-overlay|0.378408|0.374786|0.374786|0.000000|0.011394|0.000000,0.12613596304105185,2,0,False,False
round39_small_hard_V10_M3_Q20_slot04_seed1145042375,hard_c6_win_guard,stage1-atlas__round39_small_hard_V10_M3_Q20_slot04_seed1145042375__frontier-d2-violated,frontier-d2,violated,parent,L3,,0,0.37840788912315554,0.50454385216420738,4,violated,c6-overlay,split,0.50454375216420744,0.50092201704001205,0.50092201704001205,0.50092201704001205,"[0.37840788912315554,0.40994187988341846];[0.40994187988341846,0.44147587064368143];[0.44147587064368143,0.50454385216420738]",0.00034263274602471514,0.0001713163730123618,0.00017131637301235334,0.50000000000001232,0.37499999999999095,0.49999999999998768,0.00098147478291523262,0,0,0,0.5,0.01,0.01,0,split,deterministic_bound_only_refinement_rule,L3|frontier-d2|violated|parent|c6-overlay|0.504544|0.500922|0.500922|0.000000|0.000981|0.000000,0.12613596304105185,2,0,False,False
round39_small_hard_V10_M3_Q20_slot04_seed1145042375,hard_c6_win_guard,stage1-atlas__round39_small_hard_V10_M3_Q20_slot04_seed1145042375__frontier-d2-active-one,frontier-d2,active-one,parent,L0,,0,0,0.12613596304105185,4,active-one,c6-overlay,split,0.25227192608210369,0.16198301142887575,0.21911411840491968,0.22373680478873925,"[0,0.063067981520525923];[0.063067981520525923,0.094601972280788885];[0.094601972280788885,0.12613596304105185]",0.034354274708948702,0.021071824452916589,0.013282450256032113,0.61336834008105945,0.30739836619901117,0.3866316599189405,0.076095411970235102,0.13941471730655033,0.010608820348155813,0,0.5,0.01,0.01,1,split,deterministic_bound_only_refinement_rule,L0|frontier-d2|active-one|parent|c6-overlay|0.252272|0.219114|0.223737|0.139415|0.076095|0.010609,0.12613596304105185,2,2,False,False
round39_small_hard_V10_M3_Q20_slot04_seed1145042375,hard_c6_win_guard,stage1-atlas__round39_small_hard_V10_M3_Q20_slot04_seed1145042375__frontier-d2-active-one,frontier-d2,active-one,parent,L1,,0,0.12613596304105185,0.25227192608210369,4,active-one,c6-overlay,exact-closure,0.25227192608210369,0.24909075776238776,0.24909075776238776,0.24909075776238779,"[0.12613596304105185,0.15766995380131482];[0.15766995380131482,0.18920394456157777];[0.18920394456157777,0.25227192608210369]",0.0049302749175193323,0.0029623337453938414,0.0019679411721254909,0.60084555018776509,0.061074794826758608,0.39915444981223491,0.011274372675182298,8.7249629149165527e-15,9.8368483479914079e-17,0,0.5,0.01,0.01,0,exact-closure,deterministic_bound_only_refinement_rule,L1|frontier-d2|active-one|parent|c6-overlay|0.252272|0.249091|0.249091|0.000000|0.011274|0.000000,0.12613596304105185,2,0,False,False
round39_small_hard_V10_M3_Q20_slot04_seed1145042375,hard_c6_win_guard,stage1-atlas__round39_small_hard_V10_M3_Q20_slot04_seed1145042375__frontier-d2-active-one,frontier-d2,active-one,parent,L2,,0,0.25227192608210369,0.37840788912315554,4,active-one,c6-overlay,exact-closure,0.37840788912315554,0.37478605399896031,0.37478605399896031,0.37478605399896031,"[0.25227192608210369,0.28380591684236667];[0.28380591684236667,0.31533990760262964];[0.31533990760262964,0.37840788912315554]",0.00497196286634175,0.0029831777198050524,0.0019887851465366976,0.60000000000000053,0.1215109658384626,0.39999999999999952,0.011393788203894516,0,0,0,0.5,0.01,0.01,0,exact-closure,deterministic_bound_only_refinement_rule,L2|frontier-d2|active-one|parent|c6-overlay|0.378408|0.374786|0.374786|0.000000|0.011394|0.000000,0.12613596304105185,2,0,False,False
round39_small_hard_V10_M3_Q20_slot04_seed1145042375,hard_c6_win_guard,stage1-atlas__round39_small_hard_V10_M3_Q20_slot04_seed1145042375__frontier-d2-active-one,frontier-d2,active-one,parent,L3,,0,0.37840788912315554,0.50454385216420738,4,active-one,c6-overlay,split,0.50454375216420744,0.50092201704001205,0.50092201704001205,0.50092201704001205,"[0.37840788912315554,0.40994187988341846];[0.40994187988341846,0.44147587064368143];[0.44147587064368143,0.50454385216420738]",0.00034263274602471514,0.0001713163730123618,0.00017131637301235334,0.50000000000001232,0.37499999999999095,0.49999999999998768,0.00098147478291523262,0,0,0,0.5,0.01,0.01,0,split,deterministic_bound_only_refinement_rule,L3|frontier-d2|active-one|parent|c6-overlay|0.504544|0.500922|0.500922|0.000000|0.000981|0.000000,0.12613596304105185,2,0,False,False
