elapsed_time,native_global_LB,native_incumbent,verified_cutoff,native_gap,node_count,open_nodes,simplex_iterations,event_source
0.016933500000000001,0,9.9999999999999993e+74,0.19563620654901237,9.9999999999999993e+74,0,1,0,global_progress
0.017035499999999999,0,9.9999999999999993e+74,0.19563620654901237,9.9999999999999993e+74,0,1,0,global_progress
2.2287343000000002,0.12156205413135568,9.9999999999999993e+74,0.19563620654901237,9.9999999999999993e+74,0,1,3372,global_progress
280.00486510000002,0.13945450175057333,9.9999999999999993e+74,0.19563620654901237,9.9999999999999993e+74,3825,2749,1097824,global_progress
280.00512670000001,0.13945450175057333,0,0.19563620654901237,0,3825,2749,1097824,solver_final
