process_elapsed_seconds,exact_phase_elapsed_seconds,event_type,active_leaf,active_leaf_valid_lower_bound,other_open_leaf_min_valid_lower_bound,valid_global_lower_bound,verified_global_upper_bound,open_relevant_leaf_count,closed_relevant_leaf_count,event_source
6.1157136000000003,0.010552000000000001,"exact_tree_initialization","",0,,0,0.35720058320841552,4,0,"initial_exact_interval_cover"
6.2790496999999998,0.17388799999999999,"parent_lp_completion","L0",0,0.089300145802103881,0,0.35720058320841552,4,0,"complete_parent_lp_infeasible"
6.2791689000000002,0.1740073,"infeasible_closure","L0",,0.089300145802103881,0.089300145802103881,0.35720058320841552,3,1,"complete_parent_lp_infeasible"
6.4408003999999996,0.33563860000000001,"parent_lp_completion","L1",0.27726096936095629,0.17860029160420776,0.17860029160420776,0.35720058320841552,3,1,"complete_parent_lp_optimal"
6.4408231000000002,0.3356616,"parent_lp_requeue","L1",0.27726096936095629,0.17860029160420776,0.17860029160420776,0.35720058320841552,3,1,"c6_selected_leaf_no_longer_controlling"
6.6157282999999998,0.51056659999999998,"parent_lp_completion","L2",0.29424322429778327,0.26790043740631164,0.26790043740631164,0.35720058320841552,3,1,"complete_parent_lp_optimal"
6.6157507999999998,0.51058930000000002,"parent_lp_requeue","L2",0.29424322429778327,0.26790043740631164,0.26790043740631164,0.35720058320841552,3,1,"c6_selected_leaf_no_longer_controlling"
6.7791872,0.6740254,"parent_lp_completion","L3",0.35403537724225576,0.27726096936095629,0.27726096936095629,0.35720058320841552,3,1,"complete_parent_lp_optimal"
6.7792126000000001,0.67405110000000001,"parent_lp_requeue","L3",0.35403537724225576,0.27726096936095629,0.27726096936095629,0.35720058320841552,3,1,"c6_selected_leaf_no_longer_controlling"
6.9276852,0.82252380000000003,"native_root_processing_bound","L1",0.27726096936095629,0.29424322429778327,0.27726096936095629,0.35720058320841552,3,1,"gurobi_cb_mip_objbnd_valid_native_bound"
7.0059769999999997,0.90081540000000004,"infeasible_closure","L1",,0.29424322429778327,0.29424322429778327,0.35720058320841552,2,2,"c6_native_target_phase_exact_closure"
7.1711437,1.0659821999999999,"native_root_processing_bound","L2",0.29424322429778327,0.35403537724225576,0.29424322429778327,0.35720058320841552,2,2,"gurobi_cb_mip_objbnd_valid_native_bound"
7.2532420999999996,1.1480805999999999,"native_root_processing_bound","L2",0.31012928077790769,0.35403537724225576,0.31012928077790769,0.35720058320841552,2,2,"gurobi_cb_mip_objbnd_valid_native_bound"
7.6687504999999998,1.5635889999999999,"native_root_processing_bound","L2",0.31787019507445113,0.35403537724225576,0.31787019507445113,0.35720058320841552,2,2,"gurobi_cb_mip_objbnd_valid_native_bound"
7.6915962999999996,1.5864347999999999,"native_root_processing_bound","L2",0.31805358170113229,0.35403537724225576,0.31805358170113229,0.35720058320841552,2,2,"gurobi_cb_mip_objbnd_valid_native_bound"
7.9933043999999995,1.8881429000000001,"native_root_processing_bound","L2",0.32022806969733192,0.35403537724225576,0.32022806969733192,0.35720058320841552,2,2,"gurobi_cb_mip_objbnd_valid_native_bound"
8.0079004999999999,1.902739,"native_root_processing_bound","L2",0.32046525370788959,0.35403537724225576,0.32046525370788959,0.35720058320841552,2,2,"gurobi_cb_mip_objbnd_valid_native_bound"
8.0188898000000002,1.9137282999999998,"native_root_processing_bound","L2",0.32061554998119857,0.35403537724225576,0.32061554998119857,0.35720058320841552,2,2,"gurobi_cb_mip_objbnd_valid_native_bound"
8.3153944000000006,2.2102328999999998,"native_root_processing_bound","L2",0.3211926480363852,0.35403537724225576,0.3211926480363852,0.35720058320841552,2,2,"gurobi_cb_mip_objbnd_valid_native_bound"
8.3385730000000002,2.2334114999999999,"native_root_processing_bound","L2",0.32124666673729491,0.35403537724225576,0.32124666673729491,0.35720058320841552,2,2,"gurobi_cb_mip_objbnd_valid_native_bound"
8.6415909000000006,2.5364293999999998,"native_root_processing_bound","L2",0.32136768448937852,0.35403537724225576,0.32136768448937852,0.35720058320841552,2,2,"gurobi_cb_mip_objbnd_valid_native_bound"
8.651886600000001,2.5467251000000002,"native_root_processing_bound","L2",0.32149483135406387,0.35403537724225576,0.32149483135406387,0.35720058320841552,2,2,"gurobi_cb_mip_objbnd_valid_native_bound"
9.9789048999999999,3.8737433999999999,"native_root_processing_bound","L2",0.32149484810730827,0.35403537724225576,0.32149484810730827,0.35720058320841552,2,2,"gurobi_cb_mip_objbnd_valid_native_bound"
10.0194706,3.9143091000000001,"native_root_processing_bound","L2",0.32150346056724194,0.35403537724225576,0.32150346056724194,0.35720058320841552,2,2,"gurobi_cb_mip_objbnd_valid_native_bound"
10.538873800000001,4.4337122999999998,"native_root_processing_bound","L2",0.32150426648510277,0.35403537724225576,0.32150426648510277,0.35720058320841552,2,2,"gurobi_cb_mip_objbnd_valid_native_bound"
10.594509,4.4893475,"partial_native_mip_bound_improvement","L2",0.32177145578276745,0.35403537724225576,0.32177145578276745,0.35720058320841552,2,2,"gurobi_cb_mip_objbnd_valid_native_bound"
10.999497099999999,4.8943355999999998,"partial_native_mip_bound_improvement","L2",0.32838354753514754,0.35403537724225576,0.32838354753514754,0.35720058320841552,2,2,"gurobi_cb_mip_objbnd_valid_native_bound"
11.1400252,5.0348636999999998,"partial_native_mip_bound_improvement","L2",0.32858445891634513,0.35403537724225576,0.32858445891634513,0.35720058320841552,2,2,"gurobi_cb_mip_objbnd_valid_native_bound"
11.4031067,5.2979452,"partial_native_mip_bound_improvement","L2",0.32868592431255811,0.35403537724225576,0.32868592431255811,0.35720058320841552,2,2,"gurobi_cb_mip_objbnd_valid_native_bound"
11.471264699999999,5.3661031999999995,"partial_native_mip_bound_improvement","L2",0.32876037877631875,0.35403537724225576,0.32876037877631875,0.35720058320841552,2,2,"gurobi_cb_mip_objbnd_valid_native_bound"
11.561967899999999,5.4568063999999996,"partial_native_mip_bound_improvement","L2",0.32928020678015346,0.35403537724225576,0.32928020678015346,0.35720058320841552,2,2,"gurobi_cb_mip_objbnd_valid_native_bound"
11.6221879,5.5170263999999998,"partial_native_mip_bound_improvement","L2",0.32968694579744295,0.35403537724225576,0.32968694579744295,0.35720058320841552,2,2,"gurobi_cb_mip_objbnd_valid_native_bound"
11.6342853,5.5291237999999998,"partial_native_mip_bound_improvement","L2",0.32978892418954486,0.35403537724225576,0.32978892418954486,0.35720058320841552,2,2,"gurobi_cb_mip_objbnd_valid_native_bound"
11.7122043,5.6070427999999994,"partial_native_mip_bound_improvement","L2",0.33072149954115226,0.35403537724225576,0.33072149954115226,0.35720058320841552,2,2,"gurobi_cb_mip_objbnd_valid_native_bound"
11.7629936,5.6578320999999994,"partial_native_mip_bound_improvement","L2",0.33074836495797627,0.35403537724225576,0.33074836495797627,0.35720058320841552,2,2,"gurobi_cb_mip_objbnd_valid_native_bound"
11.7952821,5.6901205999999993,"partial_native_mip_bound_improvement","L2",0.33281371638930307,0.35403537724225576,0.33281371638930307,0.35720058320841552,2,2,"gurobi_cb_mip_objbnd_valid_native_bound"
11.909053700000001,5.8038921999999999,"partial_native_mip_bound_improvement","L2",0.33310839443245621,0.35403537724225576,0.33310839443245621,0.35720058320841552,2,2,"gurobi_cb_mip_objbnd_valid_native_bound"
11.911675200000001,5.8065137,"partial_native_mip_bound_improvement","L2",0.33538108323202986,0.35403537724225576,0.33538108323202986,0.35720058320841552,2,2,"gurobi_cb_mip_objbnd_valid_native_bound"
11.9864806,5.8813190999999998,"partial_native_mip_bound_improvement","L2",0.33557267998037227,0.35403537724225576,0.33557267998037227,0.35720058320841552,2,2,"gurobi_cb_mip_objbnd_valid_native_bound"
12.0164863,5.9113248,"partial_native_mip_bound_improvement","L2",0.33577491308003704,0.35403537724225576,0.33577491308003704,0.35720058320841552,2,2,"gurobi_cb_mip_objbnd_valid_native_bound"
12.078795700000001,5.9736341999999993,"partial_native_mip_bound_improvement","L2",0.33641661325397937,0.35403537724225576,0.33641661325397937,0.35720058320841552,2,2,"gurobi_cb_mip_objbnd_valid_native_bound"
12.146087699999999,6.0409261999999995,"partial_native_mip_bound_improvement","L2",0.3364220872216051,0.35403537724225576,0.3364220872216051,0.35720058320841552,2,2,"gurobi_cb_mip_objbnd_valid_native_bound"
12.205375100000001,6.1002136,"partial_native_mip_bound_improvement","L2",0.33706632477078524,0.35403537724225576,0.33706632477078524,0.35720058320841552,2,2,"gurobi_cb_mip_objbnd_valid_native_bound"
12.2504426,6.1452811000000001,"partial_native_mip_bound_improvement","L2",0.33707863042340808,0.35403537724225576,0.33707863042340808,0.35720058320841552,2,2,"gurobi_cb_mip_objbnd_valid_native_bound"
12.310549,6.2053874999999996,"partial_native_mip_bound_improvement","L2",0.33747798085059089,0.35403537724225576,0.33747798085059089,0.35720058320841552,2,2,"gurobi_cb_mip_objbnd_valid_native_bound"
12.7856206,6.6804590999999993,"partial_native_mip_bound_improvement","L2",0.33772517389009704,0.35403537724225576,0.33772517389009704,0.35720058320841552,2,2,"gurobi_cb_mip_objbnd_valid_native_bound"
12.817073499999999,6.7119119999999999,"partial_native_mip_bound_improvement","L2",0.33802773824256238,0.35403537724225576,0.33802773824256238,0.35720058320841552,2,2,"gurobi_cb_mip_objbnd_valid_native_bound"
12.826603800000001,6.7214422999999996,"partial_native_mip_bound_improvement","L2",0.33870160128842658,0.35403537724225576,0.33870160128842658,0.35720058320841552,2,2,"gurobi_cb_mip_objbnd_valid_native_bound"
12.922191699999999,6.8170301999999996,"partial_native_mip_bound_improvement","L2",0.33885356416284584,0.35403537724225576,0.33885356416284584,0.35720058320841552,2,2,"gurobi_cb_mip_objbnd_valid_native_bound"
13.2185317,7.1133701999999994,"partial_native_mip_bound_improvement","L2",0.33893735324957242,0.35403537724225576,0.33893735324957242,0.35720058320841552,2,2,"gurobi_cb_mip_objbnd_valid_native_bound"
13.2234006,7.1182390999999994,"partial_native_mip_bound_improvement","L2",0.3389766436937523,0.35403537724225576,0.3389766436937523,0.35720058320841552,2,2,"gurobi_cb_mip_objbnd_valid_native_bound"
13.437679299999999,7.3325177999999998,"partial_native_mip_bound_improvement","L2",0.33911872351167444,0.35403537724225576,0.33911872351167444,0.35720058320841552,2,2,"gurobi_cb_mip_objbnd_valid_native_bound"
23.458349699999999,17.353188200000002,"partial_native_mip_bound_improvement","L2",0.33914081205514113,0.35403537724225576,0.33914081205514113,0.35720058320841552,2,2,"gurobi_cb_mip_objbnd_valid_native_bound"
23.555002299999998,17.4498408,"partial_native_mip_bound_improvement","L2",0.33920874719840316,0.35403537724225576,0.33920874719840316,0.35720058320841552,2,2,"gurobi_cb_mip_objbnd_valid_native_bound"
24.046374299999997,17.941212799999999,"partial_native_mip_bound_improvement","L2",0.33978907964179433,0.35403537724225576,0.33978907964179433,0.35720058320841552,2,2,"gurobi_cb_mip_objbnd_valid_native_bound"
24.099036300000002,17.9938748,"partial_native_mip_bound_improvement","L2",0.34066150527801964,0.35403537724225576,0.34066150527801964,0.35720058320841552,2,2,"gurobi_cb_mip_objbnd_valid_native_bound"
24.129217500000003,18.024056000000002,"partial_native_mip_bound_improvement","L2",0.34092727516650817,0.35403537724225576,0.34092727516650817,0.35720058320841552,2,2,"gurobi_cb_mip_objbnd_valid_native_bound"
24.1378962,18.032734699999999,"partial_native_mip_bound_improvement","L2",0.34096889687699256,0.35403537724225576,0.34096889687699256,0.35720058320841552,2,2,"gurobi_cb_mip_objbnd_valid_native_bound"
24.172817700000003,18.067656200000002,"partial_native_mip_bound_improvement","L2",0.34112163045635213,0.35403537724225576,0.34112163045635213,0.35720058320841552,2,2,"gurobi_cb_mip_objbnd_valid_native_bound"
24.219845200000002,18.1146837,"partial_native_mip_bound_improvement","L2",0.34139913273134792,0.35403537724225576,0.34139913273134792,0.35720058320841552,2,2,"gurobi_cb_mip_objbnd_valid_native_bound"
24.241708299999999,18.136546800000001,"partial_native_mip_bound_improvement","L2",0.34215841184900153,0.35403537724225576,0.34215841184900153,0.35720058320841552,2,2,"gurobi_cb_mip_objbnd_valid_native_bound"
24.282852400000003,18.177690900000002,"partial_native_mip_bound_improvement","L2",0.34245377165702262,0.35403537724225576,0.34245377165702262,0.35720058320841552,2,2,"gurobi_cb_mip_objbnd_valid_native_bound"
24.305568399999999,18.200406900000001,"partial_native_mip_bound_improvement","L2",0.34248222569620168,0.35403537724225576,0.34248222569620168,0.35720058320841552,2,2,"gurobi_cb_mip_objbnd_valid_native_bound"
24.350528400000002,18.2453669,"partial_native_mip_bound_improvement","L2",0.34310348563895721,0.35403537724225576,0.34310348563895721,0.35720058320841552,2,2,"gurobi_cb_mip_objbnd_valid_native_bound"
24.393741900000002,18.288580400000001,"partial_native_mip_bound_improvement","L2",0.34337117700891945,0.35403537724225576,0.34337117700891945,0.35720058320841552,2,2,"gurobi_cb_mip_objbnd_valid_native_bound"
24.4412643,18.336102799999999,"partial_native_mip_bound_improvement","L2",0.34364431085384345,0.35403537724225576,0.34364431085384345,0.35720058320841552,2,2,"gurobi_cb_mip_objbnd_valid_native_bound"
24.483591300000001,18.378429799999999,"partial_native_mip_bound_improvement","L2",0.34399942490725532,0.35403537724225576,0.34399942490725532,0.35720058320841552,2,2,"gurobi_cb_mip_objbnd_valid_native_bound"
24.4847976,18.379636099999999,"partial_native_mip_bound_improvement","L2",0.34483745268912658,0.35403537724225576,0.34483745268912658,0.35720058320841552,2,2,"gurobi_cb_mip_objbnd_valid_native_bound"
24.495907000000003,18.390745500000001,"partial_native_mip_bound_improvement","L2",0.34548980894449954,0.35403537724225576,0.34548980894449954,0.35720058320841552,2,2,"gurobi_cb_mip_objbnd_valid_native_bound"
24.505257,18.400095499999999,"partial_native_mip_bound_improvement","L2",0.34585878919467045,0.35403537724225576,0.34585878919467045,0.35720058320841552,2,2,"gurobi_cb_mip_objbnd_valid_native_bound"
24.5230119,18.417850399999999,"partial_native_mip_bound_improvement","L2",0.34610837997245492,0.35403537724225576,0.34610837997245492,0.35720058320841552,2,2,"gurobi_cb_mip_objbnd_valid_native_bound"
24.547575999999999,18.442414500000002,"partial_native_mip_bound_improvement","L2",0.3461239437089878,0.35403537724225576,0.3461239437089878,0.35720058320841552,2,2,"gurobi_cb_mip_objbnd_valid_native_bound"
24.579599000000002,18.474437500000001,"partial_native_mip_bound_improvement","L2",0.34623755819392354,0.35403537724225576,0.34623755819392354,0.35720058320841552,2,2,"gurobi_cb_mip_objbnd_valid_native_bound"
24.605355099999997,18.500193599999999,"partial_native_mip_bound_improvement","L2",0.34630166216511843,0.35403537724225576,0.34630166216511843,0.35720058320841552,2,2,"gurobi_cb_mip_objbnd_valid_native_bound"
24.615035599999999,18.509874100000001,"partial_native_mip_bound_improvement","L2",0.34634005307610261,0.35403537724225576,0.34634005307610261,0.35720058320841552,2,2,"gurobi_cb_mip_objbnd_valid_native_bound"
24.651782099999998,18.546620600000001,"partial_native_mip_bound_improvement","L2",0.34636294298722781,0.35403537724225576,0.34636294298722781,0.35720058320841552,2,2,"gurobi_cb_mip_objbnd_valid_native_bound"
24.6591977,18.554036199999999,"partial_native_mip_bound_improvement","L2",0.34644209566980932,0.35403537724225576,0.34644209566980932,0.35720058320841552,2,2,"gurobi_cb_mip_objbnd_valid_native_bound"
24.695105300000002,18.5899438,"partial_native_mip_bound_improvement","L2",0.34650796707691817,0.35403537724225576,0.34650796707691817,0.35720058320841552,2,2,"gurobi_cb_mip_objbnd_valid_native_bound"
24.747603699999999,18.642442200000001,"partial_native_mip_bound_improvement","L2",0.34664692828415816,0.35403537724225576,0.34664692828415816,0.35720058320841552,2,2,"gurobi_cb_mip_objbnd_valid_native_bound"
24.760958100000003,18.655796600000002,"partial_native_mip_bound_improvement","L2",0.34688599516050278,0.35403537724225576,0.34688599516050278,0.35720058320841552,2,2,"gurobi_cb_mip_objbnd_valid_native_bound"
24.778836099999999,18.673674600000002,"partial_native_mip_bound_improvement","L2",0.34722116119112501,0.35403537724225576,0.34722116119112501,0.35720058320841552,2,2,"gurobi_cb_mip_objbnd_valid_native_bound"
24.786867999999998,18.681706500000001,"partial_native_mip_bound_improvement","L2",0.34739204286616321,0.35403537724225576,0.34739204286616321,0.35720058320841552,2,2,"gurobi_cb_mip_objbnd_valid_native_bound"
24.818803000000003,18.713641500000001,"partial_native_mip_bound_improvement","L2",0.34745321363099863,0.35403537724225576,0.34745321363099863,0.35720058320841552,2,2,"gurobi_cb_mip_objbnd_valid_native_bound"
24.847625700000002,18.742464200000001,"partial_native_mip_bound_improvement","L2",0.34748429052666441,0.35403537724225576,0.34748429052666441,0.35720058320841552,2,2,"gurobi_cb_mip_objbnd_valid_native_bound"
24.873539100000002,18.768377600000001,"partial_native_mip_bound_improvement","L2",0.347578253650282,0.35403537724225576,0.347578253650282,0.35720058320841552,2,2,"gurobi_cb_mip_objbnd_valid_native_bound"
24.874819600000002,18.769658100000001,"partial_native_mip_bound_improvement","L2",0.34757867393483938,0.35403537724225576,0.34757867393483938,0.35720058320841552,2,2,"gurobi_cb_mip_objbnd_valid_native_bound"
24.899382199999998,18.7942207,"partial_native_mip_bound_improvement","L2",0.34768687966641076,0.35403537724225576,0.34768687966641076,0.35720058320841552,2,2,"gurobi_cb_mip_objbnd_valid_native_bound"
24.933458700000003,18.828297200000002,"partial_native_mip_bound_improvement","L2",0.34782153192780857,0.35403537724225576,0.34782153192780857,0.35720058320841552,2,2,"gurobi_cb_mip_objbnd_valid_native_bound"
24.961162600000002,18.8560011,"partial_native_mip_bound_improvement","L2",0.34808092327850243,0.35403537724225576,0.34808092327850243,0.35720058320841552,2,2,"gurobi_cb_mip_objbnd_valid_native_bound"
24.966754799999997,18.861593299999999,"partial_native_mip_bound_improvement","L2",0.34818564411538988,0.35403537724225576,0.34818564411538988,0.35720058320841552,2,2,"gurobi_cb_mip_objbnd_valid_native_bound"
24.991608200000002,18.8864467,"partial_native_mip_bound_improvement","L2",0.34821679889575519,0.35403537724225576,0.34821679889575519,0.35720058320841552,2,2,"gurobi_cb_mip_objbnd_valid_native_bound"
25.0140484,18.908886899999999,"partial_native_mip_bound_improvement","L2",0.34823525516425236,0.35403537724225576,0.34823525516425236,0.35720058320841552,2,2,"gurobi_cb_mip_objbnd_valid_native_bound"
25.026757600000003,18.921596100000002,"partial_native_mip_bound_improvement","L2",0.34823837591752349,0.35403537724225576,0.34823837591752349,0.35720058320841552,2,2,"gurobi_cb_mip_objbnd_valid_native_bound"
25.043503399999999,18.938341900000001,"partial_native_mip_bound_improvement","L2",0.34830452334412593,0.35403537724225576,0.34830452334412593,0.35720058320841552,2,2,"gurobi_cb_mip_objbnd_valid_native_bound"
25.117730000000002,19.0125685,"partial_native_mip_bound_improvement","L2",0.34836504451908373,0.35403537724225576,0.34836504451908373,0.35720058320841552,2,2,"gurobi_cb_mip_objbnd_valid_native_bound"
25.119802200000002,19.014640700000001,"partial_native_mip_bound_improvement","L2",0.34843612650733491,0.35403537724225576,0.34843612650733491,0.35720058320841552,2,2,"gurobi_cb_mip_objbnd_valid_native_bound"
25.175448199999998,19.0702867,"partial_native_mip_bound_improvement","L2",0.34867944079988161,0.35403537724225576,0.34867944079988161,0.35720058320841552,2,2,"gurobi_cb_mip_objbnd_valid_native_bound"
25.176045600000002,19.070884100000001,"partial_native_mip_bound_improvement","L2",0.34876277690715296,0.35403537724225576,0.34876277690715296,0.35720058320841552,2,2,"gurobi_cb_mip_objbnd_valid_native_bound"
25.209566199999998,19.1044047,"partial_native_mip_bound_improvement","L2",0.3489263694732162,0.35403537724225576,0.3489263694732162,0.35720058320841552,2,2,"gurobi_cb_mip_objbnd_valid_native_bound"
25.234385400000001,19.1292239,"partial_native_mip_bound_improvement","L2",0.34895267199985625,0.35403537724225576,0.34895267199985625,0.35720058320841552,2,2,"gurobi_cb_mip_objbnd_valid_native_bound"
25.283898000000001,19.178736499999999,"partial_native_mip_bound_improvement","L2",0.34896116608684485,0.35403537724225576,0.34896116608684485,0.35720058320841552,2,2,"gurobi_cb_mip_objbnd_valid_native_bound"
25.287280099999997,19.182118599999999,"partial_native_mip_bound_improvement","L2",0.3489919724340696,0.35403537724225576,0.3489919724340696,0.35720058320841552,2,2,"gurobi_cb_mip_objbnd_valid_native_bound"
25.301631299999997,19.196469799999999,"partial_native_mip_bound_improvement","L2",0.34914587198427827,0.35403537724225576,0.34914587198427827,0.35720058320841552,2,2,"gurobi_cb_mip_objbnd_valid_native_bound"
25.303042400000002,19.197880900000001,"partial_native_mip_bound_improvement","L2",0.349173857442728,0.35403537724225576,0.349173857442728,0.35720058320841552,2,2,"gurobi_cb_mip_objbnd_valid_native_bound"
25.326916400000002,19.221754900000001,"partial_native_mip_bound_improvement","L2",0.34920349554056268,0.35403537724225576,0.34920349554056268,0.35720058320841552,2,2,"gurobi_cb_mip_objbnd_valid_native_bound"
25.356669500000002,19.251508000000001,"partial_native_mip_bound_improvement","L2",0.34932814270309248,0.35403537724225576,0.34932814270309248,0.35720058320841552,2,2,"gurobi_cb_mip_objbnd_valid_native_bound"
25.357907300000001,19.2527458,"partial_native_mip_bound_improvement","L2",0.34936294115393984,0.35403537724225576,0.34936294115393984,0.35720058320841552,2,2,"gurobi_cb_mip_objbnd_valid_native_bound"
25.369519400000001,19.2643579,"partial_native_mip_bound_improvement","L2",0.34943227655154646,0.35403537724225576,0.34943227655154646,0.35720058320841552,2,2,"gurobi_cb_mip_objbnd_valid_native_bound"
25.3893761,19.284214600000002,"partial_native_mip_bound_improvement","L2",0.34945300428391451,0.35403537724225576,0.34945300428391451,0.35720058320841552,2,2,"gurobi_cb_mip_objbnd_valid_native_bound"
25.392927399999998,19.2877659,"partial_native_mip_bound_improvement","L2",0.34967390649279084,0.35403537724225576,0.34967390649279084,0.35720058320841552,2,2,"gurobi_cb_mip_objbnd_valid_native_bound"
25.424335499999998,19.319174,"partial_native_mip_bound_improvement","L2",0.34973977578936943,0.35403537724225576,0.34973977578936943,0.35720058320841552,2,2,"gurobi_cb_mip_objbnd_valid_native_bound"
25.771926999999998,19.6667655,"partial_native_mip_bound_improvement","L2",0.34987741700004149,0.35403537724225576,0.34987741700004149,0.35720058320841552,2,2,"gurobi_cb_mip_objbnd_valid_native_bound"
25.873609399999999,19.768447900000002,"partial_native_mip_bound_improvement","L2",0.34990074857169018,0.35403537724225576,0.34990074857169018,0.35720058320841552,2,2,"gurobi_cb_mip_objbnd_valid_native_bound"
25.959398,19.854236499999999,"partial_native_mip_bound_improvement","L2",0.3499289234793469,0.35403537724225576,0.3499289234793469,0.35720058320841552,2,2,"gurobi_cb_mip_objbnd_valid_native_bound"
25.979222299999996,19.874060799999999,"partial_native_mip_bound_improvement","L2",0.34995691589364869,0.35403537724225576,0.34995691589364869,0.35720058320841552,2,2,"gurobi_cb_mip_objbnd_valid_native_bound"
26.002727700000001,19.8975662,"partial_native_mip_bound_improvement","L2",0.35004025499332353,0.35403537724225576,0.35004025499332353,0.35720058320841552,2,2,"gurobi_cb_mip_objbnd_valid_native_bound"
26.040065400000003,19.934903900000002,"partial_native_mip_bound_improvement","L2",0.35006753118328726,0.35403537724225576,0.35006753118328726,0.35720058320841552,2,2,"gurobi_cb_mip_objbnd_valid_native_bound"
26.056167700000003,19.951006200000002,"partial_native_mip_bound_improvement","L2",0.35011216807952072,0.35403537724225576,0.35011216807952072,0.35720058320841552,2,2,"gurobi_cb_mip_objbnd_valid_native_bound"
26.0668267,19.961665199999999,"partial_native_mip_bound_improvement","L2",0.35017822213709338,0.35403537724225576,0.35017822213709338,0.35720058320841552,2,2,"gurobi_cb_mip_objbnd_valid_native_bound"
26.080644200000002,19.975482700000001,"partial_native_mip_bound_improvement","L2",0.35029164803893842,0.35403537724225576,0.35029164803893842,0.35720058320841552,2,2,"gurobi_cb_mip_objbnd_valid_native_bound"
26.120708,20.015546499999999,"partial_native_mip_bound_improvement","L2",0.35035263468492051,0.35403537724225576,0.35035263468492051,0.35720058320841552,2,2,"gurobi_cb_mip_objbnd_valid_native_bound"
26.141253200000001,20.0360917,"partial_native_mip_bound_improvement","L2",0.35035587678403812,0.35403537724225576,0.35035587678403812,0.35720058320841552,2,2,"gurobi_cb_mip_objbnd_valid_native_bound"
26.191002599999997,20.0858411,"partial_native_mip_bound_improvement","L2",0.35036453050562671,0.35403537724225576,0.35036453050562671,0.35720058320841552,2,2,"gurobi_cb_mip_objbnd_valid_native_bound"
26.198311599999997,20.093150099999999,"partial_native_mip_bound_improvement","L2",0.35040928898218859,0.35403537724225576,0.35040928898218859,0.35720058320841552,2,2,"gurobi_cb_mip_objbnd_valid_native_bound"
26.236574300000001,20.1314128,"partial_native_mip_bound_improvement","L2",0.35041230623474512,0.35403537724225576,0.35041230623474512,0.35720058320841552,2,2,"gurobi_cb_mip_objbnd_valid_native_bound"
26.237924300000003,20.132762800000002,"partial_native_mip_bound_improvement","L2",0.35043403662459316,0.35403537724225576,0.35043403662459316,0.35720058320841552,2,2,"gurobi_cb_mip_objbnd_valid_native_bound"
26.276834100000002,20.171672600000001,"partial_native_mip_bound_improvement","L2",0.35069440842830274,0.35403537724225576,0.35069440842830274,0.35720058320841552,2,2,"gurobi_cb_mip_objbnd_valid_native_bound"
26.283866699999997,20.1787052,"partial_native_mip_bound_improvement","L2",0.35073535297412611,0.35403537724225576,0.35073535297412611,0.35720058320841552,2,2,"gurobi_cb_mip_objbnd_valid_native_bound"
26.315355500000003,20.210194000000001,"partial_native_mip_bound_improvement","L2",0.35088649488961043,0.35403537724225576,0.35088649488961043,0.35720058320841552,2,2,"gurobi_cb_mip_objbnd_valid_native_bound"
26.3403384,20.235176899999999,"partial_native_mip_bound_improvement","L2",0.35099381350185871,0.35403537724225576,0.35099381350185871,0.35720058320841552,2,2,"gurobi_cb_mip_objbnd_valid_native_bound"
26.361774099999998,20.2566126,"partial_native_mip_bound_improvement","L2",0.35104283746098597,0.35403537724225576,0.35104283746098597,0.35720058320841552,2,2,"gurobi_cb_mip_objbnd_valid_native_bound"
26.365229900000003,20.260068400000002,"partial_native_mip_bound_improvement","L2",0.35106095448358315,0.35403537724225576,0.35106095448358315,0.35720058320841552,2,2,"gurobi_cb_mip_objbnd_valid_native_bound"
26.390485300000002,20.2853238,"partial_native_mip_bound_improvement","L2",0.3510682820420194,0.35403537724225576,0.3510682820420194,0.35720058320841552,2,2,"gurobi_cb_mip_objbnd_valid_native_bound"
26.419048699999998,20.3138872,"partial_native_mip_bound_improvement","L2",0.35108441494961018,0.35403537724225576,0.35108441494961018,0.35720058320841552,2,2,"gurobi_cb_mip_objbnd_valid_native_bound"
26.468304000000003,20.363142500000002,"partial_native_mip_bound_improvement","L2",0.35113021052712118,0.35403537724225576,0.35113021052712118,0.35720058320841552,2,2,"gurobi_cb_mip_objbnd_valid_native_bound"
26.477757500000003,20.372596000000001,"partial_native_mip_bound_improvement","L2",0.3511609795238681,0.35403537724225576,0.3511609795238681,0.35720058320841552,2,2,"gurobi_cb_mip_objbnd_valid_native_bound"
26.505901600000001,20.4007401,"partial_native_mip_bound_improvement","L2",0.35117186329312083,0.35403537724225576,0.35117186329312083,0.35720058320841552,2,2,"gurobi_cb_mip_objbnd_valid_native_bound"
26.530452599999997,20.425291099999999,"partial_native_mip_bound_improvement","L2",0.35119005842031292,0.35403537724225576,0.35119005842031292,0.35720058320841552,2,2,"gurobi_cb_mip_objbnd_valid_native_bound"
26.5852255,20.480064000000002,"partial_native_mip_bound_improvement","L2",0.3512393588415561,0.35403537724225576,0.3512393588415561,0.35720058320841552,2,2,"gurobi_cb_mip_objbnd_valid_native_bound"
26.638827399999997,20.533665899999999,"partial_native_mip_bound_improvement","L2",0.35124074201846983,0.35403537724225576,0.35124074201846983,0.35720058320841552,2,2,"gurobi_cb_mip_objbnd_valid_native_bound"
26.714061600000001,20.6089001,"partial_native_mip_bound_improvement","L2",0.35125670927374181,0.35403537724225576,0.35125670927374181,0.35720058320841552,2,2,"gurobi_cb_mip_objbnd_valid_native_bound"
26.7859573,20.680795800000002,"partial_native_mip_bound_improvement","L2",0.3512996091628165,0.35403537724225576,0.3512996091628165,0.35720058320841552,2,2,"gurobi_cb_mip_objbnd_valid_native_bound"
26.7960615,20.690899999999999,"partial_native_mip_bound_improvement","L2",0.35130093609155261,0.35403537724225576,0.35130093609155261,0.35720058320841552,2,2,"gurobi_cb_mip_objbnd_valid_native_bound"
26.8029917,20.697830200000002,"partial_native_mip_bound_improvement","L2",0.35132544869536797,0.35403537724225576,0.35132544869536797,0.35720058320841552,2,2,"gurobi_cb_mip_objbnd_valid_native_bound"
26.806258700000001,20.7010972,"partial_native_mip_bound_improvement","L2",0.35134097500692524,0.35403537724225576,0.35134097500692524,0.35720058320841552,2,2,"gurobi_cb_mip_objbnd_valid_native_bound"
26.8074139,20.702252399999999,"partial_native_mip_bound_improvement","L2",0.35135801525647914,0.35403537724225576,0.35135801525647914,0.35720058320841552,2,2,"gurobi_cb_mip_objbnd_valid_native_bound"
26.820181599999998,20.7150201,"partial_native_mip_bound_improvement","L2",0.35136650902263716,0.35403537724225576,0.35136650902263716,0.35720058320841552,2,2,"gurobi_cb_mip_objbnd_valid_native_bound"
26.826901999999997,20.721740499999999,"partial_native_mip_bound_improvement","L2",0.3513790779356375,0.35403537724225576,0.3513790779356375,0.35720058320841552,2,2,"gurobi_cb_mip_objbnd_valid_native_bound"
26.8474395,20.742277999999999,"partial_native_mip_bound_improvement","L2",0.35141942711896207,0.35403537724225576,0.35141942711896207,0.35720058320841552,2,2,"gurobi_cb_mip_objbnd_valid_native_bound"
26.8477204,20.742558899999999,"partial_native_mip_bound_improvement","L2",0.35144725254849785,0.35403537724225576,0.35144725254849785,0.35720058320841552,2,2,"gurobi_cb_mip_objbnd_valid_native_bound"
26.864324199999999,20.759162700000001,"partial_native_mip_bound_improvement","L2",0.35145215895988008,0.35403537724225576,0.35145215895988008,0.35720058320841552,2,2,"gurobi_cb_mip_objbnd_valid_native_bound"
26.866248300000002,20.761086800000001,"partial_native_mip_bound_improvement","L2",0.35148077660755567,0.35403537724225576,0.35148077660755567,0.35720058320841552,2,2,"gurobi_cb_mip_objbnd_valid_native_bound"
26.876862699999997,20.771701199999999,"partial_native_mip_bound_improvement","L2",0.35151096429781048,0.35403537724225576,0.35151096429781048,0.35720058320841552,2,2,"gurobi_cb_mip_objbnd_valid_native_bound"
26.8832874,20.778125899999999,"partial_native_mip_bound_improvement","L2",0.35157968122217592,0.35403537724225576,0.35157968122217592,0.35720058320841552,2,2,"gurobi_cb_mip_objbnd_valid_native_bound"
26.884640599999997,20.7794791,"partial_native_mip_bound_improvement","L2",0.35160995353671975,0.35403537724225576,0.35160995353671975,0.35720058320841552,2,2,"gurobi_cb_mip_objbnd_valid_native_bound"
26.892493899999998,20.7873324,"partial_native_mip_bound_improvement","L2",0.35162281662948269,0.35403537724225576,0.35162281662948269,0.35720058320841552,2,2,"gurobi_cb_mip_objbnd_valid_native_bound"
26.894187000000002,20.789025500000001,"partial_native_mip_bound_improvement","L2",0.35170269691498646,0.35403537724225576,0.35170269691498646,0.35720058320841552,2,2,"gurobi_cb_mip_objbnd_valid_native_bound"
26.915886800000003,20.810725300000001,"partial_native_mip_bound_improvement","L2",0.35171819464509246,0.35403537724225576,0.35171819464509246,0.35720058320841552,2,2,"gurobi_cb_mip_objbnd_valid_native_bound"
26.929126199999999,20.823964700000001,"partial_native_mip_bound_improvement","L2",0.35173949327865833,0.35403537724225576,0.35173949327865833,0.35720058320841552,2,2,"gurobi_cb_mip_objbnd_valid_native_bound"
26.933650399999998,20.8284889,"partial_native_mip_bound_improvement","L2",0.35178495270980431,0.35403537724225576,0.35178495270980431,0.35720058320841552,2,2,"gurobi_cb_mip_objbnd_valid_native_bound"
26.971967200000002,20.8668057,"partial_native_mip_bound_improvement","L2",0.35179613025776968,0.35403537724225576,0.35179613025776968,0.35720058320841552,2,2,"gurobi_cb_mip_objbnd_valid_native_bound"
26.979767199999998,20.8746057,"partial_native_mip_bound_improvement","L2",0.35186833441035492,0.35403537724225576,0.35186833441035492,0.35720058320841552,2,2,"gurobi_cb_mip_objbnd_valid_native_bound"
26.980963299999999,20.875801800000001,"partial_native_mip_bound_improvement","L2",0.35192739314332711,0.35403537724225576,0.35192739314332711,0.35720058320841552,2,2,"gurobi_cb_mip_objbnd_valid_native_bound"
26.991431499999997,20.88627,"partial_native_mip_bound_improvement","L2",0.35193875698587518,0.35403537724225576,0.35193875698587518,0.35720058320841552,2,2,"gurobi_cb_mip_objbnd_valid_native_bound"
27.000646199999998,20.895484700000001,"partial_native_mip_bound_improvement","L2",0.35195223252032981,0.35403537724225576,0.35195223252032981,0.35720058320841552,2,2,"gurobi_cb_mip_objbnd_valid_native_bound"
27.0140514,20.908889900000002,"partial_native_mip_bound_improvement","L2",0.35195688337797121,0.35403537724225576,0.35195688337797121,0.35720058320841552,2,2,"gurobi_cb_mip_objbnd_valid_native_bound"
27.020671399999998,20.9155099,"partial_native_mip_bound_improvement","L2",0.35203234613731693,0.35403537724225576,0.35203234613731693,0.35720058320841552,2,2,"gurobi_cb_mip_objbnd_valid_native_bound"
27.028031800000001,20.9228703,"partial_native_mip_bound_improvement","L2",0.35204183007855683,0.35403537724225576,0.35204183007855683,0.35720058320841552,2,2,"gurobi_cb_mip_objbnd_valid_native_bound"
27.034777800000001,20.929616299999999,"partial_native_mip_bound_improvement","L2",0.35204607802196652,0.35403537724225576,0.35204607802196652,0.35720058320841552,2,2,"gurobi_cb_mip_objbnd_valid_native_bound"
27.054102999999998,20.9489415,"partial_native_mip_bound_improvement","L2",0.35209737345159287,0.35403537724225576,0.35209737345159287,0.35720058320841552,2,2,"gurobi_cb_mip_objbnd_valid_native_bound"
27.061857799999999,20.956696300000001,"partial_native_mip_bound_improvement","L2",0.35210314060949172,0.35403537724225576,0.35210314060949172,0.35720058320841552,2,2,"gurobi_cb_mip_objbnd_valid_native_bound"
27.081213400000003,20.976051900000002,"partial_native_mip_bound_improvement","L2",0.35211136139306065,0.35403537724225576,0.35211136139306065,0.35720058320841552,2,2,"gurobi_cb_mip_objbnd_valid_native_bound"
27.082078099999997,20.976916599999999,"partial_native_mip_bound_improvement","L2",0.35211780821987754,0.35403537724225576,0.35211780821987754,0.35720058320841552,2,2,"gurobi_cb_mip_objbnd_valid_native_bound"
27.101709100000001,20.9965476,"partial_native_mip_bound_improvement","L2",0.35214836301141228,0.35403537724225576,0.35214836301141228,0.35720058320841552,2,2,"gurobi_cb_mip_objbnd_valid_native_bound"
27.107902600000003,21.002741100000001,"partial_native_mip_bound_improvement","L2",0.35215011016106618,0.35403537724225576,0.35215011016106618,0.35720058320841552,2,2,"gurobi_cb_mip_objbnd_valid_native_bound"
27.113271099999999,21.008109600000001,"partial_native_mip_bound_improvement","L2",0.35216773698525961,0.35403537724225576,0.35216773698525961,0.35720058320841552,2,2,"gurobi_cb_mip_objbnd_valid_native_bound"
27.1153871,21.010225600000002,"partial_native_mip_bound_improvement","L2",0.35217019258810844,0.35403537724225576,0.35217019258810844,0.35720058320841552,2,2,"gurobi_cb_mip_objbnd_valid_native_bound"
27.129526900000002,21.024365400000001,"partial_native_mip_bound_improvement","L2",0.35217041223314888,0.35403537724225576,0.35217041223314888,0.35720058320841552,2,2,"gurobi_cb_mip_objbnd_valid_native_bound"
27.141675399999997,21.036513899999999,"partial_native_mip_bound_improvement","L2",0.35217391890869165,0.35403537724225576,0.35217391890869165,0.35720058320841552,2,2,"gurobi_cb_mip_objbnd_valid_native_bound"
27.148059500000002,21.042898000000001,"partial_native_mip_bound_improvement","L2",0.35221685238737854,0.35403537724225576,0.35221685238737854,0.35720058320841552,2,2,"gurobi_cb_mip_objbnd_valid_native_bound"
27.1499077,21.044746200000002,"partial_native_mip_bound_improvement","L2",0.35223175658406941,0.35403537724225576,0.35223175658406941,0.35720058320841552,2,2,"gurobi_cb_mip_objbnd_valid_native_bound"
27.167374899999999,21.062213400000001,"partial_native_mip_bound_improvement","L2",0.35224497761770779,0.35403537724225576,0.35224497761770779,0.35720058320841552,2,2,"gurobi_cb_mip_objbnd_valid_native_bound"
27.168027500000001,21.062866,"partial_native_mip_bound_improvement","L2",0.3522633884484847,0.35403537724225576,0.3522633884484847,0.35720058320841552,2,2,"gurobi_cb_mip_objbnd_valid_native_bound"
27.186370599999997,21.081209099999999,"partial_native_mip_bound_improvement","L2",0.35228781622290228,0.35403537724225576,0.35228781622290228,0.35720058320841552,2,2,"gurobi_cb_mip_objbnd_valid_native_bound"
27.188600000000001,21.0834385,"partial_native_mip_bound_improvement","L2",0.35235822824066604,0.35403537724225576,0.35235822824066604,0.35720058320841552,2,2,"gurobi_cb_mip_objbnd_valid_native_bound"
27.191522599999999,21.086361100000001,"partial_native_mip_bound_improvement","L2",0.35237026336983557,0.35403537724225576,0.35237026336983557,0.35720058320841552,2,2,"gurobi_cb_mip_objbnd_valid_native_bound"
27.191875400000001,21.086713899999999,"partial_native_mip_bound_improvement","L2",0.35237679663433014,0.35403537724225576,0.35237679663433014,0.35720058320841552,2,2,"gurobi_cb_mip_objbnd_valid_native_bound"
27.1957618,21.090600300000002,"partial_native_mip_bound_improvement","L2",0.35238700101651582,0.35403537724225576,0.35238700101651582,0.35720058320841552,2,2,"gurobi_cb_mip_objbnd_valid_native_bound"
27.200050900000001,21.0948894,"partial_native_mip_bound_improvement","L2",0.3523880857640676,0.35403537724225576,0.3523880857640676,0.35720058320841552,2,2,"gurobi_cb_mip_objbnd_valid_native_bound"
27.201199500000001,21.096038,"partial_native_mip_bound_improvement","L2",0.35241647449098362,0.35403537724225576,0.35241647449098362,0.35720058320841552,2,2,"gurobi_cb_mip_objbnd_valid_native_bound"
27.227649700000001,21.122488199999999,"partial_native_mip_bound_improvement","L2",0.35243106542405561,0.35403537724225576,0.35243106542405561,0.35720058320841552,2,2,"gurobi_cb_mip_objbnd_valid_native_bound"
27.240057200000003,21.134895700000001,"partial_native_mip_bound_improvement","L2",0.35247045543504918,0.35403537724225576,0.35247045543504918,0.35720058320841552,2,2,"gurobi_cb_mip_objbnd_valid_native_bound"
27.252098099999998,21.1469366,"partial_native_mip_bound_improvement","L2",0.35247092829537341,0.35403537724225576,0.35247092829537341,0.35720058320841552,2,2,"gurobi_cb_mip_objbnd_valid_native_bound"
27.280104299999998,21.1749428,"partial_native_mip_bound_improvement","L2",0.35251642339062877,0.35403537724225576,0.35251642339062877,0.35720058320841552,2,2,"gurobi_cb_mip_objbnd_valid_native_bound"
27.281523900000003,21.176362400000002,"partial_native_mip_bound_improvement","L2",0.35272647132424934,0.35403537724225576,0.35272647132424934,0.35720058320841552,2,2,"gurobi_cb_mip_objbnd_valid_native_bound"
27.305605499999999,21.200444000000001,"partial_native_mip_bound_improvement","L2",0.35279050096954168,0.35403537724225576,0.35279050096954168,0.35720058320841552,2,2,"gurobi_cb_mip_objbnd_valid_native_bound"
27.3199671,21.214805600000002,"partial_native_mip_bound_improvement","L2",0.35283413509363154,0.35403537724225576,0.35283413509363154,0.35720058320841552,2,2,"gurobi_cb_mip_objbnd_valid_native_bound"
27.320590099999997,21.215428599999999,"partial_native_mip_bound_improvement","L2",0.35285180534038441,0.35403537724225576,0.35285180534038441,0.35720058320841552,2,2,"gurobi_cb_mip_objbnd_valid_native_bound"
27.324362100000002,21.219200600000001,"partial_native_mip_bound_improvement","L2",0.3528618176629657,0.35403537724225576,0.3528618176629657,0.35720058320841552,2,2,"gurobi_cb_mip_objbnd_valid_native_bound"
27.3344424,21.229280899999999,"partial_native_mip_bound_improvement","L2",0.35295684392566007,0.35403537724225576,0.35295684392566007,0.35720058320841552,2,2,"gurobi_cb_mip_objbnd_valid_native_bound"
27.335695700000002,21.230534200000001,"partial_native_mip_bound_improvement","L2",0.35296696330453475,0.35403537724225576,0.35296696330453475,0.35720058320841552,2,2,"gurobi_cb_mip_objbnd_valid_native_bound"
27.352497800000002,21.247336300000001,"partial_native_mip_bound_improvement","L2",0.35296934572452598,0.35403537724225576,0.35296934572452598,0.35720058320841552,2,2,"gurobi_cb_mip_objbnd_valid_native_bound"
27.371056000000003,21.265894500000002,"partial_native_mip_bound_improvement","L2",0.35301122152397485,0.35403537724225576,0.35301122152397485,0.35720058320841552,2,2,"gurobi_cb_mip_objbnd_valid_native_bound"
27.3722049,21.267043400000002,"partial_native_mip_bound_improvement","L2",0.35301458842402333,0.35403537724225576,0.35301458842402333,0.35720058320841552,2,2,"gurobi_cb_mip_objbnd_valid_native_bound"
27.382357900000002,21.277196400000001,"partial_native_mip_bound_improvement","L2",0.3530336916801422,0.35403537724225576,0.3530336916801422,0.35720058320841552,2,2,"gurobi_cb_mip_objbnd_valid_native_bound"
27.383122999999998,21.2779615,"partial_native_mip_bound_improvement","L2",0.35303758943683877,0.35403537724225576,0.35303758943683877,0.35720058320841552,2,2,"gurobi_cb_mip_objbnd_valid_native_bound"
27.393833899999997,21.288672399999999,"partial_native_mip_bound_improvement","L2",0.35306782645878532,0.35403537724225576,0.35306782645878532,0.35720058320841552,2,2,"gurobi_cb_mip_objbnd_valid_native_bound"
27.3959951,21.290833599999999,"partial_native_mip_bound_improvement","L2",0.35308062011267854,0.35403537724225576,0.35308062011267854,0.35720058320841552,2,2,"gurobi_cb_mip_objbnd_valid_native_bound"
27.3975753,21.292413800000002,"partial_native_mip_bound_improvement","L2",0.35308412376531745,0.35403537724225576,0.35308412376531745,0.35720058320841552,2,2,"gurobi_cb_mip_objbnd_valid_native_bound"
27.404463,21.299301500000002,"partial_native_mip_bound_improvement","L2",0.35310905900795386,0.35403537724225576,0.35310905900795386,0.35720058320841552,2,2,"gurobi_cb_mip_objbnd_valid_native_bound"
27.405878700000002,21.300717200000001,"partial_native_mip_bound_improvement","L2",0.35313849950223386,0.35403537724225576,0.35313849950223386,0.35720058320841552,2,2,"gurobi_cb_mip_objbnd_valid_native_bound"
27.412886399999998,21.3077249,"partial_native_mip_bound_improvement","L2",0.35318614070016402,0.35403537724225576,0.35318614070016402,0.35720058320841552,2,2,"gurobi_cb_mip_objbnd_valid_native_bound"
27.419410200000002,21.3142487,"partial_native_mip_bound_improvement","L2",0.35318700622875898,0.35403537724225576,0.35318700622875898,0.35720058320841552,2,2,"gurobi_cb_mip_objbnd_valid_native_bound"
27.4207222,21.315560699999999,"partial_native_mip_bound_improvement","L2",0.35320936237354789,0.35403537724225576,0.35320936237354789,0.35720058320841552,2,2,"gurobi_cb_mip_objbnd_valid_native_bound"
27.422525700000001,21.3173642,"partial_native_mip_bound_improvement","L2",0.35322014539139301,0.35403537724225576,0.35322014539139301,0.35720058320841552,2,2,"gurobi_cb_mip_objbnd_valid_native_bound"
27.424503100000003,21.319341600000001,"partial_native_mip_bound_improvement","L2",0.35322216734396078,0.35403537724225576,0.35322216734396078,0.35720058320841552,2,2,"gurobi_cb_mip_objbnd_valid_native_bound"
27.430843500000002,21.325682,"partial_native_mip_bound_improvement","L2",0.35322608492870611,0.35403537724225576,0.35322608492870611,0.35720058320841552,2,2,"gurobi_cb_mip_objbnd_valid_native_bound"
27.432408299999999,21.327246800000001,"partial_native_mip_bound_improvement","L2",0.35322638786874577,0.35403537724225576,0.35322638786874577,0.35720058320841552,2,2,"gurobi_cb_mip_objbnd_valid_native_bound"
27.441385400000001,21.3362239,"partial_native_mip_bound_improvement","L2",0.35323454147892325,0.35403537724225576,0.35323454147892325,0.35720058320841552,2,2,"gurobi_cb_mip_objbnd_valid_native_bound"
27.444960700000003,21.339799200000002,"partial_native_mip_bound_improvement","L2",0.35324525132776158,0.35403537724225576,0.35324525132776158,0.35720058320841552,2,2,"gurobi_cb_mip_objbnd_valid_native_bound"
27.4524677,21.347306200000002,"partial_native_mip_bound_improvement","L2",0.3532595985650136,0.35403537724225576,0.3532595985650136,0.35720058320841552,2,2,"gurobi_cb_mip_objbnd_valid_native_bound"
27.463827000000002,21.358665500000001,"partial_native_mip_bound_improvement","L2",0.3532597224756005,0.35403537724225576,0.3532597224756005,0.35720058320841552,2,2,"gurobi_cb_mip_objbnd_valid_native_bound"
27.471669599999998,21.366508100000001,"partial_native_mip_bound_improvement","L2",0.35328338595202352,0.35403537724225576,0.35328338595202352,0.35720058320841552,2,2,"gurobi_cb_mip_objbnd_valid_native_bound"
27.478063800000001,21.3729023,"partial_native_mip_bound_improvement","L2",0.35332005604076444,0.35403537724225576,0.35332005604076444,0.35720058320841552,2,2,"gurobi_cb_mip_objbnd_valid_native_bound"
27.487645499999999,21.382484000000002,"partial_native_mip_bound_improvement","L2",0.35332549555445825,0.35403537724225576,0.35332549555445825,0.35720058320841552,2,2,"gurobi_cb_mip_objbnd_valid_native_bound"
27.498303100000001,21.3931416,"partial_native_mip_bound_improvement","L2",0.35334879447600936,0.35403537724225576,0.35334879447600936,0.35720058320841552,2,2,"gurobi_cb_mip_objbnd_valid_native_bound"
27.507967499999999,21.402806000000002,"partial_native_mip_bound_improvement","L2",0.35334963915765255,0.35403537724225576,0.35334963915765255,0.35720058320841552,2,2,"gurobi_cb_mip_objbnd_valid_native_bound"
27.524582600000002,21.419421100000001,"partial_native_mip_bound_improvement","L2",0.35337554452736086,0.35403537724225576,0.35337554452736086,0.35720058320841552,2,2,"gurobi_cb_mip_objbnd_valid_native_bound"
27.526746199999998,21.4215847,"partial_native_mip_bound_improvement","L2",0.35338906085930238,0.35403537724225576,0.35338906085930238,0.35720058320841552,2,2,"gurobi_cb_mip_objbnd_valid_native_bound"
27.535955199999997,21.430793699999999,"partial_native_mip_bound_improvement","L2",0.35340397730001877,0.35403537724225576,0.35340397730001877,0.35720058320841552,2,2,"gurobi_cb_mip_objbnd_valid_native_bound"
27.540172400000003,21.435010900000002,"partial_native_mip_bound_improvement","L2",0.35340404423684618,0.35403537724225576,0.35340404423684618,0.35720058320841552,2,2,"gurobi_cb_mip_objbnd_valid_native_bound"
27.5515914,21.446429900000002,"partial_native_mip_bound_improvement","L2",0.35341541150267386,0.35403537724225576,0.35341541150267386,0.35720058320841552,2,2,"gurobi_cb_mip_objbnd_valid_native_bound"
27.560058499999997,21.454896999999999,"partial_native_mip_bound_improvement","L2",0.35342129049988075,0.35403537724225576,0.35342129049988075,0.35720058320841552,2,2,"gurobi_cb_mip_objbnd_valid_native_bound"
27.560432499999997,21.455271,"partial_native_mip_bound_improvement","L2",0.3534326970424233,0.35403537724225576,0.3534326970424233,0.35720058320841552,2,2,"gurobi_cb_mip_objbnd_valid_native_bound"
27.566951199999998,21.461789700000001,"partial_native_mip_bound_improvement","L2",0.35344504976012681,0.35403537724225576,0.35344504976012681,0.35720058320841552,2,2,"gurobi_cb_mip_objbnd_valid_native_bound"
27.575325300000003,21.470163800000002,"partial_native_mip_bound_improvement","L2",0.35345045843478673,0.35403537724225576,0.35345045843478673,0.35720058320841552,2,2,"gurobi_cb_mip_objbnd_valid_native_bound"
27.575788500000002,21.470627,"partial_native_mip_bound_improvement","L2",0.35349654591509899,0.35403537724225576,0.35349654591509899,0.35720058320841552,2,2,"gurobi_cb_mip_objbnd_valid_native_bound"
27.580825099999998,21.475663600000001,"partial_native_mip_bound_improvement","L2",0.35349795165148984,0.35403537724225576,0.35349795165148984,0.35720058320841552,2,2,"gurobi_cb_mip_objbnd_valid_native_bound"
27.582052599999997,21.4768911,"partial_native_mip_bound_improvement","L2",0.35350831947199546,0.35403537724225576,0.35350831947199546,0.35720058320841552,2,2,"gurobi_cb_mip_objbnd_valid_native_bound"
27.585284899999998,21.4801234,"partial_native_mip_bound_improvement","L2",0.35355101464504163,0.35403537724225576,0.35355101464504163,0.35720058320841552,2,2,"gurobi_cb_mip_objbnd_valid_native_bound"
27.586050800000002,21.480889300000001,"partial_native_mip_bound_improvement","L2",0.35360015571376002,0.35403537724225576,0.35360015571376002,0.35720058320841552,2,2,"gurobi_cb_mip_objbnd_valid_native_bound"
27.593499899999998,21.4883384,"partial_native_mip_bound_improvement","L2",0.35360043100683308,0.35403537724225576,0.35360043100683308,0.35720058320841552,2,2,"gurobi_cb_mip_objbnd_valid_native_bound"
27.596874100000001,21.4917126,"partial_native_mip_bound_improvement","L2",0.35360071285070094,0.35403537724225576,0.35360071285070094,0.35720058320841552,2,2,"gurobi_cb_mip_objbnd_valid_native_bound"
27.601457699999997,21.4962962,"partial_native_mip_bound_improvement","L2",0.35360643151882809,0.35403537724225576,0.35360643151882809,0.35720058320841552,2,2,"gurobi_cb_mip_objbnd_valid_native_bound"
27.611906699999999,21.506745200000001,"partial_native_mip_bound_improvement","L2",0.3536338492419685,0.35403537724225576,0.3536338492419685,0.35720058320841552,2,2,"gurobi_cb_mip_objbnd_valid_native_bound"
27.616843199999998,21.5116817,"partial_native_mip_bound_improvement","L2",0.35364748952392577,0.35403537724225576,0.35364748952392577,0.35720058320841552,2,2,"gurobi_cb_mip_objbnd_valid_native_bound"
27.619961000000004,21.514799500000002,"partial_native_mip_bound_improvement","L2",0.35366803862854196,0.35403537724225576,0.35366803862854196,0.35720058320841552,2,2,"gurobi_cb_mip_objbnd_valid_native_bound"
27.620231799999999,21.515070300000001,"partial_native_mip_bound_improvement","L2",0.35367773806572161,0.35403537724225576,0.35367773806572161,0.35720058320841552,2,2,"gurobi_cb_mip_objbnd_valid_native_bound"
27.627461199999999,21.522299700000001,"partial_native_mip_bound_improvement","L2",0.35368926852162258,0.35403537724225576,0.35368926852162258,0.35720058320841552,2,2,"gurobi_cb_mip_objbnd_valid_native_bound"
27.642311399999997,21.537149899999999,"partial_native_mip_bound_improvement","L2",0.35369220793965955,0.35403537724225576,0.35369220793965955,0.35720058320841552,2,2,"gurobi_cb_mip_objbnd_valid_native_bound"
27.676757899999998,21.571596400000001,"partial_native_mip_bound_improvement","L2",0.35369520856565057,0.35403537724225576,0.35369520856565057,0.35720058320841552,2,2,"gurobi_cb_mip_objbnd_valid_native_bound"
27.677131500000002,21.57197,"partial_native_mip_bound_improvement","L2",0.35370085409259588,0.35403537724225576,0.35370085409259588,0.35720058320841552,2,2,"gurobi_cb_mip_objbnd_valid_native_bound"
27.682151500000003,21.576990000000002,"partial_native_mip_bound_improvement","L2",0.35370171039028397,0.35403537724225576,0.35370171039028397,0.35720058320841552,2,2,"gurobi_cb_mip_objbnd_valid_native_bound"
27.690593700000001,21.5854322,"partial_native_mip_bound_improvement","L2",0.35372877861789942,0.35403537724225576,0.35372877861789942,0.35720058320841552,2,2,"gurobi_cb_mip_objbnd_valid_native_bound"
27.7102474,21.605085899999999,"partial_native_mip_bound_improvement","L2",0.35374050731688544,0.35403537724225576,0.35374050731688544,0.35720058320841552,2,2,"gurobi_cb_mip_objbnd_valid_native_bound"
27.710587400000001,21.6054259,"partial_native_mip_bound_improvement","L2",0.35374313200845225,0.35403537724225576,0.35374313200845225,0.35720058320841552,2,2,"gurobi_cb_mip_objbnd_valid_native_bound"
27.715005499999997,21.609843999999999,"partial_native_mip_bound_improvement","L2",0.35374820957580488,0.35403537724225576,0.35374820957580488,0.35720058320841552,2,2,"gurobi_cb_mip_objbnd_valid_native_bound"
27.720873099999999,21.615711600000001,"partial_native_mip_bound_improvement","L2",0.35376650169234197,0.35403537724225576,0.35376650169234197,0.35720058320841552,2,2,"gurobi_cb_mip_objbnd_valid_native_bound"
27.726047000000001,21.6208855,"partial_native_mip_bound_improvement","L2",0.35377448934588446,0.35403537724225576,0.35377448934588446,0.35720058320841552,2,2,"gurobi_cb_mip_objbnd_valid_native_bound"
27.7345124,21.629350900000002,"partial_native_mip_bound_improvement","L2",0.35379140240664919,0.35403537724225576,0.35379140240664919,0.35720058320841552,2,2,"gurobi_cb_mip_objbnd_valid_native_bound"
27.751695499999997,21.646533999999999,"partial_native_mip_bound_improvement","L2",0.35379512088609527,0.35403537724225576,0.35379512088609527,0.35720058320841552,2,2,"gurobi_cb_mip_objbnd_valid_native_bound"
27.756950199999999,21.651788700000001,"partial_native_mip_bound_improvement","L2",0.35380885480642987,0.35403537724225576,0.35380885480642987,0.35720058320841552,2,2,"gurobi_cb_mip_objbnd_valid_native_bound"
27.769036499999999,21.663875000000001,"partial_native_mip_bound_improvement","L2",0.35382343743087807,0.35403537724225576,0.35382343743087807,0.35720058320841552,2,2,"gurobi_cb_mip_objbnd_valid_native_bound"
27.769579700000001,21.6644182,"partial_native_mip_bound_improvement","L2",0.35384519829465355,0.35403537724225576,0.35384519829465355,0.35720058320841552,2,2,"gurobi_cb_mip_objbnd_valid_native_bound"
27.775560900000002,21.670399400000001,"partial_native_mip_bound_improvement","L2",0.35384544402758905,0.35403537724225576,0.35384544402758905,0.35720058320841552,2,2,"gurobi_cb_mip_objbnd_valid_native_bound"
27.777043599999999,21.671882100000001,"partial_native_mip_bound_improvement","L2",0.35385330941532217,0.35403537724225576,0.35385330941532217,0.35720058320841552,2,2,"gurobi_cb_mip_objbnd_valid_native_bound"
27.778657000000003,21.673495500000001,"partial_native_mip_bound_improvement","L2",0.35388835450948586,0.35403537724225576,0.35388835450948586,0.35720058320841552,2,2,"gurobi_cb_mip_objbnd_valid_native_bound"
27.780065,21.674903499999999,"partial_native_mip_bound_improvement","L2",0.35390762494836203,0.35403537724225576,0.35390762494836203,0.35720058320841552,2,2,"gurobi_cb_mip_objbnd_valid_native_bound"
27.781881499999997,21.67672,"partial_native_mip_bound_improvement","L2",0.35390858554466331,0.35403537724225576,0.35390858554466331,0.35720058320841552,2,2,"gurobi_cb_mip_objbnd_valid_native_bound"
27.788472599999999,21.683311100000001,"partial_native_mip_bound_improvement","L2",0.3539138107713517,0.35403537724225576,0.3539138107713517,0.35720058320841552,2,2,"gurobi_cb_mip_objbnd_valid_native_bound"
27.790167500000003,21.685006000000001,"partial_native_mip_bound_improvement","L2",0.35392004319606768,0.35403537724225576,0.35392004319606768,0.35720058320841552,2,2,"gurobi_cb_mip_objbnd_valid_native_bound"
27.798485300000003,21.693323800000002,"partial_native_mip_bound_improvement","L2",0.35392365452518387,0.35403537724225576,0.35392365452518387,0.35720058320841552,2,2,"gurobi_cb_mip_objbnd_valid_native_bound"
27.803387800000003,21.698226300000002,"partial_native_mip_bound_improvement","L2",0.35392397467140441,0.35403537724225576,0.35392397467140441,0.35720058320841552,2,2,"gurobi_cb_mip_objbnd_valid_native_bound"
27.804233500000002,21.699072000000001,"partial_native_mip_bound_improvement","L2",0.35394050811354777,0.35403537724225576,0.35394050811354777,0.35720058320841552,2,2,"gurobi_cb_mip_objbnd_valid_native_bound"
27.815467499999997,21.710305999999999,"partial_native_mip_bound_improvement","L2",0.35394141779091909,0.35403537724225576,0.35394141779091909,0.35720058320841552,2,2,"gurobi_cb_mip_objbnd_valid_native_bound"
27.816910200000002,21.711748700000001,"partial_native_mip_bound_improvement","L2",0.35394326037555701,0.35403537724225576,0.35394326037555701,0.35720058320841552,2,2,"gurobi_cb_mip_objbnd_valid_native_bound"
27.830145100000003,21.724983600000002,"partial_native_mip_bound_improvement","L2",0.35395298488761201,0.35403537724225576,0.35395298488761201,0.35720058320841552,2,2,"gurobi_cb_mip_objbnd_valid_native_bound"
27.835840900000001,21.7306794,"partial_native_mip_bound_improvement","L2",0.35397243672871065,0.35403537724225576,0.35397243672871065,0.35720058320841552,2,2,"gurobi_cb_mip_objbnd_valid_native_bound"
27.842681599999999,21.737520100000001,"partial_native_mip_bound_improvement","L2",0.35397382597359828,0.35403537724225576,0.35397382597359828,0.35720058320841552,2,2,"gurobi_cb_mip_objbnd_valid_native_bound"
27.843045099999998,21.7378836,"partial_native_mip_bound_improvement","L2",0.35397416272388976,0.35403537724225576,0.35397416272388976,0.35720058320841552,2,2,"gurobi_cb_mip_objbnd_valid_native_bound"
27.856727499999998,21.751566,"partial_native_mip_bound_improvement","L2",0.3539838099043876,0.35403537724225576,0.3539838099043876,0.35720058320841552,2,2,"gurobi_cb_mip_objbnd_valid_native_bound"
27.880762300000001,21.775600799999999,"partial_native_mip_bound_improvement","L2",0.35398451147455268,0.35403537724225576,0.35398451147455268,0.35720058320841552,2,2,"gurobi_cb_mip_objbnd_valid_native_bound"
27.890665800000001,21.785504299999999,"partial_native_mip_bound_improvement","L2",0.353984658620973,0.35403537724225576,0.353984658620973,0.35720058320841552,2,2,"gurobi_cb_mip_objbnd_valid_native_bound"
27.901948099999998,21.796786600000001,"partial_native_mip_bound_improvement","L2",0.35398852816863952,0.35403537724225576,0.35398852816863952,0.35720058320841552,2,2,"gurobi_cb_mip_objbnd_valid_native_bound"
27.906965900000003,21.801804400000002,"partial_native_mip_bound_improvement","L2",0.35399410754641197,0.35403537724225576,0.35399410754641197,0.35720058320841552,2,2,"gurobi_cb_mip_objbnd_valid_native_bound"
27.9077749,21.802613400000002,"partial_native_mip_bound_improvement","L2",0.35399686825855603,0.35403537724225576,0.35399686825855603,0.35720058320841552,2,2,"gurobi_cb_mip_objbnd_valid_native_bound"
27.916635300000003,21.811473800000002,"partial_native_mip_bound_improvement","L2",0.3540061127202806,0.35403537724225576,0.3540061127202806,0.35720058320841552,2,2,"gurobi_cb_mip_objbnd_valid_native_bound"
27.917794000000001,21.812632499999999,"partial_native_mip_bound_improvement","L2",0.35402677963344414,0.35403537724225576,0.35402677963344414,0.35720058320841552,2,2,"gurobi_cb_mip_objbnd_valid_native_bound"
27.921922799999997,21.8167613,"partial_native_mip_bound_improvement","L2",0.35403002584250948,0.35403537724225576,0.35403002584250948,0.35720058320841552,2,2,"gurobi_cb_mip_objbnd_valid_native_bound"
27.922410999999997,21.817249499999999,"partial_native_mip_bound_improvement","L2",0.35403408092353578,0.35403537724225576,0.35403408092353578,0.35720058320841552,2,2,"gurobi_cb_mip_objbnd_valid_native_bound"
27.9358559,21.830694400000002,"next_leaf_native_bound_target","L2",0.35404031513876566,0.35403537724225576,0.35403537724225576,0.35720058320841552,2,2,"gurobi_cb_mip_objbnd_valid_native_bound"
27.9489254,21.843763599999999,"next_leaf_native_bound_target","L2",0.35404031513876566,0.35403537724225576,0.35403537724225576,0.35720058320841552,2,2,"c6_next_strict_frontier_bound_reached_requeue"
28.133978300000003,22.028816800000001,"native_root_processing_bound","L3",0.35403537724225576,0.35404031513876566,0.35403537724225576,0.35720058320841552,2,2,"gurobi_cb_mip_objbnd_valid_native_bound"
28.1993066,22.0941449,"infeasible_closure","L3",,0.35404031513876566,0.35404031513876566,0.35720058320841552,1,3,"c6_native_target_phase_exact_closure"
28.365715099999999,22.260553300000002,"child_lp_completion","L2.0",0.35404031513876566,0.35404031513876566,0.35404031513876566,0.35720058320841552,1,3,"complete_speculative_child_lp_optimal"
28.530738499999998,22.425576800000002,"child_lp_completion","L2.1",0.35404031513876566,0.35404031513876566,0.35404031513876566,0.35720058320841552,1,3,"complete_speculative_child_lp_optimal"
28.5307967,22.425635100000001,"declined_split","L2",0.35404031513876566,,0.35404031513876566,0.35720058320841552,1,3,"c6_current_child_gain_not_strict_exact_closure"
28.536850399999999,22.431688899999997,"terminal_mip_bound_improvement","L2",0.35404031513876566,,0.35404031513876566,0.35720058320841552,1,3,"gurobi_cb_mip_objbnd_valid_native_bound"
28.542041699999999,22.436880199999997,"terminal_mip_bound_improvement","L2",0.354045109636074,,0.354045109636074,0.35720058320841552,1,3,"gurobi_cb_mip_objbnd_valid_native_bound"
28.546708200000001,22.4415467,"terminal_mip_bound_improvement","L2",0.35406191818545707,,0.35406191818545707,0.35720058320841552,1,3,"gurobi_cb_mip_objbnd_valid_native_bound"
28.549401,22.444239499999998,"terminal_mip_bound_improvement","L2",0.35408041243135802,,0.35408041243135802,0.35720058320841552,1,3,"gurobi_cb_mip_objbnd_valid_native_bound"
28.550493199999998,22.445331699999997,"terminal_mip_bound_improvement","L2",0.35409747782723705,,0.35409747782723705,0.35720058320841552,1,3,"gurobi_cb_mip_objbnd_valid_native_bound"
28.5581915,22.453029999999998,"terminal_mip_bound_improvement","L2",0.354101155620205,,0.354101155620205,0.35720058320841552,1,3,"gurobi_cb_mip_objbnd_valid_native_bound"
28.565459000000001,22.460297499999999,"terminal_mip_bound_improvement","L2",0.35410988682324457,,0.35410988682324457,0.35720058320841552,1,3,"gurobi_cb_mip_objbnd_valid_native_bound"
28.573747099999999,22.468585599999997,"terminal_mip_bound_improvement","L2",0.35412079985326195,,0.35412079985326195,0.35720058320841552,1,3,"gurobi_cb_mip_objbnd_valid_native_bound"
28.599604100000001,22.494442599999999,"terminal_mip_bound_improvement","L2",0.35413702738436698,,0.35413702738436698,0.35720058320841552,1,3,"gurobi_cb_mip_objbnd_valid_native_bound"
28.6008122,22.495650699999999,"terminal_mip_bound_improvement","L2",0.35416087357170017,,0.35416087357170017,0.35720058320841552,1,3,"gurobi_cb_mip_objbnd_valid_native_bound"
28.609164799999999,22.504003299999997,"terminal_mip_bound_improvement","L2",0.35420136339191699,,0.35420136339191699,0.35720058320841552,1,3,"gurobi_cb_mip_objbnd_valid_native_bound"
28.612266099999999,22.507104599999998,"terminal_mip_bound_improvement","L2",0.35420142331855181,,0.35420142331855181,0.35720058320841552,1,3,"gurobi_cb_mip_objbnd_valid_native_bound"
28.612988399999999,22.507826899999998,"terminal_mip_bound_improvement","L2",0.35421928583973672,,0.35421928583973672,0.35720058320841552,1,3,"gurobi_cb_mip_objbnd_valid_native_bound"
28.622423999999999,22.517262499999998,"terminal_mip_bound_improvement","L2",0.35422322934454636,,0.35422322934454636,0.35720058320841552,1,3,"gurobi_cb_mip_objbnd_valid_native_bound"
28.622992799999999,22.517831299999997,"terminal_mip_bound_improvement","L2",0.35422764000215967,,0.35422764000215967,0.35720058320841552,1,3,"gurobi_cb_mip_objbnd_valid_native_bound"
28.632063899999999,22.526902399999997,"terminal_mip_bound_improvement","L2",0.35424145788089423,,0.35424145788089423,0.35720058320841552,1,3,"gurobi_cb_mip_objbnd_valid_native_bound"
28.633331599999998,22.528170099999997,"terminal_mip_bound_improvement","L2",0.35424511216261889,,0.35424511216261889,0.35720058320841552,1,3,"gurobi_cb_mip_objbnd_valid_native_bound"
28.639792700000001,22.5346312,"terminal_mip_bound_improvement","L2",0.35425856731697331,,0.35425856731697331,0.35720058320841552,1,3,"gurobi_cb_mip_objbnd_valid_native_bound"
28.6409691,22.535807599999998,"terminal_mip_bound_improvement","L2",0.35425996292300477,,0.35425996292300477,0.35720058320841552,1,3,"gurobi_cb_mip_objbnd_valid_native_bound"
28.645138899999999,22.539977399999998,"terminal_mip_bound_improvement","L2",0.35427101719650922,,0.35427101719650922,0.35720058320841552,1,3,"gurobi_cb_mip_objbnd_valid_native_bound"
28.6467414,22.541579899999999,"terminal_mip_bound_improvement","L2",0.35427815026960435,,0.35427815026960435,0.35720058320841552,1,3,"gurobi_cb_mip_objbnd_valid_native_bound"
28.648009299999998,22.542847799999997,"terminal_mip_bound_improvement","L2",0.35428296881309257,,0.35428296881309257,0.35720058320841552,1,3,"gurobi_cb_mip_objbnd_valid_native_bound"
28.649752700000001,22.544591199999999,"terminal_mip_bound_improvement","L2",0.35431565502802959,,0.35431565502802959,0.35720058320841552,1,3,"gurobi_cb_mip_objbnd_valid_native_bound"
28.651082500000001,22.545921,"terminal_mip_bound_improvement","L2",0.35432640947754795,,0.35432640947754795,0.35720058320841552,1,3,"gurobi_cb_mip_objbnd_valid_native_bound"
28.6522583,22.547096799999998,"terminal_mip_bound_improvement","L2",0.35432708558358755,,0.35432708558358755,0.35720058320841552,1,3,"gurobi_cb_mip_objbnd_valid_native_bound"
28.655193799999999,22.550032299999998,"terminal_mip_bound_improvement","L2",0.35432738429859251,,0.35432738429859251,0.35720058320841552,1,3,"gurobi_cb_mip_objbnd_valid_native_bound"
28.656845199999999,22.551683699999998,"terminal_mip_bound_improvement","L2",0.35432822323404944,,0.35432822323404944,0.35720058320841552,1,3,"gurobi_cb_mip_objbnd_valid_native_bound"
28.670848400000001,22.565686899999999,"terminal_mip_bound_improvement","L2",0.35435093006418245,,0.35435093006418245,0.35720058320841552,1,3,"gurobi_cb_mip_objbnd_valid_native_bound"
28.673345099999999,22.568183599999998,"terminal_mip_bound_improvement","L2",0.35435249597772028,,0.35435249597772028,0.35720058320841552,1,3,"gurobi_cb_mip_objbnd_valid_native_bound"
28.674838399999999,22.569676899999997,"terminal_mip_bound_improvement","L2",0.35435381340777766,,0.35435381340777766,0.35720058320841552,1,3,"gurobi_cb_mip_objbnd_valid_native_bound"
28.676175699999998,22.571014199999997,"terminal_mip_bound_improvement","L2",0.35437886234982008,,0.35437886234982008,0.35720058320841552,1,3,"gurobi_cb_mip_objbnd_valid_native_bound"
28.6772445,22.572082999999999,"terminal_mip_bound_improvement","L2",0.35438002968387911,,0.35438002968387911,0.35720058320841552,1,3,"gurobi_cb_mip_objbnd_valid_native_bound"
28.6797802,22.574618699999998,"terminal_mip_bound_improvement","L2",0.35442933604219545,,0.35442933604219545,0.35720058320841552,1,3,"gurobi_cb_mip_objbnd_valid_native_bound"
28.681113400000001,22.5759519,"terminal_mip_bound_improvement","L2",0.3544342682251409,,0.3544342682251409,0.35720058320841552,1,3,"gurobi_cb_mip_objbnd_valid_native_bound"
28.682842600000001,22.5776811,"terminal_mip_bound_improvement","L2",0.35443429777566304,,0.35443429777566304,0.35720058320841552,1,3,"gurobi_cb_mip_objbnd_valid_native_bound"
28.683921599999998,22.578760099999997,"terminal_mip_bound_improvement","L2",0.35444822071513093,,0.35444822071513093,0.35720058320841552,1,3,"gurobi_cb_mip_objbnd_valid_native_bound"
28.686643199999999,22.581481699999998,"terminal_mip_bound_improvement","L2",0.35444926437319868,,0.35444926437319868,0.35720058320841552,1,3,"gurobi_cb_mip_objbnd_valid_native_bound"
28.687617199999998,22.582455699999997,"terminal_mip_bound_improvement","L2",0.35445223062504166,,0.35445223062504166,0.35720058320841552,1,3,"gurobi_cb_mip_objbnd_valid_native_bound"
28.689306999999999,22.584145499999998,"terminal_mip_bound_improvement","L2",0.35447037456882557,,0.35447037456882557,0.35720058320841552,1,3,"gurobi_cb_mip_objbnd_valid_native_bound"
28.690317799999999,22.585156299999998,"terminal_mip_bound_improvement","L2",0.354475223749109,,0.354475223749109,0.35720058320841552,1,3,"gurobi_cb_mip_objbnd_valid_native_bound"
28.6961443,22.590982799999999,"terminal_mip_bound_improvement","L2",0.354477858624691,,0.354477858624691,0.35720058320841552,1,3,"gurobi_cb_mip_objbnd_valid_native_bound"
28.700550100000001,22.5953886,"terminal_mip_bound_improvement","L2",0.35451366761822301,,0.35451366761822301,0.35720058320841552,1,3,"gurobi_cb_mip_objbnd_valid_native_bound"
28.7008437,22.595682199999999,"terminal_mip_bound_improvement","L2",0.35452302451279843,,0.35452302451279843,0.35720058320841552,1,3,"gurobi_cb_mip_objbnd_valid_native_bound"
28.7071988,22.602037299999999,"terminal_mip_bound_improvement","L2",0.35452812140673012,,0.35452812140673012,0.35720058320841552,1,3,"gurobi_cb_mip_objbnd_valid_native_bound"
28.708308500000001,22.603147,"terminal_mip_bound_improvement","L2",0.35453028841160733,,0.35453028841160733,0.35720058320841552,1,3,"gurobi_cb_mip_objbnd_valid_native_bound"
28.718104099999998,22.612942599999997,"terminal_mip_bound_improvement","L2",0.35454740690390535,,0.35454740690390535,0.35720058320841552,1,3,"gurobi_cb_mip_objbnd_valid_native_bound"
28.718521800000001,22.6133603,"terminal_mip_bound_improvement","L2",0.3545486857129953,,0.3545486857129953,0.35720058320841552,1,3,"gurobi_cb_mip_objbnd_valid_native_bound"
28.7222331,22.617071599999999,"terminal_mip_bound_improvement","L2",0.35455455333583502,,0.35455455333583502,0.35720058320841552,1,3,"gurobi_cb_mip_objbnd_valid_native_bound"
28.722992399999999,22.617830899999998,"terminal_mip_bound_improvement","L2",0.35455726846613078,,0.35455726846613078,0.35720058320841552,1,3,"gurobi_cb_mip_objbnd_valid_native_bound"
28.729481700000001,22.6243202,"terminal_mip_bound_improvement","L2",0.35455920898019078,,0.35455920898019078,0.35720058320841552,1,3,"gurobi_cb_mip_objbnd_valid_native_bound"
28.7455909,22.640429399999999,"terminal_mip_bound_improvement","L2",0.3545677663861021,,0.3545677663861021,0.35720058320841552,1,3,"gurobi_cb_mip_objbnd_valid_native_bound"
28.7518289,22.646667399999998,"terminal_mip_bound_improvement","L2",0.35459446157060892,,0.35459446157060892,0.35720058320841552,1,3,"gurobi_cb_mip_objbnd_valid_native_bound"
28.752868700000001,22.647707199999999,"terminal_mip_bound_improvement","L2",0.35459496526008405,,0.35459496526008405,0.35720058320841552,1,3,"gurobi_cb_mip_objbnd_valid_native_bound"
28.762106599999999,22.656945099999998,"terminal_mip_bound_improvement","L2",0.35460230740112098,,0.35460230740112098,0.35720058320841552,1,3,"gurobi_cb_mip_objbnd_valid_native_bound"
28.762439000000001,22.657277499999999,"terminal_mip_bound_improvement","L2",0.35460416573653675,,0.35460416573653675,0.35720058320841552,1,3,"gurobi_cb_mip_objbnd_valid_native_bound"
28.769690399999998,22.664528899999997,"terminal_mip_bound_improvement","L2",0.35460699504502013,,0.35460699504502013,0.35720058320841552,1,3,"gurobi_cb_mip_objbnd_valid_native_bound"
28.7783254,22.673163899999999,"terminal_mip_bound_improvement","L2",0.35462809230456455,,0.35462809230456455,0.35720058320841552,1,3,"gurobi_cb_mip_objbnd_valid_native_bound"
28.784846599999998,22.679685099999997,"terminal_mip_bound_improvement","L2",0.35464399900086713,,0.35464399900086713,0.35720058320841552,1,3,"gurobi_cb_mip_objbnd_valid_native_bound"
28.800253900000001,22.6950924,"terminal_mip_bound_improvement","L2",0.35467046658786039,,0.35467046658786039,0.35720058320841552,1,3,"gurobi_cb_mip_objbnd_valid_native_bound"
28.828247300000001,22.7230858,"terminal_mip_bound_improvement","L2",0.3547137019645894,,0.3547137019645894,0.35720058320841552,1,3,"gurobi_cb_mip_objbnd_valid_native_bound"
28.831104799999999,22.725943299999997,"terminal_mip_bound_improvement","L2",0.35471696666434815,,0.35471696666434815,0.35720058320841552,1,3,"gurobi_cb_mip_objbnd_valid_native_bound"
28.831765000000001,22.7266035,"terminal_mip_bound_improvement","L2",0.3547256224071329,,0.3547256224071329,0.35720058320841552,1,3,"gurobi_cb_mip_objbnd_valid_native_bound"
28.835622799999999,22.730461299999998,"terminal_mip_bound_improvement","L2",0.35474714205046814,,0.35474714205046814,0.35720058320841552,1,3,"gurobi_cb_mip_objbnd_valid_native_bound"
28.840797599999998,22.735636099999997,"terminal_mip_bound_improvement","L2",0.35475514792945367,,0.35475514792945367,0.35720058320841552,1,3,"gurobi_cb_mip_objbnd_valid_native_bound"
28.841310100000001,22.7361486,"terminal_mip_bound_improvement","L2",0.35475662311210976,,0.35475662311210976,0.35720058320841552,1,3,"gurobi_cb_mip_objbnd_valid_native_bound"
28.8468354,22.741673899999999,"terminal_mip_bound_improvement","L2",0.3547688019346289,,0.3547688019346289,0.35720058320841552,1,3,"gurobi_cb_mip_objbnd_valid_native_bound"
28.854857199999998,22.749695699999997,"terminal_mip_bound_improvement","L2",0.35477333876615402,,0.35477333876615402,0.35720058320841552,1,3,"gurobi_cb_mip_objbnd_valid_native_bound"
28.8558427,22.750681199999999,"terminal_mip_bound_improvement","L2",0.35478008172492681,,0.35478008172492681,0.35720058320841552,1,3,"gurobi_cb_mip_objbnd_valid_native_bound"
28.8650865,22.759924999999999,"terminal_mip_bound_improvement","L2",0.3547839212457824,,0.3547839212457824,0.35720058320841552,1,3,"gurobi_cb_mip_objbnd_valid_native_bound"
28.866315199999999,22.761153699999998,"terminal_mip_bound_improvement","L2",0.35478500748231212,,0.35478500748231212,0.35720058320841552,1,3,"gurobi_cb_mip_objbnd_valid_native_bound"
28.867511099999998,22.762349599999997,"terminal_mip_bound_improvement","L2",0.35482267853126964,,0.35482267853126964,0.35720058320841552,1,3,"gurobi_cb_mip_objbnd_valid_native_bound"
28.8702927,22.765131199999999,"terminal_mip_bound_improvement","L2",0.35484809591861866,,0.35484809591861866,0.35720058320841552,1,3,"gurobi_cb_mip_objbnd_valid_native_bound"
28.871205499999999,22.766043999999997,"terminal_mip_bound_improvement","L2",0.35484870277392627,,0.35484870277392627,0.35720058320841552,1,3,"gurobi_cb_mip_objbnd_valid_native_bound"
28.8757962,22.770634699999999,"terminal_mip_bound_improvement","L2",0.35488317515527085,,0.35488317515527085,0.35720058320841552,1,3,"gurobi_cb_mip_objbnd_valid_native_bound"
28.877025799999998,22.771864299999997,"terminal_mip_bound_improvement","L2",0.35489888275154358,,0.35489888275154358,0.35720058320841552,1,3,"gurobi_cb_mip_objbnd_valid_native_bound"
28.878139099999999,22.772977599999997,"terminal_mip_bound_improvement","L2",0.35490771570007679,,0.35490771570007679,0.35720058320841552,1,3,"gurobi_cb_mip_objbnd_valid_native_bound"
28.8841401,22.778978599999999,"terminal_mip_bound_improvement","L2",0.35491915127112261,,0.35491915127112261,0.35720058320841552,1,3,"gurobi_cb_mip_objbnd_valid_native_bound"
28.887231,22.782069499999999,"terminal_mip_bound_improvement","L2",0.35492509643789755,,0.35492509643789755,0.35720058320841552,1,3,"gurobi_cb_mip_objbnd_valid_native_bound"
28.8877633,22.782601799999998,"terminal_mip_bound_improvement","L2",0.35493210895567118,,0.35493210895567118,0.35720058320841552,1,3,"gurobi_cb_mip_objbnd_valid_native_bound"
28.891531699999998,22.786370199999997,"terminal_mip_bound_improvement","L2",0.35494819159865271,,0.35494819159865271,0.35720058320841552,1,3,"gurobi_cb_mip_objbnd_valid_native_bound"
28.892054999999999,22.786893499999998,"terminal_mip_bound_improvement","L2",0.35495393487117288,,0.35495393487117288,0.35720058320841552,1,3,"gurobi_cb_mip_objbnd_valid_native_bound"
28.8950177,22.789856199999999,"terminal_mip_bound_improvement","L2",0.35495497328655462,,0.35495497328655462,0.35720058320841552,1,3,"gurobi_cb_mip_objbnd_valid_native_bound"
28.895516999999998,22.790355499999997,"terminal_mip_bound_improvement","L2",0.35495711711124156,,0.35495711711124156,0.35720058320841552,1,3,"gurobi_cb_mip_objbnd_valid_native_bound"
28.902366699999998,22.797205199999997,"terminal_mip_bound_improvement","L2",0.35496210140263551,,0.35496210140263551,0.35720058320841552,1,3,"gurobi_cb_mip_objbnd_valid_native_bound"
28.9091652,22.804003699999999,"terminal_mip_bound_improvement","L2",0.35496797679655645,,0.35496797679655645,0.35720058320841552,1,3,"gurobi_cb_mip_objbnd_valid_native_bound"
28.913112899999998,22.807951399999997,"terminal_mip_bound_improvement","L2",0.35497455685074619,,0.35497455685074619,0.35720058320841552,1,3,"gurobi_cb_mip_objbnd_valid_native_bound"
28.914574999999999,22.809413499999998,"terminal_mip_bound_improvement","L2",0.35497776819452559,,0.35497776819452559,0.35720058320841552,1,3,"gurobi_cb_mip_objbnd_valid_native_bound"
28.916641899999998,22.811480399999997,"terminal_mip_bound_improvement","L2",0.35497794702006846,,0.35497794702006846,0.35720058320841552,1,3,"gurobi_cb_mip_objbnd_valid_native_bound"
28.918882,22.813720499999999,"terminal_mip_bound_improvement","L2",0.35499073138620352,,0.35499073138620352,0.35720058320841552,1,3,"gurobi_cb_mip_objbnd_valid_native_bound"
28.9222079,22.817046399999999,"terminal_mip_bound_improvement","L2",0.354994517019869,,0.354994517019869,0.35720058320841552,1,3,"gurobi_cb_mip_objbnd_valid_native_bound"
28.923433599999999,22.818272099999998,"terminal_mip_bound_improvement","L2",0.3550041582641924,,0.3550041582641924,0.35720058320841552,1,3,"gurobi_cb_mip_objbnd_valid_native_bound"
28.927881799999998,22.822720299999997,"terminal_mip_bound_improvement","L2",0.35502636946221222,,0.35502636946221222,0.35720058320841552,1,3,"gurobi_cb_mip_objbnd_valid_native_bound"
28.929924799999998,22.824763299999997,"terminal_mip_bound_improvement","L2",0.35502963527693254,,0.35502963527693254,0.35720058320841552,1,3,"gurobi_cb_mip_objbnd_valid_native_bound"
28.9352892,22.830127699999998,"terminal_mip_bound_improvement","L2",0.3550405196505737,,0.3550405196505737,0.35720058320841552,1,3,"gurobi_cb_mip_objbnd_valid_native_bound"
28.944956099999999,22.839794599999998,"terminal_mip_bound_improvement","L2",0.35504187371422768,,0.35504187371422768,0.35720058320841552,1,3,"gurobi_cb_mip_objbnd_valid_native_bound"
28.959129000000001,22.8539675,"terminal_mip_bound_improvement","L2",0.35504527624327653,,0.35504527624327653,0.35720058320841552,1,3,"gurobi_cb_mip_objbnd_valid_native_bound"
28.962229099999998,22.857067599999997,"terminal_mip_bound_improvement","L2",0.35504739789009387,,0.35504739789009387,0.35720058320841552,1,3,"gurobi_cb_mip_objbnd_valid_native_bound"
28.965475699999999,22.860314199999998,"terminal_mip_bound_improvement","L2",0.35505842548586353,,0.35505842548586353,0.35720058320841552,1,3,"gurobi_cb_mip_objbnd_valid_native_bound"
28.967506100000001,22.8623446,"terminal_mip_bound_improvement","L2",0.35506696736079912,,0.35506696736079912,0.35720058320841552,1,3,"gurobi_cb_mip_objbnd_valid_native_bound"
28.977059300000001,22.871897799999999,"terminal_mip_bound_improvement","L2",0.35506896690514167,,0.35506896690514167,0.35720058320841552,1,3,"gurobi_cb_mip_objbnd_valid_native_bound"
28.986027199999999,22.880865699999998,"terminal_mip_bound_improvement","L2",0.35507579990142135,,0.35507579990142135,0.35720058320841552,1,3,"gurobi_cb_mip_objbnd_valid_native_bound"
28.9947266,22.889565099999999,"terminal_mip_bound_improvement","L2",0.35508084148461755,,0.35508084148461755,0.35720058320841552,1,3,"gurobi_cb_mip_objbnd_valid_native_bound"
28.9960448,22.890883299999999,"terminal_mip_bound_improvement","L2",0.35508530494072532,,0.35508530494072532,0.35720058320841552,1,3,"gurobi_cb_mip_objbnd_valid_native_bound"
28.9973128,22.892151299999998,"terminal_mip_bound_improvement","L2",0.3550981166291054,,0.3550981166291054,0.35720058320841552,1,3,"gurobi_cb_mip_objbnd_valid_native_bound"
28.9984918,22.893330299999999,"terminal_mip_bound_improvement","L2",0.35510244694775561,,0.35510244694775561,0.35720058320841552,1,3,"gurobi_cb_mip_objbnd_valid_native_bound"
29.000017499999998,22.894855999999997,"terminal_mip_bound_improvement","L2",0.35510752834485232,,0.35510752834485232,0.35720058320841552,1,3,"gurobi_cb_mip_objbnd_valid_native_bound"
29.003571399999998,22.898409899999997,"terminal_mip_bound_improvement","L2",0.35510793308666527,,0.35510793308666527,0.35720058320841552,1,3,"gurobi_cb_mip_objbnd_valid_native_bound"
29.003903999999999,22.898742499999997,"terminal_mip_bound_improvement","L2",0.35510999245735658,,0.35510999245735658,0.35720058320841552,1,3,"gurobi_cb_mip_objbnd_valid_native_bound"
29.009577700000001,22.9044162,"terminal_mip_bound_improvement","L2",0.35512485202333355,,0.35512485202333355,0.35720058320841552,1,3,"gurobi_cb_mip_objbnd_valid_native_bound"
29.010812600000001,22.9056511,"terminal_mip_bound_improvement","L2",0.35513317544422757,,0.35513317544422757,0.35720058320841552,1,3,"gurobi_cb_mip_objbnd_valid_native_bound"
29.0111034,22.905941899999998,"terminal_mip_bound_improvement","L2",0.35513700600574777,,0.35513700600574777,0.35720058320841552,1,3,"gurobi_cb_mip_objbnd_valid_native_bound"
29.013888099999999,22.908726599999998,"terminal_mip_bound_improvement","L2",0.35514037027253165,,0.35514037027253165,0.35720058320841552,1,3,"gurobi_cb_mip_objbnd_valid_native_bound"
29.014575499999999,22.909413999999998,"terminal_mip_bound_improvement","L2",0.35514691383221164,,0.35514691383221164,0.35720058320841552,1,3,"gurobi_cb_mip_objbnd_valid_native_bound"
29.0241392,22.918977699999999,"terminal_mip_bound_improvement","L2",0.35516375498825425,,0.35516375498825425,0.35720058320841552,1,3,"gurobi_cb_mip_objbnd_valid_native_bound"
29.026828500000001,22.921666999999999,"terminal_mip_bound_improvement","L2",0.35517020084989243,,0.35517020084989243,0.35720058320841552,1,3,"gurobi_cb_mip_objbnd_valid_native_bound"
29.026996699999998,22.921835199999997,"terminal_mip_bound_improvement","L2",0.35517590773152513,,0.35517590773152513,0.35720058320841552,1,3,"gurobi_cb_mip_objbnd_valid_native_bound"
29.030776599999999,22.925615099999998,"terminal_mip_bound_improvement","L2",0.35517848026313281,,0.35517848026313281,0.35720058320841552,1,3,"gurobi_cb_mip_objbnd_valid_native_bound"
29.034005099999998,22.928843599999997,"terminal_mip_bound_improvement","L2",0.35518838551775456,,0.35518838551775456,0.35720058320841552,1,3,"gurobi_cb_mip_objbnd_valid_native_bound"
29.0363878,22.931226299999999,"terminal_mip_bound_improvement","L2",0.35519078364052431,,0.35519078364052431,0.35720058320841552,1,3,"gurobi_cb_mip_objbnd_valid_native_bound"
29.039400999999998,22.934239499999997,"terminal_mip_bound_improvement","L2",0.35520246533906119,,0.35520246533906119,0.35720058320841552,1,3,"gurobi_cb_mip_objbnd_valid_native_bound"
29.040225400000001,22.935063899999999,"terminal_mip_bound_improvement","L2",0.35520249059178038,,0.35520249059178038,0.35720058320841552,1,3,"gurobi_cb_mip_objbnd_valid_native_bound"
29.0424291,22.937267599999998,"terminal_mip_bound_improvement","L2",0.35520939446236172,,0.35520939446236172,0.35720058320841552,1,3,"gurobi_cb_mip_objbnd_valid_native_bound"
29.044673199999998,22.939511699999997,"terminal_mip_bound_improvement","L2",0.35521884977151957,,0.35521884977151957,0.35720058320841552,1,3,"gurobi_cb_mip_objbnd_valid_native_bound"
29.045357299999999,22.940195799999998,"terminal_mip_bound_improvement","L2",0.35522801654396774,,0.35522801654396774,0.35720058320841552,1,3,"gurobi_cb_mip_objbnd_valid_native_bound"
29.048587600000001,22.9434261,"terminal_mip_bound_improvement","L2",0.35522927527527492,,0.35522927527527492,0.35720058320841552,1,3,"gurobi_cb_mip_objbnd_valid_native_bound"
29.0499318,22.944770299999998,"terminal_mip_bound_improvement","L2",0.35523426435044753,,0.35523426435044753,0.35720058320841552,1,3,"gurobi_cb_mip_objbnd_valid_native_bound"
29.054697600000001,22.9495361,"terminal_mip_bound_improvement","L2",0.35523885652789322,,0.35523885652789322,0.35720058320841552,1,3,"gurobi_cb_mip_objbnd_valid_native_bound"
29.0562997,22.951138199999999,"terminal_mip_bound_improvement","L2",0.35525006494222566,,0.35525006494222566,0.35720058320841552,1,3,"gurobi_cb_mip_objbnd_valid_native_bound"
29.061997699999999,22.956836199999998,"terminal_mip_bound_improvement","L2",0.35525501556374667,,0.35525501556374667,0.35720058320841552,1,3,"gurobi_cb_mip_objbnd_valid_native_bound"
29.063308599999999,22.958147099999998,"terminal_mip_bound_improvement","L2",0.35527818798376659,,0.35527818798376659,0.35720058320841552,1,3,"gurobi_cb_mip_objbnd_valid_native_bound"
29.067166,22.962004499999999,"terminal_mip_bound_improvement","L2",0.3552862880323473,,0.3552862880323473,0.35720058320841552,1,3,"gurobi_cb_mip_objbnd_valid_native_bound"
29.067539799999999,22.962378299999997,"terminal_mip_bound_improvement","L2",0.35528853767396013,,0.35528853767396013,0.35720058320841552,1,3,"gurobi_cb_mip_objbnd_valid_native_bound"
29.072099299999998,22.966937799999997,"terminal_mip_bound_improvement","L2",0.35529692698673015,,0.35529692698673015,0.35720058320841552,1,3,"gurobi_cb_mip_objbnd_valid_native_bound"
29.0762976,22.971136099999999,"terminal_mip_bound_improvement","L2",0.35531230680546394,,0.35531230680546394,0.35720058320841552,1,3,"gurobi_cb_mip_objbnd_valid_native_bound"
29.0826788,22.977517299999999,"terminal_mip_bound_improvement","L2",0.35534013591058461,,0.35534013591058461,0.35720058320841552,1,3,"gurobi_cb_mip_objbnd_valid_native_bound"
29.084758000000001,22.9795965,"terminal_mip_bound_improvement","L2",0.35537960493438681,,0.35537960493438681,0.35720058320841552,1,3,"gurobi_cb_mip_objbnd_valid_native_bound"
29.0862783,22.981116799999999,"terminal_mip_bound_improvement","L2",0.35538360325830376,,0.35538360325830376,0.35720058320841552,1,3,"gurobi_cb_mip_objbnd_valid_native_bound"
29.087601599999999,22.982440099999998,"terminal_mip_bound_improvement","L2",0.35538835470073066,,0.35538835470073066,0.35720058320841552,1,3,"gurobi_cb_mip_objbnd_valid_native_bound"
29.088799599999998,22.983638099999997,"terminal_mip_bound_improvement","L2",0.35540155221191672,,0.35540155221191672,0.35720058320841552,1,3,"gurobi_cb_mip_objbnd_valid_native_bound"
29.089992299999999,22.984830799999997,"terminal_mip_bound_improvement","L2",0.35541601604289214,,0.35541601604289214,0.35720058320841552,1,3,"gurobi_cb_mip_objbnd_valid_native_bound"
29.0927805,22.987618999999999,"terminal_mip_bound_improvement","L2",0.35541643485786112,,0.35541643485786112,0.35720058320841552,1,3,"gurobi_cb_mip_objbnd_valid_native_bound"
29.093048199999998,22.987886699999997,"terminal_mip_bound_improvement","L2",0.35541963767766033,,0.35541963767766033,0.35720058320841552,1,3,"gurobi_cb_mip_objbnd_valid_native_bound"
29.098806700000001,22.9936452,"terminal_mip_bound_improvement","L2",0.35542521608698135,,0.35542521608698135,0.35720058320841552,1,3,"gurobi_cb_mip_objbnd_valid_native_bound"
29.106226799999998,23.001065299999997,"terminal_mip_bound_improvement","L2",0.35543634708511634,,0.35543634708511634,0.35720058320841552,1,3,"gurobi_cb_mip_objbnd_valid_native_bound"
29.116444099999999,23.011282599999998,"terminal_mip_bound_improvement","L2",0.3554490460524809,,0.3554490460524809,0.35720058320841552,1,3,"gurobi_cb_mip_objbnd_valid_native_bound"
29.126875200000001,23.021713699999999,"terminal_mip_bound_improvement","L2",0.35544912895908276,,0.35544912895908276,0.35720058320841552,1,3,"gurobi_cb_mip_objbnd_valid_native_bound"
29.134594499999999,23.029432999999997,"terminal_mip_bound_improvement","L2",0.35545742671118546,,0.35545742671118546,0.35720058320841552,1,3,"gurobi_cb_mip_objbnd_valid_native_bound"
29.1361062,23.030944699999999,"terminal_mip_bound_improvement","L2",0.35546443009856743,,0.35546443009856743,0.35720058320841552,1,3,"gurobi_cb_mip_objbnd_valid_native_bound"
29.1394746,23.034313099999999,"terminal_mip_bound_improvement","L2",0.35548386789552006,,0.35548386789552006,0.35720058320841552,1,3,"gurobi_cb_mip_objbnd_valid_native_bound"
29.140742700000001,23.035581199999999,"terminal_mip_bound_improvement","L2",0.35550829841229542,,0.35550829841229542,0.35720058320841552,1,3,"gurobi_cb_mip_objbnd_valid_native_bound"
29.145953200000001,23.0407917,"terminal_mip_bound_improvement","L2",0.3555208113057301,,0.3555208113057301,0.35720058320841552,1,3,"gurobi_cb_mip_objbnd_valid_native_bound"
29.1468062,23.041644699999999,"terminal_mip_bound_improvement","L2",0.35553639865186559,,0.35553639865186559,0.35720058320841552,1,3,"gurobi_cb_mip_objbnd_valid_native_bound"
29.153177199999998,23.048015699999997,"terminal_mip_bound_improvement","L2",0.35556260886025715,,0.35556260886025715,0.35720058320841552,1,3,"gurobi_cb_mip_objbnd_valid_native_bound"
29.154926799999998,23.049765299999997,"terminal_mip_bound_improvement","L2",0.35556720279721038,,0.35556720279721038,0.35720058320841552,1,3,"gurobi_cb_mip_objbnd_valid_native_bound"
29.1578947,23.052733199999999,"terminal_mip_bound_improvement","L2",0.35558279982437568,,0.35558279982437568,0.35720058320841552,1,3,"gurobi_cb_mip_objbnd_valid_native_bound"
29.158446099999999,23.053284599999998,"terminal_mip_bound_improvement","L2",0.35558889182654457,,0.35558889182654457,0.35720058320841552,1,3,"gurobi_cb_mip_objbnd_valid_native_bound"
29.162107899999999,23.056946399999998,"terminal_mip_bound_improvement","L2",0.355592041533346,,0.355592041533346,0.35720058320841552,1,3,"gurobi_cb_mip_objbnd_valid_native_bound"
29.1636375,23.058475999999999,"terminal_mip_bound_improvement","L2",0.35560563498310233,,0.35560563498310233,0.35720058320841552,1,3,"gurobi_cb_mip_objbnd_valid_native_bound"
29.1678769,23.062715399999998,"terminal_mip_bound_improvement","L2",0.35561284351568956,,0.35561284351568956,0.35720058320841552,1,3,"gurobi_cb_mip_objbnd_valid_native_bound"
29.170468799999998,23.065307299999997,"terminal_mip_bound_improvement","L2",0.35561955013060553,,0.35561955013060553,0.35720058320841552,1,3,"gurobi_cb_mip_objbnd_valid_native_bound"
29.1757727,23.070611199999998,"terminal_mip_bound_improvement","L2",0.35562173587165186,,0.35562173587165186,0.35720058320841552,1,3,"gurobi_cb_mip_objbnd_valid_native_bound"
29.177553,23.072391499999998,"terminal_mip_bound_improvement","L2",0.35562993827159511,,0.35562993827159511,0.35720058320841552,1,3,"gurobi_cb_mip_objbnd_valid_native_bound"
29.1792233,23.074061799999999,"terminal_mip_bound_improvement","L2",0.35563675527611444,,0.35563675527611444,0.35720058320841552,1,3,"gurobi_cb_mip_objbnd_valid_native_bound"
29.1815015,23.076339999999998,"terminal_mip_bound_improvement","L2",0.35563975075601006,,0.35563975075601006,0.35720058320841552,1,3,"gurobi_cb_mip_objbnd_valid_native_bound"
29.182146199999998,23.076984699999997,"terminal_mip_bound_improvement","L2",0.35564286266079875,,0.35564286266079875,0.35720058320841552,1,3,"gurobi_cb_mip_objbnd_valid_native_bound"
29.183471300000001,23.0783098,"terminal_mip_bound_improvement","L2",0.35564698356184027,,0.35564698356184027,0.35720058320841552,1,3,"gurobi_cb_mip_objbnd_valid_native_bound"
29.187253299999998,23.082091799999997,"terminal_mip_bound_improvement","L2",0.35567119501348599,,0.35567119501348599,0.35720058320841552,1,3,"gurobi_cb_mip_objbnd_valid_native_bound"
29.187459499999999,23.082297999999998,"terminal_mip_bound_improvement","L2",0.35570532895336743,,0.35570532895336743,0.35720058320841552,1,3,"gurobi_cb_mip_objbnd_valid_native_bound"
29.191176500000001,23.086015,"terminal_mip_bound_improvement","L2",0.35570918800854689,,0.35570918800854689,0.35720058320841552,1,3,"gurobi_cb_mip_objbnd_valid_native_bound"
29.1923922,23.087230699999999,"terminal_mip_bound_improvement","L2",0.35573541488414423,,0.35573541488414423,0.35720058320841552,1,3,"gurobi_cb_mip_objbnd_valid_native_bound"
29.193771899999998,23.088610399999997,"terminal_mip_bound_improvement","L2",0.35574162813126359,,0.35574162813126359,0.35720058320841552,1,3,"gurobi_cb_mip_objbnd_valid_native_bound"
29.197001700000001,23.0918402,"terminal_mip_bound_improvement","L2",0.35574265958324536,,0.35574265958324536,0.35720058320841552,1,3,"gurobi_cb_mip_objbnd_valid_native_bound"
29.197471400000001,23.0923099,"terminal_mip_bound_improvement","L2",0.35576830458415515,,0.35576830458415515,0.35720058320841552,1,3,"gurobi_cb_mip_objbnd_valid_native_bound"
29.199654800000001,23.0944933,"terminal_mip_bound_improvement","L2",0.3557718285210909,,0.3557718285210909,0.35720058320841552,1,3,"gurobi_cb_mip_objbnd_valid_native_bound"
29.201287099999998,23.096125599999997,"terminal_mip_bound_improvement","L2",0.35577424851385292,,0.35577424851385292,0.35720058320841552,1,3,"gurobi_cb_mip_objbnd_valid_native_bound"
29.202690399999998,23.097528899999997,"terminal_mip_bound_improvement","L2",0.35577864200082371,,0.35577864200082371,0.35720058320841552,1,3,"gurobi_cb_mip_objbnd_valid_native_bound"
29.205713899999999,23.100552399999998,"terminal_mip_bound_improvement","L2",0.35578603228445932,,0.35578603228445932,0.35720058320841552,1,3,"gurobi_cb_mip_objbnd_valid_native_bound"
29.206251200000001,23.101089699999999,"terminal_mip_bound_improvement","L2",0.35580106735600603,,0.35580106735600603,0.35720058320841552,1,3,"gurobi_cb_mip_objbnd_valid_native_bound"
29.210753399999998,23.105591899999997,"terminal_mip_bound_improvement","L2",0.35580650502597544,,0.35580650502597544,0.35720058320841552,1,3,"gurobi_cb_mip_objbnd_valid_native_bound"
29.212661399999998,23.107499899999997,"terminal_mip_bound_improvement","L2",0.35581988994164665,,0.35581988994164665,0.35720058320841552,1,3,"gurobi_cb_mip_objbnd_valid_native_bound"
29.214078399999998,23.108916899999997,"terminal_mip_bound_improvement","L2",0.35582951435441901,,0.35582951435441901,0.35720058320841552,1,3,"gurobi_cb_mip_objbnd_valid_native_bound"
29.216675299999999,23.111513799999997,"terminal_mip_bound_improvement","L2",0.35583927328082998,,0.35583927328082998,0.35720058320841552,1,3,"gurobi_cb_mip_objbnd_valid_native_bound"
29.217715800000001,23.112554299999999,"terminal_mip_bound_improvement","L2",0.35585920181895053,,0.35585920181895053,0.35720058320841552,1,3,"gurobi_cb_mip_objbnd_valid_native_bound"
29.221423399999999,23.116261899999998,"terminal_mip_bound_improvement","L2",0.35586431280855685,,0.35586431280855685,0.35720058320841552,1,3,"gurobi_cb_mip_objbnd_valid_native_bound"
29.222489100000001,23.117327599999999,"terminal_mip_bound_improvement","L2",0.35586487593037508,,0.35586487593037508,0.35720058320841552,1,3,"gurobi_cb_mip_objbnd_valid_native_bound"
29.225742399999998,23.120580899999997,"terminal_mip_bound_improvement","L2",0.35587331355473834,,0.35587331355473834,0.35720058320841552,1,3,"gurobi_cb_mip_objbnd_valid_native_bound"
29.228805300000001,23.1236438,"terminal_mip_bound_improvement","L2",0.35588048076890921,,0.35588048076890921,0.35720058320841552,1,3,"gurobi_cb_mip_objbnd_valid_native_bound"
29.229566599999998,23.124405099999997,"terminal_mip_bound_improvement","L2",0.35592018904102524,,0.35592018904102524,0.35720058320841552,1,3,"gurobi_cb_mip_objbnd_valid_native_bound"
29.2335043,23.128342799999999,"terminal_mip_bound_improvement","L2",0.3559441999418741,,0.3559441999418741,0.35720058320841552,1,3,"gurobi_cb_mip_objbnd_valid_native_bound"
29.2349417,23.129780199999999,"terminal_mip_bound_improvement","L2",0.35595267657285035,,0.35595267657285035,0.35720058320841552,1,3,"gurobi_cb_mip_objbnd_valid_native_bound"
29.235226300000001,23.1300648,"terminal_mip_bound_improvement","L2",0.35596536699621761,,0.35596536699621761,0.35720058320841552,1,3,"gurobi_cb_mip_objbnd_valid_native_bound"
29.236926,23.131764499999999,"terminal_mip_bound_improvement","L2",0.35598455423331016,,0.35598455423331016,0.35720058320841552,1,3,"gurobi_cb_mip_objbnd_valid_native_bound"
29.238176799999998,23.133015299999997,"terminal_mip_bound_improvement","L2",0.35599132216065243,,0.35599132216065243,0.35720058320841552,1,3,"gurobi_cb_mip_objbnd_valid_native_bound"
29.24166,23.136498499999998,"terminal_mip_bound_improvement","L2",0.35600697411808008,,0.35600697411808008,0.35720058320841552,1,3,"gurobi_cb_mip_objbnd_valid_native_bound"
29.242489299999999,23.137327799999998,"terminal_mip_bound_improvement","L2",0.35604033744427865,,0.35604033744427865,0.35720058320841552,1,3,"gurobi_cb_mip_objbnd_valid_native_bound"
29.244723799999999,23.139562299999998,"terminal_mip_bound_improvement","L2",0.35606162671348218,,0.35606162671348218,0.35720058320841552,1,3,"gurobi_cb_mip_objbnd_valid_native_bound"
29.246678599999999,23.141517099999998,"terminal_mip_bound_improvement","L2",0.35606565475292823,,0.35606565475292823,0.35720058320841552,1,3,"gurobi_cb_mip_objbnd_valid_native_bound"
29.248924599999999,23.143763099999997,"terminal_mip_bound_improvement","L2",0.35606591964868617,,0.35606591964868617,0.35720058320841552,1,3,"gurobi_cb_mip_objbnd_valid_native_bound"
29.249328200000001,23.1441667,"terminal_mip_bound_improvement","L2",0.35608075770868608,,0.35608075770868608,0.35720058320841552,1,3,"gurobi_cb_mip_objbnd_valid_native_bound"
29.2509497,23.145788199999998,"terminal_mip_bound_improvement","L2",0.35608121320471808,,0.35608121320471808,0.35720058320841552,1,3,"gurobi_cb_mip_objbnd_valid_native_bound"
29.2521649,23.147003399999999,"terminal_mip_bound_improvement","L2",0.35610586796546201,,0.35610586796546201,0.35720058320841552,1,3,"gurobi_cb_mip_objbnd_valid_native_bound"
29.2533277,23.148166199999999,"terminal_mip_bound_improvement","L2",0.35611775488162495,,0.35611775488162495,0.35720058320841552,1,3,"gurobi_cb_mip_objbnd_valid_native_bound"
29.255222400000001,23.1500609,"terminal_mip_bound_improvement","L2",0.3561296482875535,,0.3561296482875535,0.35720058320841552,1,3,"gurobi_cb_mip_objbnd_valid_native_bound"
29.2566372,23.151475699999999,"terminal_mip_bound_improvement","L2",0.35615087677098334,,0.35615087677098334,0.35720058320841552,1,3,"gurobi_cb_mip_objbnd_valid_native_bound"
29.257768500000001,23.152607,"terminal_mip_bound_improvement","L2",0.35615114539047887,,0.35615114539047887,0.35720058320841552,1,3,"gurobi_cb_mip_objbnd_valid_native_bound"
29.258902499999998,23.153740999999997,"terminal_mip_bound_improvement","L2",0.356162323886767,,0.356162323886767,0.35720058320841552,1,3,"gurobi_cb_mip_objbnd_valid_native_bound"
29.260702800000001,23.155541299999999,"terminal_mip_bound_improvement","L2",0.35616568764196005,,0.35616568764196005,0.35720058320841552,1,3,"gurobi_cb_mip_objbnd_valid_native_bound"
29.264402,23.159240499999999,"terminal_mip_bound_improvement","L2",0.35616811881982574,,0.35616811881982574,0.35720058320841552,1,3,"gurobi_cb_mip_objbnd_valid_native_bound"
29.266621799999999,23.161460299999998,"terminal_mip_bound_improvement","L2",0.35617152174364924,,0.35617152174364924,0.35720058320841552,1,3,"gurobi_cb_mip_objbnd_valid_native_bound"
29.268012200000001,23.1628507,"terminal_mip_bound_improvement","L2",0.35622425907453015,,0.35622425907453015,0.35720058320841552,1,3,"gurobi_cb_mip_objbnd_valid_native_bound"
29.269836999999999,23.164675499999998,"terminal_mip_bound_improvement","L2",0.35623837104226075,,0.35623837104226075,0.35720058320841552,1,3,"gurobi_cb_mip_objbnd_valid_native_bound"
29.271430899999999,23.166269399999997,"terminal_mip_bound_improvement","L2",0.35624104879119661,,0.35624104879119661,0.35720058320841552,1,3,"gurobi_cb_mip_objbnd_valid_native_bound"
29.2748177,23.169656199999999,"terminal_mip_bound_improvement","L2",0.35626115496612337,,0.35626115496612337,0.35720058320841552,1,3,"gurobi_cb_mip_objbnd_valid_native_bound"
29.2757313,23.170569799999999,"terminal_mip_bound_improvement","L2",0.35629690343539971,,0.35629690343539971,0.35720058320841552,1,3,"gurobi_cb_mip_objbnd_valid_native_bound"
29.279912899999999,23.174751399999998,"terminal_mip_bound_improvement","L2",0.35630439295866367,,0.35630439295866367,0.35720058320841552,1,3,"gurobi_cb_mip_objbnd_valid_native_bound"
29.281888299999999,23.176726799999997,"terminal_mip_bound_improvement","L2",0.35630824360031027,,0.35630824360031027,0.35720058320841552,1,3,"gurobi_cb_mip_objbnd_valid_native_bound"
29.283099199999999,23.177937699999998,"terminal_mip_bound_improvement","L2",0.35632010329036873,,0.35632010329036873,0.35720058320841552,1,3,"gurobi_cb_mip_objbnd_valid_native_bound"
29.288910399999999,23.183748899999998,"terminal_mip_bound_improvement","L2",0.35633288288817477,,0.35633288288817477,0.35720058320841552,1,3,"gurobi_cb_mip_objbnd_valid_native_bound"
29.289171400000001,23.1840099,"terminal_mip_bound_improvement","L2",0.35634664266205296,,0.35634664266205296,0.35720058320841552,1,3,"gurobi_cb_mip_objbnd_valid_native_bound"
29.292508099999999,23.187346599999998,"terminal_mip_bound_improvement","L2",0.3563480188680439,,0.3563480188680439,0.35720058320841552,1,3,"gurobi_cb_mip_objbnd_valid_native_bound"
29.2937987,23.188637199999999,"terminal_mip_bound_improvement","L2",0.35635003719367592,,0.35635003719367592,0.35720058320841552,1,3,"gurobi_cb_mip_objbnd_valid_native_bound"
29.2951339,23.189972399999998,"terminal_mip_bound_improvement","L2",0.35637263287621351,,0.35637263287621351,0.35720058320841552,1,3,"gurobi_cb_mip_objbnd_valid_native_bound"
29.2983042,23.193142699999999,"terminal_mip_bound_improvement","L2",0.35639165179016352,,0.35639165179016352,0.35720058320841552,1,3,"gurobi_cb_mip_objbnd_valid_native_bound"
29.299591100000001,23.194429599999999,"terminal_mip_bound_improvement","L2",0.35640643585674703,,0.35640643585674703,0.35720058320841552,1,3,"gurobi_cb_mip_objbnd_valid_native_bound"
29.3008624,23.195700899999999,"terminal_mip_bound_improvement","L2",0.35642064836650722,,0.35642064836650722,0.35720058320841552,1,3,"gurobi_cb_mip_objbnd_valid_native_bound"
29.302219600000001,23.1970581,"terminal_mip_bound_improvement","L2",0.35642609286390503,,0.35642609286390503,0.35720058320841552,1,3,"gurobi_cb_mip_objbnd_valid_native_bound"
29.3034164,23.198254899999998,"terminal_mip_bound_improvement","L2",0.35642895350019216,,0.35642895350019216,0.35720058320841552,1,3,"gurobi_cb_mip_objbnd_valid_native_bound"
29.306702999999999,23.201541499999998,"terminal_mip_bound_improvement","L2",0.35643147930111546,,0.35643147930111546,0.35720058320841552,1,3,"gurobi_cb_mip_objbnd_valid_native_bound"
29.3073859,23.202224399999999,"terminal_mip_bound_improvement","L2",0.35644087410187419,,0.35644087410187419,0.35720058320841552,1,3,"gurobi_cb_mip_objbnd_valid_native_bound"
29.3109617,23.205800199999999,"terminal_mip_bound_improvement","L2",0.35644770751613353,,0.35644770751613353,0.35720058320841552,1,3,"gurobi_cb_mip_objbnd_valid_native_bound"
29.312282499999998,23.207120999999997,"terminal_mip_bound_improvement","L2",0.35646916727376188,,0.35646916727376188,0.35720058320841552,1,3,"gurobi_cb_mip_objbnd_valid_native_bound"
29.3134011,23.208239599999999,"terminal_mip_bound_improvement","L2",0.35651600867676631,,0.35651600867676631,0.35720058320841552,1,3,"gurobi_cb_mip_objbnd_valid_native_bound"
29.315112199999998,23.209950699999997,"terminal_mip_bound_improvement","L2",0.35654449696508178,,0.35654449696508178,0.35720058320841552,1,3,"gurobi_cb_mip_objbnd_valid_native_bound"
29.3163014,23.211139899999999,"terminal_mip_bound_improvement","L2",0.35656413283378297,,0.35656413283378297,0.35720058320841552,1,3,"gurobi_cb_mip_objbnd_valid_native_bound"
29.3176077,23.212446199999999,"terminal_mip_bound_improvement","L2",0.35657014175885893,,0.35657014175885893,0.35720058320841552,1,3,"gurobi_cb_mip_objbnd_valid_native_bound"
29.318875899999998,23.213714399999997,"terminal_mip_bound_improvement","L2",0.35657269667813957,,0.35657269667813957,0.35720058320841552,1,3,"gurobi_cb_mip_objbnd_valid_native_bound"
29.321700400000001,23.2165389,"terminal_mip_bound_improvement","L2",0.35660870206057221,,0.35660870206057221,0.35720058320841552,1,3,"gurobi_cb_mip_objbnd_valid_native_bound"
29.322443400000001,23.2172819,"terminal_mip_bound_improvement","L2",0.35661394777833061,,0.35661394777833061,0.35720058320841552,1,3,"gurobi_cb_mip_objbnd_valid_native_bound"
29.3259583,23.220796799999999,"terminal_mip_bound_improvement","L2",0.35661584746335312,,0.35661584746335312,0.35720058320841552,1,3,"gurobi_cb_mip_objbnd_valid_native_bound"
29.3273273,23.222165799999999,"terminal_mip_bound_improvement","L2",0.3566226593616032,,0.3566226593616032,0.35720058320841552,1,3,"gurobi_cb_mip_objbnd_valid_native_bound"
29.3285993,23.223437799999999,"terminal_mip_bound_improvement","L2",0.35663749805526535,,0.35663749805526535,0.35720058320841552,1,3,"gurobi_cb_mip_objbnd_valid_native_bound"
29.329733699999998,23.224572199999997,"terminal_mip_bound_improvement","L2",0.35667383017207183,,0.35667383017207183,0.35720058320841552,1,3,"gurobi_cb_mip_objbnd_valid_native_bound"
29.330651799999998,23.225490299999997,"terminal_mip_bound_improvement","L2",0.35668392686273759,,0.35668392686273759,0.35720058320841552,1,3,"gurobi_cb_mip_objbnd_valid_native_bound"
29.3309946,23.225833099999999,"terminal_mip_bound_improvement","L2",0.35670677523502126,,0.35670677523502126,0.35720058320841552,1,3,"gurobi_cb_mip_objbnd_valid_native_bound"
29.3324219,23.227260399999999,"terminal_mip_bound_improvement","L2",0.35671748454769975,,0.35671748454769975,0.35720058320841552,1,3,"gurobi_cb_mip_objbnd_valid_native_bound"
29.333207699999999,23.228046199999998,"terminal_mip_bound_improvement","L2",0.35673019491897484,,0.35673019491897484,0.35720058320841552,1,3,"gurobi_cb_mip_objbnd_valid_native_bound"
29.335056599999998,23.229895099999997,"terminal_mip_bound_improvement","L2",0.35674989097223725,,0.35674989097223725,0.35720058320841552,1,3,"gurobi_cb_mip_objbnd_valid_native_bound"
29.336896799999998,23.231735299999997,"terminal_mip_bound_improvement","L2",0.35676937907363876,,0.35676937907363876,0.35720058320841552,1,3,"gurobi_cb_mip_objbnd_valid_native_bound"
29.3382304,23.233068899999999,"terminal_mip_bound_improvement","L2",0.35678947954071338,,0.35678947954071338,0.35720058320841552,1,3,"gurobi_cb_mip_objbnd_valid_native_bound"
29.339655199999999,23.234493699999998,"terminal_mip_bound_improvement","L2",0.35679619047189864,,0.35679619047189864,0.35720058320841552,1,3,"gurobi_cb_mip_objbnd_valid_native_bound"
29.340709699999998,23.235548199999997,"terminal_mip_bound_improvement","L2",0.35681464283935643,,0.35681464283935643,0.35720058320841552,1,3,"gurobi_cb_mip_objbnd_valid_native_bound"
29.3417919,23.236630399999999,"terminal_mip_bound_improvement","L2",0.35682589841863999,,0.35682589841863999,0.35720058320841552,1,3,"gurobi_cb_mip_objbnd_valid_native_bound"
29.342807199999999,23.237645699999998,"terminal_mip_bound_improvement","L2",0.35684689163815236,,0.35684689163815236,0.35720058320841552,1,3,"gurobi_cb_mip_objbnd_valid_native_bound"
29.345492,23.240330499999999,"terminal_mip_bound_improvement","L2",0.35687282179859792,,0.35687282179859792,0.35720058320841552,1,3,"gurobi_cb_mip_objbnd_valid_native_bound"
29.346449700000001,23.2412882,"terminal_mip_bound_improvement","L2",0.35687293735369519,,0.35687293735369519,0.35720058320841552,1,3,"gurobi_cb_mip_objbnd_valid_native_bound"
29.348251000000001,23.2430895,"terminal_mip_bound_improvement","L2",0.35687485034976107,,0.35687485034976107,0.35720058320841552,1,3,"gurobi_cb_mip_objbnd_valid_native_bound"
29.349360999999998,23.244199499999997,"terminal_mip_bound_improvement","L2",0.35688014622676301,,0.35688014622676301,0.35720058320841552,1,3,"gurobi_cb_mip_objbnd_valid_native_bound"
29.351164999999998,23.246003499999997,"terminal_mip_bound_improvement","L2",0.35691976030738132,,0.35691976030738132,0.35720058320841552,1,3,"gurobi_cb_mip_objbnd_valid_native_bound"
29.351543199999998,23.246381699999997,"terminal_mip_bound_improvement","L2",0.35695302756054809,,0.35695302756054809,0.35720058320841552,1,3,"gurobi_cb_mip_objbnd_valid_native_bound"
29.353962599999999,23.248801099999998,"terminal_mip_bound_improvement","L2",0.35698661670480047,,0.35698661670480047,0.35720058320841552,1,3,"gurobi_cb_mip_objbnd_valid_native_bound"
29.355037299999999,23.249875799999998,"terminal_mip_bound_improvement","L2",0.35699179796738179,,0.35699179796738179,0.35720058320841552,1,3,"gurobi_cb_mip_objbnd_valid_native_bound"
29.356431199999999,23.251269699999998,"terminal_mip_bound_improvement","L2",0.35699889914186206,,0.35699889914186206,0.35720058320841552,1,3,"gurobi_cb_mip_objbnd_valid_native_bound"
29.356674899999998,23.251513399999997,"terminal_mip_bound_improvement","L2",0.35701718411062966,,0.35701718411062966,0.35720058320841552,1,3,"gurobi_cb_mip_objbnd_valid_native_bound"
29.3570326,23.251871099999999,"terminal_mip_bound_improvement","L2",0.35702819039976552,,0.35702819039976552,0.35720058320841552,1,3,"gurobi_cb_mip_objbnd_valid_native_bound"
29.3581778,23.253016299999999,"terminal_mip_bound_improvement","L2",0.35705451104438463,,0.35705451104438463,0.35720058320841552,1,3,"gurobi_cb_mip_objbnd_valid_native_bound"
29.359367899999999,23.254206399999998,"terminal_mip_bound_improvement","L2",0.35706725241579257,,0.35706725241579257,0.35720058320841552,1,3,"gurobi_cb_mip_objbnd_valid_native_bound"
29.36082,23.255658499999999,"terminal_mip_bound_improvement","L2",0.35709484506367922,,0.35709484506367922,0.35720058320841552,1,3,"gurobi_cb_mip_objbnd_valid_native_bound"
29.361862200000001,23.2567007,"terminal_mip_bound_improvement","L2",0.35710598467400628,,0.35710598467400628,0.35720058320841552,1,3,"gurobi_cb_mip_objbnd_valid_native_bound"
29.362958599999999,23.257797099999998,"terminal_mip_bound_improvement","L2",0.35711700737757546,,0.35711700737757546,0.35720058320841552,1,3,"gurobi_cb_mip_objbnd_valid_native_bound"
29.363999199999999,23.258837699999997,"terminal_mip_bound_improvement","L2",0.35715350818051295,,0.35715350818051295,0.35720058320841552,1,3,"gurobi_cb_mip_objbnd_valid_native_bound"
29.3651035,23.259941999999999,"terminal_mip_bound_improvement","L2",0.3571566921551943,,0.3571566921551943,0.35720058320841552,1,3,"gurobi_cb_mip_objbnd_valid_native_bound"
29.379109799999998,23.2739482,"terminal_mip_closure","L2",,0.35720058320841452,0.35720058320841452,0.35720058320841552,0,4,"native_terminal_mip_optimal"
29.379280000000001,23.274118399999999,"finalization","",0.35720058320841452,,0.35720058320841452,0.35720058320841552,0,4,"completed_exact_tree_final_bound"
