elapsed_time,native_global_LB,native_incumbent,verified_cutoff,native_gap,node_count,open_nodes,simplex_iterations,event_source
0.0140684,0,9.9999999999999993e+74,1.7493134520506337,9.9999999999999993e+74,0,1,0,global_progress
0.0142034,0,9.9999999999999993e+74,1.7493134520506337,9.9999999999999993e+74,0,1,0,global_progress
7.1471264999999997,1.4487906835495981,9.9999999999999993e+74,1.7493134520506337,9.9999999999999993e+74,0,1,15073,global_progress
861.99191759999997,1.7111048602326719,9.9999999999999993e+74,1.7493134520506337,9.9999999999999993e+74,6659,3200,3826888,global_progress
861.99243100000001,1.7111048602326719,0,1.7493134520506337,0,6659,3200,3826888,solver_final
