elapsed_time,native_global_LB,native_incumbent,verified_cutoff,native_gap,node_count,open_nodes,simplex_iterations,event_source
0.016837999999999999,0,9.9999999999999993e+74,0.60070443668510809,9.9999999999999993e+74,0,1,0,global_progress
0.016958399999999998,0,9.9999999999999993e+74,0.60070443668510809,9.9999999999999993e+74,0,1,0,global_progress
4.8829966000000002,0.4602260726961373,9.9999999999999993e+74,0.60070443668510809,9.9999999999999993e+74,0,1,9185,global_progress
1780.0044493,0.55547051179956897,9.9999999999999993e+74,0.60070443668510809,9.9999999999999993e+74,14607,7234,8697563,global_progress
1780.0071342000001,0.55547051179956897,0,0.60070443668510809,0,14607,7234,8697563,solver_final
