stage,instance,left_arm,right_arm,winner,decision_reason,left_status,left_strict_certificate,left_certificate_wall_seconds,left_final_lb,left_verified_ub,left_common_ub_gap,left_bound_progress_auc,left_process_wall_seconds,left_work,right_status,right_strict_certificate,right_certificate_wall_seconds,right_final_lb,right_verified_ub,right_common_ub_gap,right_bound_progress_auc,right_process_wall_seconds,right_work
stage1,V12_M1,C0,C1,right,right_lower_certificate_wall_time,optimal,True,35.8583415,0.3572005832084155,0.3572005832084155,0.0,0.9927793271145834,35.8583415,34.78137617640885,optimal,True,35.0196782,0.3572005832084155,0.3572005832084155,0.0,0.992739304875,35.0196782,34.78137617640885
stage1,V12_M2,C0,C1,left,left_lower_certificate_wall_time,optimal,True,194.838457,0.7185040707549709,0.7185040707549709,0.0,0.9840807198760153,194.838457,362.3669078016066,optimal,True,198.4131269,0.7185040707549711,0.7185040707549709,0.0,0.9837976619904236,198.4131269,365.36052177809097
stage1,high_imbalance_seed3202,C0,C1,left,left_only_strict_certificate,optimal,True,408.794088,1.7493134520506337,1.7493134520506337,0.0,0.9737725357534998,408.794088,773.3232057924586,external_gini_tree_time_limit,False,,1.7073266708594745,1.7493134520506337,0.024001862640420528,0.9562282376716822,1152.997042,2251.525123618815
stage1,moderate_seed3302,C0,C1,right,right_higher_valid_final_lb,external_gini_tree_time_limit,False,,0.1619242189831839,0.19563620654901237,0.17231977740982554,0.7878544359106957,1153.0181358,2099.551945687243,external_gini_tree_time_limit,False,,0.162137024246507,0.19563620654901237,0.17123201729079163,0.7885337094942111,1153.0040746,2070.246157062875
stage1,tight_T_seed3101,C0,C1,left,left_higher_valid_final_lb,external_gini_tree_time_limit,False,,0.05563879319522691,0.10725273413394144,0.48123659835335303,0.5048911099488724,1152.9897956,2365.0695882162418,external_gini_tree_time_limit,False,,0.05562150644372601,0.10725273413394144,0.481397776076611,0.5038473274109392,1152.9888098,2358.938986713198
