stage,instance,left_arm,right_arm,winner,decision_reason,left_status,left_strict_certificate,left_certificate_wall_seconds,left_final_lb,left_verified_ub,left_common_ub_gap,left_bound_progress_auc,left_process_wall_seconds,left_work,right_status,right_strict_certificate,right_certificate_wall_seconds,right_final_lb,right_verified_ub,right_common_ub_gap,right_bound_progress_auc,right_process_wall_seconds,right_work
stage1,V12_M1,P-GRB,C1,left,left_lower_certificate_wall_time,optimal,True,34.6403598,0.3572005832084151,0.3572005832084155,1.2432488375612486e-15,0.997827712519915,34.6403598,53.573278258640755,optimal,True,35.0196782,0.3572005832084155,0.3572005832084155,0.0,0.992739304875,35.0196782,34.78137617640885
stage1,V12_M2,P-GRB,C1,left,left_lower_certificate_wall_time,optimal,True,169.7093949,0.7185040707549712,0.7185040707549709,0.0,0.993601807081889,169.7093949,282.0967431295214,optimal,True,198.4131269,0.7185040707549711,0.7185040707549709,0.0,0.9837976619904236,198.4131269,365.36052177809097
stage1,high_imbalance_seed3202,P-GRB,C1,right,right_higher_valid_final_lb,time_limit,False,,1.1557797776944925,1.7630423841732887,0.3392952095922952,0.6285797112940786,1176.1102706,2394.5785901511917,external_gini_tree_time_limit,False,,1.7073266708594745,1.7493134520506337,0.024001862640420528,0.9562282376716822,1152.997042,2251.525123618815
stage1,moderate_seed3302,P-GRB,C1,right,right_higher_valid_final_lb,time_limit,False,,0.1294036660192964,0.2127292755347344,0.3385495031724757,0.6596512192431611,1176.1123902,2275.175516021634,external_gini_tree_time_limit,False,,0.162137024246507,0.19563620654901237,0.17123201729079163,0.7885337094942111,1153.0040746,2070.246157062875
stage1,tight_T_seed3101,P-GRB,C1,right,right_higher_valid_final_lb,time_limit,False,,0.024403037352990292,0.11608225228456553,0.7724716525872914,0.19618505439766942,1176.1701091,2067.3197344497084,external_gini_tree_time_limit,False,,0.05562150644372601,0.10725273413394144,0.481397776076611,0.5038473274109392,1152.9888098,2358.938986713198
