stage,horizon_seconds,V,arm,rows,authoritative_rows,strict_certificates,mean_common_gap,median_common_gap,mean_bound_progress_auc,median_bound_progress_auc,halfway_applicable_rows,sustained_progress_rows,mean_work,max_work,mean_nodes,max_nodes,mean_memory_gb,max_memory_gb,mean_fresh_restart_count,max_fresh_restart_count,mean_split_count,max_split_count,mean_model_read_count,max_model_read_count,mean_model_read_seconds,max_model_read_seconds,mean_stagnation_seconds,max_stagnation_seconds
stage2,1800,20,C0,6,6,1,0.17682392573140582,0.13284997379704394,0.8089687578213948,0.8524045681053929,0,0,2872.728163906244,3863.507214844064,17925.166666666668,31249.0,0.9220862273333333,1.184101201,21.0,28.0,8.666666666666666,12.0,21.0,28.0,0.4475414166666667,0.5993442,607.6640105666667,1050.1361673000001
stage2,1800,20,C1,6,6,1,0.17759843430346658,0.13340392883759042,0.8083803526013741,0.8521961303513301,0,0,2902.529651806792,3844.4621079678254,17972.5,28350.0,0.9508997483333334,1.264674531,21.0,28.0,8.666666666666666,12.0,21.0,28.0,0.4536225,0.6025768,379.2782756833333,1202.5256673
stage2,1800,20,P-GRB,6,6,0,0.3541288076678913,0.34977033758823517,0.6121010840823856,0.6169223866711044,0,0,3353.2007240154967,3494.0462450857167,78816.0,104329.0,0.20349456016666667,0.244575316,0.0,0.0,0.0,0.0,1.0,1.0,0.0,0.0,0.9137771165303548,2.0532795068115774
stage3,1800,50,C1,3,3,0,0.11898264332990931,0.1120177136415725,0.8479192007775502,0.8562713337993211,0,0,4194.344204262522,4505.72214315157,129.66666666666666,310.0,4.025427381666667,4.448910293,24.333333333333332,27.0,10.333333333333334,12.0,24.333333333333332,27.0,5.267510966666666,5.6557858,289.9689405000001,754.8714951
stage3,1800,50,P-GRB,3,3,0,0.24937549835908537,0.24924418764465425,0.7458090925110819,0.743246681060391,0,0,4036.991915670891,4302.075753518503,9234.333333333334,10481.0,0.508221692,0.566419568,0.0,0.0,0.0,0.0,1.0,1.0,0.0,0.0,57.59813361643986,83.52851526376048
stage4,3600,mixed,C1,4,4,0,0.16920154639863808,0.12777699932008624,0.8209022244998114,0.8597422758140076,4,4,7540.840567460564,9167.869655220473,35886.25,66823.0,2.7954051585,6.078290232,37.25,44.0,16.75,20.0,37.25,44.0,2.4952065750000005,7.527976800000002,340.46457687500003,945.6466389000002
stage4,3600,mixed,P-GRB,4,4,0,0.33380380417824373,0.31271201135400434,0.6529844212186482,0.6729352184329962,0,0,7052.178683250355,8007.7118391753065,120755.0,217428.0,0.4741581395,0.791694184,0.0,0.0,0.0,0.0,1.0,1.0,0.0,0.0,1.1187018082421218,1.5083457858308975
