elapsed_time,native_global_LB,native_incumbent,verified_cutoff,native_gap,node_count,open_nodes,simplex_iterations,event_source
0.0172525,0,9.9999999999999993e+74,0.04915255266474515,9.9999999999999993e+74,0,1,0,global_progress
0.017366900000000001,0,9.9999999999999993e+74,0.04915255266474515,9.9999999999999993e+74,0,1,0,global_progress
1.9507581000000001,0.034443670459972209,9.9999999999999993e+74,0.04915255266474515,9.9999999999999993e+74,0,1,6574,global_progress
880.00027850000004,0.046558443686174913,9.9999999999999993e+74,0.04915255266474515,9.9999999999999993e+74,10346,4162,2741306,global_progress
880.00099309999996,0.046558443686174913,0,0.04915255266474515,0,10346,4162,2741306,solver_final
