elapsed_time,native_global_LB,native_incumbent,verified_cutoff,native_gap,node_count,open_nodes,simplex_iterations,event_source
0.016977099999999998,0,9.9999999999999993e+74,0.10725273413394144,9.9999999999999993e+74,0,1,0,global_progress
0.017101399999999999,0,9.9999999999999993e+74,0.10725273413394144,9.9999999999999993e+74,0,1,0,global_progress
5.5099932000000003,0.01496602853587123,9.9999999999999993e+74,0.10725273413394144,9.9999999999999993e+74,0,1,13687,global_progress
274.01840240000001,0.03594487249046565,9.9999999999999993e+74,0.10725273413394144,9.9999999999999993e+74,3197,1166,1533157,global_progress
274.0187694,0.03594487249046565,0,0.10725273413394144,0,3197,1166,1533157,solver_final
