elapsed_time,native_global_LB,native_incumbent,verified_cutoff,native_gap,node_count,open_nodes,simplex_iterations,event_source
0.0065919999999999998,0,9.9999999999999993e+74,0.71850407075497091,9.9999999999999993e+74,0,1,0,global_progress
0.0068203999999999999,0,9.9999999999999993e+74,0.71850407075497091,9.9999999999999993e+74,0,1,0,global_progress
1.7357285,0.37089921896969885,9.9999999999999993e+74,0.71850407075497091,9.9999999999999993e+74,0,1,1268,global_progress
45.760066100000003,0.67385574020240513,9.9999999999999993e+74,0.71850407075497091,9.9999999999999993e+74,2287,1395,150821,global_progress
45.760545399999998,0.67385574020240513,0,0.71850407075497091,0,2287,1395,150821,solver_final
