elapsed_time,native_global_LB,native_incumbent,verified_cutoff,native_gap,node_count,open_nodes,simplex_iterations,event_source
0.017378000000000001,0,9.9999999999999993e+74,0.04915255266474515,9.9999999999999993e+74,0,1,0,global_progress
0.0176013,0,9.9999999999999993e+74,0.04915255266474515,9.9999999999999993e+74,0,1,0,global_progress
6.3648575000000003,0.03453798009362849,9.9999999999999993e+74,0.04915255266474515,9.9999999999999993e+74,0,1,13958,global_progress
274.02166219999998,0.044996673115986319,9.9999999999999993e+74,0.04915255266474515,9.9999999999999993e+74,2187,1034,645869,global_progress
274.02202899999997,0.044996673115986319,0,0.04915255266474515,0,2187,1034,645869,solver_final
