run_id,stage,instance,arm,verified_ub,observed_horizon_seconds,normalized_bound_progress_auc,raw_area,observation_count
stage1__high_imbalance_seed3202__plain__120s__dense_on,stage1,high_imbalance_seed3202,plain,2.5987762717842355,117.59599829999999,0.38662961634074916,45.46609570593639,388
stage1__high_imbalance_seed3202__s0__120s__dense_on,stage1,high_imbalance_seed3202,S0,1.7493134520506337,97.5989271,0.9398735456180437,91.73064966199397,504
stage1__high_imbalance_seed3202__s1__120s__dense_on,stage1,high_imbalance_seed3202,S1,1.7493134520506337,97.59001830000001,0.9375092981142014,91.49154955938508,592
stage1__moderate_seed3301__plain__120s__dense_on,stage1,moderate_seed3301,plain,0.12866846679095031,117.6098566,0.309096843024732,36.35283538365144,600
stage1__moderate_seed3301__s0__120s__dense_on,stage1,moderate_seed3301,S0,0.04915255266474515,97.5905152,0.8615387284033672,84.07800836963747,682
stage1__moderate_seed3301__s1__120s__dense_on,stage1,moderate_seed3301,S1,0.04915255266474515,97.5939385,0.8533183093560991,83.2786946042231,475
stage1__V12_M2__plain__120s__dense_on,stage1,V12_M2,plain,0.7243949354801448,117.6104644,0.7433169120831771,87.42184722647643,8004
stage1__V12_M2__s0__120s__dense_on,stage1,V12_M2,S0,0.7185040707549709,103.96863739999999,0.936152325216777,97.33048165162997,4543
stage1__V12_M2__s1__120s__dense_on,stage1,V12_M2,S1,0.7185040707549709,104.3305649,0.9285575583807576,96.87693460802917,5507
