leaf_id,attempt,time_limit_seconds,solver_runtime_seconds,work,nodes,simplex_iterations,barrier_iterations,cumulative_runtime,cumulative_work,cumulative_nodes,cumulative_simplex_iterations,cumulative_barrier_iterations,optimize_return_code
L0,0,30,0.302,0.490128,0,0,0,0.302,0.490128,0,0,0,0
L1,0,30,0.405,0.801655,1,638,0,0.405,0.801655,1,638,0,0
L2,0,30,30.009,53.6185,630,77789,0,30.009,53.6185,630,77789,0,0
L3,0,30,0.444,0.943456,1,1005,0,0.444,0.943456,1,1005,0,0
L2,1,60,60.005,132.18,1458,260058,0,90.014,185.798,2088,337847,0,0
L2.0,0,30,13.629,25.0644,235,34192,0,13.629,25.0644,235,34192,0,0
L2.1,0,30,30.019,55.165,777,98433,0,30.019,55.165,777,98433,0,0
L2.1,1,60,45.464,94.1041,2137,231101,0,75.483,149.269,2914,329534,0,0
