elapsed_time,native_global_LB,native_incumbent,verified_cutoff,native_gap,node_count,open_nodes,simplex_iterations,event_source
0.017639499999999999,0,9.9999999999999993e+74,0.10725273413394144,9.9999999999999993e+74,0,1,0,global_progress
0.0177754,0,9.9999999999999993e+74,0.10725273413394144,9.9999999999999993e+74,0,1,0,global_progress
6.8637537000000002,0.014983326841413735,9.9999999999999993e+74,0.10725273413394144,9.9999999999999993e+74,0,1,18837,global_progress
274.01959599999998,0.039446180604892044,9.9999999999999993e+74,0.10725273413394144,9.9999999999999993e+74,1316,336,1235881,global_progress
274.01987919999999,0.039446180604892044,0,0.10725273413394144,0,1316,336,1235881,solver_final
