elapsed_time,native_global_LB,native_incumbent,verified_cutoff,native_gap,node_count,open_nodes,simplex_iterations,event_source
0.0126418,0,9.9999999999999993e+74,2.4434031919432,9.9999999999999993e+74,0,1,0,global_progress
0.012767199999999999,0,9.9999999999999993e+74,2.4434031919432,9.9999999999999993e+74,0,1,0,global_progress
6.0749262999999996,2.1399482019048448,9.9999999999999993e+74,2.4434031919432,9.9999999999999993e+74,0,1,12961,global_progress
862.06444859999999,2.3615384055165625,9.9999999999999993e+74,2.4434031919432,9.9999999999999993e+74,11896,6466,4048305,global_progress
862.06561710000005,2.3615384055165625,0,2.4434031919432,0,11896,6466,4048305,solver_final
