elapsed_time,native_global_LB,native_incumbent,verified_cutoff,native_gap,node_count,open_nodes,simplex_iterations,event_source
0.016797800000000002,0,9.9999999999999993e+74,0.04915255266474515,9.9999999999999993e+74,0,1,0,global_progress
0.016916199999999999,0,9.9999999999999993e+74,0.04915255266474515,9.9999999999999993e+74,0,1,0,global_progress
6.3340601000000003,0.03453798009362849,9.9999999999999993e+74,0.04915255266474515,9.9999999999999993e+74,0,1,13958,global_progress
862.00422730000003,0.045828658715859262,9.9999999999999993e+74,0.04915255266474515,9.9999999999999993e+74,5803,2775,1976142,global_progress
862.00486330000001,0.045828658715859262,0,0.04915255266474515,0,5803,2775,1976142,solver_final
