event_sequence,elapsed_runtime_seconds,work,incumbent_available,incumbent,best_bound_available,best_bound,processed_nodes,open_nodes,solution_count,callback_where,phase,context
0,0.076999902725219727,0.15072099448563184,false,1e+100,true,0,0,0,0,3,1,MIP
1,0.085999965667724609,0.16025093171120239,true,3.0822120305628142,true,0,0,0,4.9406564584124654e-324,3,1,MIP
2,0.14499998092651367,0.31948803540321558,true,3.0822120305628142,true,0.00050117031503011181,0,0,4.9406564584124654e-324,3,1,MIP
3,0.1809999942779541,0.38035680656797538,true,3.0822120305628142,true,0.00050430056719304693,0,0,4.9406564584124654e-324,3,1,MIP
4,0.26399993896484375,0.48826027303642971,true,2.2573974843923175,true,0.00050430056719304693,0,0,1.4821969375237396e-323,3,1,MIP
5,0.39199995994567871,0.76339037089384998,true,2.2573974843923175,true,0.0042675128942328416,0,0,1.4821969375237396e-323,3,1,MIP
6,0.41699981689453125,0.79006899098900363,true,1.8090641836146444,true,0.0042675128942328416,0,0,2.9643938750474793e-323,3,1,MIP
7,0.4459998607635498,0.85492709901053998,true,1.8090641836146444,true,0.0063244821678221834,0,0,2.9643938750474793e-323,3,1,MIP
8,0.59099984169006348,1.1391884441099092,true,1.8090641836146444,true,0.0089888094945979446,0,0,2.9643938750474793e-323,3,1,MIP
9,0.60599994659423828,1.1570217195412729,true,1.8088098007842213,true,0.0089888094945979446,0,0,3.4584595208887258e-323,3,1,MIP
10,0.64599990844726562,1.2511844656511786,true,1.8088098007842213,true,0.0094041141982383024,0,0,3.4584595208887258e-323,3,1,MIP
11,0.79399991035461426,1.5001563813979164,true,1.8088098007842213,true,0.010907013707328205,0,0,3.4584595208887258e-323,3,1,MIP
12,0.85899996757507324,1.6381040776372666,true,1.8088098007842213,true,0.011260865467122589,0,0,3.4584595208887258e-323,3,1,MIP
13,1.0079998970031738,1.9023706410521815,true,1.8088098007842213,true,0.011683478713394171,0,0,3.4584595208887258e-323,3,1,MIP
14,1.0290000438690186,1.9258829267669026,true,1.8088098007842213,true,0.011723262253459314,0,0,3.4584595208887258e-323,3,1,MIP
15,1.1369998455047607,2.1080581067687838,true,1.8088098007842213,true,0.011723262253459314,0,0,3.4584595208887258e-323,3,1,MIP
16,1.1610000133514404,2.1555608274109472,true,1.8088098007842213,true,0.011729923935714913,0,0,3.4584595208887258e-323,3,1,MIP
17,1.179999828338623,2.1772902250333575,true,1.8088098007842213,true,0.011738171601066024,0,0,3.4584595208887258e-323,3,1,MIP
18,1.2009999752044678,2.2179689085641403,true,1.8088098007842213,true,0.011747692253174222,0,0,3.4584595208887258e-323,3,1,MIP
19,1.2929999828338623,2.3712243923304173,true,1.8088098007842213,true,0.011852869693714534,0,0,3.4584595208887258e-323,3,1,MIP
20,1.3919999599456787,2.4735938158305735,true,1.6423216659290278,true,0.011852869693714546,0,0,5.9287877500949585e-323,3,1,MIP
21,1.4119999408721924,2.5188298964077189,true,1.6423216659290278,true,0.011858432742014396,0,0,5.9287877500949585e-323,3,1,MIP
22,1.5319998264312744,2.7534778512157883,true,1.6423216659290278,true,0.011871981499221411,0,0,5.9287877500949585e-323,3,1,MIP
23,1.5590000152587891,2.7814473898544931,true,1.3984449441165869,true,0.011871981499221411,0,0,6.9169190417774516e-323,3,1,MIP
24,1.5879998207092285,2.8505242543568192,true,1.3984449441165869,true,0.011873044955258989,0,0,6.9169190417774516e-323,3,1,MIP
25,1.6779999732971191,3.000431330067614,true,1.3984449441165869,true,0.011873975442387266,0,0,6.9169190417774516e-323,3,1,MIP
26,1.6949999332427979,3.0197388306971691,true,1.0512366189411377,true,0.011921044748613914,0,0,7.4109846876186982e-323,3,1,MIP
27,1.8379998207092285,3.3073038790514313,true,1.0512366189411377,true,0.011921044748613914,0,0,7.4109846876186982e-323,3,1,MIP
28,1.9619998931884766,3.4732380862426342,true,1.0512366189411377,true,0.011921044748613914,0,0,7.4109846876186982e-323,3,1,MIP
29,2.2039999961853027,3.9598069725175642,true,0.92663792422937274,true,0.011923115984365427,0,0,1.0375378562666177e-322,3,1,MIP
30,2.2539999485015869,4.0235618431160622,true,0.92663792422937274,true,0.011930659090426137,2,4,1.0375378562666177e-322,3,1,MIP
31,2.2560000419616699,4.0270725791024393,true,0.92663792422937274,true,0.01194915406954488,3,5,1.0375378562666177e-322,3,1,MIP
32,2.2609999179840088,4.0361791012405277,true,0.92663792422937274,true,0.011964337088480643,4,6,1.0375378562666177e-322,3,1,MIP
33,2.2660000324249268,4.0493072868751918,true,0.92663792422937274,true,0.012108113379534562,5,7,1.0375378562666177e-322,3,1,MIP
34,2.2699999809265137,4.0582489789198233,true,0.92663792422937274,true,0.012209199184347768,6,8,1.0375378562666177e-322,3,1,MIP
35,2.2749998569488525,4.0664572710893001,true,0.92663792422937274,true,0.012415290123536723,7,9,1.0375378562666177e-322,3,1,MIP
36,2.2799999713897705,4.078847954245207,true,0.92663792422937274,true,0.012493457819333637,8,10,1.0375378562666177e-322,3,1,MIP
37,2.2839999198913574,4.0854324013326853,true,0.92663792422937274,true,0.012702161481958447,9,11,1.0375378562666177e-322,3,1,MIP
38,2.2849998474121094,4.0885995402150836,true,0.92663792422937274,true,0.012815324106949601,10,12,1.0375378562666177e-322,3,1,MIP
39,2.2960000038146973,4.1132637098998668,true,0.92663792422937274,true,0.012816238557658727,11,13,1.0375378562666177e-322,3,1,MIP
40,2.2990000247955322,4.1182685867716202,true,0.92663792422937274,true,0.012944745456705344,12,14,1.0375378562666177e-322,3,1,MIP
41,2.304999828338623,4.1317568093073547,true,0.92663792422937274,true,0.012964599498147529,13,15,1.0375378562666177e-322,3,1,MIP
42,2.3149998188018799,4.1517983756296131,true,0.92663792422937274,true,0.013235117312342462,14,16,1.0375378562666177e-322,3,1,MIP
43,2.4409999847412109,4.3347972491781075,true,0.92663792422937274,true,0.013235117312342495,17,19,1.0375378562666177e-322,3,1,MIP
44,2.4900000095367432,4.4153634069520935,true,0.90109274674980488,true,0.013235117312342495,19,21,1.0869444208507424e-322,3,1,MIP
45,2.5779998302459717,4.5579545137087329,true,0.79660658472910284,true,0.013235117312342495,26,28,1.2351641146031164e-322,3,1,MIP
46,2.6819999217987061,4.7808528402906418,true,0.79660658472910284,true,0.013235117312342495,31,33,1.2351641146031164e-322,3,1,MIP
47,2.7519998550415039,4.9025583259251455,true,0.77323404472910284,true,0.013235117312342495,35,37,1.284570679187241e-322,3,1,MIP
48,3.0249998569488525,5.3187654008746117,true,0.75382272934024719,true,0.013235117312342495,39,40,1.4821969375237396e-322,3,1,MIP
49,3.128000020980835,5.5215174132119005,true,0.75382272934024719,true,0.013235117312342495,53,54,1.4821969375237396e-322,3,1,MIP
50,3.2289998531341553,5.7341380564585887,true,0.75382272934024719,true,0.013235117312342495,62,62,1.4821969375237396e-322,3,1,MIP
51,3.3299999237060547,5.9268552063172919,true,0.75382272934024719,true,0.013235117312342495,85,83,1.4821969375237396e-322,3,1,MIP
52,3.4309999942779541,6.1026430379475105,true,0.75382272934024719,true,0.013235117312342495,112,109,1.4821969375237396e-322,3,1,MIP
53,3.5319998264312744,6.3021883997439083,true,0.75382272934024719,true,0.013235117312342549,127,119,1.4821969375237396e-322,3,1,MIP
54,3.6380000114440918,6.5416031300987765,true,0.75382272934024719,true,0.013235117312342549,133,125,1.4821969375237396e-322,3,1,MIP
55,3.7439999580383301,6.752873459531509,true,0.75382272934024719,true,0.013235117312342549,138,130,1.4821969375237396e-322,3,1,MIP
56,3.8629999160766602,6.9704136289609036,true,0.75382272934024719,true,0.013235117312342549,144,136,1.4821969375237396e-322,3,1,MIP
57,3.8940000534057617,7.0118814377961813,true,0.7529595379750369,true,0.013235117312342549,145,137,1.6798231958602383e-322,3,1,MIP
58,3.996999979019165,7.2185718848169067,true,0.7529595379750369,true,0.013235117312342549,149,141,1.6798231958602383e-322,3,1,MIP
59,4.1119999885559082,7.4353384380340879,true,0.7529595379750369,true,0.013235117312342549,158,150,1.6798231958602383e-322,3,1,MIP
60,4.2249999046325684,7.6559529368447317,true,0.7529595379750369,true,0.013235117312342549,167,159,1.6798231958602383e-322,3,1,MIP
61,4.3159999847412109,7.7701695014321048,true,0.67997112655068948,true,0.013235117312342549,168,160,1.7786363250284876e-322,3,1,MIP
62,4.4279999732971191,7.940959991431467,true,0.66375136255801925,true,0.013235117312342549,178,170,1.9762625833649862e-322,3,1,MIP
63,4.5309998989105225,8.1320548906715935,true,0.66375136255801925,true,0.013235117312342549,194,184,1.9762625833649862e-322,3,1,MIP
64,4.6909999847412109,8.4433915777883382,true,0.66375136255801925,true,0.013235117312342549,217,195,1.9762625833649862e-322,3,1,MIP
65,4.8009998798370361,8.6316270405415789,true,0.66375136255801925,true,0.013235117312342549,220,198,1.9762625833649862e-322,3,1,MIP
66,4.872999906539917,8.7649492925519699,true,0.5100670534927163,true,0.013235117312342549,224,202,2.0256691479491108e-322,3,1,MIP
67,4.9789998531341553,8.9537772606446708,true,0.5100670534927163,true,0.013235117312342549,235,213,2.0256691479491108e-322,3,1,MIP
68,5.1659998893737793,9.219539356710527,true,0.5100670534927163,true,0.013235117312342549,246,224,2.0256691479491108e-322,3,1,MIP
69,5.2669999599456787,9.3879065532510815,true,0.5100670534927163,true,0.013235117312342549,262,240,2.0256691479491108e-322,3,1,MIP
70,5.369999885559082,9.5462931262584814,true,0.5100670534927163,true,0.013235117312342549,272,248,2.0256691479491108e-322,3,1,MIP
71,5.4930000305175781,9.7145937969946647,true,0.5100670534927163,true,0.013235117312342549,285,255,2.0256691479491108e-322,3,1,MIP
72,5.7059998512268066,10.021889679743449,true,0.5100670534927163,true,0.013235117312342549,324,285,2.0256691479491108e-322,3,1,MIP
73,5.8629999160766602,10.285059492604503,true,0.5100670534927163,true,0.013235117312342769,336,289,2.0256691479491108e-322,3,1,MIP
74,5.9659998416900635,10.481569056612699,true,0.5100670534927163,true,0.013235117312342769,344,297,2.0256691479491108e-322,3,1,MIP
75,6.0659999847412109,10.667674093224614,true,0.5100670534927163,true,0.013235117312342769,353,306,2.0256691479491108e-322,3,1,MIP
76,6.1669998168945312,10.805697875824645,true,0.5100670534927163,true,0.013235117312342769,365,318,2.0256691479491108e-322,3,1,MIP
77,6.3069999217987061,11.011290990295587,true,0.50893386182801248,true,0.013235117312342769,382,335,2.0750757125332355e-322,3,1,MIP
78,6.3929998874664307,11.154760197565048,true,0.415145963199271,true,0.013235117312342769,399,322,2.2232954062856094e-322,3,1,MIP
79,6.5160000324249268,11.424016121416559,true,0.415145963199271,true,0.013235117312342769,413,324,2.2232954062856094e-322,3,1,MIP
80,6.5889999866485596,11.536259231080951,true,0.415145963199271,true,0.013238864401593973,414,325,2.2232954062856094e-322,3,1,MIP
81,6.6940000057220459,11.750450552930062,true,0.415145963199271,true,0.013238864401593973,418,329,2.2232954062856094e-322,3,1,MIP
82,6.8020000457763672,11.926474598676945,true,0.415145963199271,true,0.013238864401593973,422,333,2.2232954062856094e-322,3,1,MIP
83,6.934999942779541,12.159418702097865,true,0.415145963199271,true,0.013238864401593973,428,339,2.2232954062856094e-322,3,1,MIP
84,7.1940000057220459,12.489802835691474,true,0.415145963199271,true,0.013238864401593973,429,340,2.2232954062856094e-322,3,1,MIP
85,7.2969999313354492,12.65465599646603,true,0.415145963199271,true,0.013238864401593973,443,354,2.2232954062856094e-322,3,1,MIP
86,7.4010000228881836,12.809311581096832,true,0.415145963199271,true,0.013238864401593973,479,389,2.2232954062856094e-322,3,1,MIP
87,7.5139999389648438,12.973803619649432,true,0.415145963199271,true,0.013238864401593973,481,391,2.2232954062856094e-322,3,1,MIP
88,7.6159999370574951,13.131035341464406,true,0.415145963199271,true,0.013238864401593973,496,405,2.2232954062856094e-322,3,1,MIP
89,7.8029999732971191,13.469390481896669,true,0.415145963199271,true,0.013238864401593973,507,405,2.2232954062856094e-322,3,1,MIP
90,7.8209998607635498,13.50829616241859,true,0.415145963199271,true,0.01324302579864081,508,406,2.2232954062856094e-322,3,1,MIP
91,7.9679999351501465,13.79661225316484,true,0.415145963199271,true,0.01324302579864081,513,411,2.2232954062856094e-322,3,1,MIP
92,8.0759999752044678,14.000423167102182,true,0.415145963199271,true,0.01324302579864081,522,420,2.2232954062856094e-322,3,1,MIP
93,8.1940000057220459,14.192221622560872,true,0.40920560831137354,true,0.01324302579864081,532,425,2.3221085354538588e-322,3,1,MIP
94,8.2999999523162842,14.377333537435256,true,0.40920560831137354,true,0.01324302579864081,545,438,2.3221085354538588e-322,3,1,MIP
95,8.4140000343322754,14.563968076957556,true,0.40920560831137354,true,0.01324302579864081,554,447,2.3221085354538588e-322,3,1,MIP
96,9.371999979019165,16.531062842173416,true,0.40920560831137354,true,0.01324302579864081,558,450,2.3221085354538588e-322,3,1,MIP
97,9.5859999656677246,16.967187336583624,true,0.40920560831137354,true,0.01324302579864081,559,451,2.3221085354538588e-322,3,1,MIP
98,9.7209999561309814,17.178465221089201,true,0.40920560831137354,true,0.01324302579864081,560,451,2.3221085354538588e-322,3,1,MIP
99,10.220000028610229,18.050764780223602,true,0.40920560831137354,true,0.01324302579864081,560,451,2.3221085354538588e-322,3,1,MIP
100,10.409999847412109,18.473594271677321,true,0.40920560831137354,true,0.013918083319010401,561,452,2.3221085354538588e-322,3,1,MIP
101,10.63100004196167,18.831744473629985,true,0.40920560831137354,true,0.013918083319010401,562,453,2.3221085354538588e-322,3,1,MIP
102,11.08299994468689,19.632794189687559,true,0.40920560831137354,true,0.014625397777803653,562,453,2.3221085354538588e-322,3,1,MIP
103,11.165999889373779,19.802673782642341,true,0.40920560831137354,true,0.014699629896581096,563,453,2.3221085354538588e-322,3,1,MIP
104,11.358999967575073,20.121060745533491,true,0.40920560831137354,true,0.014699629896581096,564,454,2.3221085354538588e-322,3,1,MIP
105,11.69599986076355,20.750884501930585,true,0.40920560831137354,true,0.014745835885810342,564,454,2.3221085354538588e-322,3,1,MIP
106,11.723999977111816,20.788096217501653,true,0.40920560831137354,true,0.014746435010643931,565,455,2.3221085354538588e-322,3,1,MIP
107,11.812000036239624,21.0050575702308,true,0.40920560831137354,true,0.014771094750011496,565,455,2.3221085354538588e-322,3,1,MIP
108,12.013000011444092,21.3437048983611,true,0.40920560831137354,true,0.014771094750011496,566,455,2.3221085354538588e-322,3,1,MIP
109,12.391000032424927,21.943118011672833,true,0.40920560831137354,true,0.014803641677069386,566,455,2.3221085354538588e-322,3,1,MIP
110,12.448999881744385,22.04491860958365,true,0.40920560831137354,true,0.014809984357030112,567,456,2.3221085354538588e-322,3,1,MIP
111,12.644999980926514,22.37807376336055,true,0.40920560831137354,true,0.014809984357030112,568,457,2.3221085354538588e-322,3,1,MIP
112,13.046999931335449,23.119174583089137,true,0.40920560831137354,true,0.014839223603987312,568,457,2.3221085354538588e-322,3,1,MIP
113,13.113999843597412,23.242331291057312,true,0.40920560831137354,true,0.014850348381418681,569,457,2.3221085354538588e-322,3,1,MIP
114,13.305999994277954,23.57489662118067,true,0.40920560831137354,true,0.014850348381418681,570,458,2.3221085354538588e-322,3,1,MIP
115,13.632999897003174,24.188877511447789,true,0.40920560831137354,true,0.01486324482926067,570,458,2.3221085354538588e-322,3,1,MIP
116,13.71399998664856,24.277236980086677,true,0.29974706572988463,true,0.01486324482926067,571,413,2.4209216646221081e-322,3,1,MIP
117,13.740000009536743,24.331933631978711,true,0.29974706572988463,true,0.014863861658123874,571,413,2.4209216646221081e-322,3,1,MIP
118,13.921000003814697,24.659288200457389,true,0.29974706572988463,true,0.014863861658123874,572,413,2.4209216646221081e-322,3,1,MIP
119,14.197000026702881,25.171890788121313,true,0.29974706572988463,true,0.015262031886486213,572,413,2.4209216646221081e-322,3,1,MIP
120,14.274999856948853,25.332944808081024,true,0.29974706572988463,true,0.015331878871361365,573,414,2.4209216646221081e-322,3,1,MIP
121,14.452999830245972,25.660165812923822,true,0.29974706572988463,true,0.015331878871361365,574,415,2.4209216646221081e-322,3,1,MIP
122,14.733000040054321,26.169770332810842,true,0.29974706572988463,true,0.01534579674442655,574,415,2.4209216646221081e-322,3,1,MIP
123,14.892999887466431,26.454468359590994,true,0.29974706572988463,true,0.01534579674442655,576,416,2.4209216646221081e-322,3,1,MIP
124,15.063999891281128,26.74923561612691,true,0.29974706572988463,true,0.01534579674442655,576,416,2.4209216646221081e-322,3,1,MIP
125,15.169999837875366,26.920794802419362,true,0.29974706572988463,true,0.01534579674442655,578,417,2.4209216646221081e-322,3,1,MIP
126,15.325000047683716,27.192637462951609,true,0.29974706572988463,true,0.01534579674442655,578,417,2.4209216646221081e-322,3,1,MIP
127,15.408999919891357,27.296271546792685,true,0.29974706572988463,true,0.015405872660688652,579,418,2.4209216646221081e-322,3,1,MIP
128,15.68999981880188,27.84036058713804,true,0.29974706572988463,true,0.015405872660688652,580,419,2.4209216646221081e-322,3,1,MIP
129,15.794999837875366,28.000908124679409,true,0.29974706572988463,true,0.015405872660688652,581,419,2.4209216646221081e-322,3,1,MIP
130,16.389999866485596,29.281413866311777,true,0.29974706572988463,true,0.015405872660688652,582,420,2.4209216646221081e-322,3,1,MIP
131,16.664999961853027,29.852281189389103,true,0.29736047166007579,true,0.015409027330313036,583,400,2.4703282292062327e-322,3,1,MIP
132,16.82699990272522,30.109300491742243,true,0.29736047166007579,true,0.015409027330313036,584,402,2.4703282292062327e-322,3,1,MIP
133,17.07099986076355,30.436385311204919,true,0.29736047166007579,true,0.015409027330313036,586,404,2.4703282292062327e-322,3,1,MIP
134,17.539999961853027,31.147952459514787,true,0.29736047166007579,true,0.015409027330313036,587,404,2.4703282292062327e-322,3,1,MIP
135,17.657999992370605,31.344272379888931,true,0.29736047166007579,true,0.015409027330313036,590,406,2.4703282292062327e-322,3,1,MIP
136,17.858999967575073,31.703007555732817,true,0.29736047166007579,true,0.015409027330313036,593,408,2.4703282292062327e-322,3,1,MIP
137,17.980999946594238,31.919240570574402,true,0.29736047166007579,true,0.015409027330313036,595,410,2.4703282292062327e-322,3,1,MIP
138,18.027999877929688,31.983887551034805,true,0.29617845910044688,true,0.015409027330313036,596,390,2.5197347937903574e-322,3,1,MIP
139,18.210999965667725,32.282539115469731,true,0.29617845910044688,true,0.015409027330313036,599,392,2.5197347937903574e-322,3,1,MIP
140,18.343999862670898,32.505869108715807,true,0.29617845910044688,true,0.015409027330313036,601,394,2.5197347937903574e-322,3,1,MIP
141,18.592999935150146,32.939985809382186,true,0.29617845910044688,true,0.015409027330313036,603,395,2.5197347937903574e-322,3,1,MIP
142,18.707000017166138,33.099653804118894,true,0.29617845910044688,true,0.015409027330313036,605,396,2.5197347937903574e-322,3,1,MIP
143,18.828999996185303,33.241150784490003,true,0.29617845910044688,true,0.015409027330313036,606,397,2.5197347937903574e-322,3,1,MIP
144,18.98199987411499,33.472506439184798,true,0.29617845910044688,true,0.015409027330313036,608,398,2.5197347937903574e-322,3,1,MIP
145,19.526999950408936,34.272854497684477,true,0.29617845910044688,true,0.015409027330313036,609,399,2.5197347937903574e-322,3,1,MIP
146,19.733999967575073,34.624329689440657,true,0.29617845910044688,true,0.015409027330313036,611,400,2.5197347937903574e-322,3,1,MIP
147,19.879999876022339,34.827335863175016,true,0.29617845910044688,true,0.015409027330313036,612,401,2.5197347937903574e-322,3,1,MIP
148,20.001999855041504,35.040519650564626,true,0.29617845910044688,true,0.015409027330313036,613,402,2.5197347937903574e-322,3,1,MIP
149,20.125,35.211481588849892,true,0.29617845910044688,true,0.015409027330313036,614,402,2.5197347937903574e-322,3,1,MIP
150,20.384999990463257,35.574476121926722,true,0.29617845910044688,true,0.015409027330313036,616,404,2.5197347937903574e-322,3,1,MIP
151,20.493000030517578,35.721841250409661,true,0.29617845910044688,true,0.015409027330313036,617,404,2.5197347937903574e-322,3,1,MIP
152,20.625999927520752,35.924866259988647,true,0.29617845910044688,true,0.015409027330313036,618,405,2.5197347937903574e-322,3,1,MIP
153,20.744999885559082,36.092367620532407,true,0.29617845910044688,true,0.015409027330313036,619,406,2.5197347937903574e-322,3,1,MIP
154,20.860999822616577,36.277316110354612,true,0.29617845910044688,true,0.015409027330313036,623,408,2.5197347937903574e-322,3,1,MIP
155,20.97599983215332,36.47793807163211,true,0.29617845910044688,true,0.015409027330313036,627,411,2.5197347937903574e-322,3,1,MIP
156,21.122999906539917,36.772740093326178,true,0.29617845910044688,true,0.015409027330313036,629,412,2.5197347937903574e-322,3,1,MIP
157,21.228999853134155,36.954319829933702,true,0.29617845910044688,true,0.015409027330313036,631,414,2.5197347937903574e-322,3,1,MIP
158,21.337999820709229,37.120967467691322,true,0.29617845910044688,true,0.015409027330313036,634,416,2.5197347937903574e-322,3,1,MIP
159,21.448999881744385,37.292623446150877,true,0.29617845910044688,true,0.015409027330313036,638,418,2.5197347937903574e-322,3,1,MIP
160,21.552000045776367,37.473057251855707,true,0.29617845910044688,true,0.015409027330313036,647,424,2.5197347937903574e-322,3,1,MIP
161,21.682999849319458,37.710775385665336,true,0.29617845910044688,true,0.015409027330313036,652,428,2.5197347937903574e-322,3,1,MIP
162,21.796000003814697,37.937194864229269,true,0.29617845910044688,true,0.015409027330313036,654,429,2.5197347937903574e-322,3,1,MIP
163,21.914999961853027,38.158546808522203,true,0.29617845910044688,true,0.015409027330313036,661,426,2.5197347937903574e-322,3,1,MIP
164,22.085999965667725,38.478161792479256,true,0.29617845910044688,true,0.015409027330313036,662,426,2.5197347937903574e-322,3,1,MIP
165,22.246999979019165,38.744395172363092,true,0.29617845910044688,true,0.015409027330313036,664,428,2.5197347937903574e-322,3,1,MIP
166,22.391999959945679,39.024448923728592,true,0.29617845910044688,true,0.015409027330313036,666,429,2.5197347937903574e-322,3,1,MIP
167,22.554999828338623,39.339467012724818,true,0.29617845910044688,true,0.015409027330313036,669,431,2.5197347937903574e-322,3,1,MIP
168,22.697000026702881,39.627003288609785,true,0.29617845910044688,true,0.015409027330313036,672,433,2.5197347937903574e-322,3,1,MIP
169,22.803999900817871,39.851671648328143,true,0.29617845910044688,true,0.015409027330313036,674,434,2.5197347937903574e-322,3,1,MIP
170,22.950999975204468,40.11296956060319,true,0.29617845910044688,true,0.015409027330313036,678,437,2.5197347937903574e-322,3,1,MIP
171,23.072999954223633,40.340501123934452,true,0.29617845910044688,true,0.015409027330313036,682,440,2.5197347937903574e-322,3,1,MIP
172,23.175999879837036,40.524250851651736,true,0.29617845910044688,true,0.015409027330313036,685,442,2.5197347937903574e-322,3,1,MIP
173,23.305999994277954,40.752133329346073,true,0.29617845910044688,true,0.015409027330313036,688,444,2.5197347937903574e-322,3,1,MIP
174,23.421999931335449,40.960210062998129,true,0.29617845910044688,true,0.015409027330313036,692,446,2.5197347937903574e-322,3,1,MIP
175,23.529000043869019,41.142697903236282,true,0.29617845910044688,true,0.015409027330313036,697,450,2.5197347937903574e-322,3,1,MIP
176,23.636999845504761,41.31877363638565,true,0.29617845910044688,true,0.015409027330313036,703,454,2.5197347937903574e-322,3,1,MIP
177,23.750999927520752,41.519820350512099,true,0.29617845910044688,true,0.015409027330313036,707,456,2.5197347937903574e-322,3,1,MIP
178,23.858999967575073,41.702330277998854,true,0.29617845910044688,true,0.015409027330313036,712,460,2.5197347937903574e-322,3,1,MIP
179,23.962999820709229,41.880964030844986,true,0.29617845910044688,true,0.015409027330313036,718,464,2.5197347937903574e-322,3,1,MIP
180,24.067999839782715,42.044827990577787,true,0.29617845910044688,true,0.015409027330313036,724,468,2.5197347937903574e-322,3,1,MIP
181,24.172999858856201,42.217794309440841,true,0.29617845910044688,true,0.015409027330313036,731,472,2.5197347937903574e-322,3,1,MIP
182,24.292999982833862,42.448581942506685,true,0.29617845910044688,true,0.015409027330313036,736,474,2.5197347937903574e-322,3,1,MIP
183,24.394000053405762,42.621392735657516,true,0.29617845910044688,true,0.015409027330313036,741,477,2.5197347937903574e-322,3,1,MIP
184,24.496000051498413,42.786705128462764,true,0.29617845910044688,true,0.015409027330313036,750,483,2.5197347937903574e-322,3,1,MIP
185,25.342999935150146,44.071303225350256,true,0.28571698164755605,true,0.015409027330313036,757,450,2.6185479229586067e-322,3,1,MIP
186,25.375,44.109232103654428,true,0.26074332360813834,true,0.015409027330313036,758,397,2.7667676167109806e-322,3,1,MIP
187,25.483999967575073,44.259695026120447,true,0.26074332360813834,true,0.015409027330313036,764,401,2.7667676167109806e-322,3,1,MIP
188,25.585999965667725,44.404659387448064,true,0.26074332360813834,true,0.015409027330313036,771,404,2.7667676167109806e-322,3,1,MIP
189,25.845000028610229,44.912321750687973,true,0.26074332360813834,true,0.015409027330313036,779,399,2.7667676167109806e-322,3,1,MIP
190,26.023000001907349,45.283818763048188,true,0.26074332360813834,true,0.015409027330313036,781,401,2.7667676167109806e-322,3,1,MIP
191,26.13100004196167,45.496418949323271,true,0.26074332360813834,true,0.015409027330313036,783,402,2.7667676167109806e-322,3,1,MIP
192,26.322999954223633,45.852137621812012,true,0.26074332360813834,true,0.015409027330313036,785,403,2.7667676167109806e-322,3,1,MIP
193,26.455999851226807,46.076565593009391,true,0.26074332360813834,true,0.015409027330313036,788,405,2.7667676167109806e-322,3,1,MIP
194,26.595000028610229,46.37016925542499,true,0.26074332360813834,true,0.015409027330313036,789,406,2.7667676167109806e-322,3,1,MIP
195,26.736999988555908,46.657482356930799,true,0.26074332360813834,true,0.015409027330313036,791,407,2.7667676167109806e-322,3,1,MIP
196,26.863999843597412,46.889931673924821,true,0.26074332360813834,true,0.015409027330313036,793,409,2.7667676167109806e-322,3,1,MIP
197,27.006999969482422,47.163578108488792,true,0.26074332360813834,true,0.015409027330313036,795,410,2.7667676167109806e-322,3,1,MIP
198,27.215999841690063,47.567789287881013,true,0.26074332360813834,true,0.015409027330313036,797,411,2.7667676167109806e-322,3,1,MIP
199,27.345999956130981,47.802713000758438,true,0.26074332360813834,true,0.015409027330313036,800,413,2.7667676167109806e-322,3,1,MIP
200,27.457000017166138,47.999742727488858,true,0.26074332360813834,true,0.015409027330313036,802,415,2.7667676167109806e-322,3,1,MIP
201,27.592999935150146,48.226472228010323,true,0.26074332360813834,true,0.015409027330313036,806,417,2.7667676167109806e-322,3,1,MIP
202,27.730000019073486,48.429250073597636,true,0.26074332360813834,true,0.015409027330313036,811,421,2.7667676167109806e-322,3,1,MIP
203,27.855999946594238,48.637560390401831,true,0.26074332360813834,true,0.015409027330313036,818,425,2.7667676167109806e-322,3,1,MIP
204,28.014999866485596,48.941369950948371,true,0.26074332360813834,true,0.015409027330313036,823,429,2.7667676167109806e-322,3,1,MIP
205,28.148000001907349,49.17356750677444,true,0.26074332360813834,true,0.015409027330313036,827,431,2.7667676167109806e-322,3,1,MIP
206,28.250999927520752,49.346933748845842,true,0.26074332360813834,true,0.015409027330313036,832,435,2.7667676167109806e-322,3,1,MIP
207,28.365999937057495,49.556822871515223,true,0.16302441971074663,true,0.015409027330313036,835,413,2.8161741812951053e-322,3,1,MIP
208,28.490999937057495,49.765305757736968,true,0.16302441971074663,true,0.015409027330313036,841,417,2.8161741812951053e-322,3,1,MIP
209,28.605999946594238,49.96223276911789,true,0.16302441971074663,true,0.015409027330313036,846,420,2.8161741812951053e-322,3,1,MIP
210,28.730999946594238,50.17725230792292,true,0.16302441971074663,true,0.015409027330313036,851,423,2.8161741812951053e-322,3,1,MIP
211,28.842000007629395,50.351296429386139,true,0.16302441971074663,true,0.015409027330313036,857,427,2.8161741812951053e-322,3,1,MIP
212,28.944000005722046,50.532904891538692,true,0.16302441971074663,true,0.015409027330313036,861,430,2.8161741812951053e-322,3,1,MIP
213,29.044999837875366,50.696223846692575,true,0.16302441971074663,true,0.015409027330313036,866,433,2.8161741812951053e-322,3,1,MIP
214,29.18999981880188,50.9391027141832,true,0.16302441971074663,true,0.015409027330313036,873,438,2.8161741812951053e-322,3,1,MIP
215,29.292999982833862,51.117188251417311,true,0.16302441971074663,true,0.015409027330313036,879,442,2.8161741812951053e-322,3,1,MIP
216,29.398000001907349,51.290392380898624,true,0.16302441971074663,true,0.015409027330313036,885,446,2.8161741812951053e-322,3,1,MIP
217,29.503000020980835,51.466529712329063,true,0.16302441971074663,true,0.015409027330313036,894,452,2.8161741812951053e-322,3,1,MIP
218,29.609999895095825,51.648091508197297,true,0.16302441971074663,true,0.015409027330313036,899,455,2.8161741812951053e-322,3,1,MIP
219,29.710999965667725,51.835603733741429,true,0.16302441971074663,true,0.015409027330313036,905,459,2.8161741812951053e-322,3,1,MIP
220,29.833999872207642,52.042584118394643,true,0.16302441971074663,true,0.015409027330313036,911,463,2.8161741812951053e-322,3,1,MIP
221,29.948999881744385,52.248531136241773,true,0.16302441971074663,true,0.015409027330313036,917,467,2.8161741812951053e-322,3,1,MIP
222,30.067999839782715,52.450865437072196,true,0.16302441971074663,true,0.015409027330313036,925,473,2.8161741812951053e-322,3,1,MIP
223,30.172999858856201,52.625250227826896,true,0.16302441971074663,true,0.015409027330313036,934,479,2.8161741812951053e-322,3,1,MIP
224,30.290999889373779,52.833710556010033,true,0.16302441971074663,true,0.015409027330313036,943,485,2.8161741812951053e-322,3,1,MIP
225,30.394000053405762,52.997700030131313,true,0.16302441971074663,true,0.015409027330313036,952,487,2.8161741812951053e-322,3,1,MIP
226,30.503000020980835,53.183588327983315,true,0.16302441971074663,true,0.015409027330313036,960,489,2.8161741812951053e-322,3,1,MIP
227,30.605000019073486,53.339362912588435,true,0.16302441971074663,true,0.015409027330313036,974,489,2.8161741812951053e-322,3,1,MIP
228,30.705999851226807,53.485796340303253,true,0.16302441971074663,true,0.015409027330313036,985,491,2.8161741812951053e-322,3,1,MIP
229,30.812000036239624,53.637545889730006,true,0.16302441971074663,true,0.015409027330313036,1000,489,2.8161741812951053e-322,3,1,MIP
230,31.062000036239624,54.115142960888633,true,0.16302441971074663,true,0.015409027330313036,1015,484,2.8161741812951053e-322,3,1,MIP
231,31.224999904632568,54.457925875373128,true,0.16302441971074663,true,0.015409027330313036,1017,485,2.8161741812951053e-322,3,1,MIP
232,31.359999895095825,54.696985741002251,true,0.16302441971074663,true,0.015409027330313036,1020,487,2.8161741812951053e-322,3,1,MIP
233,31.465999841690063,54.885219059520821,true,0.16302441971074663,true,0.015409027330313036,1023,489,2.8161741812951053e-322,3,1,MIP
234,31.592000007629395,55.121850468843796,true,0.16302441971074663,true,0.015409027330313036,1026,491,2.8161741812951053e-322,3,1,MIP
235,31.694999933242798,55.324656354259098,true,0.16302441971074663,true,0.015409027330313036,1029,493,2.8161741812951053e-322,3,1,MIP
236,31.807999849319458,55.530694723777017,true,0.16302441971074663,true,0.015409027330313036,1032,495,2.8161741812951053e-322,3,1,MIP
237,31.96399998664856,55.83965839719361,true,0.16302441971074663,true,0.015409027330313036,1035,495,2.8161741812951053e-322,3,1,MIP
238,32.111999988555908,56.08433756299997,true,0.16302441971074663,true,0.015409027330313036,1038,497,2.8161741812951053e-322,3,1,MIP
239,32.280999898910522,56.391309720585184,true,0.16302441971074663,true,0.015409027330313036,1041,499,2.8161741812951053e-322,3,1,MIP
240,32.398999929428101,56.590030296840943,true,0.16302441971074663,true,0.015409027330313036,1047,503,2.8161741812951053e-322,3,1,MIP
241,32.509999990463257,56.786551059071549,true,0.16302441971074663,true,0.015409027330313036,1053,507,2.8161741812951053e-322,3,1,MIP
242,32.658999919891357,57.060806271051135,true,0.16302441971074663,true,0.015409027330313036,1057,510,2.8161741812951053e-322,3,1,MIP
243,32.766999959945679,57.239102447047863,true,0.16302441971074663,true,0.015409027330313036,1063,514,2.8161741812951053e-322,3,1,MIP
244,32.894000053405762,57.431112677588729,true,0.16302441971074663,true,0.015409027330313036,1071,519,2.8161741812951053e-322,3,1,MIP
245,33.010999917984009,57.634166103457062,true,0.16302441971074663,true,0.015409027330313036,1077,523,2.8161741812951053e-322,3,1,MIP
246,33.123999834060669,57.810508787604554,true,0.16302441971074663,true,0.015409027330313036,1085,528,2.8161741812951053e-322,3,1,MIP
247,33.248999834060669,58.012821574709271,true,0.16302441971074663,true,0.015409027330313036,1093,534,2.8161741812951053e-322,3,1,MIP
248,33.359999895095825,58.184803911114734,true,0.16302441971074663,true,0.015409027330313036,1101,539,2.8161741812951053e-322,3,1,MIP
249,33.460000038146973,58.348649227195793,true,0.16302441971074663,true,0.015409027330313036,1108,544,2.8161741812951053e-322,3,1,MIP
250,33.572999954223633,58.5293089561874,true,0.16302441971074663,true,0.015409027330313036,1116,549,2.8161741812951053e-322,3,1,MIP
251,33.697000026702881,58.73224667057795,true,0.16302441971074663,true,0.015409027330313036,1123,553,2.8161741812951053e-322,3,1,MIP
252,33.819000005722046,58.915790352702935,true,0.16302441971074663,true,0.015409027330313036,1131,558,2.8161741812951053e-322,3,1,MIP
253,33.934999942779541,59.111671438078581,true,0.16302441971074663,true,0.015409027330313036,1139,559,2.8161741812951053e-322,3,1,MIP
254,34.19599986076355,59.652679784202533,true,0.16302441971074663,true,0.015409027330313036,1144,557,2.8161741812951053e-322,3,1,MIP
255,34.300999879837036,59.874900295504126,true,0.16302441971074663,true,0.015409027330313036,1145,557,2.8161741812951053e-322,3,1,MIP
256,34.419999837875366,60.111295124878922,true,0.16302441971074663,true,0.015409027330313036,1147,559,2.8161741812951053e-322,3,1,MIP
257,34.529999971389771,60.327881553700358,true,0.16302441971074663,true,0.015409027330313036,1148,559,2.8161741812951053e-322,3,1,MIP
258,35.419999837875366,61.753546523564104,true,0.16302441971074663,true,0.015409027330313036,1150,561,2.8161741812951053e-322,3,1,MIP
259,35.532999992370605,61.958260492110405,true,0.16302441971074663,true,0.015409027330313036,1152,562,2.8161741812951053e-322,3,1,MIP
260,35.662999868392944,62.181466487082709,true,0.16302441971074663,true,0.015409027330313036,1155,564,2.8161741812951053e-322,3,1,MIP
261,35.769999980926514,62.353116879314079,true,0.16302441971074663,true,0.015409027330313036,1157,565,2.8161741812951053e-322,3,1,MIP
262,35.891999959945679,62.56769163911865,true,0.16302441971074663,true,0.015409027330313036,1159,567,2.8161741812951053e-322,3,1,MIP
263,36.013999938964844,62.742251717197391,true,0.16302441971074663,true,0.015409027330313036,1162,569,2.8161741812951053e-322,3,1,MIP
264,36.165999889373779,62.989613991690135,true,0.16302441971074663,true,0.015409027330313036,1165,571,2.8161741812951053e-322,3,1,MIP
265,36.327999830245972,63.26110528374079,true,0.16302441971074663,true,0.015409027330313036,1168,573,2.8161741812951053e-322,3,1,MIP
266,36.441999912261963,63.462989133817622,true,0.16302441971074663,true,0.015409027330313036,1172,575,2.8161741812951053e-322,3,1,MIP
267,36.577999830245972,63.684316046321463,true,0.16302441971074663,true,0.015409027330313036,1175,577,2.8161741812951053e-322,3,1,MIP
268,36.721999883651733,63.969116656366602,true,0.16302441971074663,true,0.015409027330313036,1180,581,2.8161741812951053e-322,3,1,MIP
269,36.82699990272522,64.149824062329586,true,0.16302441971074663,true,0.015409027330313036,1184,583,2.8161741812951053e-322,3,1,MIP
270,36.937999963760376,64.321005051186873,true,0.16302441971074663,true,0.015409027330313036,1189,587,2.8161741812951053e-322,3,1,MIP
271,37.039999961853027,64.49892710380972,true,0.16302441971074663,true,0.015409027330313036,1194,590,2.8161741812951053e-322,3,1,MIP
272,37.145999908447266,64.680028600905501,true,0.16302441971074663,true,0.015409027330313036,1199,593,2.8161741812951053e-322,3,1,MIP
273,37.248999834060669,64.846721508613058,true,0.16302441971074663,true,0.015409027330313036,1203,594,2.8161741812951053e-322,3,1,MIP
274,37.351999998092651,65.023280345567599,true,0.16302441971074663,true,0.015409027330313036,1208,597,2.8161741812951053e-322,3,1,MIP
275,37.461999893188477,65.218895795723085,true,0.16302441971074663,true,0.015409027330313036,1215,602,2.8161741812951053e-322,3,1,MIP
276,37.562000036239624,65.381759086471902,true,0.16302441971074663,true,0.015409027330313036,1222,607,2.8161741812951053e-322,3,1,MIP
277,37.690999984741211,65.610174271911788,true,0.16302441971074663,true,0.015409027330313036,1229,611,2.8161741812951053e-322,3,1,MIP
278,37.804999828338623,65.803546394421957,true,0.16302441971074663,true,0.015409027330313036,1243,621,2.8161741812951053e-322,3,1,MIP
279,37.904999971389771,65.973432413689949,true,0.16302441971074663,true,0.015409027330313036,1255,629,2.8161741812951053e-322,3,1,MIP
280,38.192999839782715,66.547913103518169,true,0.16302441971074663,true,0.015409027330313036,1265,625,2.8161741812951053e-322,3,1,MIP
281,38.315999984741211,66.772446354055646,true,0.16302441971074663,true,0.015409027330313036,1267,627,2.8161741812951053e-322,3,1,MIP
282,38.421999931335449,66.942119585468447,true,0.16302441971074663,true,0.015409027330313036,1269,628,2.8161741812951053e-322,3,1,MIP
283,38.57699990272522,67.212149609119663,true,0.16302441971074663,true,0.015409027330313036,1273,631,2.8161741812951053e-322,3,1,MIP
284,38.823999881744385,67.711041265773773,true,0.16302441971074663,true,0.015409027330313036,1277,633,2.8161741812951053e-322,3,1,MIP
285,38.937000036239624,67.890556393362786,true,0.16302441971074663,true,0.015409027330313036,1280,635,2.8161741812951053e-322,3,1,MIP
286,39.059999942779541,68.130624459476877,true,0.16302441971074663,true,0.015409027330313036,1283,637,2.8161741812951053e-322,3,1,MIP
287,39.167999982833862,68.318814917601415,true,0.16302441971074663,true,0.015409027330313036,1287,640,2.8161741812951053e-322,3,1,MIP
288,39.279000043869019,68.538057253675206,true,0.16302441971074663,true,0.015409027330313036,1292,643,2.8161741812951053e-322,3,1,MIP
289,39.401000022888184,68.752440586138107,true,0.16302441971074663,true,0.015409027330313036,1297,645,2.8161741812951053e-322,3,1,MIP
290,39.514999866485596,68.929041408444803,true,0.16302441971074663,true,0.015409027330313036,1305,650,2.8161741812951053e-322,3,1,MIP
291,39.625,69.113795297491393,true,0.16302441971074663,true,0.015409027330313036,1311,654,2.8161741812951053e-322,3,1,MIP
292,39.760999917984009,69.364401513336347,true,0.16302441971074663,true,0.015409027330313036,1315,657,2.8161741812951053e-322,3,1,MIP
293,39.883999824523926,69.59674237703635,true,0.16302441971074663,true,0.015409027330313036,1317,658,2.8161741812951053e-322,3,1,MIP
294,40.001999855041504,69.797198424175832,true,0.16302441971074663,true,0.015409027330313036,1323,662,2.8161741812951053e-322,3,1,MIP
295,40.101999998092651,69.932592052866113,true,0.16302441971074663,true,0.015409027330313036,1331,667,2.8161741812951053e-322,3,1,MIP
296,40.228999853134155,70.136864249270857,true,0.16302441971074663,true,0.015409027330313036,1339,673,2.8161741812951053e-322,3,1,MIP
297,40.348000049591064,70.331389554491111,true,0.16302441971074663,true,0.015409027330313036,1348,679,2.8161741812951053e-322,3,1,MIP
298,40.467000007629395,70.504319007237214,true,0.16302441971074663,true,0.015409027330313036,1362,688,2.8161741812951053e-322,3,1,MIP
299,40.572000026702881,70.682236519507526,true,0.16302441971074663,true,0.015409027330313036,1368,692,2.8161741812951053e-322,3,1,MIP
300,40.677999973297119,70.853405617987192,true,0.16302441971074663,true,0.015409027330313036,1381,701,2.8161741812951053e-322,3,1,MIP
301,40.779999971389771,71.00469319549498,true,0.16302441971074663,true,0.015409027330313036,1396,710,2.8161741812951053e-322,3,1,MIP
302,40.882999897003174,71.148621700095816,true,0.16302441971074663,true,0.015409027330313036,1422,714,2.8161741812951053e-322,3,1,MIP
303,41.113999843597412,71.628379092022925,true,0.16302441971074663,true,0.015409027330313036,1428,710,2.8161741812951053e-322,3,1,MIP
304,41.175999879837036,71.742948216477046,true,0.16302441971074663,true,0.015491403469338728,1429,711,2.8161741812951053e-322,3,1,MIP
305,41.339999914169312,72.049258664840423,true,0.16302441971074663,true,0.015491403469338728,1431,713,2.8161741812951053e-322,3,1,MIP
306,41.486999988555908,72.31497085597384,true,0.16302441971074663,true,0.015491403469338728,1434,716,2.8161741812951053e-322,3,1,MIP
307,41.593999862670898,72.513082333582446,true,0.16302441971074663,true,0.015491403469338728,1437,719,2.8161741812951053e-322,3,1,MIP
308,41.704999923706055,72.744829844110654,true,0.16302441971074663,true,0.015491403469338728,1440,722,2.8161741812951053e-322,3,1,MIP
309,41.812999963760376,72.952959209584037,true,0.16302441971074663,true,0.015491403469338728,1445,727,2.8161741812951053e-322,3,1,MIP
310,41.970999956130981,73.274282184780716,true,0.16302441971074663,true,0.015491403469338728,1446,728,2.8161741812951053e-322,3,1,MIP
311,42.092999935150146,73.472696151205824,true,0.16302441971074663,true,0.015491403469338728,1448,730,2.8161741812951053e-322,3,1,MIP
312,42.215999841690063,73.700219902040701,true,0.16302441971074663,true,0.015491403469338728,1451,733,2.8161741812951053e-322,3,1,MIP
313,42.376999855041504,74.006277568898682,true,0.16302441971074663,true,0.015491403469338728,1455,737,2.8161741812951053e-322,3,1,MIP
314,42.540999889373779,74.306438356655548,true,0.16302441971074663,true,0.015491403469338728,1458,738,2.8161741812951053e-322,3,1,MIP
315,42.690999984741211,74.577347877519657,true,0.16302441971074663,true,0.015491403469338728,1462,742,2.8161741812951053e-322,3,1,MIP
316,42.823999881744385,74.827637419263539,true,0.16302441971074663,true,0.015491403469338728,1466,746,2.8161741812951053e-322,3,1,MIP
317,42.944999933242798,75.030240670483593,true,0.16302441971074663,true,0.015491403469338728,1468,748,2.8161741812951053e-322,3,1,MIP
318,43.062999963760376,75.228669454689793,true,0.16302441971074663,true,0.015491403469338728,1472,752,2.8161741812951053e-322,3,1,MIP
319,43.277999877929688,75.654855310907365,true,0.16302441971074663,true,0.015491403469338728,1475,755,2.8161741812951053e-322,3,1,MIP
320,43.401999950408936,75.862806482955548,true,0.16302441971074663,true,0.015491403469338728,1478,758,2.8161741812951053e-322,3,1,MIP
321,43.531999826431274,76.127382776307854,true,0.16302441971074663,true,0.015491403469338728,1484,764,2.8161741812951053e-322,3,1,MIP
322,43.632999897003174,76.317116544045959,true,0.16302441971074663,true,0.015491403469338728,1490,770,2.8161741812951053e-322,3,1,MIP
323,43.741999864578247,76.509710038772596,true,0.16302441971074663,true,0.015491403469338728,1499,779,2.8161741812951053e-322,3,1,MIP
324,43.842000007629395,76.676321362314695,true,0.16302441971074663,true,0.015491403469338728,1504,784,2.8161741812951053e-322,3,1,MIP
325,43.970000028610229,76.89315391778301,true,0.16302441971074663,true,0.015491403469338728,1515,795,2.8161741812951053e-322,3,1,MIP
326,44.07099986076355,77.070760536087306,true,0.16302441971074663,true,0.015491403469338728,1533,811,2.8161741812951053e-322,3,1,MIP
327,44.171000003814697,77.227206913803172,true,0.16302441971074663,true,0.015491403469338728,1548,822,2.8161741812951053e-322,3,1,MIP
328,44.274999856948853,77.392520337386301,true,0.16302441971074663,true,0.015491403469338728,1556,830,2.8161741812951053e-322,3,1,MIP
329,44.384999990463257,77.576050291721401,true,0.16302441971074663,true,0.015491403469338728,1568,841,2.8161741812951053e-322,3,1,MIP
330,45.200999975204468,78.895253901093966,true,0.16302441971074663,true,0.015491403469338728,1583,840,2.8161741812951053e-322,3,1,MIP
331,45.306999921798706,79.052156287826719,true,0.16302441971074663,true,0.015491403469338728,1586,843,2.8161741812951053e-322,3,1,MIP
332,45.453999996185303,79.318263263904839,true,0.16302441971074663,true,0.015491403469338728,1589,846,2.8161741812951053e-322,3,1,MIP
333,45.572999954223633,79.518836670658899,true,0.16302441971074663,true,0.015491403469338728,1592,849,2.8161741812951053e-322,3,1,MIP
334,45.674999952316284,79.692023129591504,true,0.16302441971074663,true,0.015491403469338728,1594,851,2.8161741812951053e-322,3,1,MIP
335,45.779999971389771,79.856682117729719,true,0.16302441971074663,true,0.015491403469338728,1596,853,2.8161741812951053e-322,3,1,MIP
336,45.882999897003174,80.058561254260511,true,0.16302441971074663,true,0.015491403469338728,1598,853,2.8161741812951053e-322,3,1,MIP
337,46.006999969482422,80.260611570044674,true,0.16302441971074663,true,0.015491403469338728,1602,857,2.8161741812951053e-322,3,1,MIP
338,46.164000034332275,80.543257198442404,true,0.16302441971074663,true,0.015491403469338728,1608,863,2.8161741812951053e-322,3,1,MIP
339,46.269999980926514,80.726679771864909,true,0.16302441971074663,true,0.015491403469338728,1614,869,2.8161741812951053e-322,3,1,MIP
340,46.375999927520752,80.916006527048751,true,0.16302441971074663,true,0.015491403469338728,1617,872,2.8161741812951053e-322,3,1,MIP
341,46.48799991607666,81.105589153726186,true,0.16302441971074663,true,0.015491403469338728,1623,878,2.8161741812951053e-322,3,1,MIP
342,46.609999895095825,81.320161554724095,true,0.16302441971074663,true,0.015491403469338728,1629,884,2.8161741812951053e-322,3,1,MIP
343,46.717999935150146,81.514445963567724,true,0.16302441971074663,true,0.015491403469338728,1640,895,2.8161741812951053e-322,3,1,MIP
344,46.825000047683716,81.695188142467472,true,0.16302441971074663,true,0.015491403469338728,1643,898,2.8161741812951053e-322,3,1,MIP
345,46.927000045776367,81.873438250417536,true,0.16302441971074663,true,0.015491403469338728,1650,905,2.8161741812951053e-322,3,1,MIP
346,47.042999982833862,82.060554147559102,true,0.16302441971074663,true,0.015491403469338728,1659,914,2.8161741812951053e-322,3,1,MIP
347,47.152999877929688,82.252571693436408,true,0.16302441971074663,true,0.015491403469338728,1669,923,2.8161741812951053e-322,3,1,MIP
348,47.254999876022339,82.4339031180304,true,0.16302441971074663,true,0.015491403469338728,1683,937,2.8161741812951053e-322,3,1,MIP
349,47.355999946594238,82.597380915346548,true,0.16302441971074663,true,0.015491403469338728,1700,954,2.8161741812951053e-322,3,1,MIP
350,47.467999935150146,82.768571137551191,true,0.16302441971074663,true,0.015491403469338728,1711,963,2.8161741812951053e-322,3,1,MIP
351,47.572000026702881,82.930815312763855,true,0.16302441971074663,true,0.015491403469338728,1728,976,2.8161741812951053e-322,3,1,MIP
352,47.819000005722046,83.409505994650644,true,0.16302441971074663,true,0.015491403469338728,1742,978,2.8161741812951053e-322,3,1,MIP
353,47.886999845504761,83.529949363675186,true,0.16302441971074663,true,0.015644217661790291,1743,979,2.8161741812951053e-322,3,1,MIP
354,48.004999876022339,83.725259249385971,true,0.16302441971074663,true,0.015644217661790291,1746,982,2.8161741812951053e-322,3,1,MIP
355,48.187000036239624,84.051044866845288,true,0.16302441971074663,true,0.015644217661790291,1749,985,2.8161741812951053e-322,3,1,MIP
356,48.289999961853027,84.216406142851454,true,0.16302441971074663,true,0.015644217661790291,1751,987,2.8161741812951053e-322,3,1,MIP
357,48.411999940872192,84.428918103805756,true,0.16302441971074663,true,0.015644217661790291,1755,991,2.8161741812951053e-322,3,1,MIP
358,48.513000011444092,84.618615839355456,true,0.16302441971074663,true,0.015644217661790291,1759,995,2.8161741812951053e-322,3,1,MIP
359,48.638999938964844,84.860846098093845,true,0.16302441971074663,true,0.015644217661790291,1763,999,2.8161741812951053e-322,3,1,MIP
360,48.773999929428101,85.098558652555582,true,0.16302441971074663,true,0.015644217661790291,1769,1005,2.8161741812951053e-322,3,1,MIP
361,48.884999990463257,85.28642013452928,true,0.16302441971074663,true,0.015644217661790291,1779,1015,2.8161741812951053e-322,3,1,MIP
362,49,85.477814371232967,true,0.16302441971074663,true,0.015644217661790291,1785,1021,2.8161741812951053e-322,3,1,MIP
363,49.101999998092651,85.621568251446817,true,0.16302441971074663,true,0.015644217661790291,1797,1033,2.8161741812951053e-322,3,1,MIP
364,49.204999923706055,85.776527836343817,true,0.16302441971074663,true,0.015644217661790291,1811,1047,2.8161741812951053e-322,3,1,MIP
365,49.316999912261963,85.955406082246398,true,0.16302441971074663,true,0.015644217661790291,1827,1063,2.8161741812951053e-322,3,1,MIP
366,49.48799991607666,86.173262728213317,true,0.16302441971074663,true,0.015644217661790291,1835,1071,2.8161741812951053e-322,3,1,MIP
367,49.599999904632568,86.334590386484109,true,0.16302441971074663,true,0.015644217661790291,1845,1076,2.8161741812951053e-322,3,1,MIP
368,49.704999923706055,86.485546566701032,true,0.16302441971074663,true,0.015644217661790291,1858,1089,2.8161741812951053e-322,3,1,MIP
369,49.809999942779541,86.647164925976298,true,0.16302441971074663,true,0.015644217661790291,1871,1096,2.8161741812951053e-322,3,1,MIP
370,50.22599983215332,87.452122259591917,true,0.16302441971074663,true,0.015644217661790291,1896,1093,2.8161741812951053e-322,3,1,MIP
371,50.458999872207642,87.940004729278826,true,0.16302441971074663,true,0.015644217661790291,1897,1094,2.8161741812951053e-322,3,1,MIP
372,50.513999938964844,88.037911075172232,true,0.16302441971074663,true,0.015848134186437046,1898,1095,2.8161741812951053e-322,3,1,MIP
373,50.631999969482422,88.286211803397336,true,0.16302441971074663,true,0.015848134186437046,1899,1096,2.8161741812951053e-322,3,1,MIP
374,50.763999938964844,88.513138924070219,true,0.16302441971074663,true,0.015848134186437046,1902,1099,2.8161741812951053e-322,3,1,MIP
375,50.865999937057495,88.657979736242723,true,0.16302441971074663,true,0.015848134186437046,1906,1103,2.8161741812951053e-322,3,1,MIP
376,50.970000028610229,88.810933388257936,true,0.16302441971074663,true,0.015848134186437046,1908,1105,2.8161741812951053e-322,3,1,MIP
377,51.108999967575073,89.078049925252458,true,0.16302441971074663,true,0.015848134186437046,1910,1107,2.8161741812951053e-322,3,1,MIP
378,51.218999862670898,89.272707782221488,true,0.16302441971074663,true,0.015848134186437046,1912,1109,2.8161741812951053e-322,3,1,MIP
379,51.319999933242798,89.417897856496708,true,0.16302441971074663,true,0.015848134186437046,1916,1113,2.8161741812951053e-322,3,1,MIP
380,51.442999839782715,89.613161607082731,true,0.16302441971074663,true,0.015848134186437046,1920,1117,2.8161741812951053e-322,3,1,MIP
381,51.575999975204468,89.838764307329114,true,0.16302441971074663,true,0.015848134186437046,1927,1124,2.8161741812951053e-322,3,1,MIP
382,51.681999921798706,90.006027752044901,true,0.16302441971074663,true,0.015848134186437046,1935,1132,2.8161741812951053e-322,3,1,MIP
383,53.33899998664856,92.778003978728862,true,0.16302441971074663,true,0.015848134186437046,1938,1135,2.8161741812951053e-322,3,1,MIP
384,53.457000017166138,92.977804111622291,true,0.16302441971074663,true,0.015848134186437046,1942,1139,2.8161741812951053e-322,3,1,MIP
385,53.566999912261963,93.131165801471141,true,0.16302441971074663,true,0.015848134186437046,1948,1145,2.8161741812951053e-322,3,1,MIP
386,53.698999881744385,93.339314000197021,true,0.16302441971074663,true,0.015848134186437046,1953,1150,2.8161741812951053e-322,3,1,MIP
387,53.805999994277954,93.518711474082508,true,0.16302441971074663,true,0.015848134186437046,1957,1154,2.8161741812951053e-322,3,1,MIP
388,53.907999992370605,93.67143167336647,true,0.16302441971074663,true,0.015848134186437046,1962,1157,2.8161741812951053e-322,3,1,MIP
389,54.010999917984009,93.809574112354611,true,0.16302441971074663,true,0.015848134186437046,1967,1162,2.8161741812951053e-322,3,1,MIP
390,54.115999937057495,93.950780568064843,true,0.16302441971074663,true,0.015848134186437046,1972,1167,2.8161741812951053e-322,3,1,MIP
391,56.546000003814697,98.011910830713006,true,0.16302441971074663,true,0.015848134186437046,1975,1170,2.8161741812951053e-322,3,1,MIP
392,56.665999889373779,98.165461280624854,true,0.16302441971074663,true,0.015848134186437046,1981,1176,2.8161741812951053e-322,3,1,MIP
393,56.782999992370605,98.315603934900793,true,0.16302441971074663,true,0.015848134186437046,1988,1183,2.8161741812951053e-322,3,1,MIP
394,56.891999959945679,98.449502050081506,true,0.16302441971074663,true,0.015848134186437046,1994,1189,2.8161741812951053e-322,3,1,MIP
395,57,98.578497125497464,true,0.16302441971074663,true,0.015848134186437046,2000,1195,2.8161741812951053e-322,3,1,MIP
396,57.108000040054321,98.706455259318204,true,0.16302441971074663,true,0.015848134186437046,2008,1203,2.8161741812951053e-322,3,1,MIP
397,57.211999893188477,98.837594089565812,true,0.16302441971074663,true,0.015848134186437046,2015,1208,2.8161741812951053e-322,3,1,MIP
398,57.316999912261963,98.964724260886342,true,0.16302441971074663,true,0.015848134186437046,2022,1215,2.8161741812951053e-322,3,1,MIP
399,57.421999931335449,99.092674439808761,true,0.16302441971074663,true,0.015848134186437046,2030,1223,2.8161741812951053e-322,3,1,MIP
400,57.529999971389771,99.222153900763644,true,0.16302441971074663,true,0.015848134186437046,2038,1227,2.8161741812951053e-322,3,1,MIP
401,57.648000001907349,99.365556514239202,true,0.16302441971074663,true,0.015848134186437046,2051,1228,2.8161741812951053e-322,3,1,MIP
402,57.871999979019165,99.81533863924021,true,0.16302441971074663,true,0.015848134186437046,2055,1226,2.8161741812951053e-322,3,1,MIP
403,57.988999843597412,100.00480944908657,true,0.16302441971074663,true,0.015848134186437046,2057,1228,2.8161741812951053e-322,3,1,MIP
404,58.194999933242798,100.37887826692494,true,0.16302441971074663,true,0.015848134186437046,2061,1232,2.8161741812951053e-322,3,1,MIP
405,58.307999849319458,100.56684904480376,true,0.16302441971074663,true,0.015848134186437046,2064,1235,2.8161741812951053e-322,3,1,MIP
406,58.418999910354614,100.73083788302817,true,0.16302441971074663,true,0.015848134186437046,2068,1239,2.8161741812951053e-322,3,1,MIP
407,58.582000017166138,101.02151813917534,true,0.16302441971074663,true,0.015848134186437046,2071,1242,2.8161741812951053e-322,3,1,MIP
408,58.740999937057495,101.28288008943009,true,0.16302441971074663,true,0.015848134186437046,2075,1246,2.8161741812951053e-322,3,1,MIP
409,58.872999906539917,101.51015732207131,true,0.16302441971074663,true,0.015848134186437046,2077,1248,2.8161741812951053e-322,3,1,MIP
410,58.976999998092651,101.66386601048619,true,0.16302441971074663,true,0.015848134186437046,2081,1252,2.8161741812951053e-322,3,1,MIP
411,59.08299994468689,101.84776834212782,true,0.16302441971074663,true,0.015848134186437046,2086,1257,2.8161741812951053e-322,3,1,MIP
412,59.22599983215332,102.10966113219864,true,0.16302441971074663,true,0.015848134186437046,2089,1260,2.8161741812951053e-322,3,1,MIP
413,59.335999965667725,102.27928400048616,true,0.16302441971074663,true,0.015848134186437046,2095,1266,2.8161741812951053e-322,3,1,MIP
414,59.43999981880188,102.44371840832028,true,0.16302441971074663,true,0.015848134186437046,2103,1274,2.8161741812951053e-322,3,1,MIP
415,59.540999889373779,102.62005023280862,true,0.16302441971074663,true,0.015848134186437046,2108,1279,2.8161741812951053e-322,3,1,MIP
416,59.642999887466431,102.78661742724178,true,0.16302441971074663,true,0.015848134186437046,2113,1284,2.8161741812951053e-322,3,1,MIP
417,59.746000051498413,102.95273584211684,true,0.16302441971074663,true,0.015848134186437046,2119,1290,2.8161741812951053e-322,3,1,MIP
418,59.851999998092651,103.12209012800402,true,0.16302441971074663,true,0.015848134186437046,2133,1304,2.8161741812951053e-322,3,1,MIP
419,59.957000017166138,103.28305768961187,true,0.16302441971074663,true,0.015848134186437046,2148,1319,2.8161741812951053e-322,3,1,MIP
420,60.062000036239624,103.44851128384896,true,0.16302441971074663,true,0.015848134186437046,2158,1327,2.8161741812951053e-322,3,1,MIP
421,60.162999868392944,103.5964701227455,true,0.16302441971074663,true,0.015848134186437046,2174,1341,2.8161741812951053e-322,3,1,MIP
422,60.49399995803833,104.22586533511613,true,0.16302441971074663,true,0.015848134186437046,2195,1342,2.8161741812951053e-322,3,1,MIP
423,60.556999921798706,104.32030544303336,true,0.16302441971074663,true,0.015881545018531978,2196,1343,2.8161741812951053e-322,3,1,MIP
424,60.662999868392944,104.48734514099172,true,0.16302441971074663,true,0.015881545018531978,2198,1345,2.8161741812951053e-322,3,1,MIP
425,60.764999866485596,104.65357389444574,true,0.16302441971074663,true,0.015881545018531978,2202,1349,2.8161741812951053e-322,3,1,MIP
426,60.898999929428101,104.89449626690646,true,0.16302441971074663,true,0.015881545018531978,2204,1351,2.8161741812951053e-322,3,1,MIP
427,61.010999917984009,105.09577155848856,true,0.16302441971074663,true,0.015881545018531978,2210,1357,2.8161741812951053e-322,3,1,MIP
428,61.123999834060669,105.30150357590982,true,0.16302441971074663,true,0.015881545018531978,2213,1360,2.8161741812951053e-322,3,1,MIP
429,61.230000019073486,105.5051876720333,true,0.16302441971074663,true,0.015881545018531978,2216,1363,2.8161741812951053e-322,3,1,MIP
430,61.375,105.76313186949551,true,0.16302441971074663,true,0.015881545018531978,2222,1369,2.8161741812951053e-322,3,1,MIP
431,61.490999937057495,105.97019128827741,true,0.16302441971074663,true,0.015881545018531978,2224,1371,2.8161741812951053e-322,3,1,MIP
432,61.720000028610229,106.44283152038898,true,0.16302441971074663,true,0.015881545018531978,2226,1371,2.8161741812951053e-322,3,1,MIP
433,61.832000017166138,106.59889834435543,true,0.16302441971074663,true,0.015881545018531978,2230,1375,2.8161741812951053e-322,3,1,MIP
434,61.958999872207642,106.7927919883782,true,0.16302441971074663,true,0.015881545018531978,2234,1379,2.8161741812951053e-322,3,1,MIP
435,62.069999933242798,106.97443079880799,true,0.16302441971074663,true,0.015881545018531978,2238,1383,2.8161741812951053e-322,3,1,MIP
436,62.18999981880188,107.15791044639441,true,0.16302441971074663,true,0.015881545018531978,2245,1390,2.8161741812951053e-322,3,1,MIP
437,62.294999837875366,107.33212480939692,true,0.16302441971074663,true,0.015881545018531978,2257,1400,2.8161741812951053e-322,3,1,MIP
438,62.405999898910522,107.50012512647277,true,0.16302441971074663,true,0.015881545018531978,2269,1411,2.8161741812951053e-322,3,1,MIP
439,62.523999929428101,107.67872364418271,true,0.16302441971074663,true,0.015881545018531978,2290,1428,2.8161741812951053e-322,3,1,MIP
440,62.817999839782715,108.29191237852594,true,0.16302441971074663,true,0.015881545018531978,2297,1425,2.8161741812951053e-322,3,1,MIP
441,62.924000024795532,108.4738212594126,true,0.16302441971074663,true,0.015881545018531978,2299,1427,2.8161741812951053e-322,3,1,MIP
442,63.024999856948853,108.62938583979533,true,0.16302441971074663,true,0.015881545018531978,2302,1430,2.8161741812951053e-322,3,1,MIP
443,63.126999855041504,108.82653343196164,true,0.16302441971074663,true,0.015881545018531978,2306,1434,2.8161741812951053e-322,3,1,MIP
444,63.246000051498413,109.05170422797011,true,0.16302441971074663,true,0.015881545018531978,2310,1438,2.8161741812951053e-322,3,1,MIP
445,63.388000011444092,109.29774460226987,true,0.16302441971074663,true,0.015881545018531978,2318,1446,2.8161741812951053e-322,3,1,MIP
446,63.494999885559082,109.49427509589648,true,0.16302441971074663,true,0.015881545018531978,2320,1448,2.8161741812951053e-322,3,1,MIP
447,63.635999917984009,109.7445510959716,true,0.16302441971074663,true,0.015881545018531978,2326,1454,2.8161741812951053e-322,3,1,MIP
448,63.736999988555908,109.92297082920609,true,0.16302441971074663,true,0.015881545018531978,2331,1459,2.8161741812951053e-322,3,1,MIP
449,63.83899998664856,110.10071709473955,true,0.16302441971074663,true,0.015881545018531978,2336,1464,2.8161741812951053e-322,3,1,MIP
450,63.944000005722046,110.28806750329909,true,0.16302441971074663,true,0.015881545018531978,2348,1476,2.8161741812951053e-322,3,1,MIP
451,64.046000003814697,110.47494066224574,true,0.16302441971074663,true,0.015881545018531978,2359,1483,2.8161741812951053e-322,3,1,MIP
452,64.148999929428101,110.64447339436269,true,0.16302441971074663,true,0.015881545018531978,2380,1504,2.8161741812951053e-322,3,1,MIP
453,64.251999855041504,110.81622051441975,true,0.16302441971074663,true,0.015881545018531978,2396,1520,2.8161741812951053e-322,3,1,MIP
454,64.569000005722046,111.44377367702634,true,0.16302441971074663,true,0.015881545018531978,2413,1522,2.8161741812951053e-322,3,1,MIP
455,64.621000051498413,111.53075306482191,true,0.16302441971074663,true,0.015919861817889056,2414,1523,2.8161741812951053e-322,3,1,MIP
456,64.747999906539917,111.75136055357405,true,0.16302441971074663,true,0.015919861817889056,2416,1525,2.8161741812951053e-322,3,1,MIP
457,64.86299991607666,111.91511790220895,true,0.16302441971074663,true,0.015919861817889056,2420,1529,2.8161741812951053e-322,3,1,MIP
458,65.063999891281128,112.26118237565282,true,0.16302441971074663,true,0.015919861817889056,2429,1538,2.8161741812951053e-322,3,1,MIP
459,65.21399998664856,112.50629998279355,true,0.16302441971074663,true,0.015919861817889056,2431,1540,2.8161741812951053e-322,3,1,MIP
460,65.322000026702881,112.68953468389752,true,0.16302441971074663,true,0.015919861817889056,2433,1542,2.8161741812951053e-322,3,1,MIP
461,65.434999942779541,112.86769396528852,true,0.16302441971074663,true,0.015919861817889056,2438,1547,2.8161741812951053e-322,3,1,MIP
462,65.563999891281128,113.08154201792705,true,0.16302441971074663,true,0.015919861817889056,2442,1551,2.8161741812951053e-322,3,1,MIP
463,65.666999816894531,113.25362181018421,true,0.16302441971074663,true,0.015919861817889056,2447,1556,2.8161741812951053e-322,3,1,MIP
464,65.783999919891357,113.46190145816864,true,0.16302441971074663,true,0.015919861817889056,2457,1566,2.8161741812951053e-322,3,1,MIP
465,65.911999940872192,113.65796126607324,true,0.16302441971074663,true,0.015919861817889056,2467,1576,2.8161741812951053e-322,3,1,MIP
466,66.016000032424927,113.81665536892235,true,0.16302441971074663,true,0.015919861817889056,2486,1595,2.8161741812951053e-322,3,1,MIP
467,66.119999885559082,113.97268816353386,true,0.16302441971074663,true,0.015919861817889056,2505,1607,2.8161741812951053e-322,3,1,MIP
468,66.223000049591064,114.13095685132419,true,0.16302441971074663,true,0.015919861817889056,2540,1638,2.8161741812951053e-322,3,1,MIP
469,66.328999996185303,114.29354063015587,true,0.16302441971074663,true,0.015919861817889056,2565,1651,2.8161741812951053e-322,3,1,MIP
470,66.608000040054321,114.88566774413115,true,0.16302441971074663,true,0.015919861817889056,2568,1650,2.8161741812951053e-322,3,1,MIP
471,66.703999996185303,115.06768619925268,true,0.16302441971074663,true,0.015975700673574938,2569,1651,2.8161741812951053e-322,3,1,MIP
472,66.809999942779541,115.24714965492035,true,0.16302441971074663,true,0.015975700673574938,2571,1653,2.8161741812951053e-322,3,1,MIP
473,66.912999868392944,115.43309743633914,true,0.16302441971074663,true,0.015975700673574938,2573,1655,2.8161741812951053e-322,3,1,MIP
474,67.050999879837036,115.69879107301405,true,0.16302441971074663,true,0.015975700673574938,2576,1658,2.8161741812951053e-322,3,1,MIP
475,67.19599986076355,115.95675357013153,true,0.16302441971074663,true,0.015975700673574938,2579,1661,2.8161741812951053e-322,3,1,MIP
476,67.315999984741211,116.14011858014125,true,0.16302441971074663,true,0.015975700673574938,2584,1666,2.8161741812951053e-322,3,1,MIP
477,67.448999881744385,116.37284304009214,true,0.16302441971074663,true,0.015975700673574938,2592,1674,2.8161741812951053e-322,3,1,MIP
478,67.58299994468689,116.56504212753914,true,0.16302441971074663,true,0.015975700673574938,2596,1678,2.8161741812951053e-322,3,1,MIP
479,67.684000015258789,116.7317330335819,true,0.16302441971074663,true,0.015975700673574938,2599,1681,2.8161741812951053e-322,3,1,MIP
480,67.835999965667725,116.99734266759658,true,0.16302441971074663,true,0.015975700673574938,2606,1688,2.8161741812951053e-322,3,1,MIP
481,67.937999963760376,117.16734872009512,true,0.16302441971074663,true,0.015975700673574938,2612,1694,2.8161741812951053e-322,3,1,MIP
482,68.065999984741211,117.37662844884849,true,0.16302441971074663,true,0.015975700673574938,2622,1704,2.8161741812951053e-322,3,1,MIP
483,68.174999952316284,117.55098478063262,true,0.16302441971074663,true,0.015975700673574938,2632,1714,2.8161741812951053e-322,3,1,MIP
484,68.276999950408936,117.71898088923787,true,0.16302441971074663,true,0.015975700673574938,2636,1718,2.8161741812951053e-322,3,1,MIP
485,68.384999990463257,117.88206954656056,true,0.16302441971074663,true,0.015975700673574938,2657,1736,2.8161741812951053e-322,3,1,MIP
486,68.691999912261963,118.47009428747685,true,0.16302441971074663,true,0.015975700673574938,2666,1735,2.8161741812951053e-322,3,1,MIP
487,68.741999864578247,118.55189813074396,true,0.16302441971074663,true,0.01600471522502158,2667,1736,2.8161741812951053e-322,3,1,MIP
488,68.85699987411499,118.75247916026828,true,0.16302441971074663,true,0.01600471522502158,2673,1742,2.8161741812951053e-322,3,1,MIP
489,69.047999858856201,119.1098831942557,true,0.16302441971074663,true,0.01600471522502158,2676,1745,2.8161741812951053e-322,3,1,MIP
490,69.155999898910522,119.28729519417234,true,0.16302441971074663,true,0.01600471522502158,2679,1748,2.8161741812951053e-322,3,1,MIP
491,69.297999858856201,119.5625661964305,true,0.16302441971074663,true,0.01600471522502158,2681,1749,2.8161741812951053e-322,3,1,MIP
492,69.434999942779541,119.81453516259958,true,0.16302441971074663,true,0.01600471522502158,2684,1752,2.8161741812951053e-322,3,1,MIP
493,69.540999889373779,119.98690919317903,true,0.16302441971074663,true,0.01600471522502158,2687,1755,2.8161741812951053e-322,3,1,MIP
494,69.664000034332275,120.19814716054668,true,0.16302441971074663,true,0.01600471522502158,2693,1757,2.8161741812951053e-322,3,1,MIP
495,69.773000001907349,120.38516018016804,true,0.16302441971074663,true,0.01600471522502158,2698,1762,2.8161741812951053e-322,3,1,MIP
496,69.88100004196167,120.57743939466806,true,0.16302441971074663,true,0.01600471522502158,2709,1763,2.8161741812951053e-322,3,1,MIP
497,70.047999858856201,120.93183965645291,true,0.16302441971074663,true,0.01600471522502158,2710,1764,2.8161741812951053e-322,3,1,MIP
498,70.116999864578247,121.03898144846349,true,0.16302441971074663,true,0.016020984232753589,2711,1765,2.8161741812951053e-322,3,1,MIP
499,70.22599983215332,121.21415635011118,true,0.16302441971074663,true,0.016020984232753589,2714,1768,2.8161741812951053e-322,3,1,MIP
500,70.371000051498413,121.49367992822705,true,0.16302441971074663,true,0.016020984232753589,2718,1772,2.8161741812951053e-322,3,1,MIP
501,70.506999969482422,121.71434264944615,true,0.16302441971074663,true,0.016020984232753589,2722,1776,2.8161741812951053e-322,3,1,MIP
502,70.608999967575073,121.91131633906929,true,0.16302441971074663,true,0.016020984232753589,2731,1785,2.8161741812951053e-322,3,1,MIP
503,70.724999904632568,122.11022708688577,true,0.16302441971074663,true,0.016020984232753589,2736,1790,2.8161741812951053e-322,3,1,MIP
504,70.82699990272522,122.29768463721931,true,0.16302441971074663,true,0.016020984232753589,2754,1799,2.8161741812951053e-322,3,1,MIP
505,71.144999980926514,122.95498085565831,true,0.16302441971074663,true,0.016020984232753589,2772,1805,2.8161741812951053e-322,3,1,MIP
506,71.228999853134155,123.10558631736411,true,0.16302441971074663,true,0.016031669048965903,2773,1806,2.8161741812951053e-322,3,1,MIP
507,71.345000028610229,123.29527455109734,true,0.16302441971074663,true,0.016031669048965903,2775,1808,2.8161741812951053e-322,3,1,MIP
508,71.486999988555908,123.52275627212373,true,0.16302441971074663,true,0.016031669048965903,2779,1812,2.8161741812951053e-322,3,1,MIP
509,71.651000022888184,123.83496006211469,true,0.16302441971074663,true,0.016031669048965903,2782,1813,2.8161741812951053e-322,3,1,MIP
510,71.773999929428101,124.03015384740037,true,0.16302441971074663,true,0.016031669048965903,2785,1816,2.8161741812951053e-322,3,1,MIP
511,71.896999835968018,124.2433947109681,true,0.16302441971074663,true,0.016031669048965903,2787,1818,2.8161741812951053e-322,3,1,MIP
512,72.013000011444092,124.41513214469798,true,0.16302441971074663,true,0.016031669048965903,2794,1825,2.8161741812951053e-322,3,1,MIP
513,72.118000030517578,124.58013309877242,true,0.16302441971074663,true,0.016031669048965903,2799,1830,2.8161741812951053e-322,3,1,MIP
514,72.223999977111816,124.78603303244235,true,0.16302441971074663,true,0.016031669048965903,2802,1831,2.8161741812951053e-322,3,1,MIP
515,72.329999923706055,124.98153282476808,true,0.16302441971074663,true,0.016031669048965903,2806,1835,2.8161741812951053e-322,3,1,MIP
516,72.48799991607666,125.27724150233234,true,0.16302441971074663,true,0.016031669048965903,2810,1839,2.8161741812951053e-322,3,1,MIP
517,72.58899998664856,125.44354549075121,true,0.16302441971074663,true,0.016031669048965903,2813,1841,2.8161741812951053e-322,3,1,MIP
518,72.692999839782715,125.63494813776485,true,0.16302441971074663,true,0.016031669048965903,2816,1844,2.8161741812951053e-322,3,1,MIP
519,72.825000047683716,125.85841227126269,true,0.16302441971074663,true,0.016031669048965903,2820,1848,2.8161741812951053e-322,3,1,MIP
520,72.976999998092651,126.11399720127567,true,0.16302441971074663,true,0.016031669048965903,2826,1854,2.8161741812951053e-322,3,1,MIP
521,73.085000038146973,126.28741906423066,true,0.16302441971074663,true,0.016031669048965903,2831,1859,2.8161741812951053e-322,3,1,MIP
522,73.20199990272522,126.48680548655939,true,0.16302441971074663,true,0.016031669048965903,2836,1862,2.8161741812951053e-322,3,1,MIP
523,73.302000045776367,126.67392037314936,true,0.16302441971074663,true,0.016031669048965903,2840,1864,2.8161741812951053e-322,3,1,MIP
524,73.416999816894531,126.86304026807264,true,0.16302441971074663,true,0.016031669048965903,2843,1867,2.8161741812951053e-322,3,1,MIP
525,73.519000053405762,127.03355286257883,true,0.16302441971074663,true,0.016031669048965903,2847,1871,2.8161741812951053e-322,3,1,MIP
526,73.629999876022339,127.218013225685,true,0.16302441971074663,true,0.016031669048965903,2851,1875,2.8161741812951053e-322,3,1,MIP
527,73.740999937057495,127.38808879207636,true,0.16302441971074663,true,0.016031669048965903,2858,1882,2.8161741812951053e-322,3,1,MIP
528,73.842000007629395,127.52951678779397,true,0.16302441971074663,true,0.016031669048965903,2864,1888,2.8161741812951053e-322,3,1,MIP
529,73.953999996185303,127.70099822766106,true,0.16302441971074663,true,0.016031669048965903,2868,1892,2.8161741812951053e-322,3,1,MIP
530,74.057999849319458,127.86562304279104,true,0.16302441971074663,true,0.016031669048965903,2872,1894,2.8161741812951053e-322,3,1,MIP
531,74.159999847412109,128.02025698280556,true,0.16302441971074663,true,0.016031669048965903,2876,1898,2.8161741812951053e-322,3,1,MIP
532,74.263999938964844,128.15984751565051,true,0.16302441971074663,true,0.016031669048965903,2882,1904,2.8161741812951053e-322,3,1,MIP
533,74.38100004196167,128.33627304055267,true,0.16302441971074663,true,0.016031669048965903,2888,1910,2.8161741812951053e-322,3,1,MIP
534,74.483999967575073,128.47231889703491,true,0.16302441971074663,true,0.016031669048965903,2895,1915,2.8161741812951053e-322,3,1,MIP
535,74.779999971389771,129.08271104089781,true,0.16302441971074663,true,0.016031669048965903,2906,1915,2.8161741812951053e-322,3,1,MIP
536,74.835000038146973,129.18039554086309,true,0.16302441971074663,true,0.016054482515128053,2907,1916,2.8161741812951053e-322,3,1,MIP
537,74.973999977111816,129.40801120645037,true,0.16302441971074663,true,0.016054482515128053,2910,1919,2.8161741812951053e-322,3,1,MIP
538,75.102999925613403,129.60041390124027,true,0.16302441971074663,true,0.016054482515128053,2914,1923,2.8161741812951053e-322,3,1,MIP
539,75.204999923706055,129.82660349208632,true,0.16302441971074663,true,0.016054482515128053,2915,1924,2.8161741812951053e-322,3,1,MIP
540,75.345000028610229,130.076944960557,true,0.16302441971074663,true,0.016054482515128053,2918,1927,2.8161741812951053e-322,3,1,MIP
541,75.460000038146973,130.28127513265116,true,0.16302441971074663,true,0.016054482515128053,2922,1929,2.8161741812951053e-322,3,1,MIP
542,75.567999839782715,130.50852173142837,true,0.16302441971074663,true,0.016054482515128053,2924,1931,2.8161741812951053e-322,3,1,MIP
543,75.688999891281128,130.74406534321912,true,0.16302441971074663,true,0.016054482515128053,2928,1931,2.8161741812951053e-322,3,1,MIP
544,75.802999973297119,130.9464659551839,true,0.16302441971074663,true,0.016054482515128053,2935,1930,2.8161741812951053e-322,3,1,MIP
545,75.977999925613403,131.29624847600488,true,0.16302441971074663,true,0.016054482515128053,2937,1930,2.8161741812951053e-322,3,1,MIP
546,76.102999925613403,131.49421693587783,true,0.16302441971074663,true,0.016054482515128053,2939,1932,2.8161741812951053e-322,3,1,MIP
547,77.06499981880188,132.96033906173858,true,0.14558281012895516,true,0.016054482515128053,2940,1910,3.0138004396316039e-322,3,1,MIP
548,77.164999961853027,133.11906476167391,true,0.14558281012895516,true,0.016054482515128053,2942,1912,3.0138004396316039e-322,3,1,MIP
549,77.290999889373779,133.32032947313328,true,0.14558281012895516,true,0.016054482515128053,2945,1915,3.0138004396316039e-322,3,1,MIP
550,77.395999908447266,133.47555810927139,true,0.14558281012895516,true,0.016054482515128053,2948,1918,3.0138004396316039e-322,3,1,MIP
551,77.514999866485596,133.6471955246177,true,0.14558281012895516,true,0.016054482515128053,2952,1922,3.0138004396316039e-322,3,1,MIP
552,77.634999990463257,133.8378522866488,true,0.14558281012895516,true,0.016054482515128053,2956,1926,3.0138004396316039e-322,3,1,MIP
553,81.668999910354614,140.25633984498637,true,0.13548008935514666,true,0.016054482515128053,2958,1880,3.2114266979681025e-322,3,1,MIP
554,81.777999877929688,140.42193158468703,true,0.13548008935514666,true,0.016054482515128053,2961,1883,3.2114266979681025e-322,3,1,MIP
555,81.902999877929688,140.58763256318204,true,0.13548008935514666,true,0.016054482515128053,2966,1888,3.2114266979681025e-322,3,1,MIP
556,82.03600001335144,140.76013403059477,true,0.13548008935514666,true,0.016054482515128053,2971,1893,3.2114266979681025e-322,3,1,MIP
557,82.141000032424927,140.88875076216982,true,0.13548008935514666,true,0.016054482515128053,2976,1898,3.2114266979681025e-322,3,1,MIP
558,82.263000011444092,141.04110353490947,true,0.13548008935514666,true,0.016054482515128053,2982,1904,3.2114266979681025e-322,3,1,MIP
559,82.382999897003174,141.18480651424343,true,0.13548008935514666,true,0.016054482515128053,2986,1908,3.2114266979681025e-322,3,1,MIP
560,82.485999822616577,141.3000053398822,true,0.13548008935514666,true,0.016054482515128053,2992,1912,3.2114266979681025e-322,3,1,MIP
561,82.599999904632568,141.41598867975989,true,0.13548008935514666,true,0.016054482515128053,2997,1917,3.2114266979681025e-322,3,1,MIP
562,82.70799994468689,141.53088812461536,true,0.13548008935514666,true,0.016054482515128053,3006,1919,3.2114266979681025e-322,3,1,MIP
563,82.940999984741211,141.94481170772715,true,0.13548008935514666,true,0.016054482515128053,3017,1919,3.2114266979681025e-322,3,1,MIP
564,83.017999887466431,142.06403245907578,true,0.13518926632511666,true,0.016118086725617934,3018,1917,3.3596463917204765e-322,3,1,MIP
565,83.151999950408936,142.25315545990244,true,0.13518926632511666,true,0.016118086725617934,3021,1920,3.3596463917204765e-322,3,1,MIP
566,83.276999950408936,142.41983673619717,true,0.13518926632511666,true,0.016118086725617934,3024,1923,3.3596463917204765e-322,3,1,MIP
567,83.431999921798706,142.67258590036735,true,0.13518926632511666,true,0.016118086725617934,3026,1925,3.3596463917204765e-322,3,1,MIP
568,83.50600004196167,142.7938091511374,true,0.13249780018367285,true,0.016118086725617934,3027,1918,3.5078660854728505e-322,3,1,MIP
569,83.651999950408936,143.02135724005771,true,0.13249780018367285,true,0.016118086725617934,3030,1921,3.5078660854728505e-322,3,1,MIP
570,83.766999959945679,143.21360878439526,true,0.13249780018367285,true,0.016118086725617934,3032,1923,3.5078660854728505e-322,3,1,MIP
571,83.882999897003174,143.38923159803898,true,0.13249780018367285,true,0.016118086725617934,3035,1926,3.5078660854728505e-322,3,1,MIP
572,84.00600004196167,143.56208945646028,true,0.13224426367448755,true,0.016118086725617934,3038,1929,3.5572726500569751e-322,3,1,MIP
573,84.128999948501587,143.72427344757841,true,0.13224426367448755,true,0.016118086725617934,3041,1932,3.5572726500569751e-322,3,1,MIP
574,84.261999845504761,143.90927876694911,true,0.13224426367448755,true,0.016118086725617934,3044,1935,3.5572726500569751e-322,3,1,MIP
575,84.369999885559082,144.05460865335098,true,0.13224426367448755,true,0.016118086725617934,3047,1938,3.5572726500569751e-322,3,1,MIP
576,84.496999979019165,144.23344164038642,true,0.13224426367448755,true,0.016118086725617934,3050,1941,3.5572726500569751e-322,3,1,MIP
577,84.602999925613403,144.37552679980675,true,0.13224426367448755,true,0.016118086725617934,3052,1943,3.5572726500569751e-322,3,1,MIP
578,84.720999956130981,144.53969851895835,true,0.13224426367448755,true,0.016118086725617934,3055,1946,3.5572726500569751e-322,3,1,MIP
579,84.848000049591064,144.70126426088001,true,0.13224426367448755,true,0.016118086725617934,3058,1949,3.5572726500569751e-322,3,1,MIP
580,84.95199990272522,144.82247334003461,true,0.13224426367448755,true,0.016118086725617934,3061,1952,3.5572726500569751e-322,3,1,MIP
581,85.052999973297119,144.98652638013257,true,0.13224426367448755,true,0.016118086725617934,3070,1961,3.5572726500569751e-322,3,1,MIP
582,85.155999898910522,145.13270123517847,true,0.13224426367448755,true,0.016118086725617934,3085,1976,3.5572726500569751e-322,3,1,MIP
583,85.25600004196167,145.27542919541182,true,0.13224426367448755,true,0.016118086725617934,3107,1989,3.5572726500569751e-322,3,1,MIP
584,85.358999967575073,145.41645075302637,true,0.13224426367448755,true,0.016118086725617934,3117,1997,3.5572726500569751e-322,3,1,MIP
585,85.542999982833862,145.79097191937913,true,0.13224426367448755,true,0.016118086725617934,3123,1993,3.5572726500569751e-322,3,1,MIP
586,85.596999883651733,145.87656286386826,true,0.13224426367448755,true,0.016125243408247638,3124,1994,3.5572726500569751e-322,3,1,MIP
587,85.734999895095825,146.06032116203474,true,0.13224426367448755,true,0.016125243408247638,3126,1996,3.5572726500569751e-322,3,1,MIP
588,85.848999977111816,146.26666651812783,true,0.13224426367448755,true,0.016125243408247638,3129,1999,3.5572726500569751e-322,3,1,MIP
589,85.950000047683716,146.39857567920831,true,0.13224426367448755,true,0.016125243408247638,3132,2002,3.5572726500569751e-322,3,1,MIP
590,86.135999917984009,146.70507811863294,true,0.13224426367448755,true,0.016125243408247638,3136,2006,3.5572726500569751e-322,3,1,MIP
591,86.23799991607666,146.883640537654,true,0.13224426367448755,true,0.016125243408247638,3139,2009,3.5572726500569751e-322,3,1,MIP
592,86.352999925613403,147.07073860952795,true,0.13224426367448755,true,0.016125243408247638,3145,2015,3.5572726500569751e-322,3,1,MIP
593,86.460000038146973,147.24384804264247,true,0.13224426367448755,true,0.016125243408247638,3152,2022,3.5572726500569751e-322,3,1,MIP
594,86.727999925613403,147.75867756048112,true,0.13224426367448755,true,0.016125243408247638,3170,2032,3.5572726500569751e-322,3,1,MIP
595,86.819000005722046,147.88084176509523,true,0.13224426367448755,true,0.016125645477705602,3171,2033,3.5572726500569751e-322,3,1,MIP
596,86.93999981880188,148.12608812128954,true,0.13224426367448755,true,0.016125645477705602,3174,2036,3.5572726500569751e-322,3,1,MIP
597,87.049999952316284,148.29275958914909,true,0.13224426367448755,true,0.016125645477705602,3176,2038,3.5572726500569751e-322,3,1,MIP
598,87.158999919891357,148.4851662952594,true,0.13166870274629938,true,0.016125645477705602,3179,2037,3.6560857792252244e-322,3,1,MIP
599,87.284999847412109,148.71643671734,true,0.13166870274629938,true,0.016125645477705602,3182,2040,3.6560857792252244e-322,3,1,MIP
600,87.392999887466431,148.91785076888851,true,0.13166870274629938,true,0.016125645477705602,3185,2043,3.6560857792252244e-322,3,1,MIP
601,87.529999971389771,149.16606888478736,true,0.13166870274629938,true,0.016125645477705602,3191,2049,3.6560857792252244e-322,3,1,MIP
602,87.638000011444092,149.36645482408122,true,0.13166870274629938,true,0.016125645477705602,3199,2057,3.6560857792252244e-322,3,1,MIP
603,87.746000051498413,149.55811232595056,true,0.13166870274629938,true,0.016125645477705602,3203,2059,3.6560857792252244e-322,3,1,MIP
604,87.909999847412109,149.90177798493443,true,0.13166870274629938,true,0.016125645477705602,3209,2059,3.6560857792252244e-322,3,1,MIP
605,87.960999965667725,149.97385383046964,true,0.13166870274629938,true,0.016129996020480476,3210,2060,3.6560857792252244e-322,3,1,MIP
606,88.075999975204468,150.16518010691311,true,0.13166870274629938,true,0.016129996020480476,3212,2062,3.6560857792252244e-322,3,1,MIP
607,88.233999967575073,150.44540662684423,true,0.13166870274629938,true,0.016129996020480476,3214,2064,3.6560857792252244e-322,3,1,MIP
608,88.343999862670898,150.61942173694786,true,0.13166870274629938,true,0.016129996020480476,3218,2068,3.6560857792252244e-322,3,1,MIP
609,88.509999990463257,150.94978915569476,true,0.13166870274629938,true,0.016129996020480476,3220,2070,3.6560857792252244e-322,3,1,MIP
610,88.646999835968018,151.19733672235225,true,0.13166870274629938,true,0.016129996020480476,3223,2073,3.6560857792252244e-322,3,1,MIP
611,88.764999866485596,151.39393613009321,true,0.13166870274629938,true,0.016129996020480476,3232,2082,3.6560857792252244e-322,3,1,MIP
612,88.865000009536743,151.57100896748113,true,0.13166870274629938,true,0.016129996020480476,3247,2093,3.6560857792252244e-322,3,1,MIP
613,89.073999881744385,151.98231445330768,true,0.13166870274629938,true,0.016129996020480476,3263,2097,3.6560857792252244e-322,3,1,MIP
614,89.181999921798706,152.14805031240024,true,0.13166870274629938,true,0.016129996020480476,3265,2099,3.6560857792252244e-322,3,1,MIP
615,89.307999849319458,152.40596275859613,true,0.13166870274629938,true,0.016129996020480476,3266,2098,3.6560857792252244e-322,3,1,MIP
616,89.447999954223633,152.63040518723773,true,0.13166870274629938,true,0.016129996020480476,3269,2101,3.6560857792252244e-322,3,1,MIP
617,91.352999925613403,155.95796087510288,true,0.13166870274629938,true,0.016129996020480476,3273,2105,3.6560857792252244e-322,3,1,MIP
618,91.524999856948853,156.25665556784023,true,0.13166870274629938,true,0.016129996020480476,3276,2108,3.6560857792252244e-322,3,1,MIP
619,91.645999908447266,156.42340731682759,true,0.13166870274629938,true,0.016129996020480476,3279,2111,3.6560857792252244e-322,3,1,MIP
620,91.753999948501587,156.57957224936121,true,0.13166870274629938,true,0.016129996020480476,3282,2112,3.6560857792252244e-322,3,1,MIP
621,91.869999885559082,156.73767138989976,true,0.13166870274629938,true,0.016129996020480476,3286,2114,3.6560857792252244e-322,3,1,MIP
622,91.996000051498413,156.90673374508572,true,0.13166870274629938,true,0.016129996020480476,3289,2117,3.6560857792252244e-322,3,1,MIP
623,92.13100004196167,157.10060696662057,true,0.13166870274629938,true,0.016129996020480476,3292,2120,3.6560857792252244e-322,3,1,MIP
624,92.267999887466431,157.26841841439847,true,0.13166870274629938,true,0.016129996020480476,3296,2122,3.6560857792252244e-322,3,1,MIP
625,92.395999908447266,157.43995710701446,true,0.13166870274629938,true,0.016129996020480476,3299,2125,3.6560857792252244e-322,3,1,MIP
626,92.508999824523926,157.63023354118161,true,0.13166870274629938,true,0.016129996020480476,3307,2133,3.6560857792252244e-322,3,1,MIP
627,92.616999864578247,157.81662429509592,true,0.13166870274629938,true,0.016129996020480476,3321,2138,3.6560857792252244e-322,3,1,MIP
628,92.83899998664856,158.28420901443724,true,0.13166870274629938,true,0.016129996020480476,3324,2137,3.6560857792252244e-322,3,1,MIP
629,92.886999845504761,158.35842891978666,true,0.13166870274629938,true,0.016234565220786003,3325,2138,3.6560857792252244e-322,3,1,MIP
630,92.993000030517578,158.54120095804981,true,0.13166870274629938,true,0.016234565220786003,3327,2140,3.6560857792252244e-322,3,1,MIP
631,93.125999927520752,158.73704086587844,true,0.13166870274629938,true,0.016234565220786003,3333,2146,3.6560857792252244e-322,3,1,MIP
632,93.261999845504761,158.96851492153073,true,0.13166870274629938,true,0.016234565220786003,3336,2149,3.6560857792252244e-322,3,1,MIP
633,93.414999961853027,159.23256446873344,true,0.13166870274629938,true,0.016234565220786003,3339,2152,3.6560857792252244e-322,3,1,MIP
634,93.544999837875366,159.47821549851585,true,0.13166870274629938,true,0.016234565220786003,3343,2154,3.6560857792252244e-322,3,1,MIP
635,93.664000034332275,159.66000461189793,true,0.13166870274629938,true,0.016234565220786003,3349,2160,3.6560857792252244e-322,3,1,MIP
636,93.769999980926514,159.84934653749053,true,0.13166870274629938,true,0.016234565220786003,3358,2169,3.6560857792252244e-322,3,1,MIP
637,93.878999948501587,160.0176733884874,true,0.13166870274629938,true,0.016234565220786003,3376,2183,3.6560857792252244e-322,3,1,MIP
638,94.105000019073486,160.45051101604298,true,0.13166870274629938,true,0.016234565220786003,3394,2187,3.6560857792252244e-322,3,1,MIP
639,94.165999889373779,160.55195272085427,true,0.13166870274629938,true,0.016239237691938874,3395,2188,3.6560857792252244e-322,3,1,MIP
640,94.266999959945679,160.72210964898474,true,0.13166870274629938,true,0.016239237691938874,3398,2191,3.6560857792252244e-322,3,1,MIP
641,94.375,160.90876360281743,true,0.13166870274629938,true,0.016239237691938874,3401,2194,3.6560857792252244e-322,3,1,MIP
642,94.47599983215332,161.10486070648417,true,0.13166870274629938,true,0.016239237691938874,3404,2195,3.6560857792252244e-322,3,1,MIP
643,94.586999893188477,161.26540059315124,true,0.13166870274629938,true,0.016239237691938874,3407,2198,3.6560857792252244e-322,3,1,MIP
644,94.703999996185303,161.44612014005918,true,0.13166870274629938,true,0.016239237691938874,3411,2202,3.6560857792252244e-322,3,1,MIP
645,94.809000015258789,161.6661090628734,true,0.13166870274629938,true,0.016239237691938874,3421,2212,3.6560857792252244e-322,3,1,MIP
646,94.925999879837036,161.87267784942861,true,0.13166870274629938,true,0.016239237691938874,3433,2221,3.6560857792252244e-322,3,1,MIP
647,95.08899998664856,162.18474895590785,true,0.13166870274629938,true,0.016239237691938874,3440,2220,3.6560857792252244e-322,3,1,MIP
648,95.290999889373779,162.55854195596604,true,0.13166870274629938,true,0.016239237691938874,3442,2220,3.6560857792252244e-322,3,1,MIP
649,95.421000003814697,162.75718019456829,true,0.13166870274629938,true,0.016239237691938874,3444,2222,3.6560857792252244e-322,3,1,MIP
650,95.531999826431274,162.94389833450063,true,0.13166870274629938,true,0.016239237691938874,3447,2225,3.6560857792252244e-322,3,1,MIP
651,95.642999887466431,163.15299202200748,true,0.13166870274629938,true,0.016239237691938874,3451,2229,3.6560857792252244e-322,3,1,MIP
652,95.769000053405762,163.39298225945788,true,0.13166870274629938,true,0.016239237691938874,3455,2231,3.6560857792252244e-322,3,1,MIP
653,95.869999885559082,163.57615536396261,true,0.13166870274629938,true,0.016239237691938874,3462,2238,3.6560857792252244e-322,3,1,MIP
654,96.083999872207642,163.97595252551099,true,0.13166870274629938,true,0.016239237691938874,3471,2237,3.6560857792252244e-322,3,1,MIP
655,96.10099983215332,164.00051067406775,true,0.13166870274629938,true,0.016243476101453679,3472,2238,3.6560857792252244e-322,3,1,MIP
656,96.203999996185303,164.17341912180726,true,0.13166870274629938,true,0.016243476101453679,3475,2241,3.6560857792252244e-322,3,1,MIP
657,96.342000007629395,164.40093575417941,true,0.13166870274629938,true,0.016243476101453679,3478,2242,3.6560857792252244e-322,3,1,MIP
658,96.444000005722046,164.58338838796266,true,0.13166870274629938,true,0.016243476101453679,3482,2246,3.6560857792252244e-322,3,1,MIP
659,96.599999904632568,164.819012489633,true,0.13166870274629938,true,0.016243476101453679,3486,2250,3.6560857792252244e-322,3,1,MIP
660,96.738999843597412,165.07184414773189,true,0.13166870274629938,true,0.016243476101453679,3499,2261,3.6560857792252244e-322,3,1,MIP
661,96.83899998664856,165.25788102919498,true,0.13166870274629938,true,0.016243476101453679,3527,2268,3.6560857792252244e-322,3,1,MIP
662,97.046000003814697,165.69806993993356,true,0.13166870274629938,true,0.016243476101453679,3529,2268,3.6560857792252244e-322,3,1,MIP
663,97.122999906539917,165.82381478943626,true,0.13166870274629938,true,0.016448721093690007,3530,2269,3.6560857792252244e-322,3,1,MIP
664,97.266999959945679,166.05010038169672,true,0.13166870274629938,true,0.016448721093690007,3532,2271,3.6560857792252244e-322,3,1,MIP
665,97.378999948501587,166.22448209338913,true,0.13166870274629938,true,0.016448721093690007,3535,2274,3.6560857792252244e-322,3,1,MIP
666,97.503000020980835,166.45557639107381,true,0.13166870274629938,true,0.016448721093690007,3541,2280,3.6560857792252244e-322,3,1,MIP
667,97.603999853134155,166.61905205519926,true,0.13166870274629938,true,0.016448721093690007,3547,2286,3.6560857792252244e-322,3,1,MIP
668,97.720000028610229,166.80941911357908,true,0.13166870274629938,true,0.016448721093690007,3556,2295,3.6560857792252244e-322,3,1,MIP
669,97.836999893188477,167.00837120359867,true,0.13166870274629938,true,0.016448721093690007,3563,2302,3.6560857792252244e-322,3,1,MIP
670,97.942999839782715,167.18079349058439,true,0.13166870274629938,true,0.016448721093690007,3575,2304,3.6560857792252244e-322,3,1,MIP
671,98.11899995803833,167.5178449364881,true,0.13166870274629938,true,0.016448721093690007,3578,2303,3.6560857792252244e-322,3,1,MIP
672,98.184999942779541,167.62433390597428,true,0.13166870274629938,true,0.016490503406879038,3579,2304,3.6560857792252244e-322,3,1,MIP
673,98.333999872207642,167.87160176367999,true,0.13166870274629938,true,0.016490503406879038,3582,2307,3.6560857792252244e-322,3,1,MIP
674,98.464999914169312,168.07970580650965,true,0.13166870274629938,true,0.016490503406879038,3587,2312,3.6560857792252244e-322,3,1,MIP
675,98.595000028610229,168.30148019849076,true,0.13166870274629938,true,0.016490503406879038,3592,2317,3.6560857792252244e-322,3,1,MIP
676,98.697999954223633,168.44951427194195,true,0.13166870274629938,true,0.016490503406879038,3598,2323,3.6560857792252244e-322,3,1,MIP
677,98.809999942779541,168.61842439988067,true,0.13166870274629938,true,0.016490503406879038,3604,2329,3.6560857792252244e-322,3,1,MIP
678,98.930999994277954,168.79133565819043,true,0.13166870274629938,true,0.016490503406879038,3626,2351,3.6560857792252244e-322,3,1,MIP
679,99.230000019073486,169.35223011425344,true,0.13166870274629938,true,0.016490503406879038,3656,2363,3.6560857792252244e-322,3,1,MIP
680,99.280999898910522,169.43704045698905,true,0.13166870274629938,true,0.016603982371621716,3657,2364,3.6560857792252244e-322,3,1,MIP
681,99.394000053405762,169.65953271550478,true,0.13166870274629938,true,0.016603982371621716,3663,2370,3.6560857792252244e-322,3,1,MIP
682,99.497999906539917,169.86130368993631,true,0.13166870274629938,true,0.016603982371621716,3667,2374,3.6560857792252244e-322,3,1,MIP
683,99.613999843597412,170.08967817674011,true,0.13166870274629938,true,0.016603982371621716,3673,2380,3.6560857792252244e-322,3,1,MIP
684,99.71399998664856,170.27957403001932,true,0.13166870274629938,true,0.016603982371621716,3686,2393,3.6560857792252244e-322,3,1,MIP
685,99.816999912261963,170.47050724383811,true,0.13166870274629938,true,0.016603982371621716,3699,2403,3.6560857792252244e-322,3,1,MIP
686,100.0699999332428,171.00689506277936,true,0.13166870274629938,true,0.016603982371621716,3708,2404,3.6560857792252244e-322,3,1,MIP
687,100.18099999427795,171.22578529056821,true,0.13166870274629938,true,0.016603982371621716,3711,2407,3.6560857792252244e-322,3,1,MIP
688,100.28999996185303,171.43442013608808,true,0.13166870274629938,true,0.016603982371621716,3715,2411,3.6560857792252244e-322,3,1,MIP
689,100.40100002288818,171.6337621421084,true,0.13166870274629938,true,0.016603982371621716,3720,2416,3.6560857792252244e-322,3,1,MIP
690,100.50399994850159,171.84345717288264,true,0.13166870274629938,true,0.016603982371621716,3731,2427,3.6560857792252244e-322,3,1,MIP
691,100.60800004005432,172.0427574258251,true,0.13166870274629938,true,0.016603982371621716,3742,2438,3.6560857792252244e-322,3,1,MIP
692,100.71000003814697,172.23643344783315,true,0.13166870274629938,true,0.016603982371621716,3757,2451,3.6560857792252244e-322,3,1,MIP
693,100.97499990463257,172.80005042551477,true,0.13166870274629938,true,0.016603982371621716,3769,2449,3.6560857792252244e-322,3,1,MIP
694,101.01099991798401,172.87277882149664,true,0.13166870274629938,true,0.016796093316902169,3770,2450,3.6560857792252244e-322,3,1,MIP
695,101.22099995613098,173.27524280554618,true,0.13166870274629938,true,0.016796093316902169,3774,2452,3.6560857792252244e-322,3,1,MIP
696,101.34500002861023,173.50535302360203,true,0.13166870274629938,true,0.016796093316902169,3779,2457,3.6560857792252244e-322,3,1,MIP
697,101.49300003051758,173.78944747337272,true,0.13166870274629938,true,0.016796093316902169,3784,2462,3.6560857792252244e-322,3,1,MIP
698,101.61999988555908,174.06081754331424,true,0.13166870274629938,true,0.016796093316902169,3793,2471,3.6560857792252244e-322,3,1,MIP
699,101.73000001907349,174.28949679704954,true,0.13166870274629938,true,0.016796093316902169,3801,2479,3.6560857792252244e-322,3,1,MIP
700,101.83899998664856,174.52414351536063,true,0.13166870274629938,true,0.016796093316902169,3806,2482,3.6560857792252244e-322,3,1,MIP
701,102.05499982833862,174.96699703397016,true,0.13166870274629938,true,0.016796093316902169,3820,2484,3.6560857792252244e-322,3,1,MIP
702,102.15999984741211,175.1758710538771,true,0.13166870274629938,true,0.016796093316902169,3822,2486,3.6560857792252244e-322,3,1,MIP
703,102.25999999046326,175.37216627918815,true,0.13166870274629938,true,0.016796093316902169,3826,2490,3.6560857792252244e-322,3,1,MIP
704,102.39299988746643,175.6137987921293,true,0.13166870274629938,true,0.016796093316902169,3831,2495,3.6560857792252244e-322,3,1,MIP
705,102.49600005149841,175.81829497021985,true,0.13166870274629938,true,0.016796093316902169,3844,2508,3.6560857792252244e-322,3,1,MIP
706,102.71099996566772,176.25243430295734,true,0.13166870274629938,true,0.016796093316902169,3855,2509,3.6560857792252244e-322,3,1,MIP
707,102.74799990653992,176.32282254867852,true,0.13166870274629938,true,0.01690192548196285,3856,2510,3.6560857792252244e-322,3,1,MIP
708,102.84800004959106,176.49934354546423,true,0.13166870274629938,true,0.01690192548196285,3863,2517,3.6560857792252244e-322,3,1,MIP
709,102.94899988174438,176.70645577052076,true,0.13166870274629938,true,0.01690192548196285,3873,2527,3.6560857792252244e-322,3,1,MIP
710,103.16100001335144,177.15845493990543,true,0.13166870274629938,true,0.01690192548196285,3904,2550,3.6560857792252244e-322,3,1,MIP
711,103.29499983787537,177.42797848429657,true,0.13166870274629938,true,0.01690192548196285,3906,2552,3.6560857792252244e-322,3,1,MIP
712,103.3989999294281,177.63117348221692,true,0.13166870274629938,true,0.01690192548196285,3909,2555,3.6560857792252244e-322,3,1,MIP
713,103.56299996376038,177.98274265074016,true,0.13166870274629938,true,0.01690192548196285,3915,2561,3.6560857792252244e-322,3,1,MIP
714,103.67599987983704,178.20365714843228,true,0.13166870274629938,true,0.01690192548196285,3922,2568,3.6560857792252244e-322,3,1,MIP
715,103.82699990272522,178.50785681107229,true,0.13166870274629938,true,0.01690192548196285,3930,2574,3.6560857792252244e-322,3,1,MIP
716,103.96099996566772,178.77944747528807,true,0.13166870274629938,true,0.01690192548196285,3933,2575,3.6560857792252244e-322,3,1,MIP
717,104.07699990272522,179.01909484904789,true,0.13166870274629938,true,0.01690192548196285,3937,2579,3.6560857792252244e-322,3,1,MIP
718,104.18999981880188,179.24127694984699,true,0.13166870274629938,true,0.01690192548196285,3941,2583,3.6560857792252244e-322,3,1,MIP
719,104.30799984931946,179.48345946510204,true,0.13166870274629938,true,0.01690192548196285,3946,2588,3.6560857792252244e-322,3,1,MIP
720,104.41899991035461,179.70696966305215,true,0.13166870274629938,true,0.01690192548196285,3953,2595,3.6560857792252244e-322,3,1,MIP
721,104.51900005340576,179.90433233090616,true,0.13166870274629938,true,0.01690192548196285,3970,2611,3.6560857792252244e-322,3,1,MIP
722,104.61999988555908,180.11203109111145,true,0.13166870274629938,true,0.01690192548196285,3977,2618,3.6560857792252244e-322,3,1,MIP
723,104.72399997711182,180.28906973324709,true,0.13166870274629938,true,0.01690192548196285,3989,2627,3.6560857792252244e-322,3,1,MIP
724,104.89400005340576,180.65721139551144,true,0.13166870274629938,true,0.01690192548196285,3996,2627,3.6560857792252244e-322,3,1,MIP
725,104.92899990081787,180.72041170445181,true,0.13166870274629938,true,0.016953222253235242,3997,2628,3.6560857792252244e-322,3,1,MIP
726,105.04399991035461,180.93477735331791,true,0.13166870274629938,true,0.016953222253235242,4000,2631,3.6560857792252244e-322,3,1,MIP
727,105.22199988365173,181.31565908424005,true,0.13166870274629938,true,0.016953222253235242,4002,2633,3.6560857792252244e-322,3,1,MIP
728,105.34800004959106,181.55427172697884,true,0.13166870274629938,true,0.016953222253235242,4005,2636,3.6560857792252244e-322,3,1,MIP
729,105.46099996566772,181.76836163550422,true,0.13166870274629938,true,0.016953222253235242,4010,2639,3.6560857792252244e-322,3,1,MIP
730,105.70199990272522,182.27061608527094,true,0.13166870274629938,true,0.016953222253235242,4012,2639,3.6560857792252244e-322,3,1,MIP
731,105.8199999332428,182.4955371486069,true,0.13166870274629938,true,0.016953222253235242,4018,2643,3.6560857792252244e-322,3,1,MIP
732,105.92999982833862,182.72975909404943,true,0.13166870274629938,true,0.016953222253235242,4026,2649,3.6560857792252244e-322,3,1,MIP
733,106.04099988937378,182.95823642882237,true,0.13166870274629938,true,0.016953222253235242,4034,2655,3.6560857792252244e-322,3,1,MIP
734,106.14999985694885,183.1904711928122,true,0.13166870274629938,true,0.016953222253235242,4043,2654,3.6560857792252244e-322,3,1,MIP
735,106.30599999427795,183.51768613199837,true,0.13166870274629938,true,0.016953222253235242,4049,2653,3.6560857792252244e-322,3,1,MIP
736,106.33500003814697,183.5613490934484,true,0.13166870274629938,true,0.016959084760498556,4050,2654,3.6560857792252244e-322,3,1,MIP
737,106.43799996376038,183.75689363272934,true,0.13166870274629938,true,0.016959084760498556,4055,2659,3.6560857792252244e-322,3,1,MIP
738,106.54399991035461,183.93495232928547,true,0.13166870274629938,true,0.016959084760498556,4064,2668,3.6560857792252244e-322,3,1,MIP
739,106.65699982643127,184.13884285541394,true,0.13166870274629938,true,0.016959084760498556,4071,2675,3.6560857792252244e-322,3,1,MIP
740,106.76300001144409,184.32247941421465,true,0.13166870274629938,true,0.016959084760498556,4089,2685,3.6560857792252244e-322,3,1,MIP
741,106.96199989318848,184.76110107888914,true,0.13166870274629938,true,0.017125208817045656,4104,2684,3.6560857792252244e-322,3,1,MIP
742,107.08399987220764,185.01292134960926,true,0.13166870274629938,true,0.017125208817045656,4105,2685,3.6560857792252244e-322,3,1,MIP
743,107.19299983978271,185.2559386590726,true,0.13166870274629938,true,0.017125208817045656,4107,2687,3.6560857792252244e-322,3,1,MIP
744,107.37899994850159,185.65564828949911,true,0.13166870274629938,true,0.017125208817045656,4111,2685,3.6560857792252244e-322,3,1,MIP
745,107.50099992752075,185.92499825799263,true,0.13166870274629938,true,0.017125208817045656,4114,2684,3.6560857792252244e-322,3,1,MIP
746,107.61999988555908,186.17389755677303,true,0.13166870274629938,true,0.017162661312313171,4116,2686,3.6560857792252244e-322,3,1,MIP
747,107.73799991607666,186.39545403062758,true,0.13166870274629938,true,0.017162661312313171,4119,2689,3.6560857792252244e-322,3,1,MIP
748,107.84099984169006,186.58387005827322,true,0.13166870274629938,true,0.017162661312313171,4123,2693,3.6560857792252244e-322,3,1,MIP
749,107.94199991226196,186.78036683237562,true,0.13166870274629938,true,0.017162661312313171,4129,2699,3.6560857792252244e-322,3,1,MIP
750,108.07500004768372,187.07058580262796,true,0.13166870274629938,true,0.017162661312313171,4133,2703,3.6560857792252244e-322,3,1,MIP
751,108.18299984931946,187.28740616249453,true,0.13166870274629938,true,0.017162661312313171,4137,2707,3.6560857792252244e-322,3,1,MIP
752,108.29499983787537,187.52377340114722,true,0.13166870274629938,true,0.017162661312313171,4150,2706,3.6560857792252244e-322,3,1,MIP
753,108.43799996376038,187.83705792085291,true,0.13166870274629938,true,0.017162661312313171,4151,2707,3.6560857792252244e-322,3,1,MIP
754,108.48000001907349,187.91580122170706,true,0.13166870274629938,true,0.017177614212115146,4152,2708,3.6560857792252244e-322,3,1,MIP
755,108.67499995231628,188.34023556155313,true,0.13166870274629938,true,0.017177614212115146,4154,2708,3.6560857792252244e-322,3,1,MIP
756,108.78199982643127,188.53892250849196,true,0.13166870274629938,true,0.017177614212115146,4159,2713,3.6560857792252244e-322,3,1,MIP
757,108.91199994087219,188.81211241231122,true,0.13166870274629938,true,0.017177614212115146,4164,2718,3.6560857792252244e-322,3,1,MIP
758,109.02900004386902,189.05600737065095,true,0.13166870274629938,true,0.017177614212115146,4170,2724,3.6560857792252244e-322,3,1,MIP
759,109.12999987602234,189.24683819568239,true,0.13166870274629938,true,0.017177614212115146,4184,2738,3.6560857792252244e-322,3,1,MIP
760,109.23000001907349,189.4605227405109,true,0.13166870274629938,true,0.017177614212115146,4196,2748,3.6560857792252244e-322,3,1,MIP
761,109.33399987220764,189.6536275995046,true,0.13166870274629938,true,0.017177614212115146,4206,2752,3.6560857792252244e-322,3,1,MIP
762,109.52300000190735,190.0353326517062,true,0.13166870274629938,true,0.017177614212115146,4221,2755,3.6560857792252244e-322,3,1,MIP
763,109.63800001144409,190.24543156641604,true,0.13166870274629938,true,0.017177614212115146,4226,2760,3.6560857792252244e-322,3,1,MIP
764,109.74399995803833,190.461281257595,true,0.13166870274629938,true,0.017177614212115146,4231,2765,3.6560857792252244e-322,3,1,MIP
765,109.84500002861023,190.65545879298622,true,0.13166870274629938,true,0.017177614212115146,4246,2778,3.6560857792252244e-322,3,1,MIP
766,109.94599986076355,190.8528436508625,true,0.13166870274629938,true,0.017177614212115146,4270,2801,3.6560857792252244e-322,3,1,MIP
767,110.06900000572205,191.12996691698248,true,0.13166870274629938,true,0.017177614212115146,4274,2799,3.6560857792252244e-322,3,1,MIP
768,110.08999991416931,191.1737078378911,true,0.13166870274629938,true,0.017182994830324923,4275,2800,3.6560857792252244e-322,3,1,MIP
769,110.1949999332428,191.39457057738727,true,0.13166870274629938,true,0.017182994830324923,4281,2806,3.6560857792252244e-322,3,1,MIP
770,110.32299995422363,191.63315437652369,true,0.13166870274629938,true,0.017182994830324923,4283,2806,3.6560857792252244e-322,3,1,MIP
771,110.43099999427795,191.85861854450422,true,0.13166870274629938,true,0.017182994830324923,4289,2812,3.6560857792252244e-322,3,1,MIP
772,110.53699994087219,192.09584668336046,true,0.13166870274629938,true,0.017182994830324923,4297,2820,3.6560857792252244e-322,3,1,MIP
773,110.65299987792969,192.33146235404479,true,0.13166870274629938,true,0.017182994830324923,4299,2820,3.6560857792252244e-322,3,1,MIP
774,110.75300002098083,192.52501657371909,true,0.13166870274629938,true,0.017182994830324923,4304,2821,3.6560857792252244e-322,3,1,MIP
775,110.86099982261658,192.73946465468168,true,0.13166870274629938,true,0.017182994830324923,4308,2825,3.6560857792252244e-322,3,1,MIP
776,111.03099989891052,193.11430846849169,true,0.13166870274629938,true,0.017182994830324923,4316,2826,3.6560857792252244e-322,3,1,MIP
777,111.0939998626709,193.23466587271426,true,0.13166870274629938,true,0.017280689366265787,4317,2827,3.6560857792252244e-322,3,1,MIP
778,111.21000003814697,193.45163352141202,true,0.13166870274629938,true,0.017280689366265787,4322,2832,3.6560857792252244e-322,3,1,MIP
779,111.31499981880188,193.66074043578263,true,0.13166870274629938,true,0.017280689366265787,4326,2836,3.6560857792252244e-322,3,1,MIP
780,111.41799998283386,193.85487429890512,true,0.13166870274629938,true,0.017280689366265787,4333,2841,3.6560857792252244e-322,3,1,MIP
781,111.6269998550415,194.31745981566439,true,0.13166870274629938,true,0.017280689366265787,4347,2845,3.6560857792252244e-322,3,1,MIP
782,111.68599987030029,194.43311678728742,true,0.13166870274629938,true,0.017283413478498339,4348,2846,3.6560857792252244e-322,3,1,MIP
783,111.7960000038147,194.65400757150846,true,0.13166870274629938,true,0.017283413478498339,4353,2851,3.6560857792252244e-322,3,1,MIP
784,111.8989999294281,194.86155380313676,true,0.13166870274629938,true,0.017283413478498339,4357,2855,3.6560857792252244e-322,3,1,MIP
785,112.00899982452393,195.10199161663502,true,0.13166870274629938,true,0.017283413478498339,4366,2864,3.6560857792252244e-322,3,1,MIP
786,112.11299991607666,195.3114082149832,true,0.13166870274629938,true,0.017283413478498339,4382,2876,3.6560857792252244e-322,3,1,MIP
787,112.22399997711182,195.55390776132353,true,0.13166870274629938,true,0.017283413478498339,4390,2875,3.6560857792252244e-322,3,1,MIP
788,112.2649998664856,195.63299615829646,true,0.13166870274629938,true,0.017498491840029148,4391,2876,3.6560857792252244e-322,3,1,MIP
789,112.39100003242493,195.89104079127355,true,0.13166870274629938,true,0.017498491840029148,4397,2880,3.6560857792252244e-322,3,1,MIP
790,112.49600005149841,196.10891979782608,true,0.13166870274629938,true,0.017498491840029148,4403,2886,3.6560857792252244e-322,3,1,MIP
791,112.60500001907349,196.32089597404416,true,0.13166870274629938,true,0.017498491840029148,4409,2892,3.6560857792252244e-322,3,1,MIP
792,112.71799993515015,196.53454905106304,true,0.13166870274629938,true,0.017498491840029148,4424,2907,3.6560857792252244e-322,3,1,MIP
793,112.90299987792969,196.91679559370334,true,0.13166870274629938,true,0.017498491840029148,4445,2917,3.6560857792252244e-322,3,1,MIP
794,113.01999998092651,197.16247424067453,true,0.13166870274629938,true,0.017498491840029148,4447,2919,3.6560857792252244e-322,3,1,MIP
795,113.13100004196167,197.39624457383263,true,0.13166870274629938,true,0.017498491840029148,4451,2923,3.6560857792252244e-322,3,1,MIP
796,113.2519998550415,197.64557355250517,true,0.13166870274629938,true,0.017498491840029148,4456,2928,3.6560857792252244e-322,3,1,MIP
797,113.37199997901917,197.87938178795511,true,0.13166870274629938,true,0.017498491840029148,4468,2940,3.6560857792252244e-322,3,1,MIP
798,113.49399995803833,198.10706350217833,true,0.13166870274629938,true,0.017498491840029148,4492,2960,3.6560857792252244e-322,3,1,MIP
799,113.71099996566772,198.56883657647111,true,0.13166870274629938,true,0.017498491840029148,4496,2958,3.6560857792252244e-322,3,1,MIP
800,113.75399994850159,198.65829463376423,true,0.13166870274629938,true,0.01754797997743068,4497,2959,3.6560857792252244e-322,3,1,MIP
801,113.86399984359741,198.86698195803669,true,0.13166870274629938,true,0.01754797997743068,4503,2965,3.6560857792252244e-322,3,1,MIP
802,113.96499991416931,199.08142515344733,true,0.13166870274629938,true,0.01754797997743068,4506,2968,3.6560857792252244e-322,3,1,MIP
803,114.08699989318848,199.33161193991367,true,0.13166870274629938,true,0.01754797997743068,4518,2980,3.6560857792252244e-322,3,1,MIP
804,114.19700002670288,199.54065662612393,true,0.13166870274629938,true,0.01754797997743068,4530,2984,3.6560857792252244e-322,3,1,MIP
805,114.35599994659424,199.87190968530982,true,0.13166870274629938,true,0.01754797997743068,4531,2985,3.6560857792252244e-322,3,1,MIP
806,114.40100002288818,199.96123937099745,true,0.13166870274629938,true,0.017622416505358066,4532,2986,3.6560857792252244e-322,3,1,MIP
807,114.50899982452393,200.18752399876095,true,0.13166870274629938,true,0.017622416505358066,4535,2989,3.6560857792252244e-322,3,1,MIP
808,114.61999988555908,200.41087181516153,true,0.13166870274629938,true,0.017622416505358066,4540,2994,3.6560857792252244e-322,3,1,MIP
809,114.78099989891052,200.75916111710305,true,0.13166870274629938,true,0.017622416505358066,4548,3000,3.6560857792252244e-322,3,1,MIP
810,114.89800000190735,201.01864313958521,true,0.13166870274629938,true,0.017622416505358066,4555,3003,3.6560857792252244e-322,3,1,MIP
811,115.00899982452393,201.25613860891806,true,0.13166870274629938,true,0.017622416505358066,4566,3006,3.6560857792252244e-322,3,1,MIP
812,115.10999989509583,201.45938388660568,true,0.13166870274629938,true,0.017622416505358066,4576,3006,3.6560857792252244e-322,3,1,MIP
813,115.26799988746643,201.80640707058697,true,0.13166870274629938,true,0.017622416505358066,4582,3005,3.6560857792252244e-322,3,1,MIP
814,115.32999992370605,201.9234795879693,true,0.13166870274629938,true,0.017624411567511253,4583,3006,3.6560857792252244e-322,3,1,MIP
815,115.44299983978271,202.13792177623071,true,0.13166870274629938,true,0.017624411567511253,4589,3012,3.6560857792252244e-322,3,1,MIP
816,115.5460000038147,202.34266883318881,true,0.13166870274629938,true,0.017624411567511253,4599,3020,3.6560857792252244e-322,3,1,MIP
817,115.64800000190735,202.52339549881762,true,0.13166870274629938,true,0.017624411567511253,4611,3030,3.6560857792252244e-322,3,1,MIP
818,115.84200000762939,202.8987741442445,true,0.13166870274629938,true,0.017624411567511253,4637,3037,3.6560857792252244e-322,3,1,MIP
819,115.86999988555908,202.95118360750519,true,0.13166870274629938,true,0.017624592443831247,4638,3038,3.6560857792252244e-322,3,1,MIP
820,115.97099995613098,203.14131596699454,true,0.13166870274629938,true,0.017624592443831247,4643,3043,3.6560857792252244e-322,3,1,MIP
821,116.08500003814697,203.35560981984599,true,0.13166870274629938,true,0.017624592443831247,4653,3053,3.6560857792252244e-322,3,1,MIP
822,116.28799986839294,203.76031747066133,true,0.13166870274629938,true,0.017624592443831247,4688,3079,3.6560857792252244e-322,3,1,MIP
823,116.31299996376038,203.80453679162531,true,0.13166870274629938,true,0.01762499135677547,4689,3080,3.6560857792252244e-322,3,1,MIP
824,116.43099999427795,204.03230634566174,true,0.13166870274629938,true,0.01762499135677547,4694,3085,3.6560857792252244e-322,3,1,MIP
825,116.54699993133545,204.27292706362752,true,0.13166870274629938,true,0.01762499135677547,4699,3090,3.6560857792252244e-322,3,1,MIP
826,116.65799999237061,204.49520800450821,true,0.13166870274629938,true,0.01762499135677547,4707,3098,3.6560857792252244e-322,3,1,MIP
827,116.75999999046326,204.71430077814807,true,0.13166870274629938,true,0.01762499135677547,4714,3105,3.6560857792252244e-322,3,1,MIP
828,116.87399983406067,204.9307361398113,true,0.13166870274629938,true,0.01762499135677547,4723,3112,3.6560857792252244e-322,3,1,MIP
829,116.98300004005432,205.15427450304219,true,0.13166870274629938,true,0.01762499135677547,4733,3111,3.6560857792252244e-322,3,1,MIP
830,117.13399982452393,205.46868863085854,true,0.13166870274629938,true,0.01762499135677547,4735,3111,3.6560857792252244e-322,3,1,MIP
831,117.16199994087219,205.51540533955892,true,0.13166870274629938,true,0.017724795480440089,4736,3112,3.6560857792252244e-322,3,1,MIP
832,117.34500002861023,205.88086838011625,true,0.13166870274629938,true,0.017724795480440089,4739,3115,3.6560857792252244e-322,3,1,MIP
833,117.45899987220764,206.10926129809235,true,0.13166870274629938,true,0.017724795480440089,4745,3121,3.6560857792252244e-322,3,1,MIP
834,117.6029999256134,206.41545049873426,true,0.13166870274629938,true,0.017724795480440089,4750,3126,3.6560857792252244e-322,3,1,MIP
835,117.72699999809265,206.67473720104067,true,0.13166870274629938,true,0.017724795480440089,4753,3125,3.6560857792252244e-322,3,1,MIP
836,117.85099983215332,206.90713686741083,true,0.13166870274629938,true,0.017724795480440089,4758,3130,3.6560857792252244e-322,3,1,MIP
837,117.9539999961853,207.11574428516869,true,0.13166870274629938,true,0.017724795480440089,4764,3136,3.6560857792252244e-322,3,1,MIP
838,118.05699992179871,207.29878908396455,true,0.13166870274629938,true,0.017724795480440089,4771,3141,3.6560857792252244e-322,3,1,MIP
839,118.27099990844727,207.74297853908664,true,0.13166870274629938,true,0.017724795480440089,4783,3141,3.6560857792252244e-322,3,1,MIP
840,118.2979998588562,207.79195848325136,true,0.13166870274629938,true,0.017787764542370743,4784,3142,3.6560857792252244e-322,3,1,MIP
841,118.42899990081787,208.06406618913422,true,0.13166870274629938,true,0.017787764542370743,4788,3144,3.6560857792252244e-322,3,1,MIP
842,118.59200000762939,208.424941496245,true,0.13166870274629938,true,0.017787764542370743,4791,3147,3.6560857792252244e-322,3,1,MIP
843,118.70199990272522,208.65674277358147,true,0.13166870274629938,true,0.017787764542370743,4792,3146,3.6560857792252244e-322,3,1,MIP
844,118.82299995422363,208.93101066337269,true,0.13166870274629938,true,0.017787764542370743,4794,3144,3.6560857792252244e-322,3,1,MIP
845,118.94700002670288,209.17974195488907,true,0.13166870274629938,true,0.017787764542370743,4799,3147,3.6560857792252244e-322,3,1,MIP
846,119.08399987220764,209.43600816852336,true,0.13166870274629938,true,0.017787764542370743,4803,3151,3.6560857792252244e-322,3,1,MIP
847,119.20299983024597,209.64033285002839,true,0.13166870274629938,true,0.017787764542370743,4808,3156,3.6560857792252244e-322,3,1,MIP
848,119.35500001907349,209.94727608352045,true,0.13166870274629938,true,0.017787764542370743,4813,3161,3.6560857792252244e-322,3,1,MIP
849,119.46399998664856,210.15415620758145,true,0.13166870274629938,true,0.017787764542370743,4818,3166,3.6560857792252244e-322,3,1,MIP
850,119.58099985122681,210.37142710061468,true,0.13166870274629938,true,0.017787764542370743,4825,3173,3.6560857792252244e-322,3,1,MIP
851,119.68700003623962,210.56396419395068,true,0.13166870274629938,true,0.017787764542370743,4829,3177,3.6560857792252244e-322,3,1,MIP
852,119.88100004196167,210.94747920378819,true,0.13166870274629938,true,0.017787764542370743,4848,3180,3.6560857792252244e-322,3,1,MIP
853,119.91699981689453,211.02083204638706,true,0.13166870274629938,true,0.017791730558323973,4849,3181,3.6560857792252244e-322,3,1,MIP
854,120.01699995994568,211.21339982802337,true,0.13166870274629938,true,0.017791730558323973,4852,3184,3.6560857792252244e-322,3,1,MIP
855,120.12599992752075,211.40895018407244,true,0.13166870274629938,true,0.017791730558323973,4857,3189,3.6560857792252244e-322,3,1,MIP
856,120.24000000953674,211.63240642031323,true,0.13166870274629938,true,0.017791730558323973,4860,3192,3.6560857792252244e-322,3,1,MIP
857,120.34699988365173,211.83848603216151,true,0.13166870274629938,true,0.017791730558323973,4874,3206,3.6560857792252244e-322,3,1,MIP
858,120.44799995422363,211.99960027783624,true,0.13166870274629938,true,0.017791730558323973,4897,3229,3.6560857792252244e-322,3,1,MIP
859,120.65400004386902,212.42691094431677,true,0.13166870274629938,true,0.017791730558323973,4928,3235,3.6560857792252244e-322,3,1,MIP
860,120.69400000572205,212.50719598904527,true,0.13166870274629938,true,0.017811309412580946,4929,3236,3.6560857792252244e-322,3,1,MIP
861,120.80900001525879,212.73788838735709,true,0.13166870274629938,true,0.017811309412580946,4932,3239,3.6560857792252244e-322,3,1,MIP
862,120.91599988937378,212.9536588043625,true,0.13166870274629938,true,0.017811309412580946,4941,3248,3.6560857792252244e-322,3,1,MIP
863,121.02699995040894,213.18334561703927,true,0.13166870274629938,true,0.017811309412580946,4948,3255,3.6560857792252244e-322,3,1,MIP
864,121.25399994850159,213.64473106970505,true,0.13166870274629938,true,0.017811309412580946,5001,3294,3.6560857792252244e-322,3,1,MIP
865,121.27099990844727,213.67098229920668,true,0.13166870274629938,true,0.017895703525699452,5002,3295,3.6560857792252244e-322,3,1,MIP
866,121.37399983406067,213.88926600129491,true,0.13166870274629938,true,0.017895703525699452,5008,3301,3.6560857792252244e-322,3,1,MIP
867,121.50499987602234,214.15815911505049,true,0.13166870274629938,true,0.017895703525699452,5012,3305,3.6560857792252244e-322,3,1,MIP
868,121.60699987411499,214.37799527218831,true,0.13166870274629938,true,0.017895703525699452,5019,3312,3.6560857792252244e-322,3,1,MIP
869,121.7279999256134,214.62677199083899,true,0.13166870274629938,true,0.017895703525699452,5029,3314,3.6560857792252244e-322,3,1,MIP
870,121.75899982452393,214.68520360660193,true,0.13166870274629938,true,0.017900695806133293,5030,3315,3.6560857792252244e-322,3,1,MIP
871,121.85999989509583,214.88808287764058,true,0.13166870274629938,true,0.017900695806133293,5035,3320,3.6560857792252244e-322,3,1,MIP
872,121.98300004005432,215.12965666905413,true,0.13166870274629938,true,0.017900695806133293,5041,3326,3.6560857792252244e-322,3,1,MIP
873,122.10800004005432,215.3799521891161,true,0.13166870274629938,true,0.017900695806133293,5048,3329,3.6560857792252244e-322,3,1,MIP
874,122.26799988746643,215.72236636568829,true,0.13166870274629938,true,0.017900695806133293,5055,3328,3.6560857792252244e-322,3,1,MIP
875,122.28799986839294,215.75484253167221,true,0.13166870274629938,true,0.017921577850034256,5056,3329,3.6560857792252244e-322,3,1,MIP
876,122.39499998092651,215.95426887176419,true,0.13166870274629938,true,0.017921577850034256,5062,3335,3.6560857792252244e-322,3,1,MIP
877,122.58599996566772,216.3536983094304,true,0.13166870274629938,true,0.017921577850034256,5078,3343,3.6560857792252244e-322,3,1,MIP
878,122.60099983215332,216.37683880496201,true,0.13166870274629938,true,0.017926792855721178,5079,3344,3.6560857792252244e-322,3,1,MIP
879,122.70299983024597,216.57171888283324,true,0.13166870274629938,true,0.017926792855721178,5084,3349,3.6560857792252244e-322,3,1,MIP
880,122.81399989128113,216.80081924865098,true,0.13166870274629938,true,0.017926792855721178,5091,3356,3.6560857792252244e-322,3,1,MIP
881,123.39499998092651,217.91742250098315,true,0.13166870274629938,true,0.017926792855721178,5101,3357,3.6560857792252244e-322,3,1,MIP
882,123.57500004768372,218.26884642471526,true,0.13166870274629938,true,0.017926792855721178,5114,3359,3.6560857792252244e-322,3,1,MIP
883,123.61399984359741,218.33594197686605,true,0.13166870274629938,true,0.017970502532683473,5115,3360,3.6560857792252244e-322,3,1,MIP
884,123.72099995613098,218.54462767332302,true,0.13166870274629938,true,0.017970502532683473,5119,3364,3.6560857792252244e-322,3,1,MIP
885,123.82500004768372,218.76033334079071,true,0.13166870274629938,true,0.017970502532683473,5126,3371,3.6560857792252244e-322,3,1,MIP
886,123.92599987983704,218.97088893384245,true,0.13166870274629938,true,0.017970502532683473,5138,3383,3.6560857792252244e-322,3,1,MIP
887,124.10899996757507,219.34635337527811,true,0.13166870274629938,true,0.017970502532683473,5151,3388,3.6560857792252244e-322,3,1,MIP
888,124.15199995040894,219.4273338591569,true,0.13166870274629938,true,0.018021955355916087,5152,3389,3.6560857792252244e-322,3,1,MIP
889,124.31900000572205,219.77419521214594,true,0.13166870274629938,true,0.018021955355916087,5156,3391,3.6560857792252244e-322,3,1,MIP
890,124.48000001907349,220.10409595048981,true,0.13166870274629938,true,0.018021955355916087,5159,3394,3.6560857792252244e-322,3,1,MIP
891,124.7739999294281,220.7511033980997,true,0.13166870274629938,true,0.018021955355916087,5161,3394,3.6560857792252244e-322,3,1,MIP
892,124.88599991798401,220.99930878036534,true,0.13166870274629938,true,0.018021955355916087,5162,3395,3.6560857792252244e-322,3,1,MIP
893,125.00499987602234,221.2177607349463,true,0.13166870274629938,true,0.018021955355916087,5167,3398,3.6560857792252244e-322,3,1,MIP
894,125.12999987602234,221.49278880308933,true,0.13166870274629938,true,0.018021955355916087,5170,3401,3.6560857792252244e-322,3,1,MIP
895,125.25899982452393,221.77914364815589,true,0.13166870274629938,true,0.018021955355916087,5173,3404,3.6560857792252244e-322,3,1,MIP
896,125.46299982070923,222.19691754457673,true,0.13166870274629938,true,0.018021955355916087,5178,3407,3.6560857792252244e-322,3,1,MIP
897,125.58699989318848,222.44732823675216,true,0.13166870274629938,true,0.018021955355916087,5181,3410,3.6560857792252244e-322,3,1,MIP
898,125.72300004959106,222.72342600897917,true,0.13166870274629938,true,0.018021955355916087,5188,3417,3.6560857792252244e-322,3,1,MIP
899,125.87800002098083,223.0609055293852,true,0.13166870274629938,true,0.018021955355916087,5192,3421,3.6560857792252244e-322,3,1,MIP
900,125.98499989509583,223.29765171724503,true,0.13166870274629938,true,0.018021955355916087,5195,3424,3.6560857792252244e-322,3,1,MIP
901,126.12100005149841,223.59889493711134,true,0.13166870274629938,true,0.018021955355916087,5200,3425,3.6560857792252244e-322,3,1,MIP
902,126.24199986457825,223.83092879211293,true,0.13166870274629938,true,0.018042540723224244,5204,3425,3.6560857792252244e-322,3,1,MIP
903,126.34200000762939,224.02762660808355,true,0.13166870274629938,true,0.018042540723224244,5207,3428,3.6560857792252244e-322,3,1,MIP
904,126.45099997520447,224.22472683710808,true,0.13166870274629938,true,0.018042540723224244,5210,3431,3.6560857792252244e-322,3,1,MIP
905,126.55299997329712,224.43011147371968,true,0.13166870274629938,true,0.018042540723224244,5217,3438,3.6560857792252244e-322,3,1,MIP
906,126.6949999332428,224.63765432729053,true,0.13166870274629938,true,0.018042540723224244,5225,3446,3.6560857792252244e-322,3,1,MIP
907,126.80299997329712,224.83314814922824,true,0.13166870274629938,true,0.018042540723224244,5231,3452,3.6560857792252244e-322,3,1,MIP
908,126.90599989891052,225.01341669526886,true,0.13166870274629938,true,0.018042540723224244,5237,3457,3.6560857792252244e-322,3,1,MIP
909,127.01300001144409,225.1865977375418,true,0.13166870274629938,true,0.018042540723224244,5257,3477,3.6560857792252244e-322,3,1,MIP
910,127.1949999332428,225.55458324776487,true,0.13166870274629938,true,0.018042540723224244,5269,3480,3.6560857792252244e-322,3,1,MIP
911,127.33099985122681,225.81952874589948,true,0.13166870274629938,true,0.018042540723224244,5273,3484,3.6560857792252244e-322,3,1,MIP
912,127.46599984169006,226.09118921017887,true,0.13166870274629938,true,0.018042540723224244,5276,3485,3.6560857792252244e-322,3,1,MIP
913,127.56599998474121,226.30399306207136,true,0.13166870274629938,true,0.018042540723224244,5284,3491,3.6560857792252244e-322,3,1,MIP
914,127.72499990463257,226.62988138009922,true,0.13166870274629938,true,0.018073740245280856,5297,3492,3.6560857792252244e-322,3,1,MIP
915,127.75300002098083,226.67827344974128,true,0.13166870274629938,true,0.018147290919532596,5298,3493,3.6560857792252244e-322,3,1,MIP
916,127.85699987411499,226.8831340464379,true,0.13166870274629938,true,0.018147290919532596,5302,3497,3.6560857792252244e-322,3,1,MIP
917,127.96099996566772,227.09495657870266,true,0.13166870274629938,true,0.018147290919532596,5314,3508,3.6560857792252244e-322,3,1,MIP
918,128.14599990844727,227.42655735891051,true,0.13166870274629938,true,0.018147290919532596,5357,3533,3.6560857792252244e-322,3,1,MIP
919,128.1710000038147,227.46864994534815,true,0.13166870274629938,true,0.018263647193431105,5358,3534,3.6560857792252244e-322,3,1,MIP
920,128.31200003623962,227.75566998005038,true,0.13166870274629938,true,0.018263647193431105,5362,3536,3.6560857792252244e-322,3,1,MIP
921,128.41899991035461,227.98582858396722,true,0.13166870274629938,true,0.018263647193431105,5365,3539,3.6560857792252244e-322,3,1,MIP
922,128.52199983596802,228.20628512757426,true,0.13166870274629938,true,0.018263647193431105,5371,3545,3.6560857792252244e-322,3,1,MIP
923,128.63899993896484,228.43505837550791,true,0.13166870274629938,true,0.018263647193431105,5381,3555,3.6560857792252244e-322,3,1,MIP
924,128.80999994277954,228.79524162131025,true,0.13166870274629938,true,0.018263647193431105,5401,3560,3.6560857792252244e-322,3,1,MIP
925,128.83699989318848,228.84218539827037,true,0.13166870274629938,true,0.018303516903420469,5402,3561,3.6560857792252244e-322,3,1,MIP
926,128.99499988555908,229.14847452289217,true,0.13166870274629938,true,0.018303516903420469,5406,3565,3.6560857792252244e-322,3,1,MIP
927,129.09599995613098,229.34277877350942,true,0.13166870274629938,true,0.018303516903420469,5410,3569,3.6560857792252244e-322,3,1,MIP
928,129.20599985122681,229.5692461495899,true,0.13166870274629938,true,0.018303516903420469,5428,3587,3.6560857792252244e-322,3,1,MIP
929,129.30699992179871,229.72933382213819,true,0.13166870274629938,true,0.018303516903420469,5436,3595,3.6560857792252244e-322,3,1,MIP
930,129.47000002861023,230.03541421498221,true,0.13166870274629938,true,0.018303516903420469,5449,3601,3.6560857792252244e-322,3,1,MIP
931,129.49300003051758,230.07656009325513,true,0.13166870274629938,true,0.018318025026272906,5450,3602,3.6560857792252244e-322,3,1,MIP
932,129.63100004196167,230.32595036713141,true,0.13166870274629938,true,0.018318025026272906,5453,3605,3.6560857792252244e-322,3,1,MIP
933,129.73300004005432,230.51224962366692,true,0.13166870274629938,true,0.018318025026272906,5458,3610,3.6560857792252244e-322,3,1,MIP
934,129.83500003814697,230.69871842878035,true,0.13166870274629938,true,0.018318025026272906,5464,3616,3.6560857792252244e-322,3,1,MIP
935,129.93799996376038,230.86333694083623,true,0.13166870274629938,true,0.018318025026272906,5483,3633,3.6560857792252244e-322,3,1,MIP
936,130.0460000038147,231.05662246615205,true,0.13166870274629938,true,0.018318025026272906,5506,3648,3.6560857792252244e-322,3,1,MIP
937,130.08899998664856,231.15597344738444,true,0.13166870274629938,true,0.018364793792337207,5507,3649,3.6560857792252244e-322,3,1,MIP
938,130.28799986839294,231.5727288937357,true,0.13166870274629938,true,0.018364793792337207,5511,3651,3.6560857792252244e-322,3,1,MIP
939,130.43199992179871,231.86106447550409,true,0.13166870274629938,true,0.018364793792337207,5515,3655,3.6560857792252244e-322,3,1,MIP
940,130.55299997329712,232.11993160592598,true,0.13166870274629938,true,0.018364793792337207,5525,3659,3.6560857792252244e-322,3,1,MIP
941,130.77099990844727,232.60334560929343,true,0.13166870274629938,true,0.018364793792337207,5528,3658,3.6560857792252244e-322,3,1,MIP
942,130.8289999961853,232.70828065785653,true,0.13166870274629938,true,0.018375444608774046,5529,3659,3.6560857792252244e-322,3,1,MIP
943,130.97300004959106,233.00267545136566,true,0.13166870274629938,true,0.018375444608774046,5532,3662,3.6560857792252244e-322,3,1,MIP
944,131.07399988174438,233.20564340025041,true,0.13166870274629938,true,0.018375444608774046,5536,3666,3.6560857792252244e-322,3,1,MIP
945,131.17599987983704,233.42613709023874,true,0.13166870274629938,true,0.018375444608774046,5540,3664,3.6560857792252244e-322,3,1,MIP
946,131.28699994087219,233.64074454623773,true,0.13166870274629938,true,0.018375444608774046,5545,3669,3.6560857792252244e-322,3,1,MIP
947,131.38899993896484,233.84118634297596,true,0.13166870274629938,true,0.018375444608774046,5563,3673,3.6560857792252244e-322,3,1,MIP
948,131.50799989700317,234.07622572682968,true,0.13166870274629938,true,0.018379799254806508,5566,3674,3.6560857792252244e-322,3,1,MIP
949,131.63199996948242,234.2885617536316,true,0.13166870274629938,true,0.018379799254806508,5570,3678,3.6560857792252244e-322,3,1,MIP
950,131.73799991607666,234.48225811794723,true,0.13166870274629938,true,0.018379799254806508,5575,3683,3.6560857792252244e-322,3,1,MIP
951,131.83899998664856,234.6564786227421,true,0.13166870274629938,true,0.018379799254806508,5579,3687,3.6560857792252244e-322,3,1,MIP
952,131.95199990272522,234.88520953827145,true,0.13166870274629938,true,0.018379799254806508,5582,3690,3.6560857792252244e-322,3,1,MIP
953,132.06799983978271,235.11214685389297,true,0.13166870274629938,true,0.018379799254806508,5587,3695,3.6560857792252244e-322,3,1,MIP
954,132.31200003623962,235.63827303519867,true,0.13166870274629938,true,0.018379799254806508,5599,3697,3.6560857792252244e-322,3,1,MIP
955,132.34599995613098,235.7040067465509,true,0.13166870274629938,true,0.018423270851038908,5600,3698,3.6560857792252244e-322,3,1,MIP
956,132.47699999809265,235.96130693616038,true,0.13166870274629938,true,0.018423270851038908,5603,3701,3.6560857792252244e-322,3,1,MIP
957,132.57999992370605,236.17791009820172,true,0.13166870274629938,true,0.018423270851038908,5608,3706,3.6560857792252244e-322,3,1,MIP
958,132.68199992179871,236.38743187954395,true,0.13166870274629938,true,0.018423270851038908,5613,3711,3.6560857792252244e-322,3,1,MIP
959,132.7960000038147,236.60882221626511,true,0.13166870274629938,true,0.018423270851038908,5618,3716,3.6560857792252244e-322,3,1,MIP
960,132.92499995231628,236.88943923217815,true,0.13166870274629938,true,0.018423270851038908,5619,3715,3.6560857792252244e-322,3,1,MIP
961,133.03199982643127,237.10034038682613,true,0.13166870274629938,true,0.018423270851038908,5624,3720,3.6560857792252244e-322,3,1,MIP
962,133.13399982452393,237.30659343062371,true,0.13166870274629938,true,0.018423270851038908,5632,3728,3.6560857792252244e-322,3,1,MIP
963,133.25600004196167,237.57485988380213,true,0.13166870274629938,true,0.018423270851038908,5637,3733,3.6560857792252244e-322,3,1,MIP
964,133.36299991607666,237.80096465338247,true,0.13166870274629938,true,0.018423270851038908,5647,3743,3.6560857792252244e-322,3,1,MIP
965,133.47099995613098,237.98470218159281,true,0.13166870274629938,true,0.018423270851038908,5653,3749,3.6560857792252244e-322,3,1,MIP
966,133.57500004768372,238.17189224789209,true,0.13166870274629938,true,0.018423270851038908,5665,3761,3.6560857792252244e-322,3,1,MIP
967,133.74600005149841,238.50092471100322,true,0.13166870274629938,true,0.018423270851038908,5682,3764,3.6560857792252244e-322,3,1,MIP
968,133.78499984741211,238.57696482436293,true,0.13166870274629938,true,0.01843999447638572,5683,3765,3.6560857792252244e-322,3,1,MIP
969,133.89699983596802,238.78719482362422,true,0.13166870274629938,true,0.01843999447638572,5686,3768,3.6560857792252244e-322,3,1,MIP
970,134.00300002098083,238.99826087565995,true,0.13166870274629938,true,0.01843999447638572,5691,3773,3.6560857792252244e-322,3,1,MIP
971,134.10599994659424,239.21978920315476,true,0.13166870274629938,true,0.01843999447638572,5694,3776,3.6560857792252244e-322,3,1,MIP
972,134.24899983406067,239.48504358978994,true,0.13166870274629938,true,0.01843999447638572,5697,3779,3.6560857792252244e-322,3,1,MIP
973,134.35699987411499,239.69507013110618,true,0.13166870274629938,true,0.01843999447638572,5700,3782,3.6560857792252244e-322,3,1,MIP
974,134.46499991416931,239.91578669741997,true,0.13166870274629938,true,0.01843999447638572,5706,3786,3.6560857792252244e-322,3,1,MIP
975,134.5699999332428,240.13813561654078,true,0.13166870274629938,true,0.01843999447638572,5711,3791,3.6560857792252244e-322,3,1,MIP
976,134.68400001525879,240.36919965187312,true,0.13166870274629938,true,0.01843999447638572,5714,3794,3.6560857792252244e-322,3,1,MIP
977,134.78600001335144,240.56872458883129,true,0.13166870274629938,true,0.01843999447638572,5723,3803,3.6560857792252244e-322,3,1,MIP
978,134.88899993896484,240.79087856022906,true,0.13166870274629938,true,0.01843999447638572,5728,3808,3.6560857792252244e-322,3,1,MIP
979,134.99499988555908,240.99320238410536,true,0.13166870274629938,true,0.01843999447638572,5736,3814,3.6560857792252244e-322,3,1,MIP
980,135.15100002288818,241.32637411481127,true,0.13166870274629938,true,0.01843999447638572,5748,3818,3.6560857792252244e-322,3,1,MIP
981,135.18199992179871,241.3845974587291,true,0.13166870274629938,true,0.018440079020037754,5749,3819,3.6560857792252244e-322,3,1,MIP
982,135.3199999332428,241.67690390755442,true,0.13166870274629938,true,0.018440079020037754,5755,3825,3.6560857792252244e-322,3,1,MIP
983,135.42599987983704,241.8755138044674,true,0.13166870274629938,true,0.018440079020037754,5759,3829,3.6560857792252244e-322,3,1,MIP
984,135.53299999237061,242.09215455446596,true,0.13166870274629938,true,0.018440079020037754,5763,3833,3.6560857792252244e-322,3,1,MIP
985,135.65599989891052,242.36202647708632,true,0.13166870274629938,true,0.018440079020037754,5768,3838,3.6560857792252244e-322,3,1,MIP
986,135.76300001144409,242.58657616307448,true,0.13166870274629938,true,0.018440079020037754,5781,3843,3.6560857792252244e-322,3,1,MIP
987,135.9779999256134,243.0072835269865,true,0.13166870274629938,true,0.018440079020037754,5796,3846,3.6560857792252244e-322,3,1,MIP
988,136.05200004577637,243.16157317025454,true,0.13166870274629938,true,0.018468589804929911,5797,3847,3.6560857792252244e-322,3,1,MIP
989,136.11299991607666,243.26909615090665,true,0.13166870274629938,true,0.018472556057509526,5798,3848,3.6560857792252244e-322,3,1,MIP
990,136.23899984359741,243.49936731437643,true,0.13166870274629938,true,0.018472556057509526,5801,3851,3.6560857792252244e-322,3,1,MIP
991,136.34200000762939,243.68311109488826,true,0.13166870274629938,true,0.018472556057509526,5806,3856,3.6560857792252244e-322,3,1,MIP
992,136.44400000572205,243.88530371056893,true,0.13166870274629938,true,0.018472556057509526,5815,3865,3.6560857792252244e-322,3,1,MIP
993,136.54499983787537,244.08459866480786,true,0.13166870274629938,true,0.018472556057509526,5842,3880,3.6560857792252244e-322,3,1,MIP
994,136.69700002670288,244.40248092723186,true,0.13166870274629938,true,0.018472556057509526,5846,3880,3.6560857792252244e-322,3,1,MIP
995,136.71799993515015,244.43643859454417,true,0.13166870274629938,true,0.018514518719522165,5847,3881,3.6560857792252244e-322,3,1,MIP
996,136.89499998092651,244.80611013257754,true,0.13166870274629938,true,0.018514518719522165,5852,3886,3.6560857792252244e-322,3,1,MIP
997,137.00499987602234,245.03404029964096,true,0.13166870274629938,true,0.018514518719522165,5866,3900,3.6560857792252244e-322,3,1,MIP
998,137.10500001907349,245.22766561619511,true,0.13166870274629938,true,0.018514518719522165,5886,3914,3.6560857792252244e-322,3,1,MIP
999,137.23300004005432,245.47054392584221,true,0.13166870274629938,true,0.018514518719522165,5905,3923,3.6560857792252244e-322,3,1,MIP
1000,137.24199986457825,245.48591929153199,true,0.13166870274629938,true,0.018518044493663215,5906,3924,3.6560857792252244e-322,3,1,MIP
1001,137.34999990463257,245.69460880134773,true,0.13166870274629938,true,0.018518044493663215,5921,3939,3.6560857792252244e-322,3,1,MIP
1002,137.57799983024597,246.15228976781825,true,0.13166870274629938,true,0.018518044493663215,5940,3950,3.6560857792252244e-322,3,1,MIP
1003,137.61899995803833,246.22995584242307,true,0.13166870274629938,true,0.018523025643419962,5941,3951,3.6560857792252244e-322,3,1,MIP
1004,137.72699999809265,246.43589165554488,true,0.13166870274629938,true,0.018523025643419962,5947,3957,3.6560857792252244e-322,3,1,MIP
1005,137.90499997138977,246.80305978069049,true,0.13166870274629938,true,0.018523025643419962,5965,3967,3.6560857792252244e-322,3,1,MIP
1006,137.92700004577637,246.83999132478311,true,0.13166870274629938,true,0.018523528078003948,5966,3968,3.6560857792252244e-322,3,1,MIP
1007,138.11399984359741,247.23514018163482,true,0.13166870274629938,true,0.018523528078003948,5968,3968,3.6560857792252244e-322,3,1,MIP
1008,138.22300004959106,247.45369375709393,true,0.13166870274629938,true,0.018523528078003948,5974,3974,3.6560857792252244e-322,3,1,MIP
1009,138.32699990272522,247.67574750574852,true,0.13166870274629938,true,0.018523528078003948,5980,3980,3.6560857792252244e-322,3,1,MIP
1010,138.46199989318848,247.95774853620412,true,0.13166870274629938,true,0.018523528078003948,5989,3987,3.6560857792252244e-322,3,1,MIP
1011,138.57399988174438,248.16767429480632,true,0.13166870274629938,true,0.018523528078003948,5995,3989,3.6560857792252244e-322,3,1,MIP
1012,138.67499995231628,248.35775539488893,true,0.13166870274629938,true,0.018523528078003948,6006,3998,3.6560857792252244e-322,3,1,MIP
1013,138.78699994087219,248.55370411347641,true,0.13166870274629938,true,0.018523528078003948,6014,4002,3.6560857792252244e-322,3,1,MIP
1014,138.95700001716614,248.88457698704238,true,0.13166870274629938,true,0.018523528078003948,6023,4001,3.6560857792252244e-322,3,1,MIP
1015,138.97399997711182,248.91157268616809,true,0.13166870274629938,true,0.018590444938374286,6024,4002,3.6560857792252244e-322,3,1,MIP
1016,139.11500000953674,249.18248332519713,true,0.13166870274629938,true,0.018590444938374286,6029,4007,3.6560857792252244e-322,3,1,MIP
1017,139.22499990463257,249.41474597724465,true,0.13166870274629938,true,0.018590444938374286,6036,4010,3.6560857792252244e-322,3,1,MIP
1018,139.37299990653992,249.72801377245997,true,0.13166870274629938,true,0.018590444938374286,6043,4010,3.6560857792252244e-322,3,1,MIP
1019,139.42999982833862,249.83679537218393,true,0.13166870274629938,true,0.018598535176205452,6044,4011,3.6560857792252244e-322,3,1,MIP
1020,139.53699994087219,250.03269350808836,true,0.13166870274629938,true,0.018598535176205452,6049,4016,3.6560857792252244e-322,3,1,MIP
1021,139.64299988746643,250.21373276985625,true,0.13166870274629938,true,0.018598535176205452,6057,4024,3.6560857792252244e-322,3,1,MIP
1022,139.74699997901917,250.39988095226502,true,0.13166870274629938,true,0.018598535176205452,6065,4032,3.6560857792252244e-322,3,1,MIP
1023,139.93299984931946,250.75995699702591,true,0.13166870274629938,true,0.018598535176205452,6087,4046,3.6560857792252244e-322,3,1,MIP
1024,139.95299983024597,250.79537000723764,true,0.13166870274629938,true,0.018675483600967161,6088,4047,3.6560857792252244e-322,3,1,MIP
1025,140.05900001525879,251.00990601630829,true,0.13166870274629938,true,0.018675483600967161,6092,4051,3.6560857792252244e-322,3,1,MIP
1026,140.17999982833862,251.23580267515842,true,0.13166870274629938,true,0.018675483600967161,6111,4070,3.6560857792252244e-322,3,1,MIP
1027,140.28499984741211,251.4107428287769,true,0.13166870274629938,true,0.018675483600967161,6127,4084,3.6560857792252244e-322,3,1,MIP
1028,140.3989999294281,251.64087757676214,true,0.13166870274629938,true,0.018675483600967161,6138,4087,3.6560857792252244e-322,3,1,MIP
1029,140.42199993133545,251.68152431228776,true,0.13166870274629938,true,0.018682461546356409,6139,4088,3.6560857792252244e-322,3,1,MIP
1030,140.63699984550476,252.10910893782733,true,0.13166870274629938,true,0.018682461546356409,6143,4092,3.6560857792252244e-322,3,1,MIP
1031,140.75399994850159,252.33118313094928,true,0.13166870274629938,true,0.018682461546356409,6147,4096,3.6560857792252244e-322,3,1,MIP
1032,140.8659999370575,252.57045146409354,true,0.13166870274629938,true,0.018682461546356409,6149,4098,3.6560857792252244e-322,3,1,MIP
1033,141.09599995613098,253.03398518106343,true,0.13166870274629938,true,0.018682461546356409,6152,4101,3.6560857792252244e-322,3,1,MIP
1034,141.23599982261658,253.29318600571335,true,0.13166870274629938,true,0.018682461546356409,6157,4106,3.6560857792252244e-322,3,1,MIP
1035,141.39400005340576,253.61617347633154,true,0.13166870274629938,true,0.018682461546356409,6161,4110,3.6560857792252244e-322,3,1,MIP
1036,141.50600004196167,253.83105427476406,true,0.13166870274629938,true,0.018682461546356409,6167,4116,3.6560857792252244e-322,3,1,MIP
1037,141.62100005149841,254.05159083832595,true,0.13166870274629938,true,0.018682461546356409,6178,4127,3.6560857792252244e-322,3,1,MIP
1038,141.72499990463257,254.2439145028691,true,0.13166870274629938,true,0.018682461546356409,6190,4139,3.6560857792252244e-322,3,1,MIP
1039,141.82699990272522,254.40710779645465,true,0.13166870274629938,true,0.018682461546356409,6205,4154,3.6560857792252244e-322,3,1,MIP
1040,141.92999982833862,254.57167114226186,true,0.13166870274629938,true,0.018682461546356409,6250,4199,3.6560857792252244e-322,3,1,MIP
1041,142.03199982643127,254.75907726408153,true,0.13166870274629938,true,0.018682461546356409,6260,4198,3.6560857792252244e-322,3,1,MIP
1042,142.04900002479553,254.78371191143265,true,0.13166870274629938,true,0.018702119494820826,6261,4199,3.6560857792252244e-322,3,1,MIP
1043,142.18299984931946,255.04392806542523,true,0.13166870274629938,true,0.018702119494820826,6264,4202,3.6560857792252244e-322,3,1,MIP
1044,142.28900003433228,255.26198606875766,true,0.13166870274629938,true,0.018702119494820826,6272,4210,3.6560857792252244e-322,3,1,MIP
1045,142.39800000190735,255.47627353828329,true,0.13166870274629938,true,0.018702119494820826,6277,4215,3.6560857792252244e-322,3,1,MIP
1046,142.50499987602234,255.66451411993614,true,0.13166870274629938,true,0.018702119494820826,6308,4246,3.6560857792252244e-322,3,1,MIP
1047,142.63699984550476,255.92211067841791,true,0.13166870274629938,true,0.018702119494820826,6320,4246,3.6560857792252244e-322,3,1,MIP
1048,142.65599989891052,255.95384465159665,true,0.13166870274629938,true,0.018706146893691947,6321,4247,3.6560857792252244e-322,3,1,MIP
1049,142.77300000190735,256.18907481592964,true,0.13166870274629938,true,0.018706146893691947,6325,4251,3.6560857792252244e-322,3,1,MIP
1050,142.88100004196167,256.39732782097059,true,0.13166870274629938,true,0.018706146893691947,6332,4258,3.6560857792252244e-322,3,1,MIP
1051,143.00899982452393,256.63362250085527,true,0.13166870274629938,true,0.018706146893691947,6352,4270,3.6560857792252244e-322,3,1,MIP
1052,143.02900004386902,256.67443438133967,true,0.13166870274629938,true,0.018715964340514382,6353,4271,3.6560857792252244e-322,3,1,MIP
1053,143.20299983024597,257.02188454905172,true,0.13166870274629938,true,0.018715964340514382,6360,4278,3.6560857792252244e-322,3,1,MIP
1054,143.32999992370605,257.27287796328545,true,0.13166870274629938,true,0.018715964340514382,6368,4286,3.6560857792252244e-322,3,1,MIP
1055,143.43299984931946,257.47245380253258,true,0.13166870274629938,true,0.018715964340514382,6383,4301,3.6560857792252244e-322,3,1,MIP
1056,143.53299999237061,257.67605082300867,true,0.13166870274629938,true,0.018715964340514382,6395,4311,3.6560857792252244e-322,3,1,MIP
1057,143.66100001335144,257.95012573691605,true,0.13166870274629938,true,0.018715964340514382,6405,4311,3.6560857792252244e-322,3,1,MIP
1058,143.68299984931946,257.98530323462404,true,0.13166870274629938,true,0.018722320713650882,6406,4312,3.6560857792252244e-322,3,1,MIP
1059,143.78600001335144,258.19639739394108,true,0.13166870274629938,true,0.018722320713650882,6414,4320,3.6560857792252244e-322,3,1,MIP
1060,143.89800000190735,258.42285712055013,true,0.13166870274629938,true,0.018722320713650882,6428,4334,3.6560857792252244e-322,3,1,MIP
1061,143.99899983406067,258.61636503640125,true,0.13166870274629938,true,0.018722320713650882,6459,4351,3.6560857792252244e-322,3,1,MIP
1062,144.13699984550476,258.90890006345319,true,0.13166870274629938,true,0.018722320713650882,6460,4352,3.6560857792252244e-322,3,1,MIP
1063,144.17899990081787,258.99042699781654,true,0.13166870274629938,true,0.018756029992392065,6461,4353,3.6560857792252244e-322,3,1,MIP
1064,144.29299998283386,259.1656891533014,true,0.13166870274629938,true,0.018756029992392065,6463,4355,3.6560857792252244e-322,3,1,MIP
1065,144.41599988937378,259.40771150178887,true,0.13166870274629938,true,0.018756029992392065,6469,4359,3.6560857792252244e-322,3,1,MIP
1066,144.52300000190735,259.61921289301654,true,0.13166870274629938,true,0.018756029992392065,6484,4368,3.6560857792252244e-322,3,1,MIP
1067,144.67400002479553,259.93482866271438,true,0.13166870274629938,true,0.018756029992392065,6488,4366,3.6560857792252244e-322,3,1,MIP
1068,144.7039999961853,259.98947295027909,true,0.13166870274629938,true,0.018763174303519058,6489,4367,3.6560857792252244e-322,3,1,MIP
1069,144.81799983978271,260.21515959222722,true,0.13166870274629938,true,0.018763174303519058,6491,4369,3.6560857792252244e-322,3,1,MIP
1070,144.92400002479553,260.41380925260484,true,0.13166870274629938,true,0.018763174303519058,6497,4375,3.6560857792252244e-322,3,1,MIP
1071,145.09699988365173,260.75880973756955,true,0.13166870274629938,true,0.018763174303519058,6512,4380,3.6560857792252244e-322,3,1,MIP
1072,145.13199996948242,260.82461379607548,true,0.13166870274629938,true,0.01877075955486705,6513,4381,3.6560857792252244e-322,3,1,MIP
1073,145.25099992752075,261.04505670471963,true,0.13166870274629938,true,0.01877075955486705,6517,4385,3.6560857792252244e-322,3,1,MIP
1074,145.47599983215332,261.50146642463091,true,0.13166870274629938,true,0.01877075955486705,6520,4388,3.6560857792252244e-322,3,1,MIP
1075,145.58699989318848,261.70956467034182,true,0.13166870274629938,true,0.01877075955486705,6526,4394,3.6560857792252244e-322,3,1,MIP
1076,145.73399996757507,262.01310494159384,true,0.13166870274629938,true,0.01877075955486705,6534,4402,3.6560857792252244e-322,3,1,MIP
1077,145.83899998664856,262.22434235694357,true,0.13166870274629938,true,0.01877075955486705,6545,4413,3.6560857792252244e-322,3,1,MIP
1078,145.9449999332428,262.42257173607061,true,0.13166870274629938,true,0.01877075955486705,6551,4419,3.6560857792252244e-322,3,1,MIP
1079,146.0460000038147,262.60598922242571,true,0.13166870274629938,true,0.01877075955486705,6560,4428,3.6560857792252244e-322,3,1,MIP
1080,146.14999985694885,262.77322343023292,true,0.13166870274629938,true,0.01877075955486705,6572,4438,3.6560857792252244e-322,3,1,MIP
1081,146.27600002288818,263.00632178519743,true,0.13166870274629938,true,0.01877075955486705,6583,4439,3.6560857792252244e-322,3,1,MIP
1082,146.29699993133545,263.03863812531881,true,0.13166870274629938,true,0.018771158728737747,6584,4440,3.6560857792252244e-322,3,1,MIP
1083,146.41899991035461,263.27248341897507,true,0.13166870274629938,true,0.018771158728737747,6588,4444,3.6560857792252244e-322,3,1,MIP
1084,146.51999998092651,263.44892065930253,true,0.13166870274629938,true,0.018771158728737747,6593,4449,3.6560857792252244e-322,3,1,MIP
1085,146.6269998550415,263.65924838627097,true,0.13166870274629938,true,0.018771158728737747,6598,4454,3.6560857792252244e-322,3,1,MIP
1086,146.73300004005432,263.84829516477492,true,0.13166870274629938,true,0.018771158728737747,6615,4471,3.6560857792252244e-322,3,1,MIP
1087,146.91699981689453,264.20609259609705,true,0.13166870274629938,true,0.018771158728737747,6637,4485,3.6560857792252244e-322,3,1,MIP
1088,146.96499991416931,264.30389791409408,true,0.13166870274629938,true,0.018820498109907397,6638,4486,3.6560857792252244e-322,3,1,MIP
1089,147.07299995422363,264.51979011809698,true,0.13166870274629938,true,0.018820498109907397,6641,4489,3.6560857792252244e-322,3,1,MIP
1090,147.18099999427795,264.71759138030444,true,0.13166870274629938,true,0.018820498109907397,6649,4497,3.6560857792252244e-322,3,1,MIP
1091,147.32299995422363,264.95867921203109,true,0.13166870274629938,true,0.018820498109907397,6655,4503,3.6560857792252244e-322,3,1,MIP
1092,147.43400001525879,265.13977709794358,true,0.13166870274629938,true,0.018820498109907397,6666,4514,3.6560857792252244e-322,3,1,MIP
1093,147.60099983215332,265.43959491233574,true,0.13166870274629938,true,0.018820498109907397,6695,4532,3.6560857792252244e-322,3,1,MIP
1094,147.63299989700317,265.50257868445249,true,0.13166870274629938,true,0.018847456071682891,6696,4533,3.6560857792252244e-322,3,1,MIP
1095,147.7409999370575,265.69931859839113,true,0.13166870274629938,true,0.018847456071682891,6699,4536,3.6560857792252244e-322,3,1,MIP
1096,147.85800004005432,265.92104781930465,true,0.13166870274629938,true,0.018847456071682891,6702,4539,3.6560857792252244e-322,3,1,MIP
1097,148.0019998550415,266.22154686061009,true,0.13166870274629938,true,0.018847456071682891,6710,4547,3.6560857792252244e-322,3,1,MIP
1098,148.11299991607666,266.4136903938022,true,0.13166870274629938,true,0.018847456071682891,6726,4563,3.6560857792252244e-322,3,1,MIP
1099,148.28099989891052,266.77628816651242,true,0.13166870274629938,true,0.018847456071682891,6738,4567,3.6560857792252244e-322,3,1,MIP
1100,148.30099987983704,266.80839084362077,true,0.13166870274629938,true,0.018848527110748761,6739,4568,3.6560857792252244e-322,3,1,MIP
1101,148.44099998474121,267.11174148444326,true,0.13166870274629938,true,0.018848527110748761,6743,4572,3.6560857792252244e-322,3,1,MIP
1102,148.54699993133545,267.33529245172554,true,0.13166870274629938,true,0.018848527110748761,6748,4577,3.6560857792252244e-322,3,1,MIP
1103,148.67899990081787,267.61391893474587,true,0.13166870274629938,true,0.018848527110748761,6750,4579,3.6560857792252244e-322,3,1,MIP
1104,148.80499982833862,267.86321049559569,true,0.13166870274629938,true,0.018848527110748761,6753,4582,3.6560857792252244e-322,3,1,MIP
1105,148.94199991226196,268.15220561765528,true,0.13166870274629938,true,0.018848527110748761,6755,4584,3.6560857792252244e-322,3,1,MIP
1106,149.09999990463257,268.48580824034951,true,0.13166870274629938,true,0.018848527110748761,6757,4586,3.6560857792252244e-322,3,1,MIP
1107,149.21599984169006,268.73072793570833,true,0.13166870274629938,true,0.018848527110748761,6760,4589,3.6560857792252244e-322,3,1,MIP
1108,149.31799983978271,268.95163416930023,true,0.13166870274629938,true,0.018848527110748761,6762,4591,3.6560857792252244e-322,3,1,MIP
1109,149.43099999427795,269.16508962750976,true,0.13166870274629938,true,0.018848527110748761,6767,4596,3.6560857792252244e-322,3,1,MIP
1110,149.55299997329712,269.39829518037129,true,0.13166870274629938,true,0.018848527110748761,6785,4614,3.6560857792252244e-322,3,1,MIP
1111,149.66299986839294,269.58618411043381,true,0.13166870274629938,true,0.018848527110748761,6790,4619,3.6560857792252244e-322,3,1,MIP
1112,149.77799987792969,269.76982336361442,true,0.13166870274629938,true,0.018848527110748761,6797,4626,3.6560857792252244e-322,3,1,MIP
1113,149.87800002098083,269.93263980206012,true,0.13166870274629938,true,0.018848527110748761,6810,4635,3.6560857792252244e-322,3,1,MIP
1114,149.98300004005432,270.11027036299436,true,0.13166870274629938,true,0.018848527110748761,6826,4637,3.6560857792252244e-322,3,1,MIP
1115,150.10800004005432,270.36068732916107,true,0.13166870274629938,true,0.018848527110748761,6837,4634,3.6560857792252244e-322,3,1,MIP
1116,150.13199996948242,270.40387178164229,true,0.13166870274629938,true,0.018861974650143623,6838,4635,3.6560857792252244e-322,3,1,MIP
1117,150.23799991607666,270.59923985055013,true,0.13166870274629938,true,0.018861974650143623,6842,4639,3.6560857792252244e-322,3,1,MIP
1118,150.34800004959106,270.81655981808871,true,0.13166870274629938,true,0.018861974650143623,6844,4641,3.6560857792252244e-322,3,1,MIP
1119,150.4539999961853,271.00516560337843,true,0.13166870274629938,true,0.018861974650143623,6851,4648,3.6560857792252244e-322,3,1,MIP
1120,150.56099987030029,271.21459898839993,true,0.13166870274629938,true,0.018861974650143623,6857,4654,3.6560857792252244e-322,3,1,MIP
1121,150.66100001335144,271.39972825804807,true,0.13166870274629938,true,0.018861974650143623,6871,4668,3.6560857792252244e-322,3,1,MIP
1122,150.82500004768372,271.74158682257553,true,0.13166870274629938,true,0.018861974650143623,6886,4669,3.6560857792252244e-322,3,1,MIP
1123,150.93199992179871,271.94271280253207,true,0.13166870274629938,true,0.018861974650143623,6888,4671,3.6560857792252244e-322,3,1,MIP
1124,151.03699994087219,272.12370892951839,true,0.13166870274629938,true,0.018861974650143623,6891,4674,3.6560857792252244e-322,3,1,MIP
1125,151.14699983596802,272.32245648193629,true,0.13166870274629938,true,0.018861974650143623,6898,4681,3.6560857792252244e-322,3,1,MIP
1126,151.24899983406067,272.52422560145999,true,0.13166870274629938,true,0.018861974650143623,6916,4699,3.6560857792252244e-322,3,1,MIP
1127,151.42400002479553,272.88903181781819,true,0.13166870274629938,true,0.018861974650143623,6930,4705,3.6560857792252244e-322,3,1,MIP
1128,151.47599983215332,272.98938355257189,true,0.13166870274629938,true,0.018867310426485002,6931,4706,3.6560857792252244e-322,3,1,MIP
1129,151.58799982070923,273.20573873278136,true,0.13166870274629938,true,0.018867310426485002,6938,4713,3.6560857792252244e-322,3,1,MIP
1130,151.69799995422363,273.42943696962908,true,0.13166870274629938,true,0.018867310426485002,6958,4733,3.6560857792252244e-322,3,1,MIP
1131,151.80299997329712,273.57781896509005,true,0.13166870274629938,true,0.018867310426485002,6985,4756,3.6560857792252244e-322,3,1,MIP
1132,151.91100001335144,273.78863234724196,true,0.13166870274629938,true,0.018867310426485002,6995,4755,3.6560857792252244e-322,3,1,MIP
1133,151.94099998474121,273.84192910094066,true,0.13166870274629938,true,0.018876143796830114,6996,4756,3.6560857792252244e-322,3,1,MIP
1134,152.06299996376038,274.10162980847588,true,0.13166870274629938,true,0.018876143796830114,7001,4761,3.6560857792252244e-322,3,1,MIP
1135,152.17400002479553,274.32279242316639,true,0.13166870274629938,true,0.018876143796830114,7008,4768,3.6560857792252244e-322,3,1,MIP
1136,152.27999997138977,274.53864346260042,true,0.13166870274629938,true,0.018876143796830114,7015,4775,3.6560857792252244e-322,3,1,MIP
1137,152.38100004196167,274.70431007689444,true,0.13166870274629938,true,0.018876143796830114,7035,4793,3.6560857792252244e-322,3,1,MIP
1138,152.50499987602234,274.96972642525503,true,0.13166870274629938,true,0.018876143796830114,7050,4800,3.6560857792252244e-322,3,1,MIP
1139,152.61199998855591,275.15778071247593,true,0.13166870274629938,true,0.018876143796830114,7052,4802,3.6560857792252244e-322,3,1,MIP
1140,152.81399989128113,275.57772830607973,true,0.13166870274629938,true,0.018876143796830114,7053,4802,3.6560857792252244e-322,3,1,MIP
1141,152.92199993133545,275.78274543142294,true,0.13166870274629938,true,0.018876143796830114,7056,4805,3.6560857792252244e-322,3,1,MIP
1142,153.02799987792969,276.00253528050314,true,0.13166870274629938,true,0.018876143796830114,7058,4807,3.6560857792252244e-322,3,1,MIP
1143,153.1399998664856,276.22771512723034,true,0.13166870274629938,true,0.018876143796830114,7060,4807,3.6560857792252244e-322,3,1,MIP
1144,153.33299994468689,276.62420067593229,true,0.13166870274629938,true,0.018876143796830114,7066,4813,3.6560857792252244e-322,3,1,MIP
1145,153.4449999332428,276.84245986030015,true,0.13166870274629938,true,0.018876143796830114,7074,4821,3.6560857792252244e-322,3,1,MIP
1146,153.5479998588562,277.06828535547743,true,0.13166870274629938,true,0.018876143796830114,7075,4822,3.6560857792252244e-322,3,1,MIP
1147,153.67499995231628,277.31244810001624,true,0.13166870274629938,true,0.018876143796830114,7081,4826,3.6560857792252244e-322,3,1,MIP
1148,153.7960000038147,277.5551742613502,true,0.13166870274629938,true,0.018876143796830114,7090,4835,3.6560857792252244e-322,3,1,MIP
1149,153.91199994087219,277.78640518520092,true,0.13166870274629938,true,0.018876143796830114,7099,4844,3.6560857792252244e-322,3,1,MIP
1150,154.19099998474121,278.35615509316483,true,0.13166870274629938,true,0.018876143796830114,7120,4852,3.6560857792252244e-322,3,1,MIP
1151,154.21299982070923,278.39281708734626,true,0.13166870274629938,true,0.018885235258865204,7121,4853,3.6560857792252244e-322,3,1,MIP
1152,154.35999989509583,278.69486502730933,true,0.13166870274629938,true,0.018885235258865204,7122,4853,3.6560857792252244e-322,3,1,MIP
1153,154.4689998626709,278.89644193374932,true,0.13166870274629938,true,0.018885235258865204,7125,4854,3.6560857792252244e-322,3,1,MIP
1154,154.57299995422363,279.07427555510822,true,0.13166870274629938,true,0.018885235258865204,7131,4860,3.6560857792252244e-322,3,1,MIP
1155,154.68199992179871,279.29120566617809,true,0.13166870274629938,true,0.018885235258865204,7138,4867,3.6560857792252244e-322,3,1,MIP
1156,154.79099988937378,279.52209520594369,true,0.13166870274629938,true,0.018885235258865204,7148,4877,3.6560857792252244e-322,3,1,MIP
1157,154.96199989318848,279.8663210517276,true,0.13166870274629938,true,0.018885235258865204,7161,4880,3.6560857792252244e-322,3,1,MIP
1158,154.99499988555908,279.92776351088645,true,0.13166870274629938,true,0.018887531456124148,7162,4881,3.6560857792252244e-322,3,1,MIP
1159,155.10599994659424,280.15569311869859,true,0.13166870274629938,true,0.018887531456124148,7169,4888,3.6560857792252244e-322,3,1,MIP
1160,155.22000002861023,280.3768709315836,true,0.13166870274629938,true,0.018887531456124148,7179,4898,3.6560857792252244e-322,3,1,MIP
1161,155.32099986076355,280.57686625465288,true,0.13166870274629938,true,0.018887531456124148,7188,4903,3.6560857792252244e-322,3,1,MIP
1162,155.45799994468689,280.85594216772108,true,0.13166870274629938,true,0.018887531456124148,7193,4902,3.6560857792252244e-322,3,1,MIP
1163,155.46499991416931,280.86596453292003,true,0.13166870274629938,true,0.018909600763495436,7194,4903,3.6560857792252244e-322,3,1,MIP
1164,155.56699991226196,281.07272488159703,true,0.13166870274629938,true,0.018909600763495436,7201,4910,3.6560857792252244e-322,3,1,MIP
1165,155.67400002479553,281.2969292022633,true,0.13166870274629938,true,0.018909600763495436,7210,4919,3.6560857792252244e-322,3,1,MIP
1166,155.77799987792969,281.48637159721,true,0.13166870274629938,true,0.018909600763495436,7233,4941,3.6560857792252244e-322,3,1,MIP
1167,155.90499997138977,281.75241909566449,true,0.13166870274629938,true,0.018909600763495436,7237,4939,3.6560857792252244e-322,3,1,MIP
1168,155.90999984741211,281.75989887315166,true,0.13166870274629938,true,0.018921227836288641,7238,4940,3.6560857792252244e-322,3,1,MIP
1169,156.01399993896484,281.95963425887726,true,0.13166870274629938,true,0.018921227836288641,7244,4946,3.6560857792252244e-322,3,1,MIP
1170,156.2409999370575,282.43558029343234,true,0.13166870274629938,true,0.018921227836288641,7261,4955,3.6560857792252244e-322,3,1,MIP
1171,156.27499985694885,282.49718286260111,true,0.13166870274629938,true,0.018941165072939178,7262,4956,3.6560857792252244e-322,3,1,MIP
1172,156.39499998092651,282.74645079581944,true,0.13166870274629938,true,0.018941165072939178,7266,4960,3.6560857792252244e-322,3,1,MIP
1173,156.51900005340576,282.98803477932438,true,0.13166870274629938,true,0.018941165072939178,7270,4964,3.6560857792252244e-322,3,1,MIP
1174,156.63299989700317,283.22590005207343,true,0.13166870274629938,true,0.018941165072939178,7275,4969,3.6560857792252244e-322,3,1,MIP
1175,156.74899983406067,283.48443284703183,true,0.13166870274629938,true,0.018941165072939178,7279,4969,3.6560857792252244e-322,3,1,MIP
1176,156.85099983215332,283.69868461994395,true,0.13166870274629938,true,0.018941165072939178,7287,4969,3.6560857792252244e-322,3,1,MIP
1177,156.9909999370575,284.00224306697675,true,0.13166870274629938,true,0.018941165072939178,7288,4970,3.6560857792252244e-322,3,1,MIP
1178,157.04199981689453,284.09710498647308,true,0.13166870274629938,true,0.018944207089869811,7289,4971,3.6560857792252244e-322,3,1,MIP
1179,157.15499997138977,284.30246368035506,true,0.13166870274629938,true,0.018944207089869811,7294,4976,3.6560857792252244e-322,3,1,MIP
1180,157.27900004386902,284.54135972117297,true,0.13166870274629938,true,0.018944207089869811,7298,4980,3.6560857792252244e-322,3,1,MIP
1181,157.39299988746643,284.75056709461279,true,0.13166870274629938,true,0.018944207089869811,7306,4988,3.6560857792252244e-322,3,1,MIP
1182,157.52699995040894,285.02426025859535,true,0.13166870274629938,true,0.018944207089869811,7313,4995,3.6560857792252244e-322,3,1,MIP
1183,157.62899994850159,285.23649745279613,true,0.13166870274629938,true,0.018944207089869811,7323,5005,3.6560857792252244e-322,3,1,MIP
1184,157.73099994659424,285.424788039048,true,0.13166870274629938,true,0.018944207089869811,7352,5015,3.6560857792252244e-322,3,1,MIP
1185,157.83799982070923,285.64289637611819,true,0.13166870274629938,true,0.018973621325331501,7354,5017,3.6560857792252244e-322,3,1,MIP
1186,157.96499991416931,285.88812091108343,true,0.13166870274629938,true,0.018973621325331501,7358,5021,3.6560857792252244e-322,3,1,MIP
1187,158.06599998474121,286.08732525930731,true,0.13166870274629938,true,0.018973621325331501,7362,5025,3.6560857792252244e-322,3,1,MIP
1188,158.19099998474121,286.32281626554175,true,0.13166870274629938,true,0.018973621325331501,7367,5030,3.6560857792252244e-322,3,1,MIP
1189,158.29699993133545,286.52830550764833,true,0.13166870274629938,true,0.018973621325331501,7375,5032,3.6560857792252244e-322,3,1,MIP
1190,158.4210000038147,286.73821067071742,true,0.13166870274629938,true,0.018973621325331501,7376,5033,3.6560857792252244e-322,3,1,MIP
1191,158.53099989891052,286.94134468033633,true,0.13166870274629938,true,0.018973621325331501,7382,5039,3.6560857792252244e-322,3,1,MIP
1192,158.63599991798401,287.11218454558474,true,0.13166870274629938,true,0.018973621325331501,7389,5046,3.6560857792252244e-322,3,1,MIP
1193,158.77999997138977,287.39842023873121,true,0.13166870274629938,true,0.018973621325331501,7400,5047,3.6560857792252244e-322,3,1,MIP
1194,158.86199998855591,287.56432934003038,true,0.13166870274629938,true,0.018976101389398939,7401,5048,3.6560857792252244e-322,3,1,MIP
1195,158.96700000762939,287.74728989028364,true,0.13166870274629938,true,0.018976101389398939,7406,5053,3.6560857792252244e-322,3,1,MIP
1196,159.06799983978271,287.95754603792989,true,0.13166870274629938,true,0.018976101389398939,7409,5056,3.6560857792252244e-322,3,1,MIP
1197,159.18499994277954,288.19475330972944,true,0.13166870274629938,true,0.018976101389398939,7413,5060,3.6560857792252244e-322,3,1,MIP
1198,159.29499983787537,288.42613664638964,true,0.13166870274629938,true,0.018976101389398939,7423,5064,3.6560857792252244e-322,3,1,MIP
1199,159.45899987220764,288.7609044548563,true,0.13166870274629938,true,0.018976101389398939,7430,5063,3.6560857792252244e-322,3,1,MIP
1200,159.49499988555908,288.82614447725257,true,0.13166870274629938,true,0.018983920042898034,7431,5064,3.6560857792252244e-322,3,1,MIP
1201,159.59999990463257,289.02048599238196,true,0.13166870274629938,true,0.018983920042898034,7434,5067,3.6560857792252244e-322,3,1,MIP
1202,159.71299982070923,289.23390169496264,true,0.13166870274629938,true,0.018983920042898034,7439,5072,3.6560857792252244e-322,3,1,MIP
1203,159.82200002670288,289.43035453656336,true,0.13166870274629938,true,0.018983920042898034,7445,5078,3.6560857792252244e-322,3,1,MIP
1204,159.93099999427795,289.60867165879546,true,0.13166870274629938,true,0.018983920042898034,7453,5086,3.6560857792252244e-322,3,1,MIP
1205,160.03600001335144,289.79948580002838,true,0.13166870274629938,true,0.018983920042898034,7461,5094,3.6560857792252244e-322,3,1,MIP
1206,160.16899991035461,290.00601679316935,true,0.13166870274629938,true,0.018983920042898034,7485,5108,3.6560857792252244e-322,3,1,MIP
1207,160.29399991035461,290.25727819298527,true,0.13166870274629938,true,0.018986999942340748,7489,5108,3.6560857792252244e-322,3,1,MIP
1208,160.39999985694885,290.4614645288122,true,0.13166870274629938,true,0.018986999942340748,7492,5109,3.6560857792252244e-322,3,1,MIP
1209,160.51600003242493,290.69548366546252,true,0.13166870274629938,true,0.018986999942340748,7495,5112,3.6560857792252244e-322,3,1,MIP
1210,160.71399998664856,291.0992764786173,true,0.13166870274629938,true,0.018986999942340748,7499,5116,3.6560857792252244e-322,3,1,MIP
1211,160.8439998626709,291.33828097769481,true,0.13166870274629938,true,0.018986999942340748,7504,5121,3.6560857792252244e-322,3,1,MIP
1212,160.9689998626709,291.58049781591461,true,0.13166870274629938,true,0.018986999942340748,7508,5125,3.6560857792252244e-322,3,1,MIP
1213,161.08599996566772,291.79932642693052,true,0.13166870274629938,true,0.018986999942340748,7512,5129,3.6560857792252244e-322,3,1,MIP
1214,161.18999981880188,292.01177628671076,true,0.13166870274629938,true,0.018986999942340748,7516,5133,3.6560857792252244e-322,3,1,MIP
1215,161.29099988937378,292.22498612097445,true,0.13166870274629938,true,0.018986999942340748,7520,5136,3.6560857792252244e-322,3,1,MIP
1216,161.39400005340576,292.44945262730431,true,0.13166870274629938,true,0.018986999942340748,7524,5140,3.6560857792252244e-322,3,1,MIP
1217,161.50099992752075,292.67551198524689,true,0.13166870274629938,true,0.018986999942340748,7532,5148,3.6560857792252244e-322,3,1,MIP
1218,161.60599994659424,292.88984181826788,true,0.13166870274629938,true,0.018986999942340748,7542,5156,3.6560857792252244e-322,3,1,MIP
1219,161.71000003814697,293.05157830664592,true,0.13166870274629938,true,0.018986999942340748,7550,5162,3.6560857792252244e-322,3,1,MIP
1220,161.81099987030029,293.20998923841228,true,0.13166870274629938,true,0.018986999942340748,7586,5196,3.6560857792252244e-322,3,1,MIP
1221,161.91100001335144,293.37122022156768,true,0.13166870274629938,true,0.018986999942340748,7614,5221,3.6560857792252244e-322,3,1,MIP
1222,162.06599998474121,293.66825370473128,true,0.13166870274629938,true,0.018986999942340748,7639,5224,3.6560857792252244e-322,3,1,MIP
1223,162.08999991416931,293.70485893314981,true,0.13166870274629938,true,0.018990294537243817,7640,5225,3.6560857792252244e-322,3,1,MIP
1224,162.19099998474121,293.91234705778095,true,0.13166870274629938,true,0.018990294537243817,7646,5231,3.6560857792252244e-322,3,1,MIP
1225,162.2960000038147,294.12637522515269,true,0.13166870274629938,true,0.018990294537243817,7660,5245,3.6560857792252244e-322,3,1,MIP
1226,162.40599989891052,294.31752895594104,true,0.13166870274629938,true,0.018990294537243817,7667,5252,3.6560857792252244e-322,3,1,MIP
1227,162.58200001716614,294.65852982966896,true,0.13166870274629938,true,0.018990294537243817,7702,5275,3.6560857792252244e-322,3,1,MIP
1228,162.66899991035461,294.83938086973069,true,0.13166870274629938,true,0.018992805105051688,7703,5276,3.6560857792252244e-322,3,1,MIP
1229,162.7960000038147,295.10484814901235,true,0.13166870274629938,true,0.018992805105051688,7709,5280,3.6560857792252244e-322,3,1,MIP
1230,162.94199991226196,295.41902837390768,true,0.13166870274629938,true,0.018992805105051688,7712,5281,3.6560857792252244e-322,3,1,MIP
1231,163.10199999809265,295.74403883785681,true,0.13166870274629938,true,0.018992805105051688,7722,5280,3.6560857792252244e-322,3,1,MIP
1232,163.13299989700317,295.7961075952054,true,0.13166870274629938,true,0.019010694007986207,7723,5281,3.6560857792252244e-322,3,1,MIP
1233,163.24699997901917,296.00117304393592,true,0.13166870274629938,true,0.019010694007986207,7726,5284,3.6560857792252244e-322,3,1,MIP
1234,163.35899996757507,296.22103102624919,true,0.13166870274629938,true,0.019010694007986207,7729,5287,3.6560857792252244e-322,3,1,MIP
1235,163.46499991416931,296.43827642659585,true,0.13166870274629938,true,0.019010694007986207,7732,5290,3.6560857792252244e-322,3,1,MIP
1236,163.57099986076355,296.6653176636413,true,0.13166870274629938,true,0.019010694007986207,7734,5292,3.6560857792252244e-322,3,1,MIP
1237,163.70000004768372,296.93751879866119,true,0.13166870274629938,true,0.019010694007986207,7739,5297,3.6560857792252244e-322,3,1,MIP
1238,163.85999989509583,297.28527097829578,true,0.13166870274629938,true,0.019010694007986207,7744,5298,3.6560857792252244e-322,3,1,MIP
1239,163.96099996566772,297.44957025456,true,0.13166870274629938,true,0.019010694007986207,7747,5301,3.6560857792252244e-322,3,1,MIP
1240,164.06499981880188,297.64060574544726,true,0.13166870274629938,true,0.019010694007986207,7753,5305,3.6560857792252244e-322,3,1,MIP
1241,164.16799998283386,297.84237136102348,true,0.13166870274629938,true,0.019010694007986207,7760,5306,3.6560857792252244e-322,3,1,MIP
1242,164.37899994850159,298.2906431327865,true,0.13166870274629938,true,0.019010694007986207,7771,5303,3.6560857792252244e-322,3,1,MIP
1243,164.4779999256134,298.50288938213521,true,0.13166870274629938,true,0.019011447112177199,7772,5304,3.6560857792252244e-322,3,1,MIP
1244,164.58799982070923,298.69422823007227,true,0.13166870274629938,true,0.019011447112177199,7777,5309,3.6560857792252244e-322,3,1,MIP
1245,164.70000004768372,298.88182705035848,true,0.13166870274629938,true,0.019011447112177199,7783,5315,3.6560857792252244e-322,3,1,MIP
1246,164.80799984931946,299.07549091803406,true,0.13166870274629938,true,0.019011447112177199,7789,5321,3.6560857792252244e-322,3,1,MIP
1247,164.90799999237061,299.26791656033805,true,0.13166870274629938,true,0.019011447112177199,7810,5342,3.6560857792252244e-322,3,1,MIP
1248,165.02999997138977,299.50855981910701,true,0.13166870274629938,true,0.019022186597490571,7824,5348,3.6560857792252244e-322,3,1,MIP
1249,165.19199991226196,299.83004169369781,true,0.13166870274629938,true,0.019022186597490571,7828,5352,3.6560857792252244e-322,3,1,MIP
1250,165.29399991035461,300.0458988003565,true,0.13166870274629938,true,0.019022186597490571,7831,5355,3.6560857792252244e-322,3,1,MIP
1251,165.40899991989136,300.29469297380501,true,0.13166870274629938,true,0.019022186597490571,7835,5359,3.6560857792252244e-322,3,1,MIP
1252,165.53299999237061,300.57008644488201,true,0.13166870274629938,true,0.019022186597490571,7842,5361,3.6560857792252244e-322,3,1,MIP
1253,165.64299988746643,300.79434772802159,true,0.13166870274629938,true,0.019022186597490571,7849,5364,3.6560857792252244e-322,3,1,MIP
1254,165.79199981689453,301.08357683604902,true,0.13166870274629938,true,0.019022186597490571,7861,5368,3.6560857792252244e-322,3,1,MIP
1255,165.83099985122681,301.14782242467027,true,0.13166870274629938,true,0.01903202241684409,7862,5369,3.6560857792252244e-322,3,1,MIP
1256,165.93299984931946,301.32991002028001,true,0.13166870274629938,true,0.01903202241684409,7867,5374,3.6560857792252244e-322,3,1,MIP
1257,166.04399991035461,301.54594440580973,true,0.13166870274629938,true,0.01903202241684409,7873,5380,3.6560857792252244e-322,3,1,MIP
1258,166.14800000190735,301.73225321672476,true,0.13166870274629938,true,0.01903202241684409,7889,5396,3.6560857792252244e-322,3,1,MIP
1259,166.25899982452393,301.93629919554547,true,0.13166870274629938,true,0.01903202241684409,7917,5415,3.6560857792252244e-322,3,1,MIP
1260,166.28900003433228,302.00247369389143,true,0.13166870274629938,true,0.019041072458788354,7918,5416,3.6560857792252244e-322,3,1,MIP
1261,166.39499998092651,302.2145581285011,true,0.13166870274629938,true,0.019041072458788354,7923,5421,3.6560857792252244e-322,3,1,MIP
1262,166.5149998664856,302.4470127639222,true,0.13166870274629938,true,0.019041072458788354,7927,5425,3.6560857792252244e-322,3,1,MIP
1263,166.63399982452393,302.69103603011075,true,0.13166870274629938,true,0.019041072458788354,7936,5434,3.6560857792252244e-322,3,1,MIP
1264,166.74399995803833,302.92973535817089,true,0.13166870274629938,true,0.019041072458788354,7941,5439,3.6560857792252244e-322,3,1,MIP
1265,166.84699988365173,303.14653934824958,true,0.13166870274629938,true,0.019041072458788354,7948,5446,3.6560857792252244e-322,3,1,MIP
1266,166.95099997520447,303.31224868930462,true,0.13166870274629938,true,0.019041072458788354,7963,5461,3.6560857792252244e-322,3,1,MIP
1267,167.05200004577637,303.48690833599409,true,0.13166870274629938,true,0.019041072458788354,7976,5472,3.6560857792252244e-322,3,1,MIP
1268,167.17799997329712,303.69006072068584,true,0.13166870274629938,true,0.019042568105860504,7991,5471,3.6560857792252244e-322,3,1,MIP
1269,167.30499982833862,303.93883517734031,true,0.13166870274629938,true,0.019042568105860504,7995,5475,3.6560857792252244e-322,3,1,MIP
1270,167.40499997138977,304.13116791517382,true,0.13166870274629938,true,0.019042568105860504,8002,5482,3.6560857792252244e-322,3,1,MIP
1271,167.54699993133545,304.38772265305334,true,0.13166870274629938,true,0.019042568105860504,8011,5491,3.6560857792252244e-322,3,1,MIP
1272,167.67599987983704,304.59786265681839,true,0.13166870274629938,true,0.019042568105860504,8016,5496,3.6560857792252244e-322,3,1,MIP
1273,167.80699992179871,304.81199761546804,true,0.13166870274629938,true,0.019042568105860504,8020,5498,3.6560857792252244e-322,3,1,MIP
1274,167.90799999237061,304.99569085743218,true,0.13166870274629938,true,0.019042568105860504,8032,5500,3.6560857792252244e-322,3,1,MIP
1275,168.11099982261658,305.38850409680668,true,0.13166870274629938,true,0.019042568105860504,8052,5499,3.6560857792252244e-322,3,1,MIP
1276,168.15100002288818,305.46255896431114,true,0.13166870274629938,true,0.019060295331187076,8053,5500,3.6560857792252244e-322,3,1,MIP
1277,168.25899982452393,305.67243990178815,true,0.13166870274629938,true,0.019060295331187076,8055,5502,3.6560857792252244e-322,3,1,MIP
1278,168.35899996757507,305.8417852677328,true,0.13166870274629938,true,0.019060295331187076,8060,5507,3.6560857792252244e-322,3,1,MIP
1279,168.47300004959106,306.05690293073661,true,0.13166870274629938,true,0.019060295331187076,8064,5511,3.6560857792252244e-322,3,1,MIP
1280,168.58299994468689,306.26364749115834,true,0.13166870274629938,true,0.019060295331187076,8068,5515,3.6560857792252244e-322,3,1,MIP
1281,168.69899988174438,306.49080416153527,true,0.13166870274629938,true,0.019060295331187076,8075,5520,3.6560857792252244e-322,3,1,MIP
1282,168.8199999332428,306.72154000654359,true,0.13166870274629938,true,0.019072430512529458,8081,5520,3.6560857792252244e-322,3,1,MIP
1283,168.94099998474121,306.96073836284137,true,0.13166870274629938,true,0.019072430512529458,8084,5523,3.6560857792252244e-322,3,1,MIP
1284,169.07999992370605,307.2217735395314,true,0.13166870274629938,true,0.019072430512529458,8088,5527,3.6560857792252244e-322,3,1,MIP
1285,169.21399998664856,307.46828747278482,true,0.13166870274629938,true,0.019072430512529458,8094,5533,3.6560857792252244e-322,3,1,MIP
1286,169.31900000572205,307.68666300988207,true,0.13166870274629938,true,0.019072430512529458,8099,5538,3.6560857792252244e-322,3,1,MIP
1287,169.5,308.06099041624856,true,0.13166870274629938,true,0.019072430512529458,8113,5538,3.6560857792252244e-322,3,1,MIP
1288,169.56200003623962,308.17079274738057,true,0.13166870274629938,true,0.019074928994543758,8114,5539,3.6560857792252244e-322,3,1,MIP
1289,169.66499996185303,308.37384561034224,true,0.13166870274629938,true,0.019074928994543758,8117,5542,3.6560857792252244e-322,3,1,MIP
1290,169.99399995803833,309.12061129361751,true,0.13166870274629938,true,0.019074928994543758,8120,5545,3.6560857792252244e-322,3,1,MIP
1291,170.09899997711182,309.35983905511023,true,0.13166870274629938,true,0.019074928994543758,8121,5546,3.6560857792252244e-322,3,1,MIP
1292,170.22399997711182,309.64081414738018,true,0.13166870274629938,true,0.019074928994543758,8123,5548,3.6560857792252244e-322,3,1,MIP
1293,170.41199994087219,310.04253756165821,true,0.13166870274629938,true,0.019074928994543758,8125,5550,3.6560857792252244e-322,3,1,MIP
1294,170.5149998664856,310.24706693059142,true,0.13166870274629938,true,0.019074928994543758,8129,5554,3.6560857792252244e-322,3,1,MIP
1295,170.6159999370575,310.46004881583451,true,0.13166870274629938,true,0.019074928994543758,8138,5557,3.6560857792252244e-322,3,1,MIP
1296,170.71700000762939,310.6629254099243,true,0.13166870274629938,true,0.019074928994543758,8141,5557,3.6560857792252244e-322,3,1,MIP
1297,171.05099987983704,311.35108633954604,true,0.13166870274629938,true,0.01907569878768799,8142,5556,3.6560857792252244e-322,3,1,MIP
1298,171.15499997138977,311.5494203136908,true,0.13166870274629938,true,0.01907569878768799,8144,5558,3.6560857792252244e-322,3,1,MIP
1299,171.27300000190735,311.7871098409741,true,0.13166870274629938,true,0.01907569878768799,8147,5561,3.6560857792252244e-322,3,1,MIP
1300,171.39299988746643,311.99423445976367,true,0.13166870274629938,true,0.01907569878768799,8152,5566,3.6560857792252244e-322,3,1,MIP
1301,171.50399994850159,312.2235273698239,true,0.13166870274629938,true,0.01907569878768799,8155,5569,3.6560857792252244e-322,3,1,MIP
1302,171.60800004005432,312.41845048500551,true,0.13166870274629938,true,0.01907569878768799,8159,5573,3.6560857792252244e-322,3,1,MIP
1303,171.71799993515015,312.62796355203881,true,0.13166870274629938,true,0.01907569878768799,8164,5578,3.6560857792252244e-322,3,1,MIP
1304,171.82500004768372,312.81989291832565,true,0.13166870274629938,true,0.01907569878768799,8171,5585,3.6560857792252244e-322,3,1,MIP
1305,172.03600001335144,313.24932722478155,true,0.13166870274629938,true,0.01907569878768799,8184,5585,3.6560857792252244e-322,3,1,MIP
1306,172.07200002670288,313.31808240430843,true,0.13166870274629938,true,0.019079112109815655,8185,5586,3.6560857792252244e-322,3,1,MIP
1307,172.22300004959106,313.6212456530692,true,0.13166870274629938,true,0.019079112109815655,8188,5589,3.6560857792252244e-322,3,1,MIP
1308,172.32599997520447,313.82488674811367,true,0.13166870274629938,true,0.019079112109815655,8193,5594,3.6560857792252244e-322,3,1,MIP
1309,172.43599987030029,314.05801135807798,true,0.13166870274629938,true,0.019079112109815655,8196,5597,3.6560857792252244e-322,3,1,MIP
1310,172.53900003433228,314.28184089109391,true,0.13166870274629938,true,0.019079112109815655,8199,5600,3.6560857792252244e-322,3,1,MIP
1311,172.64499998092651,314.48779273016441,true,0.13166870274629938,true,0.019079112109815655,8206,5602,3.6560857792252244e-322,3,1,MIP
1312,172.74899983406067,314.70719714672066,true,0.13166870274629938,true,0.019079112109815655,8216,5610,3.6560857792252244e-322,3,1,MIP
1313,172.95499992370605,315.13996668888387,true,0.13166870274629938,true,0.019079112109815655,8229,5613,3.6560857792252244e-322,3,1,MIP
1314,172.98899984359741,315.19565922821374,true,0.13166870274629938,true,0.019082795887051709,8230,5614,3.6560857792252244e-322,3,1,MIP
1315,173.15799999237061,315.52141284507945,true,0.13166870274629938,true,0.019082795887051709,8234,5618,3.6560857792252244e-322,3,1,MIP
1316,173.27699995040894,315.73440254235521,true,0.13166870274629938,true,0.019082795887051709,8245,5629,3.6560857792252244e-322,3,1,MIP
1317,173.51399993896484,316.24389673952169,true,0.13166870274629938,true,0.019082795887051709,8254,5628,3.6560857792252244e-322,3,1,MIP
1318,173.6949999332428,316.63431278626052,true,0.13166870274629938,true,0.019097860405693085,8255,5629,3.6560857792252244e-322,3,1,MIP
1319,173.7979998588562,316.8174428627571,true,0.13166870274629938,true,0.019097860405693085,8259,5633,3.6560857792252244e-322,3,1,MIP
1320,173.92599987983704,317.08429234591028,true,0.13166870274629938,true,0.019097860405693085,8263,5637,3.6560857792252244e-322,3,1,MIP
1321,174.02799987792969,317.2880749410657,true,0.13166870274629938,true,0.019097860405693085,8272,5646,3.6560857792252244e-322,3,1,MIP
1322,174.12800002098083,317.47011608733209,true,0.13166870274629938,true,0.019097860405693085,8291,5659,3.6560857792252244e-322,3,1,MIP
1323,174.33699989318848,317.92055202468327,true,0.13166870274629938,true,0.019097860405693085,8300,5656,3.6560857792252244e-322,3,1,MIP
1324,174.50499987602234,318.24719548832508,true,0.13166870274629938,true,0.019097860405693085,8304,5660,3.6560857792252244e-322,3,1,MIP
1325,174.75,318.78862678849509,true,0.13166870274629938,true,0.019097860405693085,8305,5659,3.6560857792252244e-322,3,1,MIP
1326,174.86999988555908,319.01447099270752,true,0.13166870274629938,true,0.019097860405693085,8309,5663,3.6560857792252244e-322,3,1,MIP
1327,174.98699998855591,319.26112270052602,true,0.13166870274629938,true,0.019097860405693085,8311,5665,3.6560857792252244e-322,3,1,MIP
1328,175.09299993515015,319.45487624095722,true,0.13166870274629938,true,0.019097860405693085,8318,5670,3.6560857792252244e-322,3,1,MIP
1329,175.21700000762939,319.71210241893584,true,0.13166870274629938,true,0.019097860405693085,8325,5677,3.6560857792252244e-322,3,1,MIP
1330,175.34299993515015,319.98404374743751,true,0.13166870274629938,true,0.019097860405693085,8331,5681,3.6560857792252244e-322,3,1,MIP
1331,175.44799995422363,320.21544410727057,true,0.13166870274629938,true,0.019097860405693085,8338,5680,3.6560857792252244e-322,3,1,MIP
1332,175.64199995994568,320.63604513331495,true,0.13166870274629938,true,0.019097860405693085,8343,5679,3.6560857792252244e-322,3,1,MIP
1333,175.72599983215332,320.80211031135127,true,0.13166870274629938,true,0.019115643423815741,8344,5680,3.6560857792252244e-322,3,1,MIP
1334,175.87199997901917,321.07069509800442,true,0.13166870274629938,true,0.019115643423815741,8347,5683,3.6560857792252244e-322,3,1,MIP
1335,175.98699998855591,321.27037903300862,true,0.13166870274629938,true,0.019115643423815741,8351,5687,3.6560857792252244e-322,3,1,MIP
1336,176.12199997901917,321.52575481280201,true,0.13166870274629938,true,0.019115643423815741,8356,5692,3.6560857792252244e-322,3,1,MIP
1337,176.23199987411499,321.72957837737914,true,0.13166870274629938,true,0.019115643423815741,8366,5702,3.6560857792252244e-322,3,1,MIP
1338,176.33899998664856,321.93878930150373,true,0.13166870274629938,true,0.019115643423815741,8376,5708,3.6560857792252244e-322,3,1,MIP
1339,176.47199988365173,322.19270201329851,true,0.13166870274629938,true,0.019123655746351845,8383,5709,3.6560857792252244e-322,3,1,MIP
1340,176.59500002861023,322.41956744090004,true,0.13166870274629938,true,0.019123655746351845,8388,5714,3.6560857792252244e-322,3,1,MIP
1341,176.71700000762939,322.68225328513302,true,0.13166870274629938,true,0.019123655746351845,8394,5720,3.6560857792252244e-322,3,1,MIP
1342,176.82500004768372,322.9079136158922,true,0.13166870274629938,true,0.019123655746351845,8398,5724,3.6560857792252244e-322,3,1,MIP
1343,176.97499990463257,323.23193563609908,true,0.13166870274629938,true,0.019123655746351845,8402,5728,3.6560857792252244e-322,3,1,MIP
1344,177.09099984169006,323.44639419108745,true,0.13166870274629938,true,0.019123655746351845,8408,5734,3.6560857792252244e-322,3,1,MIP
1345,177.21399998664856,323.70129531222688,true,0.13166870274629938,true,0.019123655746351845,8414,5740,3.6560857792252244e-322,3,1,MIP
1346,177.31900000572205,323.91785270757947,true,0.13166870274629938,true,0.019123655746351845,8420,5746,3.6560857792252244e-322,3,1,MIP
1347,177.42599987983704,324.14525184338544,true,0.13166870274629938,true,0.019123655746351845,8426,5752,3.6560857792252244e-322,3,1,MIP
1348,177.53199982643127,324.3178719741764,true,0.13166870274629938,true,0.019123655746351845,8440,5766,3.6560857792252244e-322,3,1,MIP
1349,177.63199996948242,324.46588960001225,true,0.13166870274629938,true,0.019123655746351845,8475,5799,3.6560857792252244e-322,3,1,MIP
1350,177.79699993133545,324.80269081517071,true,0.13166870274629938,true,0.019123655746351845,8495,5804,3.6560857792252244e-322,3,1,MIP
1351,177.82399988174438,324.84283994595978,true,0.13166870274629938,true,0.01912623766682604,8496,5805,3.6560857792252244e-322,3,1,MIP
1352,177.92899990081787,325.04590629915049,true,0.13166870274629938,true,0.01912623766682604,8499,5808,3.6560857792252244e-322,3,1,MIP
1353,178.03799986839294,325.2519005230522,true,0.13166870274629938,true,0.01912623766682604,8503,5812,3.6560857792252244e-322,3,1,MIP
1354,178.14400005340576,325.46865559811425,true,0.13166870274629938,true,0.01912623766682604,8511,5820,3.6560857792252244e-322,3,1,MIP
1355,178.24699997901917,325.67915429002045,true,0.13166870274629938,true,0.01912623766682604,8532,5840,3.6560857792252244e-322,3,1,MIP
1356,178.41299986839294,325.9931623859668,true,0.13166870274629938,true,0.01912623766682604,8554,5849,3.6560857792252244e-322,3,1,MIP
1357,178.44199991226196,326.04250846457956,true,0.13166870274629938,true,0.019135804631340732,8555,5850,3.6560857792252244e-322,3,1,MIP
1358,178.55299997329712,326.27228463135748,true,0.13166870274629938,true,0.019135804631340732,8560,5855,3.6560857792252244e-322,3,1,MIP
1359,178.65699982643127,326.47859975955816,true,0.13166870274629938,true,0.019135804631340732,8570,5865,3.6560857792252244e-322,3,1,MIP
1360,178.83999991416931,326.85612277738812,true,0.13166870274629938,true,0.019135804631340732,8580,5867,3.6560857792252244e-322,3,1,MIP
1361,178.89400005340576,326.95204129192308,true,0.13166870274629938,true,0.019136805016169576,8581,5868,3.6560857792252244e-322,3,1,MIP
1362,179.04299998283386,327.2547248667347,true,0.13166870274629938,true,0.019136805016169576,8584,5871,3.6560857792252244e-322,3,1,MIP
1363,179.1489999294281,327.45516863641996,true,0.13166870274629938,true,0.019136805016169576,8589,5876,3.6560857792252244e-322,3,1,MIP
1364,179.25699996948242,327.67717234682272,true,0.13166870274629938,true,0.019136805016169576,8598,5885,3.6560857792252244e-322,3,1,MIP
1365,179.4539999961853,328.09351155258014,true,0.13166870274629938,true,0.019136805016169576,8615,5895,3.6560857792252244e-322,3,1,MIP
1366,179.48899984359741,328.15797119957506,true,0.13166870274629938,true,0.019174557832862572,8616,5896,3.6560857792252244e-322,3,1,MIP
1367,179.59999990463257,328.39778913239189,true,0.13166870274629938,true,0.019174557832862572,8620,5900,3.6560857792252244e-322,3,1,MIP
1368,179.71599984169006,328.64129642580775,true,0.13166870274629938,true,0.019174557832862572,8629,5909,3.6560857792252244e-322,3,1,MIP
1369,179.83500003814697,328.89373150885262,true,0.13166870274629938,true,0.019174557832862572,8636,5916,3.6560857792252244e-322,3,1,MIP
1370,180.01999998092651,329.25919736745271,true,0.13166870274629938,true,0.019174557832862572,8645,5915,3.6560857792252244e-322,3,1,MIP
1371,180.05399990081787,329.31219876383597,true,0.13166870274629938,true,0.019177382089891559,8646,5916,3.6560857792252244e-322,3,1,MIP
1372,180.15799999237061,329.50813907931189,true,0.13166870274629938,true,0.019177382089891559,8649,5919,3.6560857792252244e-322,3,1,MIP
1373,180.25899982452393,329.7058866132565,true,0.13166870274629938,true,0.019177382089891559,8654,5924,3.6560857792252244e-322,3,1,MIP
1374,180.35899996757507,329.90982389322164,true,0.13166870274629938,true,0.019177382089891559,8660,5930,3.6560857792252244e-322,3,1,MIP
1375,180.46599984169006,330.12293267234702,true,0.13166870274629938,true,0.019177382089891559,8683,5953,3.6560857792252244e-322,3,1,MIP
1376,180.6729998588562,330.51675231465612,true,0.13166870274629938,true,0.019177382089891559,8710,5972,3.6560857792252244e-322,3,1,MIP
1377,180.75600004196167,330.68644354084142,true,0.13166870274629938,true,0.019189115089634955,8711,5973,3.6560857792252244e-322,3,1,MIP
1378,180.99600005149841,331.19107595401158,true,0.13166870274629938,true,0.019189115089634955,8716,5978,3.6560857792252244e-322,3,1,MIP
1379,181.10599994659424,331.43886475784694,true,0.13166870274629938,true,0.019189115089634955,8719,5981,3.6560857792252244e-322,3,1,MIP
1380,181.26199984550476,331.77695970074757,true,0.13166870274629938,true,0.019189115089634955,8728,5980,3.6560857792252244e-322,3,1,MIP
1381,181.32699990272522,331.90733506923533,true,0.13166870274629938,true,0.019206897339014616,8729,5981,3.6560857792252244e-322,3,1,MIP
1382,181.43999981880188,332.11266782433307,true,0.13166870274629938,true,0.019206897339014616,8733,5985,3.6560857792252244e-322,3,1,MIP
1383,181.55099987983704,332.31637005555791,true,0.13166870274629938,true,0.019206897339014616,8743,5995,3.6560857792252244e-322,3,1,MIP
1384,181.72599983215332,332.64203348039081,true,0.13166870274629938,true,0.019206897339014616,8777,6021,3.6560857792252244e-322,3,1,MIP
1385,181.75300002098083,332.68976468747525,true,0.13166870274629938,true,0.019224477333050317,8778,6022,3.6560857792252244e-322,3,1,MIP
1386,181.87800002098083,332.95922148213754,true,0.13166870274629938,true,0.019224477333050317,8780,6024,3.6560857792252244e-322,3,1,MIP
1387,181.99600005149841,333.19375250300237,true,0.13166870274629938,true,0.019224477333050317,8784,6028,3.6560857792252244e-322,3,1,MIP
1388,182.10599994659424,333.41191643495102,true,0.13166870274629938,true,0.019224477333050317,8792,6036,3.6560857792252244e-322,3,1,MIP
1389,182.21099996566772,333.62986418558563,true,0.13166870274629938,true,0.019224477333050317,8807,6051,3.6560857792252244e-322,3,1,MIP
1390,182.31699991226196,333.8135151955122,true,0.13166870274629938,true,0.019224477333050317,8826,6070,3.6560857792252244e-322,3,1,MIP
1391,182.48599982261658,334.13276292291715,true,0.13166870274629938,true,0.019224477333050317,8839,6071,3.6560857792252244e-322,3,1,MIP
1392,182.55900001525879,334.2838850080642,true,0.13166870274629938,true,0.019236888721419907,8840,6072,3.6560857792252244e-322,3,1,MIP
1393,182.66199994087219,334.46114817813844,true,0.13166870274629938,true,0.019236888721419907,8843,6075,3.6560857792252244e-322,3,1,MIP
1394,182.7739999294281,334.67660849517426,true,0.13166870274629938,true,0.019236888721419907,8848,6080,3.6560857792252244e-322,3,1,MIP
1395,182.87999987602234,334.89084630168156,true,0.13166870274629938,true,0.019236888721419907,8854,6084,3.6560857792252244e-322,3,1,MIP
1396,183.03900003433228,335.21886413542649,true,0.13166870274629938,true,0.019236888721419907,8862,6084,3.6560857792252244e-322,3,1,MIP
1397,183.06399989128113,335.26069488766183,true,0.13166870274629938,true,0.019244686368449931,8863,6085,3.6560857792252244e-322,3,1,MIP
1398,183.16499996185303,335.43830257929579,true,0.13166870274629938,true,0.019244686368449931,8868,6090,3.6560857792252244e-322,3,1,MIP
1399,183.27199983596802,335.65957850644855,true,0.13166870274629938,true,0.019244686368449931,8871,6093,3.6560857792252244e-322,3,1,MIP
1400,183.38599991798401,335.87044158068096,true,0.13166870274629938,true,0.019244686368449931,8878,6100,3.6560857792252244e-322,3,1,MIP
1401,183.48699998855591,336.03962250321536,true,0.13166870274629938,true,0.019244686368449931,8901,6123,3.6560857792252244e-322,3,1,MIP
1402,183.62100005149841,336.31034103425947,true,0.13166870274629938,true,0.019244686368449931,8913,6127,3.6560857792252244e-322,3,1,MIP
1403,183.64299988746643,336.34852060845765,true,0.13166870274629938,true,0.019248787758128452,8914,6128,3.6560857792252244e-322,3,1,MIP
1404,183.74699997901917,336.56322836480564,true,0.13166870274629938,true,0.019248787758128452,8918,6132,3.6560857792252244e-322,3,1,MIP
1405,183.85199999809265,336.77974916323677,true,0.13166870274629938,true,0.019248787758128452,8926,6140,3.6560857792252244e-322,3,1,MIP
1406,183.96099996566772,336.98715098084648,true,0.13166870274629938,true,0.019248787758128452,8931,6145,3.6560857792252244e-322,3,1,MIP
1407,184.06200003623962,337.16504468746263,true,0.13166870274629938,true,0.019248787758128452,8974,6176,3.6560857792252244e-322,3,1,MIP
1408,184.22399997711182,337.47028467891101,true,0.13166870274629938,true,0.019253460920387988,8979,6175,3.6560857792252244e-322,3,1,MIP
1409,184.33099985122681,337.66801699955943,true,0.13166870274629938,true,0.019253460920387988,8983,6179,3.6560857792252244e-322,3,1,MIP
1410,184.45000004768372,337.90961981374869,true,0.13166870274629938,true,0.019253460920387988,8989,6185,3.6560857792252244e-322,3,1,MIP
1411,184.55200004577637,338.10513739293424,true,0.13166870274629938,true,0.019253460920387988,9017,6213,3.6560857792252244e-322,3,1,MIP
1412,184.71199989318848,338.38162680052142,true,0.13166870274629938,true,0.019253460920387988,9040,6228,3.6560857792252244e-322,3,1,MIP
1413,184.74000000953674,338.44261678012998,true,0.13166870274629938,true,0.019253680021402601,9041,6229,3.6560857792252244e-322,3,1,MIP
1414,184.85899996757507,338.67553425002029,true,0.13166870274629938,true,0.019253680021402601,9045,6233,3.6560857792252244e-322,3,1,MIP
1415,184.96099996566772,338.8815914589423,true,0.13166870274629938,true,0.019253680021402601,9049,6237,3.6560857792252244e-322,3,1,MIP
1416,185.06299996376038,339.07871892682988,true,0.13166870274629938,true,0.019253680021402601,9072,6260,3.6560857792252244e-322,3,1,MIP
1417,185.1710000038147,339.28483270256902,true,0.13166870274629938,true,0.019253680021402601,9092,6266,3.6560857792252244e-322,3,1,MIP
1418,185.20299983024597,339.34380397292091,true,0.13166870274629938,true,0.019253842685889283,9093,6267,3.6560857792252244e-322,3,1,MIP
1419,185.31699991226196,339.57190110836461,true,0.13166870274629938,true,0.019253842685889283,9097,6271,3.6560857792252244e-322,3,1,MIP
1420,185.4210000038147,339.78124938189865,true,0.13166870274629938,true,0.019253842685889283,9104,6278,3.6560857792252244e-322,3,1,MIP
1421,185.52199983596802,339.95253625073201,true,0.13166870274629938,true,0.019253842685889283,9134,6304,3.6560857792252244e-322,3,1,MIP
1422,185.65799999237061,340.21831327770826,true,0.13166870274629938,true,0.01925620452247551,9142,6304,3.6560857792252244e-322,3,1,MIP
1423,185.77600002288818,340.45949348749036,true,0.13166870274629938,true,0.01925620452247551,9146,6308,3.6560857792252244e-322,3,1,MIP
1424,185.88899993896484,340.69051653884821,true,0.13166870274629938,true,0.01925620452247551,9155,6313,3.6560857792252244e-322,3,1,MIP
1425,185.9909999370575,340.88531875129752,true,0.13166870274629938,true,0.01925620452247551,9166,6321,3.6560857792252244e-322,3,1,MIP
1426,186.13199996948242,341.15536328857161,true,0.13166870274629938,true,0.01925620452247551,9189,6334,3.6560857792252244e-322,3,1,MIP
1427,186.14400005340576,341.17897406106221,true,0.13166870274629938,true,0.019259375006051127,9190,6335,3.6560857792252244e-322,3,1,MIP
1428,186.27199983596802,341.44321602466573,true,0.13166870274629938,true,0.019259375006051127,9196,6341,3.6560857792252244e-322,3,1,MIP
1429,186.375,341.6496987519576,true,0.13166870274629938,true,0.019259375006051127,9201,6346,3.6560857792252244e-322,3,1,MIP
1430,186.47599983215332,341.848889692483,true,0.13166870274629938,true,0.019259375006051127,9212,6355,3.6560857792252244e-322,3,1,MIP
1431,186.66100001335144,342.22934977700567,true,0.13166870274629938,true,0.019259375006051127,9218,6354,3.6560857792252244e-322,3,1,MIP
1432,186.70299983024597,342.28979899545976,true,0.13166870274629938,true,0.019268570062546439,9219,6355,3.6560857792252244e-322,3,1,MIP
1433,186.80599999427795,342.47595634675793,true,0.13166870274629938,true,0.019268570062546439,9222,6358,3.6560857792252244e-322,3,1,MIP
1434,186.90799999237061,342.66210434672382,true,0.13166870274629938,true,0.019268570062546439,9227,6363,3.6560857792252244e-322,3,1,MIP
1435,187.00899982452393,342.87280142062974,true,0.13166870274629938,true,0.019268570062546439,9241,6377,3.6560857792252244e-322,3,1,MIP
1436,187.19400000572205,343.23737776285435,true,0.13166870274629938,true,0.019268570062546439,9261,6383,3.6560857792252244e-322,3,1,MIP
1437,187.22199988365173,343.28714010157341,true,0.13166870274629938,true,0.019268897440801104,9262,6384,3.6560857792252244e-322,3,1,MIP
1438,187.34899997711182,343.54669014290926,true,0.13166870274629938,true,0.019268897440801104,9266,6388,3.6560857792252244e-322,3,1,MIP
1439,187.45099997520447,343.75851787898063,true,0.13166870274629938,true,0.019268897440801104,9279,6401,3.6560857792252244e-322,3,1,MIP
1440,187.63699984550476,344.11922253679597,true,0.13166870274629938,true,0.019268897440801104,9307,6420,3.6560857792252244e-322,3,1,MIP
1441,187.65799999237061,344.15428782322306,true,0.13166870274629938,true,0.019294178844316747,9308,6421,3.6560857792252244e-322,3,1,MIP
1442,187.76199984550476,344.34184454729353,true,0.13166870274629938,true,0.019294178844316747,9313,6426,3.6560857792252244e-322,3,1,MIP
1443,187.88699984550476,344.57734285187416,true,0.13166870274629938,true,0.019294178844316747,9322,6435,3.6560857792252244e-322,3,1,MIP
1444,187.99300003051758,344.7694760635784,true,0.13166870274629938,true,0.019294178844316747,9343,6447,3.6560857792252244e-322,3,1,MIP
1445,188.10099983215332,344.97968608348674,true,0.13166870274629938,true,0.019294178844316747,9356,6451,3.6560857792252244e-322,3,1,MIP
1446,188.14599990844727,345.06535095797085,true,0.13166870274629938,true,0.019297887238490505,9357,6452,3.6560857792252244e-322,3,1,MIP
1447,188.24600005149841,345.26009847684276,true,0.13166870274629938,true,0.019297887238490505,9360,6455,3.6560857792252244e-322,3,1,MIP
1448,188.38499999046326,345.54518371183576,true,0.13166870274629938,true,0.019297887238490505,9362,6455,3.6560857792252244e-322,3,1,MIP
1449,188.60500001907349,346.01119523822058,true,0.13166870274629938,true,0.019297887238490505,9368,6461,3.6560857792252244e-322,3,1,MIP
1450,188.71000003814697,346.21973789919218,true,0.13166870274629938,true,0.019297887238490505,9373,6466,3.6560857792252244e-322,3,1,MIP
1451,188.82799983024597,346.46140123158682,true,0.13166870274629938,true,0.019297887238490505,9378,6471,3.6560857792252244e-322,3,1,MIP
1452,188.94599986076355,346.67588409105002,true,0.13166870274629938,true,0.019297887238490505,9388,6481,3.6560857792252244e-322,3,1,MIP
1453,189.07500004768372,346.93681528097727,true,0.13166870274629938,true,0.019297887238490505,9392,6485,3.6560857792252244e-322,3,1,MIP
1454,189.18499994277954,347.15435149385695,true,0.13166870274629938,true,0.019297887238490505,9398,6491,3.6560857792252244e-322,3,1,MIP
1455,189.28799986839294,347.34428005303806,true,0.13166870274629938,true,0.019297887238490505,9412,6505,3.6560857792252244e-322,3,1,MIP
1456,189.3899998664856,347.49735640799668,true,0.13166870274629938,true,0.019297887238490505,9420,6513,3.6560857792252244e-322,3,1,MIP
1457,189.52600002288818,347.69962507438345,true,0.13166870274629938,true,0.019297887238490505,9430,6523,3.6560857792252244e-322,3,1,MIP
1458,189.6399998664856,347.88805815423973,true,0.13166870274629938,true,0.019297887238490505,9436,6529,3.6560857792252244e-322,3,1,MIP
1459,189.74199986457825,348.05569152602749,true,0.13166870274629938,true,0.019297887238490505,9450,6543,3.6560857792252244e-322,3,1,MIP
1460,189.84299993515015,348.24033545053044,true,0.13166870274629938,true,0.019297887238490505,9469,6560,3.6560857792252244e-322,3,1,MIP
1461,189.9449999332428,348.43242836366272,true,0.13166870274629938,true,0.019297887238490505,9488,6575,3.6560857792252244e-322,3,1,MIP
1462,190.04699993133545,348.60219907767942,true,0.13166870274629938,true,0.019297887238490505,9509,6578,3.6560857792252244e-322,3,1,MIP
1463,190.23199987411499,348.93845801841007,true,0.13166870274629938,true,0.019297887238490505,9536,6581,3.6560857792252244e-322,3,1,MIP
1464,190.30399990081787,349.08123943160717,true,0.13166870274629938,true,0.019303034486309767,9537,6582,3.6560857792252244e-322,3,1,MIP
1465,190.40899991989136,349.2882874828374,true,0.13166870274629938,true,0.019303034486309767,9542,6587,3.6560857792252244e-322,3,1,MIP
1466,190.51799988746643,349.50177758799094,true,0.13166870274629938,true,0.019303034486309767,9553,6598,3.6560857792252244e-322,3,1,MIP
1467,190.62399983406067,349.67430052227752,true,0.13166870274629938,true,0.019303034486309767,9573,6616,3.6560857792252244e-322,3,1,MIP
1468,190.79699993133545,350.00737847189532,true,0.13166870274629938,true,0.019303034486309767,9587,6620,3.6560857792252244e-322,3,1,MIP
1469,190.83899998664856,350.0882390748954,true,0.13166870274629938,true,0.019307735711199314,9588,6621,3.6560857792252244e-322,3,1,MIP
1470,190.94099998474121,350.28409809078011,true,0.13166870274629938,true,0.019307735711199314,9593,6626,3.6560857792252244e-322,3,1,MIP
1471,191.04900002479553,350.5000099905306,true,0.13166870274629938,true,0.019307735711199314,9598,6631,3.6560857792252244e-322,3,1,MIP
1472,191.15899991989136,350.70921880995951,true,0.13166870274629938,true,0.019307735711199314,9605,6638,3.6560857792252244e-322,3,1,MIP
1473,191.2739999294281,350.92349725939806,true,0.13166870274629938,true,0.019307735711199314,9615,6648,3.6560857792252244e-322,3,1,MIP
1474,191.37599992752075,351.12082931455348,true,0.13166870274629938,true,0.019307735711199314,9634,6667,3.6560857792252244e-322,3,1,MIP
1475,191.4779999256134,351.28062042955861,true,0.13166870274629938,true,0.019307735711199314,9662,6695,3.6560857792252244e-322,3,1,MIP
1476,191.78699994087219,351.94343096292317,true,0.13166870274629938,true,0.019307735711199314,9680,6700,3.6560857792252244e-322,3,1,MIP
1477,191.81799983978271,351.99479887352476,true,0.13166870274629938,true,0.019310203825830791,9681,6701,3.6560857792252244e-322,3,1,MIP
1478,191.92499995231628,352.17945183990093,true,0.13166870274629938,true,0.019310203825830791,9685,6705,3.6560857792252244e-322,3,1,MIP
1479,192.04999995231628,352.42462939347132,true,0.13166870274629938,true,0.019310203825830791,9691,6711,3.6560857792252244e-322,3,1,MIP
1480,192.16999983787537,352.69483023313637,true,0.13166870274629938,true,0.019310203825830791,9699,6719,3.6560857792252244e-322,3,1,MIP
1481,192.65299987792969,353.60845183653043,true,0.13166870274629938,true,0.019310203825830791,9709,6719,3.6560857792252244e-322,3,1,MIP
1482,192.7960000038147,353.9166039853921,true,0.13166870274629938,true,0.019317529179079709,9710,6720,3.6560857792252244e-322,3,1,MIP
1483,192.90899991989136,354.1451773502921,true,0.13166870274629938,true,0.019317529179079709,9713,6723,3.6560857792252244e-322,3,1,MIP
1484,193.06299996376038,354.46954114147781,true,0.13166870274629938,true,0.019317529179079709,9716,6724,3.6560857792252244e-322,3,1,MIP
1485,193.18199992179871,354.73226003051946,true,0.13166870274629938,true,0.019317529179079709,9724,6730,3.6560857792252244e-322,3,1,MIP
1486,193.40799999237061,355.22721347784653,true,0.13166870274629938,true,0.019317529179079709,9731,6727,3.6560857792252244e-322,3,1,MIP
1487,193.43599987030029,355.26861965062398,true,0.13166870274629938,true,0.019317678167922719,9732,6728,3.6560857792252244e-322,3,1,MIP
1488,193.53600001335144,355.4682047933473,true,0.13166870274629938,true,0.019317678167922719,9734,6730,3.6560857792252244e-322,3,1,MIP
1489,193.66299986839294,355.69845877813685,true,0.13166870274629938,true,0.019317678167922719,9739,6735,3.6560857792252244e-322,3,1,MIP
1490,193.80399990081787,355.96739401934536,true,0.13166870274629938,true,0.019317678167922719,9743,6739,3.6560857792252244e-322,3,1,MIP
1491,193.90799999237061,356.15651877791311,true,0.13166870274629938,true,0.019317678167922719,9750,6746,3.6560857792252244e-322,3,1,MIP
1492,194.01699995994568,356.34207304893062,true,0.13166870274629938,true,0.019317678167922719,9766,6762,3.6560857792252244e-322,3,1,MIP
1493,194.36299991607666,356.99933926922972,true,0.13166870274629938,true,0.019317678167922719,9794,6768,3.6560857792252244e-322,3,1,MIP
1494,194.38299989700317,357.03232866668498,true,0.13166870274629938,true,0.019321966628087151,9795,6769,3.6560857792252244e-322,3,1,MIP
1495,194.53499984741211,357.29792543857207,true,0.13166870274629938,true,0.019321966628087151,9798,6772,3.6560857792252244e-322,3,1,MIP
1496,194.64499998092651,357.48982824713028,true,0.13166870274629938,true,0.019321966628087151,9803,6777,3.6560857792252244e-322,3,1,MIP
1497,194.75399994850159,357.70689889092796,true,0.13166870274629938,true,0.019321966628087151,9807,6781,3.6560857792252244e-322,3,1,MIP
1498,194.85500001907349,357.91975541988057,true,0.13166870274629938,true,0.019321966628087151,9814,6788,3.6560857792252244e-322,3,1,MIP
1499,195.17400002479553,358.55003878722744,true,0.13166870274629938,true,0.019321966628087151,9831,6796,3.6560857792252244e-322,3,1,MIP
1500,195.20299983024597,358.60062976934705,true,0.13166870274629938,true,0.019333488185897758,9832,6797,3.6560857792252244e-322,3,1,MIP
1501,195.31699991226196,358.82076683657203,true,0.13166870274629938,true,0.019333488185897758,9839,6804,3.6560857792252244e-322,3,1,MIP
1502,195.42199993133545,359.02199673359189,true,0.13166870274629938,true,0.019333488185897758,9846,6811,3.6560857792252244e-322,3,1,MIP
1503,196.11699986457825,360.10680637970597,true,0.13166870274629938,true,0.019333488185897758,9848,6813,3.6560857792252244e-322,3,1,MIP
1504,196.21799993515015,360.25820434616611,true,0.13166870274629938,true,0.019333488185897758,9854,6819,3.6560857792252244e-322,3,1,MIP
1505,196.43700003623962,360.71737348844113,true,0.13166870274629938,true,0.019333488185897758,9870,6825,3.6560857792252244e-322,3,1,MIP
1506,196.47099995613098,360.7748293558958,true,0.13166870274629938,true,0.019337012237040607,9871,6826,3.6560857792252244e-322,3,1,MIP
1507,196.60899996757507,361.01409754148506,true,0.13166870274629938,true,0.019337012237040607,9875,6830,3.6560857792252244e-322,3,1,MIP
1508,196.71199989318848,361.1885187746953,true,0.13166870274629938,true,0.019337012237040607,9879,6834,3.6560857792252244e-322,3,1,MIP
1509,196.8439998626709,361.44077492226654,true,0.13166870274629938,true,0.019337012237040607,9883,6838,3.6560857792252244e-322,3,1,MIP
1510,196.94899988174438,361.63840373168387,true,0.13166870274629938,true,0.019337012237040607,9889,6844,3.6560857792252244e-322,3,1,MIP
1511,197.1399998664856,361.96852373254058,true,0.13166870274629938,true,0.019337012237040607,9903,6851,3.6560857792252244e-322,3,1,MIP
1512,197.18799996376038,362.05834085151099,true,0.13166870274629938,true,0.019347427943507873,9904,6852,3.6560857792252244e-322,3,1,MIP
1513,197.29199981689453,362.25502655285914,true,0.13166870274629938,true,0.019347427943507873,9908,6856,3.6560857792252244e-322,3,1,MIP
1514,197.40599989891052,362.47894858614285,true,0.13166870274629938,true,0.019347427943507873,9913,6861,3.6560857792252244e-322,3,1,MIP
1515,197.50999999046326,362.67815487044851,true,0.13166870274629938,true,0.019347427943507873,9924,6868,3.6560857792252244e-322,3,1,MIP
1516,197.6159999370575,362.87506753365506,true,0.13166870274629938,true,0.019347427943507873,9945,6879,3.6560857792252244e-322,3,1,MIP
1517,197.75099992752075,363.16462583871964,true,0.13166870274629938,true,0.019347427943507873,9946,6880,3.6560857792252244e-322,3,1,MIP
1518,197.80200004577637,363.26780646737956,true,0.13166870274629938,true,0.019353237659363566,9947,6881,3.6560857792252244e-322,3,1,MIP
1519,197.90499997138977,363.46479581623129,true,0.13166870274629938,true,0.019353237659363566,9950,6884,3.6560857792252244e-322,3,1,MIP
1520,198.0239999294281,363.71538813665325,true,0.13166870274629938,true,0.019353237659363566,9953,6887,3.6560857792252244e-322,3,1,MIP
1521,198.14999985694885,363.96876854738622,true,0.13166870274629938,true,0.019353237659363566,9964,6898,3.6560857792252244e-322,3,1,MIP
1522,198.25099992752075,364.14847018484534,true,0.13166870274629938,true,0.019353237659363566,9974,6906,3.6560857792252244e-322,3,1,MIP
1523,198.43499994277954,364.52137405229263,true,0.13166870274629938,true,0.019353237659363566,9980,6904,3.6560857792252244e-322,3,1,MIP
1524,198.47199988365173,364.58934829395878,true,0.13166870274629938,true,0.019360447061021892,9981,6905,3.6560857792252244e-322,3,1,MIP
1525,198.61899995803833,364.88433627900531,true,0.13166870274629938,true,0.019360447061021892,9983,6907,3.6560857792252244e-322,3,1,MIP
1526,198.72699999809265,365.07842086628187,true,0.13166870274629938,true,0.019360447061021892,9989,6913,3.6560857792252244e-322,3,1,MIP
1527,198.83099985122681,365.26819686671342,true,0.13166870274629938,true,0.019360447061021892,9995,6919,3.6560857792252244e-322,3,1,MIP
1528,198.93099999427795,365.45754445423165,true,0.13166870274629938,true,0.019360447061021892,10020,6940,3.6560857792252244e-322,3,1,MIP
1529,199.13399982452393,365.86487392741481,true,0.13166870274629938,true,0.019360447061021892,10026,6940,3.6560857792252244e-322,3,1,MIP
1530,199.15499997138977,365.89635724549828,true,0.13166870274629938,true,0.019366811642575484,10027,6941,3.6560857792252244e-322,3,1,MIP
1531,199.27300000190735,366.12545297059899,true,0.13166870274629938,true,0.019366811642575484,10032,6946,3.6560857792252244e-322,3,1,MIP
1532,199.39299988746643,366.35886048638025,true,0.13166870274629938,true,0.019366811642575484,10038,6952,3.6560857792252244e-322,3,1,MIP
1533,199.50499987602234,366.584474341337,true,0.13166870274629938,true,0.019366811642575484,10048,6962,3.6560857792252244e-322,3,1,MIP
1534,199.60599994659424,366.74490032594804,true,0.13166870274629938,true,0.019366811642575484,10063,6975,3.6560857792252244e-322,3,1,MIP
1535,199.76300001144409,367.05391811557513,true,0.13166870274629938,true,0.019366811642575484,10075,6975,3.6560857792252244e-322,3,1,MIP
1536,199.78900003433228,367.09776191075861,true,0.13166870274629938,true,0.019369318046691512,10076,6976,3.6560857792252244e-322,3,1,MIP
1537,199.89299988746643,367.29410309750722,true,0.13166870274629938,true,0.019369318046691512,10079,6979,3.6560857792252244e-322,3,1,MIP
1538,200.05099987983704,367.61822647020097,true,0.13166870274629938,true,0.019369318046691512,10085,6985,3.6560857792252244e-322,3,1,MIP
1539,200.18400001525879,367.88260010531167,true,0.13166870274629938,true,0.019369318046691512,10092,6992,3.6560857792252244e-322,3,1,MIP
1540,200.29499983787537,368.09760721953603,true,0.13166870274629938,true,0.019369318046691512,10097,6997,3.6560857792252244e-322,3,1,MIP
1541,200.39999985694885,368.30200760177456,true,0.13166870274629938,true,0.019369318046691512,10105,7005,3.6560857792252244e-322,3,1,MIP
1542,200.50600004196167,368.51210490854083,true,0.13166870274629938,true,0.019369318046691512,10109,7009,3.6560857792252244e-322,3,1,MIP
1543,200.61099982261658,368.71232701119033,true,0.13166870274629938,true,0.019369318046691512,10122,7022,3.6560857792252244e-322,3,1,MIP
1544,200.74499988555908,368.95915784668694,true,0.13166870274629938,true,0.019369318046691512,10130,7028,3.6560857792252244e-322,3,1,MIP
1545,200.94299983978271,369.35085448877169,true,0.13166870274629938,true,0.019369318046691512,10141,7027,3.6560857792252244e-322,3,1,MIP
1546,201.01999998092651,369.50789934022873,true,0.13166870274629938,true,0.019374296662537732,10142,7028,3.6560857792252244e-322,3,1,MIP
1547,201.14100003242493,369.74126761164774,true,0.13166870274629938,true,0.019374296662537732,10145,7031,3.6560857792252244e-322,3,1,MIP
1548,201.25799989700317,369.95521754143527,true,0.13166870274629938,true,0.019374296662537732,10149,7035,3.6560857792252244e-322,3,1,MIP
1549,201.3769998550415,370.17479050105152,true,0.13166870274629938,true,0.019374296662537732,10155,7041,3.6560857792252244e-322,3,1,MIP
1550,201.53600001335144,370.48486834870789,true,0.13166870274629938,true,0.019374296662537732,10171,7043,3.6560857792252244e-322,3,1,MIP
1551,201.57399988174438,370.55402258861949,true,0.13166870274629938,true,0.019378497075039629,10172,7044,3.6560857792252244e-322,3,1,MIP
1552,201.70299983024597,370.80787573162888,true,0.13166870274629938,true,0.019378497075039629,10175,7047,3.6560857792252244e-322,3,1,MIP
1553,201.81799983978271,371.03246414166256,true,0.13166870274629938,true,0.019378497075039629,10180,7052,3.6560857792252244e-322,3,1,MIP
1554,201.9210000038147,371.20568348652404,true,0.13166870274629938,true,0.019378497075039629,10190,7062,3.6560857792252244e-322,3,1,MIP
1555,219.97899985313416,407.89399015642266,true,0.13166870274629938,true,0.019378497075039629,10203,7066,3.6560857792252244e-322,3,1,MIP
1556,220.08299994468689,408.15011993756877,true,0.13166870274629938,true,0.019378497075039629,10204,7067,3.6560857792252244e-322,3,1,MIP
1557,220.21499991416931,408.3843970035017,true,0.13166870274629938,true,0.019378497075039629,10204,7067,3.6560857792252244e-322,3,1,MIP
1558,220.34200000762939,408.57704841142771,true,0.13166870274629938,true,0.019378497075039629,10205,7067,3.6560857792252244e-322,3,1,MIP
1559,220.8659999370575,409.52866914558842,true,0.13166870274629938,true,0.019378497075039629,10205,7067,3.6560857792252244e-322,3,1,MIP
1560,221.05499982833862,409.93711433489437,true,0.13166870274629938,true,0.019378497075039629,10206,7068,3.6560857792252244e-322,3,1,MIP
1561,221.26600003242493,410.27907401824865,true,0.13166870274629938,true,0.019378497075039629,10207,7069,3.6560857792252244e-322,3,1,MIP
1562,222.40599989891052,412.40955676095388,true,0.13166870274629938,true,0.019378497075039629,10207,7069,3.6560857792252244e-322,3,1,MIP
1563,222.59599995613098,412.8416228593095,true,0.13166870274629938,true,0.019378497075039629,10208,7069,3.6560857792252244e-322,3,1,MIP
1564,223.24000000953674,413.91030974577774,true,0.13166870274629938,true,0.019378497075039629,10209,7070,3.6560857792252244e-322,3,1,MIP
1565,224.18299984931946,415.56421918446335,true,0.13166870274629938,true,0.019378497075039629,10209,7070,3.6560857792252244e-322,3,1,MIP
1566,224.38399982452393,416.01580487026894,true,0.13166870274629938,true,0.019378497075039629,10210,7071,3.6560857792252244e-322,3,1,MIP
1567,225.15899991989136,417.35112196199924,true,0.13166870274629938,true,0.019378497075039629,10211,7071,3.6560857792252244e-322,3,1,MIP
1568,226.13899993896484,419.11324482558672,true,0.13166870274629938,true,0.019378497075039629,10211,7071,3.6560857792252244e-322,3,1,MIP
1569,226.32299995422363,419.51739404316424,true,0.13166870274629938,true,0.019378497075039629,10212,7072,3.6560857792252244e-322,3,1,MIP
1570,226.9779999256134,420.629127832432,true,0.13166870274629938,true,0.019378497075039629,10213,7073,3.6560857792252244e-322,3,1,MIP
1571,227.84500002861023,422.12728654162407,true,0.13166870274629938,true,0.019378497075039629,10213,7073,3.6560857792252244e-322,3,1,MIP
1572,228.03600001335144,422.54919651346563,true,0.13166870274629938,true,0.019378497075039629,10214,7073,3.6560857792252244e-322,3,1,MIP
1573,228.77099990844727,423.79438608690981,true,0.13166870274629938,true,0.019378497075039629,10215,7074,3.6560857792252244e-322,3,1,MIP
1574,229.60999989509583,425.24518183213331,true,0.13166870274629938,true,0.019378497075039629,10215,7074,3.6560857792252244e-322,3,1,MIP
1575,229.71299982070923,425.40346919823469,true,0.13166870274629938,true,0.019378497075039629,10216,7075,3.6560857792252244e-322,3,1,MIP
1576,230.55799984931946,426.89316405959295,true,0.13166870274629938,true,0.019378497075039629,10217,7075,3.6560857792252244e-322,3,1,MIP
1577,231.54199981689453,428.63226939362647,true,0.13166870274629938,true,0.019378497075039629,10217,7075,3.6560857792252244e-322,3,1,MIP
1578,231.75899982452393,429.11926240363607,true,0.13166870274629938,true,0.019378497075039629,10218,7076,3.6560857792252244e-322,3,1,MIP
1579,232.60599994659424,430.6213026126818,true,0.13166870274629938,true,0.019378497075039629,10219,7077,3.6560857792252244e-322,3,1,MIP
1580,233.45000004768372,432.10805604764687,true,0.13166870274629938,true,0.019378497075039629,10219,7077,3.6560857792252244e-322,3,1,MIP
1581,233.59099984169006,432.36782571113571,true,0.13166870274629938,true,0.019378497075039629,10220,7077,3.6560857792252244e-322,3,1,MIP
1582,234.28799986839294,433.55112448613352,true,0.13166870274629938,true,0.019378497075039629,10221,7078,3.6560857792252244e-322,3,1,MIP
1583,235.14400005340576,434.98911037673139,true,0.13166870274629938,true,0.019378497075039629,10221,7078,3.6560857792252244e-322,3,1,MIP
1584,235.32299995422363,435.37745400870017,true,0.13166870274629938,true,0.019378497075039629,10222,7079,3.6560857792252244e-322,3,1,MIP
1585,236.05399990081787,436.61300793875762,true,0.13166870274629938,true,0.019378497075039629,10223,7079,3.6560857792252244e-322,3,1,MIP
1586,236.93400001525879,438.13573003518781,true,0.13166870274629938,true,0.019378497075039629,10223,7079,3.6560857792252244e-322,3,1,MIP
1587,237.10599994659424,438.48589769250367,true,0.13166870274629938,true,0.019378497075039629,10224,7080,3.6560857792252244e-322,3,1,MIP
1588,237.82699990272522,439.72945765384532,true,0.13166870274629938,true,0.019378497075039629,10225,7081,3.6560857792252244e-322,3,1,MIP
1589,238.6949999332428,441.28056759339137,true,0.13166870274629938,true,0.019378497075039629,10225,7081,3.6560857792252244e-322,3,1,MIP
1590,238.90299987792969,441.72540662955157,true,0.13166870274629938,true,0.019378497075039629,10226,7081,3.6560857792252244e-322,3,1,MIP
1591,239.64299988746643,442.97233937832669,true,0.13166870274629938,true,0.019378497075039629,10227,7082,3.6560857792252244e-322,3,1,MIP
1592,240.67599987983704,444.84592806318631,true,0.13166870274629938,true,0.019378497075039629,10227,7082,3.6560857792252244e-322,3,1,MIP
1593,240.81499981880188,445.03782918229808,true,0.13166870274629938,true,0.019378497075039629,10228,7083,3.6560857792252244e-322,3,1,MIP
1594,240.92700004577637,445.31392874783165,true,0.13166870274629938,true,0.019378497075039629,10228,7083,3.6560857792252244e-322,3,1,MIP
1595,241.70000004768372,446.66464929023761,true,0.13166870274629938,true,0.019378497075039629,10229,7083,3.6560857792252244e-322,3,1,MIP
1596,242.57599997520447,448.21617053452087,true,0.13166870274629938,true,0.019378497075039629,10229,7083,3.6560857792252244e-322,3,1,MIP
1597,242.72499990463257,448.5452431172568,true,0.13166870274629938,true,0.019378497075039629,10230,7084,3.6560857792252244e-322,3,1,MIP
1598,243.44099998474121,449.7842856602436,true,0.13166870274629938,true,0.019378497075039629,10231,7085,3.6560857792252244e-322,3,1,MIP
1599,244.42400002479553,451.5584095421089,true,0.13166870274629938,true,0.019378497075039629,10231,7085,3.6560857792252244e-322,3,1,MIP
1600,244.55799984931946,451.78602960278522,true,0.13166870274629938,true,0.019378497075039629,10232,7085,3.6560857792252244e-322,3,1,MIP
1601,245.4210000038147,453.30690822336982,true,0.13166870274629938,true,0.019378497075039629,10233,7086,3.6560857792252244e-322,3,1,MIP
1602,246.46599984169006,455.20983864733614,true,0.13166870274629938,true,0.019378497075039629,10233,7086,3.6560857792252244e-322,3,1,MIP
1603,246.64800000190735,455.60659491655741,true,0.13166870274629938,true,0.019378497075039629,10234,7087,3.6560857792252244e-322,3,1,MIP
1604,247.40100002288818,456.88813858501027,true,0.13166870274629938,true,0.019378497075039629,10235,7087,3.6560857792252244e-322,3,1,MIP
1605,248.37999987602234,458.57292430440106,true,0.13166870274629938,true,0.019378497075039629,10235,7087,3.6560857792252244e-322,3,1,MIP
1606,248.48000001907349,458.72298786600601,true,0.13166870274629938,true,0.019378497075039629,10236,7088,3.6560857792252244e-322,3,1,MIP
1607,249.2979998588562,460.16615742429883,true,0.13166870274629938,true,0.019378497075039629,10237,7089,3.6560857792252244e-322,3,1,MIP
1608,250.28499984741211,461.92397988851565,true,0.13166870274629938,true,0.019378497075039629,10237,7089,3.6560857792252244e-322,3,1,MIP
1609,250.47399997711182,462.34591044956068,true,0.13166870274629938,true,0.019378497075039629,10238,7089,3.6560857792252244e-322,3,1,MIP
1610,251.19799995422363,463.54251677039099,true,0.13166870274629938,true,0.019378497075039629,10239,7090,3.6560857792252244e-322,3,1,MIP
1611,252.19700002670288,465.29406865278673,true,0.13166870274629938,true,0.019378497075039629,10239,7090,3.6560857792252244e-322,3,1,MIP
1612,252.49799990653992,465.6657093131729,true,0.13166870274629938,true,0.019378497075039629,10240,7091,3.6560857792252244e-322,3,1,MIP
1613,253.3529999256134,467.20082008321361,true,0.13166870274629938,true,0.019378497075039629,10241,7091,3.6560857792252244e-322,3,1,MIP
1614,254.24799990653992,468.72654541456677,true,0.13166870274629938,true,0.019378497075039629,10241,7091,3.6560857792252244e-322,3,1,MIP
1615,254.43299984931946,469.09985005660127,true,0.13166870274629938,true,0.019378497075039629,10242,7092,3.6560857792252244e-322,3,1,MIP
1616,255.19199991226196,470.40179975083714,true,0.13166870274629938,true,0.019378497075039629,10243,7093,3.6560857792252244e-322,3,1,MIP
1617,256.09299993515015,472.00819936800195,true,0.13166870274629938,true,0.019378497075039629,10243,7093,3.6560857792252244e-322,3,1,MIP
1618,256.35599994659424,472.35813653313016,true,0.13166870274629938,true,0.019378497075039629,10244,7093,3.6560857792252244e-322,3,1,MIP
1619,256.51099991798401,472.72991977277138,true,0.13166870274629938,true,0.019378497075039629,10244,7093,3.6560857792252244e-322,3,1,MIP
1620,257.23000001907349,473.87856950901289,true,0.13166870274629938,true,0.019378497075039629,10245,7094,3.6560857792252244e-322,3,1,MIP
1621,258.22099995613098,475.62139924143474,true,0.13166870274629938,true,0.019378497075039629,10245,7094,3.6560857792252244e-322,3,1,MIP
1622,258.39999985694885,476.01917334981374,true,0.13166870274629938,true,0.019378497075039629,10246,7095,3.6560857792252244e-322,3,1,MIP
1623,259.10699987411499,477.22298007480941,true,0.13166870274629938,true,0.019378497075039629,10247,7095,3.6560857792252244e-322,3,1,MIP
1624,260.0479998588562,478.87565587800884,true,0.13166870274629938,true,0.019378497075039629,10247,7095,3.6560857792252244e-322,3,1,MIP
1625,260.16400003433228,479.03619308869997,true,0.13137945988915645,true,0.019378497075039629,10248,6740,3.7054923438093491e-322,3,1,MIP
1626,260.33299994468689,479.4448424595497,true,0.13137945988915645,true,0.019378497075039629,10248,6740,3.7054923438093491e-322,3,1,MIP
1627,261.12800002098083,480.84050159221169,true,0.13137945988915645,true,0.019378497075039629,10249,6741,3.7054923438093491e-322,3,1,MIP
1628,261.96599984169006,482.28857921459075,true,0.13137945988915645,true,0.019378497075039629,10249,6741,3.7054923438093491e-322,3,1,MIP
1629,262.02499985694885,482.3847627040322,true,0.13036304493572892,true,0.019378497075039629,10250,6403,3.7548989083934737e-322,3,1,MIP
1630,262.83799982070923,483.85736008990523,true,0.13036304493572892,true,0.019378497075039629,10251,6404,3.7548989083934737e-322,3,1,MIP
1631,263.80499982833862,485.58858625898444,true,0.13036304493572892,true,0.019378497075039629,10251,6404,3.7548989083934737e-322,3,1,MIP
1632,264.00600004196167,485.8310384985291,true,0.13036304493572892,true,0.019378497075039629,10252,6405,3.7548989083934737e-322,3,1,MIP
1633,264.13899993896484,486.15282089073588,true,0.13036304493572892,true,0.019378497075039629,10252,6405,3.7548989083934737e-322,3,1,MIP
1634,264.94299983978271,487.54187308002236,true,0.13036304493572892,true,0.019378497075039629,10253,6405,3.7548989083934737e-322,3,1,MIP
1635,266.02499985694885,489.50691471340133,true,0.13036304493572892,true,0.019378497075039629,10253,6405,3.7548989083934737e-322,3,1,MIP
1636,266.125,489.72215742321595,true,0.13036304493572892,true,0.019378497075039629,10254,6406,3.7548989083934737e-322,3,1,MIP
1637,266.80099987983704,490.80774504109763,true,0.13036304493572892,true,0.019378497075039629,10255,6407,3.7548989083934737e-322,3,1,MIP
1638,267.88699984550476,492.78449810538842,true,0.13036304493572892,true,0.019378497075039629,10255,6407,3.7548989083934737e-322,3,1,MIP
1639,268.41599988937378,493.57470952126937,true,0.13036304493572892,true,0.019378497075039629,10256,6407,3.7548989083934737e-322,3,1,MIP
1640,269.27300000190735,495.07981986706915,true,0.13036304493572892,true,0.019378497075039629,10257,6408,3.7548989083934737e-322,3,1,MIP
1641,270.27999997138977,496.89543856789726,true,0.13036304493572892,true,0.019378497075039629,10257,6408,3.7548989083934737e-322,3,1,MIP
1642,270.45499992370605,497.28977899974012,true,0.13036304493572892,true,0.019378497075039629,10258,6409,3.7548989083934737e-322,3,1,MIP
1643,271.28600001335144,498.75485399406858,true,0.13036304493572892,true,0.019378497075039629,10259,6409,3.7548989083934737e-322,3,1,MIP
1644,272.34500002861023,500.68111829412578,true,0.13036304493572892,true,0.019378497075039629,10259,6409,3.7548989083934737e-322,3,1,MIP
1645,272.46299982070923,500.94486200267721,true,0.13036304493572892,true,0.019378497075039629,10260,6410,3.7548989083934737e-322,3,1,MIP
1646,273.30099987983704,502.38120286668743,true,0.13036304493572892,true,0.019378497075039629,10261,6411,3.7548989083934737e-322,3,1,MIP
1647,274.23000001907349,504.0234943483843,true,0.13036304493572892,true,0.019378497075039629,10261,6411,3.7548989083934737e-322,3,1,MIP
1648,274.51799988746643,504.67052729066381,true,0.13036304493572892,true,0.019378497075039629,10262,6411,3.7548989083934737e-322,3,1,MIP
1649,275.34099984169006,506.07272925291539,true,0.13036304493572892,true,0.019378497075039629,10263,6412,3.7548989083934737e-322,3,1,MIP
1650,276.33999991416931,507.79521509138993,true,0.13036304493572892,true,0.019378497075039629,10263,6412,3.7548989083934737e-322,3,1,MIP
1651,276.70700001716614,508.3009895251343,true,0.11608225228456559,true,0.019378497075039629,10264,6092,3.8043054729775984e-322,3,1,MIP
1652,276.82999992370605,508.59396219014599,true,0.11608225228456559,true,0.019378497075039629,10264,6092,3.8043054729775984e-322,3,1,MIP
1653,277.78499984741211,510.30269525116006,true,0.11608225228456559,true,0.019378497075039629,10265,6092,3.8043054729775984e-322,3,1,MIP
1654,278.73799991607666,511.99907205081593,true,0.11608225228456559,true,0.019378497075039629,10265,6092,3.8043054729775984e-322,3,1,MIP
1655,278.84599995613098,512.17300693739935,true,0.11608225228456559,true,0.019378497075039629,10266,6093,3.8043054729775984e-322,3,1,MIP
1656,278.98099994659424,512.5024935687544,true,0.11608225228456559,true,0.019378497075039629,10266,6093,3.8043054729775984e-322,3,1,MIP
1657,279.70000004768372,513.68679049209572,true,0.11608225228456559,true,0.019378497075039629,10267,6094,3.8043054729775984e-322,3,1,MIP
1658,280.61999988555908,515.31927060801615,true,0.11608225228456559,true,0.019378497075039629,10267,6094,3.8043054729775984e-322,3,1,MIP
1659,280.8439998626709,515.82770470322271,true,0.11608225228456559,true,0.019378497075039629,10268,6094,3.8043054729775984e-322,3,1,MIP
1660,281.59800004959106,517.06295255723137,true,0.11608225228456559,true,0.019378497075039629,10269,6095,3.8043054729775984e-322,3,1,MIP
1661,282.58099985122681,518.86219246270548,true,0.11608225228456559,true,0.019378497075039629,10269,6095,3.8043054729775984e-322,3,1,MIP
1662,282.77699995040894,519.29625155828614,true,0.11608225228456559,true,0.019378497075039629,10270,6096,3.8043054729775984e-322,3,1,MIP
1663,283.54999995231628,520.59368144541463,true,0.11608225228456559,true,0.019378497075039629,10271,6096,3.8043054729775984e-322,3,1,MIP
1664,284.55499982833862,522.41472673468627,true,0.11608225228456559,true,0.019378497075039629,10271,6096,3.8043054729775984e-322,3,1,MIP
1665,284.7189998626709,522.7765736770283,true,0.11608225228456559,true,0.019378497075039629,10272,6097,3.8043054729775984e-322,3,1,MIP
1666,285.45499992370605,524.05405551912145,true,0.11608225228456559,true,0.019378497075039629,10273,6098,3.8043054729775984e-322,3,1,MIP
1667,286.49899983406067,525.92669408049915,true,0.11608225228456559,true,0.019378497075039629,10273,6098,3.8043054729775984e-322,3,1,MIP
1668,286.70599985122681,526.35937865812468,true,0.11608225228456559,true,0.019378497075039629,10274,6098,3.8043054729775984e-322,3,1,MIP
1669,287.56399989128113,527.85620194352248,true,0.11608225228456559,true,0.019378497075039629,10275,6099,3.8043054729775984e-322,3,1,MIP
1670,288.53199982643127,529.58746900126209,true,0.11608225228456559,true,0.019378497075039629,10275,6099,3.8043054729775984e-322,3,1,MIP
1671,288.95599985122681,530.17057844683779,true,0.11608225228456559,true,0.019378497075039629,10276,6100,3.8043054729775984e-322,3,1,MIP
1672,289.07799983024597,530.48017577511632,true,0.11608225228456559,true,0.019378497075039629,10276,6100,3.8043054729775984e-322,3,1,MIP
1673,289.93999981880188,531.99764612683816,true,0.11608225228456559,true,0.019378497075039629,10277,6100,3.8043054729775984e-322,3,1,MIP
1674,290.87199997901917,533.65227371434855,true,0.11608225228456559,true,0.019378497075039629,10277,6100,3.8043054729775984e-322,3,1,MIP
1675,291.01300001144409,533.88785495314789,true,0.11608225228456559,true,0.019378497075039629,10278,6101,3.8043054729775984e-322,3,1,MIP
1676,291.99899983406067,535.67464521441968,true,0.11608225228456559,true,0.019378497075039629,10279,6102,3.8043054729775984e-322,3,1,MIP
1677,293.1710000038147,537.80323754559379,true,0.11608225228456559,true,0.019378497075039629,10279,6102,3.8043054729775984e-322,3,1,MIP
1678,293.34899997711182,538.19371363301036,true,0.11608225228456559,true,0.019378497075039629,10280,6102,3.8043054729775984e-322,3,1,MIP
1679,293.55799984931946,538.51644017106025,true,0.11608225228456559,true,0.019378497075039629,10281,6103,3.8043054729775984e-322,3,1,MIP
1680,293.93099999427795,539.14041121125626,true,0.11608225228456559,true,0.019378497075039629,10281,6103,3.8043054729775984e-322,3,1,MIP
1681,294.13599991798401,539.55612675081898,true,0.11608225228456559,true,0.019378497075039629,10282,6104,3.8043054729775984e-322,3,1,MIP
1682,294.36500000953674,539.90868962861884,true,0.11608225228456559,true,0.019378497075039629,10283,6104,3.8043054729775984e-322,3,1,MIP
1683,294.64999985694885,540.35279629923809,true,0.11608225228456559,true,0.019378497075039629,10283,6104,3.8043054729775984e-322,3,1,MIP
1684,294.78399991989136,540.65460849114299,true,0.11608225228456559,true,0.019378497075039629,10284,6105,3.8043054729775984e-322,3,1,MIP
1685,294.94799995422363,540.90511250534291,true,0.11608225228456558,true,0.019378497075039629,10284,0,10,-1,-1,solver_final
