process_elapsed_seconds,exact_phase_elapsed_seconds,event_type,active_leaf,active_leaf_valid_lower_bound,other_open_leaf_min_valid_lower_bound,valid_global_lower_bound,verified_global_upper_bound,open_relevant_leaf_count,closed_relevant_leaf_count,event_source
6.1572928999999998,0.0092516999999999999,"exact_tree_initialization","",0,,0,0.35720058320841552,4,0,"initial_exact_interval_cover"
6.3187420999999997,0.17070080000000001,"parent_lp_completion","L0",0,0.089300145802103881,0,0.35720058320841552,4,0,"complete_parent_lp_infeasible"
6.3188747000000003,0.1708336,"infeasible_closure","L0",,0.089300145802103881,0.089300145802103881,0.35720058320841552,3,1,"complete_parent_lp_infeasible"
6.4854526000000003,0.33741120000000002,"parent_lp_completion","L1",0.27726096936095629,0.17860029160420776,0.17860029160420776,0.35720058320841552,3,1,"complete_parent_lp_optimal"
6.4854779999999996,0.33743679999999998,"parent_lp_requeue","L1",0.27726096936095629,0.17860029160420776,0.17860029160420776,0.35720058320841552,3,1,"c6_selected_leaf_no_longer_controlling"
6.6630361999999996,0.51499479999999997,"parent_lp_completion","L2",0.29424322429778327,0.26790043740631164,0.26790043740631164,0.35720058320841552,3,1,"complete_parent_lp_optimal"
6.6630592000000002,0.51501799999999998,"parent_lp_requeue","L2",0.29424322429778327,0.26790043740631164,0.26790043740631164,0.35720058320841552,3,1,"c6_selected_leaf_no_longer_controlling"
6.8268502,0.67880879999999999,"parent_lp_completion","L3",0.35403537724225576,0.27726096936095629,0.27726096936095629,0.35720058320841552,3,1,"complete_parent_lp_optimal"
6.8268713999999999,0.6788303,"parent_lp_requeue","L3",0.35403537724225576,0.27726096936095629,0.27726096936095629,0.35720058320841552,3,1,"c6_selected_leaf_no_longer_controlling"
6.9759021294281007,0.82786112942810064,"native_root_processing_bound","L1",0.27726096936095629,0.29424322429778327,0.27726096936095629,0.35720058320841552,3,1,"gurobi_cb_mip_objbnd_valid_native_bound"
7.0568369999999998,0.90879580000000004,"infeasible_closure","L1",,0.29424322429778327,0.29424322429778327,0.35720058320841552,2,2,"c6_native_target_phase_exact_closure"
7.2218669618530269,1.0738258618530274,"native_root_processing_bound","L2",0.29424322429778327,0.35403537724225576,0.29424322429778327,0.35720058320841552,2,2,"gurobi_cb_mip_objbnd_valid_native_bound"
7.3028670514984126,1.1548259514984132,"native_root_processing_bound","L2",0.31012928077790769,0.35403537724225576,0.31012928077790769,0.35720058320841552,2,2,"gurobi_cb_mip_objbnd_valid_native_bound"
7.7208670343322749,1.5728259343322755,"native_root_processing_bound","L2",0.31787019507445113,0.35403537724225576,0.31787019507445113,0.35720058320841552,2,2,"gurobi_cb_mip_objbnd_valid_native_bound"
7.7428671087188716,1.5948260087188721,"native_root_processing_bound","L2",0.31805358170113229,0.35403537724225576,0.31805358170113229,0.35720058320841552,2,2,"gurobi_cb_mip_objbnd_valid_native_bound"
8.0478671754760747,1.8998260754760743,"native_root_processing_bound","L2",0.32022806969733192,0.35403537724225576,0.32022806969733192,0.35720058320841552,2,2,"gurobi_cb_mip_objbnd_valid_native_bound"
8.0618671144409184,1.913826014440918,"native_root_processing_bound","L2",0.32046525370788959,0.35403537724225576,0.32046525370788959,0.35720058320841552,2,2,"gurobi_cb_mip_objbnd_valid_native_bound"
8.0728670324249272,1.9248259324249268,"native_root_processing_bound","L2",0.32061554998119857,0.35403537724225576,0.32061554998119857,0.35720058320841552,2,2,"gurobi_cb_mip_objbnd_valid_native_bound"
8.3708671296997075,2.2228260296997071,"native_root_processing_bound","L2",0.3211926480363852,0.35403537724225576,0.3211926480363852,0.35720058320841552,2,2,"gurobi_cb_mip_objbnd_valid_native_bound"
8.3938671316070561,2.2458260316070557,"native_root_processing_bound","L2",0.32124666673729491,0.35403537724225576,0.32124666673729491,0.35720058320841552,2,2,"gurobi_cb_mip_objbnd_valid_native_bound"
8.6928671564025883,2.544826056402588,"native_root_processing_bound","L2",0.32136768448937852,0.35403537724225576,0.32136768448937852,0.35720058320841552,2,2,"gurobi_cb_mip_objbnd_valid_native_bound"
8.7028671468658452,2.5548260468658448,"native_root_processing_bound","L2",0.32149483135406387,0.35403537724225576,0.32149483135406387,0.35720058320841552,2,2,"gurobi_cb_mip_objbnd_valid_native_bound"
10.034867164031983,3.8868260640319825,"native_root_processing_bound","L2",0.32149484810730827,0.35403537724225576,0.32149484810730827,0.35720058320841552,2,2,"gurobi_cb_mip_objbnd_valid_native_bound"
10.075867053405762,3.9278259534057618,"native_root_processing_bound","L2",0.32150346056724194,0.35403537724225576,0.32150346056724194,0.35720058320841552,2,2,"gurobi_cb_mip_objbnd_valid_native_bound"
10.593867179290772,4.4458260792907716,"native_root_processing_bound","L2",0.32150426648510277,0.35403537724225576,0.32150426648510277,0.35720058320841552,2,2,"gurobi_cb_mip_objbnd_valid_native_bound"
10.648867007629395,4.5008259076293946,"partial_native_mip_bound_improvement","L2",0.32177145578276745,0.35403537724225576,0.32177145578276745,0.35720058320841552,2,2,"gurobi_cb_mip_objbnd_valid_native_bound"
11.053866979019165,4.9058258790191651,"partial_native_mip_bound_improvement","L2",0.32838354753514754,0.35403537724225576,0.32838354753514754,0.35720058320841552,2,2,"gurobi_cb_mip_objbnd_valid_native_bound"
11.198866959945679,5.0508258599456788,"partial_native_mip_bound_improvement","L2",0.32858445891634513,0.35403537724225576,0.32858445891634513,0.35720058320841552,2,2,"gurobi_cb_mip_objbnd_valid_native_bound"
11.462867137329102,5.3148260373291016,"partial_native_mip_bound_improvement","L2",0.32868592431255811,0.35403537724225576,0.32868592431255811,0.35720058320841552,2,2,"gurobi_cb_mip_objbnd_valid_native_bound"
11.528867122070313,5.3808260220703126,"partial_native_mip_bound_improvement","L2",0.32876037877631875,0.35403537724225576,0.32876037877631875,0.35720058320841552,2,2,"gurobi_cb_mip_objbnd_valid_native_bound"
11.619866963760376,5.4718258637603761,"partial_native_mip_bound_improvement","L2",0.32928020678015346,0.35403537724225576,0.32928020678015346,0.35720058320841552,2,2,"gurobi_cb_mip_objbnd_valid_native_bound"
11.679867144958497,5.5318260449584962,"partial_native_mip_bound_improvement","L2",0.32968694579744295,0.35403537724225576,0.32968694579744295,0.35720058320841552,2,2,"gurobi_cb_mip_objbnd_valid_native_bound"
11.691866990463257,5.5438258904632569,"partial_native_mip_bound_improvement","L2",0.32978892418954486,0.35403537724225576,0.32978892418954486,0.35720058320841552,2,2,"gurobi_cb_mip_objbnd_valid_native_bound"
11.77086698664856,5.6228258866485596,"partial_native_mip_bound_improvement","L2",0.33072149954115226,0.35403537724225576,0.33072149954115226,0.35720058320841552,2,2,"gurobi_cb_mip_objbnd_valid_native_bound"
11.821867104904175,5.6738260049041749,"partial_native_mip_bound_improvement","L2",0.33074836495797627,0.35403537724225576,0.33074836495797627,0.35720058320841552,2,2,"gurobi_cb_mip_objbnd_valid_native_bound"
11.853867169754029,5.7058260697540284,"partial_native_mip_bound_improvement","L2",0.33281371638930307,0.35403537724225576,0.33281371638930307,0.35720058320841552,2,2,"gurobi_cb_mip_objbnd_valid_native_bound"
11.970867034332276,5.8228259343322755,"partial_native_mip_bound_improvement","L2",0.33310839443245621,0.35403537724225576,0.33310839443245621,0.35720058320841552,2,2,"gurobi_cb_mip_objbnd_valid_native_bound"
11.973867055313111,5.8258259553131104,"partial_native_mip_bound_improvement","L2",0.33538108323202986,0.35403537724225576,0.33538108323202986,0.35720058320841552,2,2,"gurobi_cb_mip_objbnd_valid_native_bound"
12.049867030517579,5.9018259305175782,"partial_native_mip_bound_improvement","L2",0.33557267998037227,0.35403537724225576,0.33557267998037227,0.35720058320841552,2,2,"gurobi_cb_mip_objbnd_valid_native_bound"
12.073866959945679,5.9258258599456788,"partial_native_mip_bound_improvement","L2",0.33577491308003704,0.35403537724225576,0.33577491308003704,0.35720058320841552,2,2,"gurobi_cb_mip_objbnd_valid_native_bound"
12.136867162124634,5.9888260621246339,"partial_native_mip_bound_improvement","L2",0.33641661325397937,0.35403537724225576,0.33641661325397937,0.35720058320841552,2,2,"gurobi_cb_mip_objbnd_valid_native_bound"
12.204867001907349,6.0568259019073487,"partial_native_mip_bound_improvement","L2",0.3364220872216051,0.35403537724225576,0.3364220872216051,0.35720058320841552,2,2,"gurobi_cb_mip_objbnd_valid_native_bound"
12.264867183105469,6.1168260831054688,"partial_native_mip_bound_improvement","L2",0.33706632477078524,0.35403537724225576,0.33706632477078524,0.35720058320841552,2,2,"gurobi_cb_mip_objbnd_valid_native_bound"
12.310867186920166,6.1628260869201661,"partial_native_mip_bound_improvement","L2",0.33707863042340808,0.35403537724225576,0.33707863042340808,0.35720058320841552,2,2,"gurobi_cb_mip_objbnd_valid_native_bound"
12.371867057220459,6.2238259572204591,"partial_native_mip_bound_improvement","L2",0.33747798085059089,0.35403537724225576,0.33747798085059089,0.35720058320841552,2,2,"gurobi_cb_mip_objbnd_valid_native_bound"
12.846866961853028,6.6988258618530274,"partial_native_mip_bound_improvement","L2",0.33772517389009704,0.35403537724225576,0.33772517389009704,0.35720058320841552,2,2,"gurobi_cb_mip_objbnd_valid_native_bound"
12.878867026702881,6.7308259267028809,"partial_native_mip_bound_improvement","L2",0.33802773824256238,0.35403537724225576,0.33802773824256238,0.35720058320841552,2,2,"gurobi_cb_mip_objbnd_valid_native_bound"
12.887867089645386,6.7398259896453858,"partial_native_mip_bound_improvement","L2",0.33870160128842658,0.35403537724225576,0.33870160128842658,0.35720058320841552,2,2,"gurobi_cb_mip_objbnd_valid_native_bound"
12.986867066757203,6.8388259667572022,"partial_native_mip_bound_improvement","L2",0.33885356416284584,0.35403537724225576,0.33885356416284584,0.35720058320841552,2,2,"gurobi_cb_mip_objbnd_valid_native_bound"
13.281867143051148,7.1338260430511475,"partial_native_mip_bound_improvement","L2",0.33893735324957242,0.35403537724225576,0.33893735324957242,0.35720058320841552,2,2,"gurobi_cb_mip_objbnd_valid_native_bound"
13.286867019073487,7.1388259190734864,"partial_native_mip_bound_improvement","L2",0.3389766436937523,0.35403537724225576,0.3389766436937523,0.35720058320841552,2,2,"gurobi_cb_mip_objbnd_valid_native_bound"
13.496867057220459,7.3488259572204591,"partial_native_mip_bound_improvement","L2",0.33911872351167444,0.35403537724225576,0.33911872351167444,0.35720058320841552,2,2,"gurobi_cb_mip_objbnd_valid_native_bound"
23.504866954223633,17.356825854223633,"partial_native_mip_bound_improvement","L2",0.33914081205514113,0.35403537724225576,0.33914081205514113,0.35720058320841552,2,2,"gurobi_cb_mip_objbnd_valid_native_bound"
23.589866992370606,17.441825892370606,"partial_native_mip_bound_improvement","L2",0.33920874719840316,0.35403537724225576,0.33920874719840316,0.35720058320841552,2,2,"gurobi_cb_mip_objbnd_valid_native_bound"
24.084867116348267,17.936826016348267,"partial_native_mip_bound_improvement","L2",0.33978907964179433,0.35403537724225576,0.33978907964179433,0.35720058320841552,2,2,"gurobi_cb_mip_objbnd_valid_native_bound"
24.137867089645386,17.989825989645386,"partial_native_mip_bound_improvement","L2",0.34066150527801964,0.35403537724225576,0.34066150527801964,0.35720058320841552,2,2,"gurobi_cb_mip_objbnd_valid_native_bound"
24.165866967575074,18.017825867575073,"partial_native_mip_bound_improvement","L2",0.34092727516650817,0.35403537724225576,0.34092727516650817,0.35720058320841552,2,2,"gurobi_cb_mip_objbnd_valid_native_bound"
24.174867030517579,18.026825930517578,"partial_native_mip_bound_improvement","L2",0.34096889687699256,0.35403537724225576,0.34096889687699256,0.35720058320841552,2,2,"gurobi_cb_mip_objbnd_valid_native_bound"
24.207867022888184,18.059825922888184,"partial_native_mip_bound_improvement","L2",0.34112163045635213,0.35403537724225576,0.34112163045635213,0.35720058320841552,2,2,"gurobi_cb_mip_objbnd_valid_native_bound"
24.252867099182129,18.104825999182129,"partial_native_mip_bound_improvement","L2",0.34139913273134792,0.35403537724225576,0.34139913273134792,0.35720058320841552,2,2,"gurobi_cb_mip_objbnd_valid_native_bound"
24.274867173568726,18.126826073568726,"partial_native_mip_bound_improvement","L2",0.34215841184900153,0.35403537724225576,0.34215841184900153,0.35720058320841552,2,2,"gurobi_cb_mip_objbnd_valid_native_bound"
24.316866990463257,18.168825890463257,"partial_native_mip_bound_improvement","L2",0.34245377165702262,0.35403537724225576,0.34245377165702262,0.35720058320841552,2,2,"gurobi_cb_mip_objbnd_valid_native_bound"
24.341867085830689,18.193825985830689,"partial_native_mip_bound_improvement","L2",0.34248222569620168,0.35403537724225576,0.34248222569620168,0.35720058320841552,2,2,"gurobi_cb_mip_objbnd_valid_native_bound"
24.384867068664551,18.236825968664551,"partial_native_mip_bound_improvement","L2",0.34310348563895721,0.35403537724225576,0.34310348563895721,0.35720058320841552,2,2,"gurobi_cb_mip_objbnd_valid_native_bound"
24.427867051498414,18.279825951498413,"partial_native_mip_bound_improvement","L2",0.34337117700891945,0.35403537724225576,0.34337117700891945,0.35720058320841552,2,2,"gurobi_cb_mip_objbnd_valid_native_bound"
24.475867148773194,18.327826048773193,"partial_native_mip_bound_improvement","L2",0.34364431085384345,0.35403537724225576,0.34364431085384345,0.35720058320841552,2,2,"gurobi_cb_mip_objbnd_valid_native_bound"
24.514867183105469,18.366826083105469,"partial_native_mip_bound_improvement","L2",0.34399942490725532,0.35403537724225576,0.34399942490725532,0.35720058320841552,2,2,"gurobi_cb_mip_objbnd_valid_native_bound"
24.515867110626221,18.367826010626221,"partial_native_mip_bound_improvement","L2",0.34483745268912658,0.35403537724225576,0.34483745268912658,0.35720058320841552,2,2,"gurobi_cb_mip_objbnd_valid_native_bound"
24.528867122070313,18.380826022070313,"partial_native_mip_bound_improvement","L2",0.34548980894449954,0.35403537724225576,0.34548980894449954,0.35720058320841552,2,2,"gurobi_cb_mip_objbnd_valid_native_bound"
24.537867185012818,18.389826085012817,"partial_native_mip_bound_improvement","L2",0.34585878919467045,0.35403537724225576,0.34585878919467045,0.35720058320841552,2,2,"gurobi_cb_mip_objbnd_valid_native_bound"
24.552867051498414,18.404825951498413,"partial_native_mip_bound_improvement","L2",0.34610837997245492,0.35403537724225576,0.34610837997245492,0.35720058320841552,2,2,"gurobi_cb_mip_objbnd_valid_native_bound"
24.577867146865845,18.429826046865845,"partial_native_mip_bound_improvement","L2",0.3461239437089878,0.35403537724225576,0.3461239437089878,0.35720058320841552,2,2,"gurobi_cb_mip_objbnd_valid_native_bound"
24.60986697329712,18.461825873297119,"partial_native_mip_bound_improvement","L2",0.34623755819392354,0.35403537724225576,0.34623755819392354,0.35720058320841552,2,2,"gurobi_cb_mip_objbnd_valid_native_bound"
24.637867089645386,18.489825989645386,"partial_native_mip_bound_improvement","L2",0.34630166216511843,0.35403537724225576,0.34630166216511843,0.35720058320841552,2,2,"gurobi_cb_mip_objbnd_valid_native_bound"
24.646867152587891,18.498826052587891,"partial_native_mip_bound_improvement","L2",0.34634005307610261,0.35403537724225576,0.34634005307610261,0.35720058320841552,2,2,"gurobi_cb_mip_objbnd_valid_native_bound"
24.684867020980835,18.536825920980835,"partial_native_mip_bound_improvement","L2",0.34636294298722781,0.35403537724225576,0.34636294298722781,0.35720058320841552,2,2,"gurobi_cb_mip_objbnd_valid_native_bound"
24.691866990463257,18.543825890463257,"partial_native_mip_bound_improvement","L2",0.34644209566980932,0.35403537724225576,0.34644209566980932,0.35720058320841552,2,2,"gurobi_cb_mip_objbnd_valid_native_bound"
24.727867003814698,18.579825903814697,"partial_native_mip_bound_improvement","L2",0.34650796707691817,0.35403537724225576,0.34650796707691817,0.35720058320841552,2,2,"gurobi_cb_mip_objbnd_valid_native_bound"
24.780866977111817,18.632825877111816,"partial_native_mip_bound_improvement","L2",0.34664692828415816,0.35403537724225576,0.34664692828415816,0.35720058320841552,2,2,"gurobi_cb_mip_objbnd_valid_native_bound"
24.79486715449524,18.646826054495239,"partial_native_mip_bound_improvement","L2",0.34688599516050278,0.35403537724225576,0.34688599516050278,0.35720058320841552,2,2,"gurobi_cb_mip_objbnd_valid_native_bound"
24.813866969482422,18.665825869482422,"partial_native_mip_bound_improvement","L2",0.34722116119112501,0.35403537724225576,0.34722116119112501,0.35720058320841552,2,2,"gurobi_cb_mip_objbnd_valid_native_bound"
24.821867104904175,18.673826004904175,"partial_native_mip_bound_improvement","L2",0.34739204286616321,0.35403537724225576,0.34739204286616321,0.35720058320841552,2,2,"gurobi_cb_mip_objbnd_valid_native_bound"
24.853867169754029,18.705826069754028,"partial_native_mip_bound_improvement","L2",0.34745321363099863,0.35403537724225576,0.34745321363099863,0.35720058320841552,2,2,"gurobi_cb_mip_objbnd_valid_native_bound"
24.881867047683716,18.733825947683716,"partial_native_mip_bound_improvement","L2",0.34748429052666441,0.35403537724225576,0.34748429052666441,0.35720058320841552,2,2,"gurobi_cb_mip_objbnd_valid_native_bound"
24.9078670705719,18.759825970571899,"partial_native_mip_bound_improvement","L2",0.347578253650282,0.35403537724225576,0.347578253650282,0.35720058320841552,2,2,"gurobi_cb_mip_objbnd_valid_native_bound"
24.909867164031983,18.761826064031982,"partial_native_mip_bound_improvement","L2",0.34757867393483938,0.35403537724225576,0.34757867393483938,0.35720058320841552,2,2,"gurobi_cb_mip_objbnd_valid_native_bound"
24.932867165939331,18.784826065939331,"partial_native_mip_bound_improvement","L2",0.34768687966641076,0.35403537724225576,0.34768687966641076,0.35720058320841552,2,2,"gurobi_cb_mip_objbnd_valid_native_bound"
24.967867013351441,18.819825913351441,"partial_native_mip_bound_improvement","L2",0.34782153192780857,0.35403537724225576,0.34782153192780857,0.35720058320841552,2,2,"gurobi_cb_mip_objbnd_valid_native_bound"
24.994866963760376,18.846825863760376,"partial_native_mip_bound_improvement","L2",0.34808092327850243,0.35403537724225576,0.34808092327850243,0.35720058320841552,2,2,"gurobi_cb_mip_objbnd_valid_native_bound"
24.999867078201294,18.851825978201294,"partial_native_mip_bound_improvement","L2",0.34818564411538988,0.35403537724225576,0.34818564411538988,0.35720058320841552,2,2,"gurobi_cb_mip_objbnd_valid_native_bound"
25.024867173568726,18.876826073568726,"partial_native_mip_bound_improvement","L2",0.34821679889575519,0.35403537724225576,0.34821679889575519,0.35720058320841552,2,2,"gurobi_cb_mip_objbnd_valid_native_bound"
25.046867009536744,18.898825909536743,"partial_native_mip_bound_improvement","L2",0.34823525516425236,0.35403537724225576,0.34823525516425236,0.35720058320841552,2,2,"gurobi_cb_mip_objbnd_valid_native_bound"
25.059867020980835,18.911825920980835,"partial_native_mip_bound_improvement","L2",0.34823837591752349,0.35403537724225576,0.34823837591752349,0.35720058320841552,2,2,"gurobi_cb_mip_objbnd_valid_native_bound"
25.076866980926514,18.928825880926514,"partial_native_mip_bound_improvement","L2",0.34830452334412593,0.35403537724225576,0.34830452334412593,0.35720058320841552,2,2,"gurobi_cb_mip_objbnd_valid_native_bound"
25.15186702861023,19.00382592861023,"partial_native_mip_bound_improvement","L2",0.34836504451908373,0.35403537724225576,0.34836504451908373,0.35720058320841552,2,2,"gurobi_cb_mip_objbnd_valid_native_bound"
25.153867122070313,19.005826022070313,"partial_native_mip_bound_improvement","L2",0.34843612650733491,0.35403537724225576,0.34843612650733491,0.35720058320841552,2,2,"gurobi_cb_mip_objbnd_valid_native_bound"
25.207867022888184,19.059825922888184,"partial_native_mip_bound_improvement","L2",0.34867944079988161,0.35403537724225576,0.34867944079988161,0.35720058320841552,2,2,"gurobi_cb_mip_objbnd_valid_native_bound"
25.208867188827515,19.060826088827515,"partial_native_mip_bound_improvement","L2",0.34876277690715296,0.35403537724225576,0.34876277690715296,0.35720058320841552,2,2,"gurobi_cb_mip_objbnd_valid_native_bound"
25.241867181198121,19.09382608119812,"partial_native_mip_bound_improvement","L2",0.3489263694732162,0.35403537724225576,0.3489263694732162,0.35720058320841552,2,2,"gurobi_cb_mip_objbnd_valid_native_bound"
25.265867110626221,19.117826010626221,"partial_native_mip_bound_improvement","L2",0.34895267199985625,0.35403537724225576,0.34895267199985625,0.35720058320841552,2,2,"gurobi_cb_mip_objbnd_valid_native_bound"
25.31886708392334,19.17082598392334,"partial_native_mip_bound_improvement","L2",0.34896116608684485,0.35403537724225576,0.34896116608684485,0.35720058320841552,2,2,"gurobi_cb_mip_objbnd_valid_native_bound"
25.322867032424927,19.174825932424927,"partial_native_mip_bound_improvement","L2",0.3489919724340696,0.35403537724225576,0.3489919724340696,0.35720058320841552,2,2,"gurobi_cb_mip_objbnd_valid_native_bound"
25.338867064849854,19.190825964849854,"partial_native_mip_bound_improvement","L2",0.34914587198427827,0.35403537724225576,0.34914587198427827,0.35720058320841552,2,2,"gurobi_cb_mip_objbnd_valid_native_bound"
25.339866992370606,19.191825892370606,"partial_native_mip_bound_improvement","L2",0.349173857442728,0.35403537724225576,0.349173857442728,0.35720058320841552,2,2,"gurobi_cb_mip_objbnd_valid_native_bound"
25.364867087738038,19.216825987738037,"partial_native_mip_bound_improvement","L2",0.34920349554056268,0.35403537724225576,0.34920349554056268,0.35720058320841552,2,2,"gurobi_cb_mip_objbnd_valid_native_bound"
25.393867131607056,19.245826031607056,"partial_native_mip_bound_improvement","L2",0.34932814270309248,0.35403537724225576,0.34932814270309248,0.35720058320841552,2,2,"gurobi_cb_mip_objbnd_valid_native_bound"
25.394867059127808,19.246825959127808,"partial_native_mip_bound_improvement","L2",0.34936294115393984,0.35403537724225576,0.34936294115393984,0.35720058320841552,2,2,"gurobi_cb_mip_objbnd_valid_native_bound"
25.406867143051148,19.258826043051148,"partial_native_mip_bound_improvement","L2",0.34943227655154646,0.35403537724225576,0.34943227655154646,0.35720058320841552,2,2,"gurobi_cb_mip_objbnd_valid_native_bound"
25.423867102996827,19.275826002996826,"partial_native_mip_bound_improvement","L2",0.34945300428391451,0.35403537724225576,0.34945300428391451,0.35720058320841552,2,2,"gurobi_cb_mip_objbnd_valid_native_bound"
25.426867123977662,19.278826023977661,"partial_native_mip_bound_improvement","L2",0.34967390649279084,0.35403537724225576,0.34967390649279084,0.35720058320841552,2,2,"gurobi_cb_mip_objbnd_valid_native_bound"
25.457867022888184,19.309825922888184,"partial_native_mip_bound_improvement","L2",0.34973977578936943,0.35403537724225576,0.34973977578936943,0.35720058320841552,2,2,"gurobi_cb_mip_objbnd_valid_native_bound"
25.786867019073487,19.638825919073486,"partial_native_mip_bound_improvement","L2",0.34987741700004149,0.35403537724225576,0.34987741700004149,0.35720058320841552,2,2,"gurobi_cb_mip_objbnd_valid_native_bound"
25.886867162124634,19.738826062124634,"partial_native_mip_bound_improvement","L2",0.34990074857169018,0.35403537724225576,0.34990074857169018,0.35720058320841552,2,2,"gurobi_cb_mip_objbnd_valid_native_bound"
25.973867055313111,19.82582595531311,"partial_native_mip_bound_improvement","L2",0.3499289234793469,0.35403537724225576,0.3499289234793469,0.35720058320841552,2,2,"gurobi_cb_mip_objbnd_valid_native_bound"
25.992867108718873,19.844826008718872,"partial_native_mip_bound_improvement","L2",0.34995691589364869,0.35403537724225576,0.34995691589364869,0.35720058320841552,2,2,"gurobi_cb_mip_objbnd_valid_native_bound"
26.016867038146973,19.868825938146973,"partial_native_mip_bound_improvement","L2",0.35004025499332353,0.35403537724225576,0.35004025499332353,0.35720058320841552,2,2,"gurobi_cb_mip_objbnd_valid_native_bound"
26.053866979019165,19.905825879019165,"partial_native_mip_bound_improvement","L2",0.35006753118328726,0.35403537724225576,0.35006753118328726,0.35720058320841552,2,2,"gurobi_cb_mip_objbnd_valid_native_bound"
26.070867177383423,19.922826077383423,"partial_native_mip_bound_improvement","L2",0.35011216807952072,0.35403537724225576,0.35011216807952072,0.35720058320841552,2,2,"gurobi_cb_mip_objbnd_valid_native_bound"
26.08086716784668,19.93282606784668,"partial_native_mip_bound_improvement","L2",0.35017822213709338,0.35403537724225576,0.35017822213709338,0.35720058320841552,2,2,"gurobi_cb_mip_objbnd_valid_native_bound"
26.094867106811524,19.946826006811524,"partial_native_mip_bound_improvement","L2",0.35029164803893842,0.35403537724225576,0.35029164803893842,0.35720058320841552,2,2,"gurobi_cb_mip_objbnd_valid_native_bound"
26.134867068664551,19.986825968664551,"partial_native_mip_bound_improvement","L2",0.35035263468492051,0.35403537724225576,0.35035263468492051,0.35720058320841552,2,2,"gurobi_cb_mip_objbnd_valid_native_bound"
26.153867122070313,20.005826022070313,"partial_native_mip_bound_improvement","L2",0.35035587678403812,0.35403537724225576,0.35035587678403812,0.35720058320841552,2,2,"gurobi_cb_mip_objbnd_valid_native_bound"
26.203867074386597,20.055825974386597,"partial_native_mip_bound_improvement","L2",0.35036453050562671,0.35403537724225576,0.35036453050562671,0.35720058320841552,2,2,"gurobi_cb_mip_objbnd_valid_native_bound"
26.209867116348267,20.061826016348267,"partial_native_mip_bound_improvement","L2",0.35040928898218859,0.35403537724225576,0.35040928898218859,0.35720058320841552,2,2,"gurobi_cb_mip_objbnd_valid_native_bound"
26.246867057220459,20.098825957220459,"partial_native_mip_bound_improvement","L2",0.35041230623474512,0.35403537724225576,0.35041230623474512,0.35720058320841552,2,2,"gurobi_cb_mip_objbnd_valid_native_bound"
26.247866984741211,20.099825884741211,"partial_native_mip_bound_improvement","L2",0.35043403662459316,0.35403537724225576,0.35043403662459316,0.35720058320841552,2,2,"gurobi_cb_mip_objbnd_valid_native_bound"
26.285867091552735,20.137825991552734,"partial_native_mip_bound_improvement","L2",0.35069440842830274,0.35403537724225576,0.35069440842830274,0.35720058320841552,2,2,"gurobi_cb_mip_objbnd_valid_native_bound"
26.293866988555909,20.145825888555908,"partial_native_mip_bound_improvement","L2",0.35073535297412611,0.35403537724225576,0.35073535297412611,0.35720058320841552,2,2,"gurobi_cb_mip_objbnd_valid_native_bound"
26.32486712588501,20.17682602588501,"partial_native_mip_bound_improvement","L2",0.35088649488961043,0.35403537724225576,0.35088649488961043,0.35720058320841552,2,2,"gurobi_cb_mip_objbnd_valid_native_bound"
26.349866982833863,20.201825882833862,"partial_native_mip_bound_improvement","L2",0.35099381350185871,0.35403537724225576,0.35099381350185871,0.35720058320841552,2,2,"gurobi_cb_mip_objbnd_valid_native_bound"
26.371867057220459,20.223825957220459,"partial_native_mip_bound_improvement","L2",0.35104283746098597,0.35403537724225576,0.35104283746098597,0.35720058320841552,2,2,"gurobi_cb_mip_objbnd_valid_native_bound"
26.374867078201294,20.226825978201294,"partial_native_mip_bound_improvement","L2",0.35106095448358315,0.35403537724225576,0.35106095448358315,0.35720058320841552,2,2,"gurobi_cb_mip_objbnd_valid_native_bound"
26.400867101089478,20.252826001089478,"partial_native_mip_bound_improvement","L2",0.3510682820420194,0.35403537724225576,0.3510682820420194,0.35720058320841552,2,2,"gurobi_cb_mip_objbnd_valid_native_bound"
26.430867072479248,20.282825972479248,"partial_native_mip_bound_improvement","L2",0.35108441494961018,0.35403537724225576,0.35108441494961018,0.35720058320841552,2,2,"gurobi_cb_mip_objbnd_valid_native_bound"
26.479867097274781,20.33182599727478,"partial_native_mip_bound_improvement","L2",0.35113021052712118,0.35403537724225576,0.35113021052712118,0.35720058320841552,2,2,"gurobi_cb_mip_objbnd_valid_native_bound"
26.488867160217286,20.340826060217285,"partial_native_mip_bound_improvement","L2",0.3511609795238681,0.35403537724225576,0.3511609795238681,0.35720058320841552,2,2,"gurobi_cb_mip_objbnd_valid_native_bound"
26.515867110626221,20.367826010626221,"partial_native_mip_bound_improvement","L2",0.35117186329312083,0.35403537724225576,0.35117186329312083,0.35720058320841552,2,2,"gurobi_cb_mip_objbnd_valid_native_bound"
26.536867019073487,20.388825919073486,"partial_native_mip_bound_improvement","L2",0.35119005842031292,0.35403537724225576,0.35119005842031292,0.35720058320841552,2,2,"gurobi_cb_mip_objbnd_valid_native_bound"
26.591867085830689,20.443825985830689,"partial_native_mip_bound_improvement","L2",0.3512393588415561,0.35403537724225576,0.3512393588415561,0.35720058320841552,2,2,"gurobi_cb_mip_objbnd_valid_native_bound"
26.64586698664856,20.49782588664856,"partial_native_mip_bound_improvement","L2",0.35124074201846983,0.35403537724225576,0.35124074201846983,0.35720058320841552,2,2,"gurobi_cb_mip_objbnd_valid_native_bound"
26.723867055313111,20.57582595531311,"partial_native_mip_bound_improvement","L2",0.35125670927374181,0.35403537724225576,0.35125670927374181,0.35720058320841552,2,2,"gurobi_cb_mip_objbnd_valid_native_bound"
26.795867082015992,20.647825982015991,"partial_native_mip_bound_improvement","L2",0.3512996091628165,0.35403537724225576,0.3512996091628165,0.35720058320841552,2,2,"gurobi_cb_mip_objbnd_valid_native_bound"
26.806867,20.6588259,"partial_native_mip_bound_improvement","L2",0.35130093609155261,0.35403537724225576,0.35130093609155261,0.35720058320841552,2,2,"gurobi_cb_mip_objbnd_valid_native_bound"
26.81286704196167,20.66482594196167,"partial_native_mip_bound_improvement","L2",0.35132544869536797,0.35403537724225576,0.35132544869536797,0.35720058320841552,2,2,"gurobi_cb_mip_objbnd_valid_native_bound"
26.816866990463257,20.668825890463257,"partial_native_mip_bound_improvement","L2",0.35134097500692524,0.35403537724225576,0.35134097500692524,0.35720058320841552,2,2,"gurobi_cb_mip_objbnd_valid_native_bound"
26.817867156402588,20.669826056402588,"partial_native_mip_bound_improvement","L2",0.35135801525647914,0.35403537724225576,0.35135801525647914,0.35720058320841552,2,2,"gurobi_cb_mip_objbnd_valid_native_bound"
26.831867095367432,20.683825995367432,"partial_native_mip_bound_improvement","L2",0.35136650902263716,0.35403537724225576,0.35136650902263716,0.35720058320841552,2,2,"gurobi_cb_mip_objbnd_valid_native_bound"
26.836866971389771,20.688825871389771,"partial_native_mip_bound_improvement","L2",0.3513790779356375,0.35403537724225576,0.3513790779356375,0.35720058320841552,2,2,"gurobi_cb_mip_objbnd_valid_native_bound"
26.856866952316285,20.708825852316284,"partial_native_mip_bound_improvement","L2",0.35141942711896207,0.35403537724225576,0.35141942711896207,0.35720058320841552,2,2,"gurobi_cb_mip_objbnd_valid_native_bound"
26.856866952316285,20.708825852316284,"partial_native_mip_bound_improvement","L2",0.35144725254849785,0.35403537724225576,0.35144725254849785,0.35720058320841552,2,2,"gurobi_cb_mip_objbnd_valid_native_bound"
26.873867150680542,20.725826050680542,"partial_native_mip_bound_improvement","L2",0.35145215895988008,0.35403537724225576,0.35145215895988008,0.35720058320841552,2,2,"gurobi_cb_mip_objbnd_valid_native_bound"
26.875867005722046,20.727825905722046,"partial_native_mip_bound_improvement","L2",0.35148077660755567,0.35403537724225576,0.35148077660755567,0.35720058320841552,2,2,"gurobi_cb_mip_objbnd_valid_native_bound"
26.886867162124634,20.738826062124634,"partial_native_mip_bound_improvement","L2",0.35151096429781048,0.35403537724225576,0.35151096429781048,0.35720058320841552,2,2,"gurobi_cb_mip_objbnd_valid_native_bound"
26.892866965667725,20.744825865667725,"partial_native_mip_bound_improvement","L2",0.35157968122217592,0.35403537724225576,0.35157968122217592,0.35720058320841552,2,2,"gurobi_cb_mip_objbnd_valid_native_bound"
26.894867059127808,20.746825959127808,"partial_native_mip_bound_improvement","L2",0.35160995353671975,0.35403537724225576,0.35160995353671975,0.35720058320841552,2,2,"gurobi_cb_mip_objbnd_valid_native_bound"
26.902866956130982,20.754825856130982,"partial_native_mip_bound_improvement","L2",0.35162281662948269,0.35403537724225576,0.35162281662948269,0.35720058320841552,2,2,"gurobi_cb_mip_objbnd_valid_native_bound"
26.903867122070313,20.755826022070313,"partial_native_mip_bound_improvement","L2",0.35170269691498646,0.35403537724225576,0.35170269691498646,0.35720058320841552,2,2,"gurobi_cb_mip_objbnd_valid_native_bound"
26.926867123977662,20.778826023977661,"partial_native_mip_bound_improvement","L2",0.35171819464509246,0.35403537724225576,0.35171819464509246,0.35720058320841552,2,2,"gurobi_cb_mip_objbnd_valid_native_bound"
26.939867135421753,20.791826035421753,"partial_native_mip_bound_improvement","L2",0.35173949327865833,0.35403537724225576,0.35173949327865833,0.35720058320841552,2,2,"gurobi_cb_mip_objbnd_valid_native_bound"
26.94386708392334,20.79582598392334,"partial_native_mip_bound_improvement","L2",0.35178495270980431,0.35403537724225576,0.35178495270980431,0.35720058320841552,2,2,"gurobi_cb_mip_objbnd_valid_native_bound"
26.983867045776368,20.835825945776367,"partial_native_mip_bound_improvement","L2",0.35179613025776968,0.35403537724225576,0.35179613025776968,0.35720058320841552,2,2,"gurobi_cb_mip_objbnd_valid_native_bound"
26.991867181198121,20.84382608119812,"partial_native_mip_bound_improvement","L2",0.35186833441035492,0.35403537724225576,0.35186833441035492,0.35720058320841552,2,2,"gurobi_cb_mip_objbnd_valid_native_bound"
26.992867108718873,20.844826008718872,"partial_native_mip_bound_improvement","L2",0.35192739314332711,0.35403537724225576,0.35192739314332711,0.35720058320841552,2,2,"gurobi_cb_mip_objbnd_valid_native_bound"
27.002867099182129,20.854825999182129,"partial_native_mip_bound_improvement","L2",0.35193875698587518,0.35403537724225576,0.35193875698587518,0.35720058320841552,2,2,"gurobi_cb_mip_objbnd_valid_native_bound"
27.011867162124634,20.863826062124634,"partial_native_mip_bound_improvement","L2",0.35195223252032981,0.35403537724225576,0.35195223252032981,0.35720058320841552,2,2,"gurobi_cb_mip_objbnd_valid_native_bound"
27.02686702861023,20.87882592861023,"partial_native_mip_bound_improvement","L2",0.35195688337797121,0.35403537724225576,0.35195688337797121,0.35720058320841552,2,2,"gurobi_cb_mip_objbnd_valid_native_bound"
27.033866998092652,20.885825898092651,"partial_native_mip_bound_improvement","L2",0.35203234613731693,0.35403537724225576,0.35203234613731693,0.35720058320841552,2,2,"gurobi_cb_mip_objbnd_valid_native_bound"
27.041867133514405,20.893826033514404,"partial_native_mip_bound_improvement","L2",0.35204183007855683,0.35403537724225576,0.35204183007855683,0.35720058320841552,2,2,"gurobi_cb_mip_objbnd_valid_native_bound"
27.046867009536744,20.898825909536743,"partial_native_mip_bound_improvement","L2",0.35204607802196652,0.35403537724225576,0.35204607802196652,0.35720058320841552,2,2,"gurobi_cb_mip_objbnd_valid_native_bound"
27.065867062942505,20.917825962942505,"partial_native_mip_bound_improvement","L2",0.35209737345159287,0.35403537724225576,0.35209737345159287,0.35720058320841552,2,2,"gurobi_cb_mip_objbnd_valid_native_bound"
27.073866959945679,20.925825859945679,"partial_native_mip_bound_improvement","L2",0.35210314060949172,0.35403537724225576,0.35210314060949172,0.35720058320841552,2,2,"gurobi_cb_mip_objbnd_valid_native_bound"
27.093867179290772,20.945826079290772,"partial_native_mip_bound_improvement","L2",0.35211136139306065,0.35403537724225576,0.35211136139306065,0.35720058320841552,2,2,"gurobi_cb_mip_objbnd_valid_native_bound"
27.094867106811524,20.946826006811524,"partial_native_mip_bound_improvement","L2",0.35211780821987754,0.35403537724225576,0.35211780821987754,0.35720058320841552,2,2,"gurobi_cb_mip_objbnd_valid_native_bound"
27.113867160217286,20.965826060217285,"partial_native_mip_bound_improvement","L2",0.35214836301141228,0.35403537724225576,0.35214836301141228,0.35720058320841552,2,2,"gurobi_cb_mip_objbnd_valid_native_bound"
27.119866963760376,20.971825863760376,"partial_native_mip_bound_improvement","L2",0.35215011016106618,0.35403537724225576,0.35215011016106618,0.35720058320841552,2,2,"gurobi_cb_mip_objbnd_valid_native_bound"
27.124867078201294,20.976825978201294,"partial_native_mip_bound_improvement","L2",0.35216773698525961,0.35403537724225576,0.35216773698525961,0.35720058320841552,2,2,"gurobi_cb_mip_objbnd_valid_native_bound"
27.126867171661377,20.978826071661377,"partial_native_mip_bound_improvement","L2",0.35217019258810844,0.35403537724225576,0.35217019258810844,0.35720058320841552,2,2,"gurobi_cb_mip_objbnd_valid_native_bound"
27.141867038146973,20.993825938146973,"partial_native_mip_bound_improvement","L2",0.35217041223314888,0.35403537724225576,0.35217041223314888,0.35720058320841552,2,2,"gurobi_cb_mip_objbnd_valid_native_bound"
27.153867122070313,21.005826022070313,"partial_native_mip_bound_improvement","L2",0.35217391890869165,0.35403537724225576,0.35217391890869165,0.35720058320841552,2,2,"gurobi_cb_mip_objbnd_valid_native_bound"
27.160867091552735,21.012825991552734,"partial_native_mip_bound_improvement","L2",0.35221685238737854,0.35403537724225576,0.35221685238737854,0.35720058320841552,2,2,"gurobi_cb_mip_objbnd_valid_native_bound"
27.161867019073487,21.013825919073486,"partial_native_mip_bound_improvement","L2",0.35223175658406941,0.35403537724225576,0.35223175658406941,0.35720058320841552,2,2,"gurobi_cb_mip_objbnd_valid_native_bound"
27.178866979019165,21.030825879019165,"partial_native_mip_bound_improvement","L2",0.35224497761770779,0.35403537724225576,0.35224497761770779,0.35720058320841552,2,2,"gurobi_cb_mip_objbnd_valid_native_bound"
27.179867144958497,21.031826044958496,"partial_native_mip_bound_improvement","L2",0.3522633884484847,0.35403537724225576,0.3522633884484847,0.35720058320841552,2,2,"gurobi_cb_mip_objbnd_valid_native_bound"
27.197867032424927,21.049825932424927,"partial_native_mip_bound_improvement","L2",0.35228781622290228,0.35403537724225576,0.35228781622290228,0.35720058320841552,2,2,"gurobi_cb_mip_objbnd_valid_native_bound"
27.19986712588501,21.05182602588501,"partial_native_mip_bound_improvement","L2",0.35235822824066604,0.35403537724225576,0.35235822824066604,0.35720058320841552,2,2,"gurobi_cb_mip_objbnd_valid_native_bound"
27.203867074386597,21.055825974386597,"partial_native_mip_bound_improvement","L2",0.35237026336983557,0.35403537724225576,0.35237026336983557,0.35720058320841552,2,2,"gurobi_cb_mip_objbnd_valid_native_bound"
27.203867074386597,21.055825974386597,"partial_native_mip_bound_improvement","L2",0.35237679663433014,0.35403537724225576,0.35237679663433014,0.35720058320841552,2,2,"gurobi_cb_mip_objbnd_valid_native_bound"
27.207867022888184,21.059825922888184,"partial_native_mip_bound_improvement","L2",0.35238700101651582,0.35403537724225576,0.35238700101651582,0.35720058320841552,2,2,"gurobi_cb_mip_objbnd_valid_native_bound"
27.211866971389771,21.063825871389771,"partial_native_mip_bound_improvement","L2",0.3523880857640676,0.35403537724225576,0.3523880857640676,0.35720058320841552,2,2,"gurobi_cb_mip_objbnd_valid_native_bound"
27.212867137329102,21.064826037329102,"partial_native_mip_bound_improvement","L2",0.35241647449098362,0.35403537724225576,0.35241647449098362,0.35720058320841552,2,2,"gurobi_cb_mip_objbnd_valid_native_bound"
27.239867087738038,21.091825987738037,"partial_native_mip_bound_improvement","L2",0.35243106542405561,0.35403537724225576,0.35243106542405561,0.35720058320841552,2,2,"gurobi_cb_mip_objbnd_valid_native_bound"
27.253867026702881,21.105825926702881,"partial_native_mip_bound_improvement","L2",0.35247045543504918,0.35403537724225576,0.35247045543504918,0.35720058320841552,2,2,"gurobi_cb_mip_objbnd_valid_native_bound"
27.263867017166138,21.115825917166138,"partial_native_mip_bound_improvement","L2",0.35247092829537341,0.35403537724225576,0.35247092829537341,0.35720058320841552,2,2,"gurobi_cb_mip_objbnd_valid_native_bound"
27.289867040054322,21.141825940054321,"partial_native_mip_bound_improvement","L2",0.35251642339062877,0.35403537724225576,0.35251642339062877,0.35720058320841552,2,2,"gurobi_cb_mip_objbnd_valid_native_bound"
27.290866967575074,21.142825867575073,"partial_native_mip_bound_improvement","L2",0.35272647132424934,0.35403537724225576,0.35272647132424934,0.35720058320841552,2,2,"gurobi_cb_mip_objbnd_valid_native_bound"
27.315867062942505,21.167825962942505,"partial_native_mip_bound_improvement","L2",0.35279050096954168,0.35403537724225576,0.35279050096954168,0.35720058320841552,2,2,"gurobi_cb_mip_objbnd_valid_native_bound"
27.329867001907349,21.181825901907349,"partial_native_mip_bound_improvement","L2",0.35283413509363154,0.35403537724225576,0.35283413509363154,0.35720058320841552,2,2,"gurobi_cb_mip_objbnd_valid_native_bound"
27.33086716784668,21.18282606784668,"partial_native_mip_bound_improvement","L2",0.35285180534038441,0.35403537724225576,0.35285180534038441,0.35720058320841552,2,2,"gurobi_cb_mip_objbnd_valid_native_bound"
27.334867116348267,21.186826016348267,"partial_native_mip_bound_improvement","L2",0.3528618176629657,0.35403537724225576,0.3528618176629657,0.35720058320841552,2,2,"gurobi_cb_mip_objbnd_valid_native_bound"
27.344867106811524,21.196826006811524,"partial_native_mip_bound_improvement","L2",0.35295684392566007,0.35403537724225576,0.35295684392566007,0.35720058320841552,2,2,"gurobi_cb_mip_objbnd_valid_native_bound"
27.345867034332276,21.197825934332275,"partial_native_mip_bound_improvement","L2",0.35296696330453475,0.35403537724225576,0.35296696330453475,0.35720058320841552,2,2,"gurobi_cb_mip_objbnd_valid_native_bound"
27.363867160217286,21.215826060217285,"partial_native_mip_bound_improvement","L2",0.35296934572452598,0.35403537724225576,0.35296934572452598,0.35720058320841552,2,2,"gurobi_cb_mip_objbnd_valid_native_bound"
27.382866975204468,21.234825875204468,"partial_native_mip_bound_improvement","L2",0.35301122152397485,0.35403537724225576,0.35301122152397485,0.35720058320841552,2,2,"gurobi_cb_mip_objbnd_valid_native_bound"
27.383867141143799,21.235826041143799,"partial_native_mip_bound_improvement","L2",0.35301458842402333,0.35403537724225576,0.35301458842402333,0.35720058320841552,2,2,"gurobi_cb_mip_objbnd_valid_native_bound"
27.394867059127808,21.246825959127808,"partial_native_mip_bound_improvement","L2",0.3530336916801422,0.35403537724225576,0.3530336916801422,0.35720058320841552,2,2,"gurobi_cb_mip_objbnd_valid_native_bound"
27.39586698664856,21.24782588664856,"partial_native_mip_bound_improvement","L2",0.35303758943683877,0.35403537724225576,0.35303758943683877,0.35720058320841552,2,2,"gurobi_cb_mip_objbnd_valid_native_bound"
27.403867122070313,21.255826022070313,"partial_native_mip_bound_improvement","L2",0.35306782645878532,0.35403537724225576,0.35306782645878532,0.35720058320841552,2,2,"gurobi_cb_mip_objbnd_valid_native_bound"
27.405866977111817,21.257825877111816,"partial_native_mip_bound_improvement","L2",0.35308062011267854,0.35403537724225576,0.35308062011267854,0.35720058320841552,2,2,"gurobi_cb_mip_objbnd_valid_native_bound"
27.4078670705719,21.259825970571899,"partial_native_mip_bound_improvement","L2",0.35308412376531745,0.35403537724225576,0.35308412376531745,0.35720058320841552,2,2,"gurobi_cb_mip_objbnd_valid_native_bound"
27.41386711253357,21.265826012533569,"partial_native_mip_bound_improvement","L2",0.35310905900795386,0.35403537724225576,0.35310905900795386,0.35720058320841552,2,2,"gurobi_cb_mip_objbnd_valid_native_bound"
27.415866967575074,21.267825867575073,"partial_native_mip_bound_improvement","L2",0.35313849950223386,0.35403537724225576,0.35313849950223386,0.35720058320841552,2,2,"gurobi_cb_mip_objbnd_valid_native_bound"
27.422867175476075,21.274826075476074,"partial_native_mip_bound_improvement","L2",0.35318614070016402,0.35403537724225576,0.35318614070016402,0.35720058320841552,2,2,"gurobi_cb_mip_objbnd_valid_native_bound"
27.428866979019165,21.280825879019165,"partial_native_mip_bound_improvement","L2",0.35318700622875898,0.35403537724225576,0.35318700622875898,0.35720058320841552,2,2,"gurobi_cb_mip_objbnd_valid_native_bound"
27.430867072479248,21.282825972479248,"partial_native_mip_bound_improvement","L2",0.35320936237354789,0.35403537724225576,0.35320936237354789,0.35720058320841552,2,2,"gurobi_cb_mip_objbnd_valid_native_bound"
27.431867,21.2838259,"partial_native_mip_bound_improvement","L2",0.35322014539139301,0.35403537724225576,0.35322014539139301,0.35720058320841552,2,2,"gurobi_cb_mip_objbnd_valid_native_bound"
27.433867093460083,21.285825993460083,"partial_native_mip_bound_improvement","L2",0.35322216734396078,0.35403537724225576,0.35322216734396078,0.35720058320841552,2,2,"gurobi_cb_mip_objbnd_valid_native_bound"
27.440867062942505,21.292825962942505,"partial_native_mip_bound_improvement","L2",0.35322608492870611,0.35403537724225576,0.35322608492870611,0.35720058320841552,2,2,"gurobi_cb_mip_objbnd_valid_native_bound"
27.441866990463257,21.293825890463257,"partial_native_mip_bound_improvement","L2",0.35322638786874577,0.35403537724225576,0.35322638786874577,0.35720058320841552,2,2,"gurobi_cb_mip_objbnd_valid_native_bound"
27.450867053405762,21.302825953405762,"partial_native_mip_bound_improvement","L2",0.35323454147892325,0.35403537724225576,0.35323454147892325,0.35720058320841552,2,2,"gurobi_cb_mip_objbnd_valid_native_bound"
27.454867001907349,21.306825901907349,"partial_native_mip_bound_improvement","L2",0.35324525132776158,0.35403537724225576,0.35324525132776158,0.35720058320841552,2,2,"gurobi_cb_mip_objbnd_valid_native_bound"
27.462867137329102,21.314826037329102,"partial_native_mip_bound_improvement","L2",0.3532595985650136,0.35403537724225576,0.3532595985650136,0.35720058320841552,2,2,"gurobi_cb_mip_objbnd_valid_native_bound"
27.475867148773194,21.327826048773193,"partial_native_mip_bound_improvement","L2",0.3532597224756005,0.35403537724225576,0.3532597224756005,0.35720058320841552,2,2,"gurobi_cb_mip_objbnd_valid_native_bound"
27.481866952316285,21.333825852316284,"partial_native_mip_bound_improvement","L2",0.35328338595202352,0.35403537724225576,0.35328338595202352,0.35720058320841552,2,2,"gurobi_cb_mip_objbnd_valid_native_bound"
27.487866994277955,21.339825894277954,"partial_native_mip_bound_improvement","L2",0.35332005604076444,0.35403537724225576,0.35332005604076444,0.35720058320841552,2,2,"gurobi_cb_mip_objbnd_valid_native_bound"
27.496867057220459,21.348825957220459,"partial_native_mip_bound_improvement","L2",0.35332549555445825,0.35403537724225576,0.35332549555445825,0.35720058320841552,2,2,"gurobi_cb_mip_objbnd_valid_native_bound"
27.507866975204468,21.359825875204468,"partial_native_mip_bound_improvement","L2",0.35334879447600936,0.35403537724225576,0.35334879447600936,0.35720058320841552,2,2,"gurobi_cb_mip_objbnd_valid_native_bound"
27.517866965667725,21.369825865667725,"partial_native_mip_bound_improvement","L2",0.35334963915765255,0.35403537724225576,0.35334963915765255,0.35720058320841552,2,2,"gurobi_cb_mip_objbnd_valid_native_bound"
27.534867164031983,21.386826064031982,"partial_native_mip_bound_improvement","L2",0.35337554452736086,0.35403537724225576,0.35337554452736086,0.35720058320841552,2,2,"gurobi_cb_mip_objbnd_valid_native_bound"
27.536867019073487,21.388825919073486,"partial_native_mip_bound_improvement","L2",0.35338906085930238,0.35403537724225576,0.35338906085930238,0.35720058320841552,2,2,"gurobi_cb_mip_objbnd_valid_native_bound"
27.54486715449524,21.396826054495239,"partial_native_mip_bound_improvement","L2",0.35340397730001877,0.35403537724225576,0.35340397730001877,0.35720058320841552,2,2,"gurobi_cb_mip_objbnd_valid_native_bound"
27.548867102996827,21.400826002996826,"partial_native_mip_bound_improvement","L2",0.35340404423684618,0.35403537724225576,0.35340404423684618,0.35720058320841552,2,2,"gurobi_cb_mip_objbnd_valid_native_bound"
27.560867186920166,21.412826086920166,"partial_native_mip_bound_improvement","L2",0.35341541150267386,0.35403537724225576,0.35341541150267386,0.35720058320841552,2,2,"gurobi_cb_mip_objbnd_valid_native_bound"
27.56886708392334,21.42082598392334,"partial_native_mip_bound_improvement","L2",0.35342129049988075,0.35403537724225576,0.35342129049988075,0.35720058320841552,2,2,"gurobi_cb_mip_objbnd_valid_native_bound"
27.569867011444092,21.421825911444092,"partial_native_mip_bound_improvement","L2",0.3534326970424233,0.35403537724225576,0.3534326970424233,0.35720058320841552,2,2,"gurobi_cb_mip_objbnd_valid_native_bound"
27.576866980926514,21.428825880926514,"partial_native_mip_bound_improvement","L2",0.35344504976012681,0.35403537724225576,0.35344504976012681,0.35720058320841552,2,2,"gurobi_cb_mip_objbnd_valid_native_bound"
27.584867116348267,21.436826016348267,"partial_native_mip_bound_improvement","L2",0.35345045843478673,0.35403537724225576,0.35345045843478673,0.35720058320841552,2,2,"gurobi_cb_mip_objbnd_valid_native_bound"
27.585867043869019,21.437825943869019,"partial_native_mip_bound_improvement","L2",0.35349654591509899,0.35403537724225576,0.35349654591509899,0.35720058320841552,2,2,"gurobi_cb_mip_objbnd_valid_native_bound"
27.590867158309937,21.442826058309937,"partial_native_mip_bound_improvement","L2",0.35349795165148984,0.35403537724225576,0.35349795165148984,0.35720058320841552,2,2,"gurobi_cb_mip_objbnd_valid_native_bound"
27.591867085830689,21.443825985830689,"partial_native_mip_bound_improvement","L2",0.35350831947199546,0.35403537724225576,0.35350831947199546,0.35720058320841552,2,2,"gurobi_cb_mip_objbnd_valid_native_bound"
27.595867034332276,21.447825934332275,"partial_native_mip_bound_improvement","L2",0.35355101464504163,0.35403537724225576,0.35355101464504163,0.35720058320841552,2,2,"gurobi_cb_mip_objbnd_valid_native_bound"
27.596866961853028,21.448825861853027,"partial_native_mip_bound_improvement","L2",0.35360015571376002,0.35403537724225576,0.35360015571376002,0.35720058320841552,2,2,"gurobi_cb_mip_objbnd_valid_native_bound"
27.603867169754029,21.455826069754028,"partial_native_mip_bound_improvement","L2",0.35360043100683308,0.35403537724225576,0.35360043100683308,0.35720058320841552,2,2,"gurobi_cb_mip_objbnd_valid_native_bound"
27.606866952316285,21.458825852316284,"partial_native_mip_bound_improvement","L2",0.35360071285070094,0.35403537724225576,0.35360071285070094,0.35720058320841552,2,2,"gurobi_cb_mip_objbnd_valid_native_bound"
27.611867066757203,21.463825966757202,"partial_native_mip_bound_improvement","L2",0.35360643151882809,0.35403537724225576,0.35360643151882809,0.35720058320841552,2,2,"gurobi_cb_mip_objbnd_valid_native_bound"
27.621867057220459,21.473825957220459,"partial_native_mip_bound_improvement","L2",0.3536338492419685,0.35403537724225576,0.3536338492419685,0.35720058320841552,2,2,"gurobi_cb_mip_objbnd_valid_native_bound"
27.626867171661377,21.478826071661377,"partial_native_mip_bound_improvement","L2",0.35364748952392577,0.35403537724225576,0.35364748952392577,0.35720058320841552,2,2,"gurobi_cb_mip_objbnd_valid_native_bound"
27.629866954223633,21.481825854223633,"partial_native_mip_bound_improvement","L2",0.35366803862854196,0.35403537724225576,0.35366803862854196,0.35720058320841552,2,2,"gurobi_cb_mip_objbnd_valid_native_bound"
27.629866954223633,21.481825854223633,"partial_native_mip_bound_improvement","L2",0.35367773806572161,0.35403537724225576,0.35367773806572161,0.35720058320841552,2,2,"gurobi_cb_mip_objbnd_valid_native_bound"
27.636867162124634,21.488826062124634,"partial_native_mip_bound_improvement","L2",0.35368926852162258,0.35403537724225576,0.35368926852162258,0.35720058320841552,2,2,"gurobi_cb_mip_objbnd_valid_native_bound"
27.65186702861023,21.50382592861023,"partial_native_mip_bound_improvement","L2",0.35369220793965955,0.35403537724225576,0.35369220793965955,0.35720058320841552,2,2,"gurobi_cb_mip_objbnd_valid_native_bound"
27.685867186920166,21.537826086920166,"partial_native_mip_bound_improvement","L2",0.35369520856565057,0.35403537724225576,0.35369520856565057,0.35720058320841552,2,2,"gurobi_cb_mip_objbnd_valid_native_bound"
27.685867186920166,21.537826086920166,"partial_native_mip_bound_improvement","L2",0.35370085409259588,0.35403537724225576,0.35370085409259588,0.35720058320841552,2,2,"gurobi_cb_mip_objbnd_valid_native_bound"
27.690867062942505,21.542825962942505,"partial_native_mip_bound_improvement","L2",0.35370171039028397,0.35403537724225576,0.35370171039028397,0.35720058320841552,2,2,"gurobi_cb_mip_objbnd_valid_native_bound"
27.69986712588501,21.55182602588501,"partial_native_mip_bound_improvement","L2",0.35372877861789942,0.35403537724225576,0.35372877861789942,0.35720058320841552,2,2,"gurobi_cb_mip_objbnd_valid_native_bound"
27.716867085830689,21.568825985830689,"partial_native_mip_bound_improvement","L2",0.35374050731688544,0.35403537724225576,0.35374050731688544,0.35720058320841552,2,2,"gurobi_cb_mip_objbnd_valid_native_bound"
27.716867085830689,21.568825985830689,"partial_native_mip_bound_improvement","L2",0.35374313200845225,0.35403537724225576,0.35374313200845225,0.35720058320841552,2,2,"gurobi_cb_mip_objbnd_valid_native_bound"
27.722867127792359,21.574826027792358,"partial_native_mip_bound_improvement","L2",0.35374820957580488,0.35403537724225576,0.35374820957580488,0.35720058320841552,2,2,"gurobi_cb_mip_objbnd_valid_native_bound"
27.727867003814698,21.579825903814697,"partial_native_mip_bound_improvement","L2",0.35376650169234197,0.35403537724225576,0.35376650169234197,0.35720058320841552,2,2,"gurobi_cb_mip_objbnd_valid_native_bound"
27.733867045776368,21.585825945776367,"partial_native_mip_bound_improvement","L2",0.35377448934588446,0.35403537724225576,0.35377448934588446,0.35720058320841552,2,2,"gurobi_cb_mip_objbnd_valid_native_bound"
27.741867181198121,21.59382608119812,"partial_native_mip_bound_improvement","L2",0.35379140240664919,0.35403537724225576,0.35379140240664919,0.35720058320841552,2,2,"gurobi_cb_mip_objbnd_valid_native_bound"
27.759867068664551,21.611825968664551,"partial_native_mip_bound_improvement","L2",0.35379512088609527,0.35403537724225576,0.35379512088609527,0.35720058320841552,2,2,"gurobi_cb_mip_objbnd_valid_native_bound"
27.764867183105469,21.616826083105469,"partial_native_mip_bound_improvement","L2",0.35380885480642987,0.35403537724225576,0.35380885480642987,0.35720058320841552,2,2,"gurobi_cb_mip_objbnd_valid_native_bound"
27.77686702861023,21.62882592861023,"partial_native_mip_bound_improvement","L2",0.35382343743087807,0.35403537724225576,0.35382343743087807,0.35720058320841552,2,2,"gurobi_cb_mip_objbnd_valid_native_bound"
27.777866956130982,21.629825856130982,"partial_native_mip_bound_improvement","L2",0.35384519829465355,0.35403537724225576,0.35384519829465355,0.35720058320841552,2,2,"gurobi_cb_mip_objbnd_valid_native_bound"
27.783866998092652,21.635825898092651,"partial_native_mip_bound_improvement","L2",0.35384544402758905,0.35403537724225576,0.35384544402758905,0.35720058320841552,2,2,"gurobi_cb_mip_objbnd_valid_native_bound"
27.785867091552735,21.637825991552734,"partial_native_mip_bound_improvement","L2",0.35385330941532217,0.35403537724225576,0.35385330941532217,0.35720058320841552,2,2,"gurobi_cb_mip_objbnd_valid_native_bound"
27.787867185012818,21.639826085012817,"partial_native_mip_bound_improvement","L2",0.35388835450948586,0.35403537724225576,0.35388835450948586,0.35720058320841552,2,2,"gurobi_cb_mip_objbnd_valid_native_bound"
27.78886711253357,21.640826012533569,"partial_native_mip_bound_improvement","L2",0.35390762494836203,0.35403537724225576,0.35390762494836203,0.35720058320841552,2,2,"gurobi_cb_mip_objbnd_valid_native_bound"
27.790866967575074,21.642825867575073,"partial_native_mip_bound_improvement","L2",0.35390858554466331,0.35403537724225576,0.35390858554466331,0.35720058320841552,2,2,"gurobi_cb_mip_objbnd_valid_native_bound"
27.797867175476075,21.649826075476074,"partial_native_mip_bound_improvement","L2",0.3539138107713517,0.35403537724225576,0.3539138107713517,0.35720058320841552,2,2,"gurobi_cb_mip_objbnd_valid_native_bound"
27.798867102996827,21.650826002996826,"partial_native_mip_bound_improvement","L2",0.35392004319606768,0.35403537724225576,0.35392004319606768,0.35720058320841552,2,2,"gurobi_cb_mip_objbnd_valid_native_bound"
27.806867,21.6588259,"partial_native_mip_bound_improvement","L2",0.35392365452518387,0.35403537724225576,0.35392365452518387,0.35720058320841552,2,2,"gurobi_cb_mip_objbnd_valid_native_bound"
27.81286704196167,21.66482594196167,"partial_native_mip_bound_improvement","L2",0.35392397467140441,0.35403537724225576,0.35392397467140441,0.35720058320841552,2,2,"gurobi_cb_mip_objbnd_valid_native_bound"
27.81286704196167,21.66482594196167,"partial_native_mip_bound_improvement","L2",0.35394050811354777,0.35403537724225576,0.35394050811354777,0.35720058320841552,2,2,"gurobi_cb_mip_objbnd_valid_native_bound"
27.823866959945679,21.675825859945679,"partial_native_mip_bound_improvement","L2",0.35394141779091909,0.35403537724225576,0.35394141779091909,0.35720058320841552,2,2,"gurobi_cb_mip_objbnd_valid_native_bound"
27.825867053405762,21.677825953405762,"partial_native_mip_bound_improvement","L2",0.35394326037555701,0.35403537724225576,0.35394326037555701,0.35720058320841552,2,2,"gurobi_cb_mip_objbnd_valid_native_bound"
27.838867064849854,21.690825964849854,"partial_native_mip_bound_improvement","L2",0.35395298488761201,0.35403537724225576,0.35395298488761201,0.35720058320841552,2,2,"gurobi_cb_mip_objbnd_valid_native_bound"
27.843867179290772,21.695826079290772,"partial_native_mip_bound_improvement","L2",0.35397243672871065,0.35403537724225576,0.35397243672871065,0.35720058320841552,2,2,"gurobi_cb_mip_objbnd_valid_native_bound"
27.850867148773194,21.702826048773193,"partial_native_mip_bound_improvement","L2",0.35397382597359828,0.35403537724225576,0.35397382597359828,0.35720058320841552,2,2,"gurobi_cb_mip_objbnd_valid_native_bound"
27.850867148773194,21.702826048773193,"partial_native_mip_bound_improvement","L2",0.35397416272388976,0.35403537724225576,0.35397416272388976,0.35720058320841552,2,2,"gurobi_cb_mip_objbnd_valid_native_bound"
27.86586701525879,21.717825915258789,"partial_native_mip_bound_improvement","L2",0.3539838099043876,0.35403537724225576,0.3539838099043876,0.35720058320841552,2,2,"gurobi_cb_mip_objbnd_valid_native_bound"
27.889867183105469,21.741826083105469,"partial_native_mip_bound_improvement","L2",0.35398451147455268,0.35403537724225576,0.35398451147455268,0.35720058320841552,2,2,"gurobi_cb_mip_objbnd_valid_native_bound"
27.898867007629395,21.750825907629395,"partial_native_mip_bound_improvement","L2",0.353984658620973,0.35403537724225576,0.353984658620973,0.35720058320841552,2,2,"gurobi_cb_mip_objbnd_valid_native_bound"
27.910867091552735,21.762825991552734,"partial_native_mip_bound_improvement","L2",0.35398852816863952,0.35403537724225576,0.35398852816863952,0.35720058320841552,2,2,"gurobi_cb_mip_objbnd_valid_native_bound"
27.915866967575074,21.767825867575073,"partial_native_mip_bound_improvement","L2",0.35399410754641197,0.35403537724225576,0.35399410754641197,0.35720058320841552,2,2,"gurobi_cb_mip_objbnd_valid_native_bound"
27.916867133514405,21.768826033514404,"partial_native_mip_bound_improvement","L2",0.35399686825855603,0.35403537724225576,0.35399686825855603,0.35720058320841552,2,2,"gurobi_cb_mip_objbnd_valid_native_bound"
27.925866958038331,21.77782585803833,"partial_native_mip_bound_improvement","L2",0.3540061127202806,0.35403537724225576,0.3540061127202806,0.35720058320841552,2,2,"gurobi_cb_mip_objbnd_valid_native_bound"
27.926867123977662,21.778826023977661,"partial_native_mip_bound_improvement","L2",0.35402677963344414,0.35403537724225576,0.35402677963344414,0.35720058320841552,2,2,"gurobi_cb_mip_objbnd_valid_native_bound"
27.929867144958497,21.781826044958496,"partial_native_mip_bound_improvement","L2",0.35403002584250948,0.35403537724225576,0.35403002584250948,0.35720058320841552,2,2,"gurobi_cb_mip_objbnd_valid_native_bound"
27.930867072479248,21.782825972479248,"partial_native_mip_bound_improvement","L2",0.35403408092353578,0.35403537724225576,0.35403408092353578,0.35720058320841552,2,2,"gurobi_cb_mip_objbnd_valid_native_bound"
27.94386708392334,21.79582598392334,"next_leaf_native_bound_target","L2",0.35404031513876566,0.35403537724225576,0.35403537724225576,0.35720058320841552,2,2,"gurobi_cb_mip_objbnd_valid_native_bound"
27.957567999999998,21.8095265,"next_leaf_native_bound_target","L2",0.35404031513876566,0.35403537724225576,0.35403537724225576,0.35720058320841552,2,2,"c6_next_strict_frontier_bound_reached_requeue"
28.140593687738036,21.992552587738036,"native_root_processing_bound","L3",0.35403537724225576,0.35404031513876566,0.35403537724225576,0.35720058320841552,2,2,"gurobi_cb_mip_objbnd_valid_native_bound"
28.207003199999999,22.0589619,"infeasible_closure","L3",,0.35404031513876566,0.35404031513876566,0.35720058320841552,1,3,"c6_native_target_phase_exact_closure"
28.3725928,22.224551600000002,"child_lp_completion","L2.0",0.35404031513876566,0.35404031513876566,0.35404031513876566,0.35720058320841552,1,3,"complete_speculative_child_lp_optimal"
28.535731699999999,22.387690500000001,"child_lp_completion","L2.1",0.35404031513876566,0.35404031513876566,0.35404031513876566,0.35720058320841552,1,3,"complete_speculative_child_lp_optimal"
28.535790899999999,22.387749800000002,"declined_split","L2",0.35404031513876566,,0.35404031513876566,0.35720058320841552,1,3,"c6_current_child_gain_not_strict_exact_closure"
28.54181204196167,22.39377094196167,"terminal_mip_bound_improvement","L2",0.35404031513876566,,0.35404031513876566,0.35720058320841552,1,3,"gurobi_cb_mip_objbnd_valid_native_bound"
28.546811917984009,22.398770817984008,"terminal_mip_bound_improvement","L2",0.354045109636074,,0.354045109636074,0.35720058320841552,1,3,"gurobi_cb_mip_objbnd_valid_native_bound"
28.550811866485596,22.402770766485595,"terminal_mip_bound_improvement","L2",0.35406191818545707,,0.35406191818545707,0.35720058320841552,1,3,"gurobi_cb_mip_objbnd_valid_native_bound"
28.553811887466431,22.40577078746643,"terminal_mip_bound_improvement","L2",0.35408041243135802,,0.35408041243135802,0.35720058320841552,1,3,"gurobi_cb_mip_objbnd_valid_native_bound"
28.555811980926514,22.407770880926513,"terminal_mip_bound_improvement","L2",0.35409747782723705,,0.35409747782723705,0.35720058320841552,1,3,"gurobi_cb_mip_objbnd_valid_native_bound"
28.562811950408936,22.414770850408935,"terminal_mip_bound_improvement","L2",0.354101155620205,,0.354101155620205,0.35720058320841552,1,3,"gurobi_cb_mip_objbnd_valid_native_bound"
28.57181201335144,22.42377091335144,"terminal_mip_bound_improvement","L2",0.35410988682324457,,0.35410988682324457,0.35720058320841552,1,3,"gurobi_cb_mip_objbnd_valid_native_bound"
28.579811910354614,22.431770810354614,"terminal_mip_bound_improvement","L2",0.35412079985326195,,0.35412079985326195,0.35720058320841552,1,3,"gurobi_cb_mip_objbnd_valid_native_bound"
28.607812026702881,22.45977092670288,"terminal_mip_bound_improvement","L2",0.35413702738436698,,0.35413702738436698,0.35720058320841552,1,3,"gurobi_cb_mip_objbnd_valid_native_bound"
28.608811954223633,22.460770854223632,"terminal_mip_bound_improvement","L2",0.35416087357170017,,0.35416087357170017,0.35720058320841552,1,3,"gurobi_cb_mip_objbnd_valid_native_bound"
28.622811893188477,22.474770793188476,"terminal_mip_bound_improvement","L2",0.35420136339191699,,0.35420136339191699,0.35720058320841552,1,3,"gurobi_cb_mip_objbnd_valid_native_bound"
28.625811914169311,22.477770814169311,"terminal_mip_bound_improvement","L2",0.35420142331855181,,0.35420142331855181,0.35720058320841552,1,3,"gurobi_cb_mip_objbnd_valid_native_bound"
28.626812080108643,22.478770980108642,"terminal_mip_bound_improvement","L2",0.35421928583973672,,0.35421928583973672,0.35720058320841552,1,3,"gurobi_cb_mip_objbnd_valid_native_bound"
28.635811904632568,22.487770804632568,"terminal_mip_bound_improvement","L2",0.35422322934454636,,0.35422322934454636,0.35720058320841552,1,3,"gurobi_cb_mip_objbnd_valid_native_bound"
28.636812070571899,22.488770970571899,"terminal_mip_bound_improvement","L2",0.35422764000215967,,0.35422764000215967,0.35720058320841552,1,3,"gurobi_cb_mip_objbnd_valid_native_bound"
28.644811967575073,22.496770867575073,"terminal_mip_bound_improvement","L2",0.35424145788089423,,0.35424145788089423,0.35720058320841552,1,3,"gurobi_cb_mip_objbnd_valid_native_bound"
28.646812061035156,22.498770961035156,"terminal_mip_bound_improvement","L2",0.35424511216261889,,0.35424511216261889,0.35720058320841552,1,3,"gurobi_cb_mip_objbnd_valid_native_bound"
28.652811864578247,22.504770764578247,"terminal_mip_bound_improvement","L2",0.35425856731697331,,0.35425856731697331,0.35720058320841552,1,3,"gurobi_cb_mip_objbnd_valid_native_bound"
28.65481195803833,22.50677085803833,"terminal_mip_bound_improvement","L2",0.35425996292300477,,0.35425996292300477,0.35720058320841552,1,3,"gurobi_cb_mip_objbnd_valid_native_bound"
28.658811906539917,22.510770806539917,"terminal_mip_bound_improvement","L2",0.35427101719650922,,0.35427101719650922,0.35720058320841552,1,3,"gurobi_cb_mip_objbnd_valid_native_bound"
28.659812072479248,22.511770972479248,"terminal_mip_bound_improvement","L2",0.35427815026960435,,0.35427815026960435,0.35720058320841552,1,3,"gurobi_cb_mip_objbnd_valid_native_bound"
28.660812,22.5127709,"terminal_mip_bound_improvement","L2",0.35428296881309257,,0.35428296881309257,0.35720058320841552,1,3,"gurobi_cb_mip_objbnd_valid_native_bound"
28.662812093460083,22.514770993460083,"terminal_mip_bound_improvement","L2",0.35431565502802959,,0.35431565502802959,0.35720058320841552,1,3,"gurobi_cb_mip_objbnd_valid_native_bound"
28.663812020980835,22.515770920980835,"terminal_mip_bound_improvement","L2",0.35432640947754795,,0.35432640947754795,0.35720058320841552,1,3,"gurobi_cb_mip_objbnd_valid_native_bound"
28.664811948501587,22.516770848501586,"terminal_mip_bound_improvement","L2",0.35432708558358755,,0.35432708558358755,0.35720058320841552,1,3,"gurobi_cb_mip_objbnd_valid_native_bound"
28.667811969482422,22.519770869482421,"terminal_mip_bound_improvement","L2",0.35432738429859251,,0.35432738429859251,0.35720058320841552,1,3,"gurobi_cb_mip_objbnd_valid_native_bound"
28.669812062942505,22.521770962942504,"terminal_mip_bound_improvement","L2",0.35432822323404944,,0.35432822323404944,0.35720058320841552,1,3,"gurobi_cb_mip_objbnd_valid_native_bound"
28.682812074386597,22.534770974386596,"terminal_mip_bound_improvement","L2",0.35435093006418245,,0.35435093006418245,0.35720058320841552,1,3,"gurobi_cb_mip_objbnd_valid_native_bound"
28.685812095367432,22.537770995367431,"terminal_mip_bound_improvement","L2",0.35435249597772028,,0.35435249597772028,0.35720058320841552,1,3,"gurobi_cb_mip_objbnd_valid_native_bound"
28.686812022888184,22.538770922888183,"terminal_mip_bound_improvement","L2",0.35435381340777766,,0.35435381340777766,0.35720058320841552,1,3,"gurobi_cb_mip_objbnd_valid_native_bound"
28.687811950408936,22.539770850408935,"terminal_mip_bound_improvement","L2",0.35437886234982008,,0.35437886234982008,0.35720058320841552,1,3,"gurobi_cb_mip_objbnd_valid_native_bound"
28.688811877929687,22.540770777929687,"terminal_mip_bound_improvement","L2",0.35438002968387911,,0.35438002968387911,0.35720058320841552,1,3,"gurobi_cb_mip_objbnd_valid_native_bound"
28.691811898910522,22.543770798910522,"terminal_mip_bound_improvement","L2",0.35442933604219545,,0.35442933604219545,0.35720058320841552,1,3,"gurobi_cb_mip_objbnd_valid_native_bound"
28.692812064849853,22.544770964849853,"terminal_mip_bound_improvement","L2",0.3544342682251409,,0.3544342682251409,0.35720058320841552,1,3,"gurobi_cb_mip_objbnd_valid_native_bound"
28.694811919891357,22.546770819891357,"terminal_mip_bound_improvement","L2",0.35443429777566304,,0.35443429777566304,0.35720058320841552,1,3,"gurobi_cb_mip_objbnd_valid_native_bound"
28.695812085830688,22.547770985830688,"terminal_mip_bound_improvement","L2",0.35444822071513093,,0.35444822071513093,0.35720058320841552,1,3,"gurobi_cb_mip_objbnd_valid_native_bound"
28.698811868392944,22.550770768392944,"terminal_mip_bound_improvement","L2",0.35444926437319868,,0.35444926437319868,0.35720058320841552,1,3,"gurobi_cb_mip_objbnd_valid_native_bound"
28.699812034332275,22.551770934332275,"terminal_mip_bound_improvement","L2",0.35445223062504166,,0.35445223062504166,0.35720058320841552,1,3,"gurobi_cb_mip_objbnd_valid_native_bound"
28.701811889373779,22.553770789373779,"terminal_mip_bound_improvement","L2",0.35447037456882557,,0.35447037456882557,0.35720058320841552,1,3,"gurobi_cb_mip_objbnd_valid_native_bound"
28.70281205531311,22.55477095531311,"terminal_mip_bound_improvement","L2",0.354475223749109,,0.354475223749109,0.35720058320841552,1,3,"gurobi_cb_mip_objbnd_valid_native_bound"
28.707811931335449,22.559770831335449,"terminal_mip_bound_improvement","L2",0.354477858624691,,0.354477858624691,0.35720058320841552,1,3,"gurobi_cb_mip_objbnd_valid_native_bound"
28.712812045776367,22.564770945776367,"terminal_mip_bound_improvement","L2",0.35451366761822301,,0.35451366761822301,0.35720058320841552,1,3,"gurobi_cb_mip_objbnd_valid_native_bound"
28.712812045776367,22.564770945776367,"terminal_mip_bound_improvement","L2",0.35452302451279843,,0.35452302451279843,0.35720058320841552,1,3,"gurobi_cb_mip_objbnd_valid_native_bound"
28.718812087738037,22.570770987738037,"terminal_mip_bound_improvement","L2",0.35452812140673012,,0.35452812140673012,0.35720058320841552,1,3,"gurobi_cb_mip_objbnd_valid_native_bound"
28.719812015258789,22.571770915258789,"terminal_mip_bound_improvement","L2",0.35453028841160733,,0.35453028841160733,0.35720058320841552,1,3,"gurobi_cb_mip_objbnd_valid_native_bound"
28.728812078201294,22.580770978201294,"terminal_mip_bound_improvement","L2",0.35454740690390535,,0.35454740690390535,0.35720058320841552,1,3,"gurobi_cb_mip_objbnd_valid_native_bound"
28.729812005722046,22.581770905722045,"terminal_mip_bound_improvement","L2",0.3545486857129953,,0.3545486857129953,0.35720058320841552,1,3,"gurobi_cb_mip_objbnd_valid_native_bound"
28.733811954223633,22.585770854223632,"terminal_mip_bound_improvement","L2",0.35455455333583502,,0.35455455333583502,0.35720058320841552,1,3,"gurobi_cb_mip_objbnd_valid_native_bound"
28.733811954223633,22.585770854223632,"terminal_mip_bound_improvement","L2",0.35455726846613078,,0.35455726846613078,0.35720058320841552,1,3,"gurobi_cb_mip_objbnd_valid_native_bound"
28.740811923706055,22.592770823706054,"terminal_mip_bound_improvement","L2",0.35455920898019078,,0.35455920898019078,0.35720058320841552,1,3,"gurobi_cb_mip_objbnd_valid_native_bound"
28.757811883651733,22.609770783651733,"terminal_mip_bound_improvement","L2",0.3545677663861021,,0.3545677663861021,0.35720058320841552,1,3,"gurobi_cb_mip_objbnd_valid_native_bound"
28.763811925613403,22.615770825613403,"terminal_mip_bound_improvement","L2",0.35459446157060892,,0.35459446157060892,0.35720058320841552,1,3,"gurobi_cb_mip_objbnd_valid_native_bound"
28.764812091552734,22.616770991552734,"terminal_mip_bound_improvement","L2",0.35459496526008405,,0.35459496526008405,0.35720058320841552,1,3,"gurobi_cb_mip_objbnd_valid_native_bound"
28.77381191607666,22.62577081607666,"terminal_mip_bound_improvement","L2",0.35460230740112098,,0.35460230740112098,0.35720058320841552,1,3,"gurobi_cb_mip_objbnd_valid_native_bound"
28.77381191607666,22.62577081607666,"terminal_mip_bound_improvement","L2",0.35460416573653675,,0.35460416573653675,0.35720058320841552,1,3,"gurobi_cb_mip_objbnd_valid_native_bound"
28.780811885559082,22.632770785559082,"terminal_mip_bound_improvement","L2",0.35460699504502013,,0.35460699504502013,0.35720058320841552,1,3,"gurobi_cb_mip_objbnd_valid_native_bound"
28.788812020980835,22.640770920980835,"terminal_mip_bound_improvement","L2",0.35462809230456455,,0.35462809230456455,0.35720058320841552,1,3,"gurobi_cb_mip_objbnd_valid_native_bound"
28.795811990463257,22.647770890463256,"terminal_mip_bound_improvement","L2",0.35464399900086713,,0.35464399900086713,0.35720058320841552,1,3,"gurobi_cb_mip_objbnd_valid_native_bound"
28.811812022888184,22.663770922888183,"terminal_mip_bound_improvement","L2",0.35467046658786039,,0.35467046658786039,0.35720058320841552,1,3,"gurobi_cb_mip_objbnd_valid_native_bound"
28.839811900817871,22.691770800817871,"terminal_mip_bound_improvement","L2",0.3547137019645894,,0.3547137019645894,0.35720058320841552,1,3,"gurobi_cb_mip_objbnd_valid_native_bound"
28.842811921798706,22.694770821798706,"terminal_mip_bound_improvement","L2",0.35471696666434815,,0.35471696666434815,0.35720058320841552,1,3,"gurobi_cb_mip_objbnd_valid_native_bound"
28.843812087738037,22.695770987738037,"terminal_mip_bound_improvement","L2",0.3547256224071329,,0.3547256224071329,0.35720058320841552,1,3,"gurobi_cb_mip_objbnd_valid_native_bound"
28.847812036239624,22.699770936239624,"terminal_mip_bound_improvement","L2",0.35474714205046814,,0.35474714205046814,0.35720058320841552,1,3,"gurobi_cb_mip_objbnd_valid_native_bound"
28.852811912261963,22.704770812261962,"terminal_mip_bound_improvement","L2",0.35475514792945367,,0.35475514792945367,0.35720058320841552,1,3,"gurobi_cb_mip_objbnd_valid_native_bound"
28.853812078201294,22.705770978201294,"terminal_mip_bound_improvement","L2",0.35475662311210976,,0.35475662311210976,0.35720058320841552,1,3,"gurobi_cb_mip_objbnd_valid_native_bound"
28.858811954223633,22.710770854223632,"terminal_mip_bound_improvement","L2",0.3547688019346289,,0.3547688019346289,0.35720058320841552,1,3,"gurobi_cb_mip_objbnd_valid_native_bound"
28.866812089645386,22.718770989645385,"terminal_mip_bound_improvement","L2",0.35477333876615402,,0.35477333876615402,0.35720058320841552,1,3,"gurobi_cb_mip_objbnd_valid_native_bound"
28.867812017166138,22.719770917166137,"terminal_mip_bound_improvement","L2",0.35478008172492681,,0.35478008172492681,0.35720058320841552,1,3,"gurobi_cb_mip_objbnd_valid_native_bound"
28.875811914169311,22.727770814169311,"terminal_mip_bound_improvement","L2",0.3547839212457824,,0.3547839212457824,0.35720058320841552,1,3,"gurobi_cb_mip_objbnd_valid_native_bound"
28.876812080108643,22.728770980108642,"terminal_mip_bound_improvement","L2",0.35478500748231212,,0.35478500748231212,0.35720058320841552,1,3,"gurobi_cb_mip_objbnd_valid_native_bound"
28.878811935150146,22.730770835150146,"terminal_mip_bound_improvement","L2",0.35482267853126964,,0.35482267853126964,0.35720058320841552,1,3,"gurobi_cb_mip_objbnd_valid_native_bound"
28.880812028610229,22.732770928610229,"terminal_mip_bound_improvement","L2",0.35484809591861866,,0.35484809591861866,0.35720058320841552,1,3,"gurobi_cb_mip_objbnd_valid_native_bound"
28.881811956130981,22.733770856130981,"terminal_mip_bound_improvement","L2",0.35484870277392627,,0.35484870277392627,0.35720058320841552,1,3,"gurobi_cb_mip_objbnd_valid_native_bound"
28.886812070571899,22.738770970571899,"terminal_mip_bound_improvement","L2",0.35488317515527085,,0.35488317515527085,0.35720058320841552,1,3,"gurobi_cb_mip_objbnd_valid_native_bound"
28.887811998092651,22.739770898092651,"terminal_mip_bound_improvement","L2",0.35489888275154358,,0.35489888275154358,0.35720058320841552,1,3,"gurobi_cb_mip_objbnd_valid_native_bound"
28.888811925613403,22.740770825613403,"terminal_mip_bound_improvement","L2",0.35490771570007679,,0.35490771570007679,0.35720058320841552,1,3,"gurobi_cb_mip_objbnd_valid_native_bound"
28.894811967575073,22.746770867575073,"terminal_mip_bound_improvement","L2",0.35491915127112261,,0.35491915127112261,0.35720058320841552,1,3,"gurobi_cb_mip_objbnd_valid_native_bound"
28.897811988555908,22.749770888555908,"terminal_mip_bound_improvement","L2",0.35492509643789755,,0.35492509643789755,0.35720058320841552,1,3,"gurobi_cb_mip_objbnd_valid_native_bound"
28.89881191607666,22.75077081607666,"terminal_mip_bound_improvement","L2",0.35493210895567118,,0.35493210895567118,0.35720058320841552,1,3,"gurobi_cb_mip_objbnd_valid_native_bound"
28.902811864578247,22.754770764578247,"terminal_mip_bound_improvement","L2",0.35494819159865271,,0.35494819159865271,0.35720058320841552,1,3,"gurobi_cb_mip_objbnd_valid_native_bound"
28.902811864578247,22.754770764578247,"terminal_mip_bound_improvement","L2",0.35495393487117288,,0.35495393487117288,0.35720058320841552,1,3,"gurobi_cb_mip_objbnd_valid_native_bound"
28.905811885559082,22.757770785559082,"terminal_mip_bound_improvement","L2",0.35495497328655462,,0.35495497328655462,0.35720058320841552,1,3,"gurobi_cb_mip_objbnd_valid_native_bound"
28.906812051498413,22.758770951498413,"terminal_mip_bound_improvement","L2",0.35495711711124156,,0.35495711711124156,0.35720058320841552,1,3,"gurobi_cb_mip_objbnd_valid_native_bound"
28.913812020980835,22.765770920980835,"terminal_mip_bound_improvement","L2",0.35496210140263551,,0.35496210140263551,0.35720058320841552,1,3,"gurobi_cb_mip_objbnd_valid_native_bound"
28.920811990463257,22.772770890463256,"terminal_mip_bound_improvement","L2",0.35496797679655645,,0.35496797679655645,0.35720058320841552,1,3,"gurobi_cb_mip_objbnd_valid_native_bound"
28.923812011444092,22.775770911444091,"terminal_mip_bound_improvement","L2",0.35497455685074619,,0.35497455685074619,0.35720058320841552,1,3,"gurobi_cb_mip_objbnd_valid_native_bound"
28.925811866485596,22.777770766485595,"terminal_mip_bound_improvement","L2",0.35497776819452559,,0.35497776819452559,0.35720058320841552,1,3,"gurobi_cb_mip_objbnd_valid_native_bound"
28.927811959945679,22.779770859945678,"terminal_mip_bound_improvement","L2",0.35497794702006846,,0.35497794702006846,0.35720058320841552,1,3,"gurobi_cb_mip_objbnd_valid_native_bound"
28.929812053405762,22.781770953405761,"terminal_mip_bound_improvement","L2",0.35499073138620352,,0.35499073138620352,0.35720058320841552,1,3,"gurobi_cb_mip_objbnd_valid_native_bound"
28.932812074386597,22.784770974386596,"terminal_mip_bound_improvement","L2",0.354994517019869,,0.354994517019869,0.35720058320841552,1,3,"gurobi_cb_mip_objbnd_valid_native_bound"
28.934811929428101,22.7867708294281,"terminal_mip_bound_improvement","L2",0.3550041582641924,,0.3550041582641924,0.35720058320841552,1,3,"gurobi_cb_mip_objbnd_valid_native_bound"
28.937811950408936,22.789770850408935,"terminal_mip_bound_improvement","L2",0.35502636946221222,,0.35502636946221222,0.35720058320841552,1,3,"gurobi_cb_mip_objbnd_valid_native_bound"
28.939812043869019,22.791770943869018,"terminal_mip_bound_improvement","L2",0.35502963527693254,,0.35502963527693254,0.35720058320841552,1,3,"gurobi_cb_mip_objbnd_valid_native_bound"
28.944811919891357,22.796770819891357,"terminal_mip_bound_improvement","L2",0.3550405196505737,,0.3550405196505737,0.35720058320841552,1,3,"gurobi_cb_mip_objbnd_valid_native_bound"
28.954811910354614,22.806770810354614,"terminal_mip_bound_improvement","L2",0.35504187371422768,,0.35504187371422768,0.35720058320841552,1,3,"gurobi_cb_mip_objbnd_valid_native_bound"
28.969812015258789,22.821770915258789,"terminal_mip_bound_improvement","L2",0.35504527624327653,,0.35504527624327653,0.35720058320841552,1,3,"gurobi_cb_mip_objbnd_valid_native_bound"
28.972812036239624,22.824770936239624,"terminal_mip_bound_improvement","L2",0.35504739789009387,,0.35504739789009387,0.35720058320841552,1,3,"gurobi_cb_mip_objbnd_valid_native_bound"
28.975812057220459,22.827770957220459,"terminal_mip_bound_improvement","L2",0.35505842548586353,,0.35505842548586353,0.35720058320841552,1,3,"gurobi_cb_mip_objbnd_valid_native_bound"
28.977811912261963,22.829770812261962,"terminal_mip_bound_improvement","L2",0.35506696736079912,,0.35506696736079912,0.35720058320841552,1,3,"gurobi_cb_mip_objbnd_valid_native_bound"
28.98781190272522,22.839770802725219,"terminal_mip_bound_improvement","L2",0.35506896690514167,,0.35506896690514167,0.35720058320841552,1,3,"gurobi_cb_mip_objbnd_valid_native_bound"
28.998812059127808,22.850770959127807,"terminal_mip_bound_improvement","L2",0.35507579990142135,,0.35507579990142135,0.35720058320841552,1,3,"gurobi_cb_mip_objbnd_valid_native_bound"
29.008812049591064,22.860770949591064,"terminal_mip_bound_improvement","L2",0.35508084148461755,,0.35508084148461755,0.35720058320841552,1,3,"gurobi_cb_mip_objbnd_valid_native_bound"
29.009811977111816,22.861770877111816,"terminal_mip_bound_improvement","L2",0.35508530494072532,,0.35508530494072532,0.35720058320841552,1,3,"gurobi_cb_mip_objbnd_valid_native_bound"
29.011812070571899,22.863770970571899,"terminal_mip_bound_improvement","L2",0.3550981166291054,,0.3550981166291054,0.35720058320841552,1,3,"gurobi_cb_mip_objbnd_valid_native_bound"
29.012811998092651,22.864770898092651,"terminal_mip_bound_improvement","L2",0.35510244694775561,,0.35510244694775561,0.35720058320841552,1,3,"gurobi_cb_mip_objbnd_valid_native_bound"
29.013811925613403,22.865770825613403,"terminal_mip_bound_improvement","L2",0.35510752834485232,,0.35510752834485232,0.35720058320841552,1,3,"gurobi_cb_mip_objbnd_valid_native_bound"
29.01781187411499,22.86977077411499,"terminal_mip_bound_improvement","L2",0.35510793308666527,,0.35510793308666527,0.35720058320841552,1,3,"gurobi_cb_mip_objbnd_valid_native_bound"
29.01781187411499,22.86977077411499,"terminal_mip_bound_improvement","L2",0.35510999245735658,,0.35510999245735658,0.35720058320841552,1,3,"gurobi_cb_mip_objbnd_valid_native_bound"
29.02381191607666,22.87577081607666,"terminal_mip_bound_improvement","L2",0.35512485202333355,,0.35512485202333355,0.35720058320841552,1,3,"gurobi_cb_mip_objbnd_valid_native_bound"
29.025812009536743,22.877770909536743,"terminal_mip_bound_improvement","L2",0.35513317544422757,,0.35513317544422757,0.35720058320841552,1,3,"gurobi_cb_mip_objbnd_valid_native_bound"
29.025812009536743,22.877770909536743,"terminal_mip_bound_improvement","L2",0.35513700600574777,,0.35513700600574777,0.35720058320841552,1,3,"gurobi_cb_mip_objbnd_valid_native_bound"
29.028812030517578,22.880770930517578,"terminal_mip_bound_improvement","L2",0.35514037027253165,,0.35514037027253165,0.35720058320841552,1,3,"gurobi_cb_mip_objbnd_valid_native_bound"
29.02981195803833,22.88177085803833,"terminal_mip_bound_improvement","L2",0.35514691383221164,,0.35514691383221164,0.35720058320841552,1,3,"gurobi_cb_mip_objbnd_valid_native_bound"
29.037812093460083,22.889770993460083,"terminal_mip_bound_improvement","L2",0.35516375498825425,,0.35516375498825425,0.35720058320841552,1,3,"gurobi_cb_mip_objbnd_valid_native_bound"
29.040811876022339,22.892770776022338,"terminal_mip_bound_improvement","L2",0.35517020084989243,,0.35517020084989243,0.35720058320841552,1,3,"gurobi_cb_mip_objbnd_valid_native_bound"
29.040811876022339,22.892770776022338,"terminal_mip_bound_improvement","L2",0.35517590773152513,,0.35517590773152513,0.35720058320841552,1,3,"gurobi_cb_mip_objbnd_valid_native_bound"
29.044812062942505,22.896770962942504,"terminal_mip_bound_improvement","L2",0.35517848026313281,,0.35517848026313281,0.35720058320841552,1,3,"gurobi_cb_mip_objbnd_valid_native_bound"
29.04781208392334,22.899770983923339,"terminal_mip_bound_improvement","L2",0.35518838551775456,,0.35518838551775456,0.35720058320841552,1,3,"gurobi_cb_mip_objbnd_valid_native_bound"
29.049811938964844,22.901770838964843,"terminal_mip_bound_improvement","L2",0.35519078364052431,,0.35519078364052431,0.35720058320841552,1,3,"gurobi_cb_mip_objbnd_valid_native_bound"
29.051812032424927,22.903770932424926,"terminal_mip_bound_improvement","L2",0.35520246533906119,,0.35520246533906119,0.35720058320841552,1,3,"gurobi_cb_mip_objbnd_valid_native_bound"
29.052811959945679,22.904770859945678,"terminal_mip_bound_improvement","L2",0.35520249059178038,,0.35520249059178038,0.35720058320841552,1,3,"gurobi_cb_mip_objbnd_valid_native_bound"
29.054812053405762,22.906770953405761,"terminal_mip_bound_improvement","L2",0.35520939446236172,,0.35520939446236172,0.35720058320841552,1,3,"gurobi_cb_mip_objbnd_valid_native_bound"
29.057812074386597,22.909770974386596,"terminal_mip_bound_improvement","L2",0.35521884977151957,,0.35521884977151957,0.35720058320841552,1,3,"gurobi_cb_mip_objbnd_valid_native_bound"
29.057812074386597,22.909770974386596,"terminal_mip_bound_improvement","L2",0.35522801654396774,,0.35522801654396774,0.35720058320841552,1,3,"gurobi_cb_mip_objbnd_valid_native_bound"
29.060812095367432,22.912770995367431,"terminal_mip_bound_improvement","L2",0.35522927527527492,,0.35522927527527492,0.35720058320841552,1,3,"gurobi_cb_mip_objbnd_valid_native_bound"
29.062811950408936,22.914770850408935,"terminal_mip_bound_improvement","L2",0.35523426435044753,,0.35523426435044753,0.35720058320841552,1,3,"gurobi_cb_mip_objbnd_valid_native_bound"
29.066811898910522,22.918770798910522,"terminal_mip_bound_improvement","L2",0.35523885652789322,,0.35523885652789322,0.35720058320841552,1,3,"gurobi_cb_mip_objbnd_valid_native_bound"
29.068811992370605,22.920770892370605,"terminal_mip_bound_improvement","L2",0.35525006494222566,,0.35525006494222566,0.35720058320841552,1,3,"gurobi_cb_mip_objbnd_valid_native_bound"
29.074812034332275,22.926770934332275,"terminal_mip_bound_improvement","L2",0.35525501556374667,,0.35525501556374667,0.35720058320841552,1,3,"gurobi_cb_mip_objbnd_valid_native_bound"
29.075811961853027,22.927770861853027,"terminal_mip_bound_improvement","L2",0.35527818798376659,,0.35527818798376659,0.35720058320841552,1,3,"gurobi_cb_mip_objbnd_valid_native_bound"
29.079811910354614,22.931770810354614,"terminal_mip_bound_improvement","L2",0.3552862880323473,,0.3552862880323473,0.35720058320841552,1,3,"gurobi_cb_mip_objbnd_valid_native_bound"
29.079811910354614,22.931770810354614,"terminal_mip_bound_improvement","L2",0.35528853767396013,,0.35528853767396013,0.35720058320841552,1,3,"gurobi_cb_mip_objbnd_valid_native_bound"
29.084812024795532,22.936770924795532,"terminal_mip_bound_improvement","L2",0.35529692698673015,,0.35529692698673015,0.35720058320841552,1,3,"gurobi_cb_mip_objbnd_valid_native_bound"
29.088811973297119,22.940770873297119,"terminal_mip_bound_improvement","L2",0.35531230680546394,,0.35531230680546394,0.35720058320841552,1,3,"gurobi_cb_mip_objbnd_valid_native_bound"
29.095811942779541,22.947770842779541,"terminal_mip_bound_improvement","L2",0.35534013591058461,,0.35534013591058461,0.35720058320841552,1,3,"gurobi_cb_mip_objbnd_valid_native_bound"
29.097812036239624,22.949770936239624,"terminal_mip_bound_improvement","L2",0.35537960493438681,,0.35537960493438681,0.35720058320841552,1,3,"gurobi_cb_mip_objbnd_valid_native_bound"
29.099811891281128,22.951770791281128,"terminal_mip_bound_improvement","L2",0.35538360325830376,,0.35538360325830376,0.35720058320841552,1,3,"gurobi_cb_mip_objbnd_valid_native_bound"
29.100812057220459,22.952770957220459,"terminal_mip_bound_improvement","L2",0.35538835470073066,,0.35538835470073066,0.35720058320841552,1,3,"gurobi_cb_mip_objbnd_valid_native_bound"
29.101811984741211,22.953770884741211,"terminal_mip_bound_improvement","L2",0.35540155221191672,,0.35540155221191672,0.35720058320841552,1,3,"gurobi_cb_mip_objbnd_valid_native_bound"
29.102811912261963,22.954770812261962,"terminal_mip_bound_improvement","L2",0.35541601604289214,,0.35541601604289214,0.35720058320841552,1,3,"gurobi_cb_mip_objbnd_valid_native_bound"
29.10681186076355,22.958770760763549,"terminal_mip_bound_improvement","L2",0.35541643485786112,,0.35541643485786112,0.35720058320841552,1,3,"gurobi_cb_mip_objbnd_valid_native_bound"
29.10681186076355,22.958770760763549,"terminal_mip_bound_improvement","L2",0.35541963767766033,,0.35541963767766033,0.35720058320841552,1,3,"gurobi_cb_mip_objbnd_valid_native_bound"
29.111811975204468,22.963770875204467,"terminal_mip_bound_improvement","L2",0.35542521608698135,,0.35542521608698135,0.35720058320841552,1,3,"gurobi_cb_mip_objbnd_valid_native_bound"
29.11881194468689,22.970770844686889,"terminal_mip_bound_improvement","L2",0.35543634708511634,,0.35543634708511634,0.35720058320841552,1,3,"gurobi_cb_mip_objbnd_valid_native_bound"
29.128811935150146,22.980770835150146,"terminal_mip_bound_improvement","L2",0.3554490460524809,,0.3554490460524809,0.35720058320841552,1,3,"gurobi_cb_mip_objbnd_valid_native_bound"
29.138811925613403,22.990770825613403,"terminal_mip_bound_improvement","L2",0.35544912895908276,,0.35544912895908276,0.35720058320841552,1,3,"gurobi_cb_mip_objbnd_valid_native_bound"
29.145811895095825,22.997770795095825,"terminal_mip_bound_improvement","L2",0.35545742671118546,,0.35545742671118546,0.35720058320841552,1,3,"gurobi_cb_mip_objbnd_valid_native_bound"
29.147811988555908,22.999770888555908,"terminal_mip_bound_improvement","L2",0.35546443009856743,,0.35546443009856743,0.35720058320841552,1,3,"gurobi_cb_mip_objbnd_valid_native_bound"
29.151811937057495,23.003770837057495,"terminal_mip_bound_improvement","L2",0.35548386789552006,,0.35548386789552006,0.35720058320841552,1,3,"gurobi_cb_mip_objbnd_valid_native_bound"
29.152811864578247,23.004770764578247,"terminal_mip_bound_improvement","L2",0.35550829841229542,,0.35550829841229542,0.35720058320841552,1,3,"gurobi_cb_mip_objbnd_valid_native_bound"
29.157811979019165,23.009770879019165,"terminal_mip_bound_improvement","L2",0.3555208113057301,,0.3555208113057301,0.35720058320841552,1,3,"gurobi_cb_mip_objbnd_valid_native_bound"
29.158811906539917,23.010770806539917,"terminal_mip_bound_improvement","L2",0.35553639865186559,,0.35553639865186559,0.35720058320841552,1,3,"gurobi_cb_mip_objbnd_valid_native_bound"
29.164811948501587,23.016770848501586,"terminal_mip_bound_improvement","L2",0.35556260886025715,,0.35556260886025715,0.35720058320841552,1,3,"gurobi_cb_mip_objbnd_valid_native_bound"
29.16681204196167,23.01877094196167,"terminal_mip_bound_improvement","L2",0.35556720279721038,,0.35556720279721038,0.35720058320841552,1,3,"gurobi_cb_mip_objbnd_valid_native_bound"
29.169812062942505,23.021770962942504,"terminal_mip_bound_improvement","L2",0.35558279982437568,,0.35558279982437568,0.35720058320841552,1,3,"gurobi_cb_mip_objbnd_valid_native_bound"
29.170811990463257,23.022770890463256,"terminal_mip_bound_improvement","L2",0.35558889182654457,,0.35558889182654457,0.35720058320841552,1,3,"gurobi_cb_mip_objbnd_valid_native_bound"
29.173812011444092,23.025770911444091,"terminal_mip_bound_improvement","L2",0.355592041533346,,0.355592041533346,0.35720058320841552,1,3,"gurobi_cb_mip_objbnd_valid_native_bound"
29.175811866485596,23.027770766485595,"terminal_mip_bound_improvement","L2",0.35560563498310233,,0.35560563498310233,0.35720058320841552,1,3,"gurobi_cb_mip_objbnd_valid_native_bound"
29.179812053405762,23.031770953405761,"terminal_mip_bound_improvement","L2",0.35561284351568956,,0.35561284351568956,0.35720058320841552,1,3,"gurobi_cb_mip_objbnd_valid_native_bound"
29.182812074386597,23.034770974386596,"terminal_mip_bound_improvement","L2",0.35561955013060553,,0.35561955013060553,0.35720058320841552,1,3,"gurobi_cb_mip_objbnd_valid_native_bound"
29.187811950408936,23.039770850408935,"terminal_mip_bound_improvement","L2",0.35562173587165186,,0.35562173587165186,0.35720058320841552,1,3,"gurobi_cb_mip_objbnd_valid_native_bound"
29.188811877929687,23.040770777929687,"terminal_mip_bound_improvement","L2",0.35562993827159511,,0.35562993827159511,0.35720058320841552,1,3,"gurobi_cb_mip_objbnd_valid_native_bound"
29.19081197138977,23.04277087138977,"terminal_mip_bound_improvement","L2",0.35563675527611444,,0.35563675527611444,0.35720058320841552,1,3,"gurobi_cb_mip_objbnd_valid_native_bound"
29.192812064849853,23.044770964849853,"terminal_mip_bound_improvement","L2",0.35563975075601006,,0.35563975075601006,0.35720058320841552,1,3,"gurobi_cb_mip_objbnd_valid_native_bound"
29.193811992370605,23.045770892370605,"terminal_mip_bound_improvement","L2",0.35564286266079875,,0.35564286266079875,0.35720058320841552,1,3,"gurobi_cb_mip_objbnd_valid_native_bound"
29.194811919891357,23.046770819891357,"terminal_mip_bound_improvement","L2",0.35564698356184027,,0.35564698356184027,0.35720058320841552,1,3,"gurobi_cb_mip_objbnd_valid_native_bound"
29.201811889373779,23.053770789373779,"terminal_mip_bound_improvement","L2",0.35567119501348599,,0.35567119501348599,0.35720058320841552,1,3,"gurobi_cb_mip_objbnd_valid_native_bound"
29.201811889373779,23.053770789373779,"terminal_mip_bound_improvement","L2",0.35570532895336743,,0.35570532895336743,0.35720058320841552,1,3,"gurobi_cb_mip_objbnd_valid_native_bound"
29.205812076293945,23.057770976293945,"terminal_mip_bound_improvement","L2",0.35570918800854689,,0.35570918800854689,0.35720058320841552,1,3,"gurobi_cb_mip_objbnd_valid_native_bound"
29.206812003814697,23.058770903814697,"terminal_mip_bound_improvement","L2",0.35573541488414423,,0.35573541488414423,0.35720058320841552,1,3,"gurobi_cb_mip_objbnd_valid_native_bound"
29.207811931335449,23.059770831335449,"terminal_mip_bound_improvement","L2",0.35574162813126359,,0.35574162813126359,0.35720058320841552,1,3,"gurobi_cb_mip_objbnd_valid_native_bound"
29.211811879837036,23.063770779837036,"terminal_mip_bound_improvement","L2",0.35574265958324536,,0.35574265958324536,0.35720058320841552,1,3,"gurobi_cb_mip_objbnd_valid_native_bound"
29.211811879837036,23.063770779837036,"terminal_mip_bound_improvement","L2",0.35576830458415515,,0.35576830458415515,0.35720058320841552,1,3,"gurobi_cb_mip_objbnd_valid_native_bound"
29.213811973297119,23.065770873297119,"terminal_mip_bound_improvement","L2",0.3557718285210909,,0.3557718285210909,0.35720058320841552,1,3,"gurobi_cb_mip_objbnd_valid_native_bound"
29.215812066757202,23.067770966757202,"terminal_mip_bound_improvement","L2",0.35577424851385292,,0.35577424851385292,0.35720058320841552,1,3,"gurobi_cb_mip_objbnd_valid_native_bound"
29.217811921798706,23.069770821798706,"terminal_mip_bound_improvement","L2",0.35577864200082371,,0.35577864200082371,0.35720058320841552,1,3,"gurobi_cb_mip_objbnd_valid_native_bound"
29.219812015258789,23.071770915258789,"terminal_mip_bound_improvement","L2",0.35578603228445932,,0.35578603228445932,0.35720058320841552,1,3,"gurobi_cb_mip_objbnd_valid_native_bound"
29.220811942779541,23.072770842779541,"terminal_mip_bound_improvement","L2",0.35580106735600603,,0.35580106735600603,0.35720058320841552,1,3,"gurobi_cb_mip_objbnd_valid_native_bound"
29.224811891281128,23.076770791281128,"terminal_mip_bound_improvement","L2",0.35580650502597544,,0.35580650502597544,0.35720058320841552,1,3,"gurobi_cb_mip_objbnd_valid_native_bound"
29.226811984741211,23.078770884741211,"terminal_mip_bound_improvement","L2",0.35581988994164665,,0.35581988994164665,0.35720058320841552,1,3,"gurobi_cb_mip_objbnd_valid_native_bound"
29.228812078201294,23.080770978201294,"terminal_mip_bound_improvement","L2",0.35582951435441901,,0.35582951435441901,0.35720058320841552,1,3,"gurobi_cb_mip_objbnd_valid_native_bound"
29.230811933242798,23.082770833242797,"terminal_mip_bound_improvement","L2",0.35583927328082998,,0.35583927328082998,0.35720058320841552,1,3,"gurobi_cb_mip_objbnd_valid_native_bound"
29.23181186076355,23.083770760763549,"terminal_mip_bound_improvement","L2",0.35585920181895053,,0.35585920181895053,0.35720058320841552,1,3,"gurobi_cb_mip_objbnd_valid_native_bound"
29.234811881744385,23.086770781744384,"terminal_mip_bound_improvement","L2",0.35586431280855685,,0.35586431280855685,0.35720058320841552,1,3,"gurobi_cb_mip_objbnd_valid_native_bound"
29.236811975204468,23.088770875204467,"terminal_mip_bound_improvement","L2",0.35586487593037508,,0.35586487593037508,0.35720058320841552,1,3,"gurobi_cb_mip_objbnd_valid_native_bound"
29.239811996185303,23.091770896185302,"terminal_mip_bound_improvement","L2",0.35587331355473834,,0.35587331355473834,0.35720058320841552,1,3,"gurobi_cb_mip_objbnd_valid_native_bound"
29.242812017166138,23.094770917166137,"terminal_mip_bound_improvement","L2",0.35588048076890921,,0.35588048076890921,0.35720058320841552,1,3,"gurobi_cb_mip_objbnd_valid_native_bound"
29.24381194468689,23.095770844686889,"terminal_mip_bound_improvement","L2",0.35592018904102524,,0.35592018904102524,0.35720058320841552,1,3,"gurobi_cb_mip_objbnd_valid_native_bound"
29.247811893188477,23.099770793188476,"terminal_mip_bound_improvement","L2",0.3559441999418741,,0.3559441999418741,0.35720058320841552,1,3,"gurobi_cb_mip_objbnd_valid_native_bound"
29.24981198664856,23.101770886648559,"terminal_mip_bound_improvement","L2",0.35595267657285035,,0.35595267657285035,0.35720058320841552,1,3,"gurobi_cb_mip_objbnd_valid_native_bound"
29.24981198664856,23.101770886648559,"terminal_mip_bound_improvement","L2",0.35596536699621761,,0.35596536699621761,0.35720058320841552,1,3,"gurobi_cb_mip_objbnd_valid_native_bound"
29.250811914169311,23.102770814169311,"terminal_mip_bound_improvement","L2",0.35598455423331016,,0.35598455423331016,0.35720058320841552,1,3,"gurobi_cb_mip_objbnd_valid_native_bound"
29.252812007629394,23.104770907629394,"terminal_mip_bound_improvement","L2",0.35599132216065243,,0.35599132216065243,0.35720058320841552,1,3,"gurobi_cb_mip_objbnd_valid_native_bound"
29.255812028610229,23.107770928610229,"terminal_mip_bound_improvement","L2",0.35600697411808008,,0.35600697411808008,0.35720058320841552,1,3,"gurobi_cb_mip_objbnd_valid_native_bound"
29.256811956130981,23.108770856130981,"terminal_mip_bound_improvement","L2",0.35604033744427865,,0.35604033744427865,0.35720058320841552,1,3,"gurobi_cb_mip_objbnd_valid_native_bound"
29.258812049591064,23.110770949591064,"terminal_mip_bound_improvement","L2",0.35606162671348218,,0.35606162671348218,0.35720058320841552,1,3,"gurobi_cb_mip_objbnd_valid_native_bound"
29.261812070571899,23.113770970571899,"terminal_mip_bound_improvement","L2",0.35606565475292823,,0.35606565475292823,0.35720058320841552,1,3,"gurobi_cb_mip_objbnd_valid_native_bound"
29.263811925613403,23.115770825613403,"terminal_mip_bound_improvement","L2",0.35606591964868617,,0.35606591964868617,0.35720058320841552,1,3,"gurobi_cb_mip_objbnd_valid_native_bound"
29.263811925613403,23.115770825613403,"terminal_mip_bound_improvement","L2",0.35608075770868608,,0.35608075770868608,0.35720058320841552,1,3,"gurobi_cb_mip_objbnd_valid_native_bound"
29.265812019073486,23.117770919073486,"terminal_mip_bound_improvement","L2",0.35608121320471808,,0.35608121320471808,0.35720058320841552,1,3,"gurobi_cb_mip_objbnd_valid_native_bound"
29.266811946594238,23.118770846594238,"terminal_mip_bound_improvement","L2",0.35610586796546201,,0.35610586796546201,0.35720058320841552,1,3,"gurobi_cb_mip_objbnd_valid_native_bound"
29.26781187411499,23.11977077411499,"terminal_mip_bound_improvement","L2",0.35611775488162495,,0.35611775488162495,0.35720058320841552,1,3,"gurobi_cb_mip_objbnd_valid_native_bound"
29.269811967575073,23.121770867575073,"terminal_mip_bound_improvement","L2",0.3561296482875535,,0.3561296482875535,0.35720058320841552,1,3,"gurobi_cb_mip_objbnd_valid_native_bound"
29.270811895095825,23.122770795095825,"terminal_mip_bound_improvement","L2",0.35615087677098334,,0.35615087677098334,0.35720058320841552,1,3,"gurobi_cb_mip_objbnd_valid_native_bound"
29.271812061035156,23.123770961035156,"terminal_mip_bound_improvement","L2",0.35615114539047887,,0.35615114539047887,0.35720058320841552,1,3,"gurobi_cb_mip_objbnd_valid_native_bound"
29.27381191607666,23.12577081607666,"terminal_mip_bound_improvement","L2",0.356162323886767,,0.356162323886767,0.35720058320841552,1,3,"gurobi_cb_mip_objbnd_valid_native_bound"
29.274812082015991,23.126770982015991,"terminal_mip_bound_improvement","L2",0.35616568764196005,,0.35616568764196005,0.35720058320841552,1,3,"gurobi_cb_mip_objbnd_valid_native_bound"
29.278812030517578,23.130770930517578,"terminal_mip_bound_improvement","L2",0.35616811881982574,,0.35616811881982574,0.35720058320841552,1,3,"gurobi_cb_mip_objbnd_valid_native_bound"
29.280811885559082,23.132770785559082,"terminal_mip_bound_improvement","L2",0.35617152174364924,,0.35617152174364924,0.35720058320841552,1,3,"gurobi_cb_mip_objbnd_valid_native_bound"
29.282811979019165,23.134770879019165,"terminal_mip_bound_improvement","L2",0.35622425907453015,,0.35622425907453015,0.35720058320841552,1,3,"gurobi_cb_mip_objbnd_valid_native_bound"
29.283811906539917,23.135770806539917,"terminal_mip_bound_improvement","L2",0.35623837104226075,,0.35623837104226075,0.35720058320841552,1,3,"gurobi_cb_mip_objbnd_valid_native_bound"
29.285812,23.1377709,"terminal_mip_bound_improvement","L2",0.35624104879119661,,0.35624104879119661,0.35720058320841552,1,3,"gurobi_cb_mip_objbnd_valid_native_bound"
29.287812093460083,23.139770993460083,"terminal_mip_bound_improvement","L2",0.35626115496612337,,0.35626115496612337,0.35720058320841552,1,3,"gurobi_cb_mip_objbnd_valid_native_bound"
29.288812020980835,23.140770920980835,"terminal_mip_bound_improvement","L2",0.35629690343539971,,0.35629690343539971,0.35720058320841552,1,3,"gurobi_cb_mip_objbnd_valid_native_bound"
29.292811969482422,23.144770869482421,"terminal_mip_bound_improvement","L2",0.35630439295866367,,0.35630439295866367,0.35720058320841552,1,3,"gurobi_cb_mip_objbnd_valid_native_bound"
29.294812062942505,23.146770962942504,"terminal_mip_bound_improvement","L2",0.35630824360031027,,0.35630824360031027,0.35720058320841552,1,3,"gurobi_cb_mip_objbnd_valid_native_bound"
29.295811990463257,23.147770890463256,"terminal_mip_bound_improvement","L2",0.35632010329036873,,0.35632010329036873,0.35720058320841552,1,3,"gurobi_cb_mip_objbnd_valid_native_bound"
29.301812032424927,23.153770932424926,"terminal_mip_bound_improvement","L2",0.35633288288817477,,0.35633288288817477,0.35720058320841552,1,3,"gurobi_cb_mip_objbnd_valid_native_bound"
29.301812032424927,23.153770932424926,"terminal_mip_bound_improvement","L2",0.35634664266205296,,0.35634664266205296,0.35720058320841552,1,3,"gurobi_cb_mip_objbnd_valid_native_bound"
29.305811980926514,23.157770880926513,"terminal_mip_bound_improvement","L2",0.3563480188680439,,0.3563480188680439,0.35720058320841552,1,3,"gurobi_cb_mip_objbnd_valid_native_bound"
29.306811908447266,23.158770808447265,"terminal_mip_bound_improvement","L2",0.35635003719367592,,0.35635003719367592,0.35720058320841552,1,3,"gurobi_cb_mip_objbnd_valid_native_bound"
29.308812001907349,23.160770901907348,"terminal_mip_bound_improvement","L2",0.35637263287621351,,0.35637263287621351,0.35720058320841552,1,3,"gurobi_cb_mip_objbnd_valid_native_bound"
29.311812022888184,23.163770922888183,"terminal_mip_bound_improvement","L2",0.35639165179016352,,0.35639165179016352,0.35720058320841552,1,3,"gurobi_cb_mip_objbnd_valid_native_bound"
29.313811877929687,23.165770777929687,"terminal_mip_bound_improvement","L2",0.35640643585674703,,0.35640643585674703,0.35720058320841552,1,3,"gurobi_cb_mip_objbnd_valid_native_bound"
29.314812043869019,23.166770943869018,"terminal_mip_bound_improvement","L2",0.35642064836650722,,0.35642064836650722,0.35720058320841552,1,3,"gurobi_cb_mip_objbnd_valid_native_bound"
29.31581197138977,23.16777087138977,"terminal_mip_bound_improvement","L2",0.35642609286390503,,0.35642609286390503,0.35720058320841552,1,3,"gurobi_cb_mip_objbnd_valid_native_bound"
29.316811898910522,23.168770798910522,"terminal_mip_bound_improvement","L2",0.35642895350019216,,0.35642895350019216,0.35720058320841552,1,3,"gurobi_cb_mip_objbnd_valid_native_bound"
29.320812085830688,23.172770985830688,"terminal_mip_bound_improvement","L2",0.35643147930111546,,0.35643147930111546,0.35720058320841552,1,3,"gurobi_cb_mip_objbnd_valid_native_bound"
29.32181201335144,23.17377091335144,"terminal_mip_bound_improvement","L2",0.35644087410187419,,0.35644087410187419,0.35720058320841552,1,3,"gurobi_cb_mip_objbnd_valid_native_bound"
29.324812034332275,23.176770934332275,"terminal_mip_bound_improvement","L2",0.35644770751613353,,0.35644770751613353,0.35720058320841552,1,3,"gurobi_cb_mip_objbnd_valid_native_bound"
29.326811889373779,23.178770789373779,"terminal_mip_bound_improvement","L2",0.35646916727376188,,0.35646916727376188,0.35720058320841552,1,3,"gurobi_cb_mip_objbnd_valid_native_bound"
29.32781205531311,23.17977095531311,"terminal_mip_bound_improvement","L2",0.35651600867676631,,0.35651600867676631,0.35720058320841552,1,3,"gurobi_cb_mip_objbnd_valid_native_bound"
29.328811982833862,23.180770882833862,"terminal_mip_bound_improvement","L2",0.35654449696508178,,0.35654449696508178,0.35720058320841552,1,3,"gurobi_cb_mip_objbnd_valid_native_bound"
29.329811910354614,23.181770810354614,"terminal_mip_bound_improvement","L2",0.35656413283378297,,0.35656413283378297,0.35720058320841552,1,3,"gurobi_cb_mip_objbnd_valid_native_bound"
29.331812003814697,23.183770903814697,"terminal_mip_bound_improvement","L2",0.35657014175885893,,0.35657014175885893,0.35720058320841552,1,3,"gurobi_cb_mip_objbnd_valid_native_bound"
29.332811931335449,23.184770831335449,"terminal_mip_bound_improvement","L2",0.35657269667813957,,0.35657269667813957,0.35720058320841552,1,3,"gurobi_cb_mip_objbnd_valid_native_bound"
29.335811952316284,23.187770852316284,"terminal_mip_bound_improvement","L2",0.35660870206057221,,0.35660870206057221,0.35720058320841552,1,3,"gurobi_cb_mip_objbnd_valid_native_bound"
29.336811879837036,23.188770779837036,"terminal_mip_bound_improvement","L2",0.35661394777833061,,0.35661394777833061,0.35720058320841552,1,3,"gurobi_cb_mip_objbnd_valid_native_bound"
29.339811900817871,23.191770800817871,"terminal_mip_bound_improvement","L2",0.35661584746335312,,0.35661584746335312,0.35720058320841552,1,3,"gurobi_cb_mip_objbnd_valid_native_bound"
29.341811994277954,23.193770894277954,"terminal_mip_bound_improvement","L2",0.3566226593616032,,0.3566226593616032,0.35720058320841552,1,3,"gurobi_cb_mip_objbnd_valid_native_bound"
29.342811921798706,23.194770821798706,"terminal_mip_bound_improvement","L2",0.35663749805526535,,0.35663749805526535,0.35720058320841552,1,3,"gurobi_cb_mip_objbnd_valid_native_bound"
29.343812087738037,23.195770987738037,"terminal_mip_bound_improvement","L2",0.35667383017207183,,0.35667383017207183,0.35720058320841552,1,3,"gurobi_cb_mip_objbnd_valid_native_bound"
29.344812015258789,23.196770915258789,"terminal_mip_bound_improvement","L2",0.35668392686273759,,0.35668392686273759,0.35720058320841552,1,3,"gurobi_cb_mip_objbnd_valid_native_bound"
29.345811942779541,23.197770842779541,"terminal_mip_bound_improvement","L2",0.35670677523502126,,0.35670677523502126,0.35720058320841552,1,3,"gurobi_cb_mip_objbnd_valid_native_bound"
29.346811870300293,23.198770770300293,"terminal_mip_bound_improvement","L2",0.35671748454769975,,0.35671748454769975,0.35720058320841552,1,3,"gurobi_cb_mip_objbnd_valid_native_bound"
29.347812036239624,23.199770936239624,"terminal_mip_bound_improvement","L2",0.35673019491897484,,0.35673019491897484,0.35720058320841552,1,3,"gurobi_cb_mip_objbnd_valid_native_bound"
29.349811891281128,23.201770791281128,"terminal_mip_bound_improvement","L2",0.35674989097223725,,0.35674989097223725,0.35720058320841552,1,3,"gurobi_cb_mip_objbnd_valid_native_bound"
29.350812057220459,23.202770957220459,"terminal_mip_bound_improvement","L2",0.35676937907363876,,0.35676937907363876,0.35720058320841552,1,3,"gurobi_cb_mip_objbnd_valid_native_bound"
29.352811912261963,23.204770812261962,"terminal_mip_bound_improvement","L2",0.35678947954071338,,0.35678947954071338,0.35720058320841552,1,3,"gurobi_cb_mip_objbnd_valid_native_bound"
29.353812078201294,23.205770978201294,"terminal_mip_bound_improvement","L2",0.35679619047189864,,0.35679619047189864,0.35720058320841552,1,3,"gurobi_cb_mip_objbnd_valid_native_bound"
29.355811933242798,23.207770833242797,"terminal_mip_bound_improvement","L2",0.35681464283935643,,0.35681464283935643,0.35720058320841552,1,3,"gurobi_cb_mip_objbnd_valid_native_bound"
29.35681186076355,23.208770760763549,"terminal_mip_bound_improvement","L2",0.35682589841863999,,0.35682589841863999,0.35720058320841552,1,3,"gurobi_cb_mip_objbnd_valid_native_bound"
29.357812026702881,23.20977092670288,"terminal_mip_bound_improvement","L2",0.35684689163815236,,0.35684689163815236,0.35720058320841552,1,3,"gurobi_cb_mip_objbnd_valid_native_bound"
29.360812047683716,23.212770947683715,"terminal_mip_bound_improvement","L2",0.35687282179859792,,0.35687282179859792,0.35720058320841552,1,3,"gurobi_cb_mip_objbnd_valid_native_bound"
29.361811975204468,23.213770875204467,"terminal_mip_bound_improvement","L2",0.35687293735369519,,0.35687293735369519,0.35720058320841552,1,3,"gurobi_cb_mip_objbnd_valid_native_bound"
29.36281190272522,23.214770802725219,"terminal_mip_bound_improvement","L2",0.35687485034976107,,0.35687485034976107,0.35720058320841552,1,3,"gurobi_cb_mip_objbnd_valid_native_bound"
29.364811996185303,23.216770896185302,"terminal_mip_bound_improvement","L2",0.35688014622676301,,0.35688014622676301,0.35720058320841552,1,3,"gurobi_cb_mip_objbnd_valid_native_bound"
29.365811923706055,23.217770823706054,"terminal_mip_bound_improvement","L2",0.35691976030738132,,0.35691976030738132,0.35720058320841552,1,3,"gurobi_cb_mip_objbnd_valid_native_bound"
29.366812089645386,23.218770989645385,"terminal_mip_bound_improvement","L2",0.35695302756054809,,0.35695302756054809,0.35720058320841552,1,3,"gurobi_cb_mip_objbnd_valid_native_bound"
29.36881194468689,23.220770844686889,"terminal_mip_bound_improvement","L2",0.35698661670480047,,0.35698661670480047,0.35720058320841552,1,3,"gurobi_cb_mip_objbnd_valid_native_bound"
29.369811872207642,23.221770772207641,"terminal_mip_bound_improvement","L2",0.35699179796738179,,0.35699179796738179,0.35720058320841552,1,3,"gurobi_cb_mip_objbnd_valid_native_bound"
29.371811965667725,23.223770865667724,"terminal_mip_bound_improvement","L2",0.35699889914186206,,0.35699889914186206,0.35720058320841552,1,3,"gurobi_cb_mip_objbnd_valid_native_bound"
29.371811965667725,23.223770865667724,"terminal_mip_bound_improvement","L2",0.35701718411062966,,0.35701718411062966,0.35720058320841552,1,3,"gurobi_cb_mip_objbnd_valid_native_bound"
29.372811893188477,23.224770793188476,"terminal_mip_bound_improvement","L2",0.35702819039976552,,0.35702819039976552,0.35720058320841552,1,3,"gurobi_cb_mip_objbnd_valid_native_bound"
29.373812059127808,23.225770959127807,"terminal_mip_bound_improvement","L2",0.35705451104438463,,0.35705451104438463,0.35720058320841552,1,3,"gurobi_cb_mip_objbnd_valid_native_bound"
29.37481198664856,23.226770886648559,"terminal_mip_bound_improvement","L2",0.35706725241579257,,0.35706725241579257,0.35720058320841552,1,3,"gurobi_cb_mip_objbnd_valid_native_bound"
29.376812080108643,23.228770980108642,"terminal_mip_bound_improvement","L2",0.35709484506367922,,0.35709484506367922,0.35720058320841552,1,3,"gurobi_cb_mip_objbnd_valid_native_bound"
29.377812007629394,23.229770907629394,"terminal_mip_bound_improvement","L2",0.35710598467400628,,0.35710598467400628,0.35720058320841552,1,3,"gurobi_cb_mip_objbnd_valid_native_bound"
29.378811935150146,23.230770835150146,"terminal_mip_bound_improvement","L2",0.35711700737757546,,0.35711700737757546,0.35720058320841552,1,3,"gurobi_cb_mip_objbnd_valid_native_bound"
29.379811862670898,23.231770762670898,"terminal_mip_bound_improvement","L2",0.35715350818051295,,0.35715350818051295,0.35720058320841552,1,3,"gurobi_cb_mip_objbnd_valid_native_bound"
29.380812028610229,23.232770928610229,"terminal_mip_bound_improvement","L2",0.3571566921551943,,0.3571566921551943,0.35720058320841552,1,3,"gurobi_cb_mip_objbnd_valid_native_bound"
29.395807699999999,23.247766299999999,"terminal_mip_closure","L2",,0.35720058320841452,0.35720058320841452,0.35720058320841552,0,4,"native_terminal_mip_optimal"
29.395990300000001,23.2479491,"finalization","",0.35720058320841452,,0.35720058320841452,0.35720058320841552,0,4,"completed_exact_tree_final_bound"
