elapsed_time,native_global_LB,native_incumbent,verified_cutoff,native_gap,node_count,open_nodes,simplex_iterations,event_source
0.0133419,0,9.9999999999999993e+74,1.7493134520506337,9.9999999999999993e+74,0,1,0,global_progress
0.013550899999999999,0,9.9999999999999993e+74,1.7493134520506337,9.9999999999999993e+74,0,1,0,global_progress
3.1558293000000002,1.3860197691885767,9.9999999999999993e+74,1.7493134520506337,9.9999999999999993e+74,0,1,5730,global_progress
279.9979429,1.6064185203164048,9.9999999999999993e+74,1.7493134520506337,9.9999999999999993e+74,3451,2152,981294,global_progress
279.99829460000001,1.6064185203164048,0,1.7493134520506337,0,3451,2152,981294,solver_final
